card_id,report_date,report_file,strategy,family,direction,entry_mode,entry_mode_text,anchor_broker,entry,stop,tp1,tp2,tp3,card_R_points,be_rule,runner_rule,management_text,suppressed,source,slice_file,last_bar_broker
2026-05-11_Trade_1,2026-05-11,SP500_Report_11May2026__2_.md,Trade 1 - Daily Directional,Trade 1,LONG,MARKET,"MARKET at 09:00 broker (07:00 UK daily-open anchor) at D-1 reference close 7401.10 (full-day settled close of 2026-05-08, prev_close_full); gap to reference 0.00",09:00,7401.1,7354.21,7447.99,7494.88,7612.19,46.89,BE_0.2R_ON_TP2,SESSION_CLOSE_TIMESTOP,"3 equal units. Unit 1 exits at TP1 (+1R); Unit 2 exits at TP2 (+2R); on TP2 fill Unit 3 stop moves to entry + 0.2R = 7410.48. Unit 3 runner is time-stopped at the 2026-05-11 cash session close (23:00 broker) or price-stopped at 3 x ATR14 from entry (7612.19), whichever comes first. Thesis invalidation: daily close below 7325.60 (2026-05-07 cash-session low, 20:15 broker) - stop ahead of invalidation. R = 46.89 pts = 0.67 x ATR14 (cash, 70.36): no wide-stop flag; 2R = 93.78 < 3 x ATR so no TP2-ambitious flag.",False,regen_sp500_regen2_draw3,data/slices/US500/US500_upto_2026-05-10.csv,2026-05-08 23:45:00
2026-05-11_Trade_2,2026-05-11,SP500_Report_11May2026__2_.md,Trade 2 - Pivot TREND_UP breakout-pullback (P+10% of P-R1),Trade 2,LONG,LIMIT,"BUY LIMIT at 7395.45 (= P + 0.10 x (R1 - P), daily cash pivots from the 2026-05-08 cash session, CORROBORATED - computed from the execution broker series). Reference close 7401.10; entry is 5.65 below it (order side OK). Armed from 09:00 broker; valid for the 2026-05-11 session.",09:00,7395.45,7361.51,7414.8,7421.9,7429.0,33.94,BE_0.2R_ON_TP2,TRACE,"3 equal units. Unit 1 exits at daily R1 7414.8; Unit 2 at R1.5 7421.9; Unit 3 runner at R2 7429.0. On TP2 fill Unit 3 stop moves to entry + 0.2R = 7402.24. Thesis invalidation: daily close back below daily P 7393.30 (separate from the stop at 7361.51). Branch: TREND (TREND_UP). R = 33.94 = 0.48 x ATR14 (cash 70.36), no wide-stop flag.",False,regen_sp500_regen2_draw3,data/slices/US500/US500_upto_2026-05-10.csv,2026-05-08 23:45:00
2026-05-11_Trade_3A,2026-05-11,SP500_Report_11May2026__2_.md,"Trade 3A - Momentum-Pullback (57.5% fib, TREND_UP)",Trade 3A,LONG,LIMIT,BUY LIMIT at 7275.25 (57.5% retracement of 7177.50 -> 7407.50). Reference close 7401.10; entry is 125.85 below it (order side OK). Armed from 09:00 broker; valid for the 2026-05-11 session.,09:00,7275.25,7159.91,7319.64,7407.5,7495.36,115.34,BE_0.2R_ON_TP2,TRACE,"3 equal units. Unit 1 exits at TP1 = 38.2% retracement 7319.64; Unit 2 at TP2 = swing high 7407.5. On TP2 fill Unit 3 stop moves to entry + 0.2R = 7298.32. Runner TP3 = 138.2% extension 7495.36; if price prints above the 100% extension, Unit 3 stop moves to halfway between entry and TP2 = 7341.375. Thesis invalidation: daily close below the swing-low anchor 7177.50 (separate from the stop at 7159.91). Wide-stop flag: R = 115.34 pts = 1.64 x ATR14 (cash 70.36) > 1.00.",False,regen_sp500_regen2_draw3,data/slices/US500/US500_upto_2026-05-10.csv,2026-05-08 23:45:00
2026-05-12_Trade_1,2026-05-12,SP500_Report_12May2026.md,Trade 1 - Daily Directional,Trade 1,LONG,MARKET,"Market buy at daily-open anchor 09:00 broker (07:00 UK) at D-1 reference close (prev_close_full 7416.2, 2026-05-11); gap to reference 0.0",09:00,7416.2,7378.9,7453.5,7490.8,7617.9,37.3,BE_0.2R_ON_TP2,SESSION_CLOSE_TIMESTOP,"3 equal units. Unit 1 exits at TP1 (+1R), Unit 2 at TP2 (+2R). On TP2 fill Unit 3 stop moves to entry +0.2R = 7423.7. Unit 3 runner exits at D session close or at 3xATR14 from entry (7617.9), whichever first. Thesis invalidation: daily close below weekly cash P 7328.5. Caveats: 09:00 broker fill is pre-cash-open (proxy open, not the cash close); 12-May US April CPI 08:30 ET = 15:30 broker falls inside the holding period.",False,regen_sp500_regen2_draw3,data/slices/US500/US500_upto_2026-05-11.csv,2026-05-11 23:45:00
2026-05-12_Trade_2,2026-05-12,SP500_Report_12May2026.md,Trade 2 - Pivot (TREND_UP breakout branch),Trade 2,LONG,STOP,SUPPRESSED - R floor failed: honest TREND_UP construction gives R 18.1 < 0.3xATR14 (20.2),09:00,,,,,,,NONE,TRACE,SUPPRESSED: R floor (0.3xATR14 = 20.17) not met by M5 5.2b geometry on the fixed cash basis.,True,regen_sp500_regen2_draw3,data/slices/US500/US500_upto_2026-05-11.csv,2026-05-11 23:45:00
2026-05-12_Trade_3A,2026-05-12,SP500_Report_12May2026.md,Trade 3A - Momentum-Pullback (57.5% fib),Trade 3A,LONG,LIMIT,Buy limit at 57.5% retrace of cash swing 7242.9->7435.0; sits 91.7 below D-1 reference close 7416.2,09:00,7324.5,7226.1,7361.6,7435.0,7627.1,98.4,BE_0.2R_ON_TP2,TRACE,"3 equal units. Unit 1 exits at TP1 (38.2% retrace 7361.6), Unit 2 at TP2 (0% = swing high 7435.0). On TP2 fill Unit 3 stop moves to entry +0.2R = 7344.2. Unit 3 runner targets 100% extension 7627.1; if price prints above it, Unit 3 stop moves to midpoint of entry and 0% anchor = 7379.8. Thesis invalidation: daily close below swing low 7242.9. Wide-stop flag (R = 1.46 x ATR14). Caveat: 12-May US April CPI 08:30 ET = 15:30 broker falls inside the holding period.",False,regen_sp500_regen2_draw3,data/slices/US500/US500_upto_2026-05-11.csv,2026-05-11 23:45:00
2026-05-13_Trade_1,2026-05-13,SP500_Daily_Report_13May2026.md,"Trade 1 - Daily Directional (LONG, market at anchor)",Trade 1,LONG,MARKET,"MARKET buy at the D-1 reference close 7402.0 (full-day settled close of 2026-05-12, prev_close_full); signed gap to reference close 0.0",09:00,7402.0,7328.46,7475.54,7549.08,7604.05,73.54,BE_0.2R_ON_TP2,SESSION_CLOSE_TIMESTOP,"3 equal units. Unit 1 exits at TP1 (+1R, 7475.54). Unit 2 exits at TP2 (+2R, 7549.08); on the TP2 fill Unit 3 stop moves to entry + 0.2R = 7416.71. Unit 3 runner is time-stopped at session close or price-stopped at 3 x ATR14 (cash, 67.35) = 7604.05 from entry, whichever first. Thesis invalidation: daily close below 7306.9 (06 May cash low / 5-day swing low), 21.6 pts beyond the stop (stop ahead of invalidation). Wide-stop flag: R = 1.09 x ATR14 (cash 67.35). TP2 not ambitious (2R = 147.1 < 3 x ATR = 202.1).",False,regen_sp500_regen2_draw3,data/slices/US500/US500_upto_2026-05-12.csv,2026-05-12 23:45:00
2026-05-13_Trade_2,2026-05-13,SP500_Daily_Report_13May2026.md,"Trade 2 - Pivot (TRANSITION branch, breakout side long, buy limit)",Trade 2,LONG,LIMIT,"BUY LIMIT at 7394.69 = daily cash P + 0.10 x (R1 - P); reference close 7402.0 (2026-05-12 full-day settled close), signed gap -7.31 (limit below close, correct side)",09:00,7394.69,7369.96,7435.1,7447.75,7460.4,24.73,BE_0.2R_ON_TP2,TRACE,"3 equal units. Unit 1 exits at daily R1 7435.10; Unit 2 exits at daily R1.5 7447.75; Unit 3 runner targets daily R2 7460.40. On the Unit 2 fill, Unit 3 stop moves to entry + 0.2R = 7399.64. Thesis invalidation: daily close back through daily P 7390.20 (a named level, close-through condition; it sits 20.2 pts above the stop). R = 0.37 x ATR14_cash (67.35) / 0.32 x full-day ATR (76.55).",False,regen_sp500_regen2_draw3,data/slices/US500/US500_upto_2026-05-12.csv,2026-05-12 23:45:00
2026-05-13_Trade_3C,2026-05-13,SP500_Daily_Report_13May2026.md,Trade 3C - Momentum-Breakout (SUPPRESSED: no confirmed break),Trade 3C,LONG,CONDITIONAL,SUPPRESSED - no confirmed break per M5 4d: D-1 cash close 7409.8 is below the 25-day high 7435.0 + 0.25 x ATR14_cash 67.35 = 7451.84 (a confirming daily close is required),09:00,,,,,,,NONE,TRACE,"SUPPRESSED - no confirmed break per 4d in TRANSITION regime; no entry, stop or ladder.",True,regen_sp500_regen2_draw3,data/slices/US500/US500_upto_2026-05-12.csv,2026-05-12 23:45:00
2026-05-14_Trade_1,2026-05-14,SP500_Report_14May2026.md,Trade 1 - Daily Directional (market long at 09:00 broker anchor),Trade 1,LONG,MARKET,"Market buy at 09:00 broker (07:00 UK) at the D-1 reference close prev_close_full 7458.5 (13 May, 23:45 broker bar)",09:00,7458.5,7416.46,7500.54,7542.58,,42.04,BE_0.2R_ON_TP2,SESSION_CLOSE_TIMESTOP,"3 equal units. Unit 1 exits at TP1 (+1R), Unit 2 at TP2 (+2R); on TP2 fill Unit 3 stop moves to entry + 0.2R = 7466.91. Unit 3 runner: session-close time-stop or price stop 3 x ATR14 (198.45) from entry, whichever first. Invalidation: daily close below 7381.5 (13 May cash low), 35.0 pts beyond the stop.",False,regen_sp500_regen2_draw3,data/slices/US500/US500_upto_2026-05-13.csv,2026-05-13 23:45:00
2026-05-14_Trade_2,2026-05-14,SP500_Report_14May2026.md,"Trade 2 - Pivot, TRANSITION branch (breakout side, long)",Trade 2,LONG,LIMIT,"Buy limit at 7438.15 (daily cash P + 0.10*(R1-P)); -20.35 pts vs prev_close_full 7458.5 (below close, valid side). Valid for the 14 May session from 09:00 broker.",09:00,7438.15,7406.6,7484.5,7501.0,7517.5,31.55,BE_0.2R_ON_TP2,TRACE,3 equal units. Unit 1 exits at TP1 = daily R1 7484.5; Unit 2 at TP2 = daily R1.5 7501.0; Unit 3 at TP3 = daily R2 7517.5. On TP2 fill Unit 3 stop moves to entry + 0.2R = 7444.46. Invalidation: daily close back through daily P 7433.0 (26.4 pts above the stop).,False,regen_sp500_regen2_draw3,data/slices/US500/US500_upto_2026-05-13.csv,2026-05-13 23:45:00
2026-05-14_Trade_3C,2026-05-14,SP500_Report_14May2026.md,Trade 3C - Momentum-Breakout (SUPPRESSED: no confirmed break),Trade 3C,LONG,CONDITIONAL,SUPPRESSED - no daily close beyond the 25-day boundary by >= 0.25 x ATR14,09:00,,,,,,,NONE,TRACE,SUPPRESSED - gate failed (M5 4d / 10).,True,regen_sp500_regen2_draw3,data/slices/US500/US500_upto_2026-05-13.csv,2026-05-13 23:45:00
2026-05-15_Trade_1,2026-05-15,SP500_Daily_Report_15_May_2026.md,Trade 1 - Daily Directional,Trade 1,LONG,MARKET,MARKET buy at 09:00 broker (07:00 UK) at the D-1 full-day close 7504.1 (14 May 2026); gap to reference close 0.0,09:00,7504.1,7456.95,7551.25,7598.4,7705.14,47.15,BE_0.2R_ON_TP2,SESSION_CLOSE_TIMESTOP,"3 equal units. Unit 1 exits at TP1 (+1R); Unit 2 exits at TP2 (+2R); on Unit 2 fill Unit 3 stop moves to entry+0.2R = 7513.53. Unit 3 runner exits at the 15 May cash close (23:00 broker) or at the 3xATR14 price cap 7705.14, whichever first. Thesis invalidation: daily close below weekly R1 7479.57. ATR14 (cash, 14 sessions, 16:30-23:00 broker) = 67.01; R/ATR = 0.70, no wide-stop flag. Holding period ends at the 15 May session close, so no 20 May event-collision flag.",False,regen_sp500_regen2_draw3,data/slices/US500/US500_upto_2026-05-14.csv,2026-05-14 23:45:00
2026-05-15_Trade_2,2026-05-15,SP500_Daily_Report_15_May_2026.md,"Trade 2 - Pivot (TREND breakout branch, buy limit)",Trade 2,LONG,LIMIT,"BUY LIMIT at 7501.84 = daily P + 0.10*(R1-P); sits -2.26 pts versus D-1 full-day close 7504.1 (below, so a limit, not a stop)",09:00,7501.84,7478.62,7533.7,7546.0,7558.3,23.22,BE_0.2R_ON_TP2,TRACE,"3 equal units. Unit 1 exits at TP1 (daily R1); Unit 2 exits at TP2 (daily R1.5); on Unit 2 fill Unit 3 stop moves to entry+0.2R = 7506.48; Unit 3 runs to TP3 (daily R2). Thesis invalidation: daily close back below daily P 7498.3 (inside stop, tight pivot trade). ATR14 (cash, 14 sessions) = 67.01; R/ATR = 0.35.",False,regen_sp500_regen2_draw3,data/slices/US500/US500_upto_2026-05-14.csv,2026-05-14 23:45:00
2026-05-15_Trade_3A,2026-05-15,SP500_Daily_Report_15_May_2026.md,"Trade 3A - Momentum-Pullback (TREND_UP, buy limit)",Trade 3A,LONG,LIMIT,BUY LIMIT at 7420.78 = 57.5% retracement of swing 7345.3 -> 7522.9; -83.32 pts versus D-1 full-day close 7504.1 (below),09:00,7420.78,7328.55,7455.06,7522.9,7700.5,92.23,BE_0.2R_ON_TP2,TRACE,"3 equal units. Unit 1 exits at TP1 (38.2% retracement); Unit 2 exits at TP2 (0% = swing high 7522.9); on Unit 2 fill Unit 3 stop moves to entry+0.2R = 7439.23; Unit 3 targets the 100% extension 7700.5; if price prints above the extension Unit 3 stop moves to the midpoint of entry and TP2 = 7471.84. Thesis invalidation: daily close below the swing low 7345.3. WIDE STOP flag: R/ATR14 = 1.38 (>1). ATR14 (cash, 14 sessions) = 67.01; swing magnitude 177.6 = 2.65xATR.",False,regen_sp500_regen2_draw3,data/slices/US500/US500_upto_2026-05-14.csv,2026-05-14 23:45:00
2026-05-18_Trade_1,2026-05-18,SP500_Daily_18May2026.md,Trade 1 - Daily Directional,Trade 1,n/a,MARKET,SUPPRESSED - |score| 0.073 < 0.25 conviction threshold,09:00,,,,,,,NONE,TRACE,SUPPRESSED - direction score 0.0731 in absolute value is below the 0.25 conviction threshold; no card issued.,True,regen_sp500_regen2_draw3,data/slices/US500/US500_upto_2026-05-17.csv,2026-05-15 23:45
2026-05-18_Trade_2,2026-05-18,SP500_Daily_18May2026.md,"Trade 2 - Pivot (TRANSITION, breakout side only)",Trade 2,n/a,LIMIT,SUPPRESSED - TRANSITION: no breakout side identified (3C has no confirmed 25-day break),09:00,,,,,,,NONE,TRACE,SUPPRESSED - TRANSITION permits Trade 2 only on the Trade 3C breakout side; Trade 3C has no confirmed break so no side exists. The downside mirror would also fail the R floor.,True,regen_sp500_regen2_draw3,data/slices/US500/US500_upto_2026-05-17.csv,2026-05-15 23:45
2026-05-18_Trade_3C,2026-05-18,SP500_Daily_18May2026.md,Trade 3C - Transition Breakout,Trade 3C,n/a,CONDITIONAL,SUPPRESSED - no confirmed 25-day break,09:00,,,,,,,NONE,TRACE,SUPPRESSED - last cash close 7416.0 is inside the 25-day range 6790.60-7522.90; confirmed break needs a close beyond the boundary by 0.25xATR14.,True,regen_sp500_regen2_draw3,data/slices/US500/US500_upto_2026-05-17.csv,2026-05-15 23:45
2026-05-19_Trade_1,2026-05-19,SP500_Daily_Report_19May2026.md,Trade 1 - Daily Directional (suppressed: NEUTRAL score),Trade 1,n/a,MARKET,SUPPRESSED - direction score below conviction threshold,09:00,,,,,,,,,SUPPRESSED - |score| 0.149 < 0.25 conviction threshold; no card issued.,True,regen_sp500_regen2_draw3,data/slices/US500/US500_upto_2026-05-18.csv,2026-05-18 23:45:00
2026-05-19_Trade_2,2026-05-19,SP500_Daily_Report_19May2026.md,"Trade 2 - Pivot (TREND_UP breakout, buy stop above daily P)",Trade 2,LONG,STOP,"BUY STOP at P + 0.10 x (R1 - P) = 7406.95, 1.75 pts above prev_close_full 7405.20; armed from 09:00 broker",09:00,7406.95,7373.7,7447.0,7465.0,7483.0,33.25,BE_0.2R_ON_TP2,TRACE,"Three equal units. Unit 1 exits at TP1 (daily R1 7447.00), Unit 2 at TP2 (daily R1.5 7465.00); on the TP2 fill Unit 3 stop moves to entry + 0.2R = 7413.60. Unit 3 runs to TP3 (daily R2 7483.00). Thesis invalidation: daily close back below daily pivot P 7402.50. Event caveat: Wed 20 May FOMC minutes and Thu 21 May Nvidia earnings fall inside the holding window; Tue 19 May has Waller speech 15:00 and Pending Home Sales 17:00 broker.",False,regen_sp500_regen2_draw3,data/slices/US500/US500_upto_2026-05-18.csv,2026-05-18 23:45:00
2026-05-19_Trade_3A,2026-05-19,SP500_Daily_Report_19May2026.md,Trade 3A - Momentum-Pullback (suppressed: 57.5% level already traded through),Trade 3A,LONG,LIMIT,SUPPRESSED - 57.5% retrace sits above the D-1 reference close,09:00,,,,,,,,,SUPPRESSED - buy limit at 7420.78 would sit 15.58 pts above prev_close_full 7405.20 (wrong side); no substitution of another swing or variant.,True,regen_sp500_regen2_draw3,data/slices/US500/US500_upto_2026-05-18.csv,2026-05-18 23:45:00
2026-05-20_Trade_1,2026-05-20,SP500_Daily_Report_20May2026.md,Trade 1 - Daily Directional,Trade 1,n/a,MARKET,SUPPRESSED - direction score +0.05 is below the 0.25 conviction threshold,09:00,,,,,,,NONE,TRACE,"SUPPRESSED - no card. Direction score +0.05 (NEUTRAL, |0.05| < 0.25).",True,regen_sp500_regen2_draw3,data/slices/US500/US500_upto_2026-05-19.csv,2026-05-19 23:45:00
2026-05-20_Trade_2,2026-05-20,SP500_Daily_Report_20May2026.md,"Trade 2 - Pivot (weekly TREND breakout, branch TREND)",Trade 2,LONG,STOP,"Buy stop at 7436.34 (weekly P + 0.10 x (R1 - P)), armed from 09:00 broker (07:00 UK). Reference close 7356.30 (prev_close_full, 19 May 23:45 broker); gap +80.04. Cash close 7362.30.",09:00,7436.34,7352.2,7510.83,7558.25,7605.67,84.14,BE_0.2R_ON_TP2,TRACE,"3 equal units. Unit 1 exits at TP1 7510.83 (weekly R1, 74.49 pts = 0.89R); Unit 2 at TP2 7558.25 (weekly R1.5); Unit 3 at TP3 7605.67 (weekly R2). On the TP2 fill Unit 3 stop moves to entry + 0.2R = 7453.17. Wide-stop flag: R 84.14 = 1.11 x ATR14 (>1.00). Thesis invalidation: daily close below weekly pivot 7428.07 (sits inside the stop, not equal to it). Cancel unfilled order at cash close. Event risk: FOMC minutes 21:00 broker, 20-year bond auction 20:00 broker, NVIDIA results after the cash close (report s13d); do not carry Unit 3 overnight without a decision.",False,regen_sp500_regen2_draw3,data/slices/US500/US500_upto_2026-05-19.csv,2026-05-19 23:45:00
2026-05-20_Trade_3A,2026-05-20,SP500_Daily_Report_20May2026.md,Trade 3A - Momentum-Pullback (TREND_UP),Trade 3A,LONG,LIMIT,SUPPRESSED - the 57.5% retracement of the qualifying up-swing (7420.78) lies above the reference close 7356.30; a buy limit cannot be placed there,09:00,,,,,,,NONE,TRACE,"SUPPRESSED - order-side gate: 57.5% retrace entry 7420.78 is 64.48 pts above prev_close_full 7356.30 (cash close 7362.30), so the pullback has already run past the entry; no card.",True,regen_sp500_regen2_draw3,data/slices/US500/US500_upto_2026-05-19.csv,2026-05-19 23:45:00
2026-05-21_Trade_1,2026-05-21,SP500_Report_21May2026.md,Trade 1 - Daily Directional,Trade 1,LONG,MARKET,MARKET at 09:00 broker (07:00 UK) at prev_close_full 7420.6 (D-1 20 May close),09:00,7420.6,7343.5,7497.7,7574.8,7646.1,77.1,BE_0.2R_ON_TP2,SESSION_CLOSE_TIMESTOP,"3 equal units. Unit 1 exits at TP1 7497.7 (+1R); Unit 2 exits at TP2 7574.8 (+2R); when TP2 fills Unit 3 stop moves to entry + 0.2R = 7436.0. Unit 3 runner exits at session-close time-stop or price cap 7646.1 (3 x ATR14 = 225.5 from entry), whichever first. ATR14 75.18 (14 cash-session bars). R 77.1 = 1.03 x ATR: wide-stop flag. Thesis invalidation: daily close below daily S1 7385.07.",False,regen_sp500_regen2_draw3,data/slices/US500/US500_upto_2026-05-20.csv,2026-05-20 23:45
2026-05-21_Trade_2,2026-05-21,SP500_Report_21May2026.md,Trade 2 - Pivot (TRANSITION breakout side),Trade 2,LONG,STOP,"BUY STOP at weekly P + 0.10 x (R1 - P) = 7436.34, armed from 09:00 broker; reference close prev_close_full 7420.6, gap +15.74",09:00,7436.34,7352.2,7510.83,7558.25,7605.67,84.14,BE_0.2R_ON_TP2,TRACE,3 equal units. Unit 1 exits at weekly R1 7510.83; Unit 2 at weekly R1.5 7558.25; when TP2 fills Unit 3 stop moves to entry + 0.2R = 7453.17; Unit 3 targets weekly R2 7605.67. ATR14 75.18 (cash); R 84.14 = 1.12 x ATR: wide-stop flag. Thesis invalidation: daily close back below weekly P 7428.07.,False,regen_sp500_regen2_draw3,data/slices/US500/US500_upto_2026-05-20.csv,2026-05-20 23:45
2026-05-21_Trade_3C,2026-05-21,SP500_Report_21May2026.md,Trade 3C - Range Breakout (suppressed: no confirmed break),Trade 3C,LONG,CONDITIONAL,SUPPRESSED - needs a daily close >= 7541.69 (25d high 7522.9 + 0.25 x ATR); D-1 close 7436.8,09:00,,,,,,,NONE,,SUPPRESSED - no confirmed daily close beyond the 25-session boundary by >= 0.25 x ATR14 (trigger 7541.69 vs D-1 cash close 7436.8).,True,regen_sp500_regen2_draw3,data/slices/US500/US500_upto_2026-05-20.csv,2026-05-20 23:45
2026-05-22_Trade_1,2026-05-22,SP500_Report_22May2026.md,Trade 1 - Daily Directional,Trade 1,LONG,MARKET,MARKET at 09:00 broker (07:00 UK) anchor; fill = D-1 reference close prev_close_full 7452.3 (gap 0.0),09:00,7452.3,7386.6,7518.0,7583.7,7681.0,65.7,BE_0.2R_ON_TP2,SESSION_CLOSE_TIMESTOP,"Three equal units. Unit 1 exits at TP1 (+1R 7518.0); Unit 2 at TP2 (+2R 7583.7); on the TP2 fill Unit 3 stop moves to entry+0.2R = 7465.4. Unit 3 runner time-stopped at session close or price-stopped at 3xATR14 from entry (7681.0), whichever first. Thesis invalidation: daily close below 7339.1 (5-day swing low, 19 May 17:45 broker); stop is ahead of invalidation. R=65.7 = 0.86xATR14 (no wide-stop flag); 2R = 1.72xATR14 (<3xATR). Event: Michigan sentiment / inflation expectations 17:00 broker and Fed Waller speech 17:00 broker fall inside the holding window.",False,regen_sp500_regen2_draw3,data/slices/US500/US500_upto_2026-05-21.csv,2026-05-21 23:45:00
2026-05-22_Trade_2,2026-05-22,SP500_Report_22May2026.md,"Trade 2 - Pivot (TRANSITION, breakout side)",Trade 2,LONG,LIMIT,BUY LIMIT 7443.2 (daily cash P + 0.10x(R1-P)) on the upside breakout side; 9.1 below reference close prev_close_full 7452.3 (signed gap -9.1) so order side is compliant. Monitoring opens 09:00 broker (07:00 UK).,09:00,7443.2,7412.3,7483.4,7499.9,7516.4,30.9,BE_0.2R_ON_TP2,TRACE,"TRANSITION branch, breakout side (long, aligned with 3C upside). Three equal units: Unit 1 TP1 = daily R1 7483.4; Unit 2 TP2 = R1.5 7499.9; Unit 3 runner TP3 = daily R2 7516.4. On the TP2 fill Unit 3 stop moves to entry+0.2R = 7449.4. Thesis invalidation: daily close back below the daily pivot 7438.7 (stop 7412.3 is a different price, 26.4 away). R = 30.9 = 0.41xATR14 (no wide-stop flag). Event: Michigan 17:00 broker, Waller 17:00 broker inside window.",False,regen_sp500_regen2_draw3,data/slices/US500/US500_upto_2026-05-21.csv,2026-05-21 23:45:00
2026-05-22_Trade_3C,2026-05-22,SP500_Report_22May2026.md,Trade 3C - Momentum-Breakout,Trade 3C,LONG,CONDITIONAL,SUPPRESSED - confirmed-break gate not met,09:00,,,,,,,NONE,TRACE,SUPPRESSED: no daily close beyond the 25-day boundary 7522.9 by >= 0.25xATR14 (>= 7542.0). Last cash close 7450.3 is 72.6 below the boundary.,True,regen_sp500_regen2_draw3,data/slices/US500/US500_upto_2026-05-21.csv,2026-05-21 23:45:00
2026-05-25_Trade_1,2026-05-25,SP500_Daily_Report_25May2026.md,Trade 1 - Daily Directional,Trade 1,LONG,MARKET,MARKET at anchor 09:00 broker (07:00 UK); fill level = prev_close_full 7470.9 (22 May),09:00,7470.9,7445.66,7496.14,7521.38,7696.95,25.24,BE_0.2R_ON_TP2,SESSION_CLOSE_TIMESTOP,"Three equal units. Unit 1 exits at TP1 (+1R 7496.14); Unit 2 at TP2 (+2R 7521.38); on the TP2 fill Unit 3 stop moves to entry+0.2R = 7475.95. Unit 3 runner: time-stopped at session close or price-stopped at 3xATR14 = 7696.95, whichever first. Thesis invalidation: daily close below daily S3 7412.37 (differs from stop by 33.3 pts = 0.44xATR). Caveats: entry sits just under the overhead confluence band (daily R1 7501.77 / 5d swing high 7509.2); PCE print (report s13d, Wed-Thu 27-28 May) and post-holiday gap risk on the 26 May reopen; sentiment component unverified.",False,regen_sp500_regen2_draw3,data/slices/US500/US500_upto_2026-05-24.csv,2026-05-22 23:45
2026-05-25_Trade_2,2026-05-25,SP500_Daily_Report_25May2026.md,"Trade 2 - Pivot (TREND breakout, buy stop)",Trade 2,LONG,STOP,BUY STOP above the D-1 close (prev_close_full 7470.9; gap +14.1),09:00,7485.0,7462.28,7501.77,7514.8,7527.83,22.72,BE_0.2R_ON_TP2,TRACE,"TREND branch. Three equal units: Unit 1 at TP1 (daily R1 7501.77), Unit 2 at TP2 (R1.5 7514.8), Unit 3 runner to TP3 (R2 7527.83); on the TP2 fill Unit 3 stop moves to entry+0.2R = 7489.54. Thesis invalidation: daily close back below daily P 7483.13 (M5 s5.2b; 20.9 pts above the stop, so distinct from it by >0.15xATR). Caveats: R is 0.302xATR, at the 0.3xATR floor, so noise-exit risk is elevated; PCE print and post-holiday gap risk; the buy stop is only 14.1 pts above the D-1 close and may fill on the opening move.",False,regen_sp500_regen2_draw3,data/slices/US500/US500_upto_2026-05-24.csv,2026-05-22 23:45
2026-05-25_Trade_3A,2026-05-25,SP500_Daily_Report_25May2026.md,Trade 3A - Momentum-Pullback (57.5% fib),Trade 3A,LONG,LIMIT,"BUY LIMIT at 57.5% retracement, below the D-1 close (prev_close_full 7470.9; gap -59.5)",09:00,7411.39,7320.26,7444.22,7509.2,7679.3,91.13,BE_0.2R_ON_TP2,TRACE,"Three equal units: Unit 1 at TP1 (38.2% 7444.22), Unit 2 at TP2 (0% swing origin 7509.2); on the TP2 fill Unit 3 stop moves to entry+0.2R = 7429.62; Unit 3 runner TP3 = 100% extension 7679.3. Structural override: once price prints above the 100% extension, Unit 3 stop moves to the 50% mark between entry and TP2 = 7460.3. Wide-stop flag: R = 1.21xATR (>1). Thesis invalidation: daily close below the swing low 7339.1. Caveats: resting limit that may not fill if the trend extends; PCE print and post-holiday gap risk.",False,regen_sp500_regen2_draw3,data/slices/US500/US500_upto_2026-05-24.csv,2026-05-22 23:45
2026-05-26_Trade_1,2026-05-26,SP500_Report_26May2026.md,Trade 1 - Daily Directional,Trade 1,LONG,MARKET,"Market at the 07:00 UK (09:00 broker) daily-open anchor; fill reference = D-1 reference close 7552.70 (25 May 2026 settled close, prev_close_full)",09:00,7552.7,7523.13,7582.27,7611.84,7781.49,29.57,BE_0.2R_ON_TP2,SESSION_CLOSE_TIMESTOP,"Three equal units. Unit 1 exits at TP1 7582.27 (+29.57 pts, +1R); Unit 2 at TP2 7611.84 (+59.14 pts, +2R); on Unit 2 fill Unit 3 stop moves to entry +0.2R = 7558.61 (+5.91 pts). Unit 3 runner is time-stopped at session close or price-stopped at 3x ATR14 from entry (7781.49, +228.79 pts), whichever comes first. Stop 7523.13 is 29.57 pts below entry. R/ATR14 = 0.39, below 1.0 so no wide-stop flag; 2R = 59.14 < 3xATR14 so no TP2-ambitious flag. Thesis invalidation (distinct from stop): daily close below 7510.10 (25 May full-day low, 13.03 pts = 0.17xATR below the stop), stop ahead of invalidation. Holding period is the D session only; the 29 May core PCE release (report 13d) is outside it. D-session scheduled US events are low impact (Chicago Fed National Activity Index 15:30 broker).",False,regen_sp500_regen2_draw3,data/slices/US500/US500_upto_2026-05-25.csv,2026-05-25 20:00:00
2026-05-26_Trade_2,2026-05-26,SP500_Report_26May2026.md,"Trade 2 - Pivot (TRANSITION breakout side, long)",Trade 2,LONG,STOP,SUPPRESSED - buy-stop breakout formula entry 7551.62 sits below the D-1 reference close 7552.70,09:00,,,,,,,NONE,TRACE,"SUPPRESSED. No entry, stop, R or TP ladder issued.",True,regen_sp500_regen2_draw3,data/slices/US500/US500_upto_2026-05-25.csv,2026-05-25 20:00:00
2026-05-26_Trade_3C,2026-05-26,SP500_Report_26May2026.md,"Trade 3C - Momentum-Breakout (conditional, long)",Trade 3C,LONG,CONDITIONAL,SUPPRESSED - no confirmed daily close beyond the 25-day high by 0.25xATR14 (needs a close >= 7576.47; last close 7552.70),09:00,,,,,,,NONE,TRACE,"SUPPRESSED. No entry, stop, R or TP ladder issued.",True,regen_sp500_regen2_draw3,data/slices/US500/US500_upto_2026-05-25.csv,2026-05-25 20:00:00
2026-05-27_Trade_1,2026-05-27,SP500_Report_27-May-2026.md,Trade 1 - Daily Directional,Trade 1,LONG,MARKET,"MARKET at the D-1 full-day reference close 7521.5 (26 May 2026, signed gap 0.0)",09:00,7521.5,7489.54,7553.46,7585.42,7737.03,31.96,BE_0.2R_ON_TP2,SESSION_CLOSE_TIMESTOP,"3 equal units. Unit 1 exits at TP1 (+1R); Unit 2 at TP2 (+2R); on TP2 fill Unit 3 stop moves to 7527.89 (entry + 0.2R). Unit 3 runner: session-close time stop or price cap at 3 x ATR14 = 7737.03, whichever first. Thesis invalidation: daily close below weekly pivot 7441.3333 (stop ahead of invalidation). Caveat: R/ATR14 = 0.44.",False,regen_sp500_regen2_draw3,data/slices/US500/US500_upto_2026-05-26.csv,2026-05-26 23:45:00
2026-05-27_Trade_2,2026-05-27,SP500_Report_27-May-2026.md,"Trade 2 - Pivot (TREND_UP, weekly)",Trade 2,LONG,LIMIT,"BUY LIMIT 7451.56, 69.94 pts below D-1 reference close 7521.5",09:00,7451.56,7387.04,7543.57,7577.5,7611.43,64.52,BE_0.2R_ON_TP2,TRACE,"TREND branch. 3 equal units. TP1 weekly R1, TP2 weekly R1.5, TP3 weekly R2. On TP2 fill Unit 3 stop moves to 7464.46 (entry + 0.2R). Invalidation: daily close below weekly P 7441.33.",False,regen_sp500_regen2_draw3,data/slices/US500/US500_upto_2026-05-26.csv,2026-05-26 23:45:00
2026-05-27_Trade_3A,2026-05-27,SP500_Report_27-May-2026.md,Trade 3A - Momentum-Pullback (57.5% fib),Trade 3A,LONG,LIMIT,"BUY LIMIT 7463.5 (57.5% retracement), 58.0 pts below D-1 reference close 7521.5",09:00,7463.5,7376.14,7495.02,7557.4,7720.7,87.36,BE_0.2R_ON_TP2,TRACE,"3 equal units. TP1 38.2% retrace, TP2 0% (swing high 7557.4), TP3 100% extension 7720.7. On TP2 fill Unit 3 stop moves to 7480.97 (entry + 0.2R). Structural override: once price prints above the 100% extension, Unit 3 stop moves to 7510.45 (midpoint of entry and TP2). Wide-stop flag: R/ATR14 = 1.22. Invalidation: daily close below swing low 7394.1.",False,regen_sp500_regen2_draw3,data/slices/US500/US500_upto_2026-05-26.csv,2026-05-26 23:45:00
2026-05-28_Trade_1,2026-05-28,SP500_Daily_Report_28May2026.md,Trade 1 - Daily Directional,Trade 1,LONG,MARKET,MARKET at 09:00 broker (07:00 UK) at the D-1 reference close prev_close_full 7543.0 (27 May 2026 full-day close); signed gap 0.00,09:00,7543.0,7492.48,7593.52,7644.04,7751.61,50.52,BE_0.2R_ON_TP2,SESSION_CLOSE_TIMESTOP,"3 equal units. Unit 1 exits at TP1 (entry+1R); Unit 2 at TP2 (entry+2R); on the TP2 fill Unit 3 stop moves to entry+0.2R = 7553.1. Unit 3 runner exits at session-close time-stop or at the 3xATR price cap 7751.61, whichever first. Thesis invalidation: daily close below weekly P 7441.33 (stop is an intraday price; invalidation is a close-through condition). EVENT COLLISION: Core PCE m/m (HIGH), GDP q/q, initial claims, durable goods, personal income/spending all release 28 May 15:30 broker (08:30 ET), after the 09:00 entry and before the 16:30 cash open; the position is open through the release. R/ATR14 = 0.73 (no wide-stop flag); 2R = 101.04 < 3xATR so no ambitious-TP2 flag.",False,regen_sp500_regen2_draw3,data/slices/US500/US500_upto_2026-05-27.csv,2026-05-27 23:45:00
2026-05-28_Trade_2,2026-05-28,SP500_Daily_Report_28May2026.md,Trade 2 - Pivot Trend Breakout (long),Trade 2,LONG,LIMIT,SUPPRESSED,09:00,,,,,,,NONE,TRACE,SUPPRESSED - R floor fails on the honest TREND construction (R 12.32 = 0.18xATR14 < 0.3xATR14 = 20.86).,True,regen_sp500_regen2_draw3,data/slices/US500/US500_upto_2026-05-27.csv,2026-05-27 23:45:00
2026-05-28_Trade_3A,2026-05-28,SP500_Daily_Report_28May2026.md,Trade 3A - Momentum-Pullback (long),Trade 3A,LONG,LIMIT,BUY LIMIT at 57.5% retracement 7463.5; prev_close_full 7543.0; signed gap -79.5,09:00,7463.5,7376.72,7495.02,7557.4,7720.7,86.78,BE_0.2R_ON_TP2,TRACE,"3 equal units. TP1 = 38.2% retracement 7495.02; TP2 = 0% swing high 7557.4, on its fill Unit 3 stop moves to entry+0.2R = 7480.86; TP3 = 100% extension 7720.7. Structural override: if price prints above the 100% extension, Unit 3 stop moves to the 50% mark between entry and TP2 = 7510.45. Thesis invalidation: daily close below swing-low anchor 7394.10. WIDE STOP flag: R/ATR14 = 1.25 > 1. EVENT COLLISION: Core PCE/GDP/claims/durables 28 May 15:30 broker (08:30 ET).",False,regen_sp500_regen2_draw3,data/slices/US500/US500_upto_2026-05-27.csv,2026-05-27 23:45:00
2026-05-29_Trade_1,2026-05-29,SP500_Report_29May2026.md,Trade 1 - Daily Directional (market at 07:00 UK daily open),Trade 1,LONG,MARKET,"Market buy at the 07:00 UK (09:00 broker) daily-open anchor; fill level = D-1 reference close prev_close_full 7578.20 (28 May 2026, 23:45 broker)",09:00,7578.2,7515.92,7640.48,7702.76,7786.34,62.28,BE_0.2R_ON_TP2,SESSION_CLOSE_TIMESTOP,"3 equal units. U1 exits at TP1 (+1R, 7640.48); U2 at TP2 (+2R, 7702.76); on the TP2 fill U3 stop moves to entry+0.2R = 7590.66. U3 runner exits at session-close time-stop or the 3xATR14 price cap 7786.34 (entry + 3x69.38 = +208.14), whichever first. Thesis invalidation: daily close below 7464.50 (5d cash swing low, 22 May), beyond the stop. Anchor 09:00 broker = 07:00 UK.",False,regen_sp500_regen2_draw3,data/slices/US500/US500_upto_2026-05-28.csv,2026-05-28 23:45:00
2026-05-29_Trade_2,2026-05-29,SP500_Report_29May2026.md,Trade 2 - Pivot TREND breakout/pullback long (P + 0.10x(R1-P)),Trade 2,LONG,LIMIT,"Buy limit at P + 0.10x(R1-P) = 7558.66, below prev_close_full 7578.20 (gap -19.54); monitoring from 09:00 broker",09:00,7558.66,7537.56,7593.97,7604.7,7615.43,21.1,BE_0.2R_ON_TP2,TRACE,"3 equal units. TREND branch: U1 -> TP1 daily R1 7593.97, U2 -> TP2 daily R1.5 7604.70, U3 -> TP3 daily R2 7615.43. On the TP2 fill U3 stop moves to entry+0.2R = 7562.88. Thesis invalidation: daily close back below daily P 7554.73. Wide-stop flag not applicable (R/ATR 0.30).",False,regen_sp500_regen2_draw3,data/slices/US500/US500_upto_2026-05-28.csv,2026-05-28 23:45:00
2026-05-29_Trade_3A,2026-05-29,SP500_Report_29May2026.md,"Trade 3A - Momentum-Pullback (57.5% retrace, long)",Trade 3A,LONG,LIMIT,"Buy limit at 57.5% retracement of 7339.10 -> 7576.20 = 7439.87, below prev_close_full 7578.20 (gap -138.33); monitoring from 09:00 broker",09:00,7439.87,7321.76,7485.63,7576.2,7813.3,118.11,BE_0.2R_ON_TP2,TRACE,"3 equal units. U1 -> TP1 38.2% retrace 7485.63; U2 -> TP2 0% anchor 7576.20; on TP2 fill U3 stop moves to entry+0.2R = 7463.49. U3 runner -> 100% extension 7813.30; structural override: when price prints above the 100% extension, U3 stop moves to the halfway point between entry and TP2 = 7508.03. Wide-stop flag: R = 1.70 x ATR14 (>1.00). Thesis invalidation: daily close below the swing-low anchor 7339.10.",False,regen_sp500_regen2_draw3,data/slices/US500/US500_upto_2026-05-28.csv,2026-05-28 23:45:00
2026-06-01_Trade_1,2026-06-01,SP500_Report_2026-06-01.md,Trade 1 - Daily Directional (market at anchor),Trade 1,LONG,MARKET,"MARKET long at 09:00 broker (07:00 UK) anchor; fill level = D-1 reference close prev_close_full 7581.10 (Fri 29 May 2026), gap 0.00",09:00,7581.1,7550.7,7611.5,7641.91,7787.14,30.4,BE_0.2R_ON_TP2,SESSION_CLOSE_TIMESTOP,"3 equal units. Unit 1 exits at TP1 (+1R), Unit 2 at TP2 (+2R); on TP2 fill Unit 3 stop moves to entry +0.2R (7587.18). Unit 3 runner: time-stopped at cash session close or price-stopped at 3xATR14 from entry (7787.14), whichever first. Thesis invalidation: daily close below 7504.30 (5-day cash swing low, 27 May 20:00 broker). R=30.40 pts = 0.44 x ATR14 (cash 68.68), no wide-stop flag; 2R=60.8 < 3xATR so no TP2-ambitious flag. Caveat: NFP/ISM/JOLTS events in horizon; RSI2=100 overbought.",False,regen_sp500_regen2_draw3,data/slices/US500/US500_upto_2026-05-31.csv,2026-05-29 23:45:00
2026-06-01_Trade_2,2026-06-01,SP500_Report_2026-06-01.md,Trade 2 - Pivot (TREND_UP breakout above P),Trade 2,LONG,STOP,"BUY STOP at P+0.10x(R1-P) = 7586.53 (daily cash pivots); reference close 7581.10, signed gap +5.43 (above close, correct side for buy stop)",09:00,7586.53,7550.7,7601.77,7610.25,7618.73,35.83,BE_0.2R_ON_TP2,SESSION_CLOSE_TIMESTOP,"Branch TREND (regime TREND_UP). 3 equal units: Unit 1 at TP1=R1 7601.77, Unit 2 at TP2=R1.5 7610.25, Unit 3 at TP3=R2 7618.73 or session close; on TP2 fill Unit 3 stop moves to entry +0.2R (7593.70). Stop uses the structural alternative (see rationale). R=35.83 pts = 0.52 x ATR14 (cash 68.68), no wide-stop flag. Thesis invalidation: daily close back through P 7584.83. Caveat: NFP/ISM/JOLTS in horizon; RSI2=100 overbought. Daily pivots computed from execution-series cash session 29 May (CORROBORATED).",False,regen_sp500_regen2_draw3,data/slices/US500/US500_upto_2026-05-31.csv,2026-05-29 23:45:00
2026-06-01_Trade_3A,2026-06-01,SP500_Report_2026-06-01.md,"Trade 3A - Momentum-Pullback (57.5% fib, long)",Trade 3A,LONG,LIMIT,"BUY LIMIT at 57.5% retracement of swing 7339.10 (19 May 17:45 broker) to 7601.80 (29 May 17:00 broker) = 7450.75; reference close 7581.10, signed gap -130.35 (below close, correct side)",09:00,7450.75,7321.93,7501.45,7601.8,7864.5,128.82,BE_0.2R_ON_TP2,TRACE,"Fork 3A (regime TREND_UP). 3 equal units: Unit 1 at TP1 = 38.2% retrace 7501.45, Unit 2 at TP2 = 0% swing high 7601.80, Unit 3 runner to TP3 = 100% extension 7864.50. On TP2 fill Unit 3 stop moves to entry +0.2R (7476.51). Structural override: if price prints above the 100% extension, Unit 3 stop moves to halfway between entry and TP2 (7526.27). Swing: 262.7 pts = 3.82 x ATR14 (cash 68.68), lookback used 9 sessions counting 25 May CFD bar (8 excluding it). R=128.82 pts = 1.88 x ATR14: WIDE STOP flag (R>1xATR). Thesis invalidation: daily close below swing low 7339.10. Caveat: NFP in horizon.",False,regen_sp500_regen2_draw3,data/slices/US500/US500_upto_2026-05-31.csv,2026-05-29 23:45:00
2026-06-02_Trade_1,2026-06-02,SP500_Report_02Jun2026.md,Trade 1 - Daily Directional,Trade 1,LONG,MARKET,"Market BUY at the 09:00 broker (07:00 UK) daily-open anchor, filled at the D-1 reference close (full-day close 2026-06-01) 7600.2; signed gap to reference close 0.0",09:00,7600.2,7558.31,7642.09,7683.98,7802.1,41.89,BE_0.2R_ON_TP2,SESSION_CLOSE_TIMESTOP,"3 equal units. Unit 1 exits at TP1 (+1R 7642.09); Unit 2 exits at TP2 (+2R 7683.98); on the TP2 fill Unit 3 stop moves to entry +0.2R = 7608.58. Unit 3 runner exits at the session-close time-stop or at 3xATR14 from entry (7802.1), whichever comes first. ATR14 (cash, 14 sessions to 2026-06-01) = 67.30; R = 41.89 pts = 0.62 x ATR14 (no wide-stop flag; 2R = 83.8 < 3xATR14 so no TP2-ambitious flag). Thesis invalidation: daily close below 7504.3 (5-day cash swing low, 27 May 20:00 broker), different from the stop by 54.01 pts. Event risk: JOLTS 17:00 broker on D and May NFP Fri 05 Jun.",False,regen_sp500_regen2_draw3,data/slices/US500/US500_upto_2026-06-01.csv,2026-06-01 23:45:00
2026-06-02_Trade_2,2026-06-02,SP500_Report_02Jun2026.md,"Trade 2 - Pivot, TREND branch (TREND_UP pivot breakout)",Trade 2,LONG,STOP,"Buy STOP at 7602.45 (P + 0.10x(R1-P), daily cash pivots from 2026-06-01); reference close (prev_close_full 2026-06-01) 7600.2, signed gap +2.25 (above close, correct side for a buy stop); monitoring opens at 09:00 broker anchor",09:00,7602.45,7579.98,7630.23,7642.35,7654.47,22.47,BE_0.2R_ON_TP2,TRACE,"3 equal units. Unit 1 exits at TP1 = R1 7630.23; Unit 2 exits at TP2 = R1.5 7642.35; on the TP2 fill Unit 3 stop moves to entry +0.2R = 7606.94; Unit 3 runner exits at TP3 = R2 7654.47. ATR14 (cash, 14 sessions) = 67.30; R = 22.47 pts = 0.33 x ATR14 (no wide-stop flag). Pivot tier CORROBORATED (computed from the broker execution series, D-1 cash session 2026-06-01). Thesis invalidation: daily close back below daily P 7599.37 (a different price from the stop: the stop sits 19.39 pts below P). Event risk: JOLTS 17:00 broker on D; May NFP Fri 05 Jun.",False,regen_sp500_regen2_draw3,data/slices/US500/US500_upto_2026-06-01.csv,2026-06-01 23:45:00
2026-06-02_Trade_3A,2026-06-02,SP500_Report_02Jun2026.md,"Trade 3A - Momentum-Pullback (57.5% fib, TREND_UP fork)",Trade 3A,LONG,LIMIT,"Buy LIMIT at 7532.12 (57.5% retrace of the 22 May-01 Jun up-swing); reference close (prev_close_full 2026-06-01) 7600.2, signed gap -68.08 (below close, correct side for a buy limit); monitoring opens at 09:00 broker anchor",09:00,7532.12,7447.68,7562.82,7623.6,7782.7,84.44,BE_0.2R_ON_TP2,TRACE,"3 equal units. Unit 1 exits at TP1 = 38.2% retrace 7562.82; Unit 2 exits at TP2 = 0% swing high 7623.6; on the TP2 fill Unit 3 stop moves to entry +0.2R = 7549.01. Unit 3 runner targets the 100% extension 7782.7; if price prints above the 100% extension Unit 3 stop is pulled to the halfway point between entry and TP2 = 7577.86 (3A structural override). ATR14 (cash, 14 sessions) = 67.30; R = 84.44 pts = 1.25 x ATR14: WIDE STOP flag (R > 1xATR14). Swing 7464.5 (22 May 17:15 broker) -> 7623.6 (01 Jun 20:30 broker) = 159.1 pts = 2.36 x ATR14, lookback 7 sessions. Thesis invalidation: daily close below the swing-low anchor 7464.5 (the stop sits 16.82 pts below it). Event risk: JOLTS 17:00 broker on D; May NFP Fri 05 Jun.",False,regen_sp500_regen2_draw3,data/slices/US500/US500_upto_2026-06-01.csv,2026-06-01 23:45:00
2026-06-03_Trade_1,2026-06-03,SP500_Daily_Report_2026-06-03.md,Trade 1 - Daily Directional,Trade 1,LONG,MARKET,MARKET at 09:00 broker (07:00 UK daily-open anchor) filled at D-1 reference close 7621.3 (2 Jun full-day close); signed gap 0.0,09:00,7621.3,7572.34,7670.26,7719.22,7812.87,48.96,BE_0.2R_ON_TP2,SESSION_CLOSE_TIMESTOP,"3 equal units. TP1 = entry+1R (7670.26), TP2 = entry+2R (7719.22); on TP2 fill Unit 3 stop moves to entry+0.2R (7631.09). Unit 3 runner is time-stopped at session close or price-stopped at 3xATR14 from entry (7812.87), whichever first. R=48.96 pts = 0.77xATR14 (no wide-stop flag); 2R = 1.53xATR (not ambitious). Thesis invalidation: daily close below weekly S1 7525.47 (stop ahead of invalidation). Event risk: ADP 15:15, ISM Services 17:00 broker on D; NFP 5 Jun.",False,regen_sp500_regen2_draw3,data/slices/US500/US500_upto_2026-06-02.csv,2026-06-02 23:45
2026-06-03_Trade_2,2026-06-03,SP500_Daily_Report_2026-06-03.md,"Trade 2 - Pivot (TREND breakout/pullback, buy limit)",Trade 2,LONG,LIMIT,BUY LIMIT at P + 0.10x(R1-P) from daily cash pivots of 2 Jun; sits 9.61 below D-1 reference close 7621.3 (valid side),09:00,7611.69,7578.57,7630.83,7638.35,7645.87,33.12,BE_0.2R_ON_TP2,TRACE,"3 equal units; TREND branch pivot ladder TP1 = daily R1 7630.83, TP2 = R1.5 7638.35, TP3 = R2 7645.87 (these are +0.58R / +0.80R / +1.03R, not 1R/2R). On TP2 fill Unit 3 stop moves to entry+0.2R (7618.31). R=33.12 pts = 0.52xATR14. Thesis invalidation: daily close back below daily P 7609.57. Event risk: ADP/ISM Services on D, NFP 5 Jun. Pivots built from the execution (broker cash) series, 2 Jun session -> CORROBORATED.",False,regen_sp500_regen2_draw3,data/slices/US500/US500_upto_2026-06-02.csv,2026-06-02 23:45
2026-06-03_Trade_3A,2026-06-03,SP500_Daily_Report_2026-06-03.md,"Trade 3A - Momentum-Pullback (57.5% retrace, buy limit)",Trade 3A,LONG,LIMIT,BUY LIMIT at 57.5% retracement of cash swing 22 May low 7464.5 -> 2 Jun high 7624.6; sits 88.76 below D-1 reference close 7621.3 (valid side),09:00,7532.54,7448.54,7563.44,7624.6,7784.7,84.0,BE_0.2R_ON_TP2,TRACE,"3 equal units. TP1 = 38.2% retrace 7563.44, TP2 = 0% swing origin 7624.6, TP3 = 100% extension 7784.7. On TP2 fill Unit 3 stop moves to entry+0.2R (7549.34). Structural override (additional): if price prints above the 100% extension Unit 3 stop moves to midpoint of entry and TP2 (7578.57). R=84.00 pts = 1.32xATR14 -> WIDE STOP flag; 2R > 3xATR not applicable (ladder is structural). Thesis invalidation: daily close below swing-low anchor 7464.5. Event risk: ADP/ISM Services on D, NFP 5 Jun.",False,regen_sp500_regen2_draw3,data/slices/US500/US500_upto_2026-06-02.csv,2026-06-02 23:45
2026-06-04_Trade_1,2026-06-04,SP500_Report_04Jun2026.md,Trade 1 - Daily Directional,Trade 1,LONG,MARKET,"MARKET at the 07:00 UK (09:00 broker) daily-open anchor, filled at the D-1 reference close 7538.7 (full-day close of 3 Jun 2026, last bar 23:45 broker)",09:00,7538.7,7508.64,7568.76,7598.82,7727.79,30.06,BE_0.2R_ON_TP2,SESSION_CLOSE_TIMESTOP,"Three equal units. Unit 1 exits at TP1 (entry+1R 7568.76); Unit 2 at TP2 (entry+2R 7598.82), on which Unit 3 stop moves to entry+0.2R = 7544.71; Unit 3 runner is time-stopped at session close or price-stopped at 3xATR14 from entry (7727.79), whichever first. R = 30.06 pts = 0.48 x ATR14 cash 63.03 (14 cash daily bars to 3 Jun); not a wide stop; 2R = 0.95 ATR so TP2 not ambitious. Thesis invalidation: daily close below S3 7492.80 (stop ahead of invalidation). Caveat: 5 Jun US Nonfarm Payrolls (High impact) falls inside the holding window; RSI2 cash 16.2 oversold after the 3 Jun reversal.",False,regen_sp500_regen2_draw3,data/slices/US500/US500_upto_2026-06-03.csv,2026-06-03 23:45:00
2026-06-04_Trade_2,2026-06-04,SP500_Report_04Jun2026.md,Trade 2 - Pivot TREND_UP breakout,Trade 2,LONG,STOP,BUY STOP at P + 0.10x(R1-P) on the cash daily pivots; 39.74 pts above the D-1 reference close 7538.7,09:00,7578.44,7551.12,7596.8,7612.6,7628.4,27.32,BE_0.2R_ON_TP2,TRACE,"Branch TREND (regime TREND_UP). Three equal units: Unit 1 at TP1 = R1 7596.80; Unit 2 at TP2 = R1.5 7612.60, on which Unit 3 stop moves to entry+0.2R = 7583.90; Unit 3 at TP3 = R2 7628.40. R = 27.32 pts = 0.43 x ATR14 cash 63.03. Thesis invalidation: daily close back below P 7576.40 (stop 7551.12 is separate and 25.3 pts beyond). Pivots from the cash execution series of 3 Jun 2026: CORROBORATED. Caveat: 5 Jun US Nonfarm Payrolls (High impact) inside the holding window.",False,regen_sp500_regen2_draw3,data/slices/US500/US500_upto_2026-06-03.csv,2026-06-03 23:45:00
2026-06-04_Trade_3A,2026-06-04,SP500_Report_04Jun2026.md,Trade 3A - Momentum-Pullback (57.5% fib),Trade 3A,LONG,LIMIT,SUPPRESSED - no qualifying swing,09:00,,,,,,,BE_0.2R_ON_TP2,TRACE,SUPPRESSED - NO QUALIFYING SWING: nearest up-swing 28 May cash low 7515.5 (5d) -> 2 Jun cash high 7624.6 = 109.1 pts = 1.73 x ATR14 (63.03) < 2x; fractal low 27 May 7504.3 -> 7624.6 = 120.3 = 1.91x < 2x. Qualifying magnitude 126.06. No card.,True,regen_sp500_regen2_draw3,data/slices/US500/US500_upto_2026-06-03.csv,2026-06-03 23:45:00
2026-06-05_Trade_1,2026-06-05,SP500_Report_05Jun2026.md,Trade 1 - Daily Directional (suppressed: NEUTRAL score),Trade 1,n/a,MARKET,SUPPRESSED - direction score +0.22 is below the 0.25 conviction threshold (NEUTRAL),09:00,,,,,,,NONE,SESSION_CLOSE_TIMESTOP,SUPPRESSED - |score| 0.22 < 0.25; no card issued.,True,regen_sp500_regen2_draw3,data/slices/US500/US500_upto_2026-06-04.csv,2026-06-04 23:45
2026-06-05_Trade_2,2026-06-05,SP500_Report_05Jun2026.md,"Trade 2 - Pivot, TRANSITION branch (breakout side, long): P+0.10(R1-P) buy limit",Trade 2,LONG,LIMIT,"BUY LIMIT 7581.57 (branch TRANSITION, breakout side long) - reference close prev_close_full 7582.1 (04 Jun), signed gap -0.53",09:00,7581.57,7555.76,7619.67,7633.15,7646.63,25.81,BE_0.2R_ON_TP2,TRACE,"3 equal units. Unit 1 exits TP1 7619.67 (R1), Unit 2 exits TP2 7633.15 (R1.5); on the TP2 fill Unit 3 stop moves to entry + 0.2R = 7586.73; Unit 3 exits TP3 7646.63 (R2). Thesis invalidation: daily close back below daily P 7577.33 (invalidation 7577.33 is 21.6 pts above the stop 7555.76; stop is wider than invalidation). ATR14 cash 60.39; R/ATR 0.43 (no wide-stop flag). Pivots from 04 Jun cash session of the execution series: CORROBORATED. Anchor 09:00 broker (07:00 UK).",False,regen_sp500_regen2_draw3,data/slices/US500/US500_upto_2026-06-04.csv,2026-06-04 23:45
2026-06-05_Trade_3C,2026-06-05,SP500_Report_05Jun2026.md,Trade 3C - Momentum-Breakout (suppressed: no confirmed break),Trade 3C,LONG,CONDITIONAL,SUPPRESSED - no daily close beyond the 25-day high 7624.6 by >= 0.25xATR (15.10); required close >= 7639.70; D-1 close 7592.7 cash / 7582.1 full,09:00,,,,,,,NONE,TRACE,"SUPPRESSED - confirmed-break gate failed (M5 4d, s10).",True,regen_sp500_regen2_draw3,data/slices/US500/US500_upto_2026-06-04.csv,2026-06-04 23:45
2026-06-08_Trade_1,2026-06-08,SP500_Report_08-Jun-2026.md,Trade 1 - Daily Directional (SHORT),Trade 1,SHORT,MARKET,"Market sell at the daily-open anchor 09:00 broker (07:00 UK); fills at D-1 reference close (prev_close_full 7362.0, session 2026-06-05, gap 0.0).",09:00,7362.0,7454.45,7269.55,7177.1,7150.97,92.45,BE_0.2R_ON_TP2,SESSION_CLOSE_TIMESTOP,"3 equal units. Unit 1 exits at TP1 (entry-1R 7269.55); Unit 2 at TP2 (entry-2R 7177.10); on Unit 2 fill Unit 3 stop moves to entry-0.2R = 7343.51 (below entry, profit-locking). Unit 3 runner exits at session-close time-stop or the 3xATR14 price cap 7150.97, whichever first. WIDE STOP flag: R 92.45 = 1.31 x ATR14(cash) 70.34. 2R = 184.90 = 2.63 x ATR, < 3 x ATR so no TP2-ambitious flag. Thesis invalidation: daily close above daily R1 7500.93 (46.5 pts / 0.66 ATR beyond stop). Caveat: oversold bounce risk (RSI2 12.1); FOMC mid-June collision if held.",False,regen_sp500_regen2_draw3,data/slices/US500/US500_upto_2026-06-07.csv,2026-06-05 23:45:00
2026-06-08_Trade_2,2026-06-08,SP500_Report_08-Jun-2026.md,"Trade 2 - Pivot, TRANSITION breakout side (SHORT)",Trade 2,SHORT,LIMIT,"Sell limit at daily-cash P - 0.10 x (P - S1) = 7426.02 (64.02 pts above D-1 reference close 7362.0, correct side for a sell limit), monitoring opens 09:00 broker.",09:00,7426.02,7488.12,7328.43,7296.4,7264.37,62.1,BE_0.2R_ON_TP2,SESSION_CLOSE_TIMESTOP,"Branch TRANSITION (breakout side only, short). 3 equal units: Unit 1 at TP1 = daily S1 7328.43, Unit 2 at TP2 = S1.5 7296.40, Unit 3 runner to S2 7264.37; on Unit 2 fill Unit 3 stop moves to entry-0.2R = 7413.60 (below entry). R 62.10 = 0.88 x ATR14(cash) 70.34, no wide-stop flag. Thesis invalidation: daily close above daily R1 7500.93 (12.8 pts / 0.18 ATR beyond the stop, so stop is ahead of invalidation). Caveat: unfilled if no bounce to 7426; FOMC mid-June.",False,regen_sp500_regen2_draw3,data/slices/US500/US500_upto_2026-06-07.csv,2026-06-05 23:45:00
2026-06-08_Trade_3C,2026-06-08,SP500_Report_08-Jun-2026.md,Trade 3C - Momentum-Breakout (TRANSITION) SUPPRESSED,Trade 3C,SHORT,CONDITIONAL,SUPPRESSED - no confirmed break of the 25-day boundary.,09:00,,,,,,,NONE,SESSION_CLOSE_TIMESTOP,SUPPRESSED - 3C gate failed: latest daily cash close 7392.5 (2026-06-05) lies inside the 25d range 7177.5-7624.6; a confirmed break needs a close below 7177.5-17.59 = 7159.9 (short) or above 7624.6+17.59 = 7642.2 (long). Nearest boundary is 215.0 pts (3.06 ATR) away.,True,regen_sp500_regen2_draw3,data/slices/US500/US500_upto_2026-06-07.csv,2026-06-05 23:45:00
2026-06-09_Trade_1,2026-06-09,SP500_Report_09Jun2026.md,Trade 1 - Daily Directional,Trade 1,SHORT,MARKET,Sell at market at the 09:00 broker (07:00 UK) daily-open anchor; fill level = D-1 reference close prev_close_full 7406.80 (signed gap 0.00),09:00,7406.8,7472.98,7340.62,7274.44,7194.29,66.18,BE_0.2R_ON_TP2,SESSION_CLOSE_TIMESTOP,"3 equal units, SHORT at MARKET 7406.80 (prev_close_full, Jun 8). U1 exits at TP1 (-1R); U2 exits at TP2 (-2R); on TP2 fill U3 stop moves to entry-0.2R = 7393.56 (below entry, locking profit). U3 runner: exit at the 3xATR14 price cap 7194.29 or at the session-close time-stop, whichever triggers first. ATR14(cash)=70.84; R=66.18 = 0.93xATR, no wide-stop flag; 2R=132.36 < 3xATR so TP2 not ambitious. Thesis invalidation: daily close back above 7472.98+... see rationale: close above 7499.53 (daily cash R2, 26.6 pts / 0.38xATR beyond stop).",False,regen_sp500_regen2_draw3,data/slices/US500/US500_upto_2026-06-08.csv,2026-06-08 23:45:00 (level file last_bar_date 2026-06-08)
2026-06-09_Trade_2,2026-06-09,SP500_Report_09Jun2026.md,"Trade 2 - Pivot (TRANSITION breakout side, short)",Trade 2,SHORT,LIMIT,"Sell limit at 7422.61 (just below daily cash P) at/after the 09:00 broker anchor; reference close prev_close_full 7406.80, signed gap +15.81 (limit above close, valid side)",09:00,7422.61,7449.62,7382.77,7368.65,7354.53,27.01,BE_0.2R_ON_TP2,TRACE,"3 equal units, SELL LIMIT 7422.61 (breakout-side short, TRANSITION branch). U1 exits at TP1 = daily cash S1 7382.77; U2 exits at TP2 = daily cash S1.5 7368.65; on TP2 fill U3 stop moves to entry-0.2R = 7417.21 (below entry, locking profit). U3 runner targets TP3 = daily cash S2 7354.53. ATR14(cash)=70.84; R=27.01 = 0.38xATR. Thesis invalidation: daily close above weekly cash P 7463.30 (13.68 pts beyond the stop; stop sits ahead of invalidation).",False,regen_sp500_regen2_draw3,data/slices/US500/US500_upto_2026-06-08.csv,2026-06-08 23:45:00 (level file last_bar_date 2026-06-08)
2026-06-09_Trade_3C,2026-06-09,SP500_Report_09Jun2026.md,Trade 3C - Momentum-Breakout (downside) - SUPPRESSED,Trade 3C,SHORT,CONDITIONAL,SUPPRESSED: no confirmed daily close beyond the 25-day boundary,09:00,,,,,,,NONE,,SUPPRESSED - 3C eligibility gate failed; no order is placed.,True,regen_sp500_regen2_draw3,data/slices/US500/US500_upto_2026-06-08.csv,2026-06-08 23:45:00 (level file last_bar_date 2026-06-08)
2026-06-10_Trade_1,2026-06-10,SP500_Report_10Jun2026.md,Trade 1 - Daily Directional (market short at anchor),Trade 1,SHORT,MARKET,MARKET sell at the 09:00 broker (07:00 UK) daily-open anchor; fill reference = prev_close_full 7383.6 (D-1 2026-06-09),09:00,7383.6,7475.31,7291.89,7200.18,7136.25,91.71,BE_0.2R_ON_TP2,SESSION_CLOSE_TIMESTOP,"3 equal units. Unit 1 exits at TP1 (entry-1R 7291.89), Unit 2 at TP2 (entry-2R 7200.18). On the TP2 fill Unit 3 stop moves to entry-0.2R = 7365.26 (below entry, in profit). Unit 3 runner exits at session-close time-stop or the 3xATR14 price cap 7136.25 (entry-247.35), whichever first. WIDE-STOP FLAG: R 91.71 = 1.11 x ATR14 (82.45). 2R = 183.42 < 3xATR so no TP2-ambitious flag. Thesis invalidation: daily close above daily R1 7501.43 (26.1 pts beyond stop; stop ahead of invalidation).",False,regen_sp500_regen2_draw3,data/slices/US500/US500_upto_2026-06-09.csv,2026-06-09 23:45
2026-06-10_Trade_2,2026-06-10,SP500_Report_10Jun2026.md,"Trade 2 - Pivot, TRANSITION branch (downside breakout sell stop)",Trade 2,SHORT,STOP,SELL STOP at 7360.85 = d_cash_P - 0.10x(d_cash_P - d_cash_S1); below prev_close_full 7383.6 by 22.75; monitoring from 09:00 broker anchor,09:00,7360.85,7475.6,7258.13,7193.55,7128.97,114.75,BE_0.2R_ON_TP2,TRACE,"TRANSITION branch (s5.2c, breakout side only, mirrors s5.2b for the downside). 3 equal units. Unit 1 exits at daily S1 7258.13 (102.72 pts = 0.90R), Unit 2 at S1.5 7193.55 (167.30 pts), Unit 3 runner at S2 7128.97 (231.88 pts). On the TP2 fill Unit 3 stop moves to entry-0.2R = 7337.90 (below entry, in profit). WIDE-STOP FLAG: R 114.75 = 1.39 x ATR14. Thesis invalidation: daily close back above daily P 7372.27 (inside the stop; pivot trade).",False,regen_sp500_regen2_draw3,data/slices/US500/US500_upto_2026-06-09.csv,2026-06-09 23:45
2026-06-10_Trade_3C,2026-06-10,SP500_Report_10Jun2026.md,Trade 3C - Momentum-Breakout (SUPPRESSED),Trade 3C,SHORT,STOP,SUPPRESSED: no confirmed daily close beyond the 25-day boundary,09:00,,,,,,,NONE,TRACE,"SUPPRESSED - s4d gate failed: a confirmed daily close beyond swing_low_25d_cash 7243.1 by >= 0.25xATR14 (82.45 -> 20.61) means a close <= 7222.49; D-1 cash close is 7387.30, 144.2 pts above the boundary (low of 9 Jun 7243.1 was an intraday touch only, not a close). Upper side: close 7387.3 far below 7624.6. No substitute variant built.",True,regen_sp500_regen2_draw3,data/slices/US500/US500_upto_2026-06-09.csv,2026-06-09 23:45
2026-06-11_Trade_1,2026-06-11,SP500_Report_11Jun2026.md,Trade 1 - Daily Directional,Trade 1,SHORT,MARKET,"Market sell at the 09:00 broker (07:00 UK) anchor; fill assumed at D-1 reference close 7261.50 (prev_close_full, session 2026-06-10); gap 0.00",09:00,7261.5,7422.23,7100.77,6940.04,,160.73,BE_0.2R_ON_TP2,SESSION_CLOSE_TIMESTOP,"3 equal units. U1 exits at TP1 7100.77 (-1R); U2 at TP2 6940.04 (-2R); on TP2 fill Unit 3 stop moves to entry - 0.2R = 7229.35 (below entry, in profit). U3 runner has no fixed TP3: closed at session close or at 3xATR (258.39 pts, 7003.11) from entry, whichever is first. Wide stop (R = 1.87 x ATR14) and TP2 ambitious for a daily horizon (2R = 3.73 x ATR14) flags apply. Thesis invalidation: daily close above 7486.40 (09-Jun cash high), beyond the stop; next level 7604.30 (5-day swing high 04-Jun).",False,regen_sp500_regen2_draw3,data/slices/US500/US500_upto_2026-06-10.csv,2026-06-10 23:45:00
2026-06-11_Trade_2,2026-06-11,SP500_Report_11Jun2026.md,"Trade 2 - Pivot, TRANSITION breakout side (down)",Trade 2,SHORT,LIMIT,"Sell limit at 7306.03 (daily P - 0.10x(P-S1)), above D-1 reference close 7261.50 by 44.53 pts (correct side for a SELL LIMIT); monitoring from 09:00 broker",09:00,7306.03,7383.49,7228.57,7207.0,7185.43,77.46,BE_0.2R_ON_TP2,TRACE,"TRANSITION branch, downside breakout side only (mirror of M5 5.2b). 3 equal units: U1 at daily S1 7228.57, U2 at S1.5 7207.0, U3 at S2 7185.43. On TP2 fill Unit 3 stop moves to entry - 0.2R = 7290.54 (below entry, in profit). Stop 7383.49 = P + 0.8x(P-S1). Thesis invalidation: daily close above 7400.70 (10-Jun cash high), 17.2 pts (0.20xATR) beyond the stop; daily P 7314.63 is inside the stop so is not used. R is below 1xATR, no wide-stop flag.",False,regen_sp500_regen2_draw3,data/slices/US500/US500_upto_2026-06-10.csv,2026-06-10 23:45:00
2026-06-11_Trade_3C,2026-06-11,SP500_Report_11Jun2026.md,Trade 3C - Momentum-Breakout (down),Trade 3C,SHORT,CONDITIONAL,SUPPRESSED - no confirmed downside break (M5 4d / 10),09:00,,,,,,,NONE,TRACE,SUPPRESSED - no confirmed close beyond the 25-day boundary by 0.25xATR,True,regen_sp500_regen2_draw3,data/slices/US500/US500_upto_2026-06-10.csv,2026-06-10 23:45:00
2026-06-15_Trade_1,2026-06-15,SP500_Report_15Jun2026.md,Trade 1 - Daily Directional,Trade 1,n/a,MARKET,SUPPRESSED - score NEUTRAL (|0.112| < 0.25). No order.,09:00,,,,,,,NONE,,SUPPRESSED - direction score +0.112 is below the 0.25 conviction threshold (NEUTRAL); Trade 1 not issued.,True,regen_sp500_regen2_draw3,data/slices/US500/US500_upto_2026-06-14.csv,2026-06-12 23:45:00
2026-06-15_Trade_2,2026-06-15,SP500_Report_15Jun2026.md,"Trade 2 - Pivot (TRANSITION breakout side, long)",Trade 2,LONG,LIMIT,"BUY LIMIT 7423.59 = daily cash P + 0.10x(R1-P); reference close (prev_close_full, 12 Jun 23:45 broker) 7433.9; gap -10.31 pts (below close, valid side for a buy limit). Branch: TRANSITION.",09:00,7423.59,7385.74,7472.43,7492.7,7512.97,37.85,BE_0.2R_ON_TP2,TRACE,"3 equal units. Entry buy limit 7423.59. Stop 7385.74 (-37.85 pts, R = 0.40 x ATR14 cash 94.04, no wide-stop flag). U1 exits TP1 7472.43 (+48.84 pts, daily R1); U2 exits TP2 7492.7 (+69.11 pts, daily R1.5); on TP2 fill U3 stop moves to 7431.16 (entry +0.2R = +7.57 pts); U3 runner exits TP3 7512.97 (+89.38 pts, daily R2) or session close. Thesis invalidation: daily close below daily P 7418.17 (stop ahead of invalidation not applicable: invalidation sits above stop by 32.43 pts > 0.15xATR). Caveat: FOMC decision Wed 17 Jun and Lagarde speech, Empire State, Industrial Production on 15 Jun.",False,regen_sp500_regen2_draw3,data/slices/US500/US500_upto_2026-06-14.csv,2026-06-12 23:45:00
2026-06-15_Trade_3C,2026-06-15,SP500_Report_15Jun2026.md,Trade 3C - Breakout (TRANSITION),Trade 3C,n/a,CONDITIONAL,SUPPRESSED - no confirmed close beyond the 25-day boundary by 0.25xATR.,09:00,,,,,,,NONE,,"SUPPRESSED - last cash close 7431.9 is 192.7 pts below the 25-day high 7624.6; a confirmed break needs a daily close >= 7648.11 (7624.6 + 0.25x94.04) or <= 7219.59 (7243.1 - 23.51). Not met, 3C not eligible.",True,regen_sp500_regen2_draw3,data/slices/US500/US500_upto_2026-06-14.csv,2026-06-12 23:45:00
2026-06-16_Trade_1,2026-06-16,SP500_Report_16-Jun-2026.md,Trade 1 - Daily Directional,Trade 1,LONG,MARKET,Market at the 09:00 broker (07:00 UK) daily-open anchor; fill level = D-1 (15 Jun) last executable close 7559.40 (full-day basis; cash-session close 7563.40). Gap to reference close 0.00.,09:00,7559.4,7511.49,7607.31,7655.22,7863.88,47.91,BE_0.2R_ON_TP2,SESSION_CLOSE_TIMESTOP,"3 equal units. U1 exits at TP1 7607.31 (+1R = +47.91 pts / 4791 ticks); U2 exits at TP2 7655.22 (+2R = +95.82 pts); on the U2 fill U3 stop moves to entry + 0.2R = 7568.98 (+9.58 pts, in the profitable direction). U3 runner exits at the session-close time-stop or the 3 x ATR14 price cap 7863.88 (+304.48 pts), whichever triggers first. Stop 7511.49 = 47.91 pts / 4791 ticks at 0.01 below entry. ATR14 (cash, 14 daily bars to 15 Jun) = 101.49; R/ATR14 = 0.47 (no wide-stop flag; 2R < 3 ATR so no TP2-ambitious flag). Thesis invalidation: daily close below weekly pivot 7387.13 (distinct from stop; 124 pts beyond it). Confluences: stop sits 1.16 pts above daily S2 7510.33 (strong confluence); TP1 7607.31 within 2.62 pts of daily R2 7609.93 (strong confluence). Event risk (report s13d + calendar slice): US-Iran signing headline (binary: signing risk-on, collapse re-prices Hormuz premium); Fed-speak 16-18 Jun after hot CPI 4.2% / PPI 6.5%; overnight BoJ and RBA decisions and BoJ press conference (16 Jun, 06:19-09:30 broker); US Housing Starts, Building Permits and Import/Export Prices 15:30 broker on 16 Jun; 20-year auction 20:00 broker. Pivots computed from the broker US500 series (corroborated by construction).",False,regen_sp500_regen2_draw3,data/slices/US500/US500_upto_2026-06-15.csv,2026-06-15 23:45:00
2026-06-16_Trade_2,2026-06-16,SP500_Report_16-Jun-2026.md,"Trade 2 - Pivot (TRANSITION breakout-side long, buy stop above daily P)",Trade 2,LONG,STOP,"Buy stop at 7562.79 = daily cash P + 0.10 x (R1 - P); reference close prev_close_full 7559.40, signed gap +3.39 pts (above, correct side for a buy stop). Branch: TRANSITION (breakout side only, long = side of 3C).",09:00,7562.79,7511.49,7586.67,7598.3,7609.93,51.3,BE_0.2R_ON_TP2,TRACE,"3 equal units; buy stop armed from 09:00 broker. U1 exits TP1 = daily R1 7586.67 (+23.88 pts); U2 exits TP2 = daily R1.5 7598.3 (+35.51 pts); on the U2 fill U3 stop moves to entry + 0.2R = 7573.05 (+10.26 pts). U3 runner target TP3 = daily R2 7609.93 (+47.14 pts). Stop 7511.49 = 51.30 pts / 5130 ticks at 0.01 below entry. ATR14 (cash, 14 daily bars) = 101.49; R/ATR14 = 0.51 (no wide-stop flag). Thesis invalidation: daily close back below daily P 7560.13 (48.6 pts above the stop, so stop is beyond invalidation; stop sits behind S1). Confluences: stop buffer zone includes prior-day cash low 7533.60 and daily S1 7536.87; TP1 = daily R1; TP3 = daily R2. Event risk (report s13d + calendar slice): US-Iran signing headline (binary: signing risk-on, collapse re-prices Hormuz premium); Fed-speak 16-18 Jun after hot CPI 4.2% / PPI 6.5%; overnight BoJ and RBA decisions and BoJ press conference (16 Jun, 06:19-09:30 broker); US Housing Starts, Building Permits and Import/Export Prices 15:30 broker on 16 Jun; 20-year auction 20:00 broker. All pivot tiers computed from the broker US500 series (CORROBORATED by construction), so the all-indicative suppression gate does not fire.",False,regen_sp500_regen2_draw3,data/slices/US500/US500_upto_2026-06-15.csv,2026-06-15 23:45:00
2026-06-16_Trade_3C,2026-06-16,SP500_Report_16-Jun-2026.md,Trade 3C - Momentum-Breakout (TRANSITION),Trade 3C,LONG,CONDITIONAL,SUPPRESSED - no confirmed break of the 25-day range boundary.,09:00,,,,,,,NONE,SESSION_CLOSE_TIMESTOP,"SUPPRESSED - gate: D-1 cash close 7563.40 is below the 25-day high 7624.60 (02 Jun) and 61.20 pts short of the confirmed-break level 7649.97 (7624.60 + 0.25 x ATR14 101.49 = +25.37). Commentary only (not a card): a daily close at or above 7649.97 would arm the upside 3C (range 7243.10-7624.60, width 381.50). Event risk: US-Iran signing headline; Fed-speak 16-18 Jun.",True,regen_sp500_regen2_draw3,data/slices/US500/US500_upto_2026-06-15.csv,2026-06-15 23:45:00
2026-06-17_Trade_1,2026-06-17,SP500_Report_17Jun2026.md,Trade 1 - Daily Directional,Trade 1,LONG,MARKET,MARKET long at 09:00 broker (07:00 UK) daily-open anchor; fill level = D-1 reference close prev_close_full 7517.4 (session 2026-06-16); gap 0.0,09:00,7517.4,7477.84,7556.96,7596.52,7826.49,39.56,BE_0.2R_ON_TP2,SESSION_CLOSE_TIMESTOP,"3 equal units. U1 exits at TP1 7556.96 (+1R, +39.56 pts); U2 at TP2 7596.52 (+2R, +79.12 pts); on U2 fill U3 stop moves to entry+0.2R = 7525.31 (+7.91 pts). U3 runner time-stopped at session close or price-stopped at entry+3xATR14 = 7826.49 (+309.09 pts), whichever first. Thesis invalidation: daily close below daily S3 7450.40 (27.4 pts beyond stop). Event collisions: Retail Sales m/m and Core Retail Sales m/m (HIGH) 15:30 broker, FOMC decision 21:00 and press conference 21:30 broker. R/ATR14 = 0.38, no wide-stop flag.",False,regen_sp500_regen2_draw3,data/slices/US500/US500_upto_2026-06-16.csv,2026-06-16 23:45:00
2026-06-17_Trade_2,2026-06-17,SP500_Report_17Jun2026.md,Trade 2 - Pivot (TRANSITION breakout side),Trade 2,LONG,STOP,SUPPRESSED - TRANSITION breakout-side buy stop would be 7539.43 (P+0.10x(R1-P)); stop-distance floor fails,09:00,,,,,,,NONE,TRACE,SUPPRESSED: honest TRANSITION/breakout construction gives R = 29.05 pts = 0.28xATR14 < 0.3xATR14 floor (30.91). Not rebuilt on a wider tier (no basis-shopping).,True,regen_sp500_regen2_draw3,data/slices/US500/US500_upto_2026-06-16.csv,2026-06-16 23:45:00
2026-06-17_Trade_3C,2026-06-17,SP500_Report_17Jun2026.md,Trade 3C - Momentum-Breakout,Trade 3C,LONG,STOP,SUPPRESSED - no confirmed daily close beyond 25-day boundary by >=0.25xATR,09:00,,,,,,,NONE,TRACE,SUPPRESSED: 3C eligibility gate failed (D-1 cash close 7522.90 vs required close >= 7650.36). Contingent arming commentary only: a daily close >= 7650.36 would make a long 3C eligible next session.,True,regen_sp500_regen2_draw3,data/slices/US500/US500_upto_2026-06-16.csv,2026-06-16 23:45:00
2026-06-18_Trade_1,2026-06-18,SP500_Report_18Jun2026.md,"Trade 1 - Daily Directional (SHORT, market at 07:00 UK)",Trade 1,SHORT,MARKET,"Market sell at the 09:00 broker (07:00 UK) anchor; fill level = D-1 reference close 7446.2 (full-day close of 2026-06-17, prev_close_full)",09:00,7446.2,7485.69,7406.71,7367.22,7121.94,39.49,BE_0.2R_ON_TP2,SESSION_CLOSE_TIMESTOP,"3 equal units. U1 exits at TP1 7406.71 (-1R, 39.49 pts); U2 at TP2 7367.22 (-2R); on U2 fill U3 stop moves to 7438.3 (entry - 0.2R, below entry). U3 runner: session-close time-stop or 3xATR14 price cap 7121.94 (324.26 pts from entry), whichever first. R = 39.49 pts = 0.37xATR14 (no wide-stop flag; 2R < 3xATR so no TP2-ambitious flag). Thesis invalidation: daily close above daily R1 7508.83 (distinct from the 7485.69 stop; stop ahead of invalidation). Event collisions on D (broker time): BoE rate decision 14:00 HIGH, Initial Jobless Claims 15:30 HIGH, Philadelphia Fed 15:30 HIGH, US cash open 16:30, FOMC digestion; Iran MoU signing 19 Jun.",False,regen_sp500_regen2_draw3,data/slices/US500/US500_upto_2026-06-17.csv,2026-06-17 23:45:00
2026-06-18_Trade_2,2026-06-18,SP500_Report_18Jun2026.md,"Trade 2 - Pivot, TRANSITION breakout side (SHORT, sell limit P - 0.10x(P-S1))",Trade 2,SHORT,LIMIT,"Sell limit 7450.53 (daily cash P - 10% of P-S1), 4.33 pts above D-1 reference close 7446.2; TRANSITION branch, breakout (downside) side only; active from 09:00 broker",09:00,7450.53,7498.8,7377.3333,7352.25,7327.1667,48.27,BE_0.2R_ON_TP2,TRACE,"3 equal units. TP1 daily S1 7377.3333 (73.2 pts), TP2 daily S1.5 7352.25, TP3 daily S2 7327.1667. On TP2 fill U3 stop moves to 7440.88 (entry - 0.2R, below entry). R = 48.27 pts = 0.45xATR14. Thesis invalidation: daily close back above daily P 7458.67 (inside the stop 7498.80, 40.1 pts from it; stop is an intraday price, invalidation a close-through). Confluences: entry is 4.3 pts above the D-1 close; TP1 = daily S1 7377.33; stop 7498.80 lies 10 pts below daily R1 7508.83; weekly P 7387.13 sits 9.8 pts above TP1 (pivot cluster). Event collisions on D: BoE 14:00, claims and Philadelphia Fed 15:30 (all HIGH), US cash open 16:30; limit may fill on a pre-data bounce.",False,regen_sp500_regen2_draw3,data/slices/US500/US500_upto_2026-06-17.csv,2026-06-17 23:45:00
2026-06-18_Trade_3C,2026-06-18,SP500_Report_18Jun2026.md,"Trade 3C - Momentum-Breakout (SUPPRESSED, no confirmed 25d boundary close)",Trade 3C,SHORT,CONDITIONAL,"SUPPRESSED: s4d gate failed. A SHORT breakout needs a daily close <= 7243.10 - 0.25x108.09 = 7216.08; the last cash close is 7427.50, 211.4 pts above the trigger. No substitution of pivot levels.",09:00,,,,,,,NONE,,SUPPRESSED - no card. Gate: confirmed daily close beyond swing_low_25d_cash 7243.10 (set 9 Jun 19:30 broker) by >=0.25xATR14 (27.02) i.e. <= 7216.08; not met.,True,regen_sp500_regen2_draw3,data/slices/US500/US500_upto_2026-06-17.csv,2026-06-17 23:45:00
2026-06-19_Trade_1,2026-06-19,SP500_Report_19Jun2026.md,Trade 1 - Daily Directional,Trade 1,n/a,MARKET,SUPPRESSED - MARKET at 09:00 broker (07:00 UK) daily-open anchor would fill at prev_close_full 7510.50; not issued,09:00,,,,,,,NONE,SESSION_CLOSE_TIMESTOP,"SUPPRESSED - |direction score| 0.173 < 0.25 conviction threshold (M5 s2b/s10): direction NEUTRAL, Trade 1 not issued.",True,regen_sp500_regen2_draw3,data/slices/US500/US500_upto_2026-06-18.csv,2026-06-18 23:45:00
2026-06-19_Trade_2,2026-06-19,SP500_Report_19Jun2026.md,"Trade 2 - Pivot (TRANSITION branch, breakout side, long)",Trade 2,LONG,LIMIT,"SUPPRESSED - TRANSITION breakout-side branch (M5 s5.2c mirrors s5.2b): buy at P+0.10x(R1-P) on daily cash pivots would have been a BUY LIMIT 7500.25 (gap -10.25 to prev_close_full 7510.50, order side OK); not issued",09:00,,,,,,,NONE,TRACE,"SUPPRESSED - honest construction gives R 18.97 pts = 0.17 x ATR14 (cash 112.15), below the 0.3 x ATR14 floor (33.65 cash / 37.17 full-day); card not rebuilt on a wider tier or stop to clear the floor.",True,regen_sp500_regen2_draw3,data/slices/US500/US500_upto_2026-06-18.csv,2026-06-18 23:45:00
2026-06-19_Trade_3C,2026-06-19,SP500_Report_19Jun2026.md,Trade 3C - Momentum-Breakout,Trade 3C,n/a,CONDITIONAL,SUPPRESSED - no confirmed daily close beyond the 25-day boundary by >=0.25xATR14; no entry,09:00,,,,,,,NONE,TRACE,SUPPRESSED - 3C needs a daily close >= 7652.64 (25d cash high 7624.60 + 0.25xATR 28.04) or <= 7215.06; D-1 cash close 7502.30 is 150.34 pts below the upside trigger. No substitute 3A/3B issued.,True,regen_sp500_regen2_draw3,data/slices/US500/US500_upto_2026-06-18.csv,2026-06-18 23:45:00
2026-06-23_Trade_1,2026-06-23,SP500_Report_23Jun2026.md,Trade 1 - Daily Directional,Trade 1,SHORT,MARKET,Market sell at the 09:00 broker (07:00 UK) anchor; fill level is the D-1 reference close (22 Jun full-day 23:45 close 7481.80). Signed gap 0.00.,09:00,7481.8,7566.74,7396.86,7311.92,7146.53,84.94,BE_0.2R_ON_TP2,SESSION_CLOSE_TIMESTOP,"3 equal units. Sell 7481.80 at 09:00 broker. Stop 7566.74. U1 TP1 7396.86; U2 TP2 7311.92; on U2 fill U3 stop moves to 7464.81 (entry - 0.2R, below entry for a short). U3 runner: time-stopped at session close or price-stopped at 3 x ATR14 cash from entry (7146.53), whichever first. Invalidation: daily close above 7594.47 (daily cash R3), stop ahead of invalidation. R = 84.94 pts = 0.76 x ATR14 cash (111.76; 0.67 x full-day 126.36); not above 1 x ATR so no wide-stop flag. Caveats: Micron results Wed 24 Jun and May PCE Thu 25 Jun fall inside the holding window; RSI2 is 0.0 (stretched) so a mean-reversion bounce is a live risk.",False,regen_sp500_regen2_draw3,data/slices/US500/US500_upto_2026-06-22.csv,2026-06-22 23:45:00
2026-06-23_Trade_2,2026-06-23,SP500_Report_23Jun2026.md,"Trade 2 - Pivot (regime-aware), TRANSITION protocol",Trade 2,n/a,STOP,SUPPRESSED - TRANSITION branch permits only a breakout-side entry beyond the 25-day boundary; none confirmed.,09:00,,,,,,,NONE,TRACE,"SUPPRESSED - regime TRANSITION, Trade 2 is breakout-side only (M5 5.2c). No confirmed break: 22 Jun cash close 7479.3 is inside the 25-day range 7243.1-7624.6, so there is no breakout side. A counter-side pivot-fade limit is suppressed, not re-labelled.",True,regen_sp500_regen2_draw3,data/slices/US500/US500_upto_2026-06-22.csv,2026-06-22 23:45:00
2026-06-23_Trade_3C,2026-06-23,SP500_Report_23Jun2026.md,Trade 3C - Momentum-Breakout (TRANSITION fork),Trade 3C,n/a,CONDITIONAL,SUPPRESSED - no confirmed daily close beyond the 25-day boundary by >= 0.25 x ATR14.,09:00,,,,,,,NONE,TRACE,SUPPRESSED - TRANSITION fork selects 3C; eligibility needs a daily close >= 7652.5 or <= 7215.2 (25d boundary 7624.6 / 7243.1 +/- 0.25 x ATR14 cash 111.76). Last close 7479.3 meets neither (value tested: 7479.3 vs 7652.5 / 7215.2).,True,regen_sp500_regen2_draw3,data/slices/US500/US500_upto_2026-06-22.csv,2026-06-22 23:45:00
2026-06-24_Trade_1,2026-06-24,SP500_Report_24Jun2026.md,Trade 1 - Daily Directional,Trade 1,SHORT,MARKET,"MARKET sell at the 09:00 broker anchor (07:00 UK daily-open anchor), filled at the D-1 reference close: full-day close of 2026-06-23 = 7386.4 (signed gap 0.0)",09:00,7386.4,7447.8,7325.0,7263.6,7037.56,61.4,BE_0.2R_ON_TP2,SESSION_CLOSE_TIMESTOP,"3 equal units. Unit 1 exits at TP1 (entry - 1R = 7325.00, 61.4 pts). Unit 2 exits at TP2 (entry - 2R = 7263.60, 122.8 pts). On the TP2 fill Unit 3 stop moves to entry - 0.2R = 7374.12 (below entry, in profit). Unit 3 runner is time-stopped at the session close or price-stopped at 3 x ATR14 from entry (7037.56, 348.84 pts), whichever comes first. ATR14 = 116.28 (14 sessions, S&P cash session 16:30-23:00 broker). R = 61.40 = 0.53 x ATR14, no wide-stop flag. Thesis invalidation: daily close above weekly P 7495.37 (47.6 pts beyond the stop). Event collisions: US New Home Sales 17:00 and EIA crude stocks 17:30 broker on 24 Jun (both HIGH), 5-year note auction 20:00 and Fed Governor Cook 21:00; core PCE Fri 26 Jun inside the holding window.",False,regen_sp500_regen2_draw3,data/slices/US500/US500_upto_2026-06-23.csv,2026-06-23 23:45:00
2026-06-24_Trade_2,2026-06-24,SP500_Report_24Jun2026.md,"Trade 2 - Pivot (TRANSITION, downside breakout side)",Trade 2,SHORT,STOP,"SUPPRESSED - sell stop would be P - 0.10x(P-S1) = 7383.03, below the 7386.4 reference close (side correct), but the construction fails the R floor",09:00,,,,,,,NONE,TRACE,SUPPRESSED - R below 0.3 x ATR14 floor (29.45 pts = 0.25 x 116.28). No card issued.,True,regen_sp500_regen2_draw3,data/slices/US500/US500_upto_2026-06-23.csv,2026-06-23 23:45:00
2026-06-24_Trade_3C,2026-06-24,SP500_Report_24Jun2026.md,Trade 3C - Momentum-Breakout,Trade 3C,SHORT,CONDITIONAL,SUPPRESSED - no confirmed daily close beyond the 25-day boundary by 0.25 x ATR14,09:00,,,,,,,NONE,TRACE,SUPPRESSED - confirmed-break gate failed. No card issued.,True,regen_sp500_regen2_draw3,data/slices/US500/US500_upto_2026-06-23.csv,2026-06-23 23:45:00
2026-06-25_Trade_1,2026-06-25,SP500_Report_25Jun2026.md,"Trade 1 - Daily Directional (SHORT, market at daily-open anchor)",Trade 1,SHORT,MARKET,"SELL at market at 09:00 broker (07:00 UK) daily-open anchor; fill level = prev_close_full 7418.00 (D-1 = 2026-06-24, last bar 23:45 broker)",09:00,7418.0,7461.28,7374.72,7331.44,7064.3,43.28,BE_0.2R_ON_TP2,SESSION_CLOSE_TIMESTOP,"3 equal units. Unit 1 exits at TP1 (-1R, 7374.72, -43.28 pts); Unit 2 exits at TP2 (-2R, 7331.44, -86.56 pts); on the TP2 fill Unit 3 stop moves to entry - 0.2R = 7409.34 (below entry, profitable side). Unit 3 runner is time-stopped at session close or price-stopped at 3 x ATR14 from entry (7064.30, -353.70 pts), whichever first. Stop 7461.28 (+43.28 pts, 0.37 x ATR14 cash 117.90). Thesis invalidation: daily close above weekly P 7495.37.",False,regen_sp500_regen2_draw3,data/slices/US500/US500_upto_2026-06-24.csv,2026-06-24 23:45:00
2026-06-25_Trade_2,2026-06-25,SP500_Report_25Jun2026.md,"Trade 2 - Pivot, TRANSITION branch (breakout side: short sell-stop below daily P)",Trade 2,SHORT,STOP,"SELL STOP at 7380.18 = daily cash P - 0.10 x (P - S1), arming at 09:00 broker; below prev_close_full 7418.00 by 37.82 pts (below cash close 7372.30 it is +7.88)",09:00,7380.18,7416.98,7332.87,7313.15,7293.43,36.8,BE_0.2R_ON_TP2,TRACE,"3 equal units. Unit 1 exits TP1 = daily S1 7332.87 (47.31 pts, 1.29R); Unit 2 exits TP2 = daily S1.5 7313.15 (67.03 pts, 1.82R); on the TP2 fill Unit 3 stop moves to entry - 0.2R = 7372.82 (below entry). Unit 3 runs to TP3 = daily S2 7293.43 (86.75 pts, 2.36R). Stop 7416.98 (+36.80 pts, 1R). Thesis invalidation: daily close back above daily P 7385.43.",False,regen_sp500_regen2_draw3,data/slices/US500/US500_upto_2026-06-24.csv,2026-06-24 23:45:00
2026-06-25_Trade_3C,2026-06-25,SP500_Report_25Jun2026.md,Trade 3C - Momentum-Breakout (TRANSITION fork) - SUPPRESSED,Trade 3C,SHORT,CONDITIONAL,SUPPRESSED - no confirmed daily close beyond the 25-day boundary,09:00,,,,,,,NONE,TRACE,"SUPPRESSED - no entry, stop or ladder. Gate: 3C needs a daily close beyond the 25-day boundary by >= 0.25 x ATR14.",True,regen_sp500_regen2_draw3,data/slices/US500/US500_upto_2026-06-24.csv,2026-06-24 23:45:00
2026-06-26_Trade_1,2026-06-26,SP500_Report_26Jun2026.md,Trade 1 - Daily Directional (market sell at anchor),Trade 1,SHORT,MARKET,"SELL MARKET at the 09:00 broker (07:00 UK) daily-open anchor; fill level = prev_close_full 7377.20 (last bar 25 Jun 23:45 broker), gap to reference close 0.00",09:00,7377.2,7448.7,7305.7,7234.2,7049.26,71.5,BE_0.2R_ON_TP2,SESSION_CLOSE_TIMESTOP,"3 equal units. U1 exits TP1 7305.70 (-71.50 pts = 1R). U2 exits TP2 7234.20 (-143.00 pts = 2R); on U2 fill U3 stop moves to entry - 0.2R = 7362.90 (below entry, in profit). U3 runner exits at session close time-stop or at the 3 x ATR14 price cap 7049.26 (-327.94 pts), whichever first. Stop 7448.70 = +71.50 pts. R = 71.50 pts = 0.65 x ATR14 cash (109.31), no wide-stop flag; 2R = 1.31 x ATR, no ambitious-TP2 flag. Thesis invalidation: daily close above weekly P 7495.37.",False,regen_sp500_regen2_draw3,data/slices/US500/US500_upto_2026-06-25.csv,2026-06-25 23:45:00
2026-06-26_Trade_2,2026-06-26,SP500_Report_26Jun2026.md,"Trade 2 - Pivot, TRANSITION branch (breakout side, short)",Trade 2,SHORT,STOP,"SELL STOP at daily P - 0.10 x (P - S1) = 7371.59; reference close prev_close_full 7377.20, gap -5.61 (below close, correct side for a sell stop); monitoring opens 09:00 broker",09:00,7371.59,7412.52,7321.67,7299.55,7277.43,40.93,BE_0.2R_ON_TP2,TRACE,"3 equal units. TRANSITION branch (mirror of TREND breakout, short side): U1 exits TP1 daily S1 7321.67 (-49.92 pts = 1.22R); U2 exits TP2 daily S1.5 7299.55 (-72.04 pts); U3 runner to daily S2 7277.43 (-94.16 pts). On U2 fill U3 stop moves to entry - 0.2R = 7363.40. Stop 7412.52 = +40.93 pts = 0.37 x ATR14 cash 109.31 (no wide-stop flag). Thesis invalidation: daily close above weekly P 7495.37 (named level, 82.8 pts beyond the stop, more than 0.15 x ATR from it).",False,regen_sp500_regen2_draw3,data/slices/US500/US500_upto_2026-06-25.csv,2026-06-25 23:45:00
2026-06-26_Trade_3C,2026-06-26,SP500_Report_26Jun2026.md,"Trade 3C - Momentum-Breakout (SUPPRESSED, no confirmed break)",Trade 3C,n/a,CONDITIONAL,SUPPRESSED - no confirmed close beyond the 25-day boundary,09:00,,,,,,,NONE,TRACE,SUPPRESSED - 3C eligibility gate failed: D-1 cash close 7365.90 is neither below 7215.77 (25d low 7243.10 - 0.25 x ATR 27.33) nor above 7651.93 (25d high 7624.60 + 27.33).,True,regen_sp500_regen2_draw3,data/slices/US500/US500_upto_2026-06-25.csv,2026-06-25 23:45:00
2026-06-29_Trade_1,2026-06-29,SP500_Daily_Report_29Jun2026.md,Trade 1 - Daily Directional,Trade 1,SHORT,MARKET,"MARKET sell at the 09:00 broker (07:00 UK) daily-open anchor, filled at the D-1 reference close 7345.60 (2026-06-26 full-day close, prev_close_full)",09:00,7345.6,7566.49,7124.71,6903.82,,220.89,BE_0.2R_ON_TP2,SESSION_CLOSE_TIMESTOP,"3 equal units. U1 exits at TP1 7124.71 (-1R, 220.89 pts). U2 exits at TP2 6903.82 (-2R). On TP2 fill Unit 3 stop moves to 7301.42 (entry - 0.2R, below entry, profit side). Unit 3 runner: session-close time-stop OR price cap 3xATR14 = 7013.33 (entry - 332.27), whichever first; no fixed TP3. Wide-stop flag: R 220.89 = 1.99 x ATR14 (110.76) > 1.00. TP2 ambitious for a daily horizon (2R = 441.78 = 3.99 x ATR > 3 x ATR). Thesis invalidation: daily close above weekly pivot 7392.57 (174 pts inside the stop). Caveats: 29 Jun events in the holding window (broker time): 12:00 EUR Consumer Price Expectations HIGH; 17:30 USD Dallas Fed Manufacturing; 22:00 ECB President Lagarde speech HIGH; 10:00 EUR CPI/HICP y/y (moderate); also quarter-end rebalancing and mega-cap/AI commentary this week (report 13d).",False,regen_sp500_regen2_draw3,data/slices/US500/US500_upto_2026-06-28.csv,2026-06-26 23:45:00
2026-06-29_Trade_2,2026-06-29,SP500_Daily_Report_29Jun2026.md,"Trade 2 - Pivot, TRANSITION breakout side (sell stop below daily P)",Trade 2,SHORT,STOP,"SELL STOP at 7341.49 = daily P - 0.10 x (P - S1), armed from 09:00 broker; sits -4.11 vs D-1 reference close 7345.60 (prev_close_full), correct side",09:00,7341.49,7382.12,7291.9,7269.95,7248.0,40.63,BE_0.2R_ON_TP2,TRACE,"Branch TRANSITION (breakout side only; down, aligned with Trade 3C side). 3 equal units: U1 at TP1 = daily S1 7291.9, U2 at TP2 = S1.5 7269.95, U3 at TP3 = S2 7248.0. On TP2 fill Unit 3 stop moves to 7333.36 (entry - 0.2R, profit side). R 40.63 pts = 0.37 x ATR14 (110.76), not a wide stop. TP1 distance 49.59 pts. Thesis invalidation: daily close back above daily P 7347.00 (35.1 pts below the stop). Counter-side buy limit suppressed per TRANSITION rule. Caveats: pivots from cash session D-1 (CORROBORATED, execution series). 29 Jun events (broker time): 12:00 EUR Consumer Price Expectations HIGH; 17:30 USD Dallas Fed Manufacturing; 22:00 ECB President Lagarde speech HIGH; quarter-end flows and mega-cap/AI commentary (report 13d).",False,regen_sp500_regen2_draw3,data/slices/US500/US500_upto_2026-06-28.csv,2026-06-26 23:45:00
2026-06-29_Trade_3C,2026-06-29,SP500_Daily_Report_29Jun2026.md,Trade 3C - Momentum-Breakout (TRANSITION) - SUPPRESSED,Trade 3C,SHORT,CONDITIONAL,SUPPRESSED - no confirmed 25-day boundary break,09:00,,,,,,,NONE,TRACE,SUPPRESSED - confirmed-break gate failed: D-1 cash close 7335.80 is 120.39 pts above the required down-break trigger 7243.10 - 27.69 = 7215.41 (25-day low less 0.25 x ATR14). Commentary only (not a card): eligible only after a daily close below 7215.41.,True,regen_sp500_regen2_draw3,data/slices/US500/US500_upto_2026-06-28.csv,2026-06-26 23:45:00
2026-06-30_Trade_1,2026-06-30,SP500_Report_30Jun2026.md,Trade 1 - Daily Directional,Trade 1,n/a,MARKET,"SUPPRESSED - direction score -0.051, |score| < 0.25 conviction threshold (NEUTRAL)",09:00,,,,,,,BE_0.2R_ON_TP2,SESSION_CLOSE_TIMESTOP,SUPPRESSED - no card issued; direction score -0.051 is inside +-0.25.,True,regen_sp500_regen2_draw3,data/slices/US500/US500_upto_2026-06-29.csv,2026-06-29 23:45:00
2026-06-30_Trade_2,2026-06-30,SP500_Report_30Jun2026.md,"Trade 2 - Pivot breakout (TRANSITION, downside breakout side)",Trade 2,SHORT,STOP,"SELL STOP at 7412.80 (daily cash P - 0.10x(P-S1)); reference close prev_close_full 7440.30 (29 Jun 23:45 broker), gap -27.50 pts (below close = correct side for a sell stop). Armed from 09:00 broker.",09:00,7412.8,7465.13,7381.87,7351.3,7320.73,52.33,BE_0.2R_ON_TP2,TRACE,"3 equal units. Unit 1 exits at TP1 = daily S1 7381.87 (-30.93 pts); Unit 2 at TP2 = S1.5 7351.30 (-61.50 pts); Unit 3 at TP3 = daily S2 7320.73 (-92.07 pts). On the TP2 fill Unit 3 stop moves to entry - 0.2R = 7402.33 (-10.47 pts below entry, the profitable side for a short). Stop 7465.13 (+52.33 pts). Thesis invalidation: daily close back above daily P 7416.23 (stop is inside invalidation distance by design of the pivot rule; invalidation sits 48.90 pts below the stop). ATR14 = 101.58 (14 sessions, cash bars 16:30-23:00 broker); R = 52.33 = 0.52 x ATR14, not a wide stop.",False,regen_sp500_regen2_draw3,data/slices/US500/US500_upto_2026-06-29.csv,2026-06-29 23:45:00
2026-06-30_Trade_3C,2026-06-30,SP500_Report_30Jun2026.md,Trade 3C - Momentum-Breakout (TRANSITION),Trade 3C,SHORT,CONDITIONAL,SUPPRESSED - no confirmed close beyond the 25-day boundary by >= 0.25 x ATR14,09:00,,,,,,,NONE,TRACE,SUPPRESSED - no card issued; breakout not confirmed.,True,regen_sp500_regen2_draw3,data/slices/US500/US500_upto_2026-06-29.csv,2026-06-29 23:45:00
2026-07-01_Trade_1,2026-07-01,SP500_Report_01Jul2026.md,Trade 1 - Daily Directional (market at daily-open anchor),Trade 1,LONG,MARKET,"Market at the 07:00 UK (09:00 broker) daily-open anchor; fill level = prev_close_full 7487.2 (30 Jun full-day close; reference close, gap 0.0)",09:00,7487.2,7427.83,7546.57,7605.94,7779.61,59.37,BE_0.2R_ON_TP2,SESSION_CLOSE_TIMESTOP,"3 equal units. U1 exits TP1 7546.57 (+59.37 pts, +1R); U2 exits TP2 7605.94 (+118.74 pts, +2R); on U2 fill U3 stop moves to 7499.07 (entry +0.2R = +11.87 pts). U3 runner: session-close time-stop OR 3xATR14 price cap 7779.61 (+292.41 pts), whichever first. Stop 7427.83 (-59.37 pts). R/ATR14 = 0.61: no wide-stop flag; 2R=118.7 < 3xATR so no 'TP2 ambitious' flag. Thesis invalidation: daily close below weekly cash P 7392.57 (beyond the stop; stop ahead of invalidation).",False,regen_sp500_regen2_draw3,data/slices/US500/US500_upto_2026-06-30.csv,2026-06-30 23:45:00
2026-07-01_Trade_2,2026-07-01,SP500_Report_01Jul2026.md,"Trade 2 - Pivot, TRANSITION branch (breakout side, long) - SUPPRESSED",Trade 2,LONG,LIMIT,SUPPRESSED - risk floor failed on honest construction,09:00,,,,,,,NONE,TRACE,SUPPRESSED: honest TRANSITION-branch construction gives R below the 0.3xATR14 floor.,True,regen_sp500_regen2_draw3,data/slices/US500/US500_upto_2026-06-30.csv,2026-06-30 23:45:00
2026-07-01_Trade_3C,2026-07-01,SP500_Report_01Jul2026.md,Trade 3C - Momentum-Breakout (TRANSITION fork) - SUPPRESSED,Trade 3C,LONG,CONDITIONAL,SUPPRESSED - no confirmed close beyond the 25-day boundary,09:00,,,,,,,NONE,TRACE,SUPPRESSED: s4d gate failed.,True,regen_sp500_regen2_draw3,data/slices/US500/US500_upto_2026-06-30.csv,2026-06-30 23:45:00
2026-07-02_Trade_1,2026-07-02,SP500_Report_02Jul2026.md,Trade 1 - Daily Directional,Trade 1,LONG,MARKET,"MARKET at 09:00 broker (07:00 UK) daily-open anchor; fill level = prev_close_full 7478.8 (last executable price, 01 Jul 2026 23:45 broker)",09:00,7478.8,7429.8,7527.8,7576.8,7753.26,49.0,BE_0.2R_ON_TP2,SESSION_CLOSE_TIMESTOP,"3 equal units. U1 exits TP1 7527.8 (+1R); U2 exits TP2 7576.8 (+2R); on U2 fill U3 stop moves to entry + 0.2R = 7488.6. U3 runner is time-stopped at session close or price-stopped at entry + 3 x ATR14 = 7753.26, whichever first. R=49.0 pts = 0.54 x ATR14 (91.49, 14 sessions, cash bars 16:30-23:00 broker): no wide-stop flag; 2R = 98.00 < 3 x ATR so no TP2-ambitious flag. Thesis invalidation: daily close below weekly P 7392.57 (stop ahead of invalidation; daily S2 7416.23 rejected as it sits only 13.57 pts below stop, < 0.15 x ATR = 13.72). Event risk: June NFP 02 Jul 15:30 broker, thin pre-holiday liquidity.",False,regen_sp500_regen2_draw3,data/slices/US500/US500_upto_2026-07-01.csv,2026-07-01 23:45:00
2026-07-02_Trade_2,2026-07-02,SP500_Report_02Jul2026.md,Trade 2 - Pivot (regime-aware),Trade 2,n/a,CONDITIONAL,"SUPPRESSED - TRANSITION branch (breakout side only, M5 5.2c); breakout side undefined because Trade 3C has no confirmed break",09:00,,,,,,,NONE,TRACE,"SUPPRESSED - regime TRANSITION: Trade 2 allowed only on the breakout side identified by Trade 3C; 3C fails the confirmed-close gate (see Trade 3C), so no breakout side exists. Counter-side limit not permitted. Not suppressed for pivot-indicative reasons: pivots computed from broker execution series are CORROBORATED.",True,regen_sp500_regen2_draw3,data/slices/US500/US500_upto_2026-07-01.csv,2026-07-01 23:45:00
2026-07-02_Trade_3C,2026-07-02,SP500_Report_02Jul2026.md,Trade 3C - Momentum-Breakout,Trade 3C,n/a,CONDITIONAL,SUPPRESSED - no confirmed break per M5 4d,09:00,,,,,,,NONE,TRACE,"SUPPRESSED - TRANSITION fork selects 3C; eligibility needs a daily close beyond the 25-day boundary by >= 0.25 x ATR14 (91.49 cash, 14 sessions): close > 7647.47 or < 7220.23. D-1 cash close 7489.10 is inside both (gap to upper 158.37, to lower 268.87). No substitution of 3A/3B.",True,regen_sp500_regen2_draw3,data/slices/US500/US500_upto_2026-07-01.csv,2026-07-01 23:45:00
2026-07-03_Trade_1,2026-07-03,SP500_Report_03Jul2026.md,Trade 1 - Daily Directional,Trade 1,n/a,MARKET,SUPPRESSED - direction score +0.2226 is below the 0.25 conviction threshold (NEUTRAL),09:00,,,,,,,NONE,SESSION_CLOSE_TIMESTOP,SUPPRESSED: |score| 0.2226 < 0.25 conviction threshold; no card issued.,True,regen_sp500_regen2_draw3,data/slices/US500/US500_upto_2026-07-02.csv,2026-07-02 23:45
2026-07-03_Trade_2,2026-07-03,SP500_Report_03Jul2026.md,"Trade 2 - Pivot (TRANSITION breakout side, long)",Trade 2,LONG,STOP,"BUY STOP at daily P + 0.10x(R1-P), breakout side only (TRANSITION)",09:00,7485.59,7431.68,7533.53,7563.9,7594.27,53.91,BE_0.2R_ON_TP2,TRACE,"Three equal units. BUY STOP 7485.59 (14.8 pts above prev_close_full 7470.8). Stop 7431.68. U1 exits TP1 7533.53 (daily R1); U2 exits TP2 7563.9 (R1.5); U3 targets TP3 7594.27 (daily R2). On TP2 fill U3 stop moves to entry + 0.2R = 7496.37. Thesis invalidation: daily close back below daily P 7480.27. R = 53.91 pts = 0.58x ATR14 (92.86), not wide.",False,regen_sp500_regen2_draw3,data/slices/US500/US500_upto_2026-07-02.csv,2026-07-02 23:45
2026-07-03_Trade_3C,2026-07-03,SP500_Report_03Jul2026.md,"Trade 3C - Momentum-Breakout (TRANSITION, long side)",Trade 3C,LONG,CONDITIONAL,SUPPRESSED - no confirmed close beyond the 25-day high by 0.25xATR,16:30,,,,,,,NONE,TRACE,SUPPRESSED: confirmed-break gate (M5 4d) not met; D-1 cash close 7472.8 vs required close >= 7647.81.,True,regen_sp500_regen2_draw3,data/slices/US500/US500_upto_2026-07-02.csv,2026-07-02 23:45
2026-07-06_Trade_1,2026-07-06,SP500_Report_06Jul2026.md,Trade 1 - Daily Directional,Trade 1,n/a,MARKET,SUPPRESSED - direction score 0.2078 below 0.25 conviction threshold; no directional edge,09:00,,,,,,,NONE,SESSION_CLOSE_TIMESTOP,SUPPRESSED - |score| 0.2078 < 0.25 (NEUTRAL). No order.,True,regen_sp500_regen2_draw3,data/slices/US500/US500_upto_2026-07-05.csv,2026-07-03 20:00:00
2026-07-06_Trade_2,2026-07-06,SP500_Report_06Jul2026.md,"Trade 2 - Pivot fade, RANGE regime",Trade 2,n/a,LIMIT,SUPPRESSED - RANGE fade at daily cash pivots fails the R floor (R 24.0-24.4 pts < 0.3xATR14 = 25.40),09:00,,,,,,,BE_0.2R_ON_TP2,TRACE,SUPPRESSED - honest construction fails the 0.3xATR14 R floor. No order.,True,regen_sp500_regen2_draw3,data/slices/US500/US500_upto_2026-07-05.csv,2026-07-03 20:00:00
2026-07-06_Trade_3B,2026-07-06,SP500_Report_06Jul2026.md,Trade 3B - Mean-Reversion to range mid,Trade 3B,LONG,LIMIT,"Buy limit 7324.7 (21.4% of 25-day cash range 7243.1-7624.6); reference close 7504.6 (03 Jul broker close, last executable), signed gap -179.9; active from 09:00 broker (07:00 UK)",09:00,7324.7,7281.25,7433.85,7586.45,,43.45,BE_0.2R_ON_TP2,TRACE,"3 equal units. U1 exits at range midpoint 7433.85 (+109.15 pts); U2 exits at 7586.45 (high - 10% width, +261.75 pts); on the U2 fill U3 stop moves to entry+0.2R = 7333.39 (+8.69 pts); U3 is a breakout runner with no fixed target, traced. R=43.45 pts = 0.51xATR14 (84.66, 14 daily cash-session bars, level file); no wide-stop flag. Invalidation: daily close below the 25-day low 7243.1 (38.15 pts beyond the stop). Caveat: counters other than VIX indicative; 06 Jul reopen gap risk.",False,regen_sp500_regen2_draw3,data/slices/US500/US500_upto_2026-07-05.csv,2026-07-03 20:00:00
2026-07-07_Trade_1,2026-07-07,SP500_Report_07Jul2026.md,Trade 1 - Daily Directional (LONG),Trade 1,LONG,MARKET,"Market buy at 09:00 broker (07:00 UK daily-open anchor) at the D-1 reference close 7546.3 (prev_close_full, session 2026-07-06, last executable price); signed gap 0.0.",09:00,7546.3,7481.3,7611.3,7676.3,7799.6,65.0,BE_0.2R_ON_TP2,SESSION_CLOSE_TIMESTOP,"3 equal units. Unit 1 exits at TP1 7611.3 (+1R); Unit 2 exits at TP2 7676.3 (+2R); on the TP2 fill Unit 3 stop moves to entry +0.2R = 7559.3. Unit 3 runner is time-stopped at session close or price-stopped at entry +3xATR14 = 7799.6, whichever comes first. Thesis invalidation: daily close below the 5-day swing low 7427.0 (02Jul cash low). Sanity: R 65.0 pts = 0.77 x ATR14 (84.44, cash daily bars), within 1.0 so no wide-stop flag; 2R = 130.0 < 3xATR so no ambitious-TP2 flag. Holding period collides with FOMC minutes 08 Jul.",False,regen_sp500_regen2_draw3,data/slices/US500/US500_upto_2026-07-06.csv,2026-07-06 23:45:00
2026-07-07_Trade_2,2026-07-07,SP500_Report_07Jul2026.md,"Trade 2 - Pivot, regime-aware (TRANSITION breakout side, LONG)",Trade 2,LONG,LIMIT,SUPPRESSED - TREND-mirror breakout geometry fails the R floor: R 18.95 = 0.22 x ATR14 < 0.3 x ATR14,09:00,,,,,,,NONE,TRACE,"SUPPRESSED - R 18.95 pts = 0.22 x ATR14 (84.44) is below the 0.3 x ATR14 = 25.33 floor; card suppressed, not warned.",True,regen_sp500_regen2_draw3,data/slices/US500/US500_upto_2026-07-06.csv,2026-07-06 23:45:00
2026-07-07_Trade_3C,2026-07-07,SP500_Report_07Jul2026.md,"Trade 3C - Momentum-Breakout (TRANSITION, LONG side)",Trade 3C,LONG,CONDITIONAL,SUPPRESSED - no confirmed break: D-1 cash close 7542.6 < 7645.7 (25d high 7624.6 + 0.25 x ATR14 21.1),09:00,,,,,,,NONE,TRACE,SUPPRESSED - close 7542.6 is 103.1 pts (1.22 x ATR14) short of the 7645.7 confirmation level. Commentary only: arming level would be a daily close >= 7645.7.,True,regen_sp500_regen2_draw3,data/slices/US500/US500_upto_2026-07-06.csv,2026-07-06 23:45:00
2026-07-09_Trade_1,2026-07-09,SP500_Daily_Report_09Jul2026.md,Trade 1 - Daily Directional (SHORT),Trade 1,SHORT,MARKET,Market sell at the 09:00 broker (07:00 UK) anchor; fill level = D-1 reference close prev_close_full 7468.5 (8 Jul 23:45 broker bar).,09:00,7468.5,7523.83,7413.17,7358.84,7231.69,55.33,BE_0.2R_ON_TP2,SESSION_CLOSE_TIMESTOP,"Three equal units. U1 exits at TP1 = entry-1R (7413.17), U2 at TP2 = entry-2R (7358.84). On the TP2 fill U3 stop moves to entry-0.2R = 7457.43 (below entry, profitable side for a short). U3 runner: time-stop at session close or price-stop 3xATR14 (236.81) from entry = 7231.69, whichever first. Thesis invalidation: daily close above 7552.40 (5d swing high, 6 Jul) - 28.57 pts beyond the stop. R=55.33 = 0.70xATR14 (no wide-stop flag); 2R=110.66 < 3xATR so no TP2-ambitious flag.",False,regen_sp500_regen2_draw3,data/slices/US500/US500_upto_2026-07-08.csv,2026-07-08 23:45:00
2026-07-09_Trade_2,2026-07-09,SP500_Daily_Report_09Jul2026.md,"Trade 2 - Pivot, TRANSITION branch breakout (SHORT)",Trade 2,SHORT,STOP,"Sell stop at P - 0.10x(P - S1) on the daily cash pivots = 7460.05, 8.45 below reference close 7468.5 (correct side for a sell stop).",09:00,7460.05,7495.8,7437.1,7416.35,7395.6,35.75,BE_0.2R_ON_TP2,TRACE,"Three equal units. TP1 = daily S1 7437.10, TP2 = S1.5 7416.35, TP3 = S2 7395.60 (TRANSITION branch uses S1/S1.5/S2 per M5 5.2c, so TP1/TP2 are 0.64R/1.22R, not 1R/2R). On the TP2 fill U3 stop moves to entry-0.2R = 7452.90. Thesis invalidation: daily close above daily P 7462.60 (stop 7495.80 is wider than the invalidation, so stop sits behind it). R=35.75 = 0.45xATR14. Reference close 7468.5 (8 Jul), signed gap entry-ref = -8.45.",False,regen_sp500_regen2_draw3,data/slices/US500/US500_upto_2026-07-08.csv,2026-07-08 23:45:00
2026-07-09_Trade_3C,2026-07-09,SP500_Daily_Report_09Jul2026.md,Trade 3C - Momentum-Breakout (TRANSITION) SUPPRESSED,Trade 3C,SHORT,CONDITIONAL,Not issued: no confirmed daily close beyond the 25-day boundary.,09:00,,,,,,,BE_0.2R_ON_TP2,TRACE,SUPPRESSED - gate 4d failed: no daily close beyond a 25-day boundary by >=0.25xATR14.,True,regen_sp500_regen2_draw3,data/slices/US500/US500_upto_2026-07-08.csv,2026-07-08 23:45:00
2026-07-10_Trade_1,2026-07-10,SP500_M1_v2_1_Report_10-Jul-2026.md,Trade 1 - Daily Directional,Trade 1,LONG,MARKET,"Market at 09:00 broker (07:00 UK) anchor; fill = D-1 reference close (prev_close_full 7538.8, session 2026-07-09)",09:00,7538.8,7480.23,7597.37,7655.94,7787.26,58.57,BE_0.2R_ON_TP2,SESSION_CLOSE_TIMESTOP,"3 equal units. Unit 1 exits at TP1 7597.37 (+1R); Unit 2 exits at TP2 7655.94 (+2R); on Unit 2 fill Unit 3 stop moves to 7550.51 (entry + 0.2R). Unit 3 runner exits at 7787.26 (3 x ATR14 price cap) or at the 10-Jul cash close, whichever comes first. Thesis invalidation: daily close below 7459.07 (daily S2).",False,regen_sp500_regen2_draw3,data/slices/US500/US500_upto_2026-07-09.csv,2026-07-09 23:45:00
2026-07-10_Trade_2,2026-07-10,SP500_M1_v2_1_Report_10-Jul-2026.md,Trade 2 - Pivot (regime-aware),Trade 2,n/a,CONDITIONAL,"SUPPRESSED - TRANSITION regime, no 3C breakout side; no card issued",09:00,,,,,,,NONE,TRACE,"SUPPRESSED - TRANSITION regime permits only a breakout-side entry identified by Trade 3C, and 3C has no confirmed break.",True,regen_sp500_regen2_draw3,data/slices/US500/US500_upto_2026-07-09.csv,2026-07-09 23:45:00
2026-07-10_Trade_3C,2026-07-10,SP500_M1_v2_1_Report_10-Jul-2026.md,Trade 3C - Momentum-Breakout,Trade 3C,n/a,CONDITIONAL,SUPPRESSED - no confirmed close beyond the 25-day boundary by 0.25 x ATR14,09:00,,,,,,,NONE,TRACE,SUPPRESSED - D-1 cash close 7542.8 is 40.6 pts inside the 25-day high 7583.4; arming close would be >= 7604.11.,True,regen_sp500_regen2_draw3,data/slices/US500/US500_upto_2026-07-09.csv,2026-07-09 23:45:00
2026-07-13_Trade_1,2026-07-13,SP500_Report_13Jul2026.md,Trade 1 - Daily Directional,Trade 1,LONG,MARKET,"MARKET at the 07:00 UK (09:00 broker) daily-open anchor; fill = D-1 reference close (prev_close_full 7579.90, session 2026-07-10)",09:00,7579.9,7505.95,7653.85,7727.8,7828.88,73.95,BE_0.2R_ON_TP2,SESSION_CLOSE_TIMESTOP,"3 equal units. U1 exits at TP1 7653.85 (+73.95 pts), U2 at TP2 7727.8 (+147.9 pts). On TP2 fill U3 stop moves to entry+0.2R = 7594.69. U3 runner exits at session-close time-stop or 3xATR cap 7828.88 (+248.98 pts), whichever first. Thesis invalidation: daily close below daily P 7553.10 (stop 7505.95 lies beyond it; stop ahead of invalidation, gap 47.15 pts). Caveat: 14 Jul CPI / bank earnings / Warsh testimony fall inside holding period.",False,regen_sp500_regen2_draw3,data/slices/US500/US500_upto_2026-07-12.csv,2026-07-10 23:45
2026-07-13_Trade_2,2026-07-13,SP500_Report_13Jul2026.md,Trade 2 - Pivot (TRANSITION breakout side),Trade 2,LONG,STOP,"BUY STOP at daily R1 7600.60 (+20.70 above D-1 reference close 7579.90); TRANSITION breakout side only, counter-side limit suppressed",09:00,7600.6,7531.98,7613.8,7627.0,7674.5,68.62,BE_0.2R_ON_TP2,TRACE,"3 equal units. U1 exits TP1 daily R1.5 7613.8, U2 TP2 daily R2 7627.0, U3 runner to TP3 daily R3 7674.5. On TP2 fill U3 stop moves to entry+0.2R = 7614.32. Thesis invalidation: daily close back below daily P 7553.10 (stop 7531.98 lies beyond it, stop ahead of invalidation). Caveat: 14 Jul CPI/bank earnings inside holding period; TP1 only 13.2 pts from trigger.",False,regen_sp500_regen2_draw3,data/slices/US500/US500_upto_2026-07-12.csv,2026-07-10 23:45
2026-07-13_Trade_3C,2026-07-13,SP500_Report_13Jul2026.md,Trade 3C - Momentum-Breakout,Trade 3C,LONG,CONDITIONAL,SUPPRESSED - no confirmed break: D-1 cash close 7574.20 < 25d high 7583.40 + 0.25 x ATR 20.75 = 7604.15,09:00,,,,,,,NONE,TRACE,SUPPRESSED. Would activate only on a daily close >= 7604.15 (SL 7379.22 = 7243.10+0.40x340.30; TP1 7923.70; TP2 8093.85). Commentary only.,True,regen_sp500_regen2_draw3,data/slices/US500/US500_upto_2026-07-12.csv,2026-07-10 23:45
2026-07-14_Trade_1,2026-07-14,SP500_Report_14Jul2026.md,Trade 1 - Daily Directional,Trade 1,n/a,MARKET,SUPPRESSED - direction score below conviction threshold,09:00,,,,,,,BE_0.2R_ON_TP2,SESSION_CLOSE_TIMESTOP,"SUPPRESSED - |score| 0.17 < 0.25 (NEUTRAL); no entry, stop or ladder.",True,regen_sp500_regen2_draw3,data/slices/US500/US500_upto_2026-07-13.csv,2026-07-13 23:45:00
2026-07-14_Trade_2,2026-07-14,SP500_Report_14Jul2026.md,Trade 2 - Pivot (TRANSITION breakout-side buy stop),Trade 2,LONG,STOP,"BUY STOP at 7532.67 (TRANSITION branch, breakout side long); reference close prev_close_full 7510.2 (13 Jul), gap +22.47",09:00,7532.67,7501.96,7553.67,7571.4,7589.13,30.71,BE_0.2R_ON_TP2,TRACE,3 equal units. U1 exits TP1 (R1) 7553.67; U2 exits TP2 (R1.5) 7571.4; on U2 fill U3 stop moves to entry + 0.2R = 7538.81; U3 targets R2 7589.13. Thesis invalidation: daily close back below daily P 7530.33.,False,regen_sp500_regen2_draw3,data/slices/US500/US500_upto_2026-07-13.csv,2026-07-13 23:45:00
2026-07-14_Trade_3C,2026-07-14,SP500_Report_14Jul2026.md,Trade 3C - Momentum-Breakout,Trade 3C,LONG,CONDITIONAL,SUPPRESSED - no confirmed close beyond the 25-day boundary,09:00,,,,,,,NONE,TRACE,SUPPRESSED - 3C requires a daily close beyond the 25d high 7583.4 by >= 0.25*ATR14 (>= 7603.15) or below the 25d low 7243.1 by the same margin; D-1 cash close 7518.2 is inside the range.,True,regen_sp500_regen2_draw3,data/slices/US500/US500_upto_2026-07-13.csv,2026-07-13 23:45:00
2026-07-15_Trade_1,2026-07-15,SP500_Daily_Report_15Jul2026.md,Trade 1 - Daily Directional,Trade 1,n/a,MARKET,SUPPRESSED - market entry at 09:00 broker would have been the D-1 close 7547.60; no trade because |score| < 0.25,09:00,,,,,,,BE_0.2R_ON_TP2,SESSION_CLOSE_TIMESTOP,SUPPRESSED: direction score +0.214 is below the 0.25 conviction threshold (NEUTRAL). No order.,True,regen_sp500_regen2_draw3,data/slices/US500/US500_upto_2026-07-14.csv,2026-07-14 23:45:00
2026-07-15_Trade_2,2026-07-15,SP500_Daily_Report_15Jul2026.md,Trade 2 - Pivot (TRANSITION breakout side),Trade 2,LONG,STOP,SUPPRESSED - TRANSITION breakout-side buy stop; no valid construction,09:00,,,,,,,BE_0.2R_ON_TP2,TRACE,SUPPRESSED: no static-valid TRANSITION breakout-side ladder exists on the daily cash pivots. No order.,True,regen_sp500_regen2_draw3,data/slices/US500/US500_upto_2026-07-14.csv,2026-07-14 23:45:00
2026-07-15_Trade_3C,2026-07-15,SP500_Daily_Report_15Jul2026.md,Trade 3C - Momentum-Breakout,Trade 3C,LONG,CONDITIONAL,SUPPRESSED - needs a daily close >= 7602.34; D-1 close 7546.40,09:00,,,,,,,NONE,TRACE,SUPPRESSED: confirmed-break gate not met. No order.,True,regen_sp500_regen2_draw3,data/slices/US500/US500_upto_2026-07-14.csv,2026-07-14 23:45:00
2026-07-16_Trade_1,2026-07-16,SP500_M1_Report_16Jul2026.md,Trade 1 - Daily Directional,Trade 1,LONG,MARKET,"MARKET at 09:00 broker (07:00 UK daily-open anchor) at D-1 reference close 7572.8 (prev_close_full, 15-Jul-2026)",09:00,7572.8,7510.47,7635.13,7697.46,7790.36,62.33,BE_0.2R_ON_TP2,SESSION_CLOSE_TIMESTOP,"3 equal units. U1 exits at TP1 (+1R, 7635.13); U2 exits at TP2 (+2R, 7697.46); when TP2 fills U3 stop moves to entry + 0.2R = 7585.27. U3 runner exits at 3 x ATR14 from entry (7790.36) or at session close, whichever is first. Thesis invalidation: daily close below 7482.30 (5-session cash low, 09-Jul), stop ahead of invalidation. Event collision: 15:30 broker US retail sales, jobless claims and Philadelphia Fed (HIGH) and 17:00 broker inventories/pending home sales fall inside the holding window.",False,regen_sp500_regen2_draw3,data/slices/US500/US500_upto_2026-07-15.csv,2026-07-15 23:45:00
2026-07-16_Trade_2,2026-07-16,SP500_M1_Report_16Jul2026.md,Trade 2 - Pivot (TRANSITION breakout buy stop at daily R1),Trade 2,LONG,STOP,"BUY STOP at daily R1 7594.93 (cash pivots from 15-Jul), placed from 09:00 broker; +22.13 above reference close 7572.8",09:00,7594.93,7544.94,7605.45,7615.97,7649.13,49.99,BE_0.2R_ON_TP2,TRACE,"Branch TRANSITION (breakout side only). 3 equal units. U1 exits at TP1 (R1.5 7605.45); U2 exits at TP2 (R2 7615.97); on TP2 fill U3 stop moves to entry + 0.2R = 7604.93; U3 exits at TP3 (R3 7649.13). Thesis invalidation: daily close back below daily P 7561.77 (and below the 25-day high 7583.40, the broken boundary). Event collision: 15:30 broker US retail sales / jobless claims / Philadelphia Fed (HIGH) and 17:00 broker inventories can trigger or whipsaw the order.",False,regen_sp500_regen2_draw3,data/slices/US500/US500_upto_2026-07-15.csv,2026-07-15 23:45:00
2026-07-16_Trade_3C,2026-07-16,SP500_M1_Report_16Jul2026.md,Trade 3C - Transition Breakout (suppressed),Trade 3C,LONG,CONDITIONAL,SUPPRESSED - no confirmed daily close beyond the 25-day boundary by 0.25 x ATR14,09:00,,,,,,,NONE,TRACE,SUPPRESSED - confirmed break not met: D-1 cash close 7573.90 < required 7601.53 (7583.40 + 0.25*72.52).,True,regen_sp500_regen2_draw3,data/slices/US500/US500_upto_2026-07-15.csv,2026-07-15 23:45:00
2026-07-17_Trade_1,2026-07-17,SP500_Report_17Jul2026.md,Trade 1 - Daily Directional (SUPPRESSED),Trade 1,n/a,MARKET,SUPPRESSED - |direction score| below conviction threshold; no entry,09:00,,,,,,,NONE,TRACE,SUPPRESSED: |score| 0.0469 < CONVICTION_THRESHOLD 0.25 (M5 2b/10). No card issued.,True,regen_sp500_regen2_draw3,data/slices/US500/US500_upto_2026-07-16.csv,2026-07-16 23:45
2026-07-17_Trade_2,2026-07-17,SP500_Report_17Jul2026.md,"Trade 2 - Pivot, TRANSITION branch (SUPPRESSED)",Trade 2,n/a,CONDITIONAL,SUPPRESSED - TRANSITION allows breakout side only and no breakout is confirmed; no entry,09:00,,,,,,,NONE,TRACE,"SUPPRESSED: TRANSITION regime, Trade 2 is breakout-side only (M5 5.2c); no confirmed 25d-boundary break so no breakout side exists. Counter-side S1 limit is forbidden.",True,regen_sp500_regen2_draw3,data/slices/US500/US500_upto_2026-07-16.csv,2026-07-16 23:45
2026-07-17_Trade_3C,2026-07-17,SP500_Report_17Jul2026.md,Trade 3C - Momentum-Breakout (SUPPRESSED),Trade 3C,n/a,CONDITIONAL,SUPPRESSED - no confirmed close beyond 25-day boundary by 0.25*ATR; not eligible,09:00,,,,,,,NONE,TRACE,"SUPPRESSED: TRANSITION selects 3C (M5 3, 5.3c); eligibility gate 4d fails (no confirmed break), M5 10 -> suppress. No substitution of 3B.",True,regen_sp500_regen2_draw3,data/slices/US500/US500_upto_2026-07-16.csv,2026-07-16 23:45
2026-07-20_Trade_1,2026-07-20,SP500_Report_20Jul2026.md,Trade 1 - Daily Directional,Trade 1,SHORT,MARKET,"Market SELL at the 09:00 broker (07:00 UK) daily-open anchor, filled at the D-1 reference close prev_close_full 7455.30 (session 2026-07-17, last bar 23:45 broker). Gap to reference 0.00.",09:00,7455.3,7514.69,7395.91,7336.52,7246.59,59.39,BE_0.2R_ON_TP2,SESSION_CLOSE_TIMESTOP,"3 equal units. U1 exits at TP1 7395.91 (-1R, 59.39 pts). U2 exits at TP2 7336.52 (-2R, 118.78 pts); on TP2 fill U3 stop moves to 7443.42 (entry minus 0.2R, i.e. below entry for a short). U3 runner exits at TP3 7246.59 (3xATR14 cash = 208.71 pts from entry) or at session-close time-stop, whichever first. R/ATR14 = 0.85 (ATR14 cash 69.57, 14 cash sessions to 17 Jul), no wide-stop flag; 2R=118.78 < 3xATR so no TP2-ambitious flag. Thesis invalidation: daily close above 7582.80 (15 Jul swing high, 5d cash).",False,regen_sp500_regen2_draw3,data/slices/US500/US500_upto_2026-07-19.csv,2026-07-17 23:45:00
2026-07-20_Trade_2,2026-07-20,SP500_Report_20Jul2026.md,Trade 2 - Pivot (TRANSITION down-break side),Trade 2,SHORT,STOP,SUPPRESSED - order-side gate: SELL STOP trigger sits above prev_close_full,09:00,,,,,,,NONE,TRACE,SUPPRESSED - no order. Gate: SELL STOP must be at or below D-1 reference close 7455.30.,True,regen_sp500_regen2_draw3,data/slices/US500/US500_upto_2026-07-19.csv,2026-07-17 23:45:00
2026-07-20_Trade_3C,2026-07-20,SP500_Report_20Jul2026.md,Trade 3C - Momentum-Breakout (conditional),Trade 3C,SHORT,CONDITIONAL,SUPPRESSED - no confirmed close beyond the 25-day boundary,09:00,,,,,,,NONE,TRACE,SUPPRESSED - no confirmed break (M5 4d / section 10).,True,regen_sp500_regen2_draw3,data/slices/US500/US500_upto_2026-07-19.csv,2026-07-17 23:45:00
2026-07-21_Trade_1,2026-07-21,SP500_Report_21-Jul-2026.md,Trade 1 - Daily Directional,Trade 1,SHORT,MARKET,"MARKET sell at the daily-open anchor 07:00 UK (09:00 broker); fill level = D-1 reference close, full-day basis, 2026-07-20 = 7444.30 (signed gap 0.00)",09:00,7444.3,7483.66,7404.94,7365.58,7235.2,39.36,BE_0.2R_ON_TP2,SESSION_CLOSE_TIMESTOP,"3 equal units. Unit 1 exits at TP1 (entry - 1R = 7404.94); Unit 2 at TP2 (entry - 2R = 7365.58); on the Unit 2 fill the Unit 3 stop moves to entry - 0.2R = 7436.43 (below entry, in profit). Unit 3 runner exits at the session-close time-stop or the 3 x ATR14 price cap 7235.20, whichever comes first. Thesis invalidation: daily close above 7512.80 (D-1 cash high), a different level from the stop.",False,regen_sp500_regen2_draw3,data/slices/US500/US500_upto_2026-07-20.csv,2026-07-20 23:45:00
2026-07-21_Trade_2,2026-07-21,SP500_Report_21-Jul-2026.md,Trade 2 - Pivot (regime-aware),Trade 2,SHORT,LIMIT,"SELL LIMIT at 7461.58 (TRANSITION branch, breakout side = short), working from 07:00 UK (09:00 broker); reference close 7444.30 (2026-07-20), signed gap +17.28 (at/above close as a sell limit requires)",09:00,7461.58,7487.78,7419.67,7406.2,7392.73,26.2,BE_0.2R_ON_TP2,TRACE,"3 equal units. Unit 1 at TP1 daily S1 7419.67; Unit 2 at TP2 daily S1.5 7406.20; on the Unit 2 fill the Unit 3 stop moves to entry - 0.2R = 7456.34 (below entry, in profit); Unit 3 runs to TP3 daily S2 7392.73. Thesis invalidation: daily close back above daily P 7466.23.",False,regen_sp500_regen2_draw3,data/slices/US500/US500_upto_2026-07-20.csv,2026-07-20 23:45:00
2026-07-21_Trade_3C,2026-07-21,SP500_Report_21-Jul-2026.md,Trade 3C - Momentum-Breakout (conditional short),Trade 3C,SHORT,CONDITIONAL,SUPPRESSED - no confirmed break of the 25-day range,09:00,,,,,,,NONE,TRACE,SUPPRESSED - gate not met: confirmed break required (daily close <= 25d low 7303.10 - 0.25xATR14 17.43 = 7285.67); D-1 cash close 7446.60 is 160.93 above that trigger.,True,regen_sp500_regen2_draw3,data/slices/US500/US500_upto_2026-07-20.csv,2026-07-20 23:45:00
2026-07-22_Trade_1,2026-07-22,SP500_Report_22Jul2026.md,Trade 1 - Daily Directional,Trade 1,n/a,MARKET,SUPPRESSED - direction score below conviction threshold,09:00,,,,,,,BE_0.2R_ON_TP2,SESSION_CLOSE_TIMESTOP,"SUPPRESSED - |score| < 0.25; no entry, stop or ladder.",True,regen_sp500_regen2_draw3,data/slices/US500/US500_upto_2026-07-21.csv,2026-07-21 23:45
2026-07-22_Trade_2,2026-07-22,SP500_Report_22Jul2026.md,"Trade 2 - Pivot (RANGE branch, short fade at daily R1)",Trade 2,SHORT,LIMIT,"SELL LIMIT 7526.97 (daily cash R1), valid for the 22 Jul session; reference close 7503.70, gap +23.27; no daily-open anchor logic, monitoring from 09:00 broker",09:00,7526.97,7600.16,7453.78,7380.59,,73.19,BE_0.2R_ON_TP2,TRACE,"3 equal units. Unit 1 off at TP1 (1R), Unit 2 at TP2 (2R); on TP2 fill Unit 3 stop moves to 7512.33 (entry - 0.2R, profitable side). Unit 3 runner has no fixed target (trail). WIDE STOP flag: R/ATR14 = 1.05 > 1.00. Holding window collides with Alphabet/Tesla results after the 22 Jul close; reduce size or stand aside into the print.",False,regen_sp500_regen2_draw3,data/slices/US500/US500_upto_2026-07-21.csv,2026-07-21 23:45
2026-07-22_Trade_3B,2026-07-22,SP500_Report_22Jul2026.md,"Trade 3B - Mean-Reversion (RANGE fade, short leg)",Trade 3B,SHORT,LIMIT,"SELL LIMIT 7522.94 (78.6% of 25-day cash range), valid for the 22 Jul session; reference close 7503.70, gap +19.24; no daily-open anchor, monitoring from 09:00 broker",09:00,7522.94,7554.83,7442.95,7331.07,7303.1,31.89,BE_0.2R_ON_TP2,TRACE,"3 equal units: Unit 1 to range midpoint 7442.95, Unit 2 to 7331.07, Unit 3 runner to 25-day low 7303.10. On TP2 fill Unit 3 stop moves to 7516.56 (entry - 0.2R, profitable side). R/ATR14 = 0.46 (no wide-stop flag). Thesis invalidation: daily close above 7582.80. Holding window collides with Alphabet/Tesla results after the 22 Jul close; reduce size or stand aside into the print.",False,regen_sp500_regen2_draw3,data/slices/US500/US500_upto_2026-07-21.csv,2026-07-21 23:45
2026-07-23_Trade_1,2026-07-23,SP500_Report_23Jul2026.md,Trade 1 - Daily Directional,Trade 1,LONG,MARKET,"MARKET long at the 09:00 broker (07:00 UK) anchor, would fill at prev_close_full 7506.5 - SUPPRESSED, R floor failed",09:00,,,,,,,NONE,TRACE,SUPPRESSED - static floor: honest stop gives R = 0.287 x ATR14 (< 0.30). No ladder emitted.,True,regen_sp500_regen2_draw3,data/slices/US500/US500_upto_2026-07-22.csv,2026-07-22 23:45
2026-07-23_Trade_2,2026-07-23,SP500_Report_23Jul2026.md,"Trade 2 - Pivot, TRANSITION breakout side (upside) - SUPPRESSED",Trade 2,LONG,LIMIT,"TRANSITION branch, breakout side only (upside, aligned with 3C direction): s5.2c/5.2b entry P + 0.10x(R1-P) = 7505.71 as buy limit - SUPPRESSED, R floor failed",09:00,,,,,,,NONE,TRACE,SUPPRESSED - static floor: R = 0.293 x ATR14 (< 0.30). No ladder emitted.,True,regen_sp500_regen2_draw3,data/slices/US500/US500_upto_2026-07-22.csv,2026-07-22 23:45
2026-07-23_Trade_3C,2026-07-23,SP500_Report_23Jul2026.md,Trade 3C - Momentum-Breakout (TRANSITION) - SUPPRESSED,Trade 3C,LONG,CONDITIONAL,"CONDITIONAL on a confirmed daily close beyond the 25d boundary by >= 0.25xATR - not met, SUPPRESSED",09:00,,,,,,,NONE,TRACE,SUPPRESSED - no confirmed break. No ladder emitted.,True,regen_sp500_regen2_draw3,data/slices/US500/US500_upto_2026-07-22.csv,2026-07-22 23:45
2026-07-24_Trade_1,2026-07-24,SP500_Report_24Jul2026.md,Trade 1 - Daily Directional,Trade 1,SHORT,MARKET,"MARKET SELL at the 09:00 broker (07:00 UK) daily-open anchor, filled at the D-1 full-day reference close 7418.0 (2026-07-23)",09:00,7418.0,7462.64,7373.36,7328.72,7207.51,44.64,BE_0.2R_ON_TP2,SESSION_CLOSE_TIMESTOP,"3 equal units. Unit 1 exits at TP1 (-1R, 7373.36); Unit 2 exits at TP2 (-2R, 7328.72), then Unit 3 stop moves to entry - 0.2R = 7409.07 (below entry, in profit). Unit 3 runner: time-stop at cash close 23:00 broker or 3xATR price cap 7207.51, whichever first. Thesis invalidation: daily close above weekly pivot 7490.33.",False,regen_sp500_regen2_draw3,data/slices/US500/US500_upto_2026-07-23.csv,2026-07-23 23:45:00
2026-07-24_Trade_2,2026-07-24,SP500_Report_24Jul2026.md,"Trade 2 - Pivot (TRANSITION breakout side, short)",Trade 2,SHORT,STOP,"SELL STOP at 7406.24 = daily cash P - 0.10*(P - S1), below prev_close_full 7418.0 (gap -11.76); armed from 09:00 broker",09:00,7406.24,7438.12,7370.6,7353.15,7335.7,31.88,BE_0.2R_ON_TP2,TRACE,"3 equal units. Unit 1 exits at daily S1 7370.60; Unit 2 at S1.5 7353.15, then Unit 3 stop moves to entry - 0.2R = 7399.86; Unit 3 runner targets daily S2 7335.70 and is trailed. Thesis invalidation: daily close back above daily pivot 7410.20.",False,regen_sp500_regen2_draw3,data/slices/US500/US500_upto_2026-07-23.csv,2026-07-23 23:45:00
2026-07-24_Trade_3C,2026-07-24,SP500_Report_24Jul2026.md,Trade 3C - Momentum-Breakout (suppressed: no confirmed break),Trade 3C,n/a,CONDITIONAL,SUPPRESSED - no confirmed daily close beyond the 25-day boundary by 0.25 ATR,09:00,,,,,,,NONE,TRACE,"SUPPRESSED - gate fail: downside confirmation needs a daily cash close <= 7285.56 (25d low 7303.1 - 0.25*ATR 17.54); D-1 cash close 7405.5 is 120.0 pts above it; upside needs >= 7600.34, also not met.",True,regen_sp500_regen2_draw3,data/slices/US500/US500_upto_2026-07-23.csv,2026-07-23 23:45:00
2026-07-27_Trade_1,2026-07-27,SP500_Report_27Jul2026.md,Trade 1 - Daily Directional,Trade 1,SHORT,MARKET,"MARKET sell at the 09:00 broker (07:00 UK) anchor; fill level = D-1 reference close prev_close_full 7408.8 (Fri 24 Jul 2026 23:45 broker bar), signed gap 0.0",09:00,7408.8,7478.0,7339.6,7270.4,7195.18,69.2,BE_0.2R_ON_TP2,SESSION_CLOSE_TIMESTOP,"3 equal units, short. Unit1 TP1 7339.6 (-1R, -69.2 pts); Unit2 TP2 7270.4 (-2R, -138.4 pts); on TP2 fill Unit3 stop moves to 7394.96 (entry minus 0.2R, i.e. below entry, locked profit). Unit3 runner: price-stop/target 7195.18 (3x ATR14 = 213.62 pts from entry) or session-close time-stop, whichever first. Stop 7478.0 = 24 Jul cash high 7460.2 + 0.25xATR14 (17.8); R = 69.2 pts = 0.97xATR14 (no wide-stop flag, <=1.00); 2R = 138.4 = 1.94xATR14 (<3, no TP2-ambitious flag). Thesis invalidation: daily close above 5-day swing high 7525.5 (stop ahead of invalidation). Caveats: Tier-1 FOMC 29 Jul inside holding window; 15:30 broker US Durable Goods (HIGH) on D before the cash open; RSI2_cash 6.3 oversold = bounce risk against the short.",False,regen_sp500_regen2_draw3,data/slices/US500/US500_upto_2026-07-26.csv,2026-07-24 23:45:00
2026-07-27_Trade_2,2026-07-27,SP500_Report_27Jul2026.md,"Trade 2 - Pivot (TRANSITION branch, long breakout side, M5 5.2c geometry)",Trade 2,LONG,STOP,"BUY STOP 7425.23 (daily cash P + 0.10x(R1-P)); reference close prev_close_full 7408.8, signed gap +16.43 (above close, correct side for a buy stop)",09:00,7425.23,7392.4,7449.47,7468.3,7487.13,32.83,BE_0.2R_ON_TP2,TRACE,"TRANSITION branch (M5 5.2c: geometry mirrors 5.2b pivot breakout, upside = R1/R1.5/R2), aligned with the 3C long side; counter-side limit suppressed. 3 equal units. Unit1 TP1 7449.47 (daily R1, +24.24 pts = 0.74R); Unit2 TP2 7468.3 (R1.5, +43.07 pts); Unit3 TP3 7487.13 (daily R2, +61.9 pts). On TP2 fill Unit3 stop moves to 7431.8 (entry + 0.2R). Stop 7392.4 = P - 0.8x(P-S1), -32.83 pts. ATR14_cash 71.2071; R = 0.46xATR14. The pivot ladder R1/R1.5/R2 is the module ladder and overrides the 1R floor (TP1 is 0.74R). This is a breakout of the daily pivot, not of the 25-session envelope. Thesis invalidation: daily close back below daily P 7422.53. Caveats: FOMC 29 Jul inside holding window; 15:30 broker US Durable Goods (HIGH) on D; daily pivots computed from broker cash bars (CORROBORATED by construction, execution series).",False,regen_sp500_regen2_draw3,data/slices/US500/US500_upto_2026-07-26.csv,2026-07-24 23:45:00
2026-07-27_Trade_3C,2026-07-27,SP500_Report_27Jul2026.md,Trade 3C - Momentum-Breakout (TRANSITION fork; SUPPRESSED: no confirmed break),Trade 3C,LONG,CONDITIONAL,SUPPRESSED - 3C gate failed: last close 7411.8 (cash) is inside the 25-session range 7303.1-7582.8; confirmed break needs a daily close >= 7600.60 (high + 0.25xATR14) or <= 7285.30,09:00,,,,,,,NONE,TRACE,"SUPPRESSED: no confirmed close beyond the 25-day boundary by >= 0.25xATR14 (7411.8 vs 7600.60 / 7285.30). Arming levels (commentary only, not a card): upside 7600.60, downside 7285.30.",True,regen_sp500_regen2_draw3,data/slices/US500/US500_upto_2026-07-26.csv,2026-07-24 23:45:00
2026-07-28_Trade_1,2026-07-28,SP500_Daily_Report_28-Jul-2026.md,Trade 1 - Daily Directional,Trade 1,n/a,MARKET,SUPPRESSED - market at 07:00 UK anchor (09:00 broker) not eligible: direction score NEUTRAL,09:00,,,,,,,NONE,SESSION_CLOSE_TIMESTOP,"SUPPRESSED - trigger: |direction score| 0.138 < 0.25 conviction threshold (score -0.138). No entry, stop or ladder issued.",True,regen_sp500_regen2_draw3,data/slices/US500/US500_upto_2026-07-27.csv,2026-07-27 23:45:00
2026-07-28_Trade_2,2026-07-28,SP500_Daily_Report_28-Jul-2026.md,"Trade 2 - Pivot (TRANSITION branch, upside breakout side, daily cash pivots)",Trade 2,LONG,STOP,BUY STOP 7430.57 (P + 0.10*(R1-P)); +12.77 above prev_close_full 7417.80 (+15.07 above D-1 cash close 7415.50); monitoring opens 09:00 broker (07:00 UK),09:00,7430.57,7382.98,7469.57,7496.6,7523.63,47.59,BE_0.2R_ON_TP2,TRACE,"3 equal units. U1 exits at TP1 7469.57 (daily R1, +39.00 pts); U2 exits at TP2 7496.60 (daily R1.5, +66.03 pts); U3 runs to TP3 7523.63 (daily R2, +93.06 pts). On the U2 fill U3 stop moves to entry + 0.2R = 7440.09 (above entry, the profitable side for a long). R = 47.59 pts = 0.65 x ATR14 (cash 73.73; 0.57 x full-day 83.47), no wide-stop flag. Thesis invalidation: daily close back below daily P 7426.23 (a different price from the 7382.98 stop: invalidation sits inside the stop, 43.7 pts above it).",False,regen_sp500_regen2_draw3,data/slices/US500/US500_upto_2026-07-27.csv,2026-07-27 23:45:00
2026-07-28_Trade_3C,2026-07-28,SP500_Daily_Report_28-Jul-2026.md,Trade 3C - Momentum-Breakout (TRANSITION fork),Trade 3C,LONG,CONDITIONAL,SUPPRESSED - no confirmed daily close beyond the 25-day boundary by >= 0.25 x ATR14,09:00,,,,,,,NONE,TRACE,"SUPPRESSED - trigger: confirmed-break test. Upper boundary 7582.80 (15-Jul, cash) needs a daily close >= 7601.23 (boundary + 0.25 x ATR14 18.43); D-1 close 7415.50 is 185.7 pts short. Lower boundary 7303.10 (26-Jun) needs a close <= 7284.67; D-1 close is 112.4 above. Commentary only (not a card): arm an upside breakout card only after a daily close >= 7601.23.",True,regen_sp500_regen2_draw3,data/slices/US500/US500_upto_2026-07-27.csv,2026-07-27 23:45:00
2026-07-29_Trade_1,2026-07-29,SP500_Report_29Jul2026.md,Trade 1 - Daily Directional,Trade 1,n/a,MARKET,SUPPRESSED - direction score -0.2348 (|score| 0.23 < 0.25 conviction threshold) = NEUTRAL; no order,09:00,,,,,,,BE_0.2R_ON_TP2,SESSION_CLOSE_TIMESTOP,SUPPRESSED - NEUTRAL direction score -0.23 below the 0.25 conviction threshold. Daily-open anchor 07:00 UK (09:00 broker).,True,regen_sp500_regen2_draw3,data/slices/US500/US500_upto_2026-07-28.csv,2026-07-28 23:45
2026-07-29_Trade_2,2026-07-29,SP500_Report_29Jul2026.md,"Trade 2 - Pivot (TRANSITION breakout-side, long, buy-side continuation above daily P)",Trade 2,LONG,LIMIT,"BUY LIMIT at 7427.61 (daily P + 0.10 x (R1 - P)); D-1 reference close prev_close_full 7435.60, signed gap -7.99 (limit below close, correct side)",09:00,7427.61,7400.34,7462.8,7477.4,7492.0,27.27,BE_0.2R_ON_TP2,TRACE,"3 equal units. Unit 1 exits at TP1 7462.8 (daily R1, +35.19 pts); Unit 2 at TP2 7477.4 (daily R1.5, +49.79 pts); on TP2 fill Unit 3 stop moves to entry + 0.2R = 7433.06; Unit 3 runner targets TP3 7492.0 (daily R2, +64.39 pts) and is trailed. Stop 7400.34 (-27.27 pts). Thesis invalidation: daily close below daily P 7423.70 (a different level from the stop, 23.36 pts above it; stop sits behind invalidation, not ahead). FOMC rate decision 21:00 broker (14:00 ET) and press conference 21:30 fall inside the cash session of D: event risk on an open position. ATR14 72.66 (14 sessions, cash bars 16:30-23:00 broker); R = 27.27 pts = 0.38 x ATR14 (no wide-stop flag). Pivot tier: execution-series (broker US500) cash daily pivots, CORROBORATED by construction.",False,regen_sp500_regen2_draw3,data/slices/US500/US500_upto_2026-07-28.csv,2026-07-28 23:45
2026-07-29_Trade_3C,2026-07-29,SP500_Report_29Jul2026.md,"Trade 3C - Momentum-Breakout (TRANSITION, conditional upside)",Trade 3C,LONG,CONDITIONAL,SUPPRESSED - no confirmed daily close beyond the 25-day high by 0.25 x ATR14; no order,09:00,,,,,,,BE_0.2R_ON_TP2,TRACE,"SUPPRESSED - 3C eligibility gate fails: last daily close 7433.60 (cash; 7435.60 full-day) vs required close >= 7600.97 (25d high 7582.80 + 0.25 x 72.66). Gap 167.37 pts (2.30 x ATR14). Contingent arming condition (commentary, not an order): a daily close >= 7600.97; mirror downside requires a daily close <= 7284.93 (25d low 7303.10 - 18.17), also not met.",True,regen_sp500_regen2_draw3,data/slices/US500/US500_upto_2026-07-28.csv,2026-07-28 23:45
2026-07-30_Trade_1,2026-07-30,SP500_Report_30Jul2026.md,Trade 1 - Daily Directional,Trade 1,SHORT,MARKET,SHORT at market at the 09:00 broker (07:00 UK) daily-open anchor; fill level = D-1 full-day close 7306.60 (2026-07-29).,09:00,7306.6,7380.2,7233.0,7159.4,7074.21,73.6,BE_0.2R_ON_TP2,SESSION_CLOSE_TIMESTOP,"3 equal units. U1 exits at TP1 7233.0 (-1R); U2 at TP2 7159.4 (-2R); on the TP2 fill Unit 3 stop moves to entry-0.2R = 7291.88 (below entry, in profit). Unit 3 runner: session-close time-stop or price cap 7074.21 (3xATR14 = 232.39), whichever first. ATR14 cash daily 77.46 (14 sessions to 2026-07-29). R = 73.6 = 0.95xATR14 (not wide; TP2 1.90xATR below 3xATR). Thesis invalidation: daily close above 7,437.53 (weekly cash P). Caveats: Core PCE, GDP, jobless claims 15:30 broker on D collide with the holding window; 30-31 Jul mega-cap earnings cluster; BoE 14:00 broker.",False,regen_sp500_regen2_draw3,data/slices/US500/US500_upto_2026-07-29.csv,2026-07-29 23:45
2026-07-30_Trade_2,2026-07-30,SP500_Report_30Jul2026.md,"Trade 2 - Pivot (regime-aware, TRANSITION breakout side)",Trade 2,SHORT,LIMIT,SELL LIMIT at 7351.87 = daily cash P - 0.10x(P - S1); 45.27 above D-1 reference close 7306.60. Monitoring opens 09:00 broker.,09:00,7351.87,7397.9,7271.17,7248.0,7224.83,46.03,BE_0.2R_ON_TP2,TRACE,"3 equal units. TRANSITION breakout-side (downside) branch: U1 at daily S1 7271.17, U2 at S1.5 7248.0, U3 runner at S2 7224.83. On the TP2 fill Unit 3 stop moves to entry-0.2R = 7342.66. ATR14 cash 77.46; R = 46.03 = 0.59xATR14. Thesis invalidation: daily close back above daily cash P 7,360.83 (inside the stop; 37.07 below it). Caveats: fill needs a rally to the pivot; Core PCE/GDP at 15:30 broker; mega-cap earnings 30-31 Jul.",False,regen_sp500_regen2_draw3,data/slices/US500/US500_upto_2026-07-29.csv,2026-07-29 23:45
2026-07-30_Trade_3C,2026-07-30,SP500_Report_30Jul2026.md,Trade 3C - Momentum-Breakout (conditional short),Trade 3C,SHORT,CONDITIONAL,SUPPRESSED - no confirmed break.,09:00,,,,,,,NONE,TRACE,"SUPPRESSED - D-1 cash close 7317.50 is not beyond the 25-day low 7303.10 by >= 0.25xATR (needs a daily close <= 7283.73 = 7303.10 - 19.37). Contingent arming level, commentary only.",True,regen_sp500_regen2_draw3,data/slices/US500/US500_upto_2026-07-29.csv,2026-07-29 23:45
2026-07-31_Trade_1,2026-07-31,SP500_Report_31Jul2026.md,Trade 1 - Daily Directional (suppressed),Trade 1,n/a,MARKET,SUPPRESSED - conviction score +0.2135 below the 0.25 gate,09:00,,,,,,,NONE,SESSION_CLOSE_TIMESTOP,"SUPPRESSED - |score| 0.2135 < 0.25 conviction threshold (M5 s2b/s10). No entry, stop or ladder issued. Report's discretionary override of this gate is not accepted (M5 absolute rule 8).",True,regen_sp500_regen2_draw3,data/slices/US500/US500_upto_2026-07-30.csv,2026-07-30 23:45
2026-07-31_Trade_2,2026-07-31,SP500_Report_31Jul2026.md,"Trade 2 - Pivot, TRANSITION branch, breakout side (long), buy limit just above daily P",Trade 2,LONG,LIMIT,"BUY LIMIT 7423.46 = daily cash P + 0.10 x (R1 - P); reference close prev_close_full 7445.40 (30 Jul), gap -21.94",09:00,7423.46,7395.26,7468.67,7483.15,7497.63,28.2,BE_0.2R_ON_TP2,TRACE,"TRANSITION branch (breakout side only, mirrors TREND long): buy limit 7423.46 from 09:00 broker (07:00 UK); 3 equal units; U1 exits TP1 = daily R1 7468.67 (+45.21 pts), U2 exits TP2 = R1.5 7483.15 (+59.69), U3 runs to TP3 = daily R2 7497.63 (+74.17); on the TP2 fill U3 stop moves to entry + 0.2R = 7429.10. R = 28.20 pts = 0.35 x ATR14 cash (81.46), not a wide stop. Thesis invalidation: daily close back below daily P 7418.43 (23.0 pts above the stop). ATR14 81.46 = cash 14-session daily true range. Event risk: US PCE/GDP/ECI and Michigan sentiment on D. No counter-side limit placed.",False,regen_sp500_regen2_draw3,data/slices/US500/US500_upto_2026-07-30.csv,2026-07-30 23:45
2026-07-31_Trade_3C,2026-07-31,SP500_Report_31Jul2026.md,Trade 3C - Momentum-Breakout (suppressed),Trade 3C,LONG,CONDITIONAL,SUPPRESSED - no confirmed close beyond the 25-day boundary,09:00,,,,,,,NONE,TRACE,SUPPRESSED - 3C gate (M5 s4d): requires a daily close beyond the 25-day boundary by >= 0.25 x ATR14 (= 20.37). D-1 cash close 7439.70 vs 25d cash high 7582.80 (needs >= 7603.17) and low 7303.10 (needs <= 7282.73): not met. Report's Trade 3A (Momentum-Pullback) is not substituted - TRANSITION maps to 3C only.,True,regen_sp500_regen2_draw3,data/slices/US500/US500_upto_2026-07-30.csv,2026-07-30 23:45
