report_id,report_date,strategy,direction,card_entry_mode,card_entry,stop_loss,tp1,tp2,tp3,card_R_points,management,entry_session,entry_rule,fill_status,fill_time_broker,fill_price,R_points,risk_vs_card,unit,exit_price,exit_time_broker,exit_reason,R,notes
SPX-2026-05-11,2026-05-11,Trade 1 - Daily Directional,LONG,MARKET @ 00:00 UK,7398.93,7321.2,7476.66,7554.39,7626.93,77.73,3 units; Unit3 SL->entry+0.2R (7414.47) on TP2 fill; runner CARD-SPECIFIED time-stop at entry-session close or 3xATR cap,2026-05-12,B: limit at entry -0.5R = 7360.07 (did not chase),FILLED,2026-05-12 18:00:00,7360.07,38.87,0.5,Unit 1,7476.66,2026-05-14 13:00:00,TP1 reached,3.0,
SPX-2026-05-11,2026-05-11,Trade 1 - Daily Directional,LONG,MARKET @ 00:00 UK,7398.93,7321.2,7476.66,7554.39,7626.93,77.73,3 units; Unit3 SL->entry+0.2R (7414.47) on TP2 fill; runner CARD-SPECIFIED time-stop at entry-session close or 3xATR cap,2026-05-12,B: limit at entry -0.5R = 7360.07 (did not chase),FILLED,2026-05-12 18:00:00,7360.07,38.87,0.5,Unit 2,7554.39,2026-05-25 15:15:00,TP2 reached,5.0,
SPX-2026-05-11,2026-05-11,Trade 1 - Daily Directional,LONG,MARKET @ 00:00 UK,7398.93,7321.2,7476.66,7554.39,7626.93,77.73,3 units; Unit3 SL->entry+0.2R (7414.47) on TP2 fill; runner CARD-SPECIFIED time-stop at entry-session close or 3xATR cap,2026-05-12,B: limit at entry -0.5R = 7360.07 (did not chase),FILLED,2026-05-12 18:00:00,7360.07,38.87,0.5,Unit 3,7402.0,2026-05-12 23:45:00,card runner time-stop at entry-session close,1.079,
SPX-2026-05-11,2026-05-11,Trade 2 - Pivot pullback (buy daily-S1),LONG,BUY LIMIT,7358.92,7318.91,7380.21,7420.22,7441.51,40.01,3 units; Unit3 SL->entry+0.2R (7366.92) on TP2 fill; runner trails to daily R3 7481.52 on close-through R2,2026-05-12,B: wait for entry -0.5R,NO FILL,,,,,All units,,,06:45 price 7410.5 was worse than the card entry 7358.92; the -0.5R improvement level 7338.9 was not reached (session range from 06:45: 7345.3-7415.5).,0.0,
SPX-2026-05-11,2026-05-11,Trade 3A - Momentum-Pullback (38.2% fib),LONG,BUY LIMIT,7316.24,7258.56,7373.91,7401.5,7486.76,57.68,3 units; structural runner SL pull to 7247.27 on close-through 100% ext,2026-05-12,B: wait for entry -0.5R,NO FILL,,,,,All units,,,06:45 price 7410.5 was worse than the card entry 7316.24; the -0.5R improvement level 7287.4 was not reached (session range from 06:45: 7345.3-7415.5).,0.0,
SPX-2026-05-12,2026-05-12,Trade 1 - Daily Directional,LONG,MARKET @ 07:00 UK,7412.8,7344.0,7481.6,7550.4,7575.0,68.8,3 units; Unit3 SL->entry+0.2R (7426.6) on TP2 fill; runner CARD-SPECIFIED time-stop at 12 May session close or 3xATR cap 7575,2026-05-13,B: wait for entry -0.5R,NO FILL,,,,,All units,,,06:45 price 7417.8 was worse than the card entry 7412.8; the -0.5R improvement level 7378.4 was not reached (session range from 06:45: 7381.5-7466.0).,0.0,
SPX-2026-05-12,2026-05-12,"Trade 2 - Pivot (TREND_UP pullback, buy daily P)",LONG,BUY LIMIT,7378.0,7344.0,7412.0,7446.0,7460.9,34.0,"3 units; Unit3 SL->entry+0.2R (7384.8) on TP2 fill; runner exits on first daily close below daily P 7378, capped at weekly R2 7460.9",2026-05-13,B: wait for entry -0.5R,NO FILL,,,,,All units,,,06:45 price 7417.8 was worse than the card entry 7378.0; the -0.5R improvement level 7361.0 was not reached (session range from 06:45: 7381.5-7466.0).,0.0,
SPX-2026-05-12,2026-05-12,Trade 3A - Momentum-Pullback (38.2% fib),LONG,BUY LIMIT,7362.0,7310.0,7381.9,7429.0,7626.0,52.0,3 units; Unit3 SL->entry+0.2R (7372.4) on TP2 fill; structural override to 7395.5 only on 100%-ext break,2026-05-13,B: wait for entry -0.5R,NO FILL,,,,,All units,,,06:45 price 7417.8 was worse than the card entry 7362.0; the -0.5R improvement level 7336.0 was not reached (session range from 06:45: 7381.5-7466.0).,0.0,
SPX-2026-05-13,2026-05-13,Trade 1 - Daily Directional,,,,,,,,,,,,SUPPRESSED,,, ,,All units,,,SUPPRESSED by card: direction score |+0.12| below 0.25 conviction threshold. No trade issued.,0.0,
SPX-2026-05-13,2026-05-13,"Trade 2 - Pivot (TREND breakout, buy stop)",LONG,BUY STOP,7385.06,7363.09,7423.12,7434.21,7445.29,21.97,3 units; Unit3 SL->entry+0.2R (7389.46) on TP2 fill; runner trails toward prior ATH 7428.97 / weekly R1 ~7468,2026-05-14,B: wait for entry -0.5R,NO FILL,,,,,All units,,,06:45 price 7458.1 was worse than the card entry 7385.06; the -0.5R improvement level 7374.1 was not reached (session range from 06:45: 7454.1-7522.9).,0.0,
SPX-2026-05-13,2026-05-13,Trade 3C - Momentum-Breakout (buy stop),LONG,BUY STOP,7432.0,7335.0,7529.0,7626.0,7606.0,97.0,3 units; Unit3 SL->entry+0.2R (7451.40) on TP2 fill; runner CARD-SPECIFIED time-stop at session close + 3xATR cap,2026-05-14,B: wait for entry -0.5R,NO FILL,,,,,All units,,,06:45 price 7458.1 was worse than the card entry 7432.0; the -0.5R improvement level 7383.5 was not reached (session range from 06:45: 7454.1-7522.9).,0.0,
SPX-2026-05-14,2026-05-14,Trade 1 - Daily Directional,,,,,,,,,,,,SUPPRESSED,,, ,,All units,,,SUPPRESSED by card: direction score +0.18 below 0.25 threshold; event-laden session (Trump-Xi summit + Retail Sales).,0.0,
SPX-2026-05-14,2026-05-14,Trade 2 - Pivot (buy limit weekly P),LONG,BUY LIMIT,7402.0,7367.0,7437.0,7472.0,7540.0,35.0,3 units; Unit3 SL->entry+0.2R (7409) on TP2 fill; runner time-stop at session close,2026-05-15,B: wait for entry -0.5R,NO FILL,,,,,All units,,,06:45 price 7488.4 was worse than the card entry 7402.0; the -0.5R improvement level 7384.5 was not reached (session range from 06:45: 7391.9-7490.1).,0.0,
SPX-2026-05-14,2026-05-14,Trade 3A - Momentum-Pullback (38.2% fib),LONG,BUY LIMIT,7422.0,7378.0,7449.0,7495.0,7540.0,44.0,3 units; Unit3 SL->entry+0.2R (7431) on TP2 fill; structural override to 7400 only on break above 7520,2026-05-15,B: limit at entry -0.5R = 7400.00 (did not chase),FILLED,2026-05-15 23:00:00,7400.0,22.0,0.5,Unit 1,7378.0,2026-05-18 03:00:00,stopped out (TP1 reached later 2026-05-21 11:15:00),-1.0,
SPX-2026-05-14,2026-05-14,Trade 3A - Momentum-Pullback (38.2% fib),LONG,BUY LIMIT,7422.0,7378.0,7449.0,7495.0,7540.0,44.0,3 units; Unit3 SL->entry+0.2R (7431) on TP2 fill; structural override to 7400 only on break above 7520,2026-05-15,B: limit at entry -0.5R = 7400.00 (did not chase),FILLED,2026-05-15 23:00:00,7400.0,22.0,0.5,Unit 2,7378.0,2026-05-18 03:00:00,stopped out (TP2 reached later 2026-05-22 16:30:00),-1.0,
SPX-2026-05-14,2026-05-14,Trade 3A - Momentum-Pullback (38.2% fib),LONG,BUY LIMIT,7422.0,7378.0,7449.0,7495.0,7540.0,44.0,3 units; Unit3 SL->entry+0.2R (7431) on TP2 fill; structural override to 7400 only on break above 7520,2026-05-15,B: limit at entry -0.5R = 7400.00 (did not chase),FILLED,2026-05-15 23:00:00,7400.0,22.0,0.5,Unit 3,7378.0,2026-05-18 03:00:00,stopped out,-1.0,
SPX-2026-05-15,2026-05-15,Trade 1 - Daily Directional,LONG,MARKET @ 13:30 UK,7501.59,7453.59,7549.59,7597.59,7681.59,48.0,3 units; Unit3 SL->entry+0.2R (7511.19) on TP2 fill; runner time-stop at NY close 15 May,2026-05-18,A: market-if-better,SKIPPED,2026-05-18 06:45:00,7371.6,,,All units,,,06:45 price 7371.6 is beyond the card stop 7453.59 - the structure the card was built on is already gone; no entry taken.,0.0,PRICE THROUGH STOP AT 06:45
SPX-2026-05-15,2026-05-15,"Trade 2 - Pivot (TREND breakout, buy stop)",LONG,BUY STOP,7485.68,7461.74,7525.66,7549.73,,23.94,3 units; Unit3 SL->entry+0.2R (7490.47) on TP2 fill; runner time-stop at NY close,2026-05-18,A: market-if-better,SKIPPED,2026-05-18 06:45:00,7371.6,,,All units,,,06:45 price 7371.6 is beyond the card stop 7461.74 - the structure the card was built on is already gone; no entry taken.,0.0,PRICE THROUGH STOP AT 06:45
SPX-2026-05-15,2026-05-15,Trade 3C - Momentum-Breakout (buy stop),LONG,BUY STOP (on confirmed daily close > 7505.30),7510.0,7425.0,7595.0,7680.0,,85.0,3 units; Unit3 SL->entry+0.2R (7527) on TP2 fill; runner time-stop at 22 May NY close,2026-05-18,A: market-if-better,SKIPPED,2026-05-18 06:45:00,7371.6,,,All units,,,06:45 price 7371.6 is beyond the card stop 7425.0 - the structure the card was built on is already gone; no entry taken.,0.0,PRICE THROUGH STOP AT 06:45
SPX-2026-05-18,2026-05-18,Trade 1 - Daily Directional,SHORT,MARKET @ overridden daily-open anchor,7457.31,7466.1,7448.52,7439.73,7322.31,8.79,3 units; Unit3 SL->entry-0.2R (7459.07) on TP2 fill; runner CARD-SPECIFIED time-stop at session close / 3xATR cap,2026-05-19,B: wait for entry -0.5R,NO FILL,,,,,All units,,,06:45 price 7402.5 was worse than the card entry 7457.31; the -0.5R improvement level 7461.7 was not reached (session range from 06:45: 7339.1-7417.8).,0.0,
SPX-2026-05-18,2026-05-18,Trade 2 - Pivot fade (sell limit daily R1),SHORT,SELL LIMIT,7443.07,7482.13,7404.0,7420.28,7385.72,39.07,3 units; Unit3 SL->entry-0.2R (7435.25) on TP2 fill; runner exits on P touch / S1 close / session close,2026-05-19,B: wait for entry -0.5R,NO FILL,,,,,All units,,,06:45 price 7402.5 was worse than the card entry 7443.07; the -0.5R improvement level 7462.6 was not reached (session range from 06:45: 7339.1-7417.8).,0.0,
SPX-2026-05-18,2026-05-18,"Trade 3C - Transition Breakout (sell stop, conditional)",SHORT,"SELL STOP on confirmed daily close < 7386.25, executed next open",7386.25,7459.35,7326.23,7229.13,7186.39,73.1,3 units; Unit3 SL->entry-0.2R (7371.63) on TP2 fill,2026-05-19,A: market at 06:45 (better than card entry),FILLED,2026-05-19 06:45:00,7402.5,56.85,0.778,Unit 1,7459.35,2026-05-21 20:45:00,stopped out (TP1 reached later 2026-06-09 18:15:00),-1.0,
SPX-2026-05-18,2026-05-18,"Trade 3C - Transition Breakout (sell stop, conditional)",SHORT,"SELL STOP on confirmed daily close < 7386.25, executed next open",7386.25,7459.35,7326.23,7229.13,7186.39,73.1,3 units; Unit3 SL->entry-0.2R (7371.63) on TP2 fill,2026-05-19,A: market at 06:45 (better than card entry),FILLED,2026-05-19 06:45:00,7402.5,56.85,0.778,Unit 2,7459.35,2026-05-21 20:45:00,stopped out (TP2 never reached),-1.0,
SPX-2026-05-18,2026-05-18,"Trade 3C - Transition Breakout (sell stop, conditional)",SHORT,"SELL STOP on confirmed daily close < 7386.25, executed next open",7386.25,7459.35,7326.23,7229.13,7186.39,73.1,3 units; Unit3 SL->entry-0.2R (7371.63) on TP2 fill,2026-05-19,A: market at 06:45 (better than card entry),FILLED,2026-05-19 06:45:00,7402.5,56.85,0.778,Unit 3,7459.35,2026-05-21 20:45:00,stopped out,-1.0,
SPX-2026-05-19,2026-05-19,Trade 1 - Daily Directional (mean-reversion),LONG,"PENDING MARKET-BUY set 00:00 UK, activates NY cash open 14:30 UK",7403.05,7335.0,7434.0,7490.0,7573.0,68.05,3 units; Unit3 trails to entry+0.2R (7416.65) on TP2 fill,2026-05-20,A: market at 06:45 (better than card entry),FILLED,2026-05-20 06:45:00,7351.4,16.4,0.241,Unit 1,7434.0,2026-05-20 18:15:00,TP1 reached,5.037,MICRO-R
SPX-2026-05-19,2026-05-19,Trade 1 - Daily Directional (mean-reversion),LONG,"PENDING MARKET-BUY set 00:00 UK, activates NY cash open 14:30 UK",7403.05,7335.0,7434.0,7490.0,7573.0,68.05,3 units; Unit3 trails to entry+0.2R (7416.65) on TP2 fill,2026-05-20,A: market at 06:45 (better than card entry),FILLED,2026-05-20 06:45:00,7351.4,16.4,0.241,Unit 2,7490.0,2026-05-22 16:00:00,TP2 reached,8.451,MICRO-R
SPX-2026-05-19,2026-05-19,Trade 1 - Daily Directional (mean-reversion),LONG,"PENDING MARKET-BUY set 00:00 UK, activates NY cash open 14:30 UK",7403.05,7335.0,7434.0,7490.0,7573.0,68.05,3 units; Unit3 trails to entry+0.2R (7416.65) on TP2 fill,2026-05-20,A: market at 06:45 (better than card entry),FILLED,2026-05-20 06:45:00,7351.4,16.4,0.241,Unit 3,7573.0,2026-05-28 20:45:00,runner target reached,13.512,MICRO-R
SPX-2026-05-19,2026-05-19,Trade 2 - Pivot (buy limit daily S1),LONG,BUY LIMIT,7371.85,7348.0,7403.0,7434.0,7490.0,23.85,3 units; Unit3 trails to entry+0.2R on TP2 fill,2026-05-20,A: market at 06:45 (better than card entry),FILLED,2026-05-20 06:45:00,7351.4,3.4,0.143,Unit 1,7348.0,2026-05-20 07:45:00,stopped out (TP1 reached later 2026-05-20 17:15:00),-1.0,MICRO-R
SPX-2026-05-19,2026-05-19,Trade 2 - Pivot (buy limit daily S1),LONG,BUY LIMIT,7371.85,7348.0,7403.0,7434.0,7490.0,23.85,3 units; Unit3 trails to entry+0.2R on TP2 fill,2026-05-20,A: market at 06:45 (better than card entry),FILLED,2026-05-20 06:45:00,7351.4,3.4,0.143,Unit 2,7348.0,2026-05-20 07:45:00,stopped out (TP2 reached later 2026-05-20 18:15:00),-1.0,MICRO-R
SPX-2026-05-19,2026-05-19,Trade 2 - Pivot (buy limit daily S1),LONG,BUY LIMIT,7371.85,7348.0,7403.0,7434.0,7490.0,23.85,3 units; Unit3 trails to entry+0.2R on TP2 fill,2026-05-20,A: market at 06:45 (better than card entry),FILLED,2026-05-20 06:45:00,7351.4,3.4,0.143,Unit 3,7348.0,2026-05-20 07:45:00,stopped out,-1.0,MICRO-R
SPX-2026-05-19,2026-05-19,Trade 3A - Momentum-Pullback (layered fib limits),LONG,BUY LIMIT (layered 7444.43 / 7427.32),7435.5,7360.0,7490.0,7517.0,7573.0,75.5,3 units; on Unit 2 fill Unit 3 stop pulls to entry (supersedes +0.2R),2026-05-20,A: market-if-better,SKIPPED,2026-05-20 06:45:00,7351.4,,,All units,,,06:45 price 7351.4 is beyond the card stop 7360.0 - the structure the card was built on is already gone; no entry taken.,0.0,PRICE THROUGH STOP AT 06:45
SPX-2026-05-20,2026-05-20,Trade 1 - Daily Directional,,,,,,,,,,,,SUPPRESSED,,, ,,All units,,,SUPPRESSED by card: direction score |+0.02| below 0.25 threshold; short-term bearish vs medium-term bullish cancelled out.,0.0,
SPX-2026-05-20,2026-05-20,Trade 2 - Pivot (weekly TREND breakout),LONG,BUY STOP from 14:30 UK cash open,7442.17,7372.92,7488.61,7528.67,7568.73,69.25,3 units; Unit3 SL->entry+0.2R (7456.02) on TP2 fill; runner CARD-SPECIFIED exit at session close + 3xATR cap,2026-05-21,A: market at 06:45 (better than card entry),FILLED,2026-05-21 06:45:00,7433.0,60.08,0.868,Unit 1,7488.61,2026-05-22 15:45:00,TP1 reached,0.926,
SPX-2026-05-20,2026-05-20,Trade 2 - Pivot (weekly TREND breakout),LONG,BUY STOP from 14:30 UK cash open,7442.17,7372.92,7488.61,7528.67,7568.73,69.25,3 units; Unit3 SL->entry+0.2R (7456.02) on TP2 fill; runner CARD-SPECIFIED exit at session close + 3xATR cap,2026-05-21,A: market at 06:45 (better than card entry),FILLED,2026-05-21 06:45:00,7433.0,60.08,0.868,Unit 2,7528.67,2026-05-25 02:30:00,TP2 reached,1.592,
SPX-2026-05-20,2026-05-20,Trade 2 - Pivot (weekly TREND breakout),LONG,BUY STOP from 14:30 UK cash open,7442.17,7372.92,7488.61,7528.67,7568.73,69.25,3 units; Unit3 SL->entry+0.2R (7456.02) on TP2 fill; runner CARD-SPECIFIED exit at session close + 3xATR cap,2026-05-21,A: market at 06:45 (better than card entry),FILLED,2026-05-21 06:45:00,7433.0,60.08,0.868,Unit 3,7452.3,2026-05-21 23:45:00,card runner time-stop at entry-session close,0.321,
SPX-2026-05-20,2026-05-20,Trade 3A - Momentum-Pullback (demand-zone retest),LONG,BUY LIMIT,7360.0,7325.0,7395.0,7433.31,7453.09,35.0,3 units; Unit3 SL->entry+0.2R (7367) on TP2 fill; override to ATH retest on 100% ext,2026-05-21,B: wait for entry -0.5R,NO FILL,,,,,All units,,,06:45 price 7433.0 was worse than the card entry 7360.0; the -0.5R improvement level 7342.5 was not reached (session range from 06:45: 7394.1-7471.8).,0.0,
SPX-2026-05-21,2026-05-21,Trade 1 - Daily Directional,LONG,MARKET @ overridden daily-open anchor (proxy = 20 May RTH close),7432.97,7326.24,7539.7,7646.43,7612.49,106.73,3 units; Unit3 SL->entry+0.2R (7454.32) on TP2 fill; runner CARD-SPECIFIED time-stop at session close / 3xATR cap,2026-05-22,B: wait for entry -0.5R,NO FILL,,,,,All units,,,06:45 price 7472.2 was worse than the card entry 7432.97; the -0.5R improvement level 7379.6 was not reached (session range from 06:45: 7455.2-7509.2).,0.0,
SPX-2026-05-21,2026-05-21,Trade 2 - Pivot (TRANSITION breakout side),LONG,BUY STOP,7442.42,7375.01,7486.61,7525.67,7564.73,67.41,3 units; Unit3 SL->entry+0.2R (7455.90) on TP2 fill,2026-05-22,B: wait for entry -0.5R,NO FILL,,,,,All units,,,06:45 price 7472.2 was worse than the card entry 7442.42; the -0.5R improvement level 7408.7 was not reached (session range from 06:45: 7455.2-7509.2).,0.0,
SPX-2026-05-21,2026-05-21,Trade 3C - Range Breakout (conditional),LONG,"CONDITIONAL - daily close above 7515.81, enter at that close",7515.81,7225.11,7960.42,8190.21,,290.7,3 units; on Unit 2 fill Unit 3 stop moves to the broken boundary 7500.85,2026-05-26,B: wait for entry -0.5R,NO FILL,,,,,All units,,,confirmed close 7552.7 on 2026-05-25; 06:45 price 7527.7 was worse than the card entry 7515.81; the -0.5R improvement level 7370.5 was not reached (session range from 06:45: 7505.5-7543.5).,0.0,
SPX-2026-05-22,2026-05-22,Trade 1 - Daily Directional,,,,,,,,,,,,SUPPRESSED,,, ,,All units,,,SUPPRESSED by card: direction score |0.22| below the 0.25 conviction threshold.,0.0,
SPX-2026-05-22,2026-05-22,Trade 2 - Pivot (TRANSITION breakout side),LONG,BUY STOP,7415.0,7355.0,7437.0,7475.0,7501.0,60.0,"3 units; Unit3 SL->entry+0.2R (7427) on TP2 fill; runner toward ~7501, trails prior-day low",2026-05-25,B: wait for entry -0.5R,NO FILL,,,,,All units,,,06:45 price 7544.9 was worse than the card entry 7415.0; the -0.5R improvement level 7385.0 was not reached (session range from 06:45: 7536.4-7557.4).,0.0,
SPX-2026-05-22,2026-05-22,Trade 3C - Momentum-Breakout (conditional),LONG,"CONDITIONAL - daily close above ~7539, enter at that close",7539.0,7193.0,8057.0,8327.0,,346.0,3 units; on Unit 2 fill Unit 3 stop moves to the broken boundary ~7517,2026-05-26,A: market at 06:45 (better than card entry),FILLED,2026-05-26 06:45:00,7527.7,334.7,0.967,Unit 1,7751.3,2026-08-07 23:45:00,confirmed close 7552.7 on 2026-05-25; unresolved at end of data - MTM,0.668,
SPX-2026-05-22,2026-05-22,Trade 3C - Momentum-Breakout (conditional),LONG,"CONDITIONAL - daily close above ~7539, enter at that close",7539.0,7193.0,8057.0,8327.0,,346.0,3 units; on Unit 2 fill Unit 3 stop moves to the broken boundary ~7517,2026-05-26,A: market at 06:45 (better than card entry),FILLED,2026-05-26 06:45:00,7527.7,334.7,0.967,Unit 2,7751.3,2026-08-07 23:45:00,confirmed close 7552.7 on 2026-05-25; unresolved at end of data - MTM,0.668,
SPX-2026-05-22,2026-05-22,Trade 3C - Momentum-Breakout (conditional),LONG,"CONDITIONAL - daily close above ~7539, enter at that close",7539.0,7193.0,8057.0,8327.0,,346.0,3 units; on Unit 2 fill Unit 3 stop moves to the broken boundary ~7517,2026-05-26,A: market at 06:45 (better than card entry),FILLED,2026-05-26 06:45:00,7527.7,334.7,0.967,Unit 3,7751.3,2026-08-07 23:45:00,confirmed close 7552.7 on 2026-05-25; unresolved at end of data - MTM,0.668,
SPX-2026-05-25,2026-05-25,Trade 1 - Daily Directional,LONG,MARKET @ 07:00 UK on 26 May (post-holiday open),7473.47,7403.3,7543.64,7613.81,7689.0,70.17,3 units; Unit3 SL->entry+0.2R (7487.51) on TP2 fill; runner CARD-SPECIFIED time-stop at session close / 3xATR cap,2026-05-26,B: wait for entry -0.5R,NO FILL,,,,,All units,,,06:45 price 7527.7 was worse than the card entry 7473.47; the -0.5R improvement level 7438.4 was not reached (session range from 06:45: 7505.5-7543.5).,0.0,
SPX-2026-05-25,2026-05-25,"Trade 2 - Pivot (TREND breakout, buy stop)",LONG,BUY STOP,7447.53,7426.43,7468.98,7480.61,7492.24,21.1,3 units; Unit3 SL->entry+0.2R (7451.75) on TP2 fill,2026-05-26,B: wait for entry -0.5R,NO FILL,,,,,All units,,,06:45 price 7527.7 was worse than the card entry 7447.53; the -0.5R improvement level 7437.0 was not reached (session range from 06:45: 7505.5-7543.5).,0.0,
SPX-2026-05-25,2026-05-25,Trade 3A - Momentum-Pullback (57.5% fib),LONG,BUY LIMIT,7400.82,7320.9,7428.94,7484.6,7630.3,79.9,3 units; Unit3 SL->entry+0.2R (7416.80) on TP2; structural override to 7442.71 on 100%-ext print,2026-05-26,B: wait for entry -0.5R,NO FILL,,,,,All units,,,06:45 price 7527.7 was worse than the card entry 7400.82; the -0.5R improvement level 7360.9 was not reached (session range from 06:45: 7505.5-7543.5).,0.0,
SPX-2026-05-26,2026-05-26,Trade 1 - Daily Directional,LONG,MARKET @ 00:00 UK,7473.47,7397.96,7548.98,7624.5,7757.0,76.0,3 units; Unit3 SL->entry+0.2R (7488.57) on TP2 fill; runner CARD-SPECIFIED time-stop at session close / 3xATR cap,2026-05-27,B: wait for entry -0.5R,NO FILL,,,,,All units,,,06:45 price 7531.0 was worse than the card entry 7473.47; the -0.5R improvement level 7435.7 was not reached (session range from 06:45: 7504.3-7559.5).,0.0,
SPX-2026-05-26,2026-05-26,"Trade 2 - Pivot (TRANSITION breakout, buy stop)",LONG,BUY STOP,7448.3,7426.33,7470.15,7482.36,7494.57,22.0,3 units; Unit3 SL->entry+0.2R on TP2 fill,2026-05-27,B: wait for entry -0.5R,NO FILL,,,,,All units,,,06:45 price 7531.0 was worse than the card entry 7448.3; the -0.5R improvement level 7437.3 was not reached (session range from 06:45: 7504.3-7559.5).,0.0,
SPX-2026-05-26,2026-05-26,Trade 3C - Range Breakout (conditional),LONG,CONDITIONAL - daily close above ~7574.60,7574.6,7160.29,8202.09,8527.65,,414.31,3 units; on Unit 2 fill Unit 3 stop moves to the broken boundary 7550.96,2026-05-29,A: market at 06:45 (better than card entry),FILLED,2026-05-29 06:45:00,7570.8,410.51,0.991,Unit 1,7751.3,2026-08-07 23:45:00,confirmed close 7578.2 on 2026-05-28; unresolved at end of data - MTM,0.44,
SPX-2026-05-26,2026-05-26,Trade 3C - Range Breakout (conditional),LONG,CONDITIONAL - daily close above ~7574.60,7574.6,7160.29,8202.09,8527.65,,414.31,3 units; on Unit 2 fill Unit 3 stop moves to the broken boundary 7550.96,2026-05-29,A: market at 06:45 (better than card entry),FILLED,2026-05-29 06:45:00,7570.8,410.51,0.991,Unit 2,7751.3,2026-08-07 23:45:00,confirmed close 7578.2 on 2026-05-28; unresolved at end of data - MTM,0.44,
SPX-2026-05-26,2026-05-26,Trade 3C - Range Breakout (conditional),LONG,CONDITIONAL - daily close above ~7574.60,7574.6,7160.29,8202.09,8527.65,,414.31,3 units; on Unit 2 fill Unit 3 stop moves to the broken boundary 7550.96,2026-05-29,A: market at 06:45 (better than card entry),FILLED,2026-05-29 06:45:00,7570.8,410.51,0.991,Unit 3,7751.3,2026-08-07 23:45:00,confirmed close 7578.2 on 2026-05-28; unresolved at end of data - MTM,0.44,
SPX-2026-05-27,2026-05-27,Trade 1 - Daily Directional,LONG,MARKET @ next regular cash session open (14:30 UK),7519.12,7330.35,7707.89,7896.66,7694.93,188.8,3 units; Unit3 SL->entry+0.2R (7556.88) on TP2 fill; runner CARD-SPECIFIED time-stop at session close / 3xATR cap,2026-05-28,A: market at 06:45 (better than card entry),FILLED,2026-05-28 06:45:00,7502.8,172.45,0.914,Unit 1,7330.35,2026-06-09 18:15:00,stopped out (TP1 reached later 2026-08-04 18:30:00),-1.0,
SPX-2026-05-27,2026-05-27,Trade 1 - Daily Directional,LONG,MARKET @ next regular cash session open (14:30 UK),7519.12,7330.35,7707.89,7896.66,7694.93,188.8,3 units; Unit3 SL->entry+0.2R (7556.88) on TP2 fill; runner CARD-SPECIFIED time-stop at session close / 3xATR cap,2026-05-28,A: market at 06:45 (better than card entry),FILLED,2026-05-28 06:45:00,7502.8,172.45,0.914,Unit 2,7330.35,2026-06-09 18:15:00,stopped out (TP2 never reached),-1.0,
SPX-2026-05-27,2026-05-27,Trade 1 - Daily Directional,LONG,MARKET @ next regular cash session open (14:30 UK),7519.12,7330.35,7707.89,7896.66,7694.93,188.8,3 units; Unit3 SL->entry+0.2R (7556.88) on TP2 fill; runner CARD-SPECIFIED time-stop at session close / 3xATR cap,2026-05-28,A: market at 06:45 (better than card entry),FILLED,2026-05-28 06:45:00,7502.8,172.45,0.914,Unit 3,7578.2,2026-05-28 23:45:00,card runner time-stop at entry-session close,0.437,
SPX-2026-05-27,2026-05-27,Trade 2 - Pivot (TREND_UP),LONG,BUY LIMIT,7451.26,7389.82,7538.19,7570.56,7602.92,61.4,3 units; Unit3 SL->entry+0.2R (7463.55) on TP2 fill,2026-05-28,B: wait for entry -0.5R,NO FILL,,,,,All units,,,06:45 price 7502.8 was worse than the card entry 7451.26; the -0.5R improvement level 7420.5 was not reached (session range from 06:45: 7495.7-7580.5).,0.0,
SPX-2026-05-27,2026-05-27,Trade 3A - Momentum-Pullback (57.5% fib),LONG,BUY LIMIT,7421.5,7330.35,7456.24,7525.0,7705.0,91.2,3 units; structural runner override to 7473.25 on 100%-ext break,2026-05-28,B: wait for entry -0.5R,NO FILL,,,,,All units,,,06:45 price 7502.8 was worse than the card entry 7421.5; the -0.5R improvement level 7375.9 was not reached (session range from 06:45: 7495.7-7580.5).,0.0,
SPX-2026-05-28,2026-05-28,Trade 1 - Daily Directional,LONG,MARKET @ 07:00 UK European open,7519.0,7471.2,7548.41,7575.81,7616.3,47.8,3 units; BE on TP1 (NOT TP2); Unit3 trails 0.2R from each new HOD after TP2,2026-05-29,B: wait for entry -0.5R,NO FILL,,,,,All units,,,06:45 price 7570.8 was worse than the card entry 7519.0; the -0.5R improvement level 7495.1 was not reached (session range from 06:45: 7567.9-7601.8).,0.0,
SPX-2026-05-28,2026-05-28,Trade 2 - Pivot (daily P / weekly R1 retest),LONG,BUY LIMIT,7510.0,7479.0,7545.56,7577.69,7606.21,31.0,3 units; BE on TP1; runner trails 0.2R on TP2,2026-05-29,B: wait for entry -0.5R,NO FILL,,,,,All units,,,06:45 price 7570.8 was worse than the card entry 7510.0; the -0.5R improvement level 7494.5 was not reached (session range from 06:45: 7567.9-7601.8).,0.0,
SPX-2026-05-28,2026-05-28,Trade 3A - Momentum-Pullback,LONG,BUY LIMIT,7495.0,7471.0,7539.09,7567.0,7597.0,24.0,3 units; Unit3 stop to entry+1R per the 3A structural runner rule,2026-05-29,B: wait for entry -0.5R,NO FILL,,,,,All units,,,06:45 price 7570.8 was worse than the card entry 7495.0; the -0.5R improvement level 7483.0 was not reached (session range from 06:45: 7567.9-7601.8).,0.0,
SPX-2026-05-29,2026-05-29,Trade 1 - Daily Directional,LONG,BUY LIMIT,7535.0,7495.0,7575.0,7615.0,7655.0,40.0,3 units; Unit3 SL->entry+0.2R (7543) on TP2 fill; runner CARD-SPECIFIED time-stop at session close / 3xATR cap,2026-06-01,B: wait for entry -0.5R,NO FILL,,,,,All units,,,06:45 price 7604.7 was worse than the card entry 7535.0; the -0.5R improvement level 7515.0 was not reached (session range from 06:45: 7568.5-7623.6).,0.0,
SPX-2026-05-29,2026-05-29,Trade 2 - Pivot (buy limit daily P),LONG,BUY LIMIT,7551.0,7517.0,7585.0,7619.0,7670.0,34.0,3 units; Unit3 SL->entry+0.2R (7558) on TP2 fill; runner exit at weekly P re-test,2026-06-01,B: wait for entry -0.5R,NO FILL,,,,,All units,,,06:45 price 7604.7 was worse than the card entry 7551.0; the -0.5R improvement level 7534.0 was not reached (session range from 06:45: 7568.5-7623.6).,0.0,
SPX-2026-05-29,2026-05-29,Trade 3A - Momentum-Pullback (breakout stop),LONG,BUY STOP,7572.0,7528.0,7616.0,7660.0,7750.0,44.0,3 units; 3A structural runner override active,2026-06-01,B: wait for entry -0.5R,NO FILL,,,,,All units,,,06:45 price 7604.7 was worse than the card entry 7572.0; the -0.5R improvement level 7550.0 was not reached (session range from 06:45: 7568.5-7623.6).,0.0,
SPX-2026-06-01,2026-06-01,Trade 1 - Daily Directional (breakout stop),LONG,BUY STOP,7599.5,7562.6,7636.5,7673.5,7715.5,36.9,3 units; Unit3 SL->entry+0.2R on TP2 fill; runner CARD-SPECIFIED time-stop at cash close / 3xATR cap,2026-06-02,A: market at 06:45 (better than card entry),FILLED,2026-06-02 06:45:00,7572.8,10.2,0.276,Unit 1,7562.6,2026-06-03 19:15:00,stopped out (TP1 reached later 2026-08-04 16:15:00),-1.0,
SPX-2026-06-01,2026-06-01,Trade 1 - Daily Directional (breakout stop),LONG,BUY STOP,7599.5,7562.6,7636.5,7673.5,7715.5,36.9,3 units; Unit3 SL->entry+0.2R on TP2 fill; runner CARD-SPECIFIED time-stop at cash close / 3xATR cap,2026-06-02,A: market at 06:45 (better than card entry),FILLED,2026-06-02 06:45:00,7572.8,10.2,0.276,Unit 2,7562.6,2026-06-03 19:15:00,stopped out (TP2 reached later 2026-08-04 17:15:00),-1.0,
SPX-2026-06-01,2026-06-01,Trade 1 - Daily Directional (breakout stop),LONG,BUY STOP,7599.5,7562.6,7636.5,7673.5,7715.5,36.9,3 units; Unit3 SL->entry+0.2R on TP2 fill; runner CARD-SPECIFIED time-stop at cash close / 3xATR cap,2026-06-02,A: market at 06:45 (better than card entry),FILLED,2026-06-02 06:45:00,7572.8,10.2,0.276,Unit 3,7621.3,2026-06-02 23:45:00,card runner time-stop at entry-session close,4.755,
SPX-2026-06-01,2026-06-01,Trade 2 - Pivot (buy limit daily P),LONG,BUY LIMIT,7581.0,7545.2,7617.0,7653.0,7670.0,35.8,3 units; Unit3 SL->entry+0.2R on TP2 fill; runner exit on pivot P re-cross or session close,2026-06-02,A: market at 06:45 (better than card entry),FILLED,2026-06-02 06:45:00,7572.8,27.6,0.771,Unit 1,7617.0,2026-06-02 17:45:00,TP1 reached,1.601,
SPX-2026-06-01,2026-06-01,Trade 2 - Pivot (buy limit daily P),LONG,BUY LIMIT,7581.0,7545.2,7617.0,7653.0,7670.0,35.8,3 units; Unit3 SL->entry+0.2R on TP2 fill; runner exit on pivot P re-cross or session close,2026-06-02,A: market at 06:45 (better than card entry),FILLED,2026-06-02 06:45:00,7572.8,27.6,0.771,Unit 2,7545.2,2026-06-03 23:30:00,stopped out (TP2 reached later 2026-08-04 16:45:00),-1.0,
SPX-2026-06-01,2026-06-01,Trade 2 - Pivot (buy limit daily P),LONG,BUY LIMIT,7581.0,7545.2,7617.0,7653.0,7670.0,35.8,3 units; Unit3 SL->entry+0.2R on TP2 fill; runner exit on pivot P re-cross or session close,2026-06-02,A: market at 06:45 (better than card entry),FILLED,2026-06-02 06:45:00,7572.8,27.6,0.771,Unit 3,7621.3,2026-06-02 23:45:00,card runner time-stop at entry-session close,1.757,
SPX-2026-06-01,2026-06-01,Trade 3A - Momentum-Pullback (38.2% fib),LONG,BUY LIMIT,7538.0,7520.0,7580.0,7599.0,7690.0,18.0,3 units; 3A structural runner override on 100%-ext break,2026-06-02,B: wait for entry -0.5R,NO FILL,,,,,All units,,,06:45 price 7572.8 was worse than the card entry 7538.0; the -0.5R improvement level 7529.0 was not reached (session range from 06:45: 7572.5-7624.6).,0.0,
SPX-2026-06-02,2026-06-02,Trade 1 - Daily Directional,LONG,MARKET @ 00:00 UK,7599.96,7551.51,7648.41,7696.87,7737.87,48.45,3 units; Unit3 SL->entry+0.2R on TP2 fill; runner CARD-SPECIFIED exit at session close + 3xATR cap,2026-06-03,B: limit at entry -0.5R = 7575.74 (did not chase),FILLED,2026-06-03 16:45:00,7575.74,24.23,0.5,Unit 1,7551.51,2026-06-03 23:15:00,stopped out (TP1 reached later 2026-08-04 16:45:00),-1.0,
SPX-2026-06-02,2026-06-02,Trade 1 - Daily Directional,LONG,MARKET @ 00:00 UK,7599.96,7551.51,7648.41,7696.87,7737.87,48.45,3 units; Unit3 SL->entry+0.2R on TP2 fill; runner CARD-SPECIFIED exit at session close + 3xATR cap,2026-06-03,B: limit at entry -0.5R = 7575.74 (did not chase),FILLED,2026-06-03 16:45:00,7575.74,24.23,0.5,Unit 2,7551.51,2026-06-03 23:15:00,stopped out (TP2 reached later 2026-08-04 18:15:00),-1.0,
SPX-2026-06-02,2026-06-02,Trade 1 - Daily Directional,LONG,MARKET @ 00:00 UK,7599.96,7551.51,7648.41,7696.87,7737.87,48.45,3 units; Unit3 SL->entry+0.2R on TP2 fill; runner CARD-SPECIFIED exit at session close + 3xATR cap,2026-06-03,B: limit at entry -0.5R = 7575.74 (did not chase),FILLED,2026-06-03 16:45:00,7575.74,24.23,0.5,Unit 3,7551.51,2026-06-03 23:15:00,stopped out,-1.0,
SPX-2026-06-02,2026-06-02,Trade 2 - Pivot (buy limit daily P),LONG,BUY LIMIT,7580.81,7550.76,7610.86,7640.92,7598.63,30.05,3 units; Unit3 SL->entry+0.2R on TP2 fill; runner exit at daily R1 7598.63,2026-06-03,B: limit at entry -0.5R = 7565.78 (did not chase),FILLED,2026-06-03 19:15:00,7565.78,15.02,0.5,Unit 1,7550.76,2026-06-03 23:15:00,stopped out (TP1 reached later 2026-08-04 04:30:00),-1.0,
SPX-2026-06-02,2026-06-02,Trade 2 - Pivot (buy limit daily P),LONG,BUY LIMIT,7580.81,7550.76,7610.86,7640.92,7598.63,30.05,3 units; Unit3 SL->entry+0.2R on TP2 fill; runner exit at daily R1 7598.63,2026-06-03,B: limit at entry -0.5R = 7565.78 (did not chase),FILLED,2026-06-03 19:15:00,7565.78,15.02,0.5,Unit 2,7550.76,2026-06-03 23:15:00,stopped out (TP2 reached later 2026-08-04 16:30:00),-1.0,
SPX-2026-06-02,2026-06-02,Trade 2 - Pivot (buy limit daily P),LONG,BUY LIMIT,7580.81,7550.76,7610.86,7640.92,7598.63,30.05,3 units; Unit3 SL->entry+0.2R on TP2 fill; runner exit at daily R1 7598.63,2026-06-03,B: limit at entry -0.5R = 7565.78 (did not chase),FILLED,2026-06-03 19:15:00,7565.78,15.02,0.5,Unit 3,7550.76,2026-06-03 23:15:00,stopped out,-1.0,
SPX-2026-06-02,2026-06-02,Trade 3A - Momentum-Pullback (38.2% fib),LONG,BUY LIMIT,7552.5,7525.28,7603.44,7639.71,7700.0,27.22,3 units; 3A structural runner override on 100%-ext break,2026-06-03,B: limit at entry -0.5R = 7538.89 (did not chase),FILLED,2026-06-03 23:30:00,7538.89,13.61,0.5,Unit 1,7525.28,2026-06-04 01:45:00,stopped out (TP1 reached later 2026-06-04 22:15:00),-1.0,
SPX-2026-06-02,2026-06-02,Trade 3A - Momentum-Pullback (38.2% fib),LONG,BUY LIMIT,7552.5,7525.28,7603.44,7639.71,7700.0,27.22,3 units; 3A structural runner override on 100%-ext break,2026-06-03,B: limit at entry -0.5R = 7538.89 (did not chase),FILLED,2026-06-03 23:30:00,7538.89,13.61,0.5,Unit 2,7525.28,2026-06-04 01:45:00,stopped out (TP2 reached later 2026-08-04 16:30:00),-1.0,
SPX-2026-06-02,2026-06-02,Trade 3A - Momentum-Pullback (38.2% fib),LONG,BUY LIMIT,7552.5,7525.28,7603.44,7639.71,7700.0,27.22,3 units; 3A structural runner override on 100%-ext break,2026-06-03,B: limit at entry -0.5R = 7538.89 (did not chase),FILLED,2026-06-03 23:30:00,7538.89,13.61,0.5,Unit 3,7525.28,2026-06-04 01:45:00,stopped out,-1.0,
SPX-2026-06-03,2026-06-03,Trade 1 - Daily Directional,LONG,MARKET @ 00:00 UK,7585.5,7499.14,7671.86,7758.22,7784.79,86.36,3 units; Unit3 SL->entry+0.2R on TP2 fill; runner CARD-SPECIFIED session-close time-stop + 3xATR cap,2026-06-04,A: market at 06:45 (better than card entry),FILLED,2026-06-04 06:45:00,7532.7,33.56,0.389,Unit 1,7499.14,2026-06-05 17:00:00,stopped out (TP1 reached later 2026-08-04 17:00:00),-1.0,
SPX-2026-06-03,2026-06-03,Trade 1 - Daily Directional,LONG,MARKET @ 00:00 UK,7585.5,7499.14,7671.86,7758.22,7784.79,86.36,3 units; Unit3 SL->entry+0.2R on TP2 fill; runner CARD-SPECIFIED session-close time-stop + 3xATR cap,2026-06-04,A: market at 06:45 (better than card entry),FILLED,2026-06-04 06:45:00,7532.7,33.56,0.389,Unit 2,7499.14,2026-06-05 17:00:00,stopped out (TP2 reached later 2026-08-04 22:45:00),-1.0,
SPX-2026-06-03,2026-06-03,Trade 1 - Daily Directional,LONG,MARKET @ 00:00 UK,7585.5,7499.14,7671.86,7758.22,7784.79,86.36,3 units; Unit3 SL->entry+0.2R on TP2 fill; runner CARD-SPECIFIED session-close time-stop + 3xATR cap,2026-06-04,A: market at 06:45 (better than card entry),FILLED,2026-06-04 06:45:00,7532.7,33.56,0.389,Unit 3,7582.1,2026-06-04 23:45:00,card runner time-stop at entry-session close,1.472,
SPX-2026-06-03,2026-06-03,Trade 2 - Pivot (buy limit daily P),LONG,BUY LIMIT,7601.28,7557.81,7619.58,7639.19,7657.49,43.47,3 units; Unit3 SL->entry+0.2R on TP2 fill,2026-06-04,A: market-if-better,SKIPPED,2026-06-04 06:45:00,7532.7,,,All units,,,06:45 price 7532.7 is beyond the card stop 7557.81 - the structure the card was built on is already gone; no entry taken.,0.0,PRICE THROUGH STOP AT 06:45
SPX-2026-06-03,2026-06-03,Trade 3A - Momentum-Pullback (38.2% fib),LONG,BUY LIMIT,7573.68,7484.0,7620.9,7744.51,7850.0,89.68,3 units; 3A structural runner override on 100%-ext break,2026-06-04,A: market at 06:45 (better than card entry),FILLED,2026-06-04 06:45:00,7532.7,48.7,0.543,Unit 1,7484.0,2026-06-05 18:30:00,stopped out (TP1 reached later 2026-08-04 08:30:00),-1.0,
SPX-2026-06-03,2026-06-03,Trade 3A - Momentum-Pullback (38.2% fib),LONG,BUY LIMIT,7573.68,7484.0,7620.9,7744.51,7850.0,89.68,3 units; 3A structural runner override on 100%-ext break,2026-06-04,A: market at 06:45 (better than card entry),FILLED,2026-06-04 06:45:00,7532.7,48.7,0.543,Unit 2,7484.0,2026-06-05 18:30:00,stopped out (TP2 reached later 2026-08-04 20:30:00),-1.0,
SPX-2026-06-03,2026-06-03,Trade 3A - Momentum-Pullback (38.2% fib),LONG,BUY LIMIT,7573.68,7484.0,7620.9,7744.51,7850.0,89.68,3 units; 3A structural runner override on 100%-ext break,2026-06-04,A: market at 06:45 (better than card entry),FILLED,2026-06-04 06:45:00,7532.7,48.7,0.543,Unit 3,7484.0,2026-06-05 18:30:00,stopped out,-1.0,
SPX-2026-06-04,2026-06-04,Trade 1 - Daily Directional,LONG,MARKET @ 00:00 UK (overridden anchor),7609.78,7573.71,7645.85,7681.92,7783.78,36.07,3 units; Unit3 SL->entry+0.2R on TP2 fill; runner session-close time-stop / 3xATR cap,2026-06-05,A: market-if-better,SKIPPED,2026-06-05 06:45:00,7551.6,,,All units,,,06:45 price 7551.6 is beyond the card stop 7573.71 - the structure the card was built on is already gone; no entry taken.,0.0,PRICE THROUGH STOP AT 06:45
SPX-2026-06-04,2026-06-04,Trade 2 - Pivot (TREND_UP breakout),LONG,BUY STOP,7606.72,7591.48,7626.12,7634.3,7642.47,15.24,3 units; Unit3 SL->entry+0.2R on TP2 fill; runner toward R2,2026-06-05,A: market-if-better,SKIPPED,2026-06-05 06:45:00,7551.6,,,All units,,,06:45 price 7551.6 is beyond the card stop 7591.48 - the structure the card was built on is already gone; no entry taken.,0.0,PRICE THROUGH STOP AT 06:45
SPX-2026-06-04,2026-06-04,Trade 3A - Momentum-Pullback (57.5% fib),LONG,BUY LIMIT,7554.26,7490.5,7576.63,7620.9,7736.8,63.76,3 units; Unit3 SL->entry+0.2R (7567.01) on TP2 fill; 3A structural runner override on 100%-ext break,2026-06-05,A: market at 06:45 (better than card entry),FILLED,2026-06-05 06:45:00,7551.6,61.1,0.958,Unit 1,7490.5,2026-06-05 18:30:00,stopped out (TP1 reached later 2026-06-15 18:45:00),-1.0,
SPX-2026-06-04,2026-06-04,Trade 3A - Momentum-Pullback (57.5% fib),LONG,BUY LIMIT,7554.26,7490.5,7576.63,7620.9,7736.8,63.76,3 units; Unit3 SL->entry+0.2R (7567.01) on TP2 fill; 3A structural runner override on 100%-ext break,2026-06-05,A: market at 06:45 (better than card entry),FILLED,2026-06-05 06:45:00,7551.6,61.1,0.958,Unit 2,7490.5,2026-06-05 18:30:00,stopped out (TP2 reached later 2026-08-04 08:30:00),-1.0,
SPX-2026-06-04,2026-06-04,Trade 3A - Momentum-Pullback (57.5% fib),LONG,BUY LIMIT,7554.26,7490.5,7576.63,7620.9,7736.8,63.76,3 units; Unit3 SL->entry+0.2R (7567.01) on TP2 fill; 3A structural runner override on 100%-ext break,2026-06-05,A: market at 06:45 (better than card entry),FILLED,2026-06-05 06:45:00,7551.6,61.1,0.958,Unit 3,7490.5,2026-06-05 18:30:00,stopped out,-1.0,
SPX-2026-06-05,2026-06-05,Trade 1 - Daily Directional,,,,,,,,,,,,SUPPRESSED,,, ,,All units,,,SUPPRESSED by card: direction score |0.22| below the 0.25 conviction threshold.,0.0,
SPX-2026-06-05,2026-06-05,Trade 2 - Pivot (buy limit daily P),LONG,BUY LIMIT,7570.0,7512.0,7589.0,7624.0,7650.0,58.0,3 units; Unit3 SL->entry+0.2R on TP2 fill; runner trails to daily P,2026-06-08,A: market-if-better,SKIPPED,2026-06-08 06:45:00,7411.0,,,All units,,,06:45 price 7411.0 is beyond the card stop 7512.0 - the structure the card was built on is already gone; no entry taken.,0.0,PRICE THROUGH STOP AT 06:45
SPX-2026-06-05,2026-06-05,Trade 3A - Momentum-Pullback (breakout stop),LONG,BUY STOP,7593.0,7548.0,7621.0,7643.0,7697.0,45.0,3 units; Unit3 SL->entry+0.2R (7602) on TP2 fill,2026-06-08,A: market-if-better,SKIPPED,2026-06-08 06:45:00,7411.0,,,All units,,,06:45 price 7411.0 is beyond the card stop 7548.0 - the structure the card was built on is already gone; no entry taken.,0.0,PRICE THROUGH STOP AT 06:45
SPX-2026-06-08,2026-06-08,Trade 1 - Daily Directional,SHORT,MARKET @ cash open 14:30 UK,7384.0,7475.0,7293.0,7202.0,7105.0,91.0,3 units; Unit3 SL->entry-0.2R on TP2 fill; runner CARD-SPECIFIED time-stop at session close + 3xATR cap,2026-06-09,A: market at 06:45 (better than card entry),FILLED,2026-06-09 06:45:00,7427.3,47.7,0.524,Unit 1,7475.0,2026-06-09 16:45:00,stopped out (TP1 reached later 2026-06-09 19:15:00),-1.0,
SPX-2026-06-08,2026-06-08,Trade 1 - Daily Directional,SHORT,MARKET @ cash open 14:30 UK,7384.0,7475.0,7293.0,7202.0,7105.0,91.0,3 units; Unit3 SL->entry-0.2R on TP2 fill; runner CARD-SPECIFIED time-stop at session close + 3xATR cap,2026-06-09,A: market at 06:45 (better than card entry),FILLED,2026-06-09 06:45:00,7427.3,47.7,0.524,Unit 2,7475.0,2026-06-09 16:45:00,stopped out (TP2 never reached),-1.0,
SPX-2026-06-08,2026-06-08,Trade 1 - Daily Directional,SHORT,MARKET @ cash open 14:30 UK,7384.0,7475.0,7293.0,7202.0,7105.0,91.0,3 units; Unit3 SL->entry-0.2R on TP2 fill; runner CARD-SPECIFIED time-stop at session close + 3xATR cap,2026-06-09,A: market at 06:45 (better than card entry),FILLED,2026-06-09 06:45:00,7427.3,47.7,0.524,Unit 3,7475.0,2026-06-09 16:45:00,stopped out,-1.0,
SPX-2026-06-08,2026-06-08,Trade 3A - Momentum-Pullback (sell limit weekly S2),SHORT,SELL LIMIT,7460.0,7565.0,7384.0,7343.0,7105.0,105.0,3 units; Unit3 SL->entry-0.2R (7439) on TP2 fill; structural runner override on breakdown,2026-06-09,B: wait for entry -0.5R,NO FILL,,,,,All units,,,06:45 price 7427.3 was worse than the card entry 7460.0; the -0.5R improvement level 7512.5 was not reached (session range from 06:45: 7243.1-7486.4).,0.0,
SPX-2026-06-09,2026-06-09,Trade 1 - Daily Directional,SHORT,MARKET @ cash open 14:30 UK,7384.0,7484.0,7284.0,7184.0,7100.0,100.0,3 units; Unit3 SL->entry-0.2R (7364) on TP2 fill; runner CARD-SPECIFIED time-stop at session close + 3xATR cap,2026-06-10,B: wait for entry -0.5R,NO FILL,,,,,All units,,,06:45 price 7366.3 was worse than the card entry 7384.0; the -0.5R improvement level 7434.0 was not reached (session range from 06:45: 7252.3-7400.7).,0.0,
SPX-2026-06-09,2026-06-09,Trade 3A - Momentum-Pullback (sell limit daily P),SHORT,SELL LIMIT,7449.58,7521.0,7380.0,7300.0,7245.0,71.0,3 units; Unit3 SL->entry-0.2R (7435.38) on TP2 fill,2026-06-10,B: wait for entry -0.5R,NO FILL,,,,,All units,,,06:45 price 7366.3 was worse than the card entry 7449.58; the -0.5R improvement level 7485.3 was not reached (session range from 06:45: 7252.3-7400.7).,0.0,
SPX-2026-06-10,2026-06-10,Trade 1 - Daily Directional (sell stop),SHORT,SELL STOP,7330.0,7476.0,7257.0,7184.0,7038.0,146.0,3 units; Unit3 SL->entry-0.2R on TP2 fill; runner CARD-SPECIFIED exit at session close + 3xATR cap,2026-06-11,B: limit at entry -0.5R = 7403.00 (did not chase),FILLED,2026-06-11 22:30:00,7403.0,73.0,0.5,Unit 1,7476.0,2026-06-15 01:00:00,stopped out (TP1 never reached),-1.0,
SPX-2026-06-10,2026-06-10,Trade 1 - Daily Directional (sell stop),SHORT,SELL STOP,7330.0,7476.0,7257.0,7184.0,7038.0,146.0,3 units; Unit3 SL->entry-0.2R on TP2 fill; runner CARD-SPECIFIED exit at session close + 3xATR cap,2026-06-11,B: limit at entry -0.5R = 7403.00 (did not chase),FILLED,2026-06-11 22:30:00,7403.0,73.0,0.5,Unit 2,7476.0,2026-06-15 01:00:00,stopped out (TP2 never reached),-1.0,
SPX-2026-06-10,2026-06-10,Trade 1 - Daily Directional (sell stop),SHORT,SELL STOP,7330.0,7476.0,7257.0,7184.0,7038.0,146.0,3 units; Unit3 SL->entry-0.2R on TP2 fill; runner CARD-SPECIFIED exit at session close + 3xATR cap,2026-06-11,B: limit at entry -0.5R = 7403.00 (did not chase),FILLED,2026-06-11 22:30:00,7403.0,73.0,0.5,Unit 3,7394.6,2026-06-11 23:45:00,card runner time-stop at entry-session close,0.115,
SPX-2026-06-10,2026-06-10,Trade 2 - Pivot (sell limit weekly P),SHORT,SELL LIMIT,7460.0,7518.0,7402.0,7344.0,7330.0,58.0,3 units; Unit3 SL->entry-0.2R on TP2 fill; runner exit at pivot P,2026-06-11,B: wait for entry -0.5R,NO FILL,,,,,All units,,,06:45 price 7294.9 was worse than the card entry 7460.0; the -0.5R improvement level 7489.0 was not reached (session range from 06:45: 7260.0-7416.6).,0.0,
SPX-2026-06-10,2026-06-10,Trade 3C - Momentum-Breakout (sell stop),SHORT,SELL STOP,7322.0,7396.0,7248.0,7214.0,7105.0,74.0,3 units; Unit3 SL->entry-0.2R on TP2 fill,2026-06-11,B: limit at entry -0.5R = 7359.00 (did not chase),FILLED,2026-06-11 20:30:00,7359.0,37.0,0.5,Unit 1,7396.0,2026-06-11 22:15:00,stopped out (TP1 never reached),-1.0,
SPX-2026-06-10,2026-06-10,Trade 3C - Momentum-Breakout (sell stop),SHORT,SELL STOP,7322.0,7396.0,7248.0,7214.0,7105.0,74.0,3 units; Unit3 SL->entry-0.2R on TP2 fill,2026-06-11,B: limit at entry -0.5R = 7359.00 (did not chase),FILLED,2026-06-11 20:30:00,7359.0,37.0,0.5,Unit 2,7396.0,2026-06-11 22:15:00,stopped out (TP2 never reached),-1.0,
SPX-2026-06-10,2026-06-10,Trade 3C - Momentum-Breakout (sell stop),SHORT,SELL STOP,7322.0,7396.0,7248.0,7214.0,7105.0,74.0,3 units; Unit3 SL->entry-0.2R on TP2 fill,2026-06-11,B: limit at entry -0.5R = 7359.00 (did not chase),FILLED,2026-06-11 20:30:00,7359.0,37.0,0.5,Unit 3,7396.0,2026-06-11 22:15:00,stopped out,-1.0,
SPX-2026-06-11,2026-06-11,Trade 1 - Daily Directional,SHORT,MARKET @ 07:00 UK,7267.45,7552.45,6981.5,6696.1,6900.0,285.0,3 units; Unit3 SL->entry-0.2R on TP2 fill; runner CARD-SPECIFIED time-stop at session close / 3xATR cap,2026-06-12,A: market at 06:45 (better than card entry),FILLED,2026-06-12 06:45:00,7404.1,148.35,0.521,Unit 1,7552.45,2026-06-15 16:45:00,stopped out (TP1 never reached),-1.0,
SPX-2026-06-11,2026-06-11,Trade 1 - Daily Directional,SHORT,MARKET @ 07:00 UK,7267.45,7552.45,6981.5,6696.1,6900.0,285.0,3 units; Unit3 SL->entry-0.2R on TP2 fill; runner CARD-SPECIFIED time-stop at session close / 3xATR cap,2026-06-12,A: market at 06:45 (better than card entry),FILLED,2026-06-12 06:45:00,7404.1,148.35,0.521,Unit 2,7552.45,2026-06-15 16:45:00,stopped out (TP2 never reached),-1.0,
SPX-2026-06-11,2026-06-11,Trade 1 - Daily Directional,SHORT,MARKET @ 07:00 UK,7267.45,7552.45,6981.5,6696.1,6900.0,285.0,3 units; Unit3 SL->entry-0.2R on TP2 fill; runner CARD-SPECIFIED time-stop at session close / 3xATR cap,2026-06-12,A: market at 06:45 (better than card entry),FILLED,2026-06-12 06:45:00,7404.1,148.35,0.521,Unit 3,7433.9,2026-06-12 23:45:00,card runner time-stop at entry-session close,-0.201,
SPX-2026-06-11,2026-06-11,Trade 3A - Momentum-Pullback (57.5% rally-sell),SHORT,SELL LIMIT,7463.0,7641.0,7392.0,7250.0,7000.0,178.0,3 units; Unit3 SL->entry-0.2R on TP2 fill; structural runner override on 100%-ext break,2026-06-12,B: wait for entry -0.5R,NO FILL,,,,,All units,,,06:45 price 7404.1 was worse than the card entry 7463.0; the -0.5R improvement level 7552.0 was not reached (session range from 06:45: 7363.9-7458.7).,0.0,
SPX-2026-06-15,2026-06-15,Trade 1 - Daily Directional,LONG,MARKET @ 07:00 UK,7431.51,7338.91,7524.0,7616.6,7709.1,92.6,3 units; Unit3 SL->entry+0.2R on TP2 fill; runner CARD-SPECIFIED session-close time-stop + 3xATR cap,2026-06-16,B: wait for entry -0.5R,NO FILL,,,,,All units,,,06:45 price 7561.6 was worse than the card entry 7431.51; the -0.5R improvement level 7385.2 was not reached (session range from 06:45: 7513.1-7571.4).,0.0,
SPX-2026-06-15,2026-06-15,Trade 2 - Pivot (buy stop daily R1),LONG,BUY STOP,7470.9,7416.86,7524.9,7578.98,7620.0,54.04,3 units; Unit3 SL->entry+0.2R (7481.71) on TP2 fill; runner to pivot,2026-06-16,B: wait for entry -0.5R,NO FILL,,,,,All units,,,06:45 price 7561.6 was worse than the card entry 7470.9; the -0.5R improvement level 7443.9 was not reached (session range from 06:45: 7513.1-7571.4).,0.0,
SPX-2026-06-15,2026-06-15,Trade 3C - Breakout (buy stop 5-day swing high),LONG,BUY STOP,7483.15,7416.96,7549.3,7615.5,7866.2,66.19,3 units; structural runner on entry-to-anchor,2026-06-16,B: wait for entry -0.5R,NO FILL,,,,,All units,,,06:45 price 7561.6 was worse than the card entry 7483.15; the -0.5R improvement level 7450.1 was not reached (session range from 06:45: 7513.1-7571.4).,0.0,
SPX-2026-06-16,2026-06-16,Trade 1 - Daily Directional,LONG,MARKET @ overridden daily-open anchor,7431.24,7389.24,7473.68,7515.9,7558.12,42.0,3 units; Unit3 SL->entry+0.2R (7439.9) on TP2 fill; runner CARD-SPECIFIED session-close time-stop / 3xATR cap,2026-06-17,B: limit at entry -0.5R = 7410.24 (did not chase),FILLED,2026-06-17 22:30:00,7410.24,21.0,0.5,Unit 1,7473.68,2026-06-18 02:15:00,TP1 reached,3.021,
SPX-2026-06-16,2026-06-16,Trade 1 - Daily Directional,LONG,MARKET @ overridden daily-open anchor,7431.24,7389.24,7473.68,7515.9,7558.12,42.0,3 units; Unit3 SL->entry+0.2R (7439.9) on TP2 fill; runner CARD-SPECIFIED session-close time-stop / 3xATR cap,2026-06-17,B: limit at entry -0.5R = 7410.24 (did not chase),FILLED,2026-06-17 22:30:00,7410.24,21.0,0.5,Unit 2,7515.9,2026-06-18 16:15:00,TP2 reached,5.031,
SPX-2026-06-16,2026-06-16,Trade 1 - Daily Directional,LONG,MARKET @ overridden daily-open anchor,7431.24,7389.24,7473.68,7515.9,7558.12,42.0,3 units; Unit3 SL->entry+0.2R (7439.9) on TP2 fill; runner CARD-SPECIFIED session-close time-stop / 3xATR cap,2026-06-17,B: limit at entry -0.5R = 7410.24 (did not chase),FILLED,2026-06-17 22:30:00,7410.24,21.0,0.5,Unit 3,7446.2,2026-06-17 23:45:00,card runner time-stop at entry-session close,1.712,
SPX-2026-06-16,2026-06-16,Trade 2 - Pivot (buy limit daily S1),LONG,BUY LIMIT,7398.71,7353.41,7443.7,7488.7,7509.11,45.3,3 units; Unit3 SL->entry+0.2R on TP2 fill,2026-06-17,B: wait for entry -0.5R,NO FILL,,,,,All units,,,06:45 price 7540.2 was worse than the card entry 7398.71; the -0.5R improvement level 7376.1 was not reached (session range from 06:45: 7408.5-7548.3).,0.0,
SPX-2026-06-16,2026-06-16,Trade 3A - Momentum-Pullback (pivot confluence),LONG,BUY LIMIT,7400.0,7330.0,7470.0,7506.0,7577.0,70.0,3 units; 3A structural runner override on 100%-ext break,2026-06-17,B: wait for entry -0.5R,NO FILL,,,,,All units,,,06:45 price 7540.2 was worse than the card entry 7400.0; the -0.5R improvement level 7365.0 was not reached (session range from 06:45: 7408.5-7548.3).,0.0,
SPX-2026-06-17,2026-06-17,Trade 1 - Daily Directional,LONG,BUY LIMIT (daily P),7558.0,7475.0,7641.0,7724.0,7800.0,83.0,3 units; Unit3 SL->entry+0.2R on TP2 fill; runner session-close time-stop / 3xATR cap,2026-06-18,A: market at 06:45 (better than card entry),FILLED,2026-06-18 06:45:00,7488.0,13.0,0.157,Unit 1,7475.0,2026-06-18 14:15:00,stopped out (TP1 reached later 2026-08-04 16:30:00),-1.0,MICRO-R
SPX-2026-06-17,2026-06-17,Trade 1 - Daily Directional,LONG,BUY LIMIT (daily P),7558.0,7475.0,7641.0,7724.0,7800.0,83.0,3 units; Unit3 SL->entry+0.2R on TP2 fill; runner session-close time-stop / 3xATR cap,2026-06-18,A: market at 06:45 (better than card entry),FILLED,2026-06-18 06:45:00,7488.0,13.0,0.157,Unit 2,7475.0,2026-06-18 14:15:00,stopped out (TP2 reached later 2026-08-04 19:30:00),-1.0,MICRO-R
SPX-2026-06-17,2026-06-17,Trade 1 - Daily Directional,LONG,BUY LIMIT (daily P),7558.0,7475.0,7641.0,7724.0,7800.0,83.0,3 units; Unit3 SL->entry+0.2R on TP2 fill; runner session-close time-stop / 3xATR cap,2026-06-18,A: market at 06:45 (better than card entry),FILLED,2026-06-18 06:45:00,7488.0,13.0,0.157,Unit 3,7475.0,2026-06-18 14:15:00,stopped out,-1.0,MICRO-R
SPX-2026-06-17,2026-06-17,Trade 2 - Pivot (buy limit daily S1),LONG,BUY LIMIT,7527.0,7470.0,7584.0,7610.0,7632.0,57.0,3 units; Unit3 SL->entry+0.2R on TP2 fill,2026-06-18,A: market at 06:45 (better than card entry),FILLED,2026-06-18 06:45:00,7488.0,18.0,0.316,Unit 1,7470.0,2026-06-18 14:30:00,stopped out (TP1 reached later 2026-07-16 03:00:00),-1.0,
SPX-2026-06-17,2026-06-17,Trade 2 - Pivot (buy limit daily S1),LONG,BUY LIMIT,7527.0,7470.0,7584.0,7610.0,7632.0,57.0,3 units; Unit3 SL->entry+0.2R on TP2 fill,2026-06-18,A: market at 06:45 (better than card entry),FILLED,2026-06-18 06:45:00,7488.0,18.0,0.316,Unit 2,7470.0,2026-06-18 14:30:00,stopped out (TP2 reached later 2026-08-04 03:00:00),-1.0,
SPX-2026-06-17,2026-06-17,Trade 2 - Pivot (buy limit daily S1),LONG,BUY LIMIT,7527.0,7470.0,7584.0,7610.0,7632.0,57.0,3 units; Unit3 SL->entry+0.2R on TP2 fill,2026-06-18,A: market at 06:45 (better than card entry),FILLED,2026-06-18 06:45:00,7488.0,18.0,0.316,Unit 3,7470.0,2026-06-18 14:30:00,stopped out,-1.0,
SPX-2026-06-17,2026-06-17,Trade 3A - Momentum-Pullback (breakout stop),LONG,BUY STOP,7590.0,7527.0,7653.0,7716.0,7800.0,63.0,3 units; 3A structural runner override,2026-06-18,A: market-if-better,SKIPPED,2026-06-18 06:45:00,7488.0,,,All units,,,06:45 price 7488.0 is beyond the card stop 7527.0 - the structure the card was built on is already gone; no entry taken.,0.0,PRICE THROUGH STOP AT 06:45
SPX-2026-06-18,2026-06-18,Trade 1 - Daily Directional,SHORT,MARKET @ 07:00 UK,7420.0,7501.0,7340.0,7259.0,7180.0,81.0,3 units; Unit3 SL->entry-0.2R (7404) on TP2 fill; runner time-stop at session close + 3xATR cap,2026-06-19,A: market at 06:45 (better than card entry),FILLED,2026-06-19 06:45:00,7476.4,24.6,0.304,Unit 1,7501.0,2026-06-19 17:30:00,stopped out (TP1 reached later 2026-06-25 16:45:00),-1.0,
SPX-2026-06-18,2026-06-18,Trade 1 - Daily Directional,SHORT,MARKET @ 07:00 UK,7420.0,7501.0,7340.0,7259.0,7180.0,81.0,3 units; Unit3 SL->entry-0.2R (7404) on TP2 fill; runner time-stop at session close + 3xATR cap,2026-06-19,A: market at 06:45 (better than card entry),FILLED,2026-06-19 06:45:00,7476.4,24.6,0.304,Unit 2,7501.0,2026-06-19 17:30:00,stopped out (TP2 never reached),-1.0,
SPX-2026-06-18,2026-06-18,Trade 1 - Daily Directional,SHORT,MARKET @ 07:00 UK,7420.0,7501.0,7340.0,7259.0,7180.0,81.0,3 units; Unit3 SL->entry-0.2R (7404) on TP2 fill; runner time-stop at session close + 3xATR cap,2026-06-19,A: market at 06:45 (better than card entry),FILLED,2026-06-19 06:45:00,7476.4,24.6,0.304,Unit 3,7501.0,2026-06-19 17:30:00,stopped out,-1.0,
SPX-2026-06-18,2026-06-18,Trade 2 - Pivot (sell limit monthly S1 / daily P),SHORT,SELL LIMIT,7450.0,7506.0,7394.0,7338.0,7322.0,56.0,3 units; Unit3 SL->entry-0.2R on TP2 fill,2026-06-19,A: market at 06:45 (better than card entry),FILLED,2026-06-19 06:45:00,7476.4,29.6,0.529,Unit 1,7506.0,2026-06-19 18:00:00,stopped out (TP1 reached later 2026-06-23 09:15:00),-1.0,
SPX-2026-06-18,2026-06-18,Trade 2 - Pivot (sell limit monthly S1 / daily P),SHORT,SELL LIMIT,7450.0,7506.0,7394.0,7338.0,7322.0,56.0,3 units; Unit3 SL->entry-0.2R on TP2 fill,2026-06-19,A: market at 06:45 (better than card entry),FILLED,2026-06-19 06:45:00,7476.4,29.6,0.529,Unit 2,7506.0,2026-06-19 18:00:00,stopped out (TP2 reached later 2026-06-25 16:45:00),-1.0,
SPX-2026-06-18,2026-06-18,Trade 2 - Pivot (sell limit monthly S1 / daily P),SHORT,SELL LIMIT,7450.0,7506.0,7394.0,7338.0,7322.0,56.0,3 units; Unit3 SL->entry-0.2R on TP2 fill,2026-06-19,A: market at 06:45 (better than card entry),FILLED,2026-06-19 06:45:00,7476.4,29.6,0.529,Unit 3,7506.0,2026-06-19 18:00:00,stopped out,-1.0,
SPX-2026-06-18,2026-06-18,Trade 3C - Momentum-Breakout (sell stop),SHORT,SELL STOP,7369.0,7427.0,7322.0,7275.0,7182.0,58.0,3 units; structural runner override on extension,2026-06-19,A: market-if-better,SKIPPED,2026-06-19 06:45:00,7476.4,,,All units,,,06:45 price 7476.4 is beyond the card stop 7427.0 - the structure the card was built on is already gone; no entry taken.,0.0,PRICE THROUGH STOP AT 06:45
SPX-2026-06-19,2026-06-19,Trade 1 - Daily Directional,LONG,MARKET @ next open,7500.58,7465.0,7536.0,7571.0,7603.0,35.58,3 units; Unit3 SL->entry+0.2R (7507.7) on TP2 fill; runner session-close time-stop + 3xATR cap,2026-06-22,A: market at 06:45 (better than card entry),FILLED,2026-06-22 06:45:00,7480.0,15.0,0.422,Unit 1,7536.0,2026-06-22 16:30:00,TP1 reached,3.733,
SPX-2026-06-19,2026-06-19,Trade 1 - Daily Directional,LONG,MARKET @ next open,7500.58,7465.0,7536.0,7571.0,7603.0,35.58,3 units; Unit3 SL->entry+0.2R (7507.7) on TP2 fill; runner session-close time-stop + 3xATR cap,2026-06-22,A: market at 06:45 (better than card entry),FILLED,2026-06-22 06:45:00,7480.0,15.0,0.422,Unit 2,7465.0,2026-06-23 03:00:00,stopped out (TP2 reached later 2026-07-10 21:00:00),-1.0,
SPX-2026-06-19,2026-06-19,Trade 1 - Daily Directional,LONG,MARKET @ next open,7500.58,7465.0,7536.0,7571.0,7603.0,35.58,3 units; Unit3 SL->entry+0.2R (7507.7) on TP2 fill; runner session-close time-stop + 3xATR cap,2026-06-22,A: market at 06:45 (better than card entry),FILLED,2026-06-22 06:45:00,7480.0,15.0,0.422,Unit 3,7481.8,2026-06-22 23:45:00,card runner time-stop at entry-session close,0.12,
SPX-2026-06-19,2026-06-19,Trade 2 - Pivot (buy limit daily S1),LONG,BUY LIMIT,7475.58,7450.57,7500.6,7525.6,7561.0,25.01,3 units; Unit3 SL->entry+0.2R (7480.58) on TP2 fill; runner to pivot R3,2026-06-22,B: wait for entry -0.5R,NO FILL,,,,,All units,,,06:45 price 7480.0 was worse than the card entry 7475.58; the -0.5R improvement level 7463.1 was not reached (session range from 06:45: 7467.3-7538.8).,0.0,
SPX-2026-06-19,2026-06-19,Trade 3A - Momentum-Pullback (breakout stop),LONG,BUY STOP,7512.0,7478.0,7546.0,7580.0,7620.0,34.0,3 units; on 100%-ext break U3 stop -> halfway entry-to-anchor,2026-06-22,A: market at 06:45 (better than card entry),FILLED,2026-06-22 06:45:00,7480.0,2.0,0.059,Unit 1,7478.0,2026-06-22 06:45:00,stopped out (TP1 reached later 2026-07-06 21:45:00),-1.0,MICRO-R
SPX-2026-06-19,2026-06-19,Trade 3A - Momentum-Pullback (breakout stop),LONG,BUY STOP,7512.0,7478.0,7546.0,7580.0,7620.0,34.0,3 units; on 100%-ext break U3 stop -> halfway entry-to-anchor,2026-06-22,A: market at 06:45 (better than card entry),FILLED,2026-06-22 06:45:00,7480.0,2.0,0.059,Unit 2,7478.0,2026-06-22 06:45:00,stopped out (TP2 reached later 2026-07-15 16:30:00),-1.0,MICRO-R
SPX-2026-06-19,2026-06-19,Trade 3A - Momentum-Pullback (breakout stop),LONG,BUY STOP,7512.0,7478.0,7546.0,7580.0,7620.0,34.0,3 units; on 100%-ext break U3 stop -> halfway entry-to-anchor,2026-06-22,A: market at 06:45 (better than card entry),FILLED,2026-06-22 06:45:00,7480.0,2.0,0.059,Unit 3,7478.0,2026-06-22 06:45:00,stopped out,-1.0,MICRO-R
SPX-2026-06-24,2026-06-24,Trade 1 - Daily Directional,SHORT,MARKET @ cash open 14:30 UK,7365.17,7470.17,7260.75,7156.04,7077.46,105.0,3 units; Unit3 SL->entry-0.2R on TP2 fill; runner CARD-SPECIFIED time-stop at session close / 3xATR cap,2026-06-25,A: market at 06:45 (better than card entry),FILLED,2026-06-25 06:45:00,7407.3,62.87,0.599,Unit 1,7470.17,2026-06-30 16:45:00,stopped out (TP1 never reached),-1.0,
SPX-2026-06-24,2026-06-24,Trade 1 - Daily Directional,SHORT,MARKET @ cash open 14:30 UK,7365.17,7470.17,7260.75,7156.04,7077.46,105.0,3 units; Unit3 SL->entry-0.2R on TP2 fill; runner CARD-SPECIFIED time-stop at session close / 3xATR cap,2026-06-25,A: market at 06:45 (better than card entry),FILLED,2026-06-25 06:45:00,7407.3,62.87,0.599,Unit 2,7470.17,2026-06-30 16:45:00,stopped out (TP2 never reached),-1.0,
SPX-2026-06-24,2026-06-24,Trade 1 - Daily Directional,SHORT,MARKET @ cash open 14:30 UK,7365.17,7470.17,7260.75,7156.04,7077.46,105.0,3 units; Unit3 SL->entry-0.2R on TP2 fill; runner CARD-SPECIFIED time-stop at session close / 3xATR cap,2026-06-25,A: market at 06:45 (better than card entry),FILLED,2026-06-25 06:45:00,7407.3,62.87,0.599,Unit 3,7377.2,2026-06-25 23:45:00,card runner time-stop at entry-session close,0.479,
SPX-2026-06-24,2026-06-24,Trade 2 - Pivot (sell limit daily P shelf),SHORT,SELL LIMIT,7404.0,7489.0,7320.0,7235.0,7188.0,85.0,3 units; Unit3 SL->entry-0.2R on TP2 fill,2026-06-25,A: market at 06:45 (better than card entry),FILLED,2026-06-25 06:45:00,7407.3,81.7,0.961,Unit 1,7320.0,2026-06-26 05:45:00,TP1 reached,1.069,
SPX-2026-06-24,2026-06-24,Trade 2 - Pivot (sell limit daily P shelf),SHORT,SELL LIMIT,7404.0,7489.0,7320.0,7235.0,7188.0,85.0,3 units; Unit3 SL->entry-0.2R on TP2 fill,2026-06-25,A: market at 06:45 (better than card entry),FILLED,2026-06-25 06:45:00,7407.3,81.7,0.961,Unit 2,7489.0,2026-06-30 18:45:00,stopped out (TP2 never reached),-1.0,
SPX-2026-06-24,2026-06-24,Trade 2 - Pivot (sell limit daily P shelf),SHORT,SELL LIMIT,7404.0,7489.0,7320.0,7235.0,7188.0,85.0,3 units; Unit3 SL->entry-0.2R on TP2 fill,2026-06-25,A: market at 06:45 (better than card entry),FILLED,2026-06-25 06:45:00,7407.3,81.7,0.961,Unit 3,7489.0,2026-06-30 18:45:00,stopped out,-1.0,
SPX-2026-06-24,2026-06-24,Trade 3A - Momentum-Pullback (38.2% rally-sell),SHORT,SELL LIMIT,7453.0,7545.0,7349.0,7270.0,7188.0,92.0,3 units; 3A structural runner override on 100%-ext break,2026-06-25,B: wait for entry -0.5R,NO FILL,,,,,All units,,,06:45 price 7407.3 was worse than the card entry 7453.0; the -0.5R improvement level 7499.0 was not reached (session range from 06:45: 7332.9-7438.0).,0.0,
SPX-2026-06-25,2026-06-25,Trade 1 - Daily Directional,,,,,,,,,,,,SUPPRESSED,,, ,,All units,,,SUPPRESSED by card: direction score |-0.21| below the 0.25 conviction threshold.,0.0,
SPX-2026-06-25,2026-06-25,"Trade 2 - Pivot (range fade, sell limit daily R1)",SHORT,SELL LIMIT,7403.21,7430.0,7379.51,7355.8,7334.51,27.0,3 units; Unit3 SL->entry-0.2R on TP2 fill,2026-06-26,B: wait for entry -0.5R,NO FILL,,,,,All units,,,06:45 price 7312.6 was worse than the card entry 7403.21; the -0.5R improvement level 7416.6 was not reached (session range from 06:45: 7303.1-7402.1).,0.0,
SPX-2026-06-25,2026-06-25,"Trade 3A - Momentum-Pullback (sell stop, break of 23 Jun low)",SHORT,SELL STOP,7346.0,7385.0,7318.0,7309.98,7265.81,39.0,3 units; 3A structural override on 100%-ext break,2026-06-26,B: limit at entry -0.5R = 7365.50 (did not chase),FILLED,2026-06-26 17:00:00,7365.5,19.5,0.5,Unit 1,7385.0,2026-06-26 18:30:00,stopped out (TP1 reached later 2026-06-26 23:00:00),-1.0,
SPX-2026-06-25,2026-06-25,"Trade 3A - Momentum-Pullback (sell stop, break of 23 Jun low)",SHORT,SELL STOP,7346.0,7385.0,7318.0,7309.98,7265.81,39.0,3 units; 3A structural override on 100%-ext break,2026-06-26,B: limit at entry -0.5R = 7365.50 (did not chase),FILLED,2026-06-26 17:00:00,7365.5,19.5,0.5,Unit 2,7385.0,2026-06-26 18:30:00,stopped out (TP2 reached later 2026-07-29 23:00:00),-1.0,
SPX-2026-06-25,2026-06-25,"Trade 3A - Momentum-Pullback (sell stop, break of 23 Jun low)",SHORT,SELL STOP,7346.0,7385.0,7318.0,7309.98,7265.81,39.0,3 units; 3A structural override on 100%-ext break,2026-06-26,B: limit at entry -0.5R = 7365.50 (did not chase),FILLED,2026-06-26 17:00:00,7365.5,19.5,0.5,Unit 3,7385.0,2026-06-26 18:30:00,stopped out,-1.0,
SPX-2026-06-26,2026-06-26,Trade 1 - Daily Directional (sell stop),SHORT,SELL STOP,7336.8,7412.0,7261.6,7186.4,7111.2,75.2,3 units; Unit3 SL->entry-0.2R on TP2 fill; runner CARD-SPECIFIED exit at session close + 3xATR cap,2026-06-29,A: market at 06:45 (better than card entry),FILLED,2026-06-29 06:45:00,7382.5,29.5,0.392,Unit 1,7412.0,2026-06-29 13:45:00,stopped out (TP1 never reached),-1.0,
SPX-2026-06-26,2026-06-26,Trade 1 - Daily Directional (sell stop),SHORT,SELL STOP,7336.8,7412.0,7261.6,7186.4,7111.2,75.2,3 units; Unit3 SL->entry-0.2R on TP2 fill; runner CARD-SPECIFIED exit at session close + 3xATR cap,2026-06-29,A: market at 06:45 (better than card entry),FILLED,2026-06-29 06:45:00,7382.5,29.5,0.392,Unit 2,7412.0,2026-06-29 13:45:00,stopped out (TP2 never reached),-1.0,
SPX-2026-06-26,2026-06-26,Trade 1 - Daily Directional (sell stop),SHORT,SELL STOP,7336.8,7412.0,7261.6,7186.4,7111.2,75.2,3 units; Unit3 SL->entry-0.2R on TP2 fill; runner CARD-SPECIFIED exit at session close + 3xATR cap,2026-06-29,A: market at 06:45 (better than card entry),FILLED,2026-06-29 06:45:00,7382.5,29.5,0.392,Unit 3,7412.0,2026-06-29 13:45:00,stopped out,-1.0,
SPX-2026-06-26,2026-06-26,Trade 2 - Pivot (sell limit daily P),SHORT,SELL LIMIT,7374.37,7465.61,7320.67,7283.13,7234.18,91.24,3 units; Unit3 SL->entry-0.2R on TP2 fill,2026-06-29,A: market at 06:45 (better than card entry),FILLED,2026-06-29 06:45:00,7382.5,83.11,0.911,Unit 1,7465.61,2026-06-30 16:45:00,stopped out (TP1 reached later 2026-07-29 22:45:00),-1.0,
SPX-2026-06-26,2026-06-26,Trade 2 - Pivot (sell limit daily P),SHORT,SELL LIMIT,7374.37,7465.61,7320.67,7283.13,7234.18,91.24,3 units; Unit3 SL->entry-0.2R on TP2 fill,2026-06-29,A: market at 06:45 (better than card entry),FILLED,2026-06-29 06:45:00,7382.5,83.11,0.911,Unit 2,7465.61,2026-06-30 16:45:00,stopped out (TP2 never reached),-1.0,
SPX-2026-06-26,2026-06-26,Trade 2 - Pivot (sell limit daily P),SHORT,SELL LIMIT,7374.37,7465.61,7320.67,7283.13,7234.18,91.24,3 units; Unit3 SL->entry-0.2R on TP2 fill,2026-06-29,A: market at 06:45 (better than card entry),FILLED,2026-06-29 06:45:00,7382.5,83.11,0.911,Unit 3,7465.61,2026-06-30 16:45:00,stopped out,-1.0,
SPX-2026-06-26,2026-06-26,Trade 3A - Momentum-Pullback (sell limit daily R1 / 38.2%),SHORT,SELL LIMIT,7411.91,7465.61,7357.0,7318.39,7234.0,53.7,3 units; 3A structural override at 100%-ext break,2026-06-29,B: limit at entry -0.5R = 7438.76 (did not chase),FILLED,2026-06-29 20:15:00,7438.76,26.85,0.5,Unit 1,7465.61,2026-06-30 16:45:00,stopped out (TP1 reached later 2026-07-29 18:45:00),-1.0,
SPX-2026-06-26,2026-06-26,Trade 3A - Momentum-Pullback (sell limit daily R1 / 38.2%),SHORT,SELL LIMIT,7411.91,7465.61,7357.0,7318.39,7234.0,53.7,3 units; 3A structural override at 100%-ext break,2026-06-29,B: limit at entry -0.5R = 7438.76 (did not chase),FILLED,2026-06-29 20:15:00,7438.76,26.85,0.5,Unit 2,7465.61,2026-06-30 16:45:00,stopped out (TP2 reached later 2026-07-29 22:45:00),-1.0,
SPX-2026-06-26,2026-06-26,Trade 3A - Momentum-Pullback (sell limit daily R1 / 38.2%),SHORT,SELL LIMIT,7411.91,7465.61,7357.0,7318.39,7234.0,53.7,3 units; 3A structural override at 100%-ext break,2026-06-29,B: limit at entry -0.5R = 7438.76 (did not chase),FILLED,2026-06-29 20:15:00,7438.76,26.85,0.5,Unit 3,7465.61,2026-06-30 16:45:00,stopped out,-1.0,
SPX-2026-06-29,2026-06-29,Trade 1 - Daily Directional,SHORT,MARKET @ overridden daily-open anchor 07:00 UK,7354.0,7558.0,7150.1,6946.1,7018.6,204.0,3 units; Unit3 SL->entry-0.2R (7394.8) on TP2 fill; runner CARD-SPECIFIED session close / 3xATR cap,2026-06-30,A: market at 06:45 (better than card entry),FILLED,2026-06-30 06:45:00,7449.7,108.3,0.531,Unit 1,7558.0,2026-07-10 17:00:00,stopped out (TP1 never reached),-1.0,
SPX-2026-06-29,2026-06-29,Trade 1 - Daily Directional,SHORT,MARKET @ overridden daily-open anchor 07:00 UK,7354.0,7558.0,7150.1,6946.1,7018.6,204.0,3 units; Unit3 SL->entry-0.2R (7394.8) on TP2 fill; runner CARD-SPECIFIED session close / 3xATR cap,2026-06-30,A: market at 06:45 (better than card entry),FILLED,2026-06-30 06:45:00,7449.7,108.3,0.531,Unit 2,7558.0,2026-07-10 17:00:00,stopped out (TP2 never reached),-1.0,
SPX-2026-06-29,2026-06-29,Trade 1 - Daily Directional,SHORT,MARKET @ overridden daily-open anchor 07:00 UK,7354.0,7558.0,7150.1,6946.1,7018.6,204.0,3 units; Unit3 SL->entry-0.2R (7394.8) on TP2 fill; runner CARD-SPECIFIED session close / 3xATR cap,2026-06-30,A: market at 06:45 (better than card entry),FILLED,2026-06-30 06:45:00,7449.7,108.3,0.531,Unit 3,7487.2,2026-06-30 23:45:00,card runner time-stop at entry-session close,-0.346,
SPX-2026-06-29,2026-06-29,Trade 2 - Pivot (sell stop below daily S1),SHORT,SELL STOP,7296.6,7389.4,7301.2,7274.7,7248.3,93.0,3 units; Unit3 SL->entry-0.2R on TP2 fill; runner toward pivot P,2026-06-30,A: market-if-better,SKIPPED,2026-06-30 06:45:00,7449.7,,,All units,,,06:45 price 7449.7 is beyond the card stop 7389.4 - the structure the card was built on is already gone; no entry taken.,0.0,PRICE THROUGH STOP AT 06:45
SPX-2026-06-29,2026-06-29,"Trade 3C - Momentum-Breakout (sell stop, conditional)",SHORT,SELL STOP,7209.9,7349.7,7050.0,6950.0,6900.0,140.0,3 units; structural runner,2026-06-30,A: market-if-better,SKIPPED,2026-06-30 06:45:00,7449.7,,,All units,,,06:45 price 7449.7 is beyond the card stop 7349.7 - the structure the card was built on is already gone; no entry taken.,0.0,PRICE THROUGH STOP AT 06:45
SPX-2026-06-30,2026-06-30,Trade 1 - Daily Directional,SHORT,MARKET @ 00:00 UK (overridden),7354.0,7500.0,7208.0,7062.0,7186.0,146.0,3 units; Unit3 SL->entry-0.2R on TP2 fill; runner CARD-SPECIFIED session close / 3xATR cap,2026-07-01,A: market at 06:45 (better than card entry),FILLED,2026-07-01 06:45:00,7475.8,24.2,0.166,Unit 1,7500.0,2026-07-01 17:15:00,stopped out (TP1 never reached),-1.0,MICRO-R
SPX-2026-06-30,2026-06-30,Trade 1 - Daily Directional,SHORT,MARKET @ 00:00 UK (overridden),7354.0,7500.0,7208.0,7062.0,7186.0,146.0,3 units; Unit3 SL->entry-0.2R on TP2 fill; runner CARD-SPECIFIED session close / 3xATR cap,2026-07-01,A: market at 06:45 (better than card entry),FILLED,2026-07-01 06:45:00,7475.8,24.2,0.166,Unit 2,7500.0,2026-07-01 17:15:00,stopped out (TP2 never reached),-1.0,MICRO-R
SPX-2026-06-30,2026-06-30,Trade 1 - Daily Directional,SHORT,MARKET @ 00:00 UK (overridden),7354.0,7500.0,7208.0,7062.0,7186.0,146.0,3 units; Unit3 SL->entry-0.2R on TP2 fill; runner CARD-SPECIFIED session close / 3xATR cap,2026-07-01,A: market at 06:45 (better than card entry),FILLED,2026-07-01 06:45:00,7475.8,24.2,0.166,Unit 3,7500.0,2026-07-01 17:15:00,stopped out,-1.0,MICRO-R
SPX-2026-06-30,2026-06-30,Trade 2 - Pivot (sell stop below P),SHORT,SELL STOP,7350.0,7369.0,7333.0,7322.0,7311.0,19.0,3 units; Unit3 SL->entry-0.2R on TP2 fill,2026-07-01,A: market-if-better,SKIPPED,2026-07-01 06:45:00,7475.8,,,All units,,,06:45 price 7475.8 is beyond the card stop 7369.0 - the structure the card was built on is already gone; no entry taken.,0.0,PRICE THROUGH STOP AT 06:45
SPX-2026-06-30,2026-06-30,Trade 3A - Momentum-Pullback (57.5% rally-sell),SHORT,SELL LIMIT,7420.0,7500.0,7390.0,7331.0,7176.0,80.0,3 units; Unit3 SL->entry-0.2R on TP2 fill; 3A structural override,2026-07-01,A: market at 06:45 (better than card entry),FILLED,2026-07-01 06:45:00,7475.8,24.2,0.302,Unit 1,7500.0,2026-07-01 17:15:00,stopped out (TP1 reached later 2026-07-23 18:00:00),-1.0,
SPX-2026-06-30,2026-06-30,Trade 3A - Momentum-Pullback (57.5% rally-sell),SHORT,SELL LIMIT,7420.0,7500.0,7390.0,7331.0,7176.0,80.0,3 units; Unit3 SL->entry-0.2R on TP2 fill; 3A structural override,2026-07-01,A: market at 06:45 (better than card entry),FILLED,2026-07-01 06:45:00,7475.8,24.2,0.302,Unit 2,7500.0,2026-07-01 17:15:00,stopped out (TP2 reached later 2026-07-29 22:30:00),-1.0,
SPX-2026-06-30,2026-06-30,Trade 3A - Momentum-Pullback (57.5% rally-sell),SHORT,SELL LIMIT,7420.0,7500.0,7390.0,7331.0,7176.0,80.0,3 units; Unit3 SL->entry-0.2R on TP2 fill; 3A structural override,2026-07-01,A: market at 06:45 (better than card entry),FILLED,2026-07-01 06:45:00,7475.8,24.2,0.302,Unit 3,7500.0,2026-07-01 17:15:00,stopped out,-1.0,
SPX-2026-07-01,2026-07-01,Trade 1 - Daily Directional (buy limit daily P),LONG,BUY LIMIT,7413.0,7377.0,7449.0,7485.0,7520.0,36.0,3 units; Unit3 SL->entry+0.2R on TP2 fill; runner time-stop at session close + 3xATR cap,2026-07-02,B: wait for entry -0.5R,NO FILL,,,,,All units,,,06:45 price 7500.2 was worse than the card entry 7413.0; the -0.5R improvement level 7395.0 was not reached (session range from 06:45: 7427.0-7541.0).,0.0,
SPX-2026-07-01,2026-07-01,Trade 2 - Pivot (buy limit daily P),LONG,BUY LIMIT,7413.0,7382.0,7444.0,7472.0,7531.0,31.0,3 units; Unit3 SL->entry+0.2R on TP2 fill,2026-07-02,B: wait for entry -0.5R,NO FILL,,,,,All units,,,06:45 price 7500.2 was worse than the card entry 7413.0; the -0.5R improvement level 7397.5 was not reached (session range from 06:45: 7427.0-7541.0).,0.0,
SPX-2026-07-01,2026-07-01,Trade 3A - Momentum-Pullback (breakout stop),LONG,BUY STOP,7446.0,7401.0,7491.0,7500.0,7531.0,45.0,3 units; 3A structural runner override on 100%-ext break,2026-07-02,B: wait for entry -0.5R,NO FILL,,,,,All units,,,06:45 price 7500.2 was worse than the card entry 7446.0; the -0.5R improvement level 7423.5 was not reached (session range from 06:45: 7427.0-7541.0).,0.0,
SPX-2026-07-02,2026-07-02,Trade 1 - Daily Directional,LONG,MARKET @ session open 07:00 UK,7499.36,7412.56,7586.16,7672.96,7759.76,86.8,3 units; Unit3 SL->entry+0.2R (7516.7) on TP2 fill; runner CARD-SPECIFIED exit at session close + 3xATR cap,2026-07-03,A: market at 06:45 (better than card entry),FILLED,2026-07-03 06:45:00,7496.5,83.94,0.967,Unit 1,7586.16,2026-07-16 08:15:00,TP1 reached,1.068,
SPX-2026-07-02,2026-07-02,Trade 1 - Daily Directional,LONG,MARKET @ session open 07:00 UK,7499.36,7412.56,7586.16,7672.96,7759.76,86.8,3 units; Unit3 SL->entry+0.2R (7516.7) on TP2 fill; runner CARD-SPECIFIED exit at session close + 3xATR cap,2026-07-03,A: market at 06:45 (better than card entry),FILLED,2026-07-03 06:45:00,7496.5,83.94,0.967,Unit 2,7412.56,2026-07-23 16:30:00,stopped out (TP2 reached later 2026-08-04 17:00:00),-1.0,
SPX-2026-07-02,2026-07-02,Trade 1 - Daily Directional,LONG,MARKET @ session open 07:00 UK,7499.36,7412.56,7586.16,7672.96,7759.76,86.8,3 units; Unit3 SL->entry+0.2R (7516.7) on TP2 fill; runner CARD-SPECIFIED exit at session close + 3xATR cap,2026-07-03,A: market at 06:45 (better than card entry),FILLED,2026-07-03 06:45:00,7496.5,83.94,0.967,Unit 3,7504.6,2026-07-03 20:00:00,card runner time-stop at entry-session close,0.096,
SPX-2026-07-02,2026-07-02,Trade 2 - Pivot (regime-aware),,,,,,,,,,,,SUPPRESSED,,, ,,All units,,,SUPPRESSED by card: daily and weekly pivot tiers uncorroborated.,0.0,
SPX-2026-07-02,2026-07-02,Trade 3A - Momentum-Pullback (57.5% fib),LONG,BUY LIMIT,7425.33,7344.02,7457.71,7499.36,7521.81,81.31,3 units; Unit3 SL->entry+0.2R (7441.59) on TP2 fill; structural runner override on 100%-ext break,2026-07-03,B: wait for entry -0.5R,NO FILL,,,,,All units,,,06:45 price 7496.5 was worse than the card entry 7425.33; the -0.5R improvement level 7384.7 was not reached (session range from 06:45: 7493.9-7513.1).,0.0,
SPX-2026-07-03,2026-07-03,Trade 1 - Daily Directional,LONG,MARKET @ 00:00 UK (overridden),7482.5,7428.0,7537.0,7591.0,7740.0,54.5,3 units; Unit3 SL->entry+0.2R (7493) on TP2 fill; runner CARD-SPECIFIED session-close time-stop / 3xATR cap,2026-07-06,B: wait for entry -0.5R,NO FILL,,,,,All units,,,06:45 price 7491.6 was worse than the card entry 7482.5; the -0.5R improvement level 7455.2 was not reached (session range from 06:45: 7488.1-7552.4).,0.0,
SPX-2026-07-03,2026-07-03,Trade 2 - Pivot (TRANSITION breakout side),,,,,,,,,,,,SUPPRESSED,,, ,,All units,,,SUPPRESSED by card: all accessible pivot tiers uncorroborated.,0.0,
SPX-2026-07-03,2026-07-03,Trade 3C - Momentum-Breakout (conditional),LONG,CONDITIONAL - confirmed daily close above 7620.9,7620.9,7391.0,8004.0,8195.0,,229.9,3 units; on Unit 2 fill Unit 3 stop to the broken boundary,2026-08-05,B: wait for entry -0.5R,NO FILL,,,,,All units,,,confirmed close 7747.3 on 2026-08-04; 06:45 price 7764.7 was worse than the card entry 7620.9; the -0.5R improvement level 7505.9 was not reached (session range from 06:45: 7719.4-7793.7).,0.0,
SPX-2026-07-09,2026-07-09,Trade 1 - Daily Directional,,,,,,,,,,,,SUPPRESSED,,, ,,All units,,,SUPPRESSED by card: direction score |0.22| below the 0.25 conviction threshold.,0.0,
SPX-2026-07-09,2026-07-09,Trade 2 - Pivot (sell limit daily P),SHORT,SELL LIMIT,7508.9,7545.0,7472.9,7441.9,7405.9,36.1,3 units; Unit3 SL->entry-0.2R (7516.1) on TP2 fill; runner exit at daily P re-tag or session close,2026-07-10,A: market at 06:45 (better than card entry),FILLED,2026-07-10 06:45:00,7535.4,9.6,0.266,Unit 1,7545.0,2026-07-10 15:00:00,stopped out (TP1 reached later 2026-07-17 07:15:00),-1.0,
SPX-2026-07-09,2026-07-09,Trade 2 - Pivot (sell limit daily P),SHORT,SELL LIMIT,7508.9,7545.0,7472.9,7441.9,7405.9,36.1,3 units; Unit3 SL->entry-0.2R (7516.1) on TP2 fill; runner exit at daily P re-tag or session close,2026-07-10,A: market at 06:45 (better than card entry),FILLED,2026-07-10 06:45:00,7535.4,9.6,0.266,Unit 2,7545.0,2026-07-10 15:00:00,stopped out (TP2 reached later 2026-07-17 16:15:00),-1.0,
SPX-2026-07-09,2026-07-09,Trade 2 - Pivot (sell limit daily P),SHORT,SELL LIMIT,7508.9,7545.0,7472.9,7441.9,7405.9,36.1,3 units; Unit3 SL->entry-0.2R (7516.1) on TP2 fill; runner exit at daily P re-tag or session close,2026-07-10,A: market at 06:45 (better than card entry),FILLED,2026-07-10 06:45:00,7535.4,9.6,0.266,Unit 3,7545.0,2026-07-10 15:00:00,stopped out,-1.0,
SPX-2026-07-09,2026-07-09,Trade 3A - Momentum-Pullback (sell stop),SHORT,SELL STOP,7438.0,7485.0,7410.0,7392.0,7344.0,47.0,3 units; 3A structural override on 100%-ext break,2026-07-10,A: market-if-better,SKIPPED,2026-07-10 06:45:00,7535.4,,,All units,,,06:45 price 7535.4 is beyond the card stop 7485.0 - the structure the card was built on is already gone; no entry taken.,0.0,PRICE THROUGH STOP AT 06:45
SPX-2026-07-10,2026-07-10,Trade 1 - Daily Directional,LONG,MARKET @ 14:30 UK cash open (overridden anchor),7543.64,7472.74,7614.54,7685.44,7663.29,70.9,3 units; Unit3 SL->entry+0.2R on TP2 fill; runner time-stopped at the 10 Jul cash close 21:00 UK or the 3xATR cap,2026-07-13,A: market at 06:45 (better than card entry),FILLED,2026-07-13 06:45:00,7539.7,66.96,0.944,Unit 1,7472.74,2026-07-17 07:15:00,stopped out (TP1 reached later 2026-08-04 04:45:00),-1.0,
SPX-2026-07-10,2026-07-10,Trade 1 - Daily Directional,LONG,MARKET @ 14:30 UK cash open (overridden anchor),7543.64,7472.74,7614.54,7685.44,7663.29,70.9,3 units; Unit3 SL->entry+0.2R on TP2 fill; runner time-stopped at the 10 Jul cash close 21:00 UK or the 3xATR cap,2026-07-13,A: market at 06:45 (better than card entry),FILLED,2026-07-13 06:45:00,7539.7,66.96,0.944,Unit 2,7472.74,2026-07-17 07:15:00,stopped out (TP2 reached later 2026-08-04 17:45:00),-1.0,
SPX-2026-07-10,2026-07-10,Trade 1 - Daily Directional,LONG,MARKET @ 14:30 UK cash open (overridden anchor),7543.64,7472.74,7614.54,7685.44,7663.29,70.9,3 units; Unit3 SL->entry+0.2R on TP2 fill; runner time-stopped at the 10 Jul cash close 21:00 UK or the 3xATR cap,2026-07-13,A: market at 06:45 (better than card entry),FILLED,2026-07-13 06:45:00,7539.7,66.96,0.944,Unit 3,7510.2,2026-07-13 23:45:00,card runner time-stop at entry-session close,-0.441,
SPX-2026-07-10,2026-07-10,Trade 2 - Pivot (regime-aware),,,,,,,,,,,,SUPPRESSED,,, ,,All units,,,SUPPRESSED by card on two independent grounds under M5 Absolute Rule 4 (uncorroborated pivot tiers).,0.0,
SPX-2026-07-10,2026-07-10,Trade 3C - Momentum-Breakout,,,,,,,,,,,,SUPPRESSED,,, ,,All units,,,SUPPRESSED by card: no confirmed break; not eligible.,0.0,
SPX-2026-07-13,2026-07-13,Trade 1 - Daily Directional,LONG,MARKET @ 14:30 UK cash open,7575.39,7480.25,7670.53,7765.67,7827.75,95.14,3 units; Unit3 SL->entry+0.2R (7594.4) on TP2 fill; runner CARD-SPECIFIED session-close time-stop / 3xATR cap,2026-07-14,A: market at 06:45 (better than card entry),FILLED,2026-07-14 06:45:00,7492.3,12.05,0.127,Unit 1,7480.25,2026-07-17 07:00:00,stopped out (TP1 reached later 2026-08-04 17:00:00),-1.0,MICRO-R
SPX-2026-07-13,2026-07-13,Trade 1 - Daily Directional,LONG,MARKET @ 14:30 UK cash open,7575.39,7480.25,7670.53,7765.67,7827.75,95.14,3 units; Unit3 SL->entry+0.2R (7594.4) on TP2 fill; runner CARD-SPECIFIED session-close time-stop / 3xATR cap,2026-07-14,A: market at 06:45 (better than card entry),FILLED,2026-07-14 06:45:00,7492.3,12.05,0.127,Unit 2,7480.25,2026-07-17 07:00:00,stopped out (TP2 reached later 2026-08-05 06:15:00),-1.0,MICRO-R
SPX-2026-07-13,2026-07-13,Trade 1 - Daily Directional,LONG,MARKET @ 14:30 UK cash open,7575.39,7480.25,7670.53,7765.67,7827.75,95.14,3 units; Unit3 SL->entry+0.2R (7594.4) on TP2 fill; runner CARD-SPECIFIED session-close time-stop / 3xATR cap,2026-07-14,A: market at 06:45 (better than card entry),FILLED,2026-07-14 06:45:00,7492.3,12.05,0.127,Unit 3,7547.6,2026-07-14 23:45:00,card runner time-stop at entry-session close,4.589,MICRO-R
SPX-2026-07-13,2026-07-13,Trade 2 - Pivot (TRANSITION breakout side),LONG,BUY STOP,7577.84,7505.84,7577.84,7589.25,7620.0,72.0,3 units; standard BE+0.2R on Unit 2 fill,2026-07-14,A: market-if-better,SKIPPED,2026-07-14 06:45:00,7492.3,,,All units,,,06:45 price 7492.3 is beyond the card stop 7505.84 - the structure the card was built on is already gone; no entry taken.,0.0,PRICE THROUGH STOP AT 06:45
SPX-2026-07-13,2026-07-13,Trade 3C - Momentum-Breakout,,,,,,,,,,,,SUPPRESSED,,, ,,All units,,,SUPPRESSED by card: no confirmed break.,0.0,
SPX-2026-07-14,2026-07-14,Trade 1 - Daily Directional,LONG,MARKET @ session open 07:00 UK,7575.39,7529.06,7621.7,7668.0,7743.0,46.3,3 units; Unit3 SL->entry+0.2R (7584.7) on TP2 fill; runner session-close time-stop + 3xATR cap,2026-07-15,A: market at 06:45 (better than card entry),FILLED,2026-07-15 06:45:00,7561.5,32.44,0.7,Unit 1,7529.06,2026-07-15 19:30:00,stopped out (TP1 reached later 2026-08-04 09:00:00),-1.0,
SPX-2026-07-14,2026-07-14,Trade 1 - Daily Directional,LONG,MARKET @ session open 07:00 UK,7575.39,7529.06,7621.7,7668.0,7743.0,46.3,3 units; Unit3 SL->entry+0.2R (7584.7) on TP2 fill; runner session-close time-stop + 3xATR cap,2026-07-15,A: market at 06:45 (better than card entry),FILLED,2026-07-15 06:45:00,7561.5,32.44,0.7,Unit 2,7529.06,2026-07-15 19:30:00,stopped out (TP2 reached later 2026-08-04 17:00:00),-1.0,
SPX-2026-07-14,2026-07-14,Trade 1 - Daily Directional,LONG,MARKET @ session open 07:00 UK,7575.39,7529.06,7621.7,7668.0,7743.0,46.3,3 units; Unit3 SL->entry+0.2R (7584.7) on TP2 fill; runner session-close time-stop + 3xATR cap,2026-07-15,A: market at 06:45 (better than card entry),FILLED,2026-07-15 06:45:00,7561.5,32.44,0.7,Unit 3,7529.06,2026-07-15 19:30:00,stopped out,-1.0,
SPX-2026-07-14,2026-07-14,Trade 2 - Pivot (buy limit daily P),LONG,BUY LIMIT,7554.49,7482.72,7600.83,7626.26,7672.6,71.77,3 units; Unit3 SL->entry+0.2R on TP2 fill,2026-07-15,B: wait for entry -0.5R,NO FILL,,,,,All units,,,06:45 price 7561.5 was worse than the card entry 7554.49; the -0.5R improvement level 7518.6 was not reached (session range from 06:45: 7528.6-7582.8).,0.0,
SPX-2026-07-14,2026-07-14,Trade 3A - Momentum-Pullback (breakout stop),LONG,BUY STOP,7581.0,7508.16,7620.9,7739.0,7800.0,72.84,3 units; structural runner override on extension,2026-07-15,A: market at 06:45 (better than card entry),FILLED,2026-07-15 06:45:00,7561.5,53.34,0.732,Unit 1,7508.16,2026-07-16 22:45:00,stopped out (TP1 reached later 2026-08-04 08:30:00),-1.0,
SPX-2026-07-14,2026-07-14,Trade 3A - Momentum-Pullback (breakout stop),LONG,BUY STOP,7581.0,7508.16,7620.9,7739.0,7800.0,72.84,3 units; structural runner override on extension,2026-07-15,A: market at 06:45 (better than card entry),FILLED,2026-07-15 06:45:00,7561.5,53.34,0.732,Unit 2,7508.16,2026-07-16 22:45:00,stopped out (TP2 reached later 2026-08-04 20:15:00),-1.0,
SPX-2026-07-14,2026-07-14,Trade 3A - Momentum-Pullback (breakout stop),LONG,BUY STOP,7581.0,7508.16,7620.9,7739.0,7800.0,72.84,3 units; structural runner override on extension,2026-07-15,A: market at 06:45 (better than card entry),FILLED,2026-07-15 06:45:00,7561.5,53.34,0.732,Unit 3,7508.16,2026-07-16 22:45:00,stopped out,-1.0,
SPX-2026-07-15,2026-07-15,Trade 1 - Daily Directional,LONG,MARKET @ 07:00 UK,7543.6,7483.4,7603.8,7664.0,7724.0,60.2,3 units; Unit3 SL->entry+0.2R (7555.6) on TP2 fill; runner CARD-SPECIFIED session-close time-stop / 3xATR cap,2026-07-16,B: limit at entry -0.5R = 7513.50 (did not chase),FILLED,2026-07-16 22:30:00,7513.5,30.1,0.5,Unit 1,7483.4,2026-07-17 06:45:00,stopped out (TP1 reached later 2026-08-03 21:00:00),-1.0,
SPX-2026-07-15,2026-07-15,Trade 1 - Daily Directional,LONG,MARKET @ 07:00 UK,7543.6,7483.4,7603.8,7664.0,7724.0,60.2,3 units; Unit3 SL->entry+0.2R (7555.6) on TP2 fill; runner CARD-SPECIFIED session-close time-stop / 3xATR cap,2026-07-16,B: limit at entry -0.5R = 7513.50 (did not chase),FILLED,2026-07-16 22:30:00,7513.5,30.1,0.5,Unit 2,7483.4,2026-07-17 06:45:00,stopped out (TP2 reached later 2026-08-04 17:00:00),-1.0,
SPX-2026-07-15,2026-07-15,Trade 1 - Daily Directional,LONG,MARKET @ 07:00 UK,7543.6,7483.4,7603.8,7664.0,7724.0,60.2,3 units; Unit3 SL->entry+0.2R (7555.6) on TP2 fill; runner CARD-SPECIFIED session-close time-stop / 3xATR cap,2026-07-16,B: limit at entry -0.5R = 7513.50 (did not chase),FILLED,2026-07-16 22:30:00,7513.5,30.1,0.5,Unit 3,7526.2,2026-07-16 23:45:00,card runner time-stop at entry-session close,0.422,
SPX-2026-07-15,2026-07-15,Trade 2 - Pivot (TRANSITION breakout side),LONG,BUY STOP,7530.6,7497.8,7553.2,7572.2,7591.1,32.8,3 units; Unit3 SL->entry+0.2R (7537.16) on TP2 fill,2026-07-16,B: limit at entry -0.5R = 7514.20 (did not chase),FILLED,2026-07-16 22:30:00,7514.2,16.4,0.5,Unit 1,7497.8,2026-07-17 04:30:00,stopped out (TP1 reached later 2026-08-03 16:45:00),-1.0,
SPX-2026-07-15,2026-07-15,Trade 2 - Pivot (TRANSITION breakout side),LONG,BUY STOP,7530.6,7497.8,7553.2,7572.2,7591.1,32.8,3 units; Unit3 SL->entry+0.2R (7537.16) on TP2 fill,2026-07-16,B: limit at entry -0.5R = 7514.20 (did not chase),FILLED,2026-07-16 22:30:00,7514.2,16.4,0.5,Unit 2,7497.8,2026-07-17 04:30:00,stopped out (TP2 reached later 2026-08-03 17:30:00),-1.0,
SPX-2026-07-15,2026-07-15,Trade 2 - Pivot (TRANSITION breakout side),LONG,BUY STOP,7530.6,7497.8,7553.2,7572.2,7591.1,32.8,3 units; Unit3 SL->entry+0.2R (7537.16) on TP2 fill,2026-07-16,B: limit at entry -0.5R = 7514.20 (did not chase),FILLED,2026-07-16 22:30:00,7514.2,16.4,0.5,Unit 3,7497.8,2026-07-17 04:30:00,stopped out,-1.0,
SPX-2026-07-15,2026-07-15,Trade 3C - Momentum-Breakout,,,,,,,,,,,,SUPPRESSED,,, ,,All units,,,SUPPRESSED by card: no confirmed break.,0.0,
SPX-2026-07-16,2026-07-16,Trade 1 - Daily Directional,LONG,MARKET @ 14:30 UK cash open,7543.59,7402.26,7684.93,7826.26,7778.37,141.34,3 units; Unit3 SL->entry+0.2R (7571.86) on TP2 fill; runner 3xATR cap or session close,2026-07-17,A: market at 06:45 (better than card entry),FILLED,2026-07-17 06:45:00,7488.7,86.44,0.612,Unit 1,7402.26,2026-07-23 18:00:00,stopped out (TP1 reached later 2026-08-04 17:45:00),-1.0,
SPX-2026-07-16,2026-07-16,Trade 1 - Daily Directional,LONG,MARKET @ 14:30 UK cash open,7543.59,7402.26,7684.93,7826.26,7778.37,141.34,3 units; Unit3 SL->entry+0.2R (7571.86) on TP2 fill; runner 3xATR cap or session close,2026-07-17,A: market at 06:45 (better than card entry),FILLED,2026-07-17 06:45:00,7488.7,86.44,0.612,Unit 2,7402.26,2026-07-23 18:00:00,stopped out (TP2 never reached),-1.0,
SPX-2026-07-16,2026-07-16,Trade 1 - Daily Directional,LONG,MARKET @ 14:30 UK cash open,7543.59,7402.26,7684.93,7826.26,7778.37,141.34,3 units; Unit3 SL->entry+0.2R (7571.86) on TP2 fill; runner 3xATR cap or session close,2026-07-17,A: market at 06:45 (better than card entry),FILLED,2026-07-17 06:45:00,7488.7,86.44,0.612,Unit 3,7455.3,2026-07-17 23:45:00,card runner time-stop at entry-session close,-0.386,
SPX-2026-07-16,2026-07-16,Trade 2 - Pivot (buy limit daily P),LONG,BUY LIMIT,7538.09,7518.73,7562.94,7572.62,7590.0,19.36,3 units; standard tranche rule,2026-07-17,A: market-if-better,SKIPPED,2026-07-17 06:45:00,7488.7,,,All units,,,06:45 price 7488.7 is beyond the card stop 7518.73 - the structure the card was built on is already gone; no entry taken.,0.0,PRICE THROUGH STOP AT 06:45
SPX-2026-07-16,2026-07-16,Trade 3C - Transition Breakout,,,,,,,,,,,,SUPPRESSED,,, ,,All units,,,"SUPPRESSED by card: price mid-range, no confirming close.",0.0,
SPX-2026-07-17,2026-07-17,Trade 1 - Daily Directional,SHORT,PENDING @ 14:30 UK cash open,7542.76,7586.27,7499.25,7455.75,7327.55,43.51,3 units; Unit3 SL->entry+0.2R (7534.06) on TP2 fill,2026-07-20,B: wait for entry -0.5R,NO FILL,,,,,All units,,,06:45 price 7468.5 was worse than the card entry 7542.76; the -0.5R improvement level 7564.5 was not reached (session range from 06:45: 7437.8-7512.8).,0.0,
SPX-2026-07-17,2026-07-17,Trade 2 - Pivot (buy limit daily S1),LONG,BUY LIMIT,7501.61,7453.57,7549.65,7597.7,7716.82,48.04,3 units; Unit3 SL->entry-0.2R on TP2 fill,2026-07-20,A: market at 06:45 (better than card entry),FILLED,2026-07-20 06:45:00,7468.5,14.93,0.311,Unit 1,7453.57,2026-07-20 09:30:00,stopped out (TP1 reached later 2026-08-03 16:45:00),-1.0,
SPX-2026-07-17,2026-07-17,Trade 2 - Pivot (buy limit daily S1),LONG,BUY LIMIT,7501.61,7453.57,7549.65,7597.7,7716.82,48.04,3 units; Unit3 SL->entry-0.2R on TP2 fill,2026-07-20,A: market at 06:45 (better than card entry),FILLED,2026-07-20 06:45:00,7468.5,14.93,0.311,Unit 2,7453.57,2026-07-20 09:30:00,stopped out (TP2 reached later 2026-08-03 20:30:00),-1.0,
SPX-2026-07-17,2026-07-17,Trade 2 - Pivot (buy limit daily S1),LONG,BUY LIMIT,7501.61,7453.57,7549.65,7597.7,7716.82,48.04,3 units; Unit3 SL->entry-0.2R on TP2 fill,2026-07-20,A: market at 06:45 (better than card entry),FILLED,2026-07-20 06:45:00,7468.5,14.93,0.311,Unit 3,7453.57,2026-07-20 09:30:00,stopped out,-1.0,
SPX-2026-07-17,2026-07-17,Trade 3 - Pivot fade (sell limit daily R1),SHORT,SELL LIMIT,7568.33,7599.43,7537.23,7506.12,7353.12,31.1,3 units; Unit3 SL->entry+0.2R on TP2 fill,2026-07-20,B: wait for entry -0.5R,NO FILL,,,,,All units,,,06:45 price 7468.5 was worse than the card entry 7568.33; the -0.5R improvement level 7583.9 was not reached (session range from 06:45: 7437.8-7512.8).,0.0,
SPX-2026-07-20,2026-07-20,Trade 1 - Daily Directional,SHORT,MARKET @ 07:00 UK,7457.69,7516.52,7398.86,7340.04,7241.13,58.83,3 units; Unit3 SL->entry-0.2R on TP2 fill; runner CARD-SPECIFIED 3xATR / session-close time-stop,2026-07-21,A: market at 06:45 (better than card entry),FILLED,2026-07-21 06:45:00,7471.2,45.32,0.77,Unit 1,7516.52,2026-07-22 17:00:00,stopped out (TP1 reached later 2026-07-23 18:00:00),-1.0,
SPX-2026-07-20,2026-07-20,Trade 1 - Daily Directional,SHORT,MARKET @ 07:00 UK,7457.69,7516.52,7398.86,7340.04,7241.13,58.83,3 units; Unit3 SL->entry-0.2R on TP2 fill; runner CARD-SPECIFIED 3xATR / session-close time-stop,2026-07-21,A: market at 06:45 (better than card entry),FILLED,2026-07-21 06:45:00,7471.2,45.32,0.77,Unit 2,7516.52,2026-07-22 17:00:00,stopped out (TP2 reached later 2026-07-29 22:30:00),-1.0,
SPX-2026-07-20,2026-07-20,Trade 1 - Daily Directional,SHORT,MARKET @ 07:00 UK,7457.69,7516.52,7398.86,7340.04,7241.13,58.83,3 units; Unit3 SL->entry-0.2R on TP2 fill; runner CARD-SPECIFIED 3xATR / session-close time-stop,2026-07-21,A: market at 06:45 (better than card entry),FILLED,2026-07-21 06:45:00,7471.2,45.32,0.77,Unit 3,7503.7,2026-07-21 23:45:00,card runner time-stop at entry-session close,-0.717,
SPX-2026-07-20,2026-07-20,Trade 2 - Pivot (TRANSITION down-break side),SHORT,SELL STOP,7458.87,7487.44,7426.48,7410.87,7395.26,28.57,3 units; Unit3 SL->entry-0.2R on TP2 fill,2026-07-21,A: market at 06:45 (better than card entry),FILLED,2026-07-21 06:45:00,7471.2,16.24,0.568,Unit 1,7487.44,2026-07-21 09:30:00,stopped out (TP1 reached later 2026-07-23 15:45:00),-1.0,
SPX-2026-07-20,2026-07-20,Trade 2 - Pivot (TRANSITION down-break side),SHORT,SELL STOP,7458.87,7487.44,7426.48,7410.87,7395.26,28.57,3 units; Unit3 SL->entry-0.2R on TP2 fill,2026-07-21,A: market at 06:45 (better than card entry),FILLED,2026-07-21 06:45:00,7471.2,16.24,0.568,Unit 2,7487.44,2026-07-21 09:30:00,stopped out (TP2 reached later 2026-07-23 16:30:00),-1.0,
SPX-2026-07-20,2026-07-20,Trade 2 - Pivot (TRANSITION down-break side),SHORT,SELL STOP,7458.87,7487.44,7426.48,7410.87,7395.26,28.57,3 units; Unit3 SL->entry-0.2R on TP2 fill,2026-07-21,A: market at 06:45 (better than card entry),FILLED,2026-07-21 06:45:00,7471.2,16.24,0.568,Unit 3,7487.44,2026-07-21 09:30:00,stopped out,-1.0,
SPX-2026-07-20,2026-07-20,Trade 3C - Momentum-Breakout (conditional),SHORT,CONDITIONAL - stop-entry ~7276.13 on confirmed downside close,7276.13,7470.83,6999.76,6852.55,,194.7,3 units; on Unit 2 fill Unit 3 stop to the broken boundary,,conditional,NO TRIGGER,,,,,All units,,,confirming close beyond 7276.13 never printed,0.0,
SPX-2026-07-21,2026-07-21,Trade 1 - Daily Directional,SHORT,MARKET @ overridden session-open anchor,7443.0,7502.0,7384.0,7325.0,7245.0,59.0,3 units; Unit3 SL->entry-0.2R (7455) on TP2 fill; runner CARD-SPECIFIED session-close time-stop / 3xATR cap,2026-07-22,A: market at 06:45 (better than card entry),FILLED,2026-07-22 06:45:00,7501.8,0.2,0.003,Unit 1,7502.0,2026-07-22 06:45:00,stopped out (TP1 reached later 2026-07-23 18:15:00),-1.0,MICRO-R
SPX-2026-07-21,2026-07-21,Trade 1 - Daily Directional,SHORT,MARKET @ overridden session-open anchor,7443.0,7502.0,7384.0,7325.0,7245.0,59.0,3 units; Unit3 SL->entry-0.2R (7455) on TP2 fill; runner CARD-SPECIFIED session-close time-stop / 3xATR cap,2026-07-22,A: market at 06:45 (better than card entry),FILLED,2026-07-22 06:45:00,7501.8,0.2,0.003,Unit 2,7502.0,2026-07-22 06:45:00,stopped out (TP2 reached later 2026-07-29 22:45:00),-1.0,MICRO-R
SPX-2026-07-21,2026-07-21,Trade 1 - Daily Directional,SHORT,MARKET @ overridden session-open anchor,7443.0,7502.0,7384.0,7325.0,7245.0,59.0,3 units; Unit3 SL->entry-0.2R (7455) on TP2 fill; runner CARD-SPECIFIED session-close time-stop / 3xATR cap,2026-07-22,A: market at 06:45 (better than card entry),FILLED,2026-07-22 06:45:00,7501.8,0.2,0.003,Unit 3,7502.0,2026-07-22 06:45:00,stopped out,-1.0,MICRO-R
SPX-2026-07-21,2026-07-21,Trade 2 - Pivot (regime-aware),,,,,,,,,,,,SUPPRESSED,,, ,,All units,,,SUPPRESSED by card: all pivot tiers uncorroborated - cannot anchor level-based limit orders.,0.0,
SPX-2026-07-21,2026-07-21,Trade 3C - Momentum-Breakout (conditional short),SHORT,"CONDITIONAL - confirmed downside break, entry at breakdown close",7443.0,7530.0,7094.0,6933.0,6800.0,87.0,3 units; structural TPs preserved,2026-07-24,B: wait for entry -0.5R,NO FILL,,,,,All units,,,confirmed close 7418.0 on 2026-07-23; 06:45 price 7402.6 was worse than the card entry 7443.0; the -0.5R improvement level 7486.5 was not reached (session range from 06:45: 7395.6-7460.2).,0.0,
SPX-2026-07-22,2026-07-22,Trade 1 - Daily Directional,,,,,,,,,,,,SUPPRESSED,,, ,,All units,,,SUPPRESSED by card: direction score below threshold.,0.0,
SPX-2026-07-22,2026-07-22,Trade 2 - Pivot (regime-aware),,,,,,,,,,,,SUPPRESSED,,, ,,All units,,,SUPPRESSED by card: TRANSITION/ranging regime suppression.,0.0,
SPX-2026-07-22,2026-07-22,"Trade 3B - Mean-Reversion (range fade, short leg)",SHORT,SELL LIMIT into the 78.6-88.6% zone,7524.1,7556.5,7442.9,7329.3,7300.9,32.4,"3 units; Unit1 to range mid, Unit2 to opposite side -10%, Unit3 runner on a range break",2026-07-23,B: wait for entry -0.5R,NO FILL,,,,,All units,,,06:45 price 7491.3 was worse than the card entry 7524.1; the -0.5R improvement level 7540.3 was not reached (session range from 06:45: 7375.3-7499.0).,0.0,
SPX-2026-07-23,2026-07-23,Trade 1 - Daily Directional,SHORT,MARKET @ 23 Jul cash open 14:30 UK,7498.96,7521.14,7476.78,7454.6,7286.22,22.18,3 units; Unit3 SL->entry-0.2R on TP2 fill; runner CARD-SPECIFIED session-close time-stop / 3xATR cap,2026-07-24,B: wait for entry -0.5R,NO FILL,,,,,All units,,,06:45 price 7402.6 was worse than the card entry 7498.96; the -0.5R improvement level 7510.1 was not reached (session range from 06:45: 7395.6-7460.2).,0.0,
SPX-2026-07-23,2026-07-23,Trade 2 - Pivot (buy limit daily S1),LONG,BUY LIMIT,7483.19,7414.64,7551.74,7620.28,7695.92,68.55,3 units; Unit3 SL->entry+0.2R on TP2 fill,2026-07-24,A: market-if-better,SKIPPED,2026-07-24 06:45:00,7402.6,,,All units,,,06:45 price 7402.6 is beyond the card stop 7414.64 - the structure the card was built on is already gone; no entry taken.,0.0,PRICE THROUGH STOP AT 06:45
SPX-2026-07-23,2026-07-23,Trade 3 - Pivot fade (sell limit daily R2),SHORT,SELL LIMIT,7540.65,7588.26,7504.03,7490.13,7483.19,47.61,3 units; runner exit at daily S1,2026-07-24,B: wait for entry -0.5R,NO FILL,,,,,All units,,,06:45 price 7402.6 was worse than the card entry 7540.65; the -0.5R improvement level 7564.5 was not reached (session range from 06:45: 7395.6-7460.2).,0.0,
SPX-2026-07-24,2026-07-24,Trade 1 - Daily Directional,SHORT,"PENDING @ 07:00 UK anchor, executed 14:30 UK",7408.3,7446.52,7370.08,7331.86,7190.5,38.22,"3 units; Unit3 SL->entry-0.2R on TP2 fill; runner 3xATR cap, time-stopped at the cash close",2026-07-27,A: market-if-better,SKIPPED,2026-07-27 06:45:00,7466.8,,,All units,,,06:45 price 7466.8 is beyond the card stop 7446.52 - the structure the card was built on is already gone; no entry taken.,0.0,PRICE THROUGH STOP AT 06:45
SPX-2026-07-24,2026-07-24,Trade 2 - Pivot (sell limit daily P),SHORT,SELL LIMIT,7428.37,7479.28,7375.53,7342.77,7289.93,50.91,3 units; Unit3 SL->entry-0.2R on TP2 fill,2026-07-27,A: market at 06:45 (better than card entry),FILLED,2026-07-27 06:45:00,7466.8,12.48,0.245,Unit 1,7479.28,2026-07-27 08:30:00,stopped out (TP1 reached later 2026-07-29 17:00:00),-1.0,MICRO-R
SPX-2026-07-24,2026-07-24,Trade 2 - Pivot (sell limit daily P),SHORT,SELL LIMIT,7428.37,7479.28,7375.53,7342.77,7289.93,50.91,3 units; Unit3 SL->entry-0.2R on TP2 fill,2026-07-27,A: market at 06:45 (better than card entry),FILLED,2026-07-27 06:45:00,7466.8,12.48,0.245,Unit 2,7479.28,2026-07-27 08:30:00,stopped out (TP2 reached later 2026-07-29 19:15:00),-1.0,MICRO-R
SPX-2026-07-24,2026-07-24,Trade 2 - Pivot (sell limit daily P),SHORT,SELL LIMIT,7428.37,7479.28,7375.53,7342.77,7289.93,50.91,3 units; Unit3 SL->entry-0.2R on TP2 fill,2026-07-27,A: market at 06:45 (better than card entry),FILLED,2026-07-27 06:45:00,7466.8,12.48,0.245,Unit 3,7479.28,2026-07-27 08:30:00,stopped out,-1.0,MICRO-R
SPX-2026-07-24,2026-07-24,Trade 3A - Momentum-Pullback (38.2% rally-sell),SHORT,SELL LIMIT,7481.66,7552.99,7395.6,7334.32,7256.36,71.33,3 units; Unit3 SL->entry-0.2R (7467.39) on TP2 fill; structural override on 100%-ext break,2026-07-27,B: wait for entry -0.5R,NO FILL,,,,,All units,,,06:45 price 7466.8 was worse than the card entry 7481.66; the -0.5R improvement level 7517.3 was not reached (session range from 06:45: 7382.9-7491.0).,0.0,
SPX-2026-07-27,2026-07-27,Trade 1 - Daily Directional,,,,,,,,,,,,SUPPRESSED,,, ,,All units,,,SUPPRESSED by card: direction score |0.20| below the 0.25 threshold.,0.0,
SPX-2026-07-27,2026-07-27,Trade 2 - Pivot (TRANSITION breakout side),LONG,BUY STOP,7425.82,7392.91,7449.8,7468.7,7487.61,32.91,3 units; Unit3 SL->entry+0.2R (7432.40) on TP2 fill,2026-07-28,A: market at 06:45 (better than card entry),FILLED,2026-07-28 06:45:00,7407.6,14.69,0.446,Unit 1,7392.91,2026-07-28 08:15:00,stopped out (TP1 reached later 2026-07-28 19:45:00),-1.0,
SPX-2026-07-27,2026-07-27,Trade 2 - Pivot (TRANSITION breakout side),LONG,BUY STOP,7425.82,7392.91,7449.8,7468.7,7487.61,32.91,3 units; Unit3 SL->entry+0.2R (7432.40) on TP2 fill,2026-07-28,A: market at 06:45 (better than card entry),FILLED,2026-07-28 06:45:00,7407.6,14.69,0.446,Unit 2,7392.91,2026-07-28 08:15:00,stopped out (TP2 reached later 2026-07-31 04:00:00),-1.0,
SPX-2026-07-27,2026-07-27,Trade 2 - Pivot (TRANSITION breakout side),LONG,BUY STOP,7425.82,7392.91,7449.8,7468.7,7487.61,32.91,3 units; Unit3 SL->entry+0.2R (7432.40) on TP2 fill,2026-07-28,A: market at 06:45 (better than card entry),FILLED,2026-07-28 06:45:00,7407.6,14.69,0.446,Unit 3,7392.91,2026-07-28 08:15:00,stopped out,-1.0,
SPX-2026-07-27,2026-07-27,Trade 3C - Momentum-Breakout (conditional upside),LONG,CONDITIONAL - confirmed close above 7598.01,7598.01,7409.11,7868.82,8012.48,,188.9,3 units; on Unit 2 fill Unit 3 stop to the broken boundary,2026-08-04,B: wait for entry -0.5R,NO FILL,,,,,All units,,,confirmed close 7603.2 on 2026-08-03; 06:45 price 7615.3 was worse than the card entry 7598.01; the -0.5R improvement level 7503.6 was not reached (session range from 06:45: 7604.5-7758.5).,0.0,
SPX-2026-07-28,2026-07-28,Trade 1 - Daily Directional,LONG,BUY LIMIT into the 7387-7394 shelf,7392.0,7357.0,7427.0,7462.0,7538.0,35.0,3 units; Unit3 SL->entry+0.2R (7399) on TP2 fill; runner session-close time-stop + 3xATR cap,2026-07-29,B: limit at entry -0.5R = 7374.50 (did not chase),FILLED,2026-07-29 17:00:00,7374.5,17.5,0.5,Unit 1,7357.0,2026-07-29 18:45:00,stopped out (TP1 reached later 2026-07-29 21:30:00),-1.0,
SPX-2026-07-28,2026-07-28,Trade 1 - Daily Directional,LONG,BUY LIMIT into the 7387-7394 shelf,7392.0,7357.0,7427.0,7462.0,7538.0,35.0,3 units; Unit3 SL->entry+0.2R (7399) on TP2 fill; runner session-close time-stop + 3xATR cap,2026-07-29,B: limit at entry -0.5R = 7374.50 (did not chase),FILLED,2026-07-29 17:00:00,7374.5,17.5,0.5,Unit 2,7357.0,2026-07-29 18:45:00,stopped out (TP2 reached later 2026-07-30 23:30:00),-1.0,
SPX-2026-07-28,2026-07-28,Trade 1 - Daily Directional,LONG,BUY LIMIT into the 7387-7394 shelf,7392.0,7357.0,7427.0,7462.0,7538.0,35.0,3 units; Unit3 SL->entry+0.2R (7399) on TP2 fill; runner session-close time-stop + 3xATR cap,2026-07-29,B: limit at entry -0.5R = 7374.50 (did not chase),FILLED,2026-07-29 17:00:00,7374.5,17.5,0.5,Unit 3,7357.0,2026-07-29 18:45:00,stopped out,-1.0,
SPX-2026-07-28,2026-07-28,Trade 2 - Pivot (buy limit daily S1),LONG,BUY LIMIT,7387.0,7362.0,7411.0,7435.0,7512.0,25.0,3 units; Unit3 SL->entry+0.2R (7392) on TP2 fill; runner exit at pivot P,2026-07-29,B: limit at entry -0.5R = 7374.50 (did not chase),FILLED,2026-07-29 17:00:00,7374.5,12.5,0.5,Unit 1,7362.0,2026-07-29 18:30:00,stopped out (TP1 reached later 2026-07-29 21:00:00),-1.0,
SPX-2026-07-28,2026-07-28,Trade 2 - Pivot (buy limit daily S1),LONG,BUY LIMIT,7387.0,7362.0,7411.0,7435.0,7512.0,25.0,3 units; Unit3 SL->entry+0.2R (7392) on TP2 fill; runner exit at pivot P,2026-07-29,B: limit at entry -0.5R = 7374.50 (did not chase),FILLED,2026-07-29 17:00:00,7374.5,12.5,0.5,Unit 2,7362.0,2026-07-29 18:30:00,stopped out (TP2 reached later 2026-07-29 21:45:00),-1.0,
SPX-2026-07-28,2026-07-28,Trade 2 - Pivot (buy limit daily S1),LONG,BUY LIMIT,7387.0,7362.0,7411.0,7435.0,7512.0,25.0,3 units; Unit3 SL->entry+0.2R (7392) on TP2 fill; runner exit at pivot P,2026-07-29,B: limit at entry -0.5R = 7374.50 (did not chase),FILLED,2026-07-29 17:00:00,7374.5,12.5,0.5,Unit 3,7362.0,2026-07-29 18:30:00,stopped out,-1.0,
SPX-2026-07-28,2026-07-28,Trade 3 - Mean-Reversion (buy stop on P reclaim),LONG,BUY STOP,7420.0,7378.0,7435.0,7457.0,7538.0,42.0,3 units; Unit3 SL->entry+0.2R (7428.4) on TP2 fill,2026-07-29,B: limit at entry -0.5R = 7399.00 (did not chase),FILLED,2026-07-29 16:45:00,7399.0,21.0,0.5,Unit 1,7378.0,2026-07-29 17:00:00,stopped out (TP1 reached later 2026-07-29 21:45:00),-1.0,
SPX-2026-07-28,2026-07-28,Trade 3 - Mean-Reversion (buy stop on P reclaim),LONG,BUY STOP,7420.0,7378.0,7435.0,7457.0,7538.0,42.0,3 units; Unit3 SL->entry+0.2R (7428.4) on TP2 fill,2026-07-29,B: limit at entry -0.5R = 7399.00 (did not chase),FILLED,2026-07-29 16:45:00,7399.0,21.0,0.5,Unit 2,7378.0,2026-07-29 17:00:00,stopped out (TP2 reached later 2026-07-30 23:00:00),-1.0,
SPX-2026-07-28,2026-07-28,Trade 3 - Mean-Reversion (buy stop on P reclaim),LONG,BUY STOP,7420.0,7378.0,7435.0,7457.0,7538.0,42.0,3 units; Unit3 SL->entry+0.2R (7428.4) on TP2 fill,2026-07-29,B: limit at entry -0.5R = 7399.00 (did not chase),FILLED,2026-07-29 16:45:00,7399.0,21.0,0.5,Unit 3,7378.0,2026-07-29 17:00:00,stopped out,-1.0,
SPX-2026-07-29,2026-07-29,Trade 1 - Daily Directional,,,,,,,,,,,,SUPPRESSED,,, ,,All units,,,SUPPRESSED by card: direction score |-0.19| below the 0.25 threshold.,0.0,
SPX-2026-07-29,2026-07-29,Trade 2 - Pivot (TRANSITION breakout side),LONG,BUY STOP,7438.79,7399.39,7478.18,7517.57,7560.0,39.4,3 units; Unit3 SL->entry+0.2R on TP2 fill,2026-07-30,A: market-if-better,SKIPPED,2026-07-30 06:45:00,7344.2,,,All units,,,06:45 price 7344.2 is beyond the card stop 7399.39 - the structure the card was built on is already gone; no entry taken.,0.0,PRICE THROUGH STOP AT 06:45
SPX-2026-07-29,2026-07-29,Trade 3C - Momentum-Breakout (conditional upside),LONG,CONDITIONAL - confirmed close above 7598.01,7598.01,7409.11,7868.82,8012.48,,188.9,3 units; on Unit 2 fill Unit 3 stop to the broken boundary,2026-08-04,B: wait for entry -0.5R,NO FILL,,,,,All units,,,confirmed close 7603.2 on 2026-08-03; 06:45 price 7615.3 was worse than the card entry 7598.01; the -0.5R improvement level 7503.6 was not reached (session range from 06:45: 7604.5-7758.5).,0.0,
SPX-2026-07-30,2026-07-30,Trade 1 - Daily Directional,SHORT,MARKET @ 30 Jul daily-open anchor,7316.0,7401.0,7231.0,7146.0,7181.0,85.0,3 units; Unit3 SL->entry-0.2R (7299) on TP2 fill; runner CARD-SPECIFIED session-close time-stop / 3xATR cap,2026-07-31,A: market-if-better,SKIPPED,2026-07-31 06:45:00,7466.9,,,All units,,,06:45 price 7466.9 is beyond the card stop 7401.0 - the structure the card was built on is already gone; no entry taken.,0.0,PRICE THROUGH STOP AT 06:45
SPX-2026-07-30,2026-07-30,Trade 2 - Pivot (regime-aware),,,,,,,,,,,,SUPPRESSED,,, ,,All units,,,SUPPRESSED by card: all accessible pivot tiers uncorroborated.,0.0,
SPX-2026-07-30,2026-07-30,Trade 3C - Momentum-Breakout (conditional short),SHORT,CONDITIONAL - confirmed close below ~7283,7280.0,7408.0,7008.0,6865.0,,128.0,3 units; on Unit 2 fill Unit 3 stop to the broken boundary,,conditional,NO TRIGGER,,,,,All units,,,confirming close beyond 7280.0 never printed,0.0,
SPX-2026-07-31,2026-07-31,Trade 1 - Daily Directional (breakout stop),LONG,BUY STOP,7455.0,7366.0,7510.0,7582.0,7650.0,89.0,3 units; Unit3 SL->entry+0.2R (7452) on TP2 fill; runner CARD-SPECIFIED session-close time-stop + 3xATR cap,2026-08-03,B: wait for entry -0.5R,NO FILL,,,,,All units,,,06:45 price 7534.2 was worse than the card entry 7455.0; the -0.5R improvement level 7410.5 was not reached (session range from 06:45: 7515.4-7609.4).,0.0,
SPX-2026-07-31,2026-07-31,Trade 2 - Pivot (buy limit daily P),LONG,BUY LIMIT,7405.0,7340.0,7476.0,7515.0,7560.0,65.0,3 units; Unit3 SL->entry+0.2R (7418) on TP2 fill; runner to R-extension,2026-08-03,B: wait for entry -0.5R,NO FILL,,,,,All units,,,06:45 price 7534.2 was worse than the card entry 7405.0; the -0.5R improvement level 7372.5 was not reached (session range from 06:45: 7515.4-7609.4).,0.0,
SPX-2026-07-31,2026-07-31,Trade 3A - Momentum-Pullback (38.2% fib),LONG,BUY LIMIT,7412.0,7360.0,7464.0,7516.0,7570.0,52.0,3 units; Unit3 SL->entry+0.2R (7422.4) on TP2 fill; 3A structural override on 100%-ext break,2026-08-03,B: wait for entry -0.5R,NO FILL,,,,,All units,,,06:45 price 7534.2 was worse than the card entry 7412.0; the -0.5R improvement level 7386.0 was not reached (session range from 06:45: 7515.4-7609.4).,0.0,
