card_id,report_date,strategy,family,direction,entry_mode,entry,stop,tp1,tp2,tp3,card_R_points,policy,source,fill_status,entry_session,entry_rule,fill_reason,fill_ts,fill_px,R_points,risk_vs_card,unit,exit_px,exit_ts,exit_reason,R,R_card
2026-05-11_Trade_1,2026-05-11,Trade 1 — Daily Directional (direction-of-the-day expression),Trade 1,LONG,MARKET,4715.0,4625.0,4805.0,4895.0,,90.0,midnight,baseline,FILLED,2026-05-12,MARKET at 02:00 open,,2026-05-12 02:00:00,4750.89,125.89,1.399,Unit 1,4625.0,2026-05-15 03:30:00,stopped out,-1.0,-1.0
2026-05-11_Trade_1,2026-05-11,Trade 1 — Daily Directional (direction-of-the-day expression),Trade 1,LONG,MARKET,4715.0,4625.0,4805.0,4895.0,,90.0,midnight,baseline,FILLED,2026-05-12,MARKET at 02:00 open,,2026-05-12 02:00:00,4750.89,125.89,1.399,Unit 2,4625.0,2026-05-15 03:30:00,stopped out,-1.0,-1.0
2026-05-11_Trade_1,2026-05-11,Trade 1 — Daily Directional (direction-of-the-day expression),Trade 1,LONG,MARKET,4715.0,4625.0,4805.0,4895.0,,90.0,midnight,baseline,FILLED,2026-05-12,MARKET at 02:00 open,,2026-05-12 02:00:00,4750.89,125.89,1.399,Unit 3,4715.24,2026-05-12 23:45:00,card runner time-stop at entry-session close,-0.283,0.003
2026-05-11_Trade_2,2026-05-11,"Trade 2 — Pivot (TREND_UP breakout, daily timeframe)",Trade 2,LONG,LIMIT,4684.0,4646.0,4728.0,4749.0,4769.0,38.0,midnight,baseline,FILLED,2026-05-12,LIMIT touched,,2026-05-12 16:15:00,4684.0,38.0,1.0,Unit 1,4646.0,2026-05-12 18:15:00,stopped out,-1.0,-1.0
2026-05-11_Trade_2,2026-05-11,"Trade 2 — Pivot (TREND_UP breakout, daily timeframe)",Trade 2,LONG,LIMIT,4684.0,4646.0,4728.0,4749.0,4769.0,38.0,midnight,baseline,FILLED,2026-05-12,LIMIT touched,,2026-05-12 16:15:00,4684.0,38.0,1.0,Unit 2,4646.0,2026-05-12 18:15:00,stopped out,-1.0,-1.0
2026-05-11_Trade_2,2026-05-11,"Trade 2 — Pivot (TREND_UP breakout, daily timeframe)",Trade 2,LONG,LIMIT,4684.0,4646.0,4728.0,4749.0,4769.0,38.0,midnight,baseline,FILLED,2026-05-12,LIMIT touched,,2026-05-12 16:15:00,4684.0,38.0,1.0,Unit 3,4646.0,2026-05-12 18:15:00,stopped out,-1.0,-1.0
2026-05-11_Trade_3A,2026-05-11,Trade 3A — Momentum-Pullback,Trade 3A,LONG,LIMIT,4651.0,4569.0,4751.0,4822.0,4912.0,82.0,midnight,baseline,FILLED,2026-05-12,LIMIT touched,,2026-05-12 18:15:00,4651.0,82.0,1.0,Unit 1,4569.0,2026-05-15 08:30:00,stopped out,-1.0,-1.0
2026-05-11_Trade_3A,2026-05-11,Trade 3A — Momentum-Pullback,Trade 3A,LONG,LIMIT,4651.0,4569.0,4751.0,4822.0,4912.0,82.0,midnight,baseline,FILLED,2026-05-12,LIMIT touched,,2026-05-12 18:15:00,4651.0,82.0,1.0,Unit 2,4569.0,2026-05-15 08:30:00,stopped out,-1.0,-1.0
2026-05-11_Trade_3A,2026-05-11,Trade 3A — Momentum-Pullback,Trade 3A,LONG,LIMIT,4651.0,4569.0,4751.0,4822.0,4912.0,82.0,midnight,baseline,FILLED,2026-05-12,LIMIT touched,,2026-05-12 18:15:00,4651.0,82.0,1.0,Unit 3,4569.0,2026-05-15 08:30:00,stopped out,-1.0,-1.0
2026-05-12_Trade_1,2026-05-12,"Trade 1 — Daily Directional Long (Market at 00:00 UK, 12 May)",Trade 1,LONG,MARKET,4699.0,4632.4,4765.6,4832.2,,66.6,midnight,baseline,FILLED,2026-05-13,MARKET at 02:00 open,,2026-05-13 02:00:00,4717.01,84.61,1.27,Unit 1,4632.4,2026-05-15 03:15:00,stopped out,-1.0,-1.0
2026-05-12_Trade_1,2026-05-12,"Trade 1 — Daily Directional Long (Market at 00:00 UK, 12 May)",Trade 1,LONG,MARKET,4699.0,4632.4,4765.6,4832.2,,66.6,midnight,baseline,FILLED,2026-05-13,MARKET at 02:00 open,,2026-05-13 02:00:00,4717.01,84.61,1.27,Unit 2,4632.4,2026-05-15 03:15:00,stopped out,-1.0,-1.0
2026-05-12_Trade_1,2026-05-12,"Trade 1 — Daily Directional Long (Market at 00:00 UK, 12 May)",Trade 1,LONG,MARKET,4699.0,4632.4,4765.6,4832.2,,66.6,midnight,baseline,FILLED,2026-05-13,MARKET at 02:00 open,,2026-05-13 02:00:00,4717.01,84.61,1.27,Unit 3,4688.88,2026-05-13 23:45:00,card runner time-stop at entry-session close,-0.332,-0.152
2026-05-12_Trade_2,2026-05-12,Trade 2 — Pivot Trade (TREND_UP fork → trend-pullback long at daily S1.5),Trade 2,LONG,LIMIT,4704.45,4647.33,4761.57,4792.43,4828.27,57.12,midnight,baseline,FILLED,2026-05-13,LIMIT touched,,2026-05-13 04:15:00,4704.45,57.12,1.0,Unit 1,4647.33,2026-05-14 23:15:00,stopped out,-1.0,-1.0
2026-05-12_Trade_2,2026-05-12,Trade 2 — Pivot Trade (TREND_UP fork → trend-pullback long at daily S1.5),Trade 2,LONG,LIMIT,4704.45,4647.33,4761.57,4792.43,4828.27,57.12,midnight,baseline,FILLED,2026-05-13,LIMIT touched,,2026-05-13 04:15:00,4704.45,57.12,1.0,Unit 2,4647.33,2026-05-14 23:15:00,stopped out,-1.0,-1.0
2026-05-12_Trade_2,2026-05-12,Trade 2 — Pivot Trade (TREND_UP fork → trend-pullback long at daily S1.5),Trade 2,LONG,LIMIT,4704.45,4647.33,4761.57,4792.43,4828.27,57.12,midnight,baseline,FILLED,2026-05-13,LIMIT touched,,2026-05-13 04:15:00,4704.45,57.12,1.0,Unit 3,4647.33,2026-05-14 23:15:00,stopped out,-1.0,-1.0
2026-05-12_Trade_3A,2026-05-12,Trade 3A — Momentum-Pullback Long (38.2% fib retrace of the 4-May → 8-May swing),Trade 3A,LONG,LIMIT,4673.61,4649.77,4750.75,4827.89,4875.56,23.84,midnight,baseline,FILLED,2026-05-13,LIMIT touched,,2026-05-13 16:30:00,4673.61,23.84,1.0,Unit 1,4649.77,2026-05-14 23:00:00,stopped out,-1.0,-1.0
2026-05-12_Trade_3A,2026-05-12,Trade 3A — Momentum-Pullback Long (38.2% fib retrace of the 4-May → 8-May swing),Trade 3A,LONG,LIMIT,4673.61,4649.77,4750.75,4827.89,4875.56,23.84,midnight,baseline,FILLED,2026-05-13,LIMIT touched,,2026-05-13 16:30:00,4673.61,23.84,1.0,Unit 2,4649.77,2026-05-14 23:00:00,stopped out,-1.0,-1.0
2026-05-12_Trade_3A,2026-05-12,Trade 3A — Momentum-Pullback Long (38.2% fib retrace of the 4-May → 8-May swing),Trade 3A,LONG,LIMIT,4673.61,4649.77,4750.75,4827.89,4875.56,23.84,midnight,baseline,FILLED,2026-05-13,LIMIT touched,,2026-05-13 16:30:00,4673.61,23.84,1.0,Unit 3,4649.77,2026-05-14 23:00:00,stopped out,-1.0,-1.0
2026-05-13_Trade_1,2026-05-13,Trade 1 - Daily Directional (reduced conviction),Trade 1,LONG,MARKET,4695.0,4640.0,4750.0,4805.0,4890.0,55.0,midnight,baseline,FILLED,2026-05-14,MARKET at 02:00 open,,2026-05-14 02:00:00,4700.16,60.16,1.094,Unit 1,4640.0,2026-05-15 03:15:00,stopped out,-1.0,-1.0
2026-05-13_Trade_1,2026-05-13,Trade 1 - Daily Directional (reduced conviction),Trade 1,LONG,MARKET,4695.0,4640.0,4750.0,4805.0,4890.0,55.0,midnight,baseline,FILLED,2026-05-14,MARKET at 02:00 open,,2026-05-14 02:00:00,4700.16,60.16,1.094,Unit 2,4640.0,2026-05-15 03:15:00,stopped out,-1.0,-1.0
2026-05-13_Trade_1,2026-05-13,Trade 1 - Daily Directional (reduced conviction),Trade 1,LONG,MARKET,4695.0,4640.0,4750.0,4805.0,4890.0,55.0,midnight,baseline,FILLED,2026-05-14,MARKET at 02:00 open,,2026-05-14 02:00:00,4700.16,60.16,1.094,Unit 3,4640.0,2026-05-15 03:15:00,stopped out,-1.0,-1.0
2026-05-13_Trade_2,2026-05-13,RANGE FADE: short the upper rail / long the lower rail,Trade 2,SHORT,CONDITIONAL,4800.0,4830.0,4750.0,4705.0,4680.0,30.0,midnight,baseline,FILLED,2026-05-14,MARKET at 02:00 open,confirmed close 4688.9 on 2026-05-13; ,2026-05-14 02:00:00,4700.16,129.84,4.328,Unit 1,4750.0,2026-05-14 02:00:00,TP1 reached,-0.384,1.667
2026-05-13_Trade_2,2026-05-13,RANGE FADE: short the upper rail / long the lower rail,Trade 2,SHORT,CONDITIONAL,4800.0,4830.0,4750.0,4705.0,4680.0,30.0,midnight,baseline,FILLED,2026-05-14,MARKET at 02:00 open,confirmed close 4688.9 on 2026-05-13; ,2026-05-14 02:00:00,4700.16,129.84,4.328,Unit 2,4705.0,2026-05-14 02:00:00,TP2 reached,-0.037,3.167
2026-05-13_Trade_2,2026-05-13,RANGE FADE: short the upper rail / long the lower rail,Trade 2,SHORT,CONDITIONAL,4800.0,4830.0,4750.0,4705.0,4680.0,30.0,midnight,baseline,FILLED,2026-05-14,MARKET at 02:00 open,confirmed close 4688.9 on 2026-05-13; ,2026-05-14 02:00:00,4700.16,129.84,4.328,Unit 3,4680.0,2026-05-14 06:30:00,runner target reached,0.155,4.0
2026-05-13_Trade_3B,2026-05-13,"Trade 3 - Complex (variant 3B - Mean-Reversion, range regime)",Trade 3B,LONG,LIMIT,4690.0,4605.0,4722.0,4773.0,4800.0,,midnight,baseline,FILLED,2026-05-14,LIMIT touched,,2026-05-14 03:00:00,4690.0,85.0,1.0,Unit 1,4605.0,2026-05-15 07:30:00,stopped out,-1.0,-1.0
2026-05-13_Trade_3B,2026-05-13,"Trade 3 - Complex (variant 3B - Mean-Reversion, range regime)",Trade 3B,LONG,LIMIT,4690.0,4605.0,4722.0,4773.0,4800.0,,midnight,baseline,FILLED,2026-05-14,LIMIT touched,,2026-05-14 03:00:00,4690.0,85.0,1.0,Unit 2,4605.0,2026-05-15 07:30:00,stopped out,-1.0,-1.0
2026-05-13_Trade_3B,2026-05-13,"Trade 3 - Complex (variant 3B - Mean-Reversion, range regime)",Trade 3B,LONG,LIMIT,4690.0,4605.0,4722.0,4773.0,4800.0,,midnight,baseline,FILLED,2026-05-14,LIMIT touched,,2026-05-14 03:00:00,4690.0,85.0,1.0,Unit 3,4605.0,2026-05-15 07:30:00,stopped out,-1.0,-1.0
2026-05-14_Trade_1,2026-05-14,"Trade 1 — Daily Directional (00:00 UK anchor, 14 May 2026)",Trade 1,SHORT,MARKET,4688.0,4720.0,4656.0,4624.0,,32.0,midnight,baseline,FILLED,2026-05-15,MARKET at 02:00 open,,2026-05-15 02:00:00,4662.31,57.69,1.803,Unit 1,4656.0,2026-05-15 02:15:00,TP1 reached,0.109,1.0
2026-05-14_Trade_1,2026-05-14,"Trade 1 — Daily Directional (00:00 UK anchor, 14 May 2026)",Trade 1,SHORT,MARKET,4688.0,4720.0,4656.0,4624.0,,32.0,midnight,baseline,FILLED,2026-05-15,MARKET at 02:00 open,,2026-05-15 02:00:00,4662.31,57.69,1.803,Unit 2,4624.0,2026-05-15 03:30:00,TP2 reached,0.664,2.0
2026-05-14_Trade_1,2026-05-14,"Trade 1 — Daily Directional (00:00 UK anchor, 14 May 2026)",Trade 1,SHORT,MARKET,4688.0,4720.0,4656.0,4624.0,,32.0,midnight,baseline,FILLED,2026-05-15,MARKET at 02:00 open,,2026-05-15 02:00:00,4662.31,57.69,1.803,Unit 3,4538.45,2026-05-15 23:45:00,card runner time-stop at entry-session close,2.147,4.673
2026-05-14_Trade_2,2026-05-14,Trade 2 — Regime-aware Pivot (indicative),Trade 2,SHORT,LIMIT,4716.0,4752.0,4696.0,4659.0,,36.0,midnight,baseline,NO FILL,2026-05-15,,LIMIT 4716.0 not reached from 02:00 to 23:00 on 2026-05-15 (range 4511.7-4665.4),,,,,All,,,,0.0,0.0
2026-05-14_Trade_3C,2026-05-14,Trade 3 — Complex (3C transition breakout),Trade 3C,SHORT,CONDITIONAL,4634.0,4696.0,4548.0,,,62.0,midnight,baseline,FILLED,2026-05-18,MARKET at 02:00 open,confirmed close 4538.4 on 2026-05-15; ,2026-05-18 02:00:00,4546.11,149.89,2.418,Unit 1,4548.0,2026-05-18 02:00:00,TP1 reached,-0.013,1.387
2026-05-14_Trade_3C,2026-05-14,Trade 3 — Complex (3C transition breakout),Trade 3C,SHORT,CONDITIONAL,4634.0,4696.0,4548.0,,,62.0,midnight,baseline,FILLED,2026-05-18,MARKET at 02:00 open,confirmed close 4538.4 on 2026-05-15; ,2026-05-18 02:00:00,4546.11,149.89,2.418,Unit 2,4696.0,2026-08-25 03:30:00,stopped out,-1.0,-1.0
2026-05-14_Trade_3C,2026-05-14,Trade 3 — Complex (3C transition breakout),Trade 3C,SHORT,CONDITIONAL,4634.0,4696.0,4548.0,,,62.0,midnight,baseline,FILLED,2026-05-18,MARKET at 02:00 open,confirmed close 4538.4 on 2026-05-15; ,2026-05-18 02:00:00,4546.11,149.89,2.418,Unit 3,4696.0,2026-08-25 03:30:00,stopped out,-1.0,-1.0
2026-05-15_Trade_1,2026-05-15,Trade 1 — Daily Directional,Trade 1,SHORT,MARKET,4652.0,4790.0,4514.0,4376.0,,138.0,midnight,baseline,FILLED,2026-05-18,MARKET at 02:00 open,,2026-05-18 02:00:00,4546.11,243.89,1.767,Unit 1,4514.0,2026-05-18 03:30:00,TP1 reached,0.132,1.0
2026-05-15_Trade_1,2026-05-15,Trade 1 — Daily Directional,Trade 1,SHORT,MARKET,4652.0,4790.0,4514.0,4376.0,,138.0,midnight,baseline,FILLED,2026-05-18,MARKET at 02:00 open,,2026-05-18 02:00:00,4546.11,243.89,1.767,Unit 2,4376.0,2026-05-28 06:30:00,TP2 reached,0.697,2.0
2026-05-15_Trade_1,2026-05-15,Trade 1 — Daily Directional,Trade 1,SHORT,MARKET,4652.0,4790.0,4514.0,4376.0,,138.0,midnight,baseline,FILLED,2026-05-18,MARKET at 02:00 open,,2026-05-18 02:00:00,4546.11,243.89,1.767,Unit 3,4566.15,2026-05-18 23:45:00,card runner time-stop at entry-session close,-0.082,0.622
2026-05-15_Trade_2,2026-05-15,Trade 2 — Pivot (TREND_DOWN: short entry on retest of broken pivot),Trade 2,SHORT,LIMIT,4688.0,4725.0,4651.0,4614.0,4665.0,37.0,midnight,baseline,NO FILL,2026-05-18,,LIMIT 4688.0 not reached from 02:00 to 23:00 on 2026-05-18 (range 4480.3-4584.3),,,,,All,,,,0.0,0.0
2026-05-15_Trade_3C,2026-05-15,Trade 3C — Momentum-Breakout (regime: TRANSITION; VOLator slope positive disqualifies pure RANGE / 3B mean-reversion),Trade 3C,SHORT,CONDITIONAL,4570.0,4648.0,4520.0,4455.0,4395.0,78.0,midnight,baseline,FILLED,2026-05-18,MARKET at 02:00 open,confirmed close 4538.4 on 2026-05-15; ,2026-05-18 02:00:00,4546.11,101.89,1.306,Unit 1,4520.0,2026-05-18 03:15:00,TP1 reached,0.256,0.641
2026-05-15_Trade_3C,2026-05-15,Trade 3C — Momentum-Breakout (regime: TRANSITION; VOLator slope positive disqualifies pure RANGE / 3B mean-reversion),Trade 3C,SHORT,CONDITIONAL,4570.0,4648.0,4520.0,4455.0,4395.0,78.0,midnight,baseline,FILLED,2026-05-18,MARKET at 02:00 open,confirmed close 4538.4 on 2026-05-15; ,2026-05-18 02:00:00,4546.11,101.89,1.306,Unit 2,4455.0,2026-05-20 06:00:00,TP2 reached,0.894,1.474
2026-05-15_Trade_3C,2026-05-15,Trade 3C — Momentum-Breakout (regime: TRANSITION; VOLator slope positive disqualifies pure RANGE / 3B mean-reversion),Trade 3C,SHORT,CONDITIONAL,4570.0,4648.0,4520.0,4455.0,4395.0,78.0,midnight,baseline,FILLED,2026-05-18,MARKET at 02:00 open,confirmed close 4538.4 on 2026-05-15; ,2026-05-18 02:00:00,4546.11,101.89,1.306,Unit 3,4525.73,2026-05-20 17:30:00,BE trail hit (BE_0.2R_ON_TP2),0.2,0.568
2026-05-18_Trade_1,2026-05-18,Trade 1 — Daily Directional (score-driven),Trade 1,SHORT,MARKET,4562.0,4648.0,4476.0,4390.0,,86.0,midnight,baseline,FILLED,2026-05-19,MARKET at 02:00 open,,2026-05-19 02:00:00,4573.97,74.03,0.861,Unit 1,4476.0,2026-05-19 16:30:00,TP1 reached,1.323,1.0
2026-05-18_Trade_1,2026-05-18,Trade 1 — Daily Directional (score-driven),Trade 1,SHORT,MARKET,4562.0,4648.0,4476.0,4390.0,,86.0,midnight,baseline,FILLED,2026-05-19,MARKET at 02:00 open,,2026-05-19 02:00:00,4573.97,74.03,0.861,Unit 2,4390.0,2026-05-28 06:15:00,TP2 reached,2.485,2.0
2026-05-18_Trade_1,2026-05-18,Trade 1 — Daily Directional (score-driven),Trade 1,SHORT,MARKET,4562.0,4648.0,4476.0,4390.0,,86.0,midnight,baseline,FILLED,2026-05-19,MARKET at 02:00 open,,2026-05-19 02:00:00,4573.97,74.03,0.861,Unit 3,4482.06,2026-05-19 23:45:00,card runner time-stop at entry-session close,1.242,0.93
2026-05-18_Trade_2,2026-05-18,"Trade 2 — Pivot (regime-aware) — TRANSITION regime, breakout-side only",Trade 2,SHORT,CONDITIONAL,4476.0,4576.0,4376.0,4276.0,4148.0,100.0,midnight,baseline,FILLED,2026-05-28,MARKET at 02:00 open,confirmed close 4456.3 on 2026-05-27; ,2026-05-28 02:00:00,4457.49,118.51,1.185,Unit 1,4376.0,2026-05-28 06:30:00,TP1 reached,0.688,1.0
2026-05-18_Trade_2,2026-05-18,"Trade 2 — Pivot (regime-aware) — TRANSITION regime, breakout-side only",Trade 2,SHORT,CONDITIONAL,4476.0,4576.0,4376.0,4276.0,4148.0,100.0,midnight,baseline,FILLED,2026-05-28,MARKET at 02:00 open,confirmed close 4456.3 on 2026-05-27; ,2026-05-28 02:00:00,4457.49,118.51,1.185,Unit 2,4576.0,2026-05-29 18:00:00,stopped out,-1.0,-1.0
2026-05-18_Trade_2,2026-05-18,"Trade 2 — Pivot (regime-aware) — TRANSITION regime, breakout-side only",Trade 2,SHORT,CONDITIONAL,4476.0,4576.0,4376.0,4276.0,4148.0,100.0,midnight,baseline,FILLED,2026-05-28,MARKET at 02:00 open,confirmed close 4456.3 on 2026-05-27; ,2026-05-28 02:00:00,4457.49,118.51,1.185,Unit 3,4576.0,2026-05-29 18:00:00,stopped out,-1.0,-1.0
2026-05-18_Trade_3C,2026-05-18,Trade 3C — Momentum-Breakout (regime_label = TRANSITION),Trade 3C,SHORT,CONDITIONAL,4468.0,4565.0,4161.0,4008.0,3973.0,97.0,midnight,baseline,FILLED,2026-05-28,MARKET at 02:00 open,confirmed close 4456.3 on 2026-05-27; ,2026-05-28 02:00:00,4457.49,107.51,1.108,Unit 1,4565.0,2026-05-29 17:45:00,stopped out,-1.0,-1.0
2026-05-18_Trade_3C,2026-05-18,Trade 3C — Momentum-Breakout (regime_label = TRANSITION),Trade 3C,SHORT,CONDITIONAL,4468.0,4565.0,4161.0,4008.0,3973.0,97.0,midnight,baseline,FILLED,2026-05-28,MARKET at 02:00 open,confirmed close 4456.3 on 2026-05-27; ,2026-05-28 02:00:00,4457.49,107.51,1.108,Unit 2,4565.0,2026-05-29 17:45:00,stopped out,-1.0,-1.0
2026-05-18_Trade_3C,2026-05-18,Trade 3C — Momentum-Breakout (regime_label = TRANSITION),Trade 3C,SHORT,CONDITIONAL,4468.0,4565.0,4161.0,4008.0,3973.0,97.0,midnight,baseline,FILLED,2026-05-28,MARKET at 02:00 open,confirmed close 4456.3 on 2026-05-27; ,2026-05-28 02:00:00,4457.49,107.51,1.108,Unit 3,4565.0,2026-05-29 17:45:00,stopped out,-1.0,-1.0
2026-05-19_Trade_1,2026-05-19,"Trade 1 — Daily Directional (SHORT, conviction-based)",Trade 1,SHORT,CONDITIONAL,4540.0,4597.5,4482.5,4425.0,,57.5,midnight,baseline,FILLED,2026-05-20,MARKET at 02:00 open,confirmed close 4482.1 on 2026-05-19; ,2026-05-20 02:00:00,4484.49,113.01,1.965,Unit 1,4482.5,2026-05-20 02:00:00,TP1 reached,0.018,1.0
2026-05-19_Trade_1,2026-05-19,"Trade 1 — Daily Directional (SHORT, conviction-based)",Trade 1,SHORT,CONDITIONAL,4540.0,4597.5,4482.5,4425.0,,57.5,midnight,baseline,FILLED,2026-05-20,MARKET at 02:00 open,confirmed close 4482.1 on 2026-05-19; ,2026-05-20 02:00:00,4484.49,113.01,1.965,Unit 2,4425.0,2026-05-27 14:45:00,TP2 reached,0.526,2.0
2026-05-19_Trade_1,2026-05-19,"Trade 1 — Daily Directional (SHORT, conviction-based)",Trade 1,SHORT,CONDITIONAL,4540.0,4597.5,4482.5,4425.0,,57.5,midnight,baseline,FILLED,2026-05-20,MARKET at 02:00 open,confirmed close 4482.1 on 2026-05-19; ,2026-05-20 02:00:00,4484.49,113.01,1.965,Unit 3,4543.77,2026-05-20 23:45:00,card runner time-stop at entry-session close,-0.525,-0.066
2026-05-19_Trade_2,2026-05-19,"Trade 2 — Pivot, Regime-Aware (TREND_DOWN: pivot breakout, SHORT side)",Trade 2,SHORT,STOP,4575.0,4680.0,4429.55,4374.55,4319.02,105.0,midnight,baseline,FILLED,2026-05-20,STOP already marketable at 02:00 - filled at open,,2026-05-20 02:00:00,4484.49,195.51,1.862,Unit 1,4429.55,2026-05-27 14:45:00,TP1 reached,0.281,1.385
2026-05-19_Trade_2,2026-05-19,"Trade 2 — Pivot, Regime-Aware (TREND_DOWN: pivot breakout, SHORT side)",Trade 2,SHORT,STOP,4575.0,4680.0,4429.55,4374.55,4319.02,105.0,midnight,baseline,FILLED,2026-05-20,STOP already marketable at 02:00 - filled at open,,2026-05-20 02:00:00,4484.49,195.51,1.862,Unit 2,4374.55,2026-05-28 06:30:00,TP2 reached,0.562,1.909
2026-05-19_Trade_2,2026-05-19,"Trade 2 — Pivot, Regime-Aware (TREND_DOWN: pivot breakout, SHORT side)",Trade 2,SHORT,STOP,4575.0,4680.0,4429.55,4374.55,4319.02,105.0,midnight,baseline,FILLED,2026-05-20,STOP already marketable at 02:00 - filled at open,,2026-05-20 02:00:00,4484.49,195.51,1.862,Unit 3,4319.02,2026-06-05 21:30:00,runner target reached,0.846,2.438
2026-05-19_Trade_3A,2026-05-19,Trade 3A — Regime-Driven Complex: Momentum-Pullback SHORT (TREND_DOWN active),Trade 3A,SHORT,LIMIT,4617.0,4712.75,4480.79,4376.65,4319.0,95.5,midnight,baseline,NO FILL,2026-05-20,,LIMIT 4617.0 not reached from 02:00 to 23:00 on 2026-05-20 (range 4453.6-4552.7),,,,,All,,,,0.0,0.0
2026-05-20_Trade_1,2026-05-20,Trade 1 — Daily Directional,Trade 1,SHORT,MARKET,4504.2,4560.23,4448.17,4392.14,,56.03,midnight,baseline,FILLED,2026-05-21,MARKET at 02:00 open,,2026-05-21 02:00:00,4539.9,20.33,0.363,Unit 1,4560.23,2026-05-21 04:15:00,stopped out,-1.0,-1.0
2026-05-20_Trade_1,2026-05-20,Trade 1 — Daily Directional,Trade 1,SHORT,MARKET,4504.2,4560.23,4448.17,4392.14,,56.03,midnight,baseline,FILLED,2026-05-21,MARKET at 02:00 open,,2026-05-21 02:00:00,4539.9,20.33,0.363,Unit 2,4560.23,2026-05-21 04:15:00,stopped out,-1.0,-1.0
2026-05-20_Trade_1,2026-05-20,Trade 1 — Daily Directional,Trade 1,SHORT,MARKET,4504.2,4560.23,4448.17,4392.14,,56.03,midnight,baseline,FILLED,2026-05-21,MARKET at 02:00 open,,2026-05-21 02:00:00,4539.9,20.33,0.363,Unit 3,4560.23,2026-05-21 04:15:00,stopped out,-1.0,-1.0
2026-05-20_Trade_2,2026-05-20,"Trade 2 — Pivot (regime-aware), TREND-DOWN variant",Trade 2,SHORT,LIMIT,4560.23,4595.47,4524.99,4500.03,4498.8,35.24,midnight,baseline,FILLED,2026-05-21,LIMIT touched,,2026-05-21 04:15:00,4560.23,35.24,1.0,Unit 1,4524.99,2026-05-21 08:15:00,TP1 reached,1.0,1.0
2026-05-20_Trade_2,2026-05-20,"Trade 2 — Pivot (regime-aware), TREND-DOWN variant",Trade 2,SHORT,LIMIT,4560.23,4595.47,4524.99,4500.03,4498.8,35.24,midnight,baseline,FILLED,2026-05-21,LIMIT touched,,2026-05-21 04:15:00,4560.23,35.24,1.0,Unit 2,4500.03,2026-05-21 16:00:00,TP2 reached,1.708,1.708
2026-05-20_Trade_2,2026-05-20,"Trade 2 — Pivot (regime-aware), TREND-DOWN variant",Trade 2,SHORT,LIMIT,4560.23,4595.47,4524.99,4500.03,4498.8,35.24,midnight,baseline,FILLED,2026-05-21,LIMIT touched,,2026-05-21 04:15:00,4560.23,35.24,1.0,Unit 3,4498.8,2026-05-21 16:15:00,runner target reached,1.743,1.743
2026-05-20_Trade_3C,2026-05-20,Trade 3 — Momentum-Breakout (3C variant). Regime fork: TREND_DOWN → 3C selected over 3A (pullback) and 3B (mean-reversion) per §3 fork rules.,Trade 3C,SHORT,STOP,4496.0,4540.5,4452.0,4407.0,4440.0,44.5,midnight,baseline,FILLED,2026-05-21,STOP touched,,2026-05-21 16:15:00,4496.0,44.5,1.0,Unit 1,4540.5,2026-05-21 20:15:00,stopped out,-1.0,-1.0
2026-05-20_Trade_3C,2026-05-20,Trade 3 — Momentum-Breakout (3C variant). Regime fork: TREND_DOWN → 3C selected over 3A (pullback) and 3B (mean-reversion) per §3 fork rules.,Trade 3C,SHORT,STOP,4496.0,4540.5,4452.0,4407.0,4440.0,44.5,midnight,baseline,FILLED,2026-05-21,STOP touched,,2026-05-21 16:15:00,4496.0,44.5,1.0,Unit 2,4540.5,2026-05-21 20:15:00,stopped out,-1.0,-1.0
2026-05-20_Trade_3C,2026-05-20,Trade 3 — Momentum-Breakout (3C variant). Regime fork: TREND_DOWN → 3C selected over 3A (pullback) and 3B (mean-reversion) per §3 fork rules.,Trade 3C,SHORT,STOP,4496.0,4540.5,4452.0,4407.0,4440.0,44.5,midnight,baseline,FILLED,2026-05-21,STOP touched,,2026-05-21 16:15:00,4496.0,44.5,1.0,Unit 3,4540.5,2026-05-21 20:15:00,stopped out,-1.0,-1.0
2026-05-21_Trade_1,2026-05-21,Trade 1 — Daily Directional,Trade 1,SHORT,MARKET,4489.4,4595.34,4383.46,4277.52,,105.94,midnight,baseline,FILLED,2026-05-22,MARKET at 02:00 open,,2026-05-22 02:00:00,4543.2,52.14,0.492,Unit 1,4383.46,2026-05-28 06:15:00,TP1 reached,3.064,1.0
2026-05-21_Trade_1,2026-05-21,Trade 1 — Daily Directional,Trade 1,SHORT,MARKET,4489.4,4595.34,4383.46,4277.52,,105.94,midnight,baseline,FILLED,2026-05-22,MARKET at 02:00 open,,2026-05-22 02:00:00,4543.2,52.14,0.492,Unit 2,4277.52,2026-06-08 08:30:00,TP2 reached,5.096,2.0
2026-05-21_Trade_1,2026-05-21,Trade 1 — Daily Directional,Trade 1,SHORT,MARKET,4489.4,4595.34,4383.46,4277.52,,105.94,midnight,baseline,FILLED,2026-05-22,MARKET at 02:00 open,,2026-05-22 02:00:00,4543.2,52.14,0.492,Unit 3,4506.73,2026-05-22 23:45:00,card runner time-stop at entry-session close,0.699,-0.164
2026-05-21_Trade_2,2026-05-21,"Trade 2 — Pivot (regime-aware, TREND_DOWN branch)",Trade 2,SHORT,STOP,4500.04,4527.28,4460.8,4432.2,,27.24,midnight,baseline,FILLED,2026-05-22,STOP touched,,2026-05-22 17:00:00,4500.04,27.24,1.0,Unit 1,4527.28,2026-05-22 20:30:00,stopped out,-1.0,-1.0
2026-05-21_Trade_2,2026-05-21,"Trade 2 — Pivot (regime-aware, TREND_DOWN branch)",Trade 2,SHORT,STOP,4500.04,4527.28,4460.8,4432.2,,27.24,midnight,baseline,FILLED,2026-05-22,STOP touched,,2026-05-22 17:00:00,4500.04,27.24,1.0,Unit 2,4527.28,2026-05-22 20:30:00,stopped out,-1.0,-1.0
2026-05-21_Trade_2,2026-05-21,"Trade 2 — Pivot (regime-aware, TREND_DOWN branch)",Trade 2,SHORT,STOP,4500.04,4527.28,4460.8,4432.2,,27.24,midnight,baseline,FILLED,2026-05-22,STOP touched,,2026-05-22 17:00:00,4500.04,27.24,1.0,Unit 3,4527.28,2026-05-22 20:30:00,stopped out,-1.0,-1.0
2026-05-21_Trade_3A,2026-05-21,Trade 3 — Momentum-Pullback (variant 3A; TREND_DOWN),Trade 3A,SHORT,LIMIT,4614.59,4741.22,4568.01,4475.8,4234.42,126.63,midnight,baseline,NO FILL,2026-05-22,,LIMIT 4614.59 not reached from 02:00 to 23:00 on 2026-05-22 (range 4492.0-4544.9),,,,,All,,,,0.0,0.0
2026-05-22_Trade_1,2026-05-22,Trade 1 — Daily Directional,Trade 1,SHORT,MARKET,4517.2,4559.5,4474.9,4432.6,,42.3,midnight,baseline,SKIPPED_MALFORMED,2026-05-25,MARKET at 02:00 open,,2026-05-25 02:00:00,4564.98,5.48,0.13,All,,,MALFORMED - stop on wrong side of fill; not taken,0.0,0.0
2026-05-22_Trade_2,2026-05-22,Trade 2 — Pivot (TRANSITION regime — breakout side only),Trade 2,SHORT,STOP,4489.0,4541.5,4436.5,4384.0,4410.0,52.5,midnight,baseline,NO FILL,2026-05-25,,STOP 4489.0 not reached from 02:00 to 23:00 on 2026-05-25 (range 4550.5-4580.0),,,,,All,,,,0.0,0.0
2026-05-22_Trade_3C,2026-05-22,Trade 3 — Momentum-Breakout (variant 3C),Trade 3C,SHORT,CONDITIONAL,4432.0,4684.0,4060.0,3865.0,,252.0,midnight,baseline,FILLED,2026-06-08,MARKET at 02:00 open,confirmed close 4327.7 on 2026-06-05; ,2026-06-08 02:00:00,4317.33,366.67,1.455,Unit 1,4060.0,2026-06-11 01:00:00,TP1 reached,0.702,1.476
2026-05-22_Trade_3C,2026-05-22,Trade 3 — Momentum-Breakout (variant 3C),Trade 3C,SHORT,CONDITIONAL,4432.0,4684.0,4060.0,3865.0,,252.0,midnight,baseline,FILLED,2026-06-08,MARKET at 02:00 open,confirmed close 4327.7 on 2026-06-05; ,2026-06-08 02:00:00,4317.33,366.67,1.455,Unit 2,4684.0,2026-08-25 03:00:00,stopped out,-1.0,-1.0
2026-05-22_Trade_3C,2026-05-22,Trade 3 — Momentum-Breakout (variant 3C),Trade 3C,SHORT,CONDITIONAL,4432.0,4684.0,4060.0,3865.0,,252.0,midnight,baseline,FILLED,2026-06-08,MARKET at 02:00 open,confirmed close 4327.7 on 2026-06-05; ,2026-06-08 02:00:00,4317.33,366.67,1.455,Unit 3,4684.0,2026-08-25 03:00:00,stopped out,-1.0,-1.0
2026-05-25_Trade_1,2026-05-25,Trade 1 — Daily Directional,Trade 1,SHORT,MARKET,4510.0,4589.0,4431.0,4352.0,,79.0,midnight,baseline,SKIPPED_MICRO_R,2026-05-26,MARKET at 02:00 open,,2026-05-26 02:00:00,4574.88,14.12,0.179,All,,,MICRO-R - realised risk 14.1 < 0.25 x card R 79.0; not taken,0.0,0.0
2026-05-25_Trade_2,2026-05-25,Trade 2 — Pivot (TRANSITION regime),Trade 2,n/a,,,,,,,,midnight,baseline,SUPPRESSED,,,,,,,,All,,,,0.0,0.0
2026-05-25_Trade_3C,2026-05-25,Trade 3C — Momentum-Breakout,Trade 3C,n/a,,,,,,,,midnight,baseline,SUPPRESSED,,,,,,,,All,,,,0.0,0.0
2026-05-26_Trade_1,2026-05-26,Trade 1 - Daily Directional (LONG),Trade 1,LONG,MARKET,4562.69,4481.34,4644.04,4725.4,,81.35,midnight,baseline,FILLED,2026-05-27,MARKET at 02:00 open,,2026-05-27 02:00:00,4510.99,29.65,0.364,Unit 1,4481.34,2026-05-27 09:30:00,stopped out,-1.0,-1.0
2026-05-26_Trade_1,2026-05-26,Trade 1 - Daily Directional (LONG),Trade 1,LONG,MARKET,4562.69,4481.34,4644.04,4725.4,,81.35,midnight,baseline,FILLED,2026-05-27,MARKET at 02:00 open,,2026-05-27 02:00:00,4510.99,29.65,0.364,Unit 2,4481.34,2026-05-27 09:30:00,stopped out,-1.0,-1.0
2026-05-26_Trade_1,2026-05-26,Trade 1 - Daily Directional (LONG),Trade 1,LONG,MARKET,4562.69,4481.34,4644.04,4725.4,,81.35,midnight,baseline,FILLED,2026-05-27,MARKET at 02:00 open,,2026-05-27 02:00:00,4510.99,29.65,0.364,Unit 3,4481.34,2026-05-27 09:30:00,stopped out,-1.0,-1.0
2026-05-26_Trade_2,2026-05-26,"Trade 2 - Pivot, regime-aware (TRANSITION -> breakout side, LONG)",Trade 2,LONG,STOP,4561.86,4520.21,4608.29,4631.09,4653.9,41.64,midnight,baseline,NO FILL,2026-05-27,,STOP 4561.86 not reached from 02:00 to 23:00 on 2026-05-27 (range 4401.5-4527.2),,,,,All,,,,0.0,0.0
2026-05-26_Trade_3C,2026-05-26,Trade 3C - Momentum-Breakout (TRANSITION),Trade 3C,n/a,,,,,,,,midnight,baseline,SUPPRESSED,,,,,,,,All,,,,0.0,0.0
2026-05-27_Trade_1,2026-05-27,Trade 1 — Daily Directional (direction-of-the-day expression),Trade 1,SHORT,MARKET,4489.65,4597.0,4382.3,4274.95,,107.35,midnight,baseline,FILLED,2026-05-28,MARKET at 02:00 open,,2026-05-28 02:00:00,4457.49,139.51,1.3,Unit 1,4382.3,2026-05-28 06:30:00,TP1 reached,0.539,1.0
2026-05-27_Trade_1,2026-05-27,Trade 1 — Daily Directional (direction-of-the-day expression),Trade 1,SHORT,MARKET,4489.65,4597.0,4382.3,4274.95,,107.35,midnight,baseline,FILLED,2026-05-28,MARKET at 02:00 open,,2026-05-28 02:00:00,4457.49,139.51,1.3,Unit 2,4274.95,2026-06-08 08:30:00,TP2 reached,1.308,2.0
2026-05-27_Trade_1,2026-05-27,Trade 1 — Daily Directional (direction-of-the-day expression),Trade 1,SHORT,MARKET,4489.65,4597.0,4382.3,4274.95,,107.35,midnight,baseline,FILLED,2026-05-28,MARKET at 02:00 open,,2026-05-28 02:00:00,4457.49,139.51,1.3,Unit 3,4495.71,2026-05-28 23:45:00,card runner time-stop at entry-session close,-0.274,-0.056
2026-05-27_Trade_2,2026-05-27,"Trade 2 — Pivot, trend-following short across the daily pivot.",Trade 2,SHORT,LIMIT,4551.77,4591.27,4524.57,4501.93,4479.29,39.5,midnight,baseline,NO FILL,2026-05-28,,LIMIT 4551.77 not reached from 02:00 to 23:00 on 2026-05-28 (range 4366.4-4516.6),,,,,All,,,,0.0,0.0
2026-05-27_Trade_3A,2026-05-27,Trade 3 → variant 3A — Momentum-Pullback short (regime fork to 3A on a TREND_DOWN label).,Trade 3A,SHORT,LIMIT,4529.96,4598.2,4534.62,4453.12,4321.0,68.24,midnight,baseline,NO FILL,2026-05-28,,LIMIT 4529.96 not reached from 02:00 to 23:00 on 2026-05-28 (range 4366.4-4516.6),,,,,All,,,,0.0,0.0
2026-05-28_Trade_1,2026-05-28,"Daily directional short, entered at session anchor",Trade 1,SHORT,MARKET,4440.0,4510.0,4370.0,4300.0,4230.0,70.0,midnight,baseline,FILLED,2026-05-29,MARKET at 02:00 open,,2026-05-29 02:00:00,4491.26,18.74,0.268,Unit 1,4510.0,2026-05-29 04:00:00,stopped out,-1.0,-1.0
2026-05-28_Trade_1,2026-05-28,"Daily directional short, entered at session anchor",Trade 1,SHORT,MARKET,4440.0,4510.0,4370.0,4300.0,4230.0,70.0,midnight,baseline,FILLED,2026-05-29,MARKET at 02:00 open,,2026-05-29 02:00:00,4491.26,18.74,0.268,Unit 2,4510.0,2026-05-29 04:00:00,stopped out,-1.0,-1.0
2026-05-28_Trade_1,2026-05-28,"Daily directional short, entered at session anchor",Trade 1,SHORT,MARKET,4440.0,4510.0,4370.0,4300.0,4230.0,70.0,midnight,baseline,FILLED,2026-05-29,MARKET at 02:00 open,,2026-05-29 02:00:00,4491.26,18.74,0.268,Unit 3,4510.0,2026-05-29 04:00:00,stopped out,-1.0,-1.0
2026-05-28_Trade_2,2026-05-28,Regime-aware pivot trade. Active regime: TRANSITIONAL → breakout-side bias. Broken side = SHORT.,Trade 2,SHORT,LIMIT,4492.0,4545.0,4439.0,4386.0,,53.0,midnight,baseline,FILLED,2026-05-29,LIMIT touched,,2026-05-29 02:00:00,4492.0,53.0,1.0,Unit 1,4545.0,2026-05-29 17:00:00,stopped out,-1.0,-1.0
2026-05-28_Trade_2,2026-05-28,Regime-aware pivot trade. Active regime: TRANSITIONAL → breakout-side bias. Broken side = SHORT.,Trade 2,SHORT,LIMIT,4492.0,4545.0,4439.0,4386.0,,53.0,midnight,baseline,FILLED,2026-05-29,LIMIT touched,,2026-05-29 02:00:00,4492.0,53.0,1.0,Unit 2,4545.0,2026-05-29 17:00:00,stopped out,-1.0,-1.0
2026-05-28_Trade_2,2026-05-28,Regime-aware pivot trade. Active regime: TRANSITIONAL → breakout-side bias. Broken side = SHORT.,Trade 2,SHORT,LIMIT,4492.0,4545.0,4439.0,4386.0,,53.0,midnight,baseline,FILLED,2026-05-29,LIMIT touched,,2026-05-29 02:00:00,4492.0,53.0,1.0,Unit 3,4545.0,2026-05-29 17:00:00,stopped out,-1.0,-1.0
2026-05-28_Trade_3C,2026-05-28,Trade 3C — regime-driven transition breakout. Regime TRANSITIONAL with bearish lean → broken-side direction = SHORT.,Trade 3C,SHORT,CONDITIONAL,4422.0,4480.0,4364.0,4306.0,4248.0,58.0,midnight,baseline,FILLED,2026-06-08,MARKET at 02:00 open,confirmed close 4327.7 on 2026-06-05; ,2026-06-08 02:00:00,4317.33,162.67,2.805,Unit 1,4364.0,2026-06-08 02:00:00,TP1 reached,-0.287,1.0
2026-05-28_Trade_3C,2026-05-28,Trade 3C — regime-driven transition breakout. Regime TRANSITIONAL with bearish lean → broken-side direction = SHORT.,Trade 3C,SHORT,CONDITIONAL,4422.0,4480.0,4364.0,4306.0,4248.0,58.0,midnight,baseline,FILLED,2026-06-08,MARKET at 02:00 open,confirmed close 4327.7 on 2026-06-05; ,2026-06-08 02:00:00,4317.33,162.67,2.805,Unit 2,4306.0,2026-06-08 04:30:00,TP2 reached,0.07,2.0
2026-05-28_Trade_3C,2026-05-28,Trade 3C — regime-driven transition breakout. Regime TRANSITIONAL with bearish lean → broken-side direction = SHORT.,Trade 3C,SHORT,CONDITIONAL,4422.0,4480.0,4364.0,4306.0,4248.0,58.0,midnight,baseline,FILLED,2026-06-08,MARKET at 02:00 open,confirmed close 4327.7 on 2026-06-05; ,2026-06-08 02:00:00,4317.33,162.67,2.805,Unit 3,4284.8,2026-06-08 04:30:00,BE trail hit (BE_0.2R_ON_TP2),0.2,2.366
2026-05-29_Trade_1,2026-05-29,Trade 1 - Daily Directional (SHORT),Trade 1,SHORT,MARKET,4404.2,4541.8,4266.7,4129.1,,137.5,midnight,baseline,SKIPPED_MICRO_R,2026-06-01,MARKET at 02:00 open,,2026-06-01 02:00:00,4535.35,6.45,0.047,All,,,MICRO-R - realised risk 6.4 < 0.25 x card R 137.6; not taken,0.0,0.0
2026-05-29_Trade_2,2026-05-29,"Trade 2 - Pivot, regime-aware (TREND_DOWN breakout, SHORT)",Trade 2,SHORT,STOP,4406.8,4448.4,4358.9,4336.2,4313.6,41.6,midnight,baseline,NO FILL,2026-06-01,,STOP 4406.8 not reached from 02:00 to 23:00 on 2026-06-01 (range 4447.7-4545.9),,,,,All,,,,0.0,0.0
2026-05-29_Trade_3A,2026-05-29,"Trade 3A - Momentum-Pullback (TREND_DOWN, SHORT)",Trade 3A,SHORT,LIMIT,4506.5,4635.4,4459.6,4366.8,4123.8,128.8,midnight,baseline,FILLED,2026-06-01,LIMIT already marketable at 02:00 - filled at open,,2026-06-01 02:00:00,4535.35,100.05,0.776,Unit 1,4459.6,2026-06-01 16:30:00,TP1 reached,0.757,0.364
2026-05-29_Trade_3A,2026-05-29,"Trade 3A - Momentum-Pullback (TREND_DOWN, SHORT)",Trade 3A,SHORT,LIMIT,4506.5,4635.4,4459.6,4366.8,4123.8,128.8,midnight,baseline,FILLED,2026-06-01,LIMIT already marketable at 02:00 - filled at open,,2026-06-01 02:00:00,4535.35,100.05,0.776,Unit 2,4366.8,2026-06-05 16:45:00,TP2 reached,1.685,1.084
2026-05-29_Trade_3A,2026-05-29,"Trade 3A - Momentum-Pullback (TREND_DOWN, SHORT)",Trade 3A,SHORT,LIMIT,4506.5,4635.4,4459.6,4366.8,4123.8,128.8,midnight,baseline,FILLED,2026-06-01,LIMIT already marketable at 02:00 - filled at open,,2026-06-01 02:00:00,4535.35,100.05,0.776,Unit 3,4123.8,2026-06-10 17:45:00,runner target reached,4.113,2.969
2026-06-01_Trade_1,2026-06-01,Trade 1 — Directional (tactical long),Trade 1,LONG,MARKET,4539.0,4486.0,4593.0,4647.0,,53.0,midnight,baseline,SKIPPED_MALFORMED,2026-06-02,MARKET at 02:00 open,,2026-06-02 02:00:00,4485.54,0.46,0.009,All,,,MALFORMED - stop on wrong side of fill; not taken,0.0,0.0
2026-06-01_Trade_2,2026-06-01,Trade 2 — Regime-aware pivot,Trade 2,LONG,LIMIT,4505.0,4460.0,4565.0,4593.0,,45.0,midnight,baseline,FILLED,2026-06-02,LIMIT already marketable at 02:00 - filled at open,,2026-06-02 02:00:00,4485.54,25.54,0.568,Unit 1,4460.0,2026-06-03 08:30:00,stopped out,-1.0,-1.0
2026-06-01_Trade_2,2026-06-01,Trade 2 — Regime-aware pivot,Trade 2,LONG,LIMIT,4505.0,4460.0,4565.0,4593.0,,45.0,midnight,baseline,FILLED,2026-06-02,LIMIT already marketable at 02:00 - filled at open,,2026-06-02 02:00:00,4485.54,25.54,0.568,Unit 2,4460.0,2026-06-03 08:30:00,stopped out,-1.0,-1.0
2026-06-01_Trade_2,2026-06-01,Trade 2 — Regime-aware pivot,Trade 2,LONG,LIMIT,4505.0,4460.0,4565.0,4593.0,,45.0,midnight,baseline,FILLED,2026-06-02,LIMIT already marketable at 02:00 - filled at open,,2026-06-02 02:00:00,4485.54,25.54,0.568,Unit 3,4460.0,2026-06-03 08:30:00,stopped out,-1.0,-1.0
2026-06-01_Trade_3B,2026-06-01,Trade 3 — Regime-driven complex (fork 3B: range/breakout),Trade 3B,LONG,STOP,4596.0,4533.0,4648.0,4668.0,,63.0,midnight,baseline,NO FILL,2026-06-02,,STOP 4596.0 not reached from 02:00 to 23:00 on 2026-06-02 (range 4463.1-4541.6),,,,,All,,,,0.0,0.0
2026-06-02_Trade_1,2026-06-02,Trade 1 - Daily Directional (SHORT),Trade 1,SHORT,STOP,4488.0,4548.0,4428.0,4368.0,,60.0,midnight,baseline,FILLED,2026-06-03,STOP already marketable at 02:00 - filled at open,,2026-06-03 02:00:00,4484.96,63.04,1.051,Unit 1,4428.0,2026-06-03 16:30:00,TP1 reached,0.904,1.0
2026-06-02_Trade_1,2026-06-02,Trade 1 - Daily Directional (SHORT),Trade 1,SHORT,STOP,4488.0,4548.0,4428.0,4368.0,,60.0,midnight,baseline,FILLED,2026-06-03,STOP already marketable at 02:00 - filled at open,,2026-06-03 02:00:00,4484.96,63.04,1.051,Unit 2,4368.0,2026-06-05 16:45:00,TP2 reached,1.855,2.0
2026-06-02_Trade_1,2026-06-02,Trade 1 - Daily Directional (SHORT),Trade 1,SHORT,STOP,4488.0,4548.0,4428.0,4368.0,,60.0,midnight,baseline,FILLED,2026-06-03,STOP already marketable at 02:00 - filled at open,,2026-06-03 02:00:00,4484.96,63.04,1.051,Unit 3,4434.48,2026-06-03 23:45:00,card runner time-stop at entry-session close,0.801,0.892
2026-06-02_Trade_2,2026-06-02,"Trade 2 - Pivot, regime-aware (SHORT-from-resistance)",Trade 2,SHORT,LIMIT,4534.0,4570.0,4498.0,4462.0,4428.0,36.0,midnight,baseline,NO FILL,2026-06-03,,LIMIT 4534.0 not reached from 02:00 to 23:00 on 2026-06-03 (range 4426.5-4496.7),,,,,All,,,,0.0,0.0
2026-06-02_Trade_3B,2026-06-02,Trade 3 - Regime-driven complex → fork 3B (Mean-Reversion),Trade 3B,SHORT,CONDITIONAL,4550.0,4600.0,4480.0,4400.0,4308.0,50.0,midnight,baseline,FILLED,2026-06-03,MARKET at 02:00 open,confirmed close 4488.0 on 2026-06-02; ,2026-06-03 02:00:00,4484.96,115.04,2.301,Unit 1,4480.0,2026-06-03 02:00:00,TP1 reached,0.043,1.4
2026-06-02_Trade_3B,2026-06-02,Trade 3 - Regime-driven complex → fork 3B (Mean-Reversion),Trade 3B,SHORT,CONDITIONAL,4550.0,4600.0,4480.0,4400.0,4308.0,50.0,midnight,baseline,FILLED,2026-06-03,MARKET at 02:00 open,confirmed close 4488.0 on 2026-06-02; ,2026-06-03 02:00:00,4484.96,115.04,2.301,Unit 2,4400.0,2026-06-05 16:30:00,TP2 reached,0.739,3.0
2026-06-02_Trade_3B,2026-06-02,Trade 3 - Regime-driven complex → fork 3B (Mean-Reversion),Trade 3B,SHORT,CONDITIONAL,4550.0,4600.0,4480.0,4400.0,4308.0,50.0,midnight,baseline,FILLED,2026-06-03,MARKET at 02:00 open,confirmed close 4488.0 on 2026-06-02; ,2026-06-03 02:00:00,4484.96,115.04,2.301,Unit 3,4308.0,2026-06-08 04:30:00,runner target reached,1.538,4.84
2026-06-03_Trade_1,2026-06-03,Trade 1 - Daily Directional (SHORT),Trade 1,SHORT,MARKET,4500.92,4559.1,4442.74,4384.57,,58.18,midnight,baseline,FILLED,2026-06-04,MARKET at 02:00 open,,2026-06-04 02:00:00,4449.11,109.99,1.891,Unit 1,4442.74,2026-06-05 05:00:00,TP1 reached,0.058,1.0
2026-06-03_Trade_1,2026-06-03,Trade 1 - Daily Directional (SHORT),Trade 1,SHORT,MARKET,4500.92,4559.1,4442.74,4384.57,,58.18,midnight,baseline,FILLED,2026-06-04,MARKET at 02:00 open,,2026-06-04 02:00:00,4449.11,109.99,1.891,Unit 2,4384.57,2026-06-05 16:45:00,TP2 reached,0.587,2.0
2026-06-03_Trade_1,2026-06-03,Trade 1 - Daily Directional (SHORT),Trade 1,SHORT,MARKET,4500.92,4559.1,4442.74,4384.57,,58.18,midnight,baseline,FILLED,2026-06-04,MARKET at 02:00 open,,2026-06-04 02:00:00,4449.11,109.99,1.891,Unit 3,4475.37,2026-06-04 23:45:00,card runner time-stop at entry-session close,-0.239,0.439
2026-06-03_Trade_2,2026-06-03,Trade 2 - Pivot (TRANSITION),Trade 2,n/a,,,,,,,,midnight,baseline,SUPPRESSED,,,,,,,,All,,,,0.0,0.0
2026-06-03_Trade_3C,2026-06-03,Trade 3C - Momentum-Breakout,Trade 3C,n/a,,,,,,,,midnight,baseline,SUPPRESSED,,,,,,,,All,,,,0.0,0.0
2026-06-04_Trade_1,2026-06-04,Trade 1 — Daily Directional (SHORT),Trade 1,SHORT,MARKET,4440.07,4532.11,4348.03,4255.99,,92.0,midnight,baseline,FILLED,2026-06-05,MARKET at 02:00 open,,2026-06-05 02:00:00,4469.74,62.37,0.678,Unit 1,4348.03,2026-06-05 17:30:00,TP1 reached,1.951,1.0
2026-06-04_Trade_1,2026-06-04,Trade 1 — Daily Directional (SHORT),Trade 1,SHORT,MARKET,4440.07,4532.11,4348.03,4255.99,,92.0,midnight,baseline,FILLED,2026-06-05,MARKET at 02:00 open,,2026-06-05 02:00:00,4469.74,62.37,0.678,Unit 2,4255.99,2026-06-09 19:15:00,TP2 reached,3.427,2.0
2026-06-04_Trade_1,2026-06-04,Trade 1 — Daily Directional (SHORT),Trade 1,SHORT,MARKET,4440.07,4532.11,4348.03,4255.99,,92.0,midnight,baseline,FILLED,2026-06-05,MARKET at 02:00 open,,2026-06-05 02:00:00,4469.74,62.37,0.678,Unit 3,4327.7,2026-06-05 23:45:00,card runner time-stop at entry-session close,2.277,1.221
2026-06-04_Trade_2,2026-06-04,"Trade 2 — Pivot (TREND_DOWN breakout, SHORT)",Trade 2,SHORT,STOP,4466.77,4501.14,4405.6,4388.37,4371.14,34.4,midnight,baseline,FILLED,2026-06-05,STOP touched,,2026-06-05 02:00:00,4466.77,34.37,1.0,Unit 1,4405.6,2026-06-05 15:45:00,TP1 reached,1.78,1.78
2026-06-04_Trade_2,2026-06-04,"Trade 2 — Pivot (TREND_DOWN breakout, SHORT)",Trade 2,SHORT,STOP,4466.77,4501.14,4405.6,4388.37,4371.14,34.4,midnight,baseline,FILLED,2026-06-05,STOP touched,,2026-06-05 02:00:00,4466.77,34.37,1.0,Unit 2,4388.37,2026-06-05 16:30:00,TP2 reached,2.281,2.281
2026-06-04_Trade_2,2026-06-04,"Trade 2 — Pivot (TREND_DOWN breakout, SHORT)",Trade 2,SHORT,STOP,4466.77,4501.14,4405.6,4388.37,4371.14,34.4,midnight,baseline,FILLED,2026-06-05,STOP touched,,2026-06-05 02:00:00,4466.77,34.37,1.0,Unit 3,4371.14,2026-06-05 16:45:00,runner target reached,2.782,2.782
2026-06-04_Trade_3A,2026-06-04,"Trade 3A — Momentum-Pullback (TREND_DOWN, SHORT)",Trade 3A,SHORT,LIMIT,4463.69,4619.39,4507.87,4366.41,4137.51,155.7,midnight,baseline,FILLED,2026-06-05,LIMIT already marketable at 02:00 - filled at open,,2026-06-05 02:00:00,4469.74,149.65,0.961,Unit 1,4507.87,2026-06-05 02:00:00,TP1 reached,-0.255,-0.284
2026-06-04_Trade_3A,2026-06-04,"Trade 3A — Momentum-Pullback (TREND_DOWN, SHORT)",Trade 3A,SHORT,LIMIT,4463.69,4619.39,4507.87,4366.41,4137.51,155.7,midnight,baseline,FILLED,2026-06-05,LIMIT already marketable at 02:00 - filled at open,,2026-06-05 02:00:00,4469.74,149.65,0.961,Unit 2,4366.41,2026-06-05 16:45:00,TP2 reached,0.69,0.625
2026-06-04_Trade_3A,2026-06-04,"Trade 3A — Momentum-Pullback (TREND_DOWN, SHORT)",Trade 3A,SHORT,LIMIT,4463.69,4619.39,4507.87,4366.41,4137.51,155.7,midnight,baseline,FILLED,2026-06-05,LIMIT already marketable at 02:00 - filled at open,,2026-06-05 02:00:00,4469.74,149.65,0.961,Unit 3,4137.51,2026-06-10 15:00:00,runner target reached,2.22,2.095
2026-06-05_Trade_1,2026-06-05,Trade 1 - Daily Directional,Trade 1,n/a,,,,,,,,midnight,baseline,SUPPRESSED,,,,,,,,All,,,,0.0,0.0
2026-06-05_Trade_2,2026-06-05,"Trade 2 - Pivot, regime-aware (RANGE - mean-reversion fade)",Trade 2,LONG,LIMIT,4405.35,4321.31,4489.39,4573.43,4500.33,84.04,midnight,baseline,SKIPPED_MALFORMED,2026-06-08,LIMIT already marketable at 02:00 - filled at open,,2026-06-08 02:00:00,4317.33,3.98,0.047,All,,,MALFORMED - stop on wrong side of fill; not taken,0.0,0.0
2026-06-05_Trade_3B,2026-06-05,Trade 3 - Mean-Reversion (variant 3B; regime = RANGE),Trade 3B,LONG,LIMIT,4453.6,4407.15,4570.12,4733.09,,46.45,midnight,baseline,SKIPPED_MALFORMED,2026-06-08,LIMIT already marketable at 02:00 - filled at open,,2026-06-08 02:00:00,4317.33,89.82,1.934,All,,,MALFORMED - stop on wrong side of fill; not taken,0.0,0.0
2026-06-08_Trade_1,2026-06-08,Trade 1 - Daily Directional (SHORT),Trade 1,SHORT,MARKET,,4420.0,4260.0,4180.0,,80.0,midnight,baseline,UNPRICED,,,,,,,,All,,,,0.0,0.0
2026-06-08_Trade_2,2026-06-08,"Trade 2 - Pivot, regime-aware (SHORT / trend)",Trade 2,SHORT,LIMIT,4377.7,4447.0,4308.4,4239.1,4207.91,69.3,midnight,baseline,NO FILL,2026-06-09,,LIMIT 4377.7 not reached from 02:00 to 23:00 on 2026-06-09 (range 4236.8-4363.5),,,,,All,,,,0.0,0.0
2026-06-08_Trade_3C,2026-06-08,Trade 3C - Momentum-Breakout (SHORT),Trade 3C,SHORT,STOP,4309.0,4372.0,4246.0,4183.0,4103.97,63.0,midnight,baseline,FILLED,2026-06-09,STOP touched,,2026-06-09 17:15:00,4309.0,63.0,1.0,Unit 1,4246.0,2026-06-09 19:30:00,TP1 reached,1.0,1.0
2026-06-08_Trade_3C,2026-06-08,Trade 3C - Momentum-Breakout (SHORT),Trade 3C,SHORT,STOP,4309.0,4372.0,4246.0,4183.0,4103.97,63.0,midnight,baseline,FILLED,2026-06-09,STOP touched,,2026-06-09 17:15:00,4309.0,63.0,1.0,Unit 2,4183.0,2026-06-10 05:00:00,TP2 reached,2.0,2.0
2026-06-08_Trade_3C,2026-06-08,Trade 3C - Momentum-Breakout (SHORT),Trade 3C,SHORT,STOP,4309.0,4372.0,4246.0,4183.0,4103.97,63.0,midnight,baseline,FILLED,2026-06-09,STOP touched,,2026-06-09 17:15:00,4309.0,63.0,1.0,Unit 3,4103.97,2026-06-10 20:30:00,runner target reached,3.254,3.254
2026-06-09_Trade_1,2026-06-09,Trade 1 - Daily Directional,Trade 1,SHORT,MARKET,4313.0,4404.0,4222.0,4132.0,,91.0,midnight,baseline,FILLED,2026-06-10,MARKET at 02:00 open,,2026-06-10 02:00:00,4237.12,166.88,1.834,Unit 1,4222.0,2026-06-10 02:30:00,TP1 reached,0.091,1.0
2026-06-09_Trade_1,2026-06-09,Trade 1 - Daily Directional,Trade 1,SHORT,MARKET,4313.0,4404.0,4222.0,4132.0,,91.0,midnight,baseline,FILLED,2026-06-10,MARKET at 02:00 open,,2026-06-10 02:00:00,4237.12,166.88,1.834,Unit 2,4132.0,2026-06-10 15:15:00,TP2 reached,0.63,1.989
2026-06-09_Trade_1,2026-06-09,Trade 1 - Daily Directional,Trade 1,SHORT,MARKET,4313.0,4404.0,4222.0,4132.0,,91.0,midnight,baseline,FILLED,2026-06-10,MARKET at 02:00 open,,2026-06-10 02:00:00,4237.12,166.88,1.834,Unit 3,4071.46,2026-06-10 23:45:00,card runner time-stop at entry-session close,0.993,2.654
2026-06-09_Trade_2,2026-06-09,"Trade 2 - Pivot (TREND_DOWN, breakout-follow)",Trade 2,SHORT,STOP,4314.0,4361.0,4262.0,4236.0,4211.0,47.0,midnight,baseline,FILLED,2026-06-10,STOP already marketable at 02:00 - filled at open,,2026-06-10 02:00:00,4237.12,123.88,2.636,Unit 1,4262.0,2026-06-10 02:00:00,TP1 reached,-0.201,1.106
2026-06-09_Trade_2,2026-06-09,"Trade 2 - Pivot (TREND_DOWN, breakout-follow)",Trade 2,SHORT,STOP,4314.0,4361.0,4262.0,4236.0,4211.0,47.0,midnight,baseline,FILLED,2026-06-10,STOP already marketable at 02:00 - filled at open,,2026-06-10 02:00:00,4237.12,123.88,2.636,Unit 2,4236.0,2026-06-10 02:00:00,TP2 reached,0.009,1.66
2026-06-09_Trade_2,2026-06-09,"Trade 2 - Pivot (TREND_DOWN, breakout-follow)",Trade 2,SHORT,STOP,4314.0,4361.0,4262.0,4236.0,4211.0,47.0,midnight,baseline,FILLED,2026-06-10,STOP already marketable at 02:00 - filled at open,,2026-06-10 02:00:00,4237.12,123.88,2.636,Unit 3,4212.34,2026-06-10 02:00:00,BE trail hit (BE_0.2R_ON_TP2),0.2,2.163
2026-06-09_Trade_3A,2026-06-09,Trade 3A - Momentum-Pullback (TREND_DOWN),Trade 3A,SHORT,LIMIT,4433.0,4582.0,4378.0,4268.0,,149.0,midnight,baseline,NO FILL,2026-06-10,,LIMIT 4433.0 not reached from 02:00 to 23:00 on 2026-06-10 (range 4069.2-4247.3),,,,,All,,,,0.0,0.0
2026-06-10_Trade_1,2026-06-10,Trade 1 - Daily Directional (SHORT),Trade 1,SHORT,MARKET,4290.0,4368.0,4212.0,4134.0,,78.0,midnight,baseline,FILLED,2026-06-11,MARKET at 02:00 open,,2026-06-11 02:00:00,4046.45,321.55,4.122,Unit 1,4212.0,2026-06-11 02:00:00,TP1 reached,-0.515,1.0
2026-06-10_Trade_1,2026-06-10,Trade 1 - Daily Directional (SHORT),Trade 1,SHORT,MARKET,4290.0,4368.0,4212.0,4134.0,,78.0,midnight,baseline,FILLED,2026-06-11,MARKET at 02:00 open,,2026-06-11 02:00:00,4046.45,321.55,4.122,Unit 2,4134.0,2026-06-11 02:00:00,TP2 reached,-0.272,2.0
2026-06-10_Trade_1,2026-06-10,Trade 1 - Daily Directional (SHORT),Trade 1,SHORT,MARKET,4290.0,4368.0,4212.0,4134.0,,78.0,midnight,baseline,FILLED,2026-06-11,MARKET at 02:00 open,,2026-06-11 02:00:00,4046.45,321.55,4.122,Unit 3,3982.14,2026-06-11 02:00:00,BE trail hit (BE_0.2R_ON_TP2),0.2,3.947
2026-06-10_Trade_2,2026-06-10,Trade 2 - Pivot (TREND_DOWN),Trade 2,n/a,,,,,,,,midnight,baseline,SUPPRESSED,,,,,,,,All,,,,0.0,0.0
2026-06-10_Trade_3A,2026-06-10,Trade 3A - Momentum-Pullback (SHORT),Trade 3A,SHORT,LIMIT,4385.0,4487.0,4346.0,4268.0,,102.0,midnight,baseline,NO FILL,2026-06-11,,LIMIT 4385.0 not reached from 02:00 to 23:00 on 2026-06-11 (range 4023.9-4220.0),,,,,All,,,,0.0,0.0
2026-06-11_Trade_1,2026-06-11,Trade 1 - Daily Directional,Trade 1,SHORT,STOP,4089.0,4164.0,4014.0,3939.0,,75.0,midnight,baseline,NO FILL,2026-06-12,,STOP 4089.0 not reached from 02:00 to 23:00 on 2026-06-12 (range 4170.2-4245.9),,,,,All,,,,0.0,0.0
2026-06-11_Trade_2,2026-06-11,Trade 2 - Pivot (regime-aware breakout-side),Trade 2,SHORT,STOP,4074.0,4125.0,4041.0,3991.0,3907.0,51.0,midnight,baseline,NO FILL,2026-06-12,,STOP 4074.0 not reached from 02:00 to 23:00 on 2026-06-12 (range 4170.2-4245.9),,,,,All,,,,0.0,0.0
2026-06-11_Trade_3A,2026-06-11,Trade 3A - Momentum-Pullback (TREND_DOWN fork),Trade 3A,SHORT,LIMIT,4153.0,4208.0,4098.0,4048.0,3990.0,55.0,midnight,baseline,SKIPPED_MALFORMED,2026-06-12,LIMIT already marketable at 02:00 - filled at open,,2026-06-12 02:00:00,4243.39,35.39,0.643,All,,,MALFORMED - stop on wrong side of fill; not taken,0.0,0.0
2026-06-15_Trade_1,2026-06-15,Trade 1 — Daily Directional (SHORT — TREND_DOWN regime),Trade 1,SHORT,MARKET,4176.51,4258.25,4094.77,4013.04,,81.74,midnight,baseline,SKIPPED_MALFORMED,2026-06-16,MARKET at 02:00 open,,2026-06-16 02:00:00,4312.04,53.79,0.658,All,,,MALFORMED - stop on wrong side of fill; not taken,0.0,0.0
2026-06-15_Trade_2,2026-06-15,"Trade 2 — Pivot, regime-aware (SHORT — TREND_DOWN pivot breakdown)",Trade 2,SHORT,STOP,4191.0,4213.64,4158.64,4134.84,,22.64,midnight,baseline,NO FILL,2026-06-16,,STOP 4191.0 not reached from 02:00 to 23:00 on 2026-06-16 (range 4306.9-4355.0),,,,,All,,,,0.0,0.0
2026-06-15_Trade_3A,2026-06-15,Trade 3 — Momentum-Pullback 3A (SHORT — TREND_DOWN),Trade 3A,SHORT,LIMIT,4219.02,4391.18,4153.41,4023.55,3683.6,172.0,midnight,baseline,FILLED,2026-06-16,LIMIT already marketable at 02:00 - filled at open,,2026-06-16 02:00:00,4312.04,79.14,0.46,Unit 1,4153.41,2026-06-19 06:45:00,TP1 reached,2.004,0.381
2026-06-15_Trade_3A,2026-06-15,Trade 3 — Momentum-Pullback 3A (SHORT — TREND_DOWN),Trade 3A,SHORT,LIMIT,4219.02,4391.18,4153.41,4023.55,3683.6,172.0,midnight,baseline,FILLED,2026-06-16,LIMIT already marketable at 02:00 - filled at open,,2026-06-16 02:00:00,4312.04,79.14,0.46,Unit 2,4023.55,2026-06-24 15:15:00,TP2 reached,3.645,1.135
2026-06-15_Trade_3A,2026-06-15,Trade 3 — Momentum-Pullback 3A (SHORT — TREND_DOWN),Trade 3A,SHORT,LIMIT,4219.02,4391.18,4153.41,4023.55,3683.6,172.0,midnight,baseline,FILLED,2026-06-16,LIMIT already marketable at 02:00 - filled at open,,2026-06-16 02:00:00,4312.04,79.14,0.46,Unit 3,4296.21,2026-08-06 03:45:00,BE trail hit (BE_0.2R_ON_TP2),0.2,-0.448
2026-06-16_Trade_1,2026-06-16,Trade 1 - Daily Directional (LONG),Trade 1,LONG,MARKET,4314.33,4146.57,4482.09,4649.84,,167.8,midnight,baseline,FILLED,2026-06-17,MARKET at 02:00 open,,2026-06-17 02:00:00,4335.49,188.92,1.126,Unit 1,4146.57,2026-06-19 06:45:00,stopped out,-1.0,-1.0
2026-06-16_Trade_1,2026-06-16,Trade 1 - Daily Directional (LONG),Trade 1,LONG,MARKET,4314.33,4146.57,4482.09,4649.84,,167.8,midnight,baseline,FILLED,2026-06-17,MARKET at 02:00 open,,2026-06-17 02:00:00,4335.49,188.92,1.126,Unit 2,4146.57,2026-06-19 06:45:00,stopped out,-1.0,-1.0
2026-06-16_Trade_1,2026-06-16,Trade 1 - Daily Directional (LONG),Trade 1,LONG,MARKET,4314.33,4146.57,4482.09,4649.84,,167.8,midnight,baseline,FILLED,2026-06-17,MARKET at 02:00 open,,2026-06-17 02:00:00,4335.49,188.92,1.126,Unit 3,4257.88,2026-06-17 23:45:00,card runner time-stop at entry-session close,-0.411,-0.336
2026-06-16_Trade_2,2026-06-16,"Trade 2 - Pivot, TRANSITION breakout-side (LONG, indicative)",Trade 2,LONG,STOP,4216.15,4184.3,4253.89,4271.18,4288.47,31.9,midnight,baseline,FILLED,2026-06-17,STOP already marketable at 02:00 - filled at open,,2026-06-17 02:00:00,4335.49,151.19,4.747,Unit 1,4253.89,2026-06-17 02:00:00,TP1 reached,-0.54,1.185
2026-06-16_Trade_2,2026-06-16,"Trade 2 - Pivot, TRANSITION breakout-side (LONG, indicative)",Trade 2,LONG,STOP,4216.15,4184.3,4253.89,4271.18,4288.47,31.9,midnight,baseline,FILLED,2026-06-17,STOP already marketable at 02:00 - filled at open,,2026-06-17 02:00:00,4335.49,151.19,4.747,Unit 2,4271.18,2026-06-17 02:00:00,TP2 reached,-0.425,1.728
2026-06-16_Trade_2,2026-06-16,"Trade 2 - Pivot, TRANSITION breakout-side (LONG, indicative)",Trade 2,LONG,STOP,4216.15,4184.3,4253.89,4271.18,4288.47,31.9,midnight,baseline,FILLED,2026-06-17,STOP already marketable at 02:00 - filled at open,,2026-06-17 02:00:00,4335.49,151.19,4.747,Unit 3,4288.47,2026-06-17 02:00:00,runner target reached,-0.311,2.271
2026-06-16_Trade_3C,2026-06-16,Trade 3C - Momentum-Breakout (TRANSITION),Trade 3C,n/a,,,,,,,,midnight,baseline,SUPPRESSED,,,,,,,,All,,,,0.0,0.0
2026-06-17_Trade_1,2026-06-17,Trade 1 - Daily Directional,Trade 1,LONG,MARKET,4340.0,4303.0,4377.0,4414.0,4451.0,37.0,midnight,baseline,SKIPPED_MALFORMED,2026-06-18,MARKET at 02:00 open,,2026-06-18 02:00:00,4266.8,36.2,0.978,All,,,MALFORMED - stop on wrong side of fill; not taken,0.0,0.0
2026-06-17_Trade_2,2026-06-17,Trade 2 - Pivot (regime-aware),Trade 2,LONG,LIMIT,4331.9,4288.4,4357.7,4375.4,4401.2,43.5,midnight,baseline,SKIPPED_MALFORMED,2026-06-18,LIMIT already marketable at 02:00 - filled at open,,2026-06-18 02:00:00,4266.8,21.6,0.497,All,,,MALFORMED - stop on wrong side of fill; not taken,0.0,0.0
2026-06-17_Trade_3A,2026-06-17,Trade 3 - Regime-driven (fork: 3A Momentum-Pullback),Trade 3A,LONG,STOP,4351.0,4314.0,4388.0,4425.0,4451.0,37.0,midnight,baseline,NO FILL,2026-06-18,,STOP 4351.0 not reached from 02:00 to 23:00 on 2026-06-18 (range 4201.6-4329.8),,,,,All,,,,0.0,0.0
2026-06-18_Trade_1,2026-06-18,Trade 1 - Daily Directional,Trade 1,LONG,MARKET,4352.0,4288.0,4416.0,4480.0,,64.0,midnight,baseline,SKIPPED_MALFORMED,2026-06-19,MARKET at 02:00 open,,2026-06-19 02:00:00,4207.46,80.54,1.258,All,,,MALFORMED - stop on wrong side of fill; not taken,0.0,0.0
2026-06-18_Trade_2,2026-06-18,Trade 2 - Pivot (TRANSITION),Trade 2,n/a,,,,,,,,midnight,baseline,SUPPRESSED,,,,,,,,All,,,,0.0,0.0
2026-06-18_Trade_3A,2026-06-18,Trade 3A - Momentum-Pullback (TRANSITION → fork defaults to 3A),Trade 3A,LONG,LIMIT,4318.0,4266.0,4370.0,4422.0,4382.0,52.0,midnight,baseline,SKIPPED_MALFORMED,2026-06-19,LIMIT already marketable at 02:00 - filled at open,,2026-06-19 02:00:00,4207.46,58.54,1.126,All,,,MALFORMED - stop on wrong side of fill; not taken,0.0,0.0
2026-06-19_Trade_1,2026-06-19,Trade 1 — Daily Directional,Trade 1,SHORT,MARKET,4188.3,4313.6,4063.0,3937.7,,125.3,midnight,baseline,FILLED,2026-06-22,MARKET at 02:00 open,,2026-06-22 02:00:00,4156.24,157.36,1.256,Unit 1,4063.0,2026-06-24 05:30:00,TP1 reached,0.593,1.0
2026-06-19_Trade_1,2026-06-19,Trade 1 — Daily Directional,Trade 1,SHORT,MARKET,4188.3,4313.6,4063.0,3937.7,,125.3,midnight,baseline,FILLED,2026-06-22,MARKET at 02:00 open,,2026-06-22 02:00:00,4156.24,157.36,1.256,Unit 2,4313.6,2026-08-07 11:30:00,stopped out,-1.0,-1.0
2026-06-19_Trade_1,2026-06-19,Trade 1 — Daily Directional,Trade 1,SHORT,MARKET,4188.3,4313.6,4063.0,3937.7,,125.3,midnight,baseline,FILLED,2026-06-22,MARKET at 02:00 open,,2026-06-22 02:00:00,4156.24,157.36,1.256,Unit 3,4191.39,2026-06-22 23:45:00,card runner time-stop at entry-session close,-0.223,-0.025
2026-06-19_Trade_2,2026-06-19,"Trade 2 — Pivot (TREND_DOWN, trend-following)",Trade 2,SHORT,STOP,4225.86,4273.86,4140.32,4116.26,4092.2,48.0,midnight,baseline,FILLED,2026-06-22,STOP already marketable at 02:00 - filled at open,,2026-06-22 02:00:00,4156.24,117.62,2.45,Unit 1,4140.32,2026-06-22 02:45:00,TP1 reached,0.135,1.782
2026-06-19_Trade_2,2026-06-19,"Trade 2 — Pivot (TREND_DOWN, trend-following)",Trade 2,SHORT,STOP,4225.86,4273.86,4140.32,4116.26,4092.2,48.0,midnight,baseline,FILLED,2026-06-22,STOP already marketable at 02:00 - filled at open,,2026-06-22 02:00:00,4156.24,117.62,2.45,Unit 2,4116.26,2026-06-23 07:45:00,TP2 reached,0.34,2.283
2026-06-19_Trade_2,2026-06-19,"Trade 2 — Pivot (TREND_DOWN, trend-following)",Trade 2,SHORT,STOP,4225.86,4273.86,4140.32,4116.26,4092.2,48.0,midnight,baseline,FILLED,2026-06-22,STOP already marketable at 02:00 - filled at open,,2026-06-22 02:00:00,4156.24,117.62,2.45,Unit 3,4132.72,2026-06-23 07:45:00,BE trail hit (BE_0.2R_ON_TP2),0.2,1.941
2026-06-19_Trade_3A,2026-06-19,Trade 3 — Momentum-Pullback (variant 3A),Trade 3A,SHORT,LIMIT,4271.93,4412.97,4283.16,4121.86,3860.87,141.04,midnight,baseline,NO FILL,2026-06-22,,LIMIT 4271.93 not reached from 02:00 to 23:00 on 2026-06-22 (range 4136.5-4220.6),,,,,All,,,,0.0,0.0
2026-06-23_Trade_1,2026-06-23,Trade 1 — Daily Directional,Trade 1,SHORT,CONDITIONAL,4176.0,4265.0,4087.0,3998.0,3910.0,89.0,midnight,baseline,FILLED,2026-06-24,MARKET at 02:00 open,confirmed close 4110.3 on 2026-06-23; ,2026-06-24 02:00:00,4104.37,160.63,1.805,Unit 1,4087.0,2026-06-24 02:30:00,TP1 reached,0.108,1.0
2026-06-23_Trade_1,2026-06-23,Trade 1 — Daily Directional,Trade 1,SHORT,CONDITIONAL,4176.0,4265.0,4087.0,3998.0,3910.0,89.0,midnight,baseline,FILLED,2026-06-24,MARKET at 02:00 open,confirmed close 4110.3 on 2026-06-23; ,2026-06-24 02:00:00,4104.37,160.63,1.805,Unit 2,3998.0,2026-06-24 15:45:00,TP2 reached,0.662,2.0
2026-06-23_Trade_1,2026-06-23,Trade 1 — Daily Directional,Trade 1,SHORT,CONDITIONAL,4176.0,4265.0,4087.0,3998.0,3910.0,89.0,midnight,baseline,FILLED,2026-06-24,MARKET at 02:00 open,confirmed close 4110.3 on 2026-06-23; ,2026-06-24 02:00:00,4104.37,160.63,1.805,Unit 3,3999.13,2026-06-24 23:45:00,card runner time-stop at entry-session close,0.655,1.987
2026-06-23_Trade_2,2026-06-23,"Trade 2 — Pivot (regime-aware, TREND_DOWN)",Trade 2,SHORT,LIMIT,4221.33,4264.62,4184.45,4148.55,4104.28,43.29,midnight,baseline,NO FILL,2026-06-24,,LIMIT 4221.33 not reached from 02:00 to 23:00 on 2026-06-24 (range 3959.1-4112.1),,,,,All,,,,0.0,0.0
2026-06-23_Trade_3A,2026-06-23,Trade 3A — Momentum-Pullback (TREND_DOWN selected),Trade 3A,SHORT,LIMIT,4220.95,4265.0,4120.89,4040.0,3959.0,44.05,midnight,baseline,NO FILL,2026-06-24,,LIMIT 4220.95 not reached from 02:00 to 23:00 on 2026-06-24 (range 3959.1-4112.1),,,,,All,,,,0.0,0.0
2026-06-24_Trade_1,2026-06-24,"Trade 1 - Daily Directional (SHORT, TREND_DOWN regime)",Trade 1,SHORT,MARKET,4198.66,4343.56,4053.76,3908.85,,144.9,midnight,baseline,FILLED,2026-06-25,MARKET at 02:00 open,,2026-06-25 02:00:00,3996.47,347.09,2.395,Unit 1,4053.76,2026-06-25 02:00:00,TP1 reached,-0.165,1.0
2026-06-24_Trade_1,2026-06-24,"Trade 1 - Daily Directional (SHORT, TREND_DOWN regime)",Trade 1,SHORT,MARKET,4198.66,4343.56,4053.76,3908.85,,144.9,midnight,baseline,FILLED,2026-06-25,MARKET at 02:00 open,,2026-06-25 02:00:00,3996.47,347.09,2.395,Unit 2,4343.56,2026-08-07 15:30:00,stopped out,-1.0,-1.0
2026-06-24_Trade_1,2026-06-24,"Trade 1 - Daily Directional (SHORT, TREND_DOWN regime)",Trade 1,SHORT,MARKET,4198.66,4343.56,4053.76,3908.85,,144.9,midnight,baseline,FILLED,2026-06-25,MARKET at 02:00 open,,2026-06-25 02:00:00,3996.47,347.09,2.395,Unit 3,4026.65,2026-06-25 23:45:00,card runner time-stop at entry-session close,-0.087,1.187
2026-06-24_Trade_2,2026-06-24,"Trade 2 - Pivot (regime-aware, INDICATIVE)",Trade 2,SHORT,LIMIT,4221.33,4265.0,4144.82,4093.65,,,midnight,baseline,NO FILL,2026-06-25,,LIMIT 4221.33 not reached from 02:00 to 23:00 on 2026-06-25 (range 3963.2-4044.3),,,,,All,,,,0.0,0.0
2026-06-24_Trade_3A,2026-06-24,Trade 3A - Momentum-Pullback (SHORT),Trade 3A,SHORT,STOP,4109.4,4200.5,4060.0,4007.05,,,midnight,baseline,FILLED,2026-06-25,STOP already marketable at 02:00 - filled at open,,2026-06-25 02:00:00,3996.47,204.03,2.24,Unit 1,4060.0,2026-06-25 02:00:00,TP1 reached,-0.311,0.542
2026-06-24_Trade_3A,2026-06-24,Trade 3A - Momentum-Pullback (SHORT),Trade 3A,SHORT,STOP,4109.4,4200.5,4060.0,4007.05,,,midnight,baseline,FILLED,2026-06-25,STOP already marketable at 02:00 - filled at open,,2026-06-25 02:00:00,3996.47,204.03,2.24,Unit 2,4007.05,2026-06-25 02:00:00,TP2 reached,-0.052,1.123
2026-06-24_Trade_3A,2026-06-24,Trade 3A - Momentum-Pullback (SHORT),Trade 3A,SHORT,STOP,4109.4,4200.5,4060.0,4007.05,,,midnight,baseline,FILLED,2026-06-25,STOP already marketable at 02:00 - filled at open,,2026-06-25 02:00:00,3996.47,204.03,2.24,Unit 3,4200.5,2026-07-06 02:15:00,stopped out,-1.0,-1.0
2026-06-25_Trade_1,2026-06-25,Trade 1 - Daily Directional (SHORT),Trade 1,SHORT,MARKET,4016.0,4140.0,3892.0,3768.0,,124.0,midnight,baseline,FILLED,2026-06-26,MARKET at 02:00 open,,2026-06-26 02:00:00,4026.37,113.63,0.916,Unit 1,4140.0,2026-07-02 15:30:00,stopped out,-1.0,-1.0
2026-06-25_Trade_1,2026-06-25,Trade 1 - Daily Directional (SHORT),Trade 1,SHORT,MARKET,4016.0,4140.0,3892.0,3768.0,,124.0,midnight,baseline,FILLED,2026-06-26,MARKET at 02:00 open,,2026-06-26 02:00:00,4026.37,113.63,0.916,Unit 2,4140.0,2026-07-02 15:30:00,stopped out,-1.0,-1.0
2026-06-25_Trade_1,2026-06-25,Trade 1 - Daily Directional (SHORT),Trade 1,SHORT,MARKET,4016.0,4140.0,3892.0,3768.0,,124.0,midnight,baseline,FILLED,2026-06-26,MARKET at 02:00 open,,2026-06-26 02:00:00,4026.37,113.63,0.916,Unit 3,4081.22,2026-06-26 23:45:00,card runner time-stop at entry-session close,-0.483,-0.526
2026-06-25_Trade_2,2026-06-25,"Trade 2 - Pivot, regime-aware (TREND_DOWN → trend-follow short across pivot)",Trade 2,SHORT,STOP,4032.0,4081.0,3964.0,3938.0,3913.0,49.0,midnight,baseline,FILLED,2026-06-26,STOP already marketable at 02:00 - filled at open,,2026-06-26 02:00:00,4026.37,54.63,1.115,Unit 1,4081.0,2026-06-26 17:00:00,stopped out,-1.0,-1.0
2026-06-25_Trade_2,2026-06-25,"Trade 2 - Pivot, regime-aware (TREND_DOWN → trend-follow short across pivot)",Trade 2,SHORT,STOP,4032.0,4081.0,3964.0,3938.0,3913.0,49.0,midnight,baseline,FILLED,2026-06-26,STOP already marketable at 02:00 - filled at open,,2026-06-26 02:00:00,4026.37,54.63,1.115,Unit 2,4081.0,2026-06-26 17:00:00,stopped out,-1.0,-1.0
2026-06-25_Trade_2,2026-06-25,"Trade 2 - Pivot, regime-aware (TREND_DOWN → trend-follow short across pivot)",Trade 2,SHORT,STOP,4032.0,4081.0,3964.0,3938.0,3913.0,49.0,midnight,baseline,FILLED,2026-06-26,STOP already marketable at 02:00 - filled at open,,2026-06-26 02:00:00,4026.37,54.63,1.115,Unit 3,4081.0,2026-06-26 17:00:00,stopped out,-1.0,-1.0
2026-06-25_Trade_3A,2026-06-25,"Trade 3A - Momentum-Pullback (TREND_DOWN, SHORT)",Trade 3A,SHORT,LIMIT,4185.0,4359.0,4119.0,3988.0,3843.0,,midnight,baseline,NO FILL,2026-06-26,,LIMIT 4185.0 not reached from 02:00 to 23:00 on 2026-06-26 (range 3983.1-4096.1),,,,,All,,,,0.0,0.0
2026-06-26_Trade_1,2026-06-26,Trade 1 — Daily Directional,Trade 1,SHORT,MARKET,4040.0,4096.0,3984.0,3929.0,3873.0,56.0,midnight,baseline,FILLED,2026-06-29,MARKET at 02:00 open,,2026-06-29 02:00:00,4066.52,29.48,0.526,Unit 1,3984.0,2026-06-30 03:45:00,TP1 reached,2.799,1.0
2026-06-26_Trade_1,2026-06-26,Trade 1 — Daily Directional,Trade 1,SHORT,MARKET,4040.0,4096.0,3984.0,3929.0,3873.0,56.0,midnight,baseline,FILLED,2026-06-29,MARKET at 02:00 open,,2026-06-29 02:00:00,4066.52,29.48,0.526,Unit 2,4096.0,2026-07-01 16:30:00,stopped out,-1.0,-1.0
2026-06-26_Trade_1,2026-06-26,Trade 1 — Daily Directional,Trade 1,SHORT,MARKET,4040.0,4096.0,3984.0,3929.0,3873.0,56.0,midnight,baseline,FILLED,2026-06-29,MARKET at 02:00 open,,2026-06-29 02:00:00,4066.52,29.48,0.526,Unit 3,4096.0,2026-07-01 16:30:00,stopped out,-1.0,-1.0
2026-06-26_Trade_2,2026-06-26,"Trade 2 — Pivot (Trend-Following, TREND_DOWN)",Trade 2,SHORT,STOP,4015.0,4062.0,3968.0,3921.0,3889.0,47.0,midnight,baseline,FILLED,2026-06-29,STOP touched,,2026-06-29 17:00:00,4015.0,47.0,1.0,Unit 1,3968.0,2026-06-30 04:00:00,TP1 reached,1.0,1.0
2026-06-26_Trade_2,2026-06-26,"Trade 2 — Pivot (Trend-Following, TREND_DOWN)",Trade 2,SHORT,STOP,4015.0,4062.0,3968.0,3921.0,3889.0,47.0,midnight,baseline,FILLED,2026-06-29,STOP touched,,2026-06-29 17:00:00,4015.0,47.0,1.0,Unit 2,4062.0,2026-06-30 17:15:00,stopped out,-1.0,-1.0
2026-06-26_Trade_2,2026-06-26,"Trade 2 — Pivot (Trend-Following, TREND_DOWN)",Trade 2,SHORT,STOP,4015.0,4062.0,3968.0,3921.0,3889.0,47.0,midnight,baseline,FILLED,2026-06-29,STOP touched,,2026-06-29 17:00:00,4015.0,47.0,1.0,Unit 3,4062.0,2026-06-30 17:15:00,stopped out,-1.0,-1.0
2026-06-26_Trade_3A,2026-06-26,"Trade 3 — Momentum-Pullback (3A, TREND_DOWN)",Trade 3A,SHORT,LIMIT,4074.0,4122.0,4061.0,3978.0,3964.0,48.0,midnight,baseline,FILLED,2026-06-29,LIMIT touched,,2026-06-29 03:45:00,4074.0,48.0,1.0,Unit 1,4061.0,2026-06-29 04:00:00,TP1 reached,0.271,0.271
2026-06-26_Trade_3A,2026-06-26,"Trade 3 — Momentum-Pullback (3A, TREND_DOWN)",Trade 3A,SHORT,LIMIT,4074.0,4122.0,4061.0,3978.0,3964.0,48.0,midnight,baseline,FILLED,2026-06-29,LIMIT touched,,2026-06-29 03:45:00,4074.0,48.0,1.0,Unit 2,3978.0,2026-06-30 04:00:00,TP2 reached,2.0,2.0
2026-06-26_Trade_3A,2026-06-26,"Trade 3 — Momentum-Pullback (3A, TREND_DOWN)",Trade 3A,SHORT,LIMIT,4074.0,4122.0,4061.0,3978.0,3964.0,48.0,midnight,baseline,FILLED,2026-06-29,LIMIT touched,,2026-06-29 03:45:00,4074.0,48.0,1.0,Unit 3,3964.0,2026-06-30 04:00:00,runner target reached,2.292,2.292
2026-06-29_Trade_1,2026-06-29,Trade 1 - Daily Directional (SHORT),Trade 1,SHORT,STOP,3983.0,4045.0,3921.0,3859.0,,62.0,midnight,baseline,FILLED,2026-06-30,STOP touched,,2026-06-30 03:45:00,3983.0,62.0,1.0,Unit 1,4045.0,2026-06-30 17:00:00,stopped out,-1.0,-1.0
2026-06-29_Trade_1,2026-06-29,Trade 1 - Daily Directional (SHORT),Trade 1,SHORT,STOP,3983.0,4045.0,3921.0,3859.0,,62.0,midnight,baseline,FILLED,2026-06-30,STOP touched,,2026-06-30 03:45:00,3983.0,62.0,1.0,Unit 2,4045.0,2026-06-30 17:00:00,stopped out,-1.0,-1.0
2026-06-29_Trade_1,2026-06-29,Trade 1 - Daily Directional (SHORT),Trade 1,SHORT,STOP,3983.0,4045.0,3921.0,3859.0,,62.0,midnight,baseline,FILLED,2026-06-30,STOP touched,,2026-06-30 03:45:00,3983.0,62.0,1.0,Unit 3,4045.0,2026-06-30 17:00:00,stopped out,-1.0,-1.0
2026-06-29_Trade_2,2026-06-29,"Trade 2 - Pivot, Trend-Following (SHORT)",Trade 2,SHORT,LIMIT,4031.0,4078.0,4007.0,3985.0,3961.0,47.0,midnight,baseline,FILLED,2026-06-30,LIMIT touched,,2026-06-30 09:30:00,4031.0,47.0,1.0,Unit 1,4007.0,2026-06-30 23:45:00,TP1 reached,0.511,0.511
2026-06-29_Trade_2,2026-06-29,"Trade 2 - Pivot, Trend-Following (SHORT)",Trade 2,SHORT,LIMIT,4031.0,4078.0,4007.0,3985.0,3961.0,47.0,midnight,baseline,FILLED,2026-06-30,LIMIT touched,,2026-06-30 09:30:00,4031.0,47.0,1.0,Unit 2,3985.0,2026-07-01 04:00:00,TP2 reached,0.979,0.979
2026-06-29_Trade_2,2026-06-29,"Trade 2 - Pivot, Trend-Following (SHORT)",Trade 2,SHORT,LIMIT,4031.0,4078.0,4007.0,3985.0,3961.0,47.0,midnight,baseline,FILLED,2026-06-30,LIMIT touched,,2026-06-30 09:30:00,4031.0,47.0,1.0,Unit 3,3961.0,2026-07-01 10:00:00,runner target reached,1.489,1.489
2026-06-29_Trade_3A,2026-06-29,Trade 3A - Momentum-Pullback (SHORT),Trade 3A,SHORT,LIMIT,4073.0,4123.0,4023.0,3990.0,3959.0,50.0,midnight,baseline,NO FILL,2026-06-30,,LIMIT 4073.0 not reached from 02:00 to 23:00 on 2026-06-30 (range 3943.1-4063.4),,,,,All,,,,0.0,0.0
2026-06-30_Trade_1,2026-06-30,Trade 1 - Daily Directional,Trade 1,SHORT,LIMIT,4062.0,4096.0,4028.0,3994.0,3945.0,34.0,midnight,baseline,FILLED,2026-07-01,LIMIT touched,,2026-07-01 16:30:00,4062.0,34.0,1.0,Unit 1,4096.0,2026-07-01 16:30:00,stopped out,-1.0,-1.0
2026-06-30_Trade_1,2026-06-30,Trade 1 - Daily Directional,Trade 1,SHORT,LIMIT,4062.0,4096.0,4028.0,3994.0,3945.0,34.0,midnight,baseline,FILLED,2026-07-01,LIMIT touched,,2026-07-01 16:30:00,4062.0,34.0,1.0,Unit 2,4096.0,2026-07-01 16:30:00,stopped out,-1.0,-1.0
2026-06-30_Trade_1,2026-06-30,Trade 1 - Daily Directional,Trade 1,SHORT,LIMIT,4062.0,4096.0,4028.0,3994.0,3945.0,34.0,midnight,baseline,FILLED,2026-07-01,LIMIT touched,,2026-07-01 16:30:00,4062.0,34.0,1.0,Unit 3,4096.0,2026-07-01 16:30:00,stopped out,-1.0,-1.0
2026-06-30_Trade_2,2026-06-30,"Trade 2 - Pivot (regime-aware, TREND)",Trade 2,SHORT,STOP,4029.0,4062.0,3996.0,3963.0,3906.0,33.0,midnight,baseline,FILLED,2026-07-01,STOP already marketable at 02:00 - filled at open,,2026-07-01 02:00:00,4013.22,48.78,1.478,Unit 1,3996.0,2026-07-01 03:45:00,TP1 reached,0.353,1.0
2026-06-30_Trade_2,2026-06-30,"Trade 2 - Pivot (regime-aware, TREND)",Trade 2,SHORT,STOP,4029.0,4062.0,3996.0,3963.0,3906.0,33.0,midnight,baseline,FILLED,2026-07-01,STOP already marketable at 02:00 - filled at open,,2026-07-01 02:00:00,4013.22,48.78,1.478,Unit 2,3963.0,2026-07-01 10:00:00,TP2 reached,1.03,2.0
2026-06-30_Trade_2,2026-06-30,"Trade 2 - Pivot (regime-aware, TREND)",Trade 2,SHORT,STOP,4029.0,4062.0,3996.0,3963.0,3906.0,33.0,midnight,baseline,FILLED,2026-07-01,STOP already marketable at 02:00 - filled at open,,2026-07-01 02:00:00,4013.22,48.78,1.478,Unit 3,4003.46,2026-07-01 14:00:00,BE trail hit (BE_0.2R_ON_TP2),0.2,0.774
2026-06-30_Trade_3A,2026-06-30,Trade 3 - Complex (fork → 3A Momentum-Pullback),Trade 3A,SHORT,LIMIT,4075.0,4100.0,4050.0,4025.0,3975.0,25.0,midnight,baseline,FILLED,2026-07-01,LIMIT touched,,2026-07-01 16:30:00,4075.0,25.0,1.0,Unit 1,4050.0,2026-07-01 16:30:00,TP1 reached,1.0,1.0
2026-06-30_Trade_3A,2026-06-30,Trade 3 - Complex (fork → 3A Momentum-Pullback),Trade 3A,SHORT,LIMIT,4075.0,4100.0,4050.0,4025.0,3975.0,25.0,midnight,baseline,FILLED,2026-07-01,LIMIT touched,,2026-07-01 16:30:00,4075.0,25.0,1.0,Unit 2,4100.0,2026-07-01 16:45:00,stopped out,-1.0,-1.0
2026-06-30_Trade_3A,2026-06-30,Trade 3 - Complex (fork → 3A Momentum-Pullback),Trade 3A,SHORT,LIMIT,4075.0,4100.0,4050.0,4025.0,3975.0,25.0,midnight,baseline,FILLED,2026-07-01,LIMIT touched,,2026-07-01 16:30:00,4075.0,25.0,1.0,Unit 3,4100.0,2026-07-01 16:45:00,stopped out,-1.0,-1.0
2026-07-01_Trade_1,2026-07-01,Trade 1 — Daily Directional,Trade 1,n/a,,,,,,,,midnight,baseline,SUPPRESSED,,,,,,,,All,,,,0.0,0.0
2026-07-01_Trade_2,2026-07-01,"Trade 2 — Pivot, TREND-continuation (medium regime TREND_DOWN)",Trade 2,SHORT,LIMIT,4077.64,4115.26,4040.02,4002.4,4010.47,37.62,midnight,baseline,FILLED,2026-07-02,LIMIT touched,,2026-07-02 09:15:00,4077.64,37.62,1.0,Unit 1,4115.26,2026-07-02 15:30:00,stopped out,-1.0,-1.0
2026-07-01_Trade_2,2026-07-01,"Trade 2 — Pivot, TREND-continuation (medium regime TREND_DOWN)",Trade 2,SHORT,LIMIT,4077.64,4115.26,4040.02,4002.4,4010.47,37.62,midnight,baseline,FILLED,2026-07-02,LIMIT touched,,2026-07-02 09:15:00,4077.64,37.62,1.0,Unit 2,4115.26,2026-07-02 15:30:00,stopped out,-1.0,-1.0
2026-07-01_Trade_2,2026-07-01,"Trade 2 — Pivot, TREND-continuation (medium regime TREND_DOWN)",Trade 2,SHORT,LIMIT,4077.64,4115.26,4040.02,4002.4,4010.47,37.62,midnight,baseline,FILLED,2026-07-02,LIMIT touched,,2026-07-02 09:15:00,4077.64,37.62,1.0,Unit 3,4115.26,2026-07-02 15:30:00,stopped out,-1.0,-1.0
2026-07-01_Trade_3A,2026-07-01,Trade 3A — Momentum-Pullback (regime TREND_DOWN; sell the counter-trend bounce),Trade 3A,SHORT,MARKET,4025.94,4077.64,3974.24,3943.3,3891.6,51.7,midnight,baseline,FILLED,2026-07-02,MARKET at 02:00 open,,2026-07-02 02:00:00,4044.97,32.67,0.632,Unit 1,4077.64,2026-07-02 09:15:00,stopped out,-1.0,-1.0
2026-07-01_Trade_3A,2026-07-01,Trade 3A — Momentum-Pullback (regime TREND_DOWN; sell the counter-trend bounce),Trade 3A,SHORT,MARKET,4025.94,4077.64,3974.24,3943.3,3891.6,51.7,midnight,baseline,FILLED,2026-07-02,MARKET at 02:00 open,,2026-07-02 02:00:00,4044.97,32.67,0.632,Unit 2,4077.64,2026-07-02 09:15:00,stopped out,-1.0,-1.0
2026-07-01_Trade_3A,2026-07-01,Trade 3A — Momentum-Pullback (regime TREND_DOWN; sell the counter-trend bounce),Trade 3A,SHORT,MARKET,4025.94,4077.64,3974.24,3943.3,3891.6,51.7,midnight,baseline,FILLED,2026-07-02,MARKET at 02:00 open,,2026-07-02 02:00:00,4044.97,32.67,0.632,Unit 3,4077.64,2026-07-02 09:15:00,stopped out,-1.0,-1.0
2026-07-02_Trade_1,2026-07-02,Trade 1 — Daily Directional,Trade 1,n/a,,,,,,,,midnight,baseline,SUPPRESSED,,,,,,,,All,,,,0.0,0.0
2026-07-02_Trade_2,2026-07-02,"Trade 2 — Pivot (regime-aware, TRANSITION → sell rally into resistance)",Trade 2,SHORT,LIMIT,4012.61,4065.0,3960.22,3907.83,3828.0,52.39,midnight,baseline,SKIPPED_MALFORMED,2026-07-03,LIMIT already marketable at 02:00 - filled at open,,2026-07-03 02:00:00,4124.68,59.68,1.139,All,,,MALFORMED - stop on wrong side of fill; not taken,0.0,0.0
2026-07-02_Trade_3A,2026-07-02,"Trade 3 — Complex (fork → 3A Momentum-Pullback, short side)",Trade 3A,SHORT,STOP,3982.0,4010.0,3878.0,3828.0,3785.0,66.0,midnight,baseline,NO FILL,2026-07-03,,STOP 3982.0 not reached from 02:00 to 23:00 on 2026-07-03 (range 4121.2-4195.3),,,,,All,,,,0.0,0.0
2026-07-03_Trade_1,2026-07-03,Trade 1 — Daily Directional,Trade 1,n/a,,,,,,,,midnight,baseline,SUPPRESSED,,,,,,,,All,,,,0.0,0.0
2026-07-03_Trade_2,2026-07-03,"Trade 2 — Pivot, range-fade variant (TRANSITION regime)",Trade 2,SHORT,LIMIT,4145.0,4183.0,4107.0,4069.0,4009.32,38.0,midnight,baseline,SKIPPED_MALFORMED,2026-07-06,LIMIT already marketable at 02:00 - filled at open,,2026-07-06 02:00:00,4188.39,5.39,0.142,All,,,MALFORMED - stop on wrong side of fill; not taken,0.0,0.0
2026-07-03_Trade_3A,2026-07-03,"Trade 3A — Momentum-Pullback (fork selected: TRANSITION with short-term bullish impulse → buy the pullback, tight)",Trade 3A,LONG,LIMIT,4072.0,4030.0,4110.0,4144.0,4183.0,42.0,midnight,baseline,NO FILL,2026-07-06,,LIMIT 4072.0 not reached from 02:00 to 23:00 on 2026-07-06 (range 4128.5-4202.7),,,,,All,,,,0.0,0.0
2026-07-06_Trade_1,2026-07-06,Trade 1 — Daily Directional (LONG — direction score +0.43),Trade 1,LONG,MARKET,4180.06,4095.49,4264.64,4349.21,,84.6,midnight,baseline,FILLED,2026-07-07,MARKET at 02:00 open,,2026-07-07 02:00:00,4164.22,68.73,0.813,Unit 1,4095.49,2026-07-07 22:15:00,stopped out,-1.0,-1.0
2026-07-06_Trade_1,2026-07-06,Trade 1 — Daily Directional (LONG — direction score +0.43),Trade 1,LONG,MARKET,4180.06,4095.49,4264.64,4349.21,,84.6,midnight,baseline,FILLED,2026-07-07,MARKET at 02:00 open,,2026-07-07 02:00:00,4164.22,68.73,0.813,Unit 2,4095.49,2026-07-07 22:15:00,stopped out,-1.0,-1.0
2026-07-06_Trade_1,2026-07-06,Trade 1 — Daily Directional (LONG — direction score +0.43),Trade 1,LONG,MARKET,4180.06,4095.49,4264.64,4349.21,,84.6,midnight,baseline,FILLED,2026-07-07,MARKET at 02:00 open,,2026-07-07 02:00:00,4164.22,68.73,0.813,Unit 3,4095.49,2026-07-07 22:15:00,stopped out,-1.0,-1.0
2026-07-06_Trade_2,2026-07-06,"Trade 2 — Pivot (TRANSITION, breakout side only — LONG)",Trade 2,LONG,STOP,4209.41,4136.86,4224.09,4238.76,4281.96,72.6,midnight,baseline,NO FILL,2026-07-07,,STOP 4209.41 not reached from 02:00 to 23:00 on 2026-07-07 (range 4092.4-4180.5),,,,,All,,,,0.0,0.0
2026-07-06_Trade_3C,2026-07-06,Trade 3 — Momentum-Breakout 3C (TRANSITION regime),Trade 3C,LONG,CONDITIONAL,4225.0,4172.8,4340.0,4430.0,4515.0,52.0,midnight,baseline,FILLED,2026-08-06,MARKET at 02:00 open,confirmed close 4246.9 on 2026-08-05; ,2026-08-06 02:00:00,4250.05,77.25,1.48,Unit 1,4340.0,2026-08-07 15:30:00,TP1 reached,1.164,2.203
2026-07-06_Trade_3C,2026-07-06,Trade 3 — Momentum-Breakout 3C (TRANSITION regime),Trade 3C,LONG,CONDITIONAL,4225.0,4172.8,4340.0,4430.0,4515.0,52.0,midnight,baseline,FILLED,2026-08-06,MARKET at 02:00 open,confirmed close 4246.9 on 2026-08-05; ,2026-08-06 02:00:00,4250.05,77.25,1.48,Unit 2,4430.0,2026-08-11 04:45:00,TP2 reached,2.329,3.927
2026-07-06_Trade_3C,2026-07-06,Trade 3 — Momentum-Breakout 3C (TRANSITION regime),Trade 3C,LONG,CONDITIONAL,4225.0,4172.8,4340.0,4430.0,4515.0,52.0,midnight,baseline,FILLED,2026-08-06,MARKET at 02:00 open,confirmed close 4246.9 on 2026-08-05; ,2026-08-06 02:00:00,4250.05,77.25,1.48,Unit 3,4515.0,2026-08-19 23:15:00,runner target reached,3.43,5.556
2026-07-07_Trade_1,2026-07-07,Trade 1 - Daily Directional (LONG),Trade 1,LONG,MARKET,,,,,,,midnight,baseline,UNPRICED,,,,,,,,All,,,,0.0,0.0
2026-07-07_Trade_2,2026-07-07,"Trade 2 - Pivot, TRANSITION (breakout-side only)",Trade 2,LONG,,,,,,,,midnight,baseline,UNPRICED,,,,,,,,All,,,,0.0,0.0
2026-07-07_Trade_3C,2026-07-07,"Trade 3 - Momentum-Breakout 3C (TRANSITION, armed)",Trade 3C,LONG,CONDITIONAL,,,,,,,midnight,baseline,UNPRICED,,,,,,,,All,,,,0.0,0.0
2026-07-09_Trade_1,2026-07-09,Trade 1 - Daily Directional (SHORT),Trade 1,SHORT,STOP,4103.0,4148.0,4058.0,4013.0,,45.0,midnight,baseline,FILLED,2026-07-10,STOP touched,,2026-07-10 11:30:00,4103.0,45.0,1.0,Unit 1,4058.0,2026-07-13 06:00:00,TP1 reached,1.0,1.0
2026-07-09_Trade_1,2026-07-09,Trade 1 - Daily Directional (SHORT),Trade 1,SHORT,STOP,4103.0,4148.0,4058.0,4013.0,,45.0,midnight,baseline,FILLED,2026-07-10,STOP touched,,2026-07-10 11:30:00,4103.0,45.0,1.0,Unit 2,4013.0,2026-07-13 17:15:00,TP2 reached,2.0,2.0
2026-07-09_Trade_1,2026-07-09,Trade 1 - Daily Directional (SHORT),Trade 1,SHORT,STOP,4103.0,4148.0,4058.0,4013.0,,45.0,midnight,baseline,FILLED,2026-07-10,STOP touched,,2026-07-10 11:30:00,4103.0,45.0,1.0,Unit 3,4119.23,2026-07-10 23:45:00,card runner time-stop at entry-session close,-0.361,-0.361
2026-07-09_Trade_2,2026-07-09,"Trade 2 - Pivot, Range-Aware (SHORT fade of resistance)",Trade 2,SHORT,LIMIT,4178.0,4215.0,4141.0,4119.0,4118.63,37.0,midnight,baseline,NO FILL,2026-07-10,,LIMIT 4178.0 not reached from 02:00 to 23:00 on 2026-07-10 (range 4072.9-4134.8),,,,,All,,,,0.0,0.0
2026-07-09_Trade_3B,2026-07-09,"Trade 3B - Mean-Reversion (range fade, regime-driven)",Trade 3B,SHORT,LIMIT,4195.0,4225.0,4118.0,4081.0,4030.0,30.0,midnight,baseline,NO FILL,2026-07-10,,LIMIT 4195.0 not reached from 02:00 to 23:00 on 2026-07-10 (range 4072.9-4134.8),,,,,All,,,,0.0,0.0
2026-07-10_Trade_1,2026-07-10,Trade 1 - Daily Directional,Trade 1,SHORT,MARKET,,,,,,,midnight,baseline,SUPPRESSED,,,,,,,,All,,,,0.0,0.0
2026-07-10_Trade_2,2026-07-10,"Trade 2 - Pivot, regime-aware. TREND_DOWN branch: fade rallies into resistance rather than buy dips into support.",Trade 2,SHORT,LIMIT,4159.33,4216.56,4102.1,4044.88,4090.77,57.23,midnight,baseline,NO FILL,2026-07-13,,LIMIT 4159.33 not reached from 02:00 to 23:00 on 2026-07-13 (range 3986.6-4091.1),,,,,All,,,,0.0,0.0
2026-07-10_Trade_3A,2026-07-10,Trade 3A - Momentum-Pullback. Variant selected by the TREND_DOWN regime fork: sell the retracement of the dominant downswing.,Trade 3A,SHORT,LIMIT,4113.6,4218.88,4057.11,4022.2,3930.8,105.28,midnight,baseline,NO FILL,2026-07-13,,LIMIT 4113.6 not reached from 02:00 to 23:00 on 2026-07-13 (range 3986.6-4091.1),,,,,All,,,,0.0,0.0
2026-07-13_Trade_1,2026-07-13,Trade 1 - Daily Directional,Trade 1,n/a,,,,,,,,midnight,baseline,SUPPRESSED,,,,,,,,All,,,,0.0,0.0
2026-07-13_Trade_2,2026-07-13,Trade 2 - Pivot (regime-aware); RANGE regime -> fade toward pivot,Trade 2,LONG,LIMIT,4085.0,4059.0,4110.0,4137.0,4156.0,26.0,midnight,baseline,SKIPPED_MALFORMED,2026-07-14,LIMIT already marketable at 02:00 - filled at open,,2026-07-14 02:00:00,4000.87,58.13,2.236,All,,,MALFORMED - stop on wrong side of fill; not taken,0.0,0.0
2026-07-13_Trade_3B,2026-07-13,Trade 3B - Mean-Reversion (RANGE + KER below trend threshold + flat VOLator slope),Trade 3B,SHORT,LIMIT,4146.0,4174.0,4118.0,4090.0,4068.0,28.0,midnight,baseline,NO FILL,2026-07-14,,LIMIT 4146.0 not reached from 02:00 to 23:00 on 2026-07-14 (range 3983.7-4103.2),,,,,All,,,,0.0,0.0
2026-07-14_Trade_1,2026-07-14,"Trade 1 - Daily Directional (SHORT - bearish continuation, below-pivot)",Trade 1,SHORT,MARKET,4059.39,4102.0,4016.78,3974.17,,42.61,midnight,baseline,FILLED,2026-07-15,MARKET at 02:00 open,,2026-07-15 02:00:00,4049.02,52.98,1.243,Unit 1,4016.78,2026-07-16 15:15:00,TP1 reached,0.609,1.0
2026-07-14_Trade_1,2026-07-14,"Trade 1 - Daily Directional (SHORT - bearish continuation, below-pivot)",Trade 1,SHORT,MARKET,4059.39,4102.0,4016.78,3974.17,,42.61,midnight,baseline,FILLED,2026-07-15,MARKET at 02:00 open,,2026-07-15 02:00:00,4049.02,52.98,1.243,Unit 2,3974.17,2026-07-16 16:00:00,TP2 reached,1.413,2.0
2026-07-14_Trade_1,2026-07-14,"Trade 1 - Daily Directional (SHORT - bearish continuation, below-pivot)",Trade 1,SHORT,MARKET,4059.39,4102.0,4016.78,3974.17,,42.61,midnight,baseline,FILLED,2026-07-15,MARKET at 02:00 open,,2026-07-15 02:00:00,4049.02,52.98,1.243,Unit 3,4060.37,2026-07-15 23:45:00,card runner time-stop at entry-session close,-0.214,-0.023
2026-07-14_Trade_2,2026-07-14,"Trade 2 - Pivot (regime-aware, RANGE-edge fade)",Trade 2,SHORT,LIMIT,,4132.0,4085.0,4068.0,4052.0,,midnight,baseline,UNPRICED,,,,,,,,All,,,,0.0,0.0
2026-07-14_Trade_3A,2026-07-14,Trade 3A - Momentum-Pullback (fork target - SHORT),Trade 3A,SHORT,STOP,4048.0,4092.0,4004.0,3960.0,3934.0,44.0,midnight,baseline,FILLED,2026-07-15,STOP touched,,2026-07-15 02:00:00,4048.0,44.0,1.0,Unit 1,4004.0,2026-07-16 15:30:00,TP1 reached,1.0,1.0
2026-07-14_Trade_3A,2026-07-14,Trade 3A - Momentum-Pullback (fork target - SHORT),Trade 3A,SHORT,STOP,4048.0,4092.0,4004.0,3960.0,3934.0,44.0,midnight,baseline,FILLED,2026-07-15,STOP touched,,2026-07-15 02:00:00,4048.0,44.0,1.0,Unit 2,3960.0,2026-07-17 16:00:00,TP2 reached,2.0,2.0
2026-07-14_Trade_3A,2026-07-14,Trade 3A - Momentum-Pullback (fork target - SHORT),Trade 3A,SHORT,STOP,4048.0,4092.0,4004.0,3960.0,3934.0,44.0,midnight,baseline,FILLED,2026-07-15,STOP touched,,2026-07-15 02:00:00,4048.0,44.0,1.0,Unit 3,4092.0,2026-07-22 03:00:00,stopped out,-1.0,-1.0
2026-07-15_Trade_1,2026-07-15,Trade 1 — Daily Directional,Trade 1,n/a,MARKET,,,,,,,midnight,baseline,SUPPRESSED,,,,,,,,All,,,,0.0,0.0
2026-07-15_Trade_2,2026-07-15,"Trade 2 — Pivot, TRANSITION regime (breakout side only)",Trade 2,LONG,CONDITIONAL,4120.3,4008.5,4232.1,4343.9,4294.9,111.8,midnight,baseline,FILLED,2026-07-23,MARKET at 02:00 open,confirmed close 4129.9 on 2026-07-22; ,2026-07-23 02:00:00,4121.75,113.25,1.013,Unit 1,4008.5,2026-07-29 16:45:00,stopped out,-1.0,-1.0
2026-07-15_Trade_2,2026-07-15,"Trade 2 — Pivot, TRANSITION regime (breakout side only)",Trade 2,LONG,CONDITIONAL,4120.3,4008.5,4232.1,4343.9,4294.9,111.8,midnight,baseline,FILLED,2026-07-23,MARKET at 02:00 open,confirmed close 4129.9 on 2026-07-22; ,2026-07-23 02:00:00,4121.75,113.25,1.013,Unit 2,4008.5,2026-07-29 16:45:00,stopped out,-1.0,-1.0
2026-07-15_Trade_2,2026-07-15,"Trade 2 — Pivot, TRANSITION regime (breakout side only)",Trade 2,LONG,CONDITIONAL,4120.3,4008.5,4232.1,4343.9,4294.9,111.8,midnight,baseline,FILLED,2026-07-23,MARKET at 02:00 open,confirmed close 4129.9 on 2026-07-22; ,2026-07-23 02:00:00,4121.75,113.25,1.013,Unit 3,4008.5,2026-07-29 16:45:00,stopped out,-1.0,-1.0
2026-07-15_Trade_3C,2026-07-15,"Trade 3 — Momentum-Breakout (3C, TRANSITION variant)",Trade 3C,n/a,CONDITIONAL,,,,,,,midnight,baseline,SUPPRESSED,,,,,,,,All,,,,0.0,0.0
2026-07-16_Trade_1,2026-07-16,TRADE 1 - Daily Directional · SUPPRESSED,Trade 1,LONG,MARKET,,,,,,,midnight,baseline,SUPPRESSED,,,,,,,,All,,,,0.0,0.0
2026-07-16_Trade_2,2026-07-16,TRADE 2 - Regime-Aware Pivot · ACTIVE (Leg B — LONG from support),Trade 2,LONG,LIMIT,4007.5,3966.13,4048.87,4090.24,4131.61,41.37,midnight,baseline,FILLED,2026-07-17,LIMIT already marketable at 02:00 - filled at open,,2026-07-17 02:00:00,3978.36,12.23,0.296,Unit 1,3966.13,2026-07-17 15:30:00,stopped out,-1.0,-1.0
2026-07-16_Trade_2,2026-07-16,TRADE 2 - Regime-Aware Pivot · ACTIVE (Leg B — LONG from support),Trade 2,LONG,LIMIT,4007.5,3966.13,4048.87,4090.24,4131.61,41.37,midnight,baseline,FILLED,2026-07-17,LIMIT already marketable at 02:00 - filled at open,,2026-07-17 02:00:00,3978.36,12.23,0.296,Unit 2,3966.13,2026-07-17 15:30:00,stopped out,-1.0,-1.0
2026-07-16_Trade_2,2026-07-16,TRADE 2 - Regime-Aware Pivot · ACTIVE (Leg B — LONG from support),Trade 2,LONG,LIMIT,4007.5,3966.13,4048.87,4090.24,4131.61,41.37,midnight,baseline,FILLED,2026-07-17,LIMIT already marketable at 02:00 - filled at open,,2026-07-17 02:00:00,3978.36,12.23,0.296,Unit 3,3966.13,2026-07-17 15:30:00,stopped out,-1.0,-1.0
2026-07-16_Trade_3C,2026-07-16,TRADE 3 - Regime-Driven Complex · FORK: 3C (Breakout) — downside leg,Trade 3C,SHORT,CONDITIONAL,3966.13,4044.63,3887.63,3809.13,3730.63,78.5,midnight,baseline,NO TRIGGER,,,confirming close beyond 3966.13 never printed,,,,,All,,,,0.0,0.0
2026-07-17_Trade_1,2026-07-17,Trade 1 — Daily Directional,Trade 1,SHORT,MARKET,3990.0,4025.41,3954.59,3919.19,,35.41,midnight,baseline,FILLED,2026-07-20,MARKET at 02:00 open,,2026-07-20 02:00:00,3994.84,30.57,0.863,Unit 1,4025.41,2026-07-20 05:45:00,stopped out,-1.0,-1.0
2026-07-17_Trade_1,2026-07-17,Trade 1 — Daily Directional,Trade 1,SHORT,MARKET,3990.0,4025.41,3954.59,3919.19,,35.41,midnight,baseline,FILLED,2026-07-20,MARKET at 02:00 open,,2026-07-20 02:00:00,3994.84,30.57,0.863,Unit 2,4025.41,2026-07-20 05:45:00,stopped out,-1.0,-1.0
2026-07-17_Trade_1,2026-07-17,Trade 1 — Daily Directional,Trade 1,SHORT,MARKET,3990.0,4025.41,3954.59,3919.19,,35.41,midnight,baseline,FILLED,2026-07-20,MARKET at 02:00 open,,2026-07-20 02:00:00,3994.84,30.57,0.863,Unit 3,4025.41,2026-07-20 05:45:00,stopped out,-1.0,-1.0
2026-07-17_Trade_2,2026-07-17,"Trade 2 — Pivot (regime-aware). TREND_DOWN regime: the fade-to-pivot variant is disabled and the trend-continuation variant is active — the pivot is treated as resistance to sell into, not as a magnet to fade toward.",Trade 2,SHORT,LIMIT,4009.78,4061.24,3958.32,3906.86,3862.75,51.46,midnight,baseline,FILLED,2026-07-20,LIMIT touched,,2026-07-20 03:45:00,4009.78,51.46,1.0,Unit 1,4061.24,2026-07-21 08:30:00,stopped out,-1.0,-1.0
2026-07-17_Trade_2,2026-07-17,"Trade 2 — Pivot (regime-aware). TREND_DOWN regime: the fade-to-pivot variant is disabled and the trend-continuation variant is active — the pivot is treated as resistance to sell into, not as a magnet to fade toward.",Trade 2,SHORT,LIMIT,4009.78,4061.24,3958.32,3906.86,3862.75,51.46,midnight,baseline,FILLED,2026-07-20,LIMIT touched,,2026-07-20 03:45:00,4009.78,51.46,1.0,Unit 2,4061.24,2026-07-21 08:30:00,stopped out,-1.0,-1.0
2026-07-17_Trade_2,2026-07-17,"Trade 2 — Pivot (regime-aware). TREND_DOWN regime: the fade-to-pivot variant is disabled and the trend-continuation variant is active — the pivot is treated as resistance to sell into, not as a magnet to fade toward.",Trade 2,SHORT,LIMIT,4009.78,4061.24,3958.32,3906.86,3862.75,51.46,midnight,baseline,FILLED,2026-07-20,LIMIT touched,,2026-07-20 03:45:00,4009.78,51.46,1.0,Unit 3,4061.24,2026-07-21 08:30:00,stopped out,-1.0,-1.0
2026-07-17_Trade_3A,2026-07-17,Trade 3A — Momentum-Pullback. Regime fork: TREND_DOWN selects variant 3A. Qualifying swing found at the default 4-session lookback — no adaptive extension needed.,Trade 3A,SHORT,LIMIT,4026.0,4073.78,3973.96,3889.76,3837.72,47.78,midnight,baseline,FILLED,2026-07-20,LIMIT touched,,2026-07-20 05:45:00,4026.0,47.78,1.0,Unit 1,4073.78,2026-07-21 09:15:00,stopped out,-1.0,-1.0
2026-07-17_Trade_3A,2026-07-17,Trade 3A — Momentum-Pullback. Regime fork: TREND_DOWN selects variant 3A. Qualifying swing found at the default 4-session lookback — no adaptive extension needed.,Trade 3A,SHORT,LIMIT,4026.0,4073.78,3973.96,3889.76,3837.72,47.78,midnight,baseline,FILLED,2026-07-20,LIMIT touched,,2026-07-20 05:45:00,4026.0,47.78,1.0,Unit 2,4073.78,2026-07-21 09:15:00,stopped out,-1.0,-1.0
2026-07-17_Trade_3A,2026-07-17,Trade 3A — Momentum-Pullback. Regime fork: TREND_DOWN selects variant 3A. Qualifying swing found at the default 4-session lookback — no adaptive extension needed.,Trade 3A,SHORT,LIMIT,4026.0,4073.78,3973.96,3889.76,3837.72,47.78,midnight,baseline,FILLED,2026-07-20,LIMIT touched,,2026-07-20 05:45:00,4026.0,47.78,1.0,Unit 3,4073.78,2026-07-21 09:15:00,stopped out,-1.0,-1.0
2026-07-20_Trade_1,2026-07-20,"Trade 1 — Daily Directional (SHORT — regime bias bearish, conviction −0.51)",Trade 1,SHORT,MARKET,4017.32,4035.3,3999.34,3981.36,,17.98,midnight,baseline,FILLED,2026-07-21,MARKET at 02:00 open,,2026-07-21 02:00:00,4000.41,34.89,1.94,Unit 1,4035.3,2026-07-21 04:15:00,stopped out,-1.0,-1.0
2026-07-20_Trade_1,2026-07-20,"Trade 1 — Daily Directional (SHORT — regime bias bearish, conviction −0.51)",Trade 1,SHORT,MARKET,4017.32,4035.3,3999.34,3981.36,,17.98,midnight,baseline,FILLED,2026-07-21,MARKET at 02:00 open,,2026-07-21 02:00:00,4000.41,34.89,1.94,Unit 2,4035.3,2026-07-21 04:15:00,stopped out,-1.0,-1.0
2026-07-20_Trade_1,2026-07-20,"Trade 1 — Daily Directional (SHORT — regime bias bearish, conviction −0.51)",Trade 1,SHORT,MARKET,4017.32,4035.3,3999.34,3981.36,,17.98,midnight,baseline,FILLED,2026-07-21,MARKET at 02:00 open,,2026-07-21 02:00:00,4000.41,34.89,1.94,Unit 3,4035.3,2026-07-21 04:15:00,stopped out,-1.0,-1.0
2026-07-20_Trade_2,2026-07-20,Trade 2 — Pivot (regime-aware),Trade 2,n/a,,,,,,,,midnight,baseline,SUPPRESSED,,,,,,,,All,,,,0.0,0.0
2026-07-20_Trade_3C,2026-07-20,Trade 3C — Momentum-Breakout. TRANSITION regime; trades the confirmed break of the 25-session range.,Trade 3C,SHORT,CONDITIONAL,,4162.8,3574.0,3390.0,,,midnight,baseline,UNPRICED,,,,,,,,All,,,,0.0,0.0
2026-07-21_Trade_1,2026-07-21,"Trade 1 — Daily Directional (SHORT — bearish regime, conviction −0.71)",Trade 1,SHORT,MARKET,4008.0,4050.1,3965.9,3923.8,,42.1,midnight,baseline,SKIPPED_MALFORMED,2026-07-22,MARKET at 02:00 open,,2026-07-22 02:00:00,4080.43,30.33,0.72,All,,,MALFORMED - stop on wrong side of fill; not taken,0.0,0.0
2026-07-21_Trade_2,2026-07-21,"Trade 2 — Pivot (regime-aware, TREND branch: sell rallies to resistance)",Trade 2,SHORT,LIMIT,4029.2,4050.1,4008.3,3987.4,3969.0,20.9,midnight,baseline,SKIPPED_MALFORMED,2026-07-22,LIMIT already marketable at 02:00 - filled at open,,2026-07-22 02:00:00,4080.43,30.33,1.451,All,,,MALFORMED - stop on wrong side of fill; not taken,0.0,0.0
2026-07-21_Trade_3A,2026-07-21,Trade 3A — Momentum-Pullback (regime = TREND_DOWN → 3A active),Trade 3A,SHORT,LIMIT,4020.0,4049.0,3991.0,3962.0,3944.0,29.0,midnight,baseline,SKIPPED_MALFORMED,2026-07-22,LIMIT already marketable at 02:00 - filled at open,,2026-07-22 02:00:00,4080.43,31.43,1.084,All,,,MALFORMED - stop on wrong side of fill; not taken,0.0,0.0
2026-07-22_Trade_1,2026-07-22,Trade 1 — Daily Directional,Trade 1,n/a,,,,,,,,midnight,baseline,SUPPRESSED,,,,,,,,All,,,,0.0,0.0
2026-07-22_Trade_2,2026-07-22,Trade 2 — Pivot (RANGE mean-reversion),Trade 2,SHORT,LIMIT,4070.88,4131.47,4010.29,3949.7,4013.83,60.59,midnight,baseline,SKIPPED_MICRO_R,2026-07-23,LIMIT already marketable at 02:00 - filled at open,,2026-07-23 02:00:00,4121.75,9.72,0.16,All,,,MICRO-R - realised risk 9.7 < 0.25 x card R 60.6; not taken,0.0,0.0
2026-07-22_Trade_3B,2026-07-22,"Trade 3 — Mean-Reversion (3B, RANGE)",Trade 3B,LONG,LIMIT,4038.09,3988.09,4163.54,4338.99,,50.0,midnight,baseline,NO FILL,2026-07-23,,LIMIT 4038.09 not reached from 02:00 to 23:00 on 2026-07-23 (range 4040.2-4141.1),,,,,All,,,,0.0,0.0
2026-07-23_Trade_1,2026-07-23,Trade 1 — Daily Directional,Trade 1,LONG,MARKET,4151.55,4066.52,4236.58,4321.61,,85.03,midnight,baseline,SKIPPED_MALFORMED,2026-07-24,MARKET at 02:00 open,,2026-07-24 02:00:00,4049.64,16.88,0.199,All,,,MALFORMED - stop on wrong side of fill; not taken,0.0,0.0
2026-07-23_Trade_2,2026-07-23,"Trade 2 — Pivot, TRANSITION regime branch",Trade 2,LONG,LIMIT,4117.75,4066.52,4168.98,4220.2,4185.9,51.23,midnight,baseline,SKIPPED_MALFORMED,2026-07-24,LIMIT already marketable at 02:00 - filled at open,,2026-07-24 02:00:00,4049.64,16.88,0.329,All,,,MALFORMED - stop on wrong side of fill; not taken,0.0,0.0
2026-07-23_Trade_3A,2026-07-23,Trade 3A — Momentum-Pullback,Trade 3A,LONG,LIMIT,4080.88,4020.0,4141.76,4152.1,4202.81,60.88,midnight,baseline,FILLED,2026-07-24,LIMIT already marketable at 02:00 - filled at open,,2026-07-24 02:00:00,4049.64,29.64,0.487,Unit 1,4020.0,2026-07-28 12:45:00,stopped out,-1.0,-1.0
2026-07-23_Trade_3A,2026-07-23,Trade 3A — Momentum-Pullback,Trade 3A,LONG,LIMIT,4080.88,4020.0,4141.76,4152.1,4202.81,60.88,midnight,baseline,FILLED,2026-07-24,LIMIT already marketable at 02:00 - filled at open,,2026-07-24 02:00:00,4049.64,29.64,0.487,Unit 2,4020.0,2026-07-28 12:45:00,stopped out,-1.0,-1.0
2026-07-23_Trade_3A,2026-07-23,Trade 3A — Momentum-Pullback,Trade 3A,LONG,LIMIT,4080.88,4020.0,4141.76,4152.1,4202.81,60.88,midnight,baseline,FILLED,2026-07-24,LIMIT already marketable at 02:00 - filled at open,,2026-07-24 02:00:00,4049.64,29.64,0.487,Unit 3,4020.0,2026-07-28 12:45:00,stopped out,-1.0,-1.0
2026-07-24_Trade_1,2026-07-24,Trade 1 — Daily Directional,Trade 1,SHORT,MARKET,4056.85,4139.61,3974.09,3891.32,,82.76,midnight,baseline,FILLED,2026-07-27,MARKET at 02:00 open,,2026-07-27 02:00:00,4089.53,50.08,0.605,Unit 1,4139.61,2026-08-05 07:00:00,stopped out,-1.0,-1.0
2026-07-24_Trade_1,2026-07-24,Trade 1 — Daily Directional,Trade 1,SHORT,MARKET,4056.85,4139.61,3974.09,3891.32,,82.76,midnight,baseline,FILLED,2026-07-27,MARKET at 02:00 open,,2026-07-27 02:00:00,4089.53,50.08,0.605,Unit 2,4139.61,2026-08-05 07:00:00,stopped out,-1.0,-1.0
2026-07-24_Trade_1,2026-07-24,Trade 1 — Daily Directional,Trade 1,SHORT,MARKET,4056.85,4139.61,3974.09,3891.32,,82.76,midnight,baseline,FILLED,2026-07-27,MARKET at 02:00 open,,2026-07-27 02:00:00,4089.53,50.08,0.605,Unit 3,4076.66,2026-07-27 23:45:00,card runner time-stop at entry-session close,0.257,-0.239
2026-07-24_Trade_2,2026-07-24,"Trade 2 — Pivot (regime-aware, trend branch: fade the counter-trend rally into resistance)",Trade 2,SHORT,LIMIT,4119.99,4159.24,4080.74,4041.49,4014.86,39.25,midnight,baseline,NO FILL,2026-07-27,,LIMIT 4119.99 not reached from 02:00 to 23:00 on 2026-07-27 (range 4065.4-4116.2),,,,,All,,,,0.0,0.0
2026-07-24_Trade_3A,2026-07-24,Trade 3 — Momentum-Pullback (3A). Variant selected by the trending-bearish regime with efficiency-ratio confirmation,Trade 3A,SHORT,LIMIT,4100.5,4184.62,4036.0,3971.5,3956.28,84.12,midnight,baseline,FILLED,2026-07-27,LIMIT touched,,2026-07-27 03:00:00,4100.5,84.12,1.0,Unit 1,4036.0,2026-07-28 08:30:00,TP1 reached,0.767,0.767
2026-07-24_Trade_3A,2026-07-24,Trade 3 — Momentum-Pullback (3A). Variant selected by the trending-bearish regime with efficiency-ratio confirmation,Trade 3A,SHORT,LIMIT,4100.5,4184.62,4036.0,3971.5,3956.28,84.12,midnight,baseline,FILLED,2026-07-27,LIMIT touched,,2026-07-27 03:00:00,4100.5,84.12,1.0,Unit 2,4184.62,2026-08-05 14:30:00,stopped out,-1.0,-1.0
2026-07-24_Trade_3A,2026-07-24,Trade 3 — Momentum-Pullback (3A). Variant selected by the trending-bearish regime with efficiency-ratio confirmation,Trade 3A,SHORT,LIMIT,4100.5,4184.62,4036.0,3971.5,3956.28,84.12,midnight,baseline,FILLED,2026-07-27,LIMIT touched,,2026-07-27 03:00:00,4100.5,84.12,1.0,Unit 3,4184.62,2026-08-05 14:30:00,stopped out,-1.0,-1.0
2026-07-27_Trade_1,2026-07-27,Trade 1 - Daily Directional,Trade 1,SHORT,,,,,,,,midnight,baseline,SUPPRESSED,,,,,,,,All,,,,0.0,0.0
2026-07-27_Trade_2,2026-07-27,Trade 2 - Pivot fade at validated range extreme (Ranging regime).,Trade 2,SHORT,LIMIT,4088.0,4124.0,4052.0,4023.0,3961.0,36.0,midnight,baseline,NO FILL,2026-07-28,,LIMIT 4088.0 not reached from 02:00 to 23:00 on 2026-07-28 (range 4011.5-4075.2),,,,,All,,,,0.0,0.0
2026-07-27_Trade_3A,2026-07-27,Trade 3A - Momentum-Pullback. RANGE dual-gate fails (VOLator slope +0.01 not ≤ 0) → fork falls through to 3A.,Trade 3A,SHORT,STOP,4020.0,4058.0,3982.0,3961.0,3903.0,38.0,midnight,baseline,FILLED,2026-07-28,STOP touched,,2026-07-28 12:45:00,4020.0,38.0,1.0,Unit 1,4058.0,2026-07-29 21:00:00,stopped out,-1.0,-1.0
2026-07-27_Trade_3A,2026-07-27,Trade 3A - Momentum-Pullback. RANGE dual-gate fails (VOLator slope +0.01 not ≤ 0) → fork falls through to 3A.,Trade 3A,SHORT,STOP,4020.0,4058.0,3982.0,3961.0,3903.0,38.0,midnight,baseline,FILLED,2026-07-28,STOP touched,,2026-07-28 12:45:00,4020.0,38.0,1.0,Unit 2,4058.0,2026-07-29 21:00:00,stopped out,-1.0,-1.0
2026-07-27_Trade_3A,2026-07-27,Trade 3A - Momentum-Pullback. RANGE dual-gate fails (VOLator slope +0.01 not ≤ 0) → fork falls through to 3A.,Trade 3A,SHORT,STOP,4020.0,4058.0,3982.0,3961.0,3903.0,38.0,midnight,baseline,FILLED,2026-07-28,STOP touched,,2026-07-28 12:45:00,4020.0,38.0,1.0,Unit 3,4058.0,2026-07-29 21:00:00,stopped out,-1.0,-1.0
2026-07-28_Trade_1,2026-07-28,Trade 1 - Daily Directional (LONG),Trade 1,LONG,MARKET,4077.0,4035.2,4118.8,4160.6,,41.8,midnight,baseline,SKIPPED_MALFORMED,2026-07-29,MARKET at 02:00 open,,2026-07-29 02:00:00,4018.39,16.81,0.402,All,,,MALFORMED - stop on wrong side of fill; not taken,0.0,0.0
2026-07-28_Trade_2,2026-07-28,"Trade 2 - TRANSITION: breakout-side only (upside), aligned with the 3C long thesis",Trade 2,LONG,STOP,4055.47,4028.35,4083.23,4098.26,4113.28,27.12,midnight,baseline,FILLED,2026-07-29,STOP touched,,2026-07-29 21:00:00,4055.47,27.12,1.0,Unit 1,4083.23,2026-07-29 21:00:00,TP1 reached,1.024,1.024
2026-07-28_Trade_2,2026-07-28,"Trade 2 - TRANSITION: breakout-side only (upside), aligned with the 3C long thesis",Trade 2,LONG,STOP,4055.47,4028.35,4083.23,4098.26,4113.28,27.12,midnight,baseline,FILLED,2026-07-29,STOP touched,,2026-07-29 21:00:00,4055.47,27.12,1.0,Unit 2,4098.26,2026-07-29 21:45:00,TP2 reached,1.578,1.578
2026-07-28_Trade_2,2026-07-28,"Trade 2 - TRANSITION: breakout-side only (upside), aligned with the 3C long thesis",Trade 2,LONG,STOP,4055.47,4028.35,4083.23,4098.26,4113.28,27.12,midnight,baseline,FILLED,2026-07-29,STOP touched,,2026-07-29 21:00:00,4055.47,27.12,1.0,Unit 3,4113.28,2026-07-29 22:00:00,runner target reached,2.132,2.132
2026-07-28_Trade_3C,2026-07-28,Trade 3C - post-consolidation upside breakout of the 25-session range,Trade 3C,LONG,CONDITIONAL,4183.84,3795.15,4783.74,5092.67,,388.69,midnight,baseline,FILLED,2026-08-06,MARKET at 02:00 open,confirmed close 4246.9 on 2026-08-05; ,2026-08-06 02:00:00,4250.05,454.9,1.17,Unit 1,4472.99,2026-09-03 23:45:00,unresolved at end of data - MTM,0.49,0.744
2026-07-28_Trade_3C,2026-07-28,Trade 3C - post-consolidation upside breakout of the 25-session range,Trade 3C,LONG,CONDITIONAL,4183.84,3795.15,4783.74,5092.67,,388.69,midnight,baseline,FILLED,2026-08-06,MARKET at 02:00 open,confirmed close 4246.9 on 2026-08-05; ,2026-08-06 02:00:00,4250.05,454.9,1.17,Unit 2,4472.99,2026-09-03 23:45:00,unresolved at end of data - MTM,0.49,0.744
2026-07-28_Trade_3C,2026-07-28,Trade 3C - post-consolidation upside breakout of the 25-session range,Trade 3C,LONG,CONDITIONAL,4183.84,3795.15,4783.74,5092.67,,388.69,midnight,baseline,FILLED,2026-08-06,MARKET at 02:00 open,confirmed close 4246.9 on 2026-08-05; ,2026-08-06 02:00:00,4250.05,454.9,1.17,Unit 3,4472.99,2026-09-03 23:45:00,unresolved at end of data - MTM,0.49,0.744
2026-07-29_Trade_1,2026-07-29,Trade 1 - Daily Directional (SHORT),Trade 1,SHORT,MARKET,4030.0,4097.0,3963.0,3896.0,,67.0,midnight,baseline,SKIPPED_MICRO_R,2026-07-30,MARKET at 02:00 open,,2026-07-30 02:00:00,4088.48,8.52,0.127,All,,,MICRO-R - realised risk 8.5 < 0.25 x card R 67.0; not taken,0.0,0.0
2026-07-29_Trade_2,2026-07-29,"Trade 2 - Pivot, regime-aware (TRANSITION → breakout side only)",Trade 2,SHORT,STOP,3964.0,4036.0,3912.0,3858.0,3841.0,72.0,midnight,baseline,NO FILL,2026-07-30,,STOP 3964.0 not reached from 02:00 to 23:00 on 2026-07-30 (range 4028.6-4120.1),,,,,All,,,,0.0,0.0
2026-07-29_Trade_3C,2026-07-29,Trade 3C - Momentum-Breakout (TRANSITION),Trade 3C,SHORT,CONDITIONAL,3926.0,4099.0,3686.0,3556.0,,,midnight,baseline,NO TRIGGER,,,confirming close beyond 3926.0 never printed,,,,,All,,,,0.0,0.0
2026-07-30_Trade_1,2026-07-30,Trade 1 — Daily Directional (SHORT),Trade 1,SHORT,MARKET,4035.0,4077.45,3992.55,3950.1,3837.63,42.45,midnight,baseline,SKIPPED_MALFORMED,2026-07-31,MARKET at 02:00 open,,2026-07-31 02:00:00,4109.24,31.79,0.749,All,,,MALFORMED - stop on wrong side of fill; not taken,0.0,0.0
2026-07-30_Trade_2,2026-07-30,"Trade 2 — Pivot, TRANSITION (breakout-side only)",Trade 2,SHORT,STOP,3943.55,3995.8,3891.3,3839.06,4054.17,52.25,midnight,baseline,NO FILL,2026-07-31,,STOP 3943.55 not reached from 02:00 to 23:00 on 2026-07-31 (range 4021.2-4111.8),,,,,All,,,,0.0,0.0
2026-07-30_Trade_3C,2026-07-30,"Trade 3C — Momentum-Breakout (TRANSITION, downside)",Trade 3C,SHORT,CONDITIONAL,,4174.8,3602.0,3423.0,,231.25,midnight,baseline,UNPRICED,,,,,,,,All,,,,0.0,0.0
2026-07-31_Trade_1,2026-07-31,"Trade 1 — Daily Directional (long bias, override-produced)",Trade 1,LONG,MARKET,4066.0,3995.0,4137.0,4208.0,,71.0,midnight,baseline,FILLED,2026-08-03,MARKET at 02:00 open,,2026-08-03 02:00:00,4063.66,68.66,0.967,Unit 1,4137.0,2026-08-05 07:00:00,TP1 reached,1.068,1.0
2026-07-31_Trade_1,2026-07-31,"Trade 1 — Daily Directional (long bias, override-produced)",Trade 1,LONG,MARKET,4066.0,3995.0,4137.0,4208.0,,71.0,midnight,baseline,FILLED,2026-08-03,MARKET at 02:00 open,,2026-08-03 02:00:00,4063.66,68.66,0.967,Unit 2,4208.0,2026-08-05 15:15:00,TP2 reached,2.102,2.0
2026-07-31_Trade_1,2026-07-31,"Trade 1 — Daily Directional (long bias, override-produced)",Trade 1,LONG,MARKET,4066.0,3995.0,4137.0,4208.0,,71.0,midnight,baseline,FILLED,2026-08-03,MARKET at 02:00 open,,2026-08-03 02:00:00,4063.66,68.66,0.967,Unit 3,4055.2,2026-08-03 23:45:00,card runner time-stop at entry-session close,-0.123,-0.152
2026-07-31_Trade_2,2026-07-31,"Trade 2 — Pivot, regime-aware (TRANSITION → breakout side)",Trade 2,LONG,STOP,4074.0,4029.0,4117.0,4142.0,4168.0,45.0,midnight,baseline,FILLED,2026-08-03,STOP touched,,2026-08-03 02:45:00,4074.0,45.0,1.0,Unit 1,4029.0,2026-08-03 16:30:00,stopped out,-1.0,-1.0
2026-07-31_Trade_2,2026-07-31,"Trade 2 — Pivot, regime-aware (TRANSITION → breakout side)",Trade 2,LONG,STOP,4074.0,4029.0,4117.0,4142.0,4168.0,45.0,midnight,baseline,FILLED,2026-08-03,STOP touched,,2026-08-03 02:45:00,4074.0,45.0,1.0,Unit 2,4029.0,2026-08-03 16:30:00,stopped out,-1.0,-1.0
2026-07-31_Trade_2,2026-07-31,"Trade 2 — Pivot, regime-aware (TRANSITION → breakout side)",Trade 2,LONG,STOP,4074.0,4029.0,4117.0,4142.0,4168.0,45.0,midnight,baseline,FILLED,2026-08-03,STOP touched,,2026-08-03 02:45:00,4074.0,45.0,1.0,Unit 3,4029.0,2026-08-03 16:30:00,stopped out,-1.0,-1.0
2026-07-31_Trade_3C,2026-07-31,"Trade 3 — Momentum-Breakout (3C, TRANSITION regime)",Trade 3C,LONG,CONDITIONAL,4406.0,4119.0,4821.0,5040.0,,,midnight,baseline,FILLED,2026-08-13,MARKET at 02:00 open,confirmed close 4408.6 on 2026-08-12; ,2026-08-13 02:00:00,4402.22,283.22,0.987,Unit 1,4472.99,2026-09-03 23:45:00,unresolved at end of data - MTM,0.25,0.233
2026-07-31_Trade_3C,2026-07-31,"Trade 3 — Momentum-Breakout (3C, TRANSITION regime)",Trade 3C,LONG,CONDITIONAL,4406.0,4119.0,4821.0,5040.0,,,midnight,baseline,FILLED,2026-08-13,MARKET at 02:00 open,confirmed close 4408.6 on 2026-08-12; ,2026-08-13 02:00:00,4402.22,283.22,0.987,Unit 2,4472.99,2026-09-03 23:45:00,unresolved at end of data - MTM,0.25,0.233
2026-07-31_Trade_3C,2026-07-31,"Trade 3 — Momentum-Breakout (3C, TRANSITION regime)",Trade 3C,LONG,CONDITIONAL,4406.0,4119.0,4821.0,5040.0,,,midnight,baseline,FILLED,2026-08-13,MARKET at 02:00 open,confirmed close 4408.6 on 2026-08-12; ,2026-08-13 02:00:00,4402.22,283.22,0.987,Unit 3,4472.99,2026-09-03 23:45:00,unresolved at end of data - MTM,0.25,0.233
