card_id,report_date,strategy,family,direction,entry_mode,entry,stop,tp1,tp2,tp3,card_R_points,policy,source,fill_status,unit,R,R_card,entry_session,fill_reason,entry_rule,fill_ts,fill_px,R_points,risk_vs_card,exit_px,exit_ts,exit_reason
2026-05-11_Trade_1,2026-05-11,Trade 1 - Daily Directional,Trade 1,n/a,,,,,,,,band0845,baseline,SUPPRESSED,All,0.0,0.0,,,,,,,,,,
2026-05-11_Trade_2,2026-05-11,"Trade 2 - Pivot, TRANSITION regime, breakout-side only (per §5.2c)",Trade 2,SHORT,CONDITIONAL,10082.0,10158.0,10006.0,9930.0,9678.0,76.0,band0845,baseline,NO TRIGGER,All,0.0,0.0,,confirming close beyond 10082.0 never printed,,,,,,,,
2026-05-11_Trade_3C,2026-05-11,Trade 3C - Momentum-Breakout (TRANSITION fork),Trade 3C,SHORT,CONDITIONAL,,10284.0,8768.0,8226.0,,433.0,band0845,baseline,UNPRICED,All,0.0,0.0,,,,,,,,,,
2026-05-12_Trade_1,2026-05-12,"Trade 1 - Daily Directional (SHORT, mild conviction)",Trade 1,SHORT,MARKET,10267.45,10347.45,10227.45,10187.45,10107.45,80.0,band0845,baseline,FILLED,Unit 1,-1.0,-1.0,2026-05-13,,IN BAND (+0.50R) market at 08:45,2026-05-13 08:45:00,10307.6,39.85,0.498,10347.45,2026-05-13 10:30:00,stopped out
2026-05-12_Trade_1,2026-05-12,"Trade 1 - Daily Directional (SHORT, mild conviction)",Trade 1,SHORT,MARKET,10267.45,10347.45,10227.45,10187.45,10107.45,80.0,band0845,baseline,FILLED,Unit 2,-1.0,-1.0,2026-05-13,,IN BAND (+0.50R) market at 08:45,2026-05-13 08:45:00,10307.6,39.85,0.498,10347.45,2026-05-13 10:30:00,stopped out
2026-05-12_Trade_1,2026-05-12,"Trade 1 - Daily Directional (SHORT, mild conviction)",Trade 1,SHORT,MARKET,10267.45,10347.45,10227.45,10187.45,10107.45,80.0,band0845,baseline,FILLED,Unit 3,-1.0,-1.0,2026-05-13,,IN BAND (+0.50R) market at 08:45,2026-05-13 08:45:00,10307.6,39.85,0.498,10347.45,2026-05-13 10:30:00,stopped out
2026-05-12_Trade_2,2026-05-12,"Trade 2 - Regime-Aware Pivot (TRANSITIONAL breakout-side, two-sided)",Trade 2,SHORT,STOP,10217.0,10287.0,10147.45,10077.45,,70.0,band0845,baseline,FILLED,Unit 1,-1.0,-1.0,2026-05-13,,RECOVERY to entry-0.5R (10252.00),2026-05-13 15:30:00,10252.0,35.0,0.5,10287.0,2026-05-13 16:30:00,stopped out
2026-05-12_Trade_2,2026-05-12,"Trade 2 - Regime-Aware Pivot (TRANSITIONAL breakout-side, two-sided)",Trade 2,SHORT,STOP,10217.0,10287.0,10147.45,10077.45,,70.0,band0845,baseline,FILLED,Unit 2,-1.0,-1.0,2026-05-13,,RECOVERY to entry-0.5R (10252.00),2026-05-13 15:30:00,10252.0,35.0,0.5,10287.0,2026-05-13 16:30:00,stopped out
2026-05-12_Trade_2,2026-05-12,"Trade 2 - Regime-Aware Pivot (TRANSITIONAL breakout-side, two-sided)",Trade 2,SHORT,STOP,10217.0,10287.0,10147.45,10077.45,,70.0,band0845,baseline,FILLED,Unit 3,-1.0,-1.0,2026-05-13,,RECOVERY to entry-0.5R (10252.00),2026-05-13 15:30:00,10252.0,35.0,0.5,10287.0,2026-05-13 16:30:00,stopped out
2026-05-12_Trade_3B,2026-05-12,Trade 3 - Regime-driven Complex: 3B Mean-Reversion (RANGE-aware long),Trade 3B,LONG,LIMIT,10228.0,10192.0,10264.0,10300.0,10372.0,36.0,band0845,baseline,NO FILL,All,0.0,0.0,2026-05-13,08:45 10307.6 was -2.21R worse than entry; never returned to entry by cut-off,,,,,,,,
2026-05-13_Trade_1,2026-05-13,Trade Card 1 - Daily Directional (FTSE 100),Trade 1,SHORT,CONDITIONAL,10250.0,10329.0,10171.0,10092.0,9967.0,79.0,band0845,baseline,FILLED,Unit 1,-1.0,-1.0,2026-05-18,confirmed close 10187.0 on 2026-05-15; ,WAITED for return to entry,2026-05-18 14:30:00,10250.0,79.0,1.0,10329.0,2026-05-18 16:45:00,stopped out
2026-05-13_Trade_1,2026-05-13,Trade Card 1 - Daily Directional (FTSE 100),Trade 1,SHORT,CONDITIONAL,10250.0,10329.0,10171.0,10092.0,9967.0,79.0,band0845,baseline,FILLED,Unit 2,-1.0,-1.0,2026-05-18,confirmed close 10187.0 on 2026-05-15; ,WAITED for return to entry,2026-05-18 14:30:00,10250.0,79.0,1.0,10329.0,2026-05-18 16:45:00,stopped out
2026-05-13_Trade_1,2026-05-13,Trade Card 1 - Daily Directional (FTSE 100),Trade 1,SHORT,CONDITIONAL,10250.0,10329.0,10171.0,10092.0,9967.0,79.0,band0845,baseline,FILLED,Unit 3,-1.0,-1.0,2026-05-18,confirmed close 10187.0 on 2026-05-15; ,WAITED for return to entry,2026-05-18 14:30:00,10250.0,79.0,1.0,10329.0,2026-05-18 16:45:00,stopped out
2026-05-13_Trade_2,2026-05-13,Trade Card 2 - Regime-Aware Pivot (FTSE 100),Trade 2,SHORT,LIMIT,10327.0,10410.0,10265.0,10229.0,10164.0,83.0,band0845,baseline,FILLED,Unit 1,0.747,0.747,2026-05-14,,WAITED for return to entry,2026-05-14 09:00:00,10327.0,83.0,1.0,10265.0,2026-05-15 08:45:00,TP1 reached
2026-05-13_Trade_2,2026-05-13,Trade Card 2 - Regime-Aware Pivot (FTSE 100),Trade 2,SHORT,LIMIT,10327.0,10410.0,10265.0,10229.0,10164.0,83.0,band0845,baseline,FILLED,Unit 2,1.181,1.181,2026-05-14,,WAITED for return to entry,2026-05-14 09:00:00,10327.0,83.0,1.0,10229.0,2026-05-15 11:30:00,TP2 reached
2026-05-13_Trade_2,2026-05-13,Trade Card 2 - Regime-Aware Pivot (FTSE 100),Trade 2,SHORT,LIMIT,10327.0,10410.0,10265.0,10229.0,10164.0,83.0,band0845,baseline,FILLED,Unit 3,1.964,1.964,2026-05-14,,WAITED for return to entry,2026-05-14 09:00:00,10327.0,83.0,1.0,10164.0,2026-05-15 15:15:00,runner target reached
2026-05-13_Trade_3B,2026-05-13,Trade Card 3 - Complex (Regime Variant 3B: Range Mean-Reversion),Trade 3B,SHORT,LIMIT,10362.0,10485.0,10265.0,10164.0,9967.0,123.0,band0845,baseline,FILLED,Unit 1,0.789,0.789,2026-05-14,,WAITED for return to entry,2026-05-14 14:00:00,10362.0,123.0,1.0,10265.0,2026-05-15 08:45:00,TP1 reached
2026-05-13_Trade_3B,2026-05-13,Trade Card 3 - Complex (Regime Variant 3B: Range Mean-Reversion),Trade 3B,SHORT,LIMIT,10362.0,10485.0,10265.0,10164.0,9967.0,123.0,band0845,baseline,FILLED,Unit 2,1.61,1.61,2026-05-14,,WAITED for return to entry,2026-05-14 14:00:00,10362.0,123.0,1.0,10164.0,2026-05-15 15:15:00,TP2 reached
2026-05-13_Trade_3B,2026-05-13,Trade Card 3 - Complex (Regime Variant 3B: Range Mean-Reversion),Trade 3B,SHORT,LIMIT,10362.0,10485.0,10265.0,10164.0,9967.0,123.0,band0845,baseline,FILLED,Unit 3,-1.0,-1.0,2026-05-14,,WAITED for return to entry,2026-05-14 14:00:00,10362.0,123.0,1.0,10485.0,2026-05-21 20:15:00,stopped out
2026-05-14_Trade_1,2026-05-14,Trade 1 - Daily Directional,Trade 1,SHORT,,,,,,,,band0845,baseline,SUPPRESSED,All,0.0,0.0,,,,,,,,,,
2026-05-14_Trade_2,2026-05-14,"Trade 2 - Pivot (regime-aware, RANGE)",Trade 2,SHORT,LIMIT,10353.0,10388.0,10318.0,10283.0,10245.0,35.0,band0845,baseline,NO FILL,All,0.0,0.0,2026-05-15,08:45 10266.5 was -2.47R worse than entry; never returned to entry by cut-off,,,,,,,,
2026-05-14_Trade_3B,2026-05-14,Trade 3B - Mean-Reversion (RANGE branch),Trade 3B,SHORT,LIMIT,10335.0,10395.0,10275.0,10245.0,10184.0,60.0,band0845,baseline,NO FILL,All,0.0,0.0,2026-05-15,08:45 10266.5 was -1.14R worse than entry; never returned to entry by cut-off,,,,,,,,
2026-05-15_Trade_1,2026-05-15,Trend-following long (Trade 1),Trade 1,LONG,CONDITIONAL,10370.0,10292.0,10454.0,10535.0,10616.0,81.0,band0845,baseline,FILLED,Unit 1,1.077,1.077,2026-05-21,confirmed close 10443.3 on 2026-05-20; ,WAITED for return to entry,2026-05-21 09:30:00,10370.0,78.0,1.0,10454.0,2026-05-21 16:45:00,TP1 reached
2026-05-15_Trade_1,2026-05-15,Trend-following long (Trade 1),Trade 1,LONG,CONDITIONAL,10370.0,10292.0,10454.0,10535.0,10616.0,81.0,band0845,baseline,FILLED,Unit 2,2.115,2.115,2026-05-21,confirmed close 10443.3 on 2026-05-20; ,WAITED for return to entry,2026-05-21 09:30:00,10370.0,78.0,1.0,10535.0,2026-05-26 03:00:00,TP2 reached
2026-05-15_Trade_1,2026-05-15,Trend-following long (Trade 1),Trade 1,LONG,CONDITIONAL,10370.0,10292.0,10454.0,10535.0,10616.0,81.0,band0845,baseline,FILLED,Unit 3,0.0,0.0,2026-05-21,confirmed close 10443.3 on 2026-05-20; ,WAITED for return to entry,2026-05-21 09:30:00,10370.0,78.0,1.0,10370.0,2026-05-29 22:45:00,BE trail hit (BE_ON_TP1)
2026-05-15_Trade_2,2026-05-15,Pivot trade - TREND_UP face-support buy (Trade 2),Trade 2,LONG,LIMIT,10293.0,10200.0,10346.0,10427.0,10480.0,93.0,band0845,baseline,FILLED,Unit 1,2.14,0.57,2026-05-18,,RECOVERY to entry-0.5R (10246.50),2026-05-18 14:30:00,10246.5,46.5,0.5,10346.0,2026-05-18 22:45:00,TP1 reached
2026-05-15_Trade_2,2026-05-15,Pivot trade - TREND_UP face-support buy (Trade 2),Trade 2,LONG,LIMIT,10293.0,10200.0,10346.0,10427.0,10480.0,93.0,band0845,baseline,FILLED,Unit 2,0.0,-0.5,2026-05-18,,RECOVERY to entry-0.5R (10246.50),2026-05-18 14:30:00,10246.5,46.5,0.5,10246.5,2026-05-20 05:30:00,BE trail hit (BE_ON_TP1)
2026-05-15_Trade_2,2026-05-15,Pivot trade - TREND_UP face-support buy (Trade 2),Trade 2,LONG,LIMIT,10293.0,10200.0,10346.0,10427.0,10480.0,93.0,band0845,baseline,FILLED,Unit 3,0.0,-0.5,2026-05-18,,RECOVERY to entry-0.5R (10246.50),2026-05-18 14:30:00,10246.5,46.5,0.5,10246.5,2026-05-20 05:30:00,BE trail hit (BE_ON_TP1)
2026-05-15_Trade_3A,2026-05-15,"Complex - Continuation breakout long (Trade 3A, TREND_UP fork)",Trade 3A,LONG,CONDITIONAL,10425.0,10330.0,10520.0,10615.0,10930.0,95.0,band0845,baseline,FILLED,Unit 1,1.896,1.0,2026-05-21,confirmed close 10443.3 on 2026-05-20; ,IN BAND (+0.31R) market at 08:45,2026-05-21 08:45:00,10395.6,65.6,0.691,10520.0,2026-05-26 03:00:00,TP1 reached
2026-05-15_Trade_3A,2026-05-15,"Complex - Continuation breakout long (Trade 3A, TREND_UP fork)",Trade 3A,LONG,CONDITIONAL,10425.0,10330.0,10520.0,10615.0,10930.0,95.0,band0845,baseline,FILLED,Unit 2,-1.0,-1.0,2026-05-21,confirmed close 10443.3 on 2026-05-20; ,IN BAND (+0.31R) market at 08:45,2026-05-21 08:45:00,10395.6,65.6,0.691,10330.0,2026-06-01 16:00:00,stopped out
2026-05-15_Trade_3A,2026-05-15,"Complex - Continuation breakout long (Trade 3A, TREND_UP fork)",Trade 3A,LONG,CONDITIONAL,10425.0,10330.0,10520.0,10615.0,10930.0,95.0,band0845,baseline,FILLED,Unit 3,-1.0,-1.0,2026-05-21,confirmed close 10443.3 on 2026-05-20; ,IN BAND (+0.31R) market at 08:45,2026-05-21 08:45:00,10395.6,65.6,0.691,10330.0,2026-06-01 16:00:00,stopped out
2026-05-18_Trade_1,2026-05-18,Trade 1 - Daily Directional,Trade 1,SHORT,MARKET,10195.0,10328.0,10062.0,9929.0,9760.0,133.0,band0845,baseline,NO FILL,All,0.0,0.0,2026-05-19,08:45 10309.9 was +0.86R beyond entry; no recovery to 10261.5 by cut-off,,,,,,,,
2026-05-18_Trade_2,2026-05-18,Trade 2 - Pivot (regime-aware) - TREND-DOWN configuration,Trade 2,SHORT,LIMIT,10242.0,10330.0,10154.0,10066.0,10032.72,88.0,band0845,baseline,FILLED,Unit 1,-1.0,-1.0,2026-05-19,,RECOVERY to entry-0.5R (10286.00),2026-05-19 22:45:00,10286.0,44.0,0.5,10330.0,2026-05-20 12:45:00,stopped out
2026-05-18_Trade_2,2026-05-18,Trade 2 - Pivot (regime-aware) - TREND-DOWN configuration,Trade 2,SHORT,LIMIT,10242.0,10330.0,10154.0,10066.0,10032.72,88.0,band0845,baseline,FILLED,Unit 2,-1.0,-1.0,2026-05-19,,RECOVERY to entry-0.5R (10286.00),2026-05-19 22:45:00,10286.0,44.0,0.5,10330.0,2026-05-20 12:45:00,stopped out
2026-05-18_Trade_2,2026-05-18,Trade 2 - Pivot (regime-aware) - TREND-DOWN configuration,Trade 2,SHORT,LIMIT,10242.0,10330.0,10154.0,10066.0,10032.72,88.0,band0845,baseline,FILLED,Unit 3,-1.0,-1.0,2026-05-19,,RECOVERY to entry-0.5R (10286.00),2026-05-19 22:45:00,10286.0,44.0,0.5,10330.0,2026-05-20 12:45:00,stopped out
2026-05-18_Trade_3A,2026-05-18,Trade 3A - Momentum-Pullback,Trade 3A,SHORT,LIMIT,10245.0,10310.0,10180.0,10115.0,10055.0,65.0,band0845,baseline,NO FILL,All,0.0,0.0,2026-05-19,08:45 10309.9 was +1.00R beyond entry; no recovery to 10277.5 by cut-off,,,,,,,,
2026-05-19_Trade_1,2026-05-19,Trade 1 — Daily Directional (SHORT),Trade 1,SHORT,MARKET,10323.75,10444.6,10202.9,10082.05,10053.75,121.0,band0845,baseline,FILLED,Unit 1,-1.0,-1.0,2026-05-20,,WAITED for return to entry,2026-05-20 12:00:00,10323.75,120.85,1.0,10444.6,2026-05-20 18:15:00,stopped out
2026-05-19_Trade_1,2026-05-19,Trade 1 — Daily Directional (SHORT),Trade 1,SHORT,MARKET,10323.75,10444.6,10202.9,10082.05,10053.75,121.0,band0845,baseline,FILLED,Unit 2,-1.0,-1.0,2026-05-20,,WAITED for return to entry,2026-05-20 12:00:00,10323.75,120.85,1.0,10444.6,2026-05-20 18:15:00,stopped out
2026-05-19_Trade_1,2026-05-19,Trade 1 — Daily Directional (SHORT),Trade 1,SHORT,MARKET,10323.75,10444.6,10202.9,10082.05,10053.75,121.0,band0845,baseline,FILLED,Unit 3,-1.0,-1.0,2026-05-20,,WAITED for return to entry,2026-05-20 12:00:00,10323.75,120.85,1.0,10444.6,2026-05-20 18:15:00,stopped out
2026-05-19_Trade_2,2026-05-19,Trade 2 — Pivot (TRANSITION regime — breakout-side only),Trade 2,SHORT,STOP,10200.06,10268.88,10137.49,10088.88,10026.32,69.0,band0845,baseline,NO FILL,All,0.0,0.0,2026-05-20,08:45 10265.2 was +0.95R beyond entry; no recovery to 10234.5 by cut-off,,,,,,,,
2026-05-19_Trade_3C,2026-05-19,"Trade 3 — Regime-driven Complex (3C — Momentum-Breakout, TRANSITION regime)",Trade 3C,SHORT,CONDITIONAL,,10363.8,9619.0,9353.0,,235.0,band0845,baseline,UNPRICED,All,0.0,0.0,,,,,,,,,,
2026-05-20_Trade_1,2026-05-20,"Trade 1 — Daily Directional, LONG",Trade 1,LONG,MARKET,10335.0,10233.0,10437.0,10539.0,10641.0,102.0,band0845,baseline,NO FILL,All,0.0,0.0,2026-05-21,08:45 10395.6 was -0.59R worse than entry; never returned to entry by cut-off,,,,,,,,
2026-05-20_Trade_2,2026-05-20,"Trade 2 — Pivot (regime-aware), TRANSITION regime → breakout-side branch",Trade 2,LONG,STOP,10365.0,10289.0,10441.0,10517.0,10593.0,76.0,band0845,baseline,FILLED,Unit 1,1.0,1.0,2026-05-21,,WAITED for return to entry,2026-05-21 09:45:00,10365.0,76.0,1.0,10441.0,2026-05-21 16:45:00,TP1 reached
2026-05-20_Trade_2,2026-05-20,"Trade 2 — Pivot (regime-aware), TRANSITION regime → breakout-side branch",Trade 2,LONG,STOP,10365.0,10289.0,10441.0,10517.0,10593.0,76.0,band0845,baseline,FILLED,Unit 2,2.0,2.0,2026-05-21,,WAITED for return to entry,2026-05-21 09:45:00,10365.0,76.0,1.0,10517.0,2026-05-21 20:45:00,TP2 reached
2026-05-20_Trade_2,2026-05-20,"Trade 2 — Pivot (regime-aware), TRANSITION regime → breakout-side branch",Trade 2,LONG,STOP,10365.0,10289.0,10441.0,10517.0,10593.0,76.0,band0845,baseline,FILLED,Unit 3,1.651,1.651,2026-05-21,,WAITED for return to entry,2026-05-21 09:45:00,10365.0,76.0,1.0,10490.5,2026-05-21 22:45:00,card runner time-stop at entry-session close
2026-05-20_Trade_3A,2026-05-20,"Trade 3 — Momentum-Pullback (3A), TRANSITION regime",Trade 3A,LONG,LIMIT,10278.0,10196.0,10360.0,10442.0,10524.0,82.0,band0845,baseline,NO FILL,All,0.0,0.0,2026-05-21,08:45 10395.6 was -1.43R worse than entry; never returned to entry by cut-off,,,,,,,,
2026-05-21_Trade_1,2026-05-21,Trade 1 — Daily Directional (LONG),Trade 1,LONG,MARKET,10393.0,10248.8,10537.2,10681.5,10756.9,144.0,band0845,baseline,NO FILL,All,0.0,0.0,2026-05-22,08:45 10509.2 was -0.81R worse than entry; never returned to entry by cut-off,,,,,,,,
2026-05-21_Trade_2,2026-05-21,Trade 2 — Pivot,Trade 2,LONG,STOP,10397.6,10283.7,10508.5,10572.0,10635.5,114.0,band0845,baseline,NO FILL,All,0.0,0.0,2026-05-22,08:45 10509.2 was -0.98R worse than entry; never returned to entry by cut-off,,,,,,,,
2026-05-21_Trade_3C,2026-05-21,Trade 3C — Momentum-Breakout,Trade 3C,LONG,CONDITIONAL,10698.3,10375.5,11155.5,11399.2,,,band0845,baseline,FILLED,Unit 1,0.412,0.412,2026-07-23,confirmed close 10705.0 on 2026-07-22; ,WAITED for return to entry,2026-07-23 08:45:00,10698.3,322.8,1.0,10831.2,2026-09-03 22:45:00,unresolved at end of data - MTM
2026-05-21_Trade_3C,2026-05-21,Trade 3C — Momentum-Breakout,Trade 3C,LONG,CONDITIONAL,10698.3,10375.5,11155.5,11399.2,,,band0845,baseline,FILLED,Unit 2,0.412,0.412,2026-07-23,confirmed close 10705.0 on 2026-07-22; ,WAITED for return to entry,2026-07-23 08:45:00,10698.3,322.8,1.0,10831.2,2026-09-03 22:45:00,unresolved at end of data - MTM
2026-05-21_Trade_3C,2026-05-21,Trade 3C — Momentum-Breakout,Trade 3C,LONG,CONDITIONAL,10698.3,10375.5,11155.5,11399.2,,,band0845,baseline,FILLED,Unit 3,0.412,0.412,2026-07-23,confirmed close 10705.0 on 2026-07-22; ,WAITED for return to entry,2026-07-23 08:45:00,10698.3,322.8,1.0,10831.2,2026-09-03 22:45:00,unresolved at end of data - MTM
2026-05-22_Trade_1,2026-05-22,Trade 1 — Daily Directional,Trade 1,LONG,MARKET,10443.0,10318.0,10568.0,10693.0,10868.0,125.0,band0845,baseline,NO FILL,All,0.0,0.0,2026-05-26,08:45 10494.0 was -0.41R worse than entry; never returned to entry by cut-off,,,,,,,,
2026-05-22_Trade_2,2026-05-22,"Trade 2 — Pivot (TRANSITION, breakout side)",Trade 2,LONG,STOP,10512.0,10360.0,10664.0,10816.0,,152.0,band0845,baseline,FILLED,Unit 1,-1.0,-1.0,2026-05-26,,IN BAND (+0.12R) market at 08:45,2026-05-26 08:45:00,10494.0,134.0,0.882,10360.0,2026-06-01 16:00:00,stopped out
2026-05-22_Trade_2,2026-05-22,"Trade 2 — Pivot (TRANSITION, breakout side)",Trade 2,LONG,STOP,10512.0,10360.0,10664.0,10816.0,,152.0,band0845,baseline,FILLED,Unit 2,-1.0,-1.0,2026-05-26,,IN BAND (+0.12R) market at 08:45,2026-05-26 08:45:00,10494.0,134.0,0.882,10360.0,2026-06-01 16:00:00,stopped out
2026-05-22_Trade_2,2026-05-22,"Trade 2 — Pivot (TRANSITION, breakout side)",Trade 2,LONG,STOP,10512.0,10360.0,10664.0,10816.0,,152.0,band0845,baseline,FILLED,Unit 3,-1.0,-1.0,2026-05-26,,IN BAND (+0.12R) market at 08:45,2026-05-26 08:45:00,10494.0,134.0,0.882,10360.0,2026-06-01 16:00:00,stopped out
2026-05-22_Trade_3C,2026-05-22,Trade 3C — Momentum-Breakout,Trade 3C,LONG,CONDITIONAL,10658.0,10213.0,11307.0,11649.0,,445.0,band0845,baseline,FILLED,Unit 1,0.389,0.389,2026-07-03,confirmed close 10664.9 on 2026-07-02; ,WAITED for return to entry,2026-07-03 10:45:00,10658.0,445.0,1.0,10831.2,2026-09-03 22:45:00,unresolved at end of data - MTM
2026-05-22_Trade_3C,2026-05-22,Trade 3C — Momentum-Breakout,Trade 3C,LONG,CONDITIONAL,10658.0,10213.0,11307.0,11649.0,,445.0,band0845,baseline,FILLED,Unit 2,0.389,0.389,2026-07-03,confirmed close 10664.9 on 2026-07-02; ,WAITED for return to entry,2026-07-03 10:45:00,10658.0,445.0,1.0,10831.2,2026-09-03 22:45:00,unresolved at end of data - MTM
2026-05-22_Trade_3C,2026-05-22,Trade 3C — Momentum-Breakout,Trade 3C,LONG,CONDITIONAL,10658.0,10213.0,11307.0,11649.0,,445.0,band0845,baseline,FILLED,Unit 3,0.389,0.389,2026-07-03,confirmed close 10664.9 on 2026-07-02; ,WAITED for return to entry,2026-07-03 10:45:00,10658.0,445.0,1.0,10831.2,2026-09-03 22:45:00,unresolved at end of data - MTM
2026-05-25_Trade_1,2026-05-25,Trade 1 — Daily Directional,Trade 1,LONG,MARKET,10466.0,10413.0,10520.0,10574.0,10742.0,53.0,band0845,baseline,NO FILL,All,0.0,0.0,2026-05-26,08:45 10494.0 was -0.53R worse than entry; never returned to entry by cut-off,,,,,,,,
2026-05-25_Trade_2,2026-05-25,Trade 2 — Pivot (regime-aware). Regime TRANSITION → breakout-side limit only.,Trade 2,LONG,STOP,10424.0,10394.0,10474.0,10489.0,10504.0,30.0,band0845,baseline,NO FILL,All,0.0,0.0,2026-05-26,08:45 10494.0 was -2.33R worse than entry; never returned to entry by cut-off,,,,,,,,
2026-05-25_Trade_3A,2026-05-25,Trade 3 — Momentum-Pullback (3A). Built against the most recent qualifying up-swing; see Caveats for the regime note.,Trade 3A,LONG,LIMIT,10258.0,10065.0,10335.0,10488.0,10888.0,193.0,band0845,baseline,NO FILL,All,0.0,0.0,2026-05-26,08:45 10494.0 was -1.22R worse than entry; never returned to entry by cut-off,,,,,,,,
2026-05-26_Trade_1,2026-05-26,Trade 1 — Daily Directional,Trade 1,LONG,MARKET,10466.26,10235.03,10697.49,10928.73,10839.61,231.0,band0845,baseline,FILLED,Unit 1,-1.0,-1.0,2026-05-27,,WAITED for return to entry,2026-05-27 11:15:00,10466.26,231.23,1.0,10235.03,2026-06-09 18:30:00,stopped out
2026-05-26_Trade_1,2026-05-26,Trade 1 — Daily Directional,Trade 1,LONG,MARKET,10466.26,10235.03,10697.49,10928.73,10839.61,231.0,band0845,baseline,FILLED,Unit 2,-1.0,-1.0,2026-05-27,,WAITED for return to entry,2026-05-27 11:15:00,10466.26,231.23,1.0,10235.03,2026-06-09 18:30:00,stopped out
2026-05-26_Trade_1,2026-05-26,Trade 1 — Daily Directional,Trade 1,LONG,MARKET,10466.26,10235.03,10697.49,10928.73,10839.61,231.0,band0845,baseline,FILLED,Unit 3,0.095,0.095,2026-05-27,,WAITED for return to entry,2026-05-27 11:15:00,10466.26,231.23,1.0,10488.2,2026-05-27 22:45:00,card runner time-stop at entry-session close
2026-05-26_Trade_2,2026-05-26,"Trade 2 — Pivot, regime-aware. Regime TRANSITION — breakout-side configuration, upside only.",Trade 2,LONG,STOP,10466.61,10444.71,10490.34,10502.38,10514.42,22.0,band0845,baseline,FILLED,Unit 1,1.084,1.084,2026-05-27,,WAITED for return to entry,2026-05-27 11:15:00,10466.61,21.9,1.0,10490.34,2026-05-27 11:45:00,TP1 reached
2026-05-26_Trade_2,2026-05-26,"Trade 2 — Pivot, regime-aware. Regime TRANSITION — breakout-side configuration, upside only.",Trade 2,LONG,STOP,10466.61,10444.71,10490.34,10502.38,10514.42,22.0,band0845,baseline,FILLED,Unit 2,1.633,1.633,2026-05-27,,WAITED for return to entry,2026-05-27 11:15:00,10466.61,21.9,1.0,10502.38,2026-05-27 12:15:00,TP2 reached
2026-05-26_Trade_2,2026-05-26,"Trade 2 — Pivot, regime-aware. Regime TRANSITION — breakout-side configuration, upside only.",Trade 2,LONG,STOP,10466.61,10444.71,10490.34,10502.38,10514.42,22.0,band0845,baseline,FILLED,Unit 3,2.183,2.183,2026-05-27,,WAITED for return to entry,2026-05-27 11:15:00,10466.61,21.9,1.0,10514.42,2026-05-27 13:00:00,runner target reached
2026-05-26_Trade_3C,2026-05-26,Trade 3C — Momentum-Breakout,Trade 3C,LONG,CONDITIONAL,,,,,,,band0845,baseline,SUPPRESSED,All,0.0,0.0,,,,,,,,,,
2026-05-27_Trade_1,2026-05-27,Trade 1 - Daily Directional,Trade 1,LONG,MARKET,10523.85,10440.0,10607.85,10691.85,,84.0,band0845,baseline,NO FILL,All,0.0,0.0,2026-05-28,08:45 10437.2 was +1.03R beyond entry; no recovery to 10481.9 by cut-off,,,,,,,,
2026-05-27_Trade_2,2026-05-27,"Trade 2 - Pivot (regime-aware, TREND_UP -> LONG)",Trade 2,LONG,STOP,10528.62,10479.83,10558.23,10592.62,10618.0,49.0,band0845,baseline,NO FILL,All,0.0,0.0,2026-05-28,08:45 10437.2 was +1.87R beyond entry; no recovery to 10504.2 by cut-off,,,,,,,,
2026-05-27_Trade_3A,2026-05-27,Trade 3A - Momentum-Pullback,Trade 3A,LONG,LIMIT,10440.4,10340.0,10476.7,10548.6,10640.0,100.0,band0845,baseline,FILLED,Unit 1,-1.0,-1.0,2026-05-28,,IN BAND (+0.03R) market at 08:45,2026-05-28 08:45:00,10437.2,97.2,0.968,10340.0,2026-06-01 16:00:00,stopped out
2026-05-27_Trade_3A,2026-05-27,Trade 3A - Momentum-Pullback,Trade 3A,LONG,LIMIT,10440.4,10340.0,10476.7,10548.6,10640.0,100.0,band0845,baseline,FILLED,Unit 2,-1.0,-1.0,2026-05-28,,IN BAND (+0.03R) market at 08:45,2026-05-28 08:45:00,10437.2,97.2,0.968,10340.0,2026-06-01 16:00:00,stopped out
2026-05-27_Trade_3A,2026-05-27,Trade 3A - Momentum-Pullback,Trade 3A,LONG,LIMIT,10440.4,10340.0,10476.7,10548.6,10640.0,100.0,band0845,baseline,FILLED,Unit 3,-1.0,-1.0,2026-05-28,,IN BAND (+0.03R) market at 08:45,2026-05-28 08:45:00,10437.2,97.2,0.968,10340.0,2026-06-01 16:00:00,stopped out
2026-05-28_Trade_1,2026-05-28,Trade 1 - Daily Directional,Trade 1,LONG,MARKET,10508.88,10424.25,10593.51,10678.14,10733.88,84.63,band0845,baseline,NO FILL,All,0.0,0.0,2026-05-29,08:45 10436.1 was +0.86R beyond entry; no recovery to 10466.6 by cut-off,,,,,,,,
2026-05-28_Trade_2,2026-05-28,"Trade 2 - Pivot (regime-aware, TREND_UP branch - pivot breakout LONG)",Trade 2,LONG,STOP,10458.47,10391.3,10539.04,10575.43,10611.82,67.18,band0845,baseline,FILLED,Unit 1,-1.0,-1.0,2026-05-29,,IN BAND (+0.33R) market at 08:45,2026-05-29 08:45:00,10436.1,44.8,0.667,10391.3,2026-05-29 18:30:00,stopped out
2026-05-28_Trade_2,2026-05-28,"Trade 2 - Pivot (regime-aware, TREND_UP branch - pivot breakout LONG)",Trade 2,LONG,STOP,10458.47,10391.3,10539.04,10575.43,10611.82,67.18,band0845,baseline,FILLED,Unit 2,-1.0,-1.0,2026-05-29,,IN BAND (+0.33R) market at 08:45,2026-05-29 08:45:00,10436.1,44.8,0.667,10391.3,2026-05-29 18:30:00,stopped out
2026-05-28_Trade_2,2026-05-28,"Trade 2 - Pivot (regime-aware, TREND_UP branch - pivot breakout LONG)",Trade 2,LONG,STOP,10458.47,10391.3,10539.04,10575.43,10611.82,67.18,band0845,baseline,FILLED,Unit 3,-1.0,-1.0,2026-05-29,,IN BAND (+0.33R) market at 08:45,2026-05-29 08:45:00,10436.1,44.8,0.667,10391.3,2026-05-29 18:30:00,stopped out
2026-05-28_Trade_3A,2026-05-28,Trade 3A - Momentum-Pullback (TREND_UP regime fork; LONG),Trade 3A,LONG,LIMIT,10279.35,10081.25,10360.8,10522.0,10944.0,198.1,band0845,baseline,NO FILL,All,0.0,0.0,2026-05-29,08:45 10436.1 was -0.79R worse than entry; never returned to entry by cut-off,,,,,,,,
2026-05-29_Trade_1,2026-05-29,Trade 1 - Daily Directional,Trade 1,SHORT,,,,,,,,band0845,baseline,SUPPRESSED,All,0.0,0.0,,,,,,,,,,
2026-05-29_Trade_2,2026-05-29,"Trade 2 - Pivot, regime-aware (RANGE-fade)",Trade 2,LONG,LIMIT,10408.0,10338.0,10478.0,10518.0,10536.0,70.0,band0845,baseline,FILLED,Unit 1,-1.0,-1.0,2026-06-01,,IN BAND (+0.25R) market at 08:45,2026-06-01 08:45:00,10390.2,52.2,0.746,10338.0,2026-06-01 16:00:00,stopped out
2026-05-29_Trade_2,2026-05-29,"Trade 2 - Pivot, regime-aware (RANGE-fade)",Trade 2,LONG,LIMIT,10408.0,10338.0,10478.0,10518.0,10536.0,70.0,band0845,baseline,FILLED,Unit 2,-1.0,-1.0,2026-06-01,,IN BAND (+0.25R) market at 08:45,2026-06-01 08:45:00,10390.2,52.2,0.746,10338.0,2026-06-01 16:00:00,stopped out
2026-05-29_Trade_2,2026-05-29,"Trade 2 - Pivot, regime-aware (RANGE-fade)",Trade 2,LONG,LIMIT,10408.0,10338.0,10478.0,10518.0,10536.0,70.0,band0845,baseline,FILLED,Unit 3,-1.0,-1.0,2026-06-01,,IN BAND (+0.25R) market at 08:45,2026-06-01 08:45:00,10390.2,52.2,0.746,10338.0,2026-06-01 16:00:00,stopped out
2026-05-29_Trade_3B,2026-05-29,Trade 3B - Mean-Reversion,Trade 3B,LONG,CONDITIONAL,10405.0,10360.0,10450.0,10487.0,10520.0,45.0,band0845,baseline,FILLED,Unit 1,2.93,1.0,2026-06-12,confirmed close 10410.7 on 2026-06-11; ,IN BAND (+0.49R) market at 08:45,2026-06-12 08:45:00,10382.9,22.9,0.509,10450.0,2026-06-12 11:00:00,TP1 reached
2026-05-29_Trade_3B,2026-05-29,Trade 3B - Mean-Reversion,Trade 3B,LONG,CONDITIONAL,10405.0,10360.0,10450.0,10487.0,10520.0,45.0,band0845,baseline,FILLED,Unit 2,4.546,1.822,2026-06-12,confirmed close 10410.7 on 2026-06-11; ,IN BAND (+0.49R) market at 08:45,2026-06-12 08:45:00,10382.9,22.9,0.509,10487.0,2026-06-15 03:00:00,TP2 reached
2026-05-29_Trade_3B,2026-05-29,Trade 3B - Mean-Reversion,Trade 3B,LONG,CONDITIONAL,10405.0,10360.0,10450.0,10487.0,10520.0,45.0,band0845,baseline,FILLED,Unit 3,5.987,2.556,2026-06-12,confirmed close 10410.7 on 2026-06-11; ,IN BAND (+0.49R) market at 08:45,2026-06-12 08:45:00,10382.9,22.9,0.509,10520.0,2026-06-15 03:15:00,runner target reached
2026-06-01_Trade_1,2026-06-01,Trade 1 - Daily Directional (LONG - Transitional-bullish lean),Trade 1,LONG,MARKET,10409.0,10366.0,10453.0,10497.0,10597.0,43.0,band0845,baseline,FILLED,Unit 1,-1.0,-1.0,2026-06-02,,RECOVERY to entry-0.5R (10387.50),2026-06-02 10:30:00,10387.5,21.5,0.5,10366.0,2026-06-02 10:30:00,stopped out
2026-06-01_Trade_1,2026-06-01,Trade 1 - Daily Directional (LONG - Transitional-bullish lean),Trade 1,LONG,MARKET,10409.0,10366.0,10453.0,10497.0,10597.0,43.0,band0845,baseline,FILLED,Unit 2,-1.0,-1.0,2026-06-02,,RECOVERY to entry-0.5R (10387.50),2026-06-02 10:30:00,10387.5,21.5,0.5,10366.0,2026-06-02 10:30:00,stopped out
2026-06-01_Trade_1,2026-06-01,Trade 1 - Daily Directional (LONG - Transitional-bullish lean),Trade 1,LONG,MARKET,10409.0,10366.0,10453.0,10497.0,10597.0,43.0,band0845,baseline,FILLED,Unit 3,-1.0,-1.0,2026-06-02,,RECOVERY to entry-0.5R (10387.50),2026-06-02 10:30:00,10387.5,21.5,0.5,10366.0,2026-06-02 10:30:00,stopped out
2026-06-01_Trade_2,2026-06-01,Trade 2 - Pivot (regime-aware),Trade 2,n/a,,,,,,,,band0845,baseline,SUPPRESSED,All,0.0,0.0,,,,,,,,,,
2026-06-01_Trade_3C,2026-06-01,Trade 3 - Momentum-Breakout (3C - Transitional regime),Trade 3C,LONG,CONDITIONAL,10628.0,10353.0,11044.0,11260.0,,,band0845,baseline,FILLED,Unit 1,0.739,0.739,2026-07-03,confirmed close 10664.9 on 2026-07-02; ,WAITED for return to entry,2026-07-03 11:30:00,10628.0,275.0,1.0,10831.2,2026-09-03 22:45:00,unresolved at end of data - MTM
2026-06-01_Trade_3C,2026-06-01,Trade 3 - Momentum-Breakout (3C - Transitional regime),Trade 3C,LONG,CONDITIONAL,10628.0,10353.0,11044.0,11260.0,,,band0845,baseline,FILLED,Unit 2,0.739,0.739,2026-07-03,confirmed close 10664.9 on 2026-07-02; ,WAITED for return to entry,2026-07-03 11:30:00,10628.0,275.0,1.0,10831.2,2026-09-03 22:45:00,unresolved at end of data - MTM
2026-06-01_Trade_3C,2026-06-01,Trade 3 - Momentum-Breakout (3C - Transitional regime),Trade 3C,LONG,CONDITIONAL,10628.0,10353.0,11044.0,11260.0,,,band0845,baseline,FILLED,Unit 3,0.739,0.739,2026-07-03,confirmed close 10664.9 on 2026-07-02; ,WAITED for return to entry,2026-07-03 11:30:00,10628.0,275.0,1.0,10831.2,2026-09-03 22:45:00,unresolved at end of data - MTM
2026-06-02_Trade_1,2026-06-02,Trade 1 - Daily Directional,Trade 1,n/a,,,,,,,,band0845,baseline,SUPPRESSED,All,0.0,0.0,,,,,,,,,,
2026-06-02_Trade_2,2026-06-02,Trade 2 - Pivot (regime-aware),Trade 2,n/a,,,,,,,,band0845,baseline,SUPPRESSED,All,0.0,0.0,,,,,,,,,,
2026-06-02_Trade_3C,2026-06-02,Trade 3C - Momentum-Breakout (regime = TRANSITION),Trade 3C,LONG,CONDITIONAL,10575.0,10468.0,10705.0,10779.0,,107.0,band0845,baseline,NO FILL,All,0.0,0.0,2026-07-03,confirmed close 10664.9 on 2026-07-02; 08:45 10673.7 was -0.92R worse than entry; never returned to entry by cut-off,,,,,,,,
2026-06-03_Trade_1,2026-06-03,Trade 1 - Daily Directional (SHORT - bearish regime),Trade 1,SHORT,STOP,10316.0,10411.0,10221.0,10126.0,,95.0,band0845,baseline,FILLED,Unit 1,-1.0,-1.0,2026-06-04,,WAITED for return to entry,2026-06-04 10:00:00,10316.0,95.0,1.0,10411.0,2026-06-05 12:00:00,stopped out
2026-06-03_Trade_1,2026-06-03,Trade 1 - Daily Directional (SHORT - bearish regime),Trade 1,SHORT,STOP,10316.0,10411.0,10221.0,10126.0,,95.0,band0845,baseline,FILLED,Unit 2,-1.0,-1.0,2026-06-04,,WAITED for return to entry,2026-06-04 10:00:00,10316.0,95.0,1.0,10411.0,2026-06-05 12:00:00,stopped out
2026-06-03_Trade_1,2026-06-03,Trade 1 - Daily Directional (SHORT - bearish regime),Trade 1,SHORT,STOP,10316.0,10411.0,10221.0,10126.0,,95.0,band0845,baseline,FILLED,Unit 3,-0.798,-0.798,2026-06-04,,WAITED for return to entry,2026-06-04 10:00:00,10316.0,95.0,1.0,10391.8,2026-06-04 22:45:00,card runner time-stop at entry-session close
2026-06-03_Trade_2,2026-06-03,"Trade 2 - Pivot (regime-aware, SHORT-at-resistance)",Trade 2,SHORT,LIMIT,10442.0,10525.0,10359.0,10276.0,10245.0,83.0,band0845,baseline,NO FILL,All,0.0,0.0,2026-06-04,08:45 10285.7 was -1.88R worse than entry; never returned to entry by cut-off,,,,,,,,
2026-06-03_Trade_3A,2026-06-03,Trade 3A - Momentum-Pullback (SHORT),Trade 3A,SHORT,LIMIT,10357.0,10415.0,10299.0,10241.0,10130.0,58.0,band0845,baseline,FILLED,Unit 1,1.0,1.0,2026-06-04,,WAITED for return to entry,2026-06-04 10:30:00,10357.0,58.0,1.0,10299.0,2026-06-04 11:15:00,TP1 reached
2026-06-03_Trade_3A,2026-06-03,Trade 3A - Momentum-Pullback (SHORT),Trade 3A,SHORT,LIMIT,10357.0,10415.0,10299.0,10241.0,10130.0,58.0,band0845,baseline,FILLED,Unit 2,2.0,2.0,2026-06-04,,WAITED for return to entry,2026-06-04 10:30:00,10357.0,58.0,1.0,10241.0,2026-06-04 13:30:00,TP2 reached
2026-06-03_Trade_3A,2026-06-03,Trade 3A - Momentum-Pullback (SHORT),Trade 3A,SHORT,LIMIT,10357.0,10415.0,10299.0,10241.0,10130.0,58.0,band0845,baseline,FILLED,Unit 3,-1.0,-1.0,2026-06-04,,WAITED for return to entry,2026-06-04 10:30:00,10357.0,58.0,1.0,10415.0,2026-06-05 16:00:00,stopped out
2026-06-04_Trade_1,2026-06-04,Trade 1 - Daily Directional,Trade 1,SHORT,STOP,10318.0,10468.0,10168.0,10018.0,,150.0,band0845,baseline,FILLED,Unit 1,1.609,1.0,2026-06-05,,IN BAND (+0.23R) market at 08:45,2026-06-05 08:45:00,10353.0,115.0,0.767,10168.0,2026-06-10 13:00:00,TP1 reached
2026-06-04_Trade_1,2026-06-04,Trade 1 - Daily Directional,Trade 1,SHORT,STOP,10318.0,10468.0,10168.0,10018.0,,150.0,band0845,baseline,FILLED,Unit 2,-1.0,-1.0,2026-06-05,,IN BAND (+0.23R) market at 08:45,2026-06-05 08:45:00,10353.0,115.0,0.767,10468.0,2026-06-12 11:15:00,stopped out
2026-06-04_Trade_1,2026-06-04,Trade 1 - Daily Directional,Trade 1,SHORT,STOP,10318.0,10468.0,10168.0,10018.0,,150.0,band0845,baseline,FILLED,Unit 3,0.161,-0.11,2026-06-05,,IN BAND (+0.23R) market at 08:45,2026-06-05 08:45:00,10353.0,115.0,0.767,10334.5,2026-06-05 22:45:00,card runner time-stop at entry-session close
2026-06-04_Trade_2,2026-06-04,Trade 2 - Pivot (regime-aware),Trade 2,SHORT,LIMIT,10426.0,10500.0,10390.0,10318.0,10283.0,74.0,band0845,baseline,NO FILL,All,0.0,0.0,2026-06-05,08:45 10353.0 was -0.99R worse than entry; never returned to entry by cut-off,,,,,,,,
2026-06-04_Trade_3A,2026-06-04,Trade 3A - Momentum-Pullback (regime fork: Transitional → 3A),Trade 3A,SHORT,LIMIT,10400.0,10470.0,10330.0,10282.0,10250.0,70.0,band0845,baseline,FILLED,Unit 1,1.0,1.0,2026-06-05,,WAITED for return to entry,2026-06-05 12:00:00,10400.0,70.0,1.0,10330.0,2026-06-05 22:00:00,TP1 reached
2026-06-04_Trade_3A,2026-06-04,Trade 3A - Momentum-Pullback (regime fork: Transitional → 3A),Trade 3A,SHORT,LIMIT,10400.0,10470.0,10330.0,10282.0,10250.0,70.0,band0845,baseline,FILLED,Unit 2,1.686,1.686,2026-06-05,,WAITED for return to entry,2026-06-05 12:00:00,10400.0,70.0,1.0,10282.0,2026-06-09 17:45:00,TP2 reached
2026-06-04_Trade_3A,2026-06-04,Trade 3A - Momentum-Pullback (regime fork: Transitional → 3A),Trade 3A,SHORT,LIMIT,10400.0,10470.0,10330.0,10282.0,10250.0,70.0,band0845,baseline,FILLED,Unit 3,2.143,2.143,2026-06-05,,WAITED for return to entry,2026-06-05 12:00:00,10400.0,70.0,1.0,10250.0,2026-06-09 18:15:00,runner target reached
2026-06-05_Trade_1,2026-06-05,Trade 1 - Daily Directional (SHORT),Trade 1,SHORT,MARKET,10315.0,10485.0,10145.0,9976.0,10115.0,170.0,band0845,baseline,FILLED,Unit 1,1.0,1.0,2026-06-08,,WAITED for return to entry,2026-06-08 09:15:00,10315.0,170.0,1.0,10145.0,2026-06-10 14:00:00,TP1 reached
2026-06-05_Trade_1,2026-06-05,Trade 1 - Daily Directional (SHORT),Trade 1,SHORT,MARKET,10315.0,10485.0,10145.0,9976.0,10115.0,170.0,band0845,baseline,FILLED,Unit 2,-1.0,-1.0,2026-06-08,,WAITED for return to entry,2026-06-08 09:15:00,10315.0,170.0,1.0,10485.0,2026-06-12 22:15:00,stopped out
2026-06-05_Trade_1,2026-06-05,Trade 1 - Daily Directional (SHORT),Trade 1,SHORT,MARKET,10315.0,10485.0,10145.0,9976.0,10115.0,170.0,band0845,baseline,FILLED,Unit 3,-0.23,-0.23,2026-06-08,,WAITED for return to entry,2026-06-08 09:15:00,10315.0,170.0,1.0,10354.1,2026-06-08 22:45:00,card runner time-stop at entry-session close
2026-06-05_Trade_2,2026-06-05,"Trade 2 - Pivot, regime-aware (TRANSITION → breakout side only)",Trade 2,SHORT,CONDITIONAL,10290.0,10375.0,10205.0,10120.0,10043.0,85.0,band0845,baseline,FILLED,Unit 1,-1.0,-1.0,2026-06-11,confirmed close 10194.6 on 2026-06-10; ,WAITED for return to entry,2026-06-11 10:00:00,10290.0,85.0,1.0,10375.0,2026-06-11 20:30:00,stopped out
2026-06-05_Trade_2,2026-06-05,"Trade 2 - Pivot, regime-aware (TRANSITION → breakout side only)",Trade 2,SHORT,CONDITIONAL,10290.0,10375.0,10205.0,10120.0,10043.0,85.0,band0845,baseline,FILLED,Unit 2,-1.0,-1.0,2026-06-11,confirmed close 10194.6 on 2026-06-10; ,WAITED for return to entry,2026-06-11 10:00:00,10290.0,85.0,1.0,10375.0,2026-06-11 20:30:00,stopped out
2026-06-05_Trade_2,2026-06-05,"Trade 2 - Pivot, regime-aware (TRANSITION → breakout side only)",Trade 2,SHORT,CONDITIONAL,10290.0,10375.0,10205.0,10120.0,10043.0,85.0,band0845,baseline,FILLED,Unit 3,-1.0,-1.0,2026-06-11,confirmed close 10194.6 on 2026-06-10; ,WAITED for return to entry,2026-06-11 10:00:00,10290.0,85.0,1.0,10375.0,2026-06-11 20:30:00,stopped out
2026-06-05_Trade_3C,2026-06-05,Trade 3C - Momentum-Breakout (TRANSITION),Trade 3C,SHORT,CONDITIONAL,10283.0,10385.0,10180.0,10052.0,,102.0,band0845,baseline,FILLED,Unit 1,-1.0,-1.0,2026-06-11,confirmed close 10194.6 on 2026-06-10; ,WAITED for return to entry,2026-06-11 10:00:00,10283.0,102.0,1.0,10385.0,2026-06-11 20:30:00,stopped out
2026-06-05_Trade_3C,2026-06-05,Trade 3C - Momentum-Breakout (TRANSITION),Trade 3C,SHORT,CONDITIONAL,10283.0,10385.0,10180.0,10052.0,,102.0,band0845,baseline,FILLED,Unit 2,-1.0,-1.0,2026-06-11,confirmed close 10194.6 on 2026-06-10; ,WAITED for return to entry,2026-06-11 10:00:00,10283.0,102.0,1.0,10385.0,2026-06-11 20:30:00,stopped out
2026-06-05_Trade_3C,2026-06-05,Trade 3C - Momentum-Breakout (TRANSITION),Trade 3C,SHORT,CONDITIONAL,10283.0,10385.0,10180.0,10052.0,,102.0,band0845,baseline,FILLED,Unit 3,-1.0,-1.0,2026-06-11,confirmed close 10194.6 on 2026-06-10; ,WAITED for return to entry,2026-06-11 10:00:00,10283.0,102.0,1.0,10385.0,2026-06-11 20:30:00,stopped out
2026-06-08_Trade_1,2026-06-08,Trade 1 - Daily Directional,Trade 1,n/a,,,,,,,,band0845,baseline,SUPPRESSED,All,0.0,0.0,,,,,,,,,,
2026-06-08_Trade_2,2026-06-08,"Trade 2 - Pivot, regime-aware (TRANSITION → breakout side only, aligned with Trade 3C upside trigger)",Trade 2,LONG,STOP,10420.0,10326.0,10434.0,10456.0,10472.0,94.0,band0845,baseline,FILLED,Unit 1,-1.0,-1.0,2026-06-09,,IN BAND (+0.52R) market at 08:45,2026-06-09 08:45:00,10371.1,45.1,0.48,10326.0,2026-06-09 10:15:00,stopped out
2026-06-08_Trade_2,2026-06-08,"Trade 2 - Pivot, regime-aware (TRANSITION → breakout side only, aligned with Trade 3C upside trigger)",Trade 2,LONG,STOP,10420.0,10326.0,10434.0,10456.0,10472.0,94.0,band0845,baseline,FILLED,Unit 2,-1.0,-1.0,2026-06-09,,IN BAND (+0.52R) market at 08:45,2026-06-09 08:45:00,10371.1,45.1,0.48,10326.0,2026-06-09 10:15:00,stopped out
2026-06-08_Trade_2,2026-06-08,"Trade 2 - Pivot, regime-aware (TRANSITION → breakout side only, aligned with Trade 3C upside trigger)",Trade 2,LONG,STOP,10420.0,10326.0,10434.0,10456.0,10472.0,94.0,band0845,baseline,FILLED,Unit 3,-1.0,-1.0,2026-06-09,,IN BAND (+0.52R) market at 08:45,2026-06-09 08:45:00,10371.1,45.1,0.48,10326.0,2026-06-09 10:15:00,stopped out
2026-06-08_Trade_3C,2026-06-08,Trade 3 - Momentum-Breakout (3C); regime_label = TRANSITION,Trade 3C,LONG,CONDITIONAL,10465.0,10340.0,10642.0,10743.0,,,band0845,baseline,FILLED,Unit 1,-1.0,-1.0,2026-06-17,confirmed close 10472.3 on 2026-06-16; ,WAITED for return to entry,2026-06-17 21:00:00,10465.0,125.0,1.0,10340.0,2026-06-19 18:30:00,stopped out
2026-06-08_Trade_3C,2026-06-08,Trade 3 - Momentum-Breakout (3C); regime_label = TRANSITION,Trade 3C,LONG,CONDITIONAL,10465.0,10340.0,10642.0,10743.0,,,band0845,baseline,FILLED,Unit 2,-1.0,-1.0,2026-06-17,confirmed close 10472.3 on 2026-06-16; ,WAITED for return to entry,2026-06-17 21:00:00,10465.0,125.0,1.0,10340.0,2026-06-19 18:30:00,stopped out
2026-06-08_Trade_3C,2026-06-08,Trade 3 - Momentum-Breakout (3C); regime_label = TRANSITION,Trade 3C,LONG,CONDITIONAL,10465.0,10340.0,10642.0,10743.0,,,band0845,baseline,FILLED,Unit 3,-1.0,-1.0,2026-06-17,confirmed close 10472.3 on 2026-06-16; ,WAITED for return to entry,2026-06-17 21:00:00,10465.0,125.0,1.0,10340.0,2026-06-19 18:30:00,stopped out
2026-06-09_Trade_1,2026-06-09,Trade 1 - Daily Directional,Trade 1,n/a,,,,,,,,band0845,baseline,SUPPRESSED,All,0.0,0.0,,,,,,,,,,
2026-06-09_Trade_2,2026-06-09,"Trade 2 - Pivot, regime-aware (TRANSITION -> fade toward the corroborated floor)",Trade 2,LONG,LIMIT,10356.0,10300.0,10394.0,10424.0,10470.0,56.0,band0845,baseline,NO FILL,All,0.0,0.0,2026-06-10,08:45 10231.5 was +2.22R beyond entry; no recovery to 10328.0 by cut-off,,,,,,,,
2026-06-09_Trade_3C,2026-06-09,"Trade 3C - Momentum-Breakout; TRANSITION regime, anchor = 25-session range boundary",Trade 3C,SHORT,STOP,10316.0,10372.0,10285.0,10251.0,10224.0,56.0,band0845,baseline,NO FILL,All,0.0,0.0,2026-06-10,08:45 10231.5 was -1.51R worse than entry; never returned to entry by cut-off,,,,,,,,
2026-06-10_Trade_1,2026-06-10,Trade 1 - Daily Directional (SHORT),Trade 1,SHORT,MARKET,10227.0,10429.5,10025.0,9823.0,9985.0,202.0,band0845,baseline,FILLED,Unit 1,-1.0,-1.0,2026-06-11,,WAITED for return to entry,2026-06-11 09:30:00,10227.0,202.5,1.0,10429.5,2026-06-12 10:45:00,stopped out
2026-06-10_Trade_1,2026-06-10,Trade 1 - Daily Directional (SHORT),Trade 1,SHORT,MARKET,10227.0,10429.5,10025.0,9823.0,9985.0,202.0,band0845,baseline,FILLED,Unit 2,-1.0,-1.0,2026-06-11,,WAITED for return to entry,2026-06-11 09:30:00,10227.0,202.5,1.0,10429.5,2026-06-12 10:45:00,stopped out
2026-06-10_Trade_1,2026-06-10,Trade 1 - Daily Directional (SHORT),Trade 1,SHORT,MARKET,10227.0,10429.5,10025.0,9823.0,9985.0,202.0,band0845,baseline,FILLED,Unit 3,-0.907,-0.907,2026-06-11,,WAITED for return to entry,2026-06-11 09:30:00,10227.0,202.5,1.0,10410.7,2026-06-11 22:45:00,card runner time-stop at entry-session close
2026-06-10_Trade_2,2026-06-10,"Trade 2 - Pivot (TRANSITION, breakout side only) - SHORT",Trade 2,SHORT,CONDITIONAL,10189.0,10296.0,10082.0,9975.0,9873.0,107.0,band0845,baseline,NO TRIGGER,All,0.0,0.0,,confirming close beyond 10189.0 never printed,,,,,,,,
2026-06-10_Trade_3C,2026-06-10,Trade 3C - Momentum-Breakout (TRANSITION) - SHORT,Trade 3C,SHORT,CONDITIONAL,10205.0,10382.0,9839.0,9645.0,,,band0845,baseline,FILLED,Unit 1,-1.0,-1.0,2026-06-11,confirmed close 10194.6 on 2026-06-10; ,IN BAND (+0.11R) market at 08:45,2026-06-11 08:45:00,10224.8,157.2,0.888,10382.0,2026-06-11 20:30:00,stopped out
2026-06-10_Trade_3C,2026-06-10,Trade 3C - Momentum-Breakout (TRANSITION) - SHORT,Trade 3C,SHORT,CONDITIONAL,10205.0,10382.0,9839.0,9645.0,,,band0845,baseline,FILLED,Unit 2,-1.0,-1.0,2026-06-11,confirmed close 10194.6 on 2026-06-10; ,IN BAND (+0.11R) market at 08:45,2026-06-11 08:45:00,10224.8,157.2,0.888,10382.0,2026-06-11 20:30:00,stopped out
2026-06-10_Trade_3C,2026-06-10,Trade 3C - Momentum-Breakout (TRANSITION) - SHORT,Trade 3C,SHORT,CONDITIONAL,10205.0,10382.0,9839.0,9645.0,,,band0845,baseline,FILLED,Unit 3,-1.0,-1.0,2026-06-11,confirmed close 10194.6 on 2026-06-10; ,IN BAND (+0.11R) market at 08:45,2026-06-11 08:45:00,10224.8,157.2,0.888,10382.0,2026-06-11 20:30:00,stopped out
2026-06-11_Trade_1,2026-06-11,Trade 1 - Daily Directional (SHORT - TRANSITION/bearish tilt),Trade 1,SHORT,MARKET,10243.0,10361.0,10125.0,10007.0,,118.0,band0845,baseline,NO FILL,All,0.0,0.0,2026-06-12,08:45 10382.9 was +1.19R beyond entry; no recovery to 10302.0 by cut-off,,,,,,,,
2026-06-11_Trade_2,2026-06-11,Trade 2 - Pivot (regime-aware),Trade 2,n/a,,,,,,,,band0845,baseline,SUPPRESSED,All,0.0,0.0,,,,,,,,,,
2026-06-11_Trade_3C,2026-06-11,"Trade 3 - Complex (regime-driven, TRANSITION -> 3C breakout-side)",Trade 3C,SHORT,CONDITIONAL,10120.0,,9885.0,,,80.0,band0845,baseline,UNPRICED,All,0.0,0.0,,,,,,,,,,
2026-06-15_Trade_1,2026-06-15,Trade 1 — Daily Directional (LONG),Trade 1,LONG,MARKET,10471.72,10269.72,10673.72,10875.72,10867.22,202.0,band0845,baseline,FILLED,Unit 1,1.536,1.0,2026-06-16,,IN BAND (+0.21R) market at 08:45,2026-06-16 08:45:00,10429.0,159.28,0.789,10673.72,2026-07-02 17:45:00,TP1 reached
2026-06-15_Trade_1,2026-06-15,Trade 1 — Daily Directional (LONG),Trade 1,LONG,MARKET,10471.72,10269.72,10673.72,10875.72,10867.22,202.0,band0845,baseline,FILLED,Unit 2,2.805,2.0,2026-06-16,,IN BAND (+0.21R) market at 08:45,2026-06-16 08:45:00,10429.0,159.28,0.789,10875.72,2026-07-28 17:15:00,TP2 reached
2026-06-15_Trade_1,2026-06-15,Trade 1 — Daily Directional (LONG),Trade 1,LONG,MARKET,10471.72,10269.72,10673.72,10875.72,10867.22,202.0,band0845,baseline,FILLED,Unit 3,0.272,0.003,2026-06-16,,IN BAND (+0.21R) market at 08:45,2026-06-16 08:45:00,10429.0,159.28,0.789,10472.3,2026-06-16 22:45:00,card runner time-stop at entry-session close
2026-06-15_Trade_2,2026-06-15,"Trade 2 — Pivot (regime-aware, LONG-from-support)",Trade 2,LONG,LIMIT,10415.37,10240.0,10528.07,10584.41,10697.11,175.0,band0845,baseline,NO FILL,All,0.0,0.0,2026-06-16,08:45 10429.0 was -0.08R worse than entry; never returned to entry by cut-off,,,,,,,,
2026-06-15_Trade_3A,2026-06-15,"Trade 3 — Momentum-Pullback (3A, LONG)",Trade 3A,LONG,STOP,10500.0,10290.0,10471.72,10558.0,10640.0,210.0,band0845,baseline,FILLED,Unit 1,0.307,-0.135,2026-06-16,,IN BAND (+0.34R) market at 08:45,2026-06-16 08:45:00,10429.0,139.0,0.662,10471.72,2026-06-16 11:15:00,TP1 reached
2026-06-15_Trade_3A,2026-06-15,"Trade 3 — Momentum-Pullback (3A, LONG)",Trade 3A,LONG,STOP,10500.0,10290.0,10471.72,10558.0,10640.0,210.0,band0845,baseline,FILLED,Unit 2,0.928,0.276,2026-06-16,,IN BAND (+0.34R) market at 08:45,2026-06-16 08:45:00,10429.0,139.0,0.662,10558.0,2026-06-25 15:45:00,TP2 reached
2026-06-15_Trade_3A,2026-06-15,"Trade 3 — Momentum-Pullback (3A, LONG)",Trade 3A,LONG,STOP,10500.0,10290.0,10471.72,10558.0,10640.0,210.0,band0845,baseline,FILLED,Unit 3,1.518,0.667,2026-06-16,,IN BAND (+0.34R) market at 08:45,2026-06-16 08:45:00,10429.0,139.0,0.662,10640.0,2026-07-02 16:45:00,runner target reached
2026-06-16_Trade_1,2026-06-16,Trade 1 — Daily Directional (LONG · TREND_UP regime),Trade 1,LONG,MARKET,10471.72,10359.0,10584.7,10697.7,,113.0,band0845,baseline,FILLED,Unit 1,-1.0,-1.0,2026-06-17,,WAITED for return to entry,2026-06-17 11:00:00,10471.72,112.72,1.0,10359.0,2026-06-19 07:30:00,stopped out
2026-06-16_Trade_1,2026-06-16,Trade 1 — Daily Directional (LONG · TREND_UP regime),Trade 1,LONG,MARKET,10471.72,10359.0,10584.7,10697.7,,113.0,band0845,baseline,FILLED,Unit 2,-1.0,-1.0,2026-06-17,,WAITED for return to entry,2026-06-17 11:00:00,10471.72,112.72,1.0,10359.0,2026-06-19 07:30:00,stopped out
2026-06-16_Trade_1,2026-06-16,Trade 1 — Daily Directional (LONG · TREND_UP regime),Trade 1,LONG,MARKET,10471.72,10359.0,10584.7,10697.7,,113.0,band0845,baseline,FILLED,Unit 3,-0.233,-0.233,2026-06-17,,WAITED for return to entry,2026-06-17 11:00:00,10471.72,112.72,1.0,10445.4,2026-06-17 22:45:00,card runner time-stop at entry-session close
2026-06-16_Trade_2,2026-06-16,"Trade 2 — Pivot (regime-aware, TREND_UP → buy-the-dip to support)",Trade 2,LONG,LIMIT,10415.4,10302.7,10528.1,10556.2,10584.0,113.0,band0845,baseline,NO FILL,All,0.0,0.0,2026-06-17,08:45 10491.6 was -0.68R worse than entry; never returned to entry by cut-off,,,,,,,,
2026-06-16_Trade_3A,2026-06-16,"Trade 3A — Momentum-Pullback (complex, TREND_UP fork)",Trade 3A,LONG,STOP,10500.0,10330.0,10528.0,10556.0,10650.0,80.0,band0845,baseline,FILLED,Unit 1,-1.0,-1.0,2026-06-17,,IN BAND (+0.05R) market at 08:45,2026-06-17 08:45:00,10491.6,161.6,0.951,10330.0,2026-06-23 08:45:00,stopped out
2026-06-16_Trade_3A,2026-06-16,"Trade 3A — Momentum-Pullback (complex, TREND_UP fork)",Trade 3A,LONG,STOP,10500.0,10330.0,10528.0,10556.0,10650.0,80.0,band0845,baseline,FILLED,Unit 2,-1.0,-1.0,2026-06-17,,IN BAND (+0.05R) market at 08:45,2026-06-17 08:45:00,10491.6,161.6,0.951,10330.0,2026-06-23 08:45:00,stopped out
2026-06-16_Trade_3A,2026-06-16,"Trade 3A — Momentum-Pullback (complex, TREND_UP fork)",Trade 3A,LONG,STOP,10500.0,10330.0,10528.0,10556.0,10650.0,80.0,band0845,baseline,FILLED,Unit 3,-1.0,-1.0,2026-06-17,,IN BAND (+0.05R) market at 08:45,2026-06-17 08:45:00,10491.6,161.6,0.951,10330.0,2026-06-23 08:45:00,stopped out
2026-06-17_Trade_1,2026-06-17,Trade 1 — Daily Directional,Trade 1,n/a,MARKET,,,,,,,band0845,baseline,SUPPRESSED,All,0.0,0.0,,,,,,,,,,
2026-06-17_Trade_2,2026-06-17,Trade 2 — Regime-Aware Pivot (TRANSITION),Trade 2,n/a,CONDITIONAL,,,,,,,band0845,baseline,SUPPRESSED,All,0.0,0.0,,,,,,,,,,
2026-06-17_Trade_3C,2026-06-17,Trade 3C — TRANSITION Breakout,Trade 3C,LONG,CONDITIONAL,10488.0,10444.0,10532.0,10576.0,,44.0,band0845,baseline,FILLED,Unit 1,-1.0,-1.0,2026-06-26,confirmed close 10518.2 on 2026-06-25; ,IN BAND (+0.43R) market at 08:45,2026-06-26 08:45:00,10469.1,25.1,0.57,10444.0,2026-06-26 13:15:00,stopped out
2026-06-17_Trade_3C,2026-06-17,Trade 3C — TRANSITION Breakout,Trade 3C,LONG,CONDITIONAL,10488.0,10444.0,10532.0,10576.0,,44.0,band0845,baseline,FILLED,Unit 2,-1.0,-1.0,2026-06-26,confirmed close 10518.2 on 2026-06-25; ,IN BAND (+0.43R) market at 08:45,2026-06-26 08:45:00,10469.1,25.1,0.57,10444.0,2026-06-26 13:15:00,stopped out
2026-06-17_Trade_3C,2026-06-17,Trade 3C — TRANSITION Breakout,Trade 3C,LONG,CONDITIONAL,10488.0,10444.0,10532.0,10576.0,,44.0,band0845,baseline,FILLED,Unit 3,-1.0,-1.0,2026-06-26,confirmed close 10518.2 on 2026-06-25; ,IN BAND (+0.43R) market at 08:45,2026-06-26 08:45:00,10469.1,25.1,0.57,10444.0,2026-06-26 13:15:00,stopped out
2026-06-18_Trade_1,2026-06-18,Trade 1 - Daily Directional (LONG),Trade 1,LONG,MARKET,10504.0,10419.0,10589.0,10674.0,10815.0,85.0,band0845,baseline,NO FILL,All,0.0,0.0,2026-06-19,08:45 10367.4 was +1.61R beyond entry; no recovery to 10461.5 by cut-off,,,,,,,,
2026-06-18_Trade_2,2026-06-18,"Trade 2 - Pivot (regime-aware, weekly-anchored LONG)",Trade 2,LONG,LIMIT,10390.0,10309.0,10471.0,10553.0,10635.0,81.0,band0845,baseline,FILLED,Unit 1,1.774,1.0,2026-06-19,,IN BAND (+0.28R) market at 08:45,2026-06-19 08:45:00,10367.4,58.4,0.721,10471.0,2026-06-25 10:30:00,TP1 reached
2026-06-18_Trade_2,2026-06-18,"Trade 2 - Pivot (regime-aware, weekly-anchored LONG)",Trade 2,LONG,LIMIT,10390.0,10309.0,10471.0,10553.0,10635.0,81.0,band0845,baseline,FILLED,Unit 2,3.178,2.012,2026-06-19,,IN BAND (+0.28R) market at 08:45,2026-06-19 08:45:00,10367.4,58.4,0.721,10553.0,2026-06-25 15:30:00,TP2 reached
2026-06-18_Trade_2,2026-06-18,"Trade 2 - Pivot (regime-aware, weekly-anchored LONG)",Trade 2,LONG,LIMIT,10390.0,10309.0,10471.0,10553.0,10635.0,81.0,band0845,baseline,FILLED,Unit 3,4.582,3.025,2026-06-19,,IN BAND (+0.28R) market at 08:45,2026-06-19 08:45:00,10367.4,58.4,0.721,10635.0,2026-07-02 16:30:00,runner target reached
2026-06-18_Trade_3C,2026-06-18,"Trade 3 - Momentum-Breakout (3C, TRANSITION fork, LONG)",Trade 3C,LONG,STOP,10572.0,10485.0,10659.0,10746.0,10778.0,87.0,band0845,baseline,NO FILL,All,0.0,0.0,2026-06-19,08:45 10367.4 was +2.35R beyond entry; no recovery to 10528.5 by cut-off,,,,,,,,
2026-06-19_Trade_1,2026-06-19,Trade 1 - Daily Directional (SHORT),Trade 1,SHORT,STOP,10352.5,10420.0,10285.0,10217.5,,67.5,band0845,baseline,FILLED,Unit 1,-1.0,-1.0,2026-06-22,,IN BAND (+0.15R) market at 08:45,2026-06-22 08:45:00,10362.4,57.6,0.853,10420.0,2026-06-22 15:15:00,stopped out
2026-06-19_Trade_1,2026-06-19,Trade 1 - Daily Directional (SHORT),Trade 1,SHORT,STOP,10352.5,10420.0,10285.0,10217.5,,67.5,band0845,baseline,FILLED,Unit 2,-1.0,-1.0,2026-06-22,,IN BAND (+0.15R) market at 08:45,2026-06-22 08:45:00,10362.4,57.6,0.853,10420.0,2026-06-22 15:15:00,stopped out
2026-06-19_Trade_1,2026-06-19,Trade 1 - Daily Directional (SHORT),Trade 1,SHORT,STOP,10352.5,10420.0,10285.0,10217.5,,67.5,band0845,baseline,FILLED,Unit 3,-1.0,-1.0,2026-06-22,,IN BAND (+0.15R) market at 08:45,2026-06-22 08:45:00,10362.4,57.6,0.853,10420.0,2026-06-22 15:15:00,stopped out
2026-06-19_Trade_2,2026-06-19,"Trade 2 - Pivot, RANGE regime (sell-high / buy-low at extremes)",Trade 2,SHORT,LIMIT,10388.0,10424.0,10352.0,10316.0,10313.0,36.0,band0845,baseline,FILLED,Unit 1,1.0,1.0,2026-06-22,,WAITED for return to entry,2026-06-22 09:45:00,10388.0,36.0,1.0,10352.0,2026-06-22 10:15:00,TP1 reached
2026-06-19_Trade_2,2026-06-19,"Trade 2 - Pivot, RANGE regime (sell-high / buy-low at extremes)",Trade 2,SHORT,LIMIT,10388.0,10424.0,10352.0,10316.0,10313.0,36.0,band0845,baseline,FILLED,Unit 2,-1.0,-1.0,2026-06-22,,WAITED for return to entry,2026-06-22 09:45:00,10388.0,36.0,1.0,10424.0,2026-06-22 15:15:00,stopped out
2026-06-19_Trade_2,2026-06-19,"Trade 2 - Pivot, RANGE regime (sell-high / buy-low at extremes)",Trade 2,SHORT,LIMIT,10388.0,10424.0,10352.0,10316.0,10313.0,36.0,band0845,baseline,FILLED,Unit 3,-1.0,-1.0,2026-06-22,,WAITED for return to entry,2026-06-22 09:45:00,10388.0,36.0,1.0,10424.0,2026-06-22 15:15:00,stopped out
2026-06-19_Trade_3B,2026-06-19,"Trade 3B - Mean-Reversion (RANGE regime, KER Ranging-Neutral, VOLator slope positive but downside-driven)",Trade 3B,SHORT,LIMIT,10395.0,10432.0,10358.0,10313.0,10217.0,37.0,band0845,baseline,FILLED,Unit 1,1.0,1.0,2026-06-22,,WAITED for return to entry,2026-06-22 09:45:00,10395.0,37.0,1.0,10358.0,2026-06-22 10:00:00,TP1 reached
2026-06-19_Trade_3B,2026-06-19,"Trade 3B - Mean-Reversion (RANGE regime, KER Ranging-Neutral, VOLator slope positive but downside-driven)",Trade 3B,SHORT,LIMIT,10395.0,10432.0,10358.0,10313.0,10217.0,37.0,band0845,baseline,FILLED,Unit 2,-1.0,-1.0,2026-06-22,,WAITED for return to entry,2026-06-22 09:45:00,10395.0,37.0,1.0,10432.0,2026-06-22 16:00:00,stopped out
2026-06-19_Trade_3B,2026-06-19,"Trade 3B - Mean-Reversion (RANGE regime, KER Ranging-Neutral, VOLator slope positive but downside-driven)",Trade 3B,SHORT,LIMIT,10395.0,10432.0,10358.0,10313.0,10217.0,37.0,band0845,baseline,FILLED,Unit 3,-1.0,-1.0,2026-06-22,,WAITED for return to entry,2026-06-22 09:45:00,10395.0,37.0,1.0,10432.0,2026-06-22 16:00:00,stopped out
2026-06-23_Trade_1,2026-06-23,"Trade 1 - Daily Directional (LONG - score +0.61, above threshold)",Trade 1,LONG,MARKET,10439.0,10346.0,10532.0,10625.0,10690.0,93.0,band0845,baseline,FILLED,Unit 1,1.555,1.0,2026-06-24,,IN BAND (+0.22R) market at 08:45,2026-06-24 08:45:00,10418.8,72.8,0.783,10532.0,2026-06-25 15:00:00,TP1 reached
2026-06-23_Trade_1,2026-06-23,"Trade 1 - Daily Directional (LONG - score +0.61, above threshold)",Trade 1,LONG,MARKET,10439.0,10346.0,10532.0,10625.0,10690.0,93.0,band0845,baseline,FILLED,Unit 2,2.832,2.0,2026-06-24,,IN BAND (+0.22R) market at 08:45,2026-06-24 08:45:00,10418.8,72.8,0.783,10625.0,2026-07-02 16:30:00,TP2 reached
2026-06-23_Trade_1,2026-06-23,"Trade 1 - Daily Directional (LONG - score +0.61, above threshold)",Trade 1,LONG,MARKET,10439.0,10346.0,10532.0,10625.0,10690.0,93.0,band0845,baseline,FILLED,Unit 3,0.435,0.124,2026-06-24,,IN BAND (+0.22R) market at 08:45,2026-06-24 08:45:00,10418.8,72.8,0.783,10450.5,2026-06-24 22:45:00,card runner time-stop at entry-session close
2026-06-23_Trade_2,2026-06-23,Trade 2 - Regime-Aware Pivot (LONG bias - buy the dip to support),Trade 2,LONG,LIMIT,10377.0,10315.0,10439.0,10501.0,10563.0,62.0,band0845,baseline,NO FILL,All,0.0,0.0,2026-06-24,08:45 10418.8 was -0.67R worse than entry; never returned to entry by cut-off,,,,,,,,
2026-06-23_Trade_3A,2026-06-23,Trade 3A - Regime-Driven Complex: Momentum-Pullback (TRANSITION→bullish fork),Trade 3A,LONG,STOP,10472.0,10399.0,10545.0,10618.0,10690.0,73.0,band0845,baseline,FILLED,Unit 1,6.374,1.0,2026-06-24,,IN BAND (+0.73R) market at 08:45,2026-06-24 08:45:00,10418.8,19.8,0.271,10545.0,2026-06-25 15:15:00,TP1 reached
2026-06-23_Trade_3A,2026-06-23,Trade 3A - Regime-Driven Complex: Momentum-Pullback (TRANSITION→bullish fork),Trade 3A,LONG,STOP,10472.0,10399.0,10545.0,10618.0,10690.0,73.0,band0845,baseline,FILLED,Unit 2,10.061,2.0,2026-06-24,,IN BAND (+0.73R) market at 08:45,2026-06-24 08:45:00,10418.8,19.8,0.271,10618.0,2026-07-02 16:30:00,TP2 reached
2026-06-23_Trade_3A,2026-06-23,Trade 3A - Regime-Driven Complex: Momentum-Pullback (TRANSITION→bullish fork),Trade 3A,LONG,STOP,10472.0,10399.0,10545.0,10618.0,10690.0,73.0,band0845,baseline,FILLED,Unit 3,13.697,2.986,2026-06-24,,IN BAND (+0.73R) market at 08:45,2026-06-24 08:45:00,10418.8,19.8,0.271,10690.0,2026-07-03 04:15:00,runner target reached
2026-06-24_Trade_1,2026-06-24,Trade 1 - Daily Directional,Trade 1,n/a,,,,,,,,band0845,baseline,SUPPRESSED,All,0.0,0.0,,,,,,,,,,
2026-06-24_Trade_2,2026-06-24,"Trade 2 - Pivot (TRANSITION, breakout side only)",Trade 2,SHORT,STOP,10375.4,10414.1,10336.7,10298.0,10304.0,38.7,band0845,baseline,NO FILL,All,0.0,0.0,2026-06-25,08:45 10430.7 was +1.43R beyond entry; no recovery to 10394.8 by cut-off,,,,,,,,
2026-06-24_Trade_3C,2026-06-24,"Trade 3 - Momentum-Breakout (3C, TRANSITION)",Trade 3C,SHORT,CONDITIONAL,,10393.1,9685.1,9463.9,,,band0845,baseline,UNPRICED,All,0.0,0.0,,,,,,,,,,
2026-06-25_Trade_1,2026-06-25,Trade 1 - Daily Directional (LONG),Trade 1,LONG,MARKET,10454.0,10125.0,10783.0,11111.0,10736.0,329.0,band0845,baseline,FILLED,Unit 1,1.0,1.0,2026-06-26,,WAITED for return to entry,2026-06-26 12:00:00,10454.0,329.0,1.0,10783.0,2026-07-27 09:15:00,TP1 reached
2026-06-25_Trade_1,2026-06-25,Trade 1 - Daily Directional (LONG),Trade 1,LONG,MARKET,10454.0,10125.0,10783.0,11111.0,10736.0,329.0,band0845,baseline,FILLED,Unit 2,1.147,1.147,2026-06-26,,WAITED for return to entry,2026-06-26 12:00:00,10454.0,329.0,1.0,10831.2,2026-09-03 22:45:00,unresolved at end of data - MTM
2026-06-25_Trade_1,2026-06-25,Trade 1 - Daily Directional (LONG),Trade 1,LONG,MARKET,10454.0,10125.0,10783.0,11111.0,10736.0,329.0,band0845,baseline,FILLED,Unit 3,0.067,0.067,2026-06-26,,WAITED for return to entry,2026-06-26 12:00:00,10454.0,329.0,1.0,10476.0,2026-06-26 22:45:00,card runner time-stop at entry-session close
2026-06-25_Trade_2,2026-06-25,"Trade 2 - Pivot, regime-aware (TRANSITION -> breakout side only, LONG)",Trade 2,LONG,STOP,10448.0,10424.0,10475.0,10486.0,10496.0,24.0,band0845,baseline,FILLED,Unit 1,-1.0,-1.0,2026-06-26,,WAITED for return to entry,2026-06-26 12:00:00,10448.0,24.0,1.0,10424.0,2026-06-26 15:15:00,stopped out
2026-06-25_Trade_2,2026-06-25,"Trade 2 - Pivot, regime-aware (TRANSITION -> breakout side only, LONG)",Trade 2,LONG,STOP,10448.0,10424.0,10475.0,10486.0,10496.0,24.0,band0845,baseline,FILLED,Unit 2,-1.0,-1.0,2026-06-26,,WAITED for return to entry,2026-06-26 12:00:00,10448.0,24.0,1.0,10424.0,2026-06-26 15:15:00,stopped out
2026-06-25_Trade_2,2026-06-25,"Trade 2 - Pivot, regime-aware (TRANSITION -> breakout side only, LONG)",Trade 2,LONG,STOP,10448.0,10424.0,10475.0,10486.0,10496.0,24.0,band0845,baseline,FILLED,Unit 3,-1.0,-1.0,2026-06-26,,WAITED for return to entry,2026-06-26 12:00:00,10448.0,24.0,1.0,10424.0,2026-06-26 15:15:00,stopped out
2026-06-25_Trade_3C,2026-06-25,Trade 3C - Momentum-Breakout (TRANSITION regime),Trade 3C,LONG,CONDITIONAL,10494.0,10332.0,10700.0,10815.0,,162.0,band0845,baseline,FILLED,Unit 1,1.684,1.272,2026-06-26,confirmed close 10518.2 on 2026-06-25; ,IN BAND (+0.15R) market at 08:45,2026-06-26 08:45:00,10469.1,137.1,0.846,10700.0,2026-07-06 10:00:00,TP1 reached
2026-06-25_Trade_3C,2026-06-25,Trade 3C - Momentum-Breakout (TRANSITION regime),Trade 3C,LONG,CONDITIONAL,10494.0,10332.0,10700.0,10815.0,,162.0,band0845,baseline,FILLED,Unit 2,2.523,1.981,2026-06-26,confirmed close 10518.2 on 2026-06-25; ,IN BAND (+0.15R) market at 08:45,2026-06-26 08:45:00,10469.1,137.1,0.846,10815.0,2026-07-27 09:45:00,TP2 reached
2026-06-25_Trade_3C,2026-06-25,Trade 3C - Momentum-Breakout (TRANSITION regime),Trade 3C,LONG,CONDITIONAL,10494.0,10332.0,10700.0,10815.0,,162.0,band0845,baseline,FILLED,Unit 3,2.641,2.081,2026-06-26,confirmed close 10518.2 on 2026-06-25; ,IN BAND (+0.15R) market at 08:45,2026-06-26 08:45:00,10469.1,137.1,0.846,10831.2,2026-09-03 22:45:00,unresolved at end of data - MTM
2026-06-26_Trade_1,2026-06-26,Trade 1 - Daily Directional: SUPPRESSED,Trade 1,n/a,,,,,,,,band0845,baseline,SUPPRESSED,All,0.0,0.0,,,,,,,,,,
2026-06-26_Trade_2,2026-06-26,"Trade 2 - Pivot (range-fade), primary card",Trade 2,LONG,LIMIT,10423.0,10375.0,10471.0,,10446.0,48.0,band0845,baseline,NO FILL,All,0.0,0.0,2026-06-29,08:45 10522.5 was -2.07R worse than entry; never returned to entry by cut-off,,,,,,,,
2026-06-26_Trade_3B,2026-06-26,Trade 3B - Mean-Reversion (25-session range),Trade 3B,SHORT,LIMIT,10520.0,10526.0,10349.0,10172.0,,,band0845,baseline,FILLED,Unit 1,-1.0,-1.0,2026-06-29,,IN BAND (+0.42R) market at 08:45,2026-06-29 08:45:00,10522.5,3.5,0.583,10526.0,2026-06-29 08:45:00,stopped out
2026-06-26_Trade_3B,2026-06-26,Trade 3B - Mean-Reversion (25-session range),Trade 3B,SHORT,LIMIT,10520.0,10526.0,10349.0,10172.0,,,band0845,baseline,FILLED,Unit 2,-1.0,-1.0,2026-06-29,,IN BAND (+0.42R) market at 08:45,2026-06-29 08:45:00,10522.5,3.5,0.583,10526.0,2026-06-29 08:45:00,stopped out
2026-06-26_Trade_3B,2026-06-26,Trade 3B - Mean-Reversion (25-session range),Trade 3B,SHORT,LIMIT,10520.0,10526.0,10349.0,10172.0,,,band0845,baseline,FILLED,Unit 3,-1.0,-1.0,2026-06-29,,IN BAND (+0.42R) market at 08:45,2026-06-29 08:45:00,10522.5,3.5,0.583,10526.0,2026-06-29 08:45:00,stopped out
2026-06-29_Trade_1,2026-06-29,Trade 1 - Daily Directional,Trade 1,LONG,MARKET,10508.0,10459.0,10557.0,10605.0,10681.0,49.0,band0845,baseline,FILLED,Unit 1,1.021,1.0,2026-06-30,,IN BAND (+0.01R) market at 08:45,2026-06-30 08:45:00,10507.5,48.5,0.99,10557.0,2026-06-30 12:30:00,TP1 reached
2026-06-29_Trade_1,2026-06-29,Trade 1 - Daily Directional,Trade 1,LONG,MARKET,10508.0,10459.0,10557.0,10605.0,10681.0,49.0,band0845,baseline,FILLED,Unit 2,2.01,1.98,2026-06-30,,IN BAND (+0.01R) market at 08:45,2026-06-30 08:45:00,10507.5,48.5,0.99,10605.0,2026-06-30 13:45:00,TP2 reached
2026-06-29_Trade_1,2026-06-29,Trade 1 - Daily Directional,Trade 1,LONG,MARKET,10508.0,10459.0,10557.0,10605.0,10681.0,49.0,band0845,baseline,FILLED,Unit 3,0.2,0.188,2026-06-30,,IN BAND (+0.01R) market at 08:45,2026-06-30 08:45:00,10507.5,48.5,0.99,10517.2,2026-06-30 17:15:00,BE trail hit (BE_0.2R_ON_TP2)
2026-06-29_Trade_2,2026-06-29,"Trade 2 - Pivot, TREND_UP (pivot breakout, long)",Trade 2,LONG,STOP,10517.0,10481.0,10567.0,10586.0,10604.0,36.0,band0845,baseline,FILLED,Unit 1,2.245,1.389,2026-06-30,,IN BAND (+0.26R) market at 08:45,2026-06-30 08:45:00,10507.5,26.5,0.736,10567.0,2026-06-30 12:45:00,TP1 reached
2026-06-29_Trade_2,2026-06-29,"Trade 2 - Pivot, TREND_UP (pivot breakout, long)",Trade 2,LONG,STOP,10517.0,10481.0,10567.0,10586.0,10604.0,36.0,band0845,baseline,FILLED,Unit 2,2.962,1.917,2026-06-30,,IN BAND (+0.26R) market at 08:45,2026-06-30 08:45:00,10507.5,26.5,0.736,10586.0,2026-06-30 13:00:00,TP2 reached
2026-06-29_Trade_2,2026-06-29,"Trade 2 - Pivot, TREND_UP (pivot breakout, long)",Trade 2,LONG,STOP,10517.0,10481.0,10567.0,10586.0,10604.0,36.0,band0845,baseline,FILLED,Unit 3,3.642,2.417,2026-06-30,,IN BAND (+0.26R) market at 08:45,2026-06-30 08:45:00,10507.5,26.5,0.736,10604.0,2026-06-30 13:45:00,runner target reached
2026-06-29_Trade_3A,2026-06-29,"Trade 3 - Momentum-Pullback (3A), regime TREND_UP",Trade 3A,LONG,LIMIT,10466.0,10391.0,10493.0,10548.0,10692.0,75.0,band0845,baseline,NO FILL,All,0.0,0.0,2026-06-30,08:45 10507.5 was -0.55R worse than entry; never returned to entry by cut-off,,,,,,,,
2026-06-30_Trade_1,2026-06-30,Trade 1 - Daily Directional,Trade 1,LONG,LIMIT,10486.0,10425.0,10547.0,10608.0,10630.0,61.0,band0845,baseline,FILLED,Unit 1,-1.0,-1.0,2026-07-01,,IN BAND (+0.21R) market at 08:45,2026-07-01 08:45:00,10473.1,48.1,0.789,10425.0,2026-07-01 14:45:00,stopped out
2026-06-30_Trade_1,2026-06-30,Trade 1 - Daily Directional,Trade 1,LONG,LIMIT,10486.0,10425.0,10547.0,10608.0,10630.0,61.0,band0845,baseline,FILLED,Unit 2,-1.0,-1.0,2026-07-01,,IN BAND (+0.21R) market at 08:45,2026-07-01 08:45:00,10473.1,48.1,0.789,10425.0,2026-07-01 14:45:00,stopped out
2026-06-30_Trade_1,2026-06-30,Trade 1 - Daily Directional,Trade 1,LONG,LIMIT,10486.0,10425.0,10547.0,10608.0,10630.0,61.0,band0845,baseline,FILLED,Unit 3,-1.0,-1.0,2026-07-01,,IN BAND (+0.21R) market at 08:45,2026-07-01 08:45:00,10473.1,48.1,0.789,10425.0,2026-07-01 14:45:00,stopped out
2026-06-30_Trade_2,2026-06-30,Trade 2 - Pivot (range-aware),Trade 2,LONG,LIMIT,10447.0,10410.0,10486.0,10517.0,,37.0,band0845,baseline,FILLED,Unit 1,1.054,1.054,2026-07-01,,WAITED for return to entry,2026-07-01 10:00:00,10447.0,37.0,1.0,10486.0,2026-07-01 10:30:00,TP1 reached
2026-06-30_Trade_2,2026-06-30,Trade 2 - Pivot (range-aware),Trade 2,LONG,LIMIT,10447.0,10410.0,10486.0,10517.0,,37.0,band0845,baseline,FILLED,Unit 2,1.892,1.892,2026-07-01,,WAITED for return to entry,2026-07-01 10:00:00,10447.0,37.0,1.0,10517.0,2026-07-02 11:00:00,TP2 reached
2026-06-30_Trade_2,2026-06-30,Trade 2 - Pivot (range-aware),Trade 2,LONG,LIMIT,10447.0,10410.0,10486.0,10517.0,,37.0,band0845,baseline,FILLED,Unit 3,0.2,0.2,2026-07-01,,WAITED for return to entry,2026-07-01 10:00:00,10447.0,37.0,1.0,10454.4,2026-07-09 09:45:00,BE trail hit (BE_0.2R_ON_TP2)
2026-06-30_Trade_3B,2026-06-30,Trade 3B - Mean-Reversion (Transitional/Range regime),Trade 3B,LONG,CONDITIONAL,10447.0,10405.0,10486.0,10517.0,,42.0,band0845,baseline,FILLED,Unit 1,0.929,0.929,2026-07-01,confirmed close 10506.2 on 2026-06-30; ,WAITED for return to entry,2026-07-01 10:00:00,10447.0,42.0,1.0,10486.0,2026-07-01 10:30:00,TP1 reached
2026-06-30_Trade_3B,2026-06-30,Trade 3B - Mean-Reversion (Transitional/Range regime),Trade 3B,LONG,CONDITIONAL,10447.0,10405.0,10486.0,10517.0,,42.0,band0845,baseline,FILLED,Unit 2,1.667,1.667,2026-07-01,confirmed close 10506.2 on 2026-06-30; ,WAITED for return to entry,2026-07-01 10:00:00,10447.0,42.0,1.0,10517.0,2026-07-02 11:00:00,TP2 reached
2026-06-30_Trade_3B,2026-06-30,Trade 3B - Mean-Reversion (Transitional/Range regime),Trade 3B,LONG,CONDITIONAL,10447.0,10405.0,10486.0,10517.0,,42.0,band0845,baseline,FILLED,Unit 3,-1.0,-1.0,2026-07-01,confirmed close 10506.2 on 2026-06-30; ,WAITED for return to entry,2026-07-01 10:00:00,10447.0,42.0,1.0,10405.0,2026-07-09 12:30:00,stopped out
2026-07-01_Trade_1,2026-07-01,Trade 1 - Daily Directional (LONG),Trade 1,LONG,MARKET,10520.0,10405.0,10635.0,10750.0,10860.0,115.0,band0845,baseline,FILLED,Unit 1,3.501,1.0,2026-07-02,,IN BAND (+0.56R) market at 08:45,2026-07-02 08:45:00,10456.1,51.1,0.444,10635.0,2026-07-02 16:30:00,TP1 reached
2026-07-01_Trade_1,2026-07-01,Trade 1 - Daily Directional (LONG),Trade 1,LONG,MARKET,10520.0,10405.0,10635.0,10750.0,10860.0,115.0,band0845,baseline,FILLED,Unit 2,-1.0,-1.0,2026-07-02,,IN BAND (+0.56R) market at 08:45,2026-07-02 08:45:00,10456.1,51.1,0.444,10405.0,2026-07-09 12:30:00,stopped out
2026-07-01_Trade_1,2026-07-01,Trade 1 - Daily Directional (LONG),Trade 1,LONG,MARKET,10520.0,10405.0,10635.0,10750.0,10860.0,115.0,band0845,baseline,FILLED,Unit 3,4.086,1.26,2026-07-02,,IN BAND (+0.56R) market at 08:45,2026-07-02 08:45:00,10456.1,51.1,0.444,10664.9,2026-07-02 22:45:00,card runner time-stop at entry-session close
2026-07-01_Trade_2,2026-07-01,"Trade 2 - Pivot (regime-aware, LONG-from-support)",Trade 2,LONG,LIMIT,10466.0,10400.0,10532.0,10574.0,10628.0,66.0,band0845,baseline,FILLED,Unit 1,1.353,1.0,2026-07-02,,IN BAND (+0.15R) market at 08:45,2026-07-02 08:45:00,10456.1,56.1,0.85,10532.0,2026-07-02 15:15:00,TP1 reached
2026-07-01_Trade_2,2026-07-01,"Trade 2 - Pivot (regime-aware, LONG-from-support)",Trade 2,LONG,LIMIT,10466.0,10400.0,10532.0,10574.0,10628.0,66.0,band0845,baseline,FILLED,Unit 2,2.102,1.636,2026-07-02,,IN BAND (+0.15R) market at 08:45,2026-07-02 08:45:00,10456.1,56.1,0.85,10574.0,2026-07-02 16:15:00,TP2 reached
2026-07-01_Trade_2,2026-07-01,"Trade 2 - Pivot (regime-aware, LONG-from-support)",Trade 2,LONG,LIMIT,10466.0,10400.0,10532.0,10574.0,10628.0,66.0,band0845,baseline,FILLED,Unit 3,3.064,2.455,2026-07-02,,IN BAND (+0.15R) market at 08:45,2026-07-02 08:45:00,10456.1,56.1,0.85,10628.0,2026-07-02 16:30:00,runner target reached
2026-07-01_Trade_3C,2026-07-01,Trade 3 - Complex (regime: TRANSITION → 3C breakout),Trade 3C,LONG,CONDITIONAL,10576.0,10490.0,10662.0,10748.0,,86.0,band0845,baseline,NO FILL,All,0.0,0.0,2026-07-03,confirmed close 10664.9 on 2026-07-02; 08:45 10673.7 was -1.14R worse than entry; never returned to entry by cut-off,,,,,,,,
2026-07-02_Trade_1,2026-07-02,Trade 1 - Daily Directional (LONG · Transitional–Bullish),Trade 1,LONG,MARKET,10497.0,10441.0,10553.0,10609.0,10831.0,56.0,band0845,baseline,NO FILL,All,0.0,0.0,2026-07-03,08:45 10673.7 was -3.16R worse than entry; never returned to entry by cut-off,,,,,,,,
2026-07-02_Trade_2,2026-07-02,"Trade 2 - Pivot, regime-aware (TREND_UP → pivot breakout LONG)",Trade 2,LONG,STOP,10536.0,10466.0,10579.0,10619.8,10660.7,70.0,band0845,baseline,NO FILL,All,0.0,0.0,2026-07-03,08:45 10673.7 was -1.97R worse than entry; never returned to entry by cut-off,,,,,,,,
2026-07-02_Trade_3A,2026-07-02,Trade 3A - Momentum-Pullback (TREND_UP → LONG),Trade 3A,LONG,LIMIT,10488.0,10367.0,10530.0,10613.0,10831.0,121.0,band0845,baseline,NO FILL,All,0.0,0.0,2026-07-03,08:45 10673.7 was -1.53R worse than entry; never returned to entry by cut-off,,,,,,,,
2026-07-03_Trade_1,2026-07-03,Trade 1 - Daily Directional (LONG),Trade 1,LONG,STOP,10660.0,10527.0,10793.0,10926.0,,133.0,band0845,baseline,FILLED,Unit 1,-1.0,-1.0,2026-07-06,,WAITED for return to entry,2026-07-06 08:45:00,10660.0,133.0,1.0,10527.0,2026-07-08 11:15:00,stopped out
2026-07-03_Trade_1,2026-07-03,Trade 1 - Daily Directional (LONG),Trade 1,LONG,STOP,10660.0,10527.0,10793.0,10926.0,,133.0,band0845,baseline,FILLED,Unit 2,-1.0,-1.0,2026-07-06,,WAITED for return to entry,2026-07-06 08:45:00,10660.0,133.0,1.0,10527.0,2026-07-08 11:15:00,stopped out
2026-07-03_Trade_1,2026-07-03,Trade 1 - Daily Directional (LONG),Trade 1,LONG,STOP,10660.0,10527.0,10793.0,10926.0,,133.0,band0845,baseline,FILLED,Unit 3,0.007,0.007,2026-07-06,,WAITED for return to entry,2026-07-06 08:45:00,10660.0,133.0,1.0,10660.9,2026-07-06 22:45:00,card runner time-stop at entry-session close
2026-07-03_Trade_2,2026-07-03,"Trade 2 - Pivot, regime-aware (LONG pullback-buy)",Trade 2,LONG,LIMIT,10596.0,10480.0,10712.0,10828.0,,116.0,band0845,baseline,NO FILL,All,0.0,0.0,2026-07-06,08:45 10662.0 was -0.57R worse than entry; never returned to entry by cut-off,,,,,,,,
2026-07-03_Trade_3A,2026-07-03,Trade 3 - Momentum-Pullback (3A) (LONG),Trade 3A,LONG,LIMIT,10579.0,10470.0,10665.0,10804.0,10911.0,109.0,band0845,baseline,NO FILL,All,0.0,0.0,2026-07-06,08:45 10662.0 was -0.76R worse than entry; never returned to entry by cut-off,,,,,,,,
2026-07-06_Trade_1,2026-07-06,Trade 1 - Daily Directional (LONG — TREND_UP regime),Trade 1,LONG,MARKET,10679.0,10520.0,10838.0,10997.0,,159.0,band0845,baseline,FILLED,Unit 1,-1.0,-1.0,2026-07-07,,IN BAND (+0.15R) market at 08:45,2026-07-07 08:45:00,10654.6,134.6,0.847,10520.0,2026-07-08 11:15:00,stopped out
2026-07-06_Trade_1,2026-07-06,Trade 1 - Daily Directional (LONG — TREND_UP regime),Trade 1,LONG,MARKET,10679.0,10520.0,10838.0,10997.0,,159.0,band0845,baseline,FILLED,Unit 2,-1.0,-1.0,2026-07-07,,IN BAND (+0.15R) market at 08:45,2026-07-07 08:45:00,10654.6,134.6,0.847,10520.0,2026-07-08 11:15:00,stopped out
2026-07-06_Trade_1,2026-07-06,Trade 1 - Daily Directional (LONG — TREND_UP regime),Trade 1,LONG,MARKET,10679.0,10520.0,10838.0,10997.0,,159.0,band0845,baseline,FILLED,Unit 3,-0.03,-0.179,2026-07-07,,IN BAND (+0.15R) market at 08:45,2026-07-07 08:45:00,10654.6,134.6,0.847,10650.5,2026-07-07 22:45:00,card runner time-stop at entry-session close
2026-07-06_Trade_2,2026-07-06,"Trade 2 - Pivot (regime-aware, TREND breakout side)",Trade 2,LONG,STOP,10745.0,10600.0,10890.0,11035.0,10826.0,145.0,band0845,baseline,FILLED,Unit 1,-1.0,-1.0,2026-07-07,,IN BAND (+0.62R) market at 08:45,2026-07-07 08:45:00,10654.6,54.6,0.377,10600.0,2026-07-08 10:00:00,stopped out
2026-07-06_Trade_2,2026-07-06,"Trade 2 - Pivot (regime-aware, TREND breakout side)",Trade 2,LONG,STOP,10745.0,10600.0,10890.0,11035.0,10826.0,145.0,band0845,baseline,FILLED,Unit 2,-1.0,-1.0,2026-07-07,,IN BAND (+0.62R) market at 08:45,2026-07-07 08:45:00,10654.6,54.6,0.377,10600.0,2026-07-08 10:00:00,stopped out
2026-07-06_Trade_2,2026-07-06,"Trade 2 - Pivot (regime-aware, TREND breakout side)",Trade 2,LONG,STOP,10745.0,10600.0,10890.0,11035.0,10826.0,145.0,band0845,baseline,FILLED,Unit 3,-1.0,-1.0,2026-07-07,,IN BAND (+0.62R) market at 08:45,2026-07-07 08:45:00,10654.6,54.6,0.377,10600.0,2026-07-08 10:00:00,stopped out
2026-07-06_Trade_3A,2026-07-06,Trade 3 - Momentum-Pullback (3A),Trade 3A,LONG,LIMIT,10604.0,10470.0,10743.0,10880.0,,134.0,band0845,baseline,NO FILL,All,0.0,0.0,2026-07-07,08:45 10654.6 was -0.38R worse than entry; never returned to entry by cut-off,,,,,,,,
2026-07-07_Trade_1,2026-07-07,Trade 1 — Daily Directional (LONG — TREND_UP regime),Trade 1,LONG,MARKET,10720.0,10604.0,10836.0,10952.0,10990.0,116.0,band0845,baseline,FILLED,Unit 1,-1.0,-1.0,2026-07-08,,IN BAND (+0.50R) market at 08:45,2026-07-08 08:45:00,10661.9,57.9,0.499,10604.0,2026-07-08 10:00:00,stopped out
2026-07-07_Trade_1,2026-07-07,Trade 1 — Daily Directional (LONG — TREND_UP regime),Trade 1,LONG,MARKET,10720.0,10604.0,10836.0,10952.0,10990.0,116.0,band0845,baseline,FILLED,Unit 2,-1.0,-1.0,2026-07-08,,IN BAND (+0.50R) market at 08:45,2026-07-08 08:45:00,10661.9,57.9,0.499,10604.0,2026-07-08 10:00:00,stopped out
2026-07-07_Trade_1,2026-07-07,Trade 1 — Daily Directional (LONG — TREND_UP regime),Trade 1,LONG,MARKET,10720.0,10604.0,10836.0,10952.0,10990.0,116.0,band0845,baseline,FILLED,Unit 3,-1.0,-1.0,2026-07-08,,IN BAND (+0.50R) market at 08:45,2026-07-08 08:45:00,10661.9,57.9,0.499,10604.0,2026-07-08 10:00:00,stopped out
2026-07-07_Trade_2,2026-07-07,"Trade 2 — Pivot (regime-aware, TREND_UP → buy-the-dip to support pivots)",Trade 2,LONG,LIMIT,10622.0,10564.0,10662.0,10719.0,10759.0,58.0,band0845,baseline,FILLED,Unit 1,-1.0,-1.0,2026-07-08,,WAITED for return to entry,2026-07-08 10:00:00,10622.0,58.0,1.0,10564.0,2026-07-08 11:00:00,stopped out
2026-07-07_Trade_2,2026-07-07,"Trade 2 — Pivot (regime-aware, TREND_UP → buy-the-dip to support pivots)",Trade 2,LONG,LIMIT,10622.0,10564.0,10662.0,10719.0,10759.0,58.0,band0845,baseline,FILLED,Unit 2,-1.0,-1.0,2026-07-08,,WAITED for return to entry,2026-07-08 10:00:00,10622.0,58.0,1.0,10564.0,2026-07-08 11:00:00,stopped out
2026-07-07_Trade_2,2026-07-07,"Trade 2 — Pivot (regime-aware, TREND_UP → buy-the-dip to support pivots)",Trade 2,LONG,LIMIT,10622.0,10564.0,10662.0,10719.0,10759.0,58.0,band0845,baseline,FILLED,Unit 3,-1.0,-1.0,2026-07-08,,WAITED for return to entry,2026-07-08 10:00:00,10622.0,58.0,1.0,10564.0,2026-07-08 11:00:00,stopped out
2026-07-07_Trade_3A,2026-07-07,Trade 3A — Momentum-Pullback (TREND_UP variant),Trade 3A,LONG,LIMIT,10664.0,10604.0,10724.0,10784.0,,60.0,band0845,baseline,FILLED,Unit 1,-1.0,-1.0,2026-07-08,,IN BAND (+0.04R) market at 08:45,2026-07-08 08:45:00,10661.9,57.9,0.965,10604.0,2026-07-08 10:00:00,stopped out
2026-07-07_Trade_3A,2026-07-07,Trade 3A — Momentum-Pullback (TREND_UP variant),Trade 3A,LONG,LIMIT,10664.0,10604.0,10724.0,10784.0,,60.0,band0845,baseline,FILLED,Unit 2,-1.0,-1.0,2026-07-08,,IN BAND (+0.04R) market at 08:45,2026-07-08 08:45:00,10661.9,57.9,0.965,10604.0,2026-07-08 10:00:00,stopped out
2026-07-07_Trade_3A,2026-07-07,Trade 3A — Momentum-Pullback (TREND_UP variant),Trade 3A,LONG,LIMIT,10664.0,10604.0,10724.0,10784.0,,60.0,band0845,baseline,FILLED,Unit 3,-1.0,-1.0,2026-07-08,,IN BAND (+0.04R) market at 08:45,2026-07-08 08:45:00,10661.9,57.9,0.965,10604.0,2026-07-08 10:00:00,stopped out
2026-07-09_Trade_1,2026-07-09,Trade 1 — Daily Directional,Trade 1,LONG,,,,,,,,band0845,baseline,SUPPRESSED,All,0.0,0.0,,,,,,,,,,
2026-07-09_Trade_2,2026-07-09,Trade 2 — Pivot (regime-aware),Trade 2,n/a,,,,,,,,band0845,baseline,SUPPRESSED,All,0.0,0.0,,,,,,,,,,
2026-07-09_Trade_3A,2026-07-09,"Trade 3A — Momentum-Pullback (long), TRANSITION regime with oversold short-term hook",Trade 3A,LONG,LIMIT,10470.0,10300.0,10585.0,10662.0,10747.0,170.0,band0845,baseline,FILLED,Unit 1,0.766,0.676,2026-07-10,,IN BAND (+0.05R) market at 08:45,2026-07-10 08:45:00,10461.4,161.4,0.949,10585.0,2026-07-17 10:15:00,TP1 reached
2026-07-09_Trade_3A,2026-07-09,"Trade 3A — Momentum-Pullback (long), TRANSITION regime with oversold short-term hook",Trade 3A,LONG,LIMIT,10470.0,10300.0,10585.0,10662.0,10747.0,170.0,band0845,baseline,FILLED,Unit 2,1.243,1.129,2026-07-10,,IN BAND (+0.05R) market at 08:45,2026-07-10 08:45:00,10461.4,161.4,0.949,10662.0,2026-07-22 11:30:00,TP2 reached
2026-07-09_Trade_3A,2026-07-09,"Trade 3A — Momentum-Pullback (long), TRANSITION regime with oversold short-term hook",Trade 3A,LONG,LIMIT,10470.0,10300.0,10585.0,10662.0,10747.0,170.0,band0845,baseline,FILLED,Unit 3,1.77,1.629,2026-07-10,,IN BAND (+0.05R) market at 08:45,2026-07-10 08:45:00,10461.4,161.4,0.949,10747.0,2026-07-22 16:15:00,runner target reached
2026-07-10_Trade_1,2026-07-10,Trade 1 — Daily Directional,Trade 1,SHORT,MARKET,10429.22,10461.58,10396.86,10364.5,10119.83,32.36,band0845,baseline,NO FILL,All,0.0,0.0,2026-07-13,08:45 10460.5 was +0.97R beyond entry; no recovery to 10445.4 by cut-off,,,,,,,,
2026-07-10_Trade_2,2026-07-10,"Trade 2 — Pivot, TRANSITION branch",Trade 2,SHORT,LIMIT,10435.8,10452.37,10419.23,10402.66,10372.91,16.57,band0845,baseline,NO FILL,All,0.0,0.0,2026-07-13,08:45 10460.5 was +1.49R beyond entry; no recovery to 10444.1 by cut-off,,,,,,,,
2026-07-10_Trade_3A,2026-07-10,Trade 3A — Momentum-Pullback,Trade 3A,SHORT,LIMIT,10544.44,10583.51,10419.22,10344.44,10224.32,39.07,band0845,baseline,NO FILL,All,0.0,0.0,2026-07-13,08:45 10460.5 was -2.15R worse than entry; never returned to entry by cut-off,,,,,,,,
2026-07-13_Trade_1,2026-07-13,Trade 1 - Daily Directional (conditional; conviction below gate),Trade 1,SHORT,CONDITIONAL,10491.0,10575.0,10441.0,10357.0,10300.0,84.0,band0845,baseline,FILLED,Unit 1,0.595,0.595,2026-07-15,confirmed close 10478.3 on 2026-07-14; ,WAITED for return to entry,2026-07-15 11:15:00,10491.0,84.0,1.0,10441.0,2026-07-16 09:30:00,TP1 reached
2026-07-13_Trade_1,2026-07-13,Trade 1 - Daily Directional (conditional; conviction below gate),Trade 1,SHORT,CONDITIONAL,10491.0,10575.0,10441.0,10357.0,10300.0,84.0,band0845,baseline,FILLED,Unit 2,-1.0,-1.0,2026-07-15,confirmed close 10478.3 on 2026-07-14; ,WAITED for return to entry,2026-07-15 11:15:00,10491.0,84.0,1.0,10575.0,2026-07-16 20:00:00,stopped out
2026-07-13_Trade_1,2026-07-13,Trade 1 - Daily Directional (conditional; conviction below gate),Trade 1,SHORT,CONDITIONAL,10491.0,10575.0,10441.0,10357.0,10300.0,84.0,band0845,baseline,FILLED,Unit 3,0.229,0.229,2026-07-15,confirmed close 10478.3 on 2026-07-14; ,WAITED for return to entry,2026-07-15 11:15:00,10491.0,84.0,1.0,10471.8,2026-07-15 22:45:00,card runner time-stop at entry-session close
2026-07-13_Trade_2,2026-07-13,Trade 2 - Pivot (regime-aware: TRANSITION -> breakout-side fade),Trade 2,SHORT,LIMIT,10519.0,10548.0,10491.0,10469.0,10440.0,29.0,band0845,baseline,FILLED,Unit 1,0.966,0.966,2026-07-14,,WAITED for return to entry,2026-07-14 16:30:00,10519.0,29.0,1.0,10491.0,2026-07-14 18:45:00,TP1 reached
2026-07-13_Trade_2,2026-07-13,Trade 2 - Pivot (regime-aware: TRANSITION -> breakout-side fade),Trade 2,SHORT,LIMIT,10519.0,10548.0,10491.0,10469.0,10440.0,29.0,band0845,baseline,FILLED,Unit 2,1.724,1.724,2026-07-14,,WAITED for return to entry,2026-07-14 16:30:00,10519.0,29.0,1.0,10469.0,2026-07-15 09:00:00,TP2 reached
2026-07-13_Trade_2,2026-07-13,Trade 2 - Pivot (regime-aware: TRANSITION -> breakout-side fade),Trade 2,SHORT,LIMIT,10519.0,10548.0,10491.0,10469.0,10440.0,29.0,band0845,baseline,FILLED,Unit 3,2.724,2.724,2026-07-14,,WAITED for return to entry,2026-07-14 16:30:00,10519.0,29.0,1.0,10440.0,2026-07-15 10:15:00,runner target reached
2026-07-13_Trade_3A,2026-07-13,Trade 3 - Momentum-Pullback (3A): long the reclaim (regime fork = TRANSITION -> breakout-side long),Trade 3A,LONG,CONDITIONAL,10540.0,10468.0,10570.0,10662.0,10712.0,72.0,band0845,baseline,FILLED,Unit 1,2.806,0.417,2026-07-17,confirmed close 10558.9 on 2026-07-16; ,IN BAND (+0.63R) market at 08:45,2026-07-17 08:45:00,10494.8,26.8,0.372,10570.0,2026-07-17 10:15:00,TP1 reached
2026-07-13_Trade_3A,2026-07-13,Trade 3 - Momentum-Pullback (3A): long the reclaim (regime fork = TRANSITION -> breakout-side long),Trade 3A,LONG,CONDITIONAL,10540.0,10468.0,10570.0,10662.0,10712.0,72.0,band0845,baseline,FILLED,Unit 2,-1.0,-1.0,2026-07-17,confirmed close 10558.9 on 2026-07-16; ,IN BAND (+0.63R) market at 08:45,2026-07-17 08:45:00,10494.8,26.8,0.372,10468.0,2026-07-20 21:15:00,stopped out
2026-07-13_Trade_3A,2026-07-13,Trade 3 - Momentum-Pullback (3A): long the reclaim (regime fork = TRANSITION -> breakout-side long),Trade 3A,LONG,CONDITIONAL,10540.0,10468.0,10570.0,10662.0,10712.0,72.0,band0845,baseline,FILLED,Unit 3,-1.0,-1.0,2026-07-17,confirmed close 10558.9 on 2026-07-16; ,IN BAND (+0.63R) market at 08:45,2026-07-17 08:45:00,10494.8,26.8,0.372,10468.0,2026-07-20 21:15:00,stopped out
2026-07-14_Trade_1,2026-07-14,Trade 1 - Daily Directional,Trade 1,n/a,,,,,,,,band0845,baseline,SUPPRESSED,All,0.0,0.0,,,,,,,,,,
2026-07-14_Trade_2,2026-07-14,"Trade 2 - Pivot, regime-aware (TRANSITION breakout side)",Trade 2,LONG,STOP,10533.0,10464.0,10602.0,10671.0,10680.0,69.0,band0845,baseline,FILLED,Unit 1,-1.0,-1.0,2026-07-15,,RECOVERY to entry-0.5R (10498.50),2026-07-15 11:30:00,10498.5,34.5,0.5,10464.0,2026-07-15 19:15:00,stopped out
2026-07-14_Trade_2,2026-07-14,"Trade 2 - Pivot, regime-aware (TRANSITION breakout side)",Trade 2,LONG,STOP,10533.0,10464.0,10602.0,10671.0,10680.0,69.0,band0845,baseline,FILLED,Unit 2,-1.0,-1.0,2026-07-15,,RECOVERY to entry-0.5R (10498.50),2026-07-15 11:30:00,10498.5,34.5,0.5,10464.0,2026-07-15 19:15:00,stopped out
2026-07-14_Trade_2,2026-07-14,"Trade 2 - Pivot, regime-aware (TRANSITION breakout side)",Trade 2,LONG,STOP,10533.0,10464.0,10602.0,10671.0,10680.0,69.0,band0845,baseline,FILLED,Unit 3,-1.0,-1.0,2026-07-15,,RECOVERY to entry-0.5R (10498.50),2026-07-15 11:30:00,10498.5,34.5,0.5,10464.0,2026-07-15 19:15:00,stopped out
2026-07-14_Trade_3C,2026-07-14,Trade 3C - Momentum-Breakout,Trade 3C,LONG,CONDITIONAL,10772.0,10376.0,11370.0,11680.0,,,band0845,baseline,FILLED,Unit 1,0.195,0.149,2026-07-28,confirmed close 10787.0 on 2026-07-27; ,IN BAND (+0.04R) market at 08:45,2026-07-28 08:45:00,10756.9,380.9,0.962,10831.2,2026-09-03 22:45:00,unresolved at end of data - MTM
2026-07-14_Trade_3C,2026-07-14,Trade 3C - Momentum-Breakout,Trade 3C,LONG,CONDITIONAL,10772.0,10376.0,11370.0,11680.0,,,band0845,baseline,FILLED,Unit 2,0.195,0.149,2026-07-28,confirmed close 10787.0 on 2026-07-27; ,IN BAND (+0.04R) market at 08:45,2026-07-28 08:45:00,10756.9,380.9,0.962,10831.2,2026-09-03 22:45:00,unresolved at end of data - MTM
2026-07-14_Trade_3C,2026-07-14,Trade 3C - Momentum-Breakout,Trade 3C,LONG,CONDITIONAL,10772.0,10376.0,11370.0,11680.0,,,band0845,baseline,FILLED,Unit 3,0.195,0.149,2026-07-28,confirmed close 10787.0 on 2026-07-27; ,IN BAND (+0.04R) market at 08:45,2026-07-28 08:45:00,10756.9,380.9,0.962,10831.2,2026-09-03 22:45:00,unresolved at end of data - MTM
2026-07-15_Trade_1,2026-07-15,Trade 1 - Daily Directional,Trade 1,LONG,,,,,,,,band0845,baseline,SUPPRESSED,All,0.0,0.0,,,,,,,,,,
2026-07-15_Trade_2,2026-07-15,Trade 2 - Pivot (regime-aware). Transitional regime -> buy support at corroborated weekly pivot confluence,Trade 2,LONG,LIMIT,10486.0,10431.0,10541.0,10596.0,10675.0,55.0,band0845,baseline,FILLED,Unit 1,-1.0,-1.0,2026-07-16,,IN BAND (+0.40R) market at 08:45,2026-07-16 08:45:00,10463.8,32.8,0.596,10431.0,2026-07-16 09:30:00,stopped out
2026-07-15_Trade_2,2026-07-15,Trade 2 - Pivot (regime-aware). Transitional regime -> buy support at corroborated weekly pivot confluence,Trade 2,LONG,LIMIT,10486.0,10431.0,10541.0,10596.0,10675.0,55.0,band0845,baseline,FILLED,Unit 2,-1.0,-1.0,2026-07-16,,IN BAND (+0.40R) market at 08:45,2026-07-16 08:45:00,10463.8,32.8,0.596,10431.0,2026-07-16 09:30:00,stopped out
2026-07-15_Trade_2,2026-07-15,Trade 2 - Pivot (regime-aware). Transitional regime -> buy support at corroborated weekly pivot confluence,Trade 2,LONG,LIMIT,10486.0,10431.0,10541.0,10596.0,10675.0,55.0,band0845,baseline,FILLED,Unit 3,-1.0,-1.0,2026-07-16,,IN BAND (+0.40R) market at 08:45,2026-07-16 08:45:00,10463.8,32.8,0.596,10431.0,2026-07-16 09:30:00,stopped out
2026-07-15_Trade_3A,2026-07-15,Trade 3A - Momentum-Pullback. 14-Jul range-top close + CONFIRM cross-asset -> buy a shallow pullback in the resolution attempt,Trade 3A,LONG,STOP,10533.0,10486.0,10562.0,10596.0,10675.0,47.0,band0845,baseline,FILLED,Unit 1,2.234,0.617,2026-07-16,,RECOVERY to entry-0.5R (10509.50),2026-07-16 17:45:00,10509.5,23.5,0.5,10562.0,2026-07-16 18:30:00,TP1 reached
2026-07-15_Trade_3A,2026-07-15,Trade 3A - Momentum-Pullback. 14-Jul range-top close + CONFIRM cross-asset -> buy a shallow pullback in the resolution attempt,Trade 3A,LONG,STOP,10533.0,10486.0,10562.0,10596.0,10675.0,47.0,band0845,baseline,FILLED,Unit 2,3.681,1.34,2026-07-16,,RECOVERY to entry-0.5R (10509.50),2026-07-16 17:45:00,10509.5,23.5,0.5,10596.0,2026-07-17 10:30:00,TP2 reached
2026-07-15_Trade_3A,2026-07-15,Trade 3A - Momentum-Pullback. 14-Jul range-top close + CONFIRM cross-asset -> buy a shallow pullback in the resolution attempt,Trade 3A,LONG,STOP,10533.0,10486.0,10562.0,10596.0,10675.0,47.0,band0845,baseline,FILLED,Unit 3,0.2,-0.4,2026-07-16,,RECOVERY to entry-0.5R (10509.50),2026-07-16 17:45:00,10509.5,23.5,0.5,10514.2,2026-07-20 10:15:00,BE trail hit (BE_0.2R_ON_TP2)
2026-07-16_Trade_1,2026-07-16,Trade 1 - Daily Directional,Trade 1,LONG,MARKET,10515.92,10393.98,10637.86,10759.81,10881.75,121.94,band0845,baseline,FILLED,Unit 1,1.419,1.0,2026-07-17,,IN BAND (+0.17R) market at 08:45,2026-07-17 08:45:00,10494.8,100.82,0.827,10637.86,2026-07-22 11:00:00,TP1 reached
2026-07-16_Trade_1,2026-07-16,Trade 1 - Daily Directional,Trade 1,LONG,MARKET,10515.92,10393.98,10637.86,10759.81,10881.75,121.94,band0845,baseline,FILLED,Unit 2,2.629,2.0,2026-07-17,,IN BAND (+0.17R) market at 08:45,2026-07-17 08:45:00,10494.8,100.82,0.827,10759.81,2026-07-27 08:15:00,TP2 reached
2026-07-16_Trade_1,2026-07-16,Trade 1 - Daily Directional,Trade 1,LONG,MARKET,10515.92,10393.98,10637.86,10759.81,10881.75,121.94,band0845,baseline,FILLED,Unit 3,0.732,0.432,2026-07-17,,IN BAND (+0.17R) market at 08:45,2026-07-17 08:45:00,10494.8,100.82,0.827,10568.6,2026-07-17 22:45:00,card runner time-stop at entry-session close
2026-07-16_Trade_2,2026-07-16,Trade 2 - Pivot (regime-aware),Trade 2,LONG,STOP,10547.28,10487.61,10562.96,10578.64,10612.28,59.67,band0845,baseline,FILLED,Unit 1,1.526,0.263,2026-07-17,,RECOVERY to entry-0.5R (10517.44),2026-07-17 09:00:00,10517.44,29.83,0.5,10562.96,2026-07-17 10:00:00,TP1 reached
2026-07-16_Trade_2,2026-07-16,Trade 2 - Pivot (regime-aware),Trade 2,LONG,STOP,10547.28,10487.61,10562.96,10578.64,10612.28,59.67,band0845,baseline,FILLED,Unit 2,2.051,0.526,2026-07-17,,RECOVERY to entry-0.5R (10517.44),2026-07-17 09:00:00,10517.44,29.83,0.5,10578.64,2026-07-17 10:15:00,TP2 reached
2026-07-16_Trade_2,2026-07-16,Trade 2 - Pivot (regime-aware),Trade 2,LONG,STOP,10547.28,10487.61,10562.96,10578.64,10612.28,59.67,band0845,baseline,FILLED,Unit 3,3.179,1.089,2026-07-17,,RECOVERY to entry-0.5R (10517.44),2026-07-17 09:00:00,10517.44,29.83,0.5,10612.28,2026-07-17 11:00:00,runner target reached
2026-07-16_Trade_3C,2026-07-16,Trade 3 - Momentum-Breakout (variant 3C),Trade 3C,LONG,STOP,10562.97,10500.51,10625.43,10695.53,10828.09,62.46,band0845,baseline,FILLED,Unit 1,-1.0,-1.0,2026-07-17,,RECOVERY to entry-0.5R (10531.74),2026-07-17 09:15:00,10531.74,31.23,0.5,10500.51,2026-07-20 18:30:00,stopped out
2026-07-16_Trade_3C,2026-07-16,Trade 3 - Momentum-Breakout (variant 3C),Trade 3C,LONG,STOP,10562.97,10500.51,10625.43,10695.53,10828.09,62.46,band0845,baseline,FILLED,Unit 2,-1.0,-1.0,2026-07-17,,RECOVERY to entry-0.5R (10531.74),2026-07-17 09:15:00,10531.74,31.23,0.5,10500.51,2026-07-20 18:30:00,stopped out
2026-07-16_Trade_3C,2026-07-16,Trade 3 - Momentum-Breakout (variant 3C),Trade 3C,LONG,STOP,10562.97,10500.51,10625.43,10695.53,10828.09,62.46,band0845,baseline,FILLED,Unit 3,-1.0,-1.0,2026-07-17,,RECOVERY to entry-0.5R (10531.74),2026-07-17 09:15:00,10531.74,31.23,0.5,10500.51,2026-07-20 18:30:00,stopped out
2026-07-17_Trade_1,2026-07-17,Trade 1 - Daily Directional,Trade 1,LONG,MARKET,10572.24,10462.9,10681.58,10790.92,10838.88,109.34,band0845,baseline,FILLED,Unit 1,-1.0,-1.0,2026-07-20,,IN BAND (+0.20R) market at 08:45,2026-07-20 08:45:00,10550.6,87.7,0.802,10462.9,2026-07-20 21:30:00,stopped out
2026-07-17_Trade_1,2026-07-17,Trade 1 - Daily Directional,Trade 1,LONG,MARKET,10572.24,10462.9,10681.58,10790.92,10838.88,109.34,band0845,baseline,FILLED,Unit 2,-1.0,-1.0,2026-07-20,,IN BAND (+0.20R) market at 08:45,2026-07-20 08:45:00,10550.6,87.7,0.802,10462.9,2026-07-20 21:30:00,stopped out
2026-07-17_Trade_1,2026-07-17,Trade 1 - Daily Directional,Trade 1,LONG,MARKET,10572.24,10462.9,10681.58,10790.92,10838.88,109.34,band0845,baseline,FILLED,Unit 3,-1.0,-1.0,2026-07-20,,IN BAND (+0.20R) market at 08:45,2026-07-20 08:45:00,10550.6,87.7,0.802,10462.9,2026-07-20 21:30:00,stopped out
2026-07-17_Trade_2,2026-07-17,Trade 2 - Pivot (regime-aware),Trade 2,LONG,LIMIT,10540.18,10494.96,10585.4,10630.62,10617.46,45.22,band0845,baseline,FILLED,Unit 1,1.0,1.0,2026-07-20,,WAITED for return to entry,2026-07-20 08:45:00,10540.18,45.22,1.0,10585.4,2026-07-20 14:30:00,TP1 reached
2026-07-17_Trade_2,2026-07-17,Trade 2 - Pivot (regime-aware),Trade 2,LONG,LIMIT,10540.18,10494.96,10585.4,10630.62,10617.46,45.22,band0845,baseline,FILLED,Unit 2,-1.0,-1.0,2026-07-20,,WAITED for return to entry,2026-07-20 08:45:00,10540.18,45.22,1.0,10494.96,2026-07-20 18:30:00,stopped out
2026-07-17_Trade_2,2026-07-17,Trade 2 - Pivot (regime-aware),Trade 2,LONG,LIMIT,10540.18,10494.96,10585.4,10630.62,10617.46,45.22,band0845,baseline,FILLED,Unit 3,-1.0,-1.0,2026-07-20,,WAITED for return to entry,2026-07-20 08:45:00,10540.18,45.22,1.0,10494.96,2026-07-20 18:30:00,stopped out
2026-07-17_Trade_3A,2026-07-17,Trade 3 - Momentum-Pullback (variant 3A),Trade 3A,LONG,LIMIT,10530.46,10476.14,10564.07,10618.4,10848.6,54.32,band0845,baseline,FILLED,Unit 1,0.619,0.619,2026-07-20,,WAITED for return to entry,2026-07-20 10:00:00,10530.46,54.32,1.0,10564.07,2026-07-20 10:45:00,TP1 reached
2026-07-17_Trade_3A,2026-07-17,Trade 3 - Momentum-Pullback (variant 3A),Trade 3A,LONG,LIMIT,10530.46,10476.14,10564.07,10618.4,10848.6,54.32,band0845,baseline,FILLED,Unit 2,-1.0,-1.0,2026-07-20,,WAITED for return to entry,2026-07-20 10:00:00,10530.46,54.32,1.0,10476.14,2026-07-20 20:30:00,stopped out
2026-07-17_Trade_3A,2026-07-17,Trade 3 - Momentum-Pullback (variant 3A),Trade 3A,LONG,LIMIT,10530.46,10476.14,10564.07,10618.4,10848.6,54.32,band0845,baseline,FILLED,Unit 3,-1.0,-1.0,2026-07-20,,WAITED for return to entry,2026-07-20 10:00:00,10530.46,54.32,1.0,10476.14,2026-07-20 20:30:00,stopped out
2026-07-20_Trade_1,2026-07-20,Trade 1 - Daily Directional (LONG - TREND_UP regime),Trade 1,LONG,MARKET,10600.0,10516.0,10685.0,10769.0,10853.0,84.0,band0845,baseline,FILLED,Unit 1,3.024,1.012,2026-07-21,,RECOVERY to entry-0.5R (10558.00),2026-07-21 17:15:00,10558.0,42.0,0.5,10685.0,2026-07-22 11:45:00,TP1 reached
2026-07-20_Trade_1,2026-07-20,Trade 1 - Daily Directional (LONG - TREND_UP regime),Trade 1,LONG,MARKET,10600.0,10516.0,10685.0,10769.0,10853.0,84.0,band0845,baseline,FILLED,Unit 2,5.024,2.012,2026-07-21,,RECOVERY to entry-0.5R (10558.00),2026-07-21 17:15:00,10558.0,42.0,0.5,10769.0,2026-07-27 09:00:00,TP2 reached
2026-07-20_Trade_1,2026-07-20,Trade 1 - Daily Directional (LONG - TREND_UP regime),Trade 1,LONG,MARKET,10600.0,10516.0,10685.0,10769.0,10853.0,84.0,band0845,baseline,FILLED,Unit 3,0.883,-0.058,2026-07-21,,RECOVERY to entry-0.5R (10558.00),2026-07-21 17:15:00,10558.0,42.0,0.5,10595.1,2026-07-21 22:45:00,card runner time-stop at entry-session close
2026-07-20_Trade_2,2026-07-20,"Trade 2 - Pivot (trend-pullback, TREND_UP)",Trade 2,LONG,LIMIT,10584.0,10478.0,10680.0,10776.0,10736.0,96.0,band0845,baseline,FILLED,Unit 1,2.811,0.906,2026-07-21,,RECOVERY to entry-0.5R (10531.00),2026-07-21 12:00:00,10531.0,53.0,0.5,10680.0,2026-07-22 11:30:00,TP1 reached
2026-07-20_Trade_2,2026-07-20,"Trade 2 - Pivot (trend-pullback, TREND_UP)",Trade 2,LONG,LIMIT,10584.0,10478.0,10680.0,10776.0,10736.0,96.0,band0845,baseline,FILLED,Unit 2,4.623,1.811,2026-07-21,,RECOVERY to entry-0.5R (10531.00),2026-07-21 12:00:00,10531.0,53.0,0.5,10776.0,2026-07-27 09:00:00,TP2 reached
2026-07-20_Trade_2,2026-07-20,"Trade 2 - Pivot (trend-pullback, TREND_UP)",Trade 2,LONG,LIMIT,10584.0,10478.0,10680.0,10776.0,10736.0,96.0,band0845,baseline,FILLED,Unit 3,3.868,1.434,2026-07-21,,RECOVERY to entry-0.5R (10531.00),2026-07-21 12:00:00,10531.0,53.0,0.5,10736.0,2026-07-22 15:30:00,runner target reached
2026-07-20_Trade_3A,2026-07-20,"Trade 3A - Momentum-Pullback (complex, TREND_UP fork)",Trade 3A,LONG,LIMIT,10551.0,10470.0,10624.0,10700.0,10815.0,81.0,band0845,baseline,FILLED,Unit 1,2.802,0.901,2026-07-21,,RECOVERY to entry-0.5R (10510.50),2026-07-21 10:00:00,10510.5,40.5,0.5,10624.0,2026-07-22 11:00:00,TP1 reached
2026-07-20_Trade_3A,2026-07-20,"Trade 3A - Momentum-Pullback (complex, TREND_UP fork)",Trade 3A,LONG,LIMIT,10551.0,10470.0,10624.0,10700.0,10815.0,81.0,band0845,baseline,FILLED,Unit 2,4.679,1.84,2026-07-21,,RECOVERY to entry-0.5R (10510.50),2026-07-21 10:00:00,10510.5,40.5,0.5,10700.0,2026-07-22 12:00:00,TP2 reached
2026-07-20_Trade_3A,2026-07-20,"Trade 3A - Momentum-Pullback (complex, TREND_UP fork)",Trade 3A,LONG,LIMIT,10551.0,10470.0,10624.0,10700.0,10815.0,81.0,band0845,baseline,FILLED,Unit 3,7.519,3.259,2026-07-21,,RECOVERY to entry-0.5R (10510.50),2026-07-21 10:00:00,10510.5,40.5,0.5,10815.0,2026-07-27 09:45:00,runner target reached
2026-07-21_Trade_1,2026-07-21,Trade 1 — Daily Directional (SHORT — TRANSITION/bearish score),Trade 1,SHORT,MARKET,10524.76,10648.76,10400.76,10276.76,10237.0,124.0,band0845,baseline,FILLED,Unit 1,-1.0,-1.0,2026-07-22,,IN BAND (+0.54R) market at 08:45,2026-07-22 08:45:00,10591.6,57.16,0.461,10648.76,2026-07-22 11:15:00,stopped out
2026-07-21_Trade_1,2026-07-21,Trade 1 — Daily Directional (SHORT — TRANSITION/bearish score),Trade 1,SHORT,MARKET,10524.76,10648.76,10400.76,10276.76,10237.0,124.0,band0845,baseline,FILLED,Unit 2,-1.0,-1.0,2026-07-22,,IN BAND (+0.54R) market at 08:45,2026-07-22 08:45:00,10591.6,57.16,0.461,10648.76,2026-07-22 11:15:00,stopped out
2026-07-21_Trade_1,2026-07-21,Trade 1 — Daily Directional (SHORT — TRANSITION/bearish score),Trade 1,SHORT,MARKET,10524.76,10648.76,10400.76,10276.76,10237.0,124.0,band0845,baseline,FILLED,Unit 3,-1.0,-1.0,2026-07-22,,IN BAND (+0.54R) market at 08:45,2026-07-22 08:45:00,10591.6,57.16,0.461,10648.76,2026-07-22 11:15:00,stopped out
2026-07-21_Trade_2,2026-07-21,"Trade 2 — Pivot (TRANSITION: breakout-side limit only, aligned with 3C short)",Trade 2,SHORT,STOP,10481.0,10553.0,10409.0,10337.0,10391.0,72.0,band0845,baseline,NO FILL,All,0.0,0.0,2026-07-22,08:45 10591.6 was +1.54R beyond entry; no recovery to 10517.0 by cut-off,,,,,,,,
2026-07-21_Trade_3C,2026-07-21,Trade 3C — Momentum-Breakout (post-consolidation),Trade 3C,SHORT,CONDITIONAL,,10520.0,,,,,band0845,baseline,UNPRICED,All,0.0,0.0,,,,,,,,,,
2026-07-22_Trade_1,2026-07-22,"Trade 1 — Daily Directional (LONG, low-conviction override)",Trade 1,LONG,MARKET,10585.91,10449.97,10721.9,10857.8,10849.9,136.0,band0845,baseline,FILLED,Unit 1,1.0,1.0,2026-07-23,,WAITED for return to entry,2026-07-23 21:15:00,10585.91,135.94,1.0,10721.9,2026-07-24 18:00:00,TP1 reached
2026-07-22_Trade_1,2026-07-22,"Trade 1 — Daily Directional (LONG, low-conviction override)",Trade 1,LONG,MARKET,10585.91,10449.97,10721.9,10857.8,10849.9,136.0,band0845,baseline,FILLED,Unit 2,2.0,2.0,2026-07-23,,WAITED for return to entry,2026-07-23 21:15:00,10585.91,135.94,1.0,10857.8,2026-07-28 17:00:00,TP2 reached
2026-07-22_Trade_1,2026-07-22,"Trade 1 — Daily Directional (LONG, low-conviction override)",Trade 1,LONG,MARKET,10585.91,10449.97,10721.9,10857.8,10849.9,136.0,band0845,baseline,FILLED,Unit 3,0.066,0.066,2026-07-23,,WAITED for return to entry,2026-07-23 21:15:00,10585.91,135.94,1.0,10594.9,2026-07-23 22:45:00,card runner time-stop at entry-session close
2026-07-22_Trade_2,2026-07-22,"Trade 2 — Pivot, TRANSITION (breakout side only — upside)",Trade 2,LONG,STOP,10559.6,10523.6,10622.2,10640.4,10658.5,36.0,band0845,baseline,NO FILL,All,0.0,0.0,2026-07-23,08:45 10704.7 was -4.03R worse than entry; never returned to entry by cut-off,,,,,,,,
2026-07-22_Trade_3C,2026-07-22,"Trade 3C — Momentum-Breakout (TRANSITION variant, upside)",Trade 3C,LONG,CONDITIONAL,10769.0,10484.8,11184.0,11402.5,,284.0,band0845,baseline,FILLED,Unit 1,0.273,0.219,2026-07-28,confirmed close 10787.0 on 2026-07-27; ,IN BAND (+0.04R) market at 08:45,2026-07-28 08:45:00,10756.9,272.1,0.957,10831.2,2026-09-03 22:45:00,unresolved at end of data - MTM
2026-07-22_Trade_3C,2026-07-22,"Trade 3C — Momentum-Breakout (TRANSITION variant, upside)",Trade 3C,LONG,CONDITIONAL,10769.0,10484.8,11184.0,11402.5,,284.0,band0845,baseline,FILLED,Unit 2,0.273,0.219,2026-07-28,confirmed close 10787.0 on 2026-07-27; ,IN BAND (+0.04R) market at 08:45,2026-07-28 08:45:00,10756.9,272.1,0.957,10831.2,2026-09-03 22:45:00,unresolved at end of data - MTM
2026-07-22_Trade_3C,2026-07-22,"Trade 3C — Momentum-Breakout (TRANSITION variant, upside)",Trade 3C,LONG,CONDITIONAL,10769.0,10484.8,11184.0,11402.5,,284.0,band0845,baseline,FILLED,Unit 3,0.273,0.219,2026-07-28,confirmed close 10787.0 on 2026-07-27; ,IN BAND (+0.04R) market at 08:45,2026-07-28 08:45:00,10756.9,272.1,0.957,10831.2,2026-09-03 22:45:00,unresolved at end of data - MTM
2026-07-23_Trade_1,2026-07-23,Trade 1 — Daily Directional,Trade 1,LONG,MARKET,10716.97,10565.96,10867.98,11018.99,11072.47,151.01,band0845,baseline,FILLED,Unit 1,6.837,1.0,2026-07-24,,IN BAND (+0.74R) market at 08:45,2026-07-24 08:45:00,10604.5,38.54,0.255,10867.98,2026-07-28 17:00:00,TP1 reached
2026-07-23_Trade_1,2026-07-23,Trade 1 — Daily Directional,Trade 1,LONG,MARKET,10716.97,10565.96,10867.98,11018.99,11072.47,151.01,band0845,baseline,FILLED,Unit 2,5.882,0.756,2026-07-24,,IN BAND (+0.74R) market at 08:45,2026-07-24 08:45:00,10604.5,38.54,0.255,10831.2,2026-09-03 22:45:00,unresolved at end of data - MTM
2026-07-23_Trade_1,2026-07-23,Trade 1 — Daily Directional,Trade 1,LONG,MARKET,10716.97,10565.96,10867.98,11018.99,11072.47,151.01,band0845,baseline,FILLED,Unit 3,2.849,-0.018,2026-07-24,,IN BAND (+0.74R) market at 08:45,2026-07-24 08:45:00,10604.5,38.54,0.255,10714.3,2026-07-24 22:45:00,card runner time-stop at entry-session close
2026-07-23_Trade_2,2026-07-23,"Trade 2 — Pivot, regime-aware",Trade 2,LONG,LIMIT,10672.3,10610.63,10733.97,10795.64,10840.3,61.67,band0845,baseline,FILLED,Unit 1,3.0,1.0,2026-07-24,,RECOVERY to entry-0.5R (10641.47),2026-07-24 10:15:00,10641.47,30.84,0.5,10733.97,2026-07-24 18:30:00,TP1 reached
2026-07-23_Trade_2,2026-07-23,"Trade 2 — Pivot, regime-aware",Trade 2,LONG,LIMIT,10672.3,10610.63,10733.97,10795.64,10840.3,61.67,band0845,baseline,FILLED,Unit 2,5.0,2.0,2026-07-24,,RECOVERY to entry-0.5R (10641.47),2026-07-24 10:15:00,10641.47,30.84,0.5,10795.64,2026-07-27 09:30:00,TP2 reached
2026-07-23_Trade_2,2026-07-23,"Trade 2 — Pivot, regime-aware",Trade 2,LONG,LIMIT,10672.3,10610.63,10733.97,10795.64,10840.3,61.67,band0845,baseline,FILLED,Unit 3,6.448,2.724,2026-07-24,,RECOVERY to entry-0.5R (10641.47),2026-07-24 10:15:00,10641.47,30.84,0.5,10840.3,2026-07-28 12:15:00,runner target reached
2026-07-23_Trade_3A,2026-07-23,Trade 3A — Momentum-Pullback (trending-up regime fork),Trade 3A,LONG,LIMIT,10638.15,10453.51,10733.96,10888.97,10984.78,184.64,band0845,baseline,FILLED,Unit 1,0.857,0.519,2026-07-24,,IN BAND (+0.18R) market at 08:45,2026-07-24 08:45:00,10604.5,150.99,0.818,10733.96,2026-07-24 18:30:00,TP1 reached
2026-07-23_Trade_3A,2026-07-23,Trade 3A — Momentum-Pullback (trending-up regime fork),Trade 3A,LONG,LIMIT,10638.15,10453.51,10733.96,10888.97,10984.78,184.64,band0845,baseline,FILLED,Unit 2,1.884,1.358,2026-07-24,,IN BAND (+0.18R) market at 08:45,2026-07-24 08:45:00,10604.5,150.99,0.818,10888.97,2026-07-28 18:30:00,TP2 reached
2026-07-23_Trade_3A,2026-07-23,Trade 3A — Momentum-Pullback (trending-up regime fork),Trade 3A,LONG,LIMIT,10638.15,10453.51,10733.96,10888.97,10984.78,184.64,band0845,baseline,FILLED,Unit 3,1.501,1.046,2026-07-24,,IN BAND (+0.18R) market at 08:45,2026-07-24 08:45:00,10604.5,150.99,0.818,10831.2,2026-09-03 22:45:00,unresolved at end of data - MTM
2026-07-24_Trade_1,2026-07-24,Trade 1 - Daily Directional,Trade 1,n/a,,,,,,,,band0845,baseline,SUPPRESSED,All,0.0,0.0,,,,,,,,,,
2026-07-24_Trade_2,2026-07-24,"Trade 2 - Pivot, TRANSITION-regime branch (rotation from support toward the pivot)",Trade 2,LONG,LIMIT,10592.65,10528.54,10656.76,10720.87,10658.75,64.11,band0845,baseline,NO FILL,All,0.0,0.0,2026-07-27,08:45 10762.2 was -2.64R worse than entry; never returned to entry by cut-off,,,,,,,,
2026-07-24_Trade_3A,2026-07-24,Trade 3A - Momentum-Pullback,Trade 3A,LONG,LIMIT,10623.29,10572.45,10656.37,10724.96,10763.44,50.84,band0845,baseline,NO FILL,All,0.0,0.0,2026-07-27,08:45 10762.2 was -2.73R worse than entry; never returned to entry by cut-off,,,,,,,,
2026-07-27_Trade_1,2026-07-27,Trade 1 - Daily Directional (LONG),Trade 1,LONG,MARKET,10736.23,10627.28,10845.18,10954.12,10936.12,108.9,band0845,baseline,NO FILL,All,0.0,0.0,2026-07-28,08:45 10756.9 was -0.19R worse than entry; never returned to entry by cut-off,,,,,,,,
2026-07-27_Trade_2,2026-07-27,"Trade 2 - Pivot, regime-aware (TREND_UP -> pivot breakout, LONG)",Trade 2,LONG,STOP,10700.62,10653.43,10783.67,10807.4,10831.12,47.2,band0845,baseline,NO FILL,All,0.0,0.0,2026-07-28,08:45 10756.9 was -1.19R worse than entry; never returned to entry by cut-off,,,,,,,,
2026-07-27_Trade_3A,2026-07-27,"Trade 3 - Momentum-Pullback 3A (TREND_UP, LONG)",Trade 3A,LONG,LIMIT,10616.91,10491.94,10666.09,10763.44,11018.28,125.0,band0845,baseline,NO FILL,All,0.0,0.0,2026-07-28,08:45 10756.9 was -1.12R worse than entry; never returned to entry by cut-off,,,,,,,,
2026-07-28_Trade_1,2026-07-28,Trade 1 - Daily Directional (LONG),Trade 1,LONG,MARKET,10781.0,10752.0,10810.0,10838.0,10867.0,29.0,band0845,baseline,NO FILL,All,0.0,0.0,2026-07-29,08:45 10867.1 was -2.97R worse than entry; never returned to entry by cut-off,,,,,,,,
2026-07-28_Trade_2,2026-07-28,"Trade 2 - Pivot (regime-aware, TREND_UP breakout)",Trade 2,LONG,STOP,10802.0,10767.0,10837.0,10872.0,10920.0,35.0,band0845,baseline,NO FILL,All,0.0,0.0,2026-07-29,08:45 10867.1 was -1.86R worse than entry; never returned to entry by cut-off,,,,,,,,
2026-07-28_Trade_3A,2026-07-28,"Trade 3A - Momentum-Pullback (LONG, TREND_UP fork)",Trade 3A,LONG,LIMIT,10767.0,10738.0,10796.0,10825.0,10867.0,29.0,band0845,baseline,NO FILL,All,0.0,0.0,2026-07-29,08:45 10867.1 was -3.45R worse than entry; never returned to entry by cut-off,,,,,,,,
2026-07-29_Trade_1,2026-07-29,Trade 1 — Daily Directional (LONG · TRANSITION-with-upward-lean),Trade 1,LONG,MARKET,10736.23,10572.5,10899.96,11063.69,11055.0,163.7,band0845,baseline,NO FILL,All,0.0,0.0,2026-07-30,08:45 10806.0 was -0.43R worse than entry; never returned to entry by cut-off,,,,,,,,
2026-07-29_Trade_2,2026-07-29,"Trade 2 — Pivot, breakout-side (upside), regime = TRANSITION",Trade 2,LONG,STOP,10783.67,10691.39,10867.29,10932.82,10998.34,92.3,band0845,baseline,NO FILL,All,0.0,0.0,2026-07-30,08:45 10806.0 was -0.24R worse than entry; never returned to entry by cut-off,,,,,,,,
2026-07-29_Trade_3C,2026-07-29,"Trade 3 — Momentum-Breakout (variant 3C), post-indecision at the 25-session range top",Trade 3C,LONG,CONDITIONAL,10790.04,10543.86,11129.4,11312.38,,246.0,band0845,baseline,NO FILL,All,0.0,0.0,2026-07-30,confirmed close 10817.9 on 2026-07-29; 08:45 10806.0 was -0.06R worse than entry; never returned to entry by cut-off,,,,,,,,
2026-07-30_Trade_1,2026-07-30,Trade 1 — Daily Directional (LONG · TREND_UP regime),Trade 1,LONG,MARKET,10908.0,10848.32,10968.5,11028.58,11142.72,60.0,band0845,baseline,FILLED,Unit 1,1.014,1.014,2026-07-31,,WAITED for return to entry,2026-07-31 09:30:00,10908.0,59.68,1.0,10968.5,2026-07-31 10:15:00,TP1 reached
2026-07-30_Trade_1,2026-07-30,Trade 1 — Daily Directional (LONG · TREND_UP regime),Trade 1,LONG,MARKET,10908.0,10848.32,10968.5,11028.58,11142.72,60.0,band0845,baseline,FILLED,Unit 2,-1.0,-1.0,2026-07-31,,WAITED for return to entry,2026-07-31 09:30:00,10908.0,59.68,1.0,10848.32,2026-07-31 17:00:00,stopped out
2026-07-30_Trade_1,2026-07-30,Trade 1 — Daily Directional (LONG · TREND_UP regime),Trade 1,LONG,MARKET,10908.0,10848.32,10968.5,11028.58,11142.72,60.0,band0845,baseline,FILLED,Unit 3,-1.0,-1.0,2026-07-31,,WAITED for return to entry,2026-07-31 09:30:00,10908.0,59.68,1.0,10848.32,2026-07-31 17:00:00,stopped out
2026-07-30_Trade_2,2026-07-30,"Trade 2 — Pivot, regime-aware (LONG · TREND_UP pivot breakout)",Trade 2,LONG,STOP,10913.51,10876.17,10950.01,10970.82,10991.62,37.0,band0845,baseline,FILLED,Unit 1,-1.0,-1.0,2026-07-31,,WAITED for return to entry,2026-07-31 09:30:00,10913.51,37.34,1.0,10876.17,2026-07-31 10:00:00,stopped out
2026-07-30_Trade_2,2026-07-30,"Trade 2 — Pivot, regime-aware (LONG · TREND_UP pivot breakout)",Trade 2,LONG,STOP,10913.51,10876.17,10950.01,10970.82,10991.62,37.0,band0845,baseline,FILLED,Unit 2,-1.0,-1.0,2026-07-31,,WAITED for return to entry,2026-07-31 09:30:00,10913.51,37.34,1.0,10876.17,2026-07-31 10:00:00,stopped out
2026-07-30_Trade_2,2026-07-30,"Trade 2 — Pivot, regime-aware (LONG · TREND_UP pivot breakout)",Trade 2,LONG,STOP,10913.51,10876.17,10950.01,10970.82,10991.62,37.0,band0845,baseline,FILLED,Unit 3,-1.0,-1.0,2026-07-31,,WAITED for return to entry,2026-07-31 09:30:00,10913.51,37.34,1.0,10876.17,2026-07-31 10:00:00,stopped out
2026-07-30_Trade_3A,2026-07-30,Trade 3 — Momentum-Pullback 3A (LONG · TREND_UP),Trade 3A,LONG,LIMIT,10748.28,10578.88,10816.34,10951.06,11303.72,169.0,band0845,baseline,NO FILL,All,0.0,0.0,2026-07-31,08:45 10930.3 was -1.07R worse than entry; never returned to entry by cut-off,,,,,,,,
2026-07-31_Trade_1,2026-07-31,Trade 1 — Daily Directional (LONG · TREND_UP regime),Trade 1,LONG,MARKET,10897.0,10844.59,10949.95,11002.63,11055.3,52.7,band0845,baseline,FILLED,Unit 1,-1.0,-1.0,2026-08-03,,WAITED for return to entry,2026-08-03 08:45:00,10897.0,52.41,1.0,10844.59,2026-08-03 10:00:00,stopped out
2026-07-31_Trade_1,2026-07-31,Trade 1 — Daily Directional (LONG · TREND_UP regime),Trade 1,LONG,MARKET,10897.0,10844.59,10949.95,11002.63,11055.3,52.7,band0845,baseline,FILLED,Unit 2,-1.0,-1.0,2026-08-03,,WAITED for return to entry,2026-08-03 08:45:00,10897.0,52.41,1.0,10844.59,2026-08-03 10:00:00,stopped out
2026-07-31_Trade_1,2026-07-31,Trade 1 — Daily Directional (LONG · TREND_UP regime),Trade 1,LONG,MARKET,10897.0,10844.59,10949.95,11002.63,11055.3,52.7,band0845,baseline,FILLED,Unit 3,-1.0,-1.0,2026-08-03,,WAITED for return to entry,2026-08-03 08:45:00,10897.0,52.41,1.0,10844.59,2026-08-03 10:00:00,stopped out
2026-07-31_Trade_2,2026-07-31,Trade 2 — Pivot (regime-aware · TREND_UP → pullback buy),Trade 2,LONG,LIMIT,10907.86,10856.63,10959.09,11010.31,10994.81,51.2,band0845,baseline,FILLED,Unit 1,-1.0,-1.0,2026-08-03,,IN BAND (+0.16R) market at 08:45,2026-08-03 08:45:00,10899.9,43.27,0.845,10856.63,2026-08-03 09:45:00,stopped out
2026-07-31_Trade_2,2026-07-31,Trade 2 — Pivot (regime-aware · TREND_UP → pullback buy),Trade 2,LONG,LIMIT,10907.86,10856.63,10959.09,11010.31,10994.81,51.2,band0845,baseline,FILLED,Unit 2,-1.0,-1.0,2026-08-03,,IN BAND (+0.16R) market at 08:45,2026-08-03 08:45:00,10899.9,43.27,0.845,10856.63,2026-08-03 09:45:00,stopped out
2026-07-31_Trade_2,2026-07-31,Trade 2 — Pivot (regime-aware · TREND_UP → pullback buy),Trade 2,LONG,LIMIT,10907.86,10856.63,10959.09,11010.31,10994.81,51.2,band0845,baseline,FILLED,Unit 3,-1.0,-1.0,2026-08-03,,IN BAND (+0.16R) market at 08:45,2026-08-03 08:45:00,10899.9,43.27,0.845,10856.63,2026-08-03 09:45:00,stopped out
2026-07-31_Trade_3A,2026-07-31,Trade 3A — Momentum-Pullback (TREND_UP variant),Trade 3A,LONG,LIMIT,10834.25,10769.28,10979.6,11214.75,11360.1,65.0,band0845,baseline,FILLED,Unit 1,-1.0,-1.0,2026-08-03,,WAITED for return to entry,2026-08-03 10:00:00,10834.25,64.97,1.0,10769.28,2026-08-13 10:15:00,stopped out
2026-07-31_Trade_3A,2026-07-31,Trade 3A — Momentum-Pullback (TREND_UP variant),Trade 3A,LONG,LIMIT,10834.25,10769.28,10979.6,11214.75,11360.1,65.0,band0845,baseline,FILLED,Unit 2,-1.0,-1.0,2026-08-03,,WAITED for return to entry,2026-08-03 10:00:00,10834.25,64.97,1.0,10769.28,2026-08-13 10:15:00,stopped out
2026-07-31_Trade_3A,2026-07-31,Trade 3A — Momentum-Pullback (TREND_UP variant),Trade 3A,LONG,LIMIT,10834.25,10769.28,10979.6,11214.75,11360.1,65.0,band0845,baseline,FILLED,Unit 3,-1.0,-1.0,2026-08-03,,WAITED for return to entry,2026-08-03 10:00:00,10834.25,64.97,1.0,10769.28,2026-08-13 10:15:00,stopped out
