DateTime_Broker,DateTime_UTC,Open,High,Low,Close,TickVolume,Spread,RealVolume
2026-04-01 00:00:00,2026-03-31 22:00:00,1.15512,1.15540,1.15512,1.15538,86,41,0
2026-04-01 00:15:00,2026-03-31 22:15:00,1.15536,1.15541,1.15515,1.15521,73,39,0
2026-04-01 00:30:00,2026-03-31 22:30:00,1.15520,1.15534,1.15518,1.15529,234,21,0
2026-04-01 00:45:00,2026-03-31 22:45:00,1.15528,1.15544,1.15524,1.15534,287,20,0
2026-04-01 01:00:00,2026-03-31 23:00:00,1.15549,1.15596,1.15525,1.15549,552,0,0
2026-04-01 01:15:00,2026-03-31 23:15:00,1.15550,1.15568,1.15532,1.15552,323,0,0
2026-04-01 01:30:00,2026-03-31 23:30:00,1.15547,1.15582,1.15545,1.15571,415,0,0
2026-04-01 01:45:00,2026-03-31 23:45:00,1.15571,1.15593,1.15560,1.15586,297,0,0
2026-04-01 02:00:00,2026-04-01 00:00:00,1.15587,1.15610,1.15570,1.15606,348,0,0
2026-04-01 02:15:00,2026-04-01 00:15:00,1.15606,1.15678,1.15605,1.15665,396,0,0
2026-04-01 02:30:00,2026-04-01 00:30:00,1.15663,1.15670,1.15648,1.15660,418,0,0
2026-04-01 02:45:00,2026-04-01 00:45:00,1.15660,1.15747,1.15650,1.15738,669,0,0
2026-04-01 03:00:00,2026-04-01 01:00:00,1.15734,1.15745,1.15694,1.15737,961,0,0
2026-04-01 03:15:00,2026-04-01 01:15:00,1.15737,1.15789,1.15734,1.15766,834,0,0
2026-04-01 03:30:00,2026-04-01 01:30:00,1.15766,1.15778,1.15747,1.15764,599,0,0
2026-04-01 03:45:00,2026-04-01 01:45:00,1.15764,1.15766,1.15710,1.15745,798,0,0
2026-04-01 04:00:00,2026-04-01 02:00:00,1.15745,1.15758,1.15570,1.15657,1421,0,0
2026-04-01 04:15:00,2026-04-01 02:15:00,1.15656,1.15656,1.15577,1.15637,1055,0,0
2026-04-01 04:30:00,2026-04-01 02:30:00,1.15638,1.15656,1.15552,1.15568,1070,0,0
2026-04-01 04:45:00,2026-04-01 02:45:00,1.15567,1.15621,1.15549,1.15618,761,0,0
2026-04-01 05:00:00,2026-04-01 03:00:00,1.15623,1.15664,1.15605,1.15651,748,0,0
2026-04-01 05:15:00,2026-04-01 03:15:00,1.15651,1.15669,1.15647,1.15652,568,0,0
2026-04-01 05:30:00,2026-04-01 03:30:00,1.15651,1.15674,1.15629,1.15665,686,0,0
2026-04-01 05:45:00,2026-04-01 03:45:00,1.15665,1.15711,1.15664,1.15688,502,0,0
2026-04-01 06:00:00,2026-04-01 04:00:00,1.15687,1.15687,1.15648,1.15671,605,0,0
2026-04-01 06:15:00,2026-04-01 04:15:00,1.15672,1.15681,1.15650,1.15653,470,0,0
2026-04-01 06:30:00,2026-04-01 04:30:00,1.15653,1.15659,1.15618,1.15624,516,0,0
2026-04-01 06:45:00,2026-04-01 04:45:00,1.15624,1.15625,1.15592,1.15608,443,0,0
2026-04-01 07:00:00,2026-04-01 05:00:00,1.15608,1.15628,1.15597,1.15611,393,0,0
2026-04-01 07:15:00,2026-04-01 05:15:00,1.15611,1.15624,1.15595,1.15624,481,0,0
2026-04-01 07:30:00,2026-04-01 05:30:00,1.15624,1.15645,1.15611,1.15643,369,0,0
2026-04-01 07:45:00,2026-04-01 05:45:00,1.15643,1.15665,1.15634,1.15654,489,0,0
2026-04-01 08:00:00,2026-04-01 06:00:00,1.15653,1.15679,1.15648,1.15663,588,0,0
2026-04-01 08:15:00,2026-04-01 06:15:00,1.15663,1.15730,1.15658,1.15729,584,0,0
2026-04-01 08:30:00,2026-04-01 06:30:00,1.15729,1.15763,1.15721,1.15760,798,0,0
2026-04-01 08:45:00,2026-04-01 06:45:00,1.15760,1.15765,1.15676,1.15677,877,0,0
2026-04-01 09:00:00,2026-04-01 07:00:00,1.15689,1.15709,1.15621,1.15666,1330,0,0
2026-04-01 09:15:00,2026-04-01 07:15:00,1.15669,1.15891,1.15662,1.15868,1421,0,0
2026-04-01 09:30:00,2026-04-01 07:30:00,1.15867,1.15928,1.15790,1.15874,1957,0,0
2026-04-01 09:45:00,2026-04-01 07:45:00,1.15874,1.15924,1.15802,1.15913,1730,0,0
2026-04-01 10:00:00,2026-04-01 08:00:00,1.15913,1.15948,1.15823,1.15871,1814,0,0
2026-04-01 10:15:00,2026-04-01 08:15:00,1.15872,1.15934,1.15855,1.15896,1434,0,0
2026-04-01 10:30:00,2026-04-01 08:30:00,1.15895,1.15927,1.15827,1.15899,1539,0,0
2026-04-01 10:45:00,2026-04-01 08:45:00,1.15897,1.15988,1.15772,1.15822,2085,0,0
2026-04-01 11:00:00,2026-04-01 09:00:00,1.15821,1.15913,1.15775,1.15849,1794,0,0
2026-04-01 11:15:00,2026-04-01 09:15:00,1.15850,1.15998,1.15830,1.15997,1379,0,0
2026-04-01 11:30:00,2026-04-01 09:30:00,1.16005,1.16105,1.15994,1.16103,1455,0,0
2026-04-01 11:45:00,2026-04-01 09:45:00,1.16105,1.16106,1.15942,1.15963,1425,0,0
2026-04-01 12:00:00,2026-04-01 10:00:00,1.15963,1.16027,1.15915,1.15922,1524,0,0
2026-04-01 12:15:00,2026-04-01 10:15:00,1.15923,1.15925,1.15816,1.15847,1472,0,0
2026-04-01 12:30:00,2026-04-01 10:30:00,1.15848,1.15871,1.15808,1.15841,1242,0,0
2026-04-01 12:45:00,2026-04-01 10:45:00,1.15841,1.15974,1.15834,1.15953,1394,0,0
2026-04-01 13:00:00,2026-04-01 11:00:00,1.15956,1.16008,1.15932,1.15965,1344,0,0
2026-04-01 13:15:00,2026-04-01 11:15:00,1.15964,1.16001,1.15944,1.15966,1265,0,0
2026-04-01 13:30:00,2026-04-01 11:30:00,1.15966,1.16002,1.15959,1.15998,939,0,0
2026-04-01 13:45:00,2026-04-01 11:45:00,1.15998,1.16037,1.15953,1.15996,1255,0,0
2026-04-01 14:00:00,2026-04-01 12:00:00,1.15997,1.16058,1.15981,1.16054,1041,0,0
2026-04-01 14:15:00,2026-04-01 12:15:00,1.16054,1.16057,1.15982,1.15993,973,0,0
2026-04-01 14:30:00,2026-04-01 12:30:00,1.15993,1.16030,1.15979,1.16025,1098,0,0
2026-04-01 14:45:00,2026-04-01 12:45:00,1.16026,1.16100,1.16021,1.16075,1010,0,0
2026-04-01 15:00:00,2026-04-01 13:00:00,1.16078,1.16105,1.16019,1.16038,1220,0,0
2026-04-01 15:15:00,2026-04-01 13:15:00,1.16042,1.16053,1.15948,1.15961,1419,0,0
2026-04-01 15:30:00,2026-04-01 13:30:00,1.15961,1.16182,1.15938,1.16137,1436,0,0
2026-04-01 15:45:00,2026-04-01 13:45:00,1.16146,1.16235,1.16019,1.16045,2522,0,0
2026-04-01 16:00:00,2026-04-01 14:00:00,1.16046,1.16117,1.15986,1.16110,1815,0,0
2026-04-01 16:15:00,2026-04-01 14:15:00,1.16109,1.16146,1.16070,1.16087,1608,0,0
2026-04-01 16:30:00,2026-04-01 14:30:00,1.16088,1.16238,1.16062,1.16154,2077,0,0
2026-04-01 16:45:00,2026-04-01 14:45:00,1.16153,1.16187,1.16104,1.16120,2146,0,0
2026-04-01 17:00:00,2026-04-01 15:00:00,1.16100,1.16120,1.16046,1.16102,2254,0,0
2026-04-01 17:15:00,2026-04-01 15:15:00,1.16103,1.16189,1.16095,1.16141,1639,0,0
2026-04-01 17:30:00,2026-04-01 15:30:00,1.16141,1.16207,1.16068,1.16164,1970,0,0
2026-04-01 17:45:00,2026-04-01 15:45:00,1.16163,1.16271,1.16129,1.16226,1834,0,0
2026-04-01 18:00:00,2026-04-01 16:00:00,1.16227,1.16272,1.16144,1.16156,1516,0,0
2026-04-01 18:15:00,2026-04-01 16:15:00,1.16156,1.16173,1.16062,1.16064,1312,0,0
2026-04-01 18:30:00,2026-04-01 16:30:00,1.16064,1.16115,1.16054,1.16107,1236,0,0
2026-04-01 18:45:00,2026-04-01 16:45:00,1.16109,1.16172,1.16093,1.16138,997,0,0
2026-04-01 19:00:00,2026-04-01 17:00:00,1.16133,1.16155,1.16057,1.16065,1133,0,0
2026-04-01 19:15:00,2026-04-01 17:15:00,1.16064,1.16098,1.16045,1.16075,1060,0,0
2026-04-01 19:30:00,2026-04-01 17:30:00,1.16078,1.16100,1.16048,1.16070,1082,0,0
2026-04-01 19:45:00,2026-04-01 17:45:00,1.16069,1.16193,1.16064,1.16192,808,0,0
2026-04-01 20:00:00,2026-04-01 18:00:00,1.16193,1.16235,1.16133,1.16159,1042,0,0
2026-04-01 20:15:00,2026-04-01 18:15:00,1.16159,1.16161,1.16073,1.16079,795,0,0
2026-04-01 20:30:00,2026-04-01 18:30:00,1.16079,1.16080,1.15976,1.16056,877,0,0
2026-04-01 20:45:00,2026-04-01 18:45:00,1.16056,1.16057,1.15937,1.15939,1025,0,0
2026-04-01 21:00:00,2026-04-01 19:00:00,1.15939,1.15944,1.15881,1.15884,1380,0,0
2026-04-01 21:15:00,2026-04-01 19:15:00,1.15884,1.15903,1.15834,1.15845,1192,0,0
2026-04-01 21:30:00,2026-04-01 19:30:00,1.15845,1.15877,1.15774,1.15855,1116,0,0
2026-04-01 21:45:00,2026-04-01 19:45:00,1.15856,1.15876,1.15780,1.15788,1152,0,0
2026-04-01 22:00:00,2026-04-01 20:00:00,1.15790,1.15847,1.15764,1.15831,936,0,0
2026-04-01 22:15:00,2026-04-01 20:15:00,1.15831,1.15836,1.15785,1.15831,689,0,0
2026-04-01 22:30:00,2026-04-01 20:30:00,1.15832,1.15871,1.15818,1.15860,728,0,0
2026-04-01 22:45:00,2026-04-01 20:45:00,1.15860,1.15871,1.15812,1.15838,916,0,0
2026-04-01 23:00:00,2026-04-01 21:00:00,1.15838,1.15879,1.15836,1.15864,524,0,0
2026-04-01 23:15:00,2026-04-01 21:15:00,1.15865,1.15874,1.15844,1.15871,358,0,0
2026-04-01 23:30:00,2026-04-01 21:30:00,1.15871,1.15913,1.15869,1.15910,482,0,0
2026-04-01 23:45:00,2026-04-01 21:45:00,1.15909,1.15920,1.15893,1.15904,350,0,0
2026-04-02 00:00:00,2026-04-01 22:00:00,1.15841,1.15855,1.15821,1.15849,238,38,0
2026-04-02 00:15:00,2026-04-01 22:15:00,1.15848,1.15883,1.15818,1.15881,127,19,0
2026-04-02 00:30:00,2026-04-01 22:30:00,1.15881,1.15882,1.15828,1.15869,616,26,0
2026-04-02 00:45:00,2026-04-01 22:45:00,1.15870,1.15904,1.15857,1.15899,296,12,0
2026-04-02 01:00:00,2026-04-01 23:00:00,1.15904,1.15929,1.15896,1.15921,331,1,0
2026-04-02 01:15:00,2026-04-01 23:15:00,1.15921,1.15934,1.15906,1.15934,204,0,0
2026-04-02 01:30:00,2026-04-01 23:30:00,1.15931,1.15933,1.15909,1.15924,257,0,0
2026-04-02 01:45:00,2026-04-01 23:45:00,1.15924,1.15942,1.15901,1.15910,362,0,0
2026-04-02 02:00:00,2026-04-02 00:00:00,1.15914,1.15947,1.15913,1.15939,347,0,0
2026-04-02 02:15:00,2026-04-02 00:15:00,1.15940,1.15940,1.15911,1.15918,360,0,0
2026-04-02 02:30:00,2026-04-02 00:30:00,1.15918,1.15932,1.15908,1.15923,251,0,0
2026-04-02 02:45:00,2026-04-02 00:45:00,1.15923,1.15923,1.15890,1.15898,387,0,0
2026-04-02 03:00:00,2026-04-02 01:00:00,1.15898,1.15958,1.15883,1.15929,1068,0,0
2026-04-02 03:15:00,2026-04-02 01:15:00,1.15930,1.15940,1.15869,1.15877,711,0,0
2026-04-02 03:30:00,2026-04-02 01:30:00,1.15877,1.15954,1.15872,1.15944,821,0,0
2026-04-02 03:45:00,2026-04-02 01:45:00,1.15943,1.15979,1.15929,1.15957,889,0,0
2026-04-02 04:00:00,2026-04-02 02:00:00,1.15956,1.16055,1.15797,1.15912,2572,0,0
2026-04-02 04:15:00,2026-04-02 02:15:00,1.15911,1.15949,1.15604,1.15634,2949,0,0
2026-04-02 04:30:00,2026-04-02 02:30:00,1.15632,1.15637,1.15472,1.15532,2456,0,0
2026-04-02 04:45:00,2026-04-02 02:45:00,1.15531,1.15556,1.15456,1.15526,2009,0,0
2026-04-02 05:00:00,2026-04-02 03:00:00,1.15525,1.15604,1.15516,1.15549,1723,0,0
2026-04-02 05:15:00,2026-04-02 03:15:00,1.15549,1.15591,1.15480,1.15481,1522,0,0
2026-04-02 05:30:00,2026-04-02 03:30:00,1.15480,1.15493,1.15438,1.15464,1226,0,0
2026-04-02 05:45:00,2026-04-02 03:45:00,1.15465,1.15493,1.15461,1.15468,786,0,0
2026-04-02 06:00:00,2026-04-02 04:00:00,1.15468,1.15486,1.15440,1.15473,914,0,0
2026-04-02 06:15:00,2026-04-02 04:15:00,1.15473,1.15485,1.15445,1.15461,833,0,0
2026-04-02 06:30:00,2026-04-02 04:30:00,1.15461,1.15492,1.15458,1.15489,670,0,0
2026-04-02 06:45:00,2026-04-02 04:45:00,1.15489,1.15490,1.15378,1.15396,842,0,0
2026-04-02 07:00:00,2026-04-02 05:00:00,1.15397,1.15419,1.15377,1.15384,965,0,0
2026-04-02 07:15:00,2026-04-02 05:15:00,1.15384,1.15401,1.15349,1.15351,762,0,0
2026-04-02 07:30:00,2026-04-02 05:30:00,1.15356,1.15367,1.15328,1.15346,674,0,0
2026-04-02 07:45:00,2026-04-02 05:45:00,1.15345,1.15371,1.15322,1.15371,566,0,0
2026-04-02 08:00:00,2026-04-02 06:00:00,1.15372,1.15391,1.15339,1.15340,721,0,0
2026-04-02 08:15:00,2026-04-02 06:15:00,1.15342,1.15354,1.15312,1.15326,795,0,0
2026-04-02 08:30:00,2026-04-02 06:30:00,1.15327,1.15370,1.15319,1.15353,836,0,0
2026-04-02 08:45:00,2026-04-02 06:45:00,1.15353,1.15356,1.15249,1.15253,1226,0,0
2026-04-02 09:00:00,2026-04-02 07:00:00,1.15255,1.15291,1.15166,1.15173,1362,0,0
2026-04-02 09:15:00,2026-04-02 07:15:00,1.15173,1.15268,1.15151,1.15247,1322,0,0
2026-04-02 09:30:00,2026-04-02 07:30:00,1.15240,1.15315,1.15235,1.15309,1002,0,0
2026-04-02 09:45:00,2026-04-02 07:45:00,1.15309,1.15356,1.15291,1.15343,953,0,0
2026-04-02 10:00:00,2026-04-02 08:00:00,1.15344,1.15371,1.15264,1.15272,1214,0,0
2026-04-02 10:15:00,2026-04-02 08:15:00,1.15270,1.15380,1.15268,1.15289,1316,0,0
2026-04-02 10:30:00,2026-04-02 08:30:00,1.15290,1.15319,1.15186,1.15237,1303,0,0
2026-04-02 10:45:00,2026-04-02 08:45:00,1.15237,1.15332,1.15236,1.15327,1027,0,0
2026-04-02 11:00:00,2026-04-02 09:00:00,1.15327,1.15354,1.15280,1.15341,1129,0,0
2026-04-02 11:15:00,2026-04-02 09:15:00,1.15341,1.15359,1.15249,1.15275,968,0,0
2026-04-02 11:30:00,2026-04-02 09:30:00,1.15276,1.15309,1.15244,1.15269,1051,0,0
2026-04-02 11:45:00,2026-04-02 09:45:00,1.15268,1.15293,1.15244,1.15254,764,0,0
2026-04-02 12:00:00,2026-04-02 10:00:00,1.15254,1.15279,1.15233,1.15238,732,0,0
2026-04-02 12:15:00,2026-04-02 10:15:00,1.15237,1.15286,1.15216,1.15266,801,0,0
2026-04-02 12:30:00,2026-04-02 10:30:00,1.15266,1.15320,1.15258,1.15263,759,0,0
2026-04-02 12:45:00,2026-04-02 10:45:00,1.15263,1.15284,1.15237,1.15262,902,0,0
2026-04-02 13:00:00,2026-04-02 11:00:00,1.15268,1.15270,1.15156,1.15159,1006,0,0
2026-04-02 13:15:00,2026-04-02 11:15:00,1.15159,1.15196,1.15134,1.15194,796,0,0
2026-04-02 13:30:00,2026-04-02 11:30:00,1.15195,1.15206,1.15136,1.15172,951,0,0
2026-04-02 13:45:00,2026-04-02 11:45:00,1.15173,1.15189,1.15108,1.15124,883,0,0
2026-04-02 14:00:00,2026-04-02 12:00:00,1.15123,1.15136,1.15091,1.15111,889,0,0
2026-04-02 14:15:00,2026-04-02 12:15:00,1.15110,1.15143,1.15093,1.15113,799,0,0
2026-04-02 14:30:00,2026-04-02 12:30:00,1.15113,1.15195,1.15105,1.15144,803,0,0
2026-04-02 14:45:00,2026-04-02 12:45:00,1.15143,1.15191,1.15121,1.15177,991,0,0
2026-04-02 15:00:00,2026-04-02 13:00:00,1.15179,1.15291,1.15170,1.15259,1288,0,0
2026-04-02 15:15:00,2026-04-02 13:15:00,1.15261,1.15284,1.15206,1.15271,1160,0,0
2026-04-02 15:30:00,2026-04-02 13:30:00,1.15271,1.15289,1.15233,1.15253,1069,0,0
2026-04-02 15:45:00,2026-04-02 13:45:00,1.15253,1.15314,1.15226,1.15246,1377,0,0
2026-04-02 16:00:00,2026-04-02 14:00:00,1.15252,1.15299,1.15202,1.15215,1574,0,0
2026-04-02 16:15:00,2026-04-02 14:15:00,1.15214,1.15286,1.15208,1.15272,1497,0,0
2026-04-02 16:30:00,2026-04-02 14:30:00,1.15272,1.15304,1.15202,1.15223,1811,0,0
2026-04-02 16:45:00,2026-04-02 14:45:00,1.15225,1.15326,1.15220,1.15313,1743,0,0
2026-04-02 17:00:00,2026-04-02 15:00:00,1.15313,1.15346,1.15273,1.15308,1756,0,0
2026-04-02 17:15:00,2026-04-02 15:15:00,1.15307,1.15366,1.15288,1.15303,1562,0,0
2026-04-02 17:30:00,2026-04-02 15:30:00,1.15300,1.15639,1.15266,1.15521,2814,0,0
2026-04-02 17:45:00,2026-04-02 15:45:00,1.15521,1.15534,1.15424,1.15512,2644,0,0
2026-04-02 18:00:00,2026-04-02 16:00:00,1.15515,1.15586,1.15484,1.15555,2346,0,0
2026-04-02 18:15:00,2026-04-02 16:15:00,1.15556,1.15587,1.15416,1.15503,2054,0,0
2026-04-02 18:30:00,2026-04-02 16:30:00,1.15504,1.15528,1.15466,1.15497,1801,0,0
2026-04-02 18:45:00,2026-04-02 16:45:00,1.15498,1.15498,1.15427,1.15451,1425,0,0
2026-04-02 19:00:00,2026-04-02 17:00:00,1.15452,1.15478,1.15395,1.15422,1287,0,0
2026-04-02 19:15:00,2026-04-02 17:15:00,1.15423,1.15467,1.15391,1.15410,1157,0,0
2026-04-02 19:30:00,2026-04-02 17:30:00,1.15410,1.15476,1.15401,1.15462,1303,0,0
2026-04-02 19:45:00,2026-04-02 17:45:00,1.15461,1.15479,1.15393,1.15393,1306,0,0
2026-04-02 20:00:00,2026-04-02 18:00:00,1.15394,1.15464,1.15372,1.15459,1073,0,0
2026-04-02 20:15:00,2026-04-02 18:15:00,1.15458,1.15494,1.15441,1.15450,929,0,0
2026-04-02 20:30:00,2026-04-02 18:30:00,1.15451,1.15451,1.15414,1.15436,718,0,0
2026-04-02 20:45:00,2026-04-02 18:45:00,1.15438,1.15440,1.15363,1.15376,946,0,0
2026-04-02 21:00:00,2026-04-02 19:00:00,1.15378,1.15401,1.15351,1.15373,898,0,0
2026-04-02 21:15:00,2026-04-02 19:15:00,1.15375,1.15383,1.15331,1.15337,730,0,0
2026-04-02 21:30:00,2026-04-02 19:30:00,1.15337,1.15382,1.15332,1.15373,666,0,0
2026-04-02 21:45:00,2026-04-02 19:45:00,1.15374,1.15399,1.15360,1.15360,860,0,0
2026-04-02 22:00:00,2026-04-02 20:00:00,1.15364,1.15398,1.15364,1.15373,613,0,0
2026-04-02 22:15:00,2026-04-02 20:15:00,1.15371,1.15439,1.15353,1.15395,762,0,0
2026-04-02 22:30:00,2026-04-02 20:30:00,1.15394,1.15406,1.15371,1.15374,653,0,0
2026-04-02 22:45:00,2026-04-02 20:45:00,1.15374,1.15384,1.15334,1.15346,829,0,0
2026-04-02 23:00:00,2026-04-02 21:00:00,1.15348,1.15374,1.15320,1.15372,534,0,0
2026-04-02 23:15:00,2026-04-02 21:15:00,1.15373,1.15385,1.15367,1.15380,331,0,0
2026-04-02 23:30:00,2026-04-02 21:30:00,1.15379,1.15384,1.15364,1.15370,258,0,0
2026-04-02 23:45:00,2026-04-02 21:45:00,1.15370,1.15395,1.15369,1.15385,234,0,0
2026-04-03 00:00:00,2026-04-02 22:00:00,1.15333,1.15380,1.15321,1.15380,88,60,0
2026-04-03 00:15:00,2026-04-02 22:15:00,1.15377,1.15381,1.15350,1.15362,92,69,0
2026-04-03 00:30:00,2026-04-02 22:30:00,1.15362,1.15392,1.15357,1.15359,220,53,0
2026-04-03 00:45:00,2026-04-02 22:45:00,1.15369,1.15397,1.15357,1.15383,276,47,0
2026-04-03 01:00:00,2026-04-02 23:00:00,1.15401,1.15407,1.15380,1.15390,400,1,0
2026-04-03 01:15:00,2026-04-02 23:15:00,1.15390,1.15407,1.15387,1.15394,198,1,0
2026-04-03 01:30:00,2026-04-02 23:30:00,1.15394,1.15406,1.15393,1.15400,196,0,0
2026-04-03 01:45:00,2026-04-02 23:45:00,1.15399,1.15408,1.15393,1.15401,192,0,0
2026-04-03 02:00:00,2026-04-03 00:00:00,1.15401,1.15411,1.15395,1.15406,152,0,0
2026-04-03 02:15:00,2026-04-03 00:15:00,1.15406,1.15417,1.15400,1.15416,242,0,0
2026-04-03 02:30:00,2026-04-03 00:30:00,1.15416,1.15430,1.15412,1.15416,133,0,0
2026-04-03 02:45:00,2026-04-03 00:45:00,1.15415,1.15420,1.15409,1.15415,151,0,0
2026-04-03 03:00:00,2026-04-03 01:00:00,1.15415,1.15453,1.15412,1.15421,351,0,0
2026-04-03 03:15:00,2026-04-03 01:15:00,1.15422,1.15424,1.15405,1.15421,298,0,0
2026-04-03 03:30:00,2026-04-03 01:30:00,1.15421,1.15441,1.15417,1.15431,405,0,0
2026-04-03 03:45:00,2026-04-03 01:45:00,1.15431,1.15434,1.15381,1.15382,448,0,0
2026-04-03 04:00:00,2026-04-03 02:00:00,1.15381,1.15399,1.15372,1.15386,515,0,0
2026-04-03 04:15:00,2026-04-03 02:15:00,1.15386,1.15397,1.15379,1.15388,322,0,0
2026-04-03 04:30:00,2026-04-03 02:30:00,1.15386,1.15391,1.15354,1.15354,241,0,0
2026-04-03 04:45:00,2026-04-03 02:45:00,1.15354,1.15367,1.15338,1.15351,297,0,0
2026-04-03 05:00:00,2026-04-03 03:00:00,1.15350,1.15384,1.15344,1.15370,334,0,0
2026-04-03 05:15:00,2026-04-03 03:15:00,1.15370,1.15371,1.15321,1.15322,356,0,0
2026-04-03 05:30:00,2026-04-03 03:30:00,1.15323,1.15352,1.15320,1.15341,206,0,0
2026-04-03 05:45:00,2026-04-03 03:45:00,1.15342,1.15370,1.15339,1.15361,262,0,0
2026-04-03 06:00:00,2026-04-03 04:00:00,1.15361,1.15375,1.15358,1.15371,212,0,0
2026-04-03 06:15:00,2026-04-03 04:15:00,1.15371,1.15373,1.15354,1.15361,121,0,0
2026-04-03 06:30:00,2026-04-03 04:30:00,1.15361,1.15365,1.15353,1.15360,180,0,0
2026-04-03 06:45:00,2026-04-03 04:45:00,1.15360,1.15367,1.15343,1.15364,256,0,0
2026-04-03 07:00:00,2026-04-03 05:00:00,1.15363,1.15364,1.15344,1.15349,230,0,0
2026-04-03 07:15:00,2026-04-03 05:15:00,1.15349,1.15363,1.15345,1.15350,154,0,0
2026-04-03 07:30:00,2026-04-03 05:30:00,1.15351,1.15359,1.15344,1.15345,401,0,0
2026-04-03 07:45:00,2026-04-03 05:45:00,1.15345,1.15352,1.15338,1.15339,245,0,0
2026-04-03 08:00:00,2026-04-03 06:00:00,1.15339,1.15347,1.15327,1.15329,142,0,0
2026-04-03 08:15:00,2026-04-03 06:15:00,1.15328,1.15328,1.15293,1.15308,296,0,0
2026-04-03 08:30:00,2026-04-03 06:30:00,1.15309,1.15360,1.15306,1.15359,484,0,0
2026-04-03 08:45:00,2026-04-03 06:45:00,1.15360,1.15384,1.15353,1.15381,249,0,0
2026-04-03 09:00:00,2026-04-03 07:00:00,1.15380,1.15387,1.15369,1.15385,186,0,0
2026-04-03 09:15:00,2026-04-03 07:15:00,1.15380,1.15392,1.15354,1.15355,238,0,0
2026-04-03 09:30:00,2026-04-03 07:30:00,1.15356,1.15393,1.15351,1.15390,267,0,0
2026-04-03 09:45:00,2026-04-03 07:45:00,1.15390,1.15407,1.15378,1.15397,345,0,0
2026-04-03 10:00:00,2026-04-03 08:00:00,1.15396,1.15416,1.15394,1.15416,332,0,0
2026-04-03 10:15:00,2026-04-03 08:15:00,1.15416,1.15465,1.15409,1.15440,338,0,0
2026-04-03 10:30:00,2026-04-03 08:30:00,1.15440,1.15462,1.15424,1.15447,328,0,0
2026-04-03 10:45:00,2026-04-03 08:45:00,1.15446,1.15453,1.15425,1.15429,329,0,0
2026-04-03 11:00:00,2026-04-03 09:00:00,1.15427,1.15442,1.15411,1.15413,327,0,0
2026-04-03 11:15:00,2026-04-03 09:15:00,1.15412,1.15428,1.15401,1.15427,339,0,0
2026-04-03 11:30:00,2026-04-03 09:30:00,1.15427,1.15448,1.15423,1.15447,253,0,0
2026-04-03 11:45:00,2026-04-03 09:45:00,1.15447,1.15453,1.15415,1.15434,307,0,0
2026-04-03 12:00:00,2026-04-03 10:00:00,1.15431,1.15458,1.15420,1.15441,317,0,0
2026-04-03 12:15:00,2026-04-03 10:15:00,1.15440,1.15452,1.15433,1.15451,337,0,0
2026-04-03 12:30:00,2026-04-03 10:30:00,1.15450,1.15452,1.15422,1.15426,200,0,0
2026-04-03 12:45:00,2026-04-03 10:45:00,1.15425,1.15437,1.15406,1.15431,347,0,0
2026-04-03 13:00:00,2026-04-03 11:00:00,1.15431,1.15445,1.15423,1.15440,241,0,0
2026-04-03 13:15:00,2026-04-03 11:15:00,1.15439,1.15453,1.15428,1.15447,210,0,0
2026-04-03 13:30:00,2026-04-03 11:30:00,1.15445,1.15448,1.15419,1.15422,217,0,0
2026-04-03 13:45:00,2026-04-03 11:45:00,1.15422,1.15492,1.15422,1.15449,333,0,0
2026-04-03 14:00:00,2026-04-03 12:00:00,1.15448,1.15468,1.15440,1.15445,317,0,0
2026-04-03 14:15:00,2026-04-03 12:15:00,1.15444,1.15453,1.15420,1.15430,537,0,0
2026-04-03 14:30:00,2026-04-03 12:30:00,1.15430,1.15444,1.15408,1.15427,339,0,0
2026-04-03 14:45:00,2026-04-03 12:45:00,1.15426,1.15455,1.15426,1.15443,410,0,0
2026-04-03 15:00:00,2026-04-03 13:00:00,1.15444,1.15454,1.15410,1.15435,401,0,0
2026-04-03 15:15:00,2026-04-03 13:15:00,1.15437,1.15459,1.15414,1.15427,659,0,0
2026-04-03 15:30:00,2026-04-03 13:30:00,1.15432,1.15432,1.15179,1.15319,1615,0,0
2026-04-03 15:45:00,2026-04-03 13:45:00,1.15318,1.15338,1.15286,1.15310,653,0,0
2026-04-03 16:00:00,2026-04-03 14:00:00,1.15309,1.15382,1.15294,1.15371,737,0,0
2026-04-03 16:15:00,2026-04-03 14:15:00,1.15371,1.15388,1.15308,1.15311,446,0,0
2026-04-03 16:30:00,2026-04-03 14:30:00,1.15309,1.15329,1.15279,1.15306,475,0,0
2026-04-03 16:45:00,2026-04-03 14:45:00,1.15307,1.15358,1.15304,1.15349,483,0,0
2026-04-03 17:00:00,2026-04-03 15:00:00,1.15349,1.15366,1.15267,1.15276,572,0,0
2026-04-03 17:15:00,2026-04-03 15:15:00,1.15276,1.15283,1.15243,1.15267,406,0,0
2026-04-03 17:30:00,2026-04-03 15:30:00,1.15265,1.15277,1.15247,1.15259,436,0,0
2026-04-03 17:45:00,2026-04-03 15:45:00,1.15258,1.15262,1.15208,1.15210,526,0,0
2026-04-03 18:00:00,2026-04-03 16:00:00,1.15209,1.15255,1.15209,1.15252,453,0,0
2026-04-03 18:15:00,2026-04-03 16:15:00,1.15251,1.15277,1.15246,1.15250,903,0,0
2026-04-03 18:30:00,2026-04-03 16:30:00,1.15249,1.15255,1.15225,1.15227,702,0,0
2026-04-03 18:45:00,2026-04-03 16:45:00,1.15227,1.15242,1.15201,1.15221,958,0,0
2026-04-03 19:00:00,2026-04-03 17:00:00,1.15219,1.15223,1.15188,1.15203,720,0,0
2026-04-03 19:15:00,2026-04-03 17:15:00,1.15208,1.15212,1.15189,1.15200,335,2,0
2026-04-03 19:30:00,2026-04-03 17:30:00,1.15199,1.15212,1.15195,1.15201,843,2,0
2026-04-03 19:45:00,2026-04-03 17:45:00,1.15201,1.15216,1.15191,1.15191,275,0,0
2026-04-03 20:00:00,2026-04-03 18:00:00,1.15190,1.15208,1.15188,1.15191,573,0,0
2026-04-03 20:15:00,2026-04-03 18:15:00,1.15192,1.15206,1.15188,1.15189,763,0,0
2026-04-03 20:30:00,2026-04-03 18:30:00,1.15188,1.15220,1.15186,1.15206,413,0,0
2026-04-03 20:45:00,2026-04-03 18:45:00,1.15207,1.15208,1.15182,1.15203,644,0,0
2026-04-03 21:00:00,2026-04-03 19:00:00,1.15200,1.15212,1.15181,1.15195,430,0,0
2026-04-03 21:15:00,2026-04-03 19:15:00,1.15196,1.15197,1.15187,1.15192,349,0,0
2026-04-03 21:30:00,2026-04-03 19:30:00,1.15191,1.15193,1.15139,1.15148,384,0,0
2026-04-03 21:45:00,2026-04-03 19:45:00,1.15148,1.15169,1.15141,1.15145,156,0,0
2026-04-03 22:00:00,2026-04-03 20:00:00,1.15145,1.15161,1.15142,1.15156,127,0,0
2026-04-03 22:15:00,2026-04-03 20:15:00,1.15157,1.15157,1.15146,1.15148,116,0,0
2026-04-03 22:30:00,2026-04-03 20:30:00,1.15147,1.15150,1.15146,1.15146,58,0,0
2026-04-03 22:45:00,2026-04-03 20:45:00,1.15142,1.15146,1.15141,1.15142,62,0,0
2026-04-03 23:00:00,2026-04-03 21:00:00,1.15142,1.15308,1.15141,1.15190,571,3,0
2026-04-03 23:15:00,2026-04-03 21:15:00,1.15190,1.15194,1.15135,1.15151,426,15,0
2026-04-03 23:30:00,2026-04-03 21:30:00,1.15175,1.15184,1.15105,1.15126,331,20,0
2026-04-03 23:45:00,2026-04-03 21:45:00,1.15126,1.15157,1.15121,1.15153,140,48,0
2026-04-06 00:00:00,2026-04-05 22:00:00,1.15197,1.15215,1.15197,1.15203,32,38,0
2026-04-06 00:15:00,2026-04-05 22:15:00,1.15203,1.15219,1.15203,1.15204,27,38,0
2026-04-06 00:30:00,2026-04-05 22:30:00,1.15204,1.15213,1.15187,1.15189,121,38,0
2026-04-06 00:45:00,2026-04-05 22:45:00,1.15190,1.15194,1.15189,1.15190,28,38,0
2026-04-06 01:00:00,2026-04-05 23:00:00,1.15205,1.15207,1.15052,1.15104,1042,1,0
2026-04-06 01:15:00,2026-04-05 23:15:00,1.15099,1.15130,1.15084,1.15113,1041,1,0
2026-04-06 01:30:00,2026-04-05 23:30:00,1.15111,1.15127,1.15094,1.15113,891,0,0
2026-04-06 01:45:00,2026-04-05 23:45:00,1.15113,1.15166,1.15113,1.15150,681,0,0
2026-04-06 02:00:00,2026-04-06 00:00:00,1.15150,1.15171,1.15115,1.15124,577,0,0
2026-04-06 02:15:00,2026-04-06 00:15:00,1.15127,1.15139,1.15093,1.15093,355,0,0
2026-04-06 02:30:00,2026-04-06 00:30:00,1.15093,1.15117,1.15085,1.15094,428,0,0
2026-04-06 02:45:00,2026-04-06 00:45:00,1.15094,1.15119,1.15091,1.15097,504,0,0
2026-04-06 03:00:00,2026-04-06 01:00:00,1.15097,1.15164,1.15093,1.15155,1031,0,0
2026-04-06 03:15:00,2026-04-06 01:15:00,1.15155,1.15184,1.15139,1.15149,836,0,0
2026-04-06 03:30:00,2026-04-06 01:30:00,1.15149,1.15174,1.15140,1.15164,751,0,0
2026-04-06 03:45:00,2026-04-06 01:45:00,1.15165,1.15165,1.15108,1.15118,634,0,0
2026-04-06 04:00:00,2026-04-06 02:00:00,1.15118,1.15144,1.15079,1.15084,765,0,0
2026-04-06 04:15:00,2026-04-06 02:15:00,1.15087,1.15116,1.15080,1.15104,623,0,0
2026-04-06 04:30:00,2026-04-06 02:30:00,1.15105,1.15112,1.15080,1.15089,609,0,0
2026-04-06 04:45:00,2026-04-06 02:45:00,1.15090,1.15096,1.15064,1.15070,451,0,0
2026-04-06 05:00:00,2026-04-06 03:00:00,1.15069,1.15232,1.15069,1.15192,1012,0,0
2026-04-06 05:15:00,2026-04-06 03:15:00,1.15192,1.15287,1.15184,1.15244,1071,0,0
2026-04-06 05:30:00,2026-04-06 03:30:00,1.15244,1.15259,1.15202,1.15210,797,0,0
2026-04-06 05:45:00,2026-04-06 03:45:00,1.15210,1.15228,1.15204,1.15206,656,0,0
2026-04-06 06:00:00,2026-04-06 04:00:00,1.15207,1.15227,1.15201,1.15214,527,0,0
2026-04-06 06:15:00,2026-04-06 04:15:00,1.15215,1.15232,1.15177,1.15215,770,0,0
2026-04-06 06:30:00,2026-04-06 04:30:00,1.15217,1.15217,1.15190,1.15200,596,0,0
2026-04-06 06:45:00,2026-04-06 04:45:00,1.15199,1.15202,1.15175,1.15191,454,0,0
2026-04-06 07:00:00,2026-04-06 05:00:00,1.15194,1.15208,1.15185,1.15202,581,0,0
2026-04-06 07:15:00,2026-04-06 05:15:00,1.15202,1.15214,1.15189,1.15198,488,0,0
2026-04-06 07:30:00,2026-04-06 05:30:00,1.15197,1.15237,1.15194,1.15225,444,0,0
2026-04-06 07:45:00,2026-04-06 05:45:00,1.15224,1.15251,1.15218,1.15243,350,0,0
2026-04-06 08:00:00,2026-04-06 06:00:00,1.15242,1.15262,1.15230,1.15261,464,0,0
2026-04-06 08:15:00,2026-04-06 06:15:00,1.15261,1.15296,1.15261,1.15272,374,0,0
2026-04-06 08:30:00,2026-04-06 06:30:00,1.15272,1.15276,1.15248,1.15251,537,0,0
2026-04-06 08:45:00,2026-04-06 06:45:00,1.15251,1.15271,1.15240,1.15253,562,0,0
2026-04-06 09:00:00,2026-04-06 07:00:00,1.15253,1.15278,1.15241,1.15267,557,0,0
2026-04-06 09:15:00,2026-04-06 07:15:00,1.15266,1.15272,1.15229,1.15235,499,0,0
2026-04-06 09:30:00,2026-04-06 07:30:00,1.15234,1.15267,1.15219,1.15265,434,0,0
2026-04-06 09:45:00,2026-04-06 07:45:00,1.15262,1.15378,1.15237,1.15331,1232,0,0
2026-04-06 10:00:00,2026-04-06 08:00:00,1.15329,1.15346,1.15256,1.15303,890,0,0
2026-04-06 10:15:00,2026-04-06 08:15:00,1.15304,1.15348,1.15300,1.15345,673,0,0
2026-04-06 10:30:00,2026-04-06 08:30:00,1.15346,1.15535,1.15346,1.15520,896,0,0
2026-04-06 10:45:00,2026-04-06 08:45:00,1.15521,1.15689,1.15517,1.15644,1441,0,0
2026-04-06 11:00:00,2026-04-06 09:00:00,1.15642,1.15686,1.15554,1.15586,1363,0,0
2026-04-06 11:15:00,2026-04-06 09:15:00,1.15590,1.15632,1.15567,1.15591,1003,0,0
2026-04-06 11:30:00,2026-04-06 09:30:00,1.15589,1.15621,1.15572,1.15575,857,0,0
2026-04-06 11:45:00,2026-04-06 09:45:00,1.15575,1.15587,1.15537,1.15553,732,0,0
2026-04-06 12:00:00,2026-04-06 10:00:00,1.15555,1.15583,1.15550,1.15556,714,0,0
2026-04-06 12:15:00,2026-04-06 10:15:00,1.15555,1.15578,1.15536,1.15559,692,0,0
2026-04-06 12:30:00,2026-04-06 10:30:00,1.15560,1.15576,1.15542,1.15555,665,0,0
2026-04-06 12:45:00,2026-04-06 10:45:00,1.15555,1.15603,1.15475,1.15505,1089,0,0
2026-04-06 13:00:00,2026-04-06 11:00:00,1.15506,1.15544,1.15494,1.15513,840,0,0
2026-04-06 13:15:00,2026-04-06 11:15:00,1.15510,1.15516,1.15473,1.15479,582,0,0
2026-04-06 13:30:00,2026-04-06 11:30:00,1.15479,1.15517,1.15465,1.15511,666,0,0
2026-04-06 13:45:00,2026-04-06 11:45:00,1.15513,1.15513,1.15375,1.15480,1116,0,0
2026-04-06 14:00:00,2026-04-06 12:00:00,1.15486,1.15500,1.15425,1.15430,701,0,0
2026-04-06 14:15:00,2026-04-06 12:15:00,1.15430,1.15451,1.15403,1.15431,736,0,0
2026-04-06 14:30:00,2026-04-06 12:30:00,1.15430,1.15461,1.15417,1.15437,611,0,0
2026-04-06 14:45:00,2026-04-06 12:45:00,1.15437,1.15480,1.15436,1.15456,593,0,0
2026-04-06 15:00:00,2026-04-06 13:00:00,1.15455,1.15485,1.15442,1.15457,732,0,0
2026-04-06 15:15:00,2026-04-06 13:15:00,1.15455,1.15466,1.15427,1.15461,755,0,0
2026-04-06 15:30:00,2026-04-06 13:30:00,1.15461,1.15529,1.15460,1.15515,711,0,0
2026-04-06 15:45:00,2026-04-06 13:45:00,1.15514,1.15546,1.15513,1.15535,929,0,0
2026-04-06 16:00:00,2026-04-06 14:00:00,1.15538,1.15562,1.15494,1.15555,951,0,0
2026-04-06 16:15:00,2026-04-06 14:15:00,1.15556,1.15574,1.15540,1.15572,782,0,0
2026-04-06 16:30:00,2026-04-06 14:30:00,1.15575,1.15603,1.15557,1.15561,1291,0,0
2026-04-06 16:45:00,2026-04-06 14:45:00,1.15561,1.15613,1.15553,1.15602,1040,0,0
2026-04-06 17:00:00,2026-04-06 15:00:00,1.15616,1.15661,1.15542,1.15585,1873,0,0
2026-04-06 17:15:00,2026-04-06 15:15:00,1.15586,1.15673,1.15580,1.15657,1832,0,0
2026-04-06 17:30:00,2026-04-06 15:30:00,1.15657,1.15717,1.15533,1.15624,1888,0,0
2026-04-06 17:45:00,2026-04-06 15:45:00,1.15623,1.15628,1.15427,1.15430,2231,0,0
2026-04-06 18:00:00,2026-04-06 16:00:00,1.15430,1.15437,1.15373,1.15381,1742,0,0
2026-04-06 18:15:00,2026-04-06 16:15:00,1.15378,1.15422,1.15354,1.15401,1504,0,0
2026-04-06 18:30:00,2026-04-06 16:30:00,1.15400,1.15419,1.15365,1.15406,947,0,0
2026-04-06 18:45:00,2026-04-06 16:45:00,1.15403,1.15445,1.15388,1.15443,962,0,0
2026-04-06 19:00:00,2026-04-06 17:00:00,1.15442,1.15478,1.15440,1.15472,912,0,0
2026-04-06 19:15:00,2026-04-06 17:15:00,1.15471,1.15471,1.15422,1.15463,748,0,0
2026-04-06 19:30:00,2026-04-06 17:30:00,1.15464,1.15482,1.15440,1.15467,717,0,0
2026-04-06 19:45:00,2026-04-06 17:45:00,1.15466,1.15478,1.15427,1.15449,1164,0,0
2026-04-06 20:00:00,2026-04-06 18:00:00,1.15450,1.15452,1.15350,1.15367,1527,0,0
2026-04-06 20:15:00,2026-04-06 18:15:00,1.15369,1.15444,1.15341,1.15437,1363,0,0
2026-04-06 20:30:00,2026-04-06 18:30:00,1.15437,1.15488,1.15408,1.15426,1151,0,0
2026-04-06 20:45:00,2026-04-06 18:45:00,1.15426,1.15444,1.15402,1.15415,984,0,0
2026-04-06 21:00:00,2026-04-06 19:00:00,1.15415,1.15515,1.15396,1.15482,1455,0,0
2026-04-06 21:15:00,2026-04-06 19:15:00,1.15483,1.15527,1.15478,1.15506,1257,0,0
2026-04-06 21:30:00,2026-04-06 19:30:00,1.15506,1.15521,1.15445,1.15446,1000,0,0
2026-04-06 21:45:00,2026-04-06 19:45:00,1.15446,1.15468,1.15438,1.15457,884,0,0
2026-04-06 22:00:00,2026-04-06 20:00:00,1.15458,1.15470,1.15434,1.15448,781,0,0
2026-04-06 22:15:00,2026-04-06 20:15:00,1.15448,1.15456,1.15417,1.15422,488,0,0
2026-04-06 22:30:00,2026-04-06 20:30:00,1.15421,1.15440,1.15407,1.15438,556,0,0
2026-04-06 22:45:00,2026-04-06 20:45:00,1.15438,1.15468,1.15427,1.15427,548,0,0
2026-04-06 23:00:00,2026-04-06 21:00:00,1.15428,1.15438,1.15410,1.15418,444,0,0
2026-04-06 23:15:00,2026-04-06 21:15:00,1.15418,1.15446,1.15416,1.15434,314,0,0
2026-04-06 23:30:00,2026-04-06 21:30:00,1.15435,1.15440,1.15422,1.15434,394,0,0
2026-04-06 23:45:00,2026-04-06 21:45:00,1.15433,1.15440,1.15420,1.15432,444,0,0
2026-04-07 00:00:00,2026-04-06 22:00:00,1.15391,1.15411,1.15381,1.15401,137,48,0
2026-04-07 00:15:00,2026-04-06 22:15:00,1.15400,1.15414,1.15395,1.15398,235,35,0
2026-04-07 00:30:00,2026-04-06 22:30:00,1.15391,1.15433,1.15391,1.15428,162,22,0
2026-04-07 00:45:00,2026-04-06 22:45:00,1.15428,1.15430,1.15399,1.15419,232,22,0
2026-04-07 01:00:00,2026-04-06 23:00:00,1.15429,1.15478,1.15417,1.15452,333,0,0
2026-04-07 01:15:00,2026-04-06 23:15:00,1.15453,1.15464,1.15430,1.15442,353,0,0
2026-04-07 01:30:00,2026-04-06 23:30:00,1.15446,1.15453,1.15433,1.15434,416,0,0
2026-04-07 01:45:00,2026-04-06 23:45:00,1.15433,1.15443,1.15423,1.15426,302,0,0
2026-04-07 02:00:00,2026-04-07 00:00:00,1.15426,1.15435,1.15422,1.15430,237,0,0
2026-04-07 02:15:00,2026-04-07 00:15:00,1.15429,1.15432,1.15405,1.15405,189,0,0
2026-04-07 02:30:00,2026-04-07 00:30:00,1.15406,1.15410,1.15388,1.15405,246,0,0
2026-04-07 02:45:00,2026-04-07 00:45:00,1.15405,1.15425,1.15404,1.15409,341,0,0
2026-04-07 03:00:00,2026-04-07 01:00:00,1.15408,1.15420,1.15380,1.15419,807,0,0
2026-04-07 03:15:00,2026-04-07 01:15:00,1.15419,1.15440,1.15400,1.15403,784,0,0
2026-04-07 03:30:00,2026-04-07 01:30:00,1.15402,1.15410,1.15366,1.15381,506,0,0
2026-04-07 03:45:00,2026-04-07 01:45:00,1.15380,1.15399,1.15374,1.15376,555,0,0
2026-04-07 04:00:00,2026-04-07 02:00:00,1.15375,1.15402,1.15351,1.15359,965,0,0
2026-04-07 04:15:00,2026-04-07 02:15:00,1.15360,1.15378,1.15347,1.15363,680,0,0
2026-04-07 04:30:00,2026-04-07 02:30:00,1.15363,1.15369,1.15299,1.15306,836,0,0
2026-04-07 04:45:00,2026-04-07 02:45:00,1.15308,1.15313,1.15273,1.15302,769,0,0
2026-04-07 05:00:00,2026-04-07 03:00:00,1.15302,1.15305,1.15243,1.15273,868,0,0
2026-04-07 05:15:00,2026-04-07 03:15:00,1.15274,1.15298,1.15259,1.15294,569,0,0
2026-04-07 05:30:00,2026-04-07 03:30:00,1.15295,1.15308,1.15286,1.15305,285,0,0
2026-04-07 05:45:00,2026-04-07 03:45:00,1.15302,1.15321,1.15289,1.15298,335,0,0
2026-04-07 06:00:00,2026-04-07 04:00:00,1.15298,1.15321,1.15297,1.15305,318,0,0
2026-04-07 06:15:00,2026-04-07 04:15:00,1.15306,1.15310,1.15288,1.15308,394,0,0
2026-04-07 06:30:00,2026-04-07 04:30:00,1.15308,1.15341,1.15304,1.15341,414,0,0
2026-04-07 06:45:00,2026-04-07 04:45:00,1.15340,1.15348,1.15334,1.15345,216,0,0
2026-04-07 07:00:00,2026-04-07 05:00:00,1.15346,1.15360,1.15329,1.15335,353,0,0
2026-04-07 07:15:00,2026-04-07 05:15:00,1.15336,1.15352,1.15334,1.15346,346,0,0
2026-04-07 07:30:00,2026-04-07 05:30:00,1.15346,1.15363,1.15343,1.15359,427,0,0
2026-04-07 07:45:00,2026-04-07 05:45:00,1.15358,1.15388,1.15356,1.15383,370,0,0
2026-04-07 08:00:00,2026-04-07 06:00:00,1.15384,1.15396,1.15369,1.15373,393,0,0
2026-04-07 08:15:00,2026-04-07 06:15:00,1.15373,1.15395,1.15353,1.15363,433,0,0
2026-04-07 08:30:00,2026-04-07 06:30:00,1.15362,1.15377,1.15306,1.15306,744,0,0
2026-04-07 08:45:00,2026-04-07 06:45:00,1.15306,1.15356,1.15302,1.15354,702,0,0
2026-04-07 09:00:00,2026-04-07 07:00:00,1.15356,1.15382,1.15340,1.15350,823,0,0
2026-04-07 09:15:00,2026-04-07 07:15:00,1.15350,1.15393,1.15326,1.15374,856,0,0
2026-04-07 09:30:00,2026-04-07 07:30:00,1.15373,1.15456,1.15369,1.15443,864,0,0
2026-04-07 09:45:00,2026-04-07 07:45:00,1.15444,1.15448,1.15409,1.15446,852,0,0
2026-04-07 10:00:00,2026-04-07 08:00:00,1.15447,1.15454,1.15367,1.15414,1030,0,0
2026-04-07 10:15:00,2026-04-07 08:15:00,1.15413,1.15445,1.15386,1.15388,786,0,0
2026-04-07 10:30:00,2026-04-07 08:30:00,1.15390,1.15449,1.15386,1.15447,664,0,0
2026-04-07 10:45:00,2026-04-07 08:45:00,1.15447,1.15462,1.15398,1.15427,767,0,0
2026-04-07 11:00:00,2026-04-07 09:00:00,1.15423,1.15683,1.15419,1.15661,1924,0,0
2026-04-07 11:15:00,2026-04-07 09:15:00,1.15661,1.15661,1.15572,1.15611,1836,0,0
2026-04-07 11:30:00,2026-04-07 09:30:00,1.15614,1.15686,1.15593,1.15675,1369,0,0
2026-04-07 11:45:00,2026-04-07 09:45:00,1.15674,1.15757,1.15643,1.15736,1294,0,0
2026-04-07 12:00:00,2026-04-07 10:00:00,1.15735,1.15756,1.15692,1.15693,1122,0,0
2026-04-07 12:15:00,2026-04-07 10:15:00,1.15694,1.15736,1.15656,1.15691,1160,0,0
2026-04-07 12:30:00,2026-04-07 10:30:00,1.15691,1.15729,1.15658,1.15659,1288,0,0
2026-04-07 12:45:00,2026-04-07 10:45:00,1.15659,1.15661,1.15622,1.15629,1084,0,0
2026-04-07 13:00:00,2026-04-07 11:00:00,1.15632,1.15638,1.15517,1.15606,1515,0,0
2026-04-07 13:15:00,2026-04-07 11:15:00,1.15606,1.15630,1.15460,1.15552,1640,0,0
2026-04-07 13:30:00,2026-04-07 11:30:00,1.15553,1.15589,1.15463,1.15530,1483,0,0
2026-04-07 13:45:00,2026-04-07 11:45:00,1.15530,1.15545,1.15482,1.15543,1340,0,0
2026-04-07 14:00:00,2026-04-07 12:00:00,1.15544,1.15544,1.15480,1.15491,1061,0,0
2026-04-07 14:15:00,2026-04-07 12:15:00,1.15491,1.15567,1.15490,1.15540,1069,0,0
2026-04-07 14:30:00,2026-04-07 12:30:00,1.15538,1.15622,1.15506,1.15622,1021,0,0
2026-04-07 14:45:00,2026-04-07 12:45:00,1.15621,1.15621,1.15568,1.15600,880,0,0
2026-04-07 15:00:00,2026-04-07 13:00:00,1.15603,1.15657,1.15539,1.15559,1452,0,0
2026-04-07 15:15:00,2026-04-07 13:15:00,1.15560,1.15648,1.15540,1.15612,1340,0,0
2026-04-07 15:30:00,2026-04-07 13:30:00,1.15612,1.15672,1.15603,1.15646,882,0,0
2026-04-07 15:45:00,2026-04-07 13:45:00,1.15646,1.15696,1.15576,1.15604,1126,0,0
2026-04-07 16:00:00,2026-04-07 14:00:00,1.15607,1.15648,1.15585,1.15630,1258,0,0
2026-04-07 16:15:00,2026-04-07 14:15:00,1.15630,1.15651,1.15591,1.15599,1124,0,0
2026-04-07 16:30:00,2026-04-07 14:30:00,1.15599,1.15643,1.15559,1.15602,1620,0,0
2026-04-07 16:45:00,2026-04-07 14:45:00,1.15602,1.15649,1.15596,1.15637,1214,0,0
2026-04-07 17:00:00,2026-04-07 15:00:00,1.15637,1.15667,1.15590,1.15622,1425,0,0
2026-04-07 17:15:00,2026-04-07 15:15:00,1.15622,1.15732,1.15584,1.15716,1586,0,0
2026-04-07 17:30:00,2026-04-07 15:30:00,1.15723,1.15813,1.15713,1.15786,1642,0,0
2026-04-07 17:45:00,2026-04-07 15:45:00,1.15786,1.15834,1.15711,1.15720,1729,0,0
2026-04-07 18:00:00,2026-04-07 16:00:00,1.15718,1.15735,1.15660,1.15705,1684,0,0
2026-04-07 18:15:00,2026-04-07 16:15:00,1.15705,1.15783,1.15694,1.15743,1648,0,0
2026-04-07 18:30:00,2026-04-07 16:30:00,1.15747,1.15752,1.15678,1.15683,1101,0,0
2026-04-07 18:45:00,2026-04-07 16:45:00,1.15683,1.15783,1.15680,1.15711,1369,0,0
2026-04-07 19:00:00,2026-04-07 17:00:00,1.15711,1.15795,1.15706,1.15751,1560,0,0
2026-04-07 19:15:00,2026-04-07 17:15:00,1.15751,1.15788,1.15713,1.15755,1468,0,0
2026-04-07 19:30:00,2026-04-07 17:30:00,1.15754,1.15777,1.15735,1.15751,926,0,0
2026-04-07 19:45:00,2026-04-07 17:45:00,1.15751,1.15769,1.15696,1.15715,931,0,0
2026-04-07 20:00:00,2026-04-07 18:00:00,1.15715,1.15756,1.15678,1.15702,1057,0,0
2026-04-07 20:15:00,2026-04-07 18:15:00,1.15702,1.15704,1.15663,1.15685,755,0,0
2026-04-07 20:30:00,2026-04-07 18:30:00,1.15685,1.15795,1.15684,1.15757,1425,0,0
2026-04-07 20:45:00,2026-04-07 18:45:00,1.15757,1.15795,1.15735,1.15776,1001,0,0
2026-04-07 21:00:00,2026-04-07 19:00:00,1.15779,1.15798,1.15771,1.15795,843,0,0
2026-04-07 21:15:00,2026-04-07 19:15:00,1.15794,1.15832,1.15783,1.15819,816,0,0
2026-04-07 21:30:00,2026-04-07 19:30:00,1.15821,1.15830,1.15766,1.15778,728,0,0
2026-04-07 21:45:00,2026-04-07 19:45:00,1.15780,1.15780,1.15713,1.15747,873,0,0
2026-04-07 22:00:00,2026-04-07 20:00:00,1.15747,1.15795,1.15729,1.15768,1033,0,0
2026-04-07 22:15:00,2026-04-07 20:15:00,1.15768,1.15909,1.15764,1.15845,1843,0,0
2026-04-07 22:30:00,2026-04-07 20:30:00,1.15845,1.15898,1.15829,1.15863,1025,0,0
2026-04-07 22:45:00,2026-04-07 20:45:00,1.15859,1.16018,1.15854,1.15951,2198,0,0
2026-04-07 23:00:00,2026-04-07 21:00:00,1.15953,1.16018,1.15925,1.16018,1021,0,0
2026-04-07 23:15:00,2026-04-07 21:15:00,1.16018,1.16052,1.15992,1.15995,970,0,0
2026-04-07 23:30:00,2026-04-07 21:30:00,1.15995,1.16029,1.15968,1.15979,1246,0,0
2026-04-07 23:45:00,2026-04-07 21:45:00,1.15980,1.15989,1.15941,1.15972,780,0,0
2026-04-08 00:00:00,2026-04-07 22:00:00,1.15929,1.15996,1.15920,1.15958,253,12,0
2026-04-08 00:15:00,2026-04-07 22:15:00,1.15959,1.15998,1.15934,1.15956,241,23,0
2026-04-08 00:30:00,2026-04-07 22:30:00,1.15959,1.15981,1.15939,1.15951,178,45,0
2026-04-08 00:45:00,2026-04-07 22:45:00,1.15952,1.15981,1.15934,1.15943,285,44,0
2026-04-08 01:00:00,2026-04-07 23:00:00,1.15974,1.16195,1.15956,1.16121,1125,0,0
2026-04-08 01:15:00,2026-04-07 23:15:00,1.16122,1.16131,1.16094,1.16128,649,0,0
2026-04-08 01:30:00,2026-04-07 23:30:00,1.16128,1.16530,1.15888,1.16429,2541,0,0
2026-04-08 01:45:00,2026-04-07 23:45:00,1.16430,1.16695,1.16381,1.16678,2324,0,0
2026-04-08 02:00:00,2026-04-08 00:00:00,1.16678,1.16751,1.16613,1.16693,2446,0,0
2026-04-08 02:15:00,2026-04-08 00:15:00,1.16692,1.16878,1.16665,1.16763,2155,0,0
2026-04-08 02:30:00,2026-04-08 00:30:00,1.16763,1.16867,1.16714,1.16858,1806,0,0
2026-04-08 02:45:00,2026-04-08 00:45:00,1.16860,1.16903,1.16818,1.16863,1890,0,0
2026-04-08 03:00:00,2026-04-08 01:00:00,1.16868,1.16968,1.16755,1.16790,2729,0,0
2026-04-08 03:15:00,2026-04-08 01:15:00,1.16791,1.16796,1.16701,1.16750,2202,0,0
2026-04-08 03:30:00,2026-04-08 01:30:00,1.16750,1.16769,1.16662,1.16667,2044,0,0
2026-04-08 03:45:00,2026-04-08 01:45:00,1.16667,1.16766,1.16660,1.16716,1730,0,0
2026-04-08 04:00:00,2026-04-08 02:00:00,1.16717,1.16837,1.16709,1.16783,1823,0,0
2026-04-08 04:15:00,2026-04-08 02:15:00,1.16783,1.16883,1.16755,1.16866,1622,0,0
2026-04-08 04:30:00,2026-04-08 02:30:00,1.16867,1.16868,1.16750,1.16806,1611,0,0
2026-04-08 04:45:00,2026-04-08 02:45:00,1.16806,1.16847,1.16748,1.16756,1178,0,0
2026-04-08 05:00:00,2026-04-08 03:00:00,1.16755,1.16825,1.16753,1.16764,1320,0,0
2026-04-08 05:15:00,2026-04-08 03:15:00,1.16765,1.16769,1.16688,1.16737,979,0,0
2026-04-08 05:30:00,2026-04-08 03:30:00,1.16739,1.16755,1.16708,1.16715,1035,0,0
2026-04-08 05:45:00,2026-04-08 03:45:00,1.16715,1.16739,1.16695,1.16737,891,0,0
2026-04-08 06:00:00,2026-04-08 04:00:00,1.16738,1.16748,1.16705,1.16742,834,0,0
2026-04-08 06:15:00,2026-04-08 04:15:00,1.16742,1.16760,1.16671,1.16690,820,0,0
2026-04-08 06:30:00,2026-04-08 04:30:00,1.16690,1.16721,1.16659,1.16703,838,0,0
2026-04-08 06:45:00,2026-04-08 04:45:00,1.16703,1.16723,1.16689,1.16706,927,0,0
2026-04-08 07:00:00,2026-04-08 05:00:00,1.16709,1.16788,1.16709,1.16784,847,0,0
2026-04-08 07:15:00,2026-04-08 05:15:00,1.16784,1.16812,1.16749,1.16779,916,0,0
2026-04-08 07:30:00,2026-04-08 05:30:00,1.16779,1.16808,1.16753,1.16775,805,0,0
2026-04-08 07:45:00,2026-04-08 05:45:00,1.16775,1.16792,1.16740,1.16763,987,0,0
2026-04-08 08:00:00,2026-04-08 06:00:00,1.16769,1.16792,1.16720,1.16774,1207,0,0
2026-04-08 08:15:00,2026-04-08 06:15:00,1.16775,1.16876,1.16759,1.16857,1078,0,0
2026-04-08 08:30:00,2026-04-08 06:30:00,1.16859,1.16917,1.16840,1.16892,1137,0,0
2026-04-08 08:45:00,2026-04-08 06:45:00,1.16893,1.17088,1.16876,1.16916,1539,0,0
2026-04-08 09:00:00,2026-04-08 07:00:00,1.16914,1.16915,1.16846,1.16894,1528,0,0
2026-04-08 09:15:00,2026-04-08 07:15:00,1.16894,1.17050,1.16860,1.17029,1493,0,0
2026-04-08 09:30:00,2026-04-08 07:30:00,1.17029,1.17082,1.16970,1.17045,1627,0,0
2026-04-08 09:45:00,2026-04-08 07:45:00,1.17045,1.17078,1.16907,1.16963,1640,0,0
2026-04-08 10:00:00,2026-04-08 08:00:00,1.16964,1.16972,1.16788,1.16818,1815,0,0
2026-04-08 10:15:00,2026-04-08 08:15:00,1.16812,1.16969,1.16797,1.16950,1486,0,0
2026-04-08 10:30:00,2026-04-08 08:30:00,1.16951,1.16953,1.16889,1.16946,1342,0,0
2026-04-08 10:45:00,2026-04-08 08:45:00,1.16945,1.17000,1.16933,1.16957,1326,0,0
2026-04-08 11:00:00,2026-04-08 09:00:00,1.16958,1.16992,1.16851,1.16868,1534,0,0
2026-04-08 11:15:00,2026-04-08 09:15:00,1.16869,1.16912,1.16817,1.16848,1249,0,0
2026-04-08 11:30:00,2026-04-08 09:30:00,1.16849,1.16865,1.16689,1.16776,1602,0,0
2026-04-08 11:45:00,2026-04-08 09:45:00,1.16778,1.16843,1.16769,1.16811,1418,0,0
2026-04-08 12:00:00,2026-04-08 10:00:00,1.16811,1.16874,1.16800,1.16846,1284,0,0
2026-04-08 12:15:00,2026-04-08 10:15:00,1.16846,1.16894,1.16794,1.16823,1143,0,0
2026-04-08 12:30:00,2026-04-08 10:30:00,1.16822,1.16858,1.16781,1.16787,1169,0,0
2026-04-08 12:45:00,2026-04-08 10:45:00,1.16787,1.16865,1.16780,1.16797,1266,0,0
2026-04-08 13:00:00,2026-04-08 11:00:00,1.16795,1.16865,1.16774,1.16863,1126,0,0
2026-04-08 13:15:00,2026-04-08 11:15:00,1.16863,1.16870,1.16834,1.16856,948,0,0
2026-04-08 13:30:00,2026-04-08 11:30:00,1.16858,1.16890,1.16843,1.16880,975,0,0
2026-04-08 13:45:00,2026-04-08 11:45:00,1.16884,1.16925,1.16847,1.16902,1106,0,0
2026-04-08 14:00:00,2026-04-08 12:00:00,1.16902,1.16969,1.16852,1.16958,1164,0,0
2026-04-08 14:15:00,2026-04-08 12:15:00,1.16958,1.17104,1.16951,1.17072,1413,0,0
2026-04-08 14:30:00,2026-04-08 12:30:00,1.17073,1.17078,1.16943,1.16997,1684,0,0
2026-04-08 14:45:00,2026-04-08 12:45:00,1.16997,1.17048,1.16988,1.17002,1267,0,0
2026-04-08 15:00:00,2026-04-08 13:00:00,1.17009,1.17104,1.16997,1.17067,1532,0,0
2026-04-08 15:15:00,2026-04-08 13:15:00,1.17076,1.17077,1.16886,1.17006,2291,0,0
2026-04-08 15:30:00,2026-04-08 13:30:00,1.17006,1.17149,1.17005,1.17147,1495,0,0
2026-04-08 15:45:00,2026-04-08 13:45:00,1.17146,1.17181,1.17130,1.17140,1387,0,0
2026-04-08 16:00:00,2026-04-08 14:00:00,1.17140,1.17219,1.17102,1.17120,1746,0,0
2026-04-08 16:15:00,2026-04-08 14:15:00,1.17121,1.17153,1.17027,1.17039,1592,0,0
2026-04-08 16:30:00,2026-04-08 14:30:00,1.17038,1.17053,1.16869,1.16930,2298,0,0
2026-04-08 16:45:00,2026-04-08 14:45:00,1.16931,1.16990,1.16888,1.16943,1974,0,0
2026-04-08 17:00:00,2026-04-08 15:00:00,1.16942,1.17013,1.16902,1.16962,2011,0,0
2026-04-08 17:15:00,2026-04-08 15:15:00,1.16962,1.17036,1.16931,1.16970,1907,0,0
2026-04-08 17:30:00,2026-04-08 15:30:00,1.16972,1.16979,1.16902,1.16974,1987,0,0
2026-04-08 17:45:00,2026-04-08 15:45:00,1.16975,1.17022,1.16893,1.16943,2013,0,0
2026-04-08 18:00:00,2026-04-08 16:00:00,1.16945,1.16965,1.16844,1.16867,1802,0,0
2026-04-08 18:15:00,2026-04-08 16:15:00,1.16869,1.16940,1.16855,1.16883,1655,0,0
2026-04-08 18:30:00,2026-04-08 16:30:00,1.16882,1.16966,1.16875,1.16907,1484,0,0
2026-04-08 18:45:00,2026-04-08 16:45:00,1.16908,1.16929,1.16857,1.16863,1260,0,0
2026-04-08 19:00:00,2026-04-08 17:00:00,1.16862,1.16886,1.16808,1.16834,1370,0,0
2026-04-08 19:15:00,2026-04-08 17:15:00,1.16836,1.16843,1.16786,1.16801,1418,0,0
2026-04-08 19:30:00,2026-04-08 17:30:00,1.16802,1.16824,1.16773,1.16792,1220,0,0
2026-04-08 19:45:00,2026-04-08 17:45:00,1.16792,1.16830,1.16777,1.16817,999,0,0
2026-04-08 20:00:00,2026-04-08 18:00:00,1.16817,1.16852,1.16784,1.16851,902,0,0
2026-04-08 20:15:00,2026-04-08 18:15:00,1.16852,1.16855,1.16708,1.16757,1398,0,0
2026-04-08 20:30:00,2026-04-08 18:30:00,1.16755,1.16768,1.16687,1.16742,1270,0,0
2026-04-08 20:45:00,2026-04-08 18:45:00,1.16741,1.16751,1.16710,1.16749,891,0,0
2026-04-08 21:00:00,2026-04-08 19:00:00,1.16750,1.16789,1.16716,1.16786,974,0,0
2026-04-08 21:15:00,2026-04-08 19:15:00,1.16787,1.16801,1.16646,1.16658,1977,0,0
2026-04-08 21:30:00,2026-04-08 19:30:00,1.16660,1.16685,1.16570,1.16579,1628,0,0
2026-04-08 21:45:00,2026-04-08 19:45:00,1.16578,1.16580,1.16500,1.16504,1481,0,0
2026-04-08 22:00:00,2026-04-08 20:00:00,1.16499,1.16530,1.16435,1.16530,1376,0,0
2026-04-08 22:15:00,2026-04-08 20:15:00,1.16528,1.16539,1.16475,1.16523,1009,0,0
2026-04-08 22:30:00,2026-04-08 20:30:00,1.16521,1.16644,1.16520,1.16602,1119,0,0
2026-04-08 22:45:00,2026-04-08 20:45:00,1.16600,1.16706,1.16599,1.16677,1059,0,0
2026-04-08 23:00:00,2026-04-08 21:00:00,1.16677,1.16694,1.16626,1.16642,751,0,0
2026-04-08 23:15:00,2026-04-08 21:15:00,1.16641,1.16645,1.16604,1.16624,489,0,0
2026-04-08 23:30:00,2026-04-08 21:30:00,1.16622,1.16642,1.16617,1.16630,382,0,0
2026-04-08 23:45:00,2026-04-08 21:45:00,1.16631,1.16649,1.16611,1.16622,591,0,0
2026-04-09 00:00:00,2026-04-08 22:00:00,1.16539,1.16616,1.16534,1.16608,69,52,0
2026-04-09 00:15:00,2026-04-08 22:15:00,1.16607,1.16634,1.16605,1.16605,90,23,0
2026-04-09 00:30:00,2026-04-08 22:30:00,1.16605,1.16620,1.16604,1.16613,119,27,0
2026-04-09 00:45:00,2026-04-08 22:45:00,1.16614,1.16651,1.16606,1.16631,430,19,0
2026-04-09 01:00:00,2026-04-08 23:00:00,1.16655,1.16676,1.16641,1.16643,333,0,0
2026-04-09 01:15:00,2026-04-08 23:15:00,1.16645,1.16645,1.16600,1.16629,370,0,0
2026-04-09 01:30:00,2026-04-08 23:30:00,1.16629,1.16654,1.16608,1.16630,343,0,0
2026-04-09 01:45:00,2026-04-08 23:45:00,1.16628,1.16633,1.16620,1.16622,295,0,0
2026-04-09 02:00:00,2026-04-09 00:00:00,1.16622,1.16633,1.16609,1.16615,314,0,0
2026-04-09 02:15:00,2026-04-09 00:15:00,1.16615,1.16620,1.16596,1.16599,229,0,0
2026-04-09 02:30:00,2026-04-09 00:30:00,1.16599,1.16604,1.16581,1.16594,293,0,0
2026-04-09 02:45:00,2026-04-09 00:45:00,1.16596,1.16609,1.16572,1.16591,342,0,0
2026-04-09 03:00:00,2026-04-09 01:00:00,1.16591,1.16592,1.16529,1.16556,1069,0,0
2026-04-09 03:15:00,2026-04-09 01:15:00,1.16557,1.16596,1.16550,1.16568,826,0,0
2026-04-09 03:30:00,2026-04-09 01:30:00,1.16569,1.16610,1.16566,1.16570,734,0,0
2026-04-09 03:45:00,2026-04-09 01:45:00,1.16571,1.16586,1.16559,1.16571,736,0,0
2026-04-09 04:00:00,2026-04-09 02:00:00,1.16572,1.16588,1.16540,1.16545,890,0,0
2026-04-09 04:15:00,2026-04-09 02:15:00,1.16545,1.16553,1.16504,1.16525,815,0,0
2026-04-09 04:30:00,2026-04-09 02:30:00,1.16526,1.16590,1.16525,1.16579,747,0,0
2026-04-09 04:45:00,2026-04-09 02:45:00,1.16580,1.16635,1.16555,1.16618,760,0,0
2026-04-09 05:00:00,2026-04-09 03:00:00,1.16618,1.16644,1.16593,1.16606,702,0,0
2026-04-09 05:15:00,2026-04-09 03:15:00,1.16606,1.16646,1.16606,1.16644,552,0,0
2026-04-09 05:30:00,2026-04-09 03:30:00,1.16645,1.16673,1.16640,1.16664,593,0,0
2026-04-09 05:45:00,2026-04-09 03:45:00,1.16661,1.16669,1.16646,1.16653,525,0,0
2026-04-09 06:00:00,2026-04-09 04:00:00,1.16653,1.16666,1.16633,1.16644,579,0,0
2026-04-09 06:15:00,2026-04-09 04:15:00,1.16645,1.16651,1.16625,1.16636,446,0,0
2026-04-09 06:30:00,2026-04-09 04:30:00,1.16635,1.16668,1.16634,1.16665,434,0,0
2026-04-09 06:45:00,2026-04-09 04:45:00,1.16662,1.16662,1.16609,1.16624,675,0,0
2026-04-09 07:00:00,2026-04-09 05:00:00,1.16626,1.16700,1.16620,1.16700,442,0,0
2026-04-09 07:15:00,2026-04-09 05:15:00,1.16699,1.16700,1.16672,1.16681,359,0,0
2026-04-09 07:30:00,2026-04-09 05:30:00,1.16681,1.16711,1.16675,1.16693,340,0,0
2026-04-09 07:45:00,2026-04-09 05:45:00,1.16693,1.16697,1.16663,1.16665,415,0,0
2026-04-09 08:00:00,2026-04-09 06:00:00,1.16666,1.16678,1.16621,1.16625,673,0,0
2026-04-09 08:15:00,2026-04-09 06:15:00,1.16624,1.16662,1.16621,1.16637,617,0,0
2026-04-09 08:30:00,2026-04-09 06:30:00,1.16636,1.16641,1.16613,1.16628,551,0,0
2026-04-09 08:45:00,2026-04-09 06:45:00,1.16628,1.16629,1.16592,1.16609,777,0,0
2026-04-09 09:00:00,2026-04-09 07:00:00,1.16610,1.16633,1.16592,1.16595,774,0,0
2026-04-09 09:15:00,2026-04-09 07:15:00,1.16595,1.16603,1.16544,1.16581,799,0,0
2026-04-09 09:30:00,2026-04-09 07:30:00,1.16580,1.16599,1.16567,1.16596,762,0,0
2026-04-09 09:45:00,2026-04-09 07:45:00,1.16596,1.16645,1.16581,1.16642,955,0,0
2026-04-09 10:00:00,2026-04-09 08:00:00,1.16642,1.16693,1.16637,1.16653,923,0,0
2026-04-09 10:15:00,2026-04-09 08:15:00,1.16652,1.16653,1.16573,1.16606,1142,0,0
2026-04-09 10:30:00,2026-04-09 08:30:00,1.16606,1.16615,1.16555,1.16610,905,0,0
2026-04-09 10:45:00,2026-04-09 08:45:00,1.16608,1.16646,1.16590,1.16629,834,0,0
2026-04-09 11:00:00,2026-04-09 09:00:00,1.16628,1.16667,1.16597,1.16612,879,0,0
2026-04-09 11:15:00,2026-04-09 09:15:00,1.16611,1.16650,1.16595,1.16630,792,0,0
2026-04-09 11:30:00,2026-04-09 09:30:00,1.16629,1.16683,1.16626,1.16677,848,0,0
2026-04-09 11:45:00,2026-04-09 09:45:00,1.16677,1.16750,1.16661,1.16721,911,0,0
2026-04-09 12:00:00,2026-04-09 10:00:00,1.16720,1.16766,1.16684,1.16761,927,0,0
2026-04-09 12:15:00,2026-04-09 10:15:00,1.16766,1.16793,1.16741,1.16766,836,0,0
2026-04-09 12:30:00,2026-04-09 10:30:00,1.16760,1.16784,1.16752,1.16767,587,0,0
2026-04-09 12:45:00,2026-04-09 10:45:00,1.16766,1.16769,1.16724,1.16746,866,0,0
2026-04-09 13:00:00,2026-04-09 11:00:00,1.16746,1.16796,1.16743,1.16769,785,0,0
2026-04-09 13:15:00,2026-04-09 11:15:00,1.16770,1.16794,1.16747,1.16775,776,0,0
2026-04-09 13:30:00,2026-04-09 11:30:00,1.16775,1.16777,1.16746,1.16751,643,0,0
2026-04-09 13:45:00,2026-04-09 11:45:00,1.16751,1.16769,1.16711,1.16714,862,0,0
2026-04-09 14:00:00,2026-04-09 12:00:00,1.16713,1.16768,1.16696,1.16756,982,0,0
2026-04-09 14:15:00,2026-04-09 12:15:00,1.16755,1.16813,1.16755,1.16812,755,0,0
2026-04-09 14:30:00,2026-04-09 12:30:00,1.16813,1.16887,1.16802,1.16884,786,0,0
2026-04-09 14:45:00,2026-04-09 12:45:00,1.16884,1.16894,1.16851,1.16884,962,0,0
2026-04-09 15:00:00,2026-04-09 13:00:00,1.16885,1.16892,1.16831,1.16846,951,0,0
2026-04-09 15:15:00,2026-04-09 13:15:00,1.16847,1.16856,1.16804,1.16843,818,0,0
2026-04-09 15:30:00,2026-04-09 13:30:00,1.16843,1.16899,1.16790,1.16821,1350,0,0
2026-04-09 15:45:00,2026-04-09 13:45:00,1.16820,1.16864,1.16790,1.16861,1059,0,0
2026-04-09 16:00:00,2026-04-09 14:00:00,1.16863,1.16875,1.16833,1.16863,1071,0,0
2026-04-09 16:15:00,2026-04-09 14:15:00,1.16864,1.16924,1.16861,1.16878,894,0,0
2026-04-09 16:30:00,2026-04-09 14:30:00,1.16879,1.16954,1.16879,1.16921,1230,0,0
2026-04-09 16:45:00,2026-04-09 14:45:00,1.16918,1.16932,1.16812,1.16819,1669,0,0
2026-04-09 17:00:00,2026-04-09 15:00:00,1.16818,1.16876,1.16804,1.16846,1370,0,0
2026-04-09 17:15:00,2026-04-09 15:15:00,1.16845,1.16882,1.16806,1.16865,1012,0,0
2026-04-09 17:30:00,2026-04-09 15:30:00,1.16864,1.16864,1.16744,1.16760,1211,0,0
2026-04-09 17:45:00,2026-04-09 15:45:00,1.16759,1.16853,1.16744,1.16846,1554,0,0
2026-04-09 18:00:00,2026-04-09 16:00:00,1.16845,1.16865,1.16776,1.16840,1303,0,0
2026-04-09 18:15:00,2026-04-09 16:15:00,1.16843,1.16999,1.16843,1.16946,2082,0,0
2026-04-09 18:30:00,2026-04-09 16:30:00,1.16951,1.17068,1.16941,1.16997,2145,0,0
2026-04-09 18:45:00,2026-04-09 16:45:00,1.16996,1.17073,1.16974,1.17054,1577,0,0
2026-04-09 19:00:00,2026-04-09 17:00:00,1.17053,1.17113,1.17023,1.17082,1414,0,0
2026-04-09 19:15:00,2026-04-09 17:15:00,1.17082,1.17140,1.17076,1.17137,1089,0,0
2026-04-09 19:30:00,2026-04-09 17:30:00,1.17137,1.17138,1.17076,1.17114,1146,0,0
2026-04-09 19:45:00,2026-04-09 17:45:00,1.17114,1.17131,1.17087,1.17107,1042,0,0
2026-04-09 20:00:00,2026-04-09 18:00:00,1.17107,1.17187,1.17100,1.17165,1049,0,0
2026-04-09 20:15:00,2026-04-09 18:15:00,1.17163,1.17220,1.17160,1.17196,866,0,0
2026-04-09 20:30:00,2026-04-09 18:30:00,1.17200,1.17236,1.17163,1.17177,1057,0,0
2026-04-09 20:45:00,2026-04-09 18:45:00,1.17178,1.17199,1.17124,1.17141,899,0,0
2026-04-09 21:00:00,2026-04-09 19:00:00,1.17141,1.17150,1.17023,1.17039,1514,0,0
2026-04-09 21:15:00,2026-04-09 19:15:00,1.17036,1.17052,1.16986,1.17011,1410,0,0
2026-04-09 21:30:00,2026-04-09 19:30:00,1.17010,1.17017,1.16974,1.16990,1002,0,0
2026-04-09 21:45:00,2026-04-09 19:45:00,1.16990,1.17024,1.16982,1.16992,771,0,0
2026-04-09 22:00:00,2026-04-09 20:00:00,1.16988,1.17058,1.16980,1.17056,735,0,0
2026-04-09 22:15:00,2026-04-09 20:15:00,1.17058,1.17063,1.16993,1.17032,853,0,0
2026-04-09 22:30:00,2026-04-09 20:30:00,1.17032,1.17086,1.17031,1.17071,773,0,0
2026-04-09 22:45:00,2026-04-09 20:45:00,1.17071,1.17084,1.17000,1.17006,957,0,0
2026-04-09 23:00:00,2026-04-09 21:00:00,1.17006,1.17009,1.16969,1.16985,503,0,0
2026-04-09 23:15:00,2026-04-09 21:15:00,1.16986,1.16988,1.16966,1.16979,467,0,0
2026-04-09 23:30:00,2026-04-09 21:30:00,1.16977,1.16986,1.16953,1.16960,347,0,0
2026-04-09 23:45:00,2026-04-09 21:45:00,1.16960,1.16988,1.16953,1.16985,299,0,0
2026-04-10 00:00:00,2026-04-09 22:00:00,1.16960,1.16989,1.16952,1.16959,106,37,0
2026-04-10 00:15:00,2026-04-09 22:15:00,1.16962,1.16972,1.16958,1.16961,71,41,0
2026-04-10 00:30:00,2026-04-09 22:30:00,1.16961,1.16979,1.16953,1.16954,258,44,0
2026-04-10 00:45:00,2026-04-09 22:45:00,1.16954,1.17010,1.16940,1.17006,176,18,0
2026-04-10 01:00:00,2026-04-09 23:00:00,1.17013,1.17026,1.17008,1.17011,437,0,0
2026-04-10 01:15:00,2026-04-09 23:15:00,1.17011,1.17024,1.16965,1.16965,307,0,0
2026-04-10 01:30:00,2026-04-09 23:30:00,1.16967,1.16989,1.16933,1.16939,596,0,0
2026-04-10 01:45:00,2026-04-09 23:45:00,1.16939,1.16944,1.16926,1.16942,437,0,0
2026-04-10 02:00:00,2026-04-10 00:00:00,1.16941,1.16962,1.16936,1.16941,366,0,0
2026-04-10 02:15:00,2026-04-10 00:15:00,1.16941,1.16950,1.16929,1.16943,327,0,0
2026-04-10 02:30:00,2026-04-10 00:30:00,1.16943,1.16956,1.16923,1.16926,334,0,0
2026-04-10 02:45:00,2026-04-10 00:45:00,1.16926,1.16936,1.16901,1.16915,364,0,0
2026-04-10 03:00:00,2026-04-10 01:00:00,1.16916,1.16916,1.16868,1.16882,633,0,0
2026-04-10 03:15:00,2026-04-10 01:15:00,1.16881,1.16892,1.16863,1.16868,564,0,0
2026-04-10 03:30:00,2026-04-10 01:30:00,1.16869,1.16891,1.16865,1.16876,552,0,0
2026-04-10 03:45:00,2026-04-10 01:45:00,1.16876,1.16885,1.16854,1.16878,639,0,0
2026-04-10 04:00:00,2026-04-10 02:00:00,1.16880,1.16887,1.16865,1.16883,578,0,0
2026-04-10 04:15:00,2026-04-10 02:15:00,1.16883,1.16891,1.16862,1.16883,400,0,0
2026-04-10 04:30:00,2026-04-10 02:30:00,1.16883,1.16935,1.16877,1.16915,487,0,0
2026-04-10 04:45:00,2026-04-10 02:45:00,1.16914,1.16945,1.16905,1.16922,463,0,0
2026-04-10 05:00:00,2026-04-10 03:00:00,1.16923,1.16942,1.16892,1.16893,551,0,0
2026-04-10 05:15:00,2026-04-10 03:15:00,1.16893,1.16905,1.16867,1.16868,404,0,0
2026-04-10 05:30:00,2026-04-10 03:30:00,1.16868,1.16916,1.16867,1.16914,406,0,0
2026-04-10 05:45:00,2026-04-10 03:45:00,1.16913,1.16930,1.16902,1.16909,307,0,0
2026-04-10 06:00:00,2026-04-10 04:00:00,1.16909,1.16918,1.16898,1.16914,381,0,0
2026-04-10 06:15:00,2026-04-10 04:15:00,1.16915,1.16949,1.16912,1.16945,311,0,0
2026-04-10 06:30:00,2026-04-10 04:30:00,1.16945,1.16964,1.16927,1.16936,296,0,0
2026-04-10 06:45:00,2026-04-10 04:45:00,1.16936,1.16967,1.16933,1.16956,349,0,0
2026-04-10 07:00:00,2026-04-10 05:00:00,1.16956,1.16966,1.16931,1.16945,280,0,0
2026-04-10 07:15:00,2026-04-10 05:15:00,1.16946,1.16962,1.16943,1.16944,291,0,0
2026-04-10 07:30:00,2026-04-10 05:30:00,1.16944,1.16952,1.16928,1.16929,359,0,0
2026-04-10 07:45:00,2026-04-10 05:45:00,1.16926,1.16940,1.16911,1.16919,377,0,0
2026-04-10 08:00:00,2026-04-10 06:00:00,1.16919,1.16927,1.16892,1.16898,436,0,0
2026-04-10 08:15:00,2026-04-10 06:15:00,1.16898,1.16912,1.16876,1.16878,339,0,0
2026-04-10 08:30:00,2026-04-10 06:30:00,1.16878,1.16918,1.16877,1.16899,453,0,0
2026-04-10 08:45:00,2026-04-10 06:45:00,1.16900,1.16910,1.16892,1.16903,334,0,0
2026-04-10 09:00:00,2026-04-10 07:00:00,1.16903,1.16938,1.16872,1.16883,696,0,0
2026-04-10 09:15:00,2026-04-10 07:15:00,1.16884,1.16884,1.16843,1.16843,799,0,0
2026-04-10 09:30:00,2026-04-10 07:30:00,1.16843,1.16904,1.16831,1.16864,848,0,0
2026-04-10 09:45:00,2026-04-10 07:45:00,1.16863,1.16897,1.16843,1.16846,752,0,0
2026-04-10 10:00:00,2026-04-10 08:00:00,1.16845,1.16891,1.16822,1.16858,782,0,0
2026-04-10 10:15:00,2026-04-10 08:15:00,1.16857,1.16896,1.16836,1.16868,794,0,0
2026-04-10 10:30:00,2026-04-10 08:30:00,1.16869,1.16869,1.16816,1.16841,659,0,0
2026-04-10 10:45:00,2026-04-10 08:45:00,1.16841,1.16859,1.16791,1.16800,732,0,0
2026-04-10 11:00:00,2026-04-10 09:00:00,1.16800,1.16858,1.16774,1.16855,799,0,0
2026-04-10 11:15:00,2026-04-10 09:15:00,1.16855,1.16884,1.16835,1.16858,643,0,0
2026-04-10 11:30:00,2026-04-10 09:30:00,1.16858,1.16900,1.16857,1.16876,633,0,0
2026-04-10 11:45:00,2026-04-10 09:45:00,1.16878,1.16881,1.16842,1.16859,737,0,0
2026-04-10 12:00:00,2026-04-10 10:00:00,1.16860,1.16889,1.16847,1.16853,740,0,0
2026-04-10 12:15:00,2026-04-10 10:15:00,1.16853,1.17105,1.16848,1.16973,1757,0,0
2026-04-10 12:30:00,2026-04-10 10:30:00,1.16973,1.17025,1.16956,1.17023,1184,0,0
2026-04-10 12:45:00,2026-04-10 10:45:00,1.17023,1.17111,1.17000,1.17105,1065,0,0
2026-04-10 13:00:00,2026-04-10 11:00:00,1.17104,1.17130,1.17077,1.17077,840,0,0
2026-04-10 13:15:00,2026-04-10 11:15:00,1.17078,1.17135,1.17057,1.17121,774,0,0
2026-04-10 13:30:00,2026-04-10 11:30:00,1.17121,1.17155,1.17103,1.17137,710,0,0
2026-04-10 13:45:00,2026-04-10 11:45:00,1.17136,1.17159,1.17121,1.17127,673,0,0
2026-04-10 14:00:00,2026-04-10 12:00:00,1.17126,1.17188,1.17122,1.17169,657,0,0
2026-04-10 14:15:00,2026-04-10 12:15:00,1.17169,1.17179,1.17120,1.17130,721,0,0
2026-04-10 14:30:00,2026-04-10 12:30:00,1.17131,1.17166,1.17108,1.17165,551,0,0
2026-04-10 14:45:00,2026-04-10 12:45:00,1.17165,1.17173,1.17127,1.17140,702,0,0
2026-04-10 15:00:00,2026-04-10 13:00:00,1.17140,1.17158,1.17106,1.17147,933,0,0
2026-04-10 15:15:00,2026-04-10 13:15:00,1.17145,1.17149,1.17096,1.17135,1034,0,0
2026-04-10 15:30:00,2026-04-10 13:30:00,1.17135,1.17256,1.17134,1.17174,1822,0,0
2026-04-10 15:45:00,2026-04-10 13:45:00,1.17175,1.17213,1.17127,1.17209,1233,0,0
2026-04-10 16:00:00,2026-04-10 14:00:00,1.17209,1.17258,1.17187,1.17232,1349,0,0
2026-04-10 16:15:00,2026-04-10 14:15:00,1.17233,1.17350,1.17215,1.17332,1103,0,0
2026-04-10 16:30:00,2026-04-10 14:30:00,1.17334,1.17347,1.17246,1.17286,1467,0,0
2026-04-10 16:45:00,2026-04-10 14:45:00,1.17286,1.17316,1.17248,1.17278,1321,0,0
2026-04-10 17:00:00,2026-04-10 15:00:00,1.17276,1.17358,1.17267,1.17341,1452,0,0
2026-04-10 17:15:00,2026-04-10 15:15:00,1.17341,1.17382,1.17319,1.17351,1224,0,0
2026-04-10 17:30:00,2026-04-10 15:30:00,1.17352,1.17372,1.17259,1.17281,1381,0,0
2026-04-10 17:45:00,2026-04-10 15:45:00,1.17282,1.17299,1.17201,1.17278,2076,0,0
2026-04-10 18:00:00,2026-04-10 16:00:00,1.17277,1.17354,1.17267,1.17348,1346,0,0
2026-04-10 18:15:00,2026-04-10 16:15:00,1.17350,1.17392,1.17320,1.17321,1157,0,0
2026-04-10 18:30:00,2026-04-10 16:30:00,1.17322,1.17349,1.17268,1.17275,1437,0,0
2026-04-10 18:45:00,2026-04-10 16:45:00,1.17274,1.17278,1.17216,1.17222,1118,0,0
2026-04-10 19:00:00,2026-04-10 17:00:00,1.17222,1.17256,1.17201,1.17248,861,0,0
2026-04-10 19:15:00,2026-04-10 17:15:00,1.17248,1.17249,1.17208,1.17210,905,0,0
2026-04-10 19:30:00,2026-04-10 17:30:00,1.17211,1.17214,1.17135,1.17139,1155,0,0
2026-04-10 19:45:00,2026-04-10 17:45:00,1.17139,1.17218,1.17136,1.17204,832,0,0
2026-04-10 20:00:00,2026-04-10 18:00:00,1.17205,1.17244,1.17188,1.17231,777,0,0
2026-04-10 20:15:00,2026-04-10 18:15:00,1.17230,1.17244,1.17204,1.17229,666,0,0
2026-04-10 20:30:00,2026-04-10 18:30:00,1.17230,1.17253,1.17213,1.17243,666,0,0
2026-04-10 20:45:00,2026-04-10 18:45:00,1.17243,1.17263,1.17217,1.17234,806,0,0
2026-04-10 21:00:00,2026-04-10 19:00:00,1.17233,1.17240,1.17188,1.17234,900,0,0
2026-04-10 21:15:00,2026-04-10 19:15:00,1.17235,1.17298,1.17230,1.17290,963,0,0
2026-04-10 21:30:00,2026-04-10 19:30:00,1.17291,1.17354,1.17290,1.17326,915,0,0
2026-04-10 21:45:00,2026-04-10 19:45:00,1.17325,1.17328,1.17286,1.17316,675,0,0
2026-04-10 22:00:00,2026-04-10 20:00:00,1.17316,1.17326,1.17276,1.17283,756,0,0
2026-04-10 22:15:00,2026-04-10 20:15:00,1.17283,1.17312,1.17277,1.17282,503,0,0
2026-04-10 22:30:00,2026-04-10 20:30:00,1.17282,1.17301,1.17274,1.17292,511,0,0
2026-04-10 22:45:00,2026-04-10 20:45:00,1.17289,1.17299,1.17272,1.17272,640,0,0
2026-04-10 23:00:00,2026-04-10 21:00:00,1.17272,1.17298,1.17269,1.17288,505,0,0
2026-04-10 23:15:00,2026-04-10 21:15:00,1.17288,1.17298,1.17281,1.17287,530,0,0
2026-04-10 23:30:00,2026-04-10 21:30:00,1.17286,1.17301,1.17281,1.17292,634,0,0
2026-04-10 23:45:00,2026-04-10 21:45:00,1.17292,1.17308,1.17284,1.17298,371,1,0
2026-04-13 00:00:00,2026-04-12 22:00:00,1.16688,1.16722,1.16642,1.16686,245,38,0
2026-04-13 00:15:00,2026-04-12 22:15:00,1.16687,1.16793,1.16678,1.16789,206,38,0
2026-04-13 00:30:00,2026-04-12 22:30:00,1.16788,1.16797,1.16760,1.16769,270,38,0
2026-04-13 00:45:00,2026-04-12 22:45:00,1.16770,1.16774,1.16686,1.16688,147,38,0
2026-04-13 01:00:00,2026-04-12 23:00:00,1.16708,1.16784,1.16694,1.16750,1250,5,0
2026-04-13 01:15:00,2026-04-12 23:15:00,1.16751,1.16765,1.16662,1.16680,1205,2,0
2026-04-13 01:30:00,2026-04-12 23:30:00,1.16681,1.16717,1.16658,1.16716,1251,0,0
2026-04-13 01:45:00,2026-04-12 23:45:00,1.16715,1.16735,1.16693,1.16724,766,1,0
2026-04-13 02:00:00,2026-04-13 00:00:00,1.16724,1.16739,1.16695,1.16706,777,0,0
2026-04-13 02:15:00,2026-04-13 00:15:00,1.16706,1.16707,1.16641,1.16682,749,0,0
2026-04-13 02:30:00,2026-04-13 00:30:00,1.16682,1.16723,1.16672,1.16706,617,0,0
2026-04-13 02:45:00,2026-04-13 00:45:00,1.16705,1.16755,1.16705,1.16749,844,0,0
2026-04-13 03:00:00,2026-04-13 01:00:00,1.16750,1.16794,1.16710,1.16785,1190,0,0
2026-04-13 03:15:00,2026-04-13 01:15:00,1.16785,1.16837,1.16777,1.16809,940,0,0
2026-04-13 03:30:00,2026-04-13 01:30:00,1.16808,1.16863,1.16806,1.16847,624,0,0
2026-04-13 03:45:00,2026-04-13 01:45:00,1.16846,1.16877,1.16841,1.16877,867,0,0
2026-04-13 04:00:00,2026-04-13 02:00:00,1.16877,1.16898,1.16837,1.16881,1034,0,0
2026-04-13 04:15:00,2026-04-13 02:15:00,1.16881,1.16888,1.16833,1.16841,811,0,0
2026-04-13 04:30:00,2026-04-13 02:30:00,1.16840,1.16842,1.16804,1.16820,719,0,0
2026-04-13 04:45:00,2026-04-13 02:45:00,1.16818,1.16874,1.16807,1.16864,829,0,0
2026-04-13 05:00:00,2026-04-13 03:00:00,1.16863,1.16881,1.16853,1.16874,647,0,0
2026-04-13 05:15:00,2026-04-13 03:15:00,1.16876,1.16888,1.16868,1.16874,482,0,0
2026-04-13 05:30:00,2026-04-13 03:30:00,1.16875,1.16902,1.16862,1.16866,487,0,0
2026-04-13 05:45:00,2026-04-13 03:45:00,1.16865,1.16891,1.16851,1.16885,549,0,0
2026-04-13 06:00:00,2026-04-13 04:00:00,1.16884,1.16893,1.16862,1.16866,461,0,0
2026-04-13 06:15:00,2026-04-13 04:15:00,1.16866,1.16877,1.16857,1.16865,407,0,0
2026-04-13 06:30:00,2026-04-13 04:30:00,1.16866,1.16888,1.16862,1.16883,486,0,0
2026-04-13 06:45:00,2026-04-13 04:45:00,1.16883,1.16886,1.16868,1.16880,488,0,0
2026-04-13 07:00:00,2026-04-13 05:00:00,1.16879,1.16902,1.16869,1.16897,437,0,0
2026-04-13 07:15:00,2026-04-13 05:15:00,1.16897,1.16901,1.16877,1.16887,468,0,0
2026-04-13 07:30:00,2026-04-13 05:30:00,1.16888,1.16897,1.16861,1.16876,446,0,0
2026-04-13 07:45:00,2026-04-13 05:45:00,1.16876,1.16889,1.16858,1.16862,477,0,0
2026-04-13 08:00:00,2026-04-13 06:00:00,1.16862,1.16868,1.16831,1.16845,623,0,0
2026-04-13 08:15:00,2026-04-13 06:15:00,1.16846,1.16872,1.16841,1.16868,559,0,0
2026-04-13 08:30:00,2026-04-13 06:30:00,1.16866,1.16888,1.16863,1.16878,635,0,0
2026-04-13 08:45:00,2026-04-13 06:45:00,1.16878,1.16892,1.16863,1.16881,683,0,0
2026-04-13 09:00:00,2026-04-13 07:00:00,1.16881,1.16951,1.16877,1.16891,1130,0,0
2026-04-13 09:15:00,2026-04-13 07:15:00,1.16891,1.16923,1.16873,1.16889,820,0,0
2026-04-13 09:30:00,2026-04-13 07:30:00,1.16892,1.16907,1.16780,1.16793,1052,0,0
2026-04-13 09:45:00,2026-04-13 07:45:00,1.16792,1.16861,1.16778,1.16855,1081,0,0
2026-04-13 10:00:00,2026-04-13 08:00:00,1.16862,1.16918,1.16862,1.16885,1250,0,0
2026-04-13 10:15:00,2026-04-13 08:15:00,1.16886,1.16969,1.16875,1.16968,873,0,0
2026-04-13 10:30:00,2026-04-13 08:30:00,1.16967,1.17002,1.16950,1.16957,1010,0,0
2026-04-13 10:45:00,2026-04-13 08:45:00,1.16956,1.16985,1.16933,1.16971,979,0,0
2026-04-13 11:00:00,2026-04-13 09:00:00,1.16971,1.16973,1.16907,1.16922,997,0,0
2026-04-13 11:15:00,2026-04-13 09:15:00,1.16921,1.16940,1.16905,1.16917,930,0,0
2026-04-13 11:30:00,2026-04-13 09:30:00,1.16916,1.16932,1.16853,1.16869,945,0,0
2026-04-13 11:45:00,2026-04-13 09:45:00,1.16870,1.16879,1.16835,1.16860,1005,0,0
2026-04-13 12:00:00,2026-04-13 10:00:00,1.16860,1.16900,1.16839,1.16845,1027,0,0
2026-04-13 12:15:00,2026-04-13 10:15:00,1.16845,1.16887,1.16837,1.16877,793,0,0
2026-04-13 12:30:00,2026-04-13 10:30:00,1.16876,1.16925,1.16871,1.16883,876,0,0
2026-04-13 12:45:00,2026-04-13 10:45:00,1.16882,1.16890,1.16858,1.16863,785,0,0
2026-04-13 13:00:00,2026-04-13 11:00:00,1.16864,1.16880,1.16841,1.16857,921,0,0
2026-04-13 13:15:00,2026-04-13 11:15:00,1.16855,1.16864,1.16824,1.16857,743,0,0
2026-04-13 13:30:00,2026-04-13 11:30:00,1.16857,1.16890,1.16838,1.16881,611,0,0
2026-04-13 13:45:00,2026-04-13 11:45:00,1.16881,1.16951,1.16880,1.16934,828,0,0
2026-04-13 14:00:00,2026-04-13 12:00:00,1.16936,1.16996,1.16935,1.16981,941,0,0
2026-04-13 14:15:00,2026-04-13 12:15:00,1.16982,1.16991,1.16959,1.16975,666,0,0
2026-04-13 14:30:00,2026-04-13 12:30:00,1.16974,1.16985,1.16901,1.16925,1079,0,0
2026-04-13 14:45:00,2026-04-13 12:45:00,1.16926,1.16935,1.16808,1.16818,1341,0,0
2026-04-13 15:00:00,2026-04-13 13:00:00,1.16818,1.16881,1.16804,1.16869,1336,0,0
2026-04-13 15:15:00,2026-04-13 13:15:00,1.16869,1.16877,1.16839,1.16857,1036,0,0
2026-04-13 15:30:00,2026-04-13 13:30:00,1.16856,1.16905,1.16843,1.16899,1174,0,0
2026-04-13 15:45:00,2026-04-13 13:45:00,1.16898,1.16993,1.16898,1.16985,1302,0,0
2026-04-13 16:00:00,2026-04-13 14:00:00,1.16985,1.16996,1.16962,1.16991,1075,0,0
2026-04-13 16:15:00,2026-04-13 14:15:00,1.16991,1.17016,1.16964,1.16985,1106,0,0
2026-04-13 16:30:00,2026-04-13 14:30:00,1.16989,1.17045,1.16970,1.17005,1226,0,0
2026-04-13 16:45:00,2026-04-13 14:45:00,1.17004,1.17124,1.16989,1.17054,2082,0,0
2026-04-13 17:00:00,2026-04-13 15:00:00,1.17053,1.17087,1.17004,1.17075,1600,0,0
2026-04-13 17:15:00,2026-04-13 15:15:00,1.17076,1.17134,1.17008,1.17130,1722,0,0
2026-04-13 17:30:00,2026-04-13 15:30:00,1.17131,1.17184,1.17113,1.17181,1329,0,0
2026-04-13 17:45:00,2026-04-13 15:45:00,1.17182,1.17205,1.17098,1.17103,1514,0,0
2026-04-13 18:00:00,2026-04-13 16:00:00,1.17103,1.17118,1.17043,1.17077,1556,0,0
2026-04-13 18:15:00,2026-04-13 16:15:00,1.17083,1.17093,1.17042,1.17056,1184,0,0
2026-04-13 18:30:00,2026-04-13 16:30:00,1.17055,1.17126,1.17026,1.17095,1296,0,0
2026-04-13 18:45:00,2026-04-13 16:45:00,1.17095,1.17121,1.17078,1.17097,980,0,0
2026-04-13 19:00:00,2026-04-13 17:00:00,1.17097,1.17162,1.17069,1.17103,1216,0,0
2026-04-13 19:15:00,2026-04-13 17:15:00,1.17103,1.17144,1.17083,1.17133,1401,0,0
2026-04-13 19:30:00,2026-04-13 17:30:00,1.17133,1.17263,1.17131,1.17261,1832,0,0
2026-04-13 19:45:00,2026-04-13 17:45:00,1.17260,1.17315,1.17243,1.17251,1608,0,0
2026-04-13 20:00:00,2026-04-13 18:00:00,1.17250,1.17321,1.17247,1.17319,1054,0,0
2026-04-13 20:15:00,2026-04-13 18:15:00,1.17320,1.17379,1.17315,1.17369,1074,0,0
2026-04-13 20:30:00,2026-04-13 18:30:00,1.17369,1.17378,1.17342,1.17356,850,0,0
2026-04-13 20:45:00,2026-04-13 18:45:00,1.17355,1.17360,1.17328,1.17335,884,0,0
2026-04-13 21:00:00,2026-04-13 19:00:00,1.17336,1.17385,1.17336,1.17369,754,0,0
2026-04-13 21:15:00,2026-04-13 19:15:00,1.17369,1.17379,1.17354,1.17372,844,0,0
2026-04-13 21:30:00,2026-04-13 19:30:00,1.17371,1.17506,1.17365,1.17503,1325,0,0
2026-04-13 21:45:00,2026-04-13 19:45:00,1.17503,1.17656,1.17492,1.17644,1330,0,0
2026-04-13 22:00:00,2026-04-13 20:00:00,1.17644,1.17649,1.17539,1.17570,958,0,0
2026-04-13 22:15:00,2026-04-13 20:15:00,1.17570,1.17613,1.17561,1.17607,591,0,0
2026-04-13 22:30:00,2026-04-13 20:30:00,1.17608,1.17617,1.17584,1.17598,743,0,0
2026-04-13 22:45:00,2026-04-13 20:45:00,1.17597,1.17627,1.17579,1.17602,923,0,0
2026-04-13 23:00:00,2026-04-13 21:00:00,1.17602,1.17632,1.17601,1.17615,500,0,0
2026-04-13 23:15:00,2026-04-13 21:15:00,1.17617,1.17627,1.17584,1.17596,441,0,0
2026-04-13 23:30:00,2026-04-13 21:30:00,1.17596,1.17604,1.17586,1.17595,420,0,0
2026-04-13 23:45:00,2026-04-13 21:45:00,1.17594,1.17597,1.17566,1.17587,464,0,0
2026-04-14 00:00:00,2026-04-13 22:00:00,1.17506,1.17549,1.17506,1.17544,85,44,0
2026-04-14 00:15:00,2026-04-13 22:15:00,1.17544,1.17587,1.17544,1.17583,94,12,0
2026-04-14 00:30:00,2026-04-13 22:30:00,1.17583,1.17583,1.17548,1.17551,123,33,0
2026-04-14 00:45:00,2026-04-13 22:45:00,1.17551,1.17564,1.17527,1.17546,480,20,0
2026-04-14 01:00:00,2026-04-13 23:00:00,1.17555,1.17647,1.17551,1.17617,697,0,0
2026-04-14 01:15:00,2026-04-13 23:15:00,1.17617,1.17618,1.17586,1.17603,350,0,0
2026-04-14 01:30:00,2026-04-13 23:30:00,1.17603,1.17614,1.17589,1.17602,416,0,0
2026-04-14 01:45:00,2026-04-13 23:45:00,1.17602,1.17617,1.17599,1.17615,347,0,0
2026-04-14 02:00:00,2026-04-14 00:00:00,1.17615,1.17648,1.17609,1.17632,451,0,0
2026-04-14 02:15:00,2026-04-14 00:15:00,1.17631,1.17657,1.17631,1.17647,427,0,0
2026-04-14 02:30:00,2026-04-14 00:30:00,1.17648,1.17657,1.17643,1.17648,385,0,0
2026-04-14 02:45:00,2026-04-14 00:45:00,1.17648,1.17668,1.17644,1.17667,422,0,0
2026-04-14 03:00:00,2026-04-14 01:00:00,1.17667,1.17669,1.17609,1.17640,810,0,0
2026-04-14 03:15:00,2026-04-14 01:15:00,1.17640,1.17680,1.17640,1.17651,640,0,0
2026-04-14 03:30:00,2026-04-14 01:30:00,1.17652,1.17673,1.17635,1.17652,521,0,0
2026-04-14 03:45:00,2026-04-14 01:45:00,1.17650,1.17664,1.17631,1.17663,563,0,0
2026-04-14 04:00:00,2026-04-14 02:00:00,1.17664,1.17678,1.17643,1.17654,591,0,0
2026-04-14 04:15:00,2026-04-14 02:15:00,1.17655,1.17656,1.17619,1.17648,531,0,0
2026-04-14 04:30:00,2026-04-14 02:30:00,1.17646,1.17656,1.17622,1.17639,640,0,0
2026-04-14 04:45:00,2026-04-14 02:45:00,1.17640,1.17640,1.17595,1.17602,535,0,0
2026-04-14 05:00:00,2026-04-14 03:00:00,1.17601,1.17622,1.17591,1.17596,484,0,0
2026-04-14 05:15:00,2026-04-14 03:15:00,1.17595,1.17599,1.17572,1.17582,343,0,0
2026-04-14 05:30:00,2026-04-14 03:30:00,1.17582,1.17605,1.17562,1.17598,384,0,0
2026-04-14 05:45:00,2026-04-14 03:45:00,1.17598,1.17610,1.17581,1.17607,319,0,0
2026-04-14 06:00:00,2026-04-14 04:00:00,1.17607,1.17612,1.17591,1.17594,345,0,0
2026-04-14 06:15:00,2026-04-14 04:15:00,1.17594,1.17614,1.17593,1.17604,414,0,0
2026-04-14 06:30:00,2026-04-14 04:30:00,1.17605,1.17654,1.17604,1.17639,421,0,0
2026-04-14 06:45:00,2026-04-14 04:45:00,1.17638,1.17683,1.17636,1.17669,348,0,0
2026-04-14 07:00:00,2026-04-14 05:00:00,1.17669,1.17672,1.17657,1.17658,199,0,0
2026-04-14 07:15:00,2026-04-14 05:15:00,1.17660,1.17694,1.17646,1.17682,357,0,0
2026-04-14 07:30:00,2026-04-14 05:30:00,1.17683,1.17684,1.17665,1.17673,346,0,0
2026-04-14 07:45:00,2026-04-14 05:45:00,1.17673,1.17700,1.17665,1.17667,391,0,0
2026-04-14 08:00:00,2026-04-14 06:00:00,1.17668,1.17696,1.17646,1.17655,635,0,0
2026-04-14 08:15:00,2026-04-14 06:15:00,1.17656,1.17658,1.17605,1.17613,556,0,0
2026-04-14 08:30:00,2026-04-14 06:30:00,1.17614,1.17659,1.17594,1.17659,641,0,0
2026-04-14 08:45:00,2026-04-14 06:45:00,1.17659,1.17665,1.17627,1.17644,628,0,0
2026-04-14 09:00:00,2026-04-14 07:00:00,1.17644,1.17711,1.17609,1.17611,975,0,0
2026-04-14 09:15:00,2026-04-14 07:15:00,1.17609,1.17640,1.17581,1.17636,917,0,0
2026-04-14 09:30:00,2026-04-14 07:30:00,1.17635,1.17677,1.17627,1.17674,910,0,0
2026-04-14 09:45:00,2026-04-14 07:45:00,1.17674,1.17784,1.17672,1.17780,1244,0,0
2026-04-14 10:00:00,2026-04-14 08:00:00,1.17780,1.17968,1.17773,1.17857,1887,0,0
2026-04-14 10:15:00,2026-04-14 08:15:00,1.17857,1.17869,1.17792,1.17832,1275,0,0
2026-04-14 10:30:00,2026-04-14 08:30:00,1.17832,1.17923,1.17828,1.17878,1162,0,0
2026-04-14 10:45:00,2026-04-14 08:45:00,1.17877,1.17916,1.17796,1.17799,1191,0,0
2026-04-14 11:00:00,2026-04-14 09:00:00,1.17800,1.17814,1.17762,1.17771,1331,0,0
2026-04-14 11:15:00,2026-04-14 09:15:00,1.17771,1.17798,1.17751,1.17792,980,0,0
2026-04-14 11:30:00,2026-04-14 09:30:00,1.17793,1.17844,1.17771,1.17839,1127,0,0
2026-04-14 11:45:00,2026-04-14 09:45:00,1.17840,1.17840,1.17805,1.17827,748,0,0
2026-04-14 12:00:00,2026-04-14 10:00:00,1.17828,1.17905,1.17824,1.17878,1088,0,0
2026-04-14 12:15:00,2026-04-14 10:15:00,1.17878,1.17892,1.17846,1.17846,767,0,0
2026-04-14 12:30:00,2026-04-14 10:30:00,1.17845,1.17927,1.17818,1.17899,889,0,0
2026-04-14 12:45:00,2026-04-14 10:45:00,1.17900,1.17900,1.17862,1.17888,896,0,0
2026-04-14 13:00:00,2026-04-14 11:00:00,1.17887,1.17989,1.17883,1.17980,1051,0,0
2026-04-14 13:15:00,2026-04-14 11:15:00,1.17981,1.17981,1.17923,1.17928,868,0,0
2026-04-14 13:30:00,2026-04-14 11:30:00,1.17928,1.17963,1.17916,1.17936,950,0,0
2026-04-14 13:45:00,2026-04-14 11:45:00,1.17936,1.17983,1.17931,1.17965,833,0,0
2026-04-14 14:00:00,2026-04-14 12:00:00,1.17967,1.18007,1.17958,1.17996,894,0,0
2026-04-14 14:15:00,2026-04-14 12:15:00,1.17996,1.18020,1.17989,1.18014,836,0,0
2026-04-14 14:30:00,2026-04-14 12:30:00,1.18013,1.18020,1.17952,1.17991,972,0,0
2026-04-14 14:45:00,2026-04-14 12:45:00,1.17992,1.18061,1.17964,1.17990,1227,0,0
2026-04-14 15:00:00,2026-04-14 13:00:00,1.17997,1.18005,1.17926,1.17965,1417,0,0
2026-04-14 15:15:00,2026-04-14 13:15:00,1.17966,1.18030,1.17938,1.18003,1309,0,0
2026-04-14 15:30:00,2026-04-14 13:30:00,1.18004,1.18058,1.17949,1.17961,1520,0,0
2026-04-14 15:45:00,2026-04-14 13:45:00,1.17964,1.18048,1.17959,1.18045,1285,0,0
2026-04-14 16:00:00,2026-04-14 14:00:00,1.18045,1.18077,1.18018,1.18053,1274,0,0
2026-04-14 16:15:00,2026-04-14 14:15:00,1.18052,1.18053,1.17954,1.17962,1354,0,0
2026-04-14 16:30:00,2026-04-14 14:30:00,1.17969,1.18053,1.17934,1.18035,1659,0,0
2026-04-14 16:45:00,2026-04-14 14:45:00,1.18034,1.18038,1.17978,1.17993,1351,0,0
2026-04-14 17:00:00,2026-04-14 15:00:00,1.17993,1.18026,1.17935,1.18010,1750,0,0
2026-04-14 17:15:00,2026-04-14 15:15:00,1.18010,1.18067,1.18006,1.18029,1486,0,0
2026-04-14 17:30:00,2026-04-14 15:30:00,1.18030,1.18083,1.18014,1.18070,1326,0,0
2026-04-14 17:45:00,2026-04-14 15:45:00,1.18068,1.18113,1.18021,1.18088,1474,0,0
2026-04-14 18:00:00,2026-04-14 16:00:00,1.18089,1.18089,1.17991,1.17994,1576,0,0
2026-04-14 18:15:00,2026-04-14 16:15:00,1.17992,1.18018,1.17942,1.17975,1621,0,0
2026-04-14 18:30:00,2026-04-14 16:30:00,1.17975,1.18030,1.17923,1.17926,1340,0,0
2026-04-14 18:45:00,2026-04-14 16:45:00,1.17925,1.17930,1.17876,1.17904,1323,0,0
2026-04-14 19:00:00,2026-04-14 17:00:00,1.17901,1.17924,1.17882,1.17921,983,0,0
2026-04-14 19:15:00,2026-04-14 17:15:00,1.17921,1.17959,1.17918,1.17955,940,0,0
2026-04-14 19:30:00,2026-04-14 17:30:00,1.17954,1.17972,1.17929,1.17956,756,0,0
2026-04-14 19:45:00,2026-04-14 17:45:00,1.17956,1.17958,1.17927,1.17941,647,0,0
2026-04-14 20:00:00,2026-04-14 18:00:00,1.17941,1.17958,1.17918,1.17950,721,0,0
2026-04-14 20:15:00,2026-04-14 18:15:00,1.17950,1.17997,1.17944,1.17979,725,0,0
2026-04-14 20:30:00,2026-04-14 18:30:00,1.17979,1.17994,1.17952,1.17988,682,0,0
2026-04-14 20:45:00,2026-04-14 18:45:00,1.17986,1.17993,1.17947,1.17957,588,0,0
2026-04-14 21:00:00,2026-04-14 19:00:00,1.17956,1.17970,1.17943,1.17961,850,0,0
2026-04-14 21:15:00,2026-04-14 19:15:00,1.17960,1.17962,1.17925,1.17928,922,0,0
2026-04-14 21:30:00,2026-04-14 19:30:00,1.17928,1.17951,1.17913,1.17925,1160,0,0
2026-04-14 21:45:00,2026-04-14 19:45:00,1.17924,1.17949,1.17904,1.17931,630,0,0
2026-04-14 22:00:00,2026-04-14 20:00:00,1.17931,1.17955,1.17912,1.17934,702,0,0
2026-04-14 22:15:00,2026-04-14 20:15:00,1.17935,1.17943,1.17920,1.17928,377,0,0
2026-04-14 22:30:00,2026-04-14 20:30:00,1.17928,1.17938,1.17906,1.17919,541,0,0
2026-04-14 22:45:00,2026-04-14 20:45:00,1.17919,1.17933,1.17911,1.17919,626,0,0
2026-04-14 23:00:00,2026-04-14 21:00:00,1.17919,1.17953,1.17914,1.17945,470,0,0
2026-04-14 23:15:00,2026-04-14 21:15:00,1.17947,1.17954,1.17934,1.17954,382,0,0
2026-04-14 23:30:00,2026-04-14 21:30:00,1.17954,1.17954,1.17937,1.17938,315,0,0
2026-04-14 23:45:00,2026-04-14 21:45:00,1.17938,1.17958,1.17933,1.17947,331,0,0
2026-04-15 00:00:00,2026-04-14 22:00:00,1.17934,1.17938,1.17922,1.17932,36,27,0
2026-04-15 00:15:00,2026-04-14 22:15:00,1.17933,1.17934,1.17887,1.17892,87,27,0
2026-04-15 00:30:00,2026-04-14 22:30:00,1.17893,1.17896,1.17874,1.17875,95,35,0
2026-04-15 00:45:00,2026-04-14 22:45:00,1.17876,1.17898,1.17876,1.17886,141,54,0
2026-04-15 01:00:00,2026-04-14 23:00:00,1.17908,1.17951,1.17908,1.17951,513,3,0
2026-04-15 01:15:00,2026-04-14 23:15:00,1.17951,1.17994,1.17951,1.17957,353,0,0
2026-04-15 01:30:00,2026-04-14 23:30:00,1.17957,1.17958,1.17937,1.17946,411,0,0
2026-04-15 01:45:00,2026-04-14 23:45:00,1.17947,1.17953,1.17935,1.17952,305,0,0
2026-04-15 02:00:00,2026-04-15 00:00:00,1.17952,1.17960,1.17944,1.17948,313,0,0
2026-04-15 02:15:00,2026-04-15 00:15:00,1.17948,1.17977,1.17947,1.17974,255,0,0
2026-04-15 02:30:00,2026-04-15 00:30:00,1.17974,1.18018,1.17969,1.17999,782,0,0
2026-04-15 02:45:00,2026-04-15 00:45:00,1.18002,1.18019,1.17975,1.17984,624,0,0
2026-04-15 03:00:00,2026-04-15 01:00:00,1.17983,1.17987,1.17921,1.17923,1000,0,0
2026-04-15 03:15:00,2026-04-15 01:15:00,1.17923,1.17953,1.17922,1.17947,635,0,0
2026-04-15 03:30:00,2026-04-15 01:30:00,1.17947,1.17953,1.17894,1.17907,662,0,0
2026-04-15 03:45:00,2026-04-15 01:45:00,1.17908,1.17948,1.17897,1.17941,838,0,0
2026-04-15 04:00:00,2026-04-15 02:00:00,1.17940,1.17968,1.17899,1.17950,929,0,0
2026-04-15 04:15:00,2026-04-15 02:15:00,1.17950,1.17951,1.17914,1.17929,792,0,0
2026-04-15 04:30:00,2026-04-15 02:30:00,1.17931,1.17935,1.17900,1.17904,597,0,0
2026-04-15 04:45:00,2026-04-15 02:45:00,1.17905,1.17930,1.17898,1.17908,664,0,0
2026-04-15 05:00:00,2026-04-15 03:00:00,1.17908,1.17910,1.17858,1.17864,520,0,0
2026-04-15 05:15:00,2026-04-15 03:15:00,1.17864,1.17871,1.17825,1.17825,516,0,0
2026-04-15 05:30:00,2026-04-15 03:30:00,1.17825,1.17839,1.17787,1.17838,717,0,0
2026-04-15 05:45:00,2026-04-15 03:45:00,1.17839,1.17842,1.17821,1.17835,465,0,0
2026-04-15 06:00:00,2026-04-15 04:00:00,1.17835,1.17840,1.17803,1.17835,470,0,0
2026-04-15 06:15:00,2026-04-15 04:15:00,1.17835,1.17876,1.17834,1.17876,363,0,0
2026-04-15 06:30:00,2026-04-15 04:30:00,1.17876,1.17881,1.17855,1.17870,398,0,0
2026-04-15 06:45:00,2026-04-15 04:45:00,1.17870,1.17893,1.17869,1.17872,390,0,0
2026-04-15 07:00:00,2026-04-15 05:00:00,1.17872,1.17893,1.17863,1.17882,400,0,0
2026-04-15 07:15:00,2026-04-15 05:15:00,1.17882,1.17886,1.17871,1.17881,387,0,0
2026-04-15 07:30:00,2026-04-15 05:30:00,1.17881,1.17897,1.17868,1.17880,337,0,0
2026-04-15 07:45:00,2026-04-15 05:45:00,1.17880,1.17893,1.17874,1.17886,363,0,0
2026-04-15 08:00:00,2026-04-15 06:00:00,1.17886,1.17936,1.17885,1.17931,811,0,0
2026-04-15 08:15:00,2026-04-15 06:15:00,1.17932,1.17985,1.17918,1.17926,727,0,0
2026-04-15 08:30:00,2026-04-15 06:30:00,1.17925,1.17926,1.17893,1.17915,687,0,0
2026-04-15 08:45:00,2026-04-15 06:45:00,1.17914,1.17934,1.17894,1.17921,758,0,0
2026-04-15 09:00:00,2026-04-15 07:00:00,1.17922,1.17995,1.17914,1.17932,1085,0,0
2026-04-15 09:15:00,2026-04-15 07:15:00,1.17934,1.17938,1.17885,1.17915,937,0,0
2026-04-15 09:30:00,2026-04-15 07:30:00,1.17915,1.17925,1.17854,1.17865,1035,0,0
2026-04-15 09:45:00,2026-04-15 07:45:00,1.17865,1.17874,1.17838,1.17842,920,0,0
2026-04-15 10:00:00,2026-04-15 08:00:00,1.17842,1.17884,1.17836,1.17861,1285,0,0
2026-04-15 10:15:00,2026-04-15 08:15:00,1.17864,1.17879,1.17827,1.17876,1206,0,0
2026-04-15 10:30:00,2026-04-15 08:30:00,1.17877,1.17907,1.17853,1.17890,984,0,0
2026-04-15 10:45:00,2026-04-15 08:45:00,1.17889,1.17898,1.17844,1.17857,1095,0,0
2026-04-15 11:00:00,2026-04-15 09:00:00,1.17854,1.17908,1.17853,1.17901,1103,0,0
2026-04-15 11:15:00,2026-04-15 09:15:00,1.17901,1.17954,1.17898,1.17920,1045,0,0
2026-04-15 11:30:00,2026-04-15 09:30:00,1.17920,1.17921,1.17872,1.17894,974,0,0
2026-04-15 11:45:00,2026-04-15 09:45:00,1.17893,1.17906,1.17861,1.17894,719,0,0
2026-04-15 12:00:00,2026-04-15 10:00:00,1.17894,1.17916,1.17754,1.17819,1862,0,0
2026-04-15 12:15:00,2026-04-15 10:15:00,1.17819,1.17869,1.17813,1.17845,1208,0,0
2026-04-15 12:30:00,2026-04-15 10:30:00,1.17845,1.17851,1.17795,1.17819,997,0,0
2026-04-15 12:45:00,2026-04-15 10:45:00,1.17819,1.17836,1.17783,1.17816,896,0,0
2026-04-15 13:00:00,2026-04-15 11:00:00,1.17816,1.17865,1.17788,1.17851,1089,0,0
2026-04-15 13:15:00,2026-04-15 11:15:00,1.17850,1.17851,1.17729,1.17756,1542,0,0
2026-04-15 13:30:00,2026-04-15 11:30:00,1.17755,1.17812,1.17719,1.17791,1263,0,0
2026-04-15 13:45:00,2026-04-15 11:45:00,1.17792,1.17837,1.17767,1.17768,1253,0,0
2026-04-15 14:00:00,2026-04-15 12:00:00,1.17769,1.17796,1.17748,1.17776,988,0,0
2026-04-15 14:15:00,2026-04-15 12:15:00,1.17775,1.17796,1.17753,1.17768,1020,0,0
2026-04-15 14:30:00,2026-04-15 12:30:00,1.17768,1.17799,1.17753,1.17771,846,0,0
2026-04-15 14:45:00,2026-04-15 12:45:00,1.17770,1.17843,1.17731,1.17830,1351,0,0
2026-04-15 15:00:00,2026-04-15 13:00:00,1.17831,1.17845,1.17772,1.17785,1320,0,0
2026-04-15 15:15:00,2026-04-15 13:15:00,1.17786,1.17847,1.17782,1.17841,1028,0,0
2026-04-15 15:30:00,2026-04-15 13:30:00,1.17841,1.17884,1.17797,1.17812,1020,0,0
2026-04-15 15:45:00,2026-04-15 13:45:00,1.17813,1.17926,1.17790,1.17882,1279,0,0
2026-04-15 16:00:00,2026-04-15 14:00:00,1.17883,1.17911,1.17854,1.17874,1168,0,0
2026-04-15 16:15:00,2026-04-15 14:15:00,1.17874,1.17968,1.17864,1.17961,1163,0,0
2026-04-15 16:30:00,2026-04-15 14:30:00,1.17962,1.17974,1.17842,1.17849,1620,0,0
2026-04-15 16:45:00,2026-04-15 14:45:00,1.17847,1.17891,1.17840,1.17879,1438,0,0
2026-04-15 17:00:00,2026-04-15 15:00:00,1.17878,1.17923,1.17843,1.17912,1423,0,0
2026-04-15 17:15:00,2026-04-15 15:15:00,1.17912,1.17996,1.17905,1.17994,1416,0,0
2026-04-15 17:30:00,2026-04-15 15:30:00,1.17994,1.18003,1.17920,1.17961,1355,0,0
2026-04-15 17:45:00,2026-04-15 15:45:00,1.17960,1.17988,1.17939,1.17967,1292,0,0
2026-04-15 18:00:00,2026-04-15 16:00:00,1.17966,1.18026,1.17946,1.18016,1455,0,0
2026-04-15 18:15:00,2026-04-15 16:15:00,1.18015,1.18081,1.17991,1.18041,1301,0,0
2026-04-15 18:30:00,2026-04-15 16:30:00,1.18040,1.18040,1.17980,1.18010,1336,0,0
2026-04-15 18:45:00,2026-04-15 16:45:00,1.18010,1.18028,1.17982,1.17982,1024,0,0
2026-04-15 19:00:00,2026-04-15 17:00:00,1.17981,1.18022,1.17975,1.18019,745,0,0
2026-04-15 19:15:00,2026-04-15 17:15:00,1.18018,1.18026,1.17985,1.18003,984,0,0
2026-04-15 19:30:00,2026-04-15 17:30:00,1.18004,1.18025,1.17975,1.18010,875,0,0
2026-04-15 19:45:00,2026-04-15 17:45:00,1.18011,1.18022,1.17993,1.18009,912,0,0
2026-04-15 20:00:00,2026-04-15 18:00:00,1.18009,1.18022,1.17996,1.18001,753,0,0
2026-04-15 20:15:00,2026-04-15 18:15:00,1.18001,1.18016,1.17981,1.17994,683,0,0
2026-04-15 20:30:00,2026-04-15 18:30:00,1.17994,1.17996,1.17941,1.17950,1003,0,0
2026-04-15 20:45:00,2026-04-15 18:45:00,1.17951,1.17956,1.17926,1.17949,695,0,0
2026-04-15 21:00:00,2026-04-15 19:00:00,1.17948,1.18015,1.17936,1.18003,1269,0,0
2026-04-15 21:15:00,2026-04-15 19:15:00,1.18003,1.18020,1.17992,1.17998,856,0,0
2026-04-15 21:30:00,2026-04-15 19:30:00,1.17997,1.18001,1.17966,1.17975,558,0,0
2026-04-15 21:45:00,2026-04-15 19:45:00,1.17977,1.18017,1.17971,1.18005,783,0,0
2026-04-15 22:00:00,2026-04-15 20:00:00,1.18002,1.18049,1.17986,1.17997,841,0,0
2026-04-15 22:15:00,2026-04-15 20:15:00,1.17996,1.18015,1.17983,1.18010,673,0,0
2026-04-15 22:30:00,2026-04-15 20:30:00,1.18009,1.18033,1.18007,1.18017,490,0,0
2026-04-15 22:45:00,2026-04-15 20:45:00,1.18017,1.18029,1.17997,1.17999,733,0,0
2026-04-15 23:00:00,2026-04-15 21:00:00,1.17998,1.18001,1.17952,1.17985,598,0,0
2026-04-15 23:15:00,2026-04-15 21:15:00,1.17985,1.17987,1.17967,1.17977,451,0,0
2026-04-15 23:30:00,2026-04-15 21:30:00,1.17977,1.17980,1.17954,1.17974,401,0,0
2026-04-15 23:45:00,2026-04-15 21:45:00,1.17974,1.18008,1.17973,1.17993,356,0,0
2026-04-16 00:00:00,2026-04-15 22:00:00,1.17980,1.17997,1.17941,1.17972,109,21,0
2026-04-16 00:15:00,2026-04-15 22:15:00,1.17972,1.17984,1.17970,1.17977,141,22,0
2026-04-16 00:30:00,2026-04-15 22:30:00,1.17978,1.18021,1.17969,1.18008,332,12,0
2026-04-16 00:45:00,2026-04-15 22:45:00,1.18005,1.18009,1.17958,1.17965,352,26,0
2026-04-16 01:00:00,2026-04-15 23:00:00,1.17973,1.18032,1.17973,1.18022,372,0,0
2026-04-16 01:15:00,2026-04-15 23:15:00,1.18022,1.18023,1.17995,1.18013,330,0,0
2026-04-16 01:30:00,2026-04-15 23:30:00,1.18013,1.18020,1.18008,1.18015,326,0,0
2026-04-16 01:45:00,2026-04-15 23:45:00,1.18015,1.18032,1.18014,1.18025,290,0,0
2026-04-16 02:00:00,2026-04-16 00:00:00,1.18025,1.18047,1.18023,1.18040,360,0,0
2026-04-16 02:15:00,2026-04-16 00:15:00,1.18040,1.18049,1.18033,1.18039,332,0,0
2026-04-16 02:30:00,2026-04-16 00:30:00,1.18039,1.18069,1.18032,1.18068,314,0,0
2026-04-16 02:45:00,2026-04-16 00:45:00,1.18067,1.18079,1.18064,1.18067,290,0,0
2026-04-16 03:00:00,2026-04-16 01:00:00,1.18067,1.18086,1.18026,1.18037,642,0,0
2026-04-16 03:15:00,2026-04-16 01:15:00,1.18037,1.18067,1.18034,1.18048,592,0,0
2026-04-16 03:30:00,2026-04-16 01:30:00,1.18049,1.18057,1.18032,1.18039,435,0,0
2026-04-16 03:45:00,2026-04-16 01:45:00,1.18038,1.18076,1.18030,1.18074,632,0,0
2026-04-16 04:00:00,2026-04-16 02:00:00,1.18074,1.18095,1.18065,1.18071,647,0,0
2026-04-16 04:15:00,2026-04-16 02:15:00,1.18071,1.18074,1.18041,1.18041,657,0,0
2026-04-16 04:30:00,2026-04-16 02:30:00,1.18041,1.18062,1.17967,1.18009,793,0,0
2026-04-16 04:45:00,2026-04-16 02:45:00,1.18009,1.18038,1.18008,1.18025,752,0,0
2026-04-16 05:00:00,2026-04-16 03:00:00,1.18024,1.18059,1.18019,1.18024,608,0,0
2026-04-16 05:15:00,2026-04-16 03:15:00,1.18025,1.18046,1.18024,1.18039,430,0,0
2026-04-16 05:30:00,2026-04-16 03:30:00,1.18040,1.18175,1.18039,1.18164,824,0,0
2026-04-16 05:45:00,2026-04-16 03:45:00,1.18164,1.18177,1.18125,1.18171,687,0,0
2026-04-16 06:00:00,2026-04-16 04:00:00,1.18170,1.18240,1.18169,1.18188,980,0,0
2026-04-16 06:15:00,2026-04-16 04:15:00,1.18190,1.18196,1.18153,1.18156,548,0,0
2026-04-16 06:30:00,2026-04-16 04:30:00,1.18155,1.18162,1.18122,1.18141,539,0,0
2026-04-16 06:45:00,2026-04-16 04:45:00,1.18142,1.18161,1.18128,1.18130,471,0,0
2026-04-16 07:00:00,2026-04-16 05:00:00,1.18129,1.18131,1.18103,1.18114,448,0,0
2026-04-16 07:15:00,2026-04-16 05:15:00,1.18115,1.18132,1.18104,1.18110,412,0,0
2026-04-16 07:30:00,2026-04-16 05:30:00,1.18110,1.18119,1.18098,1.18104,371,0,0
2026-04-16 07:45:00,2026-04-16 05:45:00,1.18097,1.18106,1.18082,1.18095,454,0,0
2026-04-16 08:00:00,2026-04-16 06:00:00,1.18094,1.18101,1.18074,1.18080,538,0,0
2026-04-16 08:15:00,2026-04-16 06:15:00,1.18079,1.18085,1.18031,1.18045,646,0,0
2026-04-16 08:30:00,2026-04-16 06:30:00,1.18044,1.18088,1.18029,1.18041,730,0,0
2026-04-16 08:45:00,2026-04-16 06:45:00,1.18040,1.18079,1.18040,1.18044,641,0,0
2026-04-16 09:00:00,2026-04-16 07:00:00,1.18043,1.18070,1.18006,1.18015,968,0,0
2026-04-16 09:15:00,2026-04-16 07:15:00,1.18016,1.18021,1.17948,1.17973,959,0,0
2026-04-16 09:30:00,2026-04-16 07:30:00,1.17974,1.17988,1.17933,1.17985,889,0,0
2026-04-16 09:45:00,2026-04-16 07:45:00,1.17985,1.18055,1.17975,1.18032,948,0,0
2026-04-16 10:00:00,2026-04-16 08:00:00,1.18038,1.18048,1.17986,1.18010,1331,0,0
2026-04-16 10:15:00,2026-04-16 08:15:00,1.18011,1.18014,1.17943,1.17983,1136,0,0
2026-04-16 10:30:00,2026-04-16 08:30:00,1.17982,1.17982,1.17928,1.17965,1143,0,0
2026-04-16 10:45:00,2026-04-16 08:45:00,1.17964,1.17965,1.17909,1.17916,1270,0,0
2026-04-16 11:00:00,2026-04-16 09:00:00,1.17916,1.17941,1.17839,1.17845,1201,0,0
2026-04-16 11:15:00,2026-04-16 09:15:00,1.17844,1.17866,1.17763,1.17799,1295,0,0
2026-04-16 11:30:00,2026-04-16 09:30:00,1.17800,1.17845,1.17793,1.17837,1027,0,0
2026-04-16 11:45:00,2026-04-16 09:45:00,1.17836,1.17885,1.17835,1.17861,918,0,0
2026-04-16 12:00:00,2026-04-16 10:00:00,1.17862,1.17878,1.17812,1.17818,881,0,0
2026-04-16 12:15:00,2026-04-16 10:15:00,1.17818,1.17841,1.17780,1.17790,862,0,0
2026-04-16 12:30:00,2026-04-16 10:30:00,1.17790,1.17853,1.17768,1.17800,1017,0,0
2026-04-16 12:45:00,2026-04-16 10:45:00,1.17799,1.17825,1.17773,1.17796,968,0,0
2026-04-16 13:00:00,2026-04-16 11:00:00,1.17796,1.17805,1.17749,1.17802,914,0,0
2026-04-16 13:15:00,2026-04-16 11:15:00,1.17803,1.17803,1.17729,1.17732,760,0,0
2026-04-16 13:30:00,2026-04-16 11:30:00,1.17731,1.17781,1.17725,1.17777,703,0,0
2026-04-16 13:45:00,2026-04-16 11:45:00,1.17776,1.17802,1.17763,1.17798,708,0,0
2026-04-16 14:00:00,2026-04-16 12:00:00,1.17798,1.17883,1.17798,1.17860,951,0,0
2026-04-16 14:15:00,2026-04-16 12:15:00,1.17860,1.17887,1.17840,1.17860,741,0,0
2026-04-16 14:30:00,2026-04-16 12:30:00,1.17859,1.17873,1.17820,1.17844,884,0,0
2026-04-16 14:45:00,2026-04-16 12:45:00,1.17843,1.17858,1.17805,1.17840,1144,0,0
2026-04-16 15:00:00,2026-04-16 13:00:00,1.17840,1.17847,1.17779,1.17801,1252,0,0
2026-04-16 15:15:00,2026-04-16 13:15:00,1.17802,1.17827,1.17759,1.17813,954,0,0
2026-04-16 15:30:00,2026-04-16 13:30:00,1.17814,1.17838,1.17766,1.17838,1109,0,0
2026-04-16 15:45:00,2026-04-16 13:45:00,1.17838,1.17847,1.17814,1.17815,970,0,0
2026-04-16 16:00:00,2026-04-16 14:00:00,1.17815,1.17833,1.17780,1.17811,991,0,0
2026-04-16 16:15:00,2026-04-16 14:15:00,1.17811,1.17837,1.17804,1.17812,939,0,0
2026-04-16 16:30:00,2026-04-16 14:30:00,1.17812,1.17817,1.17754,1.17779,1553,0,0
2026-04-16 16:45:00,2026-04-16 14:45:00,1.17777,1.17800,1.17670,1.17723,1867,0,0
2026-04-16 17:00:00,2026-04-16 15:00:00,1.17724,1.17782,1.17690,1.17771,1586,0,0
2026-04-16 17:15:00,2026-04-16 15:15:00,1.17770,1.17787,1.17729,1.17784,1640,0,0
2026-04-16 17:30:00,2026-04-16 15:30:00,1.17785,1.17808,1.17748,1.17797,1459,0,0
2026-04-16 17:45:00,2026-04-16 15:45:00,1.17798,1.17822,1.17690,1.17717,1607,0,0
2026-04-16 18:00:00,2026-04-16 16:00:00,1.17715,1.17798,1.17699,1.17784,1417,0,0
2026-04-16 18:15:00,2026-04-16 16:15:00,1.17784,1.17805,1.17743,1.17748,1315,0,0
2026-04-16 18:30:00,2026-04-16 16:30:00,1.17747,1.17815,1.17738,1.17775,1675,0,0
2026-04-16 18:45:00,2026-04-16 16:45:00,1.17775,1.17822,1.17764,1.17821,1180,0,0
2026-04-16 19:00:00,2026-04-16 17:00:00,1.17821,1.17856,1.17796,1.17855,1022,0,0
2026-04-16 19:15:00,2026-04-16 17:15:00,1.17854,1.17872,1.17806,1.17809,983,0,0
2026-04-16 19:30:00,2026-04-16 17:30:00,1.17809,1.17813,1.17688,1.17747,1474,0,0
2026-04-16 19:45:00,2026-04-16 17:45:00,1.17746,1.17760,1.17704,1.17747,1152,0,0
2026-04-16 20:00:00,2026-04-16 18:00:00,1.17748,1.17756,1.17681,1.17684,1159,0,0
2026-04-16 20:15:00,2026-04-16 18:15:00,1.17684,1.17733,1.17684,1.17714,892,0,0
2026-04-16 20:30:00,2026-04-16 18:30:00,1.17715,1.17753,1.17713,1.17738,745,0,0
2026-04-16 20:45:00,2026-04-16 18:45:00,1.17739,1.17741,1.17710,1.17735,785,0,0
2026-04-16 21:00:00,2026-04-16 19:00:00,1.17735,1.17810,1.17732,1.17766,1173,0,0
2026-04-16 21:15:00,2026-04-16 19:15:00,1.17766,1.17785,1.17760,1.17782,910,0,0
2026-04-16 21:30:00,2026-04-16 19:30:00,1.17782,1.17810,1.17771,1.17781,817,0,0
2026-04-16 21:45:00,2026-04-16 19:45:00,1.17781,1.17809,1.17772,1.17797,648,0,0
2026-04-16 22:00:00,2026-04-16 20:00:00,1.17801,1.17831,1.17801,1.17811,668,0,0
2026-04-16 22:15:00,2026-04-16 20:15:00,1.17811,1.17847,1.17804,1.17833,631,0,0
2026-04-16 22:30:00,2026-04-16 20:30:00,1.17834,1.17858,1.17825,1.17825,546,0,0
2026-04-16 22:45:00,2026-04-16 20:45:00,1.17825,1.17834,1.17806,1.17811,827,0,0
2026-04-16 23:00:00,2026-04-16 21:00:00,1.17814,1.17826,1.17795,1.17816,467,0,0
2026-04-16 23:15:00,2026-04-16 21:15:00,1.17816,1.17819,1.17786,1.17807,436,0,0
2026-04-16 23:30:00,2026-04-16 21:30:00,1.17806,1.17834,1.17806,1.17825,246,0,0
2026-04-16 23:45:00,2026-04-16 21:45:00,1.17825,1.17833,1.17810,1.17821,252,0,0
2026-04-17 00:00:00,2026-04-16 22:00:00,1.17716,1.17788,1.17712,1.17785,95,45,0
2026-04-17 00:15:00,2026-04-16 22:15:00,1.17780,1.17797,1.17780,1.17784,62,45,0
2026-04-17 00:30:00,2026-04-16 22:30:00,1.17785,1.17789,1.17776,1.17782,57,56,0
2026-04-17 00:45:00,2026-04-16 22:45:00,1.17782,1.17783,1.17776,1.17778,54,49,0
2026-04-17 01:00:00,2026-04-16 23:00:00,1.17798,1.17876,1.17798,1.17860,607,0,0
2026-04-17 01:15:00,2026-04-16 23:15:00,1.17861,1.17862,1.17840,1.17859,322,0,0
2026-04-17 01:30:00,2026-04-16 23:30:00,1.17860,1.17860,1.17845,1.17854,300,0,0
2026-04-17 01:45:00,2026-04-16 23:45:00,1.17854,1.17857,1.17848,1.17852,317,0,0
2026-04-17 02:00:00,2026-04-17 00:00:00,1.17852,1.17856,1.17834,1.17845,341,0,0
2026-04-17 02:15:00,2026-04-17 00:15:00,1.17846,1.17865,1.17845,1.17857,305,0,0
2026-04-17 02:30:00,2026-04-17 00:30:00,1.17857,1.17859,1.17835,1.17836,293,0,0
2026-04-17 02:45:00,2026-04-17 00:45:00,1.17836,1.17837,1.17807,1.17811,409,0,0
2026-04-17 03:00:00,2026-04-17 01:00:00,1.17806,1.17807,1.17770,1.17783,782,0,0
2026-04-17 03:15:00,2026-04-17 01:15:00,1.17783,1.17821,1.17777,1.17811,603,0,0
2026-04-17 03:30:00,2026-04-17 01:30:00,1.17813,1.17831,1.17806,1.17821,502,0,0
2026-04-17 03:45:00,2026-04-17 01:45:00,1.17821,1.17829,1.17787,1.17791,685,0,0
2026-04-17 04:00:00,2026-04-17 02:00:00,1.17790,1.17799,1.17748,1.17772,864,0,0
2026-04-17 04:15:00,2026-04-17 02:15:00,1.17771,1.17785,1.17747,1.17755,600,0,0
2026-04-17 04:30:00,2026-04-17 02:30:00,1.17756,1.17775,1.17748,1.17768,535,0,0
2026-04-17 04:45:00,2026-04-17 02:45:00,1.17768,1.17780,1.17753,1.17760,512,0,0
2026-04-17 05:00:00,2026-04-17 03:00:00,1.17760,1.17766,1.17731,1.17744,462,0,0
2026-04-17 05:15:00,2026-04-17 03:15:00,1.17744,1.17763,1.17741,1.17756,346,0,0
2026-04-17 05:30:00,2026-04-17 03:30:00,1.17756,1.17773,1.17749,1.17759,422,0,0
2026-04-17 05:45:00,2026-04-17 03:45:00,1.17759,1.17779,1.17755,1.17772,375,0,0
2026-04-17 06:00:00,2026-04-17 04:00:00,1.17771,1.17792,1.17770,1.17776,403,0,0
2026-04-17 06:15:00,2026-04-17 04:15:00,1.17776,1.17778,1.17753,1.17760,420,0,0
2026-04-17 06:30:00,2026-04-17 04:30:00,1.17759,1.17812,1.17757,1.17803,364,0,0
2026-04-17 06:45:00,2026-04-17 04:45:00,1.17803,1.17854,1.17803,1.17833,349,0,0
2026-04-17 07:00:00,2026-04-17 05:00:00,1.17832,1.17842,1.17826,1.17836,302,0,0
2026-04-17 07:15:00,2026-04-17 05:15:00,1.17836,1.17839,1.17816,1.17827,435,0,0
2026-04-17 07:30:00,2026-04-17 05:30:00,1.17826,1.17839,1.17813,1.17831,336,0,0
2026-04-17 07:45:00,2026-04-17 05:45:00,1.17831,1.17844,1.17821,1.17827,394,0,0
2026-04-17 08:00:00,2026-04-17 06:00:00,1.17826,1.17833,1.17798,1.17821,605,0,0
2026-04-17 08:15:00,2026-04-17 06:15:00,1.17820,1.17846,1.17815,1.17843,512,0,0
2026-04-17 08:30:00,2026-04-17 06:30:00,1.17843,1.17845,1.17806,1.17819,562,0,0
2026-04-17 08:45:00,2026-04-17 06:45:00,1.17820,1.17835,1.17807,1.17807,577,0,0
2026-04-17 09:00:00,2026-04-17 07:00:00,1.17807,1.17832,1.17772,1.17782,968,0,0
2026-04-17 09:15:00,2026-04-17 07:15:00,1.17781,1.17788,1.17749,1.17753,787,0,0
2026-04-17 09:30:00,2026-04-17 07:30:00,1.17752,1.17760,1.17723,1.17733,904,0,0
2026-04-17 09:45:00,2026-04-17 07:45:00,1.17733,1.17783,1.17730,1.17749,811,0,0
2026-04-17 10:00:00,2026-04-17 08:00:00,1.17750,1.17803,1.17750,1.17780,1147,0,0
2026-04-17 10:15:00,2026-04-17 08:15:00,1.17779,1.17818,1.17750,1.17802,946,0,0
2026-04-17 10:30:00,2026-04-17 08:30:00,1.17802,1.17813,1.17769,1.17801,806,0,0
2026-04-17 10:45:00,2026-04-17 08:45:00,1.17801,1.17831,1.17796,1.17824,991,0,0
2026-04-17 11:00:00,2026-04-17 09:00:00,1.17826,1.17843,1.17812,1.17826,887,0,0
2026-04-17 11:15:00,2026-04-17 09:15:00,1.17828,1.17840,1.17808,1.17838,787,0,0
2026-04-17 11:30:00,2026-04-17 09:30:00,1.17838,1.17915,1.17826,1.17914,848,0,0
2026-04-17 11:45:00,2026-04-17 09:45:00,1.17913,1.17957,1.17899,1.17938,922,0,0
2026-04-17 12:00:00,2026-04-17 10:00:00,1.17937,1.17965,1.17911,1.17916,956,0,0
2026-04-17 12:15:00,2026-04-17 10:15:00,1.17916,1.17994,1.17915,1.17985,838,0,0
2026-04-17 12:30:00,2026-04-17 10:30:00,1.17986,1.17987,1.17934,1.17939,857,0,0
2026-04-17 12:45:00,2026-04-17 10:45:00,1.17940,1.17948,1.17910,1.17934,938,0,0
2026-04-17 13:00:00,2026-04-17 11:00:00,1.17934,1.17945,1.17911,1.17944,807,0,0
2026-04-17 13:15:00,2026-04-17 11:15:00,1.17943,1.17960,1.17938,1.17940,699,0,0
2026-04-17 13:30:00,2026-04-17 11:30:00,1.17940,1.17960,1.17919,1.17937,592,0,0
2026-04-17 13:45:00,2026-04-17 11:45:00,1.17936,1.17959,1.17925,1.17945,738,0,0
2026-04-17 14:00:00,2026-04-17 12:00:00,1.17945,1.17969,1.17921,1.17960,653,0,0
2026-04-17 14:15:00,2026-04-17 12:15:00,1.17959,1.17988,1.17953,1.17972,748,0,0
2026-04-17 14:30:00,2026-04-17 12:30:00,1.17973,1.17980,1.17947,1.17977,680,0,0
2026-04-17 14:45:00,2026-04-17 12:45:00,1.17979,1.17996,1.17920,1.17938,924,0,0
2026-04-17 15:00:00,2026-04-17 13:00:00,1.17938,1.18006,1.17934,1.17985,1008,0,0
2026-04-17 15:15:00,2026-04-17 13:15:00,1.17985,1.18089,1.17968,1.18048,1379,0,0
2026-04-17 15:30:00,2026-04-17 13:30:00,1.18051,1.18131,1.18039,1.18066,1512,0,0
2026-04-17 15:45:00,2026-04-17 13:45:00,1.18066,1.18375,1.18064,1.18353,2927,0,0
2026-04-17 16:00:00,2026-04-17 14:00:00,1.18361,1.18492,1.18305,1.18471,2536,0,0
2026-04-17 16:15:00,2026-04-17 14:15:00,1.18471,1.18471,1.18301,1.18344,2433,0,0
2026-04-17 16:30:00,2026-04-17 14:30:00,1.18344,1.18433,1.18308,1.18355,2508,0,0
2026-04-17 16:45:00,2026-04-17 14:45:00,1.18355,1.18375,1.18243,1.18335,2362,0,0
2026-04-17 17:00:00,2026-04-17 15:00:00,1.18336,1.18358,1.18196,1.18212,1881,0,0
2026-04-17 17:15:00,2026-04-17 15:15:00,1.18209,1.18325,1.18203,1.18263,1792,0,0
2026-04-17 17:30:00,2026-04-17 15:30:00,1.18266,1.18322,1.18177,1.18254,1973,0,0
2026-04-17 17:45:00,2026-04-17 15:45:00,1.18254,1.18269,1.18133,1.18136,2038,0,0
2026-04-17 18:00:00,2026-04-17 16:00:00,1.18136,1.18165,1.18080,1.18113,2032,0,0
2026-04-17 18:15:00,2026-04-17 16:15:00,1.18115,1.18143,1.18002,1.18040,1756,0,0
2026-04-17 18:30:00,2026-04-17 16:30:00,1.18041,1.18104,1.17997,1.18011,1683,0,0
2026-04-17 18:45:00,2026-04-17 16:45:00,1.18012,1.18068,1.18001,1.18008,1505,0,0
2026-04-17 19:00:00,2026-04-17 17:00:00,1.18007,1.18007,1.17920,1.17996,1561,0,0
2026-04-17 19:15:00,2026-04-17 17:15:00,1.17995,1.18047,1.17983,1.17985,1087,0,0
2026-04-17 19:30:00,2026-04-17 17:30:00,1.17986,1.18014,1.17979,1.18012,793,0,0
2026-04-17 19:45:00,2026-04-17 17:45:00,1.18011,1.18022,1.17980,1.17990,889,0,0
2026-04-17 20:00:00,2026-04-17 18:00:00,1.17989,1.17989,1.17848,1.17896,1658,0,0
2026-04-17 20:15:00,2026-04-17 18:15:00,1.17897,1.17958,1.17867,1.17894,1564,0,0
2026-04-17 20:30:00,2026-04-17 18:30:00,1.17895,1.17924,1.17885,1.17892,1160,0,0
2026-04-17 20:45:00,2026-04-17 18:45:00,1.17892,1.17961,1.17890,1.17954,858,0,0
2026-04-17 21:00:00,2026-04-17 19:00:00,1.17956,1.17961,1.17893,1.17896,808,0,0
2026-04-17 21:15:00,2026-04-17 19:15:00,1.17899,1.17977,1.17897,1.17915,1143,0,0
2026-04-17 21:30:00,2026-04-17 19:30:00,1.17914,1.17936,1.17844,1.17867,1172,0,0
2026-04-17 21:45:00,2026-04-17 19:45:00,1.17867,1.17872,1.17741,1.17799,1529,0,0
2026-04-17 22:00:00,2026-04-17 20:00:00,1.17800,1.17837,1.17781,1.17829,1019,0,0
2026-04-17 22:15:00,2026-04-17 20:15:00,1.17830,1.17838,1.17752,1.17756,916,0,0
2026-04-17 22:30:00,2026-04-17 20:30:00,1.17756,1.17766,1.17689,1.17709,943,0,0
2026-04-17 22:45:00,2026-04-17 20:45:00,1.17708,1.17719,1.17671,1.17691,1018,0,0
2026-04-17 23:00:00,2026-04-17 21:00:00,1.17690,1.17716,1.17666,1.17712,644,0,0
2026-04-17 23:15:00,2026-04-17 21:15:00,1.17713,1.17719,1.17645,1.17645,657,0,0
2026-04-17 23:30:00,2026-04-17 21:30:00,1.17645,1.17692,1.17643,1.17663,629,0,0
2026-04-17 23:45:00,2026-04-17 21:45:00,1.17661,1.17675,1.17601,1.17630,485,0,0
2026-04-20 00:00:00,2026-04-19 22:00:00,1.17351,1.17414,1.17351,1.17368,239,38,0
2026-04-20 00:15:00,2026-04-19 22:15:00,1.17369,1.17393,1.17366,1.17389,188,38,0
2026-04-20 00:30:00,2026-04-19 22:30:00,1.17388,1.17388,1.17289,1.17304,280,38,0
2026-04-20 00:45:00,2026-04-19 22:45:00,1.17309,1.17337,1.17288,1.17289,252,38,0
2026-04-20 01:00:00,2026-04-19 23:00:00,1.17301,1.17397,1.17295,1.17351,1258,0,0
2026-04-20 01:15:00,2026-04-19 23:15:00,1.17349,1.17371,1.17293,1.17316,1063,0,0
2026-04-20 01:30:00,2026-04-19 23:30:00,1.17316,1.17380,1.17315,1.17373,1011,0,0
2026-04-20 01:45:00,2026-04-19 23:45:00,1.17372,1.17401,1.17372,1.17398,559,0,0
2026-04-20 02:00:00,2026-04-20 00:00:00,1.17398,1.17445,1.17398,1.17444,666,0,0
2026-04-20 02:15:00,2026-04-20 00:15:00,1.17444,1.17455,1.17417,1.17418,640,0,0
2026-04-20 02:30:00,2026-04-20 00:30:00,1.17418,1.17455,1.17389,1.17404,720,0,0
2026-04-20 02:45:00,2026-04-20 00:45:00,1.17409,1.17410,1.17364,1.17388,904,0,0
2026-04-20 03:00:00,2026-04-20 01:00:00,1.17388,1.17512,1.17371,1.17490,1252,0,0
2026-04-20 03:15:00,2026-04-20 01:15:00,1.17490,1.17549,1.17488,1.17546,997,0,0
2026-04-20 03:30:00,2026-04-20 01:30:00,1.17546,1.17570,1.17533,1.17563,823,0,0
2026-04-20 03:45:00,2026-04-20 01:45:00,1.17563,1.17570,1.17525,1.17544,872,0,0
2026-04-20 04:00:00,2026-04-20 02:00:00,1.17544,1.17568,1.17527,1.17537,1202,0,0
2026-04-20 04:15:00,2026-04-20 02:15:00,1.17539,1.17540,1.17505,1.17515,940,0,0
2026-04-20 04:30:00,2026-04-20 02:30:00,1.17515,1.17596,1.17514,1.17578,941,0,0
2026-04-20 04:45:00,2026-04-20 02:45:00,1.17577,1.17600,1.17566,1.17569,712,0,0
2026-04-20 05:00:00,2026-04-20 03:00:00,1.17570,1.17591,1.17558,1.17583,702,0,0
2026-04-20 05:15:00,2026-04-20 03:15:00,1.17582,1.17603,1.17578,1.17603,483,0,0
2026-04-20 05:30:00,2026-04-20 03:30:00,1.17608,1.17618,1.17576,1.17582,519,0,0
2026-04-20 05:45:00,2026-04-20 03:45:00,1.17582,1.17588,1.17546,1.17569,500,0,0
2026-04-20 06:00:00,2026-04-20 04:00:00,1.17569,1.17577,1.17547,1.17565,491,0,0
2026-04-20 06:15:00,2026-04-20 04:15:00,1.17565,1.17597,1.17555,1.17593,428,0,0
2026-04-20 06:30:00,2026-04-20 04:30:00,1.17593,1.17626,1.17588,1.17611,515,0,0
2026-04-20 06:45:00,2026-04-20 04:45:00,1.17611,1.17616,1.17595,1.17602,415,0,0
2026-04-20 07:00:00,2026-04-20 05:00:00,1.17601,1.17621,1.17594,1.17604,452,0,0
2026-04-20 07:15:00,2026-04-20 05:15:00,1.17603,1.17605,1.17572,1.17582,509,0,0
2026-04-20 07:30:00,2026-04-20 05:30:00,1.17582,1.17587,1.17562,1.17583,406,0,0
2026-04-20 07:45:00,2026-04-20 05:45:00,1.17581,1.17611,1.17579,1.17592,406,0,0
2026-04-20 08:00:00,2026-04-20 06:00:00,1.17590,1.17610,1.17572,1.17576,485,0,0
2026-04-20 08:15:00,2026-04-20 06:15:00,1.17576,1.17590,1.17539,1.17543,641,0,0
2026-04-20 08:30:00,2026-04-20 06:30:00,1.17540,1.17548,1.17471,1.17474,921,0,0
2026-04-20 08:45:00,2026-04-20 06:45:00,1.17474,1.17548,1.17473,1.17533,791,0,0
2026-04-20 09:00:00,2026-04-20 07:00:00,1.17533,1.17545,1.17502,1.17508,1313,0,0
2026-04-20 09:15:00,2026-04-20 07:15:00,1.17508,1.17514,1.17475,1.17503,974,0,0
2026-04-20 09:30:00,2026-04-20 07:30:00,1.17502,1.17625,1.17502,1.17623,1402,0,0
2026-04-20 09:45:00,2026-04-20 07:45:00,1.17623,1.17656,1.17574,1.17652,1467,0,0
2026-04-20 10:00:00,2026-04-20 08:00:00,1.17666,1.17683,1.17622,1.17673,1571,0,0
2026-04-20 10:15:00,2026-04-20 08:15:00,1.17673,1.17720,1.17647,1.17664,1235,0,0
2026-04-20 10:30:00,2026-04-20 08:30:00,1.17663,1.17668,1.17604,1.17624,1442,0,0
2026-04-20 10:45:00,2026-04-20 08:45:00,1.17624,1.17625,1.17536,1.17595,1232,0,0
2026-04-20 11:00:00,2026-04-20 09:00:00,1.17594,1.17636,1.17568,1.17609,1190,0,0
2026-04-20 11:15:00,2026-04-20 09:15:00,1.17610,1.17623,1.17573,1.17616,1195,0,0
2026-04-20 11:30:00,2026-04-20 09:30:00,1.17616,1.17628,1.17594,1.17620,984,0,0
2026-04-20 11:45:00,2026-04-20 09:45:00,1.17620,1.17647,1.17583,1.17611,1088,0,0
2026-04-20 12:00:00,2026-04-20 10:00:00,1.17611,1.17650,1.17607,1.17632,1084,0,0
2026-04-20 12:15:00,2026-04-20 10:15:00,1.17632,1.17635,1.17553,1.17557,1087,0,0
2026-04-20 12:30:00,2026-04-20 10:30:00,1.17557,1.17626,1.17557,1.17617,812,0,0
2026-04-20 12:45:00,2026-04-20 10:45:00,1.17616,1.17656,1.17606,1.17655,813,0,0
2026-04-20 13:00:00,2026-04-20 11:00:00,1.17655,1.17692,1.17644,1.17661,891,0,0
2026-04-20 13:15:00,2026-04-20 11:15:00,1.17660,1.17677,1.17624,1.17641,926,0,0
2026-04-20 13:30:00,2026-04-20 11:30:00,1.17642,1.17679,1.17635,1.17665,626,0,0
2026-04-20 13:45:00,2026-04-20 11:45:00,1.17665,1.17713,1.17652,1.17707,762,0,0
2026-04-20 14:00:00,2026-04-20 12:00:00,1.17708,1.17730,1.17686,1.17730,836,0,0
2026-04-20 14:15:00,2026-04-20 12:15:00,1.17731,1.17748,1.17720,1.17726,706,0,0
2026-04-20 14:30:00,2026-04-20 12:30:00,1.17725,1.17740,1.17695,1.17716,947,0,0
2026-04-20 14:45:00,2026-04-20 12:45:00,1.17717,1.17756,1.17651,1.17671,1270,0,0
2026-04-20 15:00:00,2026-04-20 13:00:00,1.17670,1.17681,1.17557,1.17576,1310,0,0
2026-04-20 15:15:00,2026-04-20 13:15:00,1.17579,1.17615,1.17560,1.17580,980,0,0
2026-04-20 15:30:00,2026-04-20 13:30:00,1.17580,1.17648,1.17577,1.17642,957,0,0
2026-04-20 15:45:00,2026-04-20 13:45:00,1.17641,1.17677,1.17613,1.17650,1067,0,0
2026-04-20 16:00:00,2026-04-20 14:00:00,1.17650,1.17716,1.17610,1.17676,1622,0,0
2026-04-20 16:15:00,2026-04-20 14:15:00,1.17676,1.17743,1.17656,1.17732,1428,0,0
2026-04-20 16:30:00,2026-04-20 14:30:00,1.17732,1.17813,1.17705,1.17813,1726,0,0
2026-04-20 16:45:00,2026-04-20 14:45:00,1.17813,1.17819,1.17739,1.17752,1737,0,0
2026-04-20 17:00:00,2026-04-20 15:00:00,1.17752,1.17752,1.17668,1.17711,1559,0,0
2026-04-20 17:15:00,2026-04-20 15:15:00,1.17710,1.17759,1.17704,1.17756,1470,0,0
2026-04-20 17:30:00,2026-04-20 15:30:00,1.17755,1.17773,1.17716,1.17765,1516,0,0
2026-04-20 17:45:00,2026-04-20 15:45:00,1.17765,1.17782,1.17626,1.17722,2029,0,0
2026-04-20 18:00:00,2026-04-20 16:00:00,1.17721,1.17747,1.17684,1.17746,1677,0,0
2026-04-20 18:15:00,2026-04-20 16:15:00,1.17747,1.17868,1.17722,1.17854,2037,0,0
2026-04-20 18:30:00,2026-04-20 16:30:00,1.17853,1.17895,1.17816,1.17857,1668,0,0
2026-04-20 18:45:00,2026-04-20 16:45:00,1.17856,1.17863,1.17821,1.17840,1258,0,0
2026-04-20 19:00:00,2026-04-20 17:00:00,1.17842,1.17877,1.17838,1.17861,1118,0,0
2026-04-20 19:15:00,2026-04-20 17:15:00,1.17860,1.17882,1.17841,1.17867,933,0,0
2026-04-20 19:30:00,2026-04-20 17:30:00,1.17867,1.17872,1.17820,1.17851,865,0,0
2026-04-20 19:45:00,2026-04-20 17:45:00,1.17850,1.17866,1.17830,1.17857,824,0,0
2026-04-20 20:00:00,2026-04-20 18:00:00,1.17857,1.17902,1.17854,1.17872,844,0,0
2026-04-20 20:15:00,2026-04-20 18:15:00,1.17872,1.17877,1.17823,1.17825,723,0,0
2026-04-20 20:30:00,2026-04-20 18:30:00,1.17826,1.17858,1.17814,1.17838,938,0,0
2026-04-20 20:45:00,2026-04-20 18:45:00,1.17839,1.17842,1.17820,1.17837,681,0,0
2026-04-20 21:00:00,2026-04-20 19:00:00,1.17837,1.17892,1.17832,1.17889,951,0,0
2026-04-20 21:15:00,2026-04-20 19:15:00,1.17890,1.17898,1.17836,1.17852,1042,0,0
2026-04-20 21:30:00,2026-04-20 19:30:00,1.17848,1.17858,1.17809,1.17822,859,0,0
2026-04-20 21:45:00,2026-04-20 19:45:00,1.17822,1.17831,1.17787,1.17804,740,0,0
2026-04-20 22:00:00,2026-04-20 20:00:00,1.17803,1.17878,1.17798,1.17876,582,0,0
2026-04-20 22:15:00,2026-04-20 20:15:00,1.17875,1.17882,1.17846,1.17862,491,0,0
2026-04-20 22:30:00,2026-04-20 20:30:00,1.17862,1.17888,1.17856,1.17873,574,0,0
2026-04-20 22:45:00,2026-04-20 20:45:00,1.17872,1.17879,1.17854,1.17859,744,0,0
2026-04-20 23:00:00,2026-04-20 21:00:00,1.17859,1.17888,1.17849,1.17871,544,0,0
2026-04-20 23:15:00,2026-04-20 21:15:00,1.17871,1.17872,1.17848,1.17859,319,0,0
2026-04-20 23:30:00,2026-04-20 21:30:00,1.17858,1.17868,1.17835,1.17856,633,0,0
2026-04-20 23:45:00,2026-04-20 21:45:00,1.17855,1.17880,1.17852,1.17868,392,0,0
2026-04-21 00:00:00,2026-04-20 22:00:00,1.17826,1.17845,1.17812,1.17844,53,49,0
2026-04-21 00:15:00,2026-04-20 22:15:00,1.17844,1.17850,1.17833,1.17850,77,39,0
2026-04-21 00:30:00,2026-04-20 22:30:00,1.17850,1.17856,1.17843,1.17851,104,32,0
2026-04-21 00:45:00,2026-04-20 22:45:00,1.17851,1.17858,1.17827,1.17850,195,30,0
2026-04-21 01:00:00,2026-04-20 23:00:00,1.17852,1.17889,1.17852,1.17864,375,0,0
2026-04-21 01:15:00,2026-04-20 23:15:00,1.17864,1.17872,1.17861,1.17866,166,0,0
2026-04-21 01:30:00,2026-04-20 23:30:00,1.17866,1.17874,1.17855,1.17864,394,0,0
2026-04-21 01:45:00,2026-04-20 23:45:00,1.17863,1.17906,1.17863,1.17904,564,0,0
2026-04-21 02:00:00,2026-04-21 00:00:00,1.17904,1.17911,1.17859,1.17861,336,0,0
2026-04-21 02:15:00,2026-04-21 00:15:00,1.17862,1.17862,1.17847,1.17852,180,0,0
2026-04-21 02:30:00,2026-04-21 00:30:00,1.17852,1.17854,1.17831,1.17854,232,0,0
2026-04-21 02:45:00,2026-04-21 00:45:00,1.17853,1.17854,1.17835,1.17842,293,0,0
2026-04-21 03:00:00,2026-04-21 01:00:00,1.17844,1.17850,1.17816,1.17840,705,0,0
2026-04-21 03:15:00,2026-04-21 01:15:00,1.17840,1.17856,1.17821,1.17824,698,0,0
2026-04-21 03:30:00,2026-04-21 01:30:00,1.17823,1.17847,1.17806,1.17842,662,0,0
2026-04-21 03:45:00,2026-04-21 01:45:00,1.17843,1.17856,1.17815,1.17828,932,0,0
2026-04-21 04:00:00,2026-04-21 02:00:00,1.17829,1.17840,1.17817,1.17821,775,0,0
2026-04-21 04:15:00,2026-04-21 02:15:00,1.17821,1.17861,1.17820,1.17851,650,0,0
2026-04-21 04:30:00,2026-04-21 02:30:00,1.17852,1.17857,1.17828,1.17836,588,0,0
2026-04-21 04:45:00,2026-04-21 02:45:00,1.17837,1.17840,1.17796,1.17805,606,0,0
2026-04-21 05:00:00,2026-04-21 03:00:00,1.17806,1.17822,1.17790,1.17820,522,0,0
2026-04-21 05:15:00,2026-04-21 03:15:00,1.17821,1.17822,1.17776,1.17800,466,0,0
2026-04-21 05:30:00,2026-04-21 03:30:00,1.17799,1.17800,1.17770,1.17783,636,0,0
2026-04-21 05:45:00,2026-04-21 03:45:00,1.17784,1.17801,1.17777,1.17793,536,0,0
2026-04-21 06:00:00,2026-04-21 04:00:00,1.17793,1.17797,1.17765,1.17776,501,0,0
2026-04-21 06:15:00,2026-04-21 04:15:00,1.17777,1.17779,1.17744,1.17768,474,0,0
2026-04-21 06:30:00,2026-04-21 04:30:00,1.17768,1.17770,1.17732,1.17737,454,0,0
2026-04-21 06:45:00,2026-04-21 04:45:00,1.17737,1.17767,1.17737,1.17756,417,0,0
2026-04-21 07:00:00,2026-04-21 05:00:00,1.17755,1.17767,1.17742,1.17745,357,0,0
2026-04-21 07:15:00,2026-04-21 05:15:00,1.17745,1.17762,1.17741,1.17762,325,0,0
2026-04-21 07:30:00,2026-04-21 05:30:00,1.17760,1.17767,1.17747,1.17756,278,0,0
2026-04-21 07:45:00,2026-04-21 05:45:00,1.17757,1.17767,1.17749,1.17754,376,0,0
2026-04-21 08:00:00,2026-04-21 06:00:00,1.17755,1.17801,1.17751,1.17792,641,0,0
2026-04-21 08:15:00,2026-04-21 06:15:00,1.17791,1.17823,1.17791,1.17814,697,0,0
2026-04-21 08:30:00,2026-04-21 06:30:00,1.17813,1.17823,1.17802,1.17803,689,0,0
2026-04-21 08:45:00,2026-04-21 06:45:00,1.17803,1.17808,1.17782,1.17783,649,0,0
2026-04-21 09:00:00,2026-04-21 07:00:00,1.17782,1.17803,1.17721,1.17766,1272,0,0
2026-04-21 09:15:00,2026-04-21 07:15:00,1.17766,1.17767,1.17722,1.17746,738,0,0
2026-04-21 09:30:00,2026-04-21 07:30:00,1.17749,1.17766,1.17719,1.17757,839,0,0
2026-04-21 09:45:00,2026-04-21 07:45:00,1.17757,1.17768,1.17721,1.17746,822,0,0
2026-04-21 10:00:00,2026-04-21 08:00:00,1.17746,1.17770,1.17716,1.17739,1182,0,0
2026-04-21 10:15:00,2026-04-21 08:15:00,1.17740,1.17768,1.17728,1.17749,866,0,0
2026-04-21 10:30:00,2026-04-21 08:30:00,1.17748,1.17752,1.17708,1.17718,831,0,0
2026-04-21 10:45:00,2026-04-21 08:45:00,1.17718,1.17742,1.17634,1.17642,1266,0,0
2026-04-21 11:00:00,2026-04-21 09:00:00,1.17641,1.17662,1.17569,1.17576,1502,0,0
2026-04-21 11:15:00,2026-04-21 09:15:00,1.17574,1.17657,1.17573,1.17633,1089,0,0
2026-04-21 11:30:00,2026-04-21 09:30:00,1.17635,1.17671,1.17615,1.17659,1017,0,0
2026-04-21 11:45:00,2026-04-21 09:45:00,1.17659,1.17664,1.17622,1.17652,814,0,0
2026-04-21 12:00:00,2026-04-21 10:00:00,1.17653,1.17653,1.17579,1.17589,1071,0,0
2026-04-21 12:15:00,2026-04-21 10:15:00,1.17589,1.17624,1.17569,1.17578,848,0,0
2026-04-21 12:30:00,2026-04-21 10:30:00,1.17578,1.17606,1.17572,1.17599,734,0,0
2026-04-21 12:45:00,2026-04-21 10:45:00,1.17599,1.17627,1.17564,1.17596,940,0,0
2026-04-21 13:00:00,2026-04-21 11:00:00,1.17596,1.17616,1.17580,1.17591,742,0,0
2026-04-21 13:15:00,2026-04-21 11:15:00,1.17590,1.17596,1.17564,1.17579,719,0,0
2026-04-21 13:30:00,2026-04-21 11:30:00,1.17578,1.17610,1.17575,1.17598,570,0,0
2026-04-21 13:45:00,2026-04-21 11:45:00,1.17597,1.17615,1.17588,1.17610,725,0,0
2026-04-21 14:00:00,2026-04-21 12:00:00,1.17610,1.17631,1.17560,1.17586,1055,0,0
2026-04-21 14:15:00,2026-04-21 12:15:00,1.17586,1.17664,1.17576,1.17664,1002,0,0
2026-04-21 14:30:00,2026-04-21 12:30:00,1.17665,1.17685,1.17641,1.17646,1010,0,0
2026-04-21 14:45:00,2026-04-21 12:45:00,1.17646,1.17677,1.17643,1.17672,797,0,0
2026-04-21 15:00:00,2026-04-21 13:00:00,1.17672,1.17683,1.17651,1.17681,931,0,0
2026-04-21 15:15:00,2026-04-21 13:15:00,1.17682,1.17683,1.17601,1.17603,1047,0,0
2026-04-21 15:30:00,2026-04-21 13:30:00,1.17604,1.17640,1.17543,1.17581,1552,0,0
2026-04-21 15:45:00,2026-04-21 13:45:00,1.17584,1.17612,1.17560,1.17592,1196,0,0
2026-04-21 16:00:00,2026-04-21 14:00:00,1.17593,1.17635,1.17579,1.17622,1077,0,0
2026-04-21 16:15:00,2026-04-21 14:15:00,1.17622,1.17675,1.17611,1.17670,1008,0,0
2026-04-21 16:30:00,2026-04-21 14:30:00,1.17671,1.17714,1.17658,1.17676,1388,0,0
2026-04-21 16:45:00,2026-04-21 14:45:00,1.17676,1.17703,1.17651,1.17657,1223,0,0
2026-04-21 17:00:00,2026-04-21 15:00:00,1.17656,1.17694,1.17651,1.17682,1099,0,0
2026-04-21 17:15:00,2026-04-21 15:15:00,1.17682,1.17705,1.17640,1.17657,1284,0,0
2026-04-21 17:30:00,2026-04-21 15:30:00,1.17657,1.17761,1.17637,1.17714,1471,0,0
2026-04-21 17:45:00,2026-04-21 15:45:00,1.17713,1.17713,1.17518,1.17524,2053,0,0
2026-04-21 18:00:00,2026-04-21 16:00:00,1.17526,1.17594,1.17484,1.17580,1795,0,0
2026-04-21 18:15:00,2026-04-21 16:15:00,1.17579,1.17598,1.17467,1.17470,1665,0,0
2026-04-21 18:30:00,2026-04-21 16:30:00,1.17467,1.17494,1.17411,1.17476,1579,0,0
2026-04-21 18:45:00,2026-04-21 16:45:00,1.17477,1.17520,1.17468,1.17515,1202,0,0
2026-04-21 19:00:00,2026-04-21 17:00:00,1.17516,1.17557,1.17516,1.17525,1272,0,0
2026-04-21 19:15:00,2026-04-21 17:15:00,1.17525,1.17529,1.17451,1.17457,1237,0,0
2026-04-21 19:30:00,2026-04-21 17:30:00,1.17456,1.17485,1.17427,1.17435,1172,0,0
2026-04-21 19:45:00,2026-04-21 17:45:00,1.17435,1.17449,1.17405,1.17416,940,0,0
2026-04-21 20:00:00,2026-04-21 18:00:00,1.17415,1.17423,1.17225,1.17253,1840,0,0
2026-04-21 20:15:00,2026-04-21 18:15:00,1.17256,1.17325,1.17203,1.17323,1528,0,0
2026-04-21 20:30:00,2026-04-21 18:30:00,1.17323,1.17636,1.17322,1.17589,2006,0,0
2026-04-21 20:45:00,2026-04-21 18:45:00,1.17586,1.17593,1.17396,1.17429,1684,0,0
2026-04-21 21:00:00,2026-04-21 19:00:00,1.17429,1.17473,1.17380,1.17383,1438,0,0
2026-04-21 21:15:00,2026-04-21 19:15:00,1.17383,1.17410,1.17294,1.17320,1612,0,0
2026-04-21 21:30:00,2026-04-21 19:30:00,1.17323,1.17374,1.17319,1.17331,1004,0,0
2026-04-21 21:45:00,2026-04-21 19:45:00,1.17331,1.17436,1.17323,1.17407,1256,0,0
2026-04-21 22:00:00,2026-04-21 20:00:00,1.17410,1.17526,1.17406,1.17470,1384,0,0
2026-04-21 22:15:00,2026-04-21 20:15:00,1.17474,1.17513,1.17431,1.17500,1672,0,0
2026-04-21 22:30:00,2026-04-21 20:30:00,1.17499,1.17502,1.17190,1.17242,1942,0,0
2026-04-21 22:45:00,2026-04-21 20:45:00,1.17242,1.17314,1.17229,1.17256,2107,0,0
2026-04-21 23:00:00,2026-04-21 21:00:00,1.17256,1.17532,1.17234,1.17451,1876,0,0
2026-04-21 23:15:00,2026-04-21 21:15:00,1.17455,1.17525,1.17420,1.17486,1515,0,0
2026-04-21 23:30:00,2026-04-21 21:30:00,1.17486,1.17495,1.17440,1.17444,1068,0,0
2026-04-21 23:45:00,2026-04-21 21:45:00,1.17445,1.17445,1.17407,1.17434,720,0,0
2026-04-22 00:00:00,2026-04-21 22:00:00,1.17415,1.17499,1.17414,1.17428,165,12,0
2026-04-22 00:15:00,2026-04-21 22:15:00,1.17427,1.17427,1.17319,1.17333,276,18,0
2026-04-22 00:30:00,2026-04-21 22:30:00,1.17335,1.17440,1.17334,1.17426,217,18,0
2026-04-22 00:45:00,2026-04-21 22:45:00,1.17426,1.17426,1.17365,1.17397,242,16,0
2026-04-22 01:00:00,2026-04-21 23:00:00,1.17402,1.17439,1.17395,1.17405,351,0,0
2026-04-22 01:15:00,2026-04-21 23:15:00,1.17404,1.17414,1.17386,1.17389,405,0,0
2026-04-22 01:30:00,2026-04-21 23:30:00,1.17390,1.17409,1.17388,1.17393,408,0,0
2026-04-22 01:45:00,2026-04-21 23:45:00,1.17394,1.17397,1.17387,1.17389,277,0,0
2026-04-22 02:00:00,2026-04-22 00:00:00,1.17389,1.17396,1.17375,1.17388,322,0,0
2026-04-22 02:15:00,2026-04-22 00:15:00,1.17388,1.17416,1.17382,1.17409,356,0,0
2026-04-22 02:30:00,2026-04-22 00:30:00,1.17410,1.17421,1.17400,1.17406,270,0,0
2026-04-22 02:45:00,2026-04-22 00:45:00,1.17407,1.17443,1.17406,1.17440,399,0,0
2026-04-22 03:00:00,2026-04-22 01:00:00,1.17439,1.17515,1.17437,1.17493,912,0,0
2026-04-22 03:15:00,2026-04-22 01:15:00,1.17492,1.17513,1.17467,1.17469,738,0,0
2026-04-22 03:30:00,2026-04-22 01:30:00,1.17468,1.17504,1.17468,1.17479,569,0,0
2026-04-22 03:45:00,2026-04-22 01:45:00,1.17479,1.17484,1.17430,1.17438,871,0,0
2026-04-22 04:00:00,2026-04-22 02:00:00,1.17438,1.17470,1.17382,1.17404,769,0,0
2026-04-22 04:15:00,2026-04-22 02:15:00,1.17404,1.17431,1.17394,1.17417,515,0,0
2026-04-22 04:30:00,2026-04-22 02:30:00,1.17416,1.17472,1.17413,1.17432,670,0,0
2026-04-22 04:45:00,2026-04-22 02:45:00,1.17432,1.17458,1.17428,1.17446,522,0,0
2026-04-22 05:00:00,2026-04-22 03:00:00,1.17446,1.17485,1.17446,1.17475,500,0,0
2026-04-22 05:15:00,2026-04-22 03:15:00,1.17476,1.17478,1.17449,1.17463,494,0,0
2026-04-22 05:30:00,2026-04-22 03:30:00,1.17463,1.17468,1.17441,1.17441,415,0,0
2026-04-22 05:45:00,2026-04-22 03:45:00,1.17440,1.17449,1.17397,1.17406,504,0,0
2026-04-22 06:00:00,2026-04-22 04:00:00,1.17406,1.17427,1.17387,1.17406,505,0,0
2026-04-22 06:15:00,2026-04-22 04:15:00,1.17406,1.17410,1.17397,1.17408,478,0,0
2026-04-22 06:30:00,2026-04-22 04:30:00,1.17408,1.17425,1.17390,1.17403,421,0,0
2026-04-22 06:45:00,2026-04-22 04:45:00,1.17403,1.17405,1.17376,1.17385,454,0,0
2026-04-22 07:00:00,2026-04-22 05:00:00,1.17385,1.17408,1.17384,1.17399,384,0,0
2026-04-22 07:15:00,2026-04-22 05:15:00,1.17399,1.17409,1.17392,1.17406,324,0,0
2026-04-22 07:30:00,2026-04-22 05:30:00,1.17405,1.17420,1.17384,1.17414,440,0,0
2026-04-22 07:45:00,2026-04-22 05:45:00,1.17415,1.17425,1.17387,1.17395,497,0,0
2026-04-22 08:00:00,2026-04-22 06:00:00,1.17396,1.17434,1.17390,1.17425,515,0,0
2026-04-22 08:15:00,2026-04-22 06:15:00,1.17424,1.17628,1.17417,1.17570,1518,0,0
2026-04-22 08:30:00,2026-04-22 06:30:00,1.17572,1.17576,1.17512,1.17529,832,0,0
2026-04-22 08:45:00,2026-04-22 06:45:00,1.17527,1.17541,1.17495,1.17505,676,0,0
2026-04-22 09:00:00,2026-04-22 07:00:00,1.17506,1.17522,1.17447,1.17490,980,0,0
2026-04-22 09:15:00,2026-04-22 07:15:00,1.17490,1.17540,1.17473,1.17536,742,0,0
2026-04-22 09:30:00,2026-04-22 07:30:00,1.17535,1.17552,1.17483,1.17489,962,0,0
2026-04-22 09:45:00,2026-04-22 07:45:00,1.17490,1.17521,1.17482,1.17494,850,0,0
2026-04-22 10:00:00,2026-04-22 08:00:00,1.17494,1.17519,1.17489,1.17509,944,0,0
2026-04-22 10:15:00,2026-04-22 08:15:00,1.17509,1.17509,1.17460,1.17489,1020,0,0
2026-04-22 10:30:00,2026-04-22 08:30:00,1.17489,1.17535,1.17476,1.17528,916,0,0
2026-04-22 10:45:00,2026-04-22 08:45:00,1.17527,1.17565,1.17497,1.17554,1009,0,0
2026-04-22 11:00:00,2026-04-22 09:00:00,1.17557,1.17582,1.17517,1.17571,1029,0,0
2026-04-22 11:15:00,2026-04-22 09:15:00,1.17571,1.17592,1.17503,1.17531,1058,0,0
2026-04-22 11:30:00,2026-04-22 09:30:00,1.17531,1.17544,1.17473,1.17504,986,0,0
2026-04-22 11:45:00,2026-04-22 09:45:00,1.17506,1.17545,1.17504,1.17536,796,0,0
2026-04-22 12:00:00,2026-04-22 10:00:00,1.17537,1.17573,1.17517,1.17558,964,0,0
2026-04-22 12:15:00,2026-04-22 10:15:00,1.17557,1.17560,1.17505,1.17520,775,0,0
2026-04-22 12:30:00,2026-04-22 10:30:00,1.17519,1.17540,1.17513,1.17522,577,0,0
2026-04-22 12:45:00,2026-04-22 10:45:00,1.17522,1.17525,1.17462,1.17476,838,0,0
2026-04-22 13:00:00,2026-04-22 11:00:00,1.17476,1.17511,1.17435,1.17462,1021,0,0
2026-04-22 13:15:00,2026-04-22 11:15:00,1.17460,1.17505,1.17460,1.17497,808,0,0
2026-04-22 13:30:00,2026-04-22 11:30:00,1.17496,1.17520,1.17487,1.17502,765,0,0
2026-04-22 13:45:00,2026-04-22 11:45:00,1.17501,1.17534,1.17493,1.17516,796,0,0
2026-04-22 14:00:00,2026-04-22 12:00:00,1.17516,1.17516,1.17456,1.17459,894,0,0
2026-04-22 14:15:00,2026-04-22 12:15:00,1.17460,1.17482,1.17426,1.17441,963,0,0
2026-04-22 14:30:00,2026-04-22 12:30:00,1.17441,1.17457,1.17382,1.17385,1184,0,0
2026-04-22 14:45:00,2026-04-22 12:45:00,1.17384,1.17407,1.17319,1.17346,1232,0,0
2026-04-22 15:00:00,2026-04-22 13:00:00,1.17345,1.17378,1.17302,1.17322,1140,0,0
2026-04-22 15:15:00,2026-04-22 13:15:00,1.17323,1.17371,1.17272,1.17279,861,0,0
2026-04-22 15:30:00,2026-04-22 13:30:00,1.17277,1.17290,1.17248,1.17262,1215,0,0
2026-04-22 15:45:00,2026-04-22 13:45:00,1.17263,1.17307,1.17252,1.17277,1111,0,0
2026-04-22 16:00:00,2026-04-22 14:00:00,1.17276,1.17346,1.17238,1.17259,1330,0,0
2026-04-22 16:15:00,2026-04-22 14:15:00,1.17260,1.17383,1.17249,1.17323,1525,0,0
2026-04-22 16:30:00,2026-04-22 14:30:00,1.17323,1.17416,1.17279,1.17407,1608,0,0
2026-04-22 16:45:00,2026-04-22 14:45:00,1.17409,1.17434,1.17371,1.17408,1260,0,0
2026-04-22 17:00:00,2026-04-22 15:00:00,1.17408,1.17430,1.17337,1.17346,1210,0,0
2026-04-22 17:15:00,2026-04-22 15:15:00,1.17347,1.17402,1.17317,1.17339,1202,0,0
2026-04-22 17:30:00,2026-04-22 15:30:00,1.17338,1.17350,1.17262,1.17288,1481,0,0
2026-04-22 17:45:00,2026-04-22 15:45:00,1.17289,1.17315,1.17183,1.17187,1570,0,0
2026-04-22 18:00:00,2026-04-22 16:00:00,1.17187,1.17221,1.17151,1.17199,1475,0,0
2026-04-22 18:15:00,2026-04-22 16:15:00,1.17199,1.17232,1.17167,1.17219,1082,0,0
2026-04-22 18:30:00,2026-04-22 16:30:00,1.17220,1.17241,1.17133,1.17138,1230,0,0
2026-04-22 18:45:00,2026-04-22 16:45:00,1.17139,1.17169,1.17124,1.17132,1087,0,0
2026-04-22 19:00:00,2026-04-22 17:00:00,1.17135,1.17155,1.17119,1.17144,1134,0,0
2026-04-22 19:15:00,2026-04-22 17:15:00,1.17144,1.17146,1.17101,1.17126,940,0,0
2026-04-22 19:30:00,2026-04-22 17:30:00,1.17127,1.17158,1.17100,1.17137,860,0,0
2026-04-22 19:45:00,2026-04-22 17:45:00,1.17135,1.17157,1.17116,1.17127,863,0,0
2026-04-22 20:00:00,2026-04-22 18:00:00,1.17126,1.17170,1.17112,1.17132,1130,0,0
2026-04-22 20:15:00,2026-04-22 18:15:00,1.17132,1.17169,1.17129,1.17150,711,0,0
2026-04-22 20:30:00,2026-04-22 18:30:00,1.17149,1.17168,1.17129,1.17148,745,0,0
2026-04-22 20:45:00,2026-04-22 18:45:00,1.17149,1.17152,1.17099,1.17105,827,0,0
2026-04-22 21:00:00,2026-04-22 19:00:00,1.17105,1.17130,1.17089,1.17114,735,0,0
2026-04-22 21:15:00,2026-04-22 19:15:00,1.17113,1.17115,1.17075,1.17090,796,0,0
2026-04-22 21:30:00,2026-04-22 19:30:00,1.17089,1.17120,1.17079,1.17118,645,0,0
2026-04-22 21:45:00,2026-04-22 19:45:00,1.17116,1.17123,1.17080,1.17088,616,0,0
2026-04-22 22:00:00,2026-04-22 20:00:00,1.17089,1.17101,1.17058,1.17095,857,0,0
2026-04-22 22:15:00,2026-04-22 20:15:00,1.17095,1.17112,1.17085,1.17104,638,0,0
2026-04-22 22:30:00,2026-04-22 20:30:00,1.17103,1.17104,1.17068,1.17077,581,0,0
2026-04-22 22:45:00,2026-04-22 20:45:00,1.17077,1.17079,1.17049,1.17057,796,0,0
2026-04-22 23:00:00,2026-04-22 21:00:00,1.17056,1.17059,1.17029,1.17055,594,0,0
2026-04-22 23:15:00,2026-04-22 21:15:00,1.17055,1.17068,1.17049,1.17066,354,0,0
2026-04-22 23:30:00,2026-04-22 21:30:00,1.17067,1.17076,1.17035,1.17062,434,0,0
2026-04-22 23:45:00,2026-04-22 21:45:00,1.17062,1.17079,1.17047,1.17066,481,0,0
2026-04-23 00:00:00,2026-04-22 22:00:00,1.17038,1.17050,1.17037,1.17047,69,27,0
2026-04-23 00:15:00,2026-04-22 22:15:00,1.17048,1.17053,1.17038,1.17044,80,18,0
2026-04-23 00:30:00,2026-04-22 22:30:00,1.17042,1.17052,1.17042,1.17052,73,12,0
2026-04-23 00:45:00,2026-04-22 22:45:00,1.17051,1.17078,1.17051,1.17065,167,16,0
2026-04-23 01:00:00,2026-04-22 23:00:00,1.17078,1.17091,1.17059,1.17061,283,0,0
2026-04-23 01:15:00,2026-04-22 23:15:00,1.17062,1.17073,1.17060,1.17065,372,0,0
2026-04-23 01:30:00,2026-04-22 23:30:00,1.17066,1.17073,1.17051,1.17052,331,0,0
2026-04-23 01:45:00,2026-04-22 23:45:00,1.17052,1.17073,1.17052,1.17063,282,0,0
2026-04-23 02:00:00,2026-04-23 00:00:00,1.17063,1.17066,1.17046,1.17056,321,0,0
2026-04-23 02:15:00,2026-04-23 00:15:00,1.17056,1.17066,1.17052,1.17066,171,0,0
2026-04-23 02:30:00,2026-04-23 00:30:00,1.17066,1.17073,1.17058,1.17067,159,0,0
2026-04-23 02:45:00,2026-04-23 00:45:00,1.17067,1.17072,1.17051,1.17057,393,0,0
2026-04-23 03:00:00,2026-04-23 01:00:00,1.17056,1.17077,1.16978,1.16979,1177,0,0
2026-04-23 03:15:00,2026-04-23 01:15:00,1.16978,1.17128,1.16923,1.17105,1985,0,0
2026-04-23 03:30:00,2026-04-23 01:30:00,1.17104,1.17138,1.17099,1.17110,1051,0,0
2026-04-23 03:45:00,2026-04-23 01:45:00,1.17109,1.17130,1.17097,1.17116,1172,0,0
2026-04-23 04:00:00,2026-04-23 02:00:00,1.17116,1.17130,1.17091,1.17096,1036,0,0
2026-04-23 04:15:00,2026-04-23 02:15:00,1.17095,1.17120,1.17078,1.17087,809,0,0
2026-04-23 04:30:00,2026-04-23 02:30:00,1.17091,1.17125,1.17080,1.17116,819,0,0
2026-04-23 04:45:00,2026-04-23 02:45:00,1.17116,1.17122,1.17080,1.17091,812,0,0
2026-04-23 05:00:00,2026-04-23 03:00:00,1.17092,1.17105,1.17044,1.17044,878,0,0
2026-04-23 05:15:00,2026-04-23 03:15:00,1.17044,1.17071,1.17032,1.17043,885,0,0
2026-04-23 05:30:00,2026-04-23 03:30:00,1.17045,1.17065,1.17033,1.17045,762,0,0
2026-04-23 05:45:00,2026-04-23 03:45:00,1.17046,1.17054,1.16959,1.16975,869,0,0
2026-04-23 06:00:00,2026-04-23 04:00:00,1.16975,1.17017,1.16951,1.16970,1032,0,0
2026-04-23 06:15:00,2026-04-23 04:15:00,1.16970,1.16982,1.16960,1.16971,795,0,0
2026-04-23 06:30:00,2026-04-23 04:30:00,1.16970,1.16992,1.16962,1.16970,639,0,0
2026-04-23 06:45:00,2026-04-23 04:45:00,1.16969,1.16982,1.16948,1.16956,638,0,0
2026-04-23 07:00:00,2026-04-23 05:00:00,1.16956,1.16979,1.16951,1.16976,707,0,0
2026-04-23 07:15:00,2026-04-23 05:15:00,1.16976,1.16997,1.16974,1.16982,564,0,0
2026-04-23 07:30:00,2026-04-23 05:30:00,1.16981,1.16997,1.16980,1.16993,549,0,0
2026-04-23 07:45:00,2026-04-23 05:45:00,1.16994,1.17006,1.16989,1.17003,495,0,0
2026-04-23 08:00:00,2026-04-23 06:00:00,1.17003,1.17025,1.16996,1.17017,568,0,0
2026-04-23 08:15:00,2026-04-23 06:15:00,1.17018,1.17033,1.17015,1.17022,403,0,0
2026-04-23 08:30:00,2026-04-23 06:30:00,1.17023,1.17037,1.17010,1.17023,573,0,0
2026-04-23 08:45:00,2026-04-23 06:45:00,1.17022,1.17071,1.17021,1.17068,709,0,0
2026-04-23 09:00:00,2026-04-23 07:00:00,1.17068,1.17080,1.17039,1.17043,826,0,0
2026-04-23 09:15:00,2026-04-23 07:15:00,1.17043,1.17062,1.17019,1.17047,759,0,0
2026-04-23 09:30:00,2026-04-23 07:30:00,1.17047,1.17081,1.17043,1.17075,640,0,0
2026-04-23 09:45:00,2026-04-23 07:45:00,1.17077,1.17091,1.17028,1.17036,912,0,0
2026-04-23 10:00:00,2026-04-23 08:00:00,1.17036,1.17119,1.17003,1.17034,1397,0,0
2026-04-23 10:15:00,2026-04-23 08:15:00,1.17033,1.17073,1.17003,1.17024,1079,0,0
2026-04-23 10:30:00,2026-04-23 08:30:00,1.16959,1.17008,1.16955,1.16979,1146,0,0
2026-04-23 10:45:00,2026-04-23 08:45:00,1.16978,1.17037,1.16976,1.17025,1066,0,0
2026-04-23 11:00:00,2026-04-23 09:00:00,1.17031,1.17045,1.17004,1.17016,1076,0,0
2026-04-23 11:15:00,2026-04-23 09:15:00,1.17017,1.17054,1.17005,1.17026,939,0,0
2026-04-23 11:30:00,2026-04-23 09:30:00,1.17026,1.17045,1.16963,1.16977,1075,0,0
2026-04-23 11:45:00,2026-04-23 09:45:00,1.16976,1.17024,1.16973,1.17016,785,0,0
2026-04-23 12:00:00,2026-04-23 10:00:00,1.17016,1.17024,1.16945,1.16951,1057,0,0
2026-04-23 12:15:00,2026-04-23 10:15:00,1.16951,1.17011,1.16935,1.16949,1098,0,0
2026-04-23 12:30:00,2026-04-23 10:30:00,1.16949,1.16968,1.16904,1.16961,976,0,0
2026-04-23 12:45:00,2026-04-23 10:45:00,1.16959,1.16968,1.16918,1.16936,1019,0,0
2026-04-23 13:00:00,2026-04-23 11:00:00,1.16937,1.16962,1.16849,1.16866,1125,0,0
2026-04-23 13:15:00,2026-04-23 11:15:00,1.16866,1.16871,1.16821,1.16834,979,0,0
2026-04-23 13:30:00,2026-04-23 11:30:00,1.16835,1.16867,1.16820,1.16827,1029,0,0
2026-04-23 13:45:00,2026-04-23 11:45:00,1.16827,1.16837,1.16798,1.16823,1104,0,0
2026-04-23 14:00:00,2026-04-23 12:00:00,1.16823,1.16829,1.16798,1.16819,888,0,0
2026-04-23 14:15:00,2026-04-23 12:15:00,1.16820,1.16832,1.16793,1.16817,831,0,0
2026-04-23 14:30:00,2026-04-23 12:30:00,1.16817,1.16841,1.16791,1.16837,1040,0,0
2026-04-23 14:45:00,2026-04-23 12:45:00,1.16837,1.16978,1.16835,1.16906,1655,0,0
2026-04-23 15:00:00,2026-04-23 13:00:00,1.16905,1.16984,1.16867,1.16957,1658,0,0
2026-04-23 15:15:00,2026-04-23 13:15:00,1.16956,1.16957,1.16861,1.16885,1286,0,0
2026-04-23 15:30:00,2026-04-23 13:30:00,1.16883,1.16978,1.16875,1.16959,1385,0,0
2026-04-23 15:45:00,2026-04-23 13:45:00,1.16958,1.16984,1.16865,1.16920,1629,0,0
2026-04-23 16:00:00,2026-04-23 14:00:00,1.16920,1.16935,1.16833,1.16847,1169,0,0
2026-04-23 16:15:00,2026-04-23 14:15:00,1.16850,1.16909,1.16839,1.16884,1204,0,0
2026-04-23 16:30:00,2026-04-23 14:30:00,1.16883,1.16952,1.16882,1.16926,1517,0,0
2026-04-23 16:45:00,2026-04-23 14:45:00,1.16867,1.16967,1.16855,1.16911,1660,0,0
2026-04-23 17:00:00,2026-04-23 15:00:00,1.16911,1.16981,1.16875,1.16978,1584,0,0
2026-04-23 17:15:00,2026-04-23 15:15:00,1.16979,1.17073,1.16968,1.17058,1362,0,0
2026-04-23 17:30:00,2026-04-23 15:30:00,1.17059,1.17077,1.17031,1.17076,1306,0,0
2026-04-23 17:45:00,2026-04-23 15:45:00,1.17076,1.17164,1.17073,1.17107,1667,0,0
2026-04-23 18:00:00,2026-04-23 16:00:00,1.17107,1.17132,1.17058,1.17072,1414,0,0
2026-04-23 18:15:00,2026-04-23 16:15:00,1.17073,1.17156,1.17061,1.17108,1392,0,0
2026-04-23 18:30:00,2026-04-23 16:30:00,1.17106,1.17112,1.17030,1.17030,1231,0,0
2026-04-23 18:45:00,2026-04-23 16:45:00,1.17030,1.17080,1.17007,1.17035,1432,0,0
2026-04-23 19:00:00,2026-04-23 17:00:00,1.17034,1.17039,1.16983,1.16983,1171,0,0
2026-04-23 19:15:00,2026-04-23 17:15:00,1.16983,1.17040,1.16982,1.17034,1179,0,0
2026-04-23 19:30:00,2026-04-23 17:30:00,1.17034,1.17051,1.17002,1.17042,861,0,0
2026-04-23 19:45:00,2026-04-23 17:45:00,1.17044,1.17057,1.17002,1.17022,905,0,0
2026-04-23 20:00:00,2026-04-23 18:00:00,1.17023,1.17028,1.16819,1.16843,2072,0,0
2026-04-23 20:15:00,2026-04-23 18:15:00,1.16842,1.16880,1.16781,1.16829,1981,0,0
2026-04-23 20:30:00,2026-04-23 18:30:00,1.16832,1.16875,1.16707,1.16717,2095,0,0
2026-04-23 20:45:00,2026-04-23 18:45:00,1.16718,1.16933,1.16692,1.16929,2630,0,0
2026-04-23 21:00:00,2026-04-23 19:00:00,1.16930,1.16998,1.16910,1.16958,2254,0,0
2026-04-23 21:15:00,2026-04-23 19:15:00,1.16958,1.16983,1.16928,1.16954,1565,0,0
2026-04-23 21:30:00,2026-04-23 19:30:00,1.16955,1.16986,1.16916,1.16945,1201,0,0
2026-04-23 21:45:00,2026-04-23 19:45:00,1.16944,1.16952,1.16884,1.16895,1143,0,0
2026-04-23 22:00:00,2026-04-23 20:00:00,1.16892,1.16904,1.16843,1.16862,1319,0,0
2026-04-23 22:15:00,2026-04-23 20:15:00,1.16862,1.16878,1.16841,1.16853,942,0,0
2026-04-23 22:30:00,2026-04-23 20:30:00,1.16854,1.16863,1.16806,1.16824,1127,0,0
2026-04-23 22:45:00,2026-04-23 20:45:00,1.16825,1.16880,1.16802,1.16866,1252,0,0
2026-04-23 23:00:00,2026-04-23 21:00:00,1.16866,1.16869,1.16817,1.16823,990,0,0
2026-04-23 23:15:00,2026-04-23 21:15:00,1.16822,1.16851,1.16807,1.16835,586,0,0
2026-04-23 23:30:00,2026-04-23 21:30:00,1.16835,1.16855,1.16834,1.16848,439,0,0
2026-04-23 23:45:00,2026-04-23 21:45:00,1.16847,1.16850,1.16817,1.16826,440,0,0
2026-04-24 00:00:00,2026-04-23 22:00:00,1.16827,1.16831,1.16800,1.16814,217,60,0
2026-04-24 00:15:00,2026-04-23 22:15:00,1.16811,1.16849,1.16754,1.16812,518,19,0
2026-04-24 00:30:00,2026-04-23 22:30:00,1.16812,1.16864,1.16786,1.16814,453,25,0
2026-04-24 00:45:00,2026-04-23 22:45:00,1.16814,1.16844,1.16813,1.16841,109,27,0
2026-04-24 01:00:00,2026-04-23 23:00:00,1.16850,1.16864,1.16846,1.16860,349,0,0
2026-04-24 01:15:00,2026-04-23 23:15:00,1.16861,1.16862,1.16851,1.16858,219,0,0
2026-04-24 01:30:00,2026-04-23 23:30:00,1.16858,1.16865,1.16854,1.16860,286,0,0
2026-04-24 01:45:00,2026-04-23 23:45:00,1.16860,1.16866,1.16854,1.16861,190,0,0
2026-04-24 02:00:00,2026-04-24 00:00:00,1.16861,1.16861,1.16834,1.16834,281,0,0
2026-04-24 02:15:00,2026-04-24 00:15:00,1.16834,1.16842,1.16819,1.16841,354,0,0
2026-04-24 02:30:00,2026-04-24 00:30:00,1.16842,1.16844,1.16834,1.16838,282,0,0
2026-04-24 02:45:00,2026-04-24 00:45:00,1.16838,1.16844,1.16829,1.16837,378,0,0
2026-04-24 03:00:00,2026-04-24 01:00:00,1.16836,1.16868,1.16818,1.16867,761,0,0
2026-04-24 03:15:00,2026-04-24 01:15:00,1.16867,1.16879,1.16850,1.16871,549,0,0
2026-04-24 03:30:00,2026-04-24 01:30:00,1.16871,1.16886,1.16835,1.16845,737,0,0
2026-04-24 03:45:00,2026-04-24 01:45:00,1.16846,1.16863,1.16830,1.16853,876,0,0
2026-04-24 04:00:00,2026-04-24 02:00:00,1.16854,1.16870,1.16834,1.16859,833,0,0
2026-04-24 04:15:00,2026-04-24 02:15:00,1.16859,1.16873,1.16846,1.16846,588,0,0
2026-04-24 04:30:00,2026-04-24 02:30:00,1.16846,1.16877,1.16821,1.16845,898,0,0
2026-04-24 04:45:00,2026-04-24 02:45:00,1.16845,1.16888,1.16842,1.16886,674,0,0
2026-04-24 05:00:00,2026-04-24 03:00:00,1.16886,1.16892,1.16835,1.16839,656,0,0
2026-04-24 05:15:00,2026-04-24 03:15:00,1.16841,1.16846,1.16804,1.16804,649,0,0
2026-04-24 05:30:00,2026-04-24 03:30:00,1.16805,1.16832,1.16802,1.16803,598,0,0
2026-04-24 05:45:00,2026-04-24 03:45:00,1.16804,1.16804,1.16781,1.16790,498,0,0
2026-04-24 06:00:00,2026-04-24 04:00:00,1.16790,1.16801,1.16761,1.16770,630,0,0
2026-04-24 06:15:00,2026-04-24 04:15:00,1.16770,1.16778,1.16752,1.16756,564,0,0
2026-04-24 06:30:00,2026-04-24 04:30:00,1.16756,1.16775,1.16729,1.16765,594,0,0
2026-04-24 06:45:00,2026-04-24 04:45:00,1.16765,1.16788,1.16764,1.16781,611,0,0
2026-04-24 07:00:00,2026-04-24 05:00:00,1.16780,1.16803,1.16764,1.16793,677,0,0
2026-04-24 07:15:00,2026-04-24 05:15:00,1.16795,1.16796,1.16773,1.16780,493,0,0
2026-04-24 07:30:00,2026-04-24 05:30:00,1.16779,1.16799,1.16777,1.16785,506,0,0
2026-04-24 07:45:00,2026-04-24 05:45:00,1.16785,1.16817,1.16783,1.16790,559,0,0
2026-04-24 08:00:00,2026-04-24 06:00:00,1.16790,1.16804,1.16764,1.16785,716,0,0
2026-04-24 08:15:00,2026-04-24 06:15:00,1.16785,1.16806,1.16781,1.16793,517,0,0
2026-04-24 08:30:00,2026-04-24 06:30:00,1.16794,1.16832,1.16794,1.16820,638,0,0
2026-04-24 08:45:00,2026-04-24 06:45:00,1.16820,1.16832,1.16806,1.16820,570,0,0
2026-04-24 09:00:00,2026-04-24 07:00:00,1.16821,1.16824,1.16797,1.16816,907,0,0
2026-04-24 09:15:00,2026-04-24 07:15:00,1.16816,1.16821,1.16780,1.16805,729,0,0
2026-04-24 09:30:00,2026-04-24 07:30:00,1.16805,1.16837,1.16787,1.16824,783,0,0
2026-04-24 09:45:00,2026-04-24 07:45:00,1.16823,1.16827,1.16774,1.16784,844,0,0
2026-04-24 10:00:00,2026-04-24 08:00:00,1.16783,1.16817,1.16760,1.16812,1001,0,0
2026-04-24 10:15:00,2026-04-24 08:15:00,1.16810,1.16833,1.16803,1.16811,888,0,0
2026-04-24 10:30:00,2026-04-24 08:30:00,1.16810,1.16852,1.16788,1.16850,708,0,0
2026-04-24 10:45:00,2026-04-24 08:45:00,1.16849,1.16939,1.16845,1.16909,1035,0,0
2026-04-24 11:00:00,2026-04-24 09:00:00,1.16910,1.16910,1.16840,1.16871,1143,0,0
2026-04-24 11:15:00,2026-04-24 09:15:00,1.16872,1.16958,1.16870,1.16916,1444,0,0
2026-04-24 11:30:00,2026-04-24 09:30:00,1.16916,1.16918,1.16866,1.16871,971,0,0
2026-04-24 11:45:00,2026-04-24 09:45:00,1.16871,1.16936,1.16869,1.16898,1011,0,0
2026-04-24 12:00:00,2026-04-24 10:00:00,1.16898,1.16910,1.16864,1.16881,943,0,0
2026-04-24 12:15:00,2026-04-24 10:15:00,1.16880,1.16898,1.16844,1.16851,1001,0,0
2026-04-24 12:30:00,2026-04-24 10:30:00,1.16850,1.16893,1.16841,1.16876,848,0,0
2026-04-24 12:45:00,2026-04-24 10:45:00,1.16877,1.16881,1.16855,1.16865,689,0,0
2026-04-24 13:00:00,2026-04-24 11:00:00,1.16864,1.16903,1.16855,1.16883,762,0,0
2026-04-24 13:15:00,2026-04-24 11:15:00,1.16882,1.16964,1.16881,1.16963,844,0,0
2026-04-24 13:30:00,2026-04-24 11:30:00,1.16963,1.17013,1.16940,1.17002,766,0,0
2026-04-24 13:45:00,2026-04-24 11:45:00,1.17002,1.17036,1.16979,1.17034,826,0,0
2026-04-24 14:00:00,2026-04-24 12:00:00,1.17035,1.17126,1.17027,1.17077,1761,0,0
2026-04-24 14:15:00,2026-04-24 12:15:00,1.17078,1.17182,1.17037,1.17181,1899,0,0
2026-04-24 14:30:00,2026-04-24 12:30:00,1.17182,1.17184,1.17116,1.17167,1397,0,0
2026-04-24 14:45:00,2026-04-24 12:45:00,1.17167,1.17185,1.17129,1.17145,1233,0,0
2026-04-24 15:00:00,2026-04-24 13:00:00,1.17146,1.17176,1.17113,1.17155,1255,0,0
2026-04-24 15:15:00,2026-04-24 13:15:00,1.17155,1.17162,1.17101,1.17138,1218,0,0
2026-04-24 15:30:00,2026-04-24 13:30:00,1.17136,1.17140,1.17066,1.17075,1105,0,0
2026-04-24 15:45:00,2026-04-24 13:45:00,1.17075,1.17115,1.17026,1.17089,1383,0,0
2026-04-24 16:00:00,2026-04-24 14:00:00,1.17091,1.17125,1.17061,1.17081,1255,0,0
2026-04-24 16:15:00,2026-04-24 14:15:00,1.17081,1.17095,1.17017,1.17023,1306,0,0
2026-04-24 16:30:00,2026-04-24 14:30:00,1.17027,1.17042,1.16985,1.17039,1612,0,0
2026-04-24 16:45:00,2026-04-24 14:45:00,1.17041,1.17079,1.17028,1.17066,1411,0,0
2026-04-24 17:00:00,2026-04-24 15:00:00,1.17063,1.17151,1.17004,1.17108,2010,0,0
2026-04-24 17:15:00,2026-04-24 15:15:00,1.17106,1.17161,1.17075,1.17116,1577,0,0
2026-04-24 17:30:00,2026-04-24 15:30:00,1.17116,1.17170,1.17113,1.17118,1481,0,0
2026-04-24 17:45:00,2026-04-24 15:45:00,1.17119,1.17122,1.17031,1.17063,1391,0,0
2026-04-24 18:00:00,2026-04-24 16:00:00,1.17063,1.17081,1.17042,1.17053,1162,0,0
2026-04-24 18:15:00,2026-04-24 16:15:00,1.17053,1.17086,1.17030,1.17073,1133,0,0
2026-04-24 18:30:00,2026-04-24 16:30:00,1.17072,1.17121,1.17007,1.17109,1340,0,0
2026-04-24 18:45:00,2026-04-24 16:45:00,1.17107,1.17200,1.17096,1.17175,1988,0,0
2026-04-24 19:00:00,2026-04-24 17:00:00,1.17175,1.17194,1.17133,1.17159,1342,0,0
2026-04-24 19:15:00,2026-04-24 17:15:00,1.17159,1.17171,1.17130,1.17134,1084,0,0
2026-04-24 19:30:00,2026-04-24 17:30:00,1.17133,1.17184,1.17133,1.17149,1037,0,0
2026-04-24 19:45:00,2026-04-24 17:45:00,1.17149,1.17198,1.17148,1.17192,1011,0,0
2026-04-24 20:00:00,2026-04-24 18:00:00,1.17191,1.17213,1.17180,1.17192,1117,0,0
2026-04-24 20:15:00,2026-04-24 18:15:00,1.17192,1.17193,1.17150,1.17159,954,0,0
2026-04-24 20:30:00,2026-04-24 18:30:00,1.17160,1.17162,1.17120,1.17144,1057,0,0
2026-04-24 20:45:00,2026-04-24 18:45:00,1.17145,1.17185,1.17125,1.17135,803,0,0
2026-04-24 21:00:00,2026-04-24 19:00:00,1.17135,1.17145,1.17111,1.17141,711,0,0
2026-04-24 21:15:00,2026-04-24 19:15:00,1.17141,1.17157,1.17124,1.17151,746,0,0
2026-04-24 21:30:00,2026-04-24 19:30:00,1.17150,1.17187,1.17136,1.17181,633,0,0
2026-04-24 21:45:00,2026-04-24 19:45:00,1.17180,1.17198,1.17161,1.17177,597,0,0
2026-04-24 22:00:00,2026-04-24 20:00:00,1.17178,1.17205,1.17173,1.17200,654,0,0
2026-04-24 22:15:00,2026-04-24 20:15:00,1.17200,1.17211,1.17170,1.17181,617,0,0
2026-04-24 22:30:00,2026-04-24 20:30:00,1.17181,1.17196,1.17170,1.17174,850,0,0
2026-04-24 22:45:00,2026-04-24 20:45:00,1.17174,1.17192,1.17152,1.17186,892,0,0
2026-04-24 23:00:00,2026-04-24 21:00:00,1.17187,1.17211,1.17172,1.17201,645,0,0
2026-04-24 23:15:00,2026-04-24 21:15:00,1.17202,1.17208,1.17174,1.17195,406,0,0
2026-04-24 23:30:00,2026-04-24 21:30:00,1.17194,1.17212,1.17174,1.17209,510,0,0
2026-04-24 23:45:00,2026-04-24 21:45:00,1.17210,1.17225,1.17204,1.17222,322,0,0
2026-04-27 00:00:00,2026-04-26 22:00:00,1.16902,1.16989,1.16899,1.16979,103,38,0
2026-04-27 00:15:00,2026-04-26 22:15:00,1.16979,1.16998,1.16972,1.16976,139,38,0
2026-04-27 00:30:00,2026-04-26 22:30:00,1.16978,1.17069,1.16978,1.17057,235,38,0
2026-04-27 00:45:00,2026-04-26 22:45:00,1.17058,1.17064,1.17039,1.17039,105,44,0
2026-04-27 01:00:00,2026-04-26 23:00:00,1.17060,1.17124,1.17046,1.17069,599,0,0
2026-04-27 01:15:00,2026-04-26 23:15:00,1.17069,1.17080,1.17054,1.17070,412,0,0
2026-04-27 01:30:00,2026-04-26 23:30:00,1.17069,1.17085,1.17058,1.17072,294,0,0
2026-04-27 01:45:00,2026-04-26 23:45:00,1.17072,1.17084,1.17062,1.17080,228,0,0
2026-04-27 02:00:00,2026-04-27 00:00:00,1.17080,1.17093,1.17077,1.17084,297,0,0
2026-04-27 02:15:00,2026-04-27 00:15:00,1.17085,1.17098,1.17064,1.17066,234,0,0
2026-04-27 02:30:00,2026-04-27 00:30:00,1.17066,1.17067,1.17056,1.17061,251,0,0
2026-04-27 02:45:00,2026-04-27 00:45:00,1.17061,1.17076,1.17054,1.17055,372,0,0
2026-04-27 03:00:00,2026-04-27 01:00:00,1.17056,1.17102,1.17056,1.17101,630,0,0
2026-04-27 03:15:00,2026-04-27 01:15:00,1.17100,1.17122,1.17080,1.17117,526,0,0
2026-04-27 03:30:00,2026-04-27 01:30:00,1.17117,1.17140,1.17112,1.17140,470,0,0
2026-04-27 03:45:00,2026-04-27 01:45:00,1.17139,1.17172,1.17128,1.17160,600,0,0
2026-04-27 04:00:00,2026-04-27 02:00:00,1.17161,1.17267,1.17161,1.17200,1251,0,0
2026-04-27 04:15:00,2026-04-27 02:15:00,1.17200,1.17271,1.17199,1.17225,934,0,0
2026-04-27 04:30:00,2026-04-27 02:30:00,1.17225,1.17246,1.17209,1.17246,702,0,0
2026-04-27 04:45:00,2026-04-27 02:45:00,1.17245,1.17267,1.17229,1.17245,871,0,0
2026-04-27 05:00:00,2026-04-27 03:00:00,1.17245,1.17256,1.17195,1.17231,598,0,0
2026-04-27 05:15:00,2026-04-27 03:15:00,1.17231,1.17257,1.17219,1.17240,509,0,0
2026-04-27 05:30:00,2026-04-27 03:30:00,1.17239,1.17283,1.17239,1.17269,588,0,0
2026-04-27 05:45:00,2026-04-27 03:45:00,1.17269,1.17283,1.17259,1.17265,521,0,0
2026-04-27 06:00:00,2026-04-27 04:00:00,1.17264,1.17296,1.17263,1.17286,568,0,0
2026-04-27 06:15:00,2026-04-27 04:15:00,1.17286,1.17293,1.17275,1.17285,502,0,0
2026-04-27 06:30:00,2026-04-27 04:30:00,1.17287,1.17319,1.17279,1.17313,494,0,0
2026-04-27 06:45:00,2026-04-27 04:45:00,1.17310,1.17325,1.17294,1.17294,434,0,0
2026-04-27 07:00:00,2026-04-27 05:00:00,1.17292,1.17298,1.17282,1.17291,445,0,0
2026-04-27 07:15:00,2026-04-27 05:15:00,1.17290,1.17307,1.17286,1.17307,420,0,0
2026-04-27 07:30:00,2026-04-27 05:30:00,1.17305,1.17316,1.17294,1.17300,434,0,0
2026-04-27 07:45:00,2026-04-27 05:45:00,1.17299,1.17301,1.17250,1.17267,487,0,0
2026-04-27 08:00:00,2026-04-27 06:00:00,1.17267,1.17280,1.17240,1.17243,552,0,0
2026-04-27 08:15:00,2026-04-27 06:15:00,1.17243,1.17266,1.17239,1.17260,489,0,0
2026-04-27 08:30:00,2026-04-27 06:30:00,1.17260,1.17261,1.17237,1.17256,489,0,0
2026-04-27 08:45:00,2026-04-27 06:45:00,1.17256,1.17271,1.17222,1.17224,536,0,0
2026-04-27 09:00:00,2026-04-27 07:00:00,1.17224,1.17231,1.17180,1.17193,941,0,0
2026-04-27 09:15:00,2026-04-27 07:15:00,1.17193,1.17214,1.17167,1.17189,855,0,0
2026-04-27 09:30:00,2026-04-27 07:30:00,1.17188,1.17223,1.17176,1.17198,855,0,0
2026-04-27 09:45:00,2026-04-27 07:45:00,1.17199,1.17299,1.17193,1.17296,807,0,0
2026-04-27 10:00:00,2026-04-27 08:00:00,1.17295,1.17365,1.17291,1.17341,874,0,0
2026-04-27 10:15:00,2026-04-27 08:15:00,1.17341,1.17346,1.17298,1.17310,804,0,0
2026-04-27 10:30:00,2026-04-27 08:30:00,1.17309,1.17343,1.17297,1.17330,784,0,0
2026-04-27 10:45:00,2026-04-27 08:45:00,1.17329,1.17452,1.17325,1.17439,1144,0,0
2026-04-27 11:00:00,2026-04-27 09:00:00,1.17439,1.17478,1.17403,1.17436,1281,0,0
2026-04-27 11:15:00,2026-04-27 09:15:00,1.17434,1.17460,1.17392,1.17441,1042,0,0
2026-04-27 11:30:00,2026-04-27 09:30:00,1.17440,1.17458,1.17398,1.17455,891,0,0
2026-04-27 11:45:00,2026-04-27 09:45:00,1.17456,1.17510,1.17456,1.17484,1009,0,0
2026-04-27 12:00:00,2026-04-27 10:00:00,1.17485,1.17510,1.17479,1.17496,845,0,0
2026-04-27 12:15:00,2026-04-27 10:15:00,1.17496,1.17497,1.17444,1.17445,752,0,0
2026-04-27 12:30:00,2026-04-27 10:30:00,1.17446,1.17462,1.17435,1.17445,658,0,0
2026-04-27 12:45:00,2026-04-27 10:45:00,1.17445,1.17459,1.17409,1.17422,720,0,0
2026-04-27 13:00:00,2026-04-27 11:00:00,1.17422,1.17444,1.17401,1.17407,634,0,0
2026-04-27 13:15:00,2026-04-27 11:15:00,1.17406,1.17427,1.17388,1.17425,579,0,0
2026-04-27 13:30:00,2026-04-27 11:30:00,1.17425,1.17445,1.17413,1.17434,624,0,0
2026-04-27 13:45:00,2026-04-27 11:45:00,1.17433,1.17480,1.17422,1.17460,785,0,0
2026-04-27 14:00:00,2026-04-27 12:00:00,1.17461,1.17472,1.17406,1.17409,753,0,0
2026-04-27 14:15:00,2026-04-27 12:15:00,1.17408,1.17449,1.17397,1.17439,840,0,0
2026-04-27 14:30:00,2026-04-27 12:30:00,1.17440,1.17445,1.17384,1.17406,711,0,0
2026-04-27 14:45:00,2026-04-27 12:45:00,1.17405,1.17419,1.17377,1.17413,703,0,0
2026-04-27 15:00:00,2026-04-27 13:00:00,1.17414,1.17519,1.17407,1.17516,1089,0,0
2026-04-27 15:15:00,2026-04-27 13:15:00,1.17518,1.17550,1.17466,1.17494,1072,0,0
2026-04-27 15:30:00,2026-04-27 13:30:00,1.17494,1.17499,1.17456,1.17480,938,0,0
2026-04-27 15:45:00,2026-04-27 13:45:00,1.17481,1.17505,1.17436,1.17445,1078,0,0
2026-04-27 16:00:00,2026-04-27 14:00:00,1.17445,1.17532,1.17431,1.17496,1430,0,0
2026-04-27 16:15:00,2026-04-27 14:15:00,1.17497,1.17540,1.17489,1.17489,999,0,0
2026-04-27 16:30:00,2026-04-27 14:30:00,1.17489,1.17497,1.17430,1.17435,1289,0,0
2026-04-27 16:45:00,2026-04-27 14:45:00,1.17433,1.17440,1.17357,1.17399,1443,0,0
2026-04-27 17:00:00,2026-04-27 15:00:00,1.17398,1.17419,1.17358,1.17380,1218,0,0
2026-04-27 17:15:00,2026-04-27 15:15:00,1.17380,1.17419,1.17375,1.17386,1064,0,0
2026-04-27 17:30:00,2026-04-27 15:30:00,1.17387,1.17457,1.17375,1.17440,1178,0,0
2026-04-27 17:45:00,2026-04-27 15:45:00,1.17444,1.17481,1.17333,1.17359,1324,0,0
2026-04-27 18:00:00,2026-04-27 16:00:00,1.17360,1.17369,1.17317,1.17333,1290,0,0
2026-04-27 18:15:00,2026-04-27 16:15:00,1.17333,1.17368,1.17299,1.17337,1118,0,0
2026-04-27 18:30:00,2026-04-27 16:30:00,1.17337,1.17355,1.17314,1.17344,941,0,0
2026-04-27 18:45:00,2026-04-27 16:45:00,1.17341,1.17345,1.17293,1.17307,998,0,0
2026-04-27 19:00:00,2026-04-27 17:00:00,1.17307,1.17340,1.17292,1.17303,720,0,0
2026-04-27 19:15:00,2026-04-27 17:15:00,1.17303,1.17326,1.17282,1.17291,752,0,0
2026-04-27 19:30:00,2026-04-27 17:30:00,1.17290,1.17306,1.17286,1.17293,553,0,0
2026-04-27 19:45:00,2026-04-27 17:45:00,1.17291,1.17323,1.17250,1.17260,860,0,0
2026-04-27 20:00:00,2026-04-27 18:00:00,1.17260,1.17272,1.17220,1.17250,858,0,0
2026-04-27 20:15:00,2026-04-27 18:15:00,1.17251,1.17253,1.17201,1.17227,932,0,0
2026-04-27 20:30:00,2026-04-27 18:30:00,1.17228,1.17302,1.17228,1.17259,805,0,0
2026-04-27 20:45:00,2026-04-27 18:45:00,1.17259,1.17261,1.17226,1.17231,589,0,0
2026-04-27 21:00:00,2026-04-27 19:00:00,1.17230,1.17237,1.17208,1.17234,727,0,0
2026-04-27 21:15:00,2026-04-27 19:15:00,1.17233,1.17249,1.17221,1.17226,573,0,0
2026-04-27 21:30:00,2026-04-27 19:30:00,1.17225,1.17237,1.17216,1.17221,441,0,0
2026-04-27 21:45:00,2026-04-27 19:45:00,1.17221,1.17236,1.17189,1.17201,577,0,0
2026-04-27 22:00:00,2026-04-27 20:00:00,1.17200,1.17227,1.17191,1.17226,549,0,0
2026-04-27 22:15:00,2026-04-27 20:15:00,1.17226,1.17254,1.17218,1.17249,480,0,0
2026-04-27 22:30:00,2026-04-27 20:30:00,1.17249,1.17253,1.17225,1.17241,546,0,0
2026-04-27 22:45:00,2026-04-27 20:45:00,1.17240,1.17258,1.17201,1.17205,778,0,0
2026-04-27 23:00:00,2026-04-27 21:00:00,1.17210,1.17232,1.17207,1.17217,477,0,0
2026-04-27 23:15:00,2026-04-27 21:15:00,1.17218,1.17226,1.17206,1.17212,323,0,0
2026-04-27 23:30:00,2026-04-27 21:30:00,1.17211,1.17233,1.17208,1.17233,289,0,0
2026-04-27 23:45:00,2026-04-27 21:45:00,1.17232,1.17232,1.17197,1.17201,282,0,0
2026-04-28 00:00:00,2026-04-27 22:00:00,1.17192,1.17206,1.17191,1.17201,74,38,0
2026-04-28 00:15:00,2026-04-27 22:15:00,1.17201,1.17203,1.17200,1.17203,46,41,0
2026-04-28 00:30:00,2026-04-27 22:30:00,1.17203,1.17208,1.17201,1.17203,90,32,0
2026-04-28 00:45:00,2026-04-27 22:45:00,1.17203,1.17204,1.17181,1.17197,336,25,0
2026-04-28 01:00:00,2026-04-27 23:00:00,1.17210,1.17226,1.17190,1.17221,456,0,0
2026-04-28 01:15:00,2026-04-27 23:15:00,1.17222,1.17224,1.17210,1.17220,336,0,0
2026-04-28 01:30:00,2026-04-27 23:30:00,1.17220,1.17232,1.17218,1.17224,258,0,0
2026-04-28 01:45:00,2026-04-27 23:45:00,1.17225,1.17234,1.17220,1.17223,289,0,0
2026-04-28 02:00:00,2026-04-28 00:00:00,1.17223,1.17232,1.17221,1.17227,266,0,0
2026-04-28 02:15:00,2026-04-28 00:15:00,1.17226,1.17232,1.17213,1.17219,227,0,0
2026-04-28 02:30:00,2026-04-28 00:30:00,1.17219,1.17224,1.17215,1.17222,155,0,0
2026-04-28 02:45:00,2026-04-28 00:45:00,1.17223,1.17232,1.17219,1.17230,222,0,0
2026-04-28 03:00:00,2026-04-28 01:00:00,1.17229,1.17271,1.17227,1.17237,584,0,0
2026-04-28 03:15:00,2026-04-28 01:15:00,1.17236,1.17243,1.17184,1.17200,709,0,0
2026-04-28 03:30:00,2026-04-28 01:30:00,1.17201,1.17221,1.17186,1.17206,557,0,0
2026-04-28 03:45:00,2026-04-28 01:45:00,1.17206,1.17220,1.17172,1.17189,722,0,0
2026-04-28 04:00:00,2026-04-28 02:00:00,1.17189,1.17190,1.17139,1.17151,830,0,0
2026-04-28 04:15:00,2026-04-28 02:15:00,1.17151,1.17167,1.17139,1.17162,626,0,0
2026-04-28 04:30:00,2026-04-28 02:30:00,1.17163,1.17185,1.17151,1.17156,674,0,0
2026-04-28 04:45:00,2026-04-28 02:45:00,1.17155,1.17161,1.17125,1.17128,625,0,0
2026-04-28 05:00:00,2026-04-28 03:00:00,1.17128,1.17136,1.17110,1.17125,699,0,0
2026-04-28 05:15:00,2026-04-28 03:15:00,1.17125,1.17132,1.17116,1.17126,559,0,0
2026-04-28 05:30:00,2026-04-28 03:30:00,1.17125,1.17129,1.17101,1.17105,497,0,0
2026-04-28 05:45:00,2026-04-28 03:45:00,1.17105,1.17110,1.17076,1.17084,500,0,0
2026-04-28 06:00:00,2026-04-28 04:00:00,1.17084,1.17140,1.17081,1.17131,797,0,0
2026-04-28 06:15:00,2026-04-28 04:15:00,1.17131,1.17174,1.17126,1.17169,610,0,0
2026-04-28 06:30:00,2026-04-28 04:30:00,1.17169,1.17178,1.17136,1.17139,575,0,0
2026-04-28 06:45:00,2026-04-28 04:45:00,1.17140,1.17147,1.17123,1.17134,435,0,0
2026-04-28 07:00:00,2026-04-28 05:00:00,1.17133,1.17137,1.17117,1.17135,547,0,0
2026-04-28 07:15:00,2026-04-28 05:15:00,1.17135,1.17145,1.17132,1.17141,475,0,0
2026-04-28 07:30:00,2026-04-28 05:30:00,1.17141,1.17163,1.17137,1.17162,398,0,0
2026-04-28 07:45:00,2026-04-28 05:45:00,1.17161,1.17165,1.17117,1.17125,450,0,0
2026-04-28 08:00:00,2026-04-28 06:00:00,1.17125,1.17134,1.17093,1.17106,592,0,0
2026-04-28 08:15:00,2026-04-28 06:15:00,1.17107,1.17131,1.17098,1.17129,443,0,0
2026-04-28 08:30:00,2026-04-28 06:30:00,1.17129,1.17129,1.17072,1.17079,738,0,0
2026-04-28 08:45:00,2026-04-28 06:45:00,1.17080,1.17094,1.17053,1.17062,729,0,0
2026-04-28 09:00:00,2026-04-28 07:00:00,1.17060,1.17081,1.17014,1.17050,1045,0,0
2026-04-28 09:15:00,2026-04-28 07:15:00,1.17050,1.17056,1.17011,1.17038,872,0,0
2026-04-28 09:30:00,2026-04-28 07:30:00,1.17039,1.17046,1.16995,1.17001,1024,0,0
2026-04-28 09:45:00,2026-04-28 07:45:00,1.17000,1.17009,1.16870,1.16877,1383,0,0
2026-04-28 10:00:00,2026-04-28 08:00:00,1.16876,1.16945,1.16860,1.16934,1328,0,0
2026-04-28 10:15:00,2026-04-28 08:15:00,1.16935,1.17009,1.16929,1.16960,1018,0,0
2026-04-28 10:30:00,2026-04-28 08:30:00,1.16959,1.16981,1.16937,1.16954,927,0,0
2026-04-28 10:45:00,2026-04-28 08:45:00,1.16955,1.16999,1.16927,1.16966,1045,0,0
2026-04-28 11:00:00,2026-04-28 09:00:00,1.16966,1.17043,1.16950,1.17008,1591,0,0
2026-04-28 11:15:00,2026-04-28 09:15:00,1.17009,1.17077,1.17007,1.17062,1038,0,0
2026-04-28 11:30:00,2026-04-28 09:30:00,1.17066,1.17072,1.16992,1.17012,1074,0,0
2026-04-28 11:45:00,2026-04-28 09:45:00,1.17010,1.17040,1.17003,1.17022,852,0,0
2026-04-28 12:00:00,2026-04-28 10:00:00,1.17022,1.17022,1.16979,1.17004,1018,0,0
2026-04-28 12:15:00,2026-04-28 10:15:00,1.17002,1.17002,1.16949,1.16952,941,0,0
2026-04-28 12:30:00,2026-04-28 10:30:00,1.16953,1.16955,1.16865,1.16911,944,0,0
2026-04-28 12:45:00,2026-04-28 10:45:00,1.16912,1.16993,1.16905,1.16923,1107,0,0
2026-04-28 13:00:00,2026-04-28 11:00:00,1.16924,1.16942,1.16904,1.16914,956,0,0
2026-04-28 13:15:00,2026-04-28 11:15:00,1.16913,1.16934,1.16905,1.16915,799,0,0
2026-04-28 13:30:00,2026-04-28 11:30:00,1.16916,1.16958,1.16915,1.16944,883,0,0
2026-04-28 13:45:00,2026-04-28 11:45:00,1.16941,1.16959,1.16911,1.16934,913,0,0
2026-04-28 14:00:00,2026-04-28 12:00:00,1.16934,1.16995,1.16928,1.16959,1113,0,0
2026-04-28 14:15:00,2026-04-28 12:15:00,1.16958,1.16977,1.16931,1.16947,1185,0,0
2026-04-28 14:30:00,2026-04-28 12:30:00,1.16947,1.16947,1.16879,1.16905,1212,0,0
2026-04-28 14:45:00,2026-04-28 12:45:00,1.16904,1.16906,1.16821,1.16830,1475,0,0
2026-04-28 15:00:00,2026-04-28 13:00:00,1.16831,1.16836,1.16775,1.16831,1470,0,0
2026-04-28 15:15:00,2026-04-28 13:15:00,1.16832,1.16930,1.16825,1.16894,1459,0,0
2026-04-28 15:30:00,2026-04-28 13:30:00,1.16894,1.16972,1.16856,1.16946,1138,0,0
2026-04-28 15:45:00,2026-04-28 13:45:00,1.16946,1.17000,1.16945,1.16969,1278,0,0
2026-04-28 16:00:00,2026-04-28 14:00:00,1.16970,1.16978,1.16934,1.16944,1166,0,0
2026-04-28 16:15:00,2026-04-28 14:15:00,1.16944,1.16999,1.16885,1.16996,1339,0,0
2026-04-28 16:30:00,2026-04-28 14:30:00,1.16990,1.17038,1.16915,1.17014,1716,0,0
2026-04-28 16:45:00,2026-04-28 14:45:00,1.17014,1.17028,1.16967,1.16973,1478,0,0
2026-04-28 17:00:00,2026-04-28 15:00:00,1.16973,1.16989,1.16904,1.16973,1453,0,0
2026-04-28 17:15:00,2026-04-28 15:15:00,1.16972,1.16994,1.16937,1.16967,1407,0,0
2026-04-28 17:30:00,2026-04-28 15:30:00,1.16967,1.17034,1.16950,1.16966,1548,0,0
2026-04-28 17:45:00,2026-04-28 15:45:00,1.16966,1.17011,1.16926,1.17010,1989,0,0
2026-04-28 18:00:00,2026-04-28 16:00:00,1.17009,1.17097,1.17008,1.17046,1709,0,0
2026-04-28 18:15:00,2026-04-28 16:15:00,1.17046,1.17129,1.17033,1.17107,1362,0,0
2026-04-28 18:30:00,2026-04-28 16:30:00,1.17106,1.17160,1.17077,1.17115,1340,0,0
2026-04-28 18:45:00,2026-04-28 16:45:00,1.17114,1.17141,1.17099,1.17138,1105,0,0
2026-04-28 19:00:00,2026-04-28 17:00:00,1.17141,1.17169,1.17123,1.17131,1114,0,0
2026-04-28 19:15:00,2026-04-28 17:15:00,1.17131,1.17131,1.17059,1.17065,1017,0,0
2026-04-28 19:30:00,2026-04-28 17:30:00,1.17066,1.17096,1.17053,1.17090,944,0,0
2026-04-28 19:45:00,2026-04-28 17:45:00,1.17090,1.17123,1.17075,1.17105,1020,0,0
2026-04-28 20:00:00,2026-04-28 18:00:00,1.17106,1.17119,1.17067,1.17102,891,0,0
2026-04-28 20:15:00,2026-04-28 18:15:00,1.17102,1.17109,1.17064,1.17097,669,0,0
2026-04-28 20:30:00,2026-04-28 18:30:00,1.17097,1.17146,1.17093,1.17126,773,0,0
2026-04-28 20:45:00,2026-04-28 18:45:00,1.17126,1.17178,1.17126,1.17137,987,0,0
2026-04-28 21:00:00,2026-04-28 19:00:00,1.17137,1.17157,1.17115,1.17127,751,0,0
2026-04-28 21:15:00,2026-04-28 19:15:00,1.17126,1.17158,1.17124,1.17154,858,0,0
2026-04-28 21:30:00,2026-04-28 19:30:00,1.17154,1.17159,1.17134,1.17157,737,0,0
2026-04-28 21:45:00,2026-04-28 19:45:00,1.17158,1.17162,1.17112,1.17118,754,0,0
2026-04-28 22:00:00,2026-04-28 20:00:00,1.17117,1.17153,1.17107,1.17110,636,0,0
2026-04-28 22:15:00,2026-04-28 20:15:00,1.17109,1.17112,1.17086,1.17094,653,0,0
2026-04-28 22:30:00,2026-04-28 20:30:00,1.17093,1.17103,1.17082,1.17088,607,0,0
2026-04-28 22:45:00,2026-04-28 20:45:00,1.17088,1.17099,1.17071,1.17098,649,0,0
2026-04-28 23:00:00,2026-04-28 21:00:00,1.17098,1.17146,1.17094,1.17121,519,0,0
2026-04-28 23:15:00,2026-04-28 21:15:00,1.17120,1.17127,1.17114,1.17125,311,0,0
2026-04-28 23:30:00,2026-04-28 21:30:00,1.17125,1.17150,1.17125,1.17143,306,0,0
2026-04-28 23:45:00,2026-04-28 21:45:00,1.17143,1.17148,1.17123,1.17127,260,0,0
2026-04-29 00:00:00,2026-04-28 22:00:00,1.17076,1.17124,1.17076,1.17113,105,50,0
2026-04-29 00:15:00,2026-04-28 22:15:00,1.17114,1.17114,1.17108,1.17113,46,54,0
2026-04-29 00:30:00,2026-04-28 22:30:00,1.17113,1.17118,1.17107,1.17109,111,50,0
2026-04-29 00:45:00,2026-04-28 22:45:00,1.17108,1.17121,1.17108,1.17109,125,44,0
2026-04-29 01:00:00,2026-04-28 23:00:00,1.17122,1.17183,1.17122,1.17175,476,0,0
2026-04-29 01:15:00,2026-04-28 23:15:00,1.17173,1.17175,1.17143,1.17144,191,0,0
2026-04-29 01:30:00,2026-04-28 23:30:00,1.17146,1.17161,1.17146,1.17157,220,0,0
2026-04-29 01:45:00,2026-04-28 23:45:00,1.17159,1.17160,1.17154,1.17156,358,0,0
2026-04-29 02:00:00,2026-04-29 00:00:00,1.17156,1.17165,1.17153,1.17155,181,0,0
2026-04-29 02:15:00,2026-04-29 00:15:00,1.17155,1.17165,1.17154,1.17156,247,0,0
2026-04-29 02:30:00,2026-04-29 00:30:00,1.17157,1.17167,1.17153,1.17165,183,0,0
2026-04-29 02:45:00,2026-04-29 00:45:00,1.17165,1.17176,1.17163,1.17176,194,0,0
2026-04-29 03:00:00,2026-04-29 01:00:00,1.17176,1.17207,1.17176,1.17185,486,0,0
2026-04-29 03:15:00,2026-04-29 01:15:00,1.17185,1.17187,1.17146,1.17156,391,0,0
2026-04-29 03:30:00,2026-04-29 01:30:00,1.17155,1.17187,1.17155,1.17182,389,0,0
2026-04-29 03:45:00,2026-04-29 01:45:00,1.17182,1.17184,1.17148,1.17157,559,0,0
2026-04-29 04:00:00,2026-04-29 02:00:00,1.17156,1.17161,1.17069,1.17075,1075,0,0
2026-04-29 04:15:00,2026-04-29 02:15:00,1.17073,1.17114,1.17072,1.17107,776,0,0
2026-04-29 04:30:00,2026-04-29 02:30:00,1.17105,1.17160,1.17092,1.17150,904,0,0
2026-04-29 04:45:00,2026-04-29 02:45:00,1.17148,1.17151,1.17101,1.17121,727,0,0
2026-04-29 05:00:00,2026-04-29 03:00:00,1.17121,1.17169,1.17121,1.17147,633,0,0
2026-04-29 05:15:00,2026-04-29 03:15:00,1.17147,1.17167,1.17125,1.17131,680,0,0
2026-04-29 05:30:00,2026-04-29 03:30:00,1.17130,1.17132,1.17072,1.17081,705,0,0
2026-04-29 05:45:00,2026-04-29 03:45:00,1.17081,1.17109,1.17075,1.17076,498,0,0
2026-04-29 06:00:00,2026-04-29 04:00:00,1.17077,1.17109,1.17074,1.17091,521,0,0
2026-04-29 06:15:00,2026-04-29 04:15:00,1.17091,1.17108,1.17084,1.17095,416,0,0
2026-04-29 06:30:00,2026-04-29 04:30:00,1.17095,1.17096,1.17064,1.17066,458,0,0
2026-04-29 06:45:00,2026-04-29 04:45:00,1.17066,1.17071,1.17050,1.17059,381,0,0
2026-04-29 07:00:00,2026-04-29 05:00:00,1.17059,1.17075,1.17052,1.17068,367,0,0
2026-04-29 07:15:00,2026-04-29 05:15:00,1.17068,1.17072,1.17049,1.17060,336,0,0
2026-04-29 07:30:00,2026-04-29 05:30:00,1.17060,1.17078,1.17058,1.17060,311,0,0
2026-04-29 07:45:00,2026-04-29 05:45:00,1.17061,1.17063,1.17044,1.17056,283,0,0
2026-04-29 08:00:00,2026-04-29 06:00:00,1.17056,1.17060,1.17028,1.17031,448,0,0
2026-04-29 08:15:00,2026-04-29 06:15:00,1.17032,1.17036,1.17009,1.17019,410,0,0
2026-04-29 08:30:00,2026-04-29 06:30:00,1.17019,1.17032,1.16980,1.17006,480,0,0
2026-04-29 08:45:00,2026-04-29 06:45:00,1.17007,1.17022,1.16988,1.17006,674,0,0
2026-04-29 09:00:00,2026-04-29 07:00:00,1.17006,1.17042,1.16972,1.16976,838,0,0
2026-04-29 09:15:00,2026-04-29 07:15:00,1.16975,1.16999,1.16967,1.16991,857,0,0
2026-04-29 09:30:00,2026-04-29 07:30:00,1.16991,1.17039,1.16963,1.17006,901,0,0
2026-04-29 09:45:00,2026-04-29 07:45:00,1.17006,1.17034,1.16982,1.17000,868,0,0
2026-04-29 10:00:00,2026-04-29 08:00:00,1.17000,1.17074,1.16982,1.17062,1204,0,0
2026-04-29 10:15:00,2026-04-29 08:15:00,1.17062,1.17068,1.17025,1.17051,898,0,0
2026-04-29 10:30:00,2026-04-29 08:30:00,1.17052,1.17076,1.17041,1.17048,972,0,0
2026-04-29 10:45:00,2026-04-29 08:45:00,1.17048,1.17083,1.17040,1.17055,877,0,0
2026-04-29 11:00:00,2026-04-29 09:00:00,1.17032,1.17059,1.16935,1.16955,1406,0,0
2026-04-29 11:15:00,2026-04-29 09:15:00,1.16954,1.17025,1.16950,1.16989,1020,0,0
2026-04-29 11:30:00,2026-04-29 09:30:00,1.16986,1.16998,1.16953,1.16993,1030,0,0
2026-04-29 11:45:00,2026-04-29 09:45:00,1.16994,1.17012,1.16983,1.17001,730,0,0
2026-04-29 12:00:00,2026-04-29 10:00:00,1.17001,1.17029,1.16989,1.16998,843,0,0
2026-04-29 12:15:00,2026-04-29 10:15:00,1.16997,1.17022,1.16970,1.17014,745,0,0
2026-04-29 12:30:00,2026-04-29 10:30:00,1.17016,1.17048,1.16995,1.16998,881,0,0
2026-04-29 12:45:00,2026-04-29 10:45:00,1.16999,1.17021,1.16960,1.16977,1014,0,0
2026-04-29 13:00:00,2026-04-29 11:00:00,1.16976,1.17020,1.16964,1.17016,824,0,0
2026-04-29 13:15:00,2026-04-29 11:15:00,1.17016,1.17031,1.17000,1.17011,610,0,0
2026-04-29 13:30:00,2026-04-29 11:30:00,1.17012,1.17020,1.17001,1.17012,602,0,0
2026-04-29 13:45:00,2026-04-29 11:45:00,1.17011,1.17095,1.17009,1.17094,744,0,0
2026-04-29 14:00:00,2026-04-29 12:00:00,1.17094,1.17097,1.17046,1.17050,939,0,0
2026-04-29 14:15:00,2026-04-29 12:15:00,1.17049,1.17077,1.17037,1.17053,938,0,0
2026-04-29 14:30:00,2026-04-29 12:30:00,1.17053,1.17092,1.17031,1.17037,820,0,0
2026-04-29 14:45:00,2026-04-29 12:45:00,1.17036,1.17052,1.16999,1.17011,896,0,0
2026-04-29 15:00:00,2026-04-29 13:00:00,1.17009,1.17082,1.17002,1.17040,933,0,0
2026-04-29 15:15:00,2026-04-29 13:15:00,1.17040,1.17077,1.17013,1.17045,1034,0,0
2026-04-29 15:30:00,2026-04-29 13:30:00,1.17044,1.17048,1.16968,1.16997,1207,0,0
2026-04-29 15:45:00,2026-04-29 13:45:00,1.16997,1.17011,1.16934,1.16991,1425,0,0
2026-04-29 16:00:00,2026-04-29 14:00:00,1.16992,1.17034,1.16980,1.16991,1244,0,0
2026-04-29 16:15:00,2026-04-29 14:15:00,1.16991,1.16991,1.16896,1.16909,1527,0,0
2026-04-29 16:30:00,2026-04-29 14:30:00,1.16905,1.16921,1.16825,1.16871,1577,0,0
2026-04-29 16:45:00,2026-04-29 14:45:00,1.16872,1.16898,1.16843,1.16889,1617,0,0
2026-04-29 17:00:00,2026-04-29 15:00:00,1.16888,1.16892,1.16840,1.16875,1482,0,0
2026-04-29 17:15:00,2026-04-29 15:15:00,1.16873,1.16930,1.16872,1.16907,1268,0,0
2026-04-29 17:30:00,2026-04-29 15:30:00,1.16906,1.16955,1.16899,1.16908,1218,0,0
2026-04-29 17:45:00,2026-04-29 15:45:00,1.16908,1.17032,1.16875,1.17009,1518,0,0
2026-04-29 18:00:00,2026-04-29 16:00:00,1.17009,1.17017,1.16947,1.16948,1414,0,0
2026-04-29 18:15:00,2026-04-29 16:15:00,1.16949,1.16975,1.16908,1.16924,1267,0,0
2026-04-29 18:30:00,2026-04-29 16:30:00,1.16925,1.17003,1.16920,1.16988,1332,0,0
2026-04-29 18:45:00,2026-04-29 16:45:00,1.16988,1.17042,1.16873,1.16947,1757,0,0
2026-04-29 19:00:00,2026-04-29 17:00:00,1.16947,1.16987,1.16911,1.16918,1257,0,0
2026-04-29 19:15:00,2026-04-29 17:15:00,1.16921,1.16950,1.16893,1.16925,984,0,0
2026-04-29 19:30:00,2026-04-29 17:30:00,1.16925,1.16929,1.16865,1.16867,1412,0,0
2026-04-29 19:45:00,2026-04-29 17:45:00,1.16866,1.16879,1.16837,1.16847,1070,0,0
2026-04-29 20:00:00,2026-04-29 18:00:00,1.16848,1.16850,1.16799,1.16812,962,0,0
2026-04-29 20:15:00,2026-04-29 18:15:00,1.16811,1.16854,1.16803,1.16823,974,0,0
2026-04-29 20:30:00,2026-04-29 18:30:00,1.16823,1.16846,1.16804,1.16834,1246,0,0
2026-04-29 20:45:00,2026-04-29 18:45:00,1.16835,1.16890,1.16833,1.16872,1046,0,0
2026-04-29 21:00:00,2026-04-29 19:00:00,1.16872,1.16906,1.16717,1.16750,2042,0,0
2026-04-29 21:15:00,2026-04-29 19:15:00,1.16750,1.16836,1.16742,1.16756,1430,0,0
2026-04-29 21:30:00,2026-04-29 19:30:00,1.16756,1.16839,1.16638,1.16640,2026,0,0
2026-04-29 21:45:00,2026-04-29 19:45:00,1.16640,1.16737,1.16612,1.16720,1920,0,0
2026-04-29 22:00:00,2026-04-29 20:00:00,1.16720,1.16769,1.16669,1.16765,1287,0,0
2026-04-29 22:15:00,2026-04-29 20:15:00,1.16765,1.16804,1.16735,1.16747,1116,0,0
2026-04-29 22:30:00,2026-04-29 20:30:00,1.16746,1.16749,1.16673,1.16713,1014,0,0
2026-04-29 22:45:00,2026-04-29 20:45:00,1.16714,1.16770,1.16708,1.16764,942,0,0
2026-04-29 23:00:00,2026-04-29 21:00:00,1.16763,1.16776,1.16718,1.16724,1166,0,0
2026-04-29 23:15:00,2026-04-29 21:15:00,1.16724,1.16749,1.16709,1.16742,710,0,0
2026-04-29 23:30:00,2026-04-29 21:30:00,1.16742,1.16757,1.16723,1.16747,689,0,0
2026-04-29 23:45:00,2026-04-29 21:45:00,1.16747,1.16752,1.16714,1.16752,403,0,0
2026-04-30 00:00:00,2026-04-29 22:00:00,1.16714,1.16737,1.16675,1.16736,97,70,0
2026-04-30 00:15:00,2026-04-29 22:15:00,1.16733,1.16733,1.16686,1.16710,162,69,0
2026-04-30 00:30:00,2026-04-29 22:30:00,1.16709,1.16746,1.16685,1.16707,855,85,0
2026-04-30 00:45:00,2026-04-29 22:45:00,1.16696,1.16753,1.16693,1.16704,601,50,0
2026-04-30 01:00:00,2026-04-29 23:00:00,1.16723,1.16754,1.16710,1.16723,486,0,0
2026-04-30 01:15:00,2026-04-29 23:15:00,1.16724,1.16779,1.16723,1.16776,551,0,0
2026-04-30 01:30:00,2026-04-29 23:30:00,1.16775,1.16787,1.16768,1.16775,561,0,0
2026-04-30 01:45:00,2026-04-29 23:45:00,1.16775,1.16786,1.16774,1.16778,535,0,0
2026-04-30 02:00:00,2026-04-30 00:00:00,1.16778,1.16786,1.16760,1.16774,268,0,0
2026-04-30 02:15:00,2026-04-30 00:15:00,1.16774,1.16796,1.16773,1.16795,246,0,0
2026-04-30 02:30:00,2026-04-30 00:30:00,1.16794,1.16860,1.16788,1.16858,474,0,0
2026-04-30 02:45:00,2026-04-30 00:45:00,1.16859,1.16865,1.16840,1.16845,338,0,0
2026-04-30 03:00:00,2026-04-30 01:00:00,1.16845,1.16892,1.16844,1.16873,1010,0,0
2026-04-30 03:15:00,2026-04-30 01:15:00,1.16874,1.16887,1.16854,1.16855,774,0,0
2026-04-30 03:30:00,2026-04-30 01:30:00,1.16857,1.16873,1.16818,1.16823,780,0,0
2026-04-30 03:45:00,2026-04-30 01:45:00,1.16823,1.16841,1.16792,1.16794,825,0,0
2026-04-30 04:00:00,2026-04-30 02:00:00,1.16793,1.16806,1.16774,1.16799,802,0,0
2026-04-30 04:15:00,2026-04-30 02:15:00,1.16798,1.16818,1.16789,1.16790,702,0,0
2026-04-30 04:30:00,2026-04-30 02:30:00,1.16790,1.16816,1.16749,1.16754,821,0,0
2026-04-30 04:45:00,2026-04-30 02:45:00,1.16753,1.16788,1.16732,1.16745,834,0,0
2026-04-30 05:00:00,2026-04-30 03:00:00,1.16745,1.16760,1.16725,1.16757,654,0,0
2026-04-30 05:15:00,2026-04-30 03:15:00,1.16757,1.16767,1.16701,1.16712,643,0,0
2026-04-30 05:30:00,2026-04-30 03:30:00,1.16712,1.16712,1.16642,1.16648,1324,0,0
2026-04-30 05:45:00,2026-04-30 03:45:00,1.16649,1.16671,1.16627,1.16668,836,0,0
2026-04-30 06:00:00,2026-04-30 04:00:00,1.16668,1.16711,1.16657,1.16671,857,0,0
2026-04-30 06:15:00,2026-04-30 04:15:00,1.16672,1.16703,1.16666,1.16695,656,0,0
2026-04-30 06:30:00,2026-04-30 04:30:00,1.16696,1.16702,1.16659,1.16669,618,0,0
2026-04-30 06:45:00,2026-04-30 04:45:00,1.16669,1.16670,1.16645,1.16659,564,0,0
2026-04-30 07:00:00,2026-04-30 05:00:00,1.16659,1.16662,1.16623,1.16644,774,0,0
2026-04-30 07:15:00,2026-04-30 05:15:00,1.16645,1.16646,1.16577,1.16590,861,0,0
2026-04-30 07:30:00,2026-04-30 05:30:00,1.16590,1.16596,1.16551,1.16587,950,0,0
2026-04-30 07:45:00,2026-04-30 05:45:00,1.16586,1.16609,1.16582,1.16602,750,0,0
2026-04-30 08:00:00,2026-04-30 06:00:00,1.16601,1.16647,1.16601,1.16633,873,0,0
2026-04-30 08:15:00,2026-04-30 06:15:00,1.16633,1.16644,1.16604,1.16610,653,0,0
2026-04-30 08:30:00,2026-04-30 06:30:00,1.16610,1.16646,1.16602,1.16615,771,0,0
2026-04-30 08:45:00,2026-04-30 06:45:00,1.16614,1.16622,1.16588,1.16593,766,0,0
2026-04-30 09:00:00,2026-04-30 07:00:00,1.16589,1.16654,1.16579,1.16607,1152,0,0
2026-04-30 09:15:00,2026-04-30 07:15:00,1.16606,1.16660,1.16599,1.16654,956,0,0
2026-04-30 09:30:00,2026-04-30 07:30:00,1.16657,1.16703,1.16653,1.16677,1296,0,0
2026-04-30 09:45:00,2026-04-30 07:45:00,1.16677,1.16707,1.16664,1.16702,1096,0,0
2026-04-30 10:00:00,2026-04-30 08:00:00,1.16703,1.16810,1.16698,1.16807,1387,0,0
2026-04-30 10:15:00,2026-04-30 08:15:00,1.16807,1.16814,1.16766,1.16813,1136,0,0
2026-04-30 10:30:00,2026-04-30 08:30:00,1.16813,1.16815,1.16757,1.16789,1040,0,0
2026-04-30 10:45:00,2026-04-30 08:45:00,1.16789,1.16839,1.16758,1.16795,1155,0,0
2026-04-30 11:00:00,2026-04-30 09:00:00,1.16795,1.16976,1.16794,1.16903,1931,0,0
2026-04-30 11:15:00,2026-04-30 09:15:00,1.16904,1.16913,1.16842,1.16874,1407,0,0
2026-04-30 11:30:00,2026-04-30 09:30:00,1.16874,1.16909,1.16826,1.16862,1439,0,0
2026-04-30 11:45:00,2026-04-30 09:45:00,1.16863,1.16863,1.16744,1.16797,1435,0,0
2026-04-30 12:00:00,2026-04-30 10:00:00,1.16799,1.16815,1.16733,1.16806,1545,0,0
2026-04-30 12:15:00,2026-04-30 10:15:00,1.16806,1.16868,1.16774,1.16866,1421,0,0
2026-04-30 12:30:00,2026-04-30 10:30:00,1.16868,1.16953,1.16850,1.16908,1689,0,0
2026-04-30 12:45:00,2026-04-30 10:45:00,1.16908,1.16973,1.16907,1.16944,1353,0,0
2026-04-30 13:00:00,2026-04-30 11:00:00,1.16944,1.16961,1.16889,1.16895,1468,0,0
2026-04-30 13:15:00,2026-04-30 11:15:00,1.16894,1.17073,1.16893,1.17062,1486,0,0
2026-04-30 13:30:00,2026-04-30 11:30:00,1.17059,1.17119,1.17026,1.17087,2544,0,0
2026-04-30 13:45:00,2026-04-30 11:45:00,1.17087,1.17153,1.17012,1.17150,2278,0,0
2026-04-30 14:00:00,2026-04-30 12:00:00,1.17149,1.17196,1.17031,1.17083,2198,0,0
2026-04-30 14:15:00,2026-04-30 12:15:00,1.17082,1.17191,1.17069,1.17169,2188,0,0
2026-04-30 14:30:00,2026-04-30 12:30:00,1.17170,1.17194,1.17098,1.17161,1998,0,0
2026-04-30 14:45:00,2026-04-30 12:45:00,1.17161,1.17191,1.17033,1.17049,1939,0,0
2026-04-30 15:00:00,2026-04-30 13:00:00,1.17048,1.17056,1.16978,1.17048,1678,0,0
2026-04-30 15:15:00,2026-04-30 13:15:00,1.17047,1.17051,1.16897,1.17005,2103,0,0
2026-04-30 15:30:00,2026-04-30 13:30:00,1.16998,1.17030,1.16898,1.16900,1878,0,0
2026-04-30 15:45:00,2026-04-30 13:45:00,1.16902,1.16997,1.16894,1.16927,1866,0,0
2026-04-30 16:00:00,2026-04-30 14:00:00,1.16927,1.17010,1.16852,1.16939,2209,0,0
2026-04-30 16:15:00,2026-04-30 14:15:00,1.16940,1.16940,1.16818,1.16918,1809,0,0
2026-04-30 16:30:00,2026-04-30 14:30:00,1.16915,1.16945,1.16833,1.16913,1971,0,0
2026-04-30 16:45:00,2026-04-30 14:45:00,1.16913,1.16969,1.16893,1.16908,1807,0,0
2026-04-30 17:00:00,2026-04-30 15:00:00,1.16901,1.17002,1.16875,1.16986,2139,0,0
2026-04-30 17:15:00,2026-04-30 15:15:00,1.16985,1.17150,1.16981,1.17132,1939,0,0
2026-04-30 17:30:00,2026-04-30 15:30:00,1.17133,1.17149,1.17049,1.17141,2142,0,0
2026-04-30 17:45:00,2026-04-30 15:45:00,1.17142,1.17333,1.17134,1.17277,2287,0,0
2026-04-30 18:00:00,2026-04-30 16:00:00,1.17280,1.17358,1.17228,1.17347,2346,0,0
2026-04-30 18:15:00,2026-04-30 16:15:00,1.17347,1.17353,1.17254,1.17266,1831,0,0
2026-04-30 18:30:00,2026-04-30 16:30:00,1.17268,1.17339,1.17248,1.17314,1559,0,0
2026-04-30 18:45:00,2026-04-30 16:45:00,1.17313,1.17313,1.17232,1.17285,1438,0,0
2026-04-30 19:00:00,2026-04-30 17:00:00,1.17285,1.17357,1.17267,1.17318,1392,0,0
2026-04-30 19:15:00,2026-04-30 17:15:00,1.17316,1.17323,1.17247,1.17256,1136,0,0
2026-04-30 19:30:00,2026-04-30 17:30:00,1.17257,1.17273,1.17236,1.17260,989,0,0
2026-04-30 19:45:00,2026-04-30 17:45:00,1.17261,1.17287,1.17228,1.17255,909,0,0
2026-04-30 20:00:00,2026-04-30 18:00:00,1.17255,1.17312,1.17244,1.17244,1307,0,0
2026-04-30 20:15:00,2026-04-30 18:15:00,1.17243,1.17291,1.17219,1.17278,912,0,0
2026-04-30 20:30:00,2026-04-30 18:30:00,1.17278,1.17326,1.17266,1.17284,1097,0,0
2026-04-30 20:45:00,2026-04-30 18:45:00,1.17284,1.17294,1.17247,1.17250,823,0,0
2026-04-30 21:00:00,2026-04-30 19:00:00,1.17252,1.17299,1.17252,1.17263,1070,0,0
2026-04-30 21:15:00,2026-04-30 19:15:00,1.17263,1.17327,1.17258,1.17296,1009,0,0
2026-04-30 21:30:00,2026-04-30 19:30:00,1.17296,1.17373,1.17296,1.17359,988,0,0
2026-04-30 21:45:00,2026-04-30 19:45:00,1.17360,1.17401,1.17353,1.17364,983,0,0
2026-04-30 22:00:00,2026-04-30 20:00:00,1.17362,1.17416,1.17362,1.17394,1230,0,0
2026-04-30 22:15:00,2026-04-30 20:15:00,1.17394,1.17407,1.17322,1.17347,896,0,0
2026-04-30 22:30:00,2026-04-30 20:30:00,1.17347,1.17391,1.17330,1.17370,962,0,0
2026-04-30 22:45:00,2026-04-30 20:45:00,1.17370,1.17388,1.17338,1.17338,1126,0,0
2026-04-30 23:00:00,2026-04-30 21:00:00,1.17335,1.17366,1.17294,1.17319,1159,0,0
2026-04-30 23:15:00,2026-04-30 21:15:00,1.17320,1.17357,1.17319,1.17336,508,0,0
2026-04-30 23:30:00,2026-04-30 21:30:00,1.17334,1.17366,1.17307,1.17308,489,0,0
2026-04-30 23:45:00,2026-04-30 21:45:00,1.17309,1.17328,1.17302,1.17305,587,0,0
2026-05-01 00:00:00,2026-04-30 22:00:00,1.17284,1.17318,1.17266,1.17317,146,12,0
2026-05-01 00:15:00,2026-04-30 22:15:00,1.17315,1.17342,1.17287,1.17290,107,16,0
2026-05-01 00:30:00,2026-04-30 22:30:00,1.17289,1.17303,1.17281,1.17293,265,28,0
2026-05-01 00:45:00,2026-04-30 22:45:00,1.17292,1.17347,1.17290,1.17307,390,20,0
2026-05-01 01:00:00,2026-04-30 23:00:00,1.17311,1.17360,1.17308,1.17311,359,0,0
2026-05-01 01:15:00,2026-04-30 23:15:00,1.17311,1.17322,1.17308,1.17313,236,0,0
2026-05-01 01:30:00,2026-04-30 23:30:00,1.17314,1.17320,1.17293,1.17309,327,0,0
2026-05-01 01:45:00,2026-04-30 23:45:00,1.17309,1.17315,1.17299,1.17314,351,0,0
2026-05-01 02:00:00,2026-05-01 00:00:00,1.17313,1.17332,1.17313,1.17315,436,0,0
2026-05-01 02:15:00,2026-05-01 00:15:00,1.17315,1.17329,1.17314,1.17319,320,0,0
2026-05-01 02:30:00,2026-05-01 00:30:00,1.17319,1.17329,1.17297,1.17297,380,0,0
2026-05-01 02:45:00,2026-05-01 00:45:00,1.17296,1.17309,1.17282,1.17287,552,0,0
2026-05-01 03:00:00,2026-05-01 01:00:00,1.17288,1.17298,1.17243,1.17255,955,0,0
2026-05-01 03:15:00,2026-05-01 01:15:00,1.17256,1.17276,1.17242,1.17272,682,0,0
2026-05-01 03:30:00,2026-05-01 01:30:00,1.17273,1.17293,1.17264,1.17292,699,0,0
2026-05-01 03:45:00,2026-05-01 01:45:00,1.17291,1.17298,1.17271,1.17275,744,0,0
2026-05-01 04:00:00,2026-05-01 02:00:00,1.17276,1.17280,1.17251,1.17279,477,0,0
2026-05-01 04:15:00,2026-05-01 02:15:00,1.17280,1.17303,1.17253,1.17291,475,0,0
2026-05-01 04:30:00,2026-05-01 02:30:00,1.17291,1.17329,1.17291,1.17308,608,0,0
2026-05-01 04:45:00,2026-05-01 02:45:00,1.17308,1.17320,1.17304,1.17311,542,0,0
2026-05-01 05:00:00,2026-05-01 03:00:00,1.17311,1.17341,1.17305,1.17328,540,0,0
2026-05-01 05:15:00,2026-05-01 03:15:00,1.17328,1.17341,1.17318,1.17329,456,0,0
2026-05-01 05:30:00,2026-05-01 03:30:00,1.17328,1.17339,1.17312,1.17321,437,0,0
2026-05-01 05:45:00,2026-05-01 03:45:00,1.17321,1.17341,1.17294,1.17337,468,0,0
2026-05-01 06:00:00,2026-05-01 04:00:00,1.17339,1.17347,1.17325,1.17346,448,0,0
2026-05-01 06:15:00,2026-05-01 04:15:00,1.17346,1.17365,1.17337,1.17358,421,0,0
2026-05-01 06:30:00,2026-05-01 04:30:00,1.17358,1.17364,1.17323,1.17326,511,0,0
2026-05-01 06:45:00,2026-05-01 04:45:00,1.17327,1.17336,1.17307,1.17311,470,0,0
2026-05-01 07:00:00,2026-05-01 05:00:00,1.17310,1.17323,1.17279,1.17291,565,0,0
2026-05-01 07:15:00,2026-05-01 05:15:00,1.17290,1.17295,1.17263,1.17266,451,0,0
2026-05-01 07:30:00,2026-05-01 05:30:00,1.17266,1.17277,1.17260,1.17271,418,0,0
2026-05-01 07:45:00,2026-05-01 05:45:00,1.17271,1.17277,1.17261,1.17268,453,0,0
2026-05-01 08:00:00,2026-05-01 06:00:00,1.17269,1.17272,1.17250,1.17254,606,0,0
2026-05-01 08:15:00,2026-05-01 06:15:00,1.17254,1.17257,1.17239,1.17246,460,0,0
2026-05-01 08:30:00,2026-05-01 06:30:00,1.17246,1.17263,1.17238,1.17253,526,0,0
2026-05-01 08:45:00,2026-05-01 06:45:00,1.17250,1.17252,1.17216,1.17224,566,0,0
2026-05-01 09:00:00,2026-05-01 07:00:00,1.17225,1.17245,1.17213,1.17221,845,0,0
2026-05-01 09:15:00,2026-05-01 07:15:00,1.17221,1.17227,1.17193,1.17208,676,0,0
2026-05-01 09:30:00,2026-05-01 07:30:00,1.17208,1.17217,1.17188,1.17216,846,0,0
2026-05-01 09:45:00,2026-05-01 07:45:00,1.17217,1.17450,1.17216,1.17355,2150,0,0
2026-05-01 10:00:00,2026-05-01 08:00:00,1.17355,1.17389,1.17318,1.17343,1712,0,0
2026-05-01 10:15:00,2026-05-01 08:15:00,1.17344,1.17401,1.17314,1.17396,1335,0,0
2026-05-01 10:30:00,2026-05-01 08:30:00,1.17400,1.17400,1.17324,1.17368,1299,0,0
2026-05-01 10:45:00,2026-05-01 08:45:00,1.17369,1.17421,1.17314,1.17345,1150,0,0
2026-05-01 11:00:00,2026-05-01 09:00:00,1.17345,1.17388,1.17319,1.17325,1264,0,0
2026-05-01 11:15:00,2026-05-01 09:15:00,1.17325,1.17482,1.17320,1.17444,982,0,0
2026-05-01 11:30:00,2026-05-01 09:30:00,1.17445,1.17475,1.17420,1.17450,1122,0,0
2026-05-01 11:45:00,2026-05-01 09:45:00,1.17449,1.17459,1.17418,1.17435,893,0,0
2026-05-01 12:00:00,2026-05-01 10:00:00,1.17435,1.17441,1.17367,1.17379,1036,0,0
2026-05-01 12:15:00,2026-05-01 10:15:00,1.17378,1.17390,1.17327,1.17340,896,0,0
2026-05-01 12:30:00,2026-05-01 10:30:00,1.17339,1.17384,1.17335,1.17369,887,0,0
2026-05-01 12:45:00,2026-05-01 10:45:00,1.17368,1.17375,1.17307,1.17314,893,0,0
2026-05-01 13:00:00,2026-05-01 11:00:00,1.17313,1.17425,1.17308,1.17418,958,0,0
2026-05-01 13:15:00,2026-05-01 11:15:00,1.17418,1.17445,1.17409,1.17421,762,0,0
2026-05-01 13:30:00,2026-05-01 11:30:00,1.17420,1.17439,1.17392,1.17405,771,0,0
2026-05-01 13:45:00,2026-05-01 11:45:00,1.17405,1.17458,1.17404,1.17447,917,0,0
2026-05-01 14:00:00,2026-05-01 12:00:00,1.17448,1.17511,1.17440,1.17509,976,0,0
2026-05-01 14:15:00,2026-05-01 12:15:00,1.17508,1.17585,1.17499,1.17555,1181,0,0
2026-05-01 14:30:00,2026-05-01 12:30:00,1.17554,1.17570,1.17476,1.17482,938,0,0
2026-05-01 14:45:00,2026-05-01 12:45:00,1.17483,1.17517,1.17457,1.17513,936,0,0
2026-05-01 15:00:00,2026-05-01 13:00:00,1.17514,1.17615,1.17481,1.17586,1358,0,0
2026-05-01 15:15:00,2026-05-01 13:15:00,1.17585,1.17690,1.17575,1.17657,1801,0,0
2026-05-01 15:30:00,2026-05-01 13:30:00,1.17656,1.17670,1.17594,1.17597,1230,0,0
2026-05-01 15:45:00,2026-05-01 13:45:00,1.17597,1.17620,1.17565,1.17576,1032,0,0
2026-05-01 16:00:00,2026-05-01 14:00:00,1.17575,1.17624,1.17566,1.17593,1091,0,0
2026-05-01 16:15:00,2026-05-01 14:15:00,1.17593,1.17612,1.17531,1.17551,1064,0,0
2026-05-01 16:30:00,2026-05-01 14:30:00,1.17554,1.17583,1.17526,1.17533,1490,0,0
2026-05-01 16:45:00,2026-05-01 14:45:00,1.17532,1.17637,1.17441,1.17620,1917,0,0
2026-05-01 17:00:00,2026-05-01 15:00:00,1.17619,1.17836,1.17604,1.17786,2149,0,0
2026-05-01 17:15:00,2026-05-01 15:15:00,1.17788,1.17852,1.17760,1.17789,1882,0,0
2026-05-01 17:30:00,2026-05-01 15:30:00,1.17791,1.17807,1.17674,1.17703,1606,0,0
2026-05-01 17:45:00,2026-05-01 15:45:00,1.17704,1.17736,1.17641,1.17674,1627,0,0
2026-05-01 18:00:00,2026-05-01 16:00:00,1.17674,1.17704,1.17645,1.17699,1721,0,0
2026-05-01 18:15:00,2026-05-01 16:15:00,1.17699,1.17709,1.17623,1.17641,1293,0,0
2026-05-01 18:30:00,2026-05-01 16:30:00,1.17643,1.17682,1.17614,1.17641,1227,0,0
2026-05-01 18:45:00,2026-05-01 16:45:00,1.17641,1.17687,1.17531,1.17551,1543,0,0
2026-05-01 19:00:00,2026-05-01 17:00:00,1.17550,1.17572,1.17506,1.17534,1111,0,0
2026-05-01 19:15:00,2026-05-01 17:15:00,1.17534,1.17564,1.17470,1.17480,1346,0,0
2026-05-01 19:30:00,2026-05-01 17:30:00,1.17481,1.17492,1.17422,1.17452,1195,0,0
2026-05-01 19:45:00,2026-05-01 17:45:00,1.17451,1.17453,1.17376,1.17384,1000,0,0
2026-05-01 20:00:00,2026-05-01 18:00:00,1.17380,1.17406,1.17355,1.17371,936,0,0
2026-05-01 20:15:00,2026-05-01 18:15:00,1.17371,1.17394,1.17348,1.17368,951,0,0
2026-05-01 20:30:00,2026-05-01 18:30:00,1.17367,1.17378,1.17294,1.17307,946,0,0
2026-05-01 20:45:00,2026-05-01 18:45:00,1.17307,1.17373,1.17294,1.17332,960,0,0
2026-05-01 21:00:00,2026-05-01 19:00:00,1.17334,1.17342,1.17235,1.17255,1052,0,0
2026-05-01 21:15:00,2026-05-01 19:15:00,1.17257,1.17280,1.17198,1.17240,1077,0,0
2026-05-01 21:30:00,2026-05-01 19:30:00,1.17241,1.17267,1.17194,1.17262,1067,0,0
2026-05-01 21:45:00,2026-05-01 19:45:00,1.17263,1.17294,1.17244,1.17274,836,0,0
2026-05-01 22:00:00,2026-05-01 20:00:00,1.17274,1.17284,1.17236,1.17246,709,0,0
2026-05-01 22:15:00,2026-05-01 20:15:00,1.17246,1.17253,1.17226,1.17226,566,0,0
2026-05-01 22:30:00,2026-05-01 20:30:00,1.17226,1.17235,1.17201,1.17206,657,0,0
2026-05-01 22:45:00,2026-05-01 20:45:00,1.17205,1.17211,1.17177,1.17195,585,0,0
2026-05-01 23:00:00,2026-05-01 21:00:00,1.17195,1.17226,1.17193,1.17204,525,0,0
2026-05-01 23:15:00,2026-05-01 21:15:00,1.17205,1.17208,1.17167,1.17168,533,0,0
2026-05-01 23:30:00,2026-05-01 21:30:00,1.17168,1.17191,1.17154,1.17191,578,0,0
2026-05-01 23:45:00,2026-05-01 21:45:00,1.17193,1.17212,1.17171,1.17203,463,0,0
2026-05-04 00:00:00,2026-05-03 22:00:00,1.17446,1.17462,1.17419,1.17460,132,38,0
2026-05-04 00:15:00,2026-05-03 22:15:00,1.17458,1.17480,1.17416,1.17470,151,38,0
2026-05-04 00:30:00,2026-05-03 22:30:00,1.17470,1.17474,1.17458,1.17460,103,38,0
2026-05-04 00:45:00,2026-05-03 22:45:00,1.17459,1.17459,1.17338,1.17367,382,38,0
2026-05-04 01:00:00,2026-05-03 23:00:00,1.17365,1.17420,1.17336,1.17340,842,0,0
2026-05-04 01:15:00,2026-05-03 23:15:00,1.17339,1.17341,1.17268,1.17321,660,0,0
2026-05-04 01:30:00,2026-05-03 23:30:00,1.17322,1.17362,1.17318,1.17355,443,0,0
2026-05-04 01:45:00,2026-05-03 23:45:00,1.17356,1.17361,1.17304,1.17334,293,0,0
2026-05-04 02:00:00,2026-05-04 00:00:00,1.17334,1.17335,1.17305,1.17323,320,0,0
2026-05-04 02:15:00,2026-05-04 00:15:00,1.17324,1.17324,1.17303,1.17308,287,0,0
2026-05-04 02:30:00,2026-05-04 00:30:00,1.17309,1.17323,1.17265,1.17267,369,0,0
2026-05-04 02:45:00,2026-05-04 00:45:00,1.17264,1.17304,1.17250,1.17260,632,0,0
2026-05-04 03:00:00,2026-05-04 01:00:00,1.17256,1.17288,1.17240,1.17257,895,0,0
2026-05-04 03:15:00,2026-05-04 01:15:00,1.17256,1.17268,1.17216,1.17235,918,0,0
2026-05-04 03:30:00,2026-05-04 01:30:00,1.17235,1.17261,1.17234,1.17247,746,0,0
2026-05-04 03:45:00,2026-05-04 01:45:00,1.17246,1.17274,1.17236,1.17271,834,0,0
2026-05-04 04:00:00,2026-05-04 02:00:00,1.17270,1.17273,1.17202,1.17226,971,0,0
2026-05-04 04:15:00,2026-05-04 02:15:00,1.17227,1.17290,1.17217,1.17225,917,0,0
2026-05-04 04:30:00,2026-05-04 02:30:00,1.17225,1.17257,1.17212,1.17256,888,0,0
2026-05-04 04:45:00,2026-05-04 02:45:00,1.17256,1.17264,1.17223,1.17252,765,0,0
2026-05-04 05:00:00,2026-05-04 03:00:00,1.17251,1.17280,1.17234,1.17270,784,0,0
2026-05-04 05:15:00,2026-05-04 03:15:00,1.17269,1.17271,1.17225,1.17226,668,0,0
2026-05-04 05:30:00,2026-05-04 03:30:00,1.17226,1.17265,1.17225,1.17258,748,0,0
2026-05-04 05:45:00,2026-05-04 03:45:00,1.17258,1.17287,1.17255,1.17275,684,0,0
2026-05-04 06:00:00,2026-05-04 04:00:00,1.17271,1.17286,1.17251,1.17273,551,0,0
2026-05-04 06:15:00,2026-05-04 04:15:00,1.17273,1.17275,1.17252,1.17262,505,0,0
2026-05-04 06:30:00,2026-05-04 04:30:00,1.17261,1.17267,1.17246,1.17260,522,0,0
2026-05-04 06:45:00,2026-05-04 04:45:00,1.17263,1.17387,1.17263,1.17375,1851,0,0
2026-05-04 07:00:00,2026-05-04 05:00:00,1.17376,1.17383,1.17332,1.17333,925,0,0
2026-05-04 07:15:00,2026-05-04 05:15:00,1.17333,1.17337,1.17291,1.17296,499,0,0
2026-05-04 07:30:00,2026-05-04 05:30:00,1.17297,1.17304,1.17275,1.17280,513,0,0
2026-05-04 07:45:00,2026-05-04 05:45:00,1.17280,1.17294,1.17276,1.17292,453,0,0
2026-05-04 08:00:00,2026-05-04 06:00:00,1.17292,1.17312,1.17276,1.17282,633,0,0
2026-05-04 08:15:00,2026-05-04 06:15:00,1.17282,1.17324,1.17264,1.17267,862,0,0
2026-05-04 08:30:00,2026-05-04 06:30:00,1.17266,1.17290,1.17257,1.17289,692,0,0
2026-05-04 08:45:00,2026-05-04 06:45:00,1.17289,1.17319,1.17283,1.17307,647,0,0
2026-05-04 09:00:00,2026-05-04 07:00:00,1.17307,1.17359,1.17302,1.17351,960,0,0
2026-05-04 09:15:00,2026-05-04 07:15:00,1.17350,1.17374,1.17341,1.17356,774,0,0
2026-05-04 09:30:00,2026-05-04 07:30:00,1.17356,1.17368,1.17274,1.17284,978,0,0
2026-05-04 09:45:00,2026-05-04 07:45:00,1.17284,1.17316,1.17214,1.17286,1194,0,0
2026-05-04 10:00:00,2026-05-04 08:00:00,1.17289,1.17291,1.17236,1.17260,1169,0,0
2026-05-04 10:15:00,2026-05-04 08:15:00,1.17260,1.17285,1.17203,1.17207,877,0,0
2026-05-04 10:30:00,2026-05-04 08:30:00,1.17206,1.17246,1.17184,1.17185,914,0,0
2026-05-04 10:45:00,2026-05-04 08:45:00,1.17184,1.17217,1.17152,1.17178,933,0,0
2026-05-04 11:00:00,2026-05-04 09:00:00,1.17178,1.17180,1.17115,1.17160,1118,0,0
2026-05-04 11:15:00,2026-05-04 09:15:00,1.17159,1.17190,1.17136,1.17184,957,0,0
2026-05-04 11:30:00,2026-05-04 09:30:00,1.17183,1.17220,1.17176,1.17203,880,0,0
2026-05-04 11:45:00,2026-05-04 09:45:00,1.17204,1.17232,1.17182,1.17191,901,0,0
2026-05-04 12:00:00,2026-05-04 10:00:00,1.17192,1.17237,1.17178,1.17196,926,0,0
2026-05-04 12:15:00,2026-05-04 10:15:00,1.17197,1.17209,1.17158,1.17187,867,0,0
2026-05-04 12:30:00,2026-05-04 10:30:00,1.17187,1.17213,1.17180,1.17205,683,0,0
2026-05-04 12:45:00,2026-05-04 10:45:00,1.17205,1.17205,1.17167,1.17173,671,0,0
2026-05-04 13:00:00,2026-05-04 11:00:00,1.17174,1.17174,1.16932,1.16967,2302,0,0
2026-05-04 13:15:00,2026-05-04 11:15:00,1.16966,1.17040,1.16889,1.17028,1903,0,0
2026-05-04 13:30:00,2026-05-04 11:30:00,1.17028,1.17144,1.17022,1.17102,1840,0,0
2026-05-04 13:45:00,2026-05-04 11:45:00,1.17101,1.17129,1.17034,1.17050,1221,0,0
2026-05-04 14:00:00,2026-05-04 12:00:00,1.17051,1.17085,1.16967,1.16968,1424,0,0
2026-05-04 14:15:00,2026-05-04 12:15:00,1.16969,1.17021,1.16957,1.17010,1079,0,0
2026-05-04 14:30:00,2026-05-04 12:30:00,1.17008,1.17014,1.16954,1.16995,1266,0,0
2026-05-04 14:45:00,2026-05-04 12:45:00,1.16995,1.17006,1.16928,1.16933,1108,0,0
2026-05-04 15:00:00,2026-05-04 13:00:00,1.16933,1.17023,1.16920,1.17019,1205,0,0
2026-05-04 15:15:00,2026-05-04 13:15:00,1.17019,1.17099,1.17005,1.17088,1550,0,0
2026-05-04 15:30:00,2026-05-04 13:30:00,1.17087,1.17112,1.17054,1.17083,1125,0,0
2026-05-04 15:45:00,2026-05-04 13:45:00,1.17083,1.17125,1.17071,1.17093,970,0,0
2026-05-04 16:00:00,2026-05-04 14:00:00,1.17094,1.17139,1.17019,1.17096,1784,0,0
2026-05-04 16:15:00,2026-05-04 14:15:00,1.17096,1.17104,1.17051,1.17073,1117,0,0
2026-05-04 16:30:00,2026-05-04 14:30:00,1.17074,1.17179,1.17061,1.17157,1641,0,0
2026-05-04 16:45:00,2026-05-04 14:45:00,1.17157,1.17175,1.17129,1.17150,1330,0,0
2026-05-04 17:00:00,2026-05-04 15:00:00,1.17150,1.17150,1.17067,1.17097,1522,0,0
2026-05-04 17:15:00,2026-05-04 15:15:00,1.17096,1.17156,1.17091,1.17139,1453,0,0
2026-05-04 17:30:00,2026-05-04 15:30:00,1.17139,1.17165,1.17084,1.17086,1283,0,0
2026-05-04 17:45:00,2026-05-04 15:45:00,1.17086,1.17104,1.17043,1.17072,1447,0,0
2026-05-04 18:00:00,2026-05-04 16:00:00,1.17073,1.17157,1.17046,1.17110,1762,0,0
2026-05-04 18:15:00,2026-05-04 16:15:00,1.17111,1.17153,1.16968,1.17020,2291,0,0
2026-05-04 18:30:00,2026-05-04 16:30:00,1.17021,1.17024,1.16964,1.17008,1876,0,0
2026-05-04 18:45:00,2026-05-04 16:45:00,1.17007,1.17032,1.16938,1.16975,1856,0,0
2026-05-04 19:00:00,2026-05-04 17:00:00,1.16975,1.17009,1.16850,1.16854,2064,0,0
2026-05-04 19:15:00,2026-05-04 17:15:00,1.16854,1.16969,1.16842,1.16906,2032,0,0
2026-05-04 19:30:00,2026-05-04 17:30:00,1.16907,1.16932,1.16838,1.16839,1591,0,0
2026-05-04 19:45:00,2026-05-04 17:45:00,1.16838,1.16855,1.16810,1.16822,1277,0,0
2026-05-04 20:00:00,2026-05-04 18:00:00,1.16822,1.16900,1.16819,1.16889,1447,0,0
2026-05-04 20:15:00,2026-05-04 18:15:00,1.16889,1.16961,1.16881,1.16952,1344,0,0
2026-05-04 20:30:00,2026-05-04 18:30:00,1.16952,1.16972,1.16912,1.16929,1059,0,0
2026-05-04 20:45:00,2026-05-04 18:45:00,1.16929,1.16947,1.16910,1.16935,747,0,0
2026-05-04 21:00:00,2026-05-04 19:00:00,1.16934,1.16970,1.16915,1.16943,919,0,0
2026-05-04 21:15:00,2026-05-04 19:15:00,1.16943,1.16944,1.16888,1.16916,1101,0,0
2026-05-04 21:30:00,2026-05-04 19:30:00,1.16917,1.16929,1.16905,1.16908,877,0,0
2026-05-04 21:45:00,2026-05-04 19:45:00,1.16908,1.16979,1.16883,1.16974,977,0,0
2026-05-04 22:00:00,2026-05-04 20:00:00,1.16974,1.17005,1.16935,1.16977,1398,0,0
2026-05-04 22:15:00,2026-05-04 20:15:00,1.16978,1.17022,1.16973,1.16997,1031,0,0
2026-05-04 22:30:00,2026-05-04 20:30:00,1.16998,1.17010,1.16979,1.16991,732,0,0
2026-05-04 22:45:00,2026-05-04 20:45:00,1.16989,1.16990,1.16939,1.16949,945,0,0
2026-05-04 23:00:00,2026-05-04 21:00:00,1.16949,1.16949,1.16910,1.16910,672,0,0
2026-05-04 23:15:00,2026-05-04 21:15:00,1.16909,1.16912,1.16872,1.16898,542,0,0
2026-05-04 23:30:00,2026-05-04 21:30:00,1.16897,1.16920,1.16889,1.16916,420,0,0
2026-05-04 23:45:00,2026-05-04 21:45:00,1.16913,1.16925,1.16908,1.16916,331,0,0
2026-05-05 00:00:00,2026-05-04 22:00:00,1.16868,1.16878,1.16853,1.16874,51,65,0
2026-05-05 00:15:00,2026-05-04 22:15:00,1.16874,1.16900,1.16872,1.16898,75,45,0
2026-05-05 00:30:00,2026-05-04 22:30:00,1.16898,1.16909,1.16896,1.16900,88,27,0
2026-05-05 00:45:00,2026-05-04 22:45:00,1.16899,1.16904,1.16879,1.16892,120,17,0
2026-05-05 01:00:00,2026-05-04 23:00:00,1.16898,1.16923,1.16890,1.16895,465,0,0
2026-05-05 01:15:00,2026-05-04 23:15:00,1.16896,1.16910,1.16889,1.16908,332,0,0
2026-05-05 01:30:00,2026-05-04 23:30:00,1.16908,1.16918,1.16906,1.16912,333,0,0
2026-05-05 01:45:00,2026-05-04 23:45:00,1.16912,1.16914,1.16899,1.16902,241,0,0
2026-05-05 02:00:00,2026-05-05 00:00:00,1.16902,1.16913,1.16898,1.16910,188,0,0
2026-05-05 02:15:00,2026-05-05 00:15:00,1.16911,1.16925,1.16910,1.16918,139,0,0
2026-05-05 02:30:00,2026-05-05 00:30:00,1.16917,1.16929,1.16912,1.16917,219,0,0
2026-05-05 02:45:00,2026-05-05 00:45:00,1.16917,1.16923,1.16912,1.16917,273,0,0
2026-05-05 03:00:00,2026-05-05 01:00:00,1.16917,1.16939,1.16908,1.16931,545,0,0
2026-05-05 03:15:00,2026-05-05 01:15:00,1.16930,1.16930,1.16862,1.16872,528,0,0
2026-05-05 03:30:00,2026-05-05 01:30:00,1.16872,1.16874,1.16850,1.16863,461,0,0
2026-05-05 03:45:00,2026-05-05 01:45:00,1.16867,1.16890,1.16862,1.16863,508,0,0
2026-05-05 04:00:00,2026-05-05 02:00:00,1.16864,1.16866,1.16842,1.16844,593,0,0
2026-05-05 04:15:00,2026-05-05 02:15:00,1.16844,1.16854,1.16796,1.16818,516,0,0
2026-05-05 04:30:00,2026-05-05 02:30:00,1.16819,1.16877,1.16812,1.16850,736,0,0
2026-05-05 04:45:00,2026-05-05 02:45:00,1.16850,1.16884,1.16847,1.16868,703,0,0
2026-05-05 05:00:00,2026-05-05 03:00:00,1.16868,1.16885,1.16866,1.16868,563,0,0
2026-05-05 05:15:00,2026-05-05 03:15:00,1.16868,1.16907,1.16862,1.16898,507,0,0
2026-05-05 05:30:00,2026-05-05 03:30:00,1.16898,1.16914,1.16892,1.16912,418,0,0
2026-05-05 05:45:00,2026-05-05 03:45:00,1.16911,1.16915,1.16873,1.16875,395,0,0
2026-05-05 06:00:00,2026-05-05 04:00:00,1.16874,1.16878,1.16851,1.16871,428,0,0
2026-05-05 06:15:00,2026-05-05 04:15:00,1.16871,1.16882,1.16864,1.16871,399,0,0
2026-05-05 06:30:00,2026-05-05 04:30:00,1.16871,1.16873,1.16846,1.16853,351,0,0
2026-05-05 06:45:00,2026-05-05 04:45:00,1.16853,1.16859,1.16833,1.16840,398,0,0
2026-05-05 07:00:00,2026-05-05 05:00:00,1.16839,1.16860,1.16837,1.16856,298,0,0
2026-05-05 07:15:00,2026-05-05 05:15:00,1.16856,1.16867,1.16855,1.16862,383,0,0
2026-05-05 07:30:00,2026-05-05 05:30:00,1.16861,1.16875,1.16842,1.16844,557,0,0
2026-05-05 07:45:00,2026-05-05 05:45:00,1.16843,1.16844,1.16768,1.16778,672,0,0
2026-05-05 08:00:00,2026-05-05 06:00:00,1.16777,1.16801,1.16765,1.16791,633,0,0
2026-05-05 08:15:00,2026-05-05 06:15:00,1.16787,1.16819,1.16775,1.16797,561,0,0
2026-05-05 08:30:00,2026-05-05 06:30:00,1.16798,1.16844,1.16796,1.16837,796,0,0
2026-05-05 08:45:00,2026-05-05 06:45:00,1.16837,1.16846,1.16809,1.16832,730,0,0
2026-05-05 09:00:00,2026-05-05 07:00:00,1.16831,1.16874,1.16821,1.16856,1027,0,0
2026-05-05 09:15:00,2026-05-05 07:15:00,1.16855,1.16864,1.16797,1.16848,1006,0,0
2026-05-05 09:30:00,2026-05-05 07:30:00,1.16848,1.16897,1.16841,1.16872,1095,0,0
2026-05-05 09:45:00,2026-05-05 07:45:00,1.16874,1.16883,1.16850,1.16859,973,0,0
2026-05-05 10:00:00,2026-05-05 08:00:00,1.16860,1.16931,1.16858,1.16896,1301,0,0
2026-05-05 10:15:00,2026-05-05 08:15:00,1.16895,1.16914,1.16875,1.16876,905,0,0
2026-05-05 10:30:00,2026-05-05 08:30:00,1.16876,1.16969,1.16865,1.16919,1254,0,0
2026-05-05 10:45:00,2026-05-05 08:45:00,1.16920,1.16933,1.16891,1.16892,951,0,0
2026-05-05 11:00:00,2026-05-05 09:00:00,1.16891,1.16935,1.16885,1.16915,1140,0,0
2026-05-05 11:15:00,2026-05-05 09:15:00,1.16917,1.16966,1.16916,1.16944,1012,0,0
2026-05-05 11:30:00,2026-05-05 09:30:00,1.16943,1.16949,1.16851,1.16872,1019,0,0
2026-05-05 11:45:00,2026-05-05 09:45:00,1.16872,1.16910,1.16853,1.16888,1061,0,0
2026-05-05 12:00:00,2026-05-05 10:00:00,1.16889,1.16905,1.16839,1.16864,1311,0,0
2026-05-05 12:15:00,2026-05-05 10:15:00,1.16863,1.16870,1.16812,1.16863,1193,0,0
2026-05-05 12:30:00,2026-05-05 10:30:00,1.16864,1.16918,1.16863,1.16913,1069,0,0
2026-05-05 12:45:00,2026-05-05 10:45:00,1.16909,1.16930,1.16863,1.16903,1031,0,0
2026-05-05 13:00:00,2026-05-05 11:00:00,1.16903,1.16906,1.16870,1.16895,819,0,0
2026-05-05 13:15:00,2026-05-05 11:15:00,1.16894,1.16955,1.16886,1.16945,806,0,0
2026-05-05 13:30:00,2026-05-05 11:30:00,1.16944,1.16978,1.16880,1.16894,1089,0,0
2026-05-05 13:45:00,2026-05-05 11:45:00,1.16894,1.16898,1.16872,1.16895,721,0,0
2026-05-05 14:00:00,2026-05-05 12:00:00,1.16896,1.16902,1.16835,1.16857,1083,0,0
2026-05-05 14:15:00,2026-05-05 12:15:00,1.16857,1.16938,1.16832,1.16929,1060,0,0
2026-05-05 14:30:00,2026-05-05 12:30:00,1.16928,1.16946,1.16897,1.16902,939,0,0
2026-05-05 14:45:00,2026-05-05 12:45:00,1.16901,1.16915,1.16877,1.16891,1017,0,0
2026-05-05 15:00:00,2026-05-05 13:00:00,1.16890,1.16924,1.16852,1.16909,1778,0,0
2026-05-05 15:15:00,2026-05-05 13:15:00,1.16910,1.16978,1.16906,1.16964,1423,0,0
2026-05-05 15:30:00,2026-05-05 13:30:00,1.16964,1.16972,1.16903,1.16908,1094,0,0
2026-05-05 15:45:00,2026-05-05 13:45:00,1.16907,1.16932,1.16903,1.16925,980,0,0
2026-05-05 16:00:00,2026-05-05 14:00:00,1.16924,1.17038,1.16921,1.17008,1285,0,0
2026-05-05 16:15:00,2026-05-05 14:15:00,1.17008,1.17046,1.17000,1.17009,1158,0,0
2026-05-05 16:30:00,2026-05-05 14:30:00,1.17011,1.17035,1.16977,1.16982,1496,0,0
2026-05-05 16:45:00,2026-05-05 14:45:00,1.16981,1.17009,1.16964,1.16975,1398,0,0
2026-05-05 17:00:00,2026-05-05 15:00:00,1.16973,1.17061,1.16958,1.16976,1701,0,0
2026-05-05 17:15:00,2026-05-05 15:15:00,1.16978,1.17046,1.16914,1.17022,1773,0,0
2026-05-05 17:30:00,2026-05-05 15:30:00,1.17021,1.17041,1.16975,1.17027,1512,0,0
2026-05-05 17:45:00,2026-05-05 15:45:00,1.17026,1.17060,1.16986,1.17056,1427,0,0
2026-05-05 18:00:00,2026-05-05 16:00:00,1.17057,1.17107,1.17051,1.17061,1375,0,0
2026-05-05 18:15:00,2026-05-05 16:15:00,1.17060,1.17063,1.17012,1.17060,1205,0,0
2026-05-05 18:30:00,2026-05-05 16:30:00,1.17058,1.17132,1.17034,1.17117,1308,0,0
2026-05-05 18:45:00,2026-05-05 16:45:00,1.17117,1.17139,1.17064,1.17067,1154,0,0
2026-05-05 19:00:00,2026-05-05 17:00:00,1.17067,1.17090,1.17022,1.17022,839,0,0
2026-05-05 19:15:00,2026-05-05 17:15:00,1.17017,1.17022,1.16986,1.17005,902,0,0
2026-05-05 19:30:00,2026-05-05 17:30:00,1.17006,1.17033,1.16980,1.17030,936,0,0
2026-05-05 19:45:00,2026-05-05 17:45:00,1.17029,1.17036,1.16986,1.16995,941,0,0
2026-05-05 20:00:00,2026-05-05 18:00:00,1.16994,1.17017,1.16960,1.16974,867,0,0
2026-05-05 20:15:00,2026-05-05 18:15:00,1.16973,1.16998,1.16970,1.16994,793,0,0
2026-05-05 20:30:00,2026-05-05 18:30:00,1.16993,1.17043,1.16990,1.16996,1033,0,0
2026-05-05 20:45:00,2026-05-05 18:45:00,1.16995,1.17015,1.16977,1.16988,731,0,0
2026-05-05 21:00:00,2026-05-05 19:00:00,1.16988,1.17006,1.16977,1.16987,685,0,0
2026-05-05 21:15:00,2026-05-05 19:15:00,1.16986,1.17009,1.16982,1.16994,492,0,0
2026-05-05 21:30:00,2026-05-05 19:30:00,1.16995,1.17001,1.16970,1.16989,611,0,0
2026-05-05 21:45:00,2026-05-05 19:45:00,1.16989,1.17010,1.16987,1.16999,473,0,0
2026-05-05 22:00:00,2026-05-05 20:00:00,1.17001,1.17012,1.16974,1.16978,574,0,0
2026-05-05 22:15:00,2026-05-05 20:15:00,1.16976,1.16981,1.16950,1.16953,474,0,0
2026-05-05 22:30:00,2026-05-05 20:30:00,1.16953,1.16968,1.16953,1.16957,599,0,0
2026-05-05 22:45:00,2026-05-05 20:45:00,1.16956,1.16972,1.16941,1.16953,726,0,0
2026-05-05 23:00:00,2026-05-05 21:00:00,1.16953,1.16970,1.16949,1.16962,555,0,0
2026-05-05 23:15:00,2026-05-05 21:15:00,1.16957,1.16959,1.16942,1.16947,391,0,0
2026-05-05 23:30:00,2026-05-05 21:30:00,1.16946,1.16948,1.16924,1.16925,325,0,0
2026-05-05 23:45:00,2026-05-05 21:45:00,1.16925,1.16949,1.16919,1.16927,340,0,0
2026-05-06 00:00:00,2026-05-05 22:00:00,1.16908,1.16930,1.16908,1.16925,126,22,0
2026-05-06 00:15:00,2026-05-05 22:15:00,1.16926,1.16928,1.16924,1.16927,32,18,0
2026-05-06 00:30:00,2026-05-05 22:30:00,1.16928,1.16928,1.16925,1.16926,53,18,0
2026-05-06 00:45:00,2026-05-05 22:45:00,1.16925,1.16929,1.16920,1.16923,130,18,0
2026-05-06 01:00:00,2026-05-05 23:00:00,1.16929,1.16951,1.16928,1.16940,411,0,0
2026-05-06 01:15:00,2026-05-05 23:15:00,1.16941,1.16941,1.16917,1.16928,222,0,0
2026-05-06 01:30:00,2026-05-05 23:30:00,1.16929,1.16938,1.16920,1.16936,241,0,0
2026-05-06 01:45:00,2026-05-05 23:45:00,1.16936,1.17095,1.16930,1.17055,911,0,0
2026-05-06 02:00:00,2026-05-06 00:00:00,1.17055,1.17245,1.17052,1.17233,1039,0,0
2026-05-06 02:15:00,2026-05-06 00:15:00,1.17232,1.17255,1.17176,1.17177,787,0,0
2026-05-06 02:30:00,2026-05-06 00:30:00,1.17176,1.17214,1.17165,1.17166,521,0,0
2026-05-06 02:45:00,2026-05-06 00:45:00,1.17165,1.17178,1.17146,1.17148,522,0,0
2026-05-06 03:00:00,2026-05-06 01:00:00,1.17153,1.17167,1.17122,1.17129,1295,0,0
2026-05-06 03:15:00,2026-05-06 01:15:00,1.17128,1.17181,1.17111,1.17138,1021,0,0
2026-05-06 03:30:00,2026-05-06 01:30:00,1.17141,1.17205,1.17133,1.17196,933,0,0
2026-05-06 03:45:00,2026-05-06 01:45:00,1.17193,1.17216,1.17171,1.17202,772,0,0
2026-05-06 04:00:00,2026-05-06 02:00:00,1.17200,1.17216,1.17176,1.17195,961,0,0
2026-05-06 04:15:00,2026-05-06 02:15:00,1.17194,1.17252,1.17189,1.17224,778,0,0
2026-05-06 04:30:00,2026-05-06 02:30:00,1.17223,1.17235,1.17185,1.17233,837,0,0
2026-05-06 04:45:00,2026-05-06 02:45:00,1.17233,1.17261,1.17209,1.17213,808,0,0
2026-05-06 05:00:00,2026-05-06 03:00:00,1.17212,1.17249,1.17211,1.17213,794,0,0
2026-05-06 05:15:00,2026-05-06 03:15:00,1.17213,1.17235,1.17182,1.17185,572,0,0
2026-05-06 05:30:00,2026-05-06 03:30:00,1.17184,1.17197,1.17164,1.17167,495,0,0
2026-05-06 05:45:00,2026-05-06 03:45:00,1.17166,1.17184,1.17155,1.17174,488,0,0
2026-05-06 06:00:00,2026-05-06 04:00:00,1.17174,1.17220,1.17167,1.17214,657,0,0
2026-05-06 06:15:00,2026-05-06 04:15:00,1.17214,1.17222,1.17187,1.17203,528,0,0
2026-05-06 06:30:00,2026-05-06 04:30:00,1.17203,1.17230,1.17177,1.17205,607,0,0
2026-05-06 06:45:00,2026-05-06 04:45:00,1.17206,1.17207,1.17164,1.17178,484,0,0
2026-05-06 07:00:00,2026-05-06 05:00:00,1.17177,1.17181,1.17162,1.17181,405,0,0
2026-05-06 07:15:00,2026-05-06 05:15:00,1.17182,1.17284,1.17175,1.17283,810,0,0
2026-05-06 07:30:00,2026-05-06 05:30:00,1.17283,1.17365,1.17266,1.17334,1858,0,0
2026-05-06 07:45:00,2026-05-06 05:45:00,1.17334,1.17430,1.17307,1.17371,1926,0,0
2026-05-06 08:00:00,2026-05-06 06:00:00,1.17371,1.17382,1.17337,1.17339,1274,0,0
2026-05-06 08:15:00,2026-05-06 06:15:00,1.17338,1.17344,1.17301,1.17332,991,0,0
2026-05-06 08:30:00,2026-05-06 06:30:00,1.17332,1.17334,1.17313,1.17323,709,0,0
2026-05-06 08:45:00,2026-05-06 06:45:00,1.17323,1.17336,1.17306,1.17330,895,0,0
2026-05-06 09:00:00,2026-05-06 07:00:00,1.17331,1.17354,1.17303,1.17327,1209,0,0
2026-05-06 09:15:00,2026-05-06 07:15:00,1.17327,1.17350,1.17304,1.17328,930,0,0
2026-05-06 09:30:00,2026-05-06 07:30:00,1.17327,1.17341,1.17284,1.17316,982,0,0
2026-05-06 09:45:00,2026-05-06 07:45:00,1.17316,1.17355,1.17311,1.17333,929,0,0
2026-05-06 10:00:00,2026-05-06 08:00:00,1.17334,1.17369,1.17282,1.17283,1314,0,0
2026-05-06 10:15:00,2026-05-06 08:15:00,1.17284,1.17311,1.17270,1.17301,1191,0,0
2026-05-06 10:30:00,2026-05-06 08:30:00,1.17302,1.17310,1.17243,1.17280,1100,0,0
2026-05-06 10:45:00,2026-05-06 08:45:00,1.17280,1.17383,1.17279,1.17376,1521,0,0
2026-05-06 11:00:00,2026-05-06 09:00:00,1.17374,1.17398,1.17332,1.17340,1553,0,0
2026-05-06 11:15:00,2026-05-06 09:15:00,1.17340,1.17381,1.17329,1.17377,1032,0,0
2026-05-06 11:30:00,2026-05-06 09:30:00,1.17379,1.17498,1.17373,1.17479,1256,0,0
2026-05-06 11:45:00,2026-05-06 09:45:00,1.17479,1.17706,1.17474,1.17629,2205,0,0
2026-05-06 12:00:00,2026-05-06 10:00:00,1.17627,1.17645,1.17561,1.17595,1627,0,0
2026-05-06 12:15:00,2026-05-06 10:15:00,1.17595,1.17698,1.17589,1.17668,1491,0,0
2026-05-06 12:30:00,2026-05-06 10:30:00,1.17667,1.17736,1.17650,1.17714,1490,0,0
2026-05-06 12:45:00,2026-05-06 10:45:00,1.17714,1.17772,1.17708,1.17752,1305,0,0
2026-05-06 13:00:00,2026-05-06 11:00:00,1.17753,1.17773,1.17688,1.17690,1411,0,0
2026-05-06 13:15:00,2026-05-06 11:15:00,1.17690,1.17706,1.17666,1.17694,1177,0,0
2026-05-06 13:30:00,2026-05-06 11:30:00,1.17694,1.17839,1.17694,1.17832,1470,0,0
2026-05-06 13:45:00,2026-05-06 11:45:00,1.17832,1.17967,1.17796,1.17889,2014,0,0
2026-05-06 14:00:00,2026-05-06 12:00:00,1.17886,1.17918,1.17825,1.17847,1646,0,0
2026-05-06 14:15:00,2026-05-06 12:15:00,1.17846,1.17898,1.17821,1.17852,1415,0,0
2026-05-06 14:30:00,2026-05-06 12:30:00,1.17856,1.17868,1.17744,1.17754,1528,0,0
2026-05-06 14:45:00,2026-05-06 12:45:00,1.17754,1.17767,1.17681,1.17700,1557,0,0
2026-05-06 15:00:00,2026-05-06 13:00:00,1.17700,1.17703,1.17522,1.17563,1798,0,0
2026-05-06 15:15:00,2026-05-06 13:15:00,1.17566,1.17625,1.17517,1.17601,1868,0,0
2026-05-06 15:30:00,2026-05-06 13:30:00,1.17602,1.17640,1.17557,1.17611,1486,0,0
2026-05-06 15:45:00,2026-05-06 13:45:00,1.17610,1.17611,1.17527,1.17536,1408,0,0
2026-05-06 16:00:00,2026-05-06 14:00:00,1.17534,1.17592,1.17463,1.17559,1931,0,0
2026-05-06 16:15:00,2026-05-06 14:15:00,1.17559,1.17582,1.17496,1.17508,1471,0,0
2026-05-06 16:30:00,2026-05-06 14:30:00,1.17507,1.17565,1.17472,1.17517,1826,0,0
2026-05-06 16:45:00,2026-05-06 14:45:00,1.17517,1.17553,1.17496,1.17516,1551,0,0
2026-05-06 17:00:00,2026-05-06 15:00:00,1.17515,1.17522,1.17451,1.17480,1680,0,0
2026-05-06 17:15:00,2026-05-06 15:15:00,1.17481,1.17519,1.17457,1.17468,1475,0,0
2026-05-06 17:30:00,2026-05-06 15:30:00,1.17468,1.17623,1.17465,1.17622,1574,0,0
2026-05-06 17:45:00,2026-05-06 15:45:00,1.17621,1.17632,1.17547,1.17551,1713,0,0
2026-05-06 18:00:00,2026-05-06 16:00:00,1.17550,1.17555,1.17486,1.17504,1483,0,0
2026-05-06 18:15:00,2026-05-06 16:15:00,1.17502,1.17540,1.17497,1.17531,1235,0,0
2026-05-06 18:30:00,2026-05-06 16:30:00,1.17531,1.17585,1.17519,1.17557,1281,0,0
2026-05-06 18:45:00,2026-05-06 16:45:00,1.17558,1.17575,1.17524,1.17530,1145,0,0
2026-05-06 19:00:00,2026-05-06 17:00:00,1.17530,1.17536,1.17491,1.17513,1060,0,0
2026-05-06 19:15:00,2026-05-06 17:15:00,1.17513,1.17530,1.17499,1.17509,878,0,0
2026-05-06 19:30:00,2026-05-06 17:30:00,1.17510,1.17529,1.17494,1.17504,850,0,0
2026-05-06 19:45:00,2026-05-06 17:45:00,1.17504,1.17505,1.17418,1.17443,1151,0,0
2026-05-06 20:00:00,2026-05-06 18:00:00,1.17443,1.17530,1.17427,1.17516,1097,0,0
2026-05-06 20:15:00,2026-05-06 18:15:00,1.17516,1.17558,1.17506,1.17533,793,0,0
2026-05-06 20:30:00,2026-05-06 18:30:00,1.17533,1.17539,1.17458,1.17471,970,0,0
2026-05-06 20:45:00,2026-05-06 18:45:00,1.17471,1.17484,1.17447,1.17482,951,0,0
2026-05-06 21:00:00,2026-05-06 19:00:00,1.17482,1.17498,1.17455,1.17462,1051,0,0
2026-05-06 21:15:00,2026-05-06 19:15:00,1.17461,1.17485,1.17446,1.17457,845,0,0
2026-05-06 21:30:00,2026-05-06 19:30:00,1.17456,1.17483,1.17455,1.17471,804,0,0
2026-05-06 21:45:00,2026-05-06 19:45:00,1.17470,1.17516,1.17455,1.17495,760,0,0
2026-05-06 22:00:00,2026-05-06 20:00:00,1.17494,1.17545,1.17488,1.17535,807,0,0
2026-05-06 22:15:00,2026-05-06 20:15:00,1.17535,1.17556,1.17528,1.17535,699,0,0
2026-05-06 22:30:00,2026-05-06 20:30:00,1.17534,1.17534,1.17488,1.17490,808,0,0
2026-05-06 22:45:00,2026-05-06 20:45:00,1.17489,1.17518,1.17474,1.17476,988,0,0
2026-05-06 23:00:00,2026-05-06 21:00:00,1.17476,1.17502,1.17463,1.17495,662,0,0
2026-05-06 23:15:00,2026-05-06 21:15:00,1.17495,1.17507,1.17482,1.17483,460,0,0
2026-05-06 23:30:00,2026-05-06 21:30:00,1.17484,1.17485,1.17452,1.17457,426,0,0
2026-05-06 23:45:00,2026-05-06 21:45:00,1.17458,1.17491,1.17449,1.17483,336,0,0
2026-05-07 00:00:00,2026-05-06 22:00:00,1.17428,1.17473,1.17427,1.17473,112,36,0
2026-05-07 00:15:00,2026-05-06 22:15:00,1.17473,1.17482,1.17465,1.17469,87,28,0
2026-05-07 00:30:00,2026-05-06 22:30:00,1.17470,1.17501,1.17466,1.17499,125,12,0
2026-05-07 00:45:00,2026-05-06 22:45:00,1.17496,1.17499,1.17476,1.17480,243,12,0
2026-05-07 01:00:00,2026-05-06 23:00:00,1.17487,1.17510,1.17487,1.17505,260,0,0
2026-05-07 01:15:00,2026-05-06 23:15:00,1.17506,1.17512,1.17495,1.17497,225,0,0
2026-05-07 01:30:00,2026-05-06 23:30:00,1.17498,1.17514,1.17494,1.17514,227,0,0
2026-05-07 01:45:00,2026-05-06 23:45:00,1.17514,1.17516,1.17497,1.17505,323,0,0
2026-05-07 02:00:00,2026-05-07 00:00:00,1.17506,1.17520,1.17500,1.17513,247,0,0
2026-05-07 02:15:00,2026-05-07 00:15:00,1.17514,1.17514,1.17487,1.17493,153,0,0
2026-05-07 02:30:00,2026-05-07 00:30:00,1.17493,1.17495,1.17481,1.17487,194,0,0
2026-05-07 02:45:00,2026-05-07 00:45:00,1.17488,1.17495,1.17464,1.17480,384,0,0
2026-05-07 03:00:00,2026-05-07 01:00:00,1.17479,1.17541,1.17467,1.17539,1261,0,0
2026-05-07 03:15:00,2026-05-07 01:15:00,1.17534,1.17542,1.17474,1.17487,885,0,0
2026-05-07 03:30:00,2026-05-07 01:30:00,1.17486,1.17506,1.17472,1.17484,884,0,0
2026-05-07 03:45:00,2026-05-07 01:45:00,1.17484,1.17495,1.17468,1.17486,808,0,0
2026-05-07 04:00:00,2026-05-07 02:00:00,1.17486,1.17559,1.17463,1.17541,948,0,0
2026-05-07 04:15:00,2026-05-07 02:15:00,1.17541,1.17577,1.17539,1.17570,927,0,0
2026-05-07 04:30:00,2026-05-07 02:30:00,1.17568,1.17627,1.17557,1.17626,859,0,0
2026-05-07 04:45:00,2026-05-07 02:45:00,1.17625,1.17637,1.17582,1.17590,789,0,0
2026-05-07 05:00:00,2026-05-07 03:00:00,1.17590,1.17610,1.17559,1.17564,745,0,0
2026-05-07 05:15:00,2026-05-07 03:15:00,1.17565,1.17574,1.17548,1.17566,699,0,0
2026-05-07 05:30:00,2026-05-07 03:30:00,1.17567,1.17579,1.17548,1.17556,678,0,0
2026-05-07 05:45:00,2026-05-07 03:45:00,1.17556,1.17580,1.17552,1.17565,614,0,0
2026-05-07 06:00:00,2026-05-07 04:00:00,1.17565,1.17567,1.17530,1.17533,635,0,0
2026-05-07 06:15:00,2026-05-07 04:15:00,1.17533,1.17555,1.17527,1.17527,547,0,0
2026-05-07 06:30:00,2026-05-07 04:30:00,1.17527,1.17531,1.17502,1.17513,517,0,0
2026-05-07 06:45:00,2026-05-07 04:45:00,1.17513,1.17514,1.17487,1.17489,571,0,0
2026-05-07 07:00:00,2026-05-07 05:00:00,1.17489,1.17511,1.17478,1.17503,616,0,0
2026-05-07 07:15:00,2026-05-07 05:15:00,1.17502,1.17528,1.17502,1.17524,412,0,0
2026-05-07 07:30:00,2026-05-07 05:30:00,1.17523,1.17536,1.17513,1.17519,404,0,0
2026-05-07 07:45:00,2026-05-07 05:45:00,1.17521,1.17527,1.17507,1.17509,530,0,0
2026-05-07 08:00:00,2026-05-07 06:00:00,1.17509,1.17533,1.17507,1.17521,575,0,0
2026-05-07 08:15:00,2026-05-07 06:15:00,1.17521,1.17525,1.17500,1.17515,624,0,0
2026-05-07 08:30:00,2026-05-07 06:30:00,1.17515,1.17536,1.17515,1.17525,495,0,0
2026-05-07 08:45:00,2026-05-07 06:45:00,1.17524,1.17538,1.17509,1.17518,619,0,0
2026-05-07 09:00:00,2026-05-07 07:00:00,1.17518,1.17523,1.17493,1.17501,827,0,0
2026-05-07 09:15:00,2026-05-07 07:15:00,1.17501,1.17521,1.17478,1.17478,856,0,0
2026-05-07 09:30:00,2026-05-07 07:30:00,1.17479,1.17565,1.17452,1.17560,1363,0,0
2026-05-07 09:45:00,2026-05-07 07:45:00,1.17565,1.17570,1.17449,1.17482,1403,0,0
2026-05-07 10:00:00,2026-05-07 08:00:00,1.17482,1.17673,1.17480,1.17670,1783,0,0
2026-05-07 10:15:00,2026-05-07 08:15:00,1.17669,1.17687,1.17595,1.17646,1487,0,0
2026-05-07 10:30:00,2026-05-07 08:30:00,1.17646,1.17678,1.17615,1.17644,1350,0,0
2026-05-07 10:45:00,2026-05-07 08:45:00,1.17645,1.17675,1.17619,1.17670,1351,0,0
2026-05-07 11:00:00,2026-05-07 09:00:00,1.17669,1.17676,1.17649,1.17670,1259,0,0
2026-05-07 11:15:00,2026-05-07 09:15:00,1.17671,1.17716,1.17631,1.17698,1328,0,0
2026-05-07 11:30:00,2026-05-07 09:30:00,1.17698,1.17736,1.17680,1.17699,1051,0,0
2026-05-07 11:45:00,2026-05-07 09:45:00,1.17699,1.17743,1.17695,1.17718,920,0,0
2026-05-07 12:00:00,2026-05-07 10:00:00,1.17718,1.17721,1.17657,1.17684,1202,0,0
2026-05-07 12:15:00,2026-05-07 10:15:00,1.17686,1.17699,1.17656,1.17686,1061,0,0
2026-05-07 12:30:00,2026-05-07 10:30:00,1.17685,1.17772,1.17680,1.17767,1123,0,0
2026-05-07 12:45:00,2026-05-07 10:45:00,1.17768,1.17785,1.17693,1.17703,1114,0,0
2026-05-07 13:00:00,2026-05-07 11:00:00,1.17705,1.17760,1.17679,1.17754,1136,0,0
2026-05-07 13:15:00,2026-05-07 11:15:00,1.17752,1.17761,1.17730,1.17749,905,0,0
2026-05-07 13:30:00,2026-05-07 11:30:00,1.17749,1.17760,1.17697,1.17719,1007,0,0
2026-05-07 13:45:00,2026-05-07 11:45:00,1.17721,1.17727,1.17649,1.17669,1181,0,0
2026-05-07 14:00:00,2026-05-07 12:00:00,1.17670,1.17686,1.17635,1.17636,1115,0,0
2026-05-07 14:15:00,2026-05-07 12:15:00,1.17636,1.17667,1.17624,1.17641,1127,0,0
2026-05-07 14:30:00,2026-05-07 12:30:00,1.17641,1.17681,1.17630,1.17658,1020,0,0
2026-05-07 14:45:00,2026-05-07 12:45:00,1.17661,1.17704,1.17638,1.17701,860,0,0
2026-05-07 15:00:00,2026-05-07 13:00:00,1.17701,1.17725,1.17679,1.17712,1053,0,0
2026-05-07 15:15:00,2026-05-07 13:15:00,1.17711,1.17734,1.17671,1.17702,1242,0,0
2026-05-07 15:30:00,2026-05-07 13:30:00,1.17699,1.17749,1.17692,1.17744,1069,0,0
2026-05-07 15:45:00,2026-05-07 13:45:00,1.17744,1.17780,1.17726,1.17728,1250,0,0
2026-05-07 16:00:00,2026-05-07 14:00:00,1.17729,1.17745,1.17698,1.17728,1482,0,0
2026-05-07 16:15:00,2026-05-07 14:15:00,1.17728,1.17770,1.17719,1.17755,1221,0,0
2026-05-07 16:30:00,2026-05-07 14:30:00,1.17754,1.17756,1.17697,1.17734,1416,0,0
2026-05-07 16:45:00,2026-05-07 14:45:00,1.17735,1.17749,1.17666,1.17684,1678,0,0
2026-05-07 17:00:00,2026-05-07 15:00:00,1.17685,1.17704,1.17640,1.17690,1485,0,0
2026-05-07 17:15:00,2026-05-07 15:15:00,1.17690,1.17734,1.17651,1.17696,1340,0,0
2026-05-07 17:30:00,2026-05-07 15:30:00,1.17697,1.17725,1.17677,1.17702,1259,0,0
2026-05-07 17:45:00,2026-05-07 15:45:00,1.17701,1.17774,1.17700,1.17759,1409,0,0
2026-05-07 18:00:00,2026-05-07 16:00:00,1.17760,1.17779,1.17737,1.17737,1382,0,0
2026-05-07 18:15:00,2026-05-07 16:15:00,1.17736,1.17757,1.17631,1.17651,1452,0,0
2026-05-07 18:30:00,2026-05-07 16:30:00,1.17651,1.17714,1.17644,1.17685,1311,0,0
2026-05-07 18:45:00,2026-05-07 16:45:00,1.17685,1.17690,1.17630,1.17636,1433,0,0
2026-05-07 19:00:00,2026-05-07 17:00:00,1.17637,1.17661,1.17587,1.17597,1591,0,0
2026-05-07 19:15:00,2026-05-07 17:15:00,1.17598,1.17639,1.17564,1.17631,1487,0,0
2026-05-07 19:30:00,2026-05-07 17:30:00,1.17633,1.17648,1.17599,1.17605,1196,0,0
2026-05-07 19:45:00,2026-05-07 17:45:00,1.17606,1.17614,1.17569,1.17604,1211,0,0
2026-05-07 20:00:00,2026-05-07 18:00:00,1.17604,1.17611,1.17569,1.17595,1258,0,0
2026-05-07 20:15:00,2026-05-07 18:15:00,1.17594,1.17594,1.17470,1.17474,1640,0,0
2026-05-07 20:30:00,2026-05-07 18:30:00,1.17474,1.17496,1.17357,1.17439,1841,0,0
2026-05-07 20:45:00,2026-05-07 18:45:00,1.17436,1.17501,1.17433,1.17490,1387,0,0
2026-05-07 21:00:00,2026-05-07 19:00:00,1.17488,1.17514,1.17463,1.17483,1216,0,0
2026-05-07 21:15:00,2026-05-07 19:15:00,1.17483,1.17515,1.17479,1.17510,1053,0,0
2026-05-07 21:30:00,2026-05-07 19:30:00,1.17510,1.17522,1.17399,1.17435,1224,0,0
2026-05-07 21:45:00,2026-05-07 19:45:00,1.17436,1.17511,1.17406,1.17500,1797,0,0
2026-05-07 22:00:00,2026-05-07 20:00:00,1.17500,1.17543,1.17456,1.17489,1334,0,0
2026-05-07 22:15:00,2026-05-07 20:15:00,1.17490,1.17504,1.17365,1.17413,1606,0,0
2026-05-07 22:30:00,2026-05-07 20:30:00,1.17413,1.17485,1.17412,1.17455,955,0,0
2026-05-07 22:45:00,2026-05-07 20:45:00,1.17455,1.17459,1.17334,1.17339,1475,0,0
2026-05-07 23:00:00,2026-05-07 21:00:00,1.17337,1.17447,1.17332,1.17386,1278,0,0
2026-05-07 23:15:00,2026-05-07 21:15:00,1.17387,1.17388,1.17336,1.17350,645,0,0
2026-05-07 23:30:00,2026-05-07 21:30:00,1.17350,1.17356,1.17291,1.17296,1049,0,0
2026-05-07 23:45:00,2026-05-07 21:45:00,1.17296,1.17300,1.17227,1.17231,711,0,0
2026-05-08 00:00:00,2026-05-07 22:00:00,1.17241,1.17270,1.17204,1.17242,211,38,0
2026-05-08 00:15:00,2026-05-07 22:15:00,1.17274,1.17285,1.17238,1.17280,152,23,0
2026-05-08 00:30:00,2026-05-07 22:30:00,1.17281,1.17281,1.17232,1.17252,271,12,0
2026-05-08 00:45:00,2026-05-07 22:45:00,1.17254,1.17266,1.17248,1.17261,192,20,0
2026-05-08 01:00:00,2026-05-07 23:00:00,1.17269,1.17285,1.17230,1.17269,635,0,0
2026-05-08 01:15:00,2026-05-07 23:15:00,1.17266,1.17316,1.17259,1.17288,746,0,0
2026-05-08 01:30:00,2026-05-07 23:30:00,1.17289,1.17303,1.17256,1.17270,593,0,0
2026-05-08 01:45:00,2026-05-07 23:45:00,1.17270,1.17275,1.17250,1.17252,377,0,0
2026-05-08 02:00:00,2026-05-08 00:00:00,1.17252,1.17263,1.17245,1.17256,278,0,0
2026-05-08 02:15:00,2026-05-08 00:15:00,1.17255,1.17278,1.17255,1.17276,255,0,0
2026-05-08 02:30:00,2026-05-08 00:30:00,1.17275,1.17287,1.17269,1.17286,294,0,0
2026-05-08 02:45:00,2026-05-08 00:45:00,1.17290,1.17315,1.17285,1.17306,398,0,0
2026-05-08 03:00:00,2026-05-08 01:00:00,1.17306,1.17349,1.17295,1.17318,933,0,0
2026-05-08 03:15:00,2026-05-08 01:15:00,1.17318,1.17319,1.17265,1.17293,898,0,0
2026-05-08 03:30:00,2026-05-08 01:30:00,1.17293,1.17314,1.17286,1.17287,764,0,0
2026-05-08 03:45:00,2026-05-08 01:45:00,1.17288,1.17300,1.17269,1.17270,742,0,0
2026-05-08 04:00:00,2026-05-08 02:00:00,1.17269,1.17320,1.17269,1.17310,841,0,0
2026-05-08 04:15:00,2026-05-08 02:15:00,1.17310,1.17337,1.17297,1.17320,827,0,0
2026-05-08 04:30:00,2026-05-08 02:30:00,1.17319,1.17333,1.17291,1.17302,644,0,0
2026-05-08 04:45:00,2026-05-08 02:45:00,1.17302,1.17329,1.17300,1.17325,615,0,0
2026-05-08 05:00:00,2026-05-08 03:00:00,1.17325,1.17329,1.17300,1.17304,586,0,0
2026-05-08 05:15:00,2026-05-08 03:15:00,1.17305,1.17322,1.17286,1.17295,677,0,0
2026-05-08 05:30:00,2026-05-08 03:30:00,1.17296,1.17304,1.17246,1.17249,788,0,0
2026-05-08 05:45:00,2026-05-08 03:45:00,1.17249,1.17302,1.17249,1.17275,801,0,0
2026-05-08 06:00:00,2026-05-08 04:00:00,1.17274,1.17296,1.17269,1.17291,567,0,0
2026-05-08 06:15:00,2026-05-08 04:15:00,1.17289,1.17298,1.17275,1.17288,504,0,0
2026-05-08 06:30:00,2026-05-08 04:30:00,1.17288,1.17334,1.17287,1.17334,610,0,0
2026-05-08 06:45:00,2026-05-08 04:45:00,1.17333,1.17338,1.17283,1.17283,548,0,0
2026-05-08 07:00:00,2026-05-08 05:00:00,1.17283,1.17307,1.17283,1.17290,633,0,0
2026-05-08 07:15:00,2026-05-08 05:15:00,1.17289,1.17303,1.17270,1.17294,544,0,0
2026-05-08 07:30:00,2026-05-08 05:30:00,1.17294,1.17333,1.17289,1.17332,352,0,0
2026-05-08 07:45:00,2026-05-08 05:45:00,1.17332,1.17359,1.17329,1.17353,597,0,0
2026-05-08 08:00:00,2026-05-08 06:00:00,1.17353,1.17368,1.17329,1.17339,694,0,0
2026-05-08 08:15:00,2026-05-08 06:15:00,1.17339,1.17365,1.17333,1.17364,602,0,0
2026-05-08 08:30:00,2026-05-08 06:30:00,1.17364,1.17385,1.17343,1.17371,739,0,0
2026-05-08 08:45:00,2026-05-08 06:45:00,1.17370,1.17388,1.17350,1.17370,678,0,0
2026-05-08 09:00:00,2026-05-08 07:00:00,1.17370,1.17465,1.17370,1.17405,909,0,0
2026-05-08 09:15:00,2026-05-08 07:15:00,1.17406,1.17476,1.17404,1.17475,1107,0,0
2026-05-08 09:30:00,2026-05-08 07:30:00,1.17476,1.17482,1.17431,1.17461,1002,0,0
2026-05-08 09:45:00,2026-05-08 07:45:00,1.17462,1.17479,1.17442,1.17443,1006,0,0
2026-05-08 10:00:00,2026-05-08 08:00:00,1.17442,1.17480,1.17426,1.17447,1097,0,0
2026-05-08 10:15:00,2026-05-08 08:15:00,1.17446,1.17461,1.17423,1.17428,1079,0,0
2026-05-08 10:30:00,2026-05-08 08:30:00,1.17428,1.17467,1.17424,1.17450,1051,0,0
2026-05-08 10:45:00,2026-05-08 08:45:00,1.17449,1.17451,1.17417,1.17431,812,0,0
2026-05-08 11:00:00,2026-05-08 09:00:00,1.17431,1.17470,1.17421,1.17449,1084,0,0
2026-05-08 11:15:00,2026-05-08 09:15:00,1.17448,1.17553,1.17448,1.17552,1215,0,0
2026-05-08 11:30:00,2026-05-08 09:30:00,1.17551,1.17621,1.17550,1.17615,1110,0,0
2026-05-08 11:45:00,2026-05-08 09:45:00,1.17614,1.17658,1.17582,1.17640,1124,0,0
2026-05-08 12:00:00,2026-05-08 10:00:00,1.17640,1.17707,1.17633,1.17684,985,0,0
2026-05-08 12:15:00,2026-05-08 10:15:00,1.17683,1.17736,1.17681,1.17682,928,0,0
2026-05-08 12:30:00,2026-05-08 10:30:00,1.17682,1.17706,1.17676,1.17690,889,0,0
2026-05-08 12:45:00,2026-05-08 10:45:00,1.17689,1.17716,1.17666,1.17691,1007,0,0
2026-05-08 13:00:00,2026-05-08 11:00:00,1.17691,1.17726,1.17683,1.17707,924,0,0
2026-05-08 13:15:00,2026-05-08 11:15:00,1.17706,1.17716,1.17689,1.17694,671,0,0
2026-05-08 13:30:00,2026-05-08 11:30:00,1.17694,1.17724,1.17673,1.17674,735,0,0
2026-05-08 13:45:00,2026-05-08 11:45:00,1.17674,1.17685,1.17613,1.17640,992,0,0
2026-05-08 14:00:00,2026-05-08 12:00:00,1.17639,1.17661,1.17618,1.17645,1035,0,0
2026-05-08 14:15:00,2026-05-08 12:15:00,1.17645,1.17681,1.17642,1.17669,833,0,0
2026-05-08 14:30:00,2026-05-08 12:30:00,1.17669,1.17691,1.17652,1.17653,766,0,0
2026-05-08 14:45:00,2026-05-08 12:45:00,1.17650,1.17676,1.17635,1.17653,829,0,0
2026-05-08 15:00:00,2026-05-08 13:00:00,1.17654,1.17654,1.17594,1.17600,1081,0,0
2026-05-08 15:15:00,2026-05-08 13:15:00,1.17600,1.17671,1.17598,1.17646,1141,0,0
2026-05-08 15:30:00,2026-05-08 13:30:00,1.17644,1.17789,1.17576,1.17770,1954,0,0
2026-05-08 15:45:00,2026-05-08 13:45:00,1.17770,1.17783,1.17715,1.17740,1506,0,0
2026-05-08 16:00:00,2026-05-08 14:00:00,1.17740,1.17752,1.17663,1.17677,1467,0,0
2026-05-08 16:15:00,2026-05-08 14:15:00,1.17677,1.17789,1.17665,1.17777,1415,0,0
2026-05-08 16:30:00,2026-05-08 14:30:00,1.17777,1.17871,1.17762,1.17818,1758,0,0
2026-05-08 16:45:00,2026-05-08 14:45:00,1.17821,1.17846,1.17773,1.17789,1353,0,0
2026-05-08 17:00:00,2026-05-08 15:00:00,1.17789,1.17796,1.17674,1.17737,1539,0,0
2026-05-08 17:15:00,2026-05-08 15:15:00,1.17737,1.17762,1.17672,1.17680,1481,0,0
2026-05-08 17:30:00,2026-05-08 15:30:00,1.17676,1.17760,1.17675,1.17734,1443,0,0
2026-05-08 17:45:00,2026-05-08 15:45:00,1.17733,1.17765,1.17733,1.17745,1305,0,0
2026-05-08 18:00:00,2026-05-08 16:00:00,1.17744,1.17786,1.17687,1.17703,1520,0,0
2026-05-08 18:15:00,2026-05-08 16:15:00,1.17702,1.17729,1.17669,1.17725,1215,0,0
2026-05-08 18:30:00,2026-05-08 16:30:00,1.17725,1.17766,1.17682,1.17737,1323,0,0
2026-05-08 18:45:00,2026-05-08 16:45:00,1.17738,1.17787,1.17725,1.17728,1185,0,0
2026-05-08 19:00:00,2026-05-08 17:00:00,1.17728,1.17784,1.17716,1.17748,1136,0,0
2026-05-08 19:15:00,2026-05-08 17:15:00,1.17749,1.17775,1.17747,1.17767,736,0,0
2026-05-08 19:30:00,2026-05-08 17:30:00,1.17768,1.17775,1.17713,1.17725,777,0,0
2026-05-08 19:45:00,2026-05-08 17:45:00,1.17725,1.17744,1.17707,1.17713,854,0,0
2026-05-08 20:00:00,2026-05-08 18:00:00,1.17713,1.17736,1.17705,1.17713,667,0,0
2026-05-08 20:15:00,2026-05-08 18:15:00,1.17713,1.17755,1.17709,1.17744,723,0,0
2026-05-08 20:30:00,2026-05-08 18:30:00,1.17745,1.17756,1.17731,1.17744,546,0,0
2026-05-08 20:45:00,2026-05-08 18:45:00,1.17743,1.17763,1.17715,1.17723,705,0,0
2026-05-08 21:00:00,2026-05-08 19:00:00,1.17722,1.17816,1.17708,1.17802,975,0,0
2026-05-08 21:15:00,2026-05-08 19:15:00,1.17803,1.17808,1.17772,1.17784,723,0,0
2026-05-08 21:30:00,2026-05-08 19:30:00,1.17784,1.17792,1.17766,1.17786,568,0,0
2026-05-08 21:45:00,2026-05-08 19:45:00,1.17785,1.17803,1.17752,1.17785,773,0,0
2026-05-08 22:00:00,2026-05-08 20:00:00,1.17785,1.17822,1.17778,1.17814,657,0,0
2026-05-08 22:15:00,2026-05-08 20:15:00,1.17815,1.17822,1.17807,1.17818,448,0,0
2026-05-08 22:30:00,2026-05-08 20:30:00,1.17818,1.17833,1.17803,1.17823,744,0,0
2026-05-08 22:45:00,2026-05-08 20:45:00,1.17822,1.17826,1.17769,1.17803,933,0,0
2026-05-08 23:00:00,2026-05-08 21:00:00,1.17803,1.17838,1.17788,1.17834,580,0,0
2026-05-08 23:15:00,2026-05-08 21:15:00,1.17834,1.17851,1.17829,1.17838,391,0,0
2026-05-08 23:30:00,2026-05-08 21:30:00,1.17839,1.17872,1.17834,1.17863,525,0,0
2026-05-08 23:45:00,2026-05-08 21:45:00,1.17865,1.17880,1.17857,1.17872,371,0,0
2026-05-11 00:00:00,2026-05-10 22:00:00,1.17421,1.17542,1.17421,1.17508,163,38,0
2026-05-11 00:15:00,2026-05-10 22:15:00,1.17503,1.17536,1.17458,1.17536,211,38,0
2026-05-11 00:30:00,2026-05-10 22:30:00,1.17534,1.17678,1.17511,1.17675,265,38,0
2026-05-11 00:45:00,2026-05-10 22:45:00,1.17674,1.17676,1.17564,1.17577,256,38,0
2026-05-11 01:00:00,2026-05-10 23:00:00,1.17602,1.17633,1.17576,1.17615,759,0,0
2026-05-11 01:15:00,2026-05-10 23:15:00,1.17615,1.17634,1.17584,1.17634,549,0,0
2026-05-11 01:30:00,2026-05-10 23:30:00,1.17630,1.17647,1.17623,1.17641,464,0,0
2026-05-11 01:45:00,2026-05-10 23:45:00,1.17641,1.17647,1.17629,1.17640,373,0,0
2026-05-11 02:00:00,2026-05-11 00:00:00,1.17640,1.17658,1.17638,1.17645,275,0,0
2026-05-11 02:15:00,2026-05-11 00:15:00,1.17645,1.17678,1.17644,1.17670,267,0,0
2026-05-11 02:30:00,2026-05-11 00:30:00,1.17670,1.17695,1.17665,1.17694,311,0,0
2026-05-11 02:45:00,2026-05-11 00:45:00,1.17692,1.17701,1.17667,1.17673,459,0,0
2026-05-11 03:00:00,2026-05-11 01:00:00,1.17673,1.17713,1.17657,1.17682,685,0,0
2026-05-11 03:15:00,2026-05-11 01:15:00,1.17682,1.17715,1.17672,1.17706,558,0,0
2026-05-11 03:30:00,2026-05-11 01:30:00,1.17707,1.17721,1.17693,1.17696,576,0,0
2026-05-11 03:45:00,2026-05-11 01:45:00,1.17696,1.17705,1.17661,1.17700,833,0,0
2026-05-11 04:00:00,2026-05-11 02:00:00,1.17700,1.17713,1.17647,1.17680,856,0,0
2026-05-11 04:15:00,2026-05-11 02:15:00,1.17681,1.17701,1.17665,1.17690,729,0,0
2026-05-11 04:30:00,2026-05-11 02:30:00,1.17690,1.17699,1.17631,1.17651,811,0,0
2026-05-11 04:45:00,2026-05-11 02:45:00,1.17650,1.17652,1.17617,1.17629,752,0,0
2026-05-11 05:00:00,2026-05-11 03:00:00,1.17629,1.17656,1.17628,1.17640,690,0,0
2026-05-11 05:15:00,2026-05-11 03:15:00,1.17640,1.17656,1.17637,1.17653,413,0,0
2026-05-11 05:30:00,2026-05-11 03:30:00,1.17651,1.17664,1.17617,1.17618,463,0,0
2026-05-11 05:45:00,2026-05-11 03:45:00,1.17618,1.17623,1.17591,1.17591,532,0,0
2026-05-11 06:00:00,2026-05-11 04:00:00,1.17591,1.17595,1.17572,1.17590,587,0,0
2026-05-11 06:15:00,2026-05-11 04:15:00,1.17590,1.17593,1.17567,1.17573,453,0,0
2026-05-11 06:30:00,2026-05-11 04:30:00,1.17573,1.17592,1.17568,1.17588,378,0,0
2026-05-11 06:45:00,2026-05-11 04:45:00,1.17588,1.17592,1.17562,1.17567,431,0,0
2026-05-11 07:00:00,2026-05-11 05:00:00,1.17567,1.17575,1.17544,1.17555,439,0,0
2026-05-11 07:15:00,2026-05-11 05:15:00,1.17555,1.17560,1.17543,1.17543,289,0,0
2026-05-11 07:30:00,2026-05-11 05:30:00,1.17544,1.17548,1.17519,1.17524,345,0,0
2026-05-11 07:45:00,2026-05-11 05:45:00,1.17525,1.17537,1.17501,1.17507,357,0,0
2026-05-11 08:00:00,2026-05-11 06:00:00,1.17507,1.17546,1.17503,1.17540,447,0,0
2026-05-11 08:15:00,2026-05-11 06:15:00,1.17541,1.17544,1.17524,1.17524,444,0,0
2026-05-11 08:30:00,2026-05-11 06:30:00,1.17523,1.17533,1.17507,1.17510,451,0,0
2026-05-11 08:45:00,2026-05-11 06:45:00,1.17511,1.17516,1.17486,1.17500,645,0,0
2026-05-11 09:00:00,2026-05-11 07:00:00,1.17500,1.17581,1.17500,1.17575,1050,0,0
2026-05-11 09:15:00,2026-05-11 07:15:00,1.17574,1.17595,1.17547,1.17592,757,0,0
2026-05-11 09:30:00,2026-05-11 07:30:00,1.17593,1.17626,1.17588,1.17620,887,0,0
2026-05-11 09:45:00,2026-05-11 07:45:00,1.17619,1.17682,1.17610,1.17677,803,0,0
2026-05-11 10:00:00,2026-05-11 08:00:00,1.17678,1.17689,1.17647,1.17674,939,0,0
2026-05-11 10:15:00,2026-05-11 08:15:00,1.17674,1.17749,1.17674,1.17714,882,0,0
2026-05-11 10:30:00,2026-05-11 08:30:00,1.17712,1.17723,1.17671,1.17712,941,0,0
2026-05-11 10:45:00,2026-05-11 08:45:00,1.17713,1.17723,1.17682,1.17721,807,0,0
2026-05-11 11:00:00,2026-05-11 09:00:00,1.17721,1.17766,1.17715,1.17759,967,0,0
2026-05-11 11:15:00,2026-05-11 09:15:00,1.17758,1.17822,1.17757,1.17798,902,0,0
2026-05-11 11:30:00,2026-05-11 09:30:00,1.17798,1.17814,1.17753,1.17753,748,0,0
2026-05-11 11:45:00,2026-05-11 09:45:00,1.17754,1.17760,1.17713,1.17715,866,0,0
2026-05-11 12:00:00,2026-05-11 10:00:00,1.17714,1.17746,1.17709,1.17733,702,0,0
2026-05-11 12:15:00,2026-05-11 10:15:00,1.17734,1.17739,1.17705,1.17709,638,0,0
2026-05-11 12:30:00,2026-05-11 10:30:00,1.17710,1.17732,1.17695,1.17706,674,0,0
2026-05-11 12:45:00,2026-05-11 10:45:00,1.17707,1.17716,1.17673,1.17673,770,0,0
2026-05-11 13:00:00,2026-05-11 11:00:00,1.17676,1.17676,1.17647,1.17673,613,0,0
2026-05-11 13:15:00,2026-05-11 11:15:00,1.17672,1.17686,1.17657,1.17681,556,0,0
2026-05-11 13:30:00,2026-05-11 11:30:00,1.17680,1.17718,1.17665,1.17717,763,0,0
2026-05-11 13:45:00,2026-05-11 11:45:00,1.17717,1.17741,1.17689,1.17691,961,0,0
2026-05-11 14:00:00,2026-05-11 12:00:00,1.17690,1.17738,1.17688,1.17737,1045,0,0
2026-05-11 14:15:00,2026-05-11 12:15:00,1.17736,1.17748,1.17717,1.17741,745,0,0
2026-05-11 14:30:00,2026-05-11 12:30:00,1.17742,1.17746,1.17716,1.17723,797,0,0
2026-05-11 14:45:00,2026-05-11 12:45:00,1.17724,1.17744,1.17634,1.17684,994,0,0
2026-05-11 15:00:00,2026-05-11 13:00:00,1.17686,1.17689,1.17643,1.17668,943,0,0
2026-05-11 15:15:00,2026-05-11 13:15:00,1.17670,1.17747,1.17644,1.17719,1094,0,0
2026-05-11 15:30:00,2026-05-11 13:30:00,1.17720,1.17746,1.17687,1.17730,1069,0,0
2026-05-11 15:45:00,2026-05-11 13:45:00,1.17729,1.17744,1.17678,1.17744,1228,0,0
2026-05-11 16:00:00,2026-05-11 14:00:00,1.17743,1.17853,1.17743,1.17833,1416,0,0
2026-05-11 16:15:00,2026-05-11 14:15:00,1.17833,1.17850,1.17797,1.17834,1081,0,0
2026-05-11 16:30:00,2026-05-11 14:30:00,1.17834,1.17864,1.17790,1.17864,1279,0,0
2026-05-11 16:45:00,2026-05-11 14:45:00,1.17863,1.17880,1.17846,1.17854,1194,0,0
2026-05-11 17:00:00,2026-05-11 15:00:00,1.17853,1.17863,1.17797,1.17854,1305,0,0
2026-05-11 17:15:00,2026-05-11 15:15:00,1.17855,1.17878,1.17845,1.17853,1014,0,0
2026-05-11 17:30:00,2026-05-11 15:30:00,1.17856,1.17878,1.17810,1.17868,1514,0,0
2026-05-11 17:45:00,2026-05-11 15:45:00,1.17868,1.17869,1.17789,1.17796,1429,0,0
2026-05-11 18:00:00,2026-05-11 16:00:00,1.17794,1.17836,1.17786,1.17812,1209,0,0
2026-05-11 18:15:00,2026-05-11 16:15:00,1.17812,1.17855,1.17794,1.17814,1061,0,0
2026-05-11 18:30:00,2026-05-11 16:30:00,1.17813,1.17830,1.17791,1.17797,976,0,0
2026-05-11 18:45:00,2026-05-11 16:45:00,1.17797,1.17819,1.17767,1.17799,1130,0,0
2026-05-11 19:00:00,2026-05-11 17:00:00,1.17799,1.17805,1.17777,1.17793,793,0,0
2026-05-11 19:15:00,2026-05-11 17:15:00,1.17793,1.17797,1.17756,1.17759,686,0,0
2026-05-11 19:30:00,2026-05-11 17:30:00,1.17760,1.17789,1.17722,1.17755,925,0,0
2026-05-11 19:45:00,2026-05-11 17:45:00,1.17756,1.17771,1.17723,1.17733,1031,0,0
2026-05-11 20:00:00,2026-05-11 18:00:00,1.17733,1.17750,1.17707,1.17749,873,0,0
2026-05-11 20:15:00,2026-05-11 18:15:00,1.17750,1.17774,1.17744,1.17759,966,0,0
2026-05-11 20:30:00,2026-05-11 18:30:00,1.17760,1.17785,1.17759,1.17770,636,0,0
2026-05-11 20:45:00,2026-05-11 18:45:00,1.17769,1.17788,1.17767,1.17780,532,0,0
2026-05-11 21:00:00,2026-05-11 19:00:00,1.17780,1.17801,1.17779,1.17790,721,0,0
2026-05-11 21:15:00,2026-05-11 19:15:00,1.17789,1.17806,1.17777,1.17794,660,0,0
2026-05-11 21:30:00,2026-05-11 19:30:00,1.17794,1.17801,1.17758,1.17758,571,0,0
2026-05-11 21:45:00,2026-05-11 19:45:00,1.17758,1.17767,1.17746,1.17752,732,0,0
2026-05-11 22:00:00,2026-05-11 20:00:00,1.17751,1.17771,1.17745,1.17752,647,0,0
2026-05-11 22:15:00,2026-05-11 20:15:00,1.17751,1.17769,1.17748,1.17756,629,0,0
2026-05-11 22:30:00,2026-05-11 20:30:00,1.17756,1.17775,1.17751,1.17764,515,0,0
2026-05-11 22:45:00,2026-05-11 20:45:00,1.17763,1.17780,1.17744,1.17775,622,0,0
2026-05-11 23:00:00,2026-05-11 21:00:00,1.17775,1.17792,1.17742,1.17786,650,0,0
2026-05-11 23:15:00,2026-05-11 21:15:00,1.17786,1.17813,1.17783,1.17806,455,0,0
2026-05-11 23:30:00,2026-05-11 21:30:00,1.17806,1.17831,1.17805,1.17813,388,0,0
2026-05-11 23:45:00,2026-05-11 21:45:00,1.17812,1.17823,1.17803,1.17820,316,0,0
2026-05-12 00:00:00,2026-05-11 22:00:00,1.17773,1.17828,1.17770,1.17814,92,23,0
2026-05-12 00:15:00,2026-05-11 22:15:00,1.17815,1.17835,1.17785,1.17823,128,12,0
2026-05-12 00:30:00,2026-05-11 22:30:00,1.17825,1.17825,1.17808,1.17813,131,20,0
2026-05-12 00:45:00,2026-05-11 22:45:00,1.17814,1.17840,1.17801,1.17840,229,12,0
2026-05-12 01:00:00,2026-05-11 23:00:00,1.17843,1.17879,1.17842,1.17870,330,0,0
2026-05-12 01:15:00,2026-05-11 23:15:00,1.17870,1.17879,1.17868,1.17870,246,0,0
2026-05-12 01:30:00,2026-05-11 23:30:00,1.17869,1.17874,1.17865,1.17866,224,0,0
2026-05-12 01:45:00,2026-05-11 23:45:00,1.17866,1.17867,1.17849,1.17852,217,0,0
2026-05-12 02:00:00,2026-05-12 00:00:00,1.17853,1.17855,1.17843,1.17844,218,0,0
2026-05-12 02:15:00,2026-05-12 00:15:00,1.17844,1.17845,1.17806,1.17810,210,0,0
2026-05-12 02:30:00,2026-05-12 00:30:00,1.17810,1.17816,1.17779,1.17789,225,0,0
2026-05-12 02:45:00,2026-05-12 00:45:00,1.17789,1.17805,1.17773,1.17786,288,0,0
2026-05-12 03:00:00,2026-05-12 01:00:00,1.17784,1.17786,1.17739,1.17760,708,0,0
2026-05-12 03:15:00,2026-05-12 01:15:00,1.17760,1.17773,1.17733,1.17750,608,0,0
2026-05-12 03:30:00,2026-05-12 01:30:00,1.17750,1.17752,1.17719,1.17720,451,0,0
2026-05-12 03:45:00,2026-05-12 01:45:00,1.17720,1.17737,1.17663,1.17671,746,0,0
2026-05-12 04:00:00,2026-05-12 02:00:00,1.17665,1.17690,1.17639,1.17648,776,0,0
2026-05-12 04:15:00,2026-05-12 02:15:00,1.17650,1.17658,1.17613,1.17620,855,0,0
2026-05-12 04:30:00,2026-05-12 02:30:00,1.17620,1.17664,1.17575,1.17611,1209,0,0
2026-05-12 04:45:00,2026-05-12 02:45:00,1.17611,1.17637,1.17595,1.17616,1074,0,0
2026-05-12 05:00:00,2026-05-12 03:00:00,1.17615,1.17633,1.17609,1.17618,736,0,0
2026-05-12 05:15:00,2026-05-12 03:15:00,1.17619,1.17621,1.17599,1.17611,561,0,0
2026-05-12 05:30:00,2026-05-12 03:30:00,1.17610,1.17615,1.17594,1.17604,604,0,0
2026-05-12 05:45:00,2026-05-12 03:45:00,1.17605,1.17646,1.17604,1.17625,583,0,0
2026-05-12 06:00:00,2026-05-12 04:00:00,1.17624,1.17630,1.17580,1.17589,466,0,0
2026-05-12 06:15:00,2026-05-12 04:15:00,1.17589,1.17593,1.17564,1.17570,434,0,0
2026-05-12 06:30:00,2026-05-12 04:30:00,1.17570,1.17581,1.17567,1.17580,437,0,0
2026-05-12 06:45:00,2026-05-12 04:45:00,1.17580,1.17582,1.17546,1.17564,445,0,0
2026-05-12 07:00:00,2026-05-12 05:00:00,1.17564,1.17578,1.17554,1.17556,475,0,0
2026-05-12 07:15:00,2026-05-12 05:15:00,1.17557,1.17577,1.17555,1.17560,383,0,0
2026-05-12 07:30:00,2026-05-12 05:30:00,1.17560,1.17598,1.17559,1.17595,522,0,0
2026-05-12 07:45:00,2026-05-12 05:45:00,1.17595,1.17598,1.17567,1.17571,514,0,0
2026-05-12 08:00:00,2026-05-12 06:00:00,1.17572,1.17585,1.17525,1.17539,568,0,0
2026-05-12 08:15:00,2026-05-12 06:15:00,1.17540,1.17562,1.17521,1.17550,664,0,0
2026-05-12 08:30:00,2026-05-12 06:30:00,1.17550,1.17561,1.17533,1.17559,640,0,0
2026-05-12 08:45:00,2026-05-12 06:45:00,1.17559,1.17679,1.17556,1.17623,987,0,0
2026-05-12 09:00:00,2026-05-12 07:00:00,1.17623,1.17656,1.17567,1.17575,1305,0,0
2026-05-12 09:15:00,2026-05-12 07:15:00,1.17575,1.17586,1.17519,1.17550,1136,0,0
2026-05-12 09:30:00,2026-05-12 07:30:00,1.17551,1.17590,1.17533,1.17551,1015,0,0
2026-05-12 09:45:00,2026-05-12 07:45:00,1.17552,1.17554,1.17499,1.17504,1007,0,0
2026-05-12 10:00:00,2026-05-12 08:00:00,1.17503,1.17507,1.17443,1.17471,1426,0,0
2026-05-12 10:15:00,2026-05-12 08:15:00,1.17471,1.17534,1.17469,1.17497,1280,0,0
2026-05-12 10:30:00,2026-05-12 08:30:00,1.17497,1.17505,1.17464,1.17464,1042,0,0
2026-05-12 10:45:00,2026-05-12 08:45:00,1.17464,1.17477,1.17433,1.17476,1164,0,0
2026-05-12 11:00:00,2026-05-12 09:00:00,1.17478,1.17485,1.17424,1.17440,991,0,0
2026-05-12 11:15:00,2026-05-12 09:15:00,1.17441,1.17505,1.17435,1.17471,1142,0,0
2026-05-12 11:30:00,2026-05-12 09:30:00,1.17472,1.17477,1.17396,1.17421,1092,0,0
2026-05-12 11:45:00,2026-05-12 09:45:00,1.17421,1.17481,1.17419,1.17446,1257,0,0
2026-05-12 12:00:00,2026-05-12 10:00:00,1.17447,1.17482,1.17437,1.17462,939,0,0
2026-05-12 12:15:00,2026-05-12 10:15:00,1.17462,1.17476,1.17439,1.17458,804,0,0
2026-05-12 12:30:00,2026-05-12 10:30:00,1.17458,1.17518,1.17453,1.17456,1205,0,0
2026-05-12 12:45:00,2026-05-12 10:45:00,1.17457,1.17495,1.17444,1.17476,915,0,0
2026-05-12 13:00:00,2026-05-12 11:00:00,1.17475,1.17491,1.17455,1.17486,793,0,0
2026-05-12 13:15:00,2026-05-12 11:15:00,1.17486,1.17487,1.17453,1.17481,798,0,0
2026-05-12 13:30:00,2026-05-12 11:30:00,1.17482,1.17492,1.17445,1.17459,766,0,0
2026-05-12 13:45:00,2026-05-12 11:45:00,1.17459,1.17466,1.17404,1.17407,868,0,0
2026-05-12 14:00:00,2026-05-12 12:00:00,1.17407,1.17447,1.17349,1.17417,1243,0,0
2026-05-12 14:15:00,2026-05-12 12:15:00,1.17418,1.17442,1.17403,1.17416,829,0,0
2026-05-12 14:30:00,2026-05-12 12:30:00,1.17417,1.17477,1.17416,1.17463,949,0,0
2026-05-12 14:45:00,2026-05-12 12:45:00,1.17463,1.17484,1.17417,1.17438,1028,0,0
2026-05-12 15:00:00,2026-05-12 13:00:00,1.17439,1.17444,1.17380,1.17418,1118,0,0
2026-05-12 15:15:00,2026-05-12 13:15:00,1.17419,1.17442,1.17389,1.17410,1049,0,0
2026-05-12 15:30:00,2026-05-12 13:30:00,1.17411,1.17477,1.17358,1.17474,1627,0,0
2026-05-12 15:45:00,2026-05-12 13:45:00,1.17473,1.17500,1.17436,1.17477,1277,0,0
2026-05-12 16:00:00,2026-05-12 14:00:00,1.17475,1.17501,1.17405,1.17405,1287,0,0
2026-05-12 16:15:00,2026-05-12 14:15:00,1.17404,1.17408,1.17336,1.17398,1325,0,0
2026-05-12 16:30:00,2026-05-12 14:30:00,1.17396,1.17425,1.17360,1.17371,1688,0,0
2026-05-12 16:45:00,2026-05-12 14:45:00,1.17372,1.17391,1.17271,1.17301,1560,0,0
2026-05-12 17:00:00,2026-05-12 15:00:00,1.17301,1.17356,1.17277,1.17353,1772,0,0
2026-05-12 17:15:00,2026-05-12 15:15:00,1.17356,1.17358,1.17300,1.17334,1276,0,0
2026-05-12 17:30:00,2026-05-12 15:30:00,1.17334,1.17351,1.17290,1.17330,1345,0,0
2026-05-12 17:45:00,2026-05-12 15:45:00,1.17329,1.17362,1.17279,1.17360,1554,0,0
2026-05-12 18:00:00,2026-05-12 16:00:00,1.17361,1.17367,1.17277,1.17279,1541,0,0
2026-05-12 18:15:00,2026-05-12 16:15:00,1.17278,1.17292,1.17217,1.17241,1466,0,0
2026-05-12 18:30:00,2026-05-12 16:30:00,1.17241,1.17321,1.17241,1.17317,1240,0,0
2026-05-12 18:45:00,2026-05-12 16:45:00,1.17316,1.17338,1.17294,1.17326,951,0,0
2026-05-12 19:00:00,2026-05-12 17:00:00,1.17326,1.17376,1.17316,1.17370,1087,0,0
2026-05-12 19:15:00,2026-05-12 17:15:00,1.17370,1.17388,1.17348,1.17361,994,0,0
2026-05-12 19:30:00,2026-05-12 17:30:00,1.17360,1.17362,1.17314,1.17321,913,0,0
2026-05-12 19:45:00,2026-05-12 17:45:00,1.17321,1.17321,1.17277,1.17284,1075,0,0
2026-05-12 20:00:00,2026-05-12 18:00:00,1.17285,1.17329,1.17273,1.17309,993,0,0
2026-05-12 20:15:00,2026-05-12 18:15:00,1.17309,1.17333,1.17298,1.17305,856,0,0
2026-05-12 20:30:00,2026-05-12 18:30:00,1.17304,1.17325,1.17299,1.17318,652,0,0
2026-05-12 20:45:00,2026-05-12 18:45:00,1.17318,1.17338,1.17303,1.17333,752,0,0
2026-05-12 21:00:00,2026-05-12 19:00:00,1.17333,1.17352,1.17289,1.17321,1004,0,0
2026-05-12 21:15:00,2026-05-12 19:15:00,1.17321,1.17373,1.17315,1.17361,844,0,0
2026-05-12 21:30:00,2026-05-12 19:30:00,1.17361,1.17391,1.17359,1.17387,865,0,0
2026-05-12 21:45:00,2026-05-12 19:45:00,1.17386,1.17412,1.17366,1.17405,867,0,0
2026-05-12 22:00:00,2026-05-12 20:00:00,1.17405,1.17448,1.17399,1.17440,763,0,0
2026-05-12 22:15:00,2026-05-12 20:15:00,1.17440,1.17444,1.17409,1.17424,613,0,0
2026-05-12 22:30:00,2026-05-12 20:30:00,1.17424,1.17470,1.17423,1.17431,675,0,0
2026-05-12 22:45:00,2026-05-12 20:45:00,1.17431,1.17437,1.17398,1.17403,722,0,0
2026-05-12 23:00:00,2026-05-12 21:00:00,1.17403,1.17409,1.17384,1.17390,490,0,0
2026-05-12 23:15:00,2026-05-12 21:15:00,1.17389,1.17397,1.17387,1.17388,326,0,0
2026-05-12 23:30:00,2026-05-12 21:30:00,1.17388,1.17391,1.17378,1.17381,317,0,0
2026-05-12 23:45:00,2026-05-12 21:45:00,1.17381,1.17408,1.17378,1.17403,370,0,0
2026-05-13 00:00:00,2026-05-12 22:00:00,1.17333,1.17355,1.17330,1.17346,65,36,0
2026-05-13 00:15:00,2026-05-12 22:15:00,1.17341,1.17398,1.17341,1.17357,151,17,0
2026-05-13 00:30:00,2026-05-12 22:30:00,1.17356,1.17370,1.17350,1.17367,127,17,0
2026-05-13 00:45:00,2026-05-12 22:45:00,1.17367,1.17399,1.17362,1.17373,359,12,0
2026-05-13 01:00:00,2026-05-12 23:00:00,1.17379,1.17402,1.17374,1.17377,240,0,0
2026-05-13 01:15:00,2026-05-12 23:15:00,1.17377,1.17394,1.17376,1.17390,234,0,0
2026-05-13 01:30:00,2026-05-12 23:30:00,1.17390,1.17395,1.17387,1.17391,162,0,0
2026-05-13 01:45:00,2026-05-12 23:45:00,1.17391,1.17401,1.17388,1.17394,134,0,0
2026-05-13 02:00:00,2026-05-13 00:00:00,1.17394,1.17413,1.17387,1.17388,210,0,0
2026-05-13 02:15:00,2026-05-13 00:15:00,1.17388,1.17390,1.17371,1.17385,184,0,0
2026-05-13 02:30:00,2026-05-13 00:30:00,1.17385,1.17391,1.17368,1.17371,200,0,0
2026-05-13 02:45:00,2026-05-13 00:45:00,1.17371,1.17381,1.17345,1.17351,333,0,0
2026-05-13 03:00:00,2026-05-13 01:00:00,1.17350,1.17380,1.17330,1.17335,609,0,0
2026-05-13 03:15:00,2026-05-13 01:15:00,1.17336,1.17374,1.17333,1.17354,633,0,0
2026-05-13 03:30:00,2026-05-13 01:30:00,1.17354,1.17368,1.17335,1.17359,611,0,0
2026-05-13 03:45:00,2026-05-13 01:45:00,1.17358,1.17387,1.17329,1.17382,638,0,0
2026-05-13 04:00:00,2026-05-13 02:00:00,1.17382,1.17390,1.17340,1.17341,812,0,0
2026-05-13 04:15:00,2026-05-13 02:15:00,1.17341,1.17386,1.17319,1.17373,790,0,0
2026-05-13 04:30:00,2026-05-13 02:30:00,1.17373,1.17395,1.17366,1.17379,620,0,0
2026-05-13 04:45:00,2026-05-13 02:45:00,1.17380,1.17419,1.17378,1.17388,640,0,0
2026-05-13 05:00:00,2026-05-13 03:00:00,1.17386,1.17420,1.17376,1.17378,620,0,0
2026-05-13 05:15:00,2026-05-13 03:15:00,1.17377,1.17384,1.17370,1.17380,488,0,0
2026-05-13 05:30:00,2026-05-13 03:30:00,1.17382,1.17382,1.17365,1.17367,447,0,0
2026-05-13 05:45:00,2026-05-13 03:45:00,1.17367,1.17389,1.17363,1.17371,484,0,0
2026-05-13 06:00:00,2026-05-13 04:00:00,1.17371,1.17377,1.17325,1.17345,536,0,0
2026-05-13 06:15:00,2026-05-13 04:15:00,1.17345,1.17360,1.17339,1.17356,499,0,0
2026-05-13 06:30:00,2026-05-13 04:30:00,1.17356,1.17380,1.17353,1.17361,479,0,0
2026-05-13 06:45:00,2026-05-13 04:45:00,1.17361,1.17368,1.17343,1.17345,457,0,0
2026-05-13 07:00:00,2026-05-13 05:00:00,1.17346,1.17353,1.17342,1.17345,372,0,0
2026-05-13 07:15:00,2026-05-13 05:15:00,1.17346,1.17353,1.17335,1.17338,316,0,0
2026-05-13 07:30:00,2026-05-13 05:30:00,1.17338,1.17344,1.17321,1.17335,318,0,0
2026-05-13 07:45:00,2026-05-13 05:45:00,1.17334,1.17348,1.17333,1.17345,319,0,0
2026-05-13 08:00:00,2026-05-13 06:00:00,1.17345,1.17367,1.17342,1.17351,456,0,0
2026-05-13 08:15:00,2026-05-13 06:15:00,1.17351,1.17372,1.17343,1.17364,470,0,0
2026-05-13 08:30:00,2026-05-13 06:30:00,1.17365,1.17369,1.17328,1.17334,478,0,0
2026-05-13 08:45:00,2026-05-13 06:45:00,1.17335,1.17353,1.17325,1.17341,577,0,0
2026-05-13 09:00:00,2026-05-13 07:00:00,1.17341,1.17344,1.17263,1.17270,989,0,0
2026-05-13 09:15:00,2026-05-13 07:15:00,1.17271,1.17292,1.17246,1.17266,807,0,0
2026-05-13 09:30:00,2026-05-13 07:30:00,1.17267,1.17267,1.17222,1.17248,936,0,0
2026-05-13 09:45:00,2026-05-13 07:45:00,1.17248,1.17250,1.17180,1.17199,1002,0,0
2026-05-13 10:00:00,2026-05-13 08:00:00,1.17199,1.17234,1.17172,1.17187,1084,0,0
2026-05-13 10:15:00,2026-05-13 08:15:00,1.17187,1.17197,1.17170,1.17172,867,0,0
2026-05-13 10:30:00,2026-05-13 08:30:00,1.17172,1.17177,1.17110,1.17126,954,0,0
2026-05-13 10:45:00,2026-05-13 08:45:00,1.17125,1.17149,1.17069,1.17072,929,0,0
2026-05-13 11:00:00,2026-05-13 09:00:00,1.17070,1.17097,1.17053,1.17085,1050,0,0
2026-05-13 11:15:00,2026-05-13 09:15:00,1.17086,1.17118,1.17084,1.17108,945,0,0
2026-05-13 11:30:00,2026-05-13 09:30:00,1.17107,1.17115,1.17055,1.17065,788,0,0
2026-05-13 11:45:00,2026-05-13 09:45:00,1.17063,1.17068,1.17000,1.17029,1056,0,0
2026-05-13 12:00:00,2026-05-13 10:00:00,1.17029,1.17043,1.16998,1.17000,1105,0,0
2026-05-13 12:15:00,2026-05-13 10:15:00,1.16999,1.17012,1.16957,1.16957,1117,0,0
2026-05-13 12:30:00,2026-05-13 10:30:00,1.16956,1.17014,1.16956,1.16998,949,0,0
2026-05-13 12:45:00,2026-05-13 10:45:00,1.16997,1.17069,1.16994,1.17063,869,0,0
2026-05-13 13:00:00,2026-05-13 11:00:00,1.17063,1.17068,1.17021,1.17051,1118,0,0
2026-05-13 13:15:00,2026-05-13 11:15:00,1.17052,1.17071,1.17030,1.17053,1115,0,0
2026-05-13 13:30:00,2026-05-13 11:30:00,1.17052,1.17098,1.17047,1.17092,899,0,0
2026-05-13 13:45:00,2026-05-13 11:45:00,1.17092,1.17147,1.17082,1.17127,925,0,0
2026-05-13 14:00:00,2026-05-13 12:00:00,1.17128,1.17153,1.17113,1.17142,860,0,0
2026-05-13 14:15:00,2026-05-13 12:15:00,1.17142,1.17153,1.17121,1.17135,745,0,0
2026-05-13 14:30:00,2026-05-13 12:30:00,1.17135,1.17174,1.17129,1.17169,729,0,0
2026-05-13 14:45:00,2026-05-13 12:45:00,1.17169,1.17173,1.17114,1.17120,846,0,0
2026-05-13 15:00:00,2026-05-13 13:00:00,1.17120,1.17163,1.17120,1.17125,826,0,0
2026-05-13 15:15:00,2026-05-13 13:15:00,1.17124,1.17124,1.17033,1.17038,1033,0,0
2026-05-13 15:30:00,2026-05-13 13:30:00,1.17034,1.17108,1.16972,1.17052,1805,0,0
2026-05-13 15:45:00,2026-05-13 13:45:00,1.17053,1.17057,1.16979,1.17017,1271,0,0
2026-05-13 16:00:00,2026-05-13 14:00:00,1.17019,1.17056,1.17016,1.17039,1137,0,0
2026-05-13 16:15:00,2026-05-13 14:15:00,1.17038,1.17047,1.17009,1.17035,991,0,0
2026-05-13 16:30:00,2026-05-13 14:30:00,1.17036,1.17092,1.17030,1.17090,1425,0,0
2026-05-13 16:45:00,2026-05-13 14:45:00,1.17091,1.17123,1.17064,1.17104,1557,0,0
2026-05-13 17:00:00,2026-05-13 15:00:00,1.17103,1.17127,1.17066,1.17106,1452,0,0
2026-05-13 17:15:00,2026-05-13 15:15:00,1.17105,1.17115,1.17053,1.17104,1126,0,0
2026-05-13 17:30:00,2026-05-13 15:30:00,1.17102,1.17117,1.17055,1.17057,1063,0,0
2026-05-13 17:45:00,2026-05-13 15:45:00,1.17058,1.17103,1.17028,1.17077,1234,0,0
2026-05-13 18:00:00,2026-05-13 16:00:00,1.17076,1.17118,1.17075,1.17088,1188,0,0
2026-05-13 18:15:00,2026-05-13 16:15:00,1.17087,1.17134,1.17083,1.17111,980,0,0
2026-05-13 18:30:00,2026-05-13 16:30:00,1.17111,1.17164,1.17092,1.17148,1121,0,0
2026-05-13 18:45:00,2026-05-13 16:45:00,1.17147,1.17150,1.17107,1.17110,1064,0,0
2026-05-13 19:00:00,2026-05-13 17:00:00,1.17110,1.17132,1.17099,1.17121,876,0,0
2026-05-13 19:15:00,2026-05-13 17:15:00,1.17121,1.17177,1.17095,1.17167,1068,0,0
2026-05-13 19:30:00,2026-05-13 17:30:00,1.17168,1.17180,1.17109,1.17111,983,0,0
2026-05-13 19:45:00,2026-05-13 17:45:00,1.17110,1.17132,1.17078,1.17087,835,0,0
2026-05-13 20:00:00,2026-05-13 18:00:00,1.17087,1.17107,1.17081,1.17097,878,0,0
2026-05-13 20:15:00,2026-05-13 18:15:00,1.17097,1.17109,1.17092,1.17099,540,0,0
2026-05-13 20:30:00,2026-05-13 18:30:00,1.17100,1.17100,1.17066,1.17071,663,0,0
2026-05-13 20:45:00,2026-05-13 18:45:00,1.17070,1.17081,1.17040,1.17041,703,0,0
2026-05-13 21:00:00,2026-05-13 19:00:00,1.17040,1.17076,1.17040,1.17061,621,0,0
2026-05-13 21:15:00,2026-05-13 19:15:00,1.17061,1.17078,1.17054,1.17067,757,0,0
2026-05-13 21:30:00,2026-05-13 19:30:00,1.17066,1.17094,1.17062,1.17087,688,0,0
2026-05-13 21:45:00,2026-05-13 19:45:00,1.17086,1.17108,1.17041,1.17077,915,0,0
2026-05-13 22:00:00,2026-05-13 20:00:00,1.17078,1.17104,1.17075,1.17101,671,0,0
2026-05-13 22:15:00,2026-05-13 20:15:00,1.17101,1.17113,1.17089,1.17112,699,0,0
2026-05-13 22:30:00,2026-05-13 20:30:00,1.17113,1.17131,1.17100,1.17103,577,0,0
2026-05-13 22:45:00,2026-05-13 20:45:00,1.17103,1.17116,1.17087,1.17096,733,0,0
2026-05-13 23:00:00,2026-05-13 21:00:00,1.17096,1.17123,1.17089,1.17119,698,0,0
2026-05-13 23:15:00,2026-05-13 21:15:00,1.17120,1.17136,1.17114,1.17124,407,0,0
2026-05-13 23:30:00,2026-05-13 21:30:00,1.17123,1.17134,1.17110,1.17132,325,0,0
2026-05-13 23:45:00,2026-05-13 21:45:00,1.17132,1.17139,1.17128,1.17136,325,0,0
2026-05-14 00:00:00,2026-05-13 22:00:00,1.17048,1.17151,1.17036,1.17150,90,21,0
2026-05-14 00:15:00,2026-05-13 22:15:00,1.17153,1.17154,1.17134,1.17136,67,16,0
2026-05-14 00:30:00,2026-05-13 22:30:00,1.17134,1.17163,1.17130,1.17138,164,12,0
2026-05-14 00:45:00,2026-05-13 22:45:00,1.17139,1.17146,1.17131,1.17134,149,18,0
2026-05-14 01:00:00,2026-05-13 23:00:00,1.17143,1.17176,1.17138,1.17173,284,0,0
2026-05-14 01:15:00,2026-05-13 23:15:00,1.17173,1.17184,1.17170,1.17179,226,0,0
2026-05-14 01:30:00,2026-05-13 23:30:00,1.17179,1.17187,1.17177,1.17183,185,0,0
2026-05-14 01:45:00,2026-05-13 23:45:00,1.17182,1.17183,1.17169,1.17177,229,0,0
2026-05-14 02:00:00,2026-05-14 00:00:00,1.17176,1.17185,1.17166,1.17173,251,0,0
2026-05-14 02:15:00,2026-05-14 00:15:00,1.17173,1.17178,1.17167,1.17169,241,0,0
2026-05-14 02:30:00,2026-05-14 00:30:00,1.17168,1.17168,1.17155,1.17159,275,0,0
2026-05-14 02:45:00,2026-05-14 00:45:00,1.17159,1.17165,1.17153,1.17159,253,0,0
2026-05-14 03:00:00,2026-05-14 01:00:00,1.17158,1.17180,1.17142,1.17178,551,0,0
2026-05-14 03:15:00,2026-05-14 01:15:00,1.17178,1.17187,1.17152,1.17166,584,0,0
2026-05-14 03:30:00,2026-05-14 01:30:00,1.17165,1.17179,1.17155,1.17162,600,0,0
2026-05-14 03:45:00,2026-05-14 01:45:00,1.17161,1.17175,1.17153,1.17172,609,0,0
2026-05-14 04:00:00,2026-05-14 02:00:00,1.17171,1.17176,1.17144,1.17155,723,0,0
2026-05-14 04:15:00,2026-05-14 02:15:00,1.17155,1.17166,1.17151,1.17160,554,0,0
2026-05-14 04:30:00,2026-05-14 02:30:00,1.17160,1.17176,1.17151,1.17169,615,0,0
2026-05-14 04:45:00,2026-05-14 02:45:00,1.17170,1.17175,1.17125,1.17138,564,0,0
2026-05-14 05:00:00,2026-05-14 03:00:00,1.17138,1.17154,1.17132,1.17133,500,0,0
2026-05-14 05:15:00,2026-05-14 03:15:00,1.17134,1.17143,1.17116,1.17141,550,0,0
2026-05-14 05:30:00,2026-05-14 03:30:00,1.17141,1.17145,1.17131,1.17139,523,0,0
2026-05-14 05:45:00,2026-05-14 03:45:00,1.17139,1.17141,1.17122,1.17123,545,0,0
2026-05-14 06:00:00,2026-05-14 04:00:00,1.17123,1.17132,1.17096,1.17118,641,0,0
2026-05-14 06:15:00,2026-05-14 04:15:00,1.17118,1.17146,1.17117,1.17144,593,0,0
2026-05-14 06:30:00,2026-05-14 04:30:00,1.17144,1.17152,1.17136,1.17141,492,0,0
2026-05-14 06:45:00,2026-05-14 04:45:00,1.17142,1.17150,1.17122,1.17123,456,0,0
2026-05-14 07:00:00,2026-05-14 05:00:00,1.17124,1.17165,1.17115,1.17148,583,0,0
2026-05-14 07:15:00,2026-05-14 05:15:00,1.17147,1.17163,1.17138,1.17153,510,0,0
2026-05-14 07:30:00,2026-05-14 05:30:00,1.17153,1.17157,1.17145,1.17151,446,0,0
2026-05-14 07:45:00,2026-05-14 05:45:00,1.17154,1.17174,1.17142,1.17144,392,0,0
2026-05-14 08:00:00,2026-05-14 06:00:00,1.17145,1.17155,1.17120,1.17123,663,0,0
2026-05-14 08:15:00,2026-05-14 06:15:00,1.17123,1.17138,1.17121,1.17133,617,0,0
2026-05-14 08:30:00,2026-05-14 06:30:00,1.17134,1.17137,1.17116,1.17129,578,0,0
2026-05-14 08:45:00,2026-05-14 06:45:00,1.17129,1.17161,1.17100,1.17102,772,0,0
2026-05-14 09:00:00,2026-05-14 07:00:00,1.17102,1.17123,1.17067,1.17077,848,0,0
2026-05-14 09:15:00,2026-05-14 07:15:00,1.17077,1.17147,1.17071,1.17134,910,0,0
2026-05-14 09:30:00,2026-05-14 07:30:00,1.17134,1.17157,1.17116,1.17148,829,0,0
2026-05-14 09:45:00,2026-05-14 07:45:00,1.17149,1.17216,1.17147,1.17184,1048,0,0
2026-05-14 10:00:00,2026-05-14 08:00:00,1.17185,1.17185,1.17131,1.17139,1112,0,0
2026-05-14 10:15:00,2026-05-14 08:15:00,1.17138,1.17138,1.17091,1.17113,991,0,0
2026-05-14 10:30:00,2026-05-14 08:30:00,1.17113,1.17164,1.17112,1.17138,993,0,0
2026-05-14 10:45:00,2026-05-14 08:45:00,1.17138,1.17158,1.17058,1.17077,987,0,0
2026-05-14 11:00:00,2026-05-14 09:00:00,1.17077,1.17100,1.17048,1.17073,1027,0,0
2026-05-14 11:15:00,2026-05-14 09:15:00,1.17075,1.17128,1.17075,1.17120,1009,0,0
2026-05-14 11:30:00,2026-05-14 09:30:00,1.17120,1.17139,1.17087,1.17096,970,0,0
2026-05-14 11:45:00,2026-05-14 09:45:00,1.17097,1.17121,1.17091,1.17111,845,0,0
2026-05-14 12:00:00,2026-05-14 10:00:00,1.17111,1.17131,1.17090,1.17121,782,0,0
2026-05-14 12:15:00,2026-05-14 10:15:00,1.17121,1.17127,1.17095,1.17101,707,0,0
2026-05-14 12:30:00,2026-05-14 10:30:00,1.17099,1.17107,1.17057,1.17088,879,0,0
2026-05-14 12:45:00,2026-05-14 10:45:00,1.17088,1.17118,1.17069,1.17074,816,0,0
2026-05-14 13:00:00,2026-05-14 11:00:00,1.17075,1.17128,1.17065,1.17092,916,0,0
2026-05-14 13:15:00,2026-05-14 11:15:00,1.17093,1.17104,1.17074,1.17099,934,0,0
2026-05-14 13:30:00,2026-05-14 11:30:00,1.17099,1.17109,1.17049,1.17062,666,0,0
2026-05-14 13:45:00,2026-05-14 11:45:00,1.17062,1.17104,1.17060,1.17087,839,0,0
2026-05-14 14:00:00,2026-05-14 12:00:00,1.17087,1.17090,1.17046,1.17076,928,0,0
2026-05-14 14:15:00,2026-05-14 12:15:00,1.17076,1.17076,1.17042,1.17046,742,0,0
2026-05-14 14:30:00,2026-05-14 12:30:00,1.17046,1.17056,1.16996,1.17007,794,0,0
2026-05-14 14:45:00,2026-05-14 12:45:00,1.17008,1.17041,1.16995,1.16997,842,0,0
2026-05-14 15:00:00,2026-05-14 13:00:00,1.16997,1.17054,1.16995,1.17053,1204,0,0
2026-05-14 15:15:00,2026-05-14 13:15:00,1.17053,1.17055,1.17028,1.17042,912,0,0
2026-05-14 15:30:00,2026-05-14 13:30:00,1.17043,1.17050,1.16963,1.16964,1055,0,0
2026-05-14 15:45:00,2026-05-14 13:45:00,1.16963,1.17014,1.16963,1.16972,949,0,0
2026-05-14 16:00:00,2026-05-14 14:00:00,1.16972,1.16990,1.16941,1.16973,1111,0,0
2026-05-14 16:15:00,2026-05-14 14:15:00,1.16972,1.16976,1.16921,1.16950,952,0,0
2026-05-14 16:30:00,2026-05-14 14:30:00,1.16950,1.16950,1.16855,1.16931,1402,0,0
2026-05-14 16:45:00,2026-05-14 14:45:00,1.16933,1.16999,1.16882,1.16897,1862,0,0
2026-05-14 17:00:00,2026-05-14 15:00:00,1.16896,1.16964,1.16864,1.16962,1514,0,0
2026-05-14 17:15:00,2026-05-14 15:15:00,1.16961,1.17003,1.16928,1.16961,1302,0,0
2026-05-14 17:30:00,2026-05-14 15:30:00,1.16964,1.16966,1.16933,1.16954,1154,0,0
2026-05-14 17:45:00,2026-05-14 15:45:00,1.16956,1.16965,1.16785,1.16788,1740,0,0
2026-05-14 18:00:00,2026-05-14 16:00:00,1.16784,1.16810,1.16731,1.16753,1589,0,0
2026-05-14 18:15:00,2026-05-14 16:15:00,1.16750,1.16762,1.16715,1.16755,1107,0,0
2026-05-14 18:30:00,2026-05-14 16:30:00,1.16754,1.16788,1.16747,1.16759,1072,0,0
2026-05-14 18:45:00,2026-05-14 16:45:00,1.16758,1.16782,1.16751,1.16773,955,0,0
2026-05-14 19:00:00,2026-05-14 17:00:00,1.16773,1.16785,1.16734,1.16780,1045,0,0
2026-05-14 19:15:00,2026-05-14 17:15:00,1.16781,1.16816,1.16723,1.16743,1113,0,0
2026-05-14 19:30:00,2026-05-14 17:30:00,1.16744,1.16756,1.16707,1.16730,1117,0,0
2026-05-14 19:45:00,2026-05-14 17:45:00,1.16730,1.16765,1.16728,1.16764,948,0,0
2026-05-14 20:00:00,2026-05-14 18:00:00,1.16766,1.16800,1.16758,1.16771,996,0,0
2026-05-14 20:15:00,2026-05-14 18:15:00,1.16768,1.16790,1.16760,1.16780,973,0,0
2026-05-14 20:30:00,2026-05-14 18:30:00,1.16780,1.16806,1.16770,1.16799,781,0,0
2026-05-14 20:45:00,2026-05-14 18:45:00,1.16799,1.16808,1.16772,1.16781,824,0,0
2026-05-14 21:00:00,2026-05-14 19:00:00,1.16780,1.16781,1.16748,1.16780,1013,0,0
2026-05-14 21:15:00,2026-05-14 19:15:00,1.16780,1.16785,1.16759,1.16767,755,0,0
2026-05-14 21:30:00,2026-05-14 19:30:00,1.16767,1.16774,1.16737,1.16750,627,0,0
2026-05-14 21:45:00,2026-05-14 19:45:00,1.16750,1.16775,1.16742,1.16775,651,0,0
2026-05-14 22:00:00,2026-05-14 20:00:00,1.16775,1.16792,1.16765,1.16771,679,0,0
2026-05-14 22:15:00,2026-05-14 20:15:00,1.16770,1.16772,1.16733,1.16737,599,0,0
2026-05-14 22:30:00,2026-05-14 20:30:00,1.16736,1.16748,1.16699,1.16703,754,0,0
2026-05-14 22:45:00,2026-05-14 20:45:00,1.16703,1.16710,1.16687,1.16710,820,0,0
2026-05-14 23:00:00,2026-05-14 21:00:00,1.16709,1.16721,1.16679,1.16682,614,0,0
2026-05-14 23:15:00,2026-05-14 21:15:00,1.16682,1.16701,1.16656,1.16668,534,0,0
2026-05-14 23:30:00,2026-05-14 21:30:00,1.16669,1.16684,1.16661,1.16671,441,0,0
2026-05-14 23:45:00,2026-05-14 21:45:00,1.16672,1.16690,1.16669,1.16690,330,0,0
2026-05-15 00:00:00,2026-05-14 22:00:00,1.16666,1.16673,1.16655,1.16663,71,36,0
2026-05-15 00:15:00,2026-05-14 22:15:00,1.16663,1.16720,1.16662,1.16719,214,29,0
2026-05-15 00:30:00,2026-05-14 22:30:00,1.16719,1.16727,1.16681,1.16682,332,12,0
2026-05-15 00:45:00,2026-05-14 22:45:00,1.16681,1.16701,1.16680,1.16697,299,12,0
2026-05-15 01:00:00,2026-05-14 23:00:00,1.16700,1.16713,1.16689,1.16691,386,0,0
2026-05-15 01:15:00,2026-05-14 23:15:00,1.16690,1.16706,1.16687,1.16700,275,0,0
2026-05-15 01:30:00,2026-05-14 23:30:00,1.16700,1.16711,1.16693,1.16711,322,0,0
2026-05-15 01:45:00,2026-05-14 23:45:00,1.16711,1.16712,1.16694,1.16696,313,0,0
2026-05-15 02:00:00,2026-05-15 00:00:00,1.16696,1.16698,1.16628,1.16629,380,0,0
2026-05-15 02:15:00,2026-05-15 00:15:00,1.16629,1.16643,1.16621,1.16642,396,0,0
2026-05-15 02:30:00,2026-05-15 00:30:00,1.16640,1.16645,1.16623,1.16642,325,0,0
2026-05-15 02:45:00,2026-05-15 00:45:00,1.16641,1.16652,1.16612,1.16619,463,0,0
2026-05-15 03:00:00,2026-05-15 01:00:00,1.16619,1.16629,1.16572,1.16600,875,0,0
2026-05-15 03:15:00,2026-05-15 01:15:00,1.16601,1.16635,1.16588,1.16589,717,0,0
2026-05-15 03:30:00,2026-05-15 01:30:00,1.16589,1.16594,1.16524,1.16544,912,0,0
2026-05-15 03:45:00,2026-05-15 01:45:00,1.16544,1.16566,1.16523,1.16555,705,0,0
2026-05-15 04:00:00,2026-05-15 02:00:00,1.16554,1.16565,1.16537,1.16554,708,0,0
2026-05-15 04:15:00,2026-05-15 02:15:00,1.16554,1.16555,1.16491,1.16492,993,0,0
2026-05-15 04:30:00,2026-05-15 02:30:00,1.16493,1.16521,1.16459,1.16506,1154,0,0
2026-05-15 04:45:00,2026-05-15 02:45:00,1.16506,1.16511,1.16466,1.16469,967,0,0
2026-05-15 05:00:00,2026-05-15 03:00:00,1.16469,1.16486,1.16455,1.16480,704,0,0
2026-05-15 05:15:00,2026-05-15 03:15:00,1.16479,1.16538,1.16475,1.16511,678,0,0
2026-05-15 05:30:00,2026-05-15 03:30:00,1.16513,1.16539,1.16503,1.16536,632,0,0
2026-05-15 05:45:00,2026-05-15 03:45:00,1.16537,1.16576,1.16529,1.16536,717,0,0
2026-05-15 06:00:00,2026-05-15 04:00:00,1.16535,1.16551,1.16517,1.16520,601,0,0
2026-05-15 06:15:00,2026-05-15 04:15:00,1.16519,1.16527,1.16506,1.16526,550,0,0
2026-05-15 06:30:00,2026-05-15 04:30:00,1.16525,1.16537,1.16500,1.16522,609,0,0
2026-05-15 06:45:00,2026-05-15 04:45:00,1.16521,1.16528,1.16515,1.16521,500,0,0
2026-05-15 07:00:00,2026-05-15 05:00:00,1.16521,1.16529,1.16507,1.16527,392,0,0
2026-05-15 07:15:00,2026-05-15 05:15:00,1.16527,1.16528,1.16513,1.16517,420,0,0
2026-05-15 07:30:00,2026-05-15 05:30:00,1.16518,1.16520,1.16492,1.16494,522,0,0
2026-05-15 07:45:00,2026-05-15 05:45:00,1.16494,1.16496,1.16465,1.16473,614,0,0
2026-05-15 08:00:00,2026-05-15 06:00:00,1.16473,1.16477,1.16429,1.16453,1109,0,0
2026-05-15 08:15:00,2026-05-15 06:15:00,1.16454,1.16481,1.16434,1.16474,817,0,0
2026-05-15 08:30:00,2026-05-15 06:30:00,1.16474,1.16476,1.16443,1.16443,902,0,0
2026-05-15 08:45:00,2026-05-15 06:45:00,1.16442,1.16443,1.16326,1.16328,1486,0,0
2026-05-15 09:00:00,2026-05-15 07:00:00,1.16329,1.16435,1.16327,1.16411,1572,0,0
2026-05-15 09:15:00,2026-05-15 07:15:00,1.16412,1.16433,1.16378,1.16383,1269,0,0
2026-05-15 09:30:00,2026-05-15 07:30:00,1.16383,1.16434,1.16370,1.16392,1265,0,0
2026-05-15 09:45:00,2026-05-15 07:45:00,1.16391,1.16421,1.16328,1.16350,1093,0,0
2026-05-15 10:00:00,2026-05-15 08:00:00,1.16350,1.16461,1.16319,1.16434,1357,0,0
2026-05-15 10:15:00,2026-05-15 08:15:00,1.16435,1.16491,1.16416,1.16427,1255,0,0
2026-05-15 10:30:00,2026-05-15 08:30:00,1.16426,1.16432,1.16387,1.16406,1100,0,0
2026-05-15 10:45:00,2026-05-15 08:45:00,1.16405,1.16412,1.16359,1.16365,968,0,0
2026-05-15 11:00:00,2026-05-15 09:00:00,1.16371,1.16383,1.16328,1.16346,1187,0,0
2026-05-15 11:15:00,2026-05-15 09:15:00,1.16346,1.16349,1.16311,1.16328,1283,0,0
2026-05-15 11:30:00,2026-05-15 09:30:00,1.16328,1.16362,1.16307,1.16362,1202,0,0
2026-05-15 11:45:00,2026-05-15 09:45:00,1.16360,1.16366,1.16303,1.16328,1093,0,0
2026-05-15 12:00:00,2026-05-15 10:00:00,1.16330,1.16336,1.16197,1.16199,1367,0,0
2026-05-15 12:15:00,2026-05-15 10:15:00,1.16199,1.16267,1.16172,1.16250,1497,0,0
2026-05-15 12:30:00,2026-05-15 10:30:00,1.16251,1.16266,1.16224,1.16235,1135,0,0
2026-05-15 12:45:00,2026-05-15 10:45:00,1.16234,1.16290,1.16220,1.16280,1202,0,0
2026-05-15 13:00:00,2026-05-15 11:00:00,1.16280,1.16359,1.16273,1.16353,1343,0,0
2026-05-15 13:15:00,2026-05-15 11:15:00,1.16351,1.16406,1.16332,1.16376,1117,0,0
2026-05-15 13:30:00,2026-05-15 11:30:00,1.16375,1.16450,1.16363,1.16450,1221,0,0
2026-05-15 13:45:00,2026-05-15 11:45:00,1.16450,1.16556,1.16442,1.16491,1928,0,0
2026-05-15 14:00:00,2026-05-15 12:00:00,1.16490,1.16502,1.16406,1.16462,1430,0,0
2026-05-15 14:15:00,2026-05-15 12:15:00,1.16461,1.16474,1.16398,1.16400,980,0,0
2026-05-15 14:30:00,2026-05-15 12:30:00,1.16400,1.16405,1.16330,1.16331,1270,0,0
2026-05-15 14:45:00,2026-05-15 12:45:00,1.16331,1.16346,1.16291,1.16318,1137,0,0
2026-05-15 15:00:00,2026-05-15 13:00:00,1.16317,1.16322,1.16262,1.16275,1218,0,0
2026-05-15 15:15:00,2026-05-15 13:15:00,1.16274,1.16312,1.16265,1.16295,1220,0,0
2026-05-15 15:30:00,2026-05-15 13:30:00,1.16295,1.16296,1.16202,1.16205,1287,0,0
2026-05-15 15:45:00,2026-05-15 13:45:00,1.16206,1.16292,1.16189,1.16263,1184,0,0
2026-05-15 16:00:00,2026-05-15 14:00:00,1.16264,1.16298,1.16229,1.16281,1379,0,0
2026-05-15 16:15:00,2026-05-15 14:15:00,1.16287,1.16324,1.16260,1.16291,1241,0,0
2026-05-15 16:30:00,2026-05-15 14:30:00,1.16292,1.16302,1.16234,1.16236,1577,0,0
2026-05-15 16:45:00,2026-05-15 14:45:00,1.16233,1.16259,1.16190,1.16236,1760,0,0
2026-05-15 17:00:00,2026-05-15 15:00:00,1.16234,1.16302,1.16214,1.16265,1494,0,0
2026-05-15 17:15:00,2026-05-15 15:15:00,1.16266,1.16377,1.16266,1.16324,1712,0,0
2026-05-15 17:30:00,2026-05-15 15:30:00,1.16322,1.16341,1.16269,1.16272,1502,0,0
2026-05-15 17:45:00,2026-05-15 15:45:00,1.16272,1.16307,1.16235,1.16295,1677,0,0
2026-05-15 18:00:00,2026-05-15 16:00:00,1.16297,1.16310,1.16246,1.16284,1642,0,0
2026-05-15 18:15:00,2026-05-15 16:15:00,1.16283,1.16297,1.16206,1.16229,1356,0,0
2026-05-15 18:30:00,2026-05-15 16:30:00,1.16233,1.16262,1.16221,1.16232,1311,0,0
2026-05-15 18:45:00,2026-05-15 16:45:00,1.16234,1.16263,1.16208,1.16263,1168,0,0
2026-05-15 19:00:00,2026-05-15 17:00:00,1.16263,1.16274,1.16230,1.16246,1088,0,0
2026-05-15 19:15:00,2026-05-15 17:15:00,1.16245,1.16280,1.16238,1.16278,872,0,0
2026-05-15 19:30:00,2026-05-15 17:30:00,1.16278,1.16313,1.16269,1.16311,994,0,0
2026-05-15 19:45:00,2026-05-15 17:45:00,1.16311,1.16313,1.16270,1.16301,966,0,0
2026-05-15 20:00:00,2026-05-15 18:00:00,1.16299,1.16342,1.16287,1.16340,934,0,0
2026-05-15 20:15:00,2026-05-15 18:15:00,1.16339,1.16357,1.16320,1.16326,897,0,0
2026-05-15 20:30:00,2026-05-15 18:30:00,1.16325,1.16334,1.16284,1.16286,948,0,0
2026-05-15 20:45:00,2026-05-15 18:45:00,1.16286,1.16303,1.16266,1.16267,799,0,0
2026-05-15 21:00:00,2026-05-15 19:00:00,1.16267,1.16273,1.16232,1.16251,868,0,0
2026-05-15 21:15:00,2026-05-15 19:15:00,1.16251,1.16251,1.16208,1.16216,999,0,0
2026-05-15 21:30:00,2026-05-15 19:30:00,1.16214,1.16219,1.16168,1.16204,1019,0,0
2026-05-15 21:45:00,2026-05-15 19:45:00,1.16203,1.16239,1.16195,1.16220,735,0,0
2026-05-15 22:00:00,2026-05-15 20:00:00,1.16220,1.16227,1.16199,1.16202,736,0,0
2026-05-15 22:15:00,2026-05-15 20:15:00,1.16202,1.16221,1.16195,1.16215,475,0,0
2026-05-15 22:30:00,2026-05-15 20:30:00,1.16215,1.16232,1.16190,1.16194,758,0,0
2026-05-15 22:45:00,2026-05-15 20:45:00,1.16194,1.16228,1.16193,1.16213,788,0,0
2026-05-15 23:00:00,2026-05-15 21:00:00,1.16213,1.16225,1.16192,1.16216,617,0,0
2026-05-15 23:15:00,2026-05-15 21:15:00,1.16216,1.16226,1.16206,1.16210,453,0,0
2026-05-15 23:30:00,2026-05-15 21:30:00,1.16210,1.16249,1.16210,1.16248,465,0,0
2026-05-15 23:45:00,2026-05-15 21:45:00,1.16248,1.16257,1.16234,1.16234,299,0,0
2026-05-18 00:00:00,2026-05-17 22:00:00,1.16179,1.16193,1.16117,1.16177,68,56,0
2026-05-18 00:15:00,2026-05-17 22:15:00,1.16176,1.16202,1.16172,1.16175,59,38,0
2026-05-18 00:30:00,2026-05-17 22:30:00,1.16176,1.16186,1.16165,1.16174,152,38,0
2026-05-18 00:45:00,2026-05-17 22:45:00,1.16174,1.16213,1.16172,1.16198,176,38,0
2026-05-18 01:00:00,2026-05-17 23:00:00,1.16216,1.16243,1.16212,1.16227,719,5,0
2026-05-18 01:15:00,2026-05-17 23:15:00,1.16229,1.16237,1.16206,1.16207,447,3,0
2026-05-18 01:30:00,2026-05-17 23:30:00,1.16207,1.16236,1.16203,1.16234,446,2,0
2026-05-18 01:45:00,2026-05-17 23:45:00,1.16234,1.16237,1.16224,1.16230,254,0,0
2026-05-18 02:00:00,2026-05-18 00:00:00,1.16230,1.16235,1.16202,1.16211,523,0,0
2026-05-18 02:15:00,2026-05-18 00:15:00,1.16211,1.16220,1.16190,1.16197,414,0,0
2026-05-18 02:30:00,2026-05-18 00:30:00,1.16197,1.16198,1.16118,1.16146,696,0,0
2026-05-18 02:45:00,2026-05-18 00:45:00,1.16146,1.16150,1.16122,1.16136,770,0,0
2026-05-18 03:00:00,2026-05-18 01:00:00,1.16137,1.16211,1.16134,1.16156,1286,0,0
2026-05-18 03:15:00,2026-05-18 01:15:00,1.16155,1.16177,1.16138,1.16151,1020,0,0
2026-05-18 03:30:00,2026-05-18 01:30:00,1.16151,1.16161,1.16104,1.16106,1079,0,0
2026-05-18 03:45:00,2026-05-18 01:45:00,1.16106,1.16127,1.16083,1.16118,1050,0,0
2026-05-18 04:00:00,2026-05-18 02:00:00,1.16116,1.16138,1.16084,1.16113,1219,0,0
2026-05-18 04:15:00,2026-05-18 02:15:00,1.16114,1.16142,1.16098,1.16131,1377,0,0
2026-05-18 04:30:00,2026-05-18 02:30:00,1.16130,1.16166,1.16124,1.16145,1118,0,0
2026-05-18 04:45:00,2026-05-18 02:45:00,1.16146,1.16188,1.16123,1.16175,968,0,0
2026-05-18 05:00:00,2026-05-18 03:00:00,1.16174,1.16174,1.16130,1.16166,952,0,0
2026-05-18 05:15:00,2026-05-18 03:15:00,1.16166,1.16184,1.16160,1.16178,678,0,0
2026-05-18 05:30:00,2026-05-18 03:30:00,1.16178,1.16197,1.16157,1.16168,669,0,0
2026-05-18 05:45:00,2026-05-18 03:45:00,1.16169,1.16177,1.16139,1.16155,602,0,0
2026-05-18 06:00:00,2026-05-18 04:00:00,1.16156,1.16177,1.16153,1.16175,611,0,0
2026-05-18 06:15:00,2026-05-18 04:15:00,1.16175,1.16205,1.16170,1.16202,543,0,0
2026-05-18 06:30:00,2026-05-18 04:30:00,1.16201,1.16216,1.16182,1.16215,617,0,0
2026-05-18 06:45:00,2026-05-18 04:45:00,1.16215,1.16226,1.16203,1.16219,570,0,0
2026-05-18 07:00:00,2026-05-18 05:00:00,1.16218,1.16263,1.16216,1.16256,587,0,0
2026-05-18 07:15:00,2026-05-18 05:15:00,1.16256,1.16261,1.16208,1.16214,577,0,0
2026-05-18 07:30:00,2026-05-18 05:30:00,1.16212,1.16233,1.16208,1.16221,583,0,0
2026-05-18 07:45:00,2026-05-18 05:45:00,1.16221,1.16228,1.16190,1.16207,601,0,0
2026-05-18 08:00:00,2026-05-18 06:00:00,1.16208,1.16220,1.16183,1.16186,766,0,0
2026-05-18 08:15:00,2026-05-18 06:15:00,1.16186,1.16211,1.16168,1.16201,705,0,0
2026-05-18 08:30:00,2026-05-18 06:30:00,1.16202,1.16222,1.16185,1.16203,751,0,0
2026-05-18 08:45:00,2026-05-18 06:45:00,1.16203,1.16232,1.16197,1.16231,766,0,0
2026-05-18 09:00:00,2026-05-18 07:00:00,1.16227,1.16283,1.16221,1.16283,857,0,0
2026-05-18 09:15:00,2026-05-18 07:15:00,1.16281,1.16336,1.16281,1.16305,1021,0,0
2026-05-18 09:30:00,2026-05-18 07:30:00,1.16307,1.16363,1.16299,1.16351,997,0,0
2026-05-18 09:45:00,2026-05-18 07:45:00,1.16350,1.16365,1.16339,1.16358,1073,0,0
2026-05-18 10:00:00,2026-05-18 08:00:00,1.16358,1.16368,1.16317,1.16330,953,0,0
2026-05-18 10:15:00,2026-05-18 08:15:00,1.16329,1.16396,1.16318,1.16370,1127,0,0
2026-05-18 10:30:00,2026-05-18 08:30:00,1.16369,1.16404,1.16354,1.16360,1230,0,0
2026-05-18 10:45:00,2026-05-18 08:45:00,1.16359,1.16367,1.16314,1.16322,1199,0,0
2026-05-18 11:00:00,2026-05-18 09:00:00,1.16322,1.16338,1.16291,1.16336,1084,0,0
2026-05-18 11:15:00,2026-05-18 09:15:00,1.16336,1.16379,1.16333,1.16379,1068,0,0
2026-05-18 11:30:00,2026-05-18 09:30:00,1.16381,1.16452,1.16372,1.16379,1034,0,0
2026-05-18 11:45:00,2026-05-18 09:45:00,1.16382,1.16454,1.16377,1.16417,1061,0,0
2026-05-18 12:00:00,2026-05-18 10:00:00,1.16415,1.16427,1.16374,1.16385,1144,0,0
2026-05-18 12:15:00,2026-05-18 10:15:00,1.16384,1.16400,1.16373,1.16396,845,0,0
2026-05-18 12:30:00,2026-05-18 10:30:00,1.16395,1.16413,1.16377,1.16389,788,0,0
2026-05-18 12:45:00,2026-05-18 10:45:00,1.16388,1.16393,1.16352,1.16353,802,0,0
2026-05-18 13:00:00,2026-05-18 11:00:00,1.16350,1.16369,1.16323,1.16355,932,0,0
2026-05-18 13:15:00,2026-05-18 11:15:00,1.16354,1.16366,1.16337,1.16362,798,0,0
2026-05-18 13:30:00,2026-05-18 11:30:00,1.16361,1.16365,1.16321,1.16343,855,0,0
2026-05-18 13:45:00,2026-05-18 11:45:00,1.16341,1.16344,1.16263,1.16269,808,0,0
2026-05-18 14:00:00,2026-05-18 12:00:00,1.16269,1.16309,1.16265,1.16298,935,0,0
2026-05-18 14:15:00,2026-05-18 12:15:00,1.16296,1.16336,1.16282,1.16309,790,0,0
2026-05-18 14:30:00,2026-05-18 12:30:00,1.16309,1.16498,1.16304,1.16493,1630,0,0
2026-05-18 14:45:00,2026-05-18 12:45:00,1.16493,1.16496,1.16387,1.16417,1523,0,0
2026-05-18 15:00:00,2026-05-18 13:00:00,1.16417,1.16493,1.16410,1.16476,1339,0,0
2026-05-18 15:15:00,2026-05-18 13:15:00,1.16475,1.16476,1.16429,1.16465,1187,0,0
2026-05-18 15:30:00,2026-05-18 13:30:00,1.16466,1.16543,1.16457,1.16537,1621,0,0
2026-05-18 15:45:00,2026-05-18 13:45:00,1.16535,1.16572,1.16487,1.16513,1662,0,0
2026-05-18 16:00:00,2026-05-18 14:00:00,1.16511,1.16539,1.16468,1.16503,1573,0,0
2026-05-18 16:15:00,2026-05-18 14:15:00,1.16503,1.16505,1.16452,1.16496,1262,0,0
2026-05-18 16:30:00,2026-05-18 14:30:00,1.16497,1.16506,1.16439,1.16468,1562,0,0
2026-05-18 16:45:00,2026-05-18 14:45:00,1.16466,1.16562,1.16465,1.16512,1820,0,0
2026-05-18 17:00:00,2026-05-18 15:00:00,1.16511,1.16534,1.16429,1.16455,1713,0,0
2026-05-18 17:15:00,2026-05-18 15:15:00,1.16455,1.16472,1.16421,1.16456,1543,0,0
2026-05-18 17:30:00,2026-05-18 15:30:00,1.16456,1.16476,1.16414,1.16428,1452,0,0
2026-05-18 17:45:00,2026-05-18 15:45:00,1.16427,1.16470,1.16418,1.16420,1324,0,0
2026-05-18 18:00:00,2026-05-18 16:00:00,1.16419,1.16424,1.16333,1.16396,1781,0,0
2026-05-18 18:15:00,2026-05-18 16:15:00,1.16394,1.16427,1.16369,1.16406,1547,0,0
2026-05-18 18:30:00,2026-05-18 16:30:00,1.16405,1.16492,1.16389,1.16475,1386,0,0
2026-05-18 18:45:00,2026-05-18 16:45:00,1.16474,1.16531,1.16452,1.16484,1431,0,0
2026-05-18 19:00:00,2026-05-18 17:00:00,1.16483,1.16544,1.16440,1.16543,1349,0,0
2026-05-18 19:15:00,2026-05-18 17:15:00,1.16543,1.16562,1.16489,1.16497,1437,0,0
2026-05-18 19:30:00,2026-05-18 17:30:00,1.16497,1.16541,1.16481,1.16505,1242,0,0
2026-05-18 19:45:00,2026-05-18 17:45:00,1.16508,1.16547,1.16504,1.16515,992,0,0
2026-05-18 20:00:00,2026-05-18 18:00:00,1.16510,1.16532,1.16496,1.16502,1051,0,0
2026-05-18 20:15:00,2026-05-18 18:15:00,1.16500,1.16535,1.16494,1.16515,740,0,0
2026-05-18 20:30:00,2026-05-18 18:30:00,1.16516,1.16534,1.16498,1.16517,708,0,0
2026-05-18 20:45:00,2026-05-18 18:45:00,1.16520,1.16523,1.16479,1.16481,747,0,0
2026-05-18 21:00:00,2026-05-18 19:00:00,1.16482,1.16489,1.16451,1.16457,1024,0,0
2026-05-18 21:15:00,2026-05-18 19:15:00,1.16456,1.16459,1.16368,1.16389,1259,0,0
2026-05-18 21:30:00,2026-05-18 19:30:00,1.16388,1.16400,1.16356,1.16374,1103,0,0
2026-05-18 21:45:00,2026-05-18 19:45:00,1.16373,1.16373,1.16287,1.16293,767,0,0
2026-05-18 22:00:00,2026-05-18 20:00:00,1.16295,1.16562,1.16293,1.16461,2210,0,0
2026-05-18 22:15:00,2026-05-18 20:15:00,1.16463,1.16511,1.16444,1.16476,1448,0,0
2026-05-18 22:30:00,2026-05-18 20:30:00,1.16477,1.16526,1.16473,1.16517,1167,0,0
2026-05-18 22:45:00,2026-05-18 20:45:00,1.16516,1.16557,1.16508,1.16511,1118,0,0
2026-05-18 23:00:00,2026-05-18 21:00:00,1.16512,1.16576,1.16511,1.16574,671,0,0
2026-05-18 23:15:00,2026-05-18 21:15:00,1.16574,1.16609,1.16572,1.16594,430,0,0
2026-05-18 23:30:00,2026-05-18 21:30:00,1.16592,1.16594,1.16547,1.16576,470,0,0
2026-05-18 23:45:00,2026-05-18 21:45:00,1.16577,1.16577,1.16545,1.16561,420,0,0
2026-05-19 00:00:00,2026-05-18 22:00:00,1.16517,1.16529,1.16479,1.16493,149,52,0
2026-05-19 00:15:00,2026-05-18 22:15:00,1.16494,1.16509,1.16493,1.16506,54,56,0
2026-05-19 00:30:00,2026-05-18 22:30:00,1.16510,1.16560,1.16510,1.16560,235,32,0
2026-05-19 00:45:00,2026-05-18 22:45:00,1.16560,1.16605,1.16559,1.16589,152,12,0
2026-05-19 01:00:00,2026-05-18 23:00:00,1.16590,1.16621,1.16589,1.16597,322,0,0
2026-05-19 01:15:00,2026-05-18 23:15:00,1.16597,1.16603,1.16585,1.16592,226,0,0
2026-05-19 01:30:00,2026-05-18 23:30:00,1.16592,1.16606,1.16585,1.16588,306,0,0
2026-05-19 01:45:00,2026-05-18 23:45:00,1.16588,1.16590,1.16576,1.16579,217,0,0
2026-05-19 02:00:00,2026-05-19 00:00:00,1.16579,1.16586,1.16566,1.16568,258,0,0
2026-05-19 02:15:00,2026-05-19 00:15:00,1.16569,1.16584,1.16561,1.16581,317,0,0
2026-05-19 02:30:00,2026-05-19 00:30:00,1.16582,1.16583,1.16558,1.16577,394,0,0
2026-05-19 02:45:00,2026-05-19 00:45:00,1.16578,1.16578,1.16546,1.16548,330,0,0
2026-05-19 03:00:00,2026-05-19 01:00:00,1.16547,1.16560,1.16496,1.16509,1081,0,0
2026-05-19 03:15:00,2026-05-19 01:15:00,1.16510,1.16540,1.16492,1.16505,961,0,0
2026-05-19 03:30:00,2026-05-19 01:30:00,1.16507,1.16509,1.16450,1.16458,868,0,0
2026-05-19 03:45:00,2026-05-19 01:45:00,1.16459,1.16465,1.16438,1.16444,736,0,0
2026-05-19 04:00:00,2026-05-19 02:00:00,1.16445,1.16462,1.16431,1.16450,853,0,0
2026-05-19 04:15:00,2026-05-19 02:15:00,1.16451,1.16472,1.16439,1.16461,805,0,0
2026-05-19 04:30:00,2026-05-19 02:30:00,1.16462,1.16528,1.16443,1.16521,860,0,0
2026-05-19 04:45:00,2026-05-19 02:45:00,1.16521,1.16524,1.16462,1.16464,824,0,0
2026-05-19 05:00:00,2026-05-19 03:00:00,1.16463,1.16464,1.16410,1.16433,873,0,0
2026-05-19 05:15:00,2026-05-19 03:15:00,1.16432,1.16472,1.16421,1.16451,838,0,0
2026-05-19 05:30:00,2026-05-19 03:30:00,1.16450,1.16467,1.16435,1.16446,819,0,0
2026-05-19 05:45:00,2026-05-19 03:45:00,1.16446,1.16457,1.16416,1.16433,723,0,0
2026-05-19 06:00:00,2026-05-19 04:00:00,1.16433,1.16437,1.16407,1.16429,793,0,0
2026-05-19 06:15:00,2026-05-19 04:15:00,1.16428,1.16457,1.16422,1.16448,663,0,0
2026-05-19 06:30:00,2026-05-19 04:30:00,1.16449,1.16453,1.16437,1.16437,625,0,0
2026-05-19 06:45:00,2026-05-19 04:45:00,1.16438,1.16438,1.16411,1.16411,620,0,0
2026-05-19 07:00:00,2026-05-19 05:00:00,1.16411,1.16431,1.16404,1.16423,557,0,0
2026-05-19 07:15:00,2026-05-19 05:15:00,1.16423,1.16433,1.16404,1.16412,504,0,0
2026-05-19 07:30:00,2026-05-19 05:30:00,1.16412,1.16424,1.16374,1.16376,608,0,0
2026-05-19 07:45:00,2026-05-19 05:45:00,1.16379,1.16384,1.16353,1.16365,545,0,0
2026-05-19 08:00:00,2026-05-19 06:00:00,1.16366,1.16396,1.16352,1.16387,540,0,0
2026-05-19 08:15:00,2026-05-19 06:15:00,1.16387,1.16392,1.16337,1.16356,680,0,0
2026-05-19 08:30:00,2026-05-19 06:30:00,1.16356,1.16395,1.16344,1.16386,668,0,0
2026-05-19 08:45:00,2026-05-19 06:45:00,1.16385,1.16431,1.16378,1.16421,802,0,0
2026-05-19 09:00:00,2026-05-19 07:00:00,1.16421,1.16428,1.16379,1.16406,1065,0,0
2026-05-19 09:15:00,2026-05-19 07:15:00,1.16406,1.16459,1.16400,1.16428,973,0,0
2026-05-19 09:30:00,2026-05-19 07:30:00,1.16429,1.16432,1.16385,1.16424,1017,0,0
2026-05-19 09:45:00,2026-05-19 07:45:00,1.16425,1.16425,1.16358,1.16365,941,0,0
2026-05-19 10:00:00,2026-05-19 08:00:00,1.16365,1.16367,1.16304,1.16344,1156,0,0
2026-05-19 10:15:00,2026-05-19 08:15:00,1.16345,1.16348,1.16299,1.16318,921,0,0
2026-05-19 10:30:00,2026-05-19 08:30:00,1.16318,1.16336,1.16306,1.16310,921,0,0
2026-05-19 10:45:00,2026-05-19 08:45:00,1.16309,1.16376,1.16309,1.16348,1139,0,0
2026-05-19 11:00:00,2026-05-19 09:00:00,1.16349,1.16361,1.16260,1.16282,1216,0,0
2026-05-19 11:15:00,2026-05-19 09:15:00,1.16283,1.16325,1.16272,1.16302,1185,0,0
2026-05-19 11:30:00,2026-05-19 09:30:00,1.16303,1.16339,1.16260,1.16273,1213,0,0
2026-05-19 11:45:00,2026-05-19 09:45:00,1.16273,1.16284,1.16222,1.16236,1026,0,0
2026-05-19 12:00:00,2026-05-19 10:00:00,1.16234,1.16234,1.16162,1.16174,1136,0,0
2026-05-19 12:15:00,2026-05-19 10:15:00,1.16174,1.16197,1.16151,1.16178,1090,0,0
2026-05-19 12:30:00,2026-05-19 10:30:00,1.16179,1.16197,1.16148,1.16181,1093,0,0
2026-05-19 12:45:00,2026-05-19 10:45:00,1.16181,1.16207,1.16163,1.16194,1112,0,0
2026-05-19 13:00:00,2026-05-19 11:00:00,1.16193,1.16260,1.16185,1.16253,1071,0,0
2026-05-19 13:15:00,2026-05-19 11:15:00,1.16254,1.16268,1.16231,1.16245,914,0,0
2026-05-19 13:30:00,2026-05-19 11:30:00,1.16249,1.16254,1.16112,1.16124,1353,0,0
2026-05-19 13:45:00,2026-05-19 11:45:00,1.16125,1.16234,1.16123,1.16221,1375,0,0
2026-05-19 14:00:00,2026-05-19 12:00:00,1.16220,1.16224,1.16180,1.16184,1179,0,0
2026-05-19 14:15:00,2026-05-19 12:15:00,1.16184,1.16204,1.16170,1.16189,985,0,0
2026-05-19 14:30:00,2026-05-19 12:30:00,1.16190,1.16226,1.16188,1.16217,888,0,0
2026-05-19 14:45:00,2026-05-19 12:45:00,1.16217,1.16222,1.16164,1.16166,1028,0,0
2026-05-19 15:00:00,2026-05-19 13:00:00,1.16159,1.16230,1.16153,1.16220,1262,0,0
2026-05-19 15:15:00,2026-05-19 13:15:00,1.16219,1.16241,1.16199,1.16224,1036,0,0
2026-05-19 15:30:00,2026-05-19 13:30:00,1.16220,1.16236,1.16167,1.16182,1295,0,0
2026-05-19 15:45:00,2026-05-19 13:45:00,1.16182,1.16219,1.16160,1.16168,1469,0,0
2026-05-19 16:00:00,2026-05-19 14:00:00,1.16164,1.16180,1.16118,1.16147,1631,0,0
2026-05-19 16:15:00,2026-05-19 14:15:00,1.16148,1.16152,1.16042,1.16058,1668,0,0
2026-05-19 16:30:00,2026-05-19 14:30:00,1.16059,1.16099,1.16015,1.16092,1893,0,0
2026-05-19 16:45:00,2026-05-19 14:45:00,1.16093,1.16156,1.16079,1.16136,1830,0,0
2026-05-19 17:00:00,2026-05-19 15:00:00,1.16138,1.16168,1.16053,1.16054,1934,0,0
2026-05-19 17:15:00,2026-05-19 15:15:00,1.16054,1.16065,1.15950,1.16008,1899,0,0
2026-05-19 17:30:00,2026-05-19 15:30:00,1.16008,1.16015,1.15950,1.15963,1757,0,0
2026-05-19 17:45:00,2026-05-19 15:45:00,1.15961,1.16010,1.15954,1.15957,1719,0,0
2026-05-19 18:00:00,2026-05-19 16:00:00,1.15958,1.15983,1.15921,1.15951,1543,0,0
2026-05-19 18:15:00,2026-05-19 16:15:00,1.15951,1.15982,1.15933,1.15961,1401,0,0
2026-05-19 18:30:00,2026-05-19 16:30:00,1.15957,1.16031,1.15947,1.15999,1247,0,0
2026-05-19 18:45:00,2026-05-19 16:45:00,1.15998,1.16031,1.15993,1.16020,1130,0,0
2026-05-19 19:00:00,2026-05-19 17:00:00,1.16021,1.16024,1.15958,1.15990,1272,0,0
2026-05-19 19:15:00,2026-05-19 17:15:00,1.15989,1.16062,1.15977,1.16053,1200,0,0
2026-05-19 19:30:00,2026-05-19 17:30:00,1.16050,1.16095,1.16039,1.16084,1253,0,0
2026-05-19 19:45:00,2026-05-19 17:45:00,1.16085,1.16089,1.16057,1.16070,1004,0,0
2026-05-19 20:00:00,2026-05-19 18:00:00,1.16071,1.16123,1.16066,1.16118,852,0,0
2026-05-19 20:15:00,2026-05-19 18:15:00,1.16119,1.16122,1.16086,1.16094,738,0,0
2026-05-19 20:30:00,2026-05-19 18:30:00,1.16095,1.16107,1.16073,1.16103,782,0,0
2026-05-19 20:45:00,2026-05-19 18:45:00,1.16104,1.16118,1.16081,1.16107,859,0,0
2026-05-19 21:00:00,2026-05-19 19:00:00,1.16108,1.16149,1.16105,1.16124,799,0,0
2026-05-19 21:15:00,2026-05-19 19:15:00,1.16124,1.16128,1.16082,1.16084,839,0,0
2026-05-19 21:30:00,2026-05-19 19:30:00,1.16083,1.16099,1.16065,1.16093,1141,0,0
2026-05-19 21:45:00,2026-05-19 19:45:00,1.16092,1.16093,1.16026,1.16033,1056,0,0
2026-05-19 22:00:00,2026-05-19 20:00:00,1.16030,1.16067,1.16026,1.16055,831,0,0
2026-05-19 22:15:00,2026-05-19 20:15:00,1.16055,1.16063,1.16028,1.16046,724,0,0
2026-05-19 22:30:00,2026-05-19 20:30:00,1.16047,1.16082,1.16038,1.16077,778,0,0
2026-05-19 22:45:00,2026-05-19 20:45:00,1.16077,1.16078,1.16044,1.16063,743,0,0
2026-05-19 23:00:00,2026-05-19 21:00:00,1.16064,1.16067,1.16034,1.16044,512,0,0
2026-05-19 23:15:00,2026-05-19 21:15:00,1.16043,1.16050,1.16035,1.16048,354,0,0
2026-05-19 23:30:00,2026-05-19 21:30:00,1.16048,1.16070,1.16048,1.16054,308,0,0
2026-05-19 23:45:00,2026-05-19 21:45:00,1.16053,1.16067,1.16043,1.16063,346,0,0
2026-05-20 00:00:00,2026-05-19 22:00:00,1.15999,1.16026,1.15961,1.16017,182,70,0
2026-05-20 00:15:00,2026-05-19 22:15:00,1.16017,1.16070,1.16016,1.16070,129,16,0
2026-05-20 00:30:00,2026-05-19 22:30:00,1.16069,1.16081,1.16063,1.16063,132,17,0
2026-05-20 00:45:00,2026-05-19 22:45:00,1.16064,1.16068,1.16051,1.16061,171,25,0
2026-05-20 01:00:00,2026-05-19 23:00:00,1.16073,1.16076,1.16057,1.16067,264,4,0
2026-05-20 01:15:00,2026-05-19 23:15:00,1.16067,1.16084,1.16067,1.16081,165,0,0
2026-05-20 01:30:00,2026-05-19 23:30:00,1.16081,1.16089,1.16067,1.16069,240,0,0
2026-05-20 01:45:00,2026-05-19 23:45:00,1.16069,1.16090,1.16067,1.16087,280,0,0
2026-05-20 02:00:00,2026-05-20 00:00:00,1.16088,1.16091,1.16076,1.16091,224,0,0
2026-05-20 02:15:00,2026-05-20 00:15:00,1.16091,1.16107,1.16090,1.16104,195,0,0
2026-05-20 02:30:00,2026-05-20 00:30:00,1.16105,1.16130,1.16100,1.16114,351,0,0
2026-05-20 02:45:00,2026-05-20 00:45:00,1.16115,1.16115,1.16062,1.16067,452,0,0
2026-05-20 03:00:00,2026-05-20 01:00:00,1.16067,1.16069,1.16031,1.16049,1067,0,0
2026-05-20 03:15:00,2026-05-20 01:15:00,1.16049,1.16102,1.16039,1.16085,954,0,0
2026-05-20 03:30:00,2026-05-20 01:30:00,1.16086,1.16105,1.16038,1.16045,923,0,0
2026-05-20 03:45:00,2026-05-20 01:45:00,1.16044,1.16058,1.16009,1.16014,978,0,0
2026-05-20 04:00:00,2026-05-20 02:00:00,1.16014,1.16025,1.15981,1.15988,1094,0,0
2026-05-20 04:15:00,2026-05-20 02:15:00,1.15988,1.16005,1.15953,1.15958,898,0,0
2026-05-20 04:30:00,2026-05-20 02:30:00,1.15959,1.15976,1.15936,1.15953,1032,0,0
2026-05-20 04:45:00,2026-05-20 02:45:00,1.15953,1.16025,1.15944,1.15972,1086,0,0
2026-05-20 05:00:00,2026-05-20 03:00:00,1.15972,1.16004,1.15970,1.16003,730,0,0
2026-05-20 05:15:00,2026-05-20 03:15:00,1.16002,1.16030,1.15983,1.15990,764,0,0
2026-05-20 05:30:00,2026-05-20 03:30:00,1.15989,1.15994,1.15944,1.15976,994,0,0
2026-05-20 05:45:00,2026-05-20 03:45:00,1.15977,1.15996,1.15970,1.15977,856,0,0
2026-05-20 06:00:00,2026-05-20 04:00:00,1.15978,1.15984,1.15954,1.15975,702,0,0
2026-05-20 06:15:00,2026-05-20 04:15:00,1.15975,1.16030,1.15973,1.16023,695,0,0
2026-05-20 06:30:00,2026-05-20 04:30:00,1.16022,1.16054,1.16012,1.16049,749,0,0
2026-05-20 06:45:00,2026-05-20 04:45:00,1.16049,1.16055,1.16018,1.16023,592,0,0
2026-05-20 07:00:00,2026-05-20 05:00:00,1.16022,1.16068,1.16021,1.16050,701,0,0
2026-05-20 07:15:00,2026-05-20 05:15:00,1.16051,1.16051,1.16020,1.16031,604,0,0
2026-05-20 07:30:00,2026-05-20 05:30:00,1.16030,1.16031,1.15969,1.15985,713,0,0
2026-05-20 07:45:00,2026-05-20 05:45:00,1.15984,1.15996,1.15971,1.15972,688,0,0
2026-05-20 08:00:00,2026-05-20 06:00:00,1.15972,1.16014,1.15970,1.15986,671,0,0
2026-05-20 08:15:00,2026-05-20 06:15:00,1.15986,1.16009,1.15949,1.15951,771,0,0
2026-05-20 08:30:00,2026-05-20 06:30:00,1.15952,1.15994,1.15947,1.15959,906,0,0
2026-05-20 08:45:00,2026-05-20 06:45:00,1.15960,1.15960,1.15917,1.15955,883,0,0
2026-05-20 09:00:00,2026-05-20 07:00:00,1.15955,1.15986,1.15933,1.15984,1019,0,0
2026-05-20 09:15:00,2026-05-20 07:15:00,1.15985,1.16062,1.15984,1.16048,1173,0,0
2026-05-20 09:30:00,2026-05-20 07:30:00,1.16049,1.16049,1.15980,1.15996,1011,0,0
2026-05-20 09:45:00,2026-05-20 07:45:00,1.15997,1.15999,1.15933,1.15966,1055,0,0
2026-05-20 10:00:00,2026-05-20 08:00:00,1.15966,1.16016,1.15949,1.15984,1032,0,0
2026-05-20 10:15:00,2026-05-20 08:15:00,1.15985,1.16004,1.15958,1.15974,984,0,0
2026-05-20 10:30:00,2026-05-20 08:30:00,1.15973,1.15980,1.15941,1.15941,1091,0,0
2026-05-20 10:45:00,2026-05-20 08:45:00,1.15942,1.15948,1.15920,1.15931,1028,0,0
2026-05-20 11:00:00,2026-05-20 09:00:00,1.15932,1.15952,1.15870,1.15878,1112,0,0
2026-05-20 11:15:00,2026-05-20 09:15:00,1.15878,1.15899,1.15838,1.15888,1072,0,0
2026-05-20 11:30:00,2026-05-20 09:30:00,1.15890,1.15945,1.15877,1.15933,1183,0,0
2026-05-20 11:45:00,2026-05-20 09:45:00,1.15933,1.15944,1.15899,1.15902,990,0,0
2026-05-20 12:00:00,2026-05-20 10:00:00,1.15901,1.15946,1.15900,1.15932,824,0,0
2026-05-20 12:15:00,2026-05-20 10:15:00,1.15932,1.15946,1.15902,1.15914,890,0,0
2026-05-20 12:30:00,2026-05-20 10:30:00,1.15913,1.15930,1.15908,1.15910,611,0,0
2026-05-20 12:45:00,2026-05-20 10:45:00,1.15912,1.15922,1.15880,1.15882,688,0,0
2026-05-20 13:00:00,2026-05-20 11:00:00,1.15882,1.15937,1.15875,1.15930,821,0,0
2026-05-20 13:15:00,2026-05-20 11:15:00,1.15930,1.15968,1.15923,1.15949,774,0,0
2026-05-20 13:30:00,2026-05-20 11:30:00,1.15950,1.16028,1.15944,1.16003,880,0,0
2026-05-20 13:45:00,2026-05-20 11:45:00,1.16002,1.16029,1.15997,1.16011,658,0,0
2026-05-20 14:00:00,2026-05-20 12:00:00,1.16010,1.16012,1.15963,1.15981,774,0,0
2026-05-20 14:15:00,2026-05-20 12:15:00,1.15982,1.16024,1.15963,1.16023,741,0,0
2026-05-20 14:30:00,2026-05-20 12:30:00,1.16023,1.16056,1.16011,1.16019,816,0,0
2026-05-20 14:45:00,2026-05-20 12:45:00,1.16019,1.16032,1.15980,1.16009,1006,0,0
2026-05-20 15:00:00,2026-05-20 13:00:00,1.16009,1.16042,1.15990,1.16017,1081,0,0
2026-05-20 15:15:00,2026-05-20 13:15:00,1.16017,1.16026,1.15958,1.15989,1063,0,0
2026-05-20 15:30:00,2026-05-20 13:30:00,1.15989,1.16018,1.15964,1.15986,1113,0,0
2026-05-20 15:45:00,2026-05-20 13:45:00,1.15987,1.16000,1.15936,1.15953,960,0,0
2026-05-20 16:00:00,2026-05-20 14:00:00,1.15952,1.15956,1.15919,1.15932,1015,0,0
2026-05-20 16:15:00,2026-05-20 14:15:00,1.15932,1.15940,1.15903,1.15910,948,0,0
2026-05-20 16:30:00,2026-05-20 14:30:00,1.15909,1.15937,1.15893,1.15928,1138,0,0
2026-05-20 16:45:00,2026-05-20 14:45:00,1.15929,1.15972,1.15891,1.15911,1553,0,0
2026-05-20 17:00:00,2026-05-20 15:00:00,1.15911,1.15912,1.15827,1.15885,1568,0,0
2026-05-20 17:15:00,2026-05-20 15:15:00,1.15885,1.16203,1.15885,1.16131,2766,0,0
2026-05-20 17:30:00,2026-05-20 15:30:00,1.16131,1.16241,1.16116,1.16170,2254,0,0
2026-05-20 17:45:00,2026-05-20 15:45:00,1.16169,1.16241,1.16156,1.16183,2075,0,0
2026-05-20 18:00:00,2026-05-20 16:00:00,1.16182,1.16229,1.16129,1.16148,1749,0,0
2026-05-20 18:15:00,2026-05-20 16:15:00,1.16149,1.16449,1.16147,1.16253,2604,0,0
2026-05-20 18:30:00,2026-05-20 16:30:00,1.16253,1.16346,1.16251,1.16271,1854,0,0
2026-05-20 18:45:00,2026-05-20 16:45:00,1.16270,1.16289,1.16172,1.16190,1595,0,0
2026-05-20 19:00:00,2026-05-20 17:00:00,1.16190,1.16308,1.16188,1.16287,1327,0,0
2026-05-20 19:15:00,2026-05-20 17:15:00,1.16286,1.16307,1.16216,1.16239,1628,0,0
2026-05-20 19:30:00,2026-05-20 17:30:00,1.16239,1.16278,1.16197,1.16275,1365,0,0
2026-05-20 19:45:00,2026-05-20 17:45:00,1.16275,1.16304,1.16227,1.16255,1460,0,0
2026-05-20 20:00:00,2026-05-20 18:00:00,1.16254,1.16266,1.16184,1.16238,1386,0,0
2026-05-20 20:15:00,2026-05-20 18:15:00,1.16237,1.16259,1.16212,1.16246,1204,0,0
2026-05-20 20:30:00,2026-05-20 18:30:00,1.16251,1.16270,1.16200,1.16202,1124,0,0
2026-05-20 20:45:00,2026-05-20 18:45:00,1.16198,1.16230,1.16179,1.16179,959,0,0
2026-05-20 21:00:00,2026-05-20 19:00:00,1.16179,1.16240,1.16158,1.16240,1119,0,0
2026-05-20 21:15:00,2026-05-20 19:15:00,1.16239,1.16280,1.16232,1.16279,974,0,0
2026-05-20 21:30:00,2026-05-20 19:30:00,1.16279,1.16329,1.16269,1.16269,914,0,0
2026-05-20 21:45:00,2026-05-20 19:45:00,1.16270,1.16357,1.16267,1.16309,922,0,0
2026-05-20 22:00:00,2026-05-20 20:00:00,1.16311,1.16342,1.16296,1.16303,841,0,0
2026-05-20 22:15:00,2026-05-20 20:15:00,1.16304,1.16329,1.16300,1.16326,593,0,0
2026-05-20 22:30:00,2026-05-20 20:30:00,1.16327,1.16352,1.16303,1.16307,768,0,0
2026-05-20 22:45:00,2026-05-20 20:45:00,1.16307,1.16325,1.16275,1.16278,1017,0,0
2026-05-20 23:00:00,2026-05-20 21:00:00,1.16279,1.16285,1.16267,1.16281,568,0,0
2026-05-20 23:15:00,2026-05-20 21:15:00,1.16282,1.16284,1.16260,1.16270,675,0,0
2026-05-20 23:30:00,2026-05-20 21:30:00,1.16271,1.16274,1.16239,1.16241,493,0,0
2026-05-20 23:45:00,2026-05-20 21:45:00,1.16241,1.16265,1.16232,1.16254,424,0,0
2026-05-21 00:00:00,2026-05-20 22:00:00,1.16174,1.16230,1.16170,1.16227,302,63,0
2026-05-21 00:15:00,2026-05-20 22:15:00,1.16228,1.16229,1.16209,1.16225,104,60,0
2026-05-21 00:30:00,2026-05-20 22:30:00,1.16223,1.16244,1.16221,1.16240,242,52,0
2026-05-21 00:45:00,2026-05-20 22:45:00,1.16241,1.16255,1.16222,1.16223,187,25,0
2026-05-21 01:00:00,2026-05-20 23:00:00,1.16240,1.16280,1.16237,1.16279,322,0,0
2026-05-21 01:15:00,2026-05-20 23:15:00,1.16278,1.16280,1.16258,1.16263,270,0,0
2026-05-21 01:30:00,2026-05-20 23:30:00,1.16264,1.16271,1.16255,1.16269,195,0,0
2026-05-21 01:45:00,2026-05-20 23:45:00,1.16269,1.16272,1.16260,1.16263,205,0,0
2026-05-21 02:00:00,2026-05-21 00:00:00,1.16263,1.16276,1.16259,1.16264,239,0,0
2026-05-21 02:15:00,2026-05-21 00:15:00,1.16264,1.16265,1.16239,1.16247,213,0,0
2026-05-21 02:30:00,2026-05-21 00:30:00,1.16245,1.16247,1.16228,1.16232,214,0,0
2026-05-21 02:45:00,2026-05-21 00:45:00,1.16233,1.16272,1.16232,1.16248,329,0,0
2026-05-21 03:00:00,2026-05-21 01:00:00,1.16247,1.16265,1.16229,1.16258,818,0,0
2026-05-21 03:15:00,2026-05-21 01:15:00,1.16258,1.16275,1.16224,1.16264,805,0,0
2026-05-21 03:30:00,2026-05-21 01:30:00,1.16264,1.16270,1.16245,1.16265,539,0,0
2026-05-21 03:45:00,2026-05-21 01:45:00,1.16265,1.16292,1.16263,1.16285,728,0,0
2026-05-21 04:00:00,2026-05-21 02:00:00,1.16286,1.16345,1.16286,1.16332,642,0,0
2026-05-21 04:15:00,2026-05-21 02:15:00,1.16334,1.16355,1.16323,1.16329,693,0,0
2026-05-21 04:30:00,2026-05-21 02:30:00,1.16329,1.16346,1.16299,1.16313,939,0,0
2026-05-21 04:45:00,2026-05-21 02:45:00,1.16312,1.16316,1.16226,1.16261,1037,0,0
2026-05-21 05:00:00,2026-05-21 03:00:00,1.16262,1.16286,1.16250,1.16253,784,0,0
2026-05-21 05:15:00,2026-05-21 03:15:00,1.16254,1.16257,1.16208,1.16211,765,0,0
2026-05-21 05:30:00,2026-05-21 03:30:00,1.16210,1.16225,1.16182,1.16200,719,0,0
2026-05-21 05:45:00,2026-05-21 03:45:00,1.16200,1.16203,1.16156,1.16177,755,0,0
2026-05-21 06:00:00,2026-05-21 04:00:00,1.16176,1.16209,1.16173,1.16189,562,0,0
2026-05-21 06:15:00,2026-05-21 04:15:00,1.16189,1.16229,1.16183,1.16207,568,0,0
2026-05-21 06:30:00,2026-05-21 04:30:00,1.16206,1.16216,1.16182,1.16210,541,0,0
2026-05-21 06:45:00,2026-05-21 04:45:00,1.16211,1.16216,1.16187,1.16191,504,0,0
2026-05-21 07:00:00,2026-05-21 05:00:00,1.16190,1.16212,1.16184,1.16210,426,0,0
2026-05-21 07:15:00,2026-05-21 05:15:00,1.16209,1.16218,1.16198,1.16211,395,0,0
2026-05-21 07:30:00,2026-05-21 05:30:00,1.16212,1.16217,1.16201,1.16215,358,0,0
2026-05-21 07:45:00,2026-05-21 05:45:00,1.16214,1.16237,1.16209,1.16223,382,0,0
2026-05-21 08:00:00,2026-05-21 06:00:00,1.16222,1.16237,1.16213,1.16217,504,0,0
2026-05-21 08:15:00,2026-05-21 06:15:00,1.16217,1.16220,1.16185,1.16190,539,0,0
2026-05-21 08:30:00,2026-05-21 06:30:00,1.16191,1.16217,1.16186,1.16207,527,0,0
2026-05-21 08:45:00,2026-05-21 06:45:00,1.16206,1.16224,1.16181,1.16217,812,0,0
2026-05-21 09:00:00,2026-05-21 07:00:00,1.16217,1.16267,1.16212,1.16257,837,0,0
2026-05-21 09:15:00,2026-05-21 07:15:00,1.16257,1.16269,1.16199,1.16250,928,0,0
2026-05-21 09:30:00,2026-05-21 07:30:00,1.16250,1.16259,1.16155,1.16169,963,0,0
2026-05-21 09:45:00,2026-05-21 07:45:00,1.16169,1.16206,1.16163,1.16202,1023,0,0
2026-05-21 10:00:00,2026-05-21 08:00:00,1.16203,1.16210,1.16162,1.16181,1005,0,0
2026-05-21 10:15:00,2026-05-21 08:15:00,1.16181,1.16181,1.15940,1.15970,1904,0,0
2026-05-21 10:30:00,2026-05-21 08:30:00,1.15970,1.16042,1.15970,1.16034,1496,0,0
2026-05-21 10:45:00,2026-05-21 08:45:00,1.16033,1.16090,1.16033,1.16075,1048,0,0
2026-05-21 11:00:00,2026-05-21 09:00:00,1.16075,1.16262,1.16061,1.16259,1405,0,0
2026-05-21 11:15:00,2026-05-21 09:15:00,1.16258,1.16353,1.16241,1.16338,1621,0,0
2026-05-21 11:30:00,2026-05-21 09:30:00,1.16337,1.16337,1.16227,1.16230,1317,0,0
2026-05-21 11:45:00,2026-05-21 09:45:00,1.16233,1.16288,1.16215,1.16236,1330,0,0
2026-05-21 12:00:00,2026-05-21 10:00:00,1.16237,1.16289,1.16207,1.16279,1219,0,0
2026-05-21 12:15:00,2026-05-21 10:15:00,1.16279,1.16320,1.16269,1.16318,1058,0,0
2026-05-21 12:30:00,2026-05-21 10:30:00,1.16318,1.16336,1.16265,1.16273,1044,0,0
2026-05-21 12:45:00,2026-05-21 10:45:00,1.16273,1.16297,1.16260,1.16274,886,0,0
2026-05-21 13:00:00,2026-05-21 11:00:00,1.16274,1.16304,1.16238,1.16244,951,0,0
2026-05-21 13:15:00,2026-05-21 11:15:00,1.16243,1.16253,1.16086,1.16133,1356,0,0
2026-05-21 13:30:00,2026-05-21 11:30:00,1.16134,1.16137,1.16000,1.16065,1909,0,0
2026-05-21 13:45:00,2026-05-21 11:45:00,1.16065,1.16110,1.16039,1.16073,1605,0,0
2026-05-21 14:00:00,2026-05-21 12:00:00,1.16074,1.16125,1.16063,1.16096,1287,0,0
2026-05-21 14:15:00,2026-05-21 12:15:00,1.16095,1.16161,1.16085,1.16129,1253,0,0
2026-05-21 14:30:00,2026-05-21 12:30:00,1.16129,1.16145,1.16071,1.16077,976,0,0
2026-05-21 14:45:00,2026-05-21 12:45:00,1.16077,1.16080,1.15960,1.15991,1144,0,0
2026-05-21 15:00:00,2026-05-21 13:00:00,1.15990,1.16034,1.15952,1.15976,1291,0,0
2026-05-21 15:15:00,2026-05-21 13:15:00,1.15977,1.15987,1.15932,1.15948,1088,0,0
2026-05-21 15:30:00,2026-05-21 13:30:00,1.15949,1.16067,1.15946,1.16063,1606,0,0
2026-05-21 15:45:00,2026-05-21 13:45:00,1.16063,1.16090,1.15971,1.15973,1492,0,0
2026-05-21 16:00:00,2026-05-21 14:00:00,1.15972,1.15999,1.15927,1.15955,1434,0,0
2026-05-21 16:15:00,2026-05-21 14:15:00,1.15956,1.15959,1.15874,1.15896,1310,0,0
2026-05-21 16:30:00,2026-05-21 14:30:00,1.15901,1.15901,1.15763,1.15781,1752,0,0
2026-05-21 16:45:00,2026-05-21 14:45:00,1.15778,1.16011,1.15778,1.15947,2078,0,0
2026-05-21 17:00:00,2026-05-21 15:00:00,1.15948,1.15955,1.15883,1.15929,1782,0,0
2026-05-21 17:15:00,2026-05-21 15:15:00,1.15928,1.15939,1.15842,1.15887,1827,0,0
2026-05-21 17:30:00,2026-05-21 15:30:00,1.15887,1.15947,1.15861,1.15905,1567,0,0
2026-05-21 17:45:00,2026-05-21 15:45:00,1.15903,1.15966,1.15897,1.15930,1548,0,0
2026-05-21 18:00:00,2026-05-21 16:00:00,1.15931,1.15940,1.15822,1.15878,1809,0,0
2026-05-21 18:15:00,2026-05-21 16:15:00,1.15878,1.15894,1.15850,1.15855,1436,0,0
2026-05-21 18:30:00,2026-05-21 16:30:00,1.15855,1.15885,1.15830,1.15831,1318,0,0
2026-05-21 18:45:00,2026-05-21 16:45:00,1.15832,1.15891,1.15830,1.15884,1150,0,0
2026-05-21 19:00:00,2026-05-21 17:00:00,1.15884,1.15921,1.15847,1.15885,1355,0,0
2026-05-21 19:15:00,2026-05-21 17:15:00,1.15884,1.15937,1.15866,1.15935,988,0,0
2026-05-21 19:30:00,2026-05-21 17:30:00,1.15935,1.15958,1.15922,1.15953,810,0,0
2026-05-21 19:45:00,2026-05-21 17:45:00,1.15954,1.15964,1.15937,1.15953,990,0,0
2026-05-21 20:00:00,2026-05-21 18:00:00,1.15953,1.16025,1.15928,1.16020,1456,0,0
2026-05-21 20:15:00,2026-05-21 18:15:00,1.16020,1.16203,1.16018,1.16183,2405,0,0
2026-05-21 20:30:00,2026-05-21 18:30:00,1.16182,1.16246,1.16146,1.16233,1766,0,0
2026-05-21 20:45:00,2026-05-21 18:45:00,1.16233,1.16301,1.16198,1.16249,1542,0,0
2026-05-21 21:00:00,2026-05-21 19:00:00,1.16248,1.16302,1.16191,1.16227,1806,0,0
2026-05-21 21:15:00,2026-05-21 19:15:00,1.16228,1.16278,1.16207,1.16260,1241,0,0
2026-05-21 21:30:00,2026-05-21 19:30:00,1.16261,1.16272,1.16236,1.16248,1087,0,0
2026-05-21 21:45:00,2026-05-21 19:45:00,1.16247,1.16254,1.16073,1.16114,1972,0,0
2026-05-21 22:00:00,2026-05-21 20:00:00,1.16114,1.16164,1.16096,1.16149,1400,0,0
2026-05-21 22:15:00,2026-05-21 20:15:00,1.16147,1.16209,1.16147,1.16199,850,0,0
2026-05-21 22:30:00,2026-05-21 20:30:00,1.16200,1.16242,1.16181,1.16181,974,0,0
2026-05-21 22:45:00,2026-05-21 20:45:00,1.16182,1.16243,1.16140,1.16214,1237,0,0
2026-05-21 23:00:00,2026-05-21 21:00:00,1.16214,1.16229,1.16166,1.16176,780,0,0
2026-05-21 23:15:00,2026-05-21 21:15:00,1.16176,1.16197,1.16159,1.16183,476,0,0
2026-05-21 23:30:00,2026-05-21 21:30:00,1.16184,1.16188,1.16160,1.16174,400,0,0
2026-05-21 23:45:00,2026-05-21 21:45:00,1.16173,1.16191,1.16163,1.16171,405,0,0
2026-05-22 00:00:00,2026-05-21 22:00:00,1.16149,1.16200,1.16138,1.16196,183,38,0
2026-05-22 00:15:00,2026-05-21 22:15:00,1.16196,1.16202,1.16194,1.16197,118,32,0
2026-05-22 00:30:00,2026-05-21 22:30:00,1.16194,1.16199,1.16166,1.16173,214,24,0
2026-05-22 00:45:00,2026-05-21 22:45:00,1.16172,1.16181,1.16170,1.16173,229,30,0
2026-05-22 01:00:00,2026-05-21 23:00:00,1.16182,1.16196,1.16151,1.16164,325,0,0
2026-05-22 01:15:00,2026-05-21 23:15:00,1.16164,1.16172,1.16161,1.16167,174,0,0
2026-05-22 01:30:00,2026-05-21 23:30:00,1.16168,1.16190,1.16167,1.16185,222,0,0
2026-05-22 01:45:00,2026-05-21 23:45:00,1.16185,1.16191,1.16175,1.16175,241,0,0
2026-05-22 02:00:00,2026-05-22 00:00:00,1.16175,1.16186,1.16173,1.16179,167,0,0
2026-05-22 02:15:00,2026-05-22 00:15:00,1.16179,1.16181,1.16160,1.16174,197,0,0
2026-05-22 02:30:00,2026-05-22 00:30:00,1.16175,1.16175,1.16166,1.16170,205,0,0
2026-05-22 02:45:00,2026-05-22 00:45:00,1.16169,1.16192,1.16168,1.16179,283,0,0
2026-05-22 03:00:00,2026-05-22 01:00:00,1.16181,1.16181,1.16136,1.16139,787,0,0
2026-05-22 03:15:00,2026-05-22 01:15:00,1.16139,1.16150,1.16129,1.16140,626,0,0
2026-05-22 03:30:00,2026-05-22 01:30:00,1.16140,1.16151,1.16124,1.16149,557,0,0
2026-05-22 03:45:00,2026-05-22 01:45:00,1.16151,1.16162,1.16135,1.16144,593,0,0
2026-05-22 04:00:00,2026-05-22 02:00:00,1.16144,1.16154,1.16125,1.16144,589,0,0
2026-05-22 04:15:00,2026-05-22 02:15:00,1.16146,1.16158,1.16122,1.16141,593,0,0
2026-05-22 04:30:00,2026-05-22 02:30:00,1.16141,1.16150,1.16123,1.16140,626,0,0
2026-05-22 04:45:00,2026-05-22 02:45:00,1.16140,1.16157,1.16099,1.16100,617,0,0
2026-05-22 05:00:00,2026-05-22 03:00:00,1.16100,1.16118,1.16098,1.16108,503,0,0
2026-05-22 05:15:00,2026-05-22 03:15:00,1.16109,1.16122,1.16103,1.16115,422,0,0
2026-05-22 05:30:00,2026-05-22 03:30:00,1.16115,1.16143,1.16113,1.16134,484,0,0
2026-05-22 05:45:00,2026-05-22 03:45:00,1.16135,1.16143,1.16100,1.16118,506,0,0
2026-05-22 06:00:00,2026-05-22 04:00:00,1.16117,1.16130,1.16088,1.16093,449,0,0
2026-05-22 06:15:00,2026-05-22 04:15:00,1.16092,1.16109,1.16088,1.16103,418,0,0
2026-05-22 06:30:00,2026-05-22 04:30:00,1.16104,1.16116,1.16102,1.16115,405,0,0
2026-05-22 06:45:00,2026-05-22 04:45:00,1.16113,1.16121,1.16106,1.16121,289,0,0
2026-05-22 07:00:00,2026-05-22 05:00:00,1.16120,1.16144,1.16114,1.16141,352,0,0
2026-05-22 07:15:00,2026-05-22 05:15:00,1.16141,1.16151,1.16129,1.16135,255,0,0
2026-05-22 07:30:00,2026-05-22 05:30:00,1.16136,1.16142,1.16128,1.16135,268,0,0
2026-05-22 07:45:00,2026-05-22 05:45:00,1.16135,1.16156,1.16132,1.16153,291,0,0
2026-05-22 08:00:00,2026-05-22 06:00:00,1.16152,1.16170,1.16146,1.16151,409,0,0
2026-05-22 08:15:00,2026-05-22 06:15:00,1.16153,1.16158,1.16144,1.16146,339,0,0
2026-05-22 08:30:00,2026-05-22 06:30:00,1.16144,1.16156,1.16138,1.16145,324,0,0
2026-05-22 08:45:00,2026-05-22 06:45:00,1.16148,1.16170,1.16073,1.16091,668,0,0
2026-05-22 09:00:00,2026-05-22 07:00:00,1.16091,1.16145,1.16078,1.16127,938,0,0
2026-05-22 09:15:00,2026-05-22 07:15:00,1.16125,1.16130,1.16093,1.16124,990,0,0
2026-05-22 09:30:00,2026-05-22 07:30:00,1.16124,1.16127,1.16053,1.16095,1003,0,0
2026-05-22 09:45:00,2026-05-22 07:45:00,1.16099,1.16109,1.16059,1.16099,839,0,0
2026-05-22 10:00:00,2026-05-22 08:00:00,1.16098,1.16098,1.16013,1.16020,938,0,0
2026-05-22 10:15:00,2026-05-22 08:15:00,1.16019,1.16087,1.16018,1.16086,888,0,0
2026-05-22 10:30:00,2026-05-22 08:30:00,1.16085,1.16085,1.16048,1.16064,954,0,0
2026-05-22 10:45:00,2026-05-22 08:45:00,1.16063,1.16096,1.16051,1.16086,818,0,0
2026-05-22 11:00:00,2026-05-22 09:00:00,1.16084,1.16106,1.16059,1.16063,968,0,0
2026-05-22 11:15:00,2026-05-22 09:15:00,1.16063,1.16159,1.16063,1.16110,1131,0,0
2026-05-22 11:30:00,2026-05-22 09:30:00,1.16111,1.16123,1.16034,1.16074,1249,0,0
2026-05-22 11:45:00,2026-05-22 09:45:00,1.16074,1.16104,1.16060,1.16078,975,0,0
2026-05-22 12:00:00,2026-05-22 10:00:00,1.16078,1.16082,1.15992,1.15997,1029,0,0
2026-05-22 12:15:00,2026-05-22 10:15:00,1.15997,1.16010,1.15962,1.15993,985,0,0
2026-05-22 12:30:00,2026-05-22 10:30:00,1.15994,1.16040,1.15984,1.16023,833,0,0
2026-05-22 12:45:00,2026-05-22 10:45:00,1.16024,1.16059,1.16021,1.16042,666,0,0
2026-05-22 13:00:00,2026-05-22 11:00:00,1.16042,1.16080,1.16027,1.16036,770,0,0
2026-05-22 13:15:00,2026-05-22 11:15:00,1.16034,1.16060,1.16001,1.16003,700,0,0
2026-05-22 13:30:00,2026-05-22 11:30:00,1.16003,1.16014,1.15974,1.15986,760,0,0
2026-05-22 13:45:00,2026-05-22 11:45:00,1.15987,1.15996,1.15951,1.15974,870,0,0
2026-05-22 14:00:00,2026-05-22 12:00:00,1.15976,1.15976,1.15933,1.15954,712,0,0
2026-05-22 14:15:00,2026-05-22 12:15:00,1.15954,1.15970,1.15937,1.15940,623,0,0
2026-05-22 14:30:00,2026-05-22 12:30:00,1.15940,1.15988,1.15932,1.15980,629,0,0
2026-05-22 14:45:00,2026-05-22 12:45:00,1.15980,1.16022,1.15954,1.15965,1001,0,0
2026-05-22 15:00:00,2026-05-22 13:00:00,1.15964,1.16067,1.15943,1.16046,1263,0,0
2026-05-22 15:15:00,2026-05-22 13:15:00,1.16045,1.16072,1.15965,1.15986,1429,0,0
2026-05-22 15:30:00,2026-05-22 13:30:00,1.15986,1.16012,1.15978,1.16000,862,0,0
2026-05-22 15:45:00,2026-05-22 13:45:00,1.16001,1.16050,1.16001,1.16045,922,0,0
2026-05-22 16:00:00,2026-05-22 14:00:00,1.16043,1.16184,1.16039,1.16128,1501,0,0
2026-05-22 16:15:00,2026-05-22 14:15:00,1.16128,1.16140,1.16078,1.16109,1224,0,0
2026-05-22 16:30:00,2026-05-22 14:30:00,1.16108,1.16117,1.16027,1.16044,1544,0,0
2026-05-22 16:45:00,2026-05-22 14:45:00,1.16043,1.16059,1.15994,1.16038,1261,0,0
2026-05-22 17:00:00,2026-05-22 15:00:00,1.16036,1.16038,1.15890,1.15900,1733,0,0
2026-05-22 17:15:00,2026-05-22 15:15:00,1.15900,1.15967,1.15881,1.15966,1455,0,0
2026-05-22 17:30:00,2026-05-22 15:30:00,1.15967,1.16019,1.15957,1.16008,1418,0,0
2026-05-22 17:45:00,2026-05-22 15:45:00,1.16007,1.16025,1.15948,1.15978,1376,0,0
2026-05-22 18:00:00,2026-05-22 16:00:00,1.15978,1.16050,1.15956,1.16034,1227,0,0
2026-05-22 18:15:00,2026-05-22 16:15:00,1.16035,1.16055,1.15993,1.16028,1130,0,0
2026-05-22 18:30:00,2026-05-22 16:30:00,1.16028,1.16039,1.15982,1.16011,1123,0,0
2026-05-22 18:45:00,2026-05-22 16:45:00,1.16012,1.16046,1.15994,1.16027,1060,0,0
2026-05-22 19:00:00,2026-05-22 17:00:00,1.16028,1.16079,1.15995,1.16072,1119,0,0
2026-05-22 19:15:00,2026-05-22 17:15:00,1.16068,1.16093,1.16053,1.16093,949,0,0
2026-05-22 19:30:00,2026-05-22 17:30:00,1.16092,1.16109,1.16054,1.16067,884,0,0
2026-05-22 19:45:00,2026-05-22 17:45:00,1.16067,1.16113,1.16064,1.16111,799,0,0
2026-05-22 20:00:00,2026-05-22 18:00:00,1.16112,1.16154,1.16111,1.16137,925,0,0
2026-05-22 20:15:00,2026-05-22 18:15:00,1.16136,1.16175,1.16086,1.16164,1296,0,0
2026-05-22 20:30:00,2026-05-22 18:30:00,1.16164,1.16192,1.16110,1.16133,1327,0,0
2026-05-22 20:45:00,2026-05-22 18:45:00,1.16132,1.16151,1.16107,1.16134,903,0,0
2026-05-22 21:00:00,2026-05-22 19:00:00,1.16134,1.16150,1.16094,1.16118,1002,0,0
2026-05-22 21:15:00,2026-05-22 19:15:00,1.16118,1.16124,1.16100,1.16105,710,0,0
2026-05-22 21:30:00,2026-05-22 19:30:00,1.16104,1.16150,1.16093,1.16118,714,0,0
2026-05-22 21:45:00,2026-05-22 19:45:00,1.16118,1.16141,1.16110,1.16118,587,0,0
2026-05-22 22:00:00,2026-05-22 20:00:00,1.16118,1.16140,1.16080,1.16085,857,0,0
2026-05-22 22:15:00,2026-05-22 20:15:00,1.16085,1.16105,1.16080,1.16083,478,0,0
2026-05-22 22:30:00,2026-05-22 20:30:00,1.16083,1.16089,1.16065,1.16072,707,0,0
2026-05-22 22:45:00,2026-05-22 20:45:00,1.16071,1.16074,1.16051,1.16059,703,0,0
2026-05-22 23:00:00,2026-05-22 21:00:00,1.16058,1.16066,1.16041,1.16048,482,0,0
2026-05-22 23:15:00,2026-05-22 21:15:00,1.16049,1.16061,1.16035,1.16040,344,0,0
2026-05-22 23:30:00,2026-05-22 21:30:00,1.16039,1.16039,1.15998,1.16016,538,0,0
2026-05-22 23:45:00,2026-05-22 21:45:00,1.16016,1.16026,1.15978,1.16025,451,1,0
2026-05-25 00:00:00,2026-05-24 22:00:00,1.16373,1.16378,1.16336,1.16348,172,39,0
2026-05-25 00:15:00,2026-05-24 22:15:00,1.16345,1.16371,1.16328,1.16345,180,44,0
2026-05-25 00:30:00,2026-05-24 22:30:00,1.16340,1.16340,1.16303,1.16323,207,40,0
2026-05-25 00:45:00,2026-05-24 22:45:00,1.16316,1.16316,1.16284,1.16299,246,38,0
2026-05-25 01:00:00,2026-05-24 23:00:00,1.16296,1.16377,1.16296,1.16362,744,0,0
2026-05-25 01:15:00,2026-05-24 23:15:00,1.16363,1.16420,1.16344,1.16407,835,0,0
2026-05-25 01:30:00,2026-05-24 23:30:00,1.16408,1.16441,1.16406,1.16439,647,0,0
2026-05-25 01:45:00,2026-05-24 23:45:00,1.16438,1.16451,1.16417,1.16431,471,0,0
2026-05-25 02:00:00,2026-05-25 00:00:00,1.16431,1.16462,1.16430,1.16449,454,0,0
2026-05-25 02:15:00,2026-05-25 00:15:00,1.16448,1.16462,1.16442,1.16453,424,0,0
2026-05-25 02:30:00,2026-05-25 00:30:00,1.16452,1.16456,1.16440,1.16449,532,0,0
2026-05-25 02:45:00,2026-05-25 00:45:00,1.16450,1.16456,1.16413,1.16419,563,0,0
2026-05-25 03:00:00,2026-05-25 01:00:00,1.16415,1.16425,1.16379,1.16391,616,0,0
2026-05-25 03:15:00,2026-05-25 01:15:00,1.16392,1.16425,1.16384,1.16418,643,0,0
2026-05-25 03:30:00,2026-05-25 01:30:00,1.16419,1.16434,1.16383,1.16394,549,0,0
2026-05-25 03:45:00,2026-05-25 01:45:00,1.16395,1.16491,1.16352,1.16367,1026,0,0
2026-05-25 04:00:00,2026-05-25 02:00:00,1.16366,1.16438,1.16353,1.16434,1060,0,0
2026-05-25 04:15:00,2026-05-25 02:15:00,1.16435,1.16472,1.16430,1.16462,774,0,0
2026-05-25 04:30:00,2026-05-25 02:30:00,1.16463,1.16463,1.16394,1.16402,867,0,0
2026-05-25 04:45:00,2026-05-25 02:45:00,1.16403,1.16418,1.16383,1.16391,581,0,0
2026-05-25 05:00:00,2026-05-25 03:00:00,1.16392,1.16426,1.16391,1.16404,586,0,0
2026-05-25 05:15:00,2026-05-25 03:15:00,1.16404,1.16424,1.16395,1.16417,551,0,0
2026-05-25 05:30:00,2026-05-25 03:30:00,1.16419,1.16420,1.16395,1.16404,504,0,0
2026-05-25 05:45:00,2026-05-25 03:45:00,1.16404,1.16409,1.16367,1.16377,430,0,0
2026-05-25 06:00:00,2026-05-25 04:00:00,1.16379,1.16397,1.16360,1.16373,494,0,0
2026-05-25 06:15:00,2026-05-25 04:15:00,1.16373,1.16391,1.16362,1.16372,562,0,0
2026-05-25 06:30:00,2026-05-25 04:30:00,1.16371,1.16398,1.16371,1.16374,478,0,0
2026-05-25 06:45:00,2026-05-25 04:45:00,1.16373,1.16378,1.16360,1.16373,498,0,0
2026-05-25 07:00:00,2026-05-25 05:00:00,1.16372,1.16377,1.16356,1.16364,441,0,0
2026-05-25 07:15:00,2026-05-25 05:15:00,1.16363,1.16373,1.16359,1.16370,423,0,0
2026-05-25 07:30:00,2026-05-25 05:30:00,1.16371,1.16402,1.16369,1.16401,426,0,0
2026-05-25 07:45:00,2026-05-25 05:45:00,1.16401,1.16437,1.16399,1.16420,451,0,0
2026-05-25 08:00:00,2026-05-25 06:00:00,1.16420,1.16453,1.16411,1.16429,572,0,0
2026-05-25 08:15:00,2026-05-25 06:15:00,1.16429,1.16438,1.16421,1.16433,374,0,0
2026-05-25 08:30:00,2026-05-25 06:30:00,1.16432,1.16449,1.16421,1.16429,457,0,0
2026-05-25 08:45:00,2026-05-25 06:45:00,1.16428,1.16440,1.16380,1.16392,550,0,0
2026-05-25 09:00:00,2026-05-25 07:00:00,1.16391,1.16408,1.16381,1.16406,760,0,0
2026-05-25 09:15:00,2026-05-25 07:15:00,1.16407,1.16414,1.16375,1.16389,702,0,0
2026-05-25 09:30:00,2026-05-25 07:30:00,1.16389,1.16428,1.16374,1.16408,557,0,0
2026-05-25 09:45:00,2026-05-25 07:45:00,1.16408,1.16449,1.16399,1.16411,735,0,0
2026-05-25 10:00:00,2026-05-25 08:00:00,1.16413,1.16420,1.16358,1.16369,815,0,0
2026-05-25 10:15:00,2026-05-25 08:15:00,1.16369,1.16372,1.16297,1.16338,1034,0,0
2026-05-25 10:30:00,2026-05-25 08:30:00,1.16339,1.16381,1.16336,1.16357,970,0,0
2026-05-25 10:45:00,2026-05-25 08:45:00,1.16357,1.16376,1.16340,1.16375,828,0,0
2026-05-25 11:00:00,2026-05-25 09:00:00,1.16378,1.16405,1.16328,1.16393,810,0,0
2026-05-25 11:15:00,2026-05-25 09:15:00,1.16392,1.16409,1.16384,1.16405,591,0,0
2026-05-25 11:30:00,2026-05-25 09:30:00,1.16406,1.16444,1.16402,1.16423,799,0,0
2026-05-25 11:45:00,2026-05-25 09:45:00,1.16424,1.16444,1.16421,1.16437,741,0,0
2026-05-25 12:00:00,2026-05-25 10:00:00,1.16438,1.16454,1.16412,1.16415,650,0,0
2026-05-25 12:15:00,2026-05-25 10:15:00,1.16415,1.16440,1.16405,1.16424,533,0,0
2026-05-25 12:30:00,2026-05-25 10:30:00,1.16424,1.16448,1.16419,1.16448,526,0,0
2026-05-25 12:45:00,2026-05-25 10:45:00,1.16448,1.16449,1.16405,1.16415,499,0,0
2026-05-25 13:00:00,2026-05-25 11:00:00,1.16415,1.16433,1.16413,1.16427,497,0,0
2026-05-25 13:15:00,2026-05-25 11:15:00,1.16428,1.16443,1.16419,1.16419,461,0,0
2026-05-25 13:30:00,2026-05-25 11:30:00,1.16418,1.16439,1.16414,1.16438,441,0,0
2026-05-25 13:45:00,2026-05-25 11:45:00,1.16438,1.16440,1.16418,1.16428,416,0,0
2026-05-25 14:00:00,2026-05-25 12:00:00,1.16428,1.16430,1.16403,1.16417,409,0,0
2026-05-25 14:15:00,2026-05-25 12:15:00,1.16418,1.16447,1.16418,1.16444,394,0,0
2026-05-25 14:30:00,2026-05-25 12:30:00,1.16446,1.16499,1.16443,1.16499,634,0,0
2026-05-25 14:45:00,2026-05-25 12:45:00,1.16499,1.16508,1.16435,1.16439,849,0,0
2026-05-25 15:00:00,2026-05-25 13:00:00,1.16439,1.16465,1.16426,1.16457,720,0,0
2026-05-25 15:15:00,2026-05-25 13:15:00,1.16458,1.16468,1.16434,1.16441,684,0,0
2026-05-25 15:30:00,2026-05-25 13:30:00,1.16441,1.16505,1.16441,1.16503,669,0,0
2026-05-25 15:45:00,2026-05-25 13:45:00,1.16503,1.16527,1.16475,1.16482,815,0,0
2026-05-25 16:00:00,2026-05-25 14:00:00,1.16482,1.16499,1.16463,1.16471,741,0,0
2026-05-25 16:15:00,2026-05-25 14:15:00,1.16472,1.16474,1.16437,1.16441,798,0,0
2026-05-25 16:30:00,2026-05-25 14:30:00,1.16441,1.16444,1.16415,1.16417,758,0,0
2026-05-25 16:45:00,2026-05-25 14:45:00,1.16419,1.16431,1.16387,1.16389,625,0,0
2026-05-25 17:00:00,2026-05-25 15:00:00,1.16389,1.16419,1.16384,1.16394,647,0,0
2026-05-25 17:15:00,2026-05-25 15:15:00,1.16398,1.16430,1.16398,1.16413,712,0,0
2026-05-25 17:30:00,2026-05-25 15:30:00,1.16413,1.16450,1.16402,1.16444,646,0,0
2026-05-25 17:45:00,2026-05-25 15:45:00,1.16445,1.16465,1.16406,1.16421,679,0,0
2026-05-25 18:00:00,2026-05-25 16:00:00,1.16421,1.16484,1.16396,1.16443,987,0,0
2026-05-25 18:15:00,2026-05-25 16:15:00,1.16444,1.16480,1.16439,1.16457,676,0,0
2026-05-25 18:30:00,2026-05-25 16:30:00,1.16456,1.16460,1.16440,1.16452,456,0,0
2026-05-25 18:45:00,2026-05-25 16:45:00,1.16450,1.16458,1.16421,1.16421,589,0,0
2026-05-25 19:00:00,2026-05-25 17:00:00,1.16422,1.16429,1.16378,1.16399,579,0,0
2026-05-25 19:15:00,2026-05-25 17:15:00,1.16399,1.16401,1.16382,1.16383,430,0,0
2026-05-25 19:30:00,2026-05-25 17:30:00,1.16383,1.16396,1.16366,1.16382,710,0,0
2026-05-25 19:45:00,2026-05-25 17:45:00,1.16382,1.16417,1.16381,1.16412,482,0,0
2026-05-25 20:00:00,2026-05-25 18:00:00,1.16411,1.16425,1.16401,1.16421,438,0,0
2026-05-25 20:15:00,2026-05-25 18:15:00,1.16420,1.16441,1.16420,1.16438,305,0,0
2026-05-25 20:30:00,2026-05-25 18:30:00,1.16438,1.16441,1.16426,1.16431,284,0,0
2026-05-25 20:45:00,2026-05-25 18:45:00,1.16431,1.16436,1.16416,1.16433,223,0,0
2026-05-25 21:00:00,2026-05-25 19:00:00,1.16433,1.16438,1.16420,1.16434,286,0,0
2026-05-25 21:15:00,2026-05-25 19:15:00,1.16434,1.16438,1.16424,1.16427,405,0,0
2026-05-25 21:30:00,2026-05-25 19:30:00,1.16425,1.16435,1.16414,1.16421,252,0,0
2026-05-25 21:45:00,2026-05-25 19:45:00,1.16421,1.16439,1.16419,1.16435,217,0,0
2026-05-25 22:00:00,2026-05-25 20:00:00,1.16437,1.16437,1.16421,1.16425,238,0,0
2026-05-25 22:15:00,2026-05-25 20:15:00,1.16425,1.16432,1.16423,1.16430,219,0,0
2026-05-25 22:30:00,2026-05-25 20:30:00,1.16431,1.16438,1.16421,1.16429,181,0,0
2026-05-25 22:45:00,2026-05-25 20:45:00,1.16429,1.16429,1.16417,1.16421,196,0,0
2026-05-25 23:00:00,2026-05-25 21:00:00,1.16422,1.16433,1.16422,1.16430,190,0,0
2026-05-25 23:15:00,2026-05-25 21:15:00,1.16430,1.16435,1.16418,1.16430,250,0,0
2026-05-25 23:30:00,2026-05-25 21:30:00,1.16432,1.16437,1.16412,1.16426,236,0,0
2026-05-25 23:45:00,2026-05-25 21:45:00,1.16426,1.16434,1.16424,1.16431,233,0,0
2026-05-26 00:00:00,2026-05-25 22:00:00,1.16374,1.16384,1.16350,1.16369,256,56,0
2026-05-26 00:15:00,2026-05-25 22:15:00,1.16368,1.16397,1.16356,1.16397,114,30,0
2026-05-26 00:30:00,2026-05-25 22:30:00,1.16397,1.16427,1.16380,1.16381,278,18,0
2026-05-26 00:45:00,2026-05-25 22:45:00,1.16381,1.16389,1.16340,1.16388,346,27,0
2026-05-26 01:00:00,2026-05-25 23:00:00,1.16397,1.16426,1.16380,1.16409,428,2,0
2026-05-26 01:15:00,2026-05-25 23:15:00,1.16409,1.16412,1.16395,1.16400,228,0,0
2026-05-26 01:30:00,2026-05-25 23:30:00,1.16399,1.16415,1.16392,1.16412,244,0,0
2026-05-26 01:45:00,2026-05-25 23:45:00,1.16412,1.16418,1.16407,1.16407,227,0,0
2026-05-26 02:00:00,2026-05-26 00:00:00,1.16407,1.16426,1.16407,1.16423,264,0,0
2026-05-26 02:15:00,2026-05-26 00:15:00,1.16424,1.16433,1.16406,1.16409,283,0,0
2026-05-26 02:30:00,2026-05-26 00:30:00,1.16410,1.16410,1.16372,1.16374,321,0,0
2026-05-26 02:45:00,2026-05-26 00:45:00,1.16374,1.16397,1.16357,1.16358,399,0,0
2026-05-26 03:00:00,2026-05-26 01:00:00,1.16359,1.16399,1.16348,1.16382,902,0,0
2026-05-26 03:15:00,2026-05-26 01:15:00,1.16386,1.16390,1.16338,1.16356,862,0,0
2026-05-26 03:30:00,2026-05-26 01:30:00,1.16356,1.16366,1.16349,1.16359,548,0,0
2026-05-26 03:45:00,2026-05-26 01:45:00,1.16359,1.16396,1.16353,1.16387,681,0,0
2026-05-26 04:00:00,2026-05-26 02:00:00,1.16386,1.16397,1.16350,1.16393,770,0,0
2026-05-26 04:15:00,2026-05-26 02:15:00,1.16392,1.16398,1.16362,1.16367,618,0,0
2026-05-26 04:30:00,2026-05-26 02:30:00,1.16368,1.16368,1.16303,1.16312,766,0,0
2026-05-26 04:45:00,2026-05-26 02:45:00,1.16312,1.16343,1.16307,1.16339,561,0,0
2026-05-26 05:00:00,2026-05-26 03:00:00,1.16338,1.16353,1.16324,1.16326,657,0,0
2026-05-26 05:15:00,2026-05-26 03:15:00,1.16327,1.16338,1.16322,1.16331,488,0,0
2026-05-26 05:30:00,2026-05-26 03:30:00,1.16332,1.16343,1.16315,1.16318,520,0,0
2026-05-26 05:45:00,2026-05-26 03:45:00,1.16318,1.16345,1.16312,1.16339,418,0,0
2026-05-26 06:00:00,2026-05-26 04:00:00,1.16339,1.16354,1.16337,1.16348,364,0,0
2026-05-26 06:15:00,2026-05-26 04:15:00,1.16347,1.16372,1.16346,1.16346,357,0,0
2026-05-26 06:30:00,2026-05-26 04:30:00,1.16347,1.16354,1.16343,1.16349,321,0,0
2026-05-26 06:45:00,2026-05-26 04:45:00,1.16348,1.16362,1.16342,1.16359,319,0,0
2026-05-26 07:00:00,2026-05-26 05:00:00,1.16358,1.16360,1.16334,1.16357,259,0,0
2026-05-26 07:15:00,2026-05-26 05:15:00,1.16358,1.16358,1.16331,1.16333,231,0,0
2026-05-26 07:30:00,2026-05-26 05:30:00,1.16332,1.16343,1.16322,1.16328,370,0,0
2026-05-26 07:45:00,2026-05-26 05:45:00,1.16329,1.16333,1.16293,1.16297,433,0,0
2026-05-26 08:00:00,2026-05-26 06:00:00,1.16297,1.16303,1.16285,1.16289,535,0,0
2026-05-26 08:15:00,2026-05-26 06:15:00,1.16287,1.16299,1.16279,1.16296,472,0,0
2026-05-26 08:30:00,2026-05-26 06:30:00,1.16296,1.16308,1.16289,1.16298,468,0,0
2026-05-26 08:45:00,2026-05-26 06:45:00,1.16296,1.16299,1.16274,1.16279,541,0,0
2026-05-26 09:00:00,2026-05-26 07:00:00,1.16278,1.16302,1.16273,1.16299,639,0,0
2026-05-26 09:15:00,2026-05-26 07:15:00,1.16295,1.16356,1.16287,1.16328,712,0,0
2026-05-26 09:30:00,2026-05-26 07:30:00,1.16328,1.16364,1.16328,1.16363,842,0,0
2026-05-26 09:45:00,2026-05-26 07:45:00,1.16362,1.16377,1.16339,1.16353,934,0,0
2026-05-26 10:00:00,2026-05-26 08:00:00,1.16351,1.16364,1.16239,1.16303,1043,0,0
2026-05-26 10:15:00,2026-05-26 08:15:00,1.16303,1.16339,1.16290,1.16338,819,0,0
2026-05-26 10:30:00,2026-05-26 08:30:00,1.16337,1.16405,1.16326,1.16357,1062,0,0
2026-05-26 10:45:00,2026-05-26 08:45:00,1.16357,1.16396,1.16335,1.16371,986,0,0
2026-05-26 11:00:00,2026-05-26 09:00:00,1.16375,1.16406,1.16351,1.16386,983,0,0
2026-05-26 11:15:00,2026-05-26 09:15:00,1.16386,1.16421,1.16374,1.16395,916,0,0
2026-05-26 11:30:00,2026-05-26 09:30:00,1.16392,1.16412,1.16347,1.16347,963,0,0
2026-05-26 11:45:00,2026-05-26 09:45:00,1.16347,1.16410,1.16344,1.16365,899,0,0
2026-05-26 12:00:00,2026-05-26 10:00:00,1.16364,1.16392,1.16326,1.16379,855,0,0
2026-05-26 12:15:00,2026-05-26 10:15:00,1.16379,1.16425,1.16368,1.16420,845,0,0
2026-05-26 12:30:00,2026-05-26 10:30:00,1.16421,1.16435,1.16398,1.16410,703,0,0
2026-05-26 12:45:00,2026-05-26 10:45:00,1.16411,1.16442,1.16398,1.16428,777,0,0
2026-05-26 13:00:00,2026-05-26 11:00:00,1.16428,1.16437,1.16396,1.16427,801,0,0
2026-05-26 13:15:00,2026-05-26 11:15:00,1.16428,1.16437,1.16409,1.16428,638,0,0
2026-05-26 13:30:00,2026-05-26 11:30:00,1.16430,1.16453,1.16377,1.16403,972,0,0
2026-05-26 13:45:00,2026-05-26 11:45:00,1.16404,1.16436,1.16395,1.16416,807,0,0
2026-05-26 14:00:00,2026-05-26 12:00:00,1.16417,1.16450,1.16403,1.16434,704,0,0
2026-05-26 14:15:00,2026-05-26 12:15:00,1.16432,1.16445,1.16399,1.16400,685,0,0
2026-05-26 14:30:00,2026-05-26 12:30:00,1.16400,1.16421,1.16350,1.16350,918,0,0
2026-05-26 14:45:00,2026-05-26 12:45:00,1.16350,1.16366,1.16335,1.16347,934,0,0
2026-05-26 15:00:00,2026-05-26 13:00:00,1.16346,1.16361,1.16308,1.16337,897,0,0
2026-05-26 15:15:00,2026-05-26 13:15:00,1.16335,1.16354,1.16322,1.16354,812,0,0
2026-05-26 15:30:00,2026-05-26 13:30:00,1.16353,1.16367,1.16332,1.16342,888,0,0
2026-05-26 15:45:00,2026-05-26 13:45:00,1.16341,1.16348,1.16316,1.16319,871,0,0
2026-05-26 16:00:00,2026-05-26 14:00:00,1.16319,1.16331,1.16287,1.16307,971,0,0
2026-05-26 16:15:00,2026-05-26 14:15:00,1.16308,1.16330,1.16265,1.16267,899,0,0
2026-05-26 16:30:00,2026-05-26 14:30:00,1.16266,1.16304,1.16254,1.16281,1221,0,0
2026-05-26 16:45:00,2026-05-26 14:45:00,1.16281,1.16314,1.16173,1.16255,1509,0,0
2026-05-26 17:00:00,2026-05-26 15:00:00,1.16257,1.16299,1.16219,1.16247,1238,0,0
2026-05-26 17:15:00,2026-05-26 15:15:00,1.16248,1.16264,1.16212,1.16244,1129,0,0
2026-05-26 17:30:00,2026-05-26 15:30:00,1.16243,1.16290,1.16230,1.16259,1256,0,0
2026-05-26 17:45:00,2026-05-26 15:45:00,1.16259,1.16286,1.16238,1.16251,1244,0,0
2026-05-26 18:00:00,2026-05-26 16:00:00,1.16250,1.16260,1.16198,1.16228,1207,0,0
2026-05-26 18:15:00,2026-05-26 16:15:00,1.16230,1.16230,1.16175,1.16208,1154,0,0
2026-05-26 18:30:00,2026-05-26 16:30:00,1.16210,1.16225,1.16163,1.16198,1117,0,0
2026-05-26 18:45:00,2026-05-26 16:45:00,1.16199,1.16222,1.16187,1.16193,1074,0,0
2026-05-26 19:00:00,2026-05-26 17:00:00,1.16193,1.16260,1.16193,1.16249,862,0,0
2026-05-26 19:15:00,2026-05-26 17:15:00,1.16250,1.16288,1.16246,1.16272,788,0,0
2026-05-26 19:30:00,2026-05-26 17:30:00,1.16271,1.16296,1.16249,1.16253,812,0,0
2026-05-26 19:45:00,2026-05-26 17:45:00,1.16253,1.16262,1.16224,1.16239,840,0,0
2026-05-26 20:00:00,2026-05-26 18:00:00,1.16240,1.16276,1.16229,1.16266,657,0,0
2026-05-26 20:15:00,2026-05-26 18:15:00,1.16265,1.16276,1.16241,1.16241,710,0,0
2026-05-26 20:30:00,2026-05-26 18:30:00,1.16241,1.16263,1.16222,1.16229,671,0,0
2026-05-26 20:45:00,2026-05-26 18:45:00,1.16228,1.16241,1.16212,1.16241,561,0,0
2026-05-26 21:00:00,2026-05-26 19:00:00,1.16241,1.16267,1.16234,1.16259,581,0,0
2026-05-26 21:15:00,2026-05-26 19:15:00,1.16259,1.16275,1.16253,1.16271,616,0,0
2026-05-26 21:30:00,2026-05-26 19:30:00,1.16271,1.16288,1.16263,1.16281,666,0,0
2026-05-26 21:45:00,2026-05-26 19:45:00,1.16280,1.16310,1.16278,1.16296,535,0,0
2026-05-26 22:00:00,2026-05-26 20:00:00,1.16295,1.16303,1.16273,1.16282,625,0,0
2026-05-26 22:15:00,2026-05-26 20:15:00,1.16283,1.16306,1.16279,1.16294,440,0,0
2026-05-26 22:30:00,2026-05-26 20:30:00,1.16295,1.16319,1.16294,1.16313,475,0,0
2026-05-26 22:45:00,2026-05-26 20:45:00,1.16312,1.16326,1.16308,1.16320,546,0,0
2026-05-26 23:00:00,2026-05-26 21:00:00,1.16318,1.16331,1.16313,1.16321,466,0,0
2026-05-26 23:15:00,2026-05-26 21:15:00,1.16322,1.16325,1.16307,1.16308,337,0,0
2026-05-26 23:30:00,2026-05-26 21:30:00,1.16305,1.16320,1.16303,1.16309,314,0,0
2026-05-26 23:45:00,2026-05-26 21:45:00,1.16308,1.16318,1.16306,1.16317,326,0,0
2026-05-27 00:00:00,2026-05-26 22:00:00,1.16242,1.16291,1.16232,1.16290,272,43,0
2026-05-27 00:15:00,2026-05-26 22:15:00,1.16294,1.16307,1.16292,1.16304,211,24,0
2026-05-27 00:30:00,2026-05-26 22:30:00,1.16303,1.16310,1.16289,1.16299,381,18,0
2026-05-27 00:45:00,2026-05-26 22:45:00,1.16300,1.16302,1.16282,1.16287,563,17,0
2026-05-27 01:00:00,2026-05-26 23:00:00,1.16302,1.16334,1.16299,1.16319,384,2,0
2026-05-27 01:15:00,2026-05-26 23:15:00,1.16318,1.16330,1.16313,1.16324,230,0,0
2026-05-27 01:30:00,2026-05-26 23:30:00,1.16325,1.16332,1.16321,1.16329,184,0,0
2026-05-27 01:45:00,2026-05-26 23:45:00,1.16329,1.16336,1.16328,1.16335,134,0,0
2026-05-27 02:00:00,2026-05-27 00:00:00,1.16335,1.16342,1.16330,1.16339,189,0,0
2026-05-27 02:15:00,2026-05-27 00:15:00,1.16339,1.16371,1.16338,1.16369,308,0,0
2026-05-27 02:30:00,2026-05-27 00:30:00,1.16369,1.16395,1.16362,1.16392,246,0,0
2026-05-27 02:45:00,2026-05-27 00:45:00,1.16392,1.16400,1.16361,1.16364,326,0,0
2026-05-27 03:00:00,2026-05-27 01:00:00,1.16364,1.16391,1.16360,1.16388,693,0,0
2026-05-27 03:15:00,2026-05-27 01:15:00,1.16388,1.16405,1.16380,1.16394,644,0,0
2026-05-27 03:30:00,2026-05-27 01:30:00,1.16395,1.16399,1.16376,1.16389,467,0,0
2026-05-27 03:45:00,2026-05-27 01:45:00,1.16390,1.16406,1.16376,1.16381,707,0,0
2026-05-27 04:00:00,2026-05-27 02:00:00,1.16382,1.16394,1.16373,1.16389,617,0,0
2026-05-27 04:15:00,2026-05-27 02:15:00,1.16389,1.16394,1.16368,1.16371,549,0,0
2026-05-27 04:30:00,2026-05-27 02:30:00,1.16371,1.16371,1.16327,1.16347,844,0,0
2026-05-27 04:45:00,2026-05-27 02:45:00,1.16347,1.16349,1.16328,1.16339,614,0,0
2026-05-27 05:00:00,2026-05-27 03:00:00,1.16340,1.16384,1.16337,1.16360,883,0,0
2026-05-27 05:15:00,2026-05-27 03:15:00,1.16359,1.16372,1.16344,1.16348,595,0,0
2026-05-27 05:30:00,2026-05-27 03:30:00,1.16347,1.16363,1.16340,1.16344,481,0,0
2026-05-27 05:45:00,2026-05-27 03:45:00,1.16344,1.16385,1.16343,1.16385,466,0,0
2026-05-27 06:00:00,2026-05-27 04:00:00,1.16384,1.16427,1.16382,1.16391,525,0,0
2026-05-27 06:15:00,2026-05-27 04:15:00,1.16391,1.16398,1.16377,1.16392,433,0,0
2026-05-27 06:30:00,2026-05-27 04:30:00,1.16393,1.16397,1.16368,1.16382,397,0,0
2026-05-27 06:45:00,2026-05-27 04:45:00,1.16383,1.16394,1.16372,1.16387,377,0,0
2026-05-27 07:00:00,2026-05-27 05:00:00,1.16386,1.16403,1.16383,1.16400,395,0,0
2026-05-27 07:15:00,2026-05-27 05:15:00,1.16399,1.16411,1.16395,1.16396,357,0,0
2026-05-27 07:30:00,2026-05-27 05:30:00,1.16395,1.16419,1.16392,1.16419,408,0,0
2026-05-27 07:45:00,2026-05-27 05:45:00,1.16419,1.16424,1.16401,1.16412,369,0,0
2026-05-27 08:00:00,2026-05-27 06:00:00,1.16412,1.16435,1.16408,1.16428,575,0,0
2026-05-27 08:15:00,2026-05-27 06:15:00,1.16427,1.16446,1.16415,1.16438,465,0,0
2026-05-27 08:30:00,2026-05-27 06:30:00,1.16438,1.16444,1.16406,1.16412,573,0,0
2026-05-27 08:45:00,2026-05-27 06:45:00,1.16413,1.16430,1.16386,1.16397,710,0,0
2026-05-27 09:00:00,2026-05-27 07:00:00,1.16397,1.16415,1.16373,1.16384,922,0,0
2026-05-27 09:15:00,2026-05-27 07:15:00,1.16384,1.16411,1.16377,1.16401,785,0,0
2026-05-27 09:30:00,2026-05-27 07:30:00,1.16402,1.16465,1.16386,1.16464,799,0,0
2026-05-27 09:45:00,2026-05-27 07:45:00,1.16464,1.16495,1.16442,1.16456,869,0,0
2026-05-27 10:00:00,2026-05-27 08:00:00,1.16459,1.16488,1.16443,1.16445,903,0,0
2026-05-27 10:15:00,2026-05-27 08:15:00,1.16445,1.16465,1.16422,1.16454,876,0,0
2026-05-27 10:30:00,2026-05-27 08:30:00,1.16454,1.16480,1.16436,1.16477,774,0,0
2026-05-27 10:45:00,2026-05-27 08:45:00,1.16477,1.16477,1.16401,1.16406,852,0,0
2026-05-27 11:00:00,2026-05-27 09:00:00,1.16406,1.16447,1.16381,1.16436,959,0,0
2026-05-27 11:15:00,2026-05-27 09:15:00,1.16436,1.16473,1.16424,1.16473,881,0,0
2026-05-27 11:30:00,2026-05-27 09:30:00,1.16473,1.16473,1.16435,1.16460,897,0,0
2026-05-27 11:45:00,2026-05-27 09:45:00,1.16459,1.16462,1.16429,1.16450,777,0,0
2026-05-27 12:00:00,2026-05-27 10:00:00,1.16448,1.16455,1.16425,1.16439,757,0,0
2026-05-27 12:15:00,2026-05-27 10:15:00,1.16439,1.16469,1.16438,1.16453,738,0,0
2026-05-27 12:30:00,2026-05-27 10:30:00,1.16454,1.16458,1.16434,1.16444,634,0,0
2026-05-27 12:45:00,2026-05-27 10:45:00,1.16445,1.16486,1.16441,1.16447,669,0,0
2026-05-27 13:00:00,2026-05-27 11:00:00,1.16447,1.16449,1.16428,1.16437,691,0,0
2026-05-27 13:15:00,2026-05-27 11:15:00,1.16437,1.16441,1.16363,1.16376,692,0,0
2026-05-27 13:30:00,2026-05-27 11:30:00,1.16376,1.16407,1.16363,1.16384,722,0,0
2026-05-27 13:45:00,2026-05-27 11:45:00,1.16384,1.16396,1.16359,1.16392,866,0,0
2026-05-27 14:00:00,2026-05-27 12:00:00,1.16394,1.16408,1.16363,1.16406,851,0,0
2026-05-27 14:15:00,2026-05-27 12:15:00,1.16406,1.16419,1.16366,1.16376,773,0,0
2026-05-27 14:30:00,2026-05-27 12:30:00,1.16379,1.16395,1.16359,1.16387,899,0,0
2026-05-27 14:45:00,2026-05-27 12:45:00,1.16387,1.16399,1.16328,1.16375,1006,0,0
2026-05-27 15:00:00,2026-05-27 13:00:00,1.16376,1.16395,1.16361,1.16373,968,0,0
2026-05-27 15:15:00,2026-05-27 13:15:00,1.16374,1.16601,1.16344,1.16561,2221,0,0
2026-05-27 15:30:00,2026-05-27 13:30:00,1.16562,1.16612,1.16535,1.16536,1918,0,0
2026-05-27 15:45:00,2026-05-27 13:45:00,1.16536,1.16553,1.16417,1.16440,1513,0,0
2026-05-27 16:00:00,2026-05-27 14:00:00,1.16439,1.16481,1.16429,1.16452,1712,0,0
2026-05-27 16:15:00,2026-05-27 14:15:00,1.16451,1.16476,1.16398,1.16414,1410,0,0
2026-05-27 16:30:00,2026-05-27 14:30:00,1.16411,1.16459,1.16391,1.16419,1691,0,0
2026-05-27 16:45:00,2026-05-27 14:45:00,1.16420,1.16463,1.16376,1.16414,1753,0,0
2026-05-27 17:00:00,2026-05-27 15:00:00,1.16414,1.16490,1.16364,1.16482,1493,0,0
2026-05-27 17:15:00,2026-05-27 15:15:00,1.16482,1.16525,1.16437,1.16490,1576,0,0
2026-05-27 17:30:00,2026-05-27 15:30:00,1.16489,1.16520,1.16415,1.16488,1736,0,0
2026-05-27 17:45:00,2026-05-27 15:45:00,1.16488,1.16508,1.16251,1.16254,1951,0,0
2026-05-27 18:00:00,2026-05-27 16:00:00,1.16254,1.16341,1.16225,1.16334,1666,0,0
2026-05-27 18:15:00,2026-05-27 16:15:00,1.16335,1.16347,1.16293,1.16339,1247,0,0
2026-05-27 18:30:00,2026-05-27 16:30:00,1.16339,1.16364,1.16302,1.16309,1370,0,0
2026-05-27 18:45:00,2026-05-27 16:45:00,1.16311,1.16338,1.16265,1.16303,1296,0,0
2026-05-27 19:00:00,2026-05-27 17:00:00,1.16303,1.16305,1.16240,1.16293,1245,0,0
2026-05-27 19:15:00,2026-05-27 17:15:00,1.16293,1.16323,1.16281,1.16286,821,0,0
2026-05-27 19:30:00,2026-05-27 17:30:00,1.16286,1.16328,1.16275,1.16313,743,0,0
2026-05-27 19:45:00,2026-05-27 17:45:00,1.16313,1.16329,1.16304,1.16323,726,0,0
2026-05-27 20:00:00,2026-05-27 18:00:00,1.16322,1.16331,1.16230,1.16233,1140,0,0
2026-05-27 20:15:00,2026-05-27 18:15:00,1.16234,1.16258,1.16223,1.16236,738,0,0
2026-05-27 20:30:00,2026-05-27 18:30:00,1.16236,1.16262,1.16223,1.16255,755,0,0
2026-05-27 20:45:00,2026-05-27 18:45:00,1.16254,1.16286,1.16252,1.16274,644,0,0
2026-05-27 21:00:00,2026-05-27 19:00:00,1.16269,1.16276,1.16231,1.16242,640,0,0
2026-05-27 21:15:00,2026-05-27 19:15:00,1.16241,1.16247,1.16226,1.16246,728,0,0
2026-05-27 21:30:00,2026-05-27 19:30:00,1.16246,1.16283,1.16238,1.16279,638,0,0
2026-05-27 21:45:00,2026-05-27 19:45:00,1.16276,1.16304,1.16267,1.16294,642,0,0
2026-05-27 22:00:00,2026-05-27 20:00:00,1.16294,1.16316,1.16284,1.16303,493,0,0
2026-05-27 22:15:00,2026-05-27 20:15:00,1.16303,1.16321,1.16296,1.16309,511,0,0
2026-05-27 22:30:00,2026-05-27 20:30:00,1.16310,1.16318,1.16288,1.16290,552,0,0
2026-05-27 22:45:00,2026-05-27 20:45:00,1.16289,1.16301,1.16268,1.16288,525,0,0
2026-05-27 23:00:00,2026-05-27 21:00:00,1.16288,1.16308,1.16280,1.16286,436,0,0
2026-05-27 23:15:00,2026-05-27 21:15:00,1.16287,1.16294,1.16277,1.16280,306,0,0
2026-05-27 23:30:00,2026-05-27 21:30:00,1.16280,1.16291,1.16263,1.16278,323,0,0
2026-05-27 23:45:00,2026-05-27 21:45:00,1.16275,1.16279,1.16255,1.16258,434,0,0
2026-05-28 00:00:00,2026-05-27 22:00:00,1.16223,1.16292,1.16222,1.16286,126,28,0
2026-05-28 00:15:00,2026-05-27 22:15:00,1.16287,1.16291,1.16267,1.16269,107,27,0
2026-05-28 00:30:00,2026-05-27 22:30:00,1.16270,1.16287,1.16268,1.16280,329,12,0
2026-05-28 00:45:00,2026-05-27 22:45:00,1.16280,1.16300,1.16236,1.16269,486,12,0
2026-05-28 01:00:00,2026-05-27 23:00:00,1.16281,1.16301,1.16273,1.16300,269,0,0
2026-05-28 01:15:00,2026-05-27 23:15:00,1.16301,1.16305,1.16279,1.16281,351,0,0
2026-05-28 01:30:00,2026-05-27 23:30:00,1.16281,1.16296,1.16269,1.16271,282,0,0
2026-05-28 01:45:00,2026-05-27 23:45:00,1.16271,1.16271,1.16259,1.16261,252,0,0
2026-05-28 02:00:00,2026-05-28 00:00:00,1.16258,1.16281,1.16256,1.16277,206,0,0
2026-05-28 02:15:00,2026-05-28 00:15:00,1.16277,1.16286,1.16216,1.16219,516,0,0
2026-05-28 02:30:00,2026-05-28 00:30:00,1.16220,1.16227,1.16204,1.16221,426,0,0
2026-05-28 02:45:00,2026-05-28 00:45:00,1.16220,1.16221,1.16159,1.16176,439,0,0
2026-05-28 03:00:00,2026-05-28 01:00:00,1.16172,1.16209,1.16166,1.16202,756,0,0
2026-05-28 03:15:00,2026-05-28 01:15:00,1.16203,1.16235,1.16199,1.16233,656,0,0
2026-05-28 03:30:00,2026-05-28 01:30:00,1.16233,1.16237,1.16195,1.16199,641,0,0
2026-05-28 03:45:00,2026-05-28 01:45:00,1.16199,1.16214,1.16169,1.16207,616,0,0
2026-05-28 04:00:00,2026-05-28 02:00:00,1.16207,1.16212,1.16179,1.16194,717,0,0
2026-05-28 04:15:00,2026-05-28 02:15:00,1.16195,1.16204,1.16184,1.16186,707,0,0
2026-05-28 04:30:00,2026-05-28 02:30:00,1.16186,1.16197,1.16159,1.16162,679,0,0
2026-05-28 04:45:00,2026-05-28 02:45:00,1.16161,1.16163,1.16093,1.16100,811,0,0
2026-05-28 05:00:00,2026-05-28 03:00:00,1.16100,1.16127,1.16095,1.16127,734,0,0
2026-05-28 05:15:00,2026-05-28 03:15:00,1.16127,1.16143,1.16121,1.16136,415,0,0
2026-05-28 05:30:00,2026-05-28 03:30:00,1.16136,1.16153,1.16114,1.16118,490,0,0
2026-05-28 05:45:00,2026-05-28 03:45:00,1.16118,1.16129,1.16104,1.16127,551,0,0
2026-05-28 06:00:00,2026-05-28 04:00:00,1.16125,1.16139,1.16057,1.16057,575,0,0
2026-05-28 06:15:00,2026-05-28 04:15:00,1.16057,1.16058,1.16008,1.16011,904,0,0
2026-05-28 06:30:00,2026-05-28 04:30:00,1.16011,1.16012,1.15926,1.15931,1307,0,0
2026-05-28 06:45:00,2026-05-28 04:45:00,1.15930,1.15943,1.15871,1.15871,964,0,0
2026-05-28 07:00:00,2026-05-28 05:00:00,1.15872,1.15913,1.15863,1.15911,920,0,0
2026-05-28 07:15:00,2026-05-28 05:15:00,1.15911,1.15917,1.15879,1.15881,857,0,0
2026-05-28 07:30:00,2026-05-28 05:30:00,1.15882,1.15927,1.15881,1.15917,674,0,0
2026-05-28 07:45:00,2026-05-28 05:45:00,1.15917,1.15923,1.15902,1.15919,443,0,0
2026-05-28 08:00:00,2026-05-28 06:00:00,1.15920,1.15934,1.15890,1.15910,598,0,0
2026-05-28 08:15:00,2026-05-28 06:15:00,1.15909,1.15951,1.15902,1.15944,747,0,0
2026-05-28 08:30:00,2026-05-28 06:30:00,1.15944,1.16002,1.15942,1.15996,970,0,0
2026-05-28 08:45:00,2026-05-28 06:45:00,1.15997,1.16020,1.15991,1.15992,737,0,0
2026-05-28 09:00:00,2026-05-28 07:00:00,1.15992,1.16049,1.15983,1.16041,971,0,0
2026-05-28 09:15:00,2026-05-28 07:15:00,1.16039,1.16094,1.16031,1.16069,982,0,0
2026-05-28 09:30:00,2026-05-28 07:30:00,1.16070,1.16098,1.16054,1.16077,790,0,0
2026-05-28 09:45:00,2026-05-28 07:45:00,1.16077,1.16122,1.16061,1.16101,798,0,0
2026-05-28 10:00:00,2026-05-28 08:00:00,1.16102,1.16176,1.16102,1.16170,1039,0,0
2026-05-28 10:15:00,2026-05-28 08:15:00,1.16170,1.16171,1.16122,1.16123,975,0,0
2026-05-28 10:30:00,2026-05-28 08:30:00,1.16125,1.16140,1.16100,1.16125,1014,0,0
2026-05-28 10:45:00,2026-05-28 08:45:00,1.16125,1.16140,1.16112,1.16118,767,0,0
2026-05-28 11:00:00,2026-05-28 09:00:00,1.16117,1.16160,1.16093,1.16111,867,0,0
2026-05-28 11:15:00,2026-05-28 09:15:00,1.16110,1.16123,1.16065,1.16095,894,0,0
2026-05-28 11:30:00,2026-05-28 09:30:00,1.16094,1.16122,1.16089,1.16107,769,0,0
2026-05-28 11:45:00,2026-05-28 09:45:00,1.16106,1.16170,1.16102,1.16156,676,0,0
2026-05-28 12:00:00,2026-05-28 10:00:00,1.16155,1.16182,1.16144,1.16182,763,0,0
2026-05-28 12:15:00,2026-05-28 10:15:00,1.16181,1.16193,1.16156,1.16178,722,0,0
2026-05-28 12:30:00,2026-05-28 10:30:00,1.16179,1.16184,1.16143,1.16166,737,0,0
2026-05-28 12:45:00,2026-05-28 10:45:00,1.16167,1.16179,1.16129,1.16132,734,0,0
2026-05-28 13:00:00,2026-05-28 11:00:00,1.16131,1.16141,1.16089,1.16130,793,0,0
2026-05-28 13:15:00,2026-05-28 11:15:00,1.16130,1.16157,1.16097,1.16147,720,0,0
2026-05-28 13:30:00,2026-05-28 11:30:00,1.16146,1.16148,1.16056,1.16063,678,0,0
2026-05-28 13:45:00,2026-05-28 11:45:00,1.16064,1.16108,1.16037,1.16041,1034,0,0
2026-05-28 14:00:00,2026-05-28 12:00:00,1.16038,1.16083,1.16034,1.16079,912,0,0
2026-05-28 14:15:00,2026-05-28 12:15:00,1.16078,1.16113,1.16076,1.16109,664,0,0
2026-05-28 14:30:00,2026-05-28 12:30:00,1.16109,1.16120,1.16081,1.16113,784,0,0
2026-05-28 14:45:00,2026-05-28 12:45:00,1.16114,1.16229,1.16103,1.16171,1005,0,0
2026-05-28 15:00:00,2026-05-28 13:00:00,1.16168,1.16197,1.16157,1.16194,1039,0,0
2026-05-28 15:15:00,2026-05-28 13:15:00,1.16194,1.16255,1.16189,1.16242,988,0,0
2026-05-28 15:30:00,2026-05-28 13:30:00,1.16242,1.16344,1.16238,1.16326,1583,0,0
2026-05-28 15:45:00,2026-05-28 13:45:00,1.16327,1.16382,1.16321,1.16364,1394,0,0
2026-05-28 16:00:00,2026-05-28 14:00:00,1.16364,1.16432,1.16327,1.16330,1438,0,0
2026-05-28 16:15:00,2026-05-28 14:15:00,1.16329,1.16355,1.16326,1.16330,1049,0,0
2026-05-28 16:30:00,2026-05-28 14:30:00,1.16334,1.16387,1.16322,1.16374,1395,0,0
2026-05-28 16:45:00,2026-05-28 14:45:00,1.16374,1.16386,1.16290,1.16306,1157,0,0
2026-05-28 17:00:00,2026-05-28 15:00:00,1.16303,1.16541,1.16269,1.16463,1724,0,0
2026-05-28 17:15:00,2026-05-28 15:15:00,1.16462,1.16578,1.16416,1.16542,2373,0,0
2026-05-28 17:30:00,2026-05-28 15:30:00,1.16541,1.16570,1.16465,1.16519,1959,0,0
2026-05-28 17:45:00,2026-05-28 15:45:00,1.16519,1.16556,1.16430,1.16477,2039,0,0
2026-05-28 18:00:00,2026-05-28 16:00:00,1.16481,1.16553,1.16475,1.16536,1632,0,0
2026-05-28 18:15:00,2026-05-28 16:15:00,1.16535,1.16546,1.16504,1.16529,1263,0,0
2026-05-28 18:30:00,2026-05-28 16:30:00,1.16530,1.16567,1.16500,1.16512,1198,0,0
2026-05-28 18:45:00,2026-05-28 16:45:00,1.16513,1.16538,1.16477,1.16482,1045,0,0
2026-05-28 19:00:00,2026-05-28 17:00:00,1.16480,1.16508,1.16455,1.16503,1006,0,0
2026-05-28 19:15:00,2026-05-28 17:15:00,1.16503,1.16611,1.16493,1.16572,1444,0,0
2026-05-28 19:30:00,2026-05-28 17:30:00,1.16572,1.16597,1.16539,1.16564,1037,0,0
2026-05-28 19:45:00,2026-05-28 17:45:00,1.16563,1.16591,1.16536,1.16569,1059,0,0
2026-05-28 20:00:00,2026-05-28 18:00:00,1.16568,1.16574,1.16532,1.16548,902,0,0
2026-05-28 20:15:00,2026-05-28 18:15:00,1.16549,1.16549,1.16509,1.16511,776,0,0
2026-05-28 20:30:00,2026-05-28 18:30:00,1.16511,1.16539,1.16507,1.16512,791,0,0
2026-05-28 20:45:00,2026-05-28 18:45:00,1.16512,1.16544,1.16512,1.16534,656,0,0
2026-05-28 21:00:00,2026-05-28 19:00:00,1.16534,1.16550,1.16500,1.16521,817,0,0
2026-05-28 21:15:00,2026-05-28 19:15:00,1.16521,1.16555,1.16485,1.16490,1187,0,0
2026-05-28 21:30:00,2026-05-28 19:30:00,1.16491,1.16495,1.16466,1.16475,821,0,0
2026-05-28 21:45:00,2026-05-28 19:45:00,1.16474,1.16501,1.16472,1.16480,721,0,0
2026-05-28 22:00:00,2026-05-28 20:00:00,1.16475,1.16492,1.16463,1.16472,784,0,0
2026-05-28 22:15:00,2026-05-28 20:15:00,1.16472,1.16491,1.16469,1.16489,496,0,0
2026-05-28 22:30:00,2026-05-28 20:30:00,1.16490,1.16512,1.16488,1.16501,675,0,0
2026-05-28 22:45:00,2026-05-28 20:45:00,1.16501,1.16517,1.16467,1.16479,855,0,0
2026-05-28 23:00:00,2026-05-28 21:00:00,1.16477,1.16481,1.16448,1.16472,546,0,0
2026-05-28 23:15:00,2026-05-28 21:15:00,1.16471,1.16479,1.16462,1.16466,363,0,0
2026-05-28 23:30:00,2026-05-28 21:30:00,1.16466,1.16485,1.16464,1.16477,370,0,0
2026-05-28 23:45:00,2026-05-28 21:45:00,1.16477,1.16498,1.16475,1.16494,344,0,0
2026-05-29 00:00:00,2026-05-28 22:00:00,1.16479,1.16521,1.16476,1.16506,122,22,0
2026-05-29 00:15:00,2026-05-28 22:15:00,1.16505,1.16515,1.16501,1.16502,252,17,0
2026-05-29 00:30:00,2026-05-28 22:30:00,1.16505,1.16509,1.16499,1.16499,216,18,0
2026-05-29 00:45:00,2026-05-28 22:45:00,1.16499,1.16508,1.16498,1.16507,366,22,0
2026-05-29 01:00:00,2026-05-28 23:00:00,1.16514,1.16522,1.16501,1.16520,400,0,0
2026-05-29 01:15:00,2026-05-28 23:15:00,1.16521,1.16521,1.16511,1.16517,175,0,0
2026-05-29 01:30:00,2026-05-28 23:30:00,1.16516,1.16516,1.16502,1.16506,252,0,0
2026-05-29 01:45:00,2026-05-28 23:45:00,1.16506,1.16517,1.16499,1.16502,242,0,0
2026-05-29 02:00:00,2026-05-29 00:00:00,1.16502,1.16531,1.16502,1.16516,346,0,0
2026-05-29 02:15:00,2026-05-29 00:15:00,1.16517,1.16522,1.16513,1.16516,290,0,0
2026-05-29 02:30:00,2026-05-29 00:30:00,1.16515,1.16525,1.16505,1.16516,347,0,0
2026-05-29 02:45:00,2026-05-29 00:45:00,1.16516,1.16532,1.16514,1.16525,328,0,0
2026-05-29 03:00:00,2026-05-29 01:00:00,1.16525,1.16547,1.16521,1.16535,772,0,0
2026-05-29 03:15:00,2026-05-29 01:15:00,1.16534,1.16558,1.16524,1.16539,673,0,0
2026-05-29 03:30:00,2026-05-29 01:30:00,1.16539,1.16540,1.16497,1.16515,594,0,0
2026-05-29 03:45:00,2026-05-29 01:45:00,1.16515,1.16520,1.16474,1.16487,570,0,0
2026-05-29 04:00:00,2026-05-29 02:00:00,1.16487,1.16559,1.16479,1.16551,795,0,0
2026-05-29 04:15:00,2026-05-29 02:15:00,1.16552,1.16565,1.16537,1.16540,829,0,0
2026-05-29 04:30:00,2026-05-29 02:30:00,1.16539,1.16540,1.16492,1.16495,709,0,0
2026-05-29 04:45:00,2026-05-29 02:45:00,1.16495,1.16495,1.16432,1.16446,754,0,0
2026-05-29 05:00:00,2026-05-29 03:00:00,1.16447,1.16474,1.16436,1.16472,726,0,0
2026-05-29 05:15:00,2026-05-29 03:15:00,1.16471,1.16479,1.16457,1.16465,506,0,0
2026-05-29 05:30:00,2026-05-29 03:30:00,1.16465,1.16493,1.16456,1.16486,460,0,0
2026-05-29 05:45:00,2026-05-29 03:45:00,1.16487,1.16493,1.16447,1.16448,399,0,0
2026-05-29 06:00:00,2026-05-29 04:00:00,1.16449,1.16454,1.16404,1.16408,538,0,0
2026-05-29 06:15:00,2026-05-29 04:15:00,1.16409,1.16417,1.16397,1.16411,616,0,0
2026-05-29 06:30:00,2026-05-29 04:30:00,1.16407,1.16414,1.16363,1.16384,573,0,0
2026-05-29 06:45:00,2026-05-29 04:45:00,1.16385,1.16391,1.16361,1.16373,551,0,0
2026-05-29 07:00:00,2026-05-29 05:00:00,1.16373,1.16393,1.16371,1.16377,505,0,0
2026-05-29 07:15:00,2026-05-29 05:15:00,1.16376,1.16381,1.16354,1.16360,452,0,0
2026-05-29 07:30:00,2026-05-29 05:30:00,1.16358,1.16393,1.16342,1.16389,493,0,0
2026-05-29 07:45:00,2026-05-29 05:45:00,1.16389,1.16392,1.16369,1.16391,457,0,0
2026-05-29 08:00:00,2026-05-29 06:00:00,1.16391,1.16427,1.16381,1.16423,527,0,0
2026-05-29 08:15:00,2026-05-29 06:15:00,1.16423,1.16437,1.16413,1.16416,447,0,0
2026-05-29 08:30:00,2026-05-29 06:30:00,1.16415,1.16424,1.16395,1.16401,481,0,0
2026-05-29 08:45:00,2026-05-29 06:45:00,1.16401,1.16429,1.16394,1.16420,478,0,0
2026-05-29 09:00:00,2026-05-29 07:00:00,1.16420,1.16479,1.16420,1.16477,861,0,0
2026-05-29 09:15:00,2026-05-29 07:15:00,1.16477,1.16479,1.16452,1.16455,757,0,0
2026-05-29 09:30:00,2026-05-29 07:30:00,1.16457,1.16502,1.16451,1.16497,851,0,0
2026-05-29 09:45:00,2026-05-29 07:45:00,1.16496,1.16544,1.16488,1.16533,831,0,0
2026-05-29 10:00:00,2026-05-29 08:00:00,1.16533,1.16533,1.16484,1.16492,908,0,0
2026-05-29 10:15:00,2026-05-29 08:15:00,1.16492,1.16509,1.16415,1.16436,985,0,0
2026-05-29 10:30:00,2026-05-29 08:30:00,1.16437,1.16445,1.16378,1.16434,1031,0,0
2026-05-29 10:45:00,2026-05-29 08:45:00,1.16433,1.16448,1.16396,1.16420,837,0,0
2026-05-29 11:00:00,2026-05-29 09:00:00,1.16420,1.16420,1.16340,1.16349,1178,0,0
2026-05-29 11:15:00,2026-05-29 09:15:00,1.16351,1.16392,1.16338,1.16389,959,0,0
2026-05-29 11:30:00,2026-05-29 09:30:00,1.16386,1.16399,1.16359,1.16372,908,0,0
2026-05-29 11:45:00,2026-05-29 09:45:00,1.16373,1.16375,1.16249,1.16283,1144,0,0
2026-05-29 12:00:00,2026-05-29 10:00:00,1.16283,1.16365,1.16267,1.16363,1022,0,0
2026-05-29 12:15:00,2026-05-29 10:15:00,1.16362,1.16385,1.16340,1.16366,967,0,0
2026-05-29 12:30:00,2026-05-29 10:30:00,1.16365,1.16372,1.16331,1.16367,798,0,0
2026-05-29 12:45:00,2026-05-29 10:45:00,1.16368,1.16429,1.16366,1.16415,914,0,0
2026-05-29 13:00:00,2026-05-29 11:00:00,1.16416,1.16452,1.16377,1.16449,861,0,0
2026-05-29 13:15:00,2026-05-29 11:15:00,1.16450,1.16453,1.16400,1.16426,819,0,0
2026-05-29 13:30:00,2026-05-29 11:30:00,1.16427,1.16444,1.16413,1.16426,728,0,0
2026-05-29 13:45:00,2026-05-29 11:45:00,1.16425,1.16442,1.16407,1.16431,734,0,0
2026-05-29 14:00:00,2026-05-29 12:00:00,1.16431,1.16450,1.16409,1.16424,724,0,0
2026-05-29 14:15:00,2026-05-29 12:15:00,1.16423,1.16437,1.16399,1.16434,754,0,0
2026-05-29 14:30:00,2026-05-29 12:30:00,1.16434,1.16469,1.16405,1.16457,798,0,0
2026-05-29 14:45:00,2026-05-29 12:45:00,1.16457,1.16484,1.16413,1.16475,1006,0,0
2026-05-29 15:00:00,2026-05-29 13:00:00,1.16477,1.16489,1.16428,1.16457,1009,0,0
2026-05-29 15:15:00,2026-05-29 13:15:00,1.16454,1.16472,1.16439,1.16465,771,0,0
2026-05-29 15:30:00,2026-05-29 13:30:00,1.16464,1.16470,1.16414,1.16453,927,0,0
2026-05-29 15:45:00,2026-05-29 13:45:00,1.16453,1.16492,1.16437,1.16488,1030,0,0
2026-05-29 16:00:00,2026-05-29 14:00:00,1.16489,1.16494,1.16463,1.16473,1171,0,0
2026-05-29 16:15:00,2026-05-29 14:15:00,1.16473,1.16531,1.16473,1.16499,993,0,0
2026-05-29 16:30:00,2026-05-29 14:30:00,1.16499,1.16522,1.16482,1.16507,1017,0,0
2026-05-29 16:45:00,2026-05-29 14:45:00,1.16507,1.16512,1.16448,1.16473,1118,0,0
2026-05-29 17:00:00,2026-05-29 15:00:00,1.16474,1.16511,1.16432,1.16435,1270,0,0
2026-05-29 17:15:00,2026-05-29 15:15:00,1.16434,1.16462,1.16417,1.16459,1286,0,0
2026-05-29 17:30:00,2026-05-29 15:30:00,1.16460,1.16483,1.16404,1.16476,1484,0,0
2026-05-29 17:45:00,2026-05-29 15:45:00,1.16475,1.16747,1.16470,1.16687,2260,0,0
2026-05-29 18:00:00,2026-05-29 16:00:00,1.16686,1.16779,1.16674,1.16764,1931,0,0
2026-05-29 18:15:00,2026-05-29 16:15:00,1.16765,1.16818,1.16739,1.16750,1511,0,0
2026-05-29 18:30:00,2026-05-29 16:30:00,1.16757,1.16859,1.16743,1.16761,1745,0,0
2026-05-29 18:45:00,2026-05-29 16:45:00,1.16761,1.16806,1.16759,1.16781,1315,0,0
2026-05-29 19:00:00,2026-05-29 17:00:00,1.16779,1.16791,1.16695,1.16697,1145,0,0
2026-05-29 19:15:00,2026-05-29 17:15:00,1.16694,1.16712,1.16677,1.16698,821,0,0
2026-05-29 19:30:00,2026-05-29 17:30:00,1.16697,1.16746,1.16666,1.16708,1044,0,0
2026-05-29 19:45:00,2026-05-29 17:45:00,1.16709,1.16724,1.16691,1.16721,871,0,0
2026-05-29 20:00:00,2026-05-29 18:00:00,1.16721,1.16734,1.16689,1.16692,756,0,0
2026-05-29 20:15:00,2026-05-29 18:15:00,1.16692,1.16706,1.16660,1.16678,823,0,0
2026-05-29 20:30:00,2026-05-29 18:30:00,1.16679,1.16684,1.16631,1.16645,712,0,0
2026-05-29 20:45:00,2026-05-29 18:45:00,1.16646,1.16657,1.16622,1.16624,844,0,0
2026-05-29 21:00:00,2026-05-29 19:00:00,1.16623,1.16643,1.16616,1.16642,712,0,0
2026-05-29 21:15:00,2026-05-29 19:15:00,1.16642,1.16659,1.16625,1.16646,780,0,0
2026-05-29 21:30:00,2026-05-29 19:30:00,1.16647,1.16686,1.16645,1.16652,726,0,0
2026-05-29 21:45:00,2026-05-29 19:45:00,1.16652,1.16678,1.16607,1.16643,1044,0,0
2026-05-29 22:00:00,2026-05-29 20:00:00,1.16642,1.16693,1.16641,1.16681,722,0,0
2026-05-29 22:15:00,2026-05-29 20:15:00,1.16677,1.16695,1.16655,1.16680,673,0,0
2026-05-29 22:30:00,2026-05-29 20:30:00,1.16680,1.16690,1.16662,1.16676,766,0,0
2026-05-29 22:45:00,2026-05-29 20:45:00,1.16675,1.16679,1.16636,1.16647,992,0,0
2026-05-29 23:00:00,2026-05-29 21:00:00,1.16648,1.16650,1.16617,1.16630,684,0,0
2026-05-29 23:15:00,2026-05-29 21:15:00,1.16631,1.16632,1.16608,1.16613,406,0,0
2026-05-29 23:30:00,2026-05-29 21:30:00,1.16613,1.16625,1.16604,1.16619,442,0,0
2026-05-29 23:45:00,2026-05-29 21:45:00,1.16619,1.16619,1.16595,1.16598,381,1,0
2026-06-01 00:00:00,2026-05-31 22:00:00,1.16511,1.16538,1.16508,1.16530,62,48,0
2026-06-01 00:15:00,2026-05-31 22:15:00,1.16531,1.16537,1.16515,1.16534,61,49,0
2026-06-01 00:30:00,2026-05-31 22:30:00,1.16534,1.16555,1.16523,1.16554,110,38,0
2026-06-01 00:45:00,2026-05-31 22:45:00,1.16554,1.16596,1.16548,1.16585,136,38,0
2026-06-01 01:00:00,2026-05-31 23:00:00,1.16593,1.16597,1.16511,1.16538,533,1,0
2026-06-01 01:15:00,2026-05-31 23:15:00,1.16539,1.16556,1.16532,1.16533,376,3,0
2026-06-01 01:30:00,2026-05-31 23:30:00,1.16534,1.16539,1.16522,1.16537,424,2,0
2026-06-01 01:45:00,2026-05-31 23:45:00,1.16536,1.16552,1.16533,1.16542,909,0,0
2026-06-01 02:00:00,2026-06-01 00:00:00,1.16543,1.16557,1.16534,1.16546,781,0,0
2026-06-01 02:15:00,2026-06-01 00:15:00,1.16545,1.16555,1.16533,1.16553,597,0,0
2026-06-01 02:30:00,2026-06-01 00:30:00,1.16554,1.16557,1.16538,1.16542,728,0,0
2026-06-01 02:45:00,2026-06-01 00:45:00,1.16542,1.16548,1.16483,1.16486,898,0,0
2026-06-01 03:00:00,2026-06-01 01:00:00,1.16486,1.16538,1.16475,1.16513,1105,0,0
2026-06-01 03:15:00,2026-06-01 01:15:00,1.16512,1.16519,1.16456,1.16476,954,0,0
2026-06-01 03:30:00,2026-06-01 01:30:00,1.16476,1.16484,1.16461,1.16473,803,0,0
2026-06-01 03:45:00,2026-06-01 01:45:00,1.16473,1.16485,1.16449,1.16478,676,0,0
2026-06-01 04:00:00,2026-06-01 02:00:00,1.16478,1.16481,1.16443,1.16458,845,0,0
2026-06-01 04:15:00,2026-06-01 02:15:00,1.16459,1.16470,1.16437,1.16440,609,0,0
2026-06-01 04:30:00,2026-06-01 02:30:00,1.16441,1.16454,1.16423,1.16440,678,0,0
2026-06-01 04:45:00,2026-06-01 02:45:00,1.16441,1.16450,1.16420,1.16449,522,0,0
2026-06-01 05:00:00,2026-06-01 03:00:00,1.16448,1.16453,1.16437,1.16446,541,0,0
2026-06-01 05:15:00,2026-06-01 03:15:00,1.16445,1.16455,1.16442,1.16446,359,0,0
2026-06-01 05:30:00,2026-06-01 03:30:00,1.16444,1.16458,1.16435,1.16444,523,0,0
2026-06-01 05:45:00,2026-06-01 03:45:00,1.16444,1.16469,1.16443,1.16464,474,0,0
2026-06-01 06:00:00,2026-06-01 04:00:00,1.16467,1.16490,1.16456,1.16456,565,0,0
2026-06-01 06:15:00,2026-06-01 04:15:00,1.16457,1.16482,1.16434,1.16476,577,0,0
2026-06-01 06:30:00,2026-06-01 04:30:00,1.16475,1.16486,1.16415,1.16417,515,0,0
2026-06-01 06:45:00,2026-06-01 04:45:00,1.16418,1.16443,1.16418,1.16439,424,0,0
2026-06-01 07:00:00,2026-06-01 05:00:00,1.16438,1.16460,1.16433,1.16454,447,0,0
2026-06-01 07:15:00,2026-06-01 05:15:00,1.16454,1.16475,1.16453,1.16473,324,0,0
2026-06-01 07:30:00,2026-06-01 05:30:00,1.16473,1.16486,1.16466,1.16482,313,0,0
2026-06-01 07:45:00,2026-06-01 05:45:00,1.16481,1.16483,1.16462,1.16481,374,0,0
2026-06-01 08:00:00,2026-06-01 06:00:00,1.16481,1.16525,1.16478,1.16517,568,0,0
2026-06-01 08:15:00,2026-06-01 06:15:00,1.16516,1.16525,1.16512,1.16514,384,0,0
2026-06-01 08:30:00,2026-06-01 06:30:00,1.16514,1.16523,1.16504,1.16522,498,0,0
2026-06-01 08:45:00,2026-06-01 06:45:00,1.16522,1.16533,1.16508,1.16514,587,0,0
2026-06-01 09:00:00,2026-06-01 07:00:00,1.16514,1.16561,1.16514,1.16546,1013,0,0
2026-06-01 09:15:00,2026-06-01 07:15:00,1.16547,1.16557,1.16502,1.16512,849,0,0
2026-06-01 09:30:00,2026-06-01 07:30:00,1.16512,1.16542,1.16507,1.16539,868,0,0
2026-06-01 09:45:00,2026-06-01 07:45:00,1.16539,1.16649,1.16526,1.16646,1222,0,0
2026-06-01 10:00:00,2026-06-01 08:00:00,1.16643,1.16648,1.16560,1.16586,1006,0,0
2026-06-01 10:15:00,2026-06-01 08:15:00,1.16587,1.16613,1.16558,1.16584,914,0,0
2026-06-01 10:30:00,2026-06-01 08:30:00,1.16584,1.16590,1.16526,1.16534,773,0,0
2026-06-01 10:45:00,2026-06-01 08:45:00,1.16535,1.16592,1.16518,1.16567,834,0,0
2026-06-01 11:00:00,2026-06-01 09:00:00,1.16573,1.16589,1.16550,1.16581,842,0,0
2026-06-01 11:15:00,2026-06-01 09:15:00,1.16582,1.16603,1.16549,1.16587,738,0,0
2026-06-01 11:30:00,2026-06-01 09:30:00,1.16588,1.16597,1.16570,1.16590,695,0,0
2026-06-01 11:45:00,2026-06-01 09:45:00,1.16591,1.16602,1.16533,1.16580,809,0,0
2026-06-01 12:00:00,2026-06-01 10:00:00,1.16577,1.16608,1.16511,1.16523,951,0,0
2026-06-01 12:15:00,2026-06-01 10:15:00,1.16523,1.16545,1.16483,1.16499,767,0,0
2026-06-01 12:30:00,2026-06-01 10:30:00,1.16500,1.16513,1.16487,1.16488,823,0,0
2026-06-01 12:45:00,2026-06-01 10:45:00,1.16486,1.16512,1.16485,1.16508,821,0,0
2026-06-01 13:00:00,2026-06-01 11:00:00,1.16508,1.16512,1.16486,1.16492,685,0,0
2026-06-01 13:15:00,2026-06-01 11:15:00,1.16491,1.16496,1.16472,1.16485,636,0,0
2026-06-01 13:30:00,2026-06-01 11:30:00,1.16484,1.16503,1.16473,1.16493,588,0,0
2026-06-01 13:45:00,2026-06-01 11:45:00,1.16496,1.16502,1.16460,1.16475,760,0,0
2026-06-01 14:00:00,2026-06-01 12:00:00,1.16475,1.16482,1.16418,1.16446,946,0,0
2026-06-01 14:15:00,2026-06-01 12:15:00,1.16447,1.16467,1.16439,1.16462,871,0,0
2026-06-01 14:30:00,2026-06-01 12:30:00,1.16464,1.16464,1.16430,1.16454,809,0,0
2026-06-01 14:45:00,2026-06-01 12:45:00,1.16451,1.16483,1.16438,1.16464,691,0,0
2026-06-01 15:00:00,2026-06-01 13:00:00,1.16463,1.16484,1.16458,1.16461,899,0,0
2026-06-01 15:15:00,2026-06-01 13:15:00,1.16461,1.16503,1.16457,1.16499,951,0,0
2026-06-01 15:30:00,2026-06-01 13:30:00,1.16499,1.16507,1.16450,1.16483,1050,0,0
2026-06-01 15:45:00,2026-06-01 13:45:00,1.16482,1.16491,1.16459,1.16473,981,0,0
2026-06-01 16:00:00,2026-06-01 14:00:00,1.16473,1.16483,1.16277,1.16323,1781,0,0
2026-06-01 16:15:00,2026-06-01 14:15:00,1.16323,1.16379,1.16253,1.16274,2052,0,0
2026-06-01 16:30:00,2026-06-01 14:30:00,1.16280,1.16296,1.16203,1.16208,2066,0,0
2026-06-01 16:45:00,2026-06-01 14:45:00,1.16209,1.16229,1.16099,1.16100,1763,0,0
2026-06-01 17:00:00,2026-06-01 15:00:00,1.16092,1.16154,1.16068,1.16143,1837,0,0
2026-06-01 17:15:00,2026-06-01 15:15:00,1.16141,1.16181,1.16110,1.16143,1506,0,0
2026-06-01 17:30:00,2026-06-01 15:30:00,1.16143,1.16182,1.16127,1.16175,1334,0,0
2026-06-01 17:45:00,2026-06-01 15:45:00,1.16176,1.16183,1.16109,1.16175,1398,0,0
2026-06-01 18:00:00,2026-06-01 16:00:00,1.16174,1.16199,1.16153,1.16166,1466,0,0
2026-06-01 18:15:00,2026-06-01 16:15:00,1.16168,1.16227,1.16162,1.16216,1254,0,0
2026-06-01 18:30:00,2026-06-01 16:30:00,1.16216,1.16285,1.16216,1.16248,1587,0,0
2026-06-01 18:45:00,2026-06-01 16:45:00,1.16248,1.16256,1.16215,1.16230,930,0,0
2026-06-01 19:00:00,2026-06-01 17:00:00,1.16233,1.16261,1.16173,1.16189,1074,0,0
2026-06-01 19:15:00,2026-06-01 17:15:00,1.16188,1.16222,1.16164,1.16213,968,0,0
2026-06-01 19:30:00,2026-06-01 17:30:00,1.16214,1.16244,1.16206,1.16213,1203,0,0
2026-06-01 19:45:00,2026-06-01 17:45:00,1.16212,1.16306,1.16210,1.16299,1200,0,0
2026-06-01 20:00:00,2026-06-01 18:00:00,1.16299,1.16304,1.16251,1.16263,988,0,0
2026-06-01 20:15:00,2026-06-01 18:15:00,1.16262,1.16322,1.16251,1.16322,974,0,0
2026-06-01 20:30:00,2026-06-01 18:30:00,1.16322,1.16381,1.16297,1.16353,1383,0,0
2026-06-01 20:45:00,2026-06-01 18:45:00,1.16352,1.16373,1.16338,1.16346,913,0,0
2026-06-01 21:00:00,2026-06-01 19:00:00,1.16345,1.16354,1.16333,1.16341,700,0,0
2026-06-01 21:15:00,2026-06-01 19:15:00,1.16341,1.16354,1.16328,1.16332,558,0,0
2026-06-01 21:30:00,2026-06-01 19:30:00,1.16332,1.16348,1.16323,1.16346,567,0,0
2026-06-01 21:45:00,2026-06-01 19:45:00,1.16345,1.16348,1.16307,1.16311,572,0,0
2026-06-01 22:00:00,2026-06-01 20:00:00,1.16309,1.16338,1.16295,1.16317,536,0,0
2026-06-01 22:15:00,2026-06-01 20:15:00,1.16316,1.16335,1.16314,1.16321,368,0,0
2026-06-01 22:30:00,2026-06-01 20:30:00,1.16321,1.16336,1.16316,1.16318,563,0,0
2026-06-01 22:45:00,2026-06-01 20:45:00,1.16318,1.16325,1.16265,1.16316,982,0,0
2026-06-01 23:00:00,2026-06-01 21:00:00,1.16314,1.16339,1.16310,1.16318,507,0,0
2026-06-01 23:15:00,2026-06-01 21:15:00,1.16319,1.16323,1.16304,1.16315,337,0,0
2026-06-01 23:30:00,2026-06-01 21:30:00,1.16313,1.16331,1.16310,1.16330,308,0,0
2026-06-01 23:45:00,2026-06-01 21:45:00,1.16330,1.16332,1.16312,1.16321,486,0,0
2026-06-02 00:00:00,2026-06-01 22:00:00,1.16251,1.16304,1.16247,1.16273,144,30,0
2026-06-02 00:15:00,2026-06-01 22:15:00,1.16273,1.16320,1.16261,1.16311,145,29,0
2026-06-02 00:30:00,2026-06-01 22:30:00,1.16312,1.16338,1.16308,1.16334,261,44,0
2026-06-02 00:45:00,2026-06-01 22:45:00,1.16335,1.16342,1.16318,1.16324,239,30,0
2026-06-02 01:00:00,2026-06-01 23:00:00,1.16339,1.16342,1.16324,1.16337,319,0,0
2026-06-02 01:15:00,2026-06-01 23:15:00,1.16337,1.16340,1.16331,1.16331,193,0,0
2026-06-02 01:30:00,2026-06-01 23:30:00,1.16331,1.16342,1.16330,1.16338,194,0,0
2026-06-02 01:45:00,2026-06-01 23:45:00,1.16339,1.16343,1.16334,1.16340,177,0,0
2026-06-02 02:00:00,2026-06-02 00:00:00,1.16340,1.16359,1.16340,1.16350,301,0,0
2026-06-02 02:15:00,2026-06-02 00:15:00,1.16351,1.16355,1.16347,1.16349,167,0,0
2026-06-02 02:30:00,2026-06-02 00:30:00,1.16349,1.16362,1.16329,1.16361,383,0,0
2026-06-02 02:45:00,2026-06-02 00:45:00,1.16360,1.16361,1.16347,1.16355,311,0,0
2026-06-02 03:00:00,2026-06-02 01:00:00,1.16355,1.16355,1.16300,1.16333,741,0,0
2026-06-02 03:15:00,2026-06-02 01:15:00,1.16332,1.16345,1.16318,1.16332,651,0,0
2026-06-02 03:30:00,2026-06-02 01:30:00,1.16332,1.16349,1.16318,1.16324,616,0,0
2026-06-02 03:45:00,2026-06-02 01:45:00,1.16324,1.16329,1.16293,1.16314,685,0,0
2026-06-02 04:00:00,2026-06-02 02:00:00,1.16315,1.16370,1.16312,1.16361,813,0,0
2026-06-02 04:15:00,2026-06-02 02:15:00,1.16360,1.16360,1.16327,1.16336,668,0,0
2026-06-02 04:30:00,2026-06-02 02:30:00,1.16338,1.16354,1.16324,1.16330,593,0,0
2026-06-02 04:45:00,2026-06-02 02:45:00,1.16330,1.16330,1.16286,1.16305,674,0,0
2026-06-02 05:00:00,2026-06-02 03:00:00,1.16305,1.16324,1.16301,1.16318,535,0,0
2026-06-02 05:15:00,2026-06-02 03:15:00,1.16318,1.16342,1.16313,1.16338,468,0,0
2026-06-02 05:30:00,2026-06-02 03:30:00,1.16337,1.16345,1.16302,1.16306,371,0,0
2026-06-02 05:45:00,2026-06-02 03:45:00,1.16306,1.16318,1.16304,1.16309,399,0,0
2026-06-02 06:00:00,2026-06-02 04:00:00,1.16310,1.16336,1.16307,1.16329,438,0,0
2026-06-02 06:15:00,2026-06-02 04:15:00,1.16329,1.16337,1.16315,1.16332,427,0,0
2026-06-02 06:30:00,2026-06-02 04:30:00,1.16331,1.16346,1.16327,1.16341,419,0,0
2026-06-02 06:45:00,2026-06-02 04:45:00,1.16340,1.16353,1.16334,1.16343,380,0,0
2026-06-02 07:00:00,2026-06-02 05:00:00,1.16342,1.16355,1.16341,1.16352,363,0,0
2026-06-02 07:15:00,2026-06-02 05:15:00,1.16352,1.16365,1.16350,1.16359,398,0,0
2026-06-02 07:30:00,2026-06-02 05:30:00,1.16358,1.16374,1.16358,1.16368,326,0,0
2026-06-02 07:45:00,2026-06-02 05:45:00,1.16368,1.16389,1.16365,1.16379,414,0,0
2026-06-02 08:00:00,2026-06-02 06:00:00,1.16379,1.16393,1.16376,1.16391,448,0,0
2026-06-02 08:15:00,2026-06-02 06:15:00,1.16392,1.16397,1.16367,1.16375,456,0,0
2026-06-02 08:30:00,2026-06-02 06:30:00,1.16376,1.16388,1.16375,1.16378,373,0,0
2026-06-02 08:45:00,2026-06-02 06:45:00,1.16378,1.16380,1.16362,1.16372,369,0,0
2026-06-02 09:00:00,2026-06-02 07:00:00,1.16371,1.16471,1.16371,1.16454,909,0,0
2026-06-02 09:15:00,2026-06-02 07:15:00,1.16453,1.16504,1.16448,1.16489,926,0,0
2026-06-02 09:30:00,2026-06-02 07:30:00,1.16490,1.16523,1.16480,1.16482,1006,0,0
2026-06-02 09:45:00,2026-06-02 07:45:00,1.16482,1.16508,1.16480,1.16507,812,0,0
2026-06-02 10:00:00,2026-06-02 08:00:00,1.16507,1.16509,1.16464,1.16465,799,0,0
2026-06-02 10:15:00,2026-06-02 08:15:00,1.16465,1.16478,1.16447,1.16469,823,0,0
2026-06-02 10:30:00,2026-06-02 08:30:00,1.16468,1.16490,1.16457,1.16482,712,0,0
2026-06-02 10:45:00,2026-06-02 08:45:00,1.16482,1.16495,1.16470,1.16486,713,0,0
2026-06-02 11:00:00,2026-06-02 09:00:00,1.16489,1.16526,1.16463,1.16463,940,0,0
2026-06-02 11:15:00,2026-06-02 09:15:00,1.16464,1.16476,1.16449,1.16463,777,0,0
2026-06-02 11:30:00,2026-06-02 09:30:00,1.16464,1.16479,1.16451,1.16453,726,0,0
2026-06-02 11:45:00,2026-06-02 09:45:00,1.16453,1.16455,1.16419,1.16436,722,0,0
2026-06-02 12:00:00,2026-06-02 10:00:00,1.16437,1.16439,1.16404,1.16411,827,0,0
2026-06-02 12:15:00,2026-06-02 10:15:00,1.16412,1.16435,1.16403,1.16433,993,0,0
2026-06-02 12:30:00,2026-06-02 10:30:00,1.16433,1.16450,1.16426,1.16437,658,0,0
2026-06-02 12:45:00,2026-06-02 10:45:00,1.16438,1.16447,1.16410,1.16431,788,0,0
2026-06-02 13:00:00,2026-06-02 11:00:00,1.16432,1.16456,1.16413,1.16439,742,0,0
2026-06-02 13:15:00,2026-06-02 11:15:00,1.16438,1.16440,1.16384,1.16426,693,0,0
2026-06-02 13:30:00,2026-06-02 11:30:00,1.16427,1.16440,1.16416,1.16439,613,0,0
2026-06-02 13:45:00,2026-06-02 11:45:00,1.16441,1.16462,1.16424,1.16436,675,0,0
2026-06-02 14:00:00,2026-06-02 12:00:00,1.16437,1.16459,1.16435,1.16442,717,0,0
2026-06-02 14:15:00,2026-06-02 12:15:00,1.16441,1.16469,1.16440,1.16468,656,0,0
2026-06-02 14:30:00,2026-06-02 12:30:00,1.16469,1.16507,1.16462,1.16502,756,0,0
2026-06-02 14:45:00,2026-06-02 12:45:00,1.16502,1.16529,1.16494,1.16494,699,0,0
2026-06-02 15:00:00,2026-06-02 13:00:00,1.16495,1.16513,1.16484,1.16489,733,0,0
2026-06-02 15:15:00,2026-06-02 13:15:00,1.16488,1.16541,1.16474,1.16522,901,0,0
2026-06-02 15:30:00,2026-06-02 13:30:00,1.16522,1.16557,1.16493,1.16511,1048,0,0
2026-06-02 15:45:00,2026-06-02 13:45:00,1.16511,1.16523,1.16493,1.16505,911,0,0
2026-06-02 16:00:00,2026-06-02 14:00:00,1.16503,1.16523,1.16473,1.16484,1204,0,0
2026-06-02 16:15:00,2026-06-02 14:15:00,1.16484,1.16503,1.16456,1.16457,1015,0,0
2026-06-02 16:30:00,2026-06-02 14:30:00,1.16457,1.16481,1.16443,1.16444,1318,0,0
2026-06-02 16:45:00,2026-06-02 14:45:00,1.16444,1.16453,1.16395,1.16436,1120,0,0
2026-06-02 17:00:00,2026-06-02 15:00:00,1.16436,1.16436,1.16362,1.16416,1412,0,0
2026-06-02 17:15:00,2026-06-02 15:15:00,1.16418,1.16436,1.16363,1.16398,1121,0,0
2026-06-02 17:30:00,2026-06-02 15:30:00,1.16399,1.16499,1.16393,1.16466,1150,0,0
2026-06-02 17:45:00,2026-06-02 15:45:00,1.16466,1.16469,1.16422,1.16436,1241,0,0
2026-06-02 18:00:00,2026-06-02 16:00:00,1.16435,1.16447,1.16386,1.16417,1170,0,0
2026-06-02 18:15:00,2026-06-02 16:15:00,1.16416,1.16452,1.16354,1.16367,1026,0,0
2026-06-02 18:30:00,2026-06-02 16:30:00,1.16372,1.16409,1.16362,1.16403,1019,0,0
2026-06-02 18:45:00,2026-06-02 16:45:00,1.16402,1.16419,1.16391,1.16405,872,0,0
2026-06-02 19:00:00,2026-06-02 17:00:00,1.16405,1.16413,1.16357,1.16377,900,0,0
2026-06-02 19:15:00,2026-06-02 17:15:00,1.16376,1.16382,1.16302,1.16307,849,0,0
2026-06-02 19:30:00,2026-06-02 17:30:00,1.16307,1.16317,1.16269,1.16284,789,0,0
2026-06-02 19:45:00,2026-06-02 17:45:00,1.16284,1.16296,1.16268,1.16284,613,0,0
2026-06-02 20:00:00,2026-06-02 18:00:00,1.16284,1.16298,1.16247,1.16260,746,0,0
2026-06-02 20:15:00,2026-06-02 18:15:00,1.16259,1.16271,1.16231,1.16245,713,0,0
2026-06-02 20:30:00,2026-06-02 18:30:00,1.16245,1.16253,1.16220,1.16230,685,0,0
2026-06-02 20:45:00,2026-06-02 18:45:00,1.16230,1.16230,1.16201,1.16216,561,0,0
2026-06-02 21:00:00,2026-06-02 19:00:00,1.16216,1.16227,1.16176,1.16185,739,0,0
2026-06-02 21:15:00,2026-06-02 19:15:00,1.16184,1.16211,1.16135,1.16207,828,0,0
2026-06-02 21:30:00,2026-06-02 19:30:00,1.16206,1.16263,1.16206,1.16248,836,0,0
2026-06-02 21:45:00,2026-06-02 19:45:00,1.16248,1.16299,1.16248,1.16284,616,0,0
2026-06-02 22:00:00,2026-06-02 20:00:00,1.16284,1.16323,1.16284,1.16320,498,0,0
2026-06-02 22:15:00,2026-06-02 20:15:00,1.16321,1.16331,1.16307,1.16318,549,0,0
2026-06-02 22:30:00,2026-06-02 20:30:00,1.16318,1.16326,1.16306,1.16314,415,0,0
2026-06-02 22:45:00,2026-06-02 20:45:00,1.16320,1.16328,1.16307,1.16323,628,0,0
2026-06-02 23:00:00,2026-06-02 21:00:00,1.16324,1.16350,1.16321,1.16335,393,0,0
2026-06-02 23:15:00,2026-06-02 21:15:00,1.16334,1.16336,1.16313,1.16320,361,0,0
2026-06-02 23:30:00,2026-06-02 21:30:00,1.16319,1.16324,1.16300,1.16312,364,0,0
2026-06-02 23:45:00,2026-06-02 21:45:00,1.16313,1.16320,1.16303,1.16311,416,0,0
2026-06-03 00:00:00,2026-06-02 22:00:00,1.16249,1.16300,1.16231,1.16300,450,44,0
2026-06-03 00:15:00,2026-06-02 22:15:00,1.16300,1.16305,1.16297,1.16299,83,37,0
2026-06-03 00:30:00,2026-06-02 22:30:00,1.16300,1.16307,1.16290,1.16294,172,34,0
2026-06-03 00:45:00,2026-06-02 22:45:00,1.16295,1.16314,1.16276,1.16279,153,12,0
2026-06-03 01:00:00,2026-06-02 23:00:00,1.16286,1.16301,1.16271,1.16272,376,0,0
2026-06-03 01:15:00,2026-06-02 23:15:00,1.16272,1.16290,1.16270,1.16287,190,0,0
2026-06-03 01:30:00,2026-06-02 23:30:00,1.16287,1.16293,1.16282,1.16286,217,0,0
2026-06-03 01:45:00,2026-06-02 23:45:00,1.16285,1.16290,1.16264,1.16267,345,0,0
2026-06-03 02:00:00,2026-06-03 00:00:00,1.16269,1.16275,1.16246,1.16250,492,0,0
2026-06-03 02:15:00,2026-06-03 00:15:00,1.16250,1.16255,1.16221,1.16230,548,0,0
2026-06-03 02:30:00,2026-06-03 00:30:00,1.16230,1.16237,1.16199,1.16218,606,0,0
2026-06-03 02:45:00,2026-06-03 00:45:00,1.16218,1.16220,1.16197,1.16212,458,0,0
2026-06-03 03:00:00,2026-06-03 01:00:00,1.16212,1.16239,1.16205,1.16233,676,0,0
2026-06-03 03:15:00,2026-06-03 01:15:00,1.16233,1.16274,1.16222,1.16272,643,0,0
2026-06-03 03:30:00,2026-06-03 01:30:00,1.16271,1.16308,1.16269,1.16290,459,0,0
2026-06-03 03:45:00,2026-06-03 01:45:00,1.16290,1.16294,1.16274,1.16288,573,0,0
2026-06-03 04:00:00,2026-06-03 02:00:00,1.16287,1.16295,1.16261,1.16279,729,0,0
2026-06-03 04:15:00,2026-06-03 02:15:00,1.16280,1.16309,1.16270,1.16306,561,0,0
2026-06-03 04:30:00,2026-06-03 02:30:00,1.16307,1.16324,1.16284,1.16318,709,0,0
2026-06-03 04:45:00,2026-06-03 02:45:00,1.16318,1.16334,1.16276,1.16295,663,0,0
2026-06-03 05:00:00,2026-06-03 03:00:00,1.16295,1.16320,1.16292,1.16308,516,0,0
2026-06-03 05:15:00,2026-06-03 03:15:00,1.16307,1.16309,1.16283,1.16285,400,0,0
2026-06-03 05:30:00,2026-06-03 03:30:00,1.16285,1.16297,1.16272,1.16282,478,0,0
2026-06-03 05:45:00,2026-06-03 03:45:00,1.16281,1.16286,1.16250,1.16280,692,0,0
2026-06-03 06:00:00,2026-06-03 04:00:00,1.16281,1.16296,1.16273,1.16284,565,0,0
2026-06-03 06:15:00,2026-06-03 04:15:00,1.16284,1.16291,1.16271,1.16271,431,0,0
2026-06-03 06:30:00,2026-06-03 04:30:00,1.16271,1.16296,1.16263,1.16284,432,0,0
2026-06-03 06:45:00,2026-06-03 04:45:00,1.16284,1.16290,1.16267,1.16275,320,0,0
2026-06-03 07:00:00,2026-06-03 05:00:00,1.16275,1.16281,1.16257,1.16259,329,0,0
2026-06-03 07:15:00,2026-06-03 05:15:00,1.16259,1.16264,1.16248,1.16248,310,0,0
2026-06-03 07:30:00,2026-06-03 05:30:00,1.16248,1.16258,1.16246,1.16258,296,0,0
2026-06-03 07:45:00,2026-06-03 05:45:00,1.16257,1.16261,1.16243,1.16256,350,0,0
2026-06-03 08:00:00,2026-06-03 06:00:00,1.16256,1.16270,1.16246,1.16263,388,0,0
2026-06-03 08:15:00,2026-06-03 06:15:00,1.16263,1.16272,1.16219,1.16223,443,0,0
2026-06-03 08:30:00,2026-06-03 06:30:00,1.16223,1.16242,1.16212,1.16219,593,0,0
2026-06-03 08:45:00,2026-06-03 06:45:00,1.16218,1.16234,1.16186,1.16187,680,0,0
2026-06-03 09:00:00,2026-06-03 07:00:00,1.16187,1.16224,1.16142,1.16174,962,0,0
2026-06-03 09:15:00,2026-06-03 07:15:00,1.16174,1.16186,1.16123,1.16161,904,0,0
2026-06-03 09:30:00,2026-06-03 07:30:00,1.16160,1.16187,1.16134,1.16143,950,0,0
2026-06-03 09:45:00,2026-06-03 07:45:00,1.16143,1.16174,1.16132,1.16163,864,0,0
2026-06-03 10:00:00,2026-06-03 08:00:00,1.16163,1.16207,1.16131,1.16183,1029,0,0
2026-06-03 10:15:00,2026-06-03 08:15:00,1.16184,1.16198,1.16140,1.16140,921,0,0
2026-06-03 10:30:00,2026-06-03 08:30:00,1.16140,1.16244,1.16128,1.16216,1327,0,0
2026-06-03 10:45:00,2026-06-03 08:45:00,1.16219,1.16224,1.16159,1.16162,970,0,0
2026-06-03 11:00:00,2026-06-03 09:00:00,1.16164,1.16169,1.16117,1.16122,1060,0,0
2026-06-03 11:15:00,2026-06-03 09:15:00,1.16123,1.16131,1.16099,1.16120,907,0,0
2026-06-03 11:30:00,2026-06-03 09:30:00,1.16120,1.16156,1.16050,1.16063,1074,0,0
2026-06-03 11:45:00,2026-06-03 09:45:00,1.16064,1.16104,1.16062,1.16081,786,0,0
2026-06-03 12:00:00,2026-06-03 10:00:00,1.16081,1.16135,1.16079,1.16119,736,0,0
2026-06-03 12:15:00,2026-06-03 10:15:00,1.16119,1.16161,1.16108,1.16122,926,0,0
2026-06-03 12:30:00,2026-06-03 10:30:00,1.16122,1.16144,1.16096,1.16142,794,0,0
2026-06-03 12:45:00,2026-06-03 10:45:00,1.16141,1.16156,1.16108,1.16136,900,0,0
2026-06-03 13:00:00,2026-06-03 11:00:00,1.16136,1.16229,1.16127,1.16154,1570,0,0
2026-06-03 13:15:00,2026-06-03 11:15:00,1.16154,1.16160,1.16134,1.16154,907,0,0
2026-06-03 13:30:00,2026-06-03 11:30:00,1.16153,1.16179,1.16144,1.16164,854,0,0
2026-06-03 13:45:00,2026-06-03 11:45:00,1.16165,1.16171,1.16145,1.16161,819,0,0
2026-06-03 14:00:00,2026-06-03 12:00:00,1.16161,1.16190,1.16153,1.16181,852,0,0
2026-06-03 14:15:00,2026-06-03 12:15:00,1.16181,1.16203,1.16173,1.16200,594,0,0
2026-06-03 14:30:00,2026-06-03 12:30:00,1.16200,1.16210,1.16176,1.16181,659,0,0
2026-06-03 14:45:00,2026-06-03 12:45:00,1.16180,1.16226,1.16163,1.16178,976,0,0
2026-06-03 15:00:00,2026-06-03 13:00:00,1.16179,1.16185,1.16124,1.16144,1283,0,0
2026-06-03 15:15:00,2026-06-03 13:15:00,1.16144,1.16144,1.16070,1.16071,1035,0,0
2026-06-03 15:30:00,2026-06-03 13:30:00,1.16071,1.16071,1.15967,1.16051,1228,0,0
2026-06-03 15:45:00,2026-06-03 13:45:00,1.16054,1.16055,1.15973,1.16005,1169,0,0
2026-06-03 16:00:00,2026-06-03 14:00:00,1.16004,1.16036,1.15990,1.16015,1095,0,0
2026-06-03 16:15:00,2026-06-03 14:15:00,1.16015,1.16047,1.15973,1.16041,1077,0,0
2026-06-03 16:30:00,2026-06-03 14:30:00,1.16046,1.16064,1.16024,1.16029,1487,0,0
2026-06-03 16:45:00,2026-06-03 14:45:00,1.16029,1.16048,1.15989,1.16029,1509,0,0
2026-06-03 17:00:00,2026-06-03 15:00:00,1.16028,1.16087,1.16000,1.16065,1588,0,0
2026-06-03 17:15:00,2026-06-03 15:15:00,1.16064,1.16078,1.15994,1.16039,1612,0,0
2026-06-03 17:30:00,2026-06-03 15:30:00,1.16040,1.16045,1.15962,1.15964,1309,0,0
2026-06-03 17:45:00,2026-06-03 15:45:00,1.15963,1.16124,1.15947,1.16123,1836,0,0
2026-06-03 18:00:00,2026-06-03 16:00:00,1.16123,1.16132,1.16025,1.16072,1570,0,0
2026-06-03 18:15:00,2026-06-03 16:15:00,1.16072,1.16112,1.16052,1.16073,1360,0,0
2026-06-03 18:30:00,2026-06-03 16:30:00,1.16075,1.16104,1.16042,1.16063,1343,0,0
2026-06-03 18:45:00,2026-06-03 16:45:00,1.16062,1.16075,1.16041,1.16050,1024,0,0
2026-06-03 19:00:00,2026-06-03 17:00:00,1.16051,1.16051,1.15970,1.15983,1134,0,0
2026-06-03 19:15:00,2026-06-03 17:15:00,1.15984,1.16002,1.15957,1.15994,1063,0,0
2026-06-03 19:30:00,2026-06-03 17:30:00,1.15994,1.16001,1.15950,1.15964,968,0,0
2026-06-03 19:45:00,2026-06-03 17:45:00,1.15965,1.16018,1.15957,1.16003,997,0,0
2026-06-03 20:00:00,2026-06-03 18:00:00,1.16005,1.16035,1.15982,1.16003,796,0,0
2026-06-03 20:15:00,2026-06-03 18:15:00,1.16003,1.16006,1.15970,1.15975,741,0,0
2026-06-03 20:30:00,2026-06-03 18:30:00,1.15973,1.15998,1.15970,1.15983,467,0,0
2026-06-03 20:45:00,2026-06-03 18:45:00,1.15983,1.15993,1.15967,1.15985,617,0,0
2026-06-03 21:00:00,2026-06-03 19:00:00,1.15985,1.15993,1.15959,1.15963,663,0,0
2026-06-03 21:15:00,2026-06-03 19:15:00,1.15963,1.15982,1.15955,1.15977,542,0,0
2026-06-03 21:30:00,2026-06-03 19:30:00,1.15977,1.15979,1.15956,1.15972,733,0,0
2026-06-03 21:45:00,2026-06-03 19:45:00,1.15972,1.15998,1.15971,1.15984,626,0,0
2026-06-03 22:00:00,2026-06-03 20:00:00,1.15984,1.16002,1.15979,1.15981,633,0,0
2026-06-03 22:15:00,2026-06-03 20:15:00,1.15980,1.16009,1.15972,1.15974,640,0,0
2026-06-03 22:30:00,2026-06-03 20:30:00,1.15974,1.15993,1.15974,1.15981,547,0,0
2026-06-03 22:45:00,2026-06-03 20:45:00,1.15980,1.15990,1.15973,1.15981,718,0,0
2026-06-03 23:00:00,2026-06-03 21:00:00,1.15982,1.15994,1.15971,1.15988,453,0,0
2026-06-03 23:15:00,2026-06-03 21:15:00,1.15990,1.16005,1.15983,1.15995,467,0,0
2026-06-03 23:30:00,2026-06-03 21:30:00,1.15994,1.16002,1.15980,1.15982,418,0,0
2026-06-03 23:45:00,2026-06-03 21:45:00,1.15982,1.15998,1.15975,1.15984,368,0,0
2026-06-04 00:00:00,2026-06-03 22:00:00,1.15944,1.15969,1.15941,1.15969,121,53,0
2026-06-04 00:15:00,2026-06-03 22:15:00,1.15968,1.15976,1.15956,1.15974,108,39,0
2026-06-04 00:30:00,2026-06-03 22:30:00,1.15973,1.15987,1.15960,1.15987,314,18,0
2026-06-04 00:45:00,2026-06-03 22:45:00,1.15991,1.15996,1.15964,1.15965,167,12,0
2026-06-04 01:00:00,2026-06-03 23:00:00,1.15976,1.15997,1.15949,1.15958,403,0,0
2026-06-04 01:15:00,2026-06-03 23:15:00,1.15958,1.15974,1.15946,1.15969,346,0,0
2026-06-04 01:30:00,2026-06-03 23:30:00,1.15969,1.15988,1.15966,1.15974,326,0,0
2026-06-04 01:45:00,2026-06-03 23:45:00,1.15974,1.16123,1.15968,1.16056,619,0,0
2026-06-04 02:00:00,2026-06-04 00:00:00,1.16058,1.16085,1.16015,1.16050,618,0,0
2026-06-04 02:15:00,2026-06-04 00:15:00,1.16051,1.16062,1.16038,1.16052,410,0,0
2026-06-04 02:30:00,2026-06-04 00:30:00,1.16053,1.16075,1.16048,1.16069,433,0,0
2026-06-04 02:45:00,2026-06-04 00:45:00,1.16069,1.16109,1.16068,1.16091,513,0,0
2026-06-04 03:00:00,2026-06-04 01:00:00,1.16091,1.16112,1.16055,1.16086,1010,0,0
2026-06-04 03:15:00,2026-06-04 01:15:00,1.16085,1.16127,1.16075,1.16096,744,0,0
2026-06-04 03:30:00,2026-06-04 01:30:00,1.16095,1.16120,1.16083,1.16114,719,0,0
2026-06-04 03:45:00,2026-06-04 01:45:00,1.16115,1.16117,1.16058,1.16068,749,0,0
2026-06-04 04:00:00,2026-06-04 02:00:00,1.16068,1.16075,1.16040,1.16064,876,0,0
2026-06-04 04:15:00,2026-06-04 02:15:00,1.16064,1.16086,1.16053,1.16078,729,0,0
2026-06-04 04:30:00,2026-06-04 02:30:00,1.16079,1.16100,1.16072,1.16081,784,0,0
2026-06-04 04:45:00,2026-06-04 02:45:00,1.16079,1.16100,1.16074,1.16096,620,0,0
2026-06-04 05:00:00,2026-06-04 03:00:00,1.16097,1.16104,1.16076,1.16077,673,0,0
2026-06-04 05:15:00,2026-06-04 03:15:00,1.16076,1.16082,1.16063,1.16077,624,0,0
2026-06-04 05:30:00,2026-06-04 03:30:00,1.16077,1.16096,1.16077,1.16094,498,0,0
2026-06-04 05:45:00,2026-06-04 03:45:00,1.16094,1.16113,1.16094,1.16101,514,0,0
2026-06-04 06:00:00,2026-06-04 04:00:00,1.16100,1.16101,1.16041,1.16046,441,0,0
2026-06-04 06:15:00,2026-06-04 04:15:00,1.16044,1.16064,1.16025,1.16033,459,0,0
2026-06-04 06:30:00,2026-06-04 04:30:00,1.16035,1.16050,1.16028,1.16034,478,0,0
2026-06-04 06:45:00,2026-06-04 04:45:00,1.16034,1.16063,1.16028,1.16061,353,0,0
2026-06-04 07:00:00,2026-06-04 05:00:00,1.16061,1.16062,1.16040,1.16046,348,0,0
2026-06-04 07:15:00,2026-06-04 05:15:00,1.16046,1.16061,1.16045,1.16061,354,0,0
2026-06-04 07:30:00,2026-06-04 05:30:00,1.16061,1.16129,1.16061,1.16112,718,0,0
2026-06-04 07:45:00,2026-06-04 05:45:00,1.16111,1.16126,1.16086,1.16096,465,0,0
2026-06-04 08:00:00,2026-06-04 06:00:00,1.16096,1.16105,1.16074,1.16083,622,0,0
2026-06-04 08:15:00,2026-06-04 06:15:00,1.16083,1.16092,1.16055,1.16057,493,0,0
2026-06-04 08:30:00,2026-06-04 06:30:00,1.16057,1.16089,1.16051,1.16084,609,0,0
2026-06-04 08:45:00,2026-06-04 06:45:00,1.16085,1.16105,1.16076,1.16098,519,0,0
2026-06-04 09:00:00,2026-06-04 07:00:00,1.16098,1.16126,1.16090,1.16123,861,0,0
2026-06-04 09:15:00,2026-06-04 07:15:00,1.16122,1.16128,1.16071,1.16105,744,0,0
2026-06-04 09:30:00,2026-06-04 07:30:00,1.16105,1.16150,1.16086,1.16131,770,0,0
2026-06-04 09:45:00,2026-06-04 07:45:00,1.16130,1.16130,1.16081,1.16107,742,0,0
2026-06-04 10:00:00,2026-06-04 08:00:00,1.16107,1.16126,1.16092,1.16104,772,0,0
2026-06-04 10:15:00,2026-06-04 08:15:00,1.16104,1.16115,1.16038,1.16064,775,0,0
2026-06-04 10:30:00,2026-06-04 08:30:00,1.16060,1.16072,1.15986,1.16013,923,0,0
2026-06-04 10:45:00,2026-06-04 08:45:00,1.16014,1.16044,1.15999,1.16040,751,0,0
2026-06-04 11:00:00,2026-06-04 09:00:00,1.16040,1.16076,1.16035,1.16054,914,0,0
2026-06-04 11:15:00,2026-06-04 09:15:00,1.16054,1.16109,1.16052,1.16105,963,0,0
2026-06-04 11:30:00,2026-06-04 09:30:00,1.16105,1.16140,1.16068,1.16076,887,0,0
2026-06-04 11:45:00,2026-06-04 09:45:00,1.16077,1.16139,1.16075,1.16132,792,0,0
2026-06-04 12:00:00,2026-06-04 10:00:00,1.16132,1.16199,1.16131,1.16189,1070,0,0
2026-06-04 12:15:00,2026-06-04 10:15:00,1.16189,1.16225,1.16182,1.16207,865,0,0
2026-06-04 12:30:00,2026-06-04 10:30:00,1.16206,1.16273,1.16193,1.16267,908,0,0
2026-06-04 12:45:00,2026-06-04 10:45:00,1.16267,1.16284,1.16243,1.16258,874,0,0
2026-06-04 13:00:00,2026-06-04 11:00:00,1.16256,1.16306,1.16252,1.16298,807,0,0
2026-06-04 13:15:00,2026-06-04 11:15:00,1.16297,1.16306,1.16259,1.16289,748,0,0
2026-06-04 13:30:00,2026-06-04 11:30:00,1.16289,1.16335,1.16280,1.16324,740,0,0
2026-06-04 13:45:00,2026-06-04 11:45:00,1.16325,1.16342,1.16278,1.16304,788,0,0
2026-06-04 14:00:00,2026-06-04 12:00:00,1.16304,1.16369,1.16303,1.16353,980,0,0
2026-06-04 14:15:00,2026-06-04 12:15:00,1.16353,1.16434,1.16350,1.16404,1104,0,0
2026-06-04 14:30:00,2026-06-04 12:30:00,1.16406,1.16440,1.16370,1.16439,1138,0,0
2026-06-04 14:45:00,2026-06-04 12:45:00,1.16438,1.16450,1.16410,1.16419,1064,0,0
2026-06-04 15:00:00,2026-06-04 13:00:00,1.16417,1.16452,1.16344,1.16379,1355,0,0
2026-06-04 15:15:00,2026-06-04 13:15:00,1.16379,1.16399,1.16367,1.16385,1019,0,0
2026-06-04 15:30:00,2026-06-04 13:30:00,1.16383,1.16414,1.16382,1.16399,925,0,0
2026-06-04 15:45:00,2026-06-04 13:45:00,1.16399,1.16434,1.16369,1.16370,975,0,0
2026-06-04 16:00:00,2026-06-04 14:00:00,1.16369,1.16400,1.16342,1.16349,971,0,0
2026-06-04 16:15:00,2026-06-04 14:15:00,1.16348,1.16379,1.16339,1.16365,938,0,0
2026-06-04 16:30:00,2026-06-04 14:30:00,1.16366,1.16396,1.16348,1.16396,1223,0,0
2026-06-04 16:45:00,2026-06-04 14:45:00,1.16395,1.16398,1.16353,1.16361,1218,0,0
2026-06-04 17:00:00,2026-06-04 15:00:00,1.16361,1.16399,1.16322,1.16334,1118,0,0
2026-06-04 17:15:00,2026-06-04 15:15:00,1.16334,1.16350,1.16313,1.16316,824,0,0
2026-06-04 17:30:00,2026-06-04 15:30:00,1.16315,1.16330,1.16292,1.16314,867,0,0
2026-06-04 17:45:00,2026-06-04 15:45:00,1.16314,1.16331,1.16293,1.16306,964,0,0
2026-06-04 18:00:00,2026-06-04 16:00:00,1.16305,1.16315,1.16235,1.16249,1160,0,0
2026-06-04 18:15:00,2026-06-04 16:15:00,1.16250,1.16263,1.16225,1.16234,788,0,0
2026-06-04 18:30:00,2026-06-04 16:30:00,1.16234,1.16266,1.16224,1.16237,846,0,0
2026-06-04 18:45:00,2026-06-04 16:45:00,1.16237,1.16299,1.16228,1.16283,849,0,0
2026-06-04 19:00:00,2026-06-04 17:00:00,1.16284,1.16291,1.16263,1.16275,789,0,0
2026-06-04 19:15:00,2026-06-04 17:15:00,1.16275,1.16296,1.16267,1.16282,532,0,0
2026-06-04 19:30:00,2026-06-04 17:30:00,1.16283,1.16288,1.16256,1.16263,584,0,0
2026-06-04 19:45:00,2026-06-04 17:45:00,1.16264,1.16264,1.16232,1.16234,537,0,0
2026-06-04 20:00:00,2026-06-04 18:00:00,1.16234,1.16240,1.16210,1.16214,558,0,0
2026-06-04 20:15:00,2026-06-04 18:15:00,1.16214,1.16221,1.16199,1.16202,471,0,0
2026-06-04 20:30:00,2026-06-04 18:30:00,1.16201,1.16221,1.16199,1.16205,471,0,0
2026-06-04 20:45:00,2026-06-04 18:45:00,1.16205,1.16211,1.16194,1.16207,382,0,0
2026-06-04 21:00:00,2026-06-04 19:00:00,1.16207,1.16225,1.16198,1.16205,441,0,0
2026-06-04 21:15:00,2026-06-04 19:15:00,1.16204,1.16208,1.16164,1.16165,393,0,0
2026-06-04 21:30:00,2026-06-04 19:30:00,1.16165,1.16179,1.16149,1.16164,540,0,0
2026-06-04 21:45:00,2026-06-04 19:45:00,1.16164,1.16175,1.16132,1.16150,442,0,0
2026-06-04 22:00:00,2026-06-04 20:00:00,1.16150,1.16162,1.16113,1.16120,506,0,0
2026-06-04 22:15:00,2026-06-04 20:15:00,1.16120,1.16130,1.16119,1.16123,375,0,0
2026-06-04 22:30:00,2026-06-04 20:30:00,1.16123,1.16130,1.16107,1.16115,356,0,0
2026-06-04 22:45:00,2026-06-04 20:45:00,1.16114,1.16130,1.16105,1.16124,490,0,0
2026-06-04 23:00:00,2026-06-04 21:00:00,1.16124,1.16135,1.16102,1.16102,410,0,0
2026-06-04 23:15:00,2026-06-04 21:15:00,1.16102,1.16114,1.16087,1.16092,349,0,0
2026-06-04 23:30:00,2026-06-04 21:30:00,1.16092,1.16107,1.16080,1.16104,252,0,0
2026-06-04 23:45:00,2026-06-04 21:45:00,1.16104,1.16119,1.16102,1.16108,219,0,0
2026-06-05 00:00:00,2026-06-04 22:00:00,1.16089,1.16123,1.16079,1.16114,157,35,0
2026-06-05 00:15:00,2026-06-04 22:15:00,1.16115,1.16139,1.16100,1.16138,80,17,0
2026-06-05 00:30:00,2026-06-04 22:30:00,1.16132,1.16151,1.16101,1.16121,400,12,0
2026-06-05 00:45:00,2026-06-04 22:45:00,1.16122,1.16136,1.16114,1.16119,241,27,0
2026-06-05 01:00:00,2026-06-04 23:00:00,1.16133,1.16135,1.16119,1.16128,236,0,0
2026-06-05 01:15:00,2026-06-04 23:15:00,1.16127,1.16131,1.16121,1.16129,182,0,0
2026-06-05 01:30:00,2026-06-04 23:30:00,1.16127,1.16132,1.16113,1.16114,250,0,0
2026-06-05 01:45:00,2026-06-04 23:45:00,1.16114,1.16121,1.16107,1.16121,221,0,0
2026-06-05 02:00:00,2026-06-05 00:00:00,1.16120,1.16132,1.16119,1.16129,222,0,0
2026-06-05 02:15:00,2026-06-05 00:15:00,1.16130,1.16138,1.16127,1.16130,270,0,0
2026-06-05 02:30:00,2026-06-05 00:30:00,1.16131,1.16131,1.16119,1.16125,242,0,0
2026-06-05 02:45:00,2026-06-05 00:45:00,1.16126,1.16136,1.16117,1.16123,298,0,0
2026-06-05 03:00:00,2026-06-05 01:00:00,1.16124,1.16142,1.16109,1.16116,837,0,0
2026-06-05 03:15:00,2026-06-05 01:15:00,1.16116,1.16134,1.16111,1.16130,691,0,0
2026-06-05 03:30:00,2026-06-05 01:30:00,1.16131,1.16134,1.16115,1.16117,683,0,0
2026-06-05 03:45:00,2026-06-05 01:45:00,1.16116,1.16137,1.16109,1.16128,640,0,0
2026-06-05 04:00:00,2026-06-05 02:00:00,1.16127,1.16141,1.16114,1.16119,874,0,0
2026-06-05 04:15:00,2026-06-05 02:15:00,1.16119,1.16133,1.16098,1.16116,943,0,0
2026-06-05 04:30:00,2026-06-05 02:30:00,1.16116,1.16142,1.16112,1.16135,875,0,0
2026-06-05 04:45:00,2026-06-05 02:45:00,1.16137,1.16150,1.16130,1.16136,731,0,0
2026-06-05 05:00:00,2026-06-05 03:00:00,1.16136,1.16161,1.16125,1.16154,607,0,0
2026-06-05 05:15:00,2026-06-05 03:15:00,1.16154,1.16167,1.16147,1.16161,513,0,0
2026-06-05 05:30:00,2026-06-05 03:30:00,1.16161,1.16161,1.16135,1.16142,524,0,0
2026-06-05 05:45:00,2026-06-05 03:45:00,1.16141,1.16154,1.16136,1.16140,603,0,0
2026-06-05 06:00:00,2026-06-05 04:00:00,1.16139,1.16151,1.16136,1.16143,582,0,0
2026-06-05 06:15:00,2026-06-05 04:15:00,1.16143,1.16157,1.16139,1.16146,558,0,0
2026-06-05 06:30:00,2026-06-05 04:30:00,1.16146,1.16151,1.16138,1.16138,481,0,0
2026-06-05 06:45:00,2026-06-05 04:45:00,1.16138,1.16149,1.16137,1.16148,369,0,0
2026-06-05 07:00:00,2026-06-05 05:00:00,1.16148,1.16157,1.16144,1.16148,423,0,0
2026-06-05 07:15:00,2026-06-05 05:15:00,1.16148,1.16166,1.16137,1.16137,514,0,0
2026-06-05 07:30:00,2026-06-05 05:30:00,1.16137,1.16161,1.16137,1.16155,453,0,0
2026-06-05 07:45:00,2026-06-05 05:45:00,1.16156,1.16171,1.16149,1.16161,482,0,0
2026-06-05 08:00:00,2026-06-05 06:00:00,1.16161,1.16166,1.16148,1.16156,527,0,0
2026-06-05 08:15:00,2026-06-05 06:15:00,1.16156,1.16164,1.16152,1.16161,370,0,0
2026-06-05 08:30:00,2026-06-05 06:30:00,1.16159,1.16193,1.16159,1.16171,541,0,0
2026-06-05 08:45:00,2026-06-05 06:45:00,1.16171,1.16183,1.16153,1.16156,523,0,0
2026-06-05 09:00:00,2026-06-05 07:00:00,1.16156,1.16160,1.16129,1.16148,848,0,0
2026-06-05 09:15:00,2026-06-05 07:15:00,1.16149,1.16180,1.16128,1.16177,778,0,0
2026-06-05 09:30:00,2026-06-05 07:30:00,1.16178,1.16218,1.16174,1.16217,914,0,0
2026-06-05 09:45:00,2026-06-05 07:45:00,1.16218,1.16229,1.16186,1.16223,781,0,0
2026-06-05 10:00:00,2026-06-05 08:00:00,1.16223,1.16273,1.16215,1.16262,880,0,0
2026-06-05 10:15:00,2026-06-05 08:15:00,1.16263,1.16303,1.16258,1.16300,828,0,0
2026-06-05 10:30:00,2026-06-05 08:30:00,1.16300,1.16372,1.16293,1.16332,935,0,0
2026-06-05 10:45:00,2026-06-05 08:45:00,1.16332,1.16360,1.16319,1.16319,830,0,0
2026-06-05 11:00:00,2026-06-05 09:00:00,1.16319,1.16396,1.16319,1.16395,920,0,0
2026-06-05 11:15:00,2026-06-05 09:15:00,1.16395,1.16398,1.16365,1.16379,902,0,0
2026-06-05 11:30:00,2026-06-05 09:30:00,1.16377,1.16397,1.16366,1.16378,768,0,0
2026-06-05 11:45:00,2026-06-05 09:45:00,1.16377,1.16390,1.16363,1.16366,764,0,0
2026-06-05 12:00:00,2026-06-05 10:00:00,1.16366,1.16438,1.16345,1.16421,1003,0,0
2026-06-05 12:15:00,2026-06-05 10:15:00,1.16424,1.16443,1.16392,1.16393,926,0,0
2026-06-05 12:30:00,2026-06-05 10:30:00,1.16394,1.16404,1.16376,1.16384,739,0,0
2026-06-05 12:45:00,2026-06-05 10:45:00,1.16385,1.16397,1.16373,1.16387,595,0,0
2026-06-05 13:00:00,2026-06-05 11:00:00,1.16387,1.16406,1.16384,1.16400,554,0,0
2026-06-05 13:15:00,2026-06-05 11:15:00,1.16399,1.16424,1.16393,1.16420,636,0,0
2026-06-05 13:30:00,2026-06-05 11:30:00,1.16421,1.16443,1.16404,1.16411,654,0,0
2026-06-05 13:45:00,2026-06-05 11:45:00,1.16411,1.16426,1.16388,1.16404,583,0,0
2026-06-05 14:00:00,2026-06-05 12:00:00,1.16402,1.16406,1.16353,1.16361,748,0,0
2026-06-05 14:15:00,2026-06-05 12:15:00,1.16360,1.16396,1.16353,1.16390,758,0,0
2026-06-05 14:30:00,2026-06-05 12:30:00,1.16389,1.16398,1.16345,1.16359,794,0,0
2026-06-05 14:45:00,2026-06-05 12:45:00,1.16359,1.16421,1.16355,1.16416,863,0,0
2026-06-05 15:00:00,2026-06-05 13:00:00,1.16419,1.16428,1.16386,1.16405,987,0,0
2026-06-05 15:15:00,2026-06-05 13:15:00,1.16405,1.16408,1.16348,1.16353,1040,0,0
2026-06-05 15:30:00,2026-06-05 13:30:00,1.16349,1.16354,1.16052,1.16073,2441,0,0
2026-06-05 15:45:00,2026-06-05 13:45:00,1.16073,1.16083,1.15864,1.15865,2062,0,0
2026-06-05 16:00:00,2026-06-05 14:00:00,1.15864,1.15997,1.15841,1.15956,2402,0,0
2026-06-05 16:15:00,2026-06-05 14:15:00,1.15955,1.15990,1.15837,1.15849,1764,0,0
2026-06-05 16:30:00,2026-06-05 14:30:00,1.15850,1.15868,1.15770,1.15809,1881,0,0
2026-06-05 16:45:00,2026-06-05 14:45:00,1.15810,1.15855,1.15713,1.15719,1995,0,0
2026-06-05 17:00:00,2026-06-05 15:00:00,1.15715,1.15805,1.15610,1.15626,2145,0,0
2026-06-05 17:15:00,2026-06-05 15:15:00,1.15623,1.15625,1.15539,1.15556,1722,0,0
2026-06-05 17:30:00,2026-06-05 15:30:00,1.15559,1.15619,1.15495,1.15516,1678,0,0
2026-06-05 17:45:00,2026-06-05 15:45:00,1.15516,1.15602,1.15513,1.15591,1572,0,0
2026-06-05 18:00:00,2026-06-05 16:00:00,1.15590,1.15601,1.15461,1.15467,1636,0,0
2026-06-05 18:15:00,2026-06-05 16:15:00,1.15467,1.15510,1.15438,1.15466,1625,0,0
2026-06-05 18:30:00,2026-06-05 16:30:00,1.15466,1.15480,1.15346,1.15366,1379,0,0
2026-06-05 18:45:00,2026-06-05 16:45:00,1.15367,1.15367,1.15315,1.15325,1221,0,0
2026-06-05 19:00:00,2026-06-05 17:00:00,1.15326,1.15327,1.15263,1.15282,1458,0,0
2026-06-05 19:15:00,2026-06-05 17:15:00,1.15281,1.15307,1.15231,1.15269,1365,0,0
2026-06-05 19:30:00,2026-06-05 17:30:00,1.15269,1.15269,1.15225,1.15252,1046,0,0
2026-06-05 19:45:00,2026-06-05 17:45:00,1.15250,1.15329,1.15244,1.15321,1211,0,0
2026-06-05 20:00:00,2026-06-05 18:00:00,1.15322,1.15331,1.15266,1.15289,1114,0,0
2026-06-05 20:15:00,2026-06-05 18:15:00,1.15290,1.15297,1.15260,1.15272,1110,0,0
2026-06-05 20:30:00,2026-06-05 18:30:00,1.15271,1.15276,1.15220,1.15226,1007,0,0
2026-06-05 20:45:00,2026-06-05 18:45:00,1.15226,1.15255,1.15194,1.15243,1008,0,0
2026-06-05 21:00:00,2026-06-05 19:00:00,1.15242,1.15253,1.15195,1.15211,1012,0,0
2026-06-05 21:15:00,2026-06-05 19:15:00,1.15211,1.15260,1.15203,1.15225,1228,0,0
2026-06-05 21:30:00,2026-06-05 19:30:00,1.15223,1.15269,1.15219,1.15230,893,0,0
2026-06-05 21:45:00,2026-06-05 19:45:00,1.15230,1.15290,1.15211,1.15232,1087,0,0
2026-06-05 22:00:00,2026-06-05 20:00:00,1.15230,1.15237,1.15188,1.15199,951,0,0
2026-06-05 22:15:00,2026-06-05 20:15:00,1.15200,1.15226,1.15182,1.15220,959,0,0
2026-06-05 22:30:00,2026-06-05 20:30:00,1.15220,1.15248,1.15205,1.15241,885,0,0
2026-06-05 22:45:00,2026-06-05 20:45:00,1.15240,1.15274,1.15235,1.15254,965,0,0
2026-06-05 23:00:00,2026-06-05 21:00:00,1.15253,1.15255,1.15180,1.15181,695,0,0
2026-06-05 23:15:00,2026-06-05 21:15:00,1.15181,1.15242,1.15180,1.15236,534,0,0
2026-06-05 23:30:00,2026-06-05 21:30:00,1.15237,1.15263,1.15216,1.15224,553,0,0
2026-06-05 23:45:00,2026-06-05 21:45:00,1.15225,1.15246,1.15214,1.15222,398,0,0
2026-06-08 00:00:00,2026-06-07 22:00:00,1.15087,1.15088,1.15073,1.15087,55,81,0
2026-06-08 00:15:00,2026-06-07 22:15:00,1.15087,1.15111,1.15087,1.15110,35,78,0
2026-06-08 00:30:00,2026-06-07 22:30:00,1.15111,1.15111,1.15075,1.15088,74,61,0
2026-06-08 00:45:00,2026-06-07 22:45:00,1.15088,1.15096,1.15068,1.15094,101,38,0
2026-06-08 01:00:00,2026-06-07 23:00:00,1.15103,1.15170,1.15089,1.15169,833,0,0
2026-06-08 01:15:00,2026-06-07 23:15:00,1.15170,1.15188,1.15133,1.15137,952,0,0
2026-06-08 01:30:00,2026-06-07 23:30:00,1.15136,1.15166,1.15121,1.15141,653,0,0
2026-06-08 01:45:00,2026-06-07 23:45:00,1.15141,1.15155,1.15105,1.15131,748,0,0
2026-06-08 02:00:00,2026-06-08 00:00:00,1.15131,1.15179,1.15131,1.15176,684,0,0
2026-06-08 02:15:00,2026-06-08 00:15:00,1.15176,1.15203,1.15174,1.15183,583,0,0
2026-06-08 02:30:00,2026-06-08 00:30:00,1.15183,1.15208,1.15178,1.15195,490,0,0
2026-06-08 02:45:00,2026-06-08 00:45:00,1.15194,1.15228,1.15185,1.15219,639,0,0
2026-06-08 03:00:00,2026-06-08 01:00:00,1.15220,1.15248,1.15208,1.15230,723,0,0
2026-06-08 03:15:00,2026-06-08 01:15:00,1.15231,1.15248,1.15209,1.15227,693,0,0
2026-06-08 03:30:00,2026-06-08 01:30:00,1.15227,1.15283,1.15226,1.15281,777,0,0
2026-06-08 03:45:00,2026-06-08 01:45:00,1.15281,1.15337,1.15276,1.15334,848,0,0
2026-06-08 04:00:00,2026-06-08 02:00:00,1.15334,1.15349,1.15302,1.15304,1005,0,0
2026-06-08 04:15:00,2026-06-08 02:15:00,1.15302,1.15309,1.15178,1.15195,1651,0,0
2026-06-08 04:30:00,2026-06-08 02:30:00,1.15196,1.15246,1.15117,1.15239,1618,0,0
2026-06-08 04:45:00,2026-06-08 02:45:00,1.15239,1.15271,1.15215,1.15265,1214,0,0
2026-06-08 05:00:00,2026-06-08 03:00:00,1.15265,1.15279,1.15205,1.15241,1033,0,0
2026-06-08 05:15:00,2026-06-08 03:15:00,1.15241,1.15301,1.15232,1.15289,982,0,0
2026-06-08 05:30:00,2026-06-08 03:30:00,1.15291,1.15294,1.15258,1.15290,872,0,0
2026-06-08 05:45:00,2026-06-08 03:45:00,1.15290,1.15316,1.15278,1.15286,898,0,0
2026-06-08 06:00:00,2026-06-08 04:00:00,1.15286,1.15292,1.15259,1.15273,768,0,0
2026-06-08 06:15:00,2026-06-08 04:15:00,1.15274,1.15287,1.15259,1.15275,658,0,0
2026-06-08 06:30:00,2026-06-08 04:30:00,1.15275,1.15302,1.15273,1.15301,596,0,0
2026-06-08 06:45:00,2026-06-08 04:45:00,1.15301,1.15325,1.15291,1.15325,539,0,0
2026-06-08 07:00:00,2026-06-08 05:00:00,1.15324,1.15328,1.15299,1.15324,631,0,0
2026-06-08 07:15:00,2026-06-08 05:15:00,1.15325,1.15335,1.15309,1.15334,508,0,0
2026-06-08 07:30:00,2026-06-08 05:30:00,1.15335,1.15340,1.15302,1.15306,732,0,0
2026-06-08 07:45:00,2026-06-08 05:45:00,1.15306,1.15324,1.15299,1.15314,643,0,0
2026-06-08 08:00:00,2026-06-08 06:00:00,1.15315,1.15355,1.15313,1.15320,792,0,0
2026-06-08 08:15:00,2026-06-08 06:15:00,1.15318,1.15398,1.15317,1.15344,866,0,0
2026-06-08 08:30:00,2026-06-08 06:30:00,1.15344,1.15348,1.15249,1.15279,1165,0,0
2026-06-08 08:45:00,2026-06-08 06:45:00,1.15279,1.15292,1.15175,1.15190,947,0,0
2026-06-08 09:00:00,2026-06-08 07:00:00,1.15191,1.15226,1.15163,1.15190,1264,0,0
2026-06-08 09:15:00,2026-06-08 07:15:00,1.15187,1.15250,1.15186,1.15235,1209,0,0
2026-06-08 09:30:00,2026-06-08 07:30:00,1.15235,1.15235,1.15160,1.15191,1200,0,0
2026-06-08 09:45:00,2026-06-08 07:45:00,1.15190,1.15216,1.15135,1.15155,1056,0,0
2026-06-08 10:00:00,2026-06-08 08:00:00,1.15154,1.15262,1.15141,1.15240,1438,0,0
2026-06-08 10:15:00,2026-06-08 08:15:00,1.15237,1.15271,1.15204,1.15235,1190,0,0
2026-06-08 10:30:00,2026-06-08 08:30:00,1.15234,1.15265,1.15193,1.15241,1202,0,0
2026-06-08 10:45:00,2026-06-08 08:45:00,1.15240,1.15255,1.15164,1.15166,1121,0,0
2026-06-08 11:00:00,2026-06-08 09:00:00,1.15165,1.15231,1.15142,1.15192,1300,0,0
2026-06-08 11:15:00,2026-06-08 09:15:00,1.15191,1.15197,1.15143,1.15197,1159,0,0
2026-06-08 11:30:00,2026-06-08 09:30:00,1.15199,1.15211,1.15113,1.15156,1191,0,0
2026-06-08 11:45:00,2026-06-08 09:45:00,1.15157,1.15172,1.15079,1.15083,1220,0,0
2026-06-08 12:00:00,2026-06-08 10:00:00,1.15082,1.15112,1.15056,1.15067,1298,0,0
2026-06-08 12:15:00,2026-06-08 10:15:00,1.15067,1.15076,1.15018,1.15020,1121,0,0
2026-06-08 12:30:00,2026-06-08 10:30:00,1.15020,1.15106,1.14998,1.15055,1330,0,0
2026-06-08 12:45:00,2026-06-08 10:45:00,1.15054,1.15146,1.15048,1.15126,1226,0,0
2026-06-08 13:00:00,2026-06-08 11:00:00,1.15126,1.15181,1.15100,1.15172,1267,0,0
2026-06-08 13:15:00,2026-06-08 11:15:00,1.15171,1.15203,1.15143,1.15173,976,0,0
2026-06-08 13:30:00,2026-06-08 11:30:00,1.15174,1.15318,1.15156,1.15247,1251,0,0
2026-06-08 13:45:00,2026-06-08 11:45:00,1.15247,1.15281,1.15232,1.15244,1226,0,0
2026-06-08 14:00:00,2026-06-08 12:00:00,1.15245,1.15351,1.15233,1.15347,1264,0,0
2026-06-08 14:15:00,2026-06-08 12:15:00,1.15346,1.15422,1.15309,1.15407,1753,0,0
2026-06-08 14:30:00,2026-06-08 12:30:00,1.15408,1.15440,1.15351,1.15359,1287,0,0
2026-06-08 14:45:00,2026-06-08 12:45:00,1.15358,1.15392,1.15333,1.15366,1063,0,0
2026-06-08 15:00:00,2026-06-08 13:00:00,1.15365,1.15437,1.15364,1.15375,1479,0,0
2026-06-08 15:15:00,2026-06-08 13:15:00,1.15374,1.15403,1.15365,1.15392,1214,0,0
2026-06-08 15:30:00,2026-06-08 13:30:00,1.15393,1.15438,1.15360,1.15410,1071,0,0
2026-06-08 15:45:00,2026-06-08 13:45:00,1.15410,1.15426,1.15351,1.15421,1164,0,0
2026-06-08 16:00:00,2026-06-08 14:00:00,1.15422,1.15469,1.15413,1.15439,1428,0,0
2026-06-08 16:15:00,2026-06-08 14:15:00,1.15439,1.15546,1.15421,1.15494,1361,0,0
2026-06-08 16:30:00,2026-06-08 14:30:00,1.15494,1.15525,1.15449,1.15455,1673,0,0
2026-06-08 16:45:00,2026-06-08 14:45:00,1.15456,1.15477,1.15414,1.15416,1563,0,0
2026-06-08 17:00:00,2026-06-08 15:00:00,1.15414,1.15446,1.15373,1.15385,1510,0,0
2026-06-08 17:15:00,2026-06-08 15:15:00,1.15386,1.15395,1.15317,1.15367,1469,0,0
2026-06-08 17:30:00,2026-06-08 15:30:00,1.15364,1.15402,1.15334,1.15360,1469,0,0
2026-06-08 17:45:00,2026-06-08 15:45:00,1.15361,1.15426,1.15327,1.15426,1537,0,0
2026-06-08 18:00:00,2026-06-08 16:00:00,1.15427,1.15480,1.15400,1.15450,1441,0,0
2026-06-08 18:15:00,2026-06-08 16:15:00,1.15448,1.15477,1.15393,1.15395,1335,0,0
2026-06-08 18:30:00,2026-06-08 16:30:00,1.15396,1.15413,1.15366,1.15400,1133,0,0
2026-06-08 18:45:00,2026-06-08 16:45:00,1.15402,1.15470,1.15399,1.15441,1049,0,0
2026-06-08 19:00:00,2026-06-08 17:00:00,1.15441,1.15462,1.15419,1.15435,941,0,0
2026-06-08 19:15:00,2026-06-08 17:15:00,1.15436,1.15443,1.15410,1.15410,773,0,0
2026-06-08 19:30:00,2026-06-08 17:30:00,1.15410,1.15437,1.15404,1.15425,829,0,0
2026-06-08 19:45:00,2026-06-08 17:45:00,1.15425,1.15432,1.15390,1.15390,823,0,0
2026-06-08 20:00:00,2026-06-08 18:00:00,1.15392,1.15410,1.15382,1.15406,927,0,0
2026-06-08 20:15:00,2026-06-08 18:15:00,1.15405,1.15416,1.15381,1.15396,966,0,0
2026-06-08 20:30:00,2026-06-08 18:30:00,1.15396,1.15400,1.15356,1.15390,947,0,0
2026-06-08 20:45:00,2026-06-08 18:45:00,1.15390,1.15410,1.15379,1.15380,710,0,0
2026-06-08 21:00:00,2026-06-08 19:00:00,1.15381,1.15422,1.15378,1.15398,820,0,0
2026-06-08 21:15:00,2026-06-08 19:15:00,1.15399,1.15409,1.15387,1.15407,698,0,0
2026-06-08 21:30:00,2026-06-08 19:30:00,1.15406,1.15417,1.15363,1.15367,663,0,0
2026-06-08 21:45:00,2026-06-08 19:45:00,1.15367,1.15367,1.15278,1.15284,875,0,0
2026-06-08 22:00:00,2026-06-08 20:00:00,1.15283,1.15338,1.15282,1.15311,814,0,0
2026-06-08 22:15:00,2026-06-08 20:15:00,1.15311,1.15328,1.15302,1.15321,780,0,0
2026-06-08 22:30:00,2026-06-08 20:30:00,1.15320,1.15344,1.15305,1.15311,810,0,0
2026-06-08 22:45:00,2026-06-08 20:45:00,1.15312,1.15323,1.15293,1.15308,883,0,0
2026-06-08 23:00:00,2026-06-08 21:00:00,1.15307,1.15325,1.15306,1.15317,400,0,0
2026-06-08 23:15:00,2026-06-08 21:15:00,1.15317,1.15338,1.15305,1.15327,464,0,0
2026-06-08 23:30:00,2026-06-08 21:30:00,1.15327,1.15328,1.15310,1.15315,310,0,0
2026-06-08 23:45:00,2026-06-08 21:45:00,1.15314,1.15327,1.15310,1.15319,295,0,0
2026-06-09 00:00:00,2026-06-08 22:00:00,1.15348,1.15387,1.15327,1.15327,167,27,0
2026-06-09 00:15:00,2026-06-08 22:15:00,1.15326,1.15339,1.15320,1.15326,88,23,0
2026-06-09 00:30:00,2026-06-08 22:30:00,1.15325,1.15363,1.15319,1.15360,203,19,0
2026-06-09 00:45:00,2026-06-08 22:45:00,1.15359,1.15365,1.15344,1.15352,174,18,0
2026-06-09 01:00:00,2026-06-08 23:00:00,1.15364,1.15367,1.15328,1.15338,433,0,0
2026-06-09 01:15:00,2026-06-08 23:15:00,1.15339,1.15342,1.15328,1.15331,335,0,0
2026-06-09 01:30:00,2026-06-08 23:30:00,1.15331,1.15335,1.15324,1.15325,181,0,0
2026-06-09 01:45:00,2026-06-08 23:45:00,1.15325,1.15341,1.15323,1.15336,210,0,0
2026-06-09 02:00:00,2026-06-09 00:00:00,1.15337,1.15343,1.15335,1.15337,194,0,0
2026-06-09 02:15:00,2026-06-09 00:15:00,1.15336,1.15340,1.15309,1.15311,303,0,0
2026-06-09 02:30:00,2026-06-09 00:30:00,1.15311,1.15311,1.15295,1.15305,326,0,0
2026-06-09 02:45:00,2026-06-09 00:45:00,1.15304,1.15306,1.15277,1.15282,481,0,0
2026-06-09 03:00:00,2026-06-09 01:00:00,1.15281,1.15304,1.15269,1.15286,1102,0,0
2026-06-09 03:15:00,2026-06-09 01:15:00,1.15285,1.15300,1.15280,1.15290,754,0,0
2026-06-09 03:30:00,2026-06-09 01:30:00,1.15289,1.15315,1.15277,1.15307,791,0,0
2026-06-09 03:45:00,2026-06-09 01:45:00,1.15307,1.15318,1.15279,1.15314,706,0,0
2026-06-09 04:00:00,2026-06-09 02:00:00,1.15314,1.15343,1.15305,1.15341,971,0,0
2026-06-09 04:15:00,2026-06-09 02:15:00,1.15341,1.15366,1.15332,1.15356,964,0,0
2026-06-09 04:30:00,2026-06-09 02:30:00,1.15357,1.15378,1.15350,1.15367,996,0,0
2026-06-09 04:45:00,2026-06-09 02:45:00,1.15368,1.15397,1.15366,1.15396,829,0,0
2026-06-09 05:00:00,2026-06-09 03:00:00,1.15399,1.15404,1.15387,1.15396,601,0,0
2026-06-09 05:15:00,2026-06-09 03:15:00,1.15395,1.15396,1.15367,1.15390,648,0,0
2026-06-09 05:30:00,2026-06-09 03:30:00,1.15390,1.15398,1.15376,1.15386,707,0,0
2026-06-09 05:45:00,2026-06-09 03:45:00,1.15387,1.15395,1.15373,1.15376,470,0,0
2026-06-09 06:00:00,2026-06-09 04:00:00,1.15373,1.15396,1.15364,1.15391,578,0,0
2026-06-09 06:15:00,2026-06-09 04:15:00,1.15391,1.15400,1.15348,1.15366,702,0,0
2026-06-09 06:30:00,2026-06-09 04:30:00,1.15367,1.15377,1.15359,1.15376,614,0,0
2026-06-09 06:45:00,2026-06-09 04:45:00,1.15376,1.15382,1.15349,1.15379,458,0,0
2026-06-09 07:00:00,2026-06-09 05:00:00,1.15380,1.15397,1.15368,1.15394,418,0,0
2026-06-09 07:15:00,2026-06-09 05:15:00,1.15394,1.15421,1.15390,1.15420,503,0,0
2026-06-09 07:30:00,2026-06-09 05:30:00,1.15419,1.15468,1.15405,1.15460,559,0,0
2026-06-09 07:45:00,2026-06-09 05:45:00,1.15460,1.15483,1.15451,1.15455,561,0,0
2026-06-09 08:00:00,2026-06-09 06:00:00,1.15456,1.15460,1.15396,1.15399,671,0,0
2026-06-09 08:15:00,2026-06-09 06:15:00,1.15399,1.15434,1.15397,1.15419,675,0,0
2026-06-09 08:30:00,2026-06-09 06:30:00,1.15419,1.15473,1.15415,1.15455,1005,0,0
2026-06-09 08:45:00,2026-06-09 06:45:00,1.15455,1.15477,1.15439,1.15448,953,0,0
2026-06-09 09:00:00,2026-06-09 07:00:00,1.15448,1.15503,1.15433,1.15499,1097,0,0
2026-06-09 09:15:00,2026-06-09 07:15:00,1.15500,1.15536,1.15490,1.15497,942,0,0
2026-06-09 09:30:00,2026-06-09 07:30:00,1.15498,1.15499,1.15446,1.15464,1043,0,0
2026-06-09 09:45:00,2026-06-09 07:45:00,1.15465,1.15472,1.15438,1.15442,938,0,0
2026-06-09 10:00:00,2026-06-09 08:00:00,1.15441,1.15469,1.15398,1.15401,1140,0,0
2026-06-09 10:15:00,2026-06-09 08:15:00,1.15401,1.15428,1.15373,1.15400,1158,0,0
2026-06-09 10:30:00,2026-06-09 08:30:00,1.15401,1.15423,1.15383,1.15421,1010,0,0
2026-06-09 10:45:00,2026-06-09 08:45:00,1.15420,1.15438,1.15390,1.15392,954,0,0
2026-06-09 11:00:00,2026-06-09 09:00:00,1.15391,1.15427,1.15364,1.15396,1155,0,0
2026-06-09 11:15:00,2026-06-09 09:15:00,1.15396,1.15455,1.15390,1.15444,1026,0,0
2026-06-09 11:30:00,2026-06-09 09:30:00,1.15445,1.15474,1.15441,1.15465,954,0,0
2026-06-09 11:45:00,2026-06-09 09:45:00,1.15464,1.15527,1.15452,1.15508,924,0,0
2026-06-09 12:00:00,2026-06-09 10:00:00,1.15509,1.15569,1.15502,1.15560,905,0,0
2026-06-09 12:15:00,2026-06-09 10:15:00,1.15561,1.15595,1.15548,1.15559,763,0,0
2026-06-09 12:30:00,2026-06-09 10:30:00,1.15562,1.15600,1.15554,1.15596,923,0,0
2026-06-09 12:45:00,2026-06-09 10:45:00,1.15595,1.15639,1.15595,1.15614,900,0,0
2026-06-09 13:00:00,2026-06-09 11:00:00,1.15614,1.15634,1.15601,1.15624,863,0,0
2026-06-09 13:15:00,2026-06-09 11:15:00,1.15626,1.15663,1.15622,1.15653,702,0,0
2026-06-09 13:30:00,2026-06-09 11:30:00,1.15652,1.15686,1.15646,1.15684,689,0,0
2026-06-09 13:45:00,2026-06-09 11:45:00,1.15685,1.15693,1.15648,1.15653,590,0,0
2026-06-09 14:00:00,2026-06-09 12:00:00,1.15654,1.15697,1.15654,1.15685,624,0,0
2026-06-09 14:15:00,2026-06-09 12:15:00,1.15686,1.15728,1.15673,1.15724,667,0,0
2026-06-09 14:30:00,2026-06-09 12:30:00,1.15725,1.15731,1.15673,1.15676,729,0,0
2026-06-09 14:45:00,2026-06-09 12:45:00,1.15675,1.15743,1.15668,1.15725,886,0,0
2026-06-09 15:00:00,2026-06-09 13:00:00,1.15727,1.15750,1.15703,1.15711,882,0,0
2026-06-09 15:15:00,2026-06-09 13:15:00,1.15714,1.15722,1.15692,1.15693,799,0,0
2026-06-09 15:30:00,2026-06-09 13:30:00,1.15694,1.15744,1.15693,1.15735,794,0,0
2026-06-09 15:45:00,2026-06-09 13:45:00,1.15735,1.15750,1.15722,1.15737,646,0,0
2026-06-09 16:00:00,2026-06-09 14:00:00,1.15737,1.15782,1.15737,1.15768,1151,0,0
2026-06-09 16:15:00,2026-06-09 14:15:00,1.15767,1.15770,1.15711,1.15722,851,0,0
2026-06-09 16:30:00,2026-06-09 14:30:00,1.15724,1.15724,1.15635,1.15651,1282,0,0
2026-06-09 16:45:00,2026-06-09 14:45:00,1.15651,1.15765,1.15641,1.15664,1654,0,0
2026-06-09 17:00:00,2026-06-09 15:00:00,1.15664,1.15736,1.15637,1.15638,1595,0,0
2026-06-09 17:15:00,2026-06-09 15:15:00,1.15638,1.15669,1.15582,1.15631,1700,0,0
2026-06-09 17:30:00,2026-06-09 15:30:00,1.15630,1.15693,1.15618,1.15626,1599,0,0
2026-06-09 17:45:00,2026-06-09 15:45:00,1.15626,1.15666,1.15608,1.15623,1698,0,0
2026-06-09 18:00:00,2026-06-09 16:00:00,1.15623,1.15675,1.15607,1.15646,1394,0,0
2026-06-09 18:15:00,2026-06-09 16:15:00,1.15645,1.15646,1.15575,1.15585,1445,0,0
2026-06-09 18:30:00,2026-06-09 16:30:00,1.15584,1.15600,1.15457,1.15534,1768,0,0
2026-06-09 18:45:00,2026-06-09 16:45:00,1.15536,1.15572,1.15511,1.15552,1358,0,0
2026-06-09 19:00:00,2026-06-09 17:00:00,1.15551,1.15575,1.15459,1.15462,1679,0,0
2026-06-09 19:15:00,2026-06-09 17:15:00,1.15462,1.15474,1.15408,1.15460,1475,0,0
2026-06-09 19:30:00,2026-06-09 17:30:00,1.15460,1.15475,1.15285,1.15357,2126,0,0
2026-06-09 19:45:00,2026-06-09 17:45:00,1.15356,1.15411,1.15337,1.15411,1749,0,0
2026-06-09 20:00:00,2026-06-09 18:00:00,1.15414,1.15453,1.15403,1.15430,1601,0,0
2026-06-09 20:15:00,2026-06-09 18:15:00,1.15430,1.15532,1.15420,1.15509,1553,0,0
2026-06-09 20:30:00,2026-06-09 18:30:00,1.15510,1.15528,1.15483,1.15504,1213,0,0
2026-06-09 20:45:00,2026-06-09 18:45:00,1.15505,1.15512,1.15463,1.15481,1188,0,0
2026-06-09 21:00:00,2026-06-09 19:00:00,1.15482,1.15500,1.15464,1.15495,1128,0,0
2026-06-09 21:15:00,2026-06-09 19:15:00,1.15495,1.15531,1.15479,1.15516,1195,0,0
2026-06-09 21:30:00,2026-06-09 19:30:00,1.15515,1.15531,1.15492,1.15497,924,0,0
2026-06-09 21:45:00,2026-06-09 19:45:00,1.15496,1.15504,1.15482,1.15498,865,0,0
2026-06-09 22:00:00,2026-06-09 20:00:00,1.15498,1.15503,1.15464,1.15468,790,0,0
2026-06-09 22:15:00,2026-06-09 20:15:00,1.15468,1.15469,1.15421,1.15430,985,0,0
2026-06-09 22:30:00,2026-06-09 20:30:00,1.15430,1.15435,1.15409,1.15413,816,0,0
2026-06-09 22:45:00,2026-06-09 20:45:00,1.15413,1.15441,1.15396,1.15413,1114,0,0
2026-06-09 23:00:00,2026-06-09 21:00:00,1.15413,1.15435,1.15406,1.15429,613,0,0
2026-06-09 23:15:00,2026-06-09 21:15:00,1.15428,1.15456,1.15428,1.15433,373,0,0
2026-06-09 23:30:00,2026-06-09 21:30:00,1.15433,1.15438,1.15426,1.15432,280,0,0
2026-06-09 23:45:00,2026-06-09 21:45:00,1.15431,1.15444,1.15428,1.15436,287,0,0
2026-06-10 00:00:00,2026-06-09 22:00:00,1.15421,1.15429,1.15412,1.15426,75,34,0
2026-06-10 00:15:00,2026-06-09 22:15:00,1.15430,1.15430,1.15391,1.15397,163,20,0
2026-06-10 00:30:00,2026-06-09 22:30:00,1.15396,1.15397,1.15347,1.15349,205,12,0
2026-06-10 00:45:00,2026-06-09 22:45:00,1.15350,1.15390,1.15347,1.15362,317,12,0
2026-06-10 01:00:00,2026-06-09 23:00:00,1.15376,1.15400,1.15363,1.15392,486,0,0
2026-06-10 01:15:00,2026-06-09 23:15:00,1.15392,1.15404,1.15384,1.15403,356,0,0
2026-06-10 01:30:00,2026-06-09 23:30:00,1.15403,1.15405,1.15373,1.15374,460,0,0
2026-06-10 01:45:00,2026-06-09 23:45:00,1.15374,1.15375,1.15362,1.15365,339,0,0
2026-06-10 02:00:00,2026-06-10 00:00:00,1.15365,1.15393,1.15362,1.15385,344,0,0
2026-06-10 02:15:00,2026-06-10 00:15:00,1.15384,1.15385,1.15347,1.15348,433,0,0
2026-06-10 02:30:00,2026-06-10 00:30:00,1.15348,1.15372,1.15346,1.15366,366,0,0
2026-06-10 02:45:00,2026-06-10 00:45:00,1.15365,1.15366,1.15332,1.15351,686,0,0
2026-06-10 03:00:00,2026-06-10 01:00:00,1.15350,1.15414,1.15337,1.15410,1186,0,0
2026-06-10 03:15:00,2026-06-10 01:15:00,1.15411,1.15421,1.15389,1.15414,881,0,0
2026-06-10 03:30:00,2026-06-10 01:30:00,1.15414,1.15417,1.15333,1.15346,975,0,0
2026-06-10 03:45:00,2026-06-10 01:45:00,1.15345,1.15433,1.15332,1.15423,1156,0,0
2026-06-10 04:00:00,2026-06-10 02:00:00,1.15424,1.15429,1.15384,1.15399,1106,0,0
2026-06-10 04:15:00,2026-06-10 02:15:00,1.15399,1.15430,1.15382,1.15394,1054,0,0
2026-06-10 04:30:00,2026-06-10 02:30:00,1.15396,1.15406,1.15372,1.15385,1111,0,0
2026-06-10 04:45:00,2026-06-10 02:45:00,1.15386,1.15404,1.15353,1.15377,1099,0,0
2026-06-10 05:00:00,2026-06-10 03:00:00,1.15378,1.15406,1.15370,1.15403,802,0,0
2026-06-10 05:15:00,2026-06-10 03:15:00,1.15403,1.15431,1.15394,1.15429,815,0,0
2026-06-10 05:30:00,2026-06-10 03:30:00,1.15429,1.15443,1.15422,1.15441,830,0,0
2026-06-10 05:45:00,2026-06-10 03:45:00,1.15441,1.15449,1.15418,1.15426,748,0,0
2026-06-10 06:00:00,2026-06-10 04:00:00,1.15427,1.15482,1.15422,1.15476,670,0,0
2026-06-10 06:15:00,2026-06-10 04:15:00,1.15476,1.15499,1.15461,1.15466,658,0,0
2026-06-10 06:30:00,2026-06-10 04:30:00,1.15468,1.15481,1.15449,1.15453,625,0,0
2026-06-10 06:45:00,2026-06-10 04:45:00,1.15452,1.15521,1.15450,1.15503,682,0,0
2026-06-10 07:00:00,2026-06-10 05:00:00,1.15502,1.15507,1.15476,1.15478,559,0,0
2026-06-10 07:15:00,2026-06-10 05:15:00,1.15477,1.15491,1.15468,1.15486,671,0,0
2026-06-10 07:30:00,2026-06-10 05:30:00,1.15487,1.15488,1.15446,1.15452,632,0,0
2026-06-10 07:45:00,2026-06-10 05:45:00,1.15451,1.15465,1.15444,1.15464,554,0,0
2026-06-10 08:00:00,2026-06-10 06:00:00,1.15465,1.15489,1.15454,1.15469,720,0,0
2026-06-10 08:15:00,2026-06-10 06:15:00,1.15468,1.15498,1.15454,1.15496,729,0,0
2026-06-10 08:30:00,2026-06-10 06:30:00,1.15495,1.15557,1.15494,1.15546,939,0,0
2026-06-10 08:45:00,2026-06-10 06:45:00,1.15546,1.15552,1.15528,1.15543,760,0,0
2026-06-10 09:00:00,2026-06-10 07:00:00,1.15547,1.15583,1.15536,1.15567,1132,0,0
2026-06-10 09:15:00,2026-06-10 07:15:00,1.15566,1.15576,1.15526,1.15558,1083,0,0
2026-06-10 09:30:00,2026-06-10 07:30:00,1.15558,1.15566,1.15540,1.15551,947,0,0
2026-06-10 09:45:00,2026-06-10 07:45:00,1.15550,1.15557,1.15482,1.15490,1051,0,0
2026-06-10 10:00:00,2026-06-10 08:00:00,1.15484,1.15564,1.15465,1.15563,1087,0,0
2026-06-10 10:15:00,2026-06-10 08:15:00,1.15563,1.15588,1.15528,1.15535,1058,0,0
2026-06-10 10:30:00,2026-06-10 08:30:00,1.15535,1.15553,1.15529,1.15540,1006,0,0
2026-06-10 10:45:00,2026-06-10 08:45:00,1.15540,1.15553,1.15517,1.15538,837,0,0
2026-06-10 11:00:00,2026-06-10 09:00:00,1.15538,1.15542,1.15480,1.15493,1092,0,0
2026-06-10 11:15:00,2026-06-10 09:15:00,1.15494,1.15535,1.15492,1.15532,944,0,0
2026-06-10 11:30:00,2026-06-10 09:30:00,1.15532,1.15532,1.15499,1.15503,924,0,0
2026-06-10 11:45:00,2026-06-10 09:45:00,1.15502,1.15535,1.15486,1.15535,1049,0,0
2026-06-10 12:00:00,2026-06-10 10:00:00,1.15536,1.15568,1.15509,1.15510,895,0,0
2026-06-10 12:15:00,2026-06-10 10:15:00,1.15510,1.15534,1.15507,1.15528,939,0,0
2026-06-10 12:30:00,2026-06-10 10:30:00,1.15526,1.15569,1.15525,1.15561,1066,0,0
2026-06-10 12:45:00,2026-06-10 10:45:00,1.15560,1.15598,1.15560,1.15579,1022,0,0
2026-06-10 13:00:00,2026-06-10 11:00:00,1.15579,1.15594,1.15554,1.15560,791,0,0
2026-06-10 13:15:00,2026-06-10 11:15:00,1.15561,1.15573,1.15547,1.15560,782,0,0
2026-06-10 13:30:00,2026-06-10 11:30:00,1.15560,1.15572,1.15520,1.15532,780,0,0
2026-06-10 13:45:00,2026-06-10 11:45:00,1.15531,1.15549,1.15502,1.15522,816,0,0
2026-06-10 14:00:00,2026-06-10 12:00:00,1.15523,1.15525,1.15361,1.15473,1627,0,0
2026-06-10 14:15:00,2026-06-10 12:15:00,1.15474,1.15492,1.15399,1.15432,1480,0,0
2026-06-10 14:30:00,2026-06-10 12:30:00,1.15431,1.15449,1.15355,1.15378,1262,0,0
2026-06-10 14:45:00,2026-06-10 12:45:00,1.15377,1.15408,1.15360,1.15365,1070,0,0
2026-06-10 15:00:00,2026-06-10 13:00:00,1.15366,1.15426,1.15359,1.15401,1101,0,0
2026-06-10 15:15:00,2026-06-10 13:15:00,1.15400,1.15468,1.15396,1.15463,1211,0,0
2026-06-10 15:30:00,2026-06-10 13:30:00,1.15465,1.15594,1.15425,1.15594,2077,0,0
2026-06-10 15:45:00,2026-06-10 13:45:00,1.15592,1.15648,1.15481,1.15486,1689,0,0
2026-06-10 16:00:00,2026-06-10 14:00:00,1.15485,1.15553,1.15475,1.15549,1408,0,0
2026-06-10 16:15:00,2026-06-10 14:15:00,1.15548,1.15597,1.15535,1.15574,1205,0,0
2026-06-10 16:30:00,2026-06-10 14:30:00,1.15570,1.15710,1.15564,1.15708,1890,0,0
2026-06-10 16:45:00,2026-06-10 14:45:00,1.15708,1.15732,1.15620,1.15626,1750,0,0
2026-06-10 17:00:00,2026-06-10 15:00:00,1.15626,1.15671,1.15599,1.15637,1743,0,0
2026-06-10 17:15:00,2026-06-10 15:15:00,1.15636,1.15638,1.15554,1.15571,1738,0,0
2026-06-10 17:30:00,2026-06-10 15:30:00,1.15571,1.15596,1.15550,1.15567,1498,0,0
2026-06-10 17:45:00,2026-06-10 15:45:00,1.15567,1.15596,1.15502,1.15523,1615,0,0
2026-06-10 18:00:00,2026-06-10 16:00:00,1.15522,1.15554,1.15468,1.15511,1584,0,0
2026-06-10 18:15:00,2026-06-10 16:15:00,1.15510,1.15568,1.15472,1.15545,1611,0,0
2026-06-10 18:30:00,2026-06-10 16:30:00,1.15546,1.15569,1.15504,1.15526,1542,0,0
2026-06-10 18:45:00,2026-06-10 16:45:00,1.15524,1.15534,1.15344,1.15494,2270,0,0
2026-06-10 19:00:00,2026-06-10 17:00:00,1.15501,1.15589,1.15485,1.15568,1635,0,0
2026-06-10 19:15:00,2026-06-10 17:15:00,1.15568,1.15581,1.15545,1.15572,1295,0,0
2026-06-10 19:30:00,2026-06-10 17:30:00,1.15572,1.15595,1.15554,1.15556,1212,0,0
2026-06-10 19:45:00,2026-06-10 17:45:00,1.15555,1.15558,1.15520,1.15537,1056,0,0
2026-06-10 20:00:00,2026-06-10 18:00:00,1.15538,1.15567,1.15498,1.15507,1154,0,0
2026-06-10 20:15:00,2026-06-10 18:15:00,1.15508,1.15517,1.15485,1.15497,1024,0,0
2026-06-10 20:30:00,2026-06-10 18:30:00,1.15498,1.15498,1.15448,1.15451,982,0,0
2026-06-10 20:45:00,2026-06-10 18:45:00,1.15451,1.15533,1.15448,1.15524,1424,0,0
2026-06-10 21:00:00,2026-06-10 19:00:00,1.15526,1.15579,1.15524,1.15540,1263,0,0
2026-06-10 21:15:00,2026-06-10 19:15:00,1.15540,1.15547,1.15503,1.15509,1109,0,0
2026-06-10 21:30:00,2026-06-10 19:30:00,1.15511,1.15516,1.15487,1.15503,1053,0,0
2026-06-10 21:45:00,2026-06-10 19:45:00,1.15502,1.15524,1.15483,1.15484,878,0,0
2026-06-10 22:00:00,2026-06-10 20:00:00,1.15485,1.15489,1.15435,1.15437,954,0,0
2026-06-10 22:15:00,2026-06-10 20:15:00,1.15438,1.15448,1.15428,1.15438,797,0,0
2026-06-10 22:30:00,2026-06-10 20:30:00,1.15438,1.15473,1.15435,1.15468,939,0,0
2026-06-10 22:45:00,2026-06-10 20:45:00,1.15468,1.15469,1.15411,1.15415,1001,0,0
2026-06-10 23:00:00,2026-06-10 21:00:00,1.15415,1.15416,1.15372,1.15374,684,0,0
2026-06-10 23:15:00,2026-06-10 21:15:00,1.15374,1.15400,1.15370,1.15392,418,0,0
2026-06-10 23:30:00,2026-06-10 21:30:00,1.15392,1.15403,1.15356,1.15364,449,0,0
2026-06-10 23:45:00,2026-06-10 21:45:00,1.15365,1.15371,1.15348,1.15357,512,0,0
2026-06-11 00:00:00,2026-06-10 22:00:00,1.15342,1.15385,1.15335,1.15385,79,12,0
2026-06-11 00:15:00,2026-06-10 22:15:00,1.15383,1.15388,1.15349,1.15354,211,12,0
2026-06-11 00:30:00,2026-06-10 22:30:00,1.15350,1.15372,1.15337,1.15369,67,12,0
2026-06-11 00:45:00,2026-06-10 22:45:00,1.15370,1.15376,1.15339,1.15342,170,12,0
2026-06-11 01:00:00,2026-06-10 23:00:00,1.15349,1.15355,1.15283,1.15305,672,0,0
2026-06-11 01:15:00,2026-06-10 23:15:00,1.15305,1.15318,1.15287,1.15308,721,0,0
2026-06-11 01:30:00,2026-06-10 23:30:00,1.15307,1.15359,1.15306,1.15344,651,0,0
2026-06-11 01:45:00,2026-06-10 23:45:00,1.15343,1.15368,1.15294,1.15299,764,0,0
2026-06-11 02:00:00,2026-06-11 00:00:00,1.15298,1.15306,1.15258,1.15267,786,0,0
2026-06-11 02:15:00,2026-06-11 00:15:00,1.15267,1.15365,1.15262,1.15358,1141,0,0
2026-06-11 02:30:00,2026-06-11 00:30:00,1.15358,1.15378,1.15321,1.15363,760,0,0
2026-06-11 02:45:00,2026-06-11 00:45:00,1.15363,1.15375,1.15337,1.15353,708,0,0
2026-06-11 03:00:00,2026-06-11 01:00:00,1.15355,1.15410,1.15354,1.15394,1391,0,0
2026-06-11 03:15:00,2026-06-11 01:15:00,1.15393,1.15427,1.15388,1.15413,1335,0,0
2026-06-11 03:30:00,2026-06-11 01:30:00,1.15413,1.15424,1.15390,1.15402,1048,0,0
2026-06-11 03:45:00,2026-06-11 01:45:00,1.15401,1.15430,1.15399,1.15425,1077,0,0
2026-06-11 04:00:00,2026-06-11 02:00:00,1.15424,1.15525,1.15416,1.15524,1252,0,0
2026-06-11 04:15:00,2026-06-11 02:15:00,1.15524,1.15558,1.15498,1.15549,1204,0,0
2026-06-11 04:30:00,2026-06-11 02:30:00,1.15548,1.15560,1.15526,1.15544,1001,0,0
2026-06-11 04:45:00,2026-06-11 02:45:00,1.15544,1.15555,1.15529,1.15540,776,0,0
2026-06-11 05:00:00,2026-06-11 03:00:00,1.15542,1.15542,1.15516,1.15518,883,0,0
2026-06-11 05:15:00,2026-06-11 03:15:00,1.15518,1.15522,1.15471,1.15479,898,0,0
2026-06-11 05:30:00,2026-06-11 03:30:00,1.15479,1.15488,1.15460,1.15474,858,0,0
2026-06-11 05:45:00,2026-06-11 03:45:00,1.15475,1.15488,1.15460,1.15480,680,0,0
2026-06-11 06:00:00,2026-06-11 04:00:00,1.15480,1.15491,1.15443,1.15445,711,0,0
2026-06-11 06:15:00,2026-06-11 04:15:00,1.15446,1.15474,1.15444,1.15472,820,0,0
2026-06-11 06:30:00,2026-06-11 04:30:00,1.15472,1.15477,1.15459,1.15467,802,0,0
2026-06-11 06:45:00,2026-06-11 04:45:00,1.15468,1.15473,1.15450,1.15453,646,0,0
2026-06-11 07:00:00,2026-06-11 05:00:00,1.15453,1.15460,1.15425,1.15451,720,0,0
2026-06-11 07:15:00,2026-06-11 05:15:00,1.15450,1.15473,1.15449,1.15467,582,0,0
2026-06-11 07:30:00,2026-06-11 05:30:00,1.15468,1.15488,1.15461,1.15482,615,0,0
2026-06-11 07:45:00,2026-06-11 05:45:00,1.15482,1.15505,1.15473,1.15483,628,0,0
2026-06-11 08:00:00,2026-06-11 06:00:00,1.15483,1.15502,1.15465,1.15498,751,0,0
2026-06-11 08:15:00,2026-06-11 06:15:00,1.15498,1.15515,1.15489,1.15501,656,0,0
2026-06-11 08:30:00,2026-06-11 06:30:00,1.15502,1.15513,1.15482,1.15494,875,0,0
2026-06-11 08:45:00,2026-06-11 06:45:00,1.15494,1.15495,1.15455,1.15474,730,0,0
2026-06-11 09:00:00,2026-06-11 07:00:00,1.15472,1.15474,1.15425,1.15464,1003,0,0
2026-06-11 09:15:00,2026-06-11 07:15:00,1.15464,1.15474,1.15428,1.15433,891,0,0
2026-06-11 09:30:00,2026-06-11 07:30:00,1.15433,1.15470,1.15428,1.15448,845,0,0
2026-06-11 09:45:00,2026-06-11 07:45:00,1.15447,1.15459,1.15403,1.15417,817,0,0
2026-06-11 10:00:00,2026-06-11 08:00:00,1.15418,1.15479,1.15413,1.15471,1004,0,0
2026-06-11 10:15:00,2026-06-11 08:15:00,1.15471,1.15555,1.15466,1.15533,1037,0,0
2026-06-11 10:30:00,2026-06-11 08:30:00,1.15534,1.15543,1.15467,1.15468,995,0,0
2026-06-11 10:45:00,2026-06-11 08:45:00,1.15467,1.15479,1.15442,1.15451,913,0,0
2026-06-11 11:00:00,2026-06-11 09:00:00,1.15449,1.15456,1.15407,1.15414,1018,0,0
2026-06-11 11:15:00,2026-06-11 09:15:00,1.15414,1.15420,1.15383,1.15388,1091,0,0
2026-06-11 11:30:00,2026-06-11 09:30:00,1.15389,1.15403,1.15372,1.15382,989,0,0
2026-06-11 11:45:00,2026-06-11 09:45:00,1.15381,1.15384,1.15306,1.15321,1038,0,0
2026-06-11 12:00:00,2026-06-11 10:00:00,1.15322,1.15343,1.15300,1.15343,767,0,0
2026-06-11 12:15:00,2026-06-11 10:15:00,1.15344,1.15371,1.15321,1.15324,805,0,0
2026-06-11 12:30:00,2026-06-11 10:30:00,1.15323,1.15343,1.15304,1.15338,809,0,0
2026-06-11 12:45:00,2026-06-11 10:45:00,1.15338,1.15372,1.15312,1.15340,840,0,0
2026-06-11 13:00:00,2026-06-11 11:00:00,1.15339,1.15345,1.15252,1.15261,1003,0,0
2026-06-11 13:15:00,2026-06-11 11:15:00,1.15262,1.15275,1.15230,1.15253,1086,0,0
2026-06-11 13:30:00,2026-06-11 11:30:00,1.15253,1.15291,1.15248,1.15271,863,0,0
2026-06-11 13:45:00,2026-06-11 11:45:00,1.15271,1.15320,1.15266,1.15313,1037,0,0
2026-06-11 14:00:00,2026-06-11 12:00:00,1.15313,1.15396,1.15311,1.15388,1321,0,0
2026-06-11 14:15:00,2026-06-11 12:15:00,1.15390,1.15392,1.15349,1.15377,857,0,0
2026-06-11 14:30:00,2026-06-11 12:30:00,1.15376,1.15418,1.15366,1.15376,1053,0,0
2026-06-11 14:45:00,2026-06-11 12:45:00,1.15376,1.15390,1.15354,1.15382,819,0,0
2026-06-11 15:00:00,2026-06-11 13:00:00,1.15382,1.15404,1.15327,1.15339,964,0,0
2026-06-11 15:15:00,2026-06-11 13:15:00,1.15336,1.15390,1.15164,1.15270,1819,0,0
2026-06-11 15:30:00,2026-06-11 13:30:00,1.15272,1.15353,1.15197,1.15308,1741,0,0
2026-06-11 15:45:00,2026-06-11 13:45:00,1.15307,1.15438,1.15290,1.15399,1998,0,0
2026-06-11 16:00:00,2026-06-11 14:00:00,1.15405,1.15407,1.15251,1.15254,1620,0,0
2026-06-11 16:15:00,2026-06-11 14:15:00,1.15256,1.15324,1.15175,1.15302,1420,0,0
2026-06-11 16:30:00,2026-06-11 14:30:00,1.15301,1.15344,1.15265,1.15322,1869,0,0
2026-06-11 16:45:00,2026-06-11 14:45:00,1.15322,1.15395,1.15292,1.15295,1828,0,0
2026-06-11 17:00:00,2026-06-11 15:00:00,1.15295,1.15306,1.15209,1.15232,1631,0,0
2026-06-11 17:15:00,2026-06-11 15:15:00,1.15233,1.15246,1.15207,1.15217,1445,0,0
2026-06-11 17:30:00,2026-06-11 15:30:00,1.15217,1.15222,1.15152,1.15176,1412,0,0
2026-06-11 17:45:00,2026-06-11 15:45:00,1.15176,1.15195,1.15147,1.15194,1320,0,0
2026-06-11 18:00:00,2026-06-11 16:00:00,1.15194,1.15226,1.15139,1.15171,1661,0,0
2026-06-11 18:15:00,2026-06-11 16:15:00,1.15171,1.15244,1.15170,1.15223,1354,0,0
2026-06-11 18:30:00,2026-06-11 16:30:00,1.15222,1.15232,1.15173,1.15193,1372,0,0
2026-06-11 18:45:00,2026-06-11 16:45:00,1.15196,1.15201,1.15140,1.15144,1321,0,0
2026-06-11 19:00:00,2026-06-11 17:00:00,1.15145,1.15161,1.15080,1.15097,1132,0,0
2026-06-11 19:15:00,2026-06-11 17:15:00,1.15097,1.15115,1.15071,1.15092,1158,0,0
2026-06-11 19:30:00,2026-06-11 17:30:00,1.15092,1.15125,1.15079,1.15098,1118,0,0
2026-06-11 19:45:00,2026-06-11 17:45:00,1.15099,1.15102,1.15081,1.15090,854,0,0
2026-06-11 20:00:00,2026-06-11 18:00:00,1.15091,1.15093,1.15036,1.15048,1368,0,0
2026-06-11 20:15:00,2026-06-11 18:15:00,1.15048,1.15239,1.15028,1.15228,1377,0,0
2026-06-11 20:30:00,2026-06-11 18:30:00,1.15230,1.15662,1.15230,1.15607,3057,0,0
2026-06-11 20:45:00,2026-06-11 18:45:00,1.15608,1.15631,1.15459,1.15511,2442,0,0
2026-06-11 21:00:00,2026-06-11 19:00:00,1.15511,1.15540,1.15413,1.15525,2360,0,0
2026-06-11 21:15:00,2026-06-11 19:15:00,1.15524,1.15604,1.15513,1.15557,2120,0,0
2026-06-11 21:30:00,2026-06-11 19:30:00,1.15559,1.15580,1.15483,1.15578,1512,0,0
2026-06-11 21:45:00,2026-06-11 19:45:00,1.15577,1.15665,1.15575,1.15579,1555,0,0
2026-06-11 22:00:00,2026-06-11 20:00:00,1.15578,1.15751,1.15578,1.15742,1725,0,0
2026-06-11 22:15:00,2026-06-11 20:15:00,1.15745,1.15814,1.15724,1.15808,1673,0,0
2026-06-11 22:30:00,2026-06-11 20:30:00,1.15808,1.15896,1.15795,1.15796,1871,0,0
2026-06-11 22:45:00,2026-06-11 20:45:00,1.15797,1.15809,1.15772,1.15786,1300,0,0
2026-06-11 23:00:00,2026-06-11 21:00:00,1.15786,1.15836,1.15783,1.15803,952,0,0
2026-06-11 23:15:00,2026-06-11 21:15:00,1.15803,1.15831,1.15779,1.15805,706,0,0
2026-06-11 23:30:00,2026-06-11 21:30:00,1.15805,1.15817,1.15768,1.15771,713,0,0
2026-06-11 23:45:00,2026-06-11 21:45:00,1.15771,1.15802,1.15764,1.15786,549,0,0
2026-06-12 00:00:00,2026-06-11 22:00:00,1.15750,1.15796,1.15731,1.15796,105,12,0
2026-06-12 00:15:00,2026-06-11 22:15:00,1.15795,1.15795,1.15768,1.15773,182,12,0
2026-06-12 00:30:00,2026-06-11 22:30:00,1.15773,1.15773,1.15754,1.15758,135,12,0
2026-06-12 00:45:00,2026-06-11 22:45:00,1.15758,1.15789,1.15755,1.15761,145,12,0
2026-06-12 01:00:00,2026-06-11 23:00:00,1.15766,1.15818,1.15758,1.15760,504,0,0
2026-06-12 01:15:00,2026-06-11 23:15:00,1.15760,1.15768,1.15732,1.15751,739,0,0
2026-06-12 01:30:00,2026-06-11 23:30:00,1.15752,1.15797,1.15734,1.15790,830,0,0
2026-06-12 01:45:00,2026-06-11 23:45:00,1.15789,1.15851,1.15789,1.15849,759,0,0
2026-06-12 02:00:00,2026-06-12 00:00:00,1.15849,1.15864,1.15819,1.15824,562,0,0
2026-06-12 02:15:00,2026-06-12 00:15:00,1.15822,1.15831,1.15770,1.15778,577,0,0
2026-06-12 02:30:00,2026-06-12 00:30:00,1.15775,1.15782,1.15752,1.15760,540,0,0
2026-06-12 02:45:00,2026-06-12 00:45:00,1.15760,1.15771,1.15743,1.15755,716,0,0
2026-06-12 03:00:00,2026-06-12 01:00:00,1.15755,1.15765,1.15691,1.15712,1233,0,0
2026-06-12 03:15:00,2026-06-12 01:15:00,1.15712,1.15719,1.15689,1.15704,946,0,0
2026-06-12 03:30:00,2026-06-12 01:30:00,1.15704,1.15720,1.15661,1.15663,862,0,0
2026-06-12 03:45:00,2026-06-12 01:45:00,1.15663,1.15710,1.15662,1.15697,936,0,0
2026-06-12 04:00:00,2026-06-12 02:00:00,1.15697,1.15703,1.15633,1.15657,1123,0,0
2026-06-12 04:15:00,2026-06-12 02:15:00,1.15657,1.15665,1.15616,1.15620,921,0,0
2026-06-12 04:30:00,2026-06-12 02:30:00,1.15621,1.15665,1.15621,1.15627,1022,0,0
2026-06-12 04:45:00,2026-06-12 02:45:00,1.15627,1.15660,1.15620,1.15634,840,0,0
2026-06-12 05:00:00,2026-06-12 03:00:00,1.15633,1.15705,1.15627,1.15687,899,0,0
2026-06-12 05:15:00,2026-06-12 03:15:00,1.15687,1.15687,1.15649,1.15649,573,0,0
2026-06-12 05:30:00,2026-06-12 03:30:00,1.15650,1.15672,1.15638,1.15657,709,0,0
2026-06-12 05:45:00,2026-06-12 03:45:00,1.15657,1.15674,1.15652,1.15668,648,0,0
2026-06-12 06:00:00,2026-06-12 04:00:00,1.15668,1.15684,1.15649,1.15672,710,0,0
2026-06-12 06:15:00,2026-06-12 04:15:00,1.15673,1.15712,1.15666,1.15705,830,0,0
2026-06-12 06:30:00,2026-06-12 04:30:00,1.15705,1.15753,1.15702,1.15736,977,0,0
2026-06-12 06:45:00,2026-06-12 04:45:00,1.15735,1.15736,1.15700,1.15721,804,0,0
2026-06-12 07:00:00,2026-06-12 05:00:00,1.15724,1.15726,1.15687,1.15716,727,0,0
2026-06-12 07:15:00,2026-06-12 05:15:00,1.15714,1.15722,1.15702,1.15718,537,0,0
2026-06-12 07:30:00,2026-06-12 05:30:00,1.15717,1.15751,1.15712,1.15740,632,0,0
2026-06-12 07:45:00,2026-06-12 05:45:00,1.15740,1.15745,1.15705,1.15715,678,0,0
2026-06-12 08:00:00,2026-06-12 06:00:00,1.15714,1.15740,1.15664,1.15691,845,0,0
2026-06-12 08:15:00,2026-06-12 06:15:00,1.15690,1.15692,1.15641,1.15649,712,0,0
2026-06-12 08:30:00,2026-06-12 06:30:00,1.15649,1.15665,1.15626,1.15639,934,0,0
2026-06-12 08:45:00,2026-06-12 06:45:00,1.15639,1.15641,1.15573,1.15574,838,0,0
2026-06-12 09:00:00,2026-06-12 07:00:00,1.15575,1.15682,1.15574,1.15656,1103,0,0
2026-06-12 09:15:00,2026-06-12 07:15:00,1.15655,1.15682,1.15648,1.15675,899,0,0
2026-06-12 09:30:00,2026-06-12 07:30:00,1.15676,1.15709,1.15651,1.15686,1169,0,0
2026-06-12 09:45:00,2026-06-12 07:45:00,1.15687,1.15744,1.15672,1.15732,1019,0,0
2026-06-12 10:00:00,2026-06-12 08:00:00,1.15731,1.15735,1.15628,1.15647,1076,0,0
2026-06-12 10:15:00,2026-06-12 08:15:00,1.15647,1.15671,1.15606,1.15606,1063,0,0
2026-06-12 10:30:00,2026-06-12 08:30:00,1.15606,1.15631,1.15571,1.15606,1176,0,0
2026-06-12 10:45:00,2026-06-12 08:45:00,1.15608,1.15676,1.15573,1.15666,1212,0,0
2026-06-12 11:00:00,2026-06-12 09:00:00,1.15666,1.15712,1.15653,1.15697,1326,0,0
2026-06-12 11:15:00,2026-06-12 09:15:00,1.15698,1.15851,1.15687,1.15761,1746,0,0
2026-06-12 11:30:00,2026-06-12 09:30:00,1.15763,1.15834,1.15752,1.15804,1372,0,0
2026-06-12 11:45:00,2026-06-12 09:45:00,1.15804,1.15827,1.15752,1.15768,1138,0,0
2026-06-12 12:00:00,2026-06-12 10:00:00,1.15768,1.15778,1.15735,1.15771,1071,0,0
2026-06-12 12:15:00,2026-06-12 10:15:00,1.15771,1.15896,1.15771,1.15881,1318,0,0
2026-06-12 12:30:00,2026-06-12 10:30:00,1.15881,1.15891,1.15840,1.15857,1044,0,0
2026-06-12 12:45:00,2026-06-12 10:45:00,1.15858,1.15872,1.15804,1.15839,1061,0,0
2026-06-12 13:00:00,2026-06-12 11:00:00,1.15839,1.15856,1.15814,1.15830,913,0,0
2026-06-12 13:15:00,2026-06-12 11:15:00,1.15830,1.15843,1.15691,1.15742,1236,0,0
2026-06-12 13:30:00,2026-06-12 11:30:00,1.15743,1.15797,1.15734,1.15760,1009,0,0
2026-06-12 13:45:00,2026-06-12 11:45:00,1.15760,1.15786,1.15718,1.15740,978,0,0
2026-06-12 14:00:00,2026-06-12 12:00:00,1.15742,1.15749,1.15718,1.15749,1001,0,0
2026-06-12 14:15:00,2026-06-12 12:15:00,1.15748,1.15780,1.15736,1.15749,937,0,0
2026-06-12 14:30:00,2026-06-12 12:30:00,1.15744,1.15795,1.15730,1.15786,885,0,0
2026-06-12 14:45:00,2026-06-12 12:45:00,1.15787,1.15790,1.15706,1.15714,987,0,0
2026-06-12 15:00:00,2026-06-12 13:00:00,1.15715,1.15725,1.15667,1.15683,1238,0,0
2026-06-12 15:15:00,2026-06-12 13:15:00,1.15685,1.15690,1.15614,1.15615,1031,0,0
2026-06-12 15:30:00,2026-06-12 13:30:00,1.15616,1.15654,1.15609,1.15630,1088,0,0
2026-06-12 15:45:00,2026-06-12 13:45:00,1.15631,1.15645,1.15600,1.15633,1187,0,0
2026-06-12 16:00:00,2026-06-12 14:00:00,1.15633,1.15689,1.15617,1.15661,1192,0,0
2026-06-12 16:15:00,2026-06-12 14:15:00,1.15661,1.15766,1.15656,1.15760,1166,0,0
2026-06-12 16:30:00,2026-06-12 14:30:00,1.15761,1.15792,1.15639,1.15674,2015,0,0
2026-06-12 16:45:00,2026-06-12 14:45:00,1.15675,1.15740,1.15673,1.15693,1454,0,0
2026-06-12 17:00:00,2026-06-12 15:00:00,1.15692,1.15776,1.15676,1.15736,1530,0,0
2026-06-12 17:15:00,2026-06-12 15:15:00,1.15735,1.15750,1.15660,1.15693,1392,0,0
2026-06-12 17:30:00,2026-06-12 15:30:00,1.15694,1.15763,1.15688,1.15732,1302,0,0
2026-06-12 17:45:00,2026-06-12 15:45:00,1.15731,1.15788,1.15682,1.15735,1956,0,0
2026-06-12 18:00:00,2026-06-12 16:00:00,1.15734,1.15778,1.15717,1.15773,1535,0,0
2026-06-12 18:15:00,2026-06-12 16:15:00,1.15772,1.15835,1.15762,1.15824,1362,0,0
2026-06-12 18:30:00,2026-06-12 16:30:00,1.15825,1.15835,1.15737,1.15758,1460,0,0
2026-06-12 18:45:00,2026-06-12 16:45:00,1.15758,1.15786,1.15731,1.15731,1232,0,0
2026-06-12 19:00:00,2026-06-12 17:00:00,1.15731,1.15780,1.15695,1.15724,1406,0,0
2026-06-12 19:15:00,2026-06-12 17:15:00,1.15725,1.15762,1.15701,1.15724,1381,0,0
2026-06-12 19:30:00,2026-06-12 17:30:00,1.15723,1.15755,1.15719,1.15724,1094,0,0
2026-06-12 19:45:00,2026-06-12 17:45:00,1.15724,1.15754,1.15718,1.15746,991,0,0
2026-06-12 20:00:00,2026-06-12 18:00:00,1.15747,1.15777,1.15717,1.15733,1109,0,0
2026-06-12 20:15:00,2026-06-12 18:15:00,1.15734,1.15760,1.15724,1.15755,874,0,0
2026-06-12 20:30:00,2026-06-12 18:30:00,1.15755,1.15765,1.15738,1.15756,803,0,0
2026-06-12 20:45:00,2026-06-12 18:45:00,1.15757,1.15759,1.15736,1.15745,701,0,0
2026-06-12 21:00:00,2026-06-12 19:00:00,1.15745,1.15754,1.15722,1.15737,786,0,0
2026-06-12 21:15:00,2026-06-12 19:15:00,1.15737,1.15762,1.15735,1.15754,820,0,0
2026-06-12 21:30:00,2026-06-12 19:30:00,1.15754,1.15788,1.15754,1.15777,609,0,0
2026-06-12 21:45:00,2026-06-12 19:45:00,1.15779,1.15784,1.15743,1.15748,562,0,0
2026-06-12 22:00:00,2026-06-12 20:00:00,1.15748,1.15778,1.15733,1.15749,742,0,0
2026-06-12 22:15:00,2026-06-12 20:15:00,1.15749,1.15764,1.15733,1.15748,582,0,0
2026-06-12 22:30:00,2026-06-12 20:30:00,1.15748,1.15751,1.15707,1.15708,765,0,0
2026-06-12 22:45:00,2026-06-12 20:45:00,1.15706,1.15723,1.15687,1.15713,697,0,0
2026-06-12 23:00:00,2026-06-12 21:00:00,1.15713,1.15719,1.15689,1.15693,567,0,0
2026-06-12 23:15:00,2026-06-12 21:15:00,1.15693,1.15711,1.15680,1.15684,398,0,0
2026-06-12 23:30:00,2026-06-12 21:30:00,1.15684,1.15685,1.15666,1.15671,472,0,0
2026-06-12 23:45:00,2026-06-12 21:45:00,1.15670,1.15693,1.15666,1.15678,478,0,0
2026-06-15 00:00:00,2026-06-14 22:00:00,1.15711,1.15745,1.15711,1.15729,99,38,0
2026-06-15 00:15:00,2026-06-14 22:15:00,1.15731,1.15928,1.15729,1.15928,197,38,0
2026-06-15 00:30:00,2026-06-14 22:30:00,1.15928,1.15975,1.15901,1.15947,220,38,0
2026-06-15 00:45:00,2026-06-14 22:45:00,1.15946,1.16049,1.15939,1.16047,306,38,0
2026-06-15 01:00:00,2026-06-14 23:00:00,1.16057,1.16177,1.16012,1.16118,1160,0,0
2026-06-15 01:15:00,2026-06-14 23:15:00,1.16116,1.16153,1.16077,1.16087,1363,0,0
2026-06-15 01:30:00,2026-06-14 23:30:00,1.16085,1.16117,1.16038,1.16088,1045,0,0
2026-06-15 01:45:00,2026-06-14 23:45:00,1.16088,1.16116,1.16086,1.16088,973,0,0
2026-06-15 02:00:00,2026-06-15 00:00:00,1.16085,1.16093,1.16041,1.16048,809,0,0
2026-06-15 02:15:00,2026-06-15 00:15:00,1.16049,1.16069,1.16036,1.16041,597,0,0
2026-06-15 02:30:00,2026-06-15 00:30:00,1.16041,1.16069,1.16029,1.16063,388,0,0
2026-06-15 02:45:00,2026-06-15 00:45:00,1.16064,1.16092,1.16022,1.16029,779,0,0
2026-06-15 03:00:00,2026-06-15 01:00:00,1.16029,1.16108,1.16028,1.16107,1118,0,0
2026-06-15 03:15:00,2026-06-15 01:15:00,1.16106,1.16117,1.16072,1.16074,940,0,0
2026-06-15 03:30:00,2026-06-15 01:30:00,1.16075,1.16078,1.16047,1.16058,825,0,0
2026-06-15 03:45:00,2026-06-15 01:45:00,1.16059,1.16063,1.15980,1.15989,907,0,0
2026-06-15 04:00:00,2026-06-15 02:00:00,1.15989,1.15990,1.15944,1.15974,859,0,0
2026-06-15 04:15:00,2026-06-15 02:15:00,1.15974,1.15995,1.15968,1.15982,693,0,0
2026-06-15 04:30:00,2026-06-15 02:30:00,1.15983,1.15986,1.15961,1.15964,671,0,0
2026-06-15 04:45:00,2026-06-15 02:45:00,1.15964,1.16017,1.15958,1.15981,643,0,0
2026-06-15 05:00:00,2026-06-15 03:00:00,1.15981,1.15995,1.15943,1.15949,675,0,0
2026-06-15 05:15:00,2026-06-15 03:15:00,1.15948,1.15982,1.15942,1.15979,511,0,0
2026-06-15 05:30:00,2026-06-15 03:30:00,1.15978,1.16015,1.15978,1.15988,541,0,0
2026-06-15 05:45:00,2026-06-15 03:45:00,1.15988,1.15998,1.15976,1.15995,468,0,0
2026-06-15 06:00:00,2026-06-15 04:00:00,1.15995,1.16009,1.15984,1.15988,462,0,0
2026-06-15 06:15:00,2026-06-15 04:15:00,1.15988,1.16019,1.15988,1.16017,425,0,0
2026-06-15 06:30:00,2026-06-15 04:30:00,1.16016,1.16043,1.16012,1.16034,514,0,0
2026-06-15 06:45:00,2026-06-15 04:45:00,1.16033,1.16053,1.16032,1.16044,423,0,0
2026-06-15 07:00:00,2026-06-15 05:00:00,1.16044,1.16054,1.16032,1.16047,415,0,0
2026-06-15 07:15:00,2026-06-15 05:15:00,1.16048,1.16091,1.16044,1.16090,372,0,0
2026-06-15 07:30:00,2026-06-15 05:30:00,1.16090,1.16114,1.16087,1.16108,439,0,0
2026-06-15 07:45:00,2026-06-15 05:45:00,1.16108,1.16135,1.16103,1.16126,428,0,0
2026-06-15 08:00:00,2026-06-15 06:00:00,1.16126,1.16222,1.16126,1.16193,666,0,0
2026-06-15 08:15:00,2026-06-15 06:15:00,1.16193,1.16206,1.16176,1.16184,562,0,0
2026-06-15 08:30:00,2026-06-15 06:30:00,1.16184,1.16197,1.16139,1.16140,674,0,0
2026-06-15 08:45:00,2026-06-15 06:45:00,1.16141,1.16177,1.16135,1.16168,692,0,0
2026-06-15 09:00:00,2026-06-15 07:00:00,1.16169,1.16180,1.16083,1.16098,925,0,0
2026-06-15 09:15:00,2026-06-15 07:15:00,1.16102,1.16115,1.16068,1.16078,798,0,0
2026-06-15 09:30:00,2026-06-15 07:30:00,1.16077,1.16084,1.16005,1.16073,964,0,0
2026-06-15 09:45:00,2026-06-15 07:45:00,1.16073,1.16087,1.16043,1.16063,767,0,0
2026-06-15 10:00:00,2026-06-15 08:00:00,1.16063,1.16093,1.16014,1.16063,1120,0,0
2026-06-15 10:15:00,2026-06-15 08:15:00,1.16065,1.16104,1.16040,1.16087,1003,0,0
2026-06-15 10:30:00,2026-06-15 08:30:00,1.16087,1.16094,1.16043,1.16080,991,0,0
2026-06-15 10:45:00,2026-06-15 08:45:00,1.16079,1.16091,1.16041,1.16063,946,0,0
2026-06-15 11:00:00,2026-06-15 09:00:00,1.16062,1.16084,1.16043,1.16058,982,0,0
2026-06-15 11:15:00,2026-06-15 09:15:00,1.16057,1.16103,1.16049,1.16076,822,0,0
2026-06-15 11:30:00,2026-06-15 09:30:00,1.16077,1.16102,1.15999,1.16011,908,0,0
2026-06-15 11:45:00,2026-06-15 09:45:00,1.16012,1.16020,1.15972,1.16016,1044,0,0
2026-06-15 12:00:00,2026-06-15 10:00:00,1.16017,1.16106,1.16005,1.16073,993,0,0
2026-06-15 12:15:00,2026-06-15 10:15:00,1.16072,1.16074,1.16034,1.16053,771,0,0
2026-06-15 12:30:00,2026-06-15 10:30:00,1.16053,1.16103,1.16051,1.16078,752,0,0
2026-06-15 12:45:00,2026-06-15 10:45:00,1.16077,1.16090,1.16051,1.16068,734,0,0
2026-06-15 13:00:00,2026-06-15 11:00:00,1.16068,1.16071,1.16033,1.16066,819,0,0
2026-06-15 13:15:00,2026-06-15 11:15:00,1.16067,1.16116,1.16064,1.16104,750,0,0
2026-06-15 13:30:00,2026-06-15 11:30:00,1.16104,1.16146,1.16100,1.16133,716,0,0
2026-06-15 13:45:00,2026-06-15 11:45:00,1.16133,1.16136,1.16099,1.16106,667,0,0
2026-06-15 14:00:00,2026-06-15 12:00:00,1.16103,1.16142,1.16103,1.16123,684,0,0
2026-06-15 14:15:00,2026-06-15 12:15:00,1.16122,1.16122,1.16068,1.16070,822,0,0
2026-06-15 14:30:00,2026-06-15 12:30:00,1.16069,1.16106,1.16058,1.16069,858,0,0
2026-06-15 14:45:00,2026-06-15 12:45:00,1.16068,1.16141,1.16068,1.16091,1092,0,0
2026-06-15 15:00:00,2026-06-15 13:00:00,1.16086,1.16122,1.16057,1.16062,952,0,0
2026-06-15 15:15:00,2026-06-15 13:15:00,1.16063,1.16100,1.16046,1.16098,937,0,0
2026-06-15 15:30:00,2026-06-15 13:30:00,1.16098,1.16146,1.16086,1.16146,846,0,0
2026-06-15 15:45:00,2026-06-15 13:45:00,1.16145,1.16198,1.16131,1.16156,1048,0,0
2026-06-15 16:00:00,2026-06-15 14:00:00,1.16155,1.16168,1.16122,1.16151,824,0,0
2026-06-15 16:15:00,2026-06-15 14:15:00,1.16151,1.16178,1.16149,1.16166,799,0,0
2026-06-15 16:30:00,2026-06-15 14:30:00,1.16164,1.16205,1.16132,1.16173,1283,0,0
2026-06-15 16:45:00,2026-06-15 14:45:00,1.16173,1.16185,1.16137,1.16168,1206,0,0
2026-06-15 17:00:00,2026-06-15 15:00:00,1.16169,1.16187,1.16125,1.16135,1215,0,0
2026-06-15 17:15:00,2026-06-15 15:15:00,1.16136,1.16155,1.16087,1.16124,1405,0,0
2026-06-15 17:30:00,2026-06-15 15:30:00,1.16124,1.16135,1.16055,1.16068,1146,0,0
2026-06-15 17:45:00,2026-06-15 15:45:00,1.16068,1.16125,1.16056,1.16080,1605,0,0
2026-06-15 18:00:00,2026-06-15 16:00:00,1.16079,1.16079,1.16041,1.16046,1165,0,0
2026-06-15 18:15:00,2026-06-15 16:15:00,1.16046,1.16064,1.16013,1.16032,884,0,0
2026-06-15 18:30:00,2026-06-15 16:30:00,1.16033,1.16034,1.15976,1.15979,969,0,0
2026-06-15 18:45:00,2026-06-15 16:45:00,1.15980,1.15989,1.15965,1.15985,730,0,0
2026-06-15 19:00:00,2026-06-15 17:00:00,1.15986,1.16032,1.15975,1.16028,851,0,0
2026-06-15 19:15:00,2026-06-15 17:15:00,1.16025,1.16049,1.16009,1.16048,748,0,0
2026-06-15 19:30:00,2026-06-15 17:30:00,1.16048,1.16052,1.15981,1.15990,761,0,0
2026-06-15 19:45:00,2026-06-15 17:45:00,1.15989,1.16053,1.15986,1.16036,718,0,0
2026-06-15 20:00:00,2026-06-15 18:00:00,1.16035,1.16041,1.16003,1.16019,677,0,0
2026-06-15 20:15:00,2026-06-15 18:15:00,1.16018,1.16025,1.15988,1.16004,548,0,0
2026-06-15 20:30:00,2026-06-15 18:30:00,1.16006,1.16008,1.15979,1.15998,579,0,0
2026-06-15 20:45:00,2026-06-15 18:45:00,1.15999,1.16010,1.15983,1.15994,595,0,0
2026-06-15 21:00:00,2026-06-15 19:00:00,1.15995,1.16032,1.15984,1.16016,720,0,0
2026-06-15 21:15:00,2026-06-15 19:15:00,1.16015,1.16021,1.15976,1.15977,602,0,0
2026-06-15 21:30:00,2026-06-15 19:30:00,1.15978,1.15980,1.15950,1.15965,709,0,0
2026-06-15 21:45:00,2026-06-15 19:45:00,1.15966,1.15986,1.15940,1.15946,786,0,0
2026-06-15 22:00:00,2026-06-15 20:00:00,1.15947,1.15963,1.15901,1.15921,785,0,0
2026-06-15 22:15:00,2026-06-15 20:15:00,1.15921,1.15943,1.15911,1.15917,618,0,0
2026-06-15 22:30:00,2026-06-15 20:30:00,1.15918,1.15943,1.15917,1.15930,586,0,0
2026-06-15 22:45:00,2026-06-15 20:45:00,1.15930,1.15940,1.15846,1.15853,920,0,0
2026-06-15 23:00:00,2026-06-15 21:00:00,1.15853,1.15889,1.15835,1.15887,545,0,0
2026-06-15 23:15:00,2026-06-15 21:15:00,1.15886,1.15894,1.15870,1.15891,350,0,0
2026-06-15 23:30:00,2026-06-15 21:30:00,1.15892,1.15900,1.15871,1.15888,401,0,0
2026-06-15 23:45:00,2026-06-15 21:45:00,1.15889,1.15899,1.15872,1.15894,368,0,0
2026-06-16 00:00:00,2026-06-15 22:00:00,1.15878,1.15897,1.15865,1.15878,127,65,0
2026-06-16 00:15:00,2026-06-15 22:15:00,1.15877,1.15889,1.15864,1.15868,154,22,0
2026-06-16 00:30:00,2026-06-15 22:30:00,1.15867,1.15924,1.15863,1.15924,266,18,0
2026-06-16 00:45:00,2026-06-15 22:45:00,1.15922,1.15926,1.15880,1.15890,177,20,0
2026-06-16 01:00:00,2026-06-15 23:00:00,1.15899,1.15908,1.15869,1.15873,393,0,0
2026-06-16 01:15:00,2026-06-15 23:15:00,1.15873,1.15874,1.15855,1.15866,359,0,0
2026-06-16 01:30:00,2026-06-15 23:30:00,1.15867,1.15880,1.15863,1.15880,256,0,0
2026-06-16 01:45:00,2026-06-15 23:45:00,1.15880,1.15895,1.15870,1.15885,216,0,0
2026-06-16 02:00:00,2026-06-16 00:00:00,1.15885,1.15910,1.15885,1.15902,222,0,0
2026-06-16 02:15:00,2026-06-16 00:15:00,1.15904,1.15920,1.15893,1.15914,273,0,0
2026-06-16 02:30:00,2026-06-16 00:30:00,1.15914,1.15933,1.15909,1.15931,241,0,0
2026-06-16 02:45:00,2026-06-16 00:45:00,1.15931,1.15935,1.15908,1.15913,374,0,0
2026-06-16 03:00:00,2026-06-16 01:00:00,1.15913,1.15921,1.15896,1.15899,626,0,0
2026-06-16 03:15:00,2026-06-16 01:15:00,1.15898,1.15906,1.15879,1.15886,494,0,0
2026-06-16 03:30:00,2026-06-16 01:30:00,1.15884,1.15919,1.15884,1.15914,488,0,0
2026-06-16 03:45:00,2026-06-16 01:45:00,1.15913,1.15936,1.15887,1.15930,539,0,0
2026-06-16 04:00:00,2026-06-16 02:00:00,1.15931,1.15951,1.15908,1.15920,952,0,0
2026-06-16 04:15:00,2026-06-16 02:15:00,1.15921,1.15921,1.15894,1.15910,667,0,0
2026-06-16 04:30:00,2026-06-16 02:30:00,1.15910,1.15924,1.15880,1.15890,602,0,0
2026-06-16 04:45:00,2026-06-16 02:45:00,1.15891,1.15924,1.15869,1.15879,521,0,0
2026-06-16 05:00:00,2026-06-16 03:00:00,1.15878,1.15880,1.15846,1.15853,567,0,0
2026-06-16 05:15:00,2026-06-16 03:15:00,1.15853,1.15863,1.15827,1.15863,538,0,0
2026-06-16 05:30:00,2026-06-16 03:30:00,1.15862,1.15893,1.15862,1.15884,456,0,0
2026-06-16 05:45:00,2026-06-16 03:45:00,1.15885,1.15886,1.15861,1.15878,467,0,0
2026-06-16 06:00:00,2026-06-16 04:00:00,1.15879,1.15884,1.15850,1.15871,525,0,0
2026-06-16 06:15:00,2026-06-16 04:15:00,1.15871,1.15874,1.15840,1.15856,592,0,0
2026-06-16 06:30:00,2026-06-16 04:30:00,1.15855,1.15876,1.15855,1.15869,497,0,0
2026-06-16 06:45:00,2026-06-16 04:45:00,1.15869,1.15888,1.15857,1.15864,418,0,0
2026-06-16 07:00:00,2026-06-16 05:00:00,1.15863,1.15870,1.15787,1.15795,547,0,0
2026-06-16 07:15:00,2026-06-16 05:15:00,1.15794,1.15814,1.15755,1.15783,728,0,0
2026-06-16 07:30:00,2026-06-16 05:30:00,1.15784,1.15805,1.15773,1.15790,583,0,0
2026-06-16 07:45:00,2026-06-16 05:45:00,1.15790,1.15795,1.15763,1.15790,540,0,0
2026-06-16 08:00:00,2026-06-16 06:00:00,1.15790,1.15811,1.15774,1.15774,490,0,0
2026-06-16 08:15:00,2026-06-16 06:15:00,1.15775,1.15794,1.15769,1.15794,411,0,0
2026-06-16 08:30:00,2026-06-16 06:30:00,1.15794,1.15806,1.15770,1.15774,604,0,0
2026-06-16 08:45:00,2026-06-16 06:45:00,1.15774,1.15780,1.15752,1.15757,732,0,0
2026-06-16 09:00:00,2026-06-16 07:00:00,1.15754,1.15778,1.15749,1.15771,656,0,0
2026-06-16 09:15:00,2026-06-16 07:15:00,1.15770,1.15789,1.15750,1.15786,564,0,0
2026-06-16 09:30:00,2026-06-16 07:30:00,1.15787,1.15855,1.15780,1.15815,961,0,0
2026-06-16 09:45:00,2026-06-16 07:45:00,1.15816,1.15877,1.15812,1.15873,882,0,0
2026-06-16 10:00:00,2026-06-16 08:00:00,1.15874,1.15904,1.15850,1.15881,1160,0,0
2026-06-16 10:15:00,2026-06-16 08:15:00,1.15880,1.15913,1.15871,1.15910,818,0,0
2026-06-16 10:30:00,2026-06-16 08:30:00,1.15909,1.15937,1.15893,1.15931,855,0,0
2026-06-16 10:45:00,2026-06-16 08:45:00,1.15932,1.15957,1.15918,1.15956,698,0,0
2026-06-16 11:00:00,2026-06-16 09:00:00,1.15956,1.15995,1.15931,1.15989,946,0,0
2026-06-16 11:15:00,2026-06-16 09:15:00,1.15990,1.16018,1.15973,1.16014,869,0,0
2026-06-16 11:30:00,2026-06-16 09:30:00,1.16018,1.16025,1.15990,1.16007,863,0,0
2026-06-16 11:45:00,2026-06-16 09:45:00,1.16008,1.16067,1.15995,1.16056,788,0,0
2026-06-16 12:00:00,2026-06-16 10:00:00,1.16055,1.16092,1.16033,1.16071,894,0,0
2026-06-16 12:15:00,2026-06-16 10:15:00,1.16070,1.16075,1.16006,1.16015,880,0,0
2026-06-16 12:30:00,2026-06-16 10:30:00,1.16015,1.16035,1.16000,1.16008,771,0,0
2026-06-16 12:45:00,2026-06-16 10:45:00,1.16009,1.16023,1.15998,1.16010,679,0,0
2026-06-16 13:00:00,2026-06-16 11:00:00,1.16010,1.16079,1.16004,1.16071,685,0,0
2026-06-16 13:15:00,2026-06-16 11:15:00,1.16071,1.16131,1.16067,1.16093,869,0,0
2026-06-16 13:30:00,2026-06-16 11:30:00,1.16094,1.16123,1.16076,1.16113,727,0,0
2026-06-16 13:45:00,2026-06-16 11:45:00,1.16114,1.16127,1.16093,1.16119,688,0,0
2026-06-16 14:00:00,2026-06-16 12:00:00,1.16118,1.16120,1.16074,1.16090,761,0,0
2026-06-16 14:15:00,2026-06-16 12:15:00,1.16089,1.16089,1.16033,1.16041,780,0,0
2026-06-16 14:30:00,2026-06-16 12:30:00,1.16042,1.16065,1.15978,1.15996,882,0,0
2026-06-16 14:45:00,2026-06-16 12:45:00,1.15997,1.16008,1.15971,1.15990,857,0,0
2026-06-16 15:00:00,2026-06-16 13:00:00,1.15991,1.15995,1.15936,1.15976,945,0,0
2026-06-16 15:15:00,2026-06-16 13:15:00,1.15977,1.15983,1.15912,1.15950,955,0,0
2026-06-16 15:30:00,2026-06-16 13:30:00,1.15951,1.16020,1.15948,1.16008,916,0,0
2026-06-16 15:45:00,2026-06-16 13:45:00,1.16008,1.16013,1.15965,1.15995,1050,0,0
2026-06-16 16:00:00,2026-06-16 14:00:00,1.15995,1.16027,1.15987,1.16000,945,0,0
2026-06-16 16:15:00,2026-06-16 14:15:00,1.15999,1.16006,1.15951,1.15978,1006,0,0
2026-06-16 16:30:00,2026-06-16 14:30:00,1.15978,1.16035,1.15971,1.15994,1377,0,0
2026-06-16 16:45:00,2026-06-16 14:45:00,1.15994,1.15995,1.15912,1.15927,1181,0,0
2026-06-16 17:00:00,2026-06-16 15:00:00,1.15927,1.15968,1.15878,1.15950,1305,0,0
2026-06-16 17:15:00,2026-06-16 15:15:00,1.15949,1.15972,1.15907,1.15907,1166,0,0
2026-06-16 17:30:00,2026-06-16 15:30:00,1.15905,1.15971,1.15879,1.15966,1199,0,0
2026-06-16 17:45:00,2026-06-16 15:45:00,1.15966,1.16086,1.15959,1.16068,1454,0,0
2026-06-16 18:00:00,2026-06-16 16:00:00,1.16069,1.16081,1.15997,1.16018,1292,0,0
2026-06-16 18:15:00,2026-06-16 16:15:00,1.16018,1.16052,1.16011,1.16020,1045,0,0
2026-06-16 18:30:00,2026-06-16 16:30:00,1.16020,1.16086,1.16012,1.16069,1075,0,0
2026-06-16 18:45:00,2026-06-16 16:45:00,1.16068,1.16186,1.16037,1.16142,1459,0,0
2026-06-16 19:00:00,2026-06-16 17:00:00,1.16141,1.16181,1.16129,1.16163,658,0,0
2026-06-16 19:15:00,2026-06-16 17:15:00,1.16178,1.16198,1.16155,1.16168,1066,0,0
2026-06-16 19:30:00,2026-06-16 17:30:00,1.16167,1.16178,1.16135,1.16140,956,0,0
2026-06-16 19:45:00,2026-06-16 17:45:00,1.16139,1.16149,1.16115,1.16132,915,0,0
2026-06-16 20:00:00,2026-06-16 18:00:00,1.16132,1.16138,1.16114,1.16121,730,0,0
2026-06-16 20:15:00,2026-06-16 18:15:00,1.16122,1.16132,1.16107,1.16120,672,0,0
2026-06-16 20:30:00,2026-06-16 18:30:00,1.16121,1.16131,1.16107,1.16123,684,0,0
2026-06-16 20:45:00,2026-06-16 18:45:00,1.16124,1.16128,1.16108,1.16114,660,0,0
2026-06-16 21:00:00,2026-06-16 19:00:00,1.16114,1.16142,1.16106,1.16114,695,0,0
2026-06-16 21:15:00,2026-06-16 19:15:00,1.16114,1.16120,1.16095,1.16102,547,0,0
2026-06-16 21:30:00,2026-06-16 19:30:00,1.16103,1.16110,1.16064,1.16072,665,0,0
2026-06-16 21:45:00,2026-06-16 19:45:00,1.16069,1.16114,1.16063,1.16106,634,0,0
2026-06-16 22:00:00,2026-06-16 20:00:00,1.16106,1.16139,1.16105,1.16112,841,0,0
2026-06-16 22:15:00,2026-06-16 20:15:00,1.16113,1.16122,1.16105,1.16117,861,0,0
2026-06-16 22:30:00,2026-06-16 20:30:00,1.16116,1.16118,1.16075,1.16079,680,0,0
2026-06-16 22:45:00,2026-06-16 20:45:00,1.16079,1.16094,1.16058,1.16082,786,0,0
2026-06-16 23:00:00,2026-06-16 21:00:00,1.16082,1.16086,1.16068,1.16075,455,0,0
2026-06-16 23:15:00,2026-06-16 21:15:00,1.16076,1.16098,1.16075,1.16093,314,0,0
2026-06-16 23:30:00,2026-06-16 21:30:00,1.16094,1.16094,1.16065,1.16070,280,0,0
2026-06-16 23:45:00,2026-06-16 21:45:00,1.16068,1.16089,1.16065,1.16082,400,0,0
2026-06-17 00:00:00,2026-06-16 22:00:00,1.16044,1.16065,1.16042,1.16061,106,69,0
2026-06-17 00:15:00,2026-06-16 22:15:00,1.16062,1.16115,1.16061,1.16113,546,26,0
2026-06-17 00:30:00,2026-06-16 22:30:00,1.16107,1.16107,1.16059,1.16071,297,24,0
2026-06-17 00:45:00,2026-06-16 22:45:00,1.16070,1.16077,1.16065,1.16067,114,27,0
2026-06-17 01:00:00,2026-06-16 23:00:00,1.16079,1.16108,1.16077,1.16100,215,4,0
2026-06-17 01:15:00,2026-06-16 23:15:00,1.16100,1.16107,1.16097,1.16102,312,3,0
2026-06-17 01:30:00,2026-06-16 23:30:00,1.16108,1.16126,1.16104,1.16125,294,0,0
2026-06-17 01:45:00,2026-06-16 23:45:00,1.16124,1.16129,1.16122,1.16124,128,2,0
2026-06-17 02:00:00,2026-06-17 00:00:00,1.16124,1.16142,1.16118,1.16135,232,2,0
2026-06-17 02:15:00,2026-06-17 00:15:00,1.16135,1.16142,1.16129,1.16140,290,2,0
2026-06-17 02:30:00,2026-06-17 00:30:00,1.16141,1.16147,1.16122,1.16131,290,0,0
2026-06-17 02:45:00,2026-06-17 00:45:00,1.16132,1.16133,1.16089,1.16098,490,0,0
2026-06-17 03:00:00,2026-06-17 01:00:00,1.16097,1.16142,1.16087,1.16134,625,0,0
2026-06-17 03:15:00,2026-06-17 01:15:00,1.16134,1.16167,1.16134,1.16154,624,0,0
2026-06-17 03:30:00,2026-06-17 01:30:00,1.16151,1.16160,1.16143,1.16153,520,0,0
2026-06-17 03:45:00,2026-06-17 01:45:00,1.16155,1.16155,1.16124,1.16146,483,0,0
2026-06-17 04:00:00,2026-06-17 02:00:00,1.16146,1.16161,1.16137,1.16141,668,0,0
2026-06-17 04:15:00,2026-06-17 02:15:00,1.16140,1.16144,1.16120,1.16121,581,0,0
2026-06-17 04:30:00,2026-06-17 02:30:00,1.16121,1.16134,1.16102,1.16132,470,0,0
2026-06-17 04:45:00,2026-06-17 02:45:00,1.16132,1.16142,1.16114,1.16124,424,0,0
2026-06-17 05:00:00,2026-06-17 03:00:00,1.16124,1.16131,1.16121,1.16126,366,0,0
2026-06-17 05:15:00,2026-06-17 03:15:00,1.16124,1.16151,1.16118,1.16138,337,0,0
2026-06-17 05:30:00,2026-06-17 03:30:00,1.16138,1.16141,1.16123,1.16128,294,0,0
2026-06-17 05:45:00,2026-06-17 03:45:00,1.16127,1.16127,1.16093,1.16093,310,0,0
2026-06-17 06:00:00,2026-06-17 04:00:00,1.16094,1.16113,1.16083,1.16111,437,0,0
2026-06-17 06:15:00,2026-06-17 04:15:00,1.16111,1.16112,1.16092,1.16105,381,0,0
2026-06-17 06:30:00,2026-06-17 04:30:00,1.16105,1.16122,1.16102,1.16110,364,0,0
2026-06-17 06:45:00,2026-06-17 04:45:00,1.16110,1.16117,1.16102,1.16104,339,0,0
2026-06-17 07:00:00,2026-06-17 05:00:00,1.16104,1.16132,1.16099,1.16124,400,0,0
2026-06-17 07:15:00,2026-06-17 05:15:00,1.16124,1.16136,1.16114,1.16115,306,0,0
2026-06-17 07:30:00,2026-06-17 05:30:00,1.16116,1.16123,1.16106,1.16114,293,0,0
2026-06-17 07:45:00,2026-06-17 05:45:00,1.16113,1.16130,1.16111,1.16123,323,0,0
2026-06-17 08:00:00,2026-06-17 06:00:00,1.16123,1.16138,1.16113,1.16120,435,0,0
2026-06-17 08:15:00,2026-06-17 06:15:00,1.16121,1.16145,1.16114,1.16123,473,0,0
2026-06-17 08:30:00,2026-06-17 06:30:00,1.16124,1.16144,1.16115,1.16142,489,0,0
2026-06-17 08:45:00,2026-06-17 06:45:00,1.16142,1.16152,1.16104,1.16121,490,0,0
2026-06-17 09:00:00,2026-06-17 07:00:00,1.16121,1.16148,1.16095,1.16116,776,0,0
2026-06-17 09:15:00,2026-06-17 07:15:00,1.16114,1.16119,1.16059,1.16059,797,0,0
2026-06-17 09:30:00,2026-06-17 07:30:00,1.16059,1.16075,1.16038,1.16073,742,0,0
2026-06-17 09:45:00,2026-06-17 07:45:00,1.16072,1.16087,1.16054,1.16079,725,0,0
2026-06-17 10:00:00,2026-06-17 08:00:00,1.16078,1.16142,1.16066,1.16140,991,0,0
2026-06-17 10:15:00,2026-06-17 08:15:00,1.16139,1.16150,1.16068,1.16068,819,0,0
2026-06-17 10:30:00,2026-06-17 08:30:00,1.16068,1.16088,1.16044,1.16058,853,0,0
2026-06-17 10:45:00,2026-06-17 08:45:00,1.16058,1.16092,1.16048,1.16085,748,0,0
2026-06-17 11:00:00,2026-06-17 09:00:00,1.16084,1.16086,1.16007,1.16045,815,0,0
2026-06-17 11:15:00,2026-06-17 09:15:00,1.16046,1.16052,1.15979,1.16022,896,0,0
2026-06-17 11:30:00,2026-06-17 09:30:00,1.16022,1.16033,1.16005,1.16013,814,0,0
2026-06-17 11:45:00,2026-06-17 09:45:00,1.16013,1.16030,1.16000,1.16021,749,0,0
2026-06-17 12:00:00,2026-06-17 10:00:00,1.16021,1.16035,1.16007,1.16015,636,0,0
2026-06-17 12:15:00,2026-06-17 10:15:00,1.16015,1.16059,1.16013,1.16047,697,0,0
2026-06-17 12:30:00,2026-06-17 10:30:00,1.16049,1.16058,1.16017,1.16019,542,0,0
2026-06-17 12:45:00,2026-06-17 10:45:00,1.16017,1.16043,1.16013,1.16039,578,0,0
2026-06-17 13:00:00,2026-06-17 11:00:00,1.16039,1.16048,1.16018,1.16042,731,0,0
2026-06-17 13:15:00,2026-06-17 11:15:00,1.16042,1.16043,1.15957,1.15961,631,0,0
2026-06-17 13:30:00,2026-06-17 11:30:00,1.15962,1.16004,1.15960,1.15984,667,0,0
2026-06-17 13:45:00,2026-06-17 11:45:00,1.15984,1.16009,1.15956,1.15970,762,0,0
2026-06-17 14:00:00,2026-06-17 12:00:00,1.15971,1.15973,1.15910,1.15917,691,0,0
2026-06-17 14:15:00,2026-06-17 12:15:00,1.15916,1.15952,1.15895,1.15898,705,0,0
2026-06-17 14:30:00,2026-06-17 12:30:00,1.15899,1.15902,1.15855,1.15866,869,0,0
2026-06-17 14:45:00,2026-06-17 12:45:00,1.15867,1.15914,1.15865,1.15914,810,0,0
2026-06-17 15:00:00,2026-06-17 13:00:00,1.15917,1.15943,1.15905,1.15921,943,0,0
2026-06-17 15:15:00,2026-06-17 13:15:00,1.15921,1.15982,1.15910,1.15967,811,0,0
2026-06-17 15:30:00,2026-06-17 13:30:00,1.15961,1.15995,1.15933,1.15975,907,0,0
2026-06-17 15:45:00,2026-06-17 13:45:00,1.15975,1.16029,1.15973,1.16021,838,0,0
2026-06-17 16:00:00,2026-06-17 14:00:00,1.16019,1.16023,1.15978,1.16012,927,0,0
2026-06-17 16:15:00,2026-06-17 14:15:00,1.16010,1.16028,1.15979,1.15983,837,0,0
2026-06-17 16:30:00,2026-06-17 14:30:00,1.15984,1.15998,1.15955,1.15977,1233,0,0
2026-06-17 16:45:00,2026-06-17 14:45:00,1.15975,1.16016,1.15956,1.15971,1187,0,0
2026-06-17 17:00:00,2026-06-17 15:00:00,1.15971,1.15986,1.15921,1.15928,1238,0,0
2026-06-17 17:15:00,2026-06-17 15:15:00,1.15927,1.15946,1.15901,1.15928,1092,0,0
2026-06-17 17:30:00,2026-06-17 15:30:00,1.15927,1.15958,1.15912,1.15927,1121,0,0
2026-06-17 17:45:00,2026-06-17 15:45:00,1.15926,1.15933,1.15812,1.15893,1727,0,0
2026-06-17 18:00:00,2026-06-17 16:00:00,1.15895,1.15921,1.15870,1.15904,1207,0,0
2026-06-17 18:15:00,2026-06-17 16:15:00,1.15903,1.15942,1.15898,1.15926,1140,0,0
2026-06-17 18:30:00,2026-06-17 16:30:00,1.15923,1.15940,1.15893,1.15930,924,0,0
2026-06-17 18:45:00,2026-06-17 16:45:00,1.15930,1.15940,1.15915,1.15926,715,0,0
2026-06-17 19:00:00,2026-06-17 17:00:00,1.15926,1.15934,1.15891,1.15895,926,0,0
2026-06-17 19:15:00,2026-06-17 17:15:00,1.15895,1.15933,1.15895,1.15917,621,0,0
2026-06-17 19:30:00,2026-06-17 17:30:00,1.15919,1.15922,1.15887,1.15903,718,0,0
2026-06-17 19:45:00,2026-06-17 17:45:00,1.15903,1.15930,1.15896,1.15917,569,0,0
2026-06-17 20:00:00,2026-06-17 18:00:00,1.15917,1.15919,1.15879,1.15908,781,0,0
2026-06-17 20:15:00,2026-06-17 18:15:00,1.15907,1.15919,1.15899,1.15907,688,0,0
2026-06-17 20:30:00,2026-06-17 18:30:00,1.15908,1.15936,1.15903,1.15930,704,0,0
2026-06-17 20:45:00,2026-06-17 18:45:00,1.15930,1.15963,1.15922,1.15953,716,0,0
2026-06-17 21:00:00,2026-06-17 19:00:00,1.15950,1.15950,1.15418,1.15448,2545,0,0
2026-06-17 21:15:00,2026-06-17 19:15:00,1.15450,1.15564,1.15447,1.15489,2210,0,0
2026-06-17 21:30:00,2026-06-17 19:30:00,1.15489,1.15663,1.15355,1.15626,2904,0,0
2026-06-17 21:45:00,2026-06-17 19:45:00,1.15626,1.15634,1.15369,1.15389,2741,0,0
2026-06-17 22:00:00,2026-06-17 20:00:00,1.15389,1.15420,1.15053,1.15160,2859,0,0
2026-06-17 22:15:00,2026-06-17 20:15:00,1.15161,1.15164,1.14957,1.14964,2590,0,0
2026-06-17 22:30:00,2026-06-17 20:30:00,1.14960,1.14975,1.14779,1.14839,2725,0,0
2026-06-17 22:45:00,2026-06-17 20:45:00,1.14840,1.14973,1.14840,1.14942,2274,0,0
2026-06-17 23:00:00,2026-06-17 21:00:00,1.14943,1.14975,1.14869,1.14911,1102,0,0
2026-06-17 23:15:00,2026-06-17 21:15:00,1.14910,1.14999,1.14891,1.14997,915,0,0
2026-06-17 23:30:00,2026-06-17 21:30:00,1.14996,1.15054,1.14987,1.15018,770,0,0
2026-06-17 23:45:00,2026-06-17 21:45:00,1.15019,1.15033,1.15000,1.15016,620,0,0
2026-06-18 00:00:00,2026-06-17 22:00:00,1.14982,1.15017,1.14982,1.15000,148,12,0
2026-06-18 00:15:00,2026-06-17 22:15:00,1.15000,1.15016,1.14990,1.15016,92,34,0
2026-06-18 00:30:00,2026-06-17 22:30:00,1.15017,1.15017,1.14992,1.15009,198,12,0
2026-06-18 00:45:00,2026-06-17 22:45:00,1.15007,1.15036,1.15007,1.15019,229,12,0
2026-06-18 01:00:00,2026-06-17 23:00:00,1.15025,1.15050,1.15008,1.15030,632,0,0
2026-06-18 01:15:00,2026-06-17 23:15:00,1.15030,1.15040,1.15015,1.15021,495,0,0
2026-06-18 01:30:00,2026-06-17 23:30:00,1.15020,1.15054,1.15017,1.15043,461,0,0
2026-06-18 01:45:00,2026-06-17 23:45:00,1.15043,1.15058,1.15030,1.15045,477,0,0
2026-06-18 02:00:00,2026-06-18 00:00:00,1.15045,1.15079,1.15043,1.15074,337,0,0
2026-06-18 02:15:00,2026-06-18 00:15:00,1.15074,1.15087,1.15059,1.15064,469,0,0
2026-06-18 02:30:00,2026-06-18 00:30:00,1.15065,1.15071,1.15037,1.15071,609,0,0
2026-06-18 02:45:00,2026-06-18 00:45:00,1.15071,1.15076,1.15058,1.15070,655,0,0
2026-06-18 03:00:00,2026-06-18 01:00:00,1.15069,1.15207,1.15069,1.15115,1430,0,0
2026-06-18 03:15:00,2026-06-18 01:15:00,1.15116,1.15137,1.15089,1.15104,1045,0,0
2026-06-18 03:30:00,2026-06-18 01:30:00,1.15104,1.15128,1.15096,1.15111,818,0,0
2026-06-18 03:45:00,2026-06-18 01:45:00,1.15111,1.15167,1.15091,1.15155,1125,0,0
2026-06-18 04:00:00,2026-06-18 02:00:00,1.15155,1.15203,1.15152,1.15196,945,0,0
2026-06-18 04:15:00,2026-06-18 02:15:00,1.15196,1.15220,1.15183,1.15212,797,0,0
2026-06-18 04:30:00,2026-06-18 02:30:00,1.15213,1.15225,1.15198,1.15215,637,0,0
2026-06-18 04:45:00,2026-06-18 02:45:00,1.15215,1.15216,1.15159,1.15166,808,0,0
2026-06-18 05:00:00,2026-06-18 03:00:00,1.15167,1.15183,1.15139,1.15144,700,0,0
2026-06-18 05:15:00,2026-06-18 03:15:00,1.15145,1.15165,1.15129,1.15163,550,0,0
2026-06-18 05:30:00,2026-06-18 03:30:00,1.15163,1.15201,1.15154,1.15200,530,0,0
2026-06-18 05:45:00,2026-06-18 03:45:00,1.15200,1.15209,1.15178,1.15178,540,0,0
2026-06-18 06:00:00,2026-06-18 04:00:00,1.15178,1.15194,1.15178,1.15193,552,0,0
2026-06-18 06:15:00,2026-06-18 04:15:00,1.15193,1.15234,1.15188,1.15227,478,0,0
2026-06-18 06:30:00,2026-06-18 04:30:00,1.15227,1.15244,1.15210,1.15225,456,0,0
2026-06-18 06:45:00,2026-06-18 04:45:00,1.15225,1.15241,1.15218,1.15235,411,0,0
2026-06-18 07:00:00,2026-06-18 05:00:00,1.15236,1.15262,1.15207,1.15207,610,0,0
2026-06-18 07:15:00,2026-06-18 05:15:00,1.15207,1.15233,1.15206,1.15227,581,0,0
2026-06-18 07:30:00,2026-06-18 05:30:00,1.15224,1.15252,1.15215,1.15235,606,0,0
2026-06-18 07:45:00,2026-06-18 05:45:00,1.15236,1.15250,1.15230,1.15230,596,0,0
2026-06-18 08:00:00,2026-06-18 06:00:00,1.15230,1.15250,1.15217,1.15225,628,0,0
2026-06-18 08:15:00,2026-06-18 06:15:00,1.15224,1.15225,1.15177,1.15179,672,0,0
2026-06-18 08:30:00,2026-06-18 06:30:00,1.15178,1.15186,1.15158,1.15175,666,0,0
2026-06-18 08:45:00,2026-06-18 06:45:00,1.15173,1.15177,1.15103,1.15107,686,0,0
2026-06-18 09:00:00,2026-06-18 07:00:00,1.15107,1.15235,1.15105,1.15228,1204,0,0
2026-06-18 09:15:00,2026-06-18 07:15:00,1.15228,1.15273,1.15195,1.15272,1144,0,0
2026-06-18 09:30:00,2026-06-18 07:30:00,1.15271,1.15284,1.15193,1.15255,1161,0,0
2026-06-18 09:45:00,2026-06-18 07:45:00,1.15256,1.15258,1.15189,1.15196,1087,0,0
2026-06-18 10:00:00,2026-06-18 08:00:00,1.15195,1.15226,1.15119,1.15126,1245,0,0
2026-06-18 10:15:00,2026-06-18 08:15:00,1.15126,1.15152,1.15076,1.15106,1069,0,0
2026-06-18 10:30:00,2026-06-18 08:30:00,1.15107,1.15154,1.15062,1.15151,1188,0,0
2026-06-18 10:45:00,2026-06-18 08:45:00,1.15155,1.15208,1.15125,1.15127,1156,0,0
2026-06-18 11:00:00,2026-06-18 09:00:00,1.15127,1.15140,1.15051,1.15054,1343,0,0
2026-06-18 11:15:00,2026-06-18 09:15:00,1.15053,1.15077,1.15010,1.15023,1115,0,0
2026-06-18 11:30:00,2026-06-18 09:30:00,1.15026,1.15037,1.14925,1.14926,1348,0,0
2026-06-18 11:45:00,2026-06-18 09:45:00,1.14926,1.14929,1.14823,1.14826,1343,0,0
2026-06-18 12:00:00,2026-06-18 10:00:00,1.14833,1.14859,1.14748,1.14760,1689,0,0
2026-06-18 12:15:00,2026-06-18 10:15:00,1.14760,1.14819,1.14754,1.14762,1226,0,0
2026-06-18 12:30:00,2026-06-18 10:30:00,1.14762,1.14835,1.14747,1.14812,1040,0,0
2026-06-18 12:45:00,2026-06-18 10:45:00,1.14813,1.14834,1.14767,1.14767,891,0,0
2026-06-18 13:00:00,2026-06-18 11:00:00,1.14766,1.14774,1.14620,1.14705,1543,0,0
2026-06-18 13:15:00,2026-06-18 11:15:00,1.14706,1.14745,1.14665,1.14712,1239,0,0
2026-06-18 13:30:00,2026-06-18 11:30:00,1.14714,1.14727,1.14625,1.14636,1144,0,0
2026-06-18 13:45:00,2026-06-18 11:45:00,1.14638,1.14659,1.14596,1.14607,1173,0,0
2026-06-18 14:00:00,2026-06-18 12:00:00,1.14608,1.14670,1.14583,1.14599,1333,0,0
2026-06-18 14:15:00,2026-06-18 12:15:00,1.14599,1.14653,1.14543,1.14623,1384,0,0
2026-06-18 14:30:00,2026-06-18 12:30:00,1.14623,1.14654,1.14581,1.14595,1239,0,0
2026-06-18 14:45:00,2026-06-18 12:45:00,1.14595,1.14609,1.14557,1.14574,1023,0,0
2026-06-18 15:00:00,2026-06-18 13:00:00,1.14574,1.14697,1.14531,1.14691,1423,0,0
2026-06-18 15:15:00,2026-06-18 13:15:00,1.14690,1.14817,1.14649,1.14704,1623,0,0
2026-06-18 15:30:00,2026-06-18 13:30:00,1.14708,1.14732,1.14641,1.14649,1368,0,0
2026-06-18 15:45:00,2026-06-18 13:45:00,1.14648,1.14719,1.14643,1.14694,1390,0,0
2026-06-18 16:00:00,2026-06-18 14:00:00,1.14694,1.14709,1.14630,1.14704,1671,0,0
2026-06-18 16:15:00,2026-06-18 14:15:00,1.14698,1.14721,1.14630,1.14714,1521,0,0
2026-06-18 16:30:00,2026-06-18 14:30:00,1.14714,1.14840,1.14708,1.14761,1811,0,0
2026-06-18 16:45:00,2026-06-18 14:45:00,1.14760,1.14772,1.14707,1.14722,1602,0,0
2026-06-18 17:00:00,2026-06-18 15:00:00,1.14721,1.14742,1.14678,1.14719,1514,0,0
2026-06-18 17:15:00,2026-06-18 15:15:00,1.14720,1.14776,1.14696,1.14747,1473,0,0
2026-06-18 17:30:00,2026-06-18 15:30:00,1.14746,1.14755,1.14695,1.14708,1417,0,0
2026-06-18 17:45:00,2026-06-18 15:45:00,1.14708,1.14875,1.14708,1.14864,1480,0,0
2026-06-18 18:00:00,2026-06-18 16:00:00,1.14865,1.14877,1.14781,1.14783,1528,0,0
2026-06-18 18:15:00,2026-06-18 16:15:00,1.14784,1.14811,1.14757,1.14778,1235,0,0
2026-06-18 18:30:00,2026-06-18 16:30:00,1.14778,1.14784,1.14711,1.14740,1524,0,0
2026-06-18 18:45:00,2026-06-18 16:45:00,1.14741,1.14771,1.14689,1.14691,1237,0,0
2026-06-18 19:00:00,2026-06-18 17:00:00,1.14693,1.14720,1.14654,1.14670,1487,0,0
2026-06-18 19:15:00,2026-06-18 17:15:00,1.14669,1.14713,1.14633,1.14702,1199,0,0
2026-06-18 19:30:00,2026-06-18 17:30:00,1.14702,1.14706,1.14639,1.14668,1050,0,0
2026-06-18 19:45:00,2026-06-18 17:45:00,1.14669,1.14675,1.14617,1.14654,1017,0,0
2026-06-18 20:00:00,2026-06-18 18:00:00,1.14655,1.14721,1.14632,1.14713,1078,0,0
2026-06-18 20:15:00,2026-06-18 18:15:00,1.14713,1.14736,1.14705,1.14714,711,0,0
2026-06-18 20:30:00,2026-06-18 18:30:00,1.14714,1.14715,1.14650,1.14662,863,0,0
2026-06-18 20:45:00,2026-06-18 18:45:00,1.14662,1.14662,1.14624,1.14626,839,0,0
2026-06-18 21:00:00,2026-06-18 19:00:00,1.14627,1.14654,1.14604,1.14641,904,0,0
2026-06-18 21:15:00,2026-06-18 19:15:00,1.14640,1.14658,1.14625,1.14630,838,0,0
2026-06-18 21:30:00,2026-06-18 19:30:00,1.14629,1.14652,1.14619,1.14642,636,0,0
2026-06-18 21:45:00,2026-06-18 19:45:00,1.14643,1.14646,1.14589,1.14593,989,0,0
2026-06-18 22:00:00,2026-06-18 20:00:00,1.14596,1.14600,1.14530,1.14558,1257,0,0
2026-06-18 22:15:00,2026-06-18 20:15:00,1.14559,1.14563,1.14512,1.14522,1056,0,0
2026-06-18 22:30:00,2026-06-18 20:30:00,1.14522,1.14604,1.14520,1.14584,1240,0,0
2026-06-18 22:45:00,2026-06-18 20:45:00,1.14584,1.14627,1.14573,1.14576,1072,0,0
2026-06-18 23:00:00,2026-06-18 21:00:00,1.14580,1.14628,1.14557,1.14622,723,0,0
2026-06-18 23:15:00,2026-06-18 21:15:00,1.14623,1.14633,1.14604,1.14622,453,0,0
2026-06-18 23:30:00,2026-06-18 21:30:00,1.14622,1.14625,1.14589,1.14591,374,0,0
2026-06-18 23:45:00,2026-06-18 21:45:00,1.14587,1.14590,1.14568,1.14572,460,0,0
2026-06-19 00:00:00,2026-06-18 22:00:00,1.14611,1.14647,1.14536,1.14567,219,18,0
2026-06-19 00:15:00,2026-06-18 22:15:00,1.14568,1.14580,1.14565,1.14576,91,34,0
2026-06-19 00:30:00,2026-06-18 22:30:00,1.14576,1.14608,1.14575,1.14585,165,34,0
2026-06-19 00:45:00,2026-06-18 22:45:00,1.14587,1.14611,1.14582,1.14592,262,39,0
2026-06-19 01:00:00,2026-06-18 23:00:00,1.14609,1.14631,1.14587,1.14620,616,4,0
2026-06-19 01:15:00,2026-06-18 23:15:00,1.14621,1.14622,1.14589,1.14599,387,0,0
2026-06-19 01:30:00,2026-06-18 23:30:00,1.14600,1.14608,1.14598,1.14606,272,0,0
2026-06-19 01:45:00,2026-06-18 23:45:00,1.14607,1.14634,1.14603,1.14634,479,0,0
2026-06-19 02:00:00,2026-06-19 00:00:00,1.14634,1.14634,1.14604,1.14616,418,0,0
2026-06-19 02:15:00,2026-06-19 00:15:00,1.14615,1.14620,1.14600,1.14606,377,0,0
2026-06-19 02:30:00,2026-06-19 00:30:00,1.14605,1.14611,1.14596,1.14598,308,0,0
2026-06-19 02:45:00,2026-06-19 00:45:00,1.14597,1.14603,1.14571,1.14584,370,0,0
2026-06-19 03:00:00,2026-06-19 01:00:00,1.14584,1.14646,1.14582,1.14621,722,0,0
2026-06-19 03:15:00,2026-06-19 01:15:00,1.14626,1.14640,1.14604,1.14608,657,0,0
2026-06-19 03:30:00,2026-06-19 01:30:00,1.14608,1.14658,1.14606,1.14626,759,0,0
2026-06-19 03:45:00,2026-06-19 01:45:00,1.14625,1.14646,1.14617,1.14617,697,0,0
2026-06-19 04:00:00,2026-06-19 02:00:00,1.14618,1.14634,1.14603,1.14609,767,0,0
2026-06-19 04:15:00,2026-06-19 02:15:00,1.14609,1.14619,1.14592,1.14612,564,0,0
2026-06-19 04:30:00,2026-06-19 02:30:00,1.14612,1.14613,1.14578,1.14581,585,0,0
2026-06-19 04:45:00,2026-06-19 02:45:00,1.14582,1.14583,1.14527,1.14533,592,0,0
2026-06-19 05:00:00,2026-06-19 03:00:00,1.14533,1.14545,1.14516,1.14533,672,0,0
2026-06-19 05:15:00,2026-06-19 03:15:00,1.14533,1.14574,1.14522,1.14571,604,0,0
2026-06-19 05:30:00,2026-06-19 03:30:00,1.14571,1.14579,1.14561,1.14572,499,0,0
2026-06-19 05:45:00,2026-06-19 03:45:00,1.14571,1.14572,1.14540,1.14546,456,0,0
2026-06-19 06:00:00,2026-06-19 04:00:00,1.14546,1.14547,1.14500,1.14503,616,0,0
2026-06-19 06:15:00,2026-06-19 04:15:00,1.14504,1.14505,1.14435,1.14437,943,0,0
2026-06-19 06:30:00,2026-06-19 04:30:00,1.14437,1.14465,1.14435,1.14459,746,0,0
2026-06-19 06:45:00,2026-06-19 04:45:00,1.14459,1.14461,1.14417,1.14424,677,0,0
2026-06-19 07:00:00,2026-06-19 05:00:00,1.14424,1.14429,1.14388,1.14411,809,0,0
2026-06-19 07:15:00,2026-06-19 05:15:00,1.14413,1.14413,1.14378,1.14396,635,0,0
2026-06-19 07:30:00,2026-06-19 05:30:00,1.14398,1.14435,1.14353,1.14356,822,0,0
2026-06-19 07:45:00,2026-06-19 05:45:00,1.14356,1.14356,1.14273,1.14288,863,0,0
2026-06-19 08:00:00,2026-06-19 06:00:00,1.14287,1.14292,1.14231,1.14248,1111,0,0
2026-06-19 08:15:00,2026-06-19 06:15:00,1.14247,1.14252,1.14177,1.14225,971,0,0
2026-06-19 08:30:00,2026-06-19 06:30:00,1.14226,1.14261,1.14187,1.14231,964,0,0
2026-06-19 08:45:00,2026-06-19 06:45:00,1.14231,1.14337,1.14230,1.14309,945,0,0
2026-06-19 09:00:00,2026-06-19 07:00:00,1.14308,1.14361,1.14300,1.14342,1172,0,0
2026-06-19 09:15:00,2026-06-19 07:15:00,1.14343,1.14390,1.14325,1.14372,1020,0,0
2026-06-19 09:30:00,2026-06-19 07:30:00,1.14369,1.14378,1.14289,1.14336,1034,0,0
2026-06-19 09:45:00,2026-06-19 07:45:00,1.14336,1.14423,1.14326,1.14421,812,0,0
2026-06-19 10:00:00,2026-06-19 08:00:00,1.14420,1.14491,1.14416,1.14440,1105,0,0
2026-06-19 10:15:00,2026-06-19 08:15:00,1.14439,1.14475,1.14420,1.14459,1088,0,0
2026-06-19 10:30:00,2026-06-19 08:30:00,1.14459,1.14488,1.14438,1.14466,882,0,0
2026-06-19 10:45:00,2026-06-19 08:45:00,1.14465,1.14488,1.14449,1.14465,802,0,0
2026-06-19 11:00:00,2026-06-19 09:00:00,1.14466,1.14554,1.14462,1.14501,1060,0,0
2026-06-19 11:15:00,2026-06-19 09:15:00,1.14496,1.14604,1.14491,1.14578,1004,0,0
2026-06-19 11:30:00,2026-06-19 09:30:00,1.14578,1.14660,1.14572,1.14641,1030,0,0
2026-06-19 11:45:00,2026-06-19 09:45:00,1.14640,1.14644,1.14613,1.14644,815,0,0
2026-06-19 12:00:00,2026-06-19 10:00:00,1.14644,1.14644,1.14583,1.14619,974,0,0
2026-06-19 12:15:00,2026-06-19 10:15:00,1.14618,1.14635,1.14598,1.14605,794,0,0
2026-06-19 12:30:00,2026-06-19 10:30:00,1.14604,1.14646,1.14603,1.14631,727,0,0
2026-06-19 12:45:00,2026-06-19 10:45:00,1.14629,1.14632,1.14592,1.14594,832,0,0
2026-06-19 13:00:00,2026-06-19 11:00:00,1.14593,1.14622,1.14589,1.14591,855,0,0
2026-06-19 13:15:00,2026-06-19 11:15:00,1.14590,1.14595,1.14524,1.14563,1018,0,0
2026-06-19 13:30:00,2026-06-19 11:30:00,1.14562,1.14598,1.14551,1.14591,790,0,0
2026-06-19 13:45:00,2026-06-19 11:45:00,1.14592,1.14634,1.14583,1.14626,969,0,0
2026-06-19 14:00:00,2026-06-19 12:00:00,1.14626,1.14655,1.14615,1.14642,955,0,0
2026-06-19 14:15:00,2026-06-19 12:15:00,1.14641,1.14681,1.14631,1.14633,622,0,0
2026-06-19 14:30:00,2026-06-19 12:30:00,1.14632,1.14646,1.14606,1.14645,678,0,0
2026-06-19 14:45:00,2026-06-19 12:45:00,1.14651,1.14657,1.14590,1.14611,841,0,0
2026-06-19 15:00:00,2026-06-19 13:00:00,1.14612,1.14685,1.14612,1.14663,870,0,0
2026-06-19 15:15:00,2026-06-19 13:15:00,1.14664,1.14675,1.14639,1.14643,722,0,0
2026-06-19 15:30:00,2026-06-19 13:30:00,1.14643,1.14662,1.14623,1.14646,812,0,0
2026-06-19 15:45:00,2026-06-19 13:45:00,1.14647,1.14748,1.14644,1.14712,1492,0,0
2026-06-19 16:00:00,2026-06-19 14:00:00,1.14712,1.14726,1.14626,1.14626,1377,0,0
2026-06-19 16:15:00,2026-06-19 14:15:00,1.14626,1.14646,1.14602,1.14643,954,0,0
2026-06-19 16:30:00,2026-06-19 14:30:00,1.14642,1.14652,1.14568,1.14615,1153,0,0
2026-06-19 16:45:00,2026-06-19 14:45:00,1.14613,1.14660,1.14611,1.14633,1027,0,0
2026-06-19 17:00:00,2026-06-19 15:00:00,1.14631,1.14650,1.14592,1.14594,1109,0,0
2026-06-19 17:15:00,2026-06-19 15:15:00,1.14594,1.14622,1.14579,1.14617,867,0,0
2026-06-19 17:30:00,2026-06-19 15:30:00,1.14619,1.14666,1.14616,1.14653,934,0,0
2026-06-19 17:45:00,2026-06-19 15:45:00,1.14655,1.14702,1.14622,1.14684,1475,0,0
2026-06-19 18:00:00,2026-06-19 16:00:00,1.14685,1.14762,1.14682,1.14700,1188,0,0
2026-06-19 18:15:00,2026-06-19 16:15:00,1.14701,1.14722,1.14689,1.14692,623,0,0
2026-06-19 18:30:00,2026-06-19 16:30:00,1.14691,1.14692,1.14630,1.14641,642,0,0
2026-06-19 18:45:00,2026-06-19 16:45:00,1.14640,1.14666,1.14624,1.14649,559,0,0
2026-06-19 19:00:00,2026-06-19 17:00:00,1.14649,1.14660,1.14636,1.14647,491,0,0
2026-06-19 19:15:00,2026-06-19 17:15:00,1.14648,1.14692,1.14619,1.14687,523,0,0
2026-06-19 19:30:00,2026-06-19 17:30:00,1.14688,1.14689,1.14641,1.14653,447,0,0
2026-06-19 19:45:00,2026-06-19 17:45:00,1.14654,1.14694,1.14649,1.14690,335,0,0
2026-06-19 20:00:00,2026-06-19 18:00:00,1.14691,1.14721,1.14675,1.14688,569,0,0
2026-06-19 20:15:00,2026-06-19 18:15:00,1.14689,1.14700,1.14686,1.14696,461,2,0
2026-06-19 20:30:00,2026-06-19 18:30:00,1.14699,1.14753,1.14691,1.14749,528,3,0
2026-06-19 20:45:00,2026-06-19 18:45:00,1.14750,1.14764,1.14707,1.14750,590,0,0
2026-06-19 21:00:00,2026-06-19 19:00:00,1.14749,1.14756,1.14735,1.14744,380,0,0
2026-06-19 21:15:00,2026-06-19 19:15:00,1.14743,1.14773,1.14742,1.14769,299,2,0
2026-06-19 21:30:00,2026-06-19 19:30:00,1.14768,1.14802,1.14766,1.14802,387,2,0
2026-06-19 21:45:00,2026-06-19 19:45:00,1.14802,1.14806,1.14748,1.14765,625,0,0
2026-06-19 22:00:00,2026-06-19 20:00:00,1.14765,1.14782,1.14761,1.14772,270,1,0
2026-06-19 22:15:00,2026-06-19 20:15:00,1.14771,1.14776,1.14766,1.14776,443,1,0
2026-06-19 22:30:00,2026-06-19 20:30:00,1.14776,1.14781,1.14748,1.14751,206,1,0
2026-06-19 22:45:00,2026-06-19 20:45:00,1.14750,1.14775,1.14748,1.14756,329,1,0
2026-06-19 23:00:00,2026-06-19 21:00:00,1.14756,1.14772,1.14747,1.14762,689,0,0
2026-06-19 23:15:00,2026-06-19 21:15:00,1.14761,1.14762,1.14706,1.14726,591,3,0
2026-06-19 23:30:00,2026-06-19 21:30:00,1.14725,1.14753,1.14724,1.14735,479,3,0
2026-06-19 23:45:00,2026-06-19 21:45:00,1.14734,1.14742,1.14726,1.14729,364,9,0
2026-06-22 00:00:00,2026-06-21 22:00:00,1.14583,1.14613,1.14542,1.14556,104,38,0
2026-06-22 00:15:00,2026-06-21 22:15:00,1.14557,1.14561,1.14538,1.14559,57,77,0
2026-06-22 00:30:00,2026-06-21 22:30:00,1.14559,1.14661,1.14558,1.14646,164,38,0
2026-06-22 00:45:00,2026-06-21 22:45:00,1.14646,1.14659,1.14581,1.14581,147,46,0
2026-06-22 01:00:00,2026-06-21 23:00:00,1.14600,1.14665,1.14557,1.14635,761,6,0
2026-06-22 01:15:00,2026-06-21 23:15:00,1.14638,1.14668,1.14632,1.14637,584,5,0
2026-06-22 01:30:00,2026-06-21 23:30:00,1.14637,1.14642,1.14613,1.14624,353,4,0
2026-06-22 01:45:00,2026-06-21 23:45:00,1.14625,1.14635,1.14617,1.14623,309,3,0
2026-06-22 02:00:00,2026-06-22 00:00:00,1.14623,1.14662,1.14622,1.14644,577,2,0
2026-06-22 02:15:00,2026-06-22 00:15:00,1.14645,1.14648,1.14620,1.14634,458,0,0
2026-06-22 02:30:00,2026-06-22 00:30:00,1.14633,1.14636,1.14587,1.14590,571,0,0
2026-06-22 02:45:00,2026-06-22 00:45:00,1.14591,1.14625,1.14580,1.14624,536,0,0
2026-06-22 03:00:00,2026-06-22 01:00:00,1.14626,1.14652,1.14622,1.14634,1111,0,0
2026-06-22 03:15:00,2026-06-22 01:15:00,1.14635,1.14651,1.14612,1.14628,801,0,0
2026-06-22 03:30:00,2026-06-22 01:30:00,1.14629,1.14633,1.14588,1.14592,734,0,0
2026-06-22 03:45:00,2026-06-22 01:45:00,1.14593,1.14668,1.14577,1.14666,942,0,0
2026-06-22 04:00:00,2026-06-22 02:00:00,1.14675,1.14737,1.14673,1.14714,1291,0,0
2026-06-22 04:15:00,2026-06-22 02:15:00,1.14714,1.14718,1.14664,1.14682,1052,0,0
2026-06-22 04:30:00,2026-06-22 02:30:00,1.14682,1.14683,1.14644,1.14676,888,0,0
2026-06-22 04:45:00,2026-06-22 02:45:00,1.14677,1.14688,1.14637,1.14638,716,0,0
2026-06-22 05:00:00,2026-06-22 03:00:00,1.14641,1.14651,1.14619,1.14619,792,0,0
2026-06-22 05:15:00,2026-06-22 03:15:00,1.14621,1.14634,1.14601,1.14629,661,0,0
2026-06-22 05:30:00,2026-06-22 03:30:00,1.14630,1.14667,1.14630,1.14654,608,0,0
2026-06-22 05:45:00,2026-06-22 03:45:00,1.14654,1.14677,1.14642,1.14654,552,0,0
2026-06-22 06:00:00,2026-06-22 04:00:00,1.14654,1.14669,1.14628,1.14630,623,0,0
2026-06-22 06:15:00,2026-06-22 04:15:00,1.14630,1.14655,1.14622,1.14628,638,0,0
2026-06-22 06:30:00,2026-06-22 04:30:00,1.14629,1.14635,1.14580,1.14588,608,0,0
2026-06-22 06:45:00,2026-06-22 04:45:00,1.14589,1.14622,1.14545,1.14562,675,0,0
2026-06-22 07:00:00,2026-06-22 05:00:00,1.14561,1.14568,1.14527,1.14547,799,0,0
2026-06-22 07:15:00,2026-06-22 05:15:00,1.14548,1.14566,1.14539,1.14554,596,0,0
2026-06-22 07:30:00,2026-06-22 05:30:00,1.14554,1.14567,1.14546,1.14554,579,0,0
2026-06-22 07:45:00,2026-06-22 05:45:00,1.14555,1.14571,1.14531,1.14561,669,0,0
2026-06-22 08:00:00,2026-06-22 06:00:00,1.14564,1.14576,1.14549,1.14573,691,0,0
2026-06-22 08:15:00,2026-06-22 06:15:00,1.14573,1.14596,1.14564,1.14593,647,0,0
2026-06-22 08:30:00,2026-06-22 06:30:00,1.14593,1.14630,1.14590,1.14610,789,0,0
2026-06-22 08:45:00,2026-06-22 06:45:00,1.14610,1.14611,1.14541,1.14543,967,0,0
2026-06-22 09:00:00,2026-06-22 07:00:00,1.14541,1.14578,1.14525,1.14566,1243,0,0
2026-06-22 09:15:00,2026-06-22 07:15:00,1.14566,1.14601,1.14537,1.14582,1039,0,0
2026-06-22 09:30:00,2026-06-22 07:30:00,1.14582,1.14589,1.14532,1.14540,982,0,0
2026-06-22 09:45:00,2026-06-22 07:45:00,1.14540,1.14633,1.14524,1.14602,971,0,0
2026-06-22 10:00:00,2026-06-22 08:00:00,1.14602,1.14627,1.14582,1.14595,1096,0,0
2026-06-22 10:15:00,2026-06-22 08:15:00,1.14595,1.14611,1.14519,1.14519,922,0,0
2026-06-22 10:30:00,2026-06-22 08:30:00,1.14519,1.14520,1.14446,1.14460,1120,0,0
2026-06-22 10:45:00,2026-06-22 08:45:00,1.14461,1.14490,1.14442,1.14459,1052,0,0
2026-06-22 11:00:00,2026-06-22 09:00:00,1.14460,1.14471,1.14414,1.14434,1044,0,0
2026-06-22 11:15:00,2026-06-22 09:15:00,1.14432,1.14533,1.14419,1.14482,1131,0,0
2026-06-22 11:30:00,2026-06-22 09:30:00,1.14481,1.14529,1.14441,1.14474,1092,0,0
2026-06-22 11:45:00,2026-06-22 09:45:00,1.14473,1.14515,1.14470,1.14508,887,0,0
2026-06-22 12:00:00,2026-06-22 10:00:00,1.14514,1.14632,1.14504,1.14580,1198,0,0
2026-06-22 12:15:00,2026-06-22 10:15:00,1.14581,1.14602,1.14558,1.14577,914,0,0
2026-06-22 12:30:00,2026-06-22 10:30:00,1.14579,1.14615,1.14553,1.14561,958,0,0
2026-06-22 12:45:00,2026-06-22 10:45:00,1.14565,1.14622,1.14554,1.14581,780,0,0
2026-06-22 13:00:00,2026-06-22 11:00:00,1.14580,1.14638,1.14565,1.14614,1000,0,0
2026-06-22 13:15:00,2026-06-22 11:15:00,1.14614,1.14617,1.14573,1.14601,860,0,0
2026-06-22 13:30:00,2026-06-22 11:30:00,1.14604,1.14605,1.14548,1.14585,751,0,0
2026-06-22 13:45:00,2026-06-22 11:45:00,1.14586,1.14597,1.14554,1.14563,667,0,0
2026-06-22 14:00:00,2026-06-22 12:00:00,1.14564,1.14604,1.14525,1.14529,1160,0,0
2026-06-22 14:15:00,2026-06-22 12:15:00,1.14529,1.14537,1.14493,1.14522,731,0,0
2026-06-22 14:30:00,2026-06-22 12:30:00,1.14521,1.14549,1.14515,1.14535,638,0,0
2026-06-22 14:45:00,2026-06-22 12:45:00,1.14536,1.14544,1.14476,1.14487,847,0,0
2026-06-22 15:00:00,2026-06-22 13:00:00,1.14488,1.14588,1.14477,1.14570,1160,0,0
2026-06-22 15:15:00,2026-06-22 13:15:00,1.14569,1.14619,1.14548,1.14597,995,0,0
2026-06-22 15:30:00,2026-06-22 13:30:00,1.14596,1.14620,1.14580,1.14606,1047,0,0
2026-06-22 15:45:00,2026-06-22 13:45:00,1.14608,1.14610,1.14548,1.14548,993,0,0
2026-06-22 16:00:00,2026-06-22 14:00:00,1.14548,1.14552,1.14355,1.14447,1978,0,0
2026-06-22 16:15:00,2026-06-22 14:15:00,1.14444,1.14444,1.14348,1.14359,1332,0,0
2026-06-22 16:30:00,2026-06-22 14:30:00,1.14362,1.14430,1.14338,1.14352,1495,0,0
2026-06-22 16:45:00,2026-06-22 14:45:00,1.14350,1.14376,1.14283,1.14286,1514,0,0
2026-06-22 17:00:00,2026-06-22 15:00:00,1.14280,1.14393,1.14256,1.14348,1865,0,0
2026-06-22 17:15:00,2026-06-22 15:15:00,1.14349,1.14388,1.14293,1.14371,1463,0,0
2026-06-22 17:30:00,2026-06-22 15:30:00,1.14372,1.14384,1.14310,1.14360,1627,0,0
2026-06-22 17:45:00,2026-06-22 15:45:00,1.14361,1.14505,1.14359,1.14446,1995,0,0
2026-06-22 18:00:00,2026-06-22 16:00:00,1.14447,1.14503,1.14442,1.14467,1456,0,0
2026-06-22 18:15:00,2026-06-22 16:15:00,1.14467,1.14479,1.14406,1.14413,1214,0,0
2026-06-22 18:30:00,2026-06-22 16:30:00,1.14412,1.14418,1.14376,1.14380,1164,0,0
2026-06-22 18:45:00,2026-06-22 16:45:00,1.14380,1.14380,1.14305,1.14319,1118,0,0
2026-06-22 19:00:00,2026-06-22 17:00:00,1.14319,1.14325,1.14264,1.14281,1086,0,0
2026-06-22 19:15:00,2026-06-22 17:15:00,1.14280,1.14302,1.14265,1.14268,904,0,0
2026-06-22 19:30:00,2026-06-22 17:30:00,1.14268,1.14308,1.14254,1.14268,850,0,0
2026-06-22 19:45:00,2026-06-22 17:45:00,1.14267,1.14321,1.14257,1.14309,758,0,0
2026-06-22 20:00:00,2026-06-22 18:00:00,1.14311,1.14333,1.14299,1.14304,780,0,0
2026-06-22 20:15:00,2026-06-22 18:15:00,1.14304,1.14328,1.14296,1.14297,546,0,0
2026-06-22 20:30:00,2026-06-22 18:30:00,1.14298,1.14307,1.14271,1.14288,621,0,0
2026-06-22 20:45:00,2026-06-22 18:45:00,1.14287,1.14301,1.14283,1.14290,564,0,0
2026-06-22 21:00:00,2026-06-22 19:00:00,1.14289,1.14317,1.14285,1.14303,540,0,0
2026-06-22 21:15:00,2026-06-22 19:15:00,1.14303,1.14306,1.14268,1.14275,547,0,0
2026-06-22 21:30:00,2026-06-22 19:30:00,1.14275,1.14277,1.14244,1.14261,558,0,0
2026-06-22 21:45:00,2026-06-22 19:45:00,1.14261,1.14267,1.14224,1.14244,712,0,0
2026-06-22 22:00:00,2026-06-22 20:00:00,1.14244,1.14255,1.14229,1.14235,660,0,0
2026-06-22 22:15:00,2026-06-22 20:15:00,1.14235,1.14237,1.14210,1.14210,628,0,0
2026-06-22 22:30:00,2026-06-22 20:30:00,1.14211,1.14216,1.14190,1.14195,650,0,0
2026-06-22 22:45:00,2026-06-22 20:45:00,1.14196,1.14256,1.14191,1.14248,660,0,0
2026-06-22 23:00:00,2026-06-22 21:00:00,1.14249,1.14293,1.14247,1.14287,418,0,0
2026-06-22 23:15:00,2026-06-22 21:15:00,1.14287,1.14293,1.14266,1.14274,307,0,0
2026-06-22 23:30:00,2026-06-22 21:30:00,1.14275,1.14277,1.14264,1.14273,293,0,0
2026-06-22 23:45:00,2026-06-22 21:45:00,1.14270,1.14288,1.14259,1.14280,413,0,0
2026-06-23 00:00:00,2026-06-22 22:00:00,1.14190,1.14268,1.14189,1.14236,218,38,0
2026-06-23 00:15:00,2026-06-22 22:15:00,1.14235,1.14275,1.14219,1.14266,178,48,0
2026-06-23 00:30:00,2026-06-22 22:30:00,1.14266,1.14290,1.14237,1.14256,398,34,0
2026-06-23 00:45:00,2026-06-22 22:45:00,1.14255,1.14277,1.14249,1.14273,289,20,0
2026-06-23 01:00:00,2026-06-22 23:00:00,1.14280,1.14287,1.14273,1.14283,380,2,0
2026-06-23 01:15:00,2026-06-22 23:15:00,1.14283,1.14286,1.14264,1.14267,357,0,0
2026-06-23 01:30:00,2026-06-22 23:30:00,1.14266,1.14271,1.14254,1.14260,316,0,0
2026-06-23 01:45:00,2026-06-22 23:45:00,1.14260,1.14276,1.14259,1.14274,283,0,0
2026-06-23 02:00:00,2026-06-23 00:00:00,1.14274,1.14293,1.14272,1.14276,340,0,0
2026-06-23 02:15:00,2026-06-23 00:15:00,1.14276,1.14277,1.14260,1.14266,254,0,0
2026-06-23 02:30:00,2026-06-23 00:30:00,1.14265,1.14273,1.14262,1.14263,225,0,0
2026-06-23 02:45:00,2026-06-23 00:45:00,1.14264,1.14272,1.14256,1.14269,342,0,0
2026-06-23 03:00:00,2026-06-23 01:00:00,1.14268,1.14268,1.14226,1.14226,767,0,0
2026-06-23 03:15:00,2026-06-23 01:15:00,1.14225,1.14255,1.14225,1.14255,708,0,0
2026-06-23 03:30:00,2026-06-23 01:30:00,1.14255,1.14276,1.14243,1.14261,662,0,0
2026-06-23 03:45:00,2026-06-23 01:45:00,1.14260,1.14280,1.14255,1.14270,694,0,0
2026-06-23 04:00:00,2026-06-23 02:00:00,1.14271,1.14279,1.14234,1.14234,760,0,0
2026-06-23 04:15:00,2026-06-23 02:15:00,1.14235,1.14252,1.14225,1.14238,720,0,0
2026-06-23 04:30:00,2026-06-23 02:30:00,1.14238,1.14255,1.14224,1.14253,637,0,0
2026-06-23 04:45:00,2026-06-23 02:45:00,1.14252,1.14283,1.14235,1.14268,750,0,0
2026-06-23 05:00:00,2026-06-23 03:00:00,1.14268,1.14309,1.14263,1.14307,807,0,0
2026-06-23 05:15:00,2026-06-23 03:15:00,1.14307,1.14320,1.14296,1.14300,585,0,0
2026-06-23 05:30:00,2026-06-23 03:30:00,1.14300,1.14307,1.14286,1.14292,530,0,0
2026-06-23 05:45:00,2026-06-23 03:45:00,1.14291,1.14292,1.14255,1.14258,601,0,0
2026-06-23 06:00:00,2026-06-23 04:00:00,1.14258,1.14271,1.14224,1.14245,704,0,0
2026-06-23 06:15:00,2026-06-23 04:15:00,1.14245,1.14264,1.14188,1.14255,782,0,0
2026-06-23 06:30:00,2026-06-23 04:30:00,1.14256,1.14271,1.14239,1.14269,664,0,0
2026-06-23 06:45:00,2026-06-23 04:45:00,1.14269,1.14300,1.14259,1.14296,575,0,0
2026-06-23 07:00:00,2026-06-23 05:00:00,1.14297,1.14301,1.14274,1.14276,687,0,0
2026-06-23 07:15:00,2026-06-23 05:15:00,1.14275,1.14278,1.14244,1.14256,527,0,0
2026-06-23 07:30:00,2026-06-23 05:30:00,1.14256,1.14262,1.14235,1.14251,582,0,0
2026-06-23 07:45:00,2026-06-23 05:45:00,1.14253,1.14257,1.14195,1.14210,551,0,0
2026-06-23 08:00:00,2026-06-23 06:00:00,1.14209,1.14233,1.14190,1.14211,782,0,0
2026-06-23 08:15:00,2026-06-23 06:15:00,1.14211,1.14251,1.14209,1.14243,629,0,0
2026-06-23 08:30:00,2026-06-23 06:30:00,1.14244,1.14259,1.14213,1.14233,721,0,0
2026-06-23 08:45:00,2026-06-23 06:45:00,1.14233,1.14235,1.14193,1.14230,811,0,0
2026-06-23 09:00:00,2026-06-23 07:00:00,1.14230,1.14262,1.14219,1.14256,945,0,0
2026-06-23 09:15:00,2026-06-23 07:15:00,1.14256,1.14302,1.14234,1.14265,1027,0,0
2026-06-23 09:30:00,2026-06-23 07:30:00,1.14266,1.14287,1.14219,1.14220,868,0,0
2026-06-23 09:45:00,2026-06-23 07:45:00,1.14218,1.14248,1.14194,1.14230,1035,0,0
2026-06-23 10:00:00,2026-06-23 08:00:00,1.14229,1.14356,1.14225,1.14303,1497,0,0
2026-06-23 10:15:00,2026-06-23 08:15:00,1.14304,1.14392,1.14304,1.14376,1381,0,0
2026-06-23 10:30:00,2026-06-23 08:30:00,1.14374,1.14374,1.14123,1.14160,1542,0,0
2026-06-23 10:45:00,2026-06-23 08:45:00,1.14160,1.14183,1.14096,1.14118,1257,0,0
2026-06-23 11:00:00,2026-06-23 09:00:00,1.14117,1.14175,1.14097,1.14136,1391,0,0
2026-06-23 11:15:00,2026-06-23 09:15:00,1.14136,1.14140,1.14047,1.14079,1383,0,0
2026-06-23 11:30:00,2026-06-23 09:30:00,1.14079,1.14090,1.14046,1.14066,1198,0,0
2026-06-23 11:45:00,2026-06-23 09:45:00,1.14066,1.14094,1.14058,1.14084,987,0,0
2026-06-23 12:00:00,2026-06-23 10:00:00,1.14083,1.14105,1.14059,1.14095,1073,0,0
2026-06-23 12:15:00,2026-06-23 10:15:00,1.14095,1.14112,1.14066,1.14097,844,0,0
2026-06-23 12:30:00,2026-06-23 10:30:00,1.14098,1.14112,1.14068,1.14082,889,0,0
2026-06-23 12:45:00,2026-06-23 10:45:00,1.14082,1.14114,1.14078,1.14108,694,0,0
2026-06-23 13:00:00,2026-06-23 11:00:00,1.14108,1.14128,1.14062,1.14078,853,0,0
2026-06-23 13:15:00,2026-06-23 11:15:00,1.14079,1.14104,1.14049,1.14051,755,0,0
2026-06-23 13:30:00,2026-06-23 11:30:00,1.14050,1.14072,1.14044,1.14049,773,0,0
2026-06-23 13:45:00,2026-06-23 11:45:00,1.14050,1.14056,1.13955,1.14006,1190,0,0
2026-06-23 14:00:00,2026-06-23 12:00:00,1.14005,1.14026,1.13982,1.14021,938,0,0
2026-06-23 14:15:00,2026-06-23 12:15:00,1.14022,1.14030,1.13952,1.13953,959,0,0
2026-06-23 14:30:00,2026-06-23 12:30:00,1.13952,1.13960,1.13912,1.13936,987,0,0
2026-06-23 14:45:00,2026-06-23 12:45:00,1.13935,1.13941,1.13843,1.13856,1070,0,0
2026-06-23 15:00:00,2026-06-23 13:00:00,1.13858,1.13947,1.13855,1.13875,1224,0,0
2026-06-23 15:15:00,2026-06-23 13:15:00,1.13875,1.13901,1.13825,1.13841,1235,0,0
2026-06-23 15:30:00,2026-06-23 13:30:00,1.13842,1.13917,1.13838,1.13866,1120,0,0
2026-06-23 15:45:00,2026-06-23 13:45:00,1.13868,1.13908,1.13864,1.13889,1087,0,0
2026-06-23 16:00:00,2026-06-23 14:00:00,1.13890,1.13949,1.13856,1.13862,1266,0,0
2026-06-23 16:15:00,2026-06-23 14:15:00,1.13863,1.13940,1.13851,1.13911,1274,0,0
2026-06-23 16:30:00,2026-06-23 14:30:00,1.13911,1.14000,1.13900,1.13970,1705,0,0
2026-06-23 16:45:00,2026-06-23 14:45:00,1.13971,1.13999,1.13889,1.13897,1460,0,0
2026-06-23 17:00:00,2026-06-23 15:00:00,1.13897,1.13912,1.13844,1.13844,1674,0,0
2026-06-23 17:15:00,2026-06-23 15:15:00,1.13843,1.13859,1.13760,1.13796,1453,0,0
2026-06-23 17:30:00,2026-06-23 15:30:00,1.13796,1.13811,1.13763,1.13802,1365,0,0
2026-06-23 17:45:00,2026-06-23 15:45:00,1.13801,1.13849,1.13785,1.13820,1490,0,0
2026-06-23 18:00:00,2026-06-23 16:00:00,1.13821,1.13840,1.13760,1.13827,1330,0,0
2026-06-23 18:15:00,2026-06-23 16:15:00,1.13831,1.13856,1.13804,1.13809,1220,0,0
2026-06-23 18:30:00,2026-06-23 16:30:00,1.13809,1.13849,1.13777,1.13789,1281,0,0
2026-06-23 18:45:00,2026-06-23 16:45:00,1.13790,1.13829,1.13778,1.13829,877,0,0
2026-06-23 19:00:00,2026-06-23 17:00:00,1.13831,1.13837,1.13789,1.13830,1032,0,0
2026-06-23 19:15:00,2026-06-23 17:15:00,1.13831,1.13838,1.13800,1.13800,832,0,0
2026-06-23 19:30:00,2026-06-23 17:30:00,1.13797,1.13838,1.13788,1.13838,724,0,0
2026-06-23 19:45:00,2026-06-23 17:45:00,1.13837,1.13839,1.13786,1.13795,752,0,0
2026-06-23 20:00:00,2026-06-23 18:00:00,1.13794,1.13810,1.13766,1.13795,745,0,0
2026-06-23 20:15:00,2026-06-23 18:15:00,1.13799,1.13807,1.13784,1.13787,669,0,0
2026-06-23 20:30:00,2026-06-23 18:30:00,1.13787,1.13817,1.13784,1.13812,571,0,0
2026-06-23 20:45:00,2026-06-23 18:45:00,1.13812,1.13813,1.13787,1.13796,555,0,0
2026-06-23 21:00:00,2026-06-23 19:00:00,1.13797,1.13807,1.13786,1.13800,512,0,0
2026-06-23 21:15:00,2026-06-23 19:15:00,1.13800,1.13806,1.13788,1.13789,516,0,0
2026-06-23 21:30:00,2026-06-23 19:30:00,1.13790,1.13798,1.13761,1.13763,541,0,0
2026-06-23 21:45:00,2026-06-23 19:45:00,1.13762,1.13790,1.13762,1.13786,649,0,0
2026-06-23 22:00:00,2026-06-23 20:00:00,1.13787,1.13829,1.13787,1.13819,789,0,0
2026-06-23 22:15:00,2026-06-23 20:15:00,1.13820,1.13825,1.13800,1.13813,622,0,0
2026-06-23 22:30:00,2026-06-23 20:30:00,1.13814,1.13820,1.13800,1.13806,617,0,0
2026-06-23 22:45:00,2026-06-23 20:45:00,1.13805,1.13815,1.13789,1.13789,658,0,0
2026-06-23 23:00:00,2026-06-23 21:00:00,1.13787,1.13805,1.13778,1.13797,449,0,0
2026-06-23 23:15:00,2026-06-23 21:15:00,1.13797,1.13802,1.13785,1.13798,271,0,0
2026-06-23 23:30:00,2026-06-23 21:30:00,1.13798,1.13804,1.13789,1.13802,239,0,0
2026-06-23 23:45:00,2026-06-23 21:45:00,1.13801,1.13817,1.13799,1.13815,312,0,0
2026-06-24 00:00:00,2026-06-23 22:00:00,1.13809,1.13829,1.13809,1.13823,546,12,0
2026-06-24 00:15:00,2026-06-23 22:15:00,1.13825,1.13835,1.13820,1.13831,148,12,0
2026-06-24 00:30:00,2026-06-23 22:30:00,1.13832,1.13835,1.13818,1.13829,160,12,0
2026-06-24 00:45:00,2026-06-23 22:45:00,1.13830,1.13837,1.13824,1.13828,208,12,0
2026-06-24 01:00:00,2026-06-23 23:00:00,1.13830,1.13833,1.13783,1.13806,353,0,0
2026-06-24 01:15:00,2026-06-23 23:15:00,1.13805,1.13807,1.13793,1.13796,357,0,0
2026-06-24 01:30:00,2026-06-23 23:30:00,1.13796,1.13811,1.13794,1.13809,339,0,0
2026-06-24 01:45:00,2026-06-23 23:45:00,1.13810,1.13824,1.13810,1.13815,294,0,0
2026-06-24 02:00:00,2026-06-24 00:00:00,1.13814,1.13825,1.13808,1.13817,314,0,0
2026-06-24 02:15:00,2026-06-24 00:15:00,1.13817,1.13822,1.13803,1.13804,258,0,0
2026-06-24 02:30:00,2026-06-24 00:30:00,1.13804,1.13822,1.13789,1.13821,446,0,0
2026-06-24 02:45:00,2026-06-24 00:45:00,1.13822,1.13836,1.13789,1.13791,652,0,0
2026-06-24 03:00:00,2026-06-24 01:00:00,1.13788,1.13822,1.13776,1.13784,1181,0,0
2026-06-24 03:15:00,2026-06-24 01:15:00,1.13783,1.13793,1.13731,1.13745,1113,0,0
2026-06-24 03:30:00,2026-06-24 01:30:00,1.13745,1.13768,1.13733,1.13756,875,0,0
2026-06-24 03:45:00,2026-06-24 01:45:00,1.13755,1.13785,1.13752,1.13763,884,0,0
2026-06-24 04:00:00,2026-06-24 02:00:00,1.13763,1.13765,1.13711,1.13749,923,0,0
2026-06-24 04:15:00,2026-06-24 02:15:00,1.13749,1.13750,1.13708,1.13719,882,0,0
2026-06-24 04:30:00,2026-06-24 02:30:00,1.13718,1.13758,1.13710,1.13744,1002,0,0
2026-06-24 04:45:00,2026-06-24 02:45:00,1.13744,1.13770,1.13732,1.13766,749,0,0
2026-06-24 05:00:00,2026-06-24 03:00:00,1.13766,1.13769,1.13743,1.13759,589,0,0
2026-06-24 05:15:00,2026-06-24 03:15:00,1.13758,1.13767,1.13745,1.13749,708,0,0
2026-06-24 05:30:00,2026-06-24 03:30:00,1.13749,1.13765,1.13730,1.13734,659,0,0
2026-06-24 05:45:00,2026-06-24 03:45:00,1.13734,1.13736,1.13667,1.13675,887,0,0
2026-06-24 06:00:00,2026-06-24 04:00:00,1.13675,1.13686,1.13619,1.13634,1128,0,0
2026-06-24 06:15:00,2026-06-24 04:15:00,1.13635,1.13649,1.13613,1.13649,930,0,0
2026-06-24 06:30:00,2026-06-24 04:30:00,1.13648,1.13688,1.13637,1.13679,753,0,0
2026-06-24 06:45:00,2026-06-24 04:45:00,1.13679,1.13685,1.13669,1.13673,567,0,0
2026-06-24 07:00:00,2026-06-24 05:00:00,1.13672,1.13674,1.13613,1.13629,800,0,0
2026-06-24 07:15:00,2026-06-24 05:15:00,1.13630,1.13671,1.13630,1.13644,645,0,0
2026-06-24 07:30:00,2026-06-24 05:30:00,1.13645,1.13655,1.13635,1.13641,644,0,0
2026-06-24 07:45:00,2026-06-24 05:45:00,1.13642,1.13649,1.13617,1.13630,506,0,0
2026-06-24 08:00:00,2026-06-24 06:00:00,1.13632,1.13675,1.13627,1.13664,611,0,0
2026-06-24 08:15:00,2026-06-24 06:15:00,1.13665,1.13679,1.13652,1.13664,784,0,0
2026-06-24 08:30:00,2026-06-24 06:30:00,1.13664,1.13677,1.13648,1.13650,639,0,0
2026-06-24 08:45:00,2026-06-24 06:45:00,1.13649,1.13683,1.13648,1.13680,678,0,0
2026-06-24 09:00:00,2026-06-24 07:00:00,1.13680,1.13750,1.13672,1.13740,888,0,0
2026-06-24 09:15:00,2026-06-24 07:15:00,1.13739,1.13739,1.13644,1.13653,1116,0,0
2026-06-24 09:30:00,2026-06-24 07:30:00,1.13653,1.13677,1.13637,1.13672,885,0,0
2026-06-24 09:45:00,2026-06-24 07:45:00,1.13672,1.13681,1.13575,1.13597,1169,0,0
2026-06-24 10:00:00,2026-06-24 08:00:00,1.13595,1.13610,1.13516,1.13538,1293,0,0
2026-06-24 10:15:00,2026-06-24 08:15:00,1.13537,1.13573,1.13531,1.13554,1118,0,0
2026-06-24 10:30:00,2026-06-24 08:30:00,1.13553,1.13597,1.13521,1.13592,1105,0,0
2026-06-24 10:45:00,2026-06-24 08:45:00,1.13592,1.13610,1.13515,1.13518,1078,0,0
2026-06-24 11:00:00,2026-06-24 09:00:00,1.13515,1.13560,1.13379,1.13398,1214,0,0
2026-06-24 11:15:00,2026-06-24 09:15:00,1.13398,1.13535,1.13391,1.13530,1351,0,0
2026-06-24 11:30:00,2026-06-24 09:30:00,1.13526,1.13555,1.13437,1.13507,1243,0,0
2026-06-24 11:45:00,2026-06-24 09:45:00,1.13506,1.13551,1.13498,1.13527,1074,0,0
2026-06-24 12:00:00,2026-06-24 10:00:00,1.13527,1.13537,1.13445,1.13514,1203,0,0
2026-06-24 12:15:00,2026-06-24 10:15:00,1.13514,1.13530,1.13457,1.13476,934,0,0
2026-06-24 12:30:00,2026-06-24 10:30:00,1.13475,1.13495,1.13444,1.13452,942,0,0
2026-06-24 12:45:00,2026-06-24 10:45:00,1.13452,1.13500,1.13446,1.13460,839,0,0
2026-06-24 13:00:00,2026-06-24 11:00:00,1.13460,1.13464,1.13400,1.13430,966,0,0
2026-06-24 13:15:00,2026-06-24 11:15:00,1.13430,1.13436,1.13392,1.13406,1001,0,0
2026-06-24 13:30:00,2026-06-24 11:30:00,1.13405,1.13455,1.13389,1.13422,970,0,0
2026-06-24 13:45:00,2026-06-24 11:45:00,1.13421,1.13434,1.13383,1.13399,901,0,0
2026-06-24 14:00:00,2026-06-24 12:00:00,1.13399,1.13422,1.13369,1.13403,971,0,0
2026-06-24 14:15:00,2026-06-24 12:15:00,1.13402,1.13449,1.13393,1.13440,803,0,0
2026-06-24 14:30:00,2026-06-24 12:30:00,1.13440,1.13489,1.13423,1.13444,1244,0,0
2026-06-24 14:45:00,2026-06-24 12:45:00,1.13443,1.13490,1.13380,1.13404,1366,0,0
2026-06-24 15:00:00,2026-06-24 13:00:00,1.13404,1.13461,1.13381,1.13395,1272,0,0
2026-06-24 15:15:00,2026-06-24 13:15:00,1.13395,1.13418,1.13371,1.13384,1112,0,0
2026-06-24 15:30:00,2026-06-24 13:30:00,1.13383,1.13390,1.13251,1.13302,1585,0,0
2026-06-24 15:45:00,2026-06-24 13:45:00,1.13303,1.13329,1.13264,1.13289,1353,0,0
2026-06-24 16:00:00,2026-06-24 14:00:00,1.13290,1.13318,1.13244,1.13259,1486,0,0
2026-06-24 16:15:00,2026-06-24 14:15:00,1.13264,1.13386,1.13249,1.13377,1487,0,0
2026-06-24 16:30:00,2026-06-24 14:30:00,1.13373,1.13431,1.13368,1.13399,1813,0,0
2026-06-24 16:45:00,2026-06-24 14:45:00,1.13399,1.13481,1.13336,1.13441,1935,0,0
2026-06-24 17:00:00,2026-06-24 15:00:00,1.13440,1.13521,1.13421,1.13467,1825,0,0
2026-06-24 17:15:00,2026-06-24 15:15:00,1.13467,1.13481,1.13389,1.13445,1664,0,0
2026-06-24 17:30:00,2026-06-24 15:30:00,1.13445,1.13465,1.13378,1.13422,1405,0,0
2026-06-24 17:45:00,2026-06-24 15:45:00,1.13421,1.13436,1.13359,1.13418,1551,0,0
2026-06-24 18:00:00,2026-06-24 16:00:00,1.13423,1.13520,1.13401,1.13511,1465,0,0
2026-06-24 18:15:00,2026-06-24 16:15:00,1.13512,1.13615,1.13501,1.13553,1510,0,0
2026-06-24 18:30:00,2026-06-24 16:30:00,1.13550,1.13556,1.13486,1.13524,1322,0,0
2026-06-24 18:45:00,2026-06-24 16:45:00,1.13525,1.13543,1.13466,1.13481,1199,0,0
2026-06-24 19:00:00,2026-06-24 17:00:00,1.13483,1.13542,1.13468,1.13520,1097,0,0
2026-06-24 19:15:00,2026-06-24 17:15:00,1.13521,1.13617,1.13511,1.13615,884,0,0
2026-06-24 19:30:00,2026-06-24 17:30:00,1.13616,1.13682,1.13590,1.13609,1202,0,0
2026-06-24 19:45:00,2026-06-24 17:45:00,1.13608,1.13612,1.13577,1.13597,992,0,0
2026-06-24 20:00:00,2026-06-24 18:00:00,1.13595,1.13614,1.13538,1.13547,1030,0,0
2026-06-24 20:15:00,2026-06-24 18:15:00,1.13550,1.13558,1.13507,1.13519,996,0,0
2026-06-24 20:30:00,2026-06-24 18:30:00,1.13521,1.13596,1.13516,1.13528,1186,0,0
2026-06-24 20:45:00,2026-06-24 18:45:00,1.13531,1.13531,1.13489,1.13497,1104,0,0
2026-06-24 21:00:00,2026-06-24 19:00:00,1.13496,1.13550,1.13496,1.13525,1016,0,0
2026-06-24 21:15:00,2026-06-24 19:15:00,1.13526,1.13585,1.13524,1.13576,912,0,0
2026-06-24 21:30:00,2026-06-24 19:30:00,1.13578,1.13609,1.13550,1.13553,923,0,0
2026-06-24 21:45:00,2026-06-24 19:45:00,1.13552,1.13573,1.13533,1.13551,851,0,0
2026-06-24 22:00:00,2026-06-24 20:00:00,1.13550,1.13587,1.13534,1.13536,950,0,0
2026-06-24 22:15:00,2026-06-24 20:15:00,1.13535,1.13549,1.13510,1.13547,812,0,0
2026-06-24 22:30:00,2026-06-24 20:30:00,1.13548,1.13568,1.13539,1.13567,780,0,0
2026-06-24 22:45:00,2026-06-24 20:45:00,1.13568,1.13577,1.13532,1.13533,809,0,0
2026-06-24 23:00:00,2026-06-24 21:00:00,1.13533,1.13563,1.13522,1.13539,742,0,0
2026-06-24 23:15:00,2026-06-24 21:15:00,1.13538,1.13580,1.13528,1.13577,537,0,0
2026-06-24 23:30:00,2026-06-24 21:30:00,1.13576,1.13597,1.13574,1.13591,512,0,0
2026-06-24 23:45:00,2026-06-24 21:45:00,1.13591,1.13606,1.13567,1.13583,622,0,0
2026-06-25 00:00:00,2026-06-24 22:00:00,1.13554,1.13578,1.13533,1.13535,225,73,0
2026-06-25 00:15:00,2026-06-24 22:15:00,1.13537,1.13542,1.13507,1.13528,187,70,0
2026-06-25 00:30:00,2026-06-24 22:30:00,1.13528,1.13534,1.13509,1.13522,558,65,0
2026-06-25 00:45:00,2026-06-24 22:45:00,1.13524,1.13579,1.13506,1.13568,377,16,0
2026-06-25 01:00:00,2026-06-24 23:00:00,1.13577,1.13593,1.13566,1.13567,411,0,0
2026-06-25 01:15:00,2026-06-24 23:15:00,1.13566,1.13569,1.13553,1.13558,330,0,0
2026-06-25 01:30:00,2026-06-24 23:30:00,1.13558,1.13575,1.13556,1.13569,371,0,0
2026-06-25 01:45:00,2026-06-24 23:45:00,1.13569,1.13570,1.13547,1.13550,226,0,0
2026-06-25 02:00:00,2026-06-25 00:00:00,1.13550,1.13552,1.13537,1.13549,308,0,0
2026-06-25 02:15:00,2026-06-25 00:15:00,1.13548,1.13564,1.13548,1.13549,318,0,0
2026-06-25 02:30:00,2026-06-25 00:30:00,1.13549,1.13563,1.13541,1.13551,263,0,0
2026-06-25 02:45:00,2026-06-25 00:45:00,1.13551,1.13562,1.13528,1.13539,468,0,0
2026-06-25 03:00:00,2026-06-25 01:00:00,1.13539,1.13552,1.13503,1.13516,891,0,0
2026-06-25 03:15:00,2026-06-25 01:15:00,1.13516,1.13522,1.13491,1.13499,735,0,0
2026-06-25 03:30:00,2026-06-25 01:30:00,1.13499,1.13501,1.13475,1.13490,558,0,0
2026-06-25 03:45:00,2026-06-25 01:45:00,1.13490,1.13543,1.13490,1.13534,697,0,0
2026-06-25 04:00:00,2026-06-25 02:00:00,1.13535,1.13614,1.13532,1.13611,901,0,0
2026-06-25 04:15:00,2026-06-25 02:15:00,1.13612,1.13675,1.13602,1.13619,1122,0,0
2026-06-25 04:30:00,2026-06-25 02:30:00,1.13620,1.13642,1.13570,1.13610,1051,0,0
2026-06-25 04:45:00,2026-06-25 02:45:00,1.13605,1.13610,1.13571,1.13580,751,0,0
2026-06-25 05:00:00,2026-06-25 03:00:00,1.13581,1.13614,1.13565,1.13605,795,0,0
2026-06-25 05:15:00,2026-06-25 03:15:00,1.13605,1.13650,1.13595,1.13644,748,0,0
2026-06-25 05:30:00,2026-06-25 03:30:00,1.13643,1.13656,1.13621,1.13629,753,0,0
2026-06-25 05:45:00,2026-06-25 03:45:00,1.13630,1.13639,1.13615,1.13636,661,0,0
2026-06-25 06:00:00,2026-06-25 04:00:00,1.13635,1.13670,1.13628,1.13667,732,0,0
2026-06-25 06:15:00,2026-06-25 04:15:00,1.13667,1.13678,1.13644,1.13656,608,0,0
2026-06-25 06:30:00,2026-06-25 04:30:00,1.13656,1.13680,1.13653,1.13678,597,0,0
2026-06-25 06:45:00,2026-06-25 04:45:00,1.13677,1.13711,1.13671,1.13700,614,0,0
2026-06-25 07:00:00,2026-06-25 05:00:00,1.13700,1.13708,1.13681,1.13702,575,0,0
2026-06-25 07:15:00,2026-06-25 05:15:00,1.13701,1.13709,1.13690,1.13698,505,0,0
2026-06-25 07:30:00,2026-06-25 05:30:00,1.13698,1.13704,1.13660,1.13670,445,0,0
2026-06-25 07:45:00,2026-06-25 05:45:00,1.13669,1.13684,1.13661,1.13672,413,0,0
2026-06-25 08:00:00,2026-06-25 06:00:00,1.13671,1.13682,1.13659,1.13663,602,0,0
2026-06-25 08:15:00,2026-06-25 06:15:00,1.13663,1.13667,1.13637,1.13643,614,0,0
2026-06-25 08:30:00,2026-06-25 06:30:00,1.13642,1.13656,1.13627,1.13628,626,0,0
2026-06-25 08:45:00,2026-06-25 06:45:00,1.13628,1.13643,1.13599,1.13614,655,0,0
2026-06-25 09:00:00,2026-06-25 07:00:00,1.13613,1.13642,1.13591,1.13640,713,0,0
2026-06-25 09:15:00,2026-06-25 07:15:00,1.13641,1.13649,1.13621,1.13625,762,0,0
2026-06-25 09:30:00,2026-06-25 07:30:00,1.13625,1.13627,1.13544,1.13570,1001,0,0
2026-06-25 09:45:00,2026-06-25 07:45:00,1.13570,1.13586,1.13521,1.13529,945,0,0
2026-06-25 10:00:00,2026-06-25 08:00:00,1.13529,1.13604,1.13500,1.13502,1221,0,0
2026-06-25 10:15:00,2026-06-25 08:15:00,1.13501,1.13545,1.13445,1.13520,1200,0,0
2026-06-25 10:30:00,2026-06-25 08:30:00,1.13522,1.13558,1.13519,1.13542,922,0,0
2026-06-25 10:45:00,2026-06-25 08:45:00,1.13542,1.13596,1.13532,1.13593,906,0,0
2026-06-25 11:00:00,2026-06-25 09:00:00,1.13594,1.13644,1.13589,1.13615,1073,0,0
2026-06-25 11:15:00,2026-06-25 09:15:00,1.13614,1.13681,1.13607,1.13680,914,0,0
2026-06-25 11:30:00,2026-06-25 09:30:00,1.13680,1.13726,1.13674,1.13709,1044,0,0
2026-06-25 11:45:00,2026-06-25 09:45:00,1.13709,1.13721,1.13664,1.13676,1017,0,0
2026-06-25 12:00:00,2026-06-25 10:00:00,1.13680,1.13681,1.13632,1.13659,911,0,0
2026-06-25 12:15:00,2026-06-25 10:15:00,1.13659,1.13706,1.13643,1.13698,789,0,0
2026-06-25 12:30:00,2026-06-25 10:30:00,1.13697,1.13741,1.13641,1.13642,965,0,0
2026-06-25 12:45:00,2026-06-25 10:45:00,1.13642,1.13660,1.13616,1.13618,800,0,0
2026-06-25 13:00:00,2026-06-25 11:00:00,1.13617,1.13620,1.13545,1.13566,900,0,0
2026-06-25 13:15:00,2026-06-25 11:15:00,1.13565,1.13566,1.13533,1.13546,816,0,0
2026-06-25 13:30:00,2026-06-25 11:30:00,1.13545,1.13556,1.13487,1.13489,843,0,0
2026-06-25 13:45:00,2026-06-25 11:45:00,1.13488,1.13488,1.13428,1.13457,851,0,0
2026-06-25 14:00:00,2026-06-25 12:00:00,1.13456,1.13459,1.13416,1.13442,862,0,0
2026-06-25 14:15:00,2026-06-25 12:15:00,1.13441,1.13444,1.13371,1.13374,822,0,0
2026-06-25 14:30:00,2026-06-25 12:30:00,1.13375,1.13392,1.13336,1.13374,890,0,0
2026-06-25 14:45:00,2026-06-25 12:45:00,1.13374,1.13388,1.13333,1.13376,1019,0,0
2026-06-25 15:00:00,2026-06-25 13:00:00,1.13378,1.13428,1.13362,1.13417,945,0,0
2026-06-25 15:15:00,2026-06-25 13:15:00,1.13417,1.13427,1.13385,1.13401,880,0,0
2026-06-25 15:30:00,2026-06-25 13:30:00,1.13405,1.13646,1.13405,1.13627,2138,0,0
2026-06-25 15:45:00,2026-06-25 13:45:00,1.13628,1.13641,1.13522,1.13534,1632,0,0
2026-06-25 16:00:00,2026-06-25 14:00:00,1.13539,1.13579,1.13492,1.13540,1533,0,0
2026-06-25 16:15:00,2026-06-25 14:15:00,1.13539,1.13656,1.13531,1.13654,1392,0,0
2026-06-25 16:30:00,2026-06-25 14:30:00,1.13655,1.13699,1.13610,1.13616,1688,0,0
2026-06-25 16:45:00,2026-06-25 14:45:00,1.13617,1.13685,1.13590,1.13635,1870,0,0
2026-06-25 17:00:00,2026-06-25 15:00:00,1.13637,1.13838,1.13630,1.13739,2092,0,0
2026-06-25 17:15:00,2026-06-25 15:15:00,1.13740,1.13773,1.13655,1.13716,1823,0,0
2026-06-25 17:30:00,2026-06-25 15:30:00,1.13715,1.13793,1.13700,1.13781,1710,0,0
2026-06-25 17:45:00,2026-06-25 15:45:00,1.13782,1.13815,1.13741,1.13747,1700,0,0
2026-06-25 18:00:00,2026-06-25 16:00:00,1.13747,1.13860,1.13734,1.13761,1738,0,0
2026-06-25 18:15:00,2026-06-25 16:15:00,1.13761,1.13880,1.13741,1.13871,1642,0,0
2026-06-25 18:30:00,2026-06-25 16:30:00,1.13870,1.13880,1.13800,1.13804,1400,0,0
2026-06-25 18:45:00,2026-06-25 16:45:00,1.13805,1.13849,1.13781,1.13842,1309,0,0
2026-06-25 19:00:00,2026-06-25 17:00:00,1.13848,1.13857,1.13799,1.13814,1213,0,0
2026-06-25 19:15:00,2026-06-25 17:15:00,1.13814,1.13866,1.13809,1.13854,968,0,0
2026-06-25 19:30:00,2026-06-25 17:30:00,1.13854,1.13855,1.13776,1.13778,1025,0,0
2026-06-25 19:45:00,2026-06-25 17:45:00,1.13779,1.13783,1.13732,1.13741,973,0,0
2026-06-25 20:00:00,2026-06-25 18:00:00,1.13742,1.13772,1.13732,1.13746,1010,0,0
2026-06-25 20:15:00,2026-06-25 18:15:00,1.13746,1.13751,1.13721,1.13738,895,0,0
2026-06-25 20:30:00,2026-06-25 18:30:00,1.13739,1.13749,1.13716,1.13731,723,0,0
2026-06-25 20:45:00,2026-06-25 18:45:00,1.13731,1.13776,1.13723,1.13741,736,0,0
2026-06-25 21:00:00,2026-06-25 19:00:00,1.13743,1.13793,1.13698,1.13786,1216,0,0
2026-06-25 21:15:00,2026-06-25 19:15:00,1.13787,1.13807,1.13769,1.13788,769,0,0
2026-06-25 21:30:00,2026-06-25 19:30:00,1.13791,1.13792,1.13739,1.13747,931,0,0
2026-06-25 21:45:00,2026-06-25 19:45:00,1.13746,1.13777,1.13727,1.13730,739,0,0
2026-06-25 22:00:00,2026-06-25 20:00:00,1.13734,1.13744,1.13709,1.13731,769,0,0
2026-06-25 22:15:00,2026-06-25 20:15:00,1.13732,1.13777,1.13729,1.13777,770,0,0
2026-06-25 22:30:00,2026-06-25 20:30:00,1.13776,1.13802,1.13724,1.13731,830,0,0
2026-06-25 22:45:00,2026-06-25 20:45:00,1.13730,1.13742,1.13685,1.13725,1097,0,0
2026-06-25 23:00:00,2026-06-25 21:00:00,1.13726,1.13745,1.13715,1.13721,631,0,0
2026-06-25 23:15:00,2026-06-25 21:15:00,1.13721,1.13734,1.13716,1.13730,434,0,0
2026-06-25 23:30:00,2026-06-25 21:30:00,1.13729,1.13734,1.13714,1.13722,313,0,0
2026-06-25 23:45:00,2026-06-25 21:45:00,1.13723,1.13723,1.13700,1.13701,329,0,0
2026-06-26 00:00:00,2026-06-25 22:00:00,1.13644,1.13699,1.13642,1.13699,149,29,0
2026-06-26 00:15:00,2026-06-25 22:15:00,1.13704,1.13728,1.13674,1.13676,155,12,0
2026-06-26 00:30:00,2026-06-25 22:30:00,1.13675,1.13715,1.13670,1.13712,194,23,0
2026-06-26 00:45:00,2026-06-25 22:45:00,1.13712,1.13728,1.13711,1.13717,237,19,0
2026-06-26 01:00:00,2026-06-25 23:00:00,1.13727,1.13732,1.13708,1.13708,370,3,0
2026-06-26 01:15:00,2026-06-25 23:15:00,1.13708,1.13718,1.13688,1.13690,272,2,0
2026-06-26 01:30:00,2026-06-25 23:30:00,1.13691,1.13708,1.13687,1.13687,357,2,0
2026-06-26 01:45:00,2026-06-25 23:45:00,1.13687,1.13700,1.13672,1.13696,438,2,0
2026-06-26 02:00:00,2026-06-26 00:00:00,1.13696,1.13702,1.13647,1.13666,751,0,0
2026-06-26 02:15:00,2026-06-26 00:15:00,1.13667,1.13667,1.13636,1.13647,563,0,0
2026-06-26 02:30:00,2026-06-26 00:30:00,1.13647,1.13653,1.13609,1.13631,458,0,0
2026-06-26 02:45:00,2026-06-26 00:45:00,1.13631,1.13633,1.13603,1.13614,608,0,0
2026-06-26 03:00:00,2026-06-26 01:00:00,1.13621,1.13638,1.13609,1.13636,898,0,0
2026-06-26 03:15:00,2026-06-26 01:15:00,1.13636,1.13649,1.13622,1.13649,742,0,0
2026-06-26 03:30:00,2026-06-26 01:30:00,1.13649,1.13662,1.13632,1.13650,921,0,0
2026-06-26 03:45:00,2026-06-26 01:45:00,1.13649,1.13671,1.13631,1.13648,726,0,0
2026-06-26 04:00:00,2026-06-26 02:00:00,1.13648,1.13691,1.13644,1.13673,841,0,0
2026-06-26 04:15:00,2026-06-26 02:15:00,1.13672,1.13684,1.13643,1.13657,855,0,0
2026-06-26 04:30:00,2026-06-26 02:30:00,1.13657,1.13664,1.13579,1.13591,1110,0,0
2026-06-26 04:45:00,2026-06-26 02:45:00,1.13591,1.13600,1.13565,1.13598,914,0,0
2026-06-26 05:00:00,2026-06-26 03:00:00,1.13598,1.13629,1.13583,1.13587,892,0,0
2026-06-26 05:15:00,2026-06-26 03:15:00,1.13586,1.13591,1.13542,1.13556,1022,0,0
2026-06-26 05:30:00,2026-06-26 03:30:00,1.13560,1.13603,1.13550,1.13591,711,0,0
2026-06-26 05:45:00,2026-06-26 03:45:00,1.13589,1.13600,1.13569,1.13591,819,0,0
2026-06-26 06:00:00,2026-06-26 04:00:00,1.13591,1.13648,1.13584,1.13632,799,0,0
2026-06-26 06:15:00,2026-06-26 04:15:00,1.13631,1.13646,1.13624,1.13641,627,0,0
2026-06-26 06:30:00,2026-06-26 04:30:00,1.13641,1.13676,1.13622,1.13676,857,0,0
2026-06-26 06:45:00,2026-06-26 04:45:00,1.13677,1.13716,1.13660,1.13715,955,0,0
2026-06-26 07:00:00,2026-06-26 05:00:00,1.13716,1.13731,1.13694,1.13717,840,0,0
2026-06-26 07:15:00,2026-06-26 05:15:00,1.13717,1.13749,1.13715,1.13740,697,0,0
2026-06-26 07:30:00,2026-06-26 05:30:00,1.13739,1.13741,1.13685,1.13725,737,0,0
2026-06-26 07:45:00,2026-06-26 05:45:00,1.13726,1.13772,1.13725,1.13769,656,0,0
2026-06-26 08:00:00,2026-06-26 06:00:00,1.13770,1.13779,1.13755,1.13761,721,0,0
2026-06-26 08:15:00,2026-06-26 06:15:00,1.13761,1.13787,1.13752,1.13778,699,0,0
2026-06-26 08:30:00,2026-06-26 06:30:00,1.13777,1.13800,1.13766,1.13790,808,0,0
2026-06-26 08:45:00,2026-06-26 06:45:00,1.13791,1.13823,1.13776,1.13782,722,0,0
2026-06-26 09:00:00,2026-06-26 07:00:00,1.13781,1.13798,1.13729,1.13750,827,0,0
2026-06-26 09:15:00,2026-06-26 07:15:00,1.13752,1.13792,1.13740,1.13789,885,0,0
2026-06-26 09:30:00,2026-06-26 07:30:00,1.13790,1.13826,1.13766,1.13766,1114,0,0
2026-06-26 09:45:00,2026-06-26 07:45:00,1.13764,1.13779,1.13714,1.13753,886,0,0
2026-06-26 10:00:00,2026-06-26 08:00:00,1.13751,1.13785,1.13731,1.13769,1072,0,0
2026-06-26 10:15:00,2026-06-26 08:15:00,1.13768,1.13780,1.13746,1.13752,1046,0,0
2026-06-26 10:30:00,2026-06-26 08:30:00,1.13753,1.13888,1.13749,1.13857,1085,0,0
2026-06-26 10:45:00,2026-06-26 08:45:00,1.13856,1.13889,1.13846,1.13866,920,0,0
2026-06-26 11:00:00,2026-06-26 09:00:00,1.13865,1.13979,1.13831,1.13978,1453,0,0
2026-06-26 11:15:00,2026-06-26 09:15:00,1.13978,1.14025,1.13943,1.14021,1268,0,0
2026-06-26 11:30:00,2026-06-26 09:30:00,1.14021,1.14035,1.13956,1.14030,1088,0,0
2026-06-26 11:45:00,2026-06-26 09:45:00,1.14030,1.14075,1.14003,1.14014,1261,0,0
2026-06-26 12:00:00,2026-06-26 10:00:00,1.14013,1.14014,1.13952,1.13972,1027,0,0
2026-06-26 12:15:00,2026-06-26 10:15:00,1.13972,1.14039,1.13959,1.14036,1140,0,0
2026-06-26 12:30:00,2026-06-26 10:30:00,1.14036,1.14075,1.14002,1.14054,944,0,0
2026-06-26 12:45:00,2026-06-26 10:45:00,1.14055,1.14122,1.14051,1.14067,1062,0,0
2026-06-26 13:00:00,2026-06-26 11:00:00,1.14067,1.14084,1.14034,1.14048,964,0,0
2026-06-26 13:15:00,2026-06-26 11:15:00,1.14048,1.14069,1.14001,1.14033,914,0,0
2026-06-26 13:30:00,2026-06-26 11:30:00,1.14032,1.14068,1.14022,1.14029,980,0,0
2026-06-26 13:45:00,2026-06-26 11:45:00,1.14029,1.14057,1.14015,1.14048,870,0,0
2026-06-26 14:00:00,2026-06-26 12:00:00,1.14049,1.14059,1.14006,1.14020,931,0,0
2026-06-26 14:15:00,2026-06-26 12:15:00,1.14020,1.14065,1.13999,1.14060,968,0,0
2026-06-26 14:30:00,2026-06-26 12:30:00,1.14060,1.14061,1.13990,1.13996,956,0,0
2026-06-26 14:45:00,2026-06-26 12:45:00,1.13997,1.14002,1.13936,1.13985,1184,0,0
2026-06-26 15:00:00,2026-06-26 13:00:00,1.13987,1.14027,1.13976,1.14010,1029,0,0
2026-06-26 15:15:00,2026-06-26 13:15:00,1.14010,1.14066,1.13998,1.14044,1075,0,0
2026-06-26 15:30:00,2026-06-26 13:30:00,1.14037,1.14097,1.14015,1.14078,1107,0,0
2026-06-26 15:45:00,2026-06-26 13:45:00,1.14076,1.14340,1.14061,1.14271,1527,0,0
2026-06-26 16:00:00,2026-06-26 14:00:00,1.14275,1.14298,1.14178,1.14198,1735,0,0
2026-06-26 16:15:00,2026-06-26 14:15:00,1.14198,1.14235,1.14119,1.14216,1563,0,0
2026-06-26 16:30:00,2026-06-26 14:30:00,1.14217,1.14249,1.14198,1.14232,1656,0,0
2026-06-26 16:45:00,2026-06-26 14:45:00,1.14232,1.14250,1.14167,1.14248,1395,0,0
2026-06-26 17:00:00,2026-06-26 15:00:00,1.14248,1.14283,1.14187,1.14219,1486,0,0
2026-06-26 17:15:00,2026-06-26 15:15:00,1.14218,1.14266,1.14173,1.14178,1258,0,0
2026-06-26 17:30:00,2026-06-26 15:30:00,1.14179,1.14195,1.14114,1.14157,1262,0,0
2026-06-26 17:45:00,2026-06-26 15:45:00,1.14158,1.14202,1.13934,1.13942,1905,0,0
2026-06-26 18:00:00,2026-06-26 16:00:00,1.13941,1.14038,1.13923,1.14029,1656,0,0
2026-06-26 18:15:00,2026-06-26 16:15:00,1.14029,1.14061,1.14011,1.14046,1139,0,0
2026-06-26 18:30:00,2026-06-26 16:30:00,1.14048,1.14068,1.14013,1.14052,1031,0,0
2026-06-26 18:45:00,2026-06-26 16:45:00,1.14052,1.14081,1.13952,1.14029,1368,0,0
2026-06-26 19:00:00,2026-06-26 17:00:00,1.14029,1.14034,1.13977,1.13994,996,0,0
2026-06-26 19:15:00,2026-06-26 17:15:00,1.13993,1.14002,1.13902,1.13913,944,0,0
2026-06-26 19:30:00,2026-06-26 17:30:00,1.13912,1.13945,1.13831,1.13891,1172,0,0
2026-06-26 19:45:00,2026-06-26 17:45:00,1.13892,1.13916,1.13886,1.13899,710,0,0
2026-06-26 20:00:00,2026-06-26 18:00:00,1.13900,1.13930,1.13886,1.13915,651,0,0
2026-06-26 20:15:00,2026-06-26 18:15:00,1.13916,1.13923,1.13886,1.13889,675,0,0
2026-06-26 20:30:00,2026-06-26 18:30:00,1.13891,1.13899,1.13846,1.13890,873,0,0
2026-06-26 20:45:00,2026-06-26 18:45:00,1.13889,1.13899,1.13853,1.13864,575,0,0
2026-06-26 21:00:00,2026-06-26 19:00:00,1.13865,1.13913,1.13854,1.13899,696,0,0
2026-06-26 21:15:00,2026-06-26 19:15:00,1.13900,1.13904,1.13879,1.13894,566,0,0
2026-06-26 21:30:00,2026-06-26 19:30:00,1.13895,1.13913,1.13888,1.13897,491,0,0
2026-06-26 21:45:00,2026-06-26 19:45:00,1.13897,1.13904,1.13856,1.13858,594,0,0
2026-06-26 22:00:00,2026-06-26 20:00:00,1.13858,1.13874,1.13851,1.13863,477,0,0
2026-06-26 22:15:00,2026-06-26 20:15:00,1.13863,1.13863,1.13811,1.13818,653,0,0
2026-06-26 22:30:00,2026-06-26 20:30:00,1.13819,1.13840,1.13809,1.13823,620,0,0
2026-06-26 22:45:00,2026-06-26 20:45:00,1.13822,1.13894,1.13816,1.13869,763,0,0
2026-06-26 23:00:00,2026-06-26 21:00:00,1.13868,1.13890,1.13853,1.13884,622,0,0
2026-06-26 23:15:00,2026-06-26 21:15:00,1.13885,1.13917,1.13884,1.13898,436,0,0
2026-06-26 23:30:00,2026-06-26 21:30:00,1.13898,1.13922,1.13830,1.13865,797,0,0
2026-06-26 23:45:00,2026-06-26 21:45:00,1.13864,1.13873,1.13817,1.13817,405,0,0
2026-06-29 00:00:00,2026-06-28 22:00:00,1.13883,1.13884,1.13803,1.13816,130,38,0
2026-06-29 00:15:00,2026-06-28 22:15:00,1.13815,1.13826,1.13812,1.13826,31,60,0
2026-06-29 00:30:00,2026-06-28 22:30:00,1.13831,1.13868,1.13795,1.13798,284,51,0
2026-06-29 00:45:00,2026-06-28 22:45:00,1.13799,1.13811,1.13786,1.13796,82,45,0
2026-06-29 01:00:00,2026-06-28 23:00:00,1.13826,1.13866,1.13811,1.13835,396,0,0
2026-06-29 01:15:00,2026-06-28 23:15:00,1.13835,1.13842,1.13822,1.13833,418,0,0
2026-06-29 01:30:00,2026-06-28 23:30:00,1.13833,1.13860,1.13832,1.13856,408,0,0
2026-06-29 01:45:00,2026-06-28 23:45:00,1.13855,1.13863,1.13849,1.13854,358,0,0
2026-06-29 02:00:00,2026-06-29 00:00:00,1.13854,1.13871,1.13853,1.13858,393,0,0
2026-06-29 02:15:00,2026-06-29 00:15:00,1.13858,1.13860,1.13846,1.13851,297,0,0
2026-06-29 02:30:00,2026-06-29 00:30:00,1.13851,1.13851,1.13821,1.13841,356,0,0
2026-06-29 02:45:00,2026-06-29 00:45:00,1.13841,1.13865,1.13839,1.13853,493,0,0
2026-06-29 03:00:00,2026-06-29 01:00:00,1.13854,1.13886,1.13834,1.13861,1168,0,0
2026-06-29 03:15:00,2026-06-29 01:15:00,1.13860,1.13871,1.13842,1.13848,876,0,0
2026-06-29 03:30:00,2026-06-29 01:30:00,1.13848,1.13882,1.13840,1.13878,788,0,0
2026-06-29 03:45:00,2026-06-29 01:45:00,1.13879,1.13894,1.13849,1.13876,857,0,0
2026-06-29 04:00:00,2026-06-29 02:00:00,1.13876,1.13896,1.13846,1.13867,1019,0,0
2026-06-29 04:15:00,2026-06-29 02:15:00,1.13867,1.13899,1.13857,1.13887,983,0,0
2026-06-29 04:30:00,2026-06-29 02:30:00,1.13888,1.13910,1.13876,1.13895,974,0,0
2026-06-29 04:45:00,2026-06-29 02:45:00,1.13896,1.13898,1.13846,1.13852,850,0,0
2026-06-29 05:00:00,2026-06-29 03:00:00,1.13853,1.13875,1.13848,1.13872,828,0,0
2026-06-29 05:15:00,2026-06-29 03:15:00,1.13871,1.13934,1.13870,1.13929,735,0,0
2026-06-29 05:30:00,2026-06-29 03:30:00,1.13928,1.13931,1.13887,1.13896,716,0,0
2026-06-29 05:45:00,2026-06-29 03:45:00,1.13896,1.13896,1.13876,1.13878,566,0,0
2026-06-29 06:00:00,2026-06-29 04:00:00,1.13877,1.13901,1.13876,1.13891,423,0,0
2026-06-29 06:15:00,2026-06-29 04:15:00,1.13891,1.13893,1.13867,1.13882,460,0,0
2026-06-29 06:30:00,2026-06-29 04:30:00,1.13882,1.13901,1.13867,1.13871,461,0,0
2026-06-29 06:45:00,2026-06-29 04:45:00,1.13871,1.13873,1.13832,1.13832,623,0,0
2026-06-29 07:00:00,2026-06-29 05:00:00,1.13832,1.13848,1.13823,1.13827,545,0,0
2026-06-29 07:15:00,2026-06-29 05:15:00,1.13828,1.13840,1.13811,1.13837,454,0,0
2026-06-29 07:30:00,2026-06-29 05:30:00,1.13836,1.13854,1.13834,1.13839,830,0,0
2026-06-29 07:45:00,2026-06-29 05:45:00,1.13839,1.13845,1.13811,1.13827,659,0,0
2026-06-29 08:00:00,2026-06-29 06:00:00,1.13828,1.13873,1.13826,1.13870,774,0,0
2026-06-29 08:15:00,2026-06-29 06:15:00,1.13870,1.13872,1.13850,1.13869,659,0,0
2026-06-29 08:30:00,2026-06-29 06:30:00,1.13868,1.13921,1.13868,1.13911,745,0,0
2026-06-29 08:45:00,2026-06-29 06:45:00,1.13908,1.13954,1.13908,1.13946,745,0,0
2026-06-29 09:00:00,2026-06-29 07:00:00,1.13946,1.13959,1.13927,1.13954,931,0,0
2026-06-29 09:15:00,2026-06-29 07:15:00,1.13954,1.13980,1.13940,1.13977,740,0,0
2026-06-29 09:30:00,2026-06-29 07:30:00,1.13977,1.14026,1.13968,1.14006,845,0,0
2026-06-29 09:45:00,2026-06-29 07:45:00,1.14007,1.14150,1.14000,1.14123,1177,0,0
2026-06-29 10:00:00,2026-06-29 08:00:00,1.14123,1.14132,1.14048,1.14065,1121,0,0
2026-06-29 10:15:00,2026-06-29 08:15:00,1.14064,1.14101,1.14055,1.14082,980,0,0
2026-06-29 10:30:00,2026-06-29 08:30:00,1.14083,1.14112,1.14062,1.14065,877,0,0
2026-06-29 10:45:00,2026-06-29 08:45:00,1.14067,1.14080,1.14002,1.14026,971,0,0
2026-06-29 11:00:00,2026-06-29 09:00:00,1.14025,1.14074,1.14015,1.14019,1105,0,0
2026-06-29 11:15:00,2026-06-29 09:15:00,1.14019,1.14030,1.13976,1.14017,909,0,0
2026-06-29 11:30:00,2026-06-29 09:30:00,1.14019,1.14054,1.13981,1.13989,874,0,0
2026-06-29 11:45:00,2026-06-29 09:45:00,1.13988,1.13989,1.13925,1.13959,878,0,0
2026-06-29 12:00:00,2026-06-29 10:00:00,1.13959,1.14000,1.13942,1.13984,865,0,0
2026-06-29 12:15:00,2026-06-29 10:15:00,1.13983,1.14025,1.13975,1.14001,978,0,0
2026-06-29 12:30:00,2026-06-29 10:30:00,1.14003,1.14027,1.13970,1.13987,987,0,0
2026-06-29 12:45:00,2026-06-29 10:45:00,1.13987,1.14041,1.13970,1.14033,927,0,0
2026-06-29 13:00:00,2026-06-29 11:00:00,1.14033,1.14053,1.14018,1.14020,831,0,0
2026-06-29 13:15:00,2026-06-29 11:15:00,1.14021,1.14026,1.13996,1.14017,659,0,0
2026-06-29 13:30:00,2026-06-29 11:30:00,1.14016,1.14032,1.13998,1.14011,680,0,0
2026-06-29 13:45:00,2026-06-29 11:45:00,1.14008,1.14056,1.13998,1.14046,863,0,0
2026-06-29 14:00:00,2026-06-29 12:00:00,1.14044,1.14079,1.14040,1.14058,884,0,0
2026-06-29 14:15:00,2026-06-29 12:15:00,1.14058,1.14066,1.14020,1.14030,830,0,0
2026-06-29 14:30:00,2026-06-29 12:30:00,1.14029,1.14059,1.13988,1.13998,912,0,0
2026-06-29 14:45:00,2026-06-29 12:45:00,1.13997,1.14117,1.13990,1.14089,950,0,0
2026-06-29 15:00:00,2026-06-29 13:00:00,1.14088,1.14089,1.14049,1.14066,958,0,0
2026-06-29 15:15:00,2026-06-29 13:15:00,1.14065,1.14074,1.14005,1.14033,1027,0,0
2026-06-29 15:30:00,2026-06-29 13:30:00,1.14032,1.14068,1.14006,1.14039,933,0,0
2026-06-29 15:45:00,2026-06-29 13:45:00,1.14040,1.14043,1.14005,1.14028,936,0,0
2026-06-29 16:00:00,2026-06-29 14:00:00,1.14027,1.14055,1.14023,1.14038,951,0,0
2026-06-29 16:15:00,2026-06-29 14:15:00,1.14037,1.14053,1.14006,1.14048,934,0,0
2026-06-29 16:30:00,2026-06-29 14:30:00,1.14049,1.14074,1.14014,1.14044,1187,0,0
2026-06-29 16:45:00,2026-06-29 14:45:00,1.14044,1.14121,1.14031,1.14099,1313,0,0
2026-06-29 17:00:00,2026-06-29 15:00:00,1.14099,1.14148,1.14072,1.14098,1287,0,0
2026-06-29 17:15:00,2026-06-29 15:15:00,1.14097,1.14206,1.14045,1.14154,1684,0,0
2026-06-29 17:30:00,2026-06-29 15:30:00,1.14153,1.14224,1.14129,1.14143,1425,0,0
2026-06-29 17:45:00,2026-06-29 15:45:00,1.14142,1.14233,1.14116,1.14218,1607,0,0
2026-06-29 18:00:00,2026-06-29 16:00:00,1.14218,1.14224,1.14166,1.14192,1320,0,0
2026-06-29 18:15:00,2026-06-29 16:15:00,1.14191,1.14241,1.14190,1.14224,1106,0,0
2026-06-29 18:30:00,2026-06-29 16:30:00,1.14224,1.14244,1.14189,1.14210,1133,0,0
2026-06-29 18:45:00,2026-06-29 16:45:00,1.14207,1.14250,1.14207,1.14236,936,0,0
2026-06-29 19:00:00,2026-06-29 17:00:00,1.14236,1.14278,1.14235,1.14240,952,0,0
2026-06-29 19:15:00,2026-06-29 17:15:00,1.14241,1.14263,1.14232,1.14235,730,0,0
2026-06-29 19:30:00,2026-06-29 17:30:00,1.14235,1.14267,1.14234,1.14264,696,0,0
2026-06-29 19:45:00,2026-06-29 17:45:00,1.14263,1.14307,1.14252,1.14257,809,0,0
2026-06-29 20:00:00,2026-06-29 18:00:00,1.14258,1.14273,1.14244,1.14269,678,0,0
2026-06-29 20:15:00,2026-06-29 18:15:00,1.14271,1.14271,1.14213,1.14227,665,0,0
2026-06-29 20:30:00,2026-06-29 18:30:00,1.14226,1.14261,1.14217,1.14243,628,0,0
2026-06-29 20:45:00,2026-06-29 18:45:00,1.14242,1.14282,1.14225,1.14268,639,0,0
2026-06-29 21:00:00,2026-06-29 19:00:00,1.14269,1.14292,1.14256,1.14291,692,0,0
2026-06-29 21:15:00,2026-06-29 19:15:00,1.14290,1.14291,1.14270,1.14277,513,0,0
2026-06-29 21:30:00,2026-06-29 19:30:00,1.14277,1.14286,1.14266,1.14282,476,0,0
2026-06-29 21:45:00,2026-06-29 19:45:00,1.14282,1.14286,1.14249,1.14255,605,0,0
2026-06-29 22:00:00,2026-06-29 20:00:00,1.14255,1.14269,1.14221,1.14230,621,0,0
2026-06-29 22:15:00,2026-06-29 20:15:00,1.14230,1.14262,1.14229,1.14255,440,0,0
2026-06-29 22:30:00,2026-06-29 20:30:00,1.14256,1.14263,1.14242,1.14257,517,0,0
2026-06-29 22:45:00,2026-06-29 20:45:00,1.14258,1.14270,1.14246,1.14259,555,0,0
2026-06-29 23:00:00,2026-06-29 21:00:00,1.14259,1.14274,1.14246,1.14261,552,0,0
2026-06-29 23:15:00,2026-06-29 21:15:00,1.14261,1.14268,1.14257,1.14264,269,0,0
2026-06-29 23:30:00,2026-06-29 21:30:00,1.14263,1.14263,1.14220,1.14235,304,0,0
2026-06-29 23:45:00,2026-06-29 21:45:00,1.14235,1.14241,1.14231,1.14239,274,0,0
2026-06-30 00:00:00,2026-06-29 22:00:00,1.14192,1.14233,1.14176,1.14217,246,25,0
2026-06-30 00:15:00,2026-06-29 22:15:00,1.14216,1.14250,1.14215,1.14250,109,23,0
2026-06-30 00:30:00,2026-06-29 22:30:00,1.14251,1.14254,1.14243,1.14246,117,19,0
2026-06-30 00:45:00,2026-06-29 22:45:00,1.14245,1.14257,1.14220,1.14232,189,19,0
2026-06-30 01:00:00,2026-06-29 23:00:00,1.14243,1.14257,1.14232,1.14247,472,0,0
2026-06-30 01:15:00,2026-06-29 23:15:00,1.14247,1.14254,1.14239,1.14242,189,0,0
2026-06-30 01:30:00,2026-06-29 23:30:00,1.14241,1.14244,1.14225,1.14229,234,0,0
2026-06-30 01:45:00,2026-06-29 23:45:00,1.14229,1.14253,1.14229,1.14250,225,0,0
2026-06-30 02:00:00,2026-06-30 00:00:00,1.14250,1.14254,1.14240,1.14242,244,0,0
2026-06-30 02:15:00,2026-06-30 00:15:00,1.14242,1.14250,1.14229,1.14231,240,0,0
2026-06-30 02:30:00,2026-06-30 00:30:00,1.14231,1.14238,1.14214,1.14218,266,0,0
2026-06-30 02:45:00,2026-06-30 00:45:00,1.14218,1.14223,1.14190,1.14191,235,0,0
2026-06-30 03:00:00,2026-06-30 01:00:00,1.14191,1.14204,1.14169,1.14172,910,0,0
2026-06-30 03:15:00,2026-06-30 01:15:00,1.14167,1.14171,1.14137,1.14147,599,0,0
2026-06-30 03:30:00,2026-06-30 01:30:00,1.14146,1.14166,1.14136,1.14137,599,0,0
2026-06-30 03:45:00,2026-06-30 01:45:00,1.14136,1.14169,1.14124,1.14164,973,0,0
2026-06-30 04:00:00,2026-06-30 02:00:00,1.14162,1.14172,1.14059,1.14064,1112,0,0
2026-06-30 04:15:00,2026-06-30 02:15:00,1.14065,1.14157,1.14063,1.14148,879,0,0
2026-06-30 04:30:00,2026-06-30 02:30:00,1.14149,1.14162,1.14062,1.14064,939,0,0
2026-06-30 04:45:00,2026-06-30 02:45:00,1.14063,1.14083,1.14019,1.14040,896,0,0
2026-06-30 05:00:00,2026-06-30 03:00:00,1.14040,1.14060,1.14033,1.14036,674,0,0
2026-06-30 05:15:00,2026-06-30 03:15:00,1.14036,1.14057,1.14023,1.14036,556,0,0
2026-06-30 05:30:00,2026-06-30 03:30:00,1.14035,1.14065,1.14032,1.14047,463,0,0
2026-06-30 05:45:00,2026-06-30 03:45:00,1.14047,1.14056,1.14017,1.14036,520,0,0
2026-06-30 06:00:00,2026-06-30 04:00:00,1.14035,1.14053,1.14017,1.14018,538,0,0
2026-06-30 06:15:00,2026-06-30 04:15:00,1.14018,1.14031,1.13985,1.13991,633,0,0
2026-06-30 06:30:00,2026-06-30 04:30:00,1.13992,1.14000,1.13970,1.13973,509,0,0
2026-06-30 06:45:00,2026-06-30 04:45:00,1.13973,1.13997,1.13971,1.13984,441,0,0
2026-06-30 07:00:00,2026-06-30 05:00:00,1.13984,1.13990,1.13971,1.13979,435,0,0
2026-06-30 07:15:00,2026-06-30 05:15:00,1.13978,1.13983,1.13951,1.13964,436,0,0
2026-06-30 07:30:00,2026-06-30 05:30:00,1.13964,1.13992,1.13960,1.13984,448,0,0
2026-06-30 07:45:00,2026-06-30 05:45:00,1.13983,1.13984,1.13890,1.13891,700,0,0
2026-06-30 08:00:00,2026-06-30 06:00:00,1.13891,1.13915,1.13864,1.13901,957,0,0
2026-06-30 08:15:00,2026-06-30 06:15:00,1.13902,1.13928,1.13897,1.13910,565,0,0
2026-06-30 08:30:00,2026-06-30 06:30:00,1.13910,1.13926,1.13907,1.13916,508,0,0
2026-06-30 08:45:00,2026-06-30 06:45:00,1.13914,1.13928,1.13827,1.13847,723,0,0
2026-06-30 09:00:00,2026-06-30 07:00:00,1.13847,1.13893,1.13835,1.13887,1008,0,0
2026-06-30 09:15:00,2026-06-30 07:15:00,1.13886,1.13984,1.13881,1.13972,1026,0,0
2026-06-30 09:30:00,2026-06-30 07:30:00,1.13970,1.14003,1.13966,1.13989,996,0,0
2026-06-30 09:45:00,2026-06-30 07:45:00,1.13984,1.14039,1.13952,1.14030,1086,0,0
2026-06-30 10:00:00,2026-06-30 08:00:00,1.14032,1.14068,1.14015,1.14049,1143,0,0
2026-06-30 10:15:00,2026-06-30 08:15:00,1.14048,1.14097,1.14037,1.14065,956,0,0
2026-06-30 10:30:00,2026-06-30 08:30:00,1.14067,1.14077,1.14035,1.14059,893,0,0
2026-06-30 10:45:00,2026-06-30 08:45:00,1.14059,1.14064,1.13970,1.13986,1048,0,0
2026-06-30 11:00:00,2026-06-30 09:00:00,1.13982,1.13995,1.13882,1.13898,1468,0,0
2026-06-30 11:15:00,2026-06-30 09:15:00,1.13898,1.13937,1.13880,1.13926,1086,0,0
2026-06-30 11:30:00,2026-06-30 09:30:00,1.13926,1.13932,1.13840,1.13872,1030,0,0
2026-06-30 11:45:00,2026-06-30 09:45:00,1.13872,1.13937,1.13835,1.13936,1131,0,0
2026-06-30 12:00:00,2026-06-30 10:00:00,1.13937,1.13969,1.13900,1.13935,1018,0,0
2026-06-30 12:15:00,2026-06-30 10:15:00,1.13934,1.13950,1.13917,1.13922,972,0,0
2026-06-30 12:30:00,2026-06-30 10:30:00,1.13923,1.13947,1.13891,1.13943,858,0,0
2026-06-30 12:45:00,2026-06-30 10:45:00,1.13944,1.13987,1.13934,1.13973,846,0,0
2026-06-30 13:00:00,2026-06-30 11:00:00,1.13971,1.13981,1.13931,1.13949,949,0,0
2026-06-30 13:15:00,2026-06-30 11:15:00,1.13950,1.13966,1.13927,1.13954,700,0,0
2026-06-30 13:30:00,2026-06-30 11:30:00,1.13954,1.14011,1.13925,1.13995,824,0,0
2026-06-30 13:45:00,2026-06-30 11:45:00,1.13996,1.14023,1.13975,1.14018,813,0,0
2026-06-30 14:00:00,2026-06-30 12:00:00,1.14019,1.14029,1.13981,1.13991,856,0,0
2026-06-30 14:15:00,2026-06-30 12:15:00,1.13992,1.14013,1.13950,1.13967,898,0,0
2026-06-30 14:30:00,2026-06-30 12:30:00,1.13967,1.13986,1.13864,1.13969,1004,0,0
2026-06-30 14:45:00,2026-06-30 12:45:00,1.13970,1.13972,1.13924,1.13929,946,0,0
2026-06-30 15:00:00,2026-06-30 13:00:00,1.13929,1.13965,1.13895,1.13959,986,0,0
2026-06-30 15:15:00,2026-06-30 13:15:00,1.13958,1.13962,1.13888,1.13912,985,0,0
2026-06-30 15:30:00,2026-06-30 13:30:00,1.13912,1.13990,1.13894,1.13982,1146,0,0
2026-06-30 15:45:00,2026-06-30 13:45:00,1.13982,1.14029,1.13934,1.13961,1151,0,0
2026-06-30 16:00:00,2026-06-30 14:00:00,1.13960,1.14028,1.13945,1.13997,1084,0,0
2026-06-30 16:15:00,2026-06-30 14:15:00,1.13998,1.14070,1.13995,1.14019,1192,0,0
2026-06-30 16:30:00,2026-06-30 14:30:00,1.14021,1.14038,1.13968,1.14009,1100,0,0
2026-06-30 16:45:00,2026-06-30 14:45:00,1.14012,1.14017,1.13950,1.13965,1212,0,0
2026-06-30 17:00:00,2026-06-30 15:00:00,1.13965,1.14068,1.13910,1.14068,1697,0,0
2026-06-30 17:15:00,2026-06-30 15:15:00,1.14068,1.14161,1.14062,1.14131,1574,0,0
2026-06-30 17:30:00,2026-06-30 15:30:00,1.14131,1.14199,1.14088,1.14189,1609,0,0
2026-06-30 17:45:00,2026-06-30 15:45:00,1.14190,1.14349,1.14159,1.14333,2325,0,0
2026-06-30 18:00:00,2026-06-30 16:00:00,1.14332,1.14368,1.14255,1.14261,1939,0,0
2026-06-30 18:15:00,2026-06-30 16:15:00,1.14259,1.14269,1.14216,1.14217,1376,0,0
2026-06-30 18:30:00,2026-06-30 16:30:00,1.14217,1.14261,1.14179,1.14180,1316,0,0
2026-06-30 18:45:00,2026-06-30 16:45:00,1.14181,1.14207,1.14152,1.14170,995,0,0
2026-06-30 19:00:00,2026-06-30 17:00:00,1.14171,1.14180,1.14123,1.14151,916,0,0
2026-06-30 19:15:00,2026-06-30 17:15:00,1.14151,1.14163,1.14122,1.14148,827,0,0
2026-06-30 19:30:00,2026-06-30 17:30:00,1.14148,1.14175,1.14132,1.14164,786,0,0
2026-06-30 19:45:00,2026-06-30 17:45:00,1.14162,1.14183,1.14125,1.14141,765,0,0
2026-06-30 20:00:00,2026-06-30 18:00:00,1.14147,1.14192,1.14145,1.14146,605,0,0
2026-06-30 20:15:00,2026-06-30 18:15:00,1.14147,1.14191,1.14146,1.14187,597,0,0
2026-06-30 20:30:00,2026-06-30 18:30:00,1.14187,1.14196,1.14168,1.14189,579,0,0
2026-06-30 20:45:00,2026-06-30 18:45:00,1.14189,1.14223,1.14185,1.14216,599,0,0
2026-06-30 21:00:00,2026-06-30 19:00:00,1.14216,1.14271,1.14214,1.14265,683,0,0
2026-06-30 21:15:00,2026-06-30 19:15:00,1.14265,1.14271,1.14236,1.14261,578,0,0
2026-06-30 21:30:00,2026-06-30 19:30:00,1.14261,1.14268,1.14203,1.14209,727,0,0
2026-06-30 21:45:00,2026-06-30 19:45:00,1.14210,1.14264,1.14193,1.14205,643,0,0
2026-06-30 22:00:00,2026-06-30 20:00:00,1.14205,1.14225,1.14195,1.14210,712,0,0
2026-06-30 22:15:00,2026-06-30 20:15:00,1.14209,1.14222,1.14158,1.14161,682,0,0
2026-06-30 22:30:00,2026-06-30 20:30:00,1.14162,1.14192,1.14156,1.14181,713,0,0
2026-06-30 22:45:00,2026-06-30 20:45:00,1.14181,1.14266,1.14171,1.14264,800,0,0
2026-06-30 23:00:00,2026-06-30 21:00:00,1.14263,1.14276,1.14249,1.14254,597,0,0
2026-06-30 23:15:00,2026-06-30 21:15:00,1.14254,1.14263,1.14240,1.14246,411,0,0
2026-06-30 23:30:00,2026-06-30 21:30:00,1.14246,1.14249,1.14225,1.14235,305,0,0
2026-06-30 23:45:00,2026-06-30 21:45:00,1.14233,1.14235,1.14203,1.14217,299,0,0
2026-07-01 00:00:00,2026-06-30 22:00:00,1.14159,1.14216,1.14159,1.14206,83,28,0
2026-07-01 00:15:00,2026-06-30 22:15:00,1.14204,1.14211,1.14164,1.14198,185,27,0
2026-07-01 00:30:00,2026-06-30 22:30:00,1.14199,1.14219,1.14187,1.14216,200,25,0
2026-07-01 00:45:00,2026-06-30 22:45:00,1.14216,1.14225,1.14205,1.14206,307,20,0
2026-07-01 01:00:00,2026-06-30 23:00:00,1.14217,1.14229,1.14207,1.14214,318,0,0
2026-07-01 01:15:00,2026-06-30 23:15:00,1.14214,1.14222,1.14208,1.14212,264,0,0
2026-07-01 01:30:00,2026-06-30 23:30:00,1.14211,1.14215,1.14206,1.14212,215,0,0
2026-07-01 01:45:00,2026-06-30 23:45:00,1.14212,1.14213,1.14186,1.14200,253,0,0
2026-07-01 02:00:00,2026-07-01 00:00:00,1.14200,1.14204,1.14187,1.14190,280,0,0
2026-07-01 02:15:00,2026-07-01 00:15:00,1.14191,1.14194,1.14166,1.14169,324,0,0
2026-07-01 02:30:00,2026-07-01 00:30:00,1.14170,1.14183,1.14148,1.14149,286,0,0
2026-07-01 02:45:00,2026-07-01 00:45:00,1.14150,1.14152,1.14125,1.14130,394,0,0
2026-07-01 03:00:00,2026-07-01 01:00:00,1.14131,1.14142,1.14119,1.14131,648,0,0
2026-07-01 03:15:00,2026-07-01 01:15:00,1.14131,1.14138,1.14099,1.14127,774,0,0
2026-07-01 03:30:00,2026-07-01 01:30:00,1.14127,1.14132,1.14094,1.14095,637,0,0
2026-07-01 03:45:00,2026-07-01 01:45:00,1.14095,1.14107,1.14085,1.14095,789,0,0
2026-07-01 04:00:00,2026-07-01 02:00:00,1.14096,1.14097,1.14043,1.14052,857,0,0
2026-07-01 04:15:00,2026-07-01 02:15:00,1.14053,1.14084,1.14050,1.14066,817,0,0
2026-07-01 04:30:00,2026-07-01 02:30:00,1.14067,1.14068,1.14047,1.14061,740,0,0
2026-07-01 04:45:00,2026-07-01 02:45:00,1.14062,1.14071,1.14027,1.14044,822,0,0
2026-07-01 05:00:00,2026-07-01 03:00:00,1.14045,1.14068,1.14035,1.14067,751,0,0
2026-07-01 05:15:00,2026-07-01 03:15:00,1.14066,1.14082,1.14038,1.14043,732,0,0
2026-07-01 05:30:00,2026-07-01 03:30:00,1.14044,1.14064,1.14027,1.14054,624,0,0
2026-07-01 05:45:00,2026-07-01 03:45:00,1.14055,1.14072,1.14048,1.14056,485,0,0
2026-07-01 06:00:00,2026-07-01 04:00:00,1.14056,1.14083,1.14053,1.14070,561,0,0
2026-07-01 06:15:00,2026-07-01 04:15:00,1.14070,1.14075,1.14046,1.14052,601,0,0
2026-07-01 06:30:00,2026-07-01 04:30:00,1.14052,1.14058,1.14018,1.14022,573,0,0
2026-07-01 06:45:00,2026-07-01 04:45:00,1.14022,1.14044,1.14019,1.14041,440,0,0
2026-07-01 07:00:00,2026-07-01 05:00:00,1.14042,1.14049,1.14024,1.14048,485,0,0
2026-07-01 07:15:00,2026-07-01 05:15:00,1.14048,1.14050,1.14030,1.14047,458,0,0
2026-07-01 07:30:00,2026-07-01 05:30:00,1.14047,1.14089,1.14044,1.14081,669,0,0
2026-07-01 07:45:00,2026-07-01 05:45:00,1.14081,1.14109,1.14081,1.14085,545,0,0
2026-07-01 08:00:00,2026-07-01 06:00:00,1.14087,1.14099,1.14074,1.14090,517,0,0
2026-07-01 08:15:00,2026-07-01 06:15:00,1.14090,1.14104,1.14080,1.14099,525,0,0
2026-07-01 08:30:00,2026-07-01 06:30:00,1.14099,1.14106,1.14073,1.14101,609,0,0
2026-07-01 08:45:00,2026-07-01 06:45:00,1.14102,1.14102,1.14030,1.14057,760,0,0
2026-07-01 09:00:00,2026-07-01 07:00:00,1.14058,1.14095,1.14018,1.14026,1020,0,0
2026-07-01 09:15:00,2026-07-01 07:15:00,1.14026,1.14049,1.14019,1.14024,820,0,0
2026-07-01 09:30:00,2026-07-01 07:30:00,1.14025,1.14049,1.14003,1.14019,712,0,0
2026-07-01 09:45:00,2026-07-01 07:45:00,1.14019,1.14042,1.14016,1.14030,797,0,0
2026-07-01 10:00:00,2026-07-01 08:00:00,1.14030,1.14043,1.13960,1.13968,1182,0,0
2026-07-01 10:15:00,2026-07-01 08:15:00,1.13969,1.13975,1.13931,1.13933,829,0,0
2026-07-01 10:30:00,2026-07-01 08:30:00,1.13933,1.13998,1.13931,1.13985,887,0,0
2026-07-01 10:45:00,2026-07-01 08:45:00,1.13981,1.14037,1.13973,1.14021,788,0,0
2026-07-01 11:00:00,2026-07-01 09:00:00,1.14022,1.14023,1.13993,1.14003,771,0,0
2026-07-01 11:15:00,2026-07-01 09:15:00,1.14003,1.14040,1.13954,1.13962,884,0,0
2026-07-01 11:30:00,2026-07-01 09:30:00,1.13959,1.14004,1.13941,1.13996,929,0,0
2026-07-01 11:45:00,2026-07-01 09:45:00,1.13996,1.14019,1.13949,1.13966,805,0,0
2026-07-01 12:00:00,2026-07-01 10:00:00,1.13965,1.13996,1.13940,1.13978,967,0,0
2026-07-01 12:15:00,2026-07-01 10:15:00,1.13979,1.13979,1.13920,1.13926,888,0,0
2026-07-01 12:30:00,2026-07-01 10:30:00,1.13925,1.13925,1.13870,1.13893,968,0,0
2026-07-01 12:45:00,2026-07-01 10:45:00,1.13894,1.13896,1.13853,1.13880,759,0,0
2026-07-01 13:00:00,2026-07-01 11:00:00,1.13879,1.13895,1.13860,1.13894,638,0,0
2026-07-01 13:15:00,2026-07-01 11:15:00,1.13895,1.13944,1.13894,1.13944,670,0,0
2026-07-01 13:30:00,2026-07-01 11:30:00,1.13944,1.13979,1.13940,1.13960,674,0,0
2026-07-01 13:45:00,2026-07-01 11:45:00,1.13959,1.14005,1.13959,1.13982,622,0,0
2026-07-01 14:00:00,2026-07-01 12:00:00,1.13983,1.13991,1.13918,1.13937,840,0,0
2026-07-01 14:15:00,2026-07-01 12:15:00,1.13937,1.13953,1.13925,1.13951,868,0,0
2026-07-01 14:30:00,2026-07-01 12:30:00,1.13952,1.13961,1.13934,1.13953,645,0,0
2026-07-01 14:45:00,2026-07-01 12:45:00,1.13954,1.13954,1.13849,1.13856,1056,0,0
2026-07-01 15:00:00,2026-07-01 13:00:00,1.13855,1.13880,1.13805,1.13824,1073,0,0
2026-07-01 15:15:00,2026-07-01 13:15:00,1.13825,1.13873,1.13809,1.13815,950,0,0
2026-07-01 15:30:00,2026-07-01 13:30:00,1.13813,1.13837,1.13689,1.13733,1402,0,0
2026-07-01 15:45:00,2026-07-01 13:45:00,1.13733,1.13754,1.13705,1.13713,1271,0,0
2026-07-01 16:00:00,2026-07-01 14:00:00,1.13712,1.13752,1.13617,1.13619,1576,0,0
2026-07-01 16:15:00,2026-07-01 14:15:00,1.13618,1.13875,1.13618,1.13862,2073,0,0
2026-07-01 16:30:00,2026-07-01 14:30:00,1.13858,1.14050,1.13834,1.14046,2369,0,0
2026-07-01 16:45:00,2026-07-01 14:45:00,1.14045,1.14120,1.13925,1.13953,2126,0,0
2026-07-01 17:00:00,2026-07-01 15:00:00,1.13979,1.14055,1.13918,1.14002,1984,0,0
2026-07-01 17:15:00,2026-07-01 15:15:00,1.14001,1.14004,1.13901,1.13916,1811,0,0
2026-07-01 17:30:00,2026-07-01 15:30:00,1.13917,1.14017,1.13904,1.13945,1724,0,0
2026-07-01 17:45:00,2026-07-01 15:45:00,1.13949,1.13988,1.13848,1.13954,1846,0,0
2026-07-01 18:00:00,2026-07-01 16:00:00,1.13954,1.13963,1.13858,1.13873,1691,0,0
2026-07-01 18:15:00,2026-07-01 16:15:00,1.13872,1.13934,1.13845,1.13925,1319,0,0
2026-07-01 18:30:00,2026-07-01 16:30:00,1.13925,1.13943,1.13788,1.13803,1505,0,0
2026-07-01 18:45:00,2026-07-01 16:45:00,1.13803,1.13875,1.13795,1.13838,1263,0,0
2026-07-01 19:00:00,2026-07-01 17:00:00,1.13837,1.13942,1.13836,1.13877,1288,0,0
2026-07-01 19:15:00,2026-07-01 17:15:00,1.13876,1.13893,1.13833,1.13856,1250,0,0
2026-07-01 19:30:00,2026-07-01 17:30:00,1.13856,1.13858,1.13806,1.13815,1021,0,0
2026-07-01 19:45:00,2026-07-01 17:45:00,1.13814,1.13840,1.13798,1.13824,1064,0,0
2026-07-01 20:00:00,2026-07-01 18:00:00,1.13825,1.13850,1.13799,1.13800,862,0,0
2026-07-01 20:15:00,2026-07-01 18:15:00,1.13802,1.13860,1.13789,1.13848,861,0,0
2026-07-01 20:30:00,2026-07-01 18:30:00,1.13849,1.13860,1.13802,1.13803,777,0,0
2026-07-01 20:45:00,2026-07-01 18:45:00,1.13801,1.13828,1.13797,1.13810,724,0,0
2026-07-01 21:00:00,2026-07-01 19:00:00,1.13811,1.13830,1.13777,1.13788,744,0,0
2026-07-01 21:15:00,2026-07-01 19:15:00,1.13789,1.13789,1.13754,1.13773,726,0,0
2026-07-01 21:30:00,2026-07-01 19:30:00,1.13773,1.13799,1.13761,1.13797,681,0,0
2026-07-01 21:45:00,2026-07-01 19:45:00,1.13796,1.13804,1.13776,1.13799,712,0,0
2026-07-01 22:00:00,2026-07-01 20:00:00,1.13799,1.13817,1.13791,1.13795,667,0,0
2026-07-01 22:15:00,2026-07-01 20:15:00,1.13796,1.13802,1.13777,1.13796,561,0,0
2026-07-01 22:30:00,2026-07-01 20:30:00,1.13796,1.13806,1.13786,1.13803,586,0,0
2026-07-01 22:45:00,2026-07-01 20:45:00,1.13804,1.13812,1.13777,1.13789,761,0,0
2026-07-01 23:00:00,2026-07-01 21:00:00,1.13787,1.13795,1.13774,1.13779,481,0,0
2026-07-01 23:15:00,2026-07-01 21:15:00,1.13780,1.13784,1.13762,1.13766,427,0,0
2026-07-01 23:30:00,2026-07-01 21:30:00,1.13765,1.13774,1.13741,1.13747,415,0,0
2026-07-01 23:45:00,2026-07-01 21:45:00,1.13747,1.13784,1.13739,1.13779,451,0,0
2026-07-02 00:00:00,2026-07-01 22:00:00,1.13759,1.13775,1.13748,1.13775,74,25,0
2026-07-02 00:15:00,2026-07-01 22:15:00,1.13776,1.13786,1.13772,1.13786,174,18,0
2026-07-02 00:30:00,2026-07-01 22:30:00,1.13785,1.13790,1.13783,1.13788,86,12,0
2026-07-02 00:45:00,2026-07-01 22:45:00,1.13787,1.13788,1.13779,1.13780,72,12,0
2026-07-02 01:00:00,2026-07-01 23:00:00,1.13785,1.13788,1.13772,1.13781,233,0,0
2026-07-02 01:15:00,2026-07-01 23:15:00,1.13782,1.13797,1.13778,1.13792,196,0,0
2026-07-02 01:30:00,2026-07-01 23:30:00,1.13792,1.13797,1.13787,1.13793,243,0,0
2026-07-02 01:45:00,2026-07-01 23:45:00,1.13793,1.13794,1.13784,1.13789,157,0,0
2026-07-02 02:00:00,2026-07-02 00:00:00,1.13789,1.13790,1.13779,1.13785,207,0,0
2026-07-02 02:15:00,2026-07-02 00:15:00,1.13781,1.13786,1.13774,1.13781,202,0,0
2026-07-02 02:30:00,2026-07-02 00:30:00,1.13781,1.13785,1.13775,1.13785,234,0,0
2026-07-02 02:45:00,2026-07-02 00:45:00,1.13785,1.13786,1.13771,1.13776,346,0,0
2026-07-02 03:00:00,2026-07-02 01:00:00,1.13775,1.13834,1.13761,1.13806,925,0,0
2026-07-02 03:15:00,2026-07-02 01:15:00,1.13807,1.13807,1.13765,1.13768,724,0,0
2026-07-02 03:30:00,2026-07-02 01:30:00,1.13770,1.13787,1.13751,1.13774,680,0,0
2026-07-02 03:45:00,2026-07-02 01:45:00,1.13774,1.13795,1.13757,1.13766,653,0,0
2026-07-02 04:00:00,2026-07-02 02:00:00,1.13766,1.13801,1.13764,1.13795,636,0,0
2026-07-02 04:15:00,2026-07-02 02:15:00,1.13795,1.13804,1.13776,1.13793,692,0,0
2026-07-02 04:30:00,2026-07-02 02:30:00,1.13793,1.13831,1.13775,1.13813,722,0,0
2026-07-02 04:45:00,2026-07-02 02:45:00,1.13813,1.13860,1.13806,1.13816,728,0,0
2026-07-02 05:00:00,2026-07-02 03:00:00,1.13816,1.13868,1.13814,1.13867,641,0,0
2026-07-02 05:15:00,2026-07-02 03:15:00,1.13867,1.13885,1.13840,1.13851,630,0,0
2026-07-02 05:30:00,2026-07-02 03:30:00,1.13851,1.13865,1.13839,1.13846,542,0,0
2026-07-02 05:45:00,2026-07-02 03:45:00,1.13845,1.13852,1.13811,1.13822,584,0,0
2026-07-02 06:00:00,2026-07-02 04:00:00,1.13823,1.13836,1.13791,1.13797,550,0,0
2026-07-02 06:15:00,2026-07-02 04:15:00,1.13797,1.13807,1.13781,1.13801,542,0,0
2026-07-02 06:30:00,2026-07-02 04:30:00,1.13802,1.13814,1.13791,1.13809,521,0,0
2026-07-02 06:45:00,2026-07-02 04:45:00,1.13808,1.13826,1.13792,1.13823,574,0,0
2026-07-02 07:00:00,2026-07-02 05:00:00,1.13824,1.13875,1.13824,1.13858,861,0,0
2026-07-02 07:15:00,2026-07-02 05:15:00,1.13858,1.13863,1.13838,1.13846,559,0,0
2026-07-02 07:30:00,2026-07-02 05:30:00,1.13846,1.13864,1.13843,1.13858,575,0,0
2026-07-02 07:45:00,2026-07-02 05:45:00,1.13858,1.13884,1.13853,1.13867,525,0,0
2026-07-02 08:00:00,2026-07-02 06:00:00,1.13868,1.13887,1.13855,1.13864,634,0,0
2026-07-02 08:15:00,2026-07-02 06:15:00,1.13863,1.13869,1.13839,1.13846,512,0,0
2026-07-02 08:30:00,2026-07-02 06:30:00,1.13846,1.13854,1.13815,1.13840,723,0,0
2026-07-02 08:45:00,2026-07-02 06:45:00,1.13840,1.13863,1.13833,1.13858,593,0,0
2026-07-02 09:00:00,2026-07-02 07:00:00,1.13859,1.13918,1.13856,1.13892,1107,0,0
2026-07-02 09:15:00,2026-07-02 07:15:00,1.13891,1.13894,1.13863,1.13872,838,0,0
2026-07-02 09:30:00,2026-07-02 07:30:00,1.13876,1.13916,1.13870,1.13915,791,0,0
2026-07-02 09:45:00,2026-07-02 07:45:00,1.13915,1.14043,1.13908,1.13947,1660,0,0
2026-07-02 10:00:00,2026-07-02 08:00:00,1.13946,1.13973,1.13905,1.13956,1374,0,0
2026-07-02 10:15:00,2026-07-02 08:15:00,1.13955,1.14016,1.13931,1.14007,1218,0,0
2026-07-02 10:30:00,2026-07-02 08:30:00,1.14007,1.14074,1.13960,1.14055,1194,0,0
2026-07-02 10:45:00,2026-07-02 08:45:00,1.14056,1.14094,1.14025,1.14079,1230,0,0
2026-07-02 11:00:00,2026-07-02 09:00:00,1.14079,1.14181,1.14067,1.14170,1577,0,0
2026-07-02 11:15:00,2026-07-02 09:15:00,1.14169,1.14186,1.14134,1.14165,1420,0,0
2026-07-02 11:30:00,2026-07-02 09:30:00,1.14164,1.14201,1.14127,1.14168,1333,0,0
2026-07-02 11:45:00,2026-07-02 09:45:00,1.14166,1.14210,1.14156,1.14200,1206,0,0
2026-07-02 12:00:00,2026-07-02 10:00:00,1.14200,1.14211,1.14103,1.14131,1216,0,0
2026-07-02 12:15:00,2026-07-02 10:15:00,1.14132,1.14163,1.14093,1.14097,982,0,0
2026-07-02 12:30:00,2026-07-02 10:30:00,1.14097,1.14141,1.14088,1.14124,859,0,0
2026-07-02 12:45:00,2026-07-02 10:45:00,1.14124,1.14150,1.14097,1.14098,993,0,0
2026-07-02 13:00:00,2026-07-02 11:00:00,1.14098,1.14108,1.14073,1.14074,870,0,0
2026-07-02 13:15:00,2026-07-02 11:15:00,1.14076,1.14081,1.14051,1.14071,783,0,0
2026-07-02 13:30:00,2026-07-02 11:30:00,1.14072,1.14072,1.14031,1.14059,790,0,0
2026-07-02 13:45:00,2026-07-02 11:45:00,1.14058,1.14114,1.14058,1.14104,723,0,0
2026-07-02 14:00:00,2026-07-02 12:00:00,1.14105,1.14118,1.14070,1.14101,839,0,0
2026-07-02 14:15:00,2026-07-02 12:15:00,1.14102,1.14148,1.14101,1.14133,806,0,0
2026-07-02 14:30:00,2026-07-02 12:30:00,1.14133,1.14146,1.14076,1.14077,686,0,0
2026-07-02 14:45:00,2026-07-02 12:45:00,1.14080,1.14083,1.14005,1.14039,865,0,0
2026-07-02 15:00:00,2026-07-02 13:00:00,1.14038,1.14048,1.13982,1.13987,1071,0,0
2026-07-02 15:15:00,2026-07-02 13:15:00,1.13987,1.14014,1.13953,1.13996,1113,0,0
2026-07-02 15:30:00,2026-07-02 13:30:00,1.13996,1.14718,1.13987,1.14712,3208,0,0
2026-07-02 15:45:00,2026-07-02 13:45:00,1.14714,1.14728,1.14485,1.14515,2695,0,0
2026-07-02 16:00:00,2026-07-02 14:00:00,1.14515,1.14554,1.14444,1.14497,2439,0,0
2026-07-02 16:15:00,2026-07-02 14:15:00,1.14497,1.14499,1.14386,1.14412,1913,0,0
2026-07-02 16:30:00,2026-07-02 14:30:00,1.14410,1.14519,1.14394,1.14477,2201,0,0
2026-07-02 16:45:00,2026-07-02 14:45:00,1.14475,1.14539,1.14462,1.14505,1785,0,0
2026-07-02 17:00:00,2026-07-02 15:00:00,1.14506,1.14584,1.14438,1.14565,1876,0,0
2026-07-02 17:15:00,2026-07-02 15:15:00,1.14564,1.14583,1.14422,1.14426,1775,0,0
2026-07-02 17:30:00,2026-07-02 15:30:00,1.14425,1.14455,1.14337,1.14356,1877,0,0
2026-07-02 17:45:00,2026-07-02 15:45:00,1.14357,1.14447,1.14347,1.14438,1746,0,0
2026-07-02 18:00:00,2026-07-02 16:00:00,1.14439,1.14478,1.14398,1.14451,1654,0,0
2026-07-02 18:15:00,2026-07-02 16:15:00,1.14452,1.14479,1.14407,1.14408,1412,0,0
2026-07-02 18:30:00,2026-07-02 16:30:00,1.14414,1.14498,1.14414,1.14447,1369,0,0
2026-07-02 18:45:00,2026-07-02 16:45:00,1.14447,1.14479,1.14422,1.14475,1186,0,0
2026-07-02 19:00:00,2026-07-02 17:00:00,1.14478,1.14483,1.14407,1.14430,1284,0,0
2026-07-02 19:15:00,2026-07-02 17:15:00,1.14430,1.14434,1.14359,1.14365,1140,0,0
2026-07-02 19:30:00,2026-07-02 17:30:00,1.14365,1.14400,1.14354,1.14396,1145,0,0
2026-07-02 19:45:00,2026-07-02 17:45:00,1.14395,1.14410,1.14370,1.14379,1062,0,0
2026-07-02 20:00:00,2026-07-02 18:00:00,1.14376,1.14376,1.14324,1.14346,1107,0,0
2026-07-02 20:15:00,2026-07-02 18:15:00,1.14347,1.14349,1.14298,1.14314,957,0,0
2026-07-02 20:30:00,2026-07-02 18:30:00,1.14313,1.14336,1.14292,1.14294,858,0,0
2026-07-02 20:45:00,2026-07-02 18:45:00,1.14293,1.14321,1.14287,1.14305,841,0,0
2026-07-02 21:00:00,2026-07-02 19:00:00,1.14306,1.14365,1.14301,1.14319,881,0,0
2026-07-02 21:15:00,2026-07-02 19:15:00,1.14318,1.14347,1.14295,1.14332,798,0,0
2026-07-02 21:30:00,2026-07-02 19:30:00,1.14331,1.14371,1.14323,1.14332,727,0,0
2026-07-02 21:45:00,2026-07-02 19:45:00,1.14332,1.14342,1.14324,1.14330,653,0,0
2026-07-02 22:00:00,2026-07-02 20:00:00,1.14330,1.14339,1.14303,1.14323,584,0,0
2026-07-02 22:15:00,2026-07-02 20:15:00,1.14324,1.14325,1.14291,1.14294,494,0,0
2026-07-02 22:30:00,2026-07-02 20:30:00,1.14294,1.14312,1.14277,1.14289,568,0,0
2026-07-02 22:45:00,2026-07-02 20:45:00,1.14289,1.14318,1.14262,1.14309,780,0,0
2026-07-02 23:00:00,2026-07-02 21:00:00,1.14308,1.14327,1.14294,1.14322,346,0,0
2026-07-02 23:15:00,2026-07-02 21:15:00,1.14323,1.14358,1.14323,1.14348,281,0,0
2026-07-02 23:30:00,2026-07-02 21:30:00,1.14349,1.14349,1.14325,1.14329,287,0,0
2026-07-02 23:45:00,2026-07-02 21:45:00,1.14329,1.14356,1.14328,1.14336,329,0,0
2026-07-03 00:00:00,2026-07-02 22:00:00,1.14258,1.14329,1.14257,1.14300,177,40,0
2026-07-03 00:15:00,2026-07-02 22:15:00,1.14300,1.14340,1.14298,1.14335,252,24,0
2026-07-03 00:30:00,2026-07-02 22:30:00,1.14334,1.14334,1.14309,1.14314,193,19,0
2026-07-03 00:45:00,2026-07-02 22:45:00,1.14312,1.14332,1.14303,1.14327,137,16,0
2026-07-03 01:00:00,2026-07-02 23:00:00,1.14331,1.14356,1.14331,1.14340,232,0,0
2026-07-03 01:15:00,2026-07-02 23:15:00,1.14339,1.14339,1.14310,1.14315,348,0,0
2026-07-03 01:30:00,2026-07-02 23:30:00,1.14315,1.14315,1.14279,1.14290,411,0,0
2026-07-03 01:45:00,2026-07-02 23:45:00,1.14291,1.14294,1.14277,1.14291,322,0,0
2026-07-03 02:00:00,2026-07-03 00:00:00,1.14290,1.14295,1.14278,1.14280,335,0,0
2026-07-03 02:15:00,2026-07-03 00:15:00,1.14280,1.14306,1.14280,1.14300,342,0,0
2026-07-03 02:30:00,2026-07-03 00:30:00,1.14300,1.14300,1.14239,1.14260,476,0,0
2026-07-03 02:45:00,2026-07-03 00:45:00,1.14260,1.14267,1.14217,1.14226,581,0,0
2026-07-03 03:00:00,2026-07-03 01:00:00,1.14226,1.14245,1.14207,1.14221,1007,0,0
2026-07-03 03:15:00,2026-07-03 01:15:00,1.14221,1.14235,1.14206,1.14221,723,0,0
2026-07-03 03:30:00,2026-07-03 01:30:00,1.14220,1.14223,1.14207,1.14221,701,0,0
2026-07-03 03:45:00,2026-07-03 01:45:00,1.14222,1.14309,1.14219,1.14307,781,0,0
2026-07-03 04:00:00,2026-07-03 02:00:00,1.14308,1.14374,1.14301,1.14373,1115,0,0
2026-07-03 04:15:00,2026-07-03 02:15:00,1.14373,1.14445,1.14368,1.14393,1210,0,0
2026-07-03 04:30:00,2026-07-03 02:30:00,1.14393,1.14430,1.14380,1.14409,992,0,0
2026-07-03 04:45:00,2026-07-03 02:45:00,1.14409,1.14409,1.14364,1.14370,853,0,0
2026-07-03 05:00:00,2026-07-03 03:00:00,1.14370,1.14424,1.14359,1.14407,779,0,0
2026-07-03 05:15:00,2026-07-03 03:15:00,1.14407,1.14445,1.14406,1.14441,599,0,0
2026-07-03 05:30:00,2026-07-03 03:30:00,1.14440,1.14448,1.14413,1.14433,706,0,0
2026-07-03 05:45:00,2026-07-03 03:45:00,1.14434,1.14437,1.14388,1.14398,652,0,0
2026-07-03 06:00:00,2026-07-03 04:00:00,1.14398,1.14403,1.14378,1.14401,603,0,0
2026-07-03 06:15:00,2026-07-03 04:15:00,1.14400,1.14402,1.14368,1.14390,485,0,0
2026-07-03 06:30:00,2026-07-03 04:30:00,1.14391,1.14410,1.14374,1.14397,554,0,0
2026-07-03 06:45:00,2026-07-03 04:45:00,1.14398,1.14415,1.14392,1.14411,525,0,0
2026-07-03 07:00:00,2026-07-03 05:00:00,1.14411,1.14425,1.14392,1.14423,388,0,0
2026-07-03 07:15:00,2026-07-03 05:15:00,1.14423,1.14433,1.14418,1.14423,404,0,0
2026-07-03 07:30:00,2026-07-03 05:30:00,1.14422,1.14455,1.14416,1.14449,419,0,0
2026-07-03 07:45:00,2026-07-03 05:45:00,1.14448,1.14461,1.14440,1.14460,486,0,0
2026-07-03 08:00:00,2026-07-03 06:00:00,1.14461,1.14534,1.14454,1.14525,871,0,0
2026-07-03 08:15:00,2026-07-03 06:15:00,1.14525,1.14548,1.14504,1.14520,599,0,0
2026-07-03 08:30:00,2026-07-03 06:30:00,1.14519,1.14539,1.14501,1.14526,634,0,0
2026-07-03 08:45:00,2026-07-03 06:45:00,1.14527,1.14539,1.14466,1.14488,778,0,0
2026-07-03 09:00:00,2026-07-03 07:00:00,1.14483,1.14543,1.14483,1.14541,939,0,0
2026-07-03 09:15:00,2026-07-03 07:15:00,1.14542,1.14585,1.14513,1.14530,1044,0,0
2026-07-03 09:30:00,2026-07-03 07:30:00,1.14530,1.14624,1.14525,1.14598,1328,0,0
2026-07-03 09:45:00,2026-07-03 07:45:00,1.14597,1.14609,1.14519,1.14541,1004,0,0
2026-07-03 10:00:00,2026-07-03 08:00:00,1.14538,1.14548,1.14521,1.14541,938,0,0
2026-07-03 10:15:00,2026-07-03 08:15:00,1.14538,1.14569,1.14510,1.14556,867,0,0
2026-07-03 10:30:00,2026-07-03 08:30:00,1.14557,1.14567,1.14474,1.14514,887,0,0
2026-07-03 10:45:00,2026-07-03 08:45:00,1.14514,1.14580,1.14505,1.14544,915,0,0
2026-07-03 11:00:00,2026-07-03 09:00:00,1.14545,1.14561,1.14504,1.14538,910,0,0
2026-07-03 11:15:00,2026-07-03 09:15:00,1.14537,1.14549,1.14509,1.14537,743,0,0
2026-07-03 11:30:00,2026-07-03 09:30:00,1.14538,1.14578,1.14518,1.14547,779,0,0
2026-07-03 11:45:00,2026-07-03 09:45:00,1.14546,1.14549,1.14510,1.14528,817,0,0
2026-07-03 12:00:00,2026-07-03 10:00:00,1.14528,1.14529,1.14480,1.14501,705,0,0
2026-07-03 12:15:00,2026-07-03 10:15:00,1.14499,1.14519,1.14472,1.14475,671,0,0
2026-07-03 12:30:00,2026-07-03 10:30:00,1.14481,1.14493,1.14468,1.14470,598,0,0
2026-07-03 12:45:00,2026-07-03 10:45:00,1.14470,1.14470,1.14403,1.14410,787,0,0
2026-07-03 13:00:00,2026-07-03 11:00:00,1.14408,1.14474,1.14406,1.14463,677,0,0
2026-07-03 13:15:00,2026-07-03 11:15:00,1.14463,1.14474,1.14440,1.14446,672,0,0
2026-07-03 13:30:00,2026-07-03 11:30:00,1.14446,1.14487,1.14440,1.14474,529,0,0
2026-07-03 13:45:00,2026-07-03 11:45:00,1.14475,1.14501,1.14466,1.14468,469,0,0
2026-07-03 14:00:00,2026-07-03 12:00:00,1.14467,1.14550,1.14463,1.14543,662,0,0
2026-07-03 14:15:00,2026-07-03 12:15:00,1.14544,1.14574,1.14533,1.14549,615,0,0
2026-07-03 14:30:00,2026-07-03 12:30:00,1.14548,1.14555,1.14494,1.14497,594,0,0
2026-07-03 14:45:00,2026-07-03 12:45:00,1.14496,1.14509,1.14469,1.14504,780,0,0
2026-07-03 15:00:00,2026-07-03 13:00:00,1.14503,1.14528,1.14466,1.14505,718,0,0
2026-07-03 15:15:00,2026-07-03 13:15:00,1.14506,1.14508,1.14461,1.14478,722,0,0
2026-07-03 15:30:00,2026-07-03 13:30:00,1.14477,1.14509,1.14464,1.14477,600,0,0
2026-07-03 15:45:00,2026-07-03 13:45:00,1.14477,1.14494,1.14466,1.14470,652,0,0
2026-07-03 16:00:00,2026-07-03 14:00:00,1.14469,1.14480,1.14417,1.14444,799,0,0
2026-07-03 16:15:00,2026-07-03 14:15:00,1.14444,1.14445,1.14411,1.14438,741,0,0
2026-07-03 16:30:00,2026-07-03 14:30:00,1.14437,1.14439,1.14401,1.14417,771,0,0
2026-07-03 16:45:00,2026-07-03 14:45:00,1.14417,1.14427,1.14380,1.14403,737,0,0
2026-07-03 17:00:00,2026-07-03 15:00:00,1.14404,1.14427,1.14387,1.14413,751,0,0
2026-07-03 17:15:00,2026-07-03 15:15:00,1.14413,1.14477,1.14412,1.14469,736,0,0
2026-07-03 17:30:00,2026-07-03 15:30:00,1.14469,1.14480,1.14432,1.14437,666,0,0
2026-07-03 17:45:00,2026-07-03 15:45:00,1.14439,1.14449,1.14411,1.14415,671,0,0
2026-07-03 18:00:00,2026-07-03 16:00:00,1.14416,1.14446,1.14408,1.14418,702,0,0
2026-07-03 18:15:00,2026-07-03 16:15:00,1.14417,1.14439,1.14386,1.14402,547,0,0
2026-07-03 18:30:00,2026-07-03 16:30:00,1.14403,1.14418,1.14386,1.14386,466,0,0
2026-07-03 18:45:00,2026-07-03 16:45:00,1.14387,1.14397,1.14350,1.14370,549,0,0
2026-07-03 19:00:00,2026-07-03 17:00:00,1.14370,1.14397,1.14363,1.14386,454,0,0
2026-07-03 19:15:00,2026-07-03 17:15:00,1.14385,1.14393,1.14369,1.14371,349,0,0
2026-07-03 19:30:00,2026-07-03 17:30:00,1.14372,1.14378,1.14352,1.14355,360,0,0
2026-07-03 19:45:00,2026-07-03 17:45:00,1.14355,1.14378,1.14353,1.14375,374,0,0
2026-07-03 20:00:00,2026-07-03 18:00:00,1.14376,1.14420,1.14375,1.14402,573,0,0
2026-07-03 20:15:00,2026-07-03 18:15:00,1.14401,1.14414,1.14399,1.14401,487,0,0
2026-07-03 20:30:00,2026-07-03 18:30:00,1.14402,1.14415,1.14393,1.14405,979,0,0
2026-07-03 20:45:00,2026-07-03 18:45:00,1.14403,1.14411,1.14395,1.14400,1434,0,0
2026-07-03 21:00:00,2026-07-03 19:00:00,1.14401,1.14412,1.14382,1.14391,1211,0,0
2026-07-03 21:15:00,2026-07-03 19:15:00,1.14391,1.14404,1.14390,1.14396,860,0,0
2026-07-03 21:30:00,2026-07-03 19:30:00,1.14394,1.14401,1.14392,1.14398,881,0,0
2026-07-03 21:45:00,2026-07-03 19:45:00,1.14399,1.14405,1.14381,1.14389,417,0,0
2026-07-03 22:00:00,2026-07-03 20:00:00,1.14389,1.14404,1.14379,1.14393,894,0,0
2026-07-03 22:15:00,2026-07-03 20:15:00,1.14393,1.14395,1.14383,1.14385,875,0,0
2026-07-03 22:30:00,2026-07-03 20:30:00,1.14385,1.14386,1.14371,1.14377,887,0,0
2026-07-03 22:45:00,2026-07-03 20:45:00,1.14376,1.14383,1.14355,1.14364,345,1,0
2026-07-03 23:00:00,2026-07-03 21:00:00,1.14364,1.14372,1.14349,1.14360,326,1,0
2026-07-03 23:15:00,2026-07-03 21:15:00,1.14361,1.14365,1.14348,1.14360,352,2,0
2026-07-03 23:30:00,2026-07-03 21:30:00,1.14361,1.14365,1.14354,1.14359,195,2,0
2026-07-03 23:45:00,2026-07-03 21:45:00,1.14358,1.14362,1.14333,1.14356,316,7,0
2026-07-06 00:00:00,2026-07-05 22:00:00,1.14376,1.14380,1.14316,1.14333,54,68,0
2026-07-06 00:15:00,2026-07-05 22:15:00,1.14338,1.14353,1.14330,1.14343,69,53,0
2026-07-06 00:30:00,2026-07-05 22:30:00,1.14342,1.14350,1.14329,1.14339,584,48,0
2026-07-06 00:45:00,2026-07-05 22:45:00,1.14334,1.14357,1.14334,1.14352,64,45,0
2026-07-06 01:00:00,2026-07-05 23:00:00,1.14371,1.14376,1.14346,1.14359,478,0,0
2026-07-06 01:15:00,2026-07-05 23:15:00,1.14359,1.14370,1.14352,1.14362,329,0,0
2026-07-06 01:30:00,2026-07-05 23:30:00,1.14362,1.14378,1.14361,1.14376,322,0,0
2026-07-06 01:45:00,2026-07-05 23:45:00,1.14376,1.14379,1.14358,1.14366,204,0,0
2026-07-06 02:00:00,2026-07-06 00:00:00,1.14366,1.14373,1.14335,1.14343,333,0,0
2026-07-06 02:15:00,2026-07-06 00:15:00,1.14342,1.14370,1.14330,1.14362,371,0,0
2026-07-06 02:30:00,2026-07-06 00:30:00,1.14362,1.14379,1.14357,1.14372,360,0,0
2026-07-06 02:45:00,2026-07-06 00:45:00,1.14371,1.14381,1.14351,1.14366,641,0,0
2026-07-06 03:00:00,2026-07-06 01:00:00,1.14365,1.14376,1.14328,1.14363,872,0,0
2026-07-06 03:15:00,2026-07-06 01:15:00,1.14363,1.14411,1.14362,1.14386,873,0,0
2026-07-06 03:30:00,2026-07-06 01:30:00,1.14385,1.14409,1.14376,1.14396,914,0,0
2026-07-06 03:45:00,2026-07-06 01:45:00,1.14397,1.14403,1.14371,1.14383,895,0,0
2026-07-06 04:00:00,2026-07-06 02:00:00,1.14384,1.14387,1.14355,1.14368,829,0,0
2026-07-06 04:15:00,2026-07-06 02:15:00,1.14368,1.14368,1.14305,1.14316,814,0,0
2026-07-06 04:30:00,2026-07-06 02:30:00,1.14317,1.14350,1.14307,1.14341,842,0,0
2026-07-06 04:45:00,2026-07-06 02:45:00,1.14341,1.14342,1.14283,1.14286,734,0,0
2026-07-06 05:00:00,2026-07-06 03:00:00,1.14286,1.14301,1.14274,1.14297,814,0,0
2026-07-06 05:15:00,2026-07-06 03:15:00,1.14297,1.14309,1.14286,1.14292,611,0,0
2026-07-06 05:30:00,2026-07-06 03:30:00,1.14293,1.14305,1.14286,1.14296,662,0,0
2026-07-06 05:45:00,2026-07-06 03:45:00,1.14296,1.14352,1.14296,1.14339,576,0,0
2026-07-06 06:00:00,2026-07-06 04:00:00,1.14338,1.14359,1.14331,1.14333,553,0,0
2026-07-06 06:15:00,2026-07-06 04:15:00,1.14331,1.14334,1.14291,1.14292,569,0,0
2026-07-06 06:30:00,2026-07-06 04:30:00,1.14292,1.14313,1.14279,1.14313,604,0,0
2026-07-06 06:45:00,2026-07-06 04:45:00,1.14313,1.14322,1.14296,1.14318,464,0,0
2026-07-06 07:00:00,2026-07-06 05:00:00,1.14318,1.14342,1.14315,1.14335,493,0,0
2026-07-06 07:15:00,2026-07-06 05:15:00,1.14335,1.14342,1.14321,1.14322,468,0,0
2026-07-06 07:30:00,2026-07-06 05:30:00,1.14321,1.14337,1.14320,1.14337,545,0,0
2026-07-06 07:45:00,2026-07-06 05:45:00,1.14337,1.14337,1.14318,1.14329,463,0,0
2026-07-06 08:00:00,2026-07-06 06:00:00,1.14331,1.14334,1.14287,1.14298,661,0,0
2026-07-06 08:15:00,2026-07-06 06:15:00,1.14299,1.14300,1.14275,1.14288,533,0,0
2026-07-06 08:30:00,2026-07-06 06:30:00,1.14288,1.14324,1.14282,1.14296,599,0,0
2026-07-06 08:45:00,2026-07-06 06:45:00,1.14297,1.14317,1.14227,1.14238,779,0,0
2026-07-06 09:00:00,2026-07-06 07:00:00,1.14237,1.14290,1.14235,1.14255,1047,0,0
2026-07-06 09:15:00,2026-07-06 07:15:00,1.14253,1.14257,1.14216,1.14240,1030,0,0
2026-07-06 09:30:00,2026-07-06 07:30:00,1.14242,1.14254,1.14198,1.14235,1003,0,0
2026-07-06 09:45:00,2026-07-06 07:45:00,1.14236,1.14255,1.14200,1.14230,903,0,0
2026-07-06 10:00:00,2026-07-06 08:00:00,1.14229,1.14255,1.14167,1.14253,1231,0,0
2026-07-06 10:15:00,2026-07-06 08:15:00,1.14254,1.14282,1.14205,1.14223,1142,0,0
2026-07-06 10:30:00,2026-07-06 08:30:00,1.14224,1.14273,1.14216,1.14252,1121,0,0
2026-07-06 10:45:00,2026-07-06 08:45:00,1.14251,1.14277,1.14222,1.14266,975,0,0
2026-07-06 11:00:00,2026-07-06 09:00:00,1.14267,1.14273,1.14157,1.14192,1024,0,0
2026-07-06 11:15:00,2026-07-06 09:15:00,1.14192,1.14211,1.14168,1.14190,891,0,0
2026-07-06 11:30:00,2026-07-06 09:30:00,1.14191,1.14209,1.14162,1.14165,693,0,0
2026-07-06 11:45:00,2026-07-06 09:45:00,1.14165,1.14208,1.14152,1.14206,790,0,0
2026-07-06 12:00:00,2026-07-06 10:00:00,1.14206,1.14215,1.14175,1.14188,947,0,0
2026-07-06 12:15:00,2026-07-06 10:15:00,1.14187,1.14198,1.14170,1.14184,708,0,0
2026-07-06 12:30:00,2026-07-06 10:30:00,1.14181,1.14202,1.14172,1.14176,665,0,0
2026-07-06 12:45:00,2026-07-06 10:45:00,1.14175,1.14176,1.14110,1.14133,832,0,0
2026-07-06 13:00:00,2026-07-06 11:00:00,1.14131,1.14161,1.14098,1.14158,877,0,0
2026-07-06 13:15:00,2026-07-06 11:15:00,1.14157,1.14201,1.14144,1.14158,751,0,0
2026-07-06 13:30:00,2026-07-06 11:30:00,1.14157,1.14209,1.14152,1.14192,681,0,0
2026-07-06 13:45:00,2026-07-06 11:45:00,1.14191,1.14214,1.14170,1.14196,842,0,0
2026-07-06 14:00:00,2026-07-06 12:00:00,1.14196,1.14204,1.14158,1.14186,815,0,0
2026-07-06 14:15:00,2026-07-06 12:15:00,1.14187,1.14194,1.14159,1.14182,676,0,0
2026-07-06 14:30:00,2026-07-06 12:30:00,1.14183,1.14193,1.14140,1.14145,617,0,0
2026-07-06 14:45:00,2026-07-06 12:45:00,1.14145,1.14167,1.14119,1.14152,853,0,0
2026-07-06 15:00:00,2026-07-06 13:00:00,1.14151,1.14199,1.14141,1.14173,847,0,0
2026-07-06 15:15:00,2026-07-06 13:15:00,1.14173,1.14195,1.14155,1.14176,834,0,0
2026-07-06 15:30:00,2026-07-06 13:30:00,1.14175,1.14182,1.14126,1.14139,741,0,0
2026-07-06 15:45:00,2026-07-06 13:45:00,1.14138,1.14165,1.14108,1.14132,824,0,0
2026-07-06 16:00:00,2026-07-06 14:00:00,1.14132,1.14206,1.14109,1.14181,1026,0,0
2026-07-06 16:15:00,2026-07-06 14:15:00,1.14181,1.14229,1.14179,1.14205,986,0,0
2026-07-06 16:30:00,2026-07-06 14:30:00,1.14206,1.14215,1.14165,1.14171,1182,0,0
2026-07-06 16:45:00,2026-07-06 14:45:00,1.14172,1.14172,1.14085,1.14133,1047,0,0
2026-07-06 17:00:00,2026-07-06 15:00:00,1.14129,1.14201,1.14108,1.14192,1153,0,0
2026-07-06 17:15:00,2026-07-06 15:15:00,1.14193,1.14197,1.14145,1.14151,1091,0,0
2026-07-06 17:30:00,2026-07-06 15:30:00,1.14151,1.14183,1.14119,1.14122,1070,0,0
2026-07-06 17:45:00,2026-07-06 15:45:00,1.14121,1.14186,1.14111,1.14171,1015,0,0
2026-07-06 18:00:00,2026-07-06 16:00:00,1.14172,1.14197,1.14152,1.14168,956,0,0
2026-07-06 18:15:00,2026-07-06 16:15:00,1.14167,1.14189,1.14156,1.14179,894,0,0
2026-07-06 18:30:00,2026-07-06 16:30:00,1.14176,1.14240,1.14166,1.14232,874,0,0
2026-07-06 18:45:00,2026-07-06 16:45:00,1.14233,1.14262,1.14227,1.14253,881,0,0
2026-07-06 19:00:00,2026-07-06 17:00:00,1.14253,1.14288,1.14249,1.14264,841,0,0
2026-07-06 19:15:00,2026-07-06 17:15:00,1.14264,1.14311,1.14262,1.14301,669,0,0
2026-07-06 19:30:00,2026-07-06 17:30:00,1.14299,1.14302,1.14260,1.14281,632,0,0
2026-07-06 19:45:00,2026-07-06 17:45:00,1.14281,1.14321,1.14272,1.14307,705,0,0
2026-07-06 20:00:00,2026-07-06 18:00:00,1.14306,1.14342,1.14301,1.14341,794,0,0
2026-07-06 20:15:00,2026-07-06 18:15:00,1.14341,1.14370,1.14334,1.14360,684,0,0
2026-07-06 20:30:00,2026-07-06 18:30:00,1.14360,1.14394,1.14355,1.14386,714,0,0
2026-07-06 20:45:00,2026-07-06 18:45:00,1.14384,1.14391,1.14359,1.14362,539,0,0
2026-07-06 21:00:00,2026-07-06 19:00:00,1.14363,1.14383,1.14349,1.14363,613,0,0
2026-07-06 21:15:00,2026-07-06 19:15:00,1.14363,1.14391,1.14360,1.14391,450,0,0
2026-07-06 21:30:00,2026-07-06 19:30:00,1.14392,1.14429,1.14379,1.14421,577,0,0
2026-07-06 21:45:00,2026-07-06 19:45:00,1.14421,1.14450,1.14419,1.14429,505,0,0
2026-07-06 22:00:00,2026-07-06 20:00:00,1.14428,1.14429,1.14409,1.14412,485,0,0
2026-07-06 22:15:00,2026-07-06 20:15:00,1.14411,1.14416,1.14379,1.14389,547,0,0
2026-07-06 22:30:00,2026-07-06 20:30:00,1.14390,1.14412,1.14388,1.14397,419,0,0
2026-07-06 22:45:00,2026-07-06 20:45:00,1.14397,1.14419,1.14395,1.14410,629,0,0
2026-07-06 23:00:00,2026-07-06 21:00:00,1.14410,1.14421,1.14403,1.14405,415,0,0
2026-07-06 23:15:00,2026-07-06 21:15:00,1.14404,1.14420,1.14396,1.14416,270,0,0
2026-07-06 23:30:00,2026-07-06 21:30:00,1.14416,1.14418,1.14398,1.14404,254,0,0
2026-07-06 23:45:00,2026-07-06 21:45:00,1.14403,1.14408,1.14397,1.14407,240,0,0
2026-07-07 00:00:00,2026-07-06 22:00:00,1.14399,1.14415,1.14399,1.14412,200,16,0
2026-07-07 00:15:00,2026-07-06 22:15:00,1.14413,1.14416,1.14405,1.14412,214,17,0
2026-07-07 00:30:00,2026-07-06 22:30:00,1.14411,1.14417,1.14398,1.14405,215,18,0
2026-07-07 00:45:00,2026-07-06 22:45:00,1.14405,1.14442,1.14404,1.14439,345,12,0
2026-07-07 01:00:00,2026-07-06 23:00:00,1.14446,1.14449,1.14422,1.14440,357,0,0
2026-07-07 01:15:00,2026-07-06 23:15:00,1.14440,1.14440,1.14429,1.14432,322,0,0
2026-07-07 01:30:00,2026-07-06 23:30:00,1.14431,1.14443,1.14429,1.14433,246,0,0
2026-07-07 01:45:00,2026-07-06 23:45:00,1.14433,1.14452,1.14433,1.14450,171,0,0
2026-07-07 02:00:00,2026-07-07 00:00:00,1.14451,1.14481,1.14447,1.14455,380,0,0
2026-07-07 02:15:00,2026-07-07 00:15:00,1.14456,1.14470,1.14441,1.14442,348,0,0
2026-07-07 02:30:00,2026-07-07 00:30:00,1.14442,1.14452,1.14434,1.14445,256,0,0
2026-07-07 02:45:00,2026-07-07 00:45:00,1.14445,1.14447,1.14412,1.14415,527,0,0
2026-07-07 03:00:00,2026-07-07 01:00:00,1.14412,1.14424,1.14403,1.14411,810,0,0
2026-07-07 03:15:00,2026-07-07 01:15:00,1.14411,1.14412,1.14381,1.14385,687,0,0
2026-07-07 03:30:00,2026-07-07 01:30:00,1.14386,1.14404,1.14380,1.14395,682,0,0
2026-07-07 03:45:00,2026-07-07 01:45:00,1.14395,1.14422,1.14385,1.14387,847,0,0
2026-07-07 04:00:00,2026-07-07 02:00:00,1.14388,1.14400,1.14383,1.14396,791,0,0
2026-07-07 04:15:00,2026-07-07 02:15:00,1.14398,1.14403,1.14369,1.14397,550,0,0
2026-07-07 04:30:00,2026-07-07 02:30:00,1.14396,1.14466,1.14394,1.14397,1007,0,0
2026-07-07 04:45:00,2026-07-07 02:45:00,1.14396,1.14473,1.14396,1.14439,875,0,0
2026-07-07 05:00:00,2026-07-07 03:00:00,1.14439,1.14461,1.14425,1.14431,731,0,0
2026-07-07 05:15:00,2026-07-07 03:15:00,1.14431,1.14439,1.14417,1.14417,497,0,0
2026-07-07 05:30:00,2026-07-07 03:30:00,1.14417,1.14437,1.14406,1.14413,505,0,0
2026-07-07 05:45:00,2026-07-07 03:45:00,1.14412,1.14415,1.14394,1.14394,514,0,0
2026-07-07 06:00:00,2026-07-07 04:00:00,1.14395,1.14420,1.14392,1.14406,530,0,0
2026-07-07 06:15:00,2026-07-07 04:15:00,1.14406,1.14428,1.14394,1.14394,573,0,0
2026-07-07 06:30:00,2026-07-07 04:30:00,1.14394,1.14403,1.14367,1.14376,597,0,0
2026-07-07 06:45:00,2026-07-07 04:45:00,1.14377,1.14381,1.14361,1.14368,548,0,0
2026-07-07 07:00:00,2026-07-07 05:00:00,1.14368,1.14388,1.14364,1.14376,441,0,0
2026-07-07 07:15:00,2026-07-07 05:15:00,1.14376,1.14385,1.14363,1.14370,428,0,0
2026-07-07 07:30:00,2026-07-07 05:30:00,1.14371,1.14393,1.14366,1.14380,496,0,0
2026-07-07 07:45:00,2026-07-07 05:45:00,1.14380,1.14392,1.14353,1.14356,558,0,0
2026-07-07 08:00:00,2026-07-07 06:00:00,1.14356,1.14374,1.14340,1.14342,672,0,0
2026-07-07 08:15:00,2026-07-07 06:15:00,1.14343,1.14349,1.14298,1.14307,838,0,0
2026-07-07 08:30:00,2026-07-07 06:30:00,1.14307,1.14333,1.14288,1.14291,842,0,0
2026-07-07 08:45:00,2026-07-07 06:45:00,1.14290,1.14320,1.14281,1.14319,719,0,0
2026-07-07 09:00:00,2026-07-07 07:00:00,1.14319,1.14324,1.14252,1.14272,930,0,0
2026-07-07 09:15:00,2026-07-07 07:15:00,1.14271,1.14306,1.14268,1.14277,935,0,0
2026-07-07 09:30:00,2026-07-07 07:30:00,1.14278,1.14313,1.14278,1.14294,679,0,0
2026-07-07 09:45:00,2026-07-07 07:45:00,1.14293,1.14314,1.14276,1.14298,654,0,0
2026-07-07 10:00:00,2026-07-07 08:00:00,1.14299,1.14300,1.14257,1.14285,866,0,0
2026-07-07 10:15:00,2026-07-07 08:15:00,1.14286,1.14322,1.14263,1.14267,911,0,0
2026-07-07 10:30:00,2026-07-07 08:30:00,1.14266,1.14303,1.14260,1.14276,822,0,0
2026-07-07 10:45:00,2026-07-07 08:45:00,1.14275,1.14283,1.14249,1.14253,773,0,0
2026-07-07 11:00:00,2026-07-07 09:00:00,1.14252,1.14325,1.14250,1.14313,939,0,0
2026-07-07 11:15:00,2026-07-07 09:15:00,1.14312,1.14340,1.14283,1.14325,896,0,0
2026-07-07 11:30:00,2026-07-07 09:30:00,1.14326,1.14360,1.14310,1.14310,948,0,0
2026-07-07 11:45:00,2026-07-07 09:45:00,1.14308,1.14335,1.14270,1.14277,1100,0,0
2026-07-07 12:00:00,2026-07-07 10:00:00,1.14278,1.14291,1.14264,1.14271,759,0,0
2026-07-07 12:15:00,2026-07-07 10:15:00,1.14272,1.14294,1.14254,1.14276,752,0,0
2026-07-07 12:30:00,2026-07-07 10:30:00,1.14275,1.14301,1.14257,1.14285,710,0,0
2026-07-07 12:45:00,2026-07-07 10:45:00,1.14284,1.14295,1.14244,1.14251,751,0,0
2026-07-07 13:00:00,2026-07-07 11:00:00,1.14251,1.14290,1.14233,1.14289,745,0,0
2026-07-07 13:15:00,2026-07-07 11:15:00,1.14290,1.14306,1.14284,1.14302,658,0,0
2026-07-07 13:30:00,2026-07-07 11:30:00,1.14301,1.14318,1.14291,1.14299,593,0,0
2026-07-07 13:45:00,2026-07-07 11:45:00,1.14300,1.14343,1.14290,1.14338,616,0,0
2026-07-07 14:00:00,2026-07-07 12:00:00,1.14340,1.14345,1.14317,1.14331,793,0,0
2026-07-07 14:15:00,2026-07-07 12:15:00,1.14332,1.14393,1.14328,1.14371,862,0,0
2026-07-07 14:30:00,2026-07-07 12:30:00,1.14371,1.14372,1.14323,1.14325,739,0,0
2026-07-07 14:45:00,2026-07-07 12:45:00,1.14325,1.14347,1.14249,1.14325,1071,0,0
2026-07-07 15:00:00,2026-07-07 13:00:00,1.14326,1.14348,1.14308,1.14339,1061,0,0
2026-07-07 15:15:00,2026-07-07 13:15:00,1.14339,1.14419,1.14312,1.14406,1004,0,0
2026-07-07 15:30:00,2026-07-07 13:30:00,1.14406,1.14423,1.14355,1.14361,952,0,0
2026-07-07 15:45:00,2026-07-07 13:45:00,1.14361,1.14382,1.14344,1.14366,923,0,0
2026-07-07 16:00:00,2026-07-07 14:00:00,1.14366,1.14367,1.14303,1.14335,972,0,0
2026-07-07 16:15:00,2026-07-07 14:15:00,1.14335,1.14379,1.14328,1.14351,1017,0,0
2026-07-07 16:30:00,2026-07-07 14:30:00,1.14350,1.14414,1.14350,1.14400,1260,0,0
2026-07-07 16:45:00,2026-07-07 14:45:00,1.14401,1.14420,1.14343,1.14362,1206,0,0
2026-07-07 17:00:00,2026-07-07 15:00:00,1.14362,1.14380,1.14236,1.14265,1529,0,0
2026-07-07 17:15:00,2026-07-07 15:15:00,1.14265,1.14314,1.14253,1.14298,1460,0,0
2026-07-07 17:30:00,2026-07-07 15:30:00,1.14299,1.14333,1.14279,1.14325,1169,0,0
2026-07-07 17:45:00,2026-07-07 15:45:00,1.14326,1.14371,1.14316,1.14330,1300,0,0
2026-07-07 18:00:00,2026-07-07 16:00:00,1.14330,1.14349,1.14288,1.14302,1135,0,0
2026-07-07 18:15:00,2026-07-07 16:15:00,1.14302,1.14302,1.14254,1.14286,1122,0,0
2026-07-07 18:30:00,2026-07-07 16:30:00,1.14286,1.14290,1.14256,1.14258,993,0,0
2026-07-07 18:45:00,2026-07-07 16:45:00,1.14257,1.14267,1.14219,1.14229,960,0,0
2026-07-07 19:00:00,2026-07-07 17:00:00,1.14229,1.14258,1.14214,1.14225,774,0,0
2026-07-07 19:15:00,2026-07-07 17:15:00,1.14226,1.14229,1.14180,1.14186,803,0,0
2026-07-07 19:30:00,2026-07-07 17:30:00,1.14185,1.14216,1.14183,1.14202,704,0,0
2026-07-07 19:45:00,2026-07-07 17:45:00,1.14202,1.14239,1.14198,1.14236,782,0,0
2026-07-07 20:00:00,2026-07-07 18:00:00,1.14237,1.14263,1.14224,1.14232,759,0,0
2026-07-07 20:15:00,2026-07-07 18:15:00,1.14233,1.14255,1.14221,1.14240,656,0,0
2026-07-07 20:30:00,2026-07-07 18:30:00,1.14240,1.14265,1.14230,1.14261,556,0,0
2026-07-07 20:45:00,2026-07-07 18:45:00,1.14261,1.14295,1.14254,1.14283,549,0,0
2026-07-07 21:00:00,2026-07-07 19:00:00,1.14283,1.14288,1.14256,1.14271,558,0,0
2026-07-07 21:15:00,2026-07-07 19:15:00,1.14270,1.14300,1.14266,1.14277,426,0,0
2026-07-07 21:30:00,2026-07-07 19:30:00,1.14277,1.14290,1.14258,1.14280,675,0,0
2026-07-07 21:45:00,2026-07-07 19:45:00,1.14279,1.14290,1.14173,1.14185,1294,0,0
2026-07-07 22:00:00,2026-07-07 20:00:00,1.14185,1.14195,1.14115,1.14117,1249,0,0
2026-07-07 22:15:00,2026-07-07 20:15:00,1.14119,1.14139,1.14083,1.14125,1395,0,0
2026-07-07 22:30:00,2026-07-07 20:30:00,1.14126,1.14168,1.14125,1.14154,1068,0,0
2026-07-07 22:45:00,2026-07-07 20:45:00,1.14155,1.14173,1.14138,1.14165,816,0,0
2026-07-07 23:00:00,2026-07-07 21:00:00,1.14165,1.14173,1.14139,1.14141,483,0,0
2026-07-07 23:15:00,2026-07-07 21:15:00,1.14140,1.14150,1.14123,1.14139,425,0,0
2026-07-07 23:30:00,2026-07-07 21:30:00,1.14138,1.14139,1.14109,1.14119,326,0,0
2026-07-07 23:45:00,2026-07-07 21:45:00,1.14119,1.14122,1.14103,1.14114,325,0,0
2026-07-08 00:00:00,2026-07-07 22:00:00,1.14061,1.14122,1.14060,1.14080,222,12,0
2026-07-08 00:15:00,2026-07-07 22:15:00,1.14081,1.14094,1.14043,1.14063,422,12,0
2026-07-08 00:30:00,2026-07-07 22:30:00,1.14061,1.14061,1.14014,1.14057,352,16,0
2026-07-08 00:45:00,2026-07-07 22:45:00,1.14058,1.14082,1.14021,1.14035,322,18,0
2026-07-08 01:00:00,2026-07-07 23:00:00,1.14052,1.14089,1.14052,1.14059,337,0,0
2026-07-08 01:15:00,2026-07-07 23:15:00,1.14059,1.14070,1.14049,1.14051,319,0,0
2026-07-08 01:30:00,2026-07-07 23:30:00,1.14051,1.14056,1.14031,1.14050,310,0,0
2026-07-08 01:45:00,2026-07-07 23:45:00,1.14050,1.14071,1.14042,1.14070,198,0,0
2026-07-08 02:00:00,2026-07-08 00:00:00,1.14070,1.14083,1.14037,1.14039,339,0,0
2026-07-08 02:15:00,2026-07-08 00:15:00,1.14039,1.14065,1.14034,1.14050,325,0,0
2026-07-08 02:30:00,2026-07-08 00:30:00,1.14050,1.14057,1.14041,1.14041,242,0,0
2026-07-08 02:45:00,2026-07-08 00:45:00,1.14041,1.14043,1.14000,1.14015,436,0,0
2026-07-08 03:00:00,2026-07-08 01:00:00,1.14016,1.14066,1.14002,1.14055,1044,0,0
2026-07-08 03:15:00,2026-07-08 01:15:00,1.14055,1.14085,1.14029,1.14071,881,0,0
2026-07-08 03:30:00,2026-07-08 01:30:00,1.14071,1.14116,1.14066,1.14102,816,0,0
2026-07-08 03:45:00,2026-07-08 01:45:00,1.14101,1.14111,1.14070,1.14079,912,0,0
2026-07-08 04:00:00,2026-07-08 02:00:00,1.14079,1.14094,1.14057,1.14077,878,0,0
2026-07-08 04:15:00,2026-07-08 02:15:00,1.14078,1.14080,1.14039,1.14042,633,0,0
2026-07-08 04:30:00,2026-07-08 02:30:00,1.14042,1.14043,1.13987,1.14000,927,0,0
2026-07-08 04:45:00,2026-07-08 02:45:00,1.14000,1.14063,1.13997,1.14055,1028,0,0
2026-07-08 05:00:00,2026-07-08 03:00:00,1.14059,1.14076,1.14047,1.14060,832,0,0
2026-07-08 05:15:00,2026-07-08 03:15:00,1.14059,1.14121,1.14059,1.14109,784,0,0
2026-07-08 05:30:00,2026-07-08 03:30:00,1.14109,1.14127,1.14087,1.14121,553,0,0
2026-07-08 05:45:00,2026-07-08 03:45:00,1.14121,1.14126,1.14105,1.14112,489,0,0
2026-07-08 06:00:00,2026-07-08 04:00:00,1.14113,1.14157,1.14113,1.14156,623,0,0
2026-07-08 06:15:00,2026-07-08 04:15:00,1.14157,1.14166,1.14143,1.14153,499,0,0
2026-07-08 06:30:00,2026-07-08 04:30:00,1.14154,1.14154,1.14135,1.14148,592,0,0
2026-07-08 06:45:00,2026-07-08 04:45:00,1.14149,1.14155,1.14133,1.14145,456,0,0
2026-07-08 07:00:00,2026-07-08 05:00:00,1.14144,1.14145,1.14112,1.14121,648,0,0
2026-07-08 07:15:00,2026-07-08 05:15:00,1.14121,1.14137,1.14109,1.14135,546,0,0
2026-07-08 07:30:00,2026-07-08 05:30:00,1.14134,1.14159,1.14128,1.14144,579,0,0
2026-07-08 07:45:00,2026-07-08 05:45:00,1.14145,1.14157,1.14132,1.14145,534,0,0
2026-07-08 08:00:00,2026-07-08 06:00:00,1.14145,1.14188,1.14140,1.14147,758,0,0
2026-07-08 08:15:00,2026-07-08 06:15:00,1.14146,1.14163,1.14123,1.14135,620,0,0
2026-07-08 08:30:00,2026-07-08 06:30:00,1.14135,1.14207,1.14134,1.14196,768,0,0
2026-07-08 08:45:00,2026-07-08 06:45:00,1.14195,1.14207,1.14168,1.14195,707,0,0
2026-07-08 09:00:00,2026-07-08 07:00:00,1.14195,1.14237,1.14173,1.14177,952,0,0
2026-07-08 09:15:00,2026-07-08 07:15:00,1.14177,1.14231,1.14177,1.14223,1004,0,0
2026-07-08 09:30:00,2026-07-08 07:30:00,1.14220,1.14241,1.14198,1.14215,1101,0,0
2026-07-08 09:45:00,2026-07-08 07:45:00,1.14214,1.14230,1.14178,1.14225,931,0,0
2026-07-08 10:00:00,2026-07-08 08:00:00,1.14227,1.14229,1.14179,1.14194,991,0,0
2026-07-08 10:15:00,2026-07-08 08:15:00,1.14194,1.14286,1.14168,1.14280,1150,0,0
2026-07-08 10:30:00,2026-07-08 08:30:00,1.14280,1.14317,1.14263,1.14292,1055,0,0
2026-07-08 10:45:00,2026-07-08 08:45:00,1.14293,1.14304,1.14255,1.14255,969,0,0
2026-07-08 11:00:00,2026-07-08 09:00:00,1.14254,1.14277,1.14224,1.14228,1015,0,0
2026-07-08 11:15:00,2026-07-08 09:15:00,1.14227,1.14257,1.14007,1.14142,2234,0,0
2026-07-08 11:30:00,2026-07-08 09:30:00,1.14144,1.14169,1.14050,1.14101,1809,0,0
2026-07-08 11:45:00,2026-07-08 09:45:00,1.14102,1.14187,1.14087,1.14102,1624,0,0
2026-07-08 12:00:00,2026-07-08 10:00:00,1.14101,1.14111,1.13961,1.13964,1737,0,0
2026-07-08 12:15:00,2026-07-08 10:15:00,1.13962,1.14073,1.13960,1.14056,1668,0,0
2026-07-08 12:30:00,2026-07-08 10:30:00,1.14056,1.14116,1.14044,1.14104,1246,0,0
2026-07-08 12:45:00,2026-07-08 10:45:00,1.14103,1.14111,1.14038,1.14044,1235,0,0
2026-07-08 13:00:00,2026-07-08 11:00:00,1.14043,1.14076,1.14011,1.14032,1196,0,0
2026-07-08 13:15:00,2026-07-08 11:15:00,1.14032,1.14120,1.14019,1.14114,984,0,0
2026-07-08 13:30:00,2026-07-08 11:30:00,1.14114,1.14147,1.14104,1.14133,908,0,0
2026-07-08 13:45:00,2026-07-08 11:45:00,1.14133,1.14136,1.14081,1.14086,824,0,0
2026-07-08 14:00:00,2026-07-08 12:00:00,1.14085,1.14089,1.14049,1.14066,876,0,0
2026-07-08 14:15:00,2026-07-08 12:15:00,1.14066,1.14096,1.14057,1.14064,686,0,0
2026-07-08 14:30:00,2026-07-08 12:30:00,1.14065,1.14074,1.13932,1.14043,1210,0,0
2026-07-08 14:45:00,2026-07-08 12:45:00,1.14042,1.14044,1.13969,1.13984,1302,0,0
2026-07-08 15:00:00,2026-07-08 13:00:00,1.13982,1.14054,1.13974,1.14024,1424,0,0
2026-07-08 15:15:00,2026-07-08 13:15:00,1.14027,1.14068,1.14025,1.14049,1179,0,0
2026-07-08 15:30:00,2026-07-08 13:30:00,1.14049,1.14063,1.14031,1.14046,1058,0,0
2026-07-08 15:45:00,2026-07-08 13:45:00,1.14047,1.14071,1.13955,1.13961,1273,0,0
2026-07-08 16:00:00,2026-07-08 14:00:00,1.13961,1.14038,1.13955,1.14008,1330,0,0
2026-07-08 16:15:00,2026-07-08 14:15:00,1.14007,1.14061,1.13972,1.14031,1359,0,0
2026-07-08 16:30:00,2026-07-08 14:30:00,1.14034,1.14124,1.14034,1.14116,1562,0,0
2026-07-08 16:45:00,2026-07-08 14:45:00,1.14116,1.14139,1.14077,1.14098,1530,0,0
2026-07-08 17:00:00,2026-07-08 15:00:00,1.14098,1.14133,1.14059,1.14062,1368,0,0
2026-07-08 17:15:00,2026-07-08 15:15:00,1.14063,1.14123,1.14057,1.14085,1298,0,0
2026-07-08 17:30:00,2026-07-08 15:30:00,1.14085,1.14085,1.14041,1.14061,1409,0,0
2026-07-08 17:45:00,2026-07-08 15:45:00,1.14061,1.14085,1.14033,1.14075,1352,0,0
2026-07-08 18:00:00,2026-07-08 16:00:00,1.14075,1.14120,1.14026,1.14028,1273,0,0
2026-07-08 18:15:00,2026-07-08 16:15:00,1.14029,1.14037,1.13991,1.14003,1345,0,0
2026-07-08 18:30:00,2026-07-08 16:30:00,1.14003,1.14010,1.13911,1.13928,1349,0,0
2026-07-08 18:45:00,2026-07-08 16:45:00,1.13928,1.13971,1.13916,1.13952,1149,0,0
2026-07-08 19:00:00,2026-07-08 17:00:00,1.13951,1.14010,1.13948,1.13973,1175,0,0
2026-07-08 19:15:00,2026-07-08 17:15:00,1.13973,1.14032,1.13959,1.14015,1010,0,0
2026-07-08 19:30:00,2026-07-08 17:30:00,1.14014,1.14126,1.14007,1.14121,1340,0,0
2026-07-08 19:45:00,2026-07-08 17:45:00,1.14122,1.14149,1.14104,1.14141,1056,0,0
2026-07-08 20:00:00,2026-07-08 18:00:00,1.14140,1.14239,1.14140,1.14212,1183,0,0
2026-07-08 20:15:00,2026-07-08 18:15:00,1.14211,1.14268,1.14207,1.14261,1180,0,0
2026-07-08 20:30:00,2026-07-08 18:30:00,1.14263,1.14273,1.14214,1.14215,840,0,0
2026-07-08 20:45:00,2026-07-08 18:45:00,1.14216,1.14226,1.14189,1.14190,694,0,0
2026-07-08 21:00:00,2026-07-08 19:00:00,1.14186,1.14280,1.14162,1.14278,927,0,0
2026-07-08 21:15:00,2026-07-08 19:15:00,1.14279,1.14287,1.14253,1.14259,876,0,0
2026-07-08 21:30:00,2026-07-08 19:30:00,1.14259,1.14289,1.14238,1.14287,776,0,0
2026-07-08 21:45:00,2026-07-08 19:45:00,1.14285,1.14291,1.14251,1.14254,831,0,0
2026-07-08 22:00:00,2026-07-08 20:00:00,1.14255,1.14296,1.14253,1.14287,681,0,0
2026-07-08 22:15:00,2026-07-08 20:15:00,1.14288,1.14295,1.14272,1.14287,556,0,0
2026-07-08 22:30:00,2026-07-08 20:30:00,1.14289,1.14303,1.14269,1.14275,594,0,0
2026-07-08 22:45:00,2026-07-08 20:45:00,1.14275,1.14290,1.14227,1.14276,944,0,0
2026-07-08 23:00:00,2026-07-08 21:00:00,1.14276,1.14279,1.14245,1.14247,541,0,0
2026-07-08 23:15:00,2026-07-08 21:15:00,1.14247,1.14249,1.14201,1.14204,460,0,0
2026-07-08 23:30:00,2026-07-08 21:30:00,1.14203,1.14203,1.14152,1.14164,529,0,0
2026-07-08 23:45:00,2026-07-08 21:45:00,1.14166,1.14172,1.14159,1.14162,351,0,0
2026-07-09 00:00:00,2026-07-08 22:00:00,1.14140,1.14174,1.14137,1.14162,42,64,0
2026-07-09 00:15:00,2026-07-08 22:15:00,1.14161,1.14188,1.14150,1.14185,139,24,0
2026-07-09 00:30:00,2026-07-08 22:30:00,1.14185,1.14186,1.14147,1.14162,95,12,0
2026-07-09 00:45:00,2026-07-08 22:45:00,1.14162,1.14168,1.14151,1.14168,59,19,0
2026-07-09 01:00:00,2026-07-08 23:00:00,1.14171,1.14180,1.14161,1.14169,241,0,0
2026-07-09 01:15:00,2026-07-08 23:15:00,1.14168,1.14174,1.14166,1.14167,326,0,0
2026-07-09 01:30:00,2026-07-08 23:30:00,1.14168,1.14188,1.14167,1.14182,295,0,0
2026-07-09 01:45:00,2026-07-08 23:45:00,1.14182,1.14193,1.14178,1.14191,223,0,0
2026-07-09 02:00:00,2026-07-09 00:00:00,1.14191,1.14196,1.14177,1.14178,219,0,0
2026-07-09 02:15:00,2026-07-09 00:15:00,1.14179,1.14185,1.14171,1.14184,198,0,0
2026-07-09 02:30:00,2026-07-09 00:30:00,1.14184,1.14209,1.14182,1.14204,221,0,0
2026-07-09 02:45:00,2026-07-09 00:45:00,1.14204,1.14224,1.14197,1.14212,332,0,0
2026-07-09 03:00:00,2026-07-09 01:00:00,1.14212,1.14287,1.14212,1.14279,788,0,0
2026-07-09 03:15:00,2026-07-09 01:15:00,1.14278,1.14284,1.14252,1.14276,724,0,0
2026-07-09 03:30:00,2026-07-09 01:30:00,1.14276,1.14303,1.14266,1.14268,586,0,0
2026-07-09 03:45:00,2026-07-09 01:45:00,1.14266,1.14269,1.14228,1.14257,747,0,0
2026-07-09 04:00:00,2026-07-09 02:00:00,1.14257,1.14275,1.14226,1.14229,827,0,0
2026-07-09 04:15:00,2026-07-09 02:15:00,1.14229,1.14248,1.14214,1.14219,575,0,0
2026-07-09 04:30:00,2026-07-09 02:30:00,1.14218,1.14253,1.14198,1.14235,681,0,0
2026-07-09 04:45:00,2026-07-09 02:45:00,1.14234,1.14262,1.14210,1.14255,662,0,0
2026-07-09 05:00:00,2026-07-09 03:00:00,1.14256,1.14284,1.14255,1.14273,781,0,0
2026-07-09 05:15:00,2026-07-09 03:15:00,1.14273,1.14283,1.14259,1.14263,520,0,0
2026-07-09 05:30:00,2026-07-09 03:30:00,1.14264,1.14269,1.14233,1.14248,664,0,0
2026-07-09 05:45:00,2026-07-09 03:45:00,1.14246,1.14273,1.14243,1.14244,578,0,0
2026-07-09 06:00:00,2026-07-09 04:00:00,1.14244,1.14262,1.14238,1.14255,538,0,0
2026-07-09 06:15:00,2026-07-09 04:15:00,1.14255,1.14267,1.14229,1.14264,594,0,0
2026-07-09 06:30:00,2026-07-09 04:30:00,1.14264,1.14304,1.14263,1.14280,676,0,0
2026-07-09 06:45:00,2026-07-09 04:45:00,1.14280,1.14289,1.14260,1.14268,508,0,0
2026-07-09 07:00:00,2026-07-09 05:00:00,1.14268,1.14274,1.14254,1.14265,557,0,0
2026-07-09 07:15:00,2026-07-09 05:15:00,1.14264,1.14265,1.14232,1.14254,430,0,0
2026-07-09 07:30:00,2026-07-09 05:30:00,1.14253,1.14271,1.14250,1.14256,332,0,0
2026-07-09 07:45:00,2026-07-09 05:45:00,1.14256,1.14273,1.14251,1.14269,333,0,0
2026-07-09 08:00:00,2026-07-09 06:00:00,1.14269,1.14339,1.14263,1.14320,735,0,0
2026-07-09 08:15:00,2026-07-09 06:15:00,1.14319,1.14330,1.14290,1.14324,676,0,0
2026-07-09 08:30:00,2026-07-09 06:30:00,1.14326,1.14335,1.14299,1.14318,803,0,0
2026-07-09 08:45:00,2026-07-09 06:45:00,1.14317,1.14337,1.14303,1.14308,641,0,0
2026-07-09 09:00:00,2026-07-09 07:00:00,1.14309,1.14368,1.14308,1.14343,1153,0,0
2026-07-09 09:15:00,2026-07-09 07:15:00,1.14343,1.14475,1.14337,1.14469,1145,0,0
2026-07-09 09:30:00,2026-07-09 07:30:00,1.14468,1.14495,1.14417,1.14457,1028,0,0
2026-07-09 09:45:00,2026-07-09 07:45:00,1.14456,1.14459,1.14397,1.14420,879,0,0
2026-07-09 10:00:00,2026-07-09 08:00:00,1.14421,1.14422,1.14350,1.14369,1068,0,0
2026-07-09 10:15:00,2026-07-09 08:15:00,1.14367,1.14393,1.14360,1.14379,861,0,0
2026-07-09 10:30:00,2026-07-09 08:30:00,1.14378,1.14386,1.14346,1.14357,672,0,0
2026-07-09 10:45:00,2026-07-09 08:45:00,1.14356,1.14360,1.14325,1.14356,765,0,0
2026-07-09 11:00:00,2026-07-09 09:00:00,1.14356,1.14382,1.14338,1.14356,852,0,0
2026-07-09 11:15:00,2026-07-09 09:15:00,1.14357,1.14378,1.14344,1.14366,759,0,0
2026-07-09 11:30:00,2026-07-09 09:30:00,1.14367,1.14372,1.14311,1.14322,820,0,0
2026-07-09 11:45:00,2026-07-09 09:45:00,1.14323,1.14327,1.14254,1.14268,859,0,0
2026-07-09 12:00:00,2026-07-09 10:00:00,1.14267,1.14286,1.14236,1.14259,850,0,0
2026-07-09 12:15:00,2026-07-09 10:15:00,1.14260,1.14285,1.14253,1.14275,714,0,0
2026-07-09 12:30:00,2026-07-09 10:30:00,1.14274,1.14280,1.14242,1.14264,832,0,0
2026-07-09 12:45:00,2026-07-09 10:45:00,1.14265,1.14316,1.14258,1.14309,689,0,0
2026-07-09 13:00:00,2026-07-09 11:00:00,1.14308,1.14312,1.14273,1.14294,705,0,0
2026-07-09 13:15:00,2026-07-09 11:15:00,1.14293,1.14302,1.14263,1.14271,672,0,0
2026-07-09 13:30:00,2026-07-09 11:30:00,1.14270,1.14318,1.14266,1.14272,727,0,0
2026-07-09 13:45:00,2026-07-09 11:45:00,1.14272,1.14285,1.14211,1.14234,1021,0,0
2026-07-09 14:00:00,2026-07-09 12:00:00,1.14236,1.14259,1.14221,1.14258,1018,0,0
2026-07-09 14:15:00,2026-07-09 12:15:00,1.14257,1.14266,1.14232,1.14237,698,0,0
2026-07-09 14:30:00,2026-07-09 12:30:00,1.14236,1.14270,1.14221,1.14259,557,0,0
2026-07-09 14:45:00,2026-07-09 12:45:00,1.14258,1.14300,1.14249,1.14296,770,0,0
2026-07-09 15:00:00,2026-07-09 13:00:00,1.14298,1.14361,1.14298,1.14340,999,0,0
2026-07-09 15:15:00,2026-07-09 13:15:00,1.14341,1.14351,1.14310,1.14327,739,0,0
2026-07-09 15:30:00,2026-07-09 13:30:00,1.14325,1.14354,1.14268,1.14283,886,0,0
2026-07-09 15:45:00,2026-07-09 13:45:00,1.14283,1.14285,1.14225,1.14250,955,0,0
2026-07-09 16:00:00,2026-07-09 14:00:00,1.14248,1.14306,1.14238,1.14305,960,0,0
2026-07-09 16:15:00,2026-07-09 14:15:00,1.14306,1.14368,1.14306,1.14345,1114,0,0
2026-07-09 16:30:00,2026-07-09 14:30:00,1.14345,1.14370,1.14314,1.14347,1137,0,0
2026-07-09 16:45:00,2026-07-09 14:45:00,1.14347,1.14394,1.14334,1.14391,1023,0,0
2026-07-09 17:00:00,2026-07-09 15:00:00,1.14391,1.14460,1.14391,1.14410,1200,0,0
2026-07-09 17:15:00,2026-07-09 15:15:00,1.14409,1.14410,1.14363,1.14391,1034,0,0
2026-07-09 17:30:00,2026-07-09 15:30:00,1.14391,1.14430,1.14357,1.14366,1099,0,0
2026-07-09 17:45:00,2026-07-09 15:45:00,1.14365,1.14369,1.14314,1.14329,1166,0,0
2026-07-09 18:00:00,2026-07-09 16:00:00,1.14328,1.14362,1.14292,1.14313,1242,0,0
2026-07-09 18:15:00,2026-07-09 16:15:00,1.14313,1.14345,1.14292,1.14334,968,0,0
2026-07-09 18:30:00,2026-07-09 16:30:00,1.14336,1.14373,1.14312,1.14373,829,0,0
2026-07-09 18:45:00,2026-07-09 16:45:00,1.14374,1.14406,1.14358,1.14387,803,0,0
2026-07-09 19:00:00,2026-07-09 17:00:00,1.14386,1.14406,1.14375,1.14396,780,0,0
2026-07-09 19:15:00,2026-07-09 17:15:00,1.14395,1.14414,1.14357,1.14372,626,0,0
2026-07-09 19:30:00,2026-07-09 17:30:00,1.14372,1.14405,1.14350,1.14397,611,0,0
2026-07-09 19:45:00,2026-07-09 17:45:00,1.14398,1.14409,1.14365,1.14368,527,0,0
2026-07-09 20:00:00,2026-07-09 18:00:00,1.14367,1.14380,1.14342,1.14364,656,0,0
2026-07-09 20:15:00,2026-07-09 18:15:00,1.14364,1.14406,1.14354,1.14400,629,0,0
2026-07-09 20:30:00,2026-07-09 18:30:00,1.14400,1.14406,1.14360,1.14369,550,0,0
2026-07-09 20:45:00,2026-07-09 18:45:00,1.14369,1.14382,1.14367,1.14375,517,0,0
2026-07-09 21:00:00,2026-07-09 19:00:00,1.14377,1.14382,1.14347,1.14353,609,0,0
2026-07-09 21:15:00,2026-07-09 19:15:00,1.14354,1.14359,1.14318,1.14320,587,0,0
2026-07-09 21:30:00,2026-07-09 19:30:00,1.14322,1.14337,1.14314,1.14331,439,0,0
2026-07-09 21:45:00,2026-07-09 19:45:00,1.14330,1.14344,1.14322,1.14336,478,0,0
2026-07-09 22:00:00,2026-07-09 20:00:00,1.14336,1.14343,1.14308,1.14315,447,0,0
2026-07-09 22:15:00,2026-07-09 20:15:00,1.14315,1.14324,1.14288,1.14290,475,0,0
2026-07-09 22:30:00,2026-07-09 20:30:00,1.14289,1.14294,1.14272,1.14274,501,0,0
2026-07-09 22:45:00,2026-07-09 20:45:00,1.14274,1.14286,1.14257,1.14277,499,0,0
2026-07-09 23:00:00,2026-07-09 21:00:00,1.14277,1.14299,1.14272,1.14296,340,0,0
2026-07-09 23:15:00,2026-07-09 21:15:00,1.14297,1.14303,1.14284,1.14290,246,0,0
2026-07-09 23:30:00,2026-07-09 21:30:00,1.14291,1.14300,1.14289,1.14297,217,0,0
2026-07-09 23:45:00,2026-07-09 21:45:00,1.14297,1.14304,1.14285,1.14302,228,0,0
2026-07-10 00:00:00,2026-07-09 22:00:00,1.14304,1.14304,1.14287,1.14288,34,44,0
2026-07-10 00:15:00,2026-07-09 22:15:00,1.14296,1.14303,1.14276,1.14282,279,26,0
2026-07-10 00:30:00,2026-07-09 22:30:00,1.14281,1.14303,1.14274,1.14301,300,32,0
2026-07-10 00:45:00,2026-07-09 22:45:00,1.14301,1.14302,1.14270,1.14289,317,33,0
2026-07-10 01:00:00,2026-07-09 23:00:00,1.14300,1.14335,1.14290,1.14328,299,0,0
2026-07-10 01:15:00,2026-07-09 23:15:00,1.14329,1.14333,1.14326,1.14330,231,0,0
2026-07-10 01:30:00,2026-07-09 23:30:00,1.14329,1.14332,1.14328,1.14329,216,0,0
2026-07-10 01:45:00,2026-07-09 23:45:00,1.14329,1.14336,1.14329,1.14334,177,0,0
2026-07-10 02:00:00,2026-07-10 00:00:00,1.14334,1.14341,1.14332,1.14338,254,0,0
2026-07-10 02:15:00,2026-07-10 00:15:00,1.14338,1.14339,1.14314,1.14320,234,0,0
2026-07-10 02:30:00,2026-07-10 00:30:00,1.14320,1.14332,1.14317,1.14331,242,0,0
2026-07-10 02:45:00,2026-07-10 00:45:00,1.14330,1.14336,1.14321,1.14329,272,0,0
2026-07-10 03:00:00,2026-07-10 01:00:00,1.14329,1.14342,1.14318,1.14320,650,0,0
2026-07-10 03:15:00,2026-07-10 01:15:00,1.14321,1.14329,1.14309,1.14313,396,0,0
2026-07-10 03:30:00,2026-07-10 01:30:00,1.14314,1.14352,1.14305,1.14350,546,0,0
2026-07-10 03:45:00,2026-07-10 01:45:00,1.14349,1.14420,1.14348,1.14402,1094,0,0
2026-07-10 04:00:00,2026-07-10 02:00:00,1.14402,1.14448,1.14380,1.14447,1060,0,0
2026-07-10 04:15:00,2026-07-10 02:15:00,1.14447,1.14473,1.14414,1.14425,961,0,0
2026-07-10 04:30:00,2026-07-10 02:30:00,1.14423,1.14457,1.14420,1.14433,911,0,0
2026-07-10 04:45:00,2026-07-10 02:45:00,1.14433,1.14501,1.14420,1.14471,1098,0,0
2026-07-10 05:00:00,2026-07-10 03:00:00,1.14472,1.14561,1.14469,1.14555,1011,0,0
2026-07-10 05:15:00,2026-07-10 03:15:00,1.14556,1.14598,1.14553,1.14569,1095,0,0
2026-07-10 05:30:00,2026-07-10 03:30:00,1.14571,1.14592,1.14549,1.14585,1076,0,0
2026-07-10 05:45:00,2026-07-10 03:45:00,1.14585,1.14607,1.14573,1.14582,849,0,0
2026-07-10 06:00:00,2026-07-10 04:00:00,1.14582,1.14594,1.14557,1.14559,750,0,0
2026-07-10 06:15:00,2026-07-10 04:15:00,1.14560,1.14564,1.14536,1.14557,573,0,0
2026-07-10 06:30:00,2026-07-10 04:30:00,1.14558,1.14568,1.14535,1.14542,632,0,0
2026-07-10 06:45:00,2026-07-10 04:45:00,1.14541,1.14541,1.14473,1.14494,715,0,0
2026-07-10 07:00:00,2026-07-10 05:00:00,1.14494,1.14494,1.14470,1.14488,527,0,0
2026-07-10 07:15:00,2026-07-10 05:15:00,1.14489,1.14490,1.14442,1.14458,526,0,0
2026-07-10 07:30:00,2026-07-10 05:30:00,1.14458,1.14460,1.14417,1.14419,453,0,0
2026-07-10 07:45:00,2026-07-10 05:45:00,1.14418,1.14429,1.14396,1.14427,514,0,0
2026-07-10 08:00:00,2026-07-10 06:00:00,1.14428,1.14446,1.14401,1.14405,726,0,0
2026-07-10 08:15:00,2026-07-10 06:15:00,1.14404,1.14410,1.14373,1.14380,582,0,0
2026-07-10 08:30:00,2026-07-10 06:30:00,1.14380,1.14385,1.14355,1.14375,639,0,0
2026-07-10 08:45:00,2026-07-10 06:45:00,1.14376,1.14413,1.14374,1.14397,633,0,0
2026-07-10 09:00:00,2026-07-10 07:00:00,1.14397,1.14444,1.14391,1.14431,924,0,0
2026-07-10 09:15:00,2026-07-10 07:15:00,1.14430,1.14475,1.14403,1.14421,982,0,0
2026-07-10 09:30:00,2026-07-10 07:30:00,1.14420,1.14462,1.14401,1.14401,985,0,0
2026-07-10 09:45:00,2026-07-10 07:45:00,1.14400,1.14430,1.14390,1.14421,691,0,0
2026-07-10 10:00:00,2026-07-10 08:00:00,1.14424,1.14424,1.14376,1.14384,971,0,0
2026-07-10 10:15:00,2026-07-10 08:15:00,1.14384,1.14423,1.14375,1.14396,910,0,0
2026-07-10 10:30:00,2026-07-10 08:30:00,1.14395,1.14413,1.14372,1.14400,855,0,0
2026-07-10 10:45:00,2026-07-10 08:45:00,1.14402,1.14417,1.14364,1.14372,906,0,0
2026-07-10 11:00:00,2026-07-10 09:00:00,1.14372,1.14424,1.14351,1.14370,1118,0,0
2026-07-10 11:15:00,2026-07-10 09:15:00,1.14371,1.14371,1.14320,1.14341,998,0,0
2026-07-10 11:30:00,2026-07-10 09:30:00,1.14343,1.14359,1.14317,1.14352,959,0,0
2026-07-10 11:45:00,2026-07-10 09:45:00,1.14353,1.14355,1.14304,1.14306,867,0,0
2026-07-10 12:00:00,2026-07-10 10:00:00,1.14305,1.14344,1.14303,1.14333,763,0,0
2026-07-10 12:15:00,2026-07-10 10:15:00,1.14333,1.14339,1.14308,1.14326,667,0,0
2026-07-10 12:30:00,2026-07-10 10:30:00,1.14325,1.14332,1.14294,1.14295,759,0,0
2026-07-10 12:45:00,2026-07-10 10:45:00,1.14297,1.14307,1.14268,1.14273,728,0,0
2026-07-10 13:00:00,2026-07-10 11:00:00,1.14275,1.14293,1.14268,1.14290,675,0,0
2026-07-10 13:15:00,2026-07-10 11:15:00,1.14289,1.14337,1.14284,1.14333,636,0,0
2026-07-10 13:30:00,2026-07-10 11:30:00,1.14333,1.14340,1.14305,1.14318,706,0,0
2026-07-10 13:45:00,2026-07-10 11:45:00,1.14319,1.14355,1.14304,1.14334,772,0,0
2026-07-10 14:00:00,2026-07-10 12:00:00,1.14333,1.14353,1.14304,1.14305,810,0,0
2026-07-10 14:15:00,2026-07-10 12:15:00,1.14305,1.14320,1.14273,1.14302,724,0,0
2026-07-10 14:30:00,2026-07-10 12:30:00,1.14303,1.14310,1.14266,1.14296,814,0,0
2026-07-10 14:45:00,2026-07-10 12:45:00,1.14297,1.14319,1.14289,1.14310,773,0,0
2026-07-10 15:00:00,2026-07-10 13:00:00,1.14311,1.14419,1.14267,1.14354,1107,0,0
2026-07-10 15:15:00,2026-07-10 13:15:00,1.14354,1.14365,1.14288,1.14289,1017,0,0
2026-07-10 15:30:00,2026-07-10 13:30:00,1.14288,1.14305,1.14251,1.14260,1160,0,0
2026-07-10 15:45:00,2026-07-10 13:45:00,1.14262,1.14296,1.14233,1.14293,1005,0,0
2026-07-10 16:00:00,2026-07-10 14:00:00,1.14292,1.14296,1.14197,1.14222,1073,0,0
2026-07-10 16:15:00,2026-07-10 14:15:00,1.14223,1.14231,1.14197,1.14202,832,0,0
2026-07-10 16:30:00,2026-07-10 14:30:00,1.14203,1.14266,1.14196,1.14259,1126,0,0
2026-07-10 16:45:00,2026-07-10 14:45:00,1.14260,1.14260,1.14194,1.14208,1162,0,0
2026-07-10 17:00:00,2026-07-10 15:00:00,1.14210,1.14238,1.14166,1.14236,1123,0,0
2026-07-10 17:15:00,2026-07-10 15:15:00,1.14238,1.14267,1.14206,1.14262,987,0,0
2026-07-10 17:30:00,2026-07-10 15:30:00,1.14261,1.14284,1.14121,1.14205,1749,0,0
2026-07-10 17:45:00,2026-07-10 15:45:00,1.14204,1.14232,1.14185,1.14225,1300,0,0
2026-07-10 18:00:00,2026-07-10 16:00:00,1.14225,1.14288,1.14214,1.14266,1353,0,0
2026-07-10 18:15:00,2026-07-10 16:15:00,1.14267,1.14347,1.14266,1.14329,1391,0,0
2026-07-10 18:30:00,2026-07-10 16:30:00,1.14331,1.14350,1.14315,1.14317,1202,0,0
2026-07-10 18:45:00,2026-07-10 16:45:00,1.14318,1.14391,1.14317,1.14376,1065,0,0
2026-07-10 19:00:00,2026-07-10 17:00:00,1.14376,1.14404,1.14362,1.14398,1124,0,0
2026-07-10 19:15:00,2026-07-10 17:15:00,1.14397,1.14413,1.14359,1.14393,1174,0,0
2026-07-10 19:30:00,2026-07-10 17:30:00,1.14391,1.14395,1.14344,1.14345,807,0,0
2026-07-10 19:45:00,2026-07-10 17:45:00,1.14346,1.14356,1.14295,1.14295,865,0,0
2026-07-10 20:00:00,2026-07-10 18:00:00,1.14294,1.14311,1.14261,1.14274,896,0,0
2026-07-10 20:15:00,2026-07-10 18:15:00,1.14275,1.14278,1.14223,1.14248,766,0,0
2026-07-10 20:30:00,2026-07-10 18:30:00,1.14249,1.14249,1.14202,1.14216,672,0,0
2026-07-10 20:45:00,2026-07-10 18:45:00,1.14217,1.14228,1.14168,1.14177,736,0,0
2026-07-10 21:00:00,2026-07-10 19:00:00,1.14176,1.14182,1.14156,1.14167,780,0,0
2026-07-10 21:15:00,2026-07-10 19:15:00,1.14167,1.14171,1.14142,1.14147,619,0,0
2026-07-10 21:30:00,2026-07-10 19:30:00,1.14146,1.14164,1.14116,1.14129,615,0,0
2026-07-10 21:45:00,2026-07-10 19:45:00,1.14132,1.14165,1.14130,1.14165,597,0,0
2026-07-10 22:00:00,2026-07-10 20:00:00,1.14165,1.14166,1.14140,1.14150,510,0,0
2026-07-10 22:15:00,2026-07-10 20:15:00,1.14149,1.14166,1.14147,1.14160,439,0,0
2026-07-10 22:30:00,2026-07-10 20:30:00,1.14160,1.14170,1.14146,1.14148,480,0,0
2026-07-10 22:45:00,2026-07-10 20:45:00,1.14150,1.14169,1.14138,1.14159,702,0,0
2026-07-10 23:00:00,2026-07-10 21:00:00,1.14159,1.14184,1.14143,1.14157,430,0,0
2026-07-10 23:15:00,2026-07-10 21:15:00,1.14157,1.14170,1.14140,1.14146,284,0,0
2026-07-10 23:30:00,2026-07-10 21:30:00,1.14145,1.14145,1.14115,1.14133,294,0,0
2026-07-10 23:45:00,2026-07-10 21:45:00,1.14130,1.14147,1.14128,1.14143,204,0,0
2026-07-13 00:00:00,2026-07-12 22:00:00,1.13996,1.14051,1.13996,1.14043,71,38,0
2026-07-13 00:15:00,2026-07-12 22:15:00,1.14043,1.14043,1.14026,1.14040,36,38,0
2026-07-13 00:30:00,2026-07-12 22:30:00,1.14039,1.14041,1.14012,1.14020,47,38,0
2026-07-13 00:45:00,2026-07-12 22:45:00,1.14021,1.14049,1.14012,1.14024,93,38,0
2026-07-13 01:00:00,2026-07-12 23:00:00,1.14038,1.14043,1.13888,1.13902,942,0,0
2026-07-13 01:15:00,2026-07-12 23:15:00,1.13903,1.13963,1.13892,1.13949,702,0,0
2026-07-13 01:30:00,2026-07-12 23:30:00,1.13946,1.13958,1.13936,1.13943,545,0,0
2026-07-13 01:45:00,2026-07-12 23:45:00,1.13942,1.13959,1.13938,1.13947,339,0,0
2026-07-13 02:00:00,2026-07-13 00:00:00,1.13945,1.13971,1.13932,1.13968,458,0,0
2026-07-13 02:15:00,2026-07-13 00:15:00,1.13966,1.13985,1.13963,1.13984,374,0,0
2026-07-13 02:30:00,2026-07-13 00:30:00,1.13984,1.13991,1.13962,1.13985,336,0,0
2026-07-13 02:45:00,2026-07-13 00:45:00,1.13984,1.14044,1.13983,1.14041,757,0,0
2026-07-13 03:00:00,2026-07-13 01:00:00,1.14042,1.14047,1.14004,1.14006,1067,0,0
2026-07-13 03:15:00,2026-07-13 01:15:00,1.14007,1.14052,1.13977,1.14016,903,0,0
2026-07-13 03:30:00,2026-07-13 01:30:00,1.14016,1.14032,1.13955,1.13970,926,0,0
2026-07-13 03:45:00,2026-07-13 01:45:00,1.13970,1.13985,1.13946,1.13956,843,0,0
2026-07-13 04:00:00,2026-07-13 02:00:00,1.13952,1.13953,1.13905,1.13906,925,0,0
2026-07-13 04:15:00,2026-07-13 02:15:00,1.13905,1.13925,1.13843,1.13896,1037,0,0
2026-07-13 04:30:00,2026-07-13 02:30:00,1.13897,1.13953,1.13890,1.13951,1075,0,0
2026-07-13 04:45:00,2026-07-13 02:45:00,1.13952,1.13976,1.13936,1.13974,988,0,0
2026-07-13 05:00:00,2026-07-13 03:00:00,1.13975,1.13982,1.13935,1.13949,850,0,0
2026-07-13 05:15:00,2026-07-13 03:15:00,1.13948,1.13961,1.13942,1.13956,636,0,0
2026-07-13 05:30:00,2026-07-13 03:30:00,1.13956,1.13999,1.13943,1.13998,650,0,0
2026-07-13 05:45:00,2026-07-13 03:45:00,1.13999,1.13999,1.13941,1.13943,610,0,0
2026-07-13 06:00:00,2026-07-13 04:00:00,1.13943,1.13953,1.13907,1.13934,670,0,0
2026-07-13 06:15:00,2026-07-13 04:15:00,1.13934,1.13958,1.13931,1.13951,535,0,0
2026-07-13 06:30:00,2026-07-13 04:30:00,1.13950,1.13970,1.13948,1.13961,609,0,0
2026-07-13 06:45:00,2026-07-13 04:45:00,1.13961,1.13991,1.13956,1.13990,417,0,0
2026-07-13 07:00:00,2026-07-13 05:00:00,1.13989,1.13994,1.13969,1.13992,476,0,0
2026-07-13 07:15:00,2026-07-13 05:15:00,1.13992,1.14013,1.13984,1.14013,477,0,0
2026-07-13 07:30:00,2026-07-13 05:30:00,1.14013,1.14027,1.14008,1.14011,436,0,0
2026-07-13 07:45:00,2026-07-13 05:45:00,1.14012,1.14052,1.14011,1.14039,424,0,0
2026-07-13 08:00:00,2026-07-13 06:00:00,1.14040,1.14092,1.14036,1.14082,778,0,0
2026-07-13 08:15:00,2026-07-13 06:15:00,1.14081,1.14083,1.14011,1.14014,844,0,0
2026-07-13 08:30:00,2026-07-13 06:30:00,1.14015,1.14034,1.13995,1.14012,847,0,0
2026-07-13 08:45:00,2026-07-13 06:45:00,1.14012,1.14042,1.13968,1.13986,1067,0,0
2026-07-13 09:00:00,2026-07-13 07:00:00,1.13987,1.13996,1.13958,1.13966,1259,0,0
2026-07-13 09:15:00,2026-07-13 07:15:00,1.13967,1.14038,1.13966,1.14037,1186,0,0
2026-07-13 09:30:00,2026-07-13 07:30:00,1.14036,1.14075,1.14027,1.14048,1099,0,0
2026-07-13 09:45:00,2026-07-13 07:45:00,1.14049,1.14069,1.14000,1.14009,1019,0,0
2026-07-13 10:00:00,2026-07-13 08:00:00,1.14013,1.14104,1.14009,1.14080,1462,0,0
2026-07-13 10:15:00,2026-07-13 08:15:00,1.14081,1.14094,1.14064,1.14093,987,0,0
2026-07-13 10:30:00,2026-07-13 08:30:00,1.14092,1.14222,1.14067,1.14167,1309,0,0
2026-07-13 10:45:00,2026-07-13 08:45:00,1.14168,1.14263,1.14166,1.14247,1339,0,0
2026-07-13 11:00:00,2026-07-13 09:00:00,1.14247,1.14432,1.14240,1.14399,1741,0,0
2026-07-13 11:15:00,2026-07-13 09:15:00,1.14398,1.14458,1.14372,1.14385,1443,0,0
2026-07-13 11:30:00,2026-07-13 09:30:00,1.14386,1.14409,1.14358,1.14393,1200,0,0
2026-07-13 11:45:00,2026-07-13 09:45:00,1.14394,1.14397,1.14358,1.14359,1050,0,0
2026-07-13 12:00:00,2026-07-13 10:00:00,1.14357,1.14374,1.14308,1.14314,949,0,0
2026-07-13 12:15:00,2026-07-13 10:15:00,1.14314,1.14346,1.14285,1.14319,853,0,0
2026-07-13 12:30:00,2026-07-13 10:30:00,1.14318,1.14331,1.14277,1.14296,896,0,0
2026-07-13 12:45:00,2026-07-13 10:45:00,1.14296,1.14316,1.14272,1.14315,851,0,0
2026-07-13 13:00:00,2026-07-13 11:00:00,1.14316,1.14349,1.14306,1.14318,849,0,0
2026-07-13 13:15:00,2026-07-13 11:15:00,1.14316,1.14319,1.14279,1.14291,775,0,0
2026-07-13 13:30:00,2026-07-13 11:30:00,1.14291,1.14317,1.14259,1.14289,809,0,0
2026-07-13 13:45:00,2026-07-13 11:45:00,1.14289,1.14357,1.14283,1.14355,872,0,0
2026-07-13 14:00:00,2026-07-13 12:00:00,1.14355,1.14374,1.14277,1.14301,1118,0,0
2026-07-13 14:15:00,2026-07-13 12:15:00,1.14300,1.14304,1.14251,1.14290,901,0,0
2026-07-13 14:30:00,2026-07-13 12:30:00,1.14290,1.14310,1.14267,1.14302,832,0,0
2026-07-13 14:45:00,2026-07-13 12:45:00,1.14303,1.14304,1.14267,1.14276,942,0,0
2026-07-13 15:00:00,2026-07-13 13:00:00,1.14275,1.14306,1.14205,1.14224,1123,0,0
2026-07-13 15:15:00,2026-07-13 13:15:00,1.14227,1.14252,1.14208,1.14241,1006,0,0
2026-07-13 15:30:00,2026-07-13 13:30:00,1.14241,1.14288,1.14230,1.14253,1042,0,0
2026-07-13 15:45:00,2026-07-13 13:45:00,1.14253,1.14310,1.14217,1.14310,974,0,0
2026-07-13 16:00:00,2026-07-13 14:00:00,1.14310,1.14332,1.14260,1.14265,1084,0,0
2026-07-13 16:15:00,2026-07-13 14:15:00,1.14265,1.14273,1.14229,1.14245,849,0,0
2026-07-13 16:30:00,2026-07-13 14:30:00,1.14247,1.14298,1.14195,1.14209,1357,0,0
2026-07-13 16:45:00,2026-07-13 14:45:00,1.14208,1.14225,1.14145,1.14147,1212,0,0
2026-07-13 17:00:00,2026-07-13 15:00:00,1.14145,1.14161,1.14109,1.14139,1298,0,0
2026-07-13 17:15:00,2026-07-13 15:15:00,1.14138,1.14151,1.14004,1.14079,1839,0,0
2026-07-13 17:30:00,2026-07-13 15:30:00,1.14079,1.14094,1.13998,1.14030,1285,0,0
2026-07-13 17:45:00,2026-07-13 15:45:00,1.14031,1.14073,1.13985,1.14063,1410,0,0
2026-07-13 18:00:00,2026-07-13 16:00:00,1.14062,1.14067,1.13973,1.13981,1282,0,0
2026-07-13 18:15:00,2026-07-13 16:15:00,1.13982,1.14021,1.13965,1.13992,1026,0,0
2026-07-13 18:30:00,2026-07-13 16:30:00,1.13993,1.14010,1.13965,1.13999,975,0,0
2026-07-13 18:45:00,2026-07-13 16:45:00,1.13998,1.14039,1.13971,1.14016,967,0,0
2026-07-13 19:00:00,2026-07-13 17:00:00,1.14019,1.14027,1.13999,1.14014,862,0,0
2026-07-13 19:15:00,2026-07-13 17:15:00,1.14014,1.14017,1.13892,1.13912,919,0,0
2026-07-13 19:30:00,2026-07-13 17:30:00,1.13911,1.13914,1.13827,1.13898,1872,0,0
2026-07-13 19:45:00,2026-07-13 17:45:00,1.13898,1.13923,1.13833,1.13887,1491,0,0
2026-07-13 20:00:00,2026-07-13 18:00:00,1.13890,1.13909,1.13853,1.13871,1065,0,0
2026-07-13 20:15:00,2026-07-13 18:15:00,1.13870,1.13893,1.13857,1.13874,844,0,0
2026-07-13 20:30:00,2026-07-13 18:30:00,1.13875,1.13889,1.13855,1.13886,775,0,0
2026-07-13 20:45:00,2026-07-13 18:45:00,1.13886,1.13901,1.13858,1.13862,697,0,0
2026-07-13 21:00:00,2026-07-13 19:00:00,1.13863,1.13888,1.13847,1.13868,757,0,0
2026-07-13 21:15:00,2026-07-13 19:15:00,1.13867,1.13879,1.13851,1.13868,674,0,0
2026-07-13 21:30:00,2026-07-13 19:30:00,1.13869,1.13890,1.13862,1.13879,621,0,0
2026-07-13 21:45:00,2026-07-13 19:45:00,1.13878,1.13882,1.13859,1.13875,681,0,0
2026-07-13 22:00:00,2026-07-13 20:00:00,1.13876,1.13879,1.13820,1.13822,686,0,0
2026-07-13 22:15:00,2026-07-13 20:15:00,1.13821,1.13847,1.13817,1.13830,730,0,0
2026-07-13 22:30:00,2026-07-13 20:30:00,1.13830,1.13846,1.13825,1.13834,682,0,0
2026-07-13 22:45:00,2026-07-13 20:45:00,1.13834,1.13839,1.13823,1.13834,675,0,0
2026-07-13 23:00:00,2026-07-13 21:00:00,1.13835,1.13844,1.13794,1.13798,505,0,0
2026-07-13 23:15:00,2026-07-13 21:15:00,1.13799,1.13800,1.13775,1.13797,442,0,0
2026-07-13 23:30:00,2026-07-13 21:30:00,1.13797,1.13803,1.13783,1.13797,355,0,0
2026-07-13 23:45:00,2026-07-13 21:45:00,1.13796,1.13804,1.13790,1.13802,221,0,0
2026-07-14 00:00:00,2026-07-13 22:00:00,1.13770,1.13834,1.13763,1.13809,123,22,0
2026-07-14 00:15:00,2026-07-13 22:15:00,1.13785,1.13821,1.13780,1.13821,164,68,0
2026-07-14 00:30:00,2026-07-13 22:30:00,1.13822,1.13853,1.13789,1.13828,315,37,0
2026-07-14 00:45:00,2026-07-13 22:45:00,1.13828,1.13839,1.13799,1.13807,393,35,0
2026-07-14 01:00:00,2026-07-13 23:00:00,1.13824,1.13859,1.13812,1.13829,485,0,0
2026-07-14 01:15:00,2026-07-13 23:15:00,1.13828,1.13840,1.13828,1.13837,330,0,0
2026-07-14 01:30:00,2026-07-13 23:30:00,1.13837,1.13851,1.13830,1.13850,297,0,0
2026-07-14 01:45:00,2026-07-13 23:45:00,1.13850,1.13850,1.13810,1.13811,379,0,0
2026-07-14 02:00:00,2026-07-14 00:00:00,1.13811,1.13829,1.13800,1.13814,478,0,0
2026-07-14 02:15:00,2026-07-14 00:15:00,1.13814,1.13822,1.13800,1.13810,447,0,0
2026-07-14 02:30:00,2026-07-14 00:30:00,1.13811,1.13836,1.13803,1.13825,495,0,0
2026-07-14 02:45:00,2026-07-14 00:45:00,1.13825,1.13838,1.13815,1.13833,754,0,0
2026-07-14 03:00:00,2026-07-14 01:00:00,1.13834,1.13866,1.13812,1.13847,1207,0,0
2026-07-14 03:15:00,2026-07-14 01:15:00,1.13847,1.13848,1.13783,1.13803,1204,0,0
2026-07-14 03:30:00,2026-07-14 01:30:00,1.13803,1.13881,1.13797,1.13878,1171,0,0
2026-07-14 03:45:00,2026-07-14 01:45:00,1.13876,1.13895,1.13847,1.13849,1195,0,0
2026-07-14 04:00:00,2026-07-14 02:00:00,1.13848,1.13874,1.13846,1.13867,987,0,0
2026-07-14 04:15:00,2026-07-14 02:15:00,1.13866,1.13900,1.13852,1.13852,904,0,0
2026-07-14 04:30:00,2026-07-14 02:30:00,1.13852,1.13886,1.13850,1.13878,873,0,0
2026-07-14 04:45:00,2026-07-14 02:45:00,1.13877,1.13905,1.13865,1.13889,851,0,0
2026-07-14 05:00:00,2026-07-14 03:00:00,1.13890,1.13914,1.13888,1.13906,761,0,0
2026-07-14 05:15:00,2026-07-14 03:15:00,1.13906,1.13940,1.13903,1.13936,673,0,0
2026-07-14 05:30:00,2026-07-14 03:30:00,1.13935,1.13943,1.13923,1.13924,713,0,0
2026-07-14 05:45:00,2026-07-14 03:45:00,1.13925,1.13932,1.13906,1.13907,639,0,0
2026-07-14 06:00:00,2026-07-14 04:00:00,1.13909,1.13923,1.13882,1.13914,738,0,0
2026-07-14 06:15:00,2026-07-14 04:15:00,1.13914,1.13932,1.13887,1.13930,772,0,0
2026-07-14 06:30:00,2026-07-14 04:30:00,1.13931,1.13966,1.13926,1.13938,811,0,0
2026-07-14 06:45:00,2026-07-14 04:45:00,1.13938,1.13951,1.13932,1.13935,598,0,0
2026-07-14 07:00:00,2026-07-14 05:00:00,1.13935,1.13945,1.13905,1.13929,665,0,0
2026-07-14 07:15:00,2026-07-14 05:15:00,1.13929,1.13946,1.13926,1.13927,594,0,0
2026-07-14 07:30:00,2026-07-14 05:30:00,1.13927,1.13940,1.13919,1.13921,681,0,0
2026-07-14 07:45:00,2026-07-14 05:45:00,1.13921,1.13922,1.13874,1.13906,625,0,0
2026-07-14 08:00:00,2026-07-14 06:00:00,1.13906,1.13933,1.13904,1.13927,479,0,0
2026-07-14 08:15:00,2026-07-14 06:15:00,1.13926,1.13948,1.13925,1.13940,653,0,0
2026-07-14 08:30:00,2026-07-14 06:30:00,1.13940,1.13959,1.13923,1.13940,800,0,0
2026-07-14 08:45:00,2026-07-14 06:45:00,1.13940,1.13942,1.13909,1.13918,720,0,0
2026-07-14 09:00:00,2026-07-14 07:00:00,1.13918,1.13927,1.13880,1.13883,928,0,0
2026-07-14 09:15:00,2026-07-14 07:15:00,1.13882,1.13896,1.13860,1.13872,887,0,0
2026-07-14 09:30:00,2026-07-14 07:30:00,1.13872,1.13938,1.13867,1.13884,984,0,0
2026-07-14 09:45:00,2026-07-14 07:45:00,1.13884,1.13887,1.13847,1.13861,830,0,0
2026-07-14 10:00:00,2026-07-14 08:00:00,1.13862,1.13902,1.13842,1.13866,1174,0,0
2026-07-14 10:15:00,2026-07-14 08:15:00,1.13866,1.13948,1.13863,1.13937,1179,0,0
2026-07-14 10:30:00,2026-07-14 08:30:00,1.13937,1.13938,1.13891,1.13916,1034,0,0
2026-07-14 10:45:00,2026-07-14 08:45:00,1.13916,1.13977,1.13916,1.13960,1126,0,0
2026-07-14 11:00:00,2026-07-14 09:00:00,1.13961,1.13983,1.13932,1.13968,1107,0,0
2026-07-14 11:15:00,2026-07-14 09:15:00,1.13968,1.14005,1.13954,1.14003,923,0,0
2026-07-14 11:30:00,2026-07-14 09:30:00,1.14002,1.14060,1.13982,1.14056,1113,0,0
2026-07-14 11:45:00,2026-07-14 09:45:00,1.14054,1.14058,1.13991,1.13996,1153,0,0
2026-07-14 12:00:00,2026-07-14 10:00:00,1.13996,1.14037,1.13992,1.14034,995,0,0
2026-07-14 12:15:00,2026-07-14 10:15:00,1.14033,1.14033,1.13976,1.13981,936,0,0
2026-07-14 12:30:00,2026-07-14 10:30:00,1.13981,1.13993,1.13950,1.13954,749,0,0
2026-07-14 12:45:00,2026-07-14 10:45:00,1.13955,1.14029,1.13949,1.14010,999,0,0
2026-07-14 13:00:00,2026-07-14 11:00:00,1.14010,1.14018,1.13968,1.13977,954,0,0
2026-07-14 13:15:00,2026-07-14 11:15:00,1.13977,1.13991,1.13940,1.13952,813,0,0
2026-07-14 13:30:00,2026-07-14 11:30:00,1.13951,1.13973,1.13934,1.13948,909,0,0
2026-07-14 13:45:00,2026-07-14 11:45:00,1.13948,1.13956,1.13908,1.13919,839,0,0
2026-07-14 14:00:00,2026-07-14 12:00:00,1.13918,1.13947,1.13898,1.13941,1148,0,0
2026-07-14 14:15:00,2026-07-14 12:15:00,1.13941,1.13970,1.13925,1.13954,975,0,0
2026-07-14 14:30:00,2026-07-14 12:30:00,1.13953,1.14015,1.13952,1.14011,877,0,0
2026-07-14 14:45:00,2026-07-14 12:45:00,1.14013,1.14093,1.14010,1.14065,951,0,0
2026-07-14 15:00:00,2026-07-14 13:00:00,1.14065,1.14076,1.14038,1.14062,1132,0,0
2026-07-14 15:15:00,2026-07-14 13:15:00,1.14062,1.14152,1.14041,1.14139,1203,0,0
2026-07-14 15:30:00,2026-07-14 13:30:00,1.14136,1.14621,1.14085,1.14579,2861,0,0
2026-07-14 15:45:00,2026-07-14 13:45:00,1.14580,1.14591,1.14410,1.14459,2332,0,0
2026-07-14 16:00:00,2026-07-14 14:00:00,1.14461,1.14553,1.14415,1.14454,2241,0,0
2026-07-14 16:15:00,2026-07-14 14:15:00,1.14454,1.14536,1.14440,1.14500,1970,0,0
2026-07-14 16:30:00,2026-07-14 14:30:00,1.14501,1.14540,1.14468,1.14528,1998,0,0
2026-07-14 16:45:00,2026-07-14 14:45:00,1.14528,1.14545,1.14477,1.14515,1682,0,0
2026-07-14 17:00:00,2026-07-14 15:00:00,1.14516,1.14590,1.14502,1.14550,1611,0,0
2026-07-14 17:15:00,2026-07-14 15:15:00,1.14550,1.14552,1.14438,1.14443,1772,0,0
2026-07-14 17:30:00,2026-07-14 15:30:00,1.14442,1.14586,1.14409,1.14481,1613,0,0
2026-07-14 17:45:00,2026-07-14 15:45:00,1.14480,1.14496,1.14399,1.14452,1482,0,0
2026-07-14 18:00:00,2026-07-14 16:00:00,1.14452,1.14534,1.14421,1.14484,1654,0,0
2026-07-14 18:15:00,2026-07-14 16:15:00,1.14486,1.14494,1.14410,1.14416,1149,0,0
2026-07-14 18:30:00,2026-07-14 16:30:00,1.14417,1.14438,1.14302,1.14333,1544,0,0
2026-07-14 18:45:00,2026-07-14 16:45:00,1.14335,1.14364,1.14258,1.14272,1470,0,0
2026-07-14 19:00:00,2026-07-14 17:00:00,1.14275,1.14290,1.14241,1.14281,1209,0,0
2026-07-14 19:15:00,2026-07-14 17:15:00,1.14281,1.14310,1.14266,1.14304,1002,0,0
2026-07-14 19:30:00,2026-07-14 17:30:00,1.14303,1.14344,1.14303,1.14323,798,0,0
2026-07-14 19:45:00,2026-07-14 17:45:00,1.14324,1.14334,1.14296,1.14319,768,0,0
2026-07-14 20:00:00,2026-07-14 18:00:00,1.14319,1.14334,1.14228,1.14229,931,0,0
2026-07-14 20:15:00,2026-07-14 18:15:00,1.14233,1.14265,1.14191,1.14259,1090,0,0
2026-07-14 20:30:00,2026-07-14 18:30:00,1.14261,1.14269,1.14239,1.14259,701,0,0
2026-07-14 20:45:00,2026-07-14 18:45:00,1.14260,1.14283,1.14228,1.14234,719,0,0
2026-07-14 21:00:00,2026-07-14 19:00:00,1.14233,1.14251,1.14229,1.14241,661,0,0
2026-07-14 21:15:00,2026-07-14 19:15:00,1.14241,1.14263,1.14201,1.14214,693,0,0
2026-07-14 21:30:00,2026-07-14 19:30:00,1.14212,1.14232,1.14163,1.14192,882,0,0
2026-07-14 21:45:00,2026-07-14 19:45:00,1.14192,1.14239,1.14188,1.14234,801,0,0
2026-07-14 22:00:00,2026-07-14 20:00:00,1.14235,1.14261,1.14229,1.14255,676,0,0
2026-07-14 22:15:00,2026-07-14 20:15:00,1.14254,1.14260,1.14232,1.14245,846,0,0
2026-07-14 22:30:00,2026-07-14 20:30:00,1.14246,1.14247,1.14212,1.14227,877,0,0
2026-07-14 22:45:00,2026-07-14 20:45:00,1.14228,1.14242,1.14204,1.14204,813,0,0
2026-07-14 23:00:00,2026-07-14 21:00:00,1.14203,1.14227,1.14184,1.14205,543,0,0
2026-07-14 23:15:00,2026-07-14 21:15:00,1.14204,1.14211,1.14190,1.14194,330,0,0
2026-07-14 23:30:00,2026-07-14 21:30:00,1.14195,1.14216,1.14192,1.14204,277,0,0
2026-07-14 23:45:00,2026-07-14 21:45:00,1.14203,1.14215,1.14193,1.14207,345,0,0
2026-07-15 00:00:00,2026-07-14 22:00:00,1.14160,1.14202,1.14159,1.14198,106,36,0
2026-07-15 00:15:00,2026-07-14 22:15:00,1.14210,1.14225,1.14176,1.14207,187,28,0
2026-07-15 00:30:00,2026-07-14 22:30:00,1.14207,1.14221,1.14184,1.14194,241,15,0
2026-07-15 00:45:00,2026-07-14 22:45:00,1.14194,1.14196,1.14177,1.14180,198,22,0
2026-07-15 01:00:00,2026-07-14 23:00:00,1.14191,1.14227,1.14174,1.14190,403,0,0
2026-07-15 01:15:00,2026-07-14 23:15:00,1.14190,1.14205,1.14182,1.14202,413,0,0
2026-07-15 01:30:00,2026-07-14 23:30:00,1.14202,1.14218,1.14198,1.14211,371,0,0
2026-07-15 01:45:00,2026-07-14 23:45:00,1.14211,1.14212,1.14192,1.14206,262,0,0
2026-07-15 02:00:00,2026-07-15 00:00:00,1.14206,1.14222,1.14199,1.14219,308,0,0
2026-07-15 02:15:00,2026-07-15 00:15:00,1.14218,1.14227,1.14205,1.14227,257,0,0
2026-07-15 02:30:00,2026-07-15 00:30:00,1.14225,1.14245,1.14215,1.14243,444,0,0
2026-07-15 02:45:00,2026-07-15 00:45:00,1.14243,1.14249,1.14231,1.14244,403,0,0
2026-07-15 03:00:00,2026-07-15 01:00:00,1.14245,1.14276,1.14238,1.14255,693,0,0
2026-07-15 03:15:00,2026-07-15 01:15:00,1.14256,1.14304,1.14255,1.14295,662,0,0
2026-07-15 03:30:00,2026-07-15 01:30:00,1.14296,1.14300,1.14263,1.14271,655,0,0
2026-07-15 03:45:00,2026-07-15 01:45:00,1.14271,1.14343,1.14270,1.14330,704,0,0
2026-07-15 04:00:00,2026-07-15 02:00:00,1.14332,1.14357,1.14322,1.14354,873,0,0
2026-07-15 04:15:00,2026-07-15 02:15:00,1.14353,1.14375,1.14351,1.14359,847,0,0
2026-07-15 04:30:00,2026-07-15 02:30:00,1.14359,1.14369,1.14330,1.14337,688,0,0
2026-07-15 04:45:00,2026-07-15 02:45:00,1.14338,1.14358,1.14324,1.14355,689,0,0
2026-07-15 05:00:00,2026-07-15 03:00:00,1.14352,1.14393,1.14341,1.14362,703,0,0
2026-07-15 05:15:00,2026-07-15 03:15:00,1.14362,1.14362,1.14332,1.14351,588,0,0
2026-07-15 05:30:00,2026-07-15 03:30:00,1.14351,1.14411,1.14349,1.14410,631,0,0
2026-07-15 05:45:00,2026-07-15 03:45:00,1.14409,1.14424,1.14395,1.14402,612,0,0
2026-07-15 06:00:00,2026-07-15 04:00:00,1.14404,1.14424,1.14375,1.14375,590,0,0
2026-07-15 06:15:00,2026-07-15 04:15:00,1.14374,1.14378,1.14335,1.14350,639,0,0
2026-07-15 06:30:00,2026-07-15 04:30:00,1.14349,1.14370,1.14339,1.14343,604,0,0
2026-07-15 06:45:00,2026-07-15 04:45:00,1.14343,1.14385,1.14342,1.14379,543,0,0
2026-07-15 07:00:00,2026-07-15 05:00:00,1.14380,1.14391,1.14368,1.14374,543,0,0
2026-07-15 07:15:00,2026-07-15 05:15:00,1.14373,1.14403,1.14369,1.14394,464,0,0
2026-07-15 07:30:00,2026-07-15 05:30:00,1.14394,1.14408,1.14377,1.14381,436,0,0
2026-07-15 07:45:00,2026-07-15 05:45:00,1.14382,1.14397,1.14366,1.14369,413,0,0
2026-07-15 08:00:00,2026-07-15 06:00:00,1.14371,1.14380,1.14352,1.14367,714,0,0
2026-07-15 08:15:00,2026-07-15 06:15:00,1.14368,1.14384,1.14366,1.14375,504,0,0
2026-07-15 08:30:00,2026-07-15 06:30:00,1.14375,1.14410,1.14373,1.14408,655,0,0
2026-07-15 08:45:00,2026-07-15 06:45:00,1.14408,1.14433,1.14403,1.14405,700,0,0
2026-07-15 09:00:00,2026-07-15 07:00:00,1.14405,1.14427,1.14394,1.14399,825,0,0
2026-07-15 09:15:00,2026-07-15 07:15:00,1.14399,1.14439,1.14398,1.14418,753,0,0
2026-07-15 09:30:00,2026-07-15 07:30:00,1.14419,1.14420,1.14376,1.14386,858,0,0
2026-07-15 09:45:00,2026-07-15 07:45:00,1.14385,1.14385,1.14279,1.14288,1306,0,0
2026-07-15 10:00:00,2026-07-15 08:00:00,1.14289,1.14318,1.14261,1.14301,1168,0,0
2026-07-15 10:15:00,2026-07-15 08:15:00,1.14300,1.14305,1.14197,1.14228,1061,0,0
2026-07-15 10:30:00,2026-07-15 08:30:00,1.14226,1.14246,1.14213,1.14239,1041,0,0
2026-07-15 10:45:00,2026-07-15 08:45:00,1.14239,1.14253,1.14216,1.14234,762,0,0
2026-07-15 11:00:00,2026-07-15 09:00:00,1.14234,1.14277,1.14214,1.14227,1020,0,0
2026-07-15 11:15:00,2026-07-15 09:15:00,1.14228,1.14254,1.14223,1.14252,918,0,0
2026-07-15 11:30:00,2026-07-15 09:30:00,1.14253,1.14268,1.14239,1.14246,669,0,0
2026-07-15 11:45:00,2026-07-15 09:45:00,1.14247,1.14255,1.14211,1.14244,775,0,0
2026-07-15 12:00:00,2026-07-15 10:00:00,1.14246,1.14260,1.14202,1.14243,900,0,0
2026-07-15 12:15:00,2026-07-15 10:15:00,1.14243,1.14252,1.14218,1.14220,843,0,0
2026-07-15 12:30:00,2026-07-15 10:30:00,1.14221,1.14226,1.14179,1.14205,839,0,0
2026-07-15 12:45:00,2026-07-15 10:45:00,1.14204,1.14222,1.14166,1.14170,911,0,0
2026-07-15 13:00:00,2026-07-15 11:00:00,1.14170,1.14181,1.14134,1.14149,1000,0,0
2026-07-15 13:15:00,2026-07-15 11:15:00,1.14150,1.14184,1.14122,1.14132,1052,0,0
2026-07-15 13:30:00,2026-07-15 11:30:00,1.14131,1.14146,1.14106,1.14127,818,0,0
2026-07-15 13:45:00,2026-07-15 11:45:00,1.14126,1.14159,1.14120,1.14158,679,0,0
2026-07-15 14:00:00,2026-07-15 12:00:00,1.14157,1.14195,1.14153,1.14171,1046,0,0
2026-07-15 14:15:00,2026-07-15 12:15:00,1.14172,1.14184,1.14152,1.14160,772,0,0
2026-07-15 14:30:00,2026-07-15 12:30:00,1.14160,1.14192,1.14146,1.14147,809,0,0
2026-07-15 14:45:00,2026-07-15 12:45:00,1.14147,1.14157,1.14101,1.14118,1360,0,0
2026-07-15 15:00:00,2026-07-15 13:00:00,1.14123,1.14147,1.14062,1.14093,1029,0,0
2026-07-15 15:15:00,2026-07-15 13:15:00,1.14093,1.14149,1.14077,1.14141,1087,0,0
2026-07-15 15:30:00,2026-07-15 13:30:00,1.14138,1.14254,1.14131,1.14251,1583,0,0
2026-07-15 15:45:00,2026-07-15 13:45:00,1.14248,1.14301,1.14245,1.14282,1314,0,0
2026-07-15 16:00:00,2026-07-15 14:00:00,1.14283,1.14339,1.14269,1.14270,1530,0,0
2026-07-15 16:15:00,2026-07-15 14:15:00,1.14270,1.14336,1.14236,1.14246,1289,0,0
2026-07-15 16:30:00,2026-07-15 14:30:00,1.14244,1.14281,1.14240,1.14266,1190,0,0
2026-07-15 16:45:00,2026-07-15 14:45:00,1.14268,1.14354,1.14252,1.14300,1374,0,0
2026-07-15 17:00:00,2026-07-15 15:00:00,1.14301,1.14355,1.14301,1.14317,1215,0,0
2026-07-15 17:15:00,2026-07-15 15:15:00,1.14318,1.14355,1.14303,1.14324,1394,0,0
2026-07-15 17:30:00,2026-07-15 15:30:00,1.14325,1.14394,1.14324,1.14388,1482,0,0
2026-07-15 17:45:00,2026-07-15 15:45:00,1.14388,1.14415,1.14327,1.14370,1718,0,0
2026-07-15 18:00:00,2026-07-15 16:00:00,1.14374,1.14415,1.14354,1.14354,1262,0,0
2026-07-15 18:15:00,2026-07-15 16:15:00,1.14355,1.14401,1.14333,1.14394,1308,0,0
2026-07-15 18:30:00,2026-07-15 16:30:00,1.14395,1.14397,1.14317,1.14345,1202,0,0
2026-07-15 18:45:00,2026-07-15 16:45:00,1.14344,1.14372,1.14319,1.14354,1043,0,0
2026-07-15 19:00:00,2026-07-15 17:00:00,1.14354,1.14361,1.14302,1.14344,1029,0,0
2026-07-15 19:15:00,2026-07-15 17:15:00,1.14343,1.14398,1.14340,1.14388,1072,0,0
2026-07-15 19:30:00,2026-07-15 17:30:00,1.14389,1.14392,1.14344,1.14355,887,0,0
2026-07-15 19:45:00,2026-07-15 17:45:00,1.14354,1.14422,1.14347,1.14422,1132,0,0
2026-07-15 20:00:00,2026-07-15 18:00:00,1.14423,1.14502,1.14421,1.14496,1220,0,0
2026-07-15 20:15:00,2026-07-15 18:15:00,1.14496,1.14559,1.14480,1.14559,953,0,0
2026-07-15 20:30:00,2026-07-15 18:30:00,1.14559,1.14710,1.14557,1.14706,1409,0,0
2026-07-15 20:45:00,2026-07-15 18:45:00,1.14705,1.14748,1.14666,1.14734,1324,0,0
2026-07-15 21:00:00,2026-07-15 19:00:00,1.14733,1.14770,1.14721,1.14732,980,0,0
2026-07-15 21:15:00,2026-07-15 19:15:00,1.14733,1.14787,1.14722,1.14785,1005,0,0
2026-07-15 21:30:00,2026-07-15 19:30:00,1.14786,1.14825,1.14732,1.14732,1010,0,0
2026-07-15 21:45:00,2026-07-15 19:45:00,1.14733,1.14744,1.14660,1.14667,1131,0,0
2026-07-15 22:00:00,2026-07-15 20:00:00,1.14664,1.14740,1.14656,1.14738,1072,0,0
2026-07-15 22:15:00,2026-07-15 20:15:00,1.14738,1.14748,1.14700,1.14728,883,0,0
2026-07-15 22:30:00,2026-07-15 20:30:00,1.14726,1.14726,1.14625,1.14630,1176,0,0
2026-07-15 22:45:00,2026-07-15 20:45:00,1.14631,1.14651,1.14614,1.14640,917,0,0
2026-07-15 23:00:00,2026-07-15 21:00:00,1.14640,1.14647,1.14610,1.14615,564,0,0
2026-07-15 23:15:00,2026-07-15 21:15:00,1.14616,1.14643,1.14613,1.14637,323,0,0
2026-07-15 23:30:00,2026-07-15 21:30:00,1.14639,1.14641,1.14612,1.14625,318,0,0
2026-07-15 23:45:00,2026-07-15 21:45:00,1.14626,1.14640,1.14623,1.14634,270,0,0
2026-07-16 00:00:00,2026-07-15 22:00:00,1.14609,1.14620,1.14601,1.14619,129,46,0
2026-07-16 00:15:00,2026-07-15 22:15:00,1.14619,1.14637,1.14609,1.14632,134,36,0
2026-07-16 00:30:00,2026-07-15 22:30:00,1.14625,1.14645,1.14613,1.14629,356,35,0
2026-07-16 00:45:00,2026-07-15 22:45:00,1.14629,1.14643,1.14607,1.14618,389,35,0
2026-07-16 01:00:00,2026-07-15 23:00:00,1.14634,1.14682,1.14631,1.14666,431,0,0
2026-07-16 01:15:00,2026-07-15 23:15:00,1.14667,1.14674,1.14654,1.14673,335,0,0
2026-07-16 01:30:00,2026-07-15 23:30:00,1.14673,1.14677,1.14662,1.14666,295,0,0
2026-07-16 01:45:00,2026-07-15 23:45:00,1.14667,1.14671,1.14652,1.14670,342,0,0
2026-07-16 02:00:00,2026-07-16 00:00:00,1.14670,1.14688,1.14666,1.14688,294,0,0
2026-07-16 02:15:00,2026-07-16 00:15:00,1.14688,1.14699,1.14677,1.14692,352,0,0
2026-07-16 02:30:00,2026-07-16 00:30:00,1.14692,1.14707,1.14683,1.14705,334,0,0
2026-07-16 02:45:00,2026-07-16 00:45:00,1.14704,1.14709,1.14691,1.14699,419,0,0
2026-07-16 03:00:00,2026-07-16 01:00:00,1.14699,1.14740,1.14693,1.14738,670,0,0
2026-07-16 03:15:00,2026-07-16 01:15:00,1.14738,1.14740,1.14701,1.14718,665,0,0
2026-07-16 03:30:00,2026-07-16 01:30:00,1.14720,1.14724,1.14677,1.14698,635,0,0
2026-07-16 03:45:00,2026-07-16 01:45:00,1.14698,1.14746,1.14672,1.14738,1114,0,0
2026-07-16 04:00:00,2026-07-16 02:00:00,1.14738,1.14741,1.14704,1.14728,694,0,0
2026-07-16 04:15:00,2026-07-16 02:15:00,1.14729,1.14731,1.14686,1.14698,776,0,0
2026-07-16 04:30:00,2026-07-16 02:30:00,1.14698,1.14708,1.14652,1.14669,815,0,0
2026-07-16 04:45:00,2026-07-16 02:45:00,1.14669,1.14672,1.14650,1.14658,638,0,0
2026-07-16 05:00:00,2026-07-16 03:00:00,1.14658,1.14659,1.14605,1.14607,700,0,0
2026-07-16 05:15:00,2026-07-16 03:15:00,1.14608,1.14647,1.14601,1.14644,536,0,0
2026-07-16 05:30:00,2026-07-16 03:30:00,1.14643,1.14652,1.14622,1.14633,614,0,0
2026-07-16 05:45:00,2026-07-16 03:45:00,1.14634,1.14649,1.14616,1.14646,464,0,0
2026-07-16 06:00:00,2026-07-16 04:00:00,1.14647,1.14668,1.14633,1.14658,525,0,0
2026-07-16 06:15:00,2026-07-16 04:15:00,1.14658,1.14684,1.14655,1.14680,454,0,0
2026-07-16 06:30:00,2026-07-16 04:30:00,1.14679,1.14689,1.14670,1.14672,372,0,0
2026-07-16 06:45:00,2026-07-16 04:45:00,1.14671,1.14676,1.14654,1.14666,518,0,0
2026-07-16 07:00:00,2026-07-16 05:00:00,1.14666,1.14668,1.14638,1.14651,501,0,0
2026-07-16 07:15:00,2026-07-16 05:15:00,1.14652,1.14652,1.14629,1.14632,439,0,0
2026-07-16 07:30:00,2026-07-16 05:30:00,1.14632,1.14673,1.14631,1.14660,460,0,0
2026-07-16 07:45:00,2026-07-16 05:45:00,1.14660,1.14669,1.14650,1.14662,452,0,0
2026-07-16 08:00:00,2026-07-16 06:00:00,1.14663,1.14675,1.14656,1.14673,503,0,0
2026-07-16 08:15:00,2026-07-16 06:15:00,1.14674,1.14684,1.14662,1.14667,526,0,0
2026-07-16 08:30:00,2026-07-16 06:30:00,1.14667,1.14690,1.14661,1.14671,830,0,0
2026-07-16 08:45:00,2026-07-16 06:45:00,1.14671,1.14672,1.14622,1.14633,839,0,0
2026-07-16 09:00:00,2026-07-16 07:00:00,1.14634,1.14693,1.14634,1.14692,1097,0,0
2026-07-16 09:15:00,2026-07-16 07:15:00,1.14690,1.14695,1.14658,1.14683,786,0,0
2026-07-16 09:30:00,2026-07-16 07:30:00,1.14682,1.14684,1.14651,1.14666,853,0,0
2026-07-16 09:45:00,2026-07-16 07:45:00,1.14667,1.14711,1.14663,1.14685,760,0,0
2026-07-16 10:00:00,2026-07-16 08:00:00,1.14686,1.14703,1.14668,1.14684,1005,0,0
2026-07-16 10:15:00,2026-07-16 08:15:00,1.14683,1.14721,1.14676,1.14692,885,0,0
2026-07-16 10:30:00,2026-07-16 08:30:00,1.14689,1.14721,1.14673,1.14714,766,0,0
2026-07-16 10:45:00,2026-07-16 08:45:00,1.14717,1.14765,1.14686,1.14695,1182,0,0
2026-07-16 11:00:00,2026-07-16 09:00:00,1.14694,1.14720,1.14634,1.14643,1044,0,0
2026-07-16 11:15:00,2026-07-16 09:15:00,1.14644,1.14663,1.14626,1.14650,990,0,0
2026-07-16 11:30:00,2026-07-16 09:30:00,1.14650,1.14684,1.14650,1.14673,776,0,0
2026-07-16 11:45:00,2026-07-16 09:45:00,1.14674,1.14675,1.14628,1.14659,757,0,0
2026-07-16 12:00:00,2026-07-16 10:00:00,1.14659,1.14659,1.14627,1.14652,850,0,0
2026-07-16 12:15:00,2026-07-16 10:15:00,1.14652,1.14668,1.14631,1.14635,807,0,0
2026-07-16 12:30:00,2026-07-16 10:30:00,1.14634,1.14653,1.14604,1.14652,805,0,0
2026-07-16 12:45:00,2026-07-16 10:45:00,1.14652,1.14683,1.14651,1.14663,626,0,0
2026-07-16 13:00:00,2026-07-16 11:00:00,1.14662,1.14664,1.14642,1.14657,761,0,0
2026-07-16 13:15:00,2026-07-16 11:15:00,1.14656,1.14684,1.14650,1.14653,575,0,0
2026-07-16 13:30:00,2026-07-16 11:30:00,1.14652,1.14655,1.14620,1.14647,677,0,0
2026-07-16 13:45:00,2026-07-16 11:45:00,1.14646,1.14663,1.14593,1.14600,676,0,0
2026-07-16 14:00:00,2026-07-16 12:00:00,1.14600,1.14623,1.14588,1.14604,765,0,0
2026-07-16 14:15:00,2026-07-16 12:15:00,1.14604,1.14633,1.14581,1.14603,787,0,0
2026-07-16 14:30:00,2026-07-16 12:30:00,1.14602,1.14663,1.14600,1.14646,771,0,0
2026-07-16 14:45:00,2026-07-16 12:45:00,1.14646,1.14690,1.14567,1.14685,1233,0,0
2026-07-16 15:00:00,2026-07-16 13:00:00,1.14686,1.14708,1.14637,1.14648,1229,0,0
2026-07-16 15:15:00,2026-07-16 13:15:00,1.14647,1.14654,1.14600,1.14633,1204,0,0
2026-07-16 15:30:00,2026-07-16 13:30:00,1.14633,1.14652,1.14510,1.14526,1383,0,0
2026-07-16 15:45:00,2026-07-16 13:45:00,1.14526,1.14560,1.14471,1.14476,1382,0,0
2026-07-16 16:00:00,2026-07-16 14:00:00,1.14475,1.14537,1.14445,1.14535,1393,0,0
2026-07-16 16:15:00,2026-07-16 14:15:00,1.14536,1.14585,1.14507,1.14582,1173,0,0
2026-07-16 16:30:00,2026-07-16 14:30:00,1.14583,1.14594,1.14533,1.14536,1475,0,0
2026-07-16 16:45:00,2026-07-16 14:45:00,1.14537,1.14562,1.14495,1.14495,1337,0,0
2026-07-16 17:00:00,2026-07-16 15:00:00,1.14496,1.14540,1.14452,1.14484,1253,0,0
2026-07-16 17:15:00,2026-07-16 15:15:00,1.14482,1.14523,1.14469,1.14490,1151,0,0
2026-07-16 17:30:00,2026-07-16 15:30:00,1.14491,1.14524,1.14425,1.14447,1122,0,0
2026-07-16 17:45:00,2026-07-16 15:45:00,1.14448,1.14462,1.14401,1.14431,1264,0,0
2026-07-16 18:00:00,2026-07-16 16:00:00,1.14430,1.14432,1.14368,1.14419,1270,0,0
2026-07-16 18:15:00,2026-07-16 16:15:00,1.14419,1.14442,1.14399,1.14405,1132,0,0
2026-07-16 18:30:00,2026-07-16 16:30:00,1.14406,1.14469,1.14400,1.14465,909,0,0
2026-07-16 18:45:00,2026-07-16 16:45:00,1.14465,1.14497,1.14455,1.14470,771,0,0
2026-07-16 19:00:00,2026-07-16 17:00:00,1.14471,1.14473,1.14408,1.14421,801,0,0
2026-07-16 19:15:00,2026-07-16 17:15:00,1.14421,1.14430,1.14355,1.14361,1000,0,0
2026-07-16 19:30:00,2026-07-16 17:30:00,1.14362,1.14388,1.14347,1.14371,828,0,0
2026-07-16 19:45:00,2026-07-16 17:45:00,1.14371,1.14382,1.14342,1.14349,738,0,0
2026-07-16 20:00:00,2026-07-16 18:00:00,1.14350,1.14352,1.14312,1.14319,830,0,0
2026-07-16 20:15:00,2026-07-16 18:15:00,1.14320,1.14353,1.14319,1.14351,606,0,0
2026-07-16 20:30:00,2026-07-16 18:30:00,1.14351,1.14359,1.14326,1.14346,599,0,0
2026-07-16 20:45:00,2026-07-16 18:45:00,1.14348,1.14383,1.14345,1.14366,665,0,0
2026-07-16 21:00:00,2026-07-16 19:00:00,1.14366,1.14380,1.14349,1.14377,728,0,0
2026-07-16 21:15:00,2026-07-16 19:15:00,1.14376,1.14394,1.14365,1.14366,649,0,0
2026-07-16 21:30:00,2026-07-16 19:30:00,1.14365,1.14379,1.14357,1.14376,631,0,0
2026-07-16 21:45:00,2026-07-16 19:45:00,1.14376,1.14387,1.14369,1.14385,608,0,0
2026-07-16 22:00:00,2026-07-16 20:00:00,1.14385,1.14400,1.14372,1.14374,605,0,0
2026-07-16 22:15:00,2026-07-16 20:15:00,1.14375,1.14377,1.14344,1.14351,595,0,0
2026-07-16 22:30:00,2026-07-16 20:30:00,1.14351,1.14380,1.14351,1.14373,543,0,0
2026-07-16 22:45:00,2026-07-16 20:45:00,1.14373,1.14418,1.14372,1.14404,744,0,0
2026-07-16 23:00:00,2026-07-16 21:00:00,1.14404,1.14420,1.14398,1.14403,487,0,0
2026-07-16 23:15:00,2026-07-16 21:15:00,1.14404,1.14408,1.14385,1.14397,265,0,0
2026-07-16 23:30:00,2026-07-16 21:30:00,1.14397,1.14441,1.14393,1.14428,366,0,0
2026-07-16 23:45:00,2026-07-16 21:45:00,1.14428,1.14444,1.14427,1.14430,259,0,0
2026-07-17 00:00:00,2026-07-16 22:00:00,1.14389,1.14393,1.14387,1.14393,46,42,0
2026-07-17 00:15:00,2026-07-16 22:15:00,1.14392,1.14416,1.14392,1.14414,91,12,0
2026-07-17 00:30:00,2026-07-16 22:30:00,1.14414,1.14420,1.14401,1.14412,139,12,0
2026-07-17 00:45:00,2026-07-16 22:45:00,1.14412,1.14412,1.14404,1.14405,64,38,0
2026-07-17 01:00:00,2026-07-16 23:00:00,1.14423,1.14450,1.14421,1.14444,286,0,0
2026-07-17 01:15:00,2026-07-16 23:15:00,1.14444,1.14446,1.14433,1.14439,203,0,0
2026-07-17 01:30:00,2026-07-16 23:30:00,1.14438,1.14441,1.14429,1.14430,195,0,0
2026-07-17 01:45:00,2026-07-16 23:45:00,1.14430,1.14435,1.14421,1.14433,297,0,0
2026-07-17 02:00:00,2026-07-17 00:00:00,1.14433,1.14444,1.14425,1.14442,408,0,0
2026-07-17 02:15:00,2026-07-17 00:15:00,1.14442,1.14455,1.14438,1.14448,270,0,0
2026-07-17 02:30:00,2026-07-17 00:30:00,1.14448,1.14466,1.14443,1.14453,264,0,0
2026-07-17 02:45:00,2026-07-17 00:45:00,1.14452,1.14454,1.14436,1.14451,381,0,0
2026-07-17 03:00:00,2026-07-17 01:00:00,1.14451,1.14463,1.14439,1.14444,617,0,0
2026-07-17 03:15:00,2026-07-17 01:15:00,1.14444,1.14459,1.14417,1.14419,593,0,0
2026-07-17 03:30:00,2026-07-17 01:30:00,1.14418,1.14434,1.14412,1.14414,602,0,0
2026-07-17 03:45:00,2026-07-17 01:45:00,1.14414,1.14470,1.14414,1.14470,694,0,0
2026-07-17 04:00:00,2026-07-17 02:00:00,1.14469,1.14483,1.14435,1.14445,798,0,0
2026-07-17 04:15:00,2026-07-17 02:15:00,1.14446,1.14468,1.14434,1.14435,629,0,0
2026-07-17 04:30:00,2026-07-17 02:30:00,1.14436,1.14445,1.14418,1.14433,557,0,0
2026-07-17 04:45:00,2026-07-17 02:45:00,1.14433,1.14433,1.14373,1.14390,629,0,0
2026-07-17 05:00:00,2026-07-17 03:00:00,1.14390,1.14414,1.14390,1.14409,689,0,0
2026-07-17 05:15:00,2026-07-17 03:15:00,1.14410,1.14415,1.14389,1.14390,445,0,0
2026-07-17 05:30:00,2026-07-17 03:30:00,1.14390,1.14402,1.14366,1.14381,546,0,0
2026-07-17 05:45:00,2026-07-17 03:45:00,1.14381,1.14395,1.14366,1.14369,547,0,0
2026-07-17 06:00:00,2026-07-17 04:00:00,1.14370,1.14402,1.14363,1.14379,582,0,0
2026-07-17 06:15:00,2026-07-17 04:15:00,1.14379,1.14401,1.14379,1.14394,456,0,0
2026-07-17 06:30:00,2026-07-17 04:30:00,1.14393,1.14399,1.14359,1.14364,492,0,0
2026-07-17 06:45:00,2026-07-17 04:45:00,1.14364,1.14395,1.14359,1.14392,469,0,0
2026-07-17 07:00:00,2026-07-17 05:00:00,1.14393,1.14396,1.14377,1.14380,410,0,0
2026-07-17 07:15:00,2026-07-17 05:15:00,1.14379,1.14384,1.14360,1.14364,485,0,0
2026-07-17 07:30:00,2026-07-17 05:30:00,1.14364,1.14380,1.14359,1.14368,414,0,0
2026-07-17 07:45:00,2026-07-17 05:45:00,1.14368,1.14379,1.14346,1.14362,389,0,0
2026-07-17 08:00:00,2026-07-17 06:00:00,1.14362,1.14372,1.14357,1.14366,356,0,0
2026-07-17 08:15:00,2026-07-17 06:15:00,1.14365,1.14382,1.14357,1.14370,489,0,0
2026-07-17 08:30:00,2026-07-17 06:30:00,1.14371,1.14435,1.14371,1.14418,791,0,0
2026-07-17 08:45:00,2026-07-17 06:45:00,1.14417,1.14434,1.14392,1.14397,641,0,0
2026-07-17 09:00:00,2026-07-17 07:00:00,1.14395,1.14461,1.14395,1.14458,855,0,0
2026-07-17 09:15:00,2026-07-17 07:15:00,1.14458,1.14513,1.14457,1.14486,844,0,0
2026-07-17 09:30:00,2026-07-17 07:30:00,1.14485,1.14517,1.14478,1.14496,729,0,0
2026-07-17 09:45:00,2026-07-17 07:45:00,1.14495,1.14523,1.14482,1.14499,972,0,0
2026-07-17 10:00:00,2026-07-17 08:00:00,1.14500,1.14523,1.14472,1.14488,1010,0,0
2026-07-17 10:15:00,2026-07-17 08:15:00,1.14490,1.14493,1.14441,1.14468,849,0,0
2026-07-17 10:30:00,2026-07-17 08:30:00,1.14467,1.14499,1.14442,1.14470,789,0,0
2026-07-17 10:45:00,2026-07-17 08:45:00,1.14469,1.14496,1.14447,1.14449,888,0,0
2026-07-17 11:00:00,2026-07-17 09:00:00,1.14454,1.14480,1.14401,1.14409,907,0,0
2026-07-17 11:15:00,2026-07-17 09:15:00,1.14408,1.14410,1.14358,1.14403,1205,0,0
2026-07-17 11:30:00,2026-07-17 09:30:00,1.14402,1.14438,1.14395,1.14427,947,0,0
2026-07-17 11:45:00,2026-07-17 09:45:00,1.14427,1.14432,1.14391,1.14412,881,0,0
2026-07-17 12:00:00,2026-07-17 10:00:00,1.14409,1.14423,1.14371,1.14387,1069,0,0
2026-07-17 12:15:00,2026-07-17 10:15:00,1.14386,1.14425,1.14373,1.14419,891,0,0
2026-07-17 12:30:00,2026-07-17 10:30:00,1.14420,1.14420,1.14361,1.14377,848,0,0
2026-07-17 12:45:00,2026-07-17 10:45:00,1.14378,1.14406,1.14374,1.14405,732,0,0
2026-07-17 13:00:00,2026-07-17 11:00:00,1.14404,1.14405,1.14356,1.14393,787,0,0
2026-07-17 13:15:00,2026-07-17 11:15:00,1.14392,1.14405,1.14312,1.14324,845,0,0
2026-07-17 13:30:00,2026-07-17 11:30:00,1.14323,1.14340,1.14309,1.14326,692,0,0
2026-07-17 13:45:00,2026-07-17 11:45:00,1.14326,1.14331,1.14260,1.14267,962,0,0
2026-07-17 14:00:00,2026-07-17 12:00:00,1.14268,1.14303,1.14246,1.14290,880,0,0
2026-07-17 14:15:00,2026-07-17 12:15:00,1.14291,1.14309,1.14273,1.14303,730,0,0
2026-07-17 14:30:00,2026-07-17 12:30:00,1.14304,1.14361,1.14298,1.14335,756,0,0
2026-07-17 14:45:00,2026-07-17 12:45:00,1.14336,1.14349,1.14292,1.14301,674,0,0
2026-07-17 15:00:00,2026-07-17 13:00:00,1.14301,1.14355,1.14301,1.14330,823,0,0
2026-07-17 15:15:00,2026-07-17 13:15:00,1.14329,1.14345,1.14308,1.14342,681,0,0
2026-07-17 15:30:00,2026-07-17 13:30:00,1.14342,1.14343,1.14260,1.14269,852,0,0
2026-07-17 15:45:00,2026-07-17 13:45:00,1.14269,1.14294,1.14249,1.14291,908,0,0
2026-07-17 16:00:00,2026-07-17 14:00:00,1.14291,1.14319,1.14257,1.14293,1031,0,0
2026-07-17 16:15:00,2026-07-17 14:15:00,1.14293,1.14300,1.14243,1.14254,1031,0,0
2026-07-17 16:30:00,2026-07-17 14:30:00,1.14255,1.14330,1.14251,1.14321,1369,0,0
2026-07-17 16:45:00,2026-07-17 14:45:00,1.14321,1.14369,1.14302,1.14359,1324,0,0
2026-07-17 17:00:00,2026-07-17 15:00:00,1.14360,1.14376,1.14331,1.14364,1140,0,0
2026-07-17 17:15:00,2026-07-17 15:15:00,1.14365,1.14412,1.14345,1.14355,1184,0,0
2026-07-17 17:30:00,2026-07-17 15:30:00,1.14357,1.14425,1.14350,1.14421,1043,0,0
2026-07-17 17:45:00,2026-07-17 15:45:00,1.14421,1.14442,1.14380,1.14399,980,0,0
2026-07-17 18:00:00,2026-07-17 16:00:00,1.14397,1.14433,1.14387,1.14396,911,0,0
2026-07-17 18:15:00,2026-07-17 16:15:00,1.14397,1.14446,1.14393,1.14415,938,0,0
2026-07-17 18:30:00,2026-07-17 16:30:00,1.14418,1.14426,1.14372,1.14374,992,0,0
2026-07-17 18:45:00,2026-07-17 16:45:00,1.14374,1.14412,1.14373,1.14400,718,0,0
2026-07-17 19:00:00,2026-07-17 17:00:00,1.14400,1.14406,1.14339,1.14399,1120,0,0
2026-07-17 19:15:00,2026-07-17 17:15:00,1.14399,1.14415,1.14379,1.14410,765,0,0
2026-07-17 19:30:00,2026-07-17 17:30:00,1.14410,1.14416,1.14389,1.14399,632,0,0
2026-07-17 19:45:00,2026-07-17 17:45:00,1.14399,1.14399,1.14372,1.14382,597,0,0
2026-07-17 20:00:00,2026-07-17 18:00:00,1.14383,1.14388,1.14342,1.14347,761,0,0
2026-07-17 20:15:00,2026-07-17 18:15:00,1.14345,1.14361,1.14332,1.14359,668,0,0
2026-07-17 20:30:00,2026-07-17 18:30:00,1.14358,1.14361,1.14337,1.14340,509,0,0
2026-07-17 20:45:00,2026-07-17 18:45:00,1.14339,1.14352,1.14337,1.14343,506,0,0
2026-07-17 21:00:00,2026-07-17 19:00:00,1.14344,1.14361,1.14336,1.14352,484,0,0
2026-07-17 21:15:00,2026-07-17 19:15:00,1.14351,1.14374,1.14343,1.14368,702,0,0
2026-07-17 21:30:00,2026-07-17 19:30:00,1.14366,1.14375,1.14354,1.14359,495,0,0
2026-07-17 21:45:00,2026-07-17 19:45:00,1.14359,1.14367,1.14347,1.14353,473,0,0
2026-07-17 22:00:00,2026-07-17 20:00:00,1.14353,1.14366,1.14349,1.14360,427,0,0
2026-07-17 22:15:00,2026-07-17 20:15:00,1.14360,1.14371,1.14339,1.14358,587,0,0
2026-07-17 22:30:00,2026-07-17 20:30:00,1.14359,1.14390,1.14340,1.14380,568,0,0
2026-07-17 22:45:00,2026-07-17 20:45:00,1.14381,1.14415,1.14377,1.14409,631,0,0
2026-07-17 23:00:00,2026-07-17 21:00:00,1.14409,1.14424,1.14391,1.14393,448,0,0
2026-07-17 23:15:00,2026-07-17 21:15:00,1.14392,1.14397,1.14363,1.14378,311,0,0
2026-07-17 23:30:00,2026-07-17 21:30:00,1.14377,1.14385,1.14367,1.14375,300,0,0
2026-07-17 23:45:00,2026-07-17 21:45:00,1.14375,1.14386,1.14363,1.14379,270,0,0
2026-07-20 00:00:00,2026-07-19 22:00:00,1.14220,1.14257,1.14220,1.14253,59,39,0
2026-07-20 00:15:00,2026-07-19 22:15:00,1.14250,1.14270,1.14245,1.14265,36,62,0
2026-07-20 00:30:00,2026-07-19 22:30:00,1.14264,1.14282,1.14257,1.14279,54,57,0
2026-07-20 00:45:00,2026-07-19 22:45:00,1.14280,1.14286,1.14267,1.14268,47,48,0
2026-07-20 01:00:00,2026-07-19 23:00:00,1.14277,1.14311,1.14246,1.14297,654,0,0
2026-07-20 01:15:00,2026-07-19 23:15:00,1.14297,1.14314,1.14263,1.14274,620,0,0
2026-07-20 01:30:00,2026-07-19 23:30:00,1.14271,1.14299,1.14265,1.14282,515,0,0
2026-07-20 01:45:00,2026-07-19 23:45:00,1.14282,1.14284,1.14263,1.14264,312,0,0
2026-07-20 02:00:00,2026-07-20 00:00:00,1.14264,1.14270,1.14253,1.14253,329,0,0
2026-07-20 02:15:00,2026-07-20 00:15:00,1.14252,1.14259,1.14238,1.14255,282,0,0
2026-07-20 02:30:00,2026-07-20 00:30:00,1.14255,1.14270,1.14248,1.14268,269,0,0
2026-07-20 02:45:00,2026-07-20 00:45:00,1.14268,1.14276,1.14252,1.14274,581,0,0
2026-07-20 03:00:00,2026-07-20 01:00:00,1.14273,1.14311,1.14264,1.14298,701,0,0
2026-07-20 03:15:00,2026-07-20 01:15:00,1.14297,1.14328,1.14297,1.14324,783,0,0
2026-07-20 03:30:00,2026-07-20 01:30:00,1.14323,1.14323,1.14304,1.14317,625,0,0
2026-07-20 03:45:00,2026-07-20 01:45:00,1.14317,1.14336,1.14317,1.14334,534,0,0
2026-07-20 04:00:00,2026-07-20 02:00:00,1.14334,1.14356,1.14314,1.14319,819,0,0
2026-07-20 04:15:00,2026-07-20 02:15:00,1.14320,1.14346,1.14315,1.14345,720,0,0
2026-07-20 04:30:00,2026-07-20 02:30:00,1.14345,1.14356,1.14316,1.14329,726,0,0
2026-07-20 04:45:00,2026-07-20 02:45:00,1.14329,1.14363,1.14324,1.14362,556,0,0
2026-07-20 05:00:00,2026-07-20 03:00:00,1.14361,1.14380,1.14346,1.14365,637,0,0
2026-07-20 05:15:00,2026-07-20 03:15:00,1.14364,1.14391,1.14360,1.14389,451,0,0
2026-07-20 05:30:00,2026-07-20 03:30:00,1.14389,1.14430,1.14379,1.14407,624,0,0
2026-07-20 05:45:00,2026-07-20 03:45:00,1.14408,1.14425,1.14396,1.14409,460,0,0
2026-07-20 06:00:00,2026-07-20 04:00:00,1.14411,1.14414,1.14396,1.14406,445,0,0
2026-07-20 06:15:00,2026-07-20 04:15:00,1.14406,1.14415,1.14401,1.14409,390,0,0
2026-07-20 06:30:00,2026-07-20 04:30:00,1.14409,1.14426,1.14404,1.14424,382,0,0
2026-07-20 06:45:00,2026-07-20 04:45:00,1.14424,1.14426,1.14416,1.14419,296,0,0
2026-07-20 07:00:00,2026-07-20 05:00:00,1.14418,1.14429,1.14412,1.14424,329,0,0
2026-07-20 07:15:00,2026-07-20 05:15:00,1.14424,1.14447,1.14424,1.14446,383,0,0
2026-07-20 07:30:00,2026-07-20 05:30:00,1.14445,1.14451,1.14438,1.14449,311,0,0
2026-07-20 07:45:00,2026-07-20 05:45:00,1.14448,1.14451,1.14440,1.14444,351,0,0
2026-07-20 08:00:00,2026-07-20 06:00:00,1.14443,1.14450,1.14424,1.14431,459,0,0
2026-07-20 08:15:00,2026-07-20 06:15:00,1.14430,1.14438,1.14419,1.14420,491,0,0
2026-07-20 08:30:00,2026-07-20 06:30:00,1.14419,1.14421,1.14402,1.14404,481,0,0
2026-07-20 08:45:00,2026-07-20 06:45:00,1.14404,1.14424,1.14400,1.14401,469,0,0
2026-07-20 09:00:00,2026-07-20 07:00:00,1.14401,1.14423,1.14361,1.14369,750,0,0
2026-07-20 09:15:00,2026-07-20 07:15:00,1.14370,1.14395,1.14362,1.14365,657,0,0
2026-07-20 09:30:00,2026-07-20 07:30:00,1.14366,1.14393,1.14341,1.14358,719,0,0
2026-07-20 09:45:00,2026-07-20 07:45:00,1.14359,1.14396,1.14348,1.14352,688,0,0
2026-07-20 10:00:00,2026-07-20 08:00:00,1.14354,1.14395,1.14341,1.14348,814,0,0
2026-07-20 10:15:00,2026-07-20 08:15:00,1.14350,1.14425,1.14343,1.14423,941,0,0
2026-07-20 10:30:00,2026-07-20 08:30:00,1.14424,1.14497,1.14420,1.14478,1259,0,0
2026-07-20 10:45:00,2026-07-20 08:45:00,1.14478,1.14488,1.14421,1.14442,1026,0,0
2026-07-20 11:00:00,2026-07-20 09:00:00,1.14442,1.14457,1.14416,1.14423,815,0,0
2026-07-20 11:15:00,2026-07-20 09:15:00,1.14423,1.14430,1.14375,1.14381,799,0,0
2026-07-20 11:30:00,2026-07-20 09:30:00,1.14381,1.14437,1.14375,1.14409,670,0,0
2026-07-20 11:45:00,2026-07-20 09:45:00,1.14409,1.14416,1.14377,1.14390,711,0,0
2026-07-20 12:00:00,2026-07-20 10:00:00,1.14389,1.14398,1.14332,1.14343,816,0,0
2026-07-20 12:15:00,2026-07-20 10:15:00,1.14342,1.14354,1.14304,1.14308,725,0,0
2026-07-20 12:30:00,2026-07-20 10:30:00,1.14307,1.14325,1.14292,1.14317,600,0,0
2026-07-20 12:45:00,2026-07-20 10:45:00,1.14311,1.14312,1.14275,1.14300,676,0,0
2026-07-20 13:00:00,2026-07-20 11:00:00,1.14300,1.14334,1.14284,1.14316,709,0,0
2026-07-20 13:15:00,2026-07-20 11:15:00,1.14316,1.14328,1.14311,1.14316,496,0,0
2026-07-20 13:30:00,2026-07-20 11:30:00,1.14316,1.14362,1.14312,1.14344,523,0,0
2026-07-20 13:45:00,2026-07-20 11:45:00,1.14343,1.14350,1.14306,1.14311,594,0,0
2026-07-20 14:00:00,2026-07-20 12:00:00,1.14313,1.14337,1.14286,1.14304,800,0,0
2026-07-20 14:15:00,2026-07-20 12:15:00,1.14305,1.14336,1.14301,1.14334,603,0,0
2026-07-20 14:30:00,2026-07-20 12:30:00,1.14335,1.14405,1.14334,1.14350,1558,0,0
2026-07-20 14:45:00,2026-07-20 12:45:00,1.14349,1.14352,1.14280,1.14293,1034,0,0
2026-07-20 15:00:00,2026-07-20 13:00:00,1.14293,1.14302,1.14210,1.14224,1278,0,0
2026-07-20 15:15:00,2026-07-20 13:15:00,1.14225,1.14226,1.14172,1.14194,1079,0,0
2026-07-20 15:30:00,2026-07-20 13:30:00,1.14195,1.14238,1.14169,1.14198,949,0,0
2026-07-20 15:45:00,2026-07-20 13:45:00,1.14199,1.14280,1.14199,1.14236,1040,0,0
2026-07-20 16:00:00,2026-07-20 14:00:00,1.14239,1.14246,1.14178,1.14196,995,0,0
2026-07-20 16:15:00,2026-07-20 14:15:00,1.14195,1.14207,1.14170,1.14194,820,0,0
2026-07-20 16:30:00,2026-07-20 14:30:00,1.14193,1.14200,1.14146,1.14150,1059,0,0
2026-07-20 16:45:00,2026-07-20 14:45:00,1.14151,1.14185,1.14145,1.14153,960,0,0
2026-07-20 17:00:00,2026-07-20 15:00:00,1.14153,1.14164,1.14121,1.14142,879,0,0
2026-07-20 17:15:00,2026-07-20 15:15:00,1.14143,1.14177,1.14127,1.14165,944,0,0
2026-07-20 17:30:00,2026-07-20 15:30:00,1.14164,1.14165,1.14064,1.14068,1072,0,0
2026-07-20 17:45:00,2026-07-20 15:45:00,1.14067,1.14104,1.14024,1.14066,1153,0,0
2026-07-20 18:00:00,2026-07-20 16:00:00,1.14067,1.14105,1.14049,1.14074,1247,0,0
2026-07-20 18:15:00,2026-07-20 16:15:00,1.14075,1.14099,1.14054,1.14095,899,0,0
2026-07-20 18:30:00,2026-07-20 16:30:00,1.14095,1.14114,1.14070,1.14082,918,0,0
2026-07-20 18:45:00,2026-07-20 16:45:00,1.14084,1.14126,1.14081,1.14114,823,0,0
2026-07-20 19:00:00,2026-07-20 17:00:00,1.14113,1.14160,1.14108,1.14158,725,0,0
2026-07-20 19:15:00,2026-07-20 17:15:00,1.14158,1.14172,1.14134,1.14140,740,0,0
2026-07-20 19:30:00,2026-07-20 17:30:00,1.14140,1.14153,1.14075,1.14113,850,0,0
2026-07-20 19:45:00,2026-07-20 17:45:00,1.14113,1.14119,1.14096,1.14116,745,0,0
2026-07-20 20:00:00,2026-07-20 18:00:00,1.14115,1.14147,1.14113,1.14118,747,0,0
2026-07-20 20:15:00,2026-07-20 18:15:00,1.14118,1.14154,1.14118,1.14149,644,0,0
2026-07-20 20:30:00,2026-07-20 18:30:00,1.14149,1.14150,1.14128,1.14133,531,0,0
2026-07-20 20:45:00,2026-07-20 18:45:00,1.14133,1.14147,1.14127,1.14140,423,0,0
2026-07-20 21:00:00,2026-07-20 19:00:00,1.14140,1.14168,1.14140,1.14167,462,0,0
2026-07-20 21:15:00,2026-07-20 19:15:00,1.14168,1.14189,1.14163,1.14173,741,0,0
2026-07-20 21:30:00,2026-07-20 19:30:00,1.14174,1.14174,1.14138,1.14140,565,0,0
2026-07-20 21:45:00,2026-07-20 19:45:00,1.14140,1.14155,1.14131,1.14153,615,0,0
2026-07-20 22:00:00,2026-07-20 20:00:00,1.14153,1.14165,1.14136,1.14142,539,0,0
2026-07-20 22:15:00,2026-07-20 20:15:00,1.14142,1.14181,1.14133,1.14173,552,0,0
2026-07-20 22:30:00,2026-07-20 20:30:00,1.14174,1.14183,1.14156,1.14163,577,0,0
2026-07-20 22:45:00,2026-07-20 20:45:00,1.14163,1.14174,1.14143,1.14157,564,0,0
2026-07-20 23:00:00,2026-07-20 21:00:00,1.14157,1.14170,1.14136,1.14141,440,0,0
2026-07-20 23:15:00,2026-07-20 21:15:00,1.14142,1.14149,1.14125,1.14147,274,0,0
2026-07-20 23:30:00,2026-07-20 21:30:00,1.14148,1.14150,1.14127,1.14133,217,0,0
2026-07-20 23:45:00,2026-07-20 21:45:00,1.14129,1.14143,1.14128,1.14137,181,0,0
2026-07-21 00:00:00,2026-07-20 22:00:00,1.14090,1.14140,1.14088,1.14130,137,35,0
2026-07-21 00:15:00,2026-07-20 22:15:00,1.14130,1.14143,1.14100,1.14106,100,25,0
2026-07-21 00:30:00,2026-07-20 22:30:00,1.14105,1.14129,1.14086,1.14095,235,12,0
2026-07-21 00:45:00,2026-07-20 22:45:00,1.14095,1.14099,1.14089,1.14092,116,30,0
2026-07-21 01:00:00,2026-07-20 23:00:00,1.14104,1.14123,1.14101,1.14121,428,0,0
2026-07-21 01:15:00,2026-07-20 23:15:00,1.14122,1.14128,1.14115,1.14120,214,0,0
2026-07-21 01:30:00,2026-07-20 23:30:00,1.14119,1.14123,1.14114,1.14121,247,0,0
2026-07-21 01:45:00,2026-07-20 23:45:00,1.14121,1.14136,1.14121,1.14131,307,0,0
2026-07-21 02:00:00,2026-07-21 00:00:00,1.14131,1.14137,1.14125,1.14136,264,0,0
2026-07-21 02:15:00,2026-07-21 00:15:00,1.14136,1.14141,1.14127,1.14131,260,0,0
2026-07-21 02:30:00,2026-07-21 00:30:00,1.14131,1.14137,1.14129,1.14131,247,0,0
2026-07-21 02:45:00,2026-07-21 00:45:00,1.14131,1.14162,1.14130,1.14158,315,0,0
2026-07-21 03:00:00,2026-07-21 01:00:00,1.14159,1.14184,1.14153,1.14160,824,0,0
2026-07-21 03:15:00,2026-07-21 01:15:00,1.14160,1.14162,1.14121,1.14129,543,0,0
2026-07-21 03:30:00,2026-07-21 01:30:00,1.14128,1.14144,1.14115,1.14142,456,0,0
2026-07-21 03:45:00,2026-07-21 01:45:00,1.14142,1.14162,1.14131,1.14133,621,0,0
2026-07-21 04:00:00,2026-07-21 02:00:00,1.14133,1.14155,1.14122,1.14132,543,0,0
2026-07-21 04:15:00,2026-07-21 02:15:00,1.14132,1.14165,1.14129,1.14147,655,0,0
2026-07-21 04:30:00,2026-07-21 02:30:00,1.14148,1.14162,1.14126,1.14159,842,0,0
2026-07-21 04:45:00,2026-07-21 02:45:00,1.14158,1.14162,1.14143,1.14147,579,0,0
2026-07-21 05:00:00,2026-07-21 03:00:00,1.14146,1.14161,1.14146,1.14151,587,0,0
2026-07-21 05:15:00,2026-07-21 03:15:00,1.14150,1.14163,1.14136,1.14136,461,0,0
2026-07-21 05:30:00,2026-07-21 03:30:00,1.14136,1.14152,1.14135,1.14135,369,0,0
2026-07-21 05:45:00,2026-07-21 03:45:00,1.14135,1.14135,1.14105,1.14111,470,0,0
2026-07-21 06:00:00,2026-07-21 04:00:00,1.14111,1.14128,1.14090,1.14097,416,0,0
2026-07-21 06:15:00,2026-07-21 04:15:00,1.14098,1.14117,1.14093,1.14111,486,0,0
2026-07-21 06:30:00,2026-07-21 04:30:00,1.14111,1.14132,1.14110,1.14129,406,0,0
2026-07-21 06:45:00,2026-07-21 04:45:00,1.14129,1.14154,1.14123,1.14124,497,0,0
2026-07-21 07:00:00,2026-07-21 05:00:00,1.14124,1.14152,1.14121,1.14149,432,0,0
2026-07-21 07:15:00,2026-07-21 05:15:00,1.14149,1.14157,1.14145,1.14146,318,0,0
2026-07-21 07:30:00,2026-07-21 05:30:00,1.14148,1.14168,1.14147,1.14166,415,0,0
2026-07-21 07:45:00,2026-07-21 05:45:00,1.14166,1.14182,1.14161,1.14180,379,0,0
2026-07-21 08:00:00,2026-07-21 06:00:00,1.14178,1.14192,1.14158,1.14161,497,0,0
2026-07-21 08:15:00,2026-07-21 06:15:00,1.14161,1.14177,1.14161,1.14173,485,0,0
2026-07-21 08:30:00,2026-07-21 06:30:00,1.14173,1.14219,1.14173,1.14216,598,0,0
2026-07-21 08:45:00,2026-07-21 06:45:00,1.14215,1.14216,1.14171,1.14178,611,0,0
2026-07-21 09:00:00,2026-07-21 07:00:00,1.14174,1.14204,1.14174,1.14192,797,0,0
2026-07-21 09:15:00,2026-07-21 07:15:00,1.14193,1.14220,1.14188,1.14201,776,0,0
2026-07-21 09:30:00,2026-07-21 07:30:00,1.14204,1.14226,1.14190,1.14220,714,0,0
2026-07-21 09:45:00,2026-07-21 07:45:00,1.14221,1.14237,1.14200,1.14213,730,0,0
2026-07-21 10:00:00,2026-07-21 08:00:00,1.14213,1.14268,1.14213,1.14221,899,0,0
2026-07-21 10:15:00,2026-07-21 08:15:00,1.14220,1.14278,1.14219,1.14242,799,0,0
2026-07-21 10:30:00,2026-07-21 08:30:00,1.14242,1.14252,1.14220,1.14226,633,0,0
2026-07-21 10:45:00,2026-07-21 08:45:00,1.14225,1.14235,1.14205,1.14229,836,0,0
2026-07-21 11:00:00,2026-07-21 09:00:00,1.14229,1.14239,1.14210,1.14231,784,0,0
2026-07-21 11:15:00,2026-07-21 09:15:00,1.14232,1.14263,1.14221,1.14225,640,0,0
2026-07-21 11:30:00,2026-07-21 09:30:00,1.14226,1.14234,1.14182,1.14232,726,0,0
2026-07-21 11:45:00,2026-07-21 09:45:00,1.14233,1.14236,1.14205,1.14210,633,0,0
2026-07-21 12:00:00,2026-07-21 10:00:00,1.14210,1.14232,1.14205,1.14222,493,0,0
2026-07-21 12:15:00,2026-07-21 10:15:00,1.14223,1.14250,1.14208,1.14210,568,0,0
2026-07-21 12:30:00,2026-07-21 10:30:00,1.14209,1.14288,1.14203,1.14235,675,0,0
2026-07-21 12:45:00,2026-07-21 10:45:00,1.14235,1.14255,1.14224,1.14225,757,0,0
2026-07-21 13:00:00,2026-07-21 11:00:00,1.14219,1.14277,1.14217,1.14245,932,0,0
2026-07-21 13:15:00,2026-07-21 11:15:00,1.14244,1.14276,1.14240,1.14270,656,0,0
2026-07-21 13:30:00,2026-07-21 11:30:00,1.14269,1.14286,1.14242,1.14247,636,0,0
2026-07-21 13:45:00,2026-07-21 11:45:00,1.14244,1.14245,1.14200,1.14202,755,0,0
2026-07-21 14:00:00,2026-07-21 12:00:00,1.14202,1.14212,1.14164,1.14197,866,0,0
2026-07-21 14:15:00,2026-07-21 12:15:00,1.14198,1.14216,1.14183,1.14205,658,0,0
2026-07-21 14:30:00,2026-07-21 12:30:00,1.14206,1.14230,1.14200,1.14227,544,0,0
2026-07-21 14:45:00,2026-07-21 12:45:00,1.14226,1.14226,1.14177,1.14191,654,0,0
2026-07-21 15:00:00,2026-07-21 13:00:00,1.14190,1.14205,1.14159,1.14171,705,0,0
2026-07-21 15:15:00,2026-07-21 13:15:00,1.14171,1.14178,1.14147,1.14156,952,0,0
2026-07-21 15:30:00,2026-07-21 13:30:00,1.14156,1.14189,1.14136,1.14153,846,0,0
2026-07-21 15:45:00,2026-07-21 13:45:00,1.14153,1.14185,1.14149,1.14173,759,0,0
2026-07-21 16:00:00,2026-07-21 14:00:00,1.14178,1.14181,1.14137,1.14167,816,0,0
2026-07-21 16:15:00,2026-07-21 14:15:00,1.14167,1.14168,1.14095,1.14106,955,0,0
2026-07-21 16:30:00,2026-07-21 14:30:00,1.14107,1.14136,1.14054,1.14065,1161,0,0
2026-07-21 16:45:00,2026-07-21 14:45:00,1.14065,1.14127,1.14060,1.14114,1263,0,0
2026-07-21 17:00:00,2026-07-21 15:00:00,1.14115,1.14195,1.14113,1.14189,1142,0,0
2026-07-21 17:15:00,2026-07-21 15:15:00,1.14187,1.14187,1.14095,1.14101,1114,0,0
2026-07-21 17:30:00,2026-07-21 15:30:00,1.14099,1.14111,1.14037,1.14080,967,0,0
2026-07-21 17:45:00,2026-07-21 15:45:00,1.14079,1.14087,1.14027,1.14059,1360,0,0
2026-07-21 18:00:00,2026-07-21 16:00:00,1.14055,1.14064,1.14027,1.14054,1061,0,0
2026-07-21 18:15:00,2026-07-21 16:15:00,1.14054,1.14115,1.14053,1.14089,1009,0,0
2026-07-21 18:30:00,2026-07-21 16:30:00,1.14088,1.14116,1.14057,1.14058,1027,0,0
2026-07-21 18:45:00,2026-07-21 16:45:00,1.14058,1.14075,1.14039,1.14072,705,0,0
2026-07-21 19:00:00,2026-07-21 17:00:00,1.14073,1.14096,1.14070,1.14080,588,0,0
2026-07-21 19:15:00,2026-07-21 17:15:00,1.14079,1.14091,1.14074,1.14083,402,0,0
2026-07-21 19:30:00,2026-07-21 17:30:00,1.14083,1.14110,1.14069,1.14100,517,0,0
2026-07-21 19:45:00,2026-07-21 17:45:00,1.14100,1.14101,1.14078,1.14081,461,0,0
2026-07-21 20:00:00,2026-07-21 18:00:00,1.14081,1.14094,1.14072,1.14090,580,0,0
2026-07-21 20:15:00,2026-07-21 18:15:00,1.14089,1.14103,1.14080,1.14103,381,0,0
2026-07-21 20:30:00,2026-07-21 18:30:00,1.14103,1.14107,1.14070,1.14078,390,0,0
2026-07-21 20:45:00,2026-07-21 18:45:00,1.14077,1.14084,1.14062,1.14068,485,0,0
2026-07-21 21:00:00,2026-07-21 19:00:00,1.14068,1.14070,1.14011,1.14017,793,0,0
2026-07-21 21:15:00,2026-07-21 19:15:00,1.14017,1.14033,1.13986,1.14026,676,0,0
2026-07-21 21:30:00,2026-07-21 19:30:00,1.14025,1.14029,1.13991,1.14012,601,0,0
2026-07-21 21:45:00,2026-07-21 19:45:00,1.14012,1.14031,1.14008,1.14028,389,0,0
2026-07-21 22:00:00,2026-07-21 20:00:00,1.14029,1.14042,1.14009,1.14018,450,0,0
2026-07-21 22:15:00,2026-07-21 20:15:00,1.14017,1.14040,1.14016,1.14032,388,0,0
2026-07-21 22:30:00,2026-07-21 20:30:00,1.14032,1.14034,1.14003,1.14012,410,0,0
2026-07-21 22:45:00,2026-07-21 20:45:00,1.14011,1.14030,1.14008,1.14016,497,0,0
2026-07-21 23:00:00,2026-07-21 21:00:00,1.14016,1.14030,1.14009,1.14011,331,0,0
2026-07-21 23:15:00,2026-07-21 21:15:00,1.14011,1.14013,1.13996,1.14011,297,0,0
2026-07-21 23:30:00,2026-07-21 21:30:00,1.14012,1.14013,1.14004,1.14008,220,0,0
2026-07-21 23:45:00,2026-07-21 21:45:00,1.14008,1.14014,1.13972,1.13975,248,0,0
2026-07-22 00:00:00,2026-07-21 22:00:00,1.13953,1.13976,1.13953,1.13967,77,30,0
2026-07-22 00:15:00,2026-07-21 22:15:00,1.13966,1.13969,1.13966,1.13967,81,37,0
2026-07-22 00:30:00,2026-07-21 22:30:00,1.13968,1.14003,1.13962,1.13995,187,28,0
2026-07-22 00:45:00,2026-07-21 22:45:00,1.13995,1.14004,1.13991,1.13993,73,27,0
2026-07-22 01:00:00,2026-07-21 23:00:00,1.14004,1.14004,1.13989,1.13991,347,0,0
2026-07-22 01:15:00,2026-07-21 23:15:00,1.13991,1.14005,1.13989,1.14001,217,0,0
2026-07-22 01:30:00,2026-07-21 23:30:00,1.14001,1.14005,1.13994,1.14001,231,0,0
2026-07-22 01:45:00,2026-07-21 23:45:00,1.14001,1.14003,1.13991,1.13992,220,0,0
2026-07-22 02:00:00,2026-07-22 00:00:00,1.13992,1.13996,1.13978,1.13991,212,0,0
2026-07-22 02:15:00,2026-07-22 00:15:00,1.13992,1.13997,1.13987,1.13991,172,0,0
2026-07-22 02:30:00,2026-07-22 00:30:00,1.13992,1.14008,1.13992,1.14007,186,0,0
2026-07-22 02:45:00,2026-07-22 00:45:00,1.14006,1.14024,1.13999,1.14022,320,0,0
2026-07-22 03:00:00,2026-07-22 01:00:00,1.14022,1.14041,1.14011,1.14038,751,0,0
2026-07-22 03:15:00,2026-07-22 01:15:00,1.14039,1.14073,1.14034,1.14067,678,0,0
2026-07-22 03:30:00,2026-07-22 01:30:00,1.14068,1.14072,1.14026,1.14034,641,0,0
2026-07-22 03:45:00,2026-07-22 01:45:00,1.14034,1.14044,1.14016,1.14040,728,0,0
2026-07-22 04:00:00,2026-07-22 02:00:00,1.14040,1.14067,1.14039,1.14058,700,0,0
2026-07-22 04:15:00,2026-07-22 02:15:00,1.14058,1.14063,1.14023,1.14035,545,0,0
2026-07-22 04:30:00,2026-07-22 02:30:00,1.14035,1.14038,1.13989,1.14011,777,0,0
2026-07-22 04:45:00,2026-07-22 02:45:00,1.14011,1.14030,1.14010,1.14029,478,0,0
2026-07-22 05:00:00,2026-07-22 03:00:00,1.14029,1.14050,1.14011,1.14046,480,0,0
2026-07-22 05:15:00,2026-07-22 03:15:00,1.14045,1.14100,1.14039,1.14078,565,0,0
2026-07-22 05:30:00,2026-07-22 03:30:00,1.14077,1.14083,1.14063,1.14072,553,0,0
2026-07-22 05:45:00,2026-07-22 03:45:00,1.14072,1.14086,1.14054,1.14056,514,0,0
2026-07-22 06:00:00,2026-07-22 04:00:00,1.14054,1.14074,1.14041,1.14056,484,0,0
2026-07-22 06:15:00,2026-07-22 04:15:00,1.14056,1.14079,1.14056,1.14076,459,0,0
2026-07-22 06:30:00,2026-07-22 04:30:00,1.14076,1.14078,1.14058,1.14062,464,0,0
2026-07-22 06:45:00,2026-07-22 04:45:00,1.14063,1.14075,1.14057,1.14074,423,0,0
2026-07-22 07:00:00,2026-07-22 05:00:00,1.14073,1.14074,1.14049,1.14058,454,0,0
2026-07-22 07:15:00,2026-07-22 05:15:00,1.14058,1.14074,1.14057,1.14074,326,0,0
2026-07-22 07:30:00,2026-07-22 05:30:00,1.14073,1.14086,1.14070,1.14083,341,0,0
2026-07-22 07:45:00,2026-07-22 05:45:00,1.14083,1.14084,1.14073,1.14084,348,0,0
2026-07-22 08:00:00,2026-07-22 06:00:00,1.14084,1.14094,1.14076,1.14081,446,0,0
2026-07-22 08:15:00,2026-07-22 06:15:00,1.14081,1.14095,1.14071,1.14072,516,0,0
2026-07-22 08:30:00,2026-07-22 06:30:00,1.14071,1.14076,1.14055,1.14074,585,0,0
2026-07-22 08:45:00,2026-07-22 06:45:00,1.14073,1.14096,1.14061,1.14095,616,0,0
2026-07-22 09:00:00,2026-07-22 07:00:00,1.14094,1.14138,1.14088,1.14112,877,0,0
2026-07-22 09:15:00,2026-07-22 07:15:00,1.14110,1.14122,1.14074,1.14084,939,0,0
2026-07-22 09:30:00,2026-07-22 07:30:00,1.14086,1.14117,1.14070,1.14112,701,0,0
2026-07-22 09:45:00,2026-07-22 07:45:00,1.14112,1.14123,1.14082,1.14122,709,0,0
2026-07-22 10:00:00,2026-07-22 08:00:00,1.14121,1.14131,1.14087,1.14125,855,0,0
2026-07-22 10:15:00,2026-07-22 08:15:00,1.14125,1.14152,1.14107,1.14131,748,0,0
2026-07-22 10:30:00,2026-07-22 08:30:00,1.14130,1.14183,1.14057,1.14066,1307,0,0
2026-07-22 10:45:00,2026-07-22 08:45:00,1.14065,1.14112,1.14034,1.14094,1035,0,0
2026-07-22 11:00:00,2026-07-22 09:00:00,1.14094,1.14104,1.14052,1.14052,945,0,0
2026-07-22 11:15:00,2026-07-22 09:15:00,1.14052,1.14097,1.14039,1.14083,773,0,0
2026-07-22 11:30:00,2026-07-22 09:30:00,1.14084,1.14126,1.14084,1.14115,883,0,0
2026-07-22 11:45:00,2026-07-22 09:45:00,1.14115,1.14122,1.14082,1.14101,691,0,0
2026-07-22 12:00:00,2026-07-22 10:00:00,1.14100,1.14124,1.14082,1.14096,788,0,0
2026-07-22 12:15:00,2026-07-22 10:15:00,1.14096,1.14101,1.14076,1.14092,677,0,0
2026-07-22 12:30:00,2026-07-22 10:30:00,1.14092,1.14134,1.14084,1.14087,745,0,0
2026-07-22 12:45:00,2026-07-22 10:45:00,1.14088,1.14094,1.14042,1.14048,938,0,0
2026-07-22 13:00:00,2026-07-22 11:00:00,1.14047,1.14059,1.14004,1.14029,830,0,0
2026-07-22 13:15:00,2026-07-22 11:15:00,1.14029,1.14077,1.14021,1.14052,810,0,0
2026-07-22 13:30:00,2026-07-22 11:30:00,1.14052,1.14062,1.14035,1.14052,696,0,0
2026-07-22 13:45:00,2026-07-22 11:45:00,1.14052,1.14070,1.14028,1.14036,742,0,0
2026-07-22 14:00:00,2026-07-22 12:00:00,1.14035,1.14050,1.14024,1.14046,829,0,0
2026-07-22 14:15:00,2026-07-22 12:15:00,1.14045,1.14065,1.14025,1.14040,708,0,0
2026-07-22 14:30:00,2026-07-22 12:30:00,1.14041,1.14066,1.14034,1.14052,960,0,0
2026-07-22 14:45:00,2026-07-22 12:45:00,1.14051,1.14075,1.14038,1.14069,952,0,0
2026-07-22 15:00:00,2026-07-22 13:00:00,1.14070,1.14113,1.14066,1.14112,1100,0,0
2026-07-22 15:15:00,2026-07-22 13:15:00,1.14113,1.14117,1.14090,1.14102,923,0,0
2026-07-22 15:30:00,2026-07-22 13:30:00,1.14103,1.14138,1.14101,1.14113,1009,0,0
2026-07-22 15:45:00,2026-07-22 13:45:00,1.14114,1.14114,1.14039,1.14078,990,0,0
2026-07-22 16:00:00,2026-07-22 14:00:00,1.14077,1.14126,1.14072,1.14101,845,0,0
2026-07-22 16:15:00,2026-07-22 14:15:00,1.14101,1.14169,1.14089,1.14152,940,0,0
2026-07-22 16:30:00,2026-07-22 14:30:00,1.14153,1.14217,1.14153,1.14178,1161,0,0
2026-07-22 16:45:00,2026-07-22 14:45:00,1.14179,1.14186,1.14118,1.14135,1111,0,0
2026-07-22 17:00:00,2026-07-22 15:00:00,1.14135,1.14177,1.14105,1.14165,1025,0,0
2026-07-22 17:15:00,2026-07-22 15:15:00,1.14165,1.14186,1.14108,1.14114,1056,0,0
2026-07-22 17:30:00,2026-07-22 15:30:00,1.14114,1.14134,1.14099,1.14112,1026,0,0
2026-07-22 17:45:00,2026-07-22 15:45:00,1.14112,1.14132,1.14078,1.14093,1101,0,0
2026-07-22 18:00:00,2026-07-22 16:00:00,1.14094,1.14115,1.14083,1.14100,885,0,0
2026-07-22 18:15:00,2026-07-22 16:15:00,1.14099,1.14139,1.14083,1.14137,748,0,0
2026-07-22 18:30:00,2026-07-22 16:30:00,1.14137,1.14139,1.14075,1.14101,928,0,0
2026-07-22 18:45:00,2026-07-22 16:45:00,1.14101,1.14140,1.14096,1.14138,902,0,0
2026-07-22 19:00:00,2026-07-22 17:00:00,1.14139,1.14142,1.14062,1.14073,691,0,0
2026-07-22 19:15:00,2026-07-22 17:15:00,1.14074,1.14119,1.14062,1.14109,693,0,0
2026-07-22 19:30:00,2026-07-22 17:30:00,1.14110,1.14123,1.14076,1.14088,751,0,0
2026-07-22 19:45:00,2026-07-22 17:45:00,1.14088,1.14100,1.14076,1.14094,547,0,0
2026-07-22 20:00:00,2026-07-22 18:00:00,1.14093,1.14126,1.14088,1.14115,577,0,0
2026-07-22 20:15:00,2026-07-22 18:15:00,1.14115,1.14128,1.14107,1.14115,611,0,0
2026-07-22 20:30:00,2026-07-22 18:30:00,1.14114,1.14116,1.14080,1.14099,435,0,0
2026-07-22 20:45:00,2026-07-22 18:45:00,1.14099,1.14113,1.14089,1.14100,436,0,0
2026-07-22 21:00:00,2026-07-22 19:00:00,1.14100,1.14107,1.14081,1.14089,487,0,0
2026-07-22 21:15:00,2026-07-22 19:15:00,1.14089,1.14107,1.14084,1.14104,562,0,0
2026-07-22 21:30:00,2026-07-22 19:30:00,1.14104,1.14111,1.14089,1.14092,450,0,0
2026-07-22 21:45:00,2026-07-22 19:45:00,1.14093,1.14113,1.14092,1.14109,420,0,0
2026-07-22 22:00:00,2026-07-22 20:00:00,1.14110,1.14123,1.14098,1.14098,388,0,0
2026-07-22 22:15:00,2026-07-22 20:15:00,1.14098,1.14119,1.14097,1.14111,373,0,0
2026-07-22 22:30:00,2026-07-22 20:30:00,1.14110,1.14114,1.14103,1.14112,436,0,0
2026-07-22 22:45:00,2026-07-22 20:45:00,1.14112,1.14121,1.14092,1.14113,514,0,0
2026-07-22 23:00:00,2026-07-22 21:00:00,1.14114,1.14127,1.14105,1.14118,483,0,0
2026-07-22 23:15:00,2026-07-22 21:15:00,1.14117,1.14126,1.14115,1.14117,264,0,0
2026-07-22 23:30:00,2026-07-22 21:30:00,1.14117,1.14126,1.14107,1.14123,277,0,0
2026-07-22 23:45:00,2026-07-22 21:45:00,1.14123,1.14125,1.14113,1.14118,258,0,0
2026-07-23 00:00:00,2026-07-22 22:00:00,1.14066,1.14073,1.14062,1.14072,65,45,0
2026-07-23 00:15:00,2026-07-22 22:15:00,1.14068,1.14077,1.14048,1.14062,151,36,0
2026-07-23 00:30:00,2026-07-22 22:30:00,1.14061,1.14071,1.14053,1.14064,238,21,0
2026-07-23 00:45:00,2026-07-22 22:45:00,1.14064,1.14074,1.14053,1.14071,247,21,0
2026-07-23 01:00:00,2026-07-22 23:00:00,1.14079,1.14093,1.14072,1.14076,418,0,0
2026-07-23 01:15:00,2026-07-22 23:15:00,1.14077,1.14082,1.14073,1.14077,278,0,0
2026-07-23 01:30:00,2026-07-22 23:30:00,1.14077,1.14081,1.14060,1.14065,331,0,0
2026-07-23 01:45:00,2026-07-22 23:45:00,1.14064,1.14082,1.14061,1.14080,297,0,0
2026-07-23 02:00:00,2026-07-23 00:00:00,1.14080,1.14098,1.14080,1.14093,326,0,0
2026-07-23 02:15:00,2026-07-23 00:15:00,1.14094,1.14105,1.14088,1.14102,312,0,0
2026-07-23 02:30:00,2026-07-23 00:30:00,1.14102,1.14111,1.14098,1.14109,230,0,0
2026-07-23 02:45:00,2026-07-23 00:45:00,1.14109,1.14117,1.14101,1.14114,322,0,0
2026-07-23 03:00:00,2026-07-23 01:00:00,1.14115,1.14137,1.14110,1.14113,637,0,0
2026-07-23 03:15:00,2026-07-23 01:15:00,1.14114,1.14142,1.14105,1.14119,539,0,0
2026-07-23 03:30:00,2026-07-23 01:30:00,1.14118,1.14138,1.14118,1.14134,424,0,0
2026-07-23 03:45:00,2026-07-23 01:45:00,1.14133,1.14176,1.14117,1.14173,602,0,0
2026-07-23 04:00:00,2026-07-23 02:00:00,1.14176,1.14203,1.14170,1.14173,944,0,0
2026-07-23 04:15:00,2026-07-23 02:15:00,1.14174,1.14187,1.14167,1.14176,597,0,0
2026-07-23 04:30:00,2026-07-23 02:30:00,1.14179,1.14203,1.14169,1.14176,952,0,0
2026-07-23 04:45:00,2026-07-23 02:45:00,1.14175,1.14180,1.14160,1.14163,752,0,0
2026-07-23 05:00:00,2026-07-23 03:00:00,1.14163,1.14187,1.14161,1.14183,504,0,0
2026-07-23 05:15:00,2026-07-23 03:15:00,1.14184,1.14204,1.14178,1.14202,511,0,0
2026-07-23 05:30:00,2026-07-23 03:30:00,1.14203,1.14260,1.14200,1.14258,714,0,0
2026-07-23 05:45:00,2026-07-23 03:45:00,1.14256,1.14284,1.14254,1.14275,645,0,0
2026-07-23 06:00:00,2026-07-23 04:00:00,1.14275,1.14293,1.14235,1.14235,546,0,0
2026-07-23 06:15:00,2026-07-23 04:15:00,1.14236,1.14290,1.14233,1.14286,559,0,0
2026-07-23 06:30:00,2026-07-23 04:30:00,1.14287,1.14301,1.14277,1.14297,529,0,0
2026-07-23 06:45:00,2026-07-23 04:45:00,1.14297,1.14305,1.14286,1.14291,579,0,0
2026-07-23 07:00:00,2026-07-23 05:00:00,1.14291,1.14357,1.14282,1.14338,720,0,0
2026-07-23 07:15:00,2026-07-23 05:15:00,1.14339,1.14350,1.14307,1.14348,543,0,0
2026-07-23 07:30:00,2026-07-23 05:30:00,1.14348,1.14359,1.14317,1.14320,394,0,0
2026-07-23 07:45:00,2026-07-23 05:45:00,1.14319,1.14343,1.14297,1.14326,467,0,0
2026-07-23 08:00:00,2026-07-23 06:00:00,1.14326,1.14350,1.14323,1.14323,532,0,0
2026-07-23 08:15:00,2026-07-23 06:15:00,1.14323,1.14324,1.14285,1.14303,467,0,0
2026-07-23 08:30:00,2026-07-23 06:30:00,1.14303,1.14310,1.14288,1.14299,498,0,0
2026-07-23 08:45:00,2026-07-23 06:45:00,1.14300,1.14317,1.14292,1.14299,484,0,0
2026-07-23 09:00:00,2026-07-23 07:00:00,1.14298,1.14330,1.14284,1.14314,900,0,0
2026-07-23 09:15:00,2026-07-23 07:15:00,1.14314,1.14318,1.14277,1.14285,773,0,0
2026-07-23 09:30:00,2026-07-23 07:30:00,1.14286,1.14287,1.14245,1.14264,748,0,0
2026-07-23 09:45:00,2026-07-23 07:45:00,1.14263,1.14280,1.14238,1.14255,644,0,0
2026-07-23 10:00:00,2026-07-23 08:00:00,1.14256,1.14271,1.14223,1.14271,1131,0,0
2026-07-23 10:15:00,2026-07-23 08:15:00,1.14270,1.14277,1.14238,1.14256,744,0,0
2026-07-23 10:30:00,2026-07-23 08:30:00,1.14256,1.14275,1.14223,1.14225,728,0,0
2026-07-23 10:45:00,2026-07-23 08:45:00,1.14224,1.14257,1.14194,1.14245,1117,0,0
2026-07-23 11:00:00,2026-07-23 09:00:00,1.14246,1.14252,1.14194,1.14195,980,0,0
2026-07-23 11:15:00,2026-07-23 09:15:00,1.14195,1.14196,1.14158,1.14170,1004,0,0
2026-07-23 11:30:00,2026-07-23 09:30:00,1.14171,1.14172,1.14070,1.14093,1142,0,0
2026-07-23 11:45:00,2026-07-23 09:45:00,1.14092,1.14120,1.14085,1.14105,980,0,0
2026-07-23 12:00:00,2026-07-23 10:00:00,1.14107,1.14152,1.14100,1.14109,855,0,0
2026-07-23 12:15:00,2026-07-23 10:15:00,1.14111,1.14133,1.14097,1.14101,593,0,0
2026-07-23 12:30:00,2026-07-23 10:30:00,1.14102,1.14145,1.14096,1.14142,811,0,0
2026-07-23 12:45:00,2026-07-23 10:45:00,1.14142,1.14148,1.14115,1.14131,683,0,0
2026-07-23 13:00:00,2026-07-23 11:00:00,1.14131,1.14134,1.14086,1.14102,811,0,0
2026-07-23 13:15:00,2026-07-23 11:15:00,1.14103,1.14106,1.14057,1.14077,717,0,0
2026-07-23 13:30:00,2026-07-23 11:30:00,1.14077,1.14101,1.14064,1.14069,641,0,0
2026-07-23 13:45:00,2026-07-23 11:45:00,1.14069,1.14083,1.14032,1.14046,1120,0,0
2026-07-23 14:00:00,2026-07-23 12:00:00,1.14044,1.14067,1.14022,1.14060,1018,0,0
2026-07-23 14:15:00,2026-07-23 12:15:00,1.14059,1.14061,1.13972,1.13979,946,0,0
2026-07-23 14:30:00,2026-07-23 12:30:00,1.13980,1.13985,1.13834,1.13874,1443,0,0
2026-07-23 14:45:00,2026-07-23 12:45:00,1.13877,1.13965,1.13874,1.13947,1156,0,0
2026-07-23 15:00:00,2026-07-23 13:00:00,1.13946,1.13953,1.13901,1.13947,1089,0,0
2026-07-23 15:15:00,2026-07-23 13:15:00,1.13943,1.13954,1.13809,1.13845,1249,0,0
2026-07-23 15:30:00,2026-07-23 13:30:00,1.13844,1.13857,1.13769,1.13784,1397,0,0
2026-07-23 15:45:00,2026-07-23 13:45:00,1.13785,1.13858,1.13757,1.13851,1362,0,0
2026-07-23 16:00:00,2026-07-23 14:00:00,1.13851,1.13864,1.13678,1.13690,1634,0,0
2026-07-23 16:15:00,2026-07-23 14:15:00,1.13684,1.13788,1.13681,1.13783,1279,0,0
2026-07-23 16:30:00,2026-07-23 14:30:00,1.13782,1.13857,1.13774,1.13787,1555,0,0
2026-07-23 16:45:00,2026-07-23 14:45:00,1.13786,1.13797,1.13722,1.13724,1337,0,0
2026-07-23 17:00:00,2026-07-23 15:00:00,1.13729,1.13759,1.13678,1.13717,1527,0,0
2026-07-23 17:15:00,2026-07-23 15:15:00,1.13716,1.13725,1.13641,1.13704,1495,0,0
2026-07-23 17:30:00,2026-07-23 15:30:00,1.13705,1.13737,1.13674,1.13676,1407,0,0
2026-07-23 17:45:00,2026-07-23 15:45:00,1.13677,1.13717,1.13645,1.13715,1402,0,0
2026-07-23 18:00:00,2026-07-23 16:00:00,1.13715,1.13753,1.13704,1.13737,1341,0,0
2026-07-23 18:15:00,2026-07-23 16:15:00,1.13736,1.13755,1.13681,1.13715,1412,0,0
2026-07-23 18:30:00,2026-07-23 16:30:00,1.13714,1.13762,1.13659,1.13736,1426,0,0
2026-07-23 18:45:00,2026-07-23 16:45:00,1.13736,1.13756,1.13705,1.13728,1158,0,0
2026-07-23 19:00:00,2026-07-23 17:00:00,1.13728,1.13778,1.13725,1.13774,1176,0,0
2026-07-23 19:15:00,2026-07-23 17:15:00,1.13775,1.13786,1.13729,1.13783,871,0,0
2026-07-23 19:30:00,2026-07-23 17:30:00,1.13783,1.13796,1.13759,1.13785,969,0,0
2026-07-23 19:45:00,2026-07-23 17:45:00,1.13784,1.13803,1.13769,1.13800,738,0,0
2026-07-23 20:00:00,2026-07-23 18:00:00,1.13802,1.13811,1.13766,1.13768,929,0,0
2026-07-23 20:15:00,2026-07-23 18:15:00,1.13767,1.13785,1.13754,1.13760,906,0,0
2026-07-23 20:30:00,2026-07-23 18:30:00,1.13760,1.13762,1.13739,1.13739,874,0,0
2026-07-23 20:45:00,2026-07-23 18:45:00,1.13738,1.13750,1.13712,1.13713,762,0,0
2026-07-23 21:00:00,2026-07-23 19:00:00,1.13714,1.13751,1.13711,1.13742,594,0,0
2026-07-23 21:15:00,2026-07-23 19:15:00,1.13742,1.13756,1.13727,1.13749,661,0,0
2026-07-23 21:30:00,2026-07-23 19:30:00,1.13750,1.13765,1.13740,1.13745,603,0,0
2026-07-23 21:45:00,2026-07-23 19:45:00,1.13746,1.13764,1.13740,1.13761,505,0,0
2026-07-23 22:00:00,2026-07-23 20:00:00,1.13765,1.13782,1.13749,1.13751,523,0,0
2026-07-23 22:15:00,2026-07-23 20:15:00,1.13750,1.13769,1.13738,1.13769,611,0,0
2026-07-23 22:30:00,2026-07-23 20:30:00,1.13770,1.13798,1.13759,1.13759,705,0,0
2026-07-23 22:45:00,2026-07-23 20:45:00,1.13759,1.13787,1.13751,1.13774,599,0,0
2026-07-23 23:00:00,2026-07-23 21:00:00,1.13775,1.13795,1.13775,1.13781,439,0,0
2026-07-23 23:15:00,2026-07-23 21:15:00,1.13781,1.13791,1.13771,1.13791,361,0,0
2026-07-23 23:30:00,2026-07-23 21:30:00,1.13792,1.13800,1.13768,1.13776,357,0,0
2026-07-23 23:45:00,2026-07-23 21:45:00,1.13776,1.13783,1.13765,1.13773,397,0,0
2026-07-24 00:00:00,2026-07-23 22:00:00,1.13717,1.13751,1.13716,1.13751,70,26,0
2026-07-24 00:15:00,2026-07-23 22:15:00,1.13749,1.13761,1.13743,1.13757,76,31,0
2026-07-24 00:30:00,2026-07-23 22:30:00,1.13756,1.13789,1.13744,1.13784,139,12,0
2026-07-24 00:45:00,2026-07-23 22:45:00,1.13784,1.13795,1.13720,1.13736,234,12,0
2026-07-24 01:00:00,2026-07-23 23:00:00,1.13736,1.13791,1.13736,1.13781,273,0,0
2026-07-24 01:15:00,2026-07-23 23:15:00,1.13781,1.13796,1.13776,1.13778,334,0,0
2026-07-24 01:30:00,2026-07-23 23:30:00,1.13778,1.13785,1.13771,1.13783,343,0,0
2026-07-24 01:45:00,2026-07-23 23:45:00,1.13783,1.13800,1.13783,1.13795,205,0,0
2026-07-24 02:00:00,2026-07-24 00:00:00,1.13795,1.13799,1.13786,1.13788,262,0,0
2026-07-24 02:15:00,2026-07-24 00:15:00,1.13788,1.13795,1.13787,1.13789,245,0,0
2026-07-24 02:30:00,2026-07-24 00:30:00,1.13789,1.13799,1.13763,1.13773,421,0,0
2026-07-24 02:45:00,2026-07-24 00:45:00,1.13772,1.13789,1.13757,1.13764,515,0,0
2026-07-24 03:00:00,2026-07-24 01:00:00,1.13758,1.13805,1.13752,1.13789,964,0,0
2026-07-24 03:15:00,2026-07-24 01:15:00,1.13791,1.13802,1.13781,1.13796,708,0,0
2026-07-24 03:30:00,2026-07-24 01:30:00,1.13796,1.13796,1.13771,1.13773,593,0,0
2026-07-24 03:45:00,2026-07-24 01:45:00,1.13775,1.13840,1.13765,1.13840,782,0,0
2026-07-24 04:00:00,2026-07-24 02:00:00,1.13842,1.13862,1.13824,1.13840,1043,0,0
2026-07-24 04:15:00,2026-07-24 02:15:00,1.13838,1.13861,1.13820,1.13821,811,0,0
2026-07-24 04:30:00,2026-07-24 02:30:00,1.13820,1.13863,1.13817,1.13862,759,0,0
2026-07-24 04:45:00,2026-07-24 02:45:00,1.13861,1.13873,1.13834,1.13839,678,0,0
2026-07-24 05:00:00,2026-07-24 03:00:00,1.13840,1.13849,1.13830,1.13846,620,0,0
2026-07-24 05:15:00,2026-07-24 03:15:00,1.13847,1.13856,1.13835,1.13845,449,0,0
2026-07-24 05:30:00,2026-07-24 03:30:00,1.13844,1.13875,1.13842,1.13848,502,0,0
2026-07-24 05:45:00,2026-07-24 03:45:00,1.13848,1.13852,1.13809,1.13809,646,0,0
2026-07-24 06:00:00,2026-07-24 04:00:00,1.13809,1.13815,1.13777,1.13785,534,0,0
2026-07-24 06:15:00,2026-07-24 04:15:00,1.13784,1.13795,1.13778,1.13789,550,0,0
2026-07-24 06:30:00,2026-07-24 04:30:00,1.13790,1.13824,1.13787,1.13820,489,0,0
2026-07-24 06:45:00,2026-07-24 04:45:00,1.13821,1.13826,1.13807,1.13824,431,0,0
2026-07-24 07:00:00,2026-07-24 05:00:00,1.13824,1.13836,1.13821,1.13834,471,0,0
2026-07-24 07:15:00,2026-07-24 05:15:00,1.13834,1.13839,1.13807,1.13809,431,0,0
2026-07-24 07:30:00,2026-07-24 05:30:00,1.13809,1.13814,1.13778,1.13779,403,0,0
2026-07-24 07:45:00,2026-07-24 05:45:00,1.13778,1.13793,1.13767,1.13791,416,0,0
2026-07-24 08:00:00,2026-07-24 06:00:00,1.13791,1.13814,1.13782,1.13804,530,0,0
2026-07-24 08:15:00,2026-07-24 06:15:00,1.13803,1.13826,1.13802,1.13817,440,0,0
2026-07-24 08:30:00,2026-07-24 06:30:00,1.13817,1.13834,1.13806,1.13809,555,0,0
2026-07-24 08:45:00,2026-07-24 06:45:00,1.13809,1.13815,1.13764,1.13778,635,0,0
2026-07-24 09:00:00,2026-07-24 07:00:00,1.13778,1.13799,1.13774,1.13799,853,0,0
2026-07-24 09:15:00,2026-07-24 07:15:00,1.13800,1.13865,1.13797,1.13856,738,0,0
2026-07-24 09:30:00,2026-07-24 07:30:00,1.13854,1.13865,1.13833,1.13837,827,0,0
2026-07-24 09:45:00,2026-07-24 07:45:00,1.13837,1.13870,1.13832,1.13867,832,0,0
2026-07-24 10:00:00,2026-07-24 08:00:00,1.13868,1.13959,1.13863,1.13938,1039,0,0
2026-07-24 10:15:00,2026-07-24 08:15:00,1.13952,1.13996,1.13901,1.13970,992,0,0
2026-07-24 10:30:00,2026-07-24 08:30:00,1.13970,1.14010,1.13898,1.13928,1054,0,0
2026-07-24 10:45:00,2026-07-24 08:45:00,1.13928,1.13929,1.13893,1.13898,866,0,0
2026-07-24 11:00:00,2026-07-24 09:00:00,1.13898,1.13906,1.13859,1.13880,920,0,0
2026-07-24 11:15:00,2026-07-24 09:15:00,1.13879,1.13885,1.13836,1.13873,841,0,0
2026-07-24 11:30:00,2026-07-24 09:30:00,1.13874,1.13878,1.13849,1.13858,791,0,0
2026-07-24 11:45:00,2026-07-24 09:45:00,1.13859,1.13863,1.13812,1.13833,968,0,0
2026-07-24 12:00:00,2026-07-24 10:00:00,1.13834,1.13868,1.13823,1.13852,898,0,0
2026-07-24 12:15:00,2026-07-24 10:15:00,1.13851,1.13878,1.13832,1.13873,775,0,0
2026-07-24 12:30:00,2026-07-24 10:30:00,1.13871,1.13875,1.13836,1.13861,762,0,0
2026-07-24 12:45:00,2026-07-24 10:45:00,1.13862,1.13893,1.13852,1.13893,777,0,0
2026-07-24 13:00:00,2026-07-24 11:00:00,1.13893,1.13908,1.13873,1.13880,585,0,0
2026-07-24 13:15:00,2026-07-24 11:15:00,1.13876,1.13931,1.13875,1.13900,749,0,0
2026-07-24 13:30:00,2026-07-24 11:30:00,1.13901,1.13918,1.13868,1.13871,704,0,0
2026-07-24 13:45:00,2026-07-24 11:45:00,1.13870,1.13881,1.13809,1.13830,882,0,0
2026-07-24 14:00:00,2026-07-24 12:00:00,1.13831,1.13881,1.13815,1.13881,819,0,0
2026-07-24 14:15:00,2026-07-24 12:15:00,1.13880,1.13881,1.13823,1.13823,734,0,0
2026-07-24 14:30:00,2026-07-24 12:30:00,1.13824,1.13829,1.13782,1.13797,738,0,0
2026-07-24 14:45:00,2026-07-24 12:45:00,1.13798,1.13812,1.13713,1.13749,967,0,0
2026-07-24 15:00:00,2026-07-24 13:00:00,1.13748,1.13784,1.13719,1.13777,1016,0,0
2026-07-24 15:15:00,2026-07-24 13:15:00,1.13777,1.13779,1.13726,1.13742,891,0,0
2026-07-24 15:30:00,2026-07-24 13:30:00,1.13742,1.13762,1.13675,1.13682,1086,0,0
2026-07-24 15:45:00,2026-07-24 13:45:00,1.13683,1.13716,1.13674,1.13699,951,0,0
2026-07-24 16:00:00,2026-07-24 14:00:00,1.13697,1.13727,1.13647,1.13703,1024,0,0
2026-07-24 16:15:00,2026-07-24 14:15:00,1.13704,1.13741,1.13692,1.13705,1076,0,0
2026-07-24 16:30:00,2026-07-24 14:30:00,1.13704,1.13737,1.13679,1.13717,1200,0,0
2026-07-24 16:45:00,2026-07-24 14:45:00,1.13718,1.13767,1.13686,1.13767,1092,0,0
2026-07-24 17:00:00,2026-07-24 15:00:00,1.13767,1.13794,1.13705,1.13721,1225,0,0
2026-07-24 17:15:00,2026-07-24 15:15:00,1.13721,1.13785,1.13721,1.13754,1149,0,0
2026-07-24 17:30:00,2026-07-24 15:30:00,1.13755,1.13792,1.13748,1.13761,1068,0,0
2026-07-24 17:45:00,2026-07-24 15:45:00,1.13761,1.13810,1.13752,1.13782,1241,0,0
2026-07-24 18:00:00,2026-07-24 16:00:00,1.13783,1.13892,1.13770,1.13874,1468,0,0
2026-07-24 18:15:00,2026-07-24 16:15:00,1.13873,1.13908,1.13844,1.13848,1462,0,0
2026-07-24 18:30:00,2026-07-24 16:30:00,1.13848,1.13893,1.13837,1.13845,1185,0,0
2026-07-24 18:45:00,2026-07-24 16:45:00,1.13848,1.13866,1.13825,1.13846,874,0,0
2026-07-24 19:00:00,2026-07-24 17:00:00,1.13845,1.13860,1.13816,1.13852,664,0,0
2026-07-24 19:15:00,2026-07-24 17:15:00,1.13852,1.13866,1.13818,1.13833,735,0,0
2026-07-24 19:30:00,2026-07-24 17:30:00,1.13833,1.13839,1.13797,1.13804,699,0,0
2026-07-24 19:45:00,2026-07-24 17:45:00,1.13804,1.13806,1.13777,1.13778,672,0,0
2026-07-24 20:00:00,2026-07-24 18:00:00,1.13778,1.13780,1.13701,1.13713,966,0,0
2026-07-24 20:15:00,2026-07-24 18:15:00,1.13713,1.13725,1.13685,1.13718,687,0,0
2026-07-24 20:30:00,2026-07-24 18:30:00,1.13717,1.13727,1.13683,1.13693,541,0,0
2026-07-24 20:45:00,2026-07-24 18:45:00,1.13693,1.13704,1.13675,1.13695,503,0,0
2026-07-24 21:00:00,2026-07-24 19:00:00,1.13694,1.13708,1.13679,1.13698,446,0,0
2026-07-24 21:15:00,2026-07-24 19:15:00,1.13698,1.13713,1.13678,1.13691,506,0,0
2026-07-24 21:30:00,2026-07-24 19:30:00,1.13692,1.13698,1.13674,1.13687,555,0,0
2026-07-24 21:45:00,2026-07-24 19:45:00,1.13688,1.13707,1.13686,1.13700,437,0,0
2026-07-24 22:00:00,2026-07-24 20:00:00,1.13703,1.13713,1.13697,1.13704,586,0,0
2026-07-24 22:15:00,2026-07-24 20:15:00,1.13705,1.13708,1.13680,1.13686,456,0,0
2026-07-24 22:30:00,2026-07-24 20:30:00,1.13685,1.13723,1.13680,1.13715,633,0,0
2026-07-24 22:45:00,2026-07-24 20:45:00,1.13714,1.13717,1.13700,1.13700,468,0,0
2026-07-24 23:00:00,2026-07-24 21:00:00,1.13700,1.13705,1.13697,1.13699,316,0,0
2026-07-24 23:15:00,2026-07-24 21:15:00,1.13698,1.13698,1.13681,1.13685,255,0,0
2026-07-24 23:30:00,2026-07-24 21:30:00,1.13685,1.13694,1.13674,1.13687,223,0,0
2026-07-24 23:45:00,2026-07-24 21:45:00,1.13686,1.13710,1.13685,1.13700,338,0,0
2026-07-27 00:00:00,2026-07-26 22:00:00,1.13906,1.13928,1.13874,1.13910,233,38,0
2026-07-27 00:15:00,2026-07-26 22:15:00,1.13910,1.13953,1.13902,1.13906,182,38,0
2026-07-27 00:30:00,2026-07-26 22:30:00,1.13905,1.13929,1.13875,1.13899,139,45,0
2026-07-27 00:45:00,2026-07-26 22:45:00,1.13899,1.13946,1.13868,1.13881,165,38,0
2026-07-27 01:00:00,2026-07-26 23:00:00,1.13901,1.14000,1.13885,1.13934,863,0,0
2026-07-27 01:15:00,2026-07-26 23:15:00,1.13933,1.13943,1.13906,1.13918,786,0,0
2026-07-27 01:30:00,2026-07-26 23:30:00,1.13917,1.13922,1.13906,1.13919,446,0,0
2026-07-27 01:45:00,2026-07-26 23:45:00,1.13919,1.13921,1.13881,1.13893,411,0,0
2026-07-27 02:00:00,2026-07-27 00:00:00,1.13893,1.13913,1.13889,1.13891,343,0,0
2026-07-27 02:15:00,2026-07-27 00:15:00,1.13891,1.13900,1.13884,1.13891,333,0,0
2026-07-27 02:30:00,2026-07-27 00:30:00,1.13891,1.13931,1.13891,1.13925,302,0,0
2026-07-27 02:45:00,2026-07-27 00:45:00,1.13921,1.13955,1.13914,1.13945,461,0,0
2026-07-27 03:00:00,2026-07-27 01:00:00,1.13947,1.14035,1.13947,1.14034,1172,0,0
2026-07-27 03:15:00,2026-07-27 01:15:00,1.14033,1.14124,1.14011,1.14108,1151,0,0
2026-07-27 03:30:00,2026-07-27 01:30:00,1.14110,1.14129,1.14041,1.14045,1065,0,0
2026-07-27 03:45:00,2026-07-27 01:45:00,1.14045,1.14055,1.14005,1.14016,869,0,0
2026-07-27 04:00:00,2026-07-27 02:00:00,1.14018,1.14073,1.14016,1.14054,900,0,0
2026-07-27 04:15:00,2026-07-27 02:15:00,1.14053,1.14077,1.14048,1.14062,761,0,0
2026-07-27 04:30:00,2026-07-27 02:30:00,1.14062,1.14088,1.14034,1.14076,693,0,0
2026-07-27 04:45:00,2026-07-27 02:45:00,1.14077,1.14144,1.14076,1.14143,721,0,0
2026-07-27 05:00:00,2026-07-27 03:00:00,1.14143,1.14143,1.14098,1.14103,876,0,0
2026-07-27 05:15:00,2026-07-27 03:15:00,1.14102,1.14109,1.14074,1.14103,475,0,0
2026-07-27 05:30:00,2026-07-27 03:30:00,1.14103,1.14106,1.14078,1.14087,534,0,0
2026-07-27 05:45:00,2026-07-27 03:45:00,1.14087,1.14090,1.14055,1.14056,521,0,0
2026-07-27 06:00:00,2026-07-27 04:00:00,1.14055,1.14071,1.14029,1.14037,650,0,0
2026-07-27 06:15:00,2026-07-27 04:15:00,1.14036,1.14047,1.14030,1.14036,528,0,0
2026-07-27 06:30:00,2026-07-27 04:30:00,1.14036,1.14041,1.14012,1.14033,543,0,0
2026-07-27 06:45:00,2026-07-27 04:45:00,1.14033,1.14048,1.14032,1.14036,326,0,0
2026-07-27 07:00:00,2026-07-27 05:00:00,1.14037,1.14047,1.14031,1.14045,379,0,0
2026-07-27 07:15:00,2026-07-27 05:15:00,1.14046,1.14052,1.14025,1.14031,323,0,0
2026-07-27 07:30:00,2026-07-27 05:30:00,1.14031,1.14048,1.14029,1.14033,314,0,0
2026-07-27 07:45:00,2026-07-27 05:45:00,1.14032,1.14044,1.14019,1.14037,368,0,0
2026-07-27 08:00:00,2026-07-27 06:00:00,1.14036,1.14071,1.14025,1.14071,467,0,0
2026-07-27 08:15:00,2026-07-27 06:15:00,1.14071,1.14075,1.14047,1.14062,413,0,0
2026-07-27 08:30:00,2026-07-27 06:30:00,1.14061,1.14069,1.14037,1.14046,492,0,0
2026-07-27 08:45:00,2026-07-27 06:45:00,1.14047,1.14072,1.14036,1.14062,481,0,0
2026-07-27 09:00:00,2026-07-27 07:00:00,1.14061,1.14138,1.14054,1.14123,904,0,0
2026-07-27 09:15:00,2026-07-27 07:15:00,1.14124,1.14134,1.14074,1.14130,848,0,0
2026-07-27 09:30:00,2026-07-27 07:30:00,1.14130,1.14183,1.14096,1.14152,1042,0,0
2026-07-27 09:45:00,2026-07-27 07:45:00,1.14150,1.14152,1.14071,1.14083,899,0,0
2026-07-27 10:00:00,2026-07-27 08:00:00,1.14081,1.14100,1.14046,1.14097,1038,0,0
2026-07-27 10:15:00,2026-07-27 08:15:00,1.14098,1.14098,1.14057,1.14072,1114,0,0
2026-07-27 10:30:00,2026-07-27 08:30:00,1.14072,1.14072,1.14012,1.14026,1209,0,0
2026-07-27 10:45:00,2026-07-27 08:45:00,1.14026,1.14031,1.13961,1.13965,1145,0,0
2026-07-27 11:00:00,2026-07-27 09:00:00,1.13965,1.13996,1.13953,1.13965,1122,0,0
2026-07-27 11:15:00,2026-07-27 09:15:00,1.13964,1.13974,1.13949,1.13955,982,0,0
2026-07-27 11:30:00,2026-07-27 09:30:00,1.13956,1.14015,1.13955,1.13988,820,0,0
2026-07-27 11:45:00,2026-07-27 09:45:00,1.13988,1.14035,1.13965,1.14022,800,0,0
2026-07-27 12:00:00,2026-07-27 10:00:00,1.14022,1.14034,1.13977,1.13979,741,0,0
2026-07-27 12:15:00,2026-07-27 10:15:00,1.13980,1.13995,1.13953,1.13954,872,0,0
2026-07-27 12:30:00,2026-07-27 10:30:00,1.13954,1.13985,1.13948,1.13973,745,0,0
2026-07-27 12:45:00,2026-07-27 10:45:00,1.13974,1.13987,1.13958,1.13964,731,0,0
2026-07-27 13:00:00,2026-07-27 11:00:00,1.13963,1.14015,1.13933,1.13952,775,0,0
2026-07-27 13:15:00,2026-07-27 11:15:00,1.13951,1.14001,1.13951,1.13976,869,0,0
2026-07-27 13:30:00,2026-07-27 11:30:00,1.13976,1.14016,1.13966,1.14006,750,0,0
2026-07-27 13:45:00,2026-07-27 11:45:00,1.14007,1.14007,1.13945,1.13954,772,0,0
2026-07-27 14:00:00,2026-07-27 12:00:00,1.13955,1.13960,1.13915,1.13918,884,0,0
2026-07-27 14:15:00,2026-07-27 12:15:00,1.13916,1.13945,1.13912,1.13912,845,0,0
2026-07-27 14:30:00,2026-07-27 12:30:00,1.13911,1.13954,1.13910,1.13917,934,0,0
2026-07-27 14:45:00,2026-07-27 12:45:00,1.13915,1.13924,1.13852,1.13864,867,0,0
2026-07-27 15:00:00,2026-07-27 13:00:00,1.13865,1.13905,1.13837,1.13842,979,0,0
2026-07-27 15:15:00,2026-07-27 13:15:00,1.13843,1.13863,1.13832,1.13834,831,0,0
2026-07-27 15:30:00,2026-07-27 13:30:00,1.13835,1.13840,1.13763,1.13808,956,0,0
2026-07-27 15:45:00,2026-07-27 13:45:00,1.13807,1.13856,1.13799,1.13833,945,0,0
2026-07-27 16:00:00,2026-07-27 14:00:00,1.13834,1.13866,1.13791,1.13837,1199,0,0
2026-07-27 16:15:00,2026-07-27 14:15:00,1.13837,1.13839,1.13773,1.13793,1007,0,0
2026-07-27 16:30:00,2026-07-27 14:30:00,1.13794,1.13836,1.13786,1.13804,1277,0,0
2026-07-27 16:45:00,2026-07-27 14:45:00,1.13805,1.13813,1.13725,1.13743,1230,0,0
2026-07-27 17:00:00,2026-07-27 15:00:00,1.13742,1.13770,1.13711,1.13762,1178,0,0
2026-07-27 17:15:00,2026-07-27 15:15:00,1.13763,1.13764,1.13705,1.13705,1050,0,0
2026-07-27 17:30:00,2026-07-27 15:30:00,1.13703,1.13746,1.13698,1.13713,1007,0,0
2026-07-27 17:45:00,2026-07-27 15:45:00,1.13713,1.13751,1.13689,1.13723,967,0,0
2026-07-27 18:00:00,2026-07-27 16:00:00,1.13724,1.13735,1.13685,1.13712,1089,0,0
2026-07-27 18:15:00,2026-07-27 16:15:00,1.13713,1.13767,1.13712,1.13764,1068,0,0
2026-07-27 18:30:00,2026-07-27 16:30:00,1.13764,1.13765,1.13736,1.13753,1028,0,0
2026-07-27 18:45:00,2026-07-27 16:45:00,1.13754,1.13784,1.13735,1.13752,972,0,0
2026-07-27 19:00:00,2026-07-27 17:00:00,1.13751,1.13774,1.13735,1.13763,871,0,0
2026-07-27 19:15:00,2026-07-27 17:15:00,1.13764,1.13839,1.13761,1.13824,1186,0,0
2026-07-27 19:30:00,2026-07-27 17:30:00,1.13824,1.13852,1.13817,1.13827,909,0,0
2026-07-27 19:45:00,2026-07-27 17:45:00,1.13826,1.13828,1.13786,1.13797,816,0,0
2026-07-27 20:00:00,2026-07-27 18:00:00,1.13797,1.13797,1.13724,1.13733,1138,0,0
2026-07-27 20:15:00,2026-07-27 18:15:00,1.13734,1.13737,1.13694,1.13701,718,0,0
2026-07-27 20:30:00,2026-07-27 18:30:00,1.13700,1.13729,1.13688,1.13694,511,0,0
2026-07-27 20:45:00,2026-07-27 18:45:00,1.13694,1.13728,1.13686,1.13724,550,0,0
2026-07-27 21:00:00,2026-07-27 19:00:00,1.13722,1.13738,1.13711,1.13728,528,0,0
2026-07-27 21:15:00,2026-07-27 19:15:00,1.13728,1.13729,1.13691,1.13704,601,0,0
2026-07-27 21:30:00,2026-07-27 19:30:00,1.13705,1.13727,1.13682,1.13699,688,0,0
2026-07-27 21:45:00,2026-07-27 19:45:00,1.13698,1.13705,1.13673,1.13684,756,0,0
2026-07-27 22:00:00,2026-07-27 20:00:00,1.13686,1.13700,1.13671,1.13677,585,0,0
2026-07-27 22:15:00,2026-07-27 20:15:00,1.13676,1.13706,1.13672,1.13705,473,0,0
2026-07-27 22:30:00,2026-07-27 20:30:00,1.13704,1.13734,1.13703,1.13723,472,0,0
2026-07-27 22:45:00,2026-07-27 20:45:00,1.13723,1.13729,1.13700,1.13700,527,0,0
2026-07-27 23:00:00,2026-07-27 21:00:00,1.13700,1.13722,1.13698,1.13721,314,0,0
2026-07-27 23:15:00,2026-07-27 21:15:00,1.13720,1.13722,1.13703,1.13706,208,0,0
2026-07-27 23:30:00,2026-07-27 21:30:00,1.13706,1.13706,1.13668,1.13673,292,0,0
2026-07-27 23:45:00,2026-07-27 21:45:00,1.13671,1.13681,1.13670,1.13677,198,0,0
2026-07-28 00:00:00,2026-07-27 22:00:00,1.13674,1.13703,1.13653,1.13701,256,29,0
2026-07-28 00:15:00,2026-07-27 22:15:00,1.13701,1.13702,1.13664,1.13674,203,35,0
2026-07-28 00:30:00,2026-07-27 22:30:00,1.13674,1.13692,1.13656,1.13685,705,50,0
2026-07-28 00:45:00,2026-07-27 22:45:00,1.13685,1.13703,1.13675,1.13684,652,42,0
2026-07-28 01:00:00,2026-07-27 23:00:00,1.13703,1.13716,1.13683,1.13699,520,0,0
2026-07-28 01:15:00,2026-07-27 23:15:00,1.13699,1.13712,1.13691,1.13694,257,0,0
2026-07-28 01:30:00,2026-07-27 23:30:00,1.13695,1.13705,1.13692,1.13693,234,0,0
2026-07-28 01:45:00,2026-07-27 23:45:00,1.13693,1.13695,1.13688,1.13692,185,0,0
2026-07-28 02:00:00,2026-07-28 00:00:00,1.13692,1.13705,1.13683,1.13698,302,0,0
2026-07-28 02:15:00,2026-07-28 00:15:00,1.13699,1.13706,1.13697,1.13704,169,0,0
2026-07-28 02:30:00,2026-07-28 00:30:00,1.13703,1.13705,1.13687,1.13696,196,0,0
2026-07-28 02:45:00,2026-07-28 00:45:00,1.13696,1.13702,1.13678,1.13692,324,0,0
2026-07-28 03:00:00,2026-07-28 01:00:00,1.13692,1.13695,1.13666,1.13684,669,0,0
2026-07-28 03:15:00,2026-07-28 01:15:00,1.13684,1.13729,1.13681,1.13721,638,0,0
2026-07-28 03:30:00,2026-07-28 01:30:00,1.13722,1.13736,1.13716,1.13723,555,0,0
2026-07-28 03:45:00,2026-07-28 01:45:00,1.13723,1.13745,1.13702,1.13743,467,0,0
2026-07-28 04:00:00,2026-07-28 02:00:00,1.13744,1.13774,1.13741,1.13753,685,0,0
2026-07-28 04:15:00,2026-07-28 02:15:00,1.13752,1.13758,1.13737,1.13752,630,0,0
2026-07-28 04:30:00,2026-07-28 02:30:00,1.13753,1.13758,1.13731,1.13734,576,0,0
2026-07-28 04:45:00,2026-07-28 02:45:00,1.13733,1.13741,1.13706,1.13732,552,0,0
2026-07-28 05:00:00,2026-07-28 03:00:00,1.13732,1.13748,1.13720,1.13741,528,0,0
2026-07-28 05:15:00,2026-07-28 03:15:00,1.13740,1.13753,1.13719,1.13719,564,0,0
2026-07-28 05:30:00,2026-07-28 03:30:00,1.13719,1.13733,1.13713,1.13731,393,0,0
2026-07-28 05:45:00,2026-07-28 03:45:00,1.13731,1.13787,1.13727,1.13772,543,0,0
2026-07-28 06:00:00,2026-07-28 04:00:00,1.13771,1.13778,1.13750,1.13756,603,0,0
2026-07-28 06:15:00,2026-07-28 04:15:00,1.13756,1.13780,1.13752,1.13777,547,0,0
2026-07-28 06:30:00,2026-07-28 04:30:00,1.13777,1.13802,1.13756,1.13762,648,0,0
2026-07-28 06:45:00,2026-07-28 04:45:00,1.13761,1.13761,1.13738,1.13747,497,0,0
2026-07-28 07:00:00,2026-07-28 05:00:00,1.13746,1.13747,1.13707,1.13707,642,0,0
2026-07-28 07:15:00,2026-07-28 05:15:00,1.13707,1.13719,1.13696,1.13709,384,0,0
2026-07-28 07:30:00,2026-07-28 05:30:00,1.13710,1.13713,1.13698,1.13709,404,0,0
2026-07-28 07:45:00,2026-07-28 05:45:00,1.13710,1.13715,1.13681,1.13685,457,0,0
2026-07-28 08:00:00,2026-07-28 06:00:00,1.13686,1.13690,1.13617,1.13622,765,0,0
2026-07-28 08:15:00,2026-07-28 06:15:00,1.13622,1.13651,1.13617,1.13651,624,0,0
2026-07-28 08:30:00,2026-07-28 06:30:00,1.13651,1.13663,1.13629,1.13655,581,0,0
2026-07-28 08:45:00,2026-07-28 06:45:00,1.13655,1.13665,1.13641,1.13660,426,0,0
2026-07-28 09:00:00,2026-07-28 07:00:00,1.13660,1.13680,1.13650,1.13669,761,0,0
2026-07-28 09:15:00,2026-07-28 07:15:00,1.13669,1.13711,1.13667,1.13709,615,0,0
2026-07-28 09:30:00,2026-07-28 07:30:00,1.13708,1.13728,1.13690,1.13698,732,0,0
2026-07-28 09:45:00,2026-07-28 07:45:00,1.13699,1.13716,1.13675,1.13688,621,0,0
2026-07-28 10:00:00,2026-07-28 08:00:00,1.13687,1.13736,1.13669,1.13731,863,0,0
2026-07-28 10:15:00,2026-07-28 08:15:00,1.13730,1.13737,1.13694,1.13699,770,0,0
2026-07-28 10:30:00,2026-07-28 08:30:00,1.13700,1.13722,1.13684,1.13692,644,0,0
2026-07-28 10:45:00,2026-07-28 08:45:00,1.13691,1.13692,1.13633,1.13648,823,0,0
2026-07-28 11:00:00,2026-07-28 09:00:00,1.13647,1.13704,1.13646,1.13681,779,0,0
2026-07-28 11:15:00,2026-07-28 09:15:00,1.13680,1.13725,1.13680,1.13699,775,0,0
2026-07-28 11:30:00,2026-07-28 09:30:00,1.13703,1.13716,1.13682,1.13712,810,0,0
2026-07-28 11:45:00,2026-07-28 09:45:00,1.13713,1.13726,1.13701,1.13725,731,0,0
2026-07-28 12:00:00,2026-07-28 10:00:00,1.13726,1.13733,1.13662,1.13669,707,0,0
2026-07-28 12:15:00,2026-07-28 10:15:00,1.13669,1.13680,1.13658,1.13658,668,0,0
2026-07-28 12:30:00,2026-07-28 10:30:00,1.13656,1.13656,1.13622,1.13624,571,0,0
2026-07-28 12:45:00,2026-07-28 10:45:00,1.13625,1.13625,1.13559,1.13563,695,0,0
2026-07-28 13:00:00,2026-07-28 11:00:00,1.13563,1.13575,1.13534,1.13568,799,0,0
2026-07-28 13:15:00,2026-07-28 11:15:00,1.13568,1.13577,1.13548,1.13565,699,0,0
2026-07-28 13:30:00,2026-07-28 11:30:00,1.13564,1.13612,1.13560,1.13572,799,0,0
2026-07-28 13:45:00,2026-07-28 11:45:00,1.13572,1.13632,1.13572,1.13609,691,0,0
2026-07-28 14:00:00,2026-07-28 12:00:00,1.13609,1.13612,1.13567,1.13584,793,0,0
2026-07-28 14:15:00,2026-07-28 12:15:00,1.13583,1.13657,1.13583,1.13652,858,0,0
2026-07-28 14:30:00,2026-07-28 12:30:00,1.13653,1.13667,1.13632,1.13634,685,0,0
2026-07-28 14:45:00,2026-07-28 12:45:00,1.13634,1.13678,1.13611,1.13654,860,0,0
2026-07-28 15:00:00,2026-07-28 13:00:00,1.13660,1.13676,1.13618,1.13653,782,0,0
2026-07-28 15:15:00,2026-07-28 13:15:00,1.13654,1.13660,1.13623,1.13626,933,0,0
2026-07-28 15:30:00,2026-07-28 13:30:00,1.13627,1.13651,1.13609,1.13646,759,0,0
2026-07-28 15:45:00,2026-07-28 13:45:00,1.13645,1.13686,1.13645,1.13659,796,0,0
2026-07-28 16:00:00,2026-07-28 14:00:00,1.13660,1.13707,1.13659,1.13669,856,0,0
2026-07-28 16:15:00,2026-07-28 14:15:00,1.13670,1.13707,1.13663,1.13675,698,0,0
2026-07-28 16:30:00,2026-07-28 14:30:00,1.13674,1.13709,1.13672,1.13694,940,0,0
2026-07-28 16:45:00,2026-07-28 14:45:00,1.13694,1.13742,1.13682,1.13724,1045,0,0
2026-07-28 17:00:00,2026-07-28 15:00:00,1.13722,1.13760,1.13714,1.13739,1104,0,0
2026-07-28 17:15:00,2026-07-28 15:15:00,1.13739,1.13782,1.13715,1.13780,1121,0,0
2026-07-28 17:30:00,2026-07-28 15:30:00,1.13779,1.13799,1.13757,1.13790,1087,0,0
2026-07-28 17:45:00,2026-07-28 15:45:00,1.13790,1.13866,1.13763,1.13857,1276,0,0
2026-07-28 18:00:00,2026-07-28 16:00:00,1.13860,1.13958,1.13839,1.13945,1409,0,0
2026-07-28 18:15:00,2026-07-28 16:15:00,1.13950,1.13992,1.13926,1.13959,1576,0,0
2026-07-28 18:30:00,2026-07-28 16:30:00,1.13958,1.14021,1.13942,1.14015,1385,0,0
2026-07-28 18:45:00,2026-07-28 16:45:00,1.14015,1.14016,1.13963,1.14004,1073,0,0
2026-07-28 19:00:00,2026-07-28 17:00:00,1.14004,1.14033,1.13989,1.14024,1128,0,0
2026-07-28 19:15:00,2026-07-28 17:15:00,1.14025,1.14053,1.14017,1.14051,871,0,0
2026-07-28 19:30:00,2026-07-28 17:30:00,1.14051,1.14051,1.14002,1.14002,905,0,0
2026-07-28 19:45:00,2026-07-28 17:45:00,1.14003,1.14009,1.13957,1.13959,917,0,0
2026-07-28 20:00:00,2026-07-28 18:00:00,1.13959,1.13975,1.13935,1.13942,824,0,0
2026-07-28 20:15:00,2026-07-28 18:15:00,1.13942,1.13980,1.13929,1.13933,909,0,0
2026-07-28 20:30:00,2026-07-28 18:30:00,1.13932,1.13942,1.13917,1.13921,639,0,0
2026-07-28 20:45:00,2026-07-28 18:45:00,1.13925,1.13925,1.13884,1.13892,824,0,0
2026-07-28 21:00:00,2026-07-28 19:00:00,1.13893,1.13909,1.13877,1.13893,737,0,0
2026-07-28 21:15:00,2026-07-28 19:15:00,1.13893,1.13915,1.13872,1.13878,592,0,0
2026-07-28 21:30:00,2026-07-28 19:30:00,1.13878,1.13892,1.13876,1.13883,537,0,0
2026-07-28 21:45:00,2026-07-28 19:45:00,1.13883,1.13884,1.13861,1.13867,507,0,0
2026-07-28 22:00:00,2026-07-28 20:00:00,1.13867,1.13904,1.13862,1.13882,487,0,0
2026-07-28 22:15:00,2026-07-28 20:15:00,1.13881,1.13909,1.13878,1.13890,461,0,0
2026-07-28 22:30:00,2026-07-28 20:30:00,1.13890,1.13907,1.13887,1.13901,499,0,0
2026-07-28 22:45:00,2026-07-28 20:45:00,1.13901,1.13919,1.13872,1.13872,547,0,0
2026-07-28 23:00:00,2026-07-28 21:00:00,1.13872,1.13886,1.13868,1.13884,386,0,0
2026-07-28 23:15:00,2026-07-28 21:15:00,1.13885,1.13890,1.13854,1.13864,295,0,0
2026-07-28 23:30:00,2026-07-28 21:30:00,1.13863,1.13874,1.13854,1.13874,293,0,0
2026-07-28 23:45:00,2026-07-28 21:45:00,1.13873,1.13879,1.13858,1.13861,333,0,0
2026-07-29 00:00:00,2026-07-28 22:00:00,1.13878,1.13888,1.13874,1.13884,59,41,0
2026-07-29 00:15:00,2026-07-28 22:15:00,1.13885,1.13912,1.13883,1.13901,239,21,0
2026-07-29 00:30:00,2026-07-28 22:30:00,1.13899,1.13918,1.13896,1.13916,301,20,0
2026-07-29 00:45:00,2026-07-28 22:45:00,1.13920,1.13920,1.13893,1.13893,183,17,0
2026-07-29 01:00:00,2026-07-28 23:00:00,1.13902,1.13910,1.13878,1.13879,344,0,0
2026-07-29 01:15:00,2026-07-28 23:15:00,1.13880,1.13885,1.13839,1.13849,533,0,0
2026-07-29 01:30:00,2026-07-28 23:30:00,1.13850,1.13866,1.13846,1.13852,571,0,0
2026-07-29 01:45:00,2026-07-28 23:45:00,1.13852,1.13856,1.13842,1.13852,377,0,0
2026-07-29 02:00:00,2026-07-29 00:00:00,1.13852,1.13854,1.13822,1.13843,507,0,0
2026-07-29 02:15:00,2026-07-29 00:15:00,1.13843,1.13854,1.13838,1.13853,417,0,0
2026-07-29 02:30:00,2026-07-29 00:30:00,1.13854,1.13866,1.13846,1.13864,370,0,0
2026-07-29 02:45:00,2026-07-29 00:45:00,1.13863,1.13865,1.13840,1.13860,519,0,0
2026-07-29 03:00:00,2026-07-29 01:00:00,1.13863,1.13865,1.13828,1.13837,747,0,0
2026-07-29 03:15:00,2026-07-29 01:15:00,1.13837,1.13903,1.13835,1.13894,616,0,0
2026-07-29 03:30:00,2026-07-29 01:30:00,1.13895,1.13901,1.13880,1.13889,533,0,0
2026-07-29 03:45:00,2026-07-29 01:45:00,1.13889,1.13915,1.13870,1.13909,696,0,0
2026-07-29 04:00:00,2026-07-29 02:00:00,1.13908,1.13918,1.13882,1.13886,681,0,0
2026-07-29 04:15:00,2026-07-29 02:15:00,1.13886,1.13926,1.13880,1.13902,636,0,0
2026-07-29 04:30:00,2026-07-29 02:30:00,1.13901,1.13907,1.13854,1.13862,1200,0,0
2026-07-29 04:45:00,2026-07-29 02:45:00,1.13861,1.13917,1.13857,1.13914,826,0,0
2026-07-29 05:00:00,2026-07-29 03:00:00,1.13914,1.13948,1.13902,1.13935,762,0,0
2026-07-29 05:15:00,2026-07-29 03:15:00,1.13935,1.13958,1.13924,1.13939,626,0,0
2026-07-29 05:30:00,2026-07-29 03:30:00,1.13938,1.13960,1.13936,1.13946,542,0,0
2026-07-29 05:45:00,2026-07-29 03:45:00,1.13945,1.13957,1.13925,1.13949,404,0,0
2026-07-29 06:00:00,2026-07-29 04:00:00,1.13948,1.13964,1.13944,1.13955,464,0,0
2026-07-29 06:15:00,2026-07-29 04:15:00,1.13957,1.13994,1.13956,1.13991,428,0,0
2026-07-29 06:30:00,2026-07-29 04:30:00,1.13990,1.14005,1.13986,1.13994,486,0,0
2026-07-29 06:45:00,2026-07-29 04:45:00,1.13992,1.14010,1.13963,1.13971,522,0,0
2026-07-29 07:00:00,2026-07-29 05:00:00,1.13970,1.14000,1.13963,1.13997,443,0,0
2026-07-29 07:15:00,2026-07-29 05:15:00,1.13996,1.14024,1.13987,1.13993,487,0,0
2026-07-29 07:30:00,2026-07-29 05:30:00,1.13992,1.14035,1.13983,1.14029,636,0,0
2026-07-29 07:45:00,2026-07-29 05:45:00,1.14029,1.14038,1.13990,1.14011,671,0,0
2026-07-29 08:00:00,2026-07-29 06:00:00,1.14013,1.14030,1.14005,1.14024,519,0,0
2026-07-29 08:15:00,2026-07-29 06:15:00,1.14024,1.14027,1.13995,1.13996,486,0,0
2026-07-29 08:30:00,2026-07-29 06:30:00,1.13996,1.14002,1.13975,1.13998,576,0,0
2026-07-29 08:45:00,2026-07-29 06:45:00,1.13999,1.14017,1.13975,1.13983,509,0,0
2026-07-29 09:00:00,2026-07-29 07:00:00,1.13981,1.14008,1.13950,1.13977,943,0,0
2026-07-29 09:15:00,2026-07-29 07:15:00,1.13975,1.13991,1.13931,1.13939,775,0,0
2026-07-29 09:30:00,2026-07-29 07:30:00,1.13938,1.13951,1.13928,1.13944,538,0,0
2026-07-29 09:45:00,2026-07-29 07:45:00,1.13944,1.13944,1.13899,1.13921,792,0,0
2026-07-29 10:00:00,2026-07-29 08:00:00,1.13917,1.13967,1.13901,1.13938,967,0,0
2026-07-29 10:15:00,2026-07-29 08:15:00,1.13939,1.13974,1.13933,1.13970,735,0,0
2026-07-29 10:30:00,2026-07-29 08:30:00,1.13971,1.14011,1.13959,1.13978,686,0,0
2026-07-29 10:45:00,2026-07-29 08:45:00,1.13974,1.14011,1.13966,1.13977,776,0,0
2026-07-29 11:00:00,2026-07-29 09:00:00,1.13977,1.13998,1.13954,1.13959,825,0,0
2026-07-29 11:15:00,2026-07-29 09:15:00,1.13959,1.13980,1.13941,1.13960,850,0,0
2026-07-29 11:30:00,2026-07-29 09:30:00,1.13959,1.13980,1.13932,1.13979,747,0,0
2026-07-29 11:45:00,2026-07-29 09:45:00,1.13977,1.14005,1.13953,1.13966,667,0,0
2026-07-29 12:00:00,2026-07-29 10:00:00,1.13965,1.13970,1.13946,1.13962,733,0,0
2026-07-29 12:15:00,2026-07-29 10:15:00,1.13960,1.13964,1.13938,1.13954,600,0,0
2026-07-29 12:30:00,2026-07-29 10:30:00,1.13954,1.13964,1.13920,1.13948,639,0,0
2026-07-29 12:45:00,2026-07-29 10:45:00,1.13948,1.13964,1.13917,1.13919,765,0,0
2026-07-29 13:00:00,2026-07-29 11:00:00,1.13920,1.13928,1.13904,1.13911,767,0,0
2026-07-29 13:15:00,2026-07-29 11:15:00,1.13910,1.13915,1.13870,1.13904,713,0,0
2026-07-29 13:30:00,2026-07-29 11:30:00,1.13904,1.13923,1.13871,1.13882,648,0,0
2026-07-29 13:45:00,2026-07-29 11:45:00,1.13882,1.13882,1.13835,1.13854,699,0,0
2026-07-29 14:00:00,2026-07-29 12:00:00,1.13856,1.13880,1.13854,1.13869,710,0,0
2026-07-29 14:15:00,2026-07-29 12:15:00,1.13868,1.13886,1.13851,1.13872,589,0,0
2026-07-29 14:30:00,2026-07-29 12:30:00,1.13873,1.13880,1.13814,1.13821,659,0,0
2026-07-29 14:45:00,2026-07-29 12:45:00,1.13820,1.13847,1.13802,1.13819,815,0,0
2026-07-29 15:00:00,2026-07-29 13:00:00,1.13820,1.13830,1.13777,1.13788,938,0,0
2026-07-29 15:15:00,2026-07-29 13:15:00,1.13788,1.13797,1.13745,1.13769,1047,0,0
2026-07-29 15:30:00,2026-07-29 13:30:00,1.13769,1.13805,1.13746,1.13791,936,0,0
2026-07-29 15:45:00,2026-07-29 13:45:00,1.13791,1.13803,1.13765,1.13782,741,0,0
2026-07-29 16:00:00,2026-07-29 14:00:00,1.13783,1.13801,1.13766,1.13801,906,0,0
2026-07-29 16:15:00,2026-07-29 14:15:00,1.13802,1.13871,1.13798,1.13856,852,0,0
2026-07-29 16:30:00,2026-07-29 14:30:00,1.13857,1.13877,1.13833,1.13876,930,0,0
2026-07-29 16:45:00,2026-07-29 14:45:00,1.13875,1.13924,1.13869,1.13919,939,0,0
2026-07-29 17:00:00,2026-07-29 15:00:00,1.13921,1.13934,1.13879,1.13884,960,0,0
2026-07-29 17:15:00,2026-07-29 15:15:00,1.13885,1.13946,1.13866,1.13943,1075,0,0
2026-07-29 17:30:00,2026-07-29 15:30:00,1.13944,1.13971,1.13897,1.13923,861,0,0
2026-07-29 17:45:00,2026-07-29 15:45:00,1.13924,1.13930,1.13807,1.13809,1459,0,0
2026-07-29 18:00:00,2026-07-29 16:00:00,1.13809,1.13855,1.13793,1.13847,1273,0,0
2026-07-29 18:15:00,2026-07-29 16:15:00,1.13849,1.13855,1.13785,1.13799,980,0,0
2026-07-29 18:30:00,2026-07-29 16:30:00,1.13799,1.13817,1.13778,1.13814,919,0,0
2026-07-29 18:45:00,2026-07-29 16:45:00,1.13811,1.13835,1.13811,1.13828,751,0,0
2026-07-29 19:00:00,2026-07-29 17:00:00,1.13831,1.13835,1.13778,1.13782,831,0,0
2026-07-29 19:15:00,2026-07-29 17:15:00,1.13780,1.13826,1.13767,1.13825,720,0,0
2026-07-29 19:30:00,2026-07-29 17:30:00,1.13823,1.13825,1.13793,1.13825,605,0,0
2026-07-29 19:45:00,2026-07-29 17:45:00,1.13824,1.13860,1.13820,1.13851,640,0,0
2026-07-29 20:00:00,2026-07-29 18:00:00,1.13851,1.13903,1.13845,1.13896,653,0,0
2026-07-29 20:15:00,2026-07-29 18:15:00,1.13896,1.13933,1.13888,1.13911,784,0,0
2026-07-29 20:30:00,2026-07-29 18:30:00,1.13911,1.13971,1.13902,1.13958,840,0,0
2026-07-29 20:45:00,2026-07-29 18:45:00,1.13958,1.13998,1.13950,1.13951,920,0,0
2026-07-29 21:00:00,2026-07-29 19:00:00,1.13952,1.14306,1.13891,1.14275,2797,0,0
2026-07-29 21:15:00,2026-07-29 19:15:00,1.14277,1.14298,1.14152,1.14224,1856,0,0
2026-07-29 21:30:00,2026-07-29 19:30:00,1.14224,1.14366,1.14068,1.14354,2760,0,0
2026-07-29 21:45:00,2026-07-29 19:45:00,1.14353,1.14525,1.14335,1.14517,2394,0,0
2026-07-29 22:00:00,2026-07-29 20:00:00,1.14518,1.14557,1.14398,1.14515,2447,0,0
2026-07-29 22:15:00,2026-07-29 20:15:00,1.14517,1.14666,1.14493,1.14525,2494,0,0
2026-07-29 22:30:00,2026-07-29 20:30:00,1.14528,1.14586,1.14459,1.14576,2382,0,0
2026-07-29 22:45:00,2026-07-29 20:45:00,1.14576,1.14583,1.14478,1.14480,1843,0,0
2026-07-29 23:00:00,2026-07-29 21:00:00,1.14480,1.14528,1.14468,1.14516,1107,0,0
2026-07-29 23:15:00,2026-07-29 21:15:00,1.14515,1.14563,1.14489,1.14556,971,0,0
2026-07-29 23:30:00,2026-07-29 21:30:00,1.14556,1.14661,1.14552,1.14658,764,0,0
2026-07-29 23:45:00,2026-07-29 21:45:00,1.14658,1.14711,1.14645,1.14663,780,0,0
2026-07-30 00:00:00,2026-07-29 22:00:00,1.14614,1.14616,1.14534,1.14564,523,40,0
2026-07-30 00:15:00,2026-07-29 22:15:00,1.14565,1.14632,1.14565,1.14631,389,33,0
2026-07-30 00:30:00,2026-07-29 22:30:00,1.14630,1.14638,1.14621,1.14635,154,20,0
2026-07-30 00:45:00,2026-07-29 22:45:00,1.14636,1.14640,1.14585,1.14590,366,20,0
2026-07-30 01:00:00,2026-07-29 23:00:00,1.14590,1.14688,1.14590,1.14683,710,1,0
2026-07-30 01:15:00,2026-07-29 23:15:00,1.14683,1.14692,1.14672,1.14679,429,0,0
2026-07-30 01:30:00,2026-07-29 23:30:00,1.14678,1.14695,1.14677,1.14694,341,0,0
2026-07-30 01:45:00,2026-07-29 23:45:00,1.14694,1.14715,1.14693,1.14713,499,0,0
2026-07-30 02:00:00,2026-07-30 00:00:00,1.14713,1.14751,1.14702,1.14705,614,0,0
2026-07-30 02:15:00,2026-07-30 00:15:00,1.14705,1.14706,1.14668,1.14671,477,0,0
2026-07-30 02:30:00,2026-07-30 00:30:00,1.14673,1.14676,1.14647,1.14649,387,0,0
2026-07-30 02:45:00,2026-07-30 00:45:00,1.14649,1.14696,1.14644,1.14669,643,0,0
2026-07-30 03:00:00,2026-07-30 01:00:00,1.14669,1.14680,1.14634,1.14667,1154,0,0
2026-07-30 03:15:00,2026-07-30 01:15:00,1.14667,1.14674,1.14562,1.14570,1267,0,0
2026-07-30 03:30:00,2026-07-30 01:30:00,1.14569,1.14583,1.14557,1.14576,902,0,0
2026-07-30 03:45:00,2026-07-30 01:45:00,1.14576,1.14582,1.14561,1.14580,680,0,0
2026-07-30 04:00:00,2026-07-30 02:00:00,1.14580,1.14611,1.14574,1.14593,921,0,0
2026-07-30 04:15:00,2026-07-30 02:15:00,1.14592,1.14594,1.14535,1.14552,876,0,0
2026-07-30 04:30:00,2026-07-30 02:30:00,1.14552,1.14592,1.14541,1.14562,653,0,0
2026-07-30 04:45:00,2026-07-30 02:45:00,1.14562,1.14583,1.14525,1.14533,576,0,0
2026-07-30 05:00:00,2026-07-30 03:00:00,1.14534,1.14551,1.14518,1.14523,635,0,0
2026-07-30 05:15:00,2026-07-30 03:15:00,1.14524,1.14530,1.14513,1.14525,447,0,0
2026-07-30 05:30:00,2026-07-30 03:30:00,1.14525,1.14550,1.14521,1.14542,406,0,0
2026-07-30 05:45:00,2026-07-30 03:45:00,1.14542,1.14553,1.14527,1.14529,387,0,0
2026-07-30 06:00:00,2026-07-30 04:00:00,1.14528,1.14544,1.14512,1.14518,520,0,0
2026-07-30 06:15:00,2026-07-30 04:15:00,1.14519,1.14520,1.14478,1.14501,599,0,0
2026-07-30 06:30:00,2026-07-30 04:30:00,1.14502,1.14526,1.14493,1.14518,429,0,0
2026-07-30 06:45:00,2026-07-30 04:45:00,1.14519,1.14523,1.14494,1.14497,306,0,0
2026-07-30 07:00:00,2026-07-30 05:00:00,1.14497,1.14530,1.14489,1.14528,429,0,0
2026-07-30 07:15:00,2026-07-30 05:15:00,1.14529,1.14534,1.14522,1.14528,342,0,0
2026-07-30 07:30:00,2026-07-30 05:30:00,1.14527,1.14541,1.14523,1.14528,303,0,0
2026-07-30 07:45:00,2026-07-30 05:45:00,1.14528,1.14533,1.14499,1.14509,458,0,0
2026-07-30 08:00:00,2026-07-30 06:00:00,1.14508,1.14550,1.14502,1.14548,518,0,0
2026-07-30 08:15:00,2026-07-30 06:15:00,1.14549,1.14567,1.14542,1.14556,552,0,0
2026-07-30 08:30:00,2026-07-30 06:30:00,1.14556,1.14562,1.14513,1.14525,591,0,0
2026-07-30 08:45:00,2026-07-30 06:45:00,1.14525,1.14553,1.14491,1.14500,806,0,0
2026-07-30 09:00:00,2026-07-30 07:00:00,1.14499,1.14515,1.14437,1.14447,1039,0,0
2026-07-30 09:15:00,2026-07-30 07:15:00,1.14448,1.14466,1.14438,1.14450,824,0,0
2026-07-30 09:30:00,2026-07-30 07:30:00,1.14451,1.14486,1.14431,1.14459,774,0,0
2026-07-30 09:45:00,2026-07-30 07:45:00,1.14458,1.14513,1.14458,1.14469,818,0,0
2026-07-30 10:00:00,2026-07-30 08:00:00,1.14470,1.14512,1.14424,1.14428,1383,0,0
2026-07-30 10:15:00,2026-07-30 08:15:00,1.14427,1.14450,1.14365,1.14372,1180,0,0
2026-07-30 10:30:00,2026-07-30 08:30:00,1.14373,1.14390,1.14343,1.14369,987,0,0
2026-07-30 10:45:00,2026-07-30 08:45:00,1.14370,1.14388,1.14362,1.14376,894,0,0
2026-07-30 11:00:00,2026-07-30 09:00:00,1.14375,1.14474,1.14374,1.14459,1125,0,0
2026-07-30 11:15:00,2026-07-30 09:15:00,1.14458,1.14547,1.14458,1.14545,1065,0,0
2026-07-30 11:30:00,2026-07-30 09:30:00,1.14545,1.14557,1.14455,1.14513,1074,0,0
2026-07-30 11:45:00,2026-07-30 09:45:00,1.14515,1.14543,1.14467,1.14482,967,0,0
2026-07-30 12:00:00,2026-07-30 10:00:00,1.14481,1.14584,1.14481,1.14575,1039,0,0
2026-07-30 12:15:00,2026-07-30 10:15:00,1.14575,1.14640,1.14566,1.14615,960,0,0
2026-07-30 12:30:00,2026-07-30 10:30:00,1.14614,1.14640,1.14598,1.14629,793,0,0
2026-07-30 12:45:00,2026-07-30 10:45:00,1.14628,1.14675,1.14607,1.14647,906,0,0
2026-07-30 13:00:00,2026-07-30 11:00:00,1.14648,1.14728,1.14613,1.14719,1158,0,0
2026-07-30 13:15:00,2026-07-30 11:15:00,1.14717,1.14798,1.14687,1.14723,1590,0,0
2026-07-30 13:30:00,2026-07-30 11:30:00,1.14723,1.14842,1.14719,1.14806,1384,0,0
2026-07-30 13:45:00,2026-07-30 11:45:00,1.14806,1.14837,1.14728,1.14730,1404,0,0
2026-07-30 14:00:00,2026-07-30 12:00:00,1.14727,1.14779,1.14716,1.14720,1148,0,0
2026-07-30 14:15:00,2026-07-30 12:15:00,1.14719,1.14729,1.14654,1.14677,1021,0,0
2026-07-30 14:30:00,2026-07-30 12:30:00,1.14677,1.14680,1.14649,1.14652,777,0,0
2026-07-30 14:45:00,2026-07-30 12:45:00,1.14653,1.14758,1.14652,1.14757,821,0,0
2026-07-30 15:00:00,2026-07-30 13:00:00,1.14758,1.14813,1.14752,1.14805,1139,0,0
2026-07-30 15:15:00,2026-07-30 13:15:00,1.14804,1.14805,1.14743,1.14763,1031,0,0
2026-07-30 15:30:00,2026-07-30 13:30:00,1.14759,1.14835,1.14724,1.14809,1730,0,0
2026-07-30 15:45:00,2026-07-30 13:45:00,1.14809,1.14814,1.14692,1.14725,1668,0,0
2026-07-30 16:00:00,2026-07-30 14:00:00,1.14726,1.14761,1.14696,1.14724,1539,0,0
2026-07-30 16:15:00,2026-07-30 14:15:00,1.14723,1.14810,1.14715,1.14802,1293,0,0
2026-07-30 16:30:00,2026-07-30 14:30:00,1.14802,1.15037,1.14790,1.15009,2389,0,0
2026-07-30 16:45:00,2026-07-30 14:45:00,1.15010,1.15239,1.14980,1.15238,2632,0,0
2026-07-30 17:00:00,2026-07-30 15:00:00,1.15240,1.15371,1.15175,1.15280,3007,0,0
2026-07-30 17:15:00,2026-07-30 15:15:00,1.15279,1.15325,1.15189,1.15214,2865,0,0
2026-07-30 17:30:00,2026-07-30 15:30:00,1.15214,1.15232,1.15096,1.15123,2121,0,0
2026-07-30 17:45:00,2026-07-30 15:45:00,1.15124,1.15149,1.15027,1.15031,1890,0,0
2026-07-30 18:00:00,2026-07-30 16:00:00,1.15029,1.15073,1.14986,1.15070,1679,0,0
2026-07-30 18:15:00,2026-07-30 16:15:00,1.15069,1.15161,1.15067,1.15155,1358,0,0
2026-07-30 18:30:00,2026-07-30 16:30:00,1.15156,1.15227,1.15135,1.15218,1300,0,0
2026-07-30 18:45:00,2026-07-30 16:45:00,1.15218,1.15250,1.15205,1.15210,1182,0,0
2026-07-30 19:00:00,2026-07-30 17:00:00,1.15210,1.15284,1.15210,1.15243,1298,0,0
2026-07-30 19:15:00,2026-07-30 17:15:00,1.15243,1.15303,1.15235,1.15299,1107,0,0
2026-07-30 19:30:00,2026-07-30 17:30:00,1.15300,1.15307,1.15251,1.15254,1201,0,0
2026-07-30 19:45:00,2026-07-30 17:45:00,1.15254,1.15286,1.15225,1.15286,858,0,0
2026-07-30 20:00:00,2026-07-30 18:00:00,1.15287,1.15304,1.15207,1.15211,943,0,0
2026-07-30 20:15:00,2026-07-30 18:15:00,1.15210,1.15210,1.15187,1.15190,815,0,0
2026-07-30 20:30:00,2026-07-30 18:30:00,1.15191,1.15302,1.15139,1.15294,1703,0,0
2026-07-30 20:45:00,2026-07-30 18:45:00,1.15295,1.15309,1.15255,1.15298,1365,0,0
2026-07-30 21:00:00,2026-07-30 19:00:00,1.15298,1.15356,1.15292,1.15350,1152,0,0
2026-07-30 21:15:00,2026-07-30 19:15:00,1.15350,1.15351,1.15275,1.15301,755,0,0
2026-07-30 21:30:00,2026-07-30 19:30:00,1.15302,1.15337,1.15289,1.15314,683,0,0
2026-07-30 21:45:00,2026-07-30 19:45:00,1.15315,1.15356,1.15315,1.15355,808,0,0
2026-07-30 22:00:00,2026-07-30 20:00:00,1.15356,1.15358,1.15286,1.15292,762,0,0
2026-07-30 22:15:00,2026-07-30 20:15:00,1.15293,1.15343,1.15279,1.15321,681,0,0
2026-07-30 22:30:00,2026-07-30 20:30:00,1.15320,1.15326,1.15299,1.15311,659,0,0
2026-07-30 22:45:00,2026-07-30 20:45:00,1.15312,1.15325,1.15285,1.15311,695,0,0
2026-07-30 23:00:00,2026-07-30 21:00:00,1.15311,1.15328,1.15293,1.15308,617,0,0
2026-07-30 23:15:00,2026-07-30 21:15:00,1.15309,1.15311,1.15276,1.15276,425,0,0
2026-07-30 23:30:00,2026-07-30 21:30:00,1.15276,1.15301,1.15263,1.15269,434,0,0
2026-07-30 23:45:00,2026-07-30 21:45:00,1.15270,1.15294,1.15269,1.15278,278,0,0
2026-07-31 00:00:00,2026-07-30 22:00:00,1.15223,1.15248,1.15221,1.15243,121,28,0
2026-07-31 00:15:00,2026-07-30 22:15:00,1.15243,1.15244,1.15235,1.15236,94,19,0
2026-07-31 00:30:00,2026-07-30 22:30:00,1.15237,1.15241,1.15234,1.15236,90,23,0
2026-07-31 00:45:00,2026-07-30 22:45:00,1.15237,1.15246,1.15234,1.15243,122,26,0
2026-07-31 01:00:00,2026-07-30 23:00:00,1.15254,1.15293,1.15252,1.15268,476,0,0
2026-07-31 01:15:00,2026-07-30 23:15:00,1.15267,1.15282,1.15256,1.15271,449,0,0
2026-07-31 01:30:00,2026-07-30 23:30:00,1.15272,1.15310,1.15261,1.15304,590,0,0
2026-07-31 01:45:00,2026-07-30 23:45:00,1.15302,1.15308,1.15281,1.15287,494,0,0
2026-07-31 02:00:00,2026-07-31 00:00:00,1.15287,1.15309,1.15247,1.15256,534,0,0
2026-07-31 02:15:00,2026-07-31 00:15:00,1.15256,1.15273,1.15236,1.15243,577,0,0
2026-07-31 02:30:00,2026-07-31 00:30:00,1.15242,1.15250,1.15224,1.15247,508,0,0
2026-07-31 02:45:00,2026-07-31 00:45:00,1.15247,1.15262,1.15229,1.15231,433,0,0
2026-07-31 03:00:00,2026-07-31 01:00:00,1.15235,1.15248,1.15207,1.15226,1128,0,0
2026-07-31 03:15:00,2026-07-31 01:15:00,1.15225,1.15265,1.15218,1.15228,1009,0,0
2026-07-31 03:30:00,2026-07-31 01:30:00,1.15228,1.15233,1.15153,1.15173,839,0,0
2026-07-31 03:45:00,2026-07-31 01:45:00,1.15173,1.15203,1.15160,1.15179,1081,0,0
2026-07-31 04:00:00,2026-07-31 02:00:00,1.15180,1.15199,1.15152,1.15165,1100,0,0
2026-07-31 04:15:00,2026-07-31 02:15:00,1.15165,1.15191,1.15153,1.15173,817,0,0
2026-07-31 04:30:00,2026-07-31 02:30:00,1.15174,1.15213,1.15142,1.15144,906,0,0
2026-07-31 04:45:00,2026-07-31 02:45:00,1.15144,1.15149,1.15099,1.15100,798,0,0
2026-07-31 05:00:00,2026-07-31 03:00:00,1.15102,1.15164,1.15101,1.15152,754,0,0
2026-07-31 05:15:00,2026-07-31 03:15:00,1.15151,1.15155,1.15128,1.15133,761,0,0
2026-07-31 05:30:00,2026-07-31 03:30:00,1.15132,1.15149,1.15119,1.15124,541,0,0
2026-07-31 05:45:00,2026-07-31 03:45:00,1.15124,1.15129,1.15105,1.15120,714,0,0
2026-07-31 06:00:00,2026-07-31 04:00:00,1.15120,1.15134,1.15089,1.15106,859,0,0
2026-07-31 06:15:00,2026-07-31 04:15:00,1.15106,1.15111,1.15081,1.15089,662,0,0
2026-07-31 06:30:00,2026-07-31 04:30:00,1.15090,1.15104,1.15061,1.15079,637,0,0
2026-07-31 06:45:00,2026-07-31 04:45:00,1.15078,1.15137,1.15076,1.15134,643,0,0
2026-07-31 07:00:00,2026-07-31 05:00:00,1.15133,1.15142,1.15122,1.15132,539,0,0
2026-07-31 07:15:00,2026-07-31 05:15:00,1.15131,1.15140,1.15109,1.15111,518,0,0
2026-07-31 07:30:00,2026-07-31 05:30:00,1.15111,1.15112,1.15058,1.15062,616,0,0
2026-07-31 07:45:00,2026-07-31 05:45:00,1.15063,1.15086,1.15043,1.15082,602,0,0
2026-07-31 08:00:00,2026-07-31 06:00:00,1.15082,1.15094,1.15059,1.15059,652,0,0
2026-07-31 08:15:00,2026-07-31 06:15:00,1.15060,1.15075,1.15047,1.15051,598,0,0
2026-07-31 08:30:00,2026-07-31 06:30:00,1.15052,1.15096,1.15050,1.15074,584,0,0
2026-07-31 08:45:00,2026-07-31 06:45:00,1.15074,1.15075,1.15046,1.15063,655,0,0
2026-07-31 09:00:00,2026-07-31 07:00:00,1.15063,1.15170,1.15052,1.15166,1051,0,0
2026-07-31 09:15:00,2026-07-31 07:15:00,1.15166,1.15215,1.15139,1.15207,943,0,0
2026-07-31 09:30:00,2026-07-31 07:30:00,1.15205,1.15205,1.15107,1.15128,1225,0,0
2026-07-31 09:45:00,2026-07-31 07:45:00,1.15128,1.15224,1.15128,1.15170,1310,0,0
2026-07-31 10:00:00,2026-07-31 08:00:00,1.15169,1.15177,1.15137,1.15171,1062,0,0
2026-07-31 10:15:00,2026-07-31 08:15:00,1.15172,1.15174,1.15121,1.15140,1065,0,0
2026-07-31 10:30:00,2026-07-31 08:30:00,1.15140,1.15195,1.15117,1.15187,942,0,0
2026-07-31 10:45:00,2026-07-31 08:45:00,1.15187,1.15248,1.15121,1.15144,1237,0,0
2026-07-31 11:00:00,2026-07-31 09:00:00,1.15145,1.15159,1.15081,1.15107,1168,0,0
2026-07-31 11:15:00,2026-07-31 09:15:00,1.15107,1.15131,1.15073,1.15076,966,0,0
2026-07-31 11:30:00,2026-07-31 09:30:00,1.15074,1.15102,1.15044,1.15091,1050,0,0
2026-07-31 11:45:00,2026-07-31 09:45:00,1.15090,1.15263,1.15090,1.15217,1417,0,0
2026-07-31 12:00:00,2026-07-31 10:00:00,1.15215,1.15250,1.15149,1.15162,2052,0,0
2026-07-31 12:15:00,2026-07-31 10:15:00,1.15163,1.15186,1.15090,1.15091,1291,0,0
2026-07-31 12:30:00,2026-07-31 10:30:00,1.15090,1.15125,1.15030,1.15033,1238,0,0
2026-07-31 12:45:00,2026-07-31 10:45:00,1.15035,1.15093,1.15033,1.15054,937,0,0
2026-07-31 13:00:00,2026-07-31 11:00:00,1.15055,1.15082,1.15037,1.15070,902,0,0
2026-07-31 13:15:00,2026-07-31 11:15:00,1.15069,1.15071,1.15013,1.15019,883,0,0
2026-07-31 13:30:00,2026-07-31 11:30:00,1.15017,1.15045,1.15011,1.15029,842,0,0
2026-07-31 13:45:00,2026-07-31 11:45:00,1.15028,1.15042,1.15013,1.15020,722,0,0
2026-07-31 14:00:00,2026-07-31 12:00:00,1.15020,1.15022,1.14971,1.14985,914,0,0
2026-07-31 14:15:00,2026-07-31 12:15:00,1.14986,1.14987,1.14923,1.14930,1113,0,0
2026-07-31 14:30:00,2026-07-31 12:30:00,1.14931,1.14935,1.14893,1.14905,901,0,0
2026-07-31 14:45:00,2026-07-31 12:45:00,1.14904,1.14910,1.14845,1.14850,1012,0,0
2026-07-31 15:00:00,2026-07-31 13:00:00,1.14851,1.14870,1.14816,1.14868,1031,0,0
2026-07-31 15:15:00,2026-07-31 13:15:00,1.14868,1.14880,1.14839,1.14843,860,0,0
2026-07-31 15:30:00,2026-07-31 13:30:00,1.14842,1.14872,1.14817,1.14853,915,0,0
2026-07-31 15:45:00,2026-07-31 13:45:00,1.14852,1.14909,1.14836,1.14883,974,0,0
2026-07-31 16:00:00,2026-07-31 14:00:00,1.14882,1.14919,1.14867,1.14876,1005,0,0
2026-07-31 16:15:00,2026-07-31 14:15:00,1.14878,1.15037,1.14839,1.15005,1862,0,0
2026-07-31 16:30:00,2026-07-31 14:30:00,1.15001,1.15013,1.14552,1.14709,2578,0,0
2026-07-31 16:45:00,2026-07-31 14:45:00,1.14709,1.14750,1.14650,1.14668,2084,0,0
2026-07-31 17:00:00,2026-07-31 15:00:00,1.14664,1.14747,1.14625,1.14746,2153,0,0
2026-07-31 17:15:00,2026-07-31 15:15:00,1.14745,1.14804,1.14721,1.14797,1712,0,0
2026-07-31 17:30:00,2026-07-31 15:30:00,1.14801,1.14924,1.14796,1.14921,1400,0,0
2026-07-31 17:45:00,2026-07-31 15:45:00,1.14920,1.15066,1.14894,1.15047,2252,0,0
2026-07-31 18:00:00,2026-07-31 16:00:00,1.15045,1.15075,1.14971,1.15036,1850,0,0
2026-07-31 18:15:00,2026-07-31 16:15:00,1.15037,1.15079,1.14992,1.15036,1451,0,0
2026-07-31 18:30:00,2026-07-31 16:30:00,1.15038,1.15102,1.15014,1.15090,1381,0,0
2026-07-31 18:45:00,2026-07-31 16:45:00,1.15090,1.15188,1.15088,1.15181,1228,0,0
2026-07-31 19:00:00,2026-07-31 17:00:00,1.15180,1.15193,1.15128,1.15169,1103,0,0
2026-07-31 19:15:00,2026-07-31 17:15:00,1.15168,1.15182,1.15124,1.15134,1129,0,0
2026-07-31 19:30:00,2026-07-31 17:30:00,1.15136,1.15177,1.15128,1.15139,897,0,0
2026-07-31 19:45:00,2026-07-31 17:45:00,1.15139,1.15182,1.15138,1.15172,740,0,0
2026-07-31 20:00:00,2026-07-31 18:00:00,1.15175,1.15234,1.15168,1.15228,781,0,0
2026-07-31 20:15:00,2026-07-31 18:15:00,1.15227,1.15280,1.15199,1.15274,1151,0,0
2026-07-31 20:30:00,2026-07-31 18:30:00,1.15276,1.15360,1.15272,1.15358,1774,0,0
2026-07-31 20:45:00,2026-07-31 18:45:00,1.15358,1.15375,1.15275,1.15333,1778,0,0
2026-07-31 21:00:00,2026-07-31 19:00:00,1.15333,1.15363,1.15277,1.15281,1352,0,0
2026-07-31 21:15:00,2026-07-31 19:15:00,1.15279,1.15306,1.15263,1.15295,906,0,0
2026-07-31 21:30:00,2026-07-31 19:30:00,1.15296,1.15304,1.15272,1.15273,739,0,0
2026-07-31 21:45:00,2026-07-31 19:45:00,1.15273,1.15310,1.15246,1.15307,903,0,0
2026-07-31 22:00:00,2026-07-31 20:00:00,1.15310,1.15342,1.15310,1.15326,719,0,0
2026-07-31 22:15:00,2026-07-31 20:15:00,1.15326,1.15326,1.15299,1.15309,609,0,0
2026-07-31 22:30:00,2026-07-31 20:30:00,1.15310,1.15341,1.15270,1.15339,1047,0,0
2026-07-31 22:45:00,2026-07-31 20:45:00,1.15339,1.15360,1.15308,1.15313,1069,0,0
2026-07-31 23:00:00,2026-07-31 21:00:00,1.15313,1.15313,1.15242,1.15304,978,0,0
2026-07-31 23:15:00,2026-07-31 21:15:00,1.15304,1.15384,1.15297,1.15361,1377,0,0
2026-07-31 23:30:00,2026-07-31 21:30:00,1.15362,1.15400,1.15335,1.15400,1413,0,0
2026-07-31 23:45:00,2026-07-31 21:45:00,1.15400,1.15473,1.15330,1.15399,1053,0,0
2026-08-03 00:00:00,2026-08-02 22:00:00,1.15430,1.15472,1.15430,1.15435,186,38,0
2026-08-03 00:15:00,2026-08-02 22:15:00,1.15436,1.15454,1.15426,1.15444,142,45,0
2026-08-03 00:30:00,2026-08-02 22:30:00,1.15444,1.15469,1.15432,1.15469,107,38,0
2026-08-03 00:45:00,2026-08-02 22:45:00,1.15465,1.15491,1.15446,1.15488,406,38,0
2026-08-03 01:00:00,2026-08-02 23:00:00,1.15488,1.15587,1.15470,1.15579,916,0,0
2026-08-03 01:15:00,2026-08-02 23:15:00,1.15580,1.15591,1.15477,1.15506,1064,0,0
2026-08-03 01:30:00,2026-08-02 23:30:00,1.15506,1.15515,1.15477,1.15487,687,0,0
2026-08-03 01:45:00,2026-08-02 23:45:00,1.15487,1.15520,1.15480,1.15484,574,0,0
2026-08-03 02:00:00,2026-08-03 00:00:00,1.15484,1.15511,1.15433,1.15452,716,0,0
2026-08-03 02:15:00,2026-08-03 00:15:00,1.15452,1.15458,1.15428,1.15447,640,0,0
2026-08-03 02:30:00,2026-08-03 00:30:00,1.15447,1.15460,1.15426,1.15443,561,0,0
2026-08-03 02:45:00,2026-08-03 00:45:00,1.15441,1.15447,1.15422,1.15437,641,0,0
2026-08-03 03:00:00,2026-08-03 01:00:00,1.15437,1.15443,1.15351,1.15366,1053,0,0
2026-08-03 03:15:00,2026-08-03 01:15:00,1.15366,1.15482,1.15360,1.15471,1050,0,0
2026-08-03 03:30:00,2026-08-03 01:30:00,1.15472,1.15553,1.15460,1.15539,2047,0,0
2026-08-03 03:45:00,2026-08-03 01:45:00,1.15539,1.15560,1.15410,1.15425,1906,0,0
2026-08-03 04:00:00,2026-08-03 02:00:00,1.15425,1.15459,1.15363,1.15363,1645,0,0
2026-08-03 04:15:00,2026-08-03 02:15:00,1.15362,1.15381,1.15321,1.15321,1116,0,0
2026-08-03 04:30:00,2026-08-03 02:30:00,1.15321,1.15340,1.15302,1.15323,933,0,0
2026-08-03 04:45:00,2026-08-03 02:45:00,1.15321,1.15332,1.15299,1.15322,743,0,0
2026-08-03 05:00:00,2026-08-03 03:00:00,1.15322,1.15341,1.15296,1.15299,739,0,0
2026-08-03 05:15:00,2026-08-03 03:15:00,1.15299,1.15333,1.15286,1.15329,693,0,0
2026-08-03 05:30:00,2026-08-03 03:30:00,1.15328,1.15356,1.15318,1.15318,724,0,0
2026-08-03 05:45:00,2026-08-03 03:45:00,1.15319,1.15331,1.15307,1.15310,665,0,0
2026-08-03 06:00:00,2026-08-03 04:00:00,1.15311,1.15313,1.15272,1.15281,635,0,0
2026-08-03 06:15:00,2026-08-03 04:15:00,1.15281,1.15296,1.15270,1.15291,616,0,0
2026-08-03 06:30:00,2026-08-03 04:30:00,1.15291,1.15295,1.15269,1.15276,585,0,0
2026-08-03 06:45:00,2026-08-03 04:45:00,1.15275,1.15304,1.15270,1.15299,526,0,0
2026-08-03 07:00:00,2026-08-03 05:00:00,1.15299,1.15317,1.15289,1.15313,577,0,0
2026-08-03 07:15:00,2026-08-03 05:15:00,1.15315,1.15331,1.15310,1.15328,465,0,0
2026-08-03 07:30:00,2026-08-03 05:30:00,1.15329,1.15360,1.15317,1.15360,596,0,0
2026-08-03 07:45:00,2026-08-03 05:45:00,1.15359,1.15359,1.15328,1.15342,509,0,0
2026-08-03 08:00:00,2026-08-03 06:00:00,1.15343,1.15357,1.15317,1.15333,551,0,0
2026-08-03 08:15:00,2026-08-03 06:15:00,1.15334,1.15343,1.15323,1.15336,540,0,0
2026-08-03 08:30:00,2026-08-03 06:30:00,1.15335,1.15362,1.15333,1.15359,551,0,0
2026-08-03 08:45:00,2026-08-03 06:45:00,1.15357,1.15376,1.15348,1.15371,585,0,0
2026-08-03 09:00:00,2026-08-03 07:00:00,1.15372,1.15389,1.15329,1.15329,833,0,0
2026-08-03 09:15:00,2026-08-03 07:15:00,1.15329,1.15359,1.15312,1.15339,909,0,0
2026-08-03 09:30:00,2026-08-03 07:30:00,1.15339,1.15346,1.15240,1.15254,1119,0,0
2026-08-03 09:45:00,2026-08-03 07:45:00,1.15254,1.15286,1.15235,1.15270,951,0,0
2026-08-03 10:00:00,2026-08-03 08:00:00,1.15268,1.15302,1.15223,1.15295,1191,0,0
2026-08-03 10:15:00,2026-08-03 08:15:00,1.15295,1.15307,1.15207,1.15288,1248,0,0
2026-08-03 10:30:00,2026-08-03 08:30:00,1.15287,1.15323,1.15235,1.15264,1045,0,0
2026-08-03 10:45:00,2026-08-03 08:45:00,1.15263,1.15274,1.15234,1.15261,995,0,0
2026-08-03 11:00:00,2026-08-03 09:00:00,1.15261,1.15276,1.15232,1.15271,803,0,0
2026-08-03 11:15:00,2026-08-03 09:15:00,1.15270,1.15274,1.15218,1.15244,893,0,0
2026-08-03 11:30:00,2026-08-03 09:30:00,1.15244,1.15276,1.15230,1.15250,913,0,0
2026-08-03 11:45:00,2026-08-03 09:45:00,1.15251,1.15256,1.15209,1.15228,938,0,0
2026-08-03 12:00:00,2026-08-03 10:00:00,1.15228,1.15265,1.15199,1.15244,929,0,0
2026-08-03 12:15:00,2026-08-03 10:15:00,1.15244,1.15245,1.15209,1.15239,791,0,0
2026-08-03 12:30:00,2026-08-03 10:30:00,1.15240,1.15290,1.15233,1.15285,823,0,0
2026-08-03 12:45:00,2026-08-03 10:45:00,1.15284,1.15302,1.15220,1.15222,908,0,0
2026-08-03 13:00:00,2026-08-03 11:00:00,1.15222,1.15247,1.15210,1.15230,795,0,0
2026-08-03 13:15:00,2026-08-03 11:15:00,1.15229,1.15244,1.15170,1.15232,867,0,0
2026-08-03 13:30:00,2026-08-03 11:30:00,1.15233,1.15236,1.15203,1.15209,643,0,0
2026-08-03 13:45:00,2026-08-03 11:45:00,1.15209,1.15245,1.15199,1.15222,710,0,0
2026-08-03 14:00:00,2026-08-03 12:00:00,1.15222,1.15269,1.15221,1.15255,795,0,0
2026-08-03 14:15:00,2026-08-03 12:15:00,1.15254,1.15257,1.15206,1.15220,665,0,0
2026-08-03 14:30:00,2026-08-03 12:30:00,1.15220,1.15261,1.15213,1.15257,678,0,0
2026-08-03 14:45:00,2026-08-03 12:45:00,1.15259,1.15327,1.15258,1.15326,861,0,0
2026-08-03 15:00:00,2026-08-03 13:00:00,1.15325,1.15352,1.15306,1.15313,961,0,0
2026-08-03 15:15:00,2026-08-03 13:15:00,1.15314,1.15332,1.15289,1.15297,845,0,0
2026-08-03 15:30:00,2026-08-03 13:30:00,1.15298,1.15333,1.15240,1.15247,949,0,0
2026-08-03 15:45:00,2026-08-03 13:45:00,1.15247,1.15290,1.15227,1.15281,1030,0,0
2026-08-03 16:00:00,2026-08-03 14:00:00,1.15282,1.15337,1.15280,1.15296,1106,0,0
2026-08-03 16:15:00,2026-08-03 14:15:00,1.15295,1.15317,1.15248,1.15316,1168,0,0
2026-08-03 16:30:00,2026-08-03 14:30:00,1.15315,1.15352,1.15255,1.15274,1463,0,0
2026-08-03 16:45:00,2026-08-03 14:45:00,1.15275,1.15307,1.15217,1.15276,1262,0,0
2026-08-03 17:00:00,2026-08-03 15:00:00,1.15255,1.15273,1.15162,1.15164,1491,0,0
2026-08-03 17:15:00,2026-08-03 15:15:00,1.15162,1.15230,1.15145,1.15151,1459,0,0
2026-08-03 17:30:00,2026-08-03 15:30:00,1.15153,1.15180,1.15101,1.15135,1241,0,0
2026-08-03 17:45:00,2026-08-03 15:45:00,1.15138,1.15163,1.15113,1.15141,1371,0,0
2026-08-03 18:00:00,2026-08-03 16:00:00,1.15142,1.15143,1.15023,1.15033,1418,0,0
2026-08-03 18:15:00,2026-08-03 16:15:00,1.15032,1.15073,1.15028,1.15041,1009,0,0
2026-08-03 18:30:00,2026-08-03 16:30:00,1.15044,1.15059,1.15002,1.15034,1154,0,0
2026-08-03 18:45:00,2026-08-03 16:45:00,1.15033,1.15097,1.15033,1.15096,938,0,0
2026-08-03 19:00:00,2026-08-03 17:00:00,1.15096,1.15106,1.15058,1.15083,1038,0,0
2026-08-03 19:15:00,2026-08-03 17:15:00,1.15082,1.15089,1.15046,1.15055,822,0,0
2026-08-03 19:30:00,2026-08-03 17:30:00,1.15056,1.15081,1.15043,1.15072,785,0,0
2026-08-03 19:45:00,2026-08-03 17:45:00,1.15071,1.15086,1.15051,1.15069,626,0,0
2026-08-03 20:00:00,2026-08-03 18:00:00,1.15070,1.15070,1.15032,1.15040,704,0,0
2026-08-03 20:15:00,2026-08-03 18:15:00,1.15039,1.15039,1.15018,1.15035,544,0,0
2026-08-03 20:30:00,2026-08-03 18:30:00,1.15035,1.15049,1.15029,1.15039,516,0,0
2026-08-03 20:45:00,2026-08-03 18:45:00,1.15039,1.15060,1.15012,1.15021,613,0,0
2026-08-03 21:00:00,2026-08-03 19:00:00,1.15021,1.15065,1.15015,1.15052,700,0,0
2026-08-03 21:15:00,2026-08-03 19:15:00,1.15055,1.15102,1.15055,1.15095,601,0,0
2026-08-03 21:30:00,2026-08-03 19:30:00,1.15095,1.15121,1.15083,1.15118,564,0,0
2026-08-03 21:45:00,2026-08-03 19:45:00,1.15118,1.15147,1.15112,1.15136,685,0,0
2026-08-03 22:00:00,2026-08-03 20:00:00,1.15137,1.15148,1.15128,1.15136,686,0,0
2026-08-03 22:15:00,2026-08-03 20:15:00,1.15135,1.15140,1.15121,1.15124,428,0,0
2026-08-03 22:30:00,2026-08-03 20:30:00,1.15123,1.15130,1.15108,1.15126,496,0,0
2026-08-03 22:45:00,2026-08-03 20:45:00,1.15125,1.15130,1.15093,1.15103,548,0,0
2026-08-03 23:00:00,2026-08-03 21:00:00,1.15102,1.15110,1.15070,1.15076,459,0,0
2026-08-03 23:15:00,2026-08-03 21:15:00,1.15077,1.15093,1.15060,1.15075,337,0,0
2026-08-03 23:30:00,2026-08-03 21:30:00,1.15076,1.15099,1.15070,1.15093,409,0,0
2026-08-03 23:45:00,2026-08-03 21:45:00,1.15093,1.15097,1.15080,1.15082,335,0,0
2026-08-04 00:00:00,2026-08-03 22:00:00,1.15044,1.15108,1.15035,1.15039,246,17,0
2026-08-04 00:15:00,2026-08-03 22:15:00,1.15049,1.15084,1.15047,1.15079,201,26,0
2026-08-04 00:30:00,2026-08-03 22:30:00,1.15078,1.15088,1.15074,1.15077,223,38,0
2026-08-04 00:45:00,2026-08-03 22:45:00,1.15078,1.15088,1.15072,1.15086,239,46,0
2026-08-04 01:00:00,2026-08-03 23:00:00,1.15105,1.15105,1.15067,1.15073,331,0,0
2026-08-04 01:15:00,2026-08-03 23:15:00,1.15074,1.15083,1.15069,1.15071,326,0,0
2026-08-04 01:30:00,2026-08-03 23:30:00,1.15070,1.15086,1.15068,1.15080,275,0,0
2026-08-04 01:45:00,2026-08-03 23:45:00,1.15080,1.15095,1.15077,1.15089,298,0,0
2026-08-04 02:00:00,2026-08-04 00:00:00,1.15089,1.15100,1.15081,1.15100,315,0,0
2026-08-04 02:15:00,2026-08-04 00:15:00,1.15099,1.15103,1.15090,1.15093,261,0,0
2026-08-04 02:30:00,2026-08-04 00:30:00,1.15093,1.15096,1.15073,1.15079,311,0,0
2026-08-04 02:45:00,2026-08-04 00:45:00,1.15079,1.15081,1.15064,1.15069,534,0,0
2026-08-04 03:00:00,2026-08-04 01:00:00,1.15069,1.15137,1.15069,1.15098,822,0,0
2026-08-04 03:15:00,2026-08-04 01:15:00,1.15097,1.15124,1.15094,1.15118,709,0,0
2026-08-04 03:30:00,2026-08-04 01:30:00,1.15118,1.15151,1.15109,1.15126,566,0,0
2026-08-04 03:45:00,2026-08-04 01:45:00,1.15126,1.15126,1.15049,1.15056,789,0,0
2026-08-04 04:00:00,2026-08-04 02:00:00,1.15056,1.15059,1.15023,1.15049,899,0,0
2026-08-04 04:15:00,2026-08-04 02:15:00,1.15050,1.15094,1.15048,1.15084,621,0,0
2026-08-04 04:30:00,2026-08-04 02:30:00,1.15085,1.15145,1.15084,1.15144,901,0,0
2026-08-04 04:45:00,2026-08-04 02:45:00,1.15143,1.15147,1.15120,1.15124,665,0,0
2026-08-04 05:00:00,2026-08-04 03:00:00,1.15123,1.15138,1.15094,1.15122,645,0,0
2026-08-04 05:15:00,2026-08-04 03:15:00,1.15123,1.15129,1.15078,1.15093,575,0,0
2026-08-04 05:30:00,2026-08-04 03:30:00,1.15094,1.15119,1.15085,1.15113,511,0,0
2026-08-04 05:45:00,2026-08-04 03:45:00,1.15113,1.15126,1.15076,1.15080,478,0,0
2026-08-04 06:00:00,2026-08-04 04:00:00,1.15079,1.15114,1.15076,1.15093,533,0,0
2026-08-04 06:15:00,2026-08-04 04:15:00,1.15094,1.15127,1.15092,1.15120,552,0,0
2026-08-04 06:30:00,2026-08-04 04:30:00,1.15119,1.15141,1.15075,1.15085,716,0,0
2026-08-04 06:45:00,2026-08-04 04:45:00,1.15084,1.15101,1.15077,1.15081,541,0,0
2026-08-04 07:00:00,2026-08-04 05:00:00,1.15081,1.15087,1.15059,1.15068,448,0,0
2026-08-04 07:15:00,2026-08-04 05:15:00,1.15068,1.15087,1.15066,1.15081,356,0,0
2026-08-04 07:30:00,2026-08-04 05:30:00,1.15081,1.15100,1.15081,1.15091,365,0,0
2026-08-04 07:45:00,2026-08-04 05:45:00,1.15090,1.15111,1.15085,1.15105,364,0,0
2026-08-04 08:00:00,2026-08-04 06:00:00,1.15104,1.15105,1.15070,1.15073,504,0,0
2026-08-04 08:15:00,2026-08-04 06:15:00,1.15074,1.15099,1.15069,1.15093,527,0,0
2026-08-04 08:30:00,2026-08-04 06:30:00,1.15094,1.15104,1.15053,1.15054,549,0,0
2026-08-04 08:45:00,2026-08-04 06:45:00,1.15054,1.15076,1.15038,1.15073,567,0,0
2026-08-04 09:00:00,2026-08-04 07:00:00,1.15072,1.15078,1.15041,1.15078,885,0,0
2026-08-04 09:15:00,2026-08-04 07:15:00,1.15079,1.15106,1.15059,1.15061,921,0,0
2026-08-04 09:30:00,2026-08-04 07:30:00,1.15061,1.15082,1.15039,1.15046,709,0,0
2026-08-04 09:45:00,2026-08-04 07:45:00,1.15046,1.15075,1.15038,1.15074,763,0,0
2026-08-04 10:00:00,2026-08-04 08:00:00,1.15074,1.15106,1.15064,1.15091,816,0,0
2026-08-04 10:15:00,2026-08-04 08:15:00,1.15091,1.15172,1.15085,1.15125,941,0,0
2026-08-04 10:30:00,2026-08-04 08:30:00,1.15125,1.15150,1.15097,1.15098,805,0,0
2026-08-04 10:45:00,2026-08-04 08:45:00,1.15098,1.15132,1.15087,1.15109,729,0,0
2026-08-04 11:00:00,2026-08-04 09:00:00,1.15108,1.15146,1.15087,1.15096,974,0,0
2026-08-04 11:15:00,2026-08-04 09:15:00,1.15096,1.15123,1.15078,1.15119,759,0,0
2026-08-04 11:30:00,2026-08-04 09:30:00,1.15119,1.15120,1.15062,1.15095,877,0,0
2026-08-04 11:45:00,2026-08-04 09:45:00,1.15095,1.15098,1.15064,1.15079,825,0,0
2026-08-04 12:00:00,2026-08-04 10:00:00,1.15080,1.15081,1.15032,1.15072,839,0,0
2026-08-04 12:15:00,2026-08-04 10:15:00,1.15071,1.15112,1.15067,1.15105,768,0,0
2026-08-04 12:30:00,2026-08-04 10:30:00,1.15106,1.15113,1.15075,1.15081,684,0,0
2026-08-04 12:45:00,2026-08-04 10:45:00,1.15081,1.15092,1.15055,1.15081,674,0,0
2026-08-04 13:00:00,2026-08-04 11:00:00,1.15080,1.15111,1.15077,1.15101,794,0,0
2026-08-04 13:15:00,2026-08-04 11:15:00,1.15101,1.15105,1.15079,1.15095,651,0,0
2026-08-04 13:30:00,2026-08-04 11:30:00,1.15095,1.15176,1.15085,1.15143,845,0,0
2026-08-04 13:45:00,2026-08-04 11:45:00,1.15143,1.15190,1.15126,1.15140,1274,0,0
2026-08-04 14:00:00,2026-08-04 12:00:00,1.15140,1.15166,1.15116,1.15164,810,0,0
2026-08-04 14:15:00,2026-08-04 12:15:00,1.15164,1.15200,1.15158,1.15199,802,0,0
2026-08-04 14:30:00,2026-08-04 12:30:00,1.15200,1.15236,1.15175,1.15226,1208,0,0
2026-08-04 14:45:00,2026-08-04 12:45:00,1.15225,1.15229,1.15149,1.15163,1398,0,0
2026-08-04 15:00:00,2026-08-04 13:00:00,1.15164,1.15187,1.15139,1.15143,1274,0,0
2026-08-04 15:15:00,2026-08-04 13:15:00,1.15142,1.15179,1.15134,1.15144,834,0,0
2026-08-04 15:30:00,2026-08-04 13:30:00,1.15144,1.15235,1.15144,1.15218,838,0,0
2026-08-04 15:45:00,2026-08-04 13:45:00,1.15218,1.15219,1.15145,1.15149,830,0,0
2026-08-04 16:00:00,2026-08-04 14:00:00,1.15148,1.15151,1.15109,1.15128,783,0,0
2026-08-04 16:15:00,2026-08-04 14:15:00,1.15132,1.15195,1.15093,1.15155,1444,0,0
2026-08-04 16:30:00,2026-08-04 14:30:00,1.15156,1.15252,1.15150,1.15233,1491,0,0
2026-08-04 16:45:00,2026-08-04 14:45:00,1.15234,1.15262,1.15212,1.15236,1242,0,0
2026-08-04 17:00:00,2026-08-04 15:00:00,1.15240,1.15305,1.15221,1.15295,1164,0,0
2026-08-04 17:15:00,2026-08-04 15:15:00,1.15296,1.15309,1.15261,1.15268,1061,0,0
2026-08-04 17:30:00,2026-08-04 15:30:00,1.15268,1.15287,1.15232,1.15232,1092,0,0
2026-08-04 17:45:00,2026-08-04 15:45:00,1.15234,1.15246,1.15190,1.15233,1197,0,0
2026-08-04 18:00:00,2026-08-04 16:00:00,1.15232,1.15255,1.15186,1.15186,981,0,0
2026-08-04 18:15:00,2026-08-04 16:15:00,1.15185,1.15185,1.15139,1.15179,995,0,0
2026-08-04 18:30:00,2026-08-04 16:30:00,1.15180,1.15229,1.15133,1.15213,1065,0,0
2026-08-04 18:45:00,2026-08-04 16:45:00,1.15213,1.15266,1.15202,1.15262,911,0,0
2026-08-04 19:00:00,2026-08-04 17:00:00,1.15264,1.15267,1.15209,1.15217,780,0,0
2026-08-04 19:15:00,2026-08-04 17:15:00,1.15217,1.15223,1.15193,1.15194,631,0,0
2026-08-04 19:30:00,2026-08-04 17:30:00,1.15193,1.15201,1.15167,1.15187,581,0,0
2026-08-04 19:45:00,2026-08-04 17:45:00,1.15189,1.15197,1.15164,1.15187,611,0,0
2026-08-04 20:00:00,2026-08-04 18:00:00,1.15185,1.15226,1.15185,1.15223,603,0,0
2026-08-04 20:15:00,2026-08-04 18:15:00,1.15222,1.15226,1.15196,1.15208,637,0,0
2026-08-04 20:30:00,2026-08-04 18:30:00,1.15208,1.15260,1.15204,1.15256,634,0,0
2026-08-04 20:45:00,2026-08-04 18:45:00,1.15256,1.15266,1.15240,1.15240,684,0,0
2026-08-04 21:00:00,2026-08-04 19:00:00,1.15239,1.15267,1.15232,1.15242,646,0,0
2026-08-04 21:15:00,2026-08-04 19:15:00,1.15242,1.15257,1.15227,1.15248,467,0,0
2026-08-04 21:30:00,2026-08-04 19:30:00,1.15247,1.15274,1.15243,1.15273,531,0,0
2026-08-04 21:45:00,2026-08-04 19:45:00,1.15272,1.15339,1.15269,1.15328,773,0,0
2026-08-04 22:00:00,2026-08-04 20:00:00,1.15329,1.15335,1.15306,1.15307,725,0,0
2026-08-04 22:15:00,2026-08-04 20:15:00,1.15308,1.15324,1.15296,1.15324,568,0,0
2026-08-04 22:30:00,2026-08-04 20:30:00,1.15326,1.15328,1.15302,1.15313,494,0,0
2026-08-04 22:45:00,2026-08-04 20:45:00,1.15313,1.15316,1.15295,1.15307,441,0,0
2026-08-04 23:00:00,2026-08-04 21:00:00,1.15307,1.15323,1.15306,1.15316,410,0,0
2026-08-04 23:15:00,2026-08-04 21:15:00,1.15316,1.15340,1.15313,1.15325,325,0,0
2026-08-04 23:30:00,2026-08-04 21:30:00,1.15325,1.15328,1.15307,1.15309,271,0,0
2026-08-04 23:45:00,2026-08-04 21:45:00,1.15308,1.15341,1.15306,1.15324,358,0,0
2026-08-05 00:00:00,2026-08-04 22:00:00,1.15286,1.15292,1.15231,1.15278,218,12,0
2026-08-05 00:15:00,2026-08-04 22:15:00,1.15277,1.15295,1.15275,1.15282,219,16,0
2026-08-05 00:30:00,2026-08-04 22:30:00,1.15283,1.15307,1.15279,1.15282,239,18,0
2026-08-05 00:45:00,2026-08-04 22:45:00,1.15282,1.15297,1.15278,1.15290,124,12,0
2026-08-05 01:00:00,2026-08-04 23:00:00,1.15293,1.15314,1.15293,1.15311,228,0,0
2026-08-05 01:15:00,2026-08-04 23:15:00,1.15311,1.15314,1.15301,1.15307,248,0,0
2026-08-05 01:30:00,2026-08-04 23:30:00,1.15308,1.15327,1.15308,1.15324,198,0,0
2026-08-05 01:45:00,2026-08-04 23:45:00,1.15328,1.15330,1.15308,1.15328,344,0,0
2026-08-05 02:00:00,2026-08-05 00:00:00,1.15328,1.15332,1.15301,1.15321,366,0,0
2026-08-05 02:15:00,2026-08-05 00:15:00,1.15320,1.15320,1.15301,1.15303,332,0,0
2026-08-05 02:30:00,2026-08-05 00:30:00,1.15303,1.15311,1.15298,1.15301,296,0,0
2026-08-05 02:45:00,2026-08-05 00:45:00,1.15301,1.15325,1.15301,1.15321,388,0,0
2026-08-05 03:00:00,2026-08-05 01:00:00,1.15320,1.15348,1.15313,1.15329,772,0,0
2026-08-05 03:15:00,2026-08-05 01:15:00,1.15329,1.15356,1.15324,1.15345,635,0,0
2026-08-05 03:30:00,2026-08-05 01:30:00,1.15346,1.15355,1.15324,1.15324,561,0,0
2026-08-05 03:45:00,2026-08-05 01:45:00,1.15325,1.15333,1.15297,1.15314,757,0,0
2026-08-05 04:00:00,2026-08-05 02:00:00,1.15315,1.15318,1.15288,1.15301,790,0,0
2026-08-05 04:15:00,2026-08-05 02:15:00,1.15301,1.15318,1.15268,1.15283,672,0,0
2026-08-05 04:30:00,2026-08-05 02:30:00,1.15282,1.15289,1.15270,1.15279,566,0,0
2026-08-05 04:45:00,2026-08-05 02:45:00,1.15280,1.15288,1.15268,1.15271,554,0,0
2026-08-05 05:00:00,2026-08-05 03:00:00,1.15271,1.15314,1.15266,1.15296,890,0,0
2026-08-05 05:15:00,2026-08-05 03:15:00,1.15297,1.15353,1.15293,1.15336,701,0,0
2026-08-05 05:30:00,2026-08-05 03:30:00,1.15336,1.15406,1.15331,1.15404,901,0,0
2026-08-05 05:45:00,2026-08-05 03:45:00,1.15404,1.15406,1.15347,1.15348,768,0,0
2026-08-05 06:00:00,2026-08-05 04:00:00,1.15347,1.15404,1.15346,1.15395,646,0,0
2026-08-05 06:15:00,2026-08-05 04:15:00,1.15395,1.15404,1.15372,1.15377,467,0,0
2026-08-05 06:30:00,2026-08-05 04:30:00,1.15377,1.15377,1.15352,1.15356,462,0,0
2026-08-05 06:45:00,2026-08-05 04:45:00,1.15356,1.15376,1.15354,1.15373,492,0,0
2026-08-05 07:00:00,2026-08-05 05:00:00,1.15373,1.15393,1.15372,1.15386,507,0,0
2026-08-05 07:15:00,2026-08-05 05:15:00,1.15386,1.15403,1.15382,1.15392,457,0,0
2026-08-05 07:30:00,2026-08-05 05:30:00,1.15392,1.15399,1.15369,1.15370,529,0,0
2026-08-05 07:45:00,2026-08-05 05:45:00,1.15369,1.15381,1.15346,1.15362,584,0,0
2026-08-05 08:00:00,2026-08-05 06:00:00,1.15362,1.15364,1.15317,1.15338,555,0,0
2026-08-05 08:15:00,2026-08-05 06:15:00,1.15338,1.15355,1.15331,1.15345,535,0,0
2026-08-05 08:30:00,2026-08-05 06:30:00,1.15345,1.15369,1.15345,1.15360,585,0,0
2026-08-05 08:45:00,2026-08-05 06:45:00,1.15359,1.15381,1.15342,1.15358,726,0,0
2026-08-05 09:00:00,2026-08-05 07:00:00,1.15361,1.15376,1.15350,1.15365,832,0,0
2026-08-05 09:15:00,2026-08-05 07:15:00,1.15365,1.15365,1.15324,1.15353,866,0,0
2026-08-05 09:30:00,2026-08-05 07:30:00,1.15353,1.15424,1.15324,1.15421,947,0,0
2026-08-05 09:45:00,2026-08-05 07:45:00,1.15422,1.15458,1.15420,1.15449,767,0,0
2026-08-05 10:00:00,2026-08-05 08:00:00,1.15448,1.15467,1.15375,1.15384,1203,0,0
2026-08-05 10:15:00,2026-08-05 08:15:00,1.15385,1.15418,1.15339,1.15342,1031,0,0
2026-08-05 10:30:00,2026-08-05 08:30:00,1.15341,1.15379,1.15340,1.15356,831,0,0
2026-08-05 10:45:00,2026-08-05 08:45:00,1.15357,1.15399,1.15346,1.15382,807,0,0
2026-08-05 11:00:00,2026-08-05 09:00:00,1.15379,1.15404,1.15358,1.15367,866,0,0
2026-08-05 11:15:00,2026-08-05 09:15:00,1.15367,1.15434,1.15367,1.15433,1052,0,0
2026-08-05 11:30:00,2026-08-05 09:30:00,1.15433,1.15445,1.15331,1.15350,1050,0,0
2026-08-05 11:45:00,2026-08-05 09:45:00,1.15350,1.15370,1.15311,1.15356,918,0,0
2026-08-05 12:00:00,2026-08-05 10:00:00,1.15357,1.15383,1.15337,1.15372,871,0,0
2026-08-05 12:15:00,2026-08-05 10:15:00,1.15372,1.15414,1.15367,1.15397,980,0,0
2026-08-05 12:30:00,2026-08-05 10:30:00,1.15398,1.15426,1.15380,1.15417,892,0,0
2026-08-05 12:45:00,2026-08-05 10:45:00,1.15416,1.15419,1.15396,1.15396,763,0,0
2026-08-05 13:00:00,2026-08-05 11:00:00,1.15397,1.15403,1.15350,1.15364,805,0,0
2026-08-05 13:15:00,2026-08-05 11:15:00,1.15363,1.15410,1.15359,1.15378,700,0,0
2026-08-05 13:30:00,2026-08-05 11:30:00,1.15379,1.15394,1.15365,1.15379,659,0,0
2026-08-05 13:45:00,2026-08-05 11:45:00,1.15381,1.15408,1.15360,1.15397,800,0,0
2026-08-05 14:00:00,2026-08-05 12:00:00,1.15401,1.15465,1.15400,1.15458,900,0,0
2026-08-05 14:15:00,2026-08-05 12:15:00,1.15456,1.15510,1.15435,1.15478,1012,0,0
2026-08-05 14:30:00,2026-08-05 12:30:00,1.15478,1.15554,1.15464,1.15528,994,0,0
2026-08-05 14:45:00,2026-08-05 12:45:00,1.15527,1.15537,1.15490,1.15526,1018,0,0
2026-08-05 15:00:00,2026-08-05 13:00:00,1.15526,1.15551,1.15512,1.15522,976,0,0
2026-08-05 15:15:00,2026-08-05 13:15:00,1.15520,1.15573,1.15519,1.15538,1077,0,0
2026-08-05 15:30:00,2026-08-05 13:30:00,1.15539,1.15549,1.15477,1.15479,1293,0,0
2026-08-05 15:45:00,2026-08-05 13:45:00,1.15478,1.15502,1.15448,1.15456,1028,0,0
2026-08-05 16:00:00,2026-08-05 14:00:00,1.15455,1.15475,1.15423,1.15462,1244,0,0
2026-08-05 16:15:00,2026-08-05 14:15:00,1.15462,1.15535,1.15457,1.15523,1040,0,0
2026-08-05 16:30:00,2026-08-05 14:30:00,1.15522,1.15541,1.15452,1.15454,1575,0,0
2026-08-05 16:45:00,2026-08-05 14:45:00,1.15455,1.15466,1.15401,1.15436,1359,0,0
2026-08-05 17:00:00,2026-08-05 15:00:00,1.15439,1.15556,1.15422,1.15532,1695,0,0
2026-08-05 17:15:00,2026-08-05 15:15:00,1.15533,1.15571,1.15500,1.15504,1277,0,0
2026-08-05 17:30:00,2026-08-05 15:30:00,1.15501,1.15527,1.15473,1.15516,1122,0,0
2026-08-05 17:45:00,2026-08-05 15:45:00,1.15515,1.15540,1.15452,1.15536,1338,0,0
2026-08-05 18:00:00,2026-08-05 16:00:00,1.15536,1.15565,1.15494,1.15496,1320,0,0
2026-08-05 18:15:00,2026-08-05 16:15:00,1.15494,1.15496,1.15454,1.15474,1158,0,0
2026-08-05 18:30:00,2026-08-05 16:30:00,1.15473,1.15509,1.15444,1.15493,1014,0,0
2026-08-05 18:45:00,2026-08-05 16:45:00,1.15492,1.15498,1.15428,1.15460,1282,0,0
2026-08-05 19:00:00,2026-08-05 17:00:00,1.15460,1.15480,1.15428,1.15471,1002,0,0
2026-08-05 19:15:00,2026-08-05 17:15:00,1.15471,1.15494,1.15462,1.15476,811,0,0
2026-08-05 19:30:00,2026-08-05 17:30:00,1.15476,1.15478,1.15438,1.15456,710,0,0
2026-08-05 19:45:00,2026-08-05 17:45:00,1.15456,1.15470,1.15435,1.15459,879,0,0
2026-08-05 20:00:00,2026-08-05 18:00:00,1.15461,1.15474,1.15428,1.15443,603,0,0
2026-08-05 20:15:00,2026-08-05 18:15:00,1.15443,1.15495,1.15443,1.15488,800,0,0
2026-08-05 20:30:00,2026-08-05 18:30:00,1.15488,1.15541,1.15476,1.15536,589,0,0
2026-08-05 20:45:00,2026-08-05 18:45:00,1.15537,1.15574,1.15536,1.15563,687,0,0
2026-08-05 21:00:00,2026-08-05 19:00:00,1.15563,1.15586,1.15552,1.15552,696,0,0
2026-08-05 21:15:00,2026-08-05 19:15:00,1.15551,1.15595,1.15543,1.15591,654,0,0
2026-08-05 21:30:00,2026-08-05 19:30:00,1.15591,1.15595,1.15532,1.15537,744,0,0
2026-08-05 21:45:00,2026-08-05 19:45:00,1.15537,1.15558,1.15532,1.15537,715,0,0
2026-08-05 22:00:00,2026-08-05 20:00:00,1.15536,1.15549,1.15510,1.15513,591,0,0
2026-08-05 22:15:00,2026-08-05 20:15:00,1.15513,1.15514,1.15475,1.15478,645,0,0
2026-08-05 22:30:00,2026-08-05 20:30:00,1.15483,1.15509,1.15482,1.15499,547,0,0
2026-08-05 22:45:00,2026-08-05 20:45:00,1.15499,1.15524,1.15486,1.15508,642,0,0
2026-08-05 23:00:00,2026-08-05 21:00:00,1.15508,1.15530,1.15499,1.15502,523,0,0
2026-08-05 23:15:00,2026-08-05 21:15:00,1.15501,1.15516,1.15490,1.15509,293,0,0
2026-08-05 23:30:00,2026-08-05 21:30:00,1.15508,1.15544,1.15506,1.15517,356,0,0
2026-08-05 23:45:00,2026-08-05 21:45:00,1.15519,1.15537,1.15513,1.15535,419,0,0
2026-08-06 00:00:00,2026-08-05 22:00:00,1.15518,1.15538,1.15508,1.15520,157,40,0
2026-08-06 00:15:00,2026-08-05 22:15:00,1.15519,1.15559,1.15488,1.15529,122,32,0
2026-08-06 00:30:00,2026-08-05 22:30:00,1.15530,1.15531,1.15497,1.15506,250,43,0
2026-08-06 00:45:00,2026-08-05 22:45:00,1.15504,1.15513,1.15488,1.15495,361,55,0
2026-08-06 01:00:00,2026-08-05 23:00:00,1.15518,1.15548,1.15502,1.15533,505,1,0
2026-08-06 01:15:00,2026-08-05 23:15:00,1.15532,1.15548,1.15532,1.15542,506,2,0
2026-08-06 01:30:00,2026-08-05 23:30:00,1.15541,1.15548,1.15533,1.15545,259,0,0
2026-08-06 01:45:00,2026-08-05 23:45:00,1.15545,1.15551,1.15540,1.15548,212,0,0
2026-08-06 02:00:00,2026-08-06 00:00:00,1.15548,1.15559,1.15540,1.15556,233,0,0
2026-08-06 02:15:00,2026-08-06 00:15:00,1.15556,1.15559,1.15548,1.15548,262,0,0
2026-08-06 02:30:00,2026-08-06 00:30:00,1.15549,1.15559,1.15546,1.15557,296,0,0
2026-08-06 02:45:00,2026-08-06 00:45:00,1.15557,1.15577,1.15557,1.15569,310,0,0
2026-08-06 03:00:00,2026-08-06 01:00:00,1.15570,1.15575,1.15547,1.15553,574,0,0
2026-08-06 03:15:00,2026-08-06 01:15:00,1.15555,1.15581,1.15552,1.15563,611,0,0
2026-08-06 03:30:00,2026-08-06 01:30:00,1.15564,1.15582,1.15560,1.15565,458,0,0
2026-08-06 03:45:00,2026-08-06 01:45:00,1.15566,1.15598,1.15563,1.15563,570,0,0
2026-08-06 04:00:00,2026-08-06 02:00:00,1.15564,1.15573,1.15535,1.15555,947,0,0
2026-08-06 04:15:00,2026-08-06 02:15:00,1.15555,1.15575,1.15541,1.15553,712,0,0
2026-08-06 04:30:00,2026-08-06 02:30:00,1.15553,1.15570,1.15546,1.15567,607,0,0
2026-08-06 04:45:00,2026-08-06 02:45:00,1.15567,1.15568,1.15543,1.15549,528,0,0
2026-08-06 05:00:00,2026-08-06 03:00:00,1.15550,1.15576,1.15548,1.15560,489,0,0
2026-08-06 05:15:00,2026-08-06 03:15:00,1.15560,1.15580,1.15546,1.15560,548,0,0
2026-08-06 05:30:00,2026-08-06 03:30:00,1.15560,1.15575,1.15549,1.15574,458,0,0
2026-08-06 05:45:00,2026-08-06 03:45:00,1.15574,1.15577,1.15527,1.15537,452,0,0
2026-08-06 06:00:00,2026-08-06 04:00:00,1.15538,1.15539,1.15521,1.15522,426,0,0
2026-08-06 06:15:00,2026-08-06 04:15:00,1.15521,1.15525,1.15493,1.15500,528,0,0
2026-08-06 06:30:00,2026-08-06 04:30:00,1.15501,1.15510,1.15476,1.15477,468,0,0
2026-08-06 06:45:00,2026-08-06 04:45:00,1.15476,1.15489,1.15468,1.15488,409,0,0
2026-08-06 07:00:00,2026-08-06 05:00:00,1.15488,1.15497,1.15485,1.15492,346,0,0
2026-08-06 07:15:00,2026-08-06 05:15:00,1.15494,1.15494,1.15476,1.15483,334,0,0
2026-08-06 07:30:00,2026-08-06 05:30:00,1.15484,1.15492,1.15475,1.15477,335,0,0
2026-08-06 07:45:00,2026-08-06 05:45:00,1.15478,1.15492,1.15470,1.15491,416,0,0
2026-08-06 08:00:00,2026-08-06 06:00:00,1.15490,1.15491,1.15446,1.15453,427,0,0
2026-08-06 08:15:00,2026-08-06 06:15:00,1.15453,1.15463,1.15450,1.15455,293,0,0
2026-08-06 08:30:00,2026-08-06 06:30:00,1.15455,1.15490,1.15450,1.15487,468,0,0
2026-08-06 08:45:00,2026-08-06 06:45:00,1.15486,1.15506,1.15480,1.15494,496,0,0
2026-08-06 09:00:00,2026-08-06 07:00:00,1.15494,1.15518,1.15455,1.15467,778,0,0
2026-08-06 09:15:00,2026-08-06 07:15:00,1.15467,1.15477,1.15449,1.15464,785,0,0
2026-08-06 09:30:00,2026-08-06 07:30:00,1.15463,1.15467,1.15430,1.15456,707,0,0
2026-08-06 09:45:00,2026-08-06 07:45:00,1.15457,1.15471,1.15427,1.15448,593,0,0
2026-08-06 10:00:00,2026-08-06 08:00:00,1.15447,1.15460,1.15421,1.15445,864,0,0
2026-08-06 10:15:00,2026-08-06 08:15:00,1.15446,1.15468,1.15429,1.15446,817,0,0
2026-08-06 10:30:00,2026-08-06 08:30:00,1.15447,1.15462,1.15430,1.15448,651,0,0
2026-08-06 10:45:00,2026-08-06 08:45:00,1.15447,1.15452,1.15410,1.15443,926,0,0
2026-08-06 11:00:00,2026-08-06 09:00:00,1.15443,1.15453,1.15391,1.15431,867,0,0
2026-08-06 11:15:00,2026-08-06 09:15:00,1.15431,1.15448,1.15407,1.15410,780,0,0
2026-08-06 11:30:00,2026-08-06 09:30:00,1.15410,1.15445,1.15401,1.15432,792,0,0
2026-08-06 11:45:00,2026-08-06 09:45:00,1.15433,1.15444,1.15409,1.15432,861,0,0
2026-08-06 12:00:00,2026-08-06 10:00:00,1.15431,1.15441,1.15406,1.15438,759,0,0
2026-08-06 12:15:00,2026-08-06 10:15:00,1.15438,1.15438,1.15403,1.15422,652,0,0
2026-08-06 12:30:00,2026-08-06 10:30:00,1.15423,1.15432,1.15372,1.15377,712,0,0
2026-08-06 12:45:00,2026-08-06 10:45:00,1.15378,1.15403,1.15365,1.15384,572,0,0
2026-08-06 13:00:00,2026-08-06 11:00:00,1.15383,1.15409,1.15365,1.15367,641,0,0
2026-08-06 13:15:00,2026-08-06 11:15:00,1.15367,1.15424,1.15365,1.15413,632,0,0
2026-08-06 13:30:00,2026-08-06 11:30:00,1.15412,1.15429,1.15401,1.15408,459,0,0
2026-08-06 13:45:00,2026-08-06 11:45:00,1.15407,1.15423,1.15391,1.15410,569,0,0
2026-08-06 14:00:00,2026-08-06 12:00:00,1.15411,1.15452,1.15409,1.15429,777,0,0
2026-08-06 14:15:00,2026-08-06 12:15:00,1.15429,1.15470,1.15421,1.15451,704,0,0
2026-08-06 14:30:00,2026-08-06 12:30:00,1.15452,1.15458,1.15385,1.15386,778,0,0
2026-08-06 14:45:00,2026-08-06 12:45:00,1.15387,1.15452,1.15376,1.15452,1013,0,0
2026-08-06 15:00:00,2026-08-06 13:00:00,1.15452,1.15458,1.15391,1.15396,851,0,0
2026-08-06 15:15:00,2026-08-06 13:15:00,1.15397,1.15439,1.15397,1.15424,875,0,0
2026-08-06 15:30:00,2026-08-06 13:30:00,1.15422,1.15453,1.15400,1.15418,873,0,0
2026-08-06 15:45:00,2026-08-06 13:45:00,1.15419,1.15425,1.15368,1.15388,853,0,0
2026-08-06 16:00:00,2026-08-06 14:00:00,1.15388,1.15412,1.15356,1.15383,1023,0,0
2026-08-06 16:15:00,2026-08-06 14:15:00,1.15383,1.15408,1.15366,1.15388,744,0,0
2026-08-06 16:30:00,2026-08-06 14:30:00,1.15387,1.15437,1.15377,1.15425,870,0,0
2026-08-06 16:45:00,2026-08-06 14:45:00,1.15426,1.15448,1.15388,1.15430,1087,0,0
2026-08-06 17:00:00,2026-08-06 15:00:00,1.15429,1.15442,1.15325,1.15347,1274,0,0
2026-08-06 17:15:00,2026-08-06 15:15:00,1.15346,1.15389,1.15337,1.15348,1100,0,0
2026-08-06 17:30:00,2026-08-06 15:30:00,1.15349,1.15376,1.15337,1.15358,962,0,0
2026-08-06 17:45:00,2026-08-06 15:45:00,1.15357,1.15357,1.15305,1.15351,1178,0,0
2026-08-06 18:00:00,2026-08-06 16:00:00,1.15352,1.15361,1.15275,1.15282,1177,0,0
2026-08-06 18:15:00,2026-08-06 16:15:00,1.15283,1.15287,1.15213,1.15238,1331,0,0
2026-08-06 18:30:00,2026-08-06 16:30:00,1.15239,1.15241,1.15197,1.15227,984,0,0
2026-08-06 18:45:00,2026-08-06 16:45:00,1.15228,1.15244,1.15190,1.15207,1105,0,0
2026-08-06 19:00:00,2026-08-06 17:00:00,1.15208,1.15222,1.15190,1.15201,903,0,0
2026-08-06 19:15:00,2026-08-06 17:15:00,1.15201,1.15202,1.15147,1.15193,975,0,0
2026-08-06 19:30:00,2026-08-06 17:30:00,1.15192,1.15207,1.15168,1.15178,637,0,0
2026-08-06 19:45:00,2026-08-06 17:45:00,1.15178,1.15229,1.15178,1.15206,721,0,0
2026-08-06 20:00:00,2026-08-06 18:00:00,1.15207,1.15223,1.15192,1.15197,795,0,0
2026-08-06 20:15:00,2026-08-06 18:15:00,1.15196,1.15209,1.15175,1.15201,577,0,0
2026-08-06 20:30:00,2026-08-06 18:30:00,1.15202,1.15207,1.15175,1.15190,560,0,0
2026-08-06 20:45:00,2026-08-06 18:45:00,1.15190,1.15228,1.15187,1.15227,626,0,0
2026-08-06 21:00:00,2026-08-06 19:00:00,1.15228,1.15250,1.15224,1.15233,493,0,0
2026-08-06 21:15:00,2026-08-06 19:15:00,1.15235,1.15241,1.15219,1.15222,366,0,0
2026-08-06 21:30:00,2026-08-06 19:30:00,1.15222,1.15233,1.15216,1.15222,412,0,0
2026-08-06 21:45:00,2026-08-06 19:45:00,1.15222,1.15239,1.15217,1.15237,496,0,0
2026-08-06 22:00:00,2026-08-06 20:00:00,1.15238,1.15257,1.15220,1.15226,488,0,0
2026-08-06 22:15:00,2026-08-06 20:15:00,1.15226,1.15239,1.15171,1.15189,758,0,0
2026-08-06 22:30:00,2026-08-06 20:30:00,1.15188,1.15210,1.15179,1.15186,606,0,0
2026-08-06 22:45:00,2026-08-06 20:45:00,1.15187,1.15255,1.15185,1.15232,673,0,0
2026-08-06 23:00:00,2026-08-06 21:00:00,1.15231,1.15240,1.15209,1.15213,386,0,0
2026-08-06 23:15:00,2026-08-06 21:15:00,1.15213,1.15214,1.15187,1.15206,336,0,0
2026-08-06 23:30:00,2026-08-06 21:30:00,1.15206,1.15223,1.15201,1.15222,264,0,0
2026-08-06 23:45:00,2026-08-06 21:45:00,1.15222,1.15243,1.15220,1.15240,387,0,0
2026-08-07 00:00:00,2026-08-06 22:00:00,1.15237,1.15237,1.15206,1.15209,127,12,0
2026-08-07 00:15:00,2026-08-06 22:15:00,1.15202,1.15212,1.15186,1.15192,133,27,0
2026-08-07 00:30:00,2026-08-06 22:30:00,1.15190,1.15203,1.15183,1.15196,247,36,0
2026-08-07 00:45:00,2026-08-06 22:45:00,1.15186,1.15207,1.15182,1.15194,218,31,0
2026-08-07 01:00:00,2026-08-06 23:00:00,1.15203,1.15221,1.15203,1.15218,208,0,0
2026-08-07 01:15:00,2026-08-06 23:15:00,1.15217,1.15224,1.15215,1.15222,222,0,0
2026-08-07 01:30:00,2026-08-06 23:30:00,1.15222,1.15227,1.15217,1.15222,187,0,0
2026-08-07 01:45:00,2026-08-06 23:45:00,1.15221,1.15226,1.15215,1.15218,238,0,0
2026-08-07 02:00:00,2026-08-07 00:00:00,1.15218,1.15236,1.15217,1.15233,226,0,0
2026-08-07 02:15:00,2026-08-07 00:15:00,1.15233,1.15238,1.15226,1.15229,202,0,0
2026-08-07 02:30:00,2026-08-07 00:30:00,1.15229,1.15237,1.15223,1.15237,175,0,0
2026-08-07 02:45:00,2026-08-07 00:45:00,1.15237,1.15244,1.15234,1.15241,202,0,0
2026-08-07 03:00:00,2026-08-07 01:00:00,1.15240,1.15243,1.15209,1.15213,589,0,0
2026-08-07 03:15:00,2026-08-07 01:15:00,1.15213,1.15223,1.15199,1.15216,562,0,0
2026-08-07 03:30:00,2026-08-07 01:30:00,1.15216,1.15225,1.15204,1.15208,566,0,0
2026-08-07 03:45:00,2026-08-07 01:45:00,1.15209,1.15220,1.15179,1.15191,639,0,0
2026-08-07 04:00:00,2026-08-07 02:00:00,1.15192,1.15226,1.15185,1.15220,675,0,0
2026-08-07 04:15:00,2026-08-07 02:15:00,1.15220,1.15223,1.15208,1.15216,495,0,0
2026-08-07 04:30:00,2026-08-07 02:30:00,1.15216,1.15256,1.15201,1.15247,594,0,0
2026-08-07 04:45:00,2026-08-07 02:45:00,1.15248,1.15251,1.15213,1.15216,517,0,0
2026-08-07 05:00:00,2026-08-07 03:00:00,1.15216,1.15230,1.15213,1.15216,517,0,0
2026-08-07 05:15:00,2026-08-07 03:15:00,1.15216,1.15230,1.15207,1.15224,377,0,0
2026-08-07 05:30:00,2026-08-07 03:30:00,1.15223,1.15228,1.15207,1.15213,466,0,0
2026-08-07 05:45:00,2026-08-07 03:45:00,1.15212,1.15235,1.15210,1.15215,418,0,0
2026-08-07 06:00:00,2026-08-07 04:00:00,1.15213,1.15225,1.15198,1.15211,382,0,0
2026-08-07 06:15:00,2026-08-07 04:15:00,1.15210,1.15218,1.15201,1.15214,431,0,0
2026-08-07 06:30:00,2026-08-07 04:30:00,1.15215,1.15223,1.15210,1.15214,351,0,0
2026-08-07 06:45:00,2026-08-07 04:45:00,1.15214,1.15233,1.15212,1.15233,323,0,0
2026-08-07 07:00:00,2026-08-07 05:00:00,1.15234,1.15234,1.15216,1.15221,346,0,0
2026-08-07 07:15:00,2026-08-07 05:15:00,1.15220,1.15231,1.15216,1.15221,421,0,0
2026-08-07 07:30:00,2026-08-07 05:30:00,1.15221,1.15242,1.15216,1.15241,476,0,0
2026-08-07 07:45:00,2026-08-07 05:45:00,1.15240,1.15244,1.15228,1.15235,356,0,0
2026-08-07 08:00:00,2026-08-07 06:00:00,1.15235,1.15254,1.15233,1.15246,349,0,0
2026-08-07 08:15:00,2026-08-07 06:15:00,1.15246,1.15249,1.15216,1.15216,380,0,0
2026-08-07 08:30:00,2026-08-07 06:30:00,1.15217,1.15241,1.15208,1.15234,478,0,0
2026-08-07 08:45:00,2026-08-07 06:45:00,1.15234,1.15248,1.15222,1.15223,545,0,0
2026-08-07 09:00:00,2026-08-07 07:00:00,1.15223,1.15241,1.15209,1.15236,593,0,0
2026-08-07 09:15:00,2026-08-07 07:15:00,1.15236,1.15252,1.15214,1.15241,678,0,0
2026-08-07 09:30:00,2026-08-07 07:30:00,1.15241,1.15243,1.15215,1.15223,654,0,0
2026-08-07 09:45:00,2026-08-07 07:45:00,1.15223,1.15248,1.15214,1.15222,633,0,0
2026-08-07 10:00:00,2026-08-07 08:00:00,1.15221,1.15234,1.15176,1.15227,827,0,0
2026-08-07 10:15:00,2026-08-07 08:15:00,1.15227,1.15244,1.15217,1.15224,676,0,0
2026-08-07 10:30:00,2026-08-07 08:30:00,1.15224,1.15233,1.15194,1.15202,708,0,0
2026-08-07 10:45:00,2026-08-07 08:45:00,1.15201,1.15231,1.15199,1.15223,607,0,0
2026-08-07 11:00:00,2026-08-07 09:00:00,1.15227,1.15230,1.15181,1.15186,776,0,0
2026-08-07 11:15:00,2026-08-07 09:15:00,1.15187,1.15212,1.15186,1.15193,674,0,0
2026-08-07 11:30:00,2026-08-07 09:30:00,1.15192,1.15243,1.15191,1.15241,714,0,0
2026-08-07 11:45:00,2026-08-07 09:45:00,1.15240,1.15254,1.15225,1.15235,774,0,0
2026-08-07 12:00:00,2026-08-07 10:00:00,1.15236,1.15287,1.15229,1.15286,809,0,0
2026-08-07 12:15:00,2026-08-07 10:15:00,1.15287,1.15296,1.15269,1.15275,680,0,0
2026-08-07 12:30:00,2026-08-07 10:30:00,1.15273,1.15283,1.15255,1.15276,605,0,0
2026-08-07 12:45:00,2026-08-07 10:45:00,1.15277,1.15312,1.15275,1.15289,720,0,0
2026-08-07 13:00:00,2026-08-07 11:00:00,1.15288,1.15293,1.15259,1.15268,773,0,0
2026-08-07 13:15:00,2026-08-07 11:15:00,1.15267,1.15285,1.15260,1.15276,655,0,0
2026-08-07 13:30:00,2026-08-07 11:30:00,1.15276,1.15284,1.15257,1.15259,711,0,0
2026-08-07 13:45:00,2026-08-07 11:45:00,1.15259,1.15291,1.15258,1.15270,668,0,0
2026-08-07 14:00:00,2026-08-07 12:00:00,1.15271,1.15300,1.15269,1.15283,712,0,0
2026-08-07 14:15:00,2026-08-07 12:15:00,1.15283,1.15296,1.15264,1.15267,667,0,0
2026-08-07 14:30:00,2026-08-07 12:30:00,1.15266,1.15324,1.15265,1.15321,658,0,0
2026-08-07 14:45:00,2026-08-07 12:45:00,1.15322,1.15332,1.15314,1.15332,752,0,0
2026-08-07 15:00:00,2026-08-07 13:00:00,1.15333,1.15379,1.15328,1.15344,943,0,0
2026-08-07 15:15:00,2026-08-07 13:15:00,1.15343,1.15347,1.15261,1.15282,1104,0,0
2026-08-07 15:30:00,2026-08-07 13:30:00,1.15281,1.15773,1.15276,1.15737,2922,0,0
2026-08-07 15:45:00,2026-08-07 13:45:00,1.15736,1.15809,1.15708,1.15727,2330,0,0
2026-08-07 16:00:00,2026-08-07 14:00:00,1.15727,1.15750,1.15672,1.15746,1773,0,0
2026-08-07 16:15:00,2026-08-07 14:15:00,1.15745,1.15755,1.15668,1.15700,1451,0,0
2026-08-07 16:30:00,2026-08-07 14:30:00,1.15702,1.15746,1.15620,1.15720,1638,0,0
2026-08-07 16:45:00,2026-08-07 14:45:00,1.15718,1.15723,1.15567,1.15575,1559,0,0
2026-08-07 17:00:00,2026-08-07 15:00:00,1.15576,1.15587,1.15520,1.15577,1581,0,0
2026-08-07 17:15:00,2026-08-07 15:15:00,1.15576,1.15643,1.15563,1.15569,1407,0,0
2026-08-07 17:30:00,2026-08-07 15:30:00,1.15570,1.15605,1.15506,1.15523,1274,0,0
2026-08-07 17:45:00,2026-08-07 15:45:00,1.15520,1.15560,1.15509,1.15532,1379,0,0
2026-08-07 18:00:00,2026-08-07 16:00:00,1.15533,1.15611,1.15502,1.15609,1409,0,0
2026-08-07 18:15:00,2026-08-07 16:15:00,1.15607,1.15638,1.15567,1.15570,1181,0,0
2026-08-07 18:30:00,2026-08-07 16:30:00,1.15570,1.15626,1.15542,1.15615,1026,0,0
2026-08-07 18:45:00,2026-08-07 16:45:00,1.15615,1.15631,1.15568,1.15585,938,0,0
2026-08-07 19:00:00,2026-08-07 17:00:00,1.15585,1.15653,1.15574,1.15651,1102,0,0
2026-08-07 19:15:00,2026-08-07 17:15:00,1.15650,1.15659,1.15603,1.15624,1065,0,0
2026-08-07 19:30:00,2026-08-07 17:30:00,1.15625,1.15641,1.15610,1.15630,751,0,0
2026-08-07 19:45:00,2026-08-07 17:45:00,1.15631,1.15672,1.15587,1.15590,776,0,0
2026-08-07 20:00:00,2026-08-07 18:00:00,1.15589,1.15614,1.15573,1.15611,629,0,0
2026-08-07 20:15:00,2026-08-07 18:15:00,1.15611,1.15633,1.15593,1.15611,585,0,0
2026-08-07 20:30:00,2026-08-07 18:30:00,1.15611,1.15635,1.15600,1.15626,558,0,0
2026-08-07 20:45:00,2026-08-07 18:45:00,1.15626,1.15634,1.15608,1.15612,542,0,0
2026-08-07 21:00:00,2026-08-07 19:00:00,1.15612,1.15633,1.15589,1.15612,616,0,0
2026-08-07 21:15:00,2026-08-07 19:15:00,1.15613,1.15626,1.15600,1.15623,603,0,0
2026-08-07 21:30:00,2026-08-07 19:30:00,1.15624,1.15642,1.15621,1.15639,452,0,0
2026-08-07 21:45:00,2026-08-07 19:45:00,1.15640,1.15663,1.15637,1.15652,456,0,0
2026-08-07 22:00:00,2026-08-07 20:00:00,1.15651,1.15681,1.15638,1.15644,773,0,0
2026-08-07 22:15:00,2026-08-07 20:15:00,1.15642,1.15703,1.15638,1.15696,697,0,0
2026-08-07 22:30:00,2026-08-07 20:30:00,1.15697,1.15700,1.15657,1.15657,657,0,0
2026-08-07 22:45:00,2026-08-07 20:45:00,1.15657,1.15671,1.15608,1.15615,695,0,0
2026-08-07 23:00:00,2026-08-07 21:00:00,1.15616,1.15618,1.15587,1.15589,481,0,0
2026-08-07 23:15:00,2026-08-07 21:15:00,1.15590,1.15592,1.15558,1.15567,426,0,0
2026-08-07 23:30:00,2026-08-07 21:30:00,1.15567,1.15593,1.15556,1.15579,373,0,0
2026-08-07 23:45:00,2026-08-07 21:45:00,1.15579,1.15582,1.15563,1.15576,364,0,0
2026-08-10 00:00:00,2026-08-09 22:00:00,1.15596,1.15645,1.15596,1.15635,83,45,0
2026-08-10 00:15:00,2026-08-09 22:15:00,1.15637,1.15638,1.15614,1.15629,63,38,0
2026-08-10 00:30:00,2026-08-09 22:30:00,1.15630,1.15630,1.15589,1.15595,124,38,0
2026-08-10 00:45:00,2026-08-09 22:45:00,1.15596,1.15596,1.15590,1.15595,49,38,0
2026-08-10 01:00:00,2026-08-09 23:00:00,1.15609,1.15617,1.15559,1.15564,290,0,0
2026-08-10 01:15:00,2026-08-09 23:15:00,1.15564,1.15572,1.15548,1.15549,338,0,0
2026-08-10 01:30:00,2026-08-09 23:30:00,1.15550,1.15571,1.15550,1.15565,282,0,0
2026-08-10 01:45:00,2026-08-09 23:45:00,1.15565,1.15570,1.15551,1.15556,264,0,0
2026-08-10 02:00:00,2026-08-10 00:00:00,1.15556,1.15580,1.15554,1.15577,345,0,0
2026-08-10 02:15:00,2026-08-10 00:15:00,1.15577,1.15582,1.15569,1.15574,273,0,0
2026-08-10 02:30:00,2026-08-10 00:30:00,1.15574,1.15578,1.15542,1.15576,342,0,0
2026-08-10 02:45:00,2026-08-10 00:45:00,1.15577,1.15583,1.15555,1.15555,453,0,0
2026-08-10 03:00:00,2026-08-10 01:00:00,1.15555,1.15590,1.15555,1.15586,854,0,0
2026-08-10 03:15:00,2026-08-10 01:15:00,1.15587,1.15587,1.15549,1.15558,613,0,0
2026-08-10 03:30:00,2026-08-10 01:30:00,1.15557,1.15562,1.15542,1.15544,512,0,0
2026-08-10 03:45:00,2026-08-10 01:45:00,1.15545,1.15590,1.15541,1.15582,645,0,0
2026-08-10 04:00:00,2026-08-10 02:00:00,1.15582,1.15590,1.15528,1.15549,950,0,0
2026-08-10 04:15:00,2026-08-10 02:15:00,1.15549,1.15566,1.15536,1.15544,811,0,0
2026-08-10 04:30:00,2026-08-10 02:30:00,1.15544,1.15549,1.15520,1.15541,731,0,0
2026-08-10 04:45:00,2026-08-10 02:45:00,1.15540,1.15554,1.15528,1.15541,782,0,0
2026-08-10 05:00:00,2026-08-10 03:00:00,1.15539,1.15549,1.15526,1.15536,483,0,0
2026-08-10 05:15:00,2026-08-10 03:15:00,1.15536,1.15550,1.15527,1.15541,422,0,0
2026-08-10 05:30:00,2026-08-10 03:30:00,1.15540,1.15551,1.15521,1.15521,430,0,0
2026-08-10 05:45:00,2026-08-10 03:45:00,1.15522,1.15529,1.15509,1.15515,371,0,0
2026-08-10 06:00:00,2026-08-10 04:00:00,1.15516,1.15520,1.15494,1.15509,465,0,0
2026-08-10 06:15:00,2026-08-10 04:15:00,1.15509,1.15529,1.15498,1.15511,429,0,0
2026-08-10 06:30:00,2026-08-10 04:30:00,1.15511,1.15513,1.15488,1.15494,401,0,0
2026-08-10 06:45:00,2026-08-10 04:45:00,1.15495,1.15507,1.15488,1.15490,430,0,0
2026-08-10 07:00:00,2026-08-10 05:00:00,1.15489,1.15498,1.15480,1.15494,411,0,0
2026-08-10 07:15:00,2026-08-10 05:15:00,1.15494,1.15502,1.15485,1.15497,442,0,0
2026-08-10 07:30:00,2026-08-10 05:30:00,1.15497,1.15501,1.15484,1.15501,375,0,0
2026-08-10 07:45:00,2026-08-10 05:45:00,1.15502,1.15526,1.15500,1.15514,423,0,0
2026-08-10 08:00:00,2026-08-10 06:00:00,1.15514,1.15532,1.15500,1.15510,530,0,0
2026-08-10 08:15:00,2026-08-10 06:15:00,1.15511,1.15519,1.15505,1.15514,345,0,0
2026-08-10 08:30:00,2026-08-10 06:30:00,1.15515,1.15533,1.15501,1.15517,520,0,0
2026-08-10 08:45:00,2026-08-10 06:45:00,1.15516,1.15564,1.15515,1.15547,613,0,0
2026-08-10 09:00:00,2026-08-10 07:00:00,1.15546,1.15550,1.15526,1.15540,706,0,0
2026-08-10 09:15:00,2026-08-10 07:15:00,1.15540,1.15575,1.15534,1.15560,821,0,0
2026-08-10 09:30:00,2026-08-10 07:30:00,1.15560,1.15563,1.15539,1.15546,740,0,0
2026-08-10 09:45:00,2026-08-10 07:45:00,1.15546,1.15553,1.15522,1.15549,720,0,0
2026-08-10 10:00:00,2026-08-10 08:00:00,1.15548,1.15561,1.15520,1.15536,835,0,0
2026-08-10 10:15:00,2026-08-10 08:15:00,1.15534,1.15581,1.15531,1.15561,851,0,0
2026-08-10 10:30:00,2026-08-10 08:30:00,1.15560,1.15633,1.15555,1.15633,958,0,0
2026-08-10 10:45:00,2026-08-10 08:45:00,1.15633,1.15655,1.15584,1.15608,956,0,0
2026-08-10 11:00:00,2026-08-10 09:00:00,1.15608,1.15655,1.15595,1.15651,787,0,0
2026-08-10 11:15:00,2026-08-10 09:15:00,1.15651,1.15657,1.15635,1.15646,671,0,0
2026-08-10 11:30:00,2026-08-10 09:30:00,1.15649,1.15650,1.15618,1.15626,679,0,0
2026-08-10 11:45:00,2026-08-10 09:45:00,1.15626,1.15627,1.15606,1.15609,813,0,0
2026-08-10 12:00:00,2026-08-10 10:00:00,1.15608,1.15638,1.15593,1.15634,646,0,0
2026-08-10 12:15:00,2026-08-10 10:15:00,1.15634,1.15638,1.15609,1.15625,555,0,0
2026-08-10 12:30:00,2026-08-10 10:30:00,1.15625,1.15625,1.15568,1.15600,688,0,0
2026-08-10 12:45:00,2026-08-10 10:45:00,1.15601,1.15612,1.15568,1.15570,815,0,0
2026-08-10 13:00:00,2026-08-10 11:00:00,1.15569,1.15574,1.15542,1.15554,723,0,0
2026-08-10 13:15:00,2026-08-10 11:15:00,1.15553,1.15580,1.15551,1.15568,718,0,0
2026-08-10 13:30:00,2026-08-10 11:30:00,1.15567,1.15575,1.15544,1.15565,621,0,0
2026-08-10 13:45:00,2026-08-10 11:45:00,1.15566,1.15570,1.15549,1.15554,714,0,0
2026-08-10 14:00:00,2026-08-10 12:00:00,1.15554,1.15565,1.15507,1.15523,696,0,0
2026-08-10 14:15:00,2026-08-10 12:15:00,1.15523,1.15530,1.15499,1.15515,599,0,0
2026-08-10 14:30:00,2026-08-10 12:30:00,1.15514,1.15531,1.15504,1.15509,600,0,0
2026-08-10 14:45:00,2026-08-10 12:45:00,1.15507,1.15524,1.15489,1.15523,603,0,0
2026-08-10 15:00:00,2026-08-10 13:00:00,1.15522,1.15552,1.15508,1.15516,977,0,0
2026-08-10 15:15:00,2026-08-10 13:15:00,1.15516,1.15517,1.15467,1.15486,883,0,0
2026-08-10 15:30:00,2026-08-10 13:30:00,1.15485,1.15503,1.15458,1.15459,808,0,0
2026-08-10 15:45:00,2026-08-10 13:45:00,1.15459,1.15492,1.15458,1.15470,761,0,0
2026-08-10 16:00:00,2026-08-10 14:00:00,1.15471,1.15523,1.15454,1.15521,977,0,0
2026-08-10 16:15:00,2026-08-10 14:15:00,1.15521,1.15537,1.15495,1.15526,914,0,0
2026-08-10 16:30:00,2026-08-10 14:30:00,1.15525,1.15535,1.15478,1.15481,1006,0,0
2026-08-10 16:45:00,2026-08-10 14:45:00,1.15479,1.15510,1.15438,1.15449,1213,0,0
2026-08-10 17:00:00,2026-08-10 15:00:00,1.15449,1.15503,1.15443,1.15491,1017,0,0
2026-08-10 17:15:00,2026-08-10 15:15:00,1.15491,1.15540,1.15475,1.15528,981,0,0
2026-08-10 17:30:00,2026-08-10 15:30:00,1.15528,1.15548,1.15512,1.15535,887,0,0
2026-08-10 17:45:00,2026-08-10 15:45:00,1.15534,1.15558,1.15500,1.15519,1131,0,0
2026-08-10 18:00:00,2026-08-10 16:00:00,1.15519,1.15524,1.15476,1.15510,1000,0,0
2026-08-10 18:15:00,2026-08-10 16:15:00,1.15510,1.15532,1.15465,1.15488,927,0,0
2026-08-10 18:30:00,2026-08-10 16:30:00,1.15489,1.15497,1.15463,1.15471,753,0,0
2026-08-10 18:45:00,2026-08-10 16:45:00,1.15472,1.15521,1.15468,1.15517,750,0,0
2026-08-10 19:00:00,2026-08-10 17:00:00,1.15518,1.15543,1.15517,1.15526,767,0,0
2026-08-10 19:15:00,2026-08-10 17:15:00,1.15526,1.15526,1.15490,1.15526,612,0,0
2026-08-10 19:30:00,2026-08-10 17:30:00,1.15526,1.15533,1.15466,1.15470,785,0,0
2026-08-10 19:45:00,2026-08-10 17:45:00,1.15469,1.15488,1.15449,1.15470,709,0,0
2026-08-10 20:00:00,2026-08-10 18:00:00,1.15472,1.15477,1.15436,1.15447,682,0,0
2026-08-10 20:15:00,2026-08-10 18:15:00,1.15446,1.15450,1.15410,1.15436,816,0,0
2026-08-10 20:30:00,2026-08-10 18:30:00,1.15436,1.15467,1.15435,1.15445,494,0,0
2026-08-10 20:45:00,2026-08-10 18:45:00,1.15445,1.15447,1.15419,1.15429,472,0,0
2026-08-10 21:00:00,2026-08-10 19:00:00,1.15429,1.15448,1.15426,1.15437,466,0,0
2026-08-10 21:15:00,2026-08-10 19:15:00,1.15436,1.15438,1.15411,1.15422,481,0,0
2026-08-10 21:30:00,2026-08-10 19:30:00,1.15422,1.15448,1.15411,1.15446,542,0,0
2026-08-10 21:45:00,2026-08-10 19:45:00,1.15447,1.15447,1.15400,1.15421,730,0,0
2026-08-10 22:00:00,2026-08-10 20:00:00,1.15421,1.15426,1.15401,1.15414,483,0,0
2026-08-10 22:15:00,2026-08-10 20:15:00,1.15414,1.15430,1.15404,1.15420,463,0,0
2026-08-10 22:30:00,2026-08-10 20:30:00,1.15421,1.15432,1.15410,1.15426,511,0,0
2026-08-10 22:45:00,2026-08-10 20:45:00,1.15427,1.15432,1.15410,1.15415,583,0,0
2026-08-10 23:00:00,2026-08-10 21:00:00,1.15416,1.15432,1.15416,1.15431,428,0,0
2026-08-10 23:15:00,2026-08-10 21:15:00,1.15431,1.15432,1.15415,1.15416,275,0,0
2026-08-10 23:30:00,2026-08-10 21:30:00,1.15416,1.15428,1.15415,1.15424,166,0,0
2026-08-10 23:45:00,2026-08-10 21:45:00,1.15424,1.15427,1.15418,1.15425,383,0,0
2026-08-11 00:00:00,2026-08-10 22:00:00,1.15408,1.15422,1.15386,1.15400,58,58,0
2026-08-11 00:15:00,2026-08-10 22:15:00,1.15401,1.15404,1.15390,1.15394,63,51,0
2026-08-11 00:30:00,2026-08-10 22:30:00,1.15395,1.15406,1.15390,1.15403,160,44,0
2026-08-11 00:45:00,2026-08-10 22:45:00,1.15403,1.15411,1.15397,1.15404,112,40,0
2026-08-11 01:00:00,2026-08-10 23:00:00,1.15419,1.15445,1.15419,1.15428,374,3,0
2026-08-11 01:15:00,2026-08-10 23:15:00,1.15429,1.15432,1.15423,1.15430,326,0,0
2026-08-11 01:30:00,2026-08-10 23:30:00,1.15430,1.15437,1.15424,1.15434,258,0,0
2026-08-11 01:45:00,2026-08-10 23:45:00,1.15433,1.15440,1.15432,1.15438,216,0,0
2026-08-11 02:00:00,2026-08-11 00:00:00,1.15438,1.15442,1.15429,1.15432,241,0,0
2026-08-11 02:15:00,2026-08-11 00:15:00,1.15432,1.15436,1.15426,1.15429,201,0,0
2026-08-11 02:30:00,2026-08-11 00:30:00,1.15429,1.15433,1.15423,1.15431,200,0,0
2026-08-11 02:45:00,2026-08-11 00:45:00,1.15431,1.15467,1.15431,1.15461,454,0,0
2026-08-11 03:00:00,2026-08-11 01:00:00,1.15461,1.15473,1.15454,1.15470,595,0,0
2026-08-11 03:15:00,2026-08-11 01:15:00,1.15470,1.15485,1.15463,1.15482,494,0,0
2026-08-11 03:30:00,2026-08-11 01:30:00,1.15480,1.15497,1.15470,1.15489,488,0,0
2026-08-11 03:45:00,2026-08-11 01:45:00,1.15489,1.15490,1.15459,1.15460,483,0,0
2026-08-11 04:00:00,2026-08-11 02:00:00,1.15461,1.15473,1.15429,1.15473,661,0,0
2026-08-11 04:15:00,2026-08-11 02:15:00,1.15473,1.15493,1.15469,1.15484,556,0,0
2026-08-11 04:30:00,2026-08-11 02:30:00,1.15484,1.15497,1.15464,1.15464,539,0,0
2026-08-11 04:45:00,2026-08-11 02:45:00,1.15463,1.15487,1.15461,1.15462,426,0,0
2026-08-11 05:00:00,2026-08-11 03:00:00,1.15462,1.15464,1.15434,1.15449,521,0,0
2026-08-11 05:15:00,2026-08-11 03:15:00,1.15449,1.15450,1.15405,1.15411,528,0,0
2026-08-11 05:30:00,2026-08-11 03:30:00,1.15411,1.15423,1.15407,1.15416,561,0,0
2026-08-11 05:45:00,2026-08-11 03:45:00,1.15416,1.15417,1.15387,1.15399,598,0,0
2026-08-11 06:00:00,2026-08-11 04:00:00,1.15398,1.15423,1.15396,1.15420,481,0,0
2026-08-11 06:15:00,2026-08-11 04:15:00,1.15421,1.15445,1.15417,1.15443,405,0,0
2026-08-11 06:30:00,2026-08-11 04:30:00,1.15444,1.15450,1.15433,1.15434,321,0,0
2026-08-11 06:45:00,2026-08-11 04:45:00,1.15435,1.15435,1.15421,1.15429,378,0,0
2026-08-11 07:00:00,2026-08-11 05:00:00,1.15430,1.15441,1.15425,1.15439,333,0,0
2026-08-11 07:15:00,2026-08-11 05:15:00,1.15438,1.15449,1.15437,1.15446,419,0,0
2026-08-11 07:30:00,2026-08-11 05:30:00,1.15445,1.15453,1.15403,1.15411,762,0,0
2026-08-11 07:45:00,2026-08-11 05:45:00,1.15410,1.15432,1.15393,1.15428,526,0,0
2026-08-11 08:00:00,2026-08-11 06:00:00,1.15428,1.15429,1.15404,1.15409,382,0,0
2026-08-11 08:15:00,2026-08-11 06:15:00,1.15410,1.15415,1.15398,1.15413,493,0,0
2026-08-11 08:30:00,2026-08-11 06:30:00,1.15411,1.15430,1.15399,1.15426,648,0,0
2026-08-11 08:45:00,2026-08-11 06:45:00,1.15427,1.15428,1.15386,1.15411,591,0,0
2026-08-11 09:00:00,2026-08-11 07:00:00,1.15411,1.15435,1.15402,1.15404,751,0,0
2026-08-11 09:15:00,2026-08-11 07:15:00,1.15404,1.15411,1.15343,1.15368,918,0,0
2026-08-11 09:30:00,2026-08-11 07:30:00,1.15367,1.15380,1.15328,1.15365,898,0,0
2026-08-11 09:45:00,2026-08-11 07:45:00,1.15365,1.15370,1.15338,1.15370,666,0,0
2026-08-11 10:00:00,2026-08-11 08:00:00,1.15371,1.15401,1.15371,1.15385,873,0,0
2026-08-11 10:15:00,2026-08-11 08:15:00,1.15385,1.15387,1.15353,1.15376,785,0,0
2026-08-11 10:30:00,2026-08-11 08:30:00,1.15376,1.15387,1.15326,1.15329,775,0,0
2026-08-11 10:45:00,2026-08-11 08:45:00,1.15328,1.15351,1.15317,1.15320,872,0,0
2026-08-11 11:00:00,2026-08-11 09:00:00,1.15320,1.15342,1.15314,1.15328,798,0,0
2026-08-11 11:15:00,2026-08-11 09:15:00,1.15328,1.15344,1.15323,1.15343,875,0,0
2026-08-11 11:30:00,2026-08-11 09:30:00,1.15342,1.15387,1.15338,1.15381,717,0,0
2026-08-11 11:45:00,2026-08-11 09:45:00,1.15379,1.15383,1.15352,1.15363,733,0,0
2026-08-11 12:00:00,2026-08-11 10:00:00,1.15362,1.15365,1.15337,1.15342,657,0,0
2026-08-11 12:15:00,2026-08-11 10:15:00,1.15342,1.15352,1.15329,1.15338,592,0,0
2026-08-11 12:30:00,2026-08-11 10:30:00,1.15338,1.15347,1.15330,1.15342,556,0,0
2026-08-11 12:45:00,2026-08-11 10:45:00,1.15341,1.15374,1.15340,1.15372,590,0,0
2026-08-11 13:00:00,2026-08-11 11:00:00,1.15371,1.15385,1.15343,1.15360,589,0,0
2026-08-11 13:15:00,2026-08-11 11:15:00,1.15360,1.15382,1.15334,1.15366,815,0,0
2026-08-11 13:30:00,2026-08-11 11:30:00,1.15367,1.15384,1.15352,1.15359,750,0,0
2026-08-11 13:45:00,2026-08-11 11:45:00,1.15360,1.15366,1.15345,1.15366,651,0,0
2026-08-11 14:00:00,2026-08-11 12:00:00,1.15366,1.15438,1.15345,1.15417,1515,0,0
2026-08-11 14:15:00,2026-08-11 12:15:00,1.15418,1.15421,1.15383,1.15391,837,0,0
2026-08-11 14:30:00,2026-08-11 12:30:00,1.15391,1.15396,1.15361,1.15363,792,0,0
2026-08-11 14:45:00,2026-08-11 12:45:00,1.15363,1.15378,1.15349,1.15366,757,0,0
2026-08-11 15:00:00,2026-08-11 13:00:00,1.15365,1.15404,1.15355,1.15378,832,0,0
2026-08-11 15:15:00,2026-08-11 13:15:00,1.15377,1.15395,1.15338,1.15372,937,0,0
2026-08-11 15:30:00,2026-08-11 13:30:00,1.15371,1.15419,1.15366,1.15405,895,0,0
2026-08-11 15:45:00,2026-08-11 13:45:00,1.15405,1.15442,1.15399,1.15415,768,0,0
2026-08-11 16:00:00,2026-08-11 14:00:00,1.15415,1.15452,1.15414,1.15419,842,0,0
2026-08-11 16:15:00,2026-08-11 14:15:00,1.15418,1.15451,1.15408,1.15417,847,0,0
2026-08-11 16:30:00,2026-08-11 14:30:00,1.15417,1.15448,1.15391,1.15446,1032,0,0
2026-08-11 16:45:00,2026-08-11 14:45:00,1.15447,1.15483,1.15437,1.15441,1084,0,0
2026-08-11 17:00:00,2026-08-11 15:00:00,1.15441,1.15442,1.15389,1.15415,967,0,0
2026-08-11 17:15:00,2026-08-11 15:15:00,1.15416,1.15428,1.15377,1.15393,902,0,0
2026-08-11 17:30:00,2026-08-11 15:30:00,1.15393,1.15427,1.15384,1.15425,797,0,0
2026-08-11 17:45:00,2026-08-11 15:45:00,1.15424,1.15432,1.15401,1.15426,883,0,0
2026-08-11 18:00:00,2026-08-11 16:00:00,1.15426,1.15448,1.15374,1.15374,827,0,0
2026-08-11 18:15:00,2026-08-11 16:15:00,1.15373,1.15411,1.15365,1.15403,923,0,0
2026-08-11 18:30:00,2026-08-11 16:30:00,1.15402,1.15412,1.15365,1.15381,964,0,0
2026-08-11 18:45:00,2026-08-11 16:45:00,1.15380,1.15436,1.15380,1.15430,740,0,0
2026-08-11 19:00:00,2026-08-11 17:00:00,1.15431,1.15438,1.15398,1.15411,636,0,0
2026-08-11 19:15:00,2026-08-11 17:15:00,1.15411,1.15416,1.15391,1.15414,531,0,0
2026-08-11 19:30:00,2026-08-11 17:30:00,1.15413,1.15428,1.15407,1.15414,598,0,0
2026-08-11 19:45:00,2026-08-11 17:45:00,1.15411,1.15416,1.15392,1.15395,571,0,0
2026-08-11 20:00:00,2026-08-11 18:00:00,1.15395,1.15403,1.15353,1.15356,710,0,0
2026-08-11 20:15:00,2026-08-11 18:15:00,1.15355,1.15380,1.15343,1.15353,444,0,0
2026-08-11 20:30:00,2026-08-11 18:30:00,1.15353,1.15380,1.15347,1.15375,448,0,0
2026-08-11 20:45:00,2026-08-11 18:45:00,1.15375,1.15390,1.15371,1.15380,466,0,0
2026-08-11 21:00:00,2026-08-11 19:00:00,1.15379,1.15383,1.15360,1.15366,486,0,0
2026-08-11 21:15:00,2026-08-11 19:15:00,1.15366,1.15372,1.15355,1.15368,672,0,0
2026-08-11 21:30:00,2026-08-11 19:30:00,1.15368,1.15416,1.15364,1.15409,673,0,0
2026-08-11 21:45:00,2026-08-11 19:45:00,1.15410,1.15423,1.15393,1.15405,617,0,0
2026-08-11 22:00:00,2026-08-11 20:00:00,1.15405,1.15424,1.15401,1.15419,617,0,0
2026-08-11 22:15:00,2026-08-11 20:15:00,1.15419,1.15425,1.15399,1.15425,436,0,0
2026-08-11 22:30:00,2026-08-11 20:30:00,1.15425,1.15429,1.15415,1.15420,503,0,0
2026-08-11 22:45:00,2026-08-11 20:45:00,1.15421,1.15431,1.15416,1.15428,551,0,0
2026-08-11 23:00:00,2026-08-11 21:00:00,1.15428,1.15438,1.15420,1.15422,336,0,0
2026-08-11 23:15:00,2026-08-11 21:15:00,1.15421,1.15426,1.15408,1.15414,225,0,0
2026-08-11 23:30:00,2026-08-11 21:30:00,1.15413,1.15415,1.15394,1.15395,248,0,0
2026-08-11 23:45:00,2026-08-11 21:45:00,1.15397,1.15430,1.15393,1.15426,341,0,0
2026-08-12 00:00:00,2026-08-11 22:00:00,1.15399,1.15399,1.15389,1.15392,96,34,0
2026-08-12 00:15:00,2026-08-11 22:15:00,1.15392,1.15398,1.15380,1.15391,181,18,0
2026-08-12 00:30:00,2026-08-11 22:30:00,1.15390,1.15403,1.15388,1.15401,113,12,0
2026-08-12 00:45:00,2026-08-11 22:45:00,1.15401,1.15401,1.15393,1.15395,141,21,0
2026-08-12 01:00:00,2026-08-11 23:00:00,1.15404,1.15428,1.15401,1.15425,152,2,0
2026-08-12 01:15:00,2026-08-11 23:15:00,1.15426,1.15430,1.15421,1.15429,149,2,0
2026-08-12 01:30:00,2026-08-11 23:30:00,1.15430,1.15430,1.15415,1.15422,356,0,0
2026-08-12 01:45:00,2026-08-11 23:45:00,1.15422,1.15434,1.15420,1.15434,261,0,0
2026-08-12 02:00:00,2026-08-12 00:00:00,1.15434,1.15436,1.15424,1.15424,234,0,0
2026-08-12 02:15:00,2026-08-12 00:15:00,1.15424,1.15432,1.15417,1.15417,235,0,0
2026-08-12 02:30:00,2026-08-12 00:30:00,1.15418,1.15434,1.15411,1.15433,281,0,0
2026-08-12 02:45:00,2026-08-12 00:45:00,1.15433,1.15438,1.15421,1.15436,291,0,0
2026-08-12 03:00:00,2026-08-12 01:00:00,1.15436,1.15447,1.15422,1.15438,620,0,0
2026-08-12 03:15:00,2026-08-12 01:15:00,1.15438,1.15447,1.15433,1.15441,495,0,0
2026-08-12 03:30:00,2026-08-12 01:30:00,1.15441,1.15444,1.15424,1.15426,425,0,0
2026-08-12 03:45:00,2026-08-12 01:45:00,1.15426,1.15430,1.15395,1.15407,524,0,0
2026-08-12 04:00:00,2026-08-12 02:00:00,1.15408,1.15410,1.15366,1.15378,598,0,0
2026-08-12 04:15:00,2026-08-12 02:15:00,1.15378,1.15387,1.15367,1.15384,537,0,0
2026-08-12 04:30:00,2026-08-12 02:30:00,1.15384,1.15398,1.15374,1.15398,401,0,0
2026-08-12 04:45:00,2026-08-12 02:45:00,1.15398,1.15404,1.15378,1.15384,415,0,0
2026-08-12 05:00:00,2026-08-12 03:00:00,1.15384,1.15384,1.15368,1.15368,443,0,0
2026-08-12 05:15:00,2026-08-12 03:15:00,1.15368,1.15372,1.15352,1.15369,485,0,0
2026-08-12 05:30:00,2026-08-12 03:30:00,1.15369,1.15401,1.15369,1.15389,517,0,0
2026-08-12 05:45:00,2026-08-12 03:45:00,1.15388,1.15392,1.15372,1.15384,455,0,0
2026-08-12 06:00:00,2026-08-12 04:00:00,1.15383,1.15386,1.15368,1.15375,301,0,0
2026-08-12 06:15:00,2026-08-12 04:15:00,1.15375,1.15379,1.15364,1.15366,272,0,0
2026-08-12 06:30:00,2026-08-12 04:30:00,1.15366,1.15377,1.15360,1.15361,281,0,0
2026-08-12 06:45:00,2026-08-12 04:45:00,1.15362,1.15363,1.15349,1.15354,240,0,0
2026-08-12 07:00:00,2026-08-12 05:00:00,1.15354,1.15364,1.15342,1.15345,273,0,0
2026-08-12 07:15:00,2026-08-12 05:15:00,1.15345,1.15348,1.15329,1.15339,286,0,0
2026-08-12 07:30:00,2026-08-12 05:30:00,1.15339,1.15362,1.15338,1.15359,306,0,0
2026-08-12 07:45:00,2026-08-12 05:45:00,1.15358,1.15365,1.15349,1.15358,283,0,0
2026-08-12 08:00:00,2026-08-12 06:00:00,1.15358,1.15359,1.15338,1.15340,383,0,0
2026-08-12 08:15:00,2026-08-12 06:15:00,1.15332,1.15336,1.15322,1.15334,400,0,0
2026-08-12 08:30:00,2026-08-12 06:30:00,1.15333,1.15353,1.15333,1.15342,431,0,0
2026-08-12 08:45:00,2026-08-12 06:45:00,1.15342,1.15346,1.15328,1.15339,467,0,0
2026-08-12 09:00:00,2026-08-12 07:00:00,1.15338,1.15357,1.15334,1.15350,536,0,0
2026-08-12 09:15:00,2026-08-12 07:15:00,1.15350,1.15360,1.15344,1.15354,553,0,0
2026-08-12 09:30:00,2026-08-12 07:30:00,1.15355,1.15361,1.15340,1.15349,735,0,0
2026-08-12 09:45:00,2026-08-12 07:45:00,1.15348,1.15373,1.15341,1.15373,749,0,0
2026-08-12 10:00:00,2026-08-12 08:00:00,1.15372,1.15393,1.15360,1.15383,735,0,0
2026-08-12 10:15:00,2026-08-12 08:15:00,1.15382,1.15394,1.15372,1.15373,591,0,0
2026-08-12 10:30:00,2026-08-12 08:30:00,1.15373,1.15391,1.15370,1.15374,540,0,0
2026-08-12 10:45:00,2026-08-12 08:45:00,1.15373,1.15384,1.15358,1.15375,513,0,0
2026-08-12 11:00:00,2026-08-12 09:00:00,1.15374,1.15376,1.15345,1.15368,636,0,0
2026-08-12 11:15:00,2026-08-12 09:15:00,1.15368,1.15396,1.15357,1.15379,694,0,0
2026-08-12 11:30:00,2026-08-12 09:30:00,1.15378,1.15401,1.15366,1.15400,601,0,0
2026-08-12 11:45:00,2026-08-12 09:45:00,1.15399,1.15401,1.15367,1.15372,576,0,0
2026-08-12 12:00:00,2026-08-12 10:00:00,1.15373,1.15413,1.15368,1.15413,619,0,0
2026-08-12 12:15:00,2026-08-12 10:15:00,1.15414,1.15500,1.15402,1.15428,1188,0,0
2026-08-12 12:30:00,2026-08-12 10:30:00,1.15430,1.15447,1.15382,1.15384,1000,0,0
2026-08-12 12:45:00,2026-08-12 10:45:00,1.15384,1.15402,1.15347,1.15361,1069,0,0
2026-08-12 13:00:00,2026-08-12 11:00:00,1.15361,1.15390,1.15352,1.15361,718,0,0
2026-08-12 13:15:00,2026-08-12 11:15:00,1.15362,1.15391,1.15357,1.15379,577,0,0
2026-08-12 13:30:00,2026-08-12 11:30:00,1.15379,1.15379,1.15358,1.15371,580,0,0
2026-08-12 13:45:00,2026-08-12 11:45:00,1.15371,1.15383,1.15324,1.15349,930,0,0
2026-08-12 14:00:00,2026-08-12 12:00:00,1.15350,1.15371,1.15339,1.15345,722,0,0
2026-08-12 14:15:00,2026-08-12 12:15:00,1.15344,1.15392,1.15343,1.15389,658,0,0
2026-08-12 14:30:00,2026-08-12 12:30:00,1.15388,1.15408,1.15380,1.15407,709,0,0
2026-08-12 14:45:00,2026-08-12 12:45:00,1.15408,1.15456,1.15405,1.15434,821,0,0
2026-08-12 15:00:00,2026-08-12 13:00:00,1.15434,1.15459,1.15422,1.15451,849,0,0
2026-08-12 15:15:00,2026-08-12 13:15:00,1.15451,1.15478,1.15411,1.15463,1081,0,0
2026-08-12 15:30:00,2026-08-12 13:30:00,1.15463,1.15619,1.15328,1.15581,2758,0,0
2026-08-12 15:45:00,2026-08-12 13:45:00,1.15579,1.15598,1.15517,1.15593,1746,0,0
2026-08-12 16:00:00,2026-08-12 14:00:00,1.15598,1.15629,1.15502,1.15504,1833,0,0
2026-08-12 16:15:00,2026-08-12 14:15:00,1.15505,1.15558,1.15494,1.15545,1525,0,0
2026-08-12 16:30:00,2026-08-12 14:30:00,1.15544,1.15567,1.15462,1.15468,1564,0,0
2026-08-12 16:45:00,2026-08-12 14:45:00,1.15467,1.15534,1.15461,1.15522,1512,0,0
2026-08-12 17:00:00,2026-08-12 15:00:00,1.15522,1.15541,1.15492,1.15500,1308,0,0
2026-08-12 17:15:00,2026-08-12 15:15:00,1.15500,1.15545,1.15482,1.15489,1111,0,0
2026-08-12 17:30:00,2026-08-12 15:30:00,1.15489,1.15513,1.15428,1.15449,1251,0,0
2026-08-12 17:45:00,2026-08-12 15:45:00,1.15451,1.15474,1.15390,1.15432,1379,0,0
2026-08-12 18:00:00,2026-08-12 16:00:00,1.15428,1.15440,1.15382,1.15424,1220,0,0
2026-08-12 18:15:00,2026-08-12 16:15:00,1.15424,1.15426,1.15389,1.15395,767,0,0
2026-08-12 18:30:00,2026-08-12 16:30:00,1.15396,1.15406,1.15359,1.15369,840,0,0
2026-08-12 18:45:00,2026-08-12 16:45:00,1.15370,1.15405,1.15352,1.15395,871,0,0
2026-08-12 19:00:00,2026-08-12 17:00:00,1.15394,1.15402,1.15335,1.15359,796,0,0
2026-08-12 19:15:00,2026-08-12 17:15:00,1.15359,1.15362,1.15316,1.15316,792,0,0
2026-08-12 19:30:00,2026-08-12 17:30:00,1.15318,1.15323,1.15283,1.15301,711,0,0
2026-08-12 19:45:00,2026-08-12 17:45:00,1.15302,1.15308,1.15245,1.15281,798,0,0
2026-08-12 20:00:00,2026-08-12 18:00:00,1.15280,1.15308,1.15279,1.15281,808,0,0
2026-08-12 20:15:00,2026-08-12 18:15:00,1.15282,1.15285,1.15262,1.15279,603,0,0
2026-08-12 20:30:00,2026-08-12 18:30:00,1.15278,1.15289,1.15225,1.15228,704,0,0
2026-08-12 20:45:00,2026-08-12 18:45:00,1.15227,1.15252,1.15213,1.15215,735,0,0
2026-08-12 21:00:00,2026-08-12 19:00:00,1.15214,1.15255,1.15200,1.15244,763,0,0
2026-08-12 21:15:00,2026-08-12 19:15:00,1.15245,1.15271,1.15238,1.15249,615,0,0
2026-08-12 21:30:00,2026-08-12 19:30:00,1.15247,1.15252,1.15230,1.15236,436,0,0
2026-08-12 21:45:00,2026-08-12 19:45:00,1.15237,1.15243,1.15199,1.15210,494,0,0
2026-08-12 22:00:00,2026-08-12 20:00:00,1.15211,1.15233,1.15206,1.15225,555,0,0
2026-08-12 22:15:00,2026-08-12 20:15:00,1.15226,1.15247,1.15221,1.15221,478,0,0
2026-08-12 22:30:00,2026-08-12 20:30:00,1.15221,1.15232,1.15209,1.15226,475,0,0
2026-08-12 22:45:00,2026-08-12 20:45:00,1.15225,1.15229,1.15200,1.15225,581,0,0
2026-08-12 23:00:00,2026-08-12 21:00:00,1.15225,1.15244,1.15219,1.15222,449,0,0
2026-08-12 23:15:00,2026-08-12 21:15:00,1.15223,1.15229,1.15214,1.15226,323,0,0
2026-08-12 23:30:00,2026-08-12 21:30:00,1.15226,1.15247,1.15223,1.15245,286,0,0
2026-08-12 23:45:00,2026-08-12 21:45:00,1.15245,1.15262,1.15236,1.15249,350,0,0
2026-08-13 00:00:00,2026-08-12 22:00:00,1.15188,1.15223,1.15184,1.15206,124,33,0
2026-08-13 00:15:00,2026-08-12 22:15:00,1.15207,1.15214,1.15204,1.15213,101,35,0
2026-08-13 00:30:00,2026-08-12 22:30:00,1.15214,1.15220,1.15208,1.15218,134,28,0
2026-08-13 00:45:00,2026-08-12 22:45:00,1.15217,1.15219,1.15212,1.15218,189,29,0
2026-08-13 01:00:00,2026-08-12 23:00:00,1.15229,1.15252,1.15226,1.15249,256,0,0
2026-08-13 01:15:00,2026-08-12 23:15:00,1.15249,1.15252,1.15244,1.15249,205,0,0
2026-08-13 01:30:00,2026-08-12 23:30:00,1.15250,1.15259,1.15248,1.15259,217,0,0
2026-08-13 01:45:00,2026-08-12 23:45:00,1.15258,1.15268,1.15256,1.15267,138,0,0
2026-08-13 02:00:00,2026-08-13 00:00:00,1.15267,1.15275,1.15263,1.15268,187,0,0
2026-08-13 02:15:00,2026-08-13 00:15:00,1.15269,1.15276,1.15266,1.15269,261,0,0
2026-08-13 02:30:00,2026-08-13 00:30:00,1.15269,1.15274,1.15262,1.15270,230,0,0
2026-08-13 02:45:00,2026-08-13 00:45:00,1.15271,1.15280,1.15263,1.15278,265,0,0
2026-08-13 03:00:00,2026-08-13 01:00:00,1.15278,1.15301,1.15278,1.15285,601,0,0
2026-08-13 03:15:00,2026-08-13 01:15:00,1.15285,1.15300,1.15283,1.15295,508,0,0
2026-08-13 03:30:00,2026-08-13 01:30:00,1.15295,1.15313,1.15294,1.15305,603,0,0
2026-08-13 03:45:00,2026-08-13 01:45:00,1.15304,1.15305,1.15266,1.15289,540,0,0
2026-08-13 04:00:00,2026-08-13 02:00:00,1.15289,1.15297,1.15272,1.15288,658,0,0
2026-08-13 04:15:00,2026-08-13 02:15:00,1.15287,1.15303,1.15287,1.15296,466,0,0
2026-08-13 04:30:00,2026-08-13 02:30:00,1.15296,1.15311,1.15279,1.15281,455,0,0
2026-08-13 04:45:00,2026-08-13 02:45:00,1.15281,1.15281,1.15236,1.15248,548,0,0
2026-08-13 05:00:00,2026-08-13 03:00:00,1.15248,1.15256,1.15237,1.15239,428,0,0
2026-08-13 05:15:00,2026-08-13 03:15:00,1.15240,1.15242,1.15216,1.15217,373,0,0
2026-08-13 05:30:00,2026-08-13 03:30:00,1.15216,1.15227,1.15199,1.15218,474,0,0
2026-08-13 05:45:00,2026-08-13 03:45:00,1.15218,1.15225,1.15210,1.15218,317,0,0
2026-08-13 06:00:00,2026-08-13 04:00:00,1.15219,1.15244,1.15207,1.15222,636,0,0
2026-08-13 06:15:00,2026-08-13 04:15:00,1.15222,1.15224,1.15201,1.15218,546,0,0
2026-08-13 06:30:00,2026-08-13 04:30:00,1.15218,1.15233,1.15215,1.15231,392,0,0
2026-08-13 06:45:00,2026-08-13 04:45:00,1.15231,1.15231,1.15217,1.15224,351,0,0
2026-08-13 07:00:00,2026-08-13 05:00:00,1.15225,1.15227,1.15207,1.15211,401,0,0
2026-08-13 07:15:00,2026-08-13 05:15:00,1.15213,1.15217,1.15199,1.15215,337,0,0
2026-08-13 07:30:00,2026-08-13 05:30:00,1.15215,1.15220,1.15210,1.15214,271,0,0
2026-08-13 07:45:00,2026-08-13 05:45:00,1.15214,1.15271,1.15214,1.15259,738,0,0
2026-08-13 08:00:00,2026-08-13 06:00:00,1.15256,1.15265,1.15247,1.15258,533,0,0
2026-08-13 08:15:00,2026-08-13 06:15:00,1.15259,1.15272,1.15255,1.15266,438,0,0
2026-08-13 08:30:00,2026-08-13 06:30:00,1.15265,1.15267,1.15239,1.15240,415,0,0
2026-08-13 08:45:00,2026-08-13 06:45:00,1.15241,1.15258,1.15233,1.15250,518,0,0
2026-08-13 09:00:00,2026-08-13 07:00:00,1.15252,1.15262,1.15203,1.15207,704,0,0
2026-08-13 09:15:00,2026-08-13 07:15:00,1.15206,1.15224,1.15174,1.15180,746,0,0
2026-08-13 09:30:00,2026-08-13 07:30:00,1.15181,1.15183,1.15118,1.15164,1000,0,0
2026-08-13 09:45:00,2026-08-13 07:45:00,1.15164,1.15185,1.15157,1.15184,648,0,0
2026-08-13 10:00:00,2026-08-13 08:00:00,1.15184,1.15200,1.15169,1.15181,635,0,0
2026-08-13 10:15:00,2026-08-13 08:15:00,1.15181,1.15218,1.15177,1.15216,767,0,0
2026-08-13 10:30:00,2026-08-13 08:30:00,1.15215,1.15251,1.15202,1.15250,811,0,0
2026-08-13 10:45:00,2026-08-13 08:45:00,1.15250,1.15279,1.15243,1.15256,891,0,0
2026-08-13 11:00:00,2026-08-13 09:00:00,1.15257,1.15265,1.15226,1.15255,863,0,0
2026-08-13 11:15:00,2026-08-13 09:15:00,1.15254,1.15256,1.15236,1.15249,649,0,0
2026-08-13 11:30:00,2026-08-13 09:30:00,1.15249,1.15276,1.15246,1.15269,664,0,0
2026-08-13 11:45:00,2026-08-13 09:45:00,1.15269,1.15286,1.15237,1.15241,724,0,0
2026-08-13 12:00:00,2026-08-13 10:00:00,1.15241,1.15281,1.15232,1.15280,700,0,0
2026-08-13 12:15:00,2026-08-13 10:15:00,1.15280,1.15323,1.15277,1.15313,780,0,0
2026-08-13 12:30:00,2026-08-13 10:30:00,1.15312,1.15328,1.15299,1.15314,591,0,0
2026-08-13 12:45:00,2026-08-13 10:45:00,1.15316,1.15349,1.15307,1.15345,547,0,0
2026-08-13 13:00:00,2026-08-13 11:00:00,1.15345,1.15365,1.15340,1.15351,779,0,0
2026-08-13 13:15:00,2026-08-13 11:15:00,1.15351,1.15375,1.15337,1.15375,568,0,0
2026-08-13 13:30:00,2026-08-13 11:30:00,1.15376,1.15387,1.15368,1.15370,580,0,0
2026-08-13 13:45:00,2026-08-13 11:45:00,1.15369,1.15372,1.15348,1.15359,557,0,0
2026-08-13 14:00:00,2026-08-13 12:00:00,1.15361,1.15388,1.15347,1.15385,582,0,0
2026-08-13 14:15:00,2026-08-13 12:15:00,1.15386,1.15388,1.15358,1.15376,688,0,0
2026-08-13 14:30:00,2026-08-13 12:30:00,1.15375,1.15376,1.15354,1.15358,537,0,0
2026-08-13 14:45:00,2026-08-13 12:45:00,1.15358,1.15367,1.15324,1.15341,706,0,0
2026-08-13 15:00:00,2026-08-13 13:00:00,1.15341,1.15349,1.15323,1.15326,726,0,0
2026-08-13 15:15:00,2026-08-13 13:15:00,1.15327,1.15328,1.15301,1.15311,729,0,0
2026-08-13 15:30:00,2026-08-13 13:30:00,1.15314,1.15343,1.15257,1.15313,1475,0,0
2026-08-13 15:45:00,2026-08-13 13:45:00,1.15312,1.15445,1.15312,1.15437,1281,0,0
2026-08-13 16:00:00,2026-08-13 14:00:00,1.15441,1.15453,1.15377,1.15398,1404,0,0
2026-08-13 16:15:00,2026-08-13 14:15:00,1.15398,1.15419,1.15347,1.15354,974,0,0
2026-08-13 16:30:00,2026-08-13 14:30:00,1.15353,1.15363,1.15305,1.15343,1207,0,0
2026-08-13 16:45:00,2026-08-13 14:45:00,1.15342,1.15363,1.15307,1.15343,1339,0,0
2026-08-13 17:00:00,2026-08-13 15:00:00,1.15345,1.15418,1.15314,1.15416,1588,0,0
2026-08-13 17:15:00,2026-08-13 15:15:00,1.15416,1.15456,1.15386,1.15386,1283,0,0
2026-08-13 17:30:00,2026-08-13 15:30:00,1.15386,1.15421,1.15369,1.15402,1167,0,0
2026-08-13 17:45:00,2026-08-13 15:45:00,1.15403,1.15453,1.15388,1.15440,1113,0,0
2026-08-13 18:00:00,2026-08-13 16:00:00,1.15439,1.15455,1.15377,1.15382,1215,0,0
2026-08-13 18:15:00,2026-08-13 16:15:00,1.15381,1.15385,1.15326,1.15337,1306,0,0
2026-08-13 18:30:00,2026-08-13 16:30:00,1.15338,1.15366,1.15326,1.15330,1369,0,0
2026-08-13 18:45:00,2026-08-13 16:45:00,1.15331,1.15348,1.15301,1.15306,777,0,0
2026-08-13 19:00:00,2026-08-13 17:00:00,1.15307,1.15330,1.15278,1.15288,839,0,0
2026-08-13 19:15:00,2026-08-13 17:15:00,1.15290,1.15294,1.15243,1.15263,972,0,0
2026-08-13 19:30:00,2026-08-13 17:30:00,1.15264,1.15296,1.15252,1.15288,836,0,0
2026-08-13 19:45:00,2026-08-13 17:45:00,1.15289,1.15307,1.15287,1.15295,881,0,0
2026-08-13 20:00:00,2026-08-13 18:00:00,1.15294,1.15317,1.15276,1.15276,930,0,0
2026-08-13 20:15:00,2026-08-13 18:15:00,1.15277,1.15292,1.15258,1.15265,481,0,0
2026-08-13 20:30:00,2026-08-13 18:30:00,1.15265,1.15295,1.15262,1.15295,602,0,0
2026-08-13 20:45:00,2026-08-13 18:45:00,1.15294,1.15295,1.15277,1.15280,550,0,0
2026-08-13 21:00:00,2026-08-13 19:00:00,1.15279,1.15322,1.15264,1.15316,639,0,0
2026-08-13 21:15:00,2026-08-13 19:15:00,1.15315,1.15315,1.15282,1.15291,538,0,0
2026-08-13 21:30:00,2026-08-13 19:30:00,1.15292,1.15310,1.15282,1.15301,391,0,0
2026-08-13 21:45:00,2026-08-13 19:45:00,1.15299,1.15306,1.15288,1.15291,635,0,0
2026-08-13 22:00:00,2026-08-13 20:00:00,1.15289,1.15307,1.15288,1.15301,517,0,0
2026-08-13 22:15:00,2026-08-13 20:15:00,1.15300,1.15315,1.15298,1.15313,351,0,0
2026-08-13 22:30:00,2026-08-13 20:30:00,1.15312,1.15315,1.15278,1.15282,481,0,0
2026-08-13 22:45:00,2026-08-13 20:45:00,1.15283,1.15294,1.15276,1.15288,557,0,0
2026-08-13 23:00:00,2026-08-13 21:00:00,1.15288,1.15294,1.15261,1.15271,382,0,0
2026-08-13 23:15:00,2026-08-13 21:15:00,1.15272,1.15284,1.15266,1.15282,204,0,0
2026-08-13 23:30:00,2026-08-13 21:30:00,1.15282,1.15285,1.15272,1.15279,282,0,0
2026-08-13 23:45:00,2026-08-13 21:45:00,1.15280,1.15300,1.15280,1.15293,195,0,0
2026-08-14 00:00:00,2026-08-13 22:00:00,1.15260,1.15262,1.15252,1.15254,84,18,0
2026-08-14 00:15:00,2026-08-13 22:15:00,1.15253,1.15286,1.15253,1.15286,99,12,0
2026-08-14 00:30:00,2026-08-13 22:30:00,1.15285,1.15311,1.15279,1.15279,97,12,0
2026-08-14 00:45:00,2026-08-13 22:45:00,1.15278,1.15283,1.15266,1.15276,105,12,0
2026-08-14 01:00:00,2026-08-13 23:00:00,1.15284,1.15308,1.15281,1.15291,232,0,0
2026-08-14 01:15:00,2026-08-13 23:15:00,1.15291,1.15315,1.15290,1.15307,193,0,0
2026-08-14 01:30:00,2026-08-13 23:30:00,1.15307,1.15316,1.15303,1.15314,191,0,0
2026-08-14 01:45:00,2026-08-13 23:45:00,1.15313,1.15318,1.15309,1.15315,236,0,0
2026-08-14 02:00:00,2026-08-14 00:00:00,1.15315,1.15335,1.15313,1.15329,192,0,0
2026-08-14 02:15:00,2026-08-14 00:15:00,1.15330,1.15331,1.15322,1.15326,213,0,0
2026-08-14 02:30:00,2026-08-14 00:30:00,1.15326,1.15338,1.15323,1.15334,174,0,0
2026-08-14 02:45:00,2026-08-14 00:45:00,1.15335,1.15343,1.15333,1.15340,240,0,0
2026-08-14 03:00:00,2026-08-14 01:00:00,1.15339,1.15358,1.15335,1.15348,566,0,0
2026-08-14 03:15:00,2026-08-14 01:15:00,1.15348,1.15372,1.15345,1.15368,594,0,0
2026-08-14 03:30:00,2026-08-14 01:30:00,1.15369,1.15376,1.15361,1.15366,461,0,0
2026-08-14 03:45:00,2026-08-14 01:45:00,1.15367,1.15393,1.15360,1.15383,537,0,0
2026-08-14 04:00:00,2026-08-14 02:00:00,1.15383,1.15383,1.15333,1.15336,657,0,0
2026-08-14 04:15:00,2026-08-14 02:15:00,1.15336,1.15355,1.15321,1.15339,602,0,0
2026-08-14 04:30:00,2026-08-14 02:30:00,1.15339,1.15380,1.15335,1.15364,456,0,0
2026-08-14 04:45:00,2026-08-14 02:45:00,1.15364,1.15375,1.15340,1.15340,410,0,0
2026-08-14 05:00:00,2026-08-14 03:00:00,1.15341,1.15362,1.15340,1.15360,367,0,0
2026-08-14 05:15:00,2026-08-14 03:15:00,1.15361,1.15371,1.15349,1.15360,276,0,0
2026-08-14 05:30:00,2026-08-14 03:30:00,1.15359,1.15374,1.15357,1.15372,404,0,0
2026-08-14 05:45:00,2026-08-14 03:45:00,1.15369,1.15371,1.15336,1.15343,472,0,0
2026-08-14 06:00:00,2026-08-14 04:00:00,1.15343,1.15357,1.15339,1.15354,421,0,0
2026-08-14 06:15:00,2026-08-14 04:15:00,1.15354,1.15394,1.15351,1.15382,430,0,0
2026-08-14 06:30:00,2026-08-14 04:30:00,1.15382,1.15386,1.15368,1.15374,392,0,0
2026-08-14 06:45:00,2026-08-14 04:45:00,1.15375,1.15378,1.15361,1.15372,311,0,0
2026-08-14 07:00:00,2026-08-14 05:00:00,1.15372,1.15405,1.15369,1.15394,424,0,0
2026-08-14 07:15:00,2026-08-14 05:15:00,1.15394,1.15399,1.15367,1.15370,270,0,0
2026-08-14 07:30:00,2026-08-14 05:30:00,1.15370,1.15396,1.15368,1.15384,420,0,0
2026-08-14 07:45:00,2026-08-14 05:45:00,1.15383,1.15399,1.15379,1.15388,240,0,0
2026-08-14 08:00:00,2026-08-14 06:00:00,1.15388,1.15401,1.15384,1.15399,343,0,0
2026-08-14 08:15:00,2026-08-14 06:15:00,1.15399,1.15414,1.15393,1.15410,295,0,0
2026-08-14 08:30:00,2026-08-14 06:30:00,1.15410,1.15431,1.15402,1.15410,561,0,0
2026-08-14 08:45:00,2026-08-14 06:45:00,1.15409,1.15419,1.15403,1.15419,430,0,0
2026-08-14 09:00:00,2026-08-14 07:00:00,1.15418,1.15441,1.15406,1.15413,870,0,0
2026-08-14 09:15:00,2026-08-14 07:15:00,1.15413,1.15417,1.15388,1.15398,656,0,0
2026-08-14 09:30:00,2026-08-14 07:30:00,1.15399,1.15430,1.15396,1.15427,739,0,0
2026-08-14 09:45:00,2026-08-14 07:45:00,1.15426,1.15445,1.15410,1.15444,795,0,0
2026-08-14 10:00:00,2026-08-14 08:00:00,1.15445,1.15473,1.15429,1.15451,1005,0,0
2026-08-14 10:15:00,2026-08-14 08:15:00,1.15452,1.15476,1.15442,1.15460,984,0,0
2026-08-14 10:30:00,2026-08-14 08:30:00,1.15460,1.15492,1.15447,1.15483,863,0,0
2026-08-14 10:45:00,2026-08-14 08:45:00,1.15484,1.15514,1.15482,1.15510,1062,0,0
2026-08-14 11:00:00,2026-08-14 09:00:00,1.15508,1.15556,1.15505,1.15540,1086,0,0
2026-08-14 11:15:00,2026-08-14 09:15:00,1.15541,1.15543,1.15503,1.15530,845,0,0
2026-08-14 11:30:00,2026-08-14 09:30:00,1.15530,1.15578,1.15505,1.15546,911,0,0
2026-08-14 11:45:00,2026-08-14 09:45:00,1.15545,1.15560,1.15522,1.15558,953,0,0
2026-08-14 12:00:00,2026-08-14 10:00:00,1.15558,1.15571,1.15543,1.15549,816,0,0
2026-08-14 12:15:00,2026-08-14 10:15:00,1.15548,1.15557,1.15534,1.15539,658,0,0
2026-08-14 12:30:00,2026-08-14 10:30:00,1.15540,1.15552,1.15510,1.15522,765,0,0
2026-08-14 12:45:00,2026-08-14 10:45:00,1.15524,1.15549,1.15513,1.15548,927,0,0
2026-08-14 13:00:00,2026-08-14 11:00:00,1.15548,1.15556,1.15520,1.15546,799,0,0
2026-08-14 13:15:00,2026-08-14 11:15:00,1.15547,1.15553,1.15530,1.15533,697,0,0
2026-08-14 13:30:00,2026-08-14 11:30:00,1.15533,1.15551,1.15529,1.15551,708,0,0
2026-08-14 13:45:00,2026-08-14 11:45:00,1.15550,1.15563,1.15540,1.15557,811,0,0
2026-08-14 14:00:00,2026-08-14 12:00:00,1.15557,1.15590,1.15555,1.15590,876,0,0
2026-08-14 14:15:00,2026-08-14 12:15:00,1.15589,1.15641,1.15586,1.15628,1072,0,0
2026-08-14 14:30:00,2026-08-14 12:30:00,1.15628,1.15718,1.15620,1.15691,1200,0,0
2026-08-14 14:45:00,2026-08-14 12:45:00,1.15692,1.15705,1.15650,1.15654,1045,0,0
2026-08-14 15:00:00,2026-08-14 13:00:00,1.15660,1.15711,1.15629,1.15641,1270,0,0
2026-08-14 15:15:00,2026-08-14 13:15:00,1.15641,1.15719,1.15640,1.15698,1210,0,0
2026-08-14 15:30:00,2026-08-14 13:30:00,1.15700,1.15786,1.15660,1.15661,1897,0,0
2026-08-14 15:45:00,2026-08-14 13:45:00,1.15660,1.15701,1.15635,1.15661,1427,0,0
2026-08-14 16:00:00,2026-08-14 14:00:00,1.15660,1.15669,1.15621,1.15632,1478,0,0
2026-08-14 16:15:00,2026-08-14 14:15:00,1.15631,1.15696,1.15621,1.15675,1465,0,0
2026-08-14 16:30:00,2026-08-14 14:30:00,1.15676,1.15827,1.15665,1.15815,1796,0,0
2026-08-14 16:45:00,2026-08-14 14:45:00,1.15816,1.15847,1.15759,1.15804,1453,0,0
2026-08-14 17:00:00,2026-08-14 15:00:00,1.15803,1.15845,1.15777,1.15793,1556,0,0
2026-08-14 17:15:00,2026-08-14 15:15:00,1.15793,1.15855,1.15769,1.15836,1336,0,0
2026-08-14 17:30:00,2026-08-14 15:30:00,1.15837,1.15841,1.15781,1.15824,1261,0,0
2026-08-14 17:45:00,2026-08-14 15:45:00,1.15825,1.15825,1.15779,1.15808,1311,0,0
2026-08-14 18:00:00,2026-08-14 16:00:00,1.15807,1.15845,1.15800,1.15809,1160,0,0
2026-08-14 18:15:00,2026-08-14 16:15:00,1.15809,1.15829,1.15770,1.15811,1160,0,0
2026-08-14 18:30:00,2026-08-14 16:30:00,1.15813,1.15854,1.15802,1.15816,1163,0,0
2026-08-14 18:45:00,2026-08-14 16:45:00,1.15817,1.15852,1.15797,1.15802,1141,0,0
2026-08-14 19:00:00,2026-08-14 17:00:00,1.15805,1.15820,1.15760,1.15767,901,0,0
2026-08-14 19:15:00,2026-08-14 17:15:00,1.15767,1.15803,1.15755,1.15757,840,0,0
2026-08-14 19:30:00,2026-08-14 17:30:00,1.15758,1.15783,1.15735,1.15740,742,0,0
2026-08-14 19:45:00,2026-08-14 17:45:00,1.15739,1.15750,1.15701,1.15711,685,0,0
2026-08-14 20:00:00,2026-08-14 18:00:00,1.15710,1.15713,1.15661,1.15672,686,0,0
2026-08-14 20:15:00,2026-08-14 18:15:00,1.15673,1.15681,1.15639,1.15653,743,0,0
2026-08-14 20:30:00,2026-08-14 18:30:00,1.15653,1.15662,1.15636,1.15636,604,0,0
2026-08-14 20:45:00,2026-08-14 18:45:00,1.15636,1.15649,1.15629,1.15648,560,0,0
2026-08-14 21:00:00,2026-08-14 19:00:00,1.15648,1.15661,1.15633,1.15633,752,0,0
2026-08-14 21:15:00,2026-08-14 19:15:00,1.15634,1.15666,1.15631,1.15664,523,0,0
2026-08-14 21:30:00,2026-08-14 19:30:00,1.15663,1.15666,1.15645,1.15655,406,0,0
2026-08-14 21:45:00,2026-08-14 19:45:00,1.15655,1.15670,1.15647,1.15654,394,0,0
2026-08-14 22:00:00,2026-08-14 20:00:00,1.15659,1.15681,1.15645,1.15671,538,0,0
2026-08-14 22:15:00,2026-08-14 20:15:00,1.15670,1.15692,1.15664,1.15681,401,0,0
2026-08-14 22:30:00,2026-08-14 20:30:00,1.15681,1.15691,1.15653,1.15664,606,0,0
2026-08-14 22:45:00,2026-08-14 20:45:00,1.15665,1.15688,1.15660,1.15684,606,0,0
2026-08-14 23:00:00,2026-08-14 21:00:00,1.15684,1.15694,1.15676,1.15680,386,0,0
2026-08-14 23:15:00,2026-08-14 21:15:00,1.15681,1.15694,1.15674,1.15692,306,0,0
2026-08-14 23:30:00,2026-08-14 21:30:00,1.15692,1.15699,1.15672,1.15676,341,0,0
2026-08-14 23:45:00,2026-08-14 21:45:00,1.15674,1.15692,1.15670,1.15690,261,0,0
2026-08-17 00:00:00,2026-08-16 22:00:00,1.15594,1.15636,1.15594,1.15633,64,54,0
2026-08-17 00:15:00,2026-08-16 22:15:00,1.15632,1.15638,1.15623,1.15629,240,54,0
2026-08-17 00:30:00,2026-08-16 22:30:00,1.15627,1.15631,1.15621,1.15622,152,54,0
2026-08-17 00:45:00,2026-08-16 22:45:00,1.15625,1.15638,1.15602,1.15630,166,38,0
2026-08-17 01:00:00,2026-08-16 23:00:00,1.15646,1.15682,1.15642,1.15667,261,0,0
2026-08-17 01:15:00,2026-08-16 23:15:00,1.15667,1.15697,1.15665,1.15694,268,0,0
2026-08-17 01:30:00,2026-08-16 23:30:00,1.15693,1.15722,1.15693,1.15717,340,0,0
2026-08-17 01:45:00,2026-08-16 23:45:00,1.15717,1.15752,1.15712,1.15748,331,0,0
2026-08-17 02:00:00,2026-08-17 00:00:00,1.15748,1.15754,1.15743,1.15749,315,0,0
2026-08-17 02:15:00,2026-08-17 00:15:00,1.15749,1.15749,1.15741,1.15743,256,0,0
2026-08-17 02:30:00,2026-08-17 00:30:00,1.15743,1.15752,1.15737,1.15750,256,0,0
2026-08-17 02:45:00,2026-08-17 00:45:00,1.15750,1.15760,1.15726,1.15737,285,0,0
2026-08-17 03:00:00,2026-08-17 01:00:00,1.15737,1.15800,1.15737,1.15797,736,0,0
2026-08-17 03:15:00,2026-08-17 01:15:00,1.15797,1.15806,1.15781,1.15796,610,0,0
2026-08-17 03:30:00,2026-08-17 01:30:00,1.15796,1.15810,1.15782,1.15792,532,0,0
2026-08-17 03:45:00,2026-08-17 01:45:00,1.15792,1.15806,1.15783,1.15801,573,0,0
2026-08-17 04:00:00,2026-08-17 02:00:00,1.15801,1.15810,1.15781,1.15796,749,0,0
2026-08-17 04:15:00,2026-08-17 02:15:00,1.15796,1.15830,1.15786,1.15820,662,0,0
2026-08-17 04:30:00,2026-08-17 02:30:00,1.15819,1.15825,1.15781,1.15824,626,0,0
2026-08-17 04:45:00,2026-08-17 02:45:00,1.15824,1.15837,1.15817,1.15836,651,0,0
2026-08-17 05:00:00,2026-08-17 03:00:00,1.15835,1.15842,1.15818,1.15832,436,0,0
2026-08-17 05:15:00,2026-08-17 03:15:00,1.15831,1.15843,1.15821,1.15842,334,0,0
2026-08-17 05:30:00,2026-08-17 03:30:00,1.15843,1.15843,1.15804,1.15811,395,0,0
2026-08-17 05:45:00,2026-08-17 03:45:00,1.15811,1.15817,1.15790,1.15798,420,0,0
2026-08-17 06:00:00,2026-08-17 04:00:00,1.15796,1.15803,1.15785,1.15791,531,0,0
2026-08-17 06:15:00,2026-08-17 04:15:00,1.15791,1.15806,1.15790,1.15798,421,0,0
2026-08-17 06:30:00,2026-08-17 04:30:00,1.15797,1.15806,1.15785,1.15798,421,0,0
2026-08-17 06:45:00,2026-08-17 04:45:00,1.15798,1.15837,1.15796,1.15836,449,0,0
2026-08-17 07:00:00,2026-08-17 05:00:00,1.15835,1.15881,1.15826,1.15871,667,0,0
2026-08-17 07:15:00,2026-08-17 05:15:00,1.15871,1.15874,1.15854,1.15867,415,0,0
2026-08-17 07:30:00,2026-08-17 05:30:00,1.15867,1.15872,1.15853,1.15867,410,0,0
2026-08-17 07:45:00,2026-08-17 05:45:00,1.15867,1.15872,1.15843,1.15847,388,0,0
2026-08-17 08:00:00,2026-08-17 06:00:00,1.15849,1.15860,1.15826,1.15832,506,0,0
2026-08-17 08:15:00,2026-08-17 06:15:00,1.15832,1.15874,1.15829,1.15871,570,0,0
2026-08-17 08:30:00,2026-08-17 06:30:00,1.15872,1.15879,1.15851,1.15872,585,0,0
2026-08-17 08:45:00,2026-08-17 06:45:00,1.15872,1.15894,1.15864,1.15872,745,0,0
2026-08-17 09:00:00,2026-08-17 07:00:00,1.15873,1.15895,1.15836,1.15849,1007,0,0
2026-08-17 09:15:00,2026-08-17 07:15:00,1.15850,1.15924,1.15848,1.15923,885,0,0
2026-08-17 09:30:00,2026-08-17 07:30:00,1.15921,1.15922,1.15880,1.15909,900,0,0
2026-08-17 09:45:00,2026-08-17 07:45:00,1.15909,1.15968,1.15907,1.15957,1296,0,0
2026-08-17 10:00:00,2026-08-17 08:00:00,1.15956,1.15979,1.15927,1.15973,1230,0,0
2026-08-17 10:15:00,2026-08-17 08:15:00,1.15971,1.16065,1.15968,1.16063,1329,0,0
2026-08-17 10:30:00,2026-08-17 08:30:00,1.16063,1.16121,1.16061,1.16090,1405,0,0
2026-08-17 10:45:00,2026-08-17 08:45:00,1.16090,1.16095,1.16055,1.16066,1221,0,0
2026-08-17 11:00:00,2026-08-17 09:00:00,1.16067,1.16078,1.16039,1.16062,1074,0,0
2026-08-17 11:15:00,2026-08-17 09:15:00,1.16061,1.16142,1.16061,1.16141,1046,0,0
2026-08-17 11:30:00,2026-08-17 09:30:00,1.16141,1.16142,1.16053,1.16055,1084,0,0
2026-08-17 11:45:00,2026-08-17 09:45:00,1.16055,1.16069,1.15954,1.15989,1282,0,0
2026-08-17 12:00:00,2026-08-17 10:00:00,1.15990,1.16010,1.15972,1.15988,1175,0,0
2026-08-17 12:15:00,2026-08-17 10:15:00,1.15988,1.16024,1.15983,1.16016,821,0,0
2026-08-17 12:30:00,2026-08-17 10:30:00,1.16016,1.16025,1.15987,1.16002,819,0,0
2026-08-17 12:45:00,2026-08-17 10:45:00,1.16001,1.16010,1.15961,1.15969,907,0,0
2026-08-17 13:00:00,2026-08-17 11:00:00,1.15970,1.15970,1.15926,1.15948,907,0,0
2026-08-17 13:15:00,2026-08-17 11:15:00,1.15949,1.15983,1.15936,1.15977,915,0,0
2026-08-17 13:30:00,2026-08-17 11:30:00,1.15976,1.15984,1.15911,1.15926,1143,0,0
2026-08-17 13:45:00,2026-08-17 11:45:00,1.15928,1.15937,1.15895,1.15905,804,0,0
2026-08-17 14:00:00,2026-08-17 12:00:00,1.15906,1.15956,1.15901,1.15908,783,0,0
2026-08-17 14:15:00,2026-08-17 12:15:00,1.15909,1.15911,1.15875,1.15901,800,0,0
2026-08-17 14:30:00,2026-08-17 12:30:00,1.15899,1.15918,1.15886,1.15889,818,0,0
2026-08-17 14:45:00,2026-08-17 12:45:00,1.15889,1.15930,1.15879,1.15923,930,0,0
2026-08-17 15:00:00,2026-08-17 13:00:00,1.15924,1.15962,1.15916,1.15926,1009,0,0
2026-08-17 15:15:00,2026-08-17 13:15:00,1.15926,1.15960,1.15872,1.15908,1216,0,0
2026-08-17 15:30:00,2026-08-17 13:30:00,1.15908,1.15946,1.15888,1.15941,1035,0,0
2026-08-17 15:45:00,2026-08-17 13:45:00,1.15941,1.15977,1.15907,1.15976,1179,0,0
2026-08-17 16:00:00,2026-08-17 14:00:00,1.15979,1.15999,1.15954,1.15958,1363,0,0
2026-08-17 16:15:00,2026-08-17 14:15:00,1.15959,1.15992,1.15947,1.15960,1160,0,0
2026-08-17 16:30:00,2026-08-17 14:30:00,1.15959,1.15993,1.15907,1.15908,1181,0,0
2026-08-17 16:45:00,2026-08-17 14:45:00,1.15906,1.15953,1.15876,1.15947,1150,0,0
2026-08-17 17:00:00,2026-08-17 15:00:00,1.15949,1.15970,1.15925,1.15963,1345,0,0
2026-08-17 17:15:00,2026-08-17 15:15:00,1.15963,1.15994,1.15912,1.15931,1249,0,0
2026-08-17 17:30:00,2026-08-17 15:30:00,1.15932,1.15940,1.15869,1.15888,1146,0,0
2026-08-17 17:45:00,2026-08-17 15:45:00,1.15886,1.15909,1.15861,1.15868,1297,0,0
2026-08-17 18:00:00,2026-08-17 16:00:00,1.15868,1.15871,1.15831,1.15848,1230,0,0
2026-08-17 18:15:00,2026-08-17 16:15:00,1.15849,1.15859,1.15818,1.15848,939,0,0
2026-08-17 18:30:00,2026-08-17 16:30:00,1.15850,1.15862,1.15817,1.15822,818,0,0
2026-08-17 18:45:00,2026-08-17 16:45:00,1.15824,1.15903,1.15818,1.15900,885,0,0
2026-08-17 19:00:00,2026-08-17 17:00:00,1.15899,1.15903,1.15851,1.15873,904,0,0
2026-08-17 19:15:00,2026-08-17 17:15:00,1.15873,1.15908,1.15869,1.15886,802,0,0
2026-08-17 19:30:00,2026-08-17 17:30:00,1.15886,1.15920,1.15882,1.15913,664,0,0
2026-08-17 19:45:00,2026-08-17 17:45:00,1.15913,1.15914,1.15879,1.15884,468,0,0
2026-08-17 20:00:00,2026-08-17 18:00:00,1.15883,1.15899,1.15863,1.15863,592,0,0
2026-08-17 20:15:00,2026-08-17 18:15:00,1.15862,1.15864,1.15826,1.15848,809,0,0
2026-08-17 20:30:00,2026-08-17 18:30:00,1.15847,1.15855,1.15760,1.15796,1034,0,0
2026-08-17 20:45:00,2026-08-17 18:45:00,1.15796,1.15809,1.15771,1.15772,693,0,0
2026-08-17 21:00:00,2026-08-17 19:00:00,1.15773,1.15784,1.15752,1.15778,856,0,0
2026-08-17 21:15:00,2026-08-17 19:15:00,1.15777,1.15785,1.15731,1.15744,747,0,0
2026-08-17 21:30:00,2026-08-17 19:30:00,1.15744,1.15744,1.15708,1.15722,765,0,0
2026-08-17 21:45:00,2026-08-17 19:45:00,1.15721,1.15739,1.15712,1.15725,675,0,0
2026-08-17 22:00:00,2026-08-17 20:00:00,1.15727,1.15771,1.15723,1.15770,537,0,0
2026-08-17 22:15:00,2026-08-17 20:15:00,1.15771,1.15793,1.15769,1.15789,635,0,0
2026-08-17 22:30:00,2026-08-17 20:30:00,1.15789,1.15805,1.15772,1.15803,469,0,0
2026-08-17 22:45:00,2026-08-17 20:45:00,1.15804,1.15805,1.15771,1.15788,553,0,0
2026-08-17 23:00:00,2026-08-17 21:00:00,1.15788,1.15799,1.15775,1.15777,304,0,0
2026-08-17 23:15:00,2026-08-17 21:15:00,1.15777,1.15790,1.15776,1.15778,240,0,0
2026-08-17 23:30:00,2026-08-17 21:30:00,1.15777,1.15790,1.15771,1.15784,283,0,0
2026-08-17 23:45:00,2026-08-17 21:45:00,1.15783,1.15797,1.15780,1.15797,214,0,0
2026-08-18 00:00:00,2026-08-17 22:00:00,1.15766,1.15799,1.15753,1.15770,114,23,0
2026-08-18 00:15:00,2026-08-17 22:15:00,1.15769,1.15798,1.15768,1.15771,118,12,0
2026-08-18 00:30:00,2026-08-17 22:30:00,1.15771,1.15782,1.15767,1.15772,162,12,0
2026-08-18 00:45:00,2026-08-17 22:45:00,1.15775,1.15785,1.15768,1.15770,121,12,0
2026-08-18 01:00:00,2026-08-17 23:00:00,1.15780,1.15800,1.15777,1.15787,351,0,0
2026-08-18 01:15:00,2026-08-17 23:15:00,1.15787,1.15802,1.15776,1.15799,324,0,0
2026-08-18 01:30:00,2026-08-17 23:30:00,1.15800,1.15800,1.15782,1.15789,286,0,0
2026-08-18 01:45:00,2026-08-17 23:45:00,1.15789,1.15794,1.15783,1.15788,223,0,0
2026-08-18 02:00:00,2026-08-18 00:00:00,1.15788,1.15806,1.15782,1.15801,256,0,0
2026-08-18 02:15:00,2026-08-18 00:15:00,1.15802,1.15813,1.15797,1.15812,272,0,0
2026-08-18 02:30:00,2026-08-18 00:30:00,1.15812,1.15831,1.15808,1.15828,326,0,0
2026-08-18 02:45:00,2026-08-18 00:45:00,1.15828,1.15837,1.15822,1.15828,326,0,0
2026-08-18 03:00:00,2026-08-18 01:00:00,1.15827,1.15851,1.15818,1.15826,614,0,0
2026-08-18 03:15:00,2026-08-18 01:15:00,1.15826,1.15835,1.15795,1.15798,538,0,0
2026-08-18 03:30:00,2026-08-18 01:30:00,1.15797,1.15820,1.15776,1.15812,541,0,0
2026-08-18 03:45:00,2026-08-18 01:45:00,1.15813,1.15828,1.15796,1.15824,538,0,0
2026-08-18 04:00:00,2026-08-18 02:00:00,1.15825,1.15859,1.15814,1.15854,749,0,0
2026-08-18 04:15:00,2026-08-18 02:15:00,1.15854,1.15855,1.15796,1.15818,638,0,0
2026-08-18 04:30:00,2026-08-18 02:30:00,1.15819,1.15843,1.15810,1.15812,535,0,0
2026-08-18 04:45:00,2026-08-18 02:45:00,1.15812,1.15814,1.15788,1.15796,591,0,0
2026-08-18 05:00:00,2026-08-18 03:00:00,1.15797,1.15797,1.15766,1.15769,631,0,0
2026-08-18 05:15:00,2026-08-18 03:15:00,1.15768,1.15776,1.15759,1.15771,548,0,0
2026-08-18 05:30:00,2026-08-18 03:30:00,1.15772,1.15776,1.15751,1.15767,449,0,0
2026-08-18 05:45:00,2026-08-18 03:45:00,1.15767,1.15805,1.15766,1.15803,398,0,0
2026-08-18 06:00:00,2026-08-18 04:00:00,1.15803,1.15803,1.15775,1.15776,424,0,0
2026-08-18 06:15:00,2026-08-18 04:15:00,1.15775,1.15775,1.15747,1.15758,418,0,0
2026-08-18 06:30:00,2026-08-18 04:30:00,1.15759,1.15759,1.15720,1.15729,515,0,0
2026-08-18 06:45:00,2026-08-18 04:45:00,1.15729,1.15741,1.15715,1.15733,401,0,0
2026-08-18 07:00:00,2026-08-18 05:00:00,1.15733,1.15741,1.15702,1.15706,580,0,0
2026-08-18 07:15:00,2026-08-18 05:15:00,1.15707,1.15732,1.15697,1.15724,546,0,0
2026-08-18 07:30:00,2026-08-18 05:30:00,1.15723,1.15733,1.15707,1.15729,413,0,0
2026-08-18 07:45:00,2026-08-18 05:45:00,1.15729,1.15750,1.15713,1.15715,488,0,0
2026-08-18 08:00:00,2026-08-18 06:00:00,1.15714,1.15719,1.15692,1.15697,515,0,0
2026-08-18 08:15:00,2026-08-18 06:15:00,1.15695,1.15729,1.15693,1.15726,512,0,0
2026-08-18 08:30:00,2026-08-18 06:30:00,1.15727,1.15730,1.15704,1.15723,486,0,0
2026-08-18 08:45:00,2026-08-18 06:45:00,1.15723,1.15744,1.15722,1.15732,459,0,0
2026-08-18 09:00:00,2026-08-18 07:00:00,1.15733,1.15748,1.15670,1.15696,1398,0,0
2026-08-18 09:15:00,2026-08-18 07:15:00,1.15694,1.15727,1.15687,1.15725,887,0,0
2026-08-18 09:30:00,2026-08-18 07:30:00,1.15724,1.15726,1.15665,1.15708,812,0,0
2026-08-18 09:45:00,2026-08-18 07:45:00,1.15708,1.15723,1.15680,1.15722,849,0,0
2026-08-18 10:00:00,2026-08-18 08:00:00,1.15723,1.15744,1.15707,1.15708,1164,0,0
2026-08-18 10:15:00,2026-08-18 08:15:00,1.15708,1.15761,1.15694,1.15747,1076,0,0
2026-08-18 10:30:00,2026-08-18 08:30:00,1.15746,1.15771,1.15735,1.15756,894,0,0
2026-08-18 10:45:00,2026-08-18 08:45:00,1.15757,1.15777,1.15735,1.15738,913,0,0
2026-08-18 11:00:00,2026-08-18 09:00:00,1.15738,1.15742,1.15701,1.15717,876,0,0
2026-08-18 11:15:00,2026-08-18 09:15:00,1.15716,1.15720,1.15690,1.15715,856,0,0
2026-08-18 11:30:00,2026-08-18 09:30:00,1.15714,1.15748,1.15714,1.15748,753,0,0
2026-08-18 11:45:00,2026-08-18 09:45:00,1.15747,1.15777,1.15744,1.15761,716,0,0
2026-08-18 12:00:00,2026-08-18 10:00:00,1.15762,1.15762,1.15736,1.15743,569,0,0
2026-08-18 12:15:00,2026-08-18 10:15:00,1.15741,1.15779,1.15726,1.15775,735,0,0
2026-08-18 12:30:00,2026-08-18 10:30:00,1.15774,1.15794,1.15741,1.15762,916,0,0
2026-08-18 12:45:00,2026-08-18 10:45:00,1.15761,1.15800,1.15755,1.15793,923,0,0
2026-08-18 13:00:00,2026-08-18 11:00:00,1.15793,1.15793,1.15745,1.15748,758,0,0
2026-08-18 13:15:00,2026-08-18 11:15:00,1.15747,1.15769,1.15738,1.15766,772,0,0
2026-08-18 13:30:00,2026-08-18 11:30:00,1.15767,1.15769,1.15745,1.15754,610,0,0
2026-08-18 13:45:00,2026-08-18 11:45:00,1.15754,1.15769,1.15744,1.15760,765,0,0
2026-08-18 14:00:00,2026-08-18 12:00:00,1.15761,1.15768,1.15740,1.15744,712,0,0
2026-08-18 14:15:00,2026-08-18 12:15:00,1.15742,1.15754,1.15727,1.15729,573,0,0
2026-08-18 14:30:00,2026-08-18 12:30:00,1.15728,1.15758,1.15724,1.15741,626,0,0
2026-08-18 14:45:00,2026-08-18 12:45:00,1.15741,1.15769,1.15729,1.15767,613,0,0
2026-08-18 15:00:00,2026-08-18 13:00:00,1.15767,1.15793,1.15749,1.15776,1087,0,0
2026-08-18 15:15:00,2026-08-18 13:15:00,1.15774,1.15794,1.15739,1.15741,1036,0,0
2026-08-18 15:30:00,2026-08-18 13:30:00,1.15741,1.15760,1.15716,1.15750,949,0,0
2026-08-18 15:45:00,2026-08-18 13:45:00,1.15751,1.15780,1.15736,1.15746,934,0,0
2026-08-18 16:00:00,2026-08-18 14:00:00,1.15740,1.15796,1.15740,1.15787,1036,0,0
2026-08-18 16:15:00,2026-08-18 14:15:00,1.15788,1.15792,1.15739,1.15753,943,0,0
2026-08-18 16:30:00,2026-08-18 14:30:00,1.15752,1.15851,1.15702,1.15804,1667,0,0
2026-08-18 16:45:00,2026-08-18 14:45:00,1.15805,1.15830,1.15779,1.15806,1345,0,0
2026-08-18 17:00:00,2026-08-18 15:00:00,1.15805,1.15871,1.15804,1.15832,1454,0,0
2026-08-18 17:15:00,2026-08-18 15:15:00,1.15831,1.15885,1.15821,1.15852,1381,0,0
2026-08-18 17:30:00,2026-08-18 15:30:00,1.15851,1.15853,1.15805,1.15845,1260,0,0
2026-08-18 17:45:00,2026-08-18 15:45:00,1.15845,1.15882,1.15807,1.15810,1607,0,0
2026-08-18 18:00:00,2026-08-18 16:00:00,1.15811,1.15865,1.15771,1.15773,1635,0,0
2026-08-18 18:15:00,2026-08-18 16:15:00,1.15773,1.15815,1.15767,1.15781,1084,0,0
2026-08-18 18:30:00,2026-08-18 16:30:00,1.15779,1.15804,1.15764,1.15790,1132,0,0
2026-08-18 18:45:00,2026-08-18 16:45:00,1.15789,1.15818,1.15788,1.15793,857,0,0
2026-08-18 19:00:00,2026-08-18 17:00:00,1.15792,1.15844,1.15785,1.15833,850,0,0
2026-08-18 19:15:00,2026-08-18 17:15:00,1.15833,1.15855,1.15809,1.15810,832,0,0
2026-08-18 19:30:00,2026-08-18 17:30:00,1.15811,1.15822,1.15785,1.15818,595,0,0
2026-08-18 19:45:00,2026-08-18 17:45:00,1.15819,1.15828,1.15795,1.15796,655,0,0
2026-08-18 20:00:00,2026-08-18 18:00:00,1.15797,1.15803,1.15757,1.15763,590,0,0
2026-08-18 20:15:00,2026-08-18 18:15:00,1.15762,1.15782,1.15754,1.15772,717,0,0
2026-08-18 20:30:00,2026-08-18 18:30:00,1.15771,1.15774,1.15743,1.15763,547,0,0
2026-08-18 20:45:00,2026-08-18 18:45:00,1.15764,1.15770,1.15754,1.15765,396,0,0
2026-08-18 21:00:00,2026-08-18 19:00:00,1.15766,1.15776,1.15746,1.15774,437,0,0
2026-08-18 21:15:00,2026-08-18 19:15:00,1.15775,1.15788,1.15770,1.15772,540,0,0
2026-08-18 21:30:00,2026-08-18 19:30:00,1.15773,1.15775,1.15742,1.15745,472,0,0
2026-08-18 21:45:00,2026-08-18 19:45:00,1.15743,1.15763,1.15740,1.15757,451,0,0
2026-08-18 22:00:00,2026-08-18 20:00:00,1.15757,1.15780,1.15748,1.15768,552,0,0
2026-08-18 22:15:00,2026-08-18 20:15:00,1.15769,1.15776,1.15760,1.15766,592,0,0
2026-08-18 22:30:00,2026-08-18 20:30:00,1.15766,1.15810,1.15763,1.15788,592,0,0
2026-08-18 22:45:00,2026-08-18 20:45:00,1.15788,1.15793,1.15740,1.15748,746,0,0
2026-08-18 23:00:00,2026-08-18 21:00:00,1.15748,1.15749,1.15717,1.15729,405,0,0
2026-08-18 23:15:00,2026-08-18 21:15:00,1.15729,1.15734,1.15722,1.15732,353,0,0
2026-08-18 23:30:00,2026-08-18 21:30:00,1.15732,1.15749,1.15730,1.15740,316,0,0
2026-08-18 23:45:00,2026-08-18 21:45:00,1.15740,1.15765,1.15729,1.15758,316,0,0
2026-08-19 00:00:00,2026-08-18 22:00:00,1.15738,1.15746,1.15731,1.15745,120,36,0
2026-08-19 00:15:00,2026-08-18 22:15:00,1.15745,1.15778,1.15744,1.15771,110,20,0
2026-08-19 00:30:00,2026-08-18 22:30:00,1.15772,1.15772,1.15724,1.15736,223,12,0
2026-08-19 00:45:00,2026-08-18 22:45:00,1.15735,1.15740,1.15722,1.15732,305,24,0
2026-08-19 01:00:00,2026-08-18 23:00:00,1.15742,1.15766,1.15738,1.15745,319,0,0
2026-08-19 01:15:00,2026-08-18 23:15:00,1.15746,1.15762,1.15744,1.15749,260,0,0
2026-08-19 01:30:00,2026-08-18 23:30:00,1.15749,1.15759,1.15746,1.15751,211,0,0
2026-08-19 01:45:00,2026-08-18 23:45:00,1.15750,1.15769,1.15749,1.15763,231,0,0
2026-08-19 02:00:00,2026-08-19 00:00:00,1.15763,1.15784,1.15763,1.15768,275,0,0
2026-08-19 02:15:00,2026-08-19 00:15:00,1.15767,1.15772,1.15745,1.15750,306,0,0
2026-08-19 02:30:00,2026-08-19 00:30:00,1.15750,1.15756,1.15733,1.15740,314,0,0
2026-08-19 02:45:00,2026-08-19 00:45:00,1.15741,1.15762,1.15735,1.15761,336,0,0
2026-08-19 03:00:00,2026-08-19 01:00:00,1.15762,1.15817,1.15753,1.15805,910,0,0
2026-08-19 03:15:00,2026-08-19 01:15:00,1.15805,1.15817,1.15788,1.15794,642,0,0
2026-08-19 03:30:00,2026-08-19 01:30:00,1.15794,1.15797,1.15751,1.15754,711,0,0
2026-08-19 03:45:00,2026-08-19 01:45:00,1.15756,1.15783,1.15734,1.15741,776,0,0
2026-08-19 04:00:00,2026-08-19 02:00:00,1.15742,1.15745,1.15714,1.15724,767,0,0
2026-08-19 04:15:00,2026-08-19 02:15:00,1.15724,1.15739,1.15700,1.15737,856,0,0
2026-08-19 04:30:00,2026-08-19 02:30:00,1.15738,1.15777,1.15738,1.15768,586,0,0
2026-08-19 04:45:00,2026-08-19 02:45:00,1.15769,1.15778,1.15752,1.15772,588,0,0
2026-08-19 05:00:00,2026-08-19 03:00:00,1.15773,1.15804,1.15766,1.15792,542,0,0
2026-08-19 05:15:00,2026-08-19 03:15:00,1.15792,1.15852,1.15775,1.15822,1021,0,0
2026-08-19 05:30:00,2026-08-19 03:30:00,1.15821,1.15850,1.15807,1.15847,734,0,0
2026-08-19 05:45:00,2026-08-19 03:45:00,1.15848,1.15871,1.15804,1.15823,822,0,0
2026-08-19 06:00:00,2026-08-19 04:00:00,1.15824,1.15847,1.15817,1.15844,521,0,0
2026-08-19 06:15:00,2026-08-19 04:15:00,1.15844,1.15850,1.15831,1.15838,408,0,0
2026-08-19 06:30:00,2026-08-19 04:30:00,1.15837,1.15842,1.15817,1.15827,447,0,0
2026-08-19 06:45:00,2026-08-19 04:45:00,1.15826,1.15834,1.15810,1.15813,430,0,0
2026-08-19 07:00:00,2026-08-19 05:00:00,1.15813,1.15838,1.15806,1.15836,508,0,0
2026-08-19 07:15:00,2026-08-19 05:15:00,1.15837,1.15841,1.15830,1.15834,418,0,0
2026-08-19 07:30:00,2026-08-19 05:30:00,1.15836,1.15859,1.15822,1.15834,555,0,0
2026-08-19 07:45:00,2026-08-19 05:45:00,1.15834,1.15868,1.15828,1.15858,582,0,0
2026-08-19 08:00:00,2026-08-19 06:00:00,1.15858,1.15872,1.15846,1.15864,565,0,0
2026-08-19 08:15:00,2026-08-19 06:15:00,1.15863,1.15877,1.15855,1.15864,543,0,0
2026-08-19 08:30:00,2026-08-19 06:30:00,1.15865,1.15879,1.15854,1.15875,589,0,0
2026-08-19 08:45:00,2026-08-19 06:45:00,1.15875,1.15896,1.15864,1.15885,747,0,0
2026-08-19 09:00:00,2026-08-19 07:00:00,1.15886,1.15916,1.15878,1.15900,857,0,0
2026-08-19 09:15:00,2026-08-19 07:15:00,1.15900,1.15988,1.15896,1.15979,1073,0,0
2026-08-19 09:30:00,2026-08-19 07:30:00,1.15980,1.15983,1.15945,1.15959,963,0,0
2026-08-19 09:45:00,2026-08-19 07:45:00,1.15958,1.15973,1.15940,1.15946,978,0,0
2026-08-19 10:00:00,2026-08-19 08:00:00,1.15947,1.15964,1.15919,1.15934,1177,0,0
2026-08-19 10:15:00,2026-08-19 08:15:00,1.15932,1.15951,1.15915,1.15949,918,0,0
2026-08-19 10:30:00,2026-08-19 08:30:00,1.15949,1.15974,1.15931,1.15939,789,0,0
2026-08-19 10:45:00,2026-08-19 08:45:00,1.15941,1.15979,1.15937,1.15966,916,0,0
2026-08-19 11:00:00,2026-08-19 09:00:00,1.15966,1.16048,1.15953,1.16034,1227,0,0
2026-08-19 11:15:00,2026-08-19 09:15:00,1.16034,1.16053,1.15970,1.15981,1100,0,0
2026-08-19 11:30:00,2026-08-19 09:30:00,1.15983,1.16031,1.15965,1.16022,947,0,0
2026-08-19 11:45:00,2026-08-19 09:45:00,1.16021,1.16033,1.15969,1.15981,993,0,0
2026-08-19 12:00:00,2026-08-19 10:00:00,1.15981,1.16008,1.15963,1.15997,872,0,0
2026-08-19 12:15:00,2026-08-19 10:15:00,1.15995,1.16049,1.15985,1.16042,924,0,0
2026-08-19 12:30:00,2026-08-19 10:30:00,1.16041,1.16067,1.16035,1.16050,905,0,0
2026-08-19 12:45:00,2026-08-19 10:45:00,1.16050,1.16085,1.16043,1.16065,870,0,0
2026-08-19 13:00:00,2026-08-19 11:00:00,1.16064,1.16105,1.16052,1.16098,920,0,0
2026-08-19 13:15:00,2026-08-19 11:15:00,1.16097,1.16116,1.16084,1.16105,984,0,0
2026-08-19 13:30:00,2026-08-19 11:30:00,1.16104,1.16115,1.16094,1.16111,668,0,0
2026-08-19 13:45:00,2026-08-19 11:45:00,1.16110,1.16121,1.16056,1.16067,861,0,0
2026-08-19 14:00:00,2026-08-19 12:00:00,1.16066,1.16088,1.16027,1.16055,889,0,0
2026-08-19 14:15:00,2026-08-19 12:15:00,1.16056,1.16067,1.16044,1.16047,857,0,0
2026-08-19 14:30:00,2026-08-19 12:30:00,1.16049,1.16064,1.15995,1.16008,798,0,0
2026-08-19 14:45:00,2026-08-19 12:45:00,1.16007,1.16055,1.16007,1.16029,892,0,0
2026-08-19 15:00:00,2026-08-19 13:00:00,1.16030,1.16060,1.16024,1.16057,944,0,0
2026-08-19 15:15:00,2026-08-19 13:15:00,1.16056,1.16102,1.16054,1.16066,987,0,0
2026-08-19 15:30:00,2026-08-19 13:30:00,1.16067,1.16297,1.16056,1.16290,2441,0,0
2026-08-19 15:45:00,2026-08-19 13:45:00,1.16288,1.16436,1.16255,1.16355,2270,0,0
2026-08-19 16:00:00,2026-08-19 14:00:00,1.16354,1.16503,1.16354,1.16484,2193,0,0
2026-08-19 16:15:00,2026-08-19 14:15:00,1.16484,1.16529,1.16441,1.16528,1811,0,0
2026-08-19 16:30:00,2026-08-19 14:30:00,1.16527,1.16591,1.16480,1.16555,2217,0,0
2026-08-19 16:45:00,2026-08-19 14:45:00,1.16554,1.16598,1.16497,1.16566,2154,0,0
2026-08-19 17:00:00,2026-08-19 15:00:00,1.16565,1.16679,1.16537,1.16638,1905,0,0
2026-08-19 17:15:00,2026-08-19 15:15:00,1.16640,1.16721,1.16629,1.16719,1861,0,0
2026-08-19 17:30:00,2026-08-19 15:30:00,1.16720,1.16772,1.16707,1.16766,1923,0,0
2026-08-19 17:45:00,2026-08-19 15:45:00,1.16766,1.16766,1.16606,1.16635,2064,0,0
2026-08-19 18:00:00,2026-08-19 16:00:00,1.16636,1.16657,1.16590,1.16643,1676,0,0
2026-08-19 18:15:00,2026-08-19 16:15:00,1.16644,1.16663,1.16567,1.16601,1617,0,0
2026-08-19 18:30:00,2026-08-19 16:30:00,1.16601,1.16683,1.16595,1.16673,1262,0,0
2026-08-19 18:45:00,2026-08-19 16:45:00,1.16672,1.16682,1.16610,1.16639,1138,0,0
2026-08-19 19:00:00,2026-08-19 17:00:00,1.16640,1.16717,1.16638,1.16703,1395,0,0
2026-08-19 19:15:00,2026-08-19 17:15:00,1.16703,1.16717,1.16661,1.16675,1124,0,0
2026-08-19 19:30:00,2026-08-19 17:30:00,1.16675,1.16715,1.16672,1.16691,939,0,0
2026-08-19 19:45:00,2026-08-19 17:45:00,1.16692,1.16722,1.16683,1.16685,933,0,0
2026-08-19 20:00:00,2026-08-19 18:00:00,1.16687,1.16722,1.16638,1.16654,1311,0,0
2026-08-19 20:15:00,2026-08-19 18:15:00,1.16653,1.16655,1.16622,1.16640,1177,0,0
2026-08-19 20:30:00,2026-08-19 18:30:00,1.16640,1.16644,1.16607,1.16618,1006,0,0
2026-08-19 20:45:00,2026-08-19 18:45:00,1.16617,1.16624,1.16584,1.16589,997,0,0
2026-08-19 21:00:00,2026-08-19 19:00:00,1.16588,1.16714,1.16587,1.16695,1503,0,0
2026-08-19 21:15:00,2026-08-19 19:15:00,1.16695,1.16697,1.16600,1.16610,1231,0,0
2026-08-19 21:30:00,2026-08-19 19:30:00,1.16610,1.16743,1.16609,1.16720,1147,0,0
2026-08-19 21:45:00,2026-08-19 19:45:00,1.16720,1.16752,1.16713,1.16735,959,0,0
2026-08-19 22:00:00,2026-08-19 20:00:00,1.16736,1.16771,1.16698,1.16737,1055,0,0
2026-08-19 22:15:00,2026-08-19 20:15:00,1.16737,1.16786,1.16733,1.16780,890,0,0
2026-08-19 22:30:00,2026-08-19 20:30:00,1.16779,1.16793,1.16729,1.16735,1036,0,0
2026-08-19 22:45:00,2026-08-19 20:45:00,1.16736,1.16779,1.16718,1.16773,943,0,0
2026-08-19 23:00:00,2026-08-19 21:00:00,1.16772,1.16783,1.16756,1.16759,550,0,0
2026-08-19 23:15:00,2026-08-19 21:15:00,1.16758,1.16778,1.16749,1.16754,416,0,0
2026-08-19 23:30:00,2026-08-19 21:30:00,1.16753,1.16788,1.16751,1.16783,470,0,0
2026-08-19 23:45:00,2026-08-19 21:45:00,1.16784,1.16791,1.16772,1.16773,259,0,0
2026-08-20 00:00:00,2026-08-19 22:00:00,1.16749,1.16757,1.16749,1.16753,67,18,0
2026-08-20 00:15:00,2026-08-19 22:15:00,1.16751,1.16751,1.16744,1.16747,72,17,0
2026-08-20 00:30:00,2026-08-19 22:30:00,1.16747,1.16751,1.16743,1.16747,122,18,0
2026-08-20 00:45:00,2026-08-19 22:45:00,1.16746,1.16784,1.16746,1.16754,137,12,0
2026-08-20 01:00:00,2026-08-19 23:00:00,1.16762,1.16804,1.16762,1.16791,447,0,0
2026-08-20 01:15:00,2026-08-19 23:15:00,1.16790,1.16793,1.16775,1.16778,365,0,0
2026-08-20 01:30:00,2026-08-19 23:30:00,1.16778,1.16783,1.16760,1.16770,402,0,0
2026-08-20 01:45:00,2026-08-19 23:45:00,1.16771,1.16771,1.16750,1.16751,477,0,0
2026-08-20 02:00:00,2026-08-20 00:00:00,1.16751,1.16776,1.16743,1.16756,497,0,0
2026-08-20 02:15:00,2026-08-20 00:15:00,1.16757,1.16759,1.16737,1.16746,350,0,0
2026-08-20 02:30:00,2026-08-20 00:30:00,1.16746,1.16753,1.16731,1.16731,478,0,0
2026-08-20 02:45:00,2026-08-20 00:45:00,1.16732,1.16744,1.16727,1.16743,425,0,0
2026-08-20 03:00:00,2026-08-20 01:00:00,1.16744,1.16801,1.16743,1.16772,970,0,0
2026-08-20 03:15:00,2026-08-20 01:15:00,1.16772,1.16797,1.16740,1.16750,810,0,0
2026-08-20 03:30:00,2026-08-20 01:30:00,1.16751,1.16777,1.16746,1.16750,776,0,0
2026-08-20 03:45:00,2026-08-20 01:45:00,1.16750,1.16758,1.16722,1.16744,850,0,0
2026-08-20 04:00:00,2026-08-20 02:00:00,1.16743,1.16750,1.16701,1.16724,1078,0,0
2026-08-20 04:15:00,2026-08-20 02:15:00,1.16728,1.16800,1.16723,1.16793,1105,0,0
2026-08-20 04:30:00,2026-08-20 02:30:00,1.16792,1.16829,1.16747,1.16784,1123,0,0
2026-08-20 04:45:00,2026-08-20 02:45:00,1.16784,1.16796,1.16735,1.16763,1102,0,0
2026-08-20 05:00:00,2026-08-20 03:00:00,1.16763,1.16838,1.16754,1.16772,1214,0,0
2026-08-20 05:15:00,2026-08-20 03:15:00,1.16771,1.16772,1.16728,1.16754,771,0,0
2026-08-20 05:30:00,2026-08-20 03:30:00,1.16754,1.16783,1.16742,1.16761,862,0,0
2026-08-20 05:45:00,2026-08-20 03:45:00,1.16761,1.16770,1.16740,1.16750,630,0,0
2026-08-20 06:00:00,2026-08-20 04:00:00,1.16751,1.16789,1.16743,1.16780,742,0,0
2026-08-20 06:15:00,2026-08-20 04:15:00,1.16780,1.16801,1.16756,1.16770,732,0,0
2026-08-20 06:30:00,2026-08-20 04:30:00,1.16769,1.16786,1.16754,1.16779,650,0,0
2026-08-20 06:45:00,2026-08-20 04:45:00,1.16778,1.16798,1.16776,1.16795,517,0,0
2026-08-20 07:00:00,2026-08-20 05:00:00,1.16796,1.16803,1.16784,1.16795,447,0,0
2026-08-20 07:15:00,2026-08-20 05:15:00,1.16794,1.16797,1.16766,1.16772,614,0,0
2026-08-20 07:30:00,2026-08-20 05:30:00,1.16771,1.16778,1.16760,1.16761,497,0,0
2026-08-20 07:45:00,2026-08-20 05:45:00,1.16760,1.16773,1.16716,1.16728,651,0,0
2026-08-20 08:00:00,2026-08-20 06:00:00,1.16728,1.16755,1.16727,1.16739,697,0,0
2026-08-20 08:15:00,2026-08-20 06:15:00,1.16738,1.16751,1.16713,1.16714,675,0,0
2026-08-20 08:30:00,2026-08-20 06:30:00,1.16716,1.16737,1.16701,1.16707,814,0,0
2026-08-20 08:45:00,2026-08-20 06:45:00,1.16708,1.16774,1.16702,1.16762,859,0,0
2026-08-20 09:00:00,2026-08-20 07:00:00,1.16761,1.16804,1.16732,1.16795,1095,0,0
2026-08-20 09:15:00,2026-08-20 07:15:00,1.16794,1.16800,1.16767,1.16772,980,0,0
2026-08-20 09:30:00,2026-08-20 07:30:00,1.16771,1.16802,1.16761,1.16801,990,0,0
2026-08-20 09:45:00,2026-08-20 07:45:00,1.16801,1.16884,1.16799,1.16880,1316,0,0
2026-08-20 10:00:00,2026-08-20 08:00:00,1.16878,1.16882,1.16810,1.16820,1273,0,0
2026-08-20 10:15:00,2026-08-20 08:15:00,1.16819,1.16835,1.16783,1.16798,1159,0,0
2026-08-20 10:30:00,2026-08-20 08:30:00,1.16799,1.16936,1.16799,1.16906,1291,0,0
2026-08-20 10:45:00,2026-08-20 08:45:00,1.16906,1.16934,1.16859,1.16926,1165,0,0
2026-08-20 11:00:00,2026-08-20 09:00:00,1.16927,1.16952,1.16907,1.16947,1190,0,0
2026-08-20 11:15:00,2026-08-20 09:15:00,1.16946,1.16949,1.16900,1.16913,1169,0,0
2026-08-20 11:30:00,2026-08-20 09:30:00,1.16913,1.16997,1.16888,1.16977,1201,0,0
2026-08-20 11:45:00,2026-08-20 09:45:00,1.16977,1.16999,1.16950,1.16987,1160,0,0
2026-08-20 12:00:00,2026-08-20 10:00:00,1.16986,1.17048,1.16955,1.17039,1294,0,0
2026-08-20 12:15:00,2026-08-20 10:15:00,1.17038,1.17098,1.17037,1.17062,1380,0,0
2026-08-20 12:30:00,2026-08-20 10:30:00,1.17063,1.17075,1.17012,1.17046,1196,0,0
2026-08-20 12:45:00,2026-08-20 10:45:00,1.17044,1.17080,1.17007,1.17069,1083,0,0
2026-08-20 13:00:00,2026-08-20 11:00:00,1.17071,1.17106,1.17039,1.17083,1138,0,0
2026-08-20 13:15:00,2026-08-20 11:15:00,1.17082,1.17101,1.17050,1.17091,1047,0,0
2026-08-20 13:30:00,2026-08-20 11:30:00,1.17092,1.17092,1.17024,1.17026,949,0,0
2026-08-20 13:45:00,2026-08-20 11:45:00,1.17026,1.17028,1.16942,1.16971,1112,0,0
2026-08-20 14:00:00,2026-08-20 12:00:00,1.16971,1.16983,1.16901,1.16905,1348,0,0
2026-08-20 14:15:00,2026-08-20 12:15:00,1.16906,1.16968,1.16886,1.16913,1149,0,0
2026-08-20 14:30:00,2026-08-20 12:30:00,1.16912,1.16959,1.16875,1.16879,1186,0,0
2026-08-20 14:45:00,2026-08-20 12:45:00,1.16878,1.16884,1.16825,1.16845,1454,0,0
2026-08-20 15:00:00,2026-08-20 13:00:00,1.16845,1.16859,1.16778,1.16840,1619,0,0
2026-08-20 15:15:00,2026-08-20 13:15:00,1.16839,1.16903,1.16835,1.16865,1296,0,0
2026-08-20 15:30:00,2026-08-20 13:30:00,1.16864,1.16889,1.16789,1.16883,1602,0,0
2026-08-20 15:45:00,2026-08-20 13:45:00,1.16884,1.16904,1.16846,1.16887,1601,0,0
2026-08-20 16:00:00,2026-08-20 14:00:00,1.16886,1.16948,1.16867,1.16877,1536,0,0
2026-08-20 16:15:00,2026-08-20 14:15:00,1.16875,1.16908,1.16843,1.16869,1434,0,0
2026-08-20 16:30:00,2026-08-20 14:30:00,1.16869,1.16887,1.16815,1.16830,1834,0,0
2026-08-20 16:45:00,2026-08-20 14:45:00,1.16830,1.16837,1.16748,1.16754,1725,0,0
2026-08-20 17:00:00,2026-08-20 15:00:00,1.16754,1.16797,1.16721,1.16724,1566,0,0
2026-08-20 17:15:00,2026-08-20 15:15:00,1.16723,1.16810,1.16709,1.16789,1688,0,0
2026-08-20 17:30:00,2026-08-20 15:30:00,1.16790,1.16826,1.16789,1.16815,1492,0,0
2026-08-20 17:45:00,2026-08-20 15:45:00,1.16816,1.16853,1.16803,1.16830,1728,0,0
2026-08-20 18:00:00,2026-08-20 16:00:00,1.16830,1.16938,1.16775,1.16835,2446,0,0
2026-08-20 18:15:00,2026-08-20 16:15:00,1.16837,1.16850,1.16766,1.16848,1636,0,0
2026-08-20 18:30:00,2026-08-20 16:30:00,1.16849,1.16853,1.16722,1.16734,1517,0,0
2026-08-20 18:45:00,2026-08-20 16:45:00,1.16735,1.16800,1.16721,1.16790,1518,0,0
2026-08-20 19:00:00,2026-08-20 17:00:00,1.16792,1.16802,1.16740,1.16747,1256,0,0
2026-08-20 19:15:00,2026-08-20 17:15:00,1.16747,1.16766,1.16724,1.16727,1151,0,0
2026-08-20 19:30:00,2026-08-20 17:30:00,1.16726,1.16734,1.16691,1.16705,1171,0,0
2026-08-20 19:45:00,2026-08-20 17:45:00,1.16705,1.16745,1.16700,1.16731,901,0,0
2026-08-20 20:00:00,2026-08-20 18:00:00,1.16732,1.16752,1.16705,1.16713,808,0,0
2026-08-20 20:15:00,2026-08-20 18:15:00,1.16713,1.16738,1.16700,1.16736,685,0,0
2026-08-20 20:30:00,2026-08-20 18:30:00,1.16736,1.16743,1.16705,1.16724,837,0,0
2026-08-20 20:45:00,2026-08-20 18:45:00,1.16725,1.16746,1.16719,1.16746,738,0,0
2026-08-20 21:00:00,2026-08-20 19:00:00,1.16746,1.16759,1.16715,1.16726,961,0,0
2026-08-20 21:15:00,2026-08-20 19:15:00,1.16726,1.16733,1.16708,1.16722,775,0,0
2026-08-20 21:30:00,2026-08-20 19:30:00,1.16724,1.16750,1.16719,1.16738,711,0,0
2026-08-20 21:45:00,2026-08-20 19:45:00,1.16737,1.16765,1.16735,1.16761,707,0,0
2026-08-20 22:00:00,2026-08-20 20:00:00,1.16760,1.16766,1.16734,1.16764,708,0,0
2026-08-20 22:15:00,2026-08-20 20:15:00,1.16763,1.16777,1.16757,1.16762,632,0,0
2026-08-20 22:30:00,2026-08-20 20:30:00,1.16761,1.16776,1.16752,1.16755,547,0,0
2026-08-20 22:45:00,2026-08-20 20:45:00,1.16754,1.16785,1.16748,1.16780,730,0,0
2026-08-20 23:00:00,2026-08-20 21:00:00,1.16780,1.16792,1.16765,1.16772,441,0,0
2026-08-20 23:15:00,2026-08-20 21:15:00,1.16773,1.16778,1.16760,1.16770,315,0,0
2026-08-20 23:30:00,2026-08-20 21:30:00,1.16769,1.16793,1.16768,1.16789,248,0,0
2026-08-20 23:45:00,2026-08-20 21:45:00,1.16790,1.16798,1.16776,1.16787,371,0,0
2026-08-21 00:00:00,2026-08-20 22:00:00,1.16768,1.16771,1.16757,1.16764,73,12,0
2026-08-21 00:15:00,2026-08-20 22:15:00,1.16759,1.16779,1.16759,1.16778,131,19,0
2026-08-21 00:30:00,2026-08-20 22:30:00,1.16777,1.16782,1.16766,1.16780,195,20,0
2026-08-21 00:45:00,2026-08-20 22:45:00,1.16781,1.16781,1.16755,1.16760,162,21,0
2026-08-21 01:00:00,2026-08-20 23:00:00,1.16773,1.16821,1.16773,1.16817,297,0,0
2026-08-21 01:15:00,2026-08-20 23:15:00,1.16817,1.16839,1.16808,1.16833,435,0,0
2026-08-21 01:30:00,2026-08-20 23:30:00,1.16832,1.16833,1.16817,1.16820,307,0,0
2026-08-21 01:45:00,2026-08-20 23:45:00,1.16820,1.16843,1.16820,1.16833,327,0,0
2026-08-21 02:00:00,2026-08-21 00:00:00,1.16833,1.16860,1.16832,1.16856,489,0,0
2026-08-21 02:15:00,2026-08-21 00:15:00,1.16855,1.16872,1.16852,1.16860,419,0,0
2026-08-21 02:30:00,2026-08-21 00:30:00,1.16860,1.16871,1.16843,1.16866,422,0,0
2026-08-21 02:45:00,2026-08-21 00:45:00,1.16864,1.16881,1.16858,1.16875,351,0,0
2026-08-21 03:00:00,2026-08-21 01:00:00,1.16876,1.16891,1.16843,1.16889,813,0,0
2026-08-21 03:15:00,2026-08-21 01:15:00,1.16888,1.16898,1.16868,1.16878,725,0,0
2026-08-21 03:30:00,2026-08-21 01:30:00,1.16879,1.16882,1.16838,1.16851,661,0,0
2026-08-21 03:45:00,2026-08-21 01:45:00,1.16850,1.16862,1.16830,1.16832,745,0,0
2026-08-21 04:00:00,2026-08-21 02:00:00,1.16836,1.16873,1.16830,1.16867,998,0,0
2026-08-21 04:15:00,2026-08-21 02:15:00,1.16866,1.16912,1.16860,1.16910,915,0,0
2026-08-21 04:30:00,2026-08-21 02:30:00,1.16911,1.16931,1.16885,1.16891,757,0,0
2026-08-21 04:45:00,2026-08-21 02:45:00,1.16891,1.16908,1.16881,1.16905,581,0,0
2026-08-21 05:00:00,2026-08-21 03:00:00,1.16904,1.16925,1.16881,1.16924,791,0,0
2026-08-21 05:15:00,2026-08-21 03:15:00,1.16923,1.16969,1.16910,1.16948,731,0,0
2026-08-21 05:30:00,2026-08-21 03:30:00,1.16950,1.16968,1.16943,1.16967,554,0,0
2026-08-21 05:45:00,2026-08-21 03:45:00,1.16970,1.17010,1.16959,1.16959,813,0,0
2026-08-21 06:00:00,2026-08-21 04:00:00,1.16961,1.16985,1.16949,1.16980,730,0,0
2026-08-21 06:15:00,2026-08-21 04:15:00,1.16980,1.16983,1.16947,1.16948,698,0,0
2026-08-21 06:30:00,2026-08-21 04:30:00,1.16947,1.16952,1.16917,1.16929,606,0,0
2026-08-21 06:45:00,2026-08-21 04:45:00,1.16929,1.16947,1.16916,1.16942,421,0,0
2026-08-21 07:00:00,2026-08-21 05:00:00,1.16942,1.16955,1.16928,1.16939,496,0,0
2026-08-21 07:15:00,2026-08-21 05:15:00,1.16938,1.16951,1.16923,1.16931,425,0,0
2026-08-21 07:30:00,2026-08-21 05:30:00,1.16931,1.16938,1.16911,1.16920,430,0,0
2026-08-21 07:45:00,2026-08-21 05:45:00,1.16920,1.16937,1.16909,1.16933,436,0,0
2026-08-21 08:00:00,2026-08-21 06:00:00,1.16932,1.16933,1.16910,1.16926,404,0,0
2026-08-21 08:15:00,2026-08-21 06:15:00,1.16927,1.16934,1.16908,1.16912,383,0,0
2026-08-21 08:30:00,2026-08-21 06:30:00,1.16912,1.16967,1.16901,1.16967,624,0,0
2026-08-21 08:45:00,2026-08-21 06:45:00,1.16967,1.16993,1.16954,1.16980,686,0,0
2026-08-21 09:00:00,2026-08-21 07:00:00,1.16983,1.16983,1.16917,1.16921,1093,0,0
2026-08-21 09:15:00,2026-08-21 07:15:00,1.16923,1.16951,1.16902,1.16919,842,0,0
2026-08-21 09:30:00,2026-08-21 07:30:00,1.16918,1.16962,1.16918,1.16939,843,0,0
2026-08-21 09:45:00,2026-08-21 07:45:00,1.16940,1.16982,1.16917,1.16982,1039,0,0
2026-08-21 10:00:00,2026-08-21 08:00:00,1.16979,1.17007,1.16943,1.16965,1228,0,0
2026-08-21 10:15:00,2026-08-21 08:15:00,1.16967,1.16994,1.16919,1.16937,1156,0,0
2026-08-21 10:30:00,2026-08-21 08:30:00,1.16937,1.16966,1.16891,1.16898,1215,0,0
2026-08-21 10:45:00,2026-08-21 08:45:00,1.16898,1.16911,1.16868,1.16907,1335,0,0
2026-08-21 11:00:00,2026-08-21 09:00:00,1.16908,1.16954,1.16892,1.16945,938,0,0
2026-08-21 11:15:00,2026-08-21 09:15:00,1.16942,1.16966,1.16914,1.16959,1027,0,0
2026-08-21 11:30:00,2026-08-21 09:30:00,1.16970,1.17050,1.16949,1.17041,1152,0,0
2026-08-21 11:45:00,2026-08-21 09:45:00,1.17039,1.17065,1.17017,1.17053,1219,0,0
2026-08-21 12:00:00,2026-08-21 10:00:00,1.17052,1.17114,1.17025,1.17096,1328,0,0
2026-08-21 12:15:00,2026-08-21 10:15:00,1.17094,1.17114,1.17028,1.17048,1070,0,0
2026-08-21 12:30:00,2026-08-21 10:30:00,1.17048,1.17078,1.17037,1.17048,898,0,0
2026-08-21 12:45:00,2026-08-21 10:45:00,1.17047,1.17049,1.17000,1.17000,845,0,0
2026-08-21 13:00:00,2026-08-21 11:00:00,1.17000,1.17041,1.16990,1.17028,1048,0,0
2026-08-21 13:15:00,2026-08-21 11:15:00,1.17027,1.17087,1.17020,1.17084,1099,0,0
2026-08-21 13:30:00,2026-08-21 11:30:00,1.17084,1.17106,1.17065,1.17073,1026,0,0
2026-08-21 13:45:00,2026-08-21 11:45:00,1.17074,1.17079,1.17003,1.17017,1073,0,0
2026-08-21 14:00:00,2026-08-21 12:00:00,1.17018,1.17047,1.17001,1.17041,964,0,0
2026-08-21 14:15:00,2026-08-21 12:15:00,1.17041,1.17098,1.17032,1.17087,1530,0,0
2026-08-21 14:30:00,2026-08-21 12:30:00,1.17090,1.17094,1.16965,1.16990,1377,0,0
2026-08-21 14:45:00,2026-08-21 12:45:00,1.16990,1.17008,1.16962,1.17008,985,0,0
2026-08-21 15:00:00,2026-08-21 13:00:00,1.17008,1.17031,1.16970,1.16974,1076,0,0
2026-08-21 15:15:00,2026-08-21 13:15:00,1.16971,1.16995,1.16945,1.16946,1192,0,0
2026-08-21 15:30:00,2026-08-21 13:30:00,1.16945,1.16949,1.16851,1.16898,1364,0,0
2026-08-21 15:45:00,2026-08-21 13:45:00,1.16898,1.16911,1.16874,1.16906,1189,0,0
2026-08-21 16:00:00,2026-08-21 14:00:00,1.16906,1.16913,1.16843,1.16873,1296,0,0
2026-08-21 16:15:00,2026-08-21 14:15:00,1.16873,1.16883,1.16809,1.16840,1230,0,0
2026-08-21 16:30:00,2026-08-21 14:30:00,1.16839,1.16845,1.16786,1.16828,1500,0,0
2026-08-21 16:45:00,2026-08-21 14:45:00,1.16822,1.16858,1.16796,1.16834,1346,0,0
2026-08-21 17:00:00,2026-08-21 15:00:00,1.16833,1.16833,1.16765,1.16789,1322,0,0
2026-08-21 17:15:00,2026-08-21 15:15:00,1.16788,1.16812,1.16727,1.16727,1214,0,0
2026-08-21 17:30:00,2026-08-21 15:30:00,1.16726,1.16745,1.16688,1.16720,1632,0,0
2026-08-21 17:45:00,2026-08-21 15:45:00,1.16721,1.16774,1.16698,1.16731,1602,0,0
2026-08-21 18:00:00,2026-08-21 16:00:00,1.16730,1.16763,1.16708,1.16744,1586,0,0
2026-08-21 18:15:00,2026-08-21 16:15:00,1.16746,1.16776,1.16724,1.16766,1347,0,0
2026-08-21 18:30:00,2026-08-21 16:30:00,1.16771,1.16806,1.16754,1.16805,1315,0,0
2026-08-21 18:45:00,2026-08-21 16:45:00,1.16807,1.16840,1.16791,1.16833,1251,0,0
2026-08-21 19:00:00,2026-08-21 17:00:00,1.16833,1.16844,1.16795,1.16827,1169,0,0
2026-08-21 19:15:00,2026-08-21 17:15:00,1.16825,1.16877,1.16805,1.16834,1068,0,0
2026-08-21 19:30:00,2026-08-21 17:30:00,1.16833,1.16844,1.16808,1.16819,824,0,0
2026-08-21 19:45:00,2026-08-21 17:45:00,1.16819,1.16835,1.16811,1.16818,745,0,0
2026-08-21 20:00:00,2026-08-21 18:00:00,1.16817,1.16819,1.16772,1.16784,820,0,0
2026-08-21 20:15:00,2026-08-21 18:15:00,1.16783,1.16820,1.16776,1.16814,698,0,0
2026-08-21 20:30:00,2026-08-21 18:30:00,1.16813,1.16830,1.16800,1.16804,749,0,0
2026-08-21 20:45:00,2026-08-21 18:45:00,1.16803,1.16810,1.16789,1.16804,530,0,0
2026-08-21 21:00:00,2026-08-21 19:00:00,1.16804,1.16841,1.16804,1.16812,586,0,0
2026-08-21 21:15:00,2026-08-21 19:15:00,1.16812,1.16830,1.16801,1.16824,545,0,0
2026-08-21 21:30:00,2026-08-21 19:30:00,1.16825,1.16833,1.16808,1.16829,491,0,0
2026-08-21 21:45:00,2026-08-21 19:45:00,1.16830,1.16834,1.16801,1.16829,441,0,0
2026-08-21 22:00:00,2026-08-21 20:00:00,1.16830,1.16831,1.16793,1.16804,532,0,0
2026-08-21 22:15:00,2026-08-21 20:15:00,1.16803,1.16803,1.16782,1.16788,459,0,0
2026-08-21 22:30:00,2026-08-21 20:30:00,1.16787,1.16800,1.16777,1.16791,417,0,0
2026-08-21 22:45:00,2026-08-21 20:45:00,1.16792,1.16816,1.16776,1.16788,574,0,0
2026-08-21 23:00:00,2026-08-21 21:00:00,1.16788,1.16793,1.16773,1.16787,400,0,0
2026-08-21 23:15:00,2026-08-21 21:15:00,1.16787,1.16791,1.16758,1.16759,314,0,0
2026-08-21 23:30:00,2026-08-21 21:30:00,1.16758,1.16761,1.16741,1.16755,426,0,0
2026-08-21 23:45:00,2026-08-21 21:45:00,1.16755,1.16776,1.16754,1.16765,312,0,0
2026-08-24 00:00:00,2026-08-23 22:00:00,1.16736,1.16746,1.16736,1.16744,26,38,0
2026-08-24 00:15:00,2026-08-23 22:15:00,1.16744,1.16765,1.16744,1.16763,72,38,0
2026-08-24 00:30:00,2026-08-23 22:30:00,1.16764,1.16766,1.16754,1.16762,45,38,0
2026-08-24 00:45:00,2026-08-23 22:45:00,1.16761,1.16762,1.16751,1.16759,80,38,0
2026-08-24 01:00:00,2026-08-23 23:00:00,1.16773,1.16794,1.16723,1.16788,383,0,0
2026-08-24 01:15:00,2026-08-23 23:15:00,1.16787,1.16791,1.16778,1.16789,403,0,0
2026-08-24 01:30:00,2026-08-23 23:30:00,1.16789,1.16799,1.16755,1.16762,464,0,0
2026-08-24 01:45:00,2026-08-23 23:45:00,1.16762,1.16763,1.16752,1.16757,300,0,0
2026-08-24 02:00:00,2026-08-24 00:00:00,1.16757,1.16768,1.16751,1.16757,249,0,0
2026-08-24 02:15:00,2026-08-24 00:15:00,1.16756,1.16764,1.16748,1.16759,275,0,0
2026-08-24 02:30:00,2026-08-24 00:30:00,1.16759,1.16765,1.16751,1.16762,212,0,0
2026-08-24 02:45:00,2026-08-24 00:45:00,1.16762,1.16826,1.16760,1.16824,390,0,0
2026-08-24 03:00:00,2026-08-24 01:00:00,1.16824,1.16864,1.16820,1.16855,856,0,0
2026-08-24 03:15:00,2026-08-24 01:15:00,1.16854,1.16873,1.16837,1.16839,870,0,0
2026-08-24 03:30:00,2026-08-24 01:30:00,1.16838,1.16846,1.16822,1.16837,604,0,0
2026-08-24 03:45:00,2026-08-24 01:45:00,1.16838,1.16858,1.16824,1.16852,589,0,0
2026-08-24 04:00:00,2026-08-24 02:00:00,1.16852,1.16864,1.16809,1.16810,862,0,0
2026-08-24 04:15:00,2026-08-24 02:15:00,1.16811,1.16814,1.16770,1.16774,935,0,0
2026-08-24 04:30:00,2026-08-24 02:30:00,1.16774,1.16788,1.16767,1.16785,829,0,0
2026-08-24 04:45:00,2026-08-24 02:45:00,1.16786,1.16823,1.16784,1.16817,631,0,0
2026-08-24 05:00:00,2026-08-24 03:00:00,1.16818,1.16842,1.16806,1.16839,715,0,0
2026-08-24 05:15:00,2026-08-24 03:15:00,1.16839,1.16849,1.16822,1.16823,695,0,0
2026-08-24 05:30:00,2026-08-24 03:30:00,1.16822,1.16825,1.16801,1.16814,487,0,0
2026-08-24 05:45:00,2026-08-24 03:45:00,1.16815,1.16830,1.16796,1.16820,570,0,0
2026-08-24 06:00:00,2026-08-24 04:00:00,1.16820,1.16823,1.16791,1.16811,552,0,0
2026-08-24 06:15:00,2026-08-24 04:15:00,1.16810,1.16820,1.16797,1.16811,493,0,0
2026-08-24 06:30:00,2026-08-24 04:30:00,1.16810,1.16818,1.16796,1.16798,476,0,0
2026-08-24 06:45:00,2026-08-24 04:45:00,1.16796,1.16804,1.16781,1.16799,420,0,0
2026-08-24 07:00:00,2026-08-24 05:00:00,1.16800,1.16801,1.16755,1.16777,537,0,0
2026-08-24 07:15:00,2026-08-24 05:15:00,1.16778,1.16818,1.16767,1.16809,636,0,0
2026-08-24 07:30:00,2026-08-24 05:30:00,1.16809,1.16811,1.16799,1.16804,623,0,0
2026-08-24 07:45:00,2026-08-24 05:45:00,1.16803,1.16830,1.16798,1.16827,576,0,0
2026-08-24 08:00:00,2026-08-24 06:00:00,1.16828,1.16830,1.16798,1.16805,536,0,0
2026-08-24 08:15:00,2026-08-24 06:15:00,1.16804,1.16820,1.16784,1.16791,514,0,0
2026-08-24 08:30:00,2026-08-24 06:30:00,1.16789,1.16799,1.16760,1.16763,664,0,0
2026-08-24 08:45:00,2026-08-24 06:45:00,1.16762,1.16813,1.16760,1.16805,618,0,0
2026-08-24 09:00:00,2026-08-24 07:00:00,1.16807,1.16807,1.16767,1.16786,1004,0,0
2026-08-24 09:15:00,2026-08-24 07:15:00,1.16786,1.16790,1.16740,1.16749,1015,0,0
2026-08-24 09:30:00,2026-08-24 07:30:00,1.16750,1.16787,1.16747,1.16773,945,0,0
2026-08-24 09:45:00,2026-08-24 07:45:00,1.16773,1.16803,1.16754,1.16776,1013,0,0
2026-08-24 10:00:00,2026-08-24 08:00:00,1.16776,1.16806,1.16728,1.16732,1101,0,0
2026-08-24 10:15:00,2026-08-24 08:15:00,1.16732,1.16758,1.16708,1.16757,1100,0,0
2026-08-24 10:30:00,2026-08-24 08:30:00,1.16757,1.16769,1.16658,1.16660,1060,0,0
2026-08-24 10:45:00,2026-08-24 08:45:00,1.16661,1.16699,1.16646,1.16673,1188,0,0
2026-08-24 11:00:00,2026-08-24 09:00:00,1.16672,1.16685,1.16634,1.16638,1470,0,0
2026-08-24 11:15:00,2026-08-24 09:15:00,1.16638,1.16654,1.16607,1.16607,1247,0,0
2026-08-24 11:30:00,2026-08-24 09:30:00,1.16608,1.16671,1.16603,1.16658,958,0,0
2026-08-24 11:45:00,2026-08-24 09:45:00,1.16659,1.16673,1.16624,1.16633,1089,0,0
2026-08-24 12:00:00,2026-08-24 10:00:00,1.16633,1.16673,1.16612,1.16630,979,0,0
2026-08-24 12:15:00,2026-08-24 10:15:00,1.16631,1.16637,1.16612,1.16631,905,0,0
2026-08-24 12:30:00,2026-08-24 10:30:00,1.16632,1.16646,1.16603,1.16627,752,0,0
2026-08-24 12:45:00,2026-08-24 10:45:00,1.16626,1.16656,1.16626,1.16643,787,0,0
2026-08-24 13:00:00,2026-08-24 11:00:00,1.16644,1.16665,1.16637,1.16656,706,0,0
2026-08-24 13:15:00,2026-08-24 11:15:00,1.16654,1.16669,1.16645,1.16657,823,0,0
2026-08-24 13:30:00,2026-08-24 11:30:00,1.16656,1.16663,1.16623,1.16633,827,0,0
2026-08-24 13:45:00,2026-08-24 11:45:00,1.16633,1.16672,1.16620,1.16643,899,0,0
2026-08-24 14:00:00,2026-08-24 12:00:00,1.16642,1.16657,1.16628,1.16643,913,0,0
2026-08-24 14:15:00,2026-08-24 12:15:00,1.16642,1.16681,1.16631,1.16672,1016,0,0
2026-08-24 14:30:00,2026-08-24 12:30:00,1.16673,1.16736,1.16650,1.16660,1677,0,0
2026-08-24 14:45:00,2026-08-24 12:45:00,1.16659,1.16684,1.16641,1.16669,1374,0,0
2026-08-24 15:00:00,2026-08-24 13:00:00,1.16669,1.16675,1.16620,1.16650,1257,0,0
2026-08-24 15:15:00,2026-08-24 13:15:00,1.16649,1.16736,1.16642,1.16735,1289,0,0
2026-08-24 15:30:00,2026-08-24 13:30:00,1.16734,1.16735,1.16645,1.16685,1278,0,0
2026-08-24 15:45:00,2026-08-24 13:45:00,1.16686,1.16714,1.16667,1.16695,1086,0,0
2026-08-24 16:00:00,2026-08-24 14:00:00,1.16695,1.16736,1.16682,1.16733,1122,0,0
2026-08-24 16:15:00,2026-08-24 14:15:00,1.16732,1.16750,1.16699,1.16700,1343,0,0
2026-08-24 16:30:00,2026-08-24 14:30:00,1.16701,1.16726,1.16665,1.16668,1476,0,0
2026-08-24 16:45:00,2026-08-24 14:45:00,1.16667,1.16699,1.16636,1.16651,1307,0,0
2026-08-24 17:00:00,2026-08-24 15:00:00,1.16651,1.16689,1.16630,1.16680,1385,0,0
2026-08-24 17:15:00,2026-08-24 15:15:00,1.16679,1.16717,1.16642,1.16712,1243,0,0
2026-08-24 17:30:00,2026-08-24 15:30:00,1.16713,1.16722,1.16651,1.16677,1197,0,0
2026-08-24 17:45:00,2026-08-24 15:45:00,1.16677,1.16706,1.16642,1.16655,1313,0,0
2026-08-24 18:00:00,2026-08-24 16:00:00,1.16657,1.16693,1.16650,1.16679,1215,0,0
2026-08-24 18:15:00,2026-08-24 16:15:00,1.16679,1.16725,1.16665,1.16712,1184,0,0
2026-08-24 18:30:00,2026-08-24 16:30:00,1.16711,1.16715,1.16676,1.16683,1174,0,0
2026-08-24 18:45:00,2026-08-24 16:45:00,1.16682,1.16693,1.16638,1.16647,974,0,0
2026-08-24 19:00:00,2026-08-24 17:00:00,1.16647,1.16697,1.16629,1.16674,1402,0,0
2026-08-24 19:15:00,2026-08-24 17:15:00,1.16675,1.16685,1.16657,1.16663,755,0,0
2026-08-24 19:30:00,2026-08-24 17:30:00,1.16662,1.16685,1.16651,1.16662,737,0,0
2026-08-24 19:45:00,2026-08-24 17:45:00,1.16663,1.16665,1.16630,1.16649,815,0,0
2026-08-24 20:00:00,2026-08-24 18:00:00,1.16650,1.16667,1.16617,1.16627,1178,0,0
2026-08-24 20:15:00,2026-08-24 18:15:00,1.16628,1.16637,1.16566,1.16583,1230,0,0
2026-08-24 20:30:00,2026-08-24 18:30:00,1.16585,1.16606,1.16577,1.16579,733,0,0
2026-08-24 20:45:00,2026-08-24 18:45:00,1.16578,1.16596,1.16551,1.16594,847,0,0
2026-08-24 21:00:00,2026-08-24 19:00:00,1.16594,1.16604,1.16573,1.16598,691,0,0
2026-08-24 21:15:00,2026-08-24 19:15:00,1.16597,1.16653,1.16595,1.16650,693,0,0
2026-08-24 21:30:00,2026-08-24 19:30:00,1.16649,1.16655,1.16611,1.16627,666,0,0
2026-08-24 21:45:00,2026-08-24 19:45:00,1.16626,1.16646,1.16614,1.16640,674,0,0
2026-08-24 22:00:00,2026-08-24 20:00:00,1.16637,1.16638,1.16611,1.16617,442,0,0
2026-08-24 22:15:00,2026-08-24 20:15:00,1.16618,1.16621,1.16594,1.16597,411,0,0
2026-08-24 22:30:00,2026-08-24 20:30:00,1.16596,1.16618,1.16594,1.16616,406,0,0
2026-08-24 22:45:00,2026-08-24 20:45:00,1.16616,1.16635,1.16605,1.16615,574,0,0
2026-08-24 23:00:00,2026-08-24 21:00:00,1.16615,1.16633,1.16604,1.16630,429,0,0
2026-08-24 23:15:00,2026-08-24 21:15:00,1.16628,1.16640,1.16627,1.16635,301,0,0
2026-08-24 23:30:00,2026-08-24 21:30:00,1.16635,1.16638,1.16623,1.16627,299,0,0
2026-08-24 23:45:00,2026-08-24 21:45:00,1.16628,1.16644,1.16628,1.16640,215,0,0
2026-08-25 00:00:00,2026-08-24 22:00:00,1.16587,1.16622,1.16580,1.16616,206,12,0
2026-08-25 00:15:00,2026-08-24 22:15:00,1.16617,1.16635,1.16616,1.16631,193,12,0
2026-08-25 00:30:00,2026-08-24 22:30:00,1.16631,1.16640,1.16621,1.16639,88,12,0
2026-08-25 00:45:00,2026-08-24 22:45:00,1.16642,1.16648,1.16623,1.16624,135,12,0
2026-08-25 01:00:00,2026-08-24 23:00:00,1.16634,1.16650,1.16619,1.16646,314,0,0
2026-08-25 01:15:00,2026-08-24 23:15:00,1.16646,1.16651,1.16640,1.16643,216,0,0
2026-08-25 01:30:00,2026-08-24 23:30:00,1.16642,1.16649,1.16641,1.16648,236,0,0
2026-08-25 01:45:00,2026-08-24 23:45:00,1.16647,1.16653,1.16644,1.16645,188,0,0
2026-08-25 02:00:00,2026-08-25 00:00:00,1.16645,1.16656,1.16645,1.16650,253,0,0
2026-08-25 02:15:00,2026-08-25 00:15:00,1.16650,1.16658,1.16645,1.16647,194,0,0
2026-08-25 02:30:00,2026-08-25 00:30:00,1.16646,1.16652,1.16642,1.16651,245,0,0
2026-08-25 02:45:00,2026-08-25 00:45:00,1.16651,1.16687,1.16650,1.16680,444,0,0
2026-08-25 03:00:00,2026-08-25 01:00:00,1.16678,1.16710,1.16675,1.16707,795,0,0
2026-08-25 03:15:00,2026-08-25 01:15:00,1.16705,1.16705,1.16679,1.16693,511,0,0
2026-08-25 03:30:00,2026-08-25 01:30:00,1.16693,1.16703,1.16682,1.16694,637,0,0
2026-08-25 03:45:00,2026-08-25 01:45:00,1.16694,1.16700,1.16671,1.16686,692,0,0
2026-08-25 04:00:00,2026-08-25 02:00:00,1.16687,1.16689,1.16657,1.16672,755,0,0
2026-08-25 04:15:00,2026-08-25 02:15:00,1.16672,1.16673,1.16638,1.16666,585,0,0
2026-08-25 04:30:00,2026-08-25 02:30:00,1.16666,1.16669,1.16642,1.16653,535,0,0
2026-08-25 04:45:00,2026-08-25 02:45:00,1.16653,1.16653,1.16619,1.16631,526,0,0
2026-08-25 05:00:00,2026-08-25 03:00:00,1.16631,1.16642,1.16615,1.16629,706,0,0
2026-08-25 05:15:00,2026-08-25 03:15:00,1.16629,1.16649,1.16627,1.16646,471,0,0
2026-08-25 05:30:00,2026-08-25 03:30:00,1.16649,1.16649,1.16620,1.16628,507,0,0
2026-08-25 05:45:00,2026-08-25 03:45:00,1.16628,1.16636,1.16588,1.16605,642,0,0
2026-08-25 06:00:00,2026-08-25 04:00:00,1.16605,1.16624,1.16603,1.16608,627,0,0
2026-08-25 06:15:00,2026-08-25 04:15:00,1.16608,1.16617,1.16587,1.16592,396,0,0
2026-08-25 06:30:00,2026-08-25 04:30:00,1.16592,1.16609,1.16586,1.16602,364,0,0
2026-08-25 06:45:00,2026-08-25 04:45:00,1.16603,1.16609,1.16591,1.16605,371,0,0
2026-08-25 07:00:00,2026-08-25 05:00:00,1.16604,1.16606,1.16555,1.16577,440,0,0
2026-08-25 07:15:00,2026-08-25 05:15:00,1.16578,1.16579,1.16557,1.16559,346,0,0
2026-08-25 07:30:00,2026-08-25 05:30:00,1.16559,1.16568,1.16553,1.16562,533,0,0
2026-08-25 07:45:00,2026-08-25 05:45:00,1.16563,1.16564,1.16550,1.16558,470,0,0
2026-08-25 08:00:00,2026-08-25 06:00:00,1.16559,1.16568,1.16545,1.16557,433,0,0
2026-08-25 08:15:00,2026-08-25 06:15:00,1.16557,1.16568,1.16547,1.16566,369,0,0
2026-08-25 08:30:00,2026-08-25 06:30:00,1.16565,1.16568,1.16546,1.16547,487,0,0
2026-08-25 08:45:00,2026-08-25 06:45:00,1.16549,1.16563,1.16529,1.16537,627,0,0
2026-08-25 09:00:00,2026-08-25 07:00:00,1.16537,1.16576,1.16531,1.16575,804,0,0
2026-08-25 09:15:00,2026-08-25 07:15:00,1.16574,1.16579,1.16560,1.16578,797,0,0
2026-08-25 09:30:00,2026-08-25 07:30:00,1.16577,1.16592,1.16533,1.16536,814,0,0
2026-08-25 09:45:00,2026-08-25 07:45:00,1.16537,1.16542,1.16510,1.16525,852,0,0
2026-08-25 10:00:00,2026-08-25 08:00:00,1.16526,1.16594,1.16526,1.16590,1105,0,0
2026-08-25 10:15:00,2026-08-25 08:15:00,1.16589,1.16631,1.16585,1.16587,987,0,0
2026-08-25 10:30:00,2026-08-25 08:30:00,1.16590,1.16593,1.16570,1.16576,826,0,0
2026-08-25 10:45:00,2026-08-25 08:45:00,1.16575,1.16605,1.16560,1.16587,880,0,0
2026-08-25 11:00:00,2026-08-25 09:00:00,1.16588,1.16619,1.16576,1.16588,1079,0,0
2026-08-25 11:15:00,2026-08-25 09:15:00,1.16586,1.16652,1.16582,1.16624,1460,0,0
2026-08-25 11:30:00,2026-08-25 09:30:00,1.16618,1.16661,1.16611,1.16656,1459,0,0
2026-08-25 11:45:00,2026-08-25 09:45:00,1.16657,1.16677,1.16641,1.16675,1242,0,0
2026-08-25 12:00:00,2026-08-25 10:00:00,1.16672,1.16739,1.16659,1.16729,1429,0,0
2026-08-25 12:15:00,2026-08-25 10:15:00,1.16730,1.16730,1.16662,1.16666,1105,0,0
2026-08-25 12:30:00,2026-08-25 10:30:00,1.16669,1.16731,1.16665,1.16680,1270,0,0
2026-08-25 12:45:00,2026-08-25 10:45:00,1.16681,1.16715,1.16675,1.16681,1175,0,0
2026-08-25 13:00:00,2026-08-25 11:00:00,1.16680,1.16686,1.16640,1.16643,1181,0,0
2026-08-25 13:15:00,2026-08-25 11:15:00,1.16644,1.16657,1.16600,1.16602,920,0,0
2026-08-25 13:30:00,2026-08-25 11:30:00,1.16603,1.16647,1.16592,1.16629,912,0,0
2026-08-25 13:45:00,2026-08-25 11:45:00,1.16629,1.16634,1.16600,1.16625,966,0,0
2026-08-25 14:00:00,2026-08-25 12:00:00,1.16624,1.16635,1.16593,1.16608,1002,0,0
2026-08-25 14:15:00,2026-08-25 12:15:00,1.16607,1.16628,1.16585,1.16619,1009,0,0
2026-08-25 14:30:00,2026-08-25 12:30:00,1.16620,1.16634,1.16598,1.16603,903,0,0
2026-08-25 14:45:00,2026-08-25 12:45:00,1.16603,1.16648,1.16590,1.16599,912,0,0
2026-08-25 15:00:00,2026-08-25 13:00:00,1.16600,1.16645,1.16598,1.16631,1081,0,0
2026-08-25 15:15:00,2026-08-25 13:15:00,1.16630,1.16643,1.16617,1.16643,791,0,0
2026-08-25 15:30:00,2026-08-25 13:30:00,1.16642,1.16651,1.16612,1.16642,850,0,0
2026-08-25 15:45:00,2026-08-25 13:45:00,1.16643,1.16666,1.16629,1.16664,926,0,0
2026-08-25 16:00:00,2026-08-25 14:00:00,1.16663,1.16755,1.16642,1.16718,1605,0,0
2026-08-25 16:15:00,2026-08-25 14:15:00,1.16719,1.16734,1.16686,1.16719,1204,0,0
2026-08-25 16:30:00,2026-08-25 14:30:00,1.16718,1.16749,1.16680,1.16701,1290,0,0
2026-08-25 16:45:00,2026-08-25 14:45:00,1.16702,1.16744,1.16685,1.16737,1278,0,0
2026-08-25 17:00:00,2026-08-25 15:00:00,1.16739,1.16749,1.16684,1.16732,1497,0,0
2026-08-25 17:15:00,2026-08-25 15:15:00,1.16733,1.16744,1.16685,1.16710,1192,0,0
2026-08-25 17:30:00,2026-08-25 15:30:00,1.16710,1.16721,1.16661,1.16704,1173,0,0
2026-08-25 17:45:00,2026-08-25 15:45:00,1.16703,1.16746,1.16664,1.16696,1269,0,0
2026-08-25 18:00:00,2026-08-25 16:00:00,1.16697,1.16716,1.16673,1.16707,1157,0,0
2026-08-25 18:15:00,2026-08-25 16:15:00,1.16706,1.16727,1.16690,1.16693,958,0,0
2026-08-25 18:30:00,2026-08-25 16:30:00,1.16694,1.16756,1.16692,1.16723,1450,0,0
2026-08-25 18:45:00,2026-08-25 16:45:00,1.16723,1.16751,1.16709,1.16731,1285,0,0
2026-08-25 19:00:00,2026-08-25 17:00:00,1.16732,1.16741,1.16697,1.16703,854,0,0
2026-08-25 19:15:00,2026-08-25 17:15:00,1.16702,1.16704,1.16679,1.16695,878,0,0
2026-08-25 19:30:00,2026-08-25 17:30:00,1.16693,1.16720,1.16693,1.16709,827,0,0
2026-08-25 19:45:00,2026-08-25 17:45:00,1.16708,1.16719,1.16692,1.16715,639,0,0
2026-08-25 20:00:00,2026-08-25 18:00:00,1.16713,1.16727,1.16691,1.16701,713,0,0
2026-08-25 20:15:00,2026-08-25 18:15:00,1.16700,1.16718,1.16694,1.16709,627,0,0
2026-08-25 20:30:00,2026-08-25 18:30:00,1.16708,1.16729,1.16697,1.16713,761,0,0
2026-08-25 20:45:00,2026-08-25 18:45:00,1.16713,1.16748,1.16712,1.16743,635,0,0
2026-08-25 21:00:00,2026-08-25 19:00:00,1.16743,1.16753,1.16716,1.16739,562,0,0
2026-08-25 21:15:00,2026-08-25 19:15:00,1.16740,1.16745,1.16728,1.16740,437,0,0
2026-08-25 21:30:00,2026-08-25 19:30:00,1.16741,1.16748,1.16731,1.16739,349,0,0
2026-08-25 21:45:00,2026-08-25 19:45:00,1.16738,1.16748,1.16727,1.16742,418,0,0
2026-08-25 22:00:00,2026-08-25 20:00:00,1.16741,1.16772,1.16736,1.16767,547,0,0
2026-08-25 22:15:00,2026-08-25 20:15:00,1.16768,1.16791,1.16736,1.16737,780,0,0
2026-08-25 22:30:00,2026-08-25 20:30:00,1.16735,1.16736,1.16687,1.16703,676,0,0
2026-08-25 22:45:00,2026-08-25 20:45:00,1.16702,1.16775,1.16701,1.16765,1004,0,0
2026-08-25 23:00:00,2026-08-25 21:00:00,1.16764,1.16797,1.16752,1.16779,589,0,0
2026-08-25 23:15:00,2026-08-25 21:15:00,1.16778,1.16787,1.16751,1.16766,588,0,0
2026-08-25 23:30:00,2026-08-25 21:30:00,1.16765,1.16773,1.16742,1.16746,366,0,0
2026-08-25 23:45:00,2026-08-25 21:45:00,1.16748,1.16759,1.16742,1.16748,254,0,0
2026-08-26 00:00:00,2026-08-25 22:00:00,1.16722,1.16728,1.16693,1.16704,93,54,0
2026-08-26 00:15:00,2026-08-25 22:15:00,1.16705,1.16737,1.16701,1.16715,307,29,0
2026-08-26 00:30:00,2026-08-25 22:30:00,1.16716,1.16757,1.16713,1.16751,162,26,0
2026-08-26 00:45:00,2026-08-25 22:45:00,1.16752,1.16752,1.16703,1.16704,212,23,0
2026-08-26 01:00:00,2026-08-25 23:00:00,1.16717,1.16757,1.16716,1.16746,236,0,0
2026-08-26 01:15:00,2026-08-25 23:15:00,1.16746,1.16762,1.16744,1.16752,246,0,0
2026-08-26 01:30:00,2026-08-25 23:30:00,1.16752,1.16769,1.16747,1.16768,217,0,0
2026-08-26 01:45:00,2026-08-25 23:45:00,1.16767,1.16770,1.16763,1.16767,222,0,0
2026-08-26 02:00:00,2026-08-26 00:00:00,1.16767,1.16769,1.16750,1.16754,218,0,0
2026-08-26 02:15:00,2026-08-26 00:15:00,1.16754,1.16760,1.16740,1.16744,224,0,0
2026-08-26 02:30:00,2026-08-26 00:30:00,1.16744,1.16747,1.16725,1.16733,195,0,0
2026-08-26 02:45:00,2026-08-26 00:45:00,1.16733,1.16746,1.16732,1.16744,337,0,0
2026-08-26 03:00:00,2026-08-26 01:00:00,1.16744,1.16752,1.16729,1.16748,519,0,0
2026-08-26 03:15:00,2026-08-26 01:15:00,1.16749,1.16757,1.16732,1.16736,398,0,0
2026-08-26 03:30:00,2026-08-26 01:30:00,1.16738,1.16748,1.16712,1.16737,483,0,0
2026-08-26 03:45:00,2026-08-26 01:45:00,1.16736,1.16752,1.16723,1.16726,518,0,0
2026-08-26 04:00:00,2026-08-26 02:00:00,1.16726,1.16742,1.16705,1.16708,746,0,0
2026-08-26 04:15:00,2026-08-26 02:15:00,1.16709,1.16724,1.16700,1.16702,742,0,0
2026-08-26 04:30:00,2026-08-26 02:30:00,1.16704,1.16722,1.16688,1.16697,1004,0,0
2026-08-26 04:45:00,2026-08-26 02:45:00,1.16697,1.16720,1.16692,1.16703,886,0,0
2026-08-26 05:00:00,2026-08-26 03:00:00,1.16702,1.16730,1.16701,1.16727,695,0,0
2026-08-26 05:15:00,2026-08-26 03:15:00,1.16728,1.16728,1.16681,1.16692,631,0,0
2026-08-26 05:30:00,2026-08-26 03:30:00,1.16691,1.16707,1.16682,1.16703,582,0,0
2026-08-26 05:45:00,2026-08-26 03:45:00,1.16703,1.16704,1.16668,1.16676,406,0,0
2026-08-26 06:00:00,2026-08-26 04:00:00,1.16675,1.16686,1.16661,1.16665,399,0,0
2026-08-26 06:15:00,2026-08-26 04:15:00,1.16666,1.16683,1.16654,1.16663,405,0,0
2026-08-26 06:30:00,2026-08-26 04:30:00,1.16663,1.16664,1.16638,1.16662,446,0,0
2026-08-26 06:45:00,2026-08-26 04:45:00,1.16662,1.16662,1.16640,1.16647,345,0,0
2026-08-26 07:00:00,2026-08-26 05:00:00,1.16647,1.16651,1.16640,1.16640,270,0,0
2026-08-26 07:15:00,2026-08-26 05:15:00,1.16641,1.16648,1.16626,1.16641,332,0,0
2026-08-26 07:30:00,2026-08-26 05:30:00,1.16641,1.16648,1.16619,1.16623,338,0,0
2026-08-26 07:45:00,2026-08-26 05:45:00,1.16622,1.16626,1.16605,1.16621,456,0,0
2026-08-26 08:00:00,2026-08-26 06:00:00,1.16622,1.16627,1.16607,1.16612,402,0,0
2026-08-26 08:15:00,2026-08-26 06:15:00,1.16613,1.16650,1.16613,1.16643,570,0,0
2026-08-26 08:30:00,2026-08-26 06:30:00,1.16643,1.16669,1.16642,1.16658,518,0,0
2026-08-26 08:45:00,2026-08-26 06:45:00,1.16656,1.16665,1.16637,1.16645,391,0,0
2026-08-26 09:00:00,2026-08-26 07:00:00,1.16647,1.16649,1.16617,1.16623,991,0,0
2026-08-26 09:15:00,2026-08-26 07:15:00,1.16622,1.16651,1.16617,1.16619,773,0,0
2026-08-26 09:30:00,2026-08-26 07:30:00,1.16619,1.16640,1.16599,1.16639,734,0,0
2026-08-26 09:45:00,2026-08-26 07:45:00,1.16640,1.16676,1.16637,1.16670,741,0,0
2026-08-26 10:00:00,2026-08-26 08:00:00,1.16671,1.16709,1.16669,1.16689,937,0,0
2026-08-26 10:15:00,2026-08-26 08:15:00,1.16689,1.16715,1.16688,1.16699,759,0,0
2026-08-26 10:30:00,2026-08-26 08:30:00,1.16698,1.16732,1.16698,1.16703,684,0,0
2026-08-26 10:45:00,2026-08-26 08:45:00,1.16702,1.16716,1.16677,1.16710,985,0,0
2026-08-26 11:00:00,2026-08-26 09:00:00,1.16707,1.16754,1.16701,1.16749,993,0,0
2026-08-26 11:15:00,2026-08-26 09:15:00,1.16749,1.16770,1.16742,1.16768,780,0,0
2026-08-26 11:30:00,2026-08-26 09:30:00,1.16769,1.16770,1.16716,1.16737,706,0,0
2026-08-26 11:45:00,2026-08-26 09:45:00,1.16737,1.16745,1.16695,1.16712,732,0,0
2026-08-26 12:00:00,2026-08-26 10:00:00,1.16712,1.16713,1.16664,1.16665,845,0,0
2026-08-26 12:15:00,2026-08-26 10:15:00,1.16666,1.16676,1.16634,1.16640,759,0,0
2026-08-26 12:30:00,2026-08-26 10:30:00,1.16641,1.16673,1.16640,1.16664,764,0,0
2026-08-26 12:45:00,2026-08-26 10:45:00,1.16664,1.16693,1.16657,1.16661,835,0,0
2026-08-26 13:00:00,2026-08-26 11:00:00,1.16660,1.16665,1.16645,1.16653,694,0,0
2026-08-26 13:15:00,2026-08-26 11:15:00,1.16651,1.16660,1.16624,1.16634,681,0,0
2026-08-26 13:30:00,2026-08-26 11:30:00,1.16637,1.16658,1.16629,1.16648,602,0,0
2026-08-26 13:45:00,2026-08-26 11:45:00,1.16647,1.16650,1.16610,1.16619,689,0,0
2026-08-26 14:00:00,2026-08-26 12:00:00,1.16618,1.16659,1.16618,1.16657,825,0,0
2026-08-26 14:15:00,2026-08-26 12:15:00,1.16655,1.16658,1.16604,1.16623,976,0,0
2026-08-26 14:30:00,2026-08-26 12:30:00,1.16624,1.16659,1.16620,1.16655,892,0,0
2026-08-26 14:45:00,2026-08-26 12:45:00,1.16655,1.16694,1.16647,1.16689,912,0,0
2026-08-26 15:00:00,2026-08-26 13:00:00,1.16690,1.16734,1.16681,1.16728,1045,0,0
2026-08-26 15:15:00,2026-08-26 13:15:00,1.16729,1.16748,1.16705,1.16721,1094,0,0
2026-08-26 15:30:00,2026-08-26 13:30:00,1.16722,1.16750,1.16625,1.16633,1776,0,0
2026-08-26 15:45:00,2026-08-26 13:45:00,1.16634,1.16654,1.16555,1.16559,1459,0,0
2026-08-26 16:00:00,2026-08-26 14:00:00,1.16558,1.16576,1.16516,1.16567,1566,0,0
2026-08-26 16:15:00,2026-08-26 14:15:00,1.16567,1.16581,1.16534,1.16574,1495,0,0
2026-08-26 16:30:00,2026-08-26 14:30:00,1.16575,1.16590,1.16530,1.16555,1633,0,0
2026-08-26 16:45:00,2026-08-26 14:45:00,1.16555,1.16575,1.16523,1.16526,1390,0,0
2026-08-26 17:00:00,2026-08-26 15:00:00,1.16526,1.16534,1.16480,1.16507,1417,0,0
2026-08-26 17:15:00,2026-08-26 15:15:00,1.16508,1.16509,1.16427,1.16430,1389,0,0
2026-08-26 17:30:00,2026-08-26 15:30:00,1.16429,1.16503,1.16420,1.16482,1204,0,0
2026-08-26 17:45:00,2026-08-26 15:45:00,1.16482,1.16483,1.16443,1.16451,1113,0,0
2026-08-26 18:00:00,2026-08-26 16:00:00,1.16451,1.16526,1.16448,1.16500,1316,0,0
2026-08-26 18:15:00,2026-08-26 16:15:00,1.16498,1.16521,1.16489,1.16520,1046,0,0
2026-08-26 18:30:00,2026-08-26 16:30:00,1.16521,1.16543,1.16501,1.16524,966,0,0
2026-08-26 18:45:00,2026-08-26 16:45:00,1.16524,1.16544,1.16477,1.16504,1346,0,0
2026-08-26 19:00:00,2026-08-26 17:00:00,1.16504,1.16535,1.16487,1.16529,959,0,0
2026-08-26 19:15:00,2026-08-26 17:15:00,1.16529,1.16545,1.16521,1.16526,666,0,0
2026-08-26 19:30:00,2026-08-26 17:30:00,1.16526,1.16536,1.16492,1.16505,790,0,0
2026-08-26 19:45:00,2026-08-26 17:45:00,1.16507,1.16531,1.16490,1.16496,976,0,0
2026-08-26 20:00:00,2026-08-26 18:00:00,1.16496,1.16518,1.16485,1.16506,744,0,0
2026-08-26 20:15:00,2026-08-26 18:15:00,1.16507,1.16534,1.16499,1.16531,558,0,0
2026-08-26 20:30:00,2026-08-26 18:30:00,1.16532,1.16545,1.16523,1.16533,546,0,0
2026-08-26 20:45:00,2026-08-26 18:45:00,1.16533,1.16533,1.16505,1.16529,439,0,0
2026-08-26 21:00:00,2026-08-26 19:00:00,1.16528,1.16545,1.16510,1.16537,511,0,0
2026-08-26 21:15:00,2026-08-26 19:15:00,1.16538,1.16544,1.16517,1.16521,455,0,0
2026-08-26 21:30:00,2026-08-26 19:30:00,1.16521,1.16524,1.16507,1.16517,360,0,0
2026-08-26 21:45:00,2026-08-26 19:45:00,1.16517,1.16528,1.16501,1.16514,461,0,0
2026-08-26 22:00:00,2026-08-26 20:00:00,1.16515,1.16525,1.16500,1.16524,547,0,0
2026-08-26 22:15:00,2026-08-26 20:15:00,1.16525,1.16532,1.16511,1.16525,421,0,0
2026-08-26 22:30:00,2026-08-26 20:30:00,1.16525,1.16535,1.16515,1.16519,438,0,0
2026-08-26 22:45:00,2026-08-26 20:45:00,1.16520,1.16538,1.16509,1.16534,467,0,0
2026-08-26 23:00:00,2026-08-26 21:00:00,1.16534,1.16538,1.16516,1.16517,426,0,0
2026-08-26 23:15:00,2026-08-26 21:15:00,1.16517,1.16538,1.16516,1.16526,335,0,0
2026-08-26 23:30:00,2026-08-26 21:30:00,1.16527,1.16550,1.16526,1.16548,347,0,0
2026-08-26 23:45:00,2026-08-26 21:45:00,1.16548,1.16548,1.16528,1.16533,270,0,0
2026-08-27 00:00:00,2026-08-26 22:00:00,1.16464,1.16487,1.16459,1.16480,158,33,0
2026-08-27 00:15:00,2026-08-26 22:15:00,1.16482,1.16515,1.16481,1.16513,85,36,0
2026-08-27 00:30:00,2026-08-26 22:30:00,1.16513,1.16516,1.16503,1.16514,64,26,0
2026-08-27 00:45:00,2026-08-26 22:45:00,1.16514,1.16515,1.16511,1.16514,53,36,0
2026-08-27 01:00:00,2026-08-26 23:00:00,1.16528,1.16548,1.16527,1.16539,431,4,0
2026-08-27 01:15:00,2026-08-26 23:15:00,1.16538,1.16549,1.16534,1.16547,208,3,0
2026-08-27 01:30:00,2026-08-26 23:30:00,1.16547,1.16549,1.16539,1.16544,186,2,0
2026-08-27 01:45:00,2026-08-26 23:45:00,1.16544,1.16544,1.16534,1.16540,200,2,0
2026-08-27 02:00:00,2026-08-27 00:00:00,1.16540,1.16548,1.16537,1.16548,204,2,0
2026-08-27 02:15:00,2026-08-27 00:15:00,1.16549,1.16560,1.16542,1.16547,510,0,0
2026-08-27 02:30:00,2026-08-27 00:30:00,1.16547,1.16565,1.16546,1.16560,404,0,0
2026-08-27 02:45:00,2026-08-27 00:45:00,1.16559,1.16563,1.16545,1.16556,285,0,0
2026-08-27 03:00:00,2026-08-27 01:00:00,1.16555,1.16569,1.16545,1.16554,712,0,0
2026-08-27 03:15:00,2026-08-27 01:15:00,1.16554,1.16580,1.16549,1.16579,419,0,0
2026-08-27 03:30:00,2026-08-27 01:30:00,1.16579,1.16583,1.16552,1.16553,527,0,0
2026-08-27 03:45:00,2026-08-27 01:45:00,1.16552,1.16578,1.16539,1.16565,610,0,0
2026-08-27 04:00:00,2026-08-27 02:00:00,1.16565,1.16575,1.16553,1.16570,653,0,0
2026-08-27 04:15:00,2026-08-27 02:15:00,1.16571,1.16591,1.16562,1.16573,562,0,0
2026-08-27 04:30:00,2026-08-27 02:30:00,1.16573,1.16591,1.16561,1.16567,605,0,0
2026-08-27 04:45:00,2026-08-27 02:45:00,1.16568,1.16586,1.16566,1.16580,508,0,0
2026-08-27 05:00:00,2026-08-27 03:00:00,1.16580,1.16597,1.16575,1.16575,388,0,0
2026-08-27 05:15:00,2026-08-27 03:15:00,1.16575,1.16578,1.16550,1.16551,280,0,0
2026-08-27 05:30:00,2026-08-27 03:30:00,1.16550,1.16569,1.16545,1.16556,349,0,0
2026-08-27 05:45:00,2026-08-27 03:45:00,1.16556,1.16563,1.16547,1.16556,282,0,0
2026-08-27 06:00:00,2026-08-27 04:00:00,1.16557,1.16563,1.16552,1.16558,360,0,0
2026-08-27 06:15:00,2026-08-27 04:15:00,1.16557,1.16561,1.16540,1.16542,318,0,0
2026-08-27 06:30:00,2026-08-27 04:30:00,1.16542,1.16548,1.16535,1.16539,287,0,0
2026-08-27 06:45:00,2026-08-27 04:45:00,1.16540,1.16556,1.16539,1.16544,280,0,0
2026-08-27 07:00:00,2026-08-27 05:00:00,1.16545,1.16560,1.16542,1.16555,317,0,0
2026-08-27 07:15:00,2026-08-27 05:15:00,1.16556,1.16560,1.16540,1.16554,265,0,0
2026-08-27 07:30:00,2026-08-27 05:30:00,1.16552,1.16553,1.16545,1.16546,221,0,0
2026-08-27 07:45:00,2026-08-27 05:45:00,1.16547,1.16557,1.16541,1.16557,328,0,0
2026-08-27 08:00:00,2026-08-27 06:00:00,1.16558,1.16568,1.16544,1.16562,370,0,0
2026-08-27 08:15:00,2026-08-27 06:15:00,1.16562,1.16574,1.16538,1.16572,405,0,0
2026-08-27 08:30:00,2026-08-27 06:30:00,1.16572,1.16578,1.16552,1.16562,454,0,0
2026-08-27 08:45:00,2026-08-27 06:45:00,1.16563,1.16566,1.16520,1.16544,589,0,0
2026-08-27 09:00:00,2026-08-27 07:00:00,1.16545,1.16548,1.16521,1.16539,787,0,0
2026-08-27 09:15:00,2026-08-27 07:15:00,1.16538,1.16559,1.16525,1.16550,703,0,0
2026-08-27 09:30:00,2026-08-27 07:30:00,1.16550,1.16553,1.16530,1.16536,604,0,0
2026-08-27 09:45:00,2026-08-27 07:45:00,1.16537,1.16550,1.16518,1.16534,764,0,0
2026-08-27 10:00:00,2026-08-27 08:00:00,1.16535,1.16564,1.16535,1.16556,1018,0,0
2026-08-27 10:15:00,2026-08-27 08:15:00,1.16556,1.16558,1.16519,1.16522,870,0,0
2026-08-27 10:30:00,2026-08-27 08:30:00,1.16521,1.16548,1.16515,1.16547,771,0,0
2026-08-27 10:45:00,2026-08-27 08:45:00,1.16549,1.16557,1.16520,1.16549,890,0,0
2026-08-27 11:00:00,2026-08-27 09:00:00,1.16548,1.16581,1.16542,1.16546,864,0,0
2026-08-27 11:15:00,2026-08-27 09:15:00,1.16547,1.16559,1.16498,1.16507,990,0,0
2026-08-27 11:30:00,2026-08-27 09:30:00,1.16508,1.16522,1.16476,1.16518,1032,0,0
2026-08-27 11:45:00,2026-08-27 09:45:00,1.16517,1.16522,1.16481,1.16482,941,0,0
2026-08-27 12:00:00,2026-08-27 10:00:00,1.16482,1.16485,1.16433,1.16468,1072,0,0
2026-08-27 12:15:00,2026-08-27 10:15:00,1.16468,1.16477,1.16444,1.16468,957,0,0
2026-08-27 12:30:00,2026-08-27 10:30:00,1.16467,1.16467,1.16403,1.16420,1025,0,0
2026-08-27 12:45:00,2026-08-27 10:45:00,1.16421,1.16463,1.16406,1.16409,803,0,0
2026-08-27 13:00:00,2026-08-27 11:00:00,1.16408,1.16444,1.16390,1.16444,1050,0,0
2026-08-27 13:15:00,2026-08-27 11:15:00,1.16445,1.16482,1.16427,1.16457,931,0,0
2026-08-27 13:30:00,2026-08-27 11:30:00,1.16458,1.16460,1.16384,1.16420,957,0,0
2026-08-27 13:45:00,2026-08-27 11:45:00,1.16420,1.16420,1.16394,1.16398,910,0,0
2026-08-27 14:00:00,2026-08-27 12:00:00,1.16399,1.16407,1.16380,1.16391,879,0,0
2026-08-27 14:15:00,2026-08-27 12:15:00,1.16392,1.16417,1.16387,1.16408,702,0,0
2026-08-27 14:30:00,2026-08-27 12:30:00,1.16411,1.16442,1.16377,1.16394,984,0,0
2026-08-27 14:45:00,2026-08-27 12:45:00,1.16395,1.16436,1.16367,1.16410,1076,0,0
2026-08-27 15:00:00,2026-08-27 13:00:00,1.16411,1.16458,1.16411,1.16420,1092,0,0
2026-08-27 15:15:00,2026-08-27 13:15:00,1.16419,1.16450,1.16410,1.16435,939,0,0
2026-08-27 15:30:00,2026-08-27 13:30:00,1.16435,1.16441,1.16395,1.16426,954,0,0
2026-08-27 15:45:00,2026-08-27 13:45:00,1.16426,1.16439,1.16398,1.16412,949,0,0
2026-08-27 16:00:00,2026-08-27 14:00:00,1.16411,1.16492,1.16400,1.16485,1251,0,0
2026-08-27 16:15:00,2026-08-27 14:15:00,1.16485,1.16601,1.16468,1.16584,1394,0,0
2026-08-27 16:30:00,2026-08-27 14:30:00,1.16583,1.16597,1.16518,1.16527,1434,0,0
2026-08-27 16:45:00,2026-08-27 14:45:00,1.16528,1.16553,1.16505,1.16540,1301,0,0
2026-08-27 17:00:00,2026-08-27 15:00:00,1.16541,1.16581,1.16505,1.16517,1428,0,0
2026-08-27 17:15:00,2026-08-27 15:15:00,1.16516,1.16533,1.16481,1.16492,1162,0,0
2026-08-27 17:30:00,2026-08-27 15:30:00,1.16491,1.16553,1.16489,1.16511,1359,0,0
2026-08-27 17:45:00,2026-08-27 15:45:00,1.16511,1.16542,1.16445,1.16448,1435,0,0
2026-08-27 18:00:00,2026-08-27 16:00:00,1.16447,1.16525,1.16443,1.16508,1565,0,0
2026-08-27 18:15:00,2026-08-27 16:15:00,1.16510,1.16524,1.16491,1.16505,974,0,0
2026-08-27 18:30:00,2026-08-27 16:30:00,1.16507,1.16524,1.16501,1.16504,856,0,0
2026-08-27 18:45:00,2026-08-27 16:45:00,1.16504,1.16544,1.16482,1.16533,936,0,0
2026-08-27 19:00:00,2026-08-27 17:00:00,1.16534,1.16536,1.16495,1.16511,745,0,0
2026-08-27 19:15:00,2026-08-27 17:15:00,1.16511,1.16534,1.16494,1.16531,715,0,0
2026-08-27 19:30:00,2026-08-27 17:30:00,1.16531,1.16545,1.16525,1.16536,674,0,0
2026-08-27 19:45:00,2026-08-27 17:45:00,1.16536,1.16541,1.16507,1.16524,756,0,0
2026-08-27 20:00:00,2026-08-27 18:00:00,1.16523,1.16541,1.16508,1.16509,535,0,0
2026-08-27 20:15:00,2026-08-27 18:15:00,1.16510,1.16518,1.16500,1.16508,584,0,0
2026-08-27 20:30:00,2026-08-27 18:30:00,1.16509,1.16513,1.16485,1.16490,688,0,0
2026-08-27 20:45:00,2026-08-27 18:45:00,1.16491,1.16498,1.16469,1.16491,781,0,0
2026-08-27 21:00:00,2026-08-27 19:00:00,1.16491,1.16495,1.16460,1.16478,732,0,0
2026-08-27 21:15:00,2026-08-27 19:15:00,1.16479,1.16486,1.16466,1.16470,498,0,0
2026-08-27 21:30:00,2026-08-27 19:30:00,1.16469,1.16478,1.16467,1.16478,349,0,0
2026-08-27 21:45:00,2026-08-27 19:45:00,1.16478,1.16502,1.16475,1.16489,445,0,0
2026-08-27 22:00:00,2026-08-27 20:00:00,1.16493,1.16506,1.16487,1.16494,666,0,0
2026-08-27 22:15:00,2026-08-27 20:15:00,1.16495,1.16503,1.16485,1.16489,473,0,0
2026-08-27 22:30:00,2026-08-27 20:30:00,1.16489,1.16497,1.16479,1.16495,405,0,0
2026-08-27 22:45:00,2026-08-27 20:45:00,1.16494,1.16504,1.16474,1.16493,468,0,0
2026-08-27 23:00:00,2026-08-27 21:00:00,1.16493,1.16526,1.16492,1.16514,328,0,0
2026-08-27 23:15:00,2026-08-27 21:15:00,1.16513,1.16515,1.16498,1.16500,224,0,0
2026-08-27 23:30:00,2026-08-27 21:30:00,1.16499,1.16516,1.16498,1.16514,160,0,0
2026-08-27 23:45:00,2026-08-27 21:45:00,1.16514,1.16519,1.16512,1.16517,122,0,0
2026-08-28 00:00:00,2026-08-27 22:00:00,1.16451,1.16501,1.16447,1.16501,44,50,0
2026-08-28 00:15:00,2026-08-27 22:15:00,1.16500,1.16537,1.16491,1.16536,131,22,0
2026-08-28 00:30:00,2026-08-27 22:30:00,1.16537,1.16539,1.16512,1.16512,143,20,0
2026-08-28 00:45:00,2026-08-27 22:45:00,1.16514,1.16515,1.16483,1.16483,238,30,0
2026-08-28 01:00:00,2026-08-27 23:00:00,1.16496,1.16539,1.16496,1.16539,480,1,0
2026-08-28 01:15:00,2026-08-27 23:15:00,1.16539,1.16546,1.16522,1.16524,298,0,0
2026-08-28 01:30:00,2026-08-27 23:30:00,1.16524,1.16532,1.16520,1.16524,295,0,0
2026-08-28 01:45:00,2026-08-27 23:45:00,1.16524,1.16538,1.16521,1.16534,265,0,0
2026-08-28 02:00:00,2026-08-28 00:00:00,1.16534,1.16545,1.16531,1.16543,183,0,0
2026-08-28 02:15:00,2026-08-28 00:15:00,1.16542,1.16545,1.16526,1.16528,237,0,0
2026-08-28 02:30:00,2026-08-28 00:30:00,1.16528,1.16546,1.16522,1.16534,262,0,0
2026-08-28 02:45:00,2026-08-28 00:45:00,1.16535,1.16549,1.16532,1.16536,276,0,0
2026-08-28 03:00:00,2026-08-28 01:00:00,1.16536,1.16544,1.16522,1.16527,551,0,0
2026-08-28 03:15:00,2026-08-28 01:15:00,1.16527,1.16531,1.16506,1.16524,465,0,0
2026-08-28 03:30:00,2026-08-28 01:30:00,1.16524,1.16535,1.16515,1.16528,422,0,0
2026-08-28 03:45:00,2026-08-28 01:45:00,1.16529,1.16540,1.16524,1.16532,417,0,0
2026-08-28 04:00:00,2026-08-28 02:00:00,1.16532,1.16545,1.16520,1.16534,565,0,0
2026-08-28 04:15:00,2026-08-28 02:15:00,1.16534,1.16541,1.16527,1.16528,412,0,0
2026-08-28 04:30:00,2026-08-28 02:30:00,1.16529,1.16554,1.16525,1.16539,548,0,0
2026-08-28 04:45:00,2026-08-28 02:45:00,1.16538,1.16538,1.16495,1.16497,517,0,0
2026-08-28 05:00:00,2026-08-28 03:00:00,1.16497,1.16505,1.16469,1.16476,550,0,0
2026-08-28 05:15:00,2026-08-28 03:15:00,1.16477,1.16501,1.16463,1.16478,466,0,0
2026-08-28 05:30:00,2026-08-28 03:30:00,1.16478,1.16490,1.16473,1.16475,399,0,0
2026-08-28 05:45:00,2026-08-28 03:45:00,1.16476,1.16508,1.16472,1.16507,360,0,0
2026-08-28 06:00:00,2026-08-28 04:00:00,1.16508,1.16514,1.16499,1.16503,345,0,0
2026-08-28 06:15:00,2026-08-28 04:15:00,1.16504,1.16509,1.16492,1.16508,234,0,0
2026-08-28 06:30:00,2026-08-28 04:30:00,1.16508,1.16510,1.16477,1.16479,292,0,0
2026-08-28 06:45:00,2026-08-28 04:45:00,1.16479,1.16483,1.16455,1.16465,326,0,0
2026-08-28 07:00:00,2026-08-28 05:00:00,1.16463,1.16467,1.16452,1.16454,315,0,0
2026-08-28 07:15:00,2026-08-28 05:15:00,1.16453,1.16465,1.16451,1.16456,333,0,0
2026-08-28 07:30:00,2026-08-28 05:30:00,1.16455,1.16464,1.16451,1.16457,249,0,0
2026-08-28 07:45:00,2026-08-28 05:45:00,1.16458,1.16463,1.16450,1.16456,237,0,0
2026-08-28 08:00:00,2026-08-28 06:00:00,1.16455,1.16458,1.16434,1.16437,424,0,0
2026-08-28 08:15:00,2026-08-28 06:15:00,1.16437,1.16450,1.16436,1.16440,323,0,0
2026-08-28 08:30:00,2026-08-28 06:30:00,1.16438,1.16448,1.16426,1.16428,420,0,0
2026-08-28 08:45:00,2026-08-28 06:45:00,1.16428,1.16459,1.16427,1.16444,386,0,0
2026-08-28 09:00:00,2026-08-28 07:00:00,1.16445,1.16466,1.16441,1.16448,770,0,0
2026-08-28 09:15:00,2026-08-28 07:15:00,1.16447,1.16479,1.16430,1.16475,882,0,0
2026-08-28 09:30:00,2026-08-28 07:30:00,1.16474,1.16486,1.16444,1.16478,1050,0,0
2026-08-28 09:45:00,2026-08-28 07:45:00,1.16478,1.16493,1.16459,1.16483,934,0,0
2026-08-28 10:00:00,2026-08-28 08:00:00,1.16483,1.16490,1.16437,1.16448,1091,0,0
2026-08-28 10:15:00,2026-08-28 08:15:00,1.16448,1.16457,1.16418,1.16423,913,0,0
2026-08-28 10:30:00,2026-08-28 08:30:00,1.16422,1.16462,1.16421,1.16446,959,0,0
2026-08-28 10:45:00,2026-08-28 08:45:00,1.16444,1.16484,1.16432,1.16465,789,0,0
2026-08-28 11:00:00,2026-08-28 09:00:00,1.16463,1.16490,1.16459,1.16463,878,0,0
2026-08-28 11:15:00,2026-08-28 09:15:00,1.16464,1.16470,1.16441,1.16442,719,0,0
2026-08-28 11:30:00,2026-08-28 09:30:00,1.16443,1.16472,1.16437,1.16438,778,0,0
2026-08-28 11:45:00,2026-08-28 09:45:00,1.16439,1.16449,1.16419,1.16445,764,0,0
2026-08-28 12:00:00,2026-08-28 10:00:00,1.16444,1.16453,1.16418,1.16423,756,0,0
2026-08-28 12:15:00,2026-08-28 10:15:00,1.16424,1.16439,1.16418,1.16423,710,0,0
2026-08-28 12:30:00,2026-08-28 10:30:00,1.16423,1.16439,1.16403,1.16416,718,0,0
2026-08-28 12:45:00,2026-08-28 10:45:00,1.16415,1.16429,1.16396,1.16401,877,0,0
2026-08-28 13:00:00,2026-08-28 11:00:00,1.16400,1.16423,1.16392,1.16406,840,0,0
2026-08-28 13:15:00,2026-08-28 11:15:00,1.16407,1.16441,1.16400,1.16441,710,0,0
2026-08-28 13:30:00,2026-08-28 11:30:00,1.16440,1.16472,1.16438,1.16466,600,0,0
2026-08-28 13:45:00,2026-08-28 11:45:00,1.16465,1.16492,1.16451,1.16492,653,0,0
2026-08-28 14:00:00,2026-08-28 12:00:00,1.16492,1.16497,1.16464,1.16470,733,0,0
2026-08-28 14:15:00,2026-08-28 12:15:00,1.16470,1.16480,1.16452,1.16463,783,0,0
2026-08-28 14:30:00,2026-08-28 12:30:00,1.16463,1.16480,1.16453,1.16477,759,0,0
2026-08-28 14:45:00,2026-08-28 12:45:00,1.16478,1.16483,1.16446,1.16453,913,0,0
2026-08-28 15:00:00,2026-08-28 13:00:00,1.16453,1.16461,1.16425,1.16436,846,0,0
2026-08-28 15:15:00,2026-08-28 13:15:00,1.16436,1.16442,1.16418,1.16424,817,0,0
2026-08-28 15:30:00,2026-08-28 13:30:00,1.16423,1.16424,1.16392,1.16412,897,0,0
2026-08-28 15:45:00,2026-08-28 13:45:00,1.16411,1.16503,1.16411,1.16490,1297,0,0
2026-08-28 16:00:00,2026-08-28 14:00:00,1.16491,1.16501,1.16441,1.16445,1093,0,0
2026-08-28 16:15:00,2026-08-28 14:15:00,1.16446,1.16456,1.16417,1.16433,803,0,0
2026-08-28 16:30:00,2026-08-28 14:30:00,1.16434,1.16443,1.16407,1.16414,1034,0,0
2026-08-28 16:45:00,2026-08-28 14:45:00,1.16413,1.16471,1.16371,1.16377,1041,0,0
2026-08-28 17:00:00,2026-08-28 15:00:00,1.16371,1.16589,1.16104,1.16115,3055,0,0
2026-08-28 17:15:00,2026-08-28 15:15:00,1.16115,1.16165,1.15946,1.16019,2605,0,0
2026-08-28 17:30:00,2026-08-28 15:30:00,1.16019,1.16118,1.16012,1.16075,2217,0,0
2026-08-28 17:45:00,2026-08-28 15:45:00,1.16074,1.16225,1.16019,1.16174,2263,0,0
2026-08-28 18:00:00,2026-08-28 16:00:00,1.16173,1.16208,1.16057,1.16080,1990,0,0
2026-08-28 18:15:00,2026-08-28 16:15:00,1.16079,1.16107,1.16031,1.16043,1704,0,0
2026-08-28 18:30:00,2026-08-28 16:30:00,1.16043,1.16057,1.15963,1.16000,1525,0,0
2026-08-28 18:45:00,2026-08-28 16:45:00,1.16001,1.16026,1.15972,1.15977,1707,0,0
2026-08-28 19:00:00,2026-08-28 17:00:00,1.15977,1.15983,1.15895,1.15902,1445,0,0
2026-08-28 19:15:00,2026-08-28 17:15:00,1.15900,1.15909,1.15848,1.15858,1617,0,0
2026-08-28 19:30:00,2026-08-28 17:30:00,1.15857,1.15900,1.15850,1.15855,1360,0,0
2026-08-28 19:45:00,2026-08-28 17:45:00,1.15856,1.15897,1.15848,1.15871,1253,0,0
2026-08-28 20:00:00,2026-08-28 18:00:00,1.15871,1.15893,1.15828,1.15874,1151,0,0
2026-08-28 20:15:00,2026-08-28 18:15:00,1.15873,1.15876,1.15846,1.15855,983,0,0
2026-08-28 20:30:00,2026-08-28 18:30:00,1.15854,1.15858,1.15782,1.15804,909,0,0
2026-08-28 20:45:00,2026-08-28 18:45:00,1.15806,1.15814,1.15779,1.15809,859,0,0
2026-08-28 21:00:00,2026-08-28 19:00:00,1.15808,1.15825,1.15784,1.15801,929,0,0
2026-08-28 21:15:00,2026-08-28 19:15:00,1.15802,1.15847,1.15791,1.15827,894,0,0
2026-08-28 21:30:00,2026-08-28 19:30:00,1.15826,1.15832,1.15779,1.15798,669,0,0
2026-08-28 21:45:00,2026-08-28 19:45:00,1.15800,1.15810,1.15778,1.15805,764,0,0
2026-08-28 22:00:00,2026-08-28 20:00:00,1.15804,1.15832,1.15798,1.15820,818,0,0
2026-08-28 22:15:00,2026-08-28 20:15:00,1.15819,1.15865,1.15811,1.15861,729,0,0
2026-08-28 22:30:00,2026-08-28 20:30:00,1.15860,1.15873,1.15849,1.15866,817,0,0
2026-08-28 22:45:00,2026-08-28 20:45:00,1.15865,1.15877,1.15853,1.15860,705,0,0
2026-08-28 23:00:00,2026-08-28 21:00:00,1.15860,1.15866,1.15835,1.15856,502,0,0
2026-08-28 23:15:00,2026-08-28 21:15:00,1.15856,1.15860,1.15834,1.15847,389,0,0
2026-08-28 23:30:00,2026-08-28 21:30:00,1.15848,1.15851,1.15795,1.15815,336,0,0
2026-08-28 23:45:00,2026-08-28 21:45:00,1.15817,1.15831,1.15807,1.15821,268,0,0
2026-08-31 00:00:00,2026-08-30 22:00:00,1.15766,1.15788,1.15762,1.15773,68,40,0
2026-08-31 00:15:00,2026-08-30 22:15:00,1.15773,1.15782,1.15771,1.15780,68,40,0
2026-08-31 00:30:00,2026-08-30 22:30:00,1.15781,1.15791,1.15777,1.15791,42,38,0
2026-08-31 00:45:00,2026-08-30 22:45:00,1.15791,1.15791,1.15768,1.15770,74,38,0
2026-08-31 01:00:00,2026-08-30 23:00:00,1.15781,1.15822,1.15777,1.15817,616,0,0
2026-08-31 01:15:00,2026-08-30 23:15:00,1.15817,1.15822,1.15810,1.15817,358,0,0
2026-08-31 01:30:00,2026-08-30 23:30:00,1.15816,1.15850,1.15814,1.15834,485,0,0
2026-08-31 01:45:00,2026-08-30 23:45:00,1.15833,1.15849,1.15832,1.15844,311,0,0
2026-08-31 02:00:00,2026-08-31 00:00:00,1.15844,1.15863,1.15836,1.15850,403,0,0
2026-08-31 02:15:00,2026-08-31 00:15:00,1.15849,1.15868,1.15846,1.15855,372,0,0
2026-08-31 02:30:00,2026-08-31 00:30:00,1.15856,1.15885,1.15854,1.15877,398,0,0
2026-08-31 02:45:00,2026-08-31 00:45:00,1.15877,1.15894,1.15866,1.15888,436,0,0
2026-08-31 03:00:00,2026-08-31 01:00:00,1.15888,1.15934,1.15887,1.15921,856,0,0
2026-08-31 03:15:00,2026-08-31 01:15:00,1.15921,1.15929,1.15855,1.15866,888,0,0
2026-08-31 03:30:00,2026-08-31 01:30:00,1.15867,1.15919,1.15865,1.15910,650,0,0
2026-08-31 03:45:00,2026-08-31 01:45:00,1.15910,1.15938,1.15908,1.15923,716,0,0
2026-08-31 04:00:00,2026-08-31 02:00:00,1.15922,1.15929,1.15872,1.15882,1104,0,0
2026-08-31 04:15:00,2026-08-31 02:15:00,1.15882,1.15905,1.15871,1.15902,873,0,0
2026-08-31 04:30:00,2026-08-31 02:30:00,1.15902,1.15945,1.15902,1.15933,839,0,0
2026-08-31 04:45:00,2026-08-31 02:45:00,1.15933,1.15942,1.15906,1.15907,730,0,0
2026-08-31 05:00:00,2026-08-31 03:00:00,1.15907,1.15930,1.15898,1.15918,690,0,0
2026-08-31 05:15:00,2026-08-31 03:15:00,1.15919,1.15929,1.15892,1.15925,666,0,0
2026-08-31 05:30:00,2026-08-31 03:30:00,1.15923,1.15928,1.15882,1.15893,642,0,0
2026-08-31 05:45:00,2026-08-31 03:45:00,1.15893,1.15926,1.15891,1.15925,535,0,0
2026-08-31 06:00:00,2026-08-31 04:00:00,1.15925,1.15929,1.15916,1.15919,530,0,0
2026-08-31 06:15:00,2026-08-31 04:15:00,1.15921,1.15937,1.15918,1.15920,430,0,0
2026-08-31 06:30:00,2026-08-31 04:30:00,1.15919,1.15920,1.15893,1.15907,381,0,0
2026-08-31 06:45:00,2026-08-31 04:45:00,1.15907,1.15919,1.15897,1.15914,313,0,0
2026-08-31 07:00:00,2026-08-31 05:00:00,1.15914,1.15928,1.15913,1.15924,515,0,0
2026-08-31 07:15:00,2026-08-31 05:15:00,1.15926,1.15927,1.15887,1.15889,420,0,0
2026-08-31 07:30:00,2026-08-31 05:30:00,1.15888,1.15910,1.15886,1.15908,393,0,0
2026-08-31 07:45:00,2026-08-31 05:45:00,1.15908,1.15914,1.15899,1.15909,452,0,0
2026-08-31 08:00:00,2026-08-31 06:00:00,1.15911,1.15912,1.15887,1.15905,392,0,0
2026-08-31 08:15:00,2026-08-31 06:15:00,1.15903,1.15915,1.15886,1.15913,493,0,0
2026-08-31 08:30:00,2026-08-31 06:30:00,1.15913,1.15913,1.15873,1.15893,635,0,0
2026-08-31 08:45:00,2026-08-31 06:45:00,1.15893,1.15905,1.15874,1.15905,593,0,0
2026-08-31 09:00:00,2026-08-31 07:00:00,1.15905,1.15905,1.15870,1.15890,821,0,0
2026-08-31 09:15:00,2026-08-31 07:15:00,1.15889,1.15913,1.15870,1.15874,704,0,0
2026-08-31 09:30:00,2026-08-31 07:30:00,1.15873,1.15913,1.15868,1.15884,617,0,0
2026-08-31 09:45:00,2026-08-31 07:45:00,1.15883,1.15895,1.15847,1.15888,784,0,0
2026-08-31 10:00:00,2026-08-31 08:00:00,1.15888,1.15897,1.15847,1.15886,1124,0,0
2026-08-31 10:15:00,2026-08-31 08:15:00,1.15886,1.15964,1.15858,1.15940,1152,0,0
2026-08-31 10:30:00,2026-08-31 08:30:00,1.15941,1.15996,1.15936,1.15992,1202,0,0
2026-08-31 10:45:00,2026-08-31 08:45:00,1.15990,1.16034,1.15989,1.16027,1165,0,0
2026-08-31 11:00:00,2026-08-31 09:00:00,1.16023,1.16060,1.15976,1.15982,1341,0,0
2026-08-31 11:15:00,2026-08-31 09:15:00,1.15983,1.15993,1.15965,1.15981,926,0,0
2026-08-31 11:30:00,2026-08-31 09:30:00,1.15982,1.15994,1.15968,1.15974,935,0,0
2026-08-31 11:45:00,2026-08-31 09:45:00,1.15973,1.15991,1.15931,1.15943,962,0,0
2026-08-31 12:00:00,2026-08-31 10:00:00,1.15944,1.16002,1.15941,1.16000,943,0,0
2026-08-31 12:15:00,2026-08-31 10:15:00,1.15999,1.16011,1.15971,1.15983,870,0,0
2026-08-31 12:30:00,2026-08-31 10:30:00,1.15984,1.15993,1.15952,1.15972,867,0,0
2026-08-31 12:45:00,2026-08-31 10:45:00,1.15972,1.16001,1.15966,1.15992,917,0,0
2026-08-31 13:00:00,2026-08-31 11:00:00,1.15992,1.16022,1.15985,1.16013,855,0,0
2026-08-31 13:15:00,2026-08-31 11:15:00,1.16012,1.16021,1.15987,1.16017,753,0,0
2026-08-31 13:30:00,2026-08-31 11:30:00,1.16016,1.16020,1.15972,1.15972,668,0,0
2026-08-31 13:45:00,2026-08-31 11:45:00,1.15973,1.16002,1.15966,1.15972,726,0,0
2026-08-31 14:00:00,2026-08-31 12:00:00,1.15973,1.16000,1.15957,1.15987,807,0,0
2026-08-31 14:15:00,2026-08-31 12:15:00,1.15988,1.16030,1.15986,1.16022,852,0,0
2026-08-31 14:30:00,2026-08-31 12:30:00,1.16023,1.16029,1.15992,1.16001,975,0,0
2026-08-31 14:45:00,2026-08-31 12:45:00,1.16001,1.16004,1.15956,1.15963,757,0,0
2026-08-31 15:00:00,2026-08-31 13:00:00,1.15965,1.15985,1.15932,1.15982,1105,0,0
2026-08-31 15:15:00,2026-08-31 13:15:00,1.15983,1.16001,1.15943,1.15967,1140,0,0
2026-08-31 15:30:00,2026-08-31 13:30:00,1.15968,1.15968,1.15918,1.15938,1100,0,0
2026-08-31 15:45:00,2026-08-31 13:45:00,1.15939,1.15966,1.15926,1.15953,1044,0,0
2026-08-31 16:00:00,2026-08-31 14:00:00,1.15954,1.15983,1.15938,1.15965,1148,0,0
2026-08-31 16:15:00,2026-08-31 14:15:00,1.15965,1.16012,1.15959,1.16000,1107,0,0
2026-08-31 16:30:00,2026-08-31 14:30:00,1.15999,1.16011,1.15954,1.15958,1325,0,0
2026-08-31 16:45:00,2026-08-31 14:45:00,1.15959,1.15998,1.15945,1.15997,1379,0,0
2026-08-31 17:00:00,2026-08-31 15:00:00,1.15998,1.16025,1.15953,1.16014,1242,0,0
2026-08-31 17:15:00,2026-08-31 15:15:00,1.16015,1.16056,1.16000,1.16027,1181,0,0
2026-08-31 17:30:00,2026-08-31 15:30:00,1.16027,1.16072,1.16016,1.16063,1357,0,0
2026-08-31 17:45:00,2026-08-31 15:45:00,1.16063,1.16181,1.16060,1.16142,1942,0,0
2026-08-31 18:00:00,2026-08-31 16:00:00,1.16140,1.16172,1.16126,1.16149,1485,0,0
2026-08-31 18:15:00,2026-08-31 16:15:00,1.16149,1.16168,1.16121,1.16167,1092,0,0
2026-08-31 18:30:00,2026-08-31 16:30:00,1.16166,1.16200,1.16165,1.16176,1069,0,0
2026-08-31 18:45:00,2026-08-31 16:45:00,1.16175,1.16209,1.16155,1.16165,1001,0,0
2026-08-31 19:00:00,2026-08-31 17:00:00,1.16166,1.16179,1.16154,1.16162,821,0,0
2026-08-31 19:15:00,2026-08-31 17:15:00,1.16161,1.16179,1.16150,1.16167,665,0,0
2026-08-31 19:30:00,2026-08-31 17:30:00,1.16166,1.16168,1.16143,1.16147,713,0,0
2026-08-31 19:45:00,2026-08-31 17:45:00,1.16147,1.16170,1.16138,1.16166,772,0,0
2026-08-31 20:00:00,2026-08-31 18:00:00,1.16166,1.16174,1.16148,1.16170,561,0,0
2026-08-31 20:15:00,2026-08-31 18:15:00,1.16169,1.16179,1.16155,1.16155,564,0,0
2026-08-31 20:30:00,2026-08-31 18:30:00,1.16156,1.16166,1.16146,1.16162,545,0,0
2026-08-31 20:45:00,2026-08-31 18:45:00,1.16161,1.16176,1.16153,1.16154,717,0,0
2026-08-31 21:00:00,2026-08-31 19:00:00,1.16155,1.16176,1.16146,1.16175,691,0,0
2026-08-31 21:15:00,2026-08-31 19:15:00,1.16175,1.16176,1.16156,1.16159,437,0,0
2026-08-31 21:30:00,2026-08-31 19:30:00,1.16159,1.16166,1.16144,1.16151,532,0,0
2026-08-31 21:45:00,2026-08-31 19:45:00,1.16151,1.16178,1.16149,1.16155,591,0,0
2026-08-31 22:00:00,2026-08-31 20:00:00,1.16155,1.16174,1.16150,1.16163,539,0,0
2026-08-31 22:15:00,2026-08-31 20:15:00,1.16163,1.16180,1.16158,1.16169,529,0,0
2026-08-31 22:30:00,2026-08-31 20:30:00,1.16168,1.16178,1.16145,1.16152,519,0,0
2026-08-31 22:45:00,2026-08-31 20:45:00,1.16153,1.16184,1.16148,1.16164,901,0,0
2026-08-31 23:00:00,2026-08-31 21:00:00,1.16164,1.16180,1.16153,1.16153,596,0,0
2026-08-31 23:15:00,2026-08-31 21:15:00,1.16153,1.16156,1.16143,1.16147,393,0,0
2026-08-31 23:30:00,2026-08-31 21:30:00,1.16149,1.16164,1.16142,1.16158,315,0,0
2026-08-31 23:45:00,2026-08-31 21:45:00,1.16158,1.16175,1.16158,1.16171,237,0,0
2026-09-01 00:00:00,2026-08-31 22:00:00,1.16153,1.16161,1.16150,1.16151,80,30,0
2026-09-01 00:15:00,2026-08-31 22:15:00,1.16148,1.16167,1.16148,1.16167,124,28,0
2026-09-01 00:30:00,2026-08-31 22:30:00,1.16167,1.16176,1.16164,1.16176,178,18,0
2026-09-01 00:45:00,2026-08-31 22:45:00,1.16176,1.16176,1.16169,1.16174,142,18,0
2026-09-01 01:00:00,2026-08-31 23:00:00,1.16183,1.16186,1.16169,1.16172,228,0,0
2026-09-01 01:15:00,2026-08-31 23:15:00,1.16172,1.16177,1.16165,1.16167,248,0,0
2026-09-01 01:30:00,2026-08-31 23:30:00,1.16167,1.16172,1.16150,1.16152,217,0,0
2026-09-01 01:45:00,2026-08-31 23:45:00,1.16152,1.16156,1.16142,1.16149,300,0,0
2026-09-01 02:00:00,2026-09-01 00:00:00,1.16149,1.16151,1.16126,1.16137,359,0,0
2026-09-01 02:15:00,2026-09-01 00:15:00,1.16137,1.16156,1.16131,1.16154,281,0,0
2026-09-01 02:30:00,2026-09-01 00:30:00,1.16155,1.16176,1.16151,1.16169,279,0,0
2026-09-01 02:45:00,2026-09-01 00:45:00,1.16169,1.16185,1.16166,1.16183,370,0,0
2026-09-01 03:00:00,2026-09-01 01:00:00,1.16183,1.16226,1.16158,1.16204,858,0,0
2026-09-01 03:15:00,2026-09-01 01:15:00,1.16203,1.16244,1.16196,1.16236,702,0,0
2026-09-01 03:30:00,2026-09-01 01:30:00,1.16237,1.16245,1.16211,1.16215,588,0,0
2026-09-01 03:45:00,2026-09-01 01:45:00,1.16217,1.16220,1.16177,1.16183,712,0,0
2026-09-01 04:00:00,2026-09-01 02:00:00,1.16183,1.16189,1.16133,1.16141,911,0,0
2026-09-01 04:15:00,2026-09-01 02:15:00,1.16141,1.16157,1.16106,1.16111,756,0,0
2026-09-01 04:30:00,2026-09-01 02:30:00,1.16111,1.16130,1.16100,1.16130,674,0,0
2026-09-01 04:45:00,2026-09-01 02:45:00,1.16130,1.16131,1.16074,1.16101,776,0,0
2026-09-01 05:00:00,2026-09-01 03:00:00,1.16100,1.16103,1.16061,1.16079,694,0,0
2026-09-01 05:15:00,2026-09-01 03:15:00,1.16080,1.16107,1.16077,1.16101,635,0,0
2026-09-01 05:30:00,2026-09-01 03:30:00,1.16098,1.16101,1.16069,1.16078,592,0,0
2026-09-01 05:45:00,2026-09-01 03:45:00,1.16078,1.16101,1.16072,1.16100,428,0,0
2026-09-01 06:00:00,2026-09-01 04:00:00,1.16099,1.16101,1.16065,1.16093,548,0,0
2026-09-01 06:15:00,2026-09-01 04:15:00,1.16093,1.16100,1.16057,1.16072,451,0,0
2026-09-01 06:30:00,2026-09-01 04:30:00,1.16071,1.16079,1.16062,1.16069,502,0,0
2026-09-01 06:45:00,2026-09-01 04:45:00,1.16068,1.16075,1.16056,1.16057,383,0,0
2026-09-01 07:00:00,2026-09-01 05:00:00,1.16056,1.16071,1.16046,1.16053,413,0,0
2026-09-01 07:15:00,2026-09-01 05:15:00,1.16053,1.16054,1.16034,1.16037,256,0,0
2026-09-01 07:30:00,2026-09-01 05:30:00,1.16036,1.16048,1.16028,1.16046,328,0,0
2026-09-01 07:45:00,2026-09-01 05:45:00,1.16047,1.16058,1.16037,1.16057,371,0,0
2026-09-01 08:00:00,2026-09-01 06:00:00,1.16057,1.16095,1.16055,1.16082,479,0,0
2026-09-01 08:15:00,2026-09-01 06:15:00,1.16082,1.16083,1.16061,1.16079,435,0,0
2026-09-01 08:30:00,2026-09-01 06:30:00,1.16077,1.16098,1.16072,1.16085,576,0,0
2026-09-01 08:45:00,2026-09-01 06:45:00,1.16085,1.16101,1.16076,1.16084,562,0,0
2026-09-01 09:00:00,2026-09-01 07:00:00,1.16084,1.16088,1.16060,1.16068,1055,0,0
2026-09-01 09:15:00,2026-09-01 07:15:00,1.16068,1.16083,1.16017,1.16020,756,0,0
2026-09-01 09:30:00,2026-09-01 07:30:00,1.16020,1.16034,1.16004,1.16028,877,0,0
2026-09-01 09:45:00,2026-09-01 07:45:00,1.16028,1.16051,1.16012,1.16050,890,0,0
2026-09-01 10:00:00,2026-09-01 08:00:00,1.16050,1.16072,1.16015,1.16036,981,0,0
2026-09-01 10:15:00,2026-09-01 08:15:00,1.16035,1.16035,1.15975,1.15980,900,0,0
2026-09-01 10:30:00,2026-09-01 08:30:00,1.15982,1.15983,1.15923,1.15924,1066,0,0
2026-09-01 10:45:00,2026-09-01 08:45:00,1.15923,1.15960,1.15917,1.15956,1086,0,0
2026-09-01 11:00:00,2026-09-01 09:00:00,1.15955,1.15975,1.15881,1.15892,1421,0,0
2026-09-01 11:15:00,2026-09-01 09:15:00,1.15891,1.15942,1.15879,1.15919,1322,0,0
2026-09-01 11:30:00,2026-09-01 09:30:00,1.15918,1.15944,1.15888,1.15933,1160,0,0
2026-09-01 11:45:00,2026-09-01 09:45:00,1.15932,1.15948,1.15915,1.15940,1012,0,0
2026-09-01 12:00:00,2026-09-01 10:00:00,1.15940,1.15982,1.15926,1.15966,1256,0,0
2026-09-01 12:15:00,2026-09-01 10:15:00,1.15967,1.15979,1.15949,1.15962,1092,0,0
2026-09-01 12:30:00,2026-09-01 10:30:00,1.15962,1.16004,1.15959,1.15985,849,0,0
2026-09-01 12:45:00,2026-09-01 10:45:00,1.15984,1.16014,1.15930,1.15931,1155,0,0
2026-09-01 13:00:00,2026-09-01 11:00:00,1.15930,1.15947,1.15918,1.15926,957,0,0
2026-09-01 13:15:00,2026-09-01 11:15:00,1.15927,1.15958,1.15921,1.15935,788,0,0
2026-09-01 13:30:00,2026-09-01 11:30:00,1.15934,1.15938,1.15903,1.15906,766,0,0
2026-09-01 13:45:00,2026-09-01 11:45:00,1.15907,1.15934,1.15900,1.15923,848,0,0
2026-09-01 14:00:00,2026-09-01 12:00:00,1.15922,1.15932,1.15899,1.15917,783,0,0
2026-09-01 14:15:00,2026-09-01 12:15:00,1.15918,1.15960,1.15911,1.15951,1302,0,0
2026-09-01 14:30:00,2026-09-01 12:30:00,1.15952,1.15960,1.15931,1.15944,765,0,0
2026-09-01 14:45:00,2026-09-01 12:45:00,1.15945,1.15955,1.15915,1.15927,1040,0,0
2026-09-01 15:00:00,2026-09-01 13:00:00,1.15926,1.15932,1.15882,1.15911,1068,0,0
2026-09-01 15:15:00,2026-09-01 13:15:00,1.15911,1.15947,1.15904,1.15922,1010,0,0
2026-09-01 15:30:00,2026-09-01 13:30:00,1.15921,1.15936,1.15902,1.15917,1054,0,0
2026-09-01 15:45:00,2026-09-01 13:45:00,1.15917,1.15943,1.15915,1.15931,953,0,0
2026-09-01 16:00:00,2026-09-01 14:00:00,1.15930,1.15935,1.15891,1.15911,1313,0,0
2026-09-01 16:15:00,2026-09-01 14:15:00,1.15909,1.15928,1.15904,1.15925,947,0,0
2026-09-01 16:30:00,2026-09-01 14:30:00,1.15927,1.16021,1.15927,1.16013,1381,0,0
2026-09-01 16:45:00,2026-09-01 14:45:00,1.16013,1.16024,1.15976,1.16011,1236,0,0
2026-09-01 17:00:00,2026-09-01 15:00:00,1.16013,1.16082,1.15989,1.16074,1650,0,0
2026-09-01 17:15:00,2026-09-01 15:15:00,1.16075,1.16079,1.16011,1.16012,1224,0,0
2026-09-01 17:30:00,2026-09-01 15:30:00,1.16011,1.16033,1.15996,1.16002,1121,0,0
2026-09-01 17:45:00,2026-09-01 15:45:00,1.16001,1.16021,1.15947,1.15963,1344,0,0
2026-09-01 18:00:00,2026-09-01 16:00:00,1.15966,1.15989,1.15943,1.15950,1397,0,0
2026-09-01 18:15:00,2026-09-01 16:15:00,1.15950,1.15956,1.15905,1.15938,1148,0,0
2026-09-01 18:30:00,2026-09-01 16:30:00,1.15938,1.15942,1.15906,1.15919,1249,0,0
2026-09-01 18:45:00,2026-09-01 16:45:00,1.15920,1.15927,1.15892,1.15923,962,0,0
2026-09-01 19:00:00,2026-09-01 17:00:00,1.15922,1.15934,1.15902,1.15906,909,0,0
2026-09-01 19:15:00,2026-09-01 17:15:00,1.15908,1.15918,1.15849,1.15873,1448,0,0
2026-09-01 19:30:00,2026-09-01 17:30:00,1.15872,1.15910,1.15852,1.15877,1085,0,0
2026-09-01 19:45:00,2026-09-01 17:45:00,1.15878,1.15880,1.15853,1.15857,776,0,0
2026-09-01 20:00:00,2026-09-01 18:00:00,1.15857,1.15901,1.15851,1.15887,762,0,0
2026-09-01 20:15:00,2026-09-01 18:15:00,1.15886,1.15937,1.15878,1.15937,698,0,0
2026-09-01 20:30:00,2026-09-01 18:30:00,1.15936,1.15955,1.15872,1.15884,780,0,0
2026-09-01 20:45:00,2026-09-01 18:45:00,1.15885,1.15888,1.15860,1.15876,562,0,0
2026-09-01 21:00:00,2026-09-01 19:00:00,1.15875,1.15908,1.15874,1.15882,547,0,0
2026-09-01 21:15:00,2026-09-01 19:15:00,1.15882,1.15897,1.15872,1.15877,520,0,0
2026-09-01 21:30:00,2026-09-01 19:30:00,1.15878,1.15882,1.15854,1.15867,697,0,0
2026-09-01 21:45:00,2026-09-01 19:45:00,1.15868,1.15905,1.15868,1.15903,665,0,0
2026-09-01 22:00:00,2026-09-01 20:00:00,1.15903,1.15930,1.15892,1.15926,683,0,0
2026-09-01 22:15:00,2026-09-01 20:15:00,1.15926,1.15930,1.15903,1.15909,694,0,0
2026-09-01 22:30:00,2026-09-01 20:30:00,1.15908,1.15922,1.15887,1.15889,509,0,0
2026-09-01 22:45:00,2026-09-01 20:45:00,1.15888,1.15901,1.15880,1.15899,674,0,0
2026-09-01 23:00:00,2026-09-01 21:00:00,1.15899,1.15901,1.15876,1.15876,444,0,0
2026-09-01 23:15:00,2026-09-01 21:15:00,1.15875,1.15905,1.15873,1.15899,254,0,0
2026-09-01 23:30:00,2026-09-01 21:30:00,1.15899,1.15926,1.15895,1.15915,352,0,0
2026-09-01 23:45:00,2026-09-01 21:45:00,1.15915,1.15929,1.15911,1.15920,286,0,0
2026-09-02 00:00:00,2026-09-01 22:00:00,1.15872,1.15896,1.15872,1.15891,121,36,0
2026-09-02 00:15:00,2026-09-01 22:15:00,1.15882,1.15898,1.15871,1.15872,120,31,0
2026-09-02 00:30:00,2026-09-01 22:30:00,1.15871,1.15906,1.15868,1.15897,351,22,0
2026-09-02 00:45:00,2026-09-01 22:45:00,1.15898,1.15908,1.15892,1.15895,189,12,0
2026-09-02 01:00:00,2026-09-01 23:00:00,1.15912,1.15959,1.15912,1.15953,288,0,0
2026-09-02 01:15:00,2026-09-01 23:15:00,1.15952,1.15963,1.15935,1.15938,244,0,0
2026-09-02 01:30:00,2026-09-01 23:30:00,1.15938,1.15941,1.15924,1.15927,775,0,0
2026-09-02 01:45:00,2026-09-01 23:45:00,1.15927,1.15932,1.15922,1.15927,184,0,0
2026-09-02 02:00:00,2026-09-02 00:00:00,1.15927,1.15933,1.15922,1.15928,198,0,0
2026-09-02 02:15:00,2026-09-02 00:15:00,1.15930,1.15931,1.15920,1.15922,220,0,0
2026-09-02 02:30:00,2026-09-02 00:30:00,1.15922,1.15930,1.15915,1.15926,213,0,0
2026-09-02 02:45:00,2026-09-02 00:45:00,1.15926,1.15933,1.15905,1.15906,322,0,0
2026-09-02 03:00:00,2026-09-02 01:00:00,1.15908,1.15919,1.15869,1.15886,872,0,0
2026-09-02 03:15:00,2026-09-02 01:15:00,1.15887,1.15917,1.15861,1.15869,897,0,0
2026-09-02 03:30:00,2026-09-02 01:30:00,1.15868,1.15886,1.15857,1.15883,702,0,0
2026-09-02 03:45:00,2026-09-02 01:45:00,1.15883,1.15884,1.15833,1.15835,908,0,0
2026-09-02 04:00:00,2026-09-02 02:00:00,1.15834,1.15844,1.15810,1.15822,893,0,0
2026-09-02 04:15:00,2026-09-02 02:15:00,1.15822,1.15840,1.15821,1.15828,754,0,0
2026-09-02 04:30:00,2026-09-02 02:30:00,1.15827,1.15832,1.15770,1.15781,784,0,0
2026-09-02 04:45:00,2026-09-02 02:45:00,1.15780,1.15793,1.15771,1.15790,593,0,0
2026-09-02 05:00:00,2026-09-02 03:00:00,1.15790,1.15803,1.15761,1.15802,1088,0,0
2026-09-02 05:15:00,2026-09-02 03:15:00,1.15803,1.15816,1.15777,1.15802,672,0,0
2026-09-02 05:30:00,2026-09-02 03:30:00,1.15802,1.15831,1.15791,1.15817,653,0,0
2026-09-02 05:45:00,2026-09-02 03:45:00,1.15817,1.15820,1.15805,1.15817,469,0,0
2026-09-02 06:00:00,2026-09-02 04:00:00,1.15819,1.15826,1.15802,1.15804,490,0,0
2026-09-02 06:15:00,2026-09-02 04:15:00,1.15805,1.15810,1.15786,1.15788,482,0,0
2026-09-02 06:30:00,2026-09-02 04:30:00,1.15787,1.15795,1.15780,1.15783,451,0,0
2026-09-02 06:45:00,2026-09-02 04:45:00,1.15783,1.15800,1.15783,1.15799,434,0,0
2026-09-02 07:00:00,2026-09-02 05:00:00,1.15799,1.15800,1.15760,1.15769,550,0,0
2026-09-02 07:15:00,2026-09-02 05:15:00,1.15769,1.15775,1.15741,1.15763,510,0,0
2026-09-02 07:30:00,2026-09-02 05:30:00,1.15764,1.15772,1.15755,1.15764,422,0,0
2026-09-02 07:45:00,2026-09-02 05:45:00,1.15764,1.15782,1.15752,1.15759,535,0,0
2026-09-02 08:00:00,2026-09-02 06:00:00,1.15760,1.15770,1.15737,1.15768,539,0,0
2026-09-02 08:15:00,2026-09-02 06:15:00,1.15768,1.15797,1.15767,1.15796,646,0,0
2026-09-02 08:30:00,2026-09-02 06:30:00,1.15796,1.15811,1.15785,1.15798,784,0,0
2026-09-02 08:45:00,2026-09-02 06:45:00,1.15799,1.15820,1.15796,1.15801,757,0,0
2026-09-02 09:00:00,2026-09-02 07:00:00,1.15803,1.15849,1.15795,1.15824,1262,0,0
2026-09-02 09:15:00,2026-09-02 07:15:00,1.15825,1.15825,1.15771,1.15777,1102,0,0
2026-09-02 09:30:00,2026-09-02 07:30:00,1.15776,1.15787,1.15744,1.15776,1403,0,0
2026-09-02 09:45:00,2026-09-02 07:45:00,1.15777,1.15778,1.15674,1.15677,1128,0,0
2026-09-02 10:00:00,2026-09-02 08:00:00,1.15677,1.15739,1.15664,1.15733,1428,0,0
2026-09-02 10:15:00,2026-09-02 08:15:00,1.15733,1.15746,1.15712,1.15735,1140,0,0
2026-09-02 10:30:00,2026-09-02 08:30:00,1.15734,1.15787,1.15730,1.15764,1071,0,0
2026-09-02 10:45:00,2026-09-02 08:45:00,1.15764,1.15791,1.15757,1.15779,1055,0,0
2026-09-02 11:00:00,2026-09-02 09:00:00,1.15780,1.15811,1.15775,1.15788,1022,0,0
2026-09-02 11:15:00,2026-09-02 09:15:00,1.15787,1.15810,1.15781,1.15794,932,0,0
2026-09-02 11:30:00,2026-09-02 09:30:00,1.15794,1.15822,1.15787,1.15807,934,0,0
2026-09-02 11:45:00,2026-09-02 09:45:00,1.15807,1.15813,1.15727,1.15733,1097,0,0
2026-09-02 12:00:00,2026-09-02 10:00:00,1.15734,1.15779,1.15719,1.15747,1050,0,0
2026-09-02 12:15:00,2026-09-02 10:15:00,1.15744,1.15766,1.15736,1.15758,910,0,0
2026-09-02 12:30:00,2026-09-02 10:30:00,1.15758,1.15765,1.15731,1.15741,920,0,0
2026-09-02 12:45:00,2026-09-02 10:45:00,1.15740,1.15744,1.15706,1.15716,897,0,0
2026-09-02 13:00:00,2026-09-02 11:00:00,1.15716,1.15728,1.15693,1.15725,1019,0,0
2026-09-02 13:15:00,2026-09-02 11:15:00,1.15725,1.15729,1.15686,1.15696,849,0,0
2026-09-02 13:30:00,2026-09-02 11:30:00,1.15696,1.15697,1.15670,1.15681,900,0,0
2026-09-02 13:45:00,2026-09-02 11:45:00,1.15681,1.15728,1.15670,1.15724,926,0,0
2026-09-02 14:00:00,2026-09-02 12:00:00,1.15725,1.15768,1.15711,1.15759,1063,0,0
2026-09-02 14:15:00,2026-09-02 12:15:00,1.15757,1.15784,1.15739,1.15740,1267,0,0
2026-09-02 14:30:00,2026-09-02 12:30:00,1.15740,1.15793,1.15729,1.15751,1072,0,0
2026-09-02 14:45:00,2026-09-02 12:45:00,1.15750,1.15787,1.15743,1.15773,1052,0,0
2026-09-02 15:00:00,2026-09-02 13:00:00,1.15774,1.15813,1.15765,1.15788,1355,0,0
2026-09-02 15:15:00,2026-09-02 13:15:00,1.15787,1.15856,1.15767,1.15823,1728,0,0
2026-09-02 15:30:00,2026-09-02 13:30:00,1.15822,1.15824,1.15757,1.15764,1077,0,0
2026-09-02 15:45:00,2026-09-02 13:45:00,1.15764,1.15828,1.15760,1.15784,1337,0,0
2026-09-02 16:00:00,2026-09-02 14:00:00,1.15784,1.15816,1.15780,1.15786,1423,0,0
2026-09-02 16:15:00,2026-09-02 14:15:00,1.15786,1.16091,1.15780,1.15954,1927,0,0
2026-09-02 16:30:00,2026-09-02 14:30:00,1.15955,1.15977,1.15884,1.15974,1817,0,0
2026-09-02 16:45:00,2026-09-02 14:45:00,1.15974,1.16050,1.15921,1.16046,2034,0,0
2026-09-02 17:00:00,2026-09-02 15:00:00,1.16044,1.16044,1.15932,1.15942,1851,0,0
2026-09-02 17:15:00,2026-09-02 15:15:00,1.15946,1.15959,1.15888,1.15914,1637,0,0
2026-09-02 17:30:00,2026-09-02 15:30:00,1.15915,1.15946,1.15891,1.15909,1560,0,0
2026-09-02 17:45:00,2026-09-02 15:45:00,1.15908,1.15954,1.15887,1.15935,1545,0,0
2026-09-02 18:00:00,2026-09-02 16:00:00,1.15936,1.15972,1.15917,1.15927,1553,0,0
2026-09-02 18:15:00,2026-09-02 16:15:00,1.15928,1.15949,1.15890,1.15948,1295,0,0
2026-09-02 18:30:00,2026-09-02 16:30:00,1.15948,1.15964,1.15904,1.15904,1319,0,0
2026-09-02 18:45:00,2026-09-02 16:45:00,1.15903,1.15931,1.15895,1.15920,1005,0,0
2026-09-02 19:00:00,2026-09-02 17:00:00,1.15921,1.15935,1.15910,1.15935,957,0,0
2026-09-02 19:15:00,2026-09-02 17:15:00,1.15934,1.15941,1.15887,1.15892,1011,0,0
2026-09-02 19:30:00,2026-09-02 17:30:00,1.15892,1.15914,1.15890,1.15901,717,0,0
2026-09-02 19:45:00,2026-09-02 17:45:00,1.15901,1.15919,1.15873,1.15873,599,0,0
2026-09-02 20:00:00,2026-09-02 18:00:00,1.15873,1.15892,1.15854,1.15861,764,0,0
2026-09-02 20:15:00,2026-09-02 18:15:00,1.15861,1.15870,1.15834,1.15868,576,0,0
2026-09-02 20:30:00,2026-09-02 18:30:00,1.15867,1.15882,1.15846,1.15868,704,0,0
2026-09-02 20:45:00,2026-09-02 18:45:00,1.15867,1.15899,1.15864,1.15867,1016,0,0
2026-09-02 21:00:00,2026-09-02 19:00:00,1.15868,1.15877,1.15859,1.15864,645,0,0
2026-09-02 21:15:00,2026-09-02 19:15:00,1.15866,1.15895,1.15846,1.15862,1048,0,0
2026-09-02 21:30:00,2026-09-02 19:30:00,1.15862,1.15879,1.15846,1.15846,506,0,0
2026-09-02 21:45:00,2026-09-02 19:45:00,1.15847,1.15868,1.15847,1.15858,642,0,0
2026-09-02 22:00:00,2026-09-02 20:00:00,1.15858,1.15864,1.15827,1.15828,544,0,0
2026-09-02 22:15:00,2026-09-02 20:15:00,1.15827,1.15864,1.15827,1.15846,484,0,0
2026-09-02 22:30:00,2026-09-02 20:30:00,1.15847,1.15857,1.15843,1.15854,481,0,0
2026-09-02 22:45:00,2026-09-02 20:45:00,1.15854,1.15878,1.15834,1.15874,627,0,0
2026-09-02 23:00:00,2026-09-02 21:00:00,1.15874,1.15900,1.15872,1.15889,604,0,0
2026-09-02 23:15:00,2026-09-02 21:15:00,1.15888,1.15900,1.15876,1.15879,375,0,0
2026-09-02 23:30:00,2026-09-02 21:30:00,1.15878,1.15893,1.15876,1.15892,242,0,0
2026-09-02 23:45:00,2026-09-02 21:45:00,1.15893,1.15895,1.15872,1.15883,346,0,0
2026-09-03 00:00:00,2026-09-02 22:00:00,1.15857,1.15866,1.15857,1.15860,80,25,0
2026-09-03 00:15:00,2026-09-02 22:15:00,1.15865,1.15875,1.15859,1.15875,74,32,0
2026-09-03 00:30:00,2026-09-02 22:30:00,1.15874,1.15876,1.15860,1.15870,155,29,0
2026-09-03 00:45:00,2026-09-02 22:45:00,1.15871,1.15876,1.15856,1.15859,170,30,0
2026-09-03 01:00:00,2026-09-02 23:00:00,1.15873,1.15892,1.15862,1.15868,211,0,0
2026-09-03 01:15:00,2026-09-02 23:15:00,1.15869,1.15869,1.15855,1.15865,227,0,0
2026-09-03 01:30:00,2026-09-02 23:30:00,1.15865,1.15881,1.15862,1.15870,278,0,0
2026-09-03 01:45:00,2026-09-02 23:45:00,1.15871,1.15879,1.15864,1.15871,206,0,0
2026-09-03 02:00:00,2026-09-03 00:00:00,1.15871,1.15875,1.15851,1.15855,256,0,0
2026-09-03 02:15:00,2026-09-03 00:15:00,1.15854,1.15863,1.15851,1.15855,225,0,0
2026-09-03 02:30:00,2026-09-03 00:30:00,1.15855,1.15856,1.15844,1.15852,312,0,0
2026-09-03 02:45:00,2026-09-03 00:45:00,1.15852,1.15855,1.15847,1.15851,401,0,0
2026-09-03 03:00:00,2026-09-03 01:00:00,1.15851,1.15871,1.15837,1.15855,696,0,0
2026-09-03 03:15:00,2026-09-03 01:15:00,1.15855,1.15900,1.15854,1.15894,678,0,0
2026-09-03 03:30:00,2026-09-03 01:30:00,1.15895,1.15898,1.15870,1.15876,538,0,0
2026-09-03 03:45:00,2026-09-03 01:45:00,1.15875,1.15910,1.15868,1.15896,638,0,0
2026-09-03 04:00:00,2026-09-03 02:00:00,1.15897,1.15902,1.15888,1.15895,708,0,0
2026-09-03 04:15:00,2026-09-03 02:15:00,1.15894,1.15917,1.15873,1.15914,693,0,0
2026-09-03 04:30:00,2026-09-03 02:30:00,1.15915,1.15935,1.15899,1.15901,896,0,0
2026-09-03 04:45:00,2026-09-03 02:45:00,1.15902,1.15908,1.15852,1.15862,615,0,0
2026-09-03 05:00:00,2026-09-03 03:00:00,1.15863,1.15883,1.15851,1.15871,752,0,0
2026-09-03 05:15:00,2026-09-03 03:15:00,1.15872,1.15916,1.15854,1.15898,839,0,0
2026-09-03 05:30:00,2026-09-03 03:30:00,1.15899,1.15949,1.15893,1.15909,989,0,0
2026-09-03 05:45:00,2026-09-03 03:45:00,1.15911,1.15936,1.15896,1.15912,862,0,0
2026-09-03 06:00:00,2026-09-03 04:00:00,1.15913,1.15974,1.15910,1.15957,841,0,0
2026-09-03 06:15:00,2026-09-03 04:15:00,1.15956,1.15963,1.15943,1.15955,700,0,0
2026-09-03 06:30:00,2026-09-03 04:30:00,1.15956,1.15979,1.15945,1.15976,531,0,0
2026-09-03 06:45:00,2026-09-03 04:45:00,1.15975,1.15980,1.15959,1.15966,477,0,0
2026-09-03 07:00:00,2026-09-03 05:00:00,1.15966,1.15976,1.15949,1.15972,462,0,0
2026-09-03 07:15:00,2026-09-03 05:15:00,1.15973,1.15978,1.15960,1.15975,339,0,0
2026-09-03 07:30:00,2026-09-03 05:30:00,1.15976,1.16002,1.15971,1.15996,571,0,0
2026-09-03 07:45:00,2026-09-03 05:45:00,1.15995,1.15997,1.15945,1.15957,479,0,0
2026-09-03 08:00:00,2026-09-03 06:00:00,1.15956,1.15963,1.15936,1.15945,483,0,0
2026-09-03 08:15:00,2026-09-03 06:15:00,1.15945,1.15992,1.15944,1.15978,808,0,0
2026-09-03 08:30:00,2026-09-03 06:30:00,1.15977,1.15998,1.15971,1.15980,914,0,0
2026-09-03 08:45:00,2026-09-03 06:45:00,1.15981,1.16006,1.15976,1.16000,853,0,0
2026-09-03 09:00:00,2026-09-03 07:00:00,1.16001,1.16004,1.15963,1.15976,1575,0,0
2026-09-03 09:15:00,2026-09-03 07:15:00,1.15977,1.16007,1.15965,1.16005,1093,0,0
2026-09-03 09:30:00,2026-09-03 07:30:00,1.16006,1.16079,1.16006,1.16070,1501,0,0
2026-09-03 09:45:00,2026-09-03 07:45:00,1.16069,1.16085,1.16046,1.16046,1303,0,0
2026-09-03 10:00:00,2026-09-03 08:00:00,1.16043,1.16147,1.16035,1.16070,1815,0,0
2026-09-03 10:15:00,2026-09-03 08:15:00,1.16070,1.16105,1.16046,1.16048,1402,0,0
2026-09-03 10:30:00,2026-09-03 08:30:00,1.16047,1.16079,1.16019,1.16026,1505,0,0
2026-09-03 10:45:00,2026-09-03 08:45:00,1.16025,1.16067,1.16018,1.16041,1236,0,0
2026-09-03 11:00:00,2026-09-03 09:00:00,1.16041,1.16087,1.15997,1.16012,1702,0,0
2026-09-03 11:15:00,2026-09-03 09:15:00,1.16012,1.16048,1.15999,1.16046,1206,0,0
2026-09-03 11:30:00,2026-09-03 09:30:00,1.16047,1.16067,1.16021,1.16065,996,0,0
2026-09-03 11:45:00,2026-09-03 09:45:00,1.16066,1.16117,1.16064,1.16092,1280,0,0
2026-09-03 12:00:00,2026-09-03 10:00:00,1.16090,1.16124,1.16048,1.16050,1372,0,0
2026-09-03 12:15:00,2026-09-03 10:15:00,1.16051,1.16066,1.16021,1.16035,1262,0,0
2026-09-03 12:30:00,2026-09-03 10:30:00,1.16036,1.16049,1.16012,1.16046,1382,0,0
2026-09-03 12:45:00,2026-09-03 10:45:00,1.16045,1.16064,1.16034,1.16058,1188,0,0
2026-09-03 13:00:00,2026-09-03 11:00:00,1.16059,1.16071,1.16014,1.16016,1166,0,0
2026-09-03 13:15:00,2026-09-03 11:15:00,1.16015,1.16030,1.15997,1.16010,1128,0,0
2026-09-03 13:30:00,2026-09-03 11:30:00,1.16010,1.16016,1.15979,1.15989,1036,0,0
2026-09-03 13:45:00,2026-09-03 11:45:00,1.15988,1.16053,1.15985,1.16039,869,0,0
2026-09-03 14:00:00,2026-09-03 12:00:00,1.16039,1.16081,1.16018,1.16075,1318,0,0
2026-09-03 14:15:00,2026-09-03 12:15:00,1.16075,1.16144,1.16074,1.16101,1306,0,0
2026-09-03 14:30:00,2026-09-03 12:30:00,1.16100,1.16118,1.16050,1.16090,948,0,0
2026-09-03 14:45:00,2026-09-03 12:45:00,1.16090,1.16146,1.16080,1.16126,1034,0,0
2026-09-03 15:00:00,2026-09-03 13:00:00,1.16126,1.16169,1.16113,1.16133,1254,0,0
2026-09-03 15:15:00,2026-09-03 13:15:00,1.16133,1.16145,1.16084,1.16097,1269,0,0
2026-09-03 15:30:00,2026-09-03 13:30:00,1.16098,1.16249,1.16096,1.16192,2290,0,0
2026-09-03 15:45:00,2026-09-03 13:45:00,1.16190,1.16302,1.16176,1.16258,2088,0,0
2026-09-03 16:00:00,2026-09-03 14:00:00,1.16258,1.16288,1.16214,1.16265,1921,0,0
2026-09-03 16:15:00,2026-09-03 14:15:00,1.16266,1.16280,1.16201,1.16234,1631,0,0
2026-09-03 16:30:00,2026-09-03 14:30:00,1.16235,1.16252,1.16187,1.16232,1869,0,0
2026-09-03 16:45:00,2026-09-03 14:45:00,1.16234,1.16280,1.16173,1.16269,1656,0,0
2026-09-03 17:00:00,2026-09-03 15:00:00,1.16270,1.16278,1.16201,1.16248,1844,0,0
2026-09-03 17:15:00,2026-09-03 15:15:00,1.16247,1.16256,1.16199,1.16230,1756,0,0
2026-09-03 17:30:00,2026-09-03 15:30:00,1.16229,1.16242,1.16140,1.16142,1752,0,0
2026-09-03 17:45:00,2026-09-03 15:45:00,1.16141,1.16207,1.16134,1.16183,1756,0,0
2026-09-03 18:00:00,2026-09-03 16:00:00,1.16182,1.16246,1.16176,1.16235,1702,0,0
2026-09-03 18:15:00,2026-09-03 16:15:00,1.16234,1.16248,1.16211,1.16242,1491,0,0
2026-09-03 18:30:00,2026-09-03 16:30:00,1.16245,1.16276,1.16186,1.16198,1439,0,0
2026-09-03 18:45:00,2026-09-03 16:45:00,1.16196,1.16238,1.16174,1.16231,1122,0,0
2026-09-03 19:00:00,2026-09-03 17:00:00,1.16230,1.16276,1.16213,1.16272,1169,0,0
2026-09-03 19:15:00,2026-09-03 17:15:00,1.16273,1.16357,1.16271,1.16354,1505,0,0
2026-09-03 19:30:00,2026-09-03 17:30:00,1.16354,1.16375,1.16338,1.16371,1201,0,0
2026-09-03 19:45:00,2026-09-03 17:45:00,1.16371,1.16413,1.16367,1.16369,1081,0,0
2026-09-03 20:00:00,2026-09-03 18:00:00,1.16370,1.16385,1.16352,1.16365,985,0,0
2026-09-03 20:15:00,2026-09-03 18:15:00,1.16365,1.16382,1.16352,1.16370,711,0,0
2026-09-03 20:30:00,2026-09-03 18:30:00,1.16371,1.16381,1.16361,1.16366,708,0,0
2026-09-03 20:45:00,2026-09-03 18:45:00,1.16367,1.16371,1.16327,1.16328,606,0,0
2026-09-03 21:00:00,2026-09-03 19:00:00,1.16329,1.16353,1.16317,1.16345,589,0,0
2026-09-03 21:15:00,2026-09-03 19:15:00,1.16344,1.16365,1.16336,1.16351,613,0,0
2026-09-03 21:30:00,2026-09-03 19:30:00,1.16352,1.16355,1.16331,1.16332,664,0,0
2026-09-03 21:45:00,2026-09-03 19:45:00,1.16332,1.16350,1.16322,1.16347,616,0,0
2026-09-03 22:00:00,2026-09-03 20:00:00,1.16346,1.16350,1.16291,1.16291,636,0,0
2026-09-03 22:15:00,2026-09-03 20:15:00,1.16290,1.16298,1.16255,1.16270,843,0,0
2026-09-03 22:30:00,2026-09-03 20:30:00,1.16269,1.16277,1.16252,1.16272,728,0,0
2026-09-03 22:45:00,2026-09-03 20:45:00,1.16273,1.16307,1.16271,1.16287,749,0,0
2026-09-03 23:00:00,2026-09-03 21:00:00,1.16288,1.16302,1.16279,1.16280,583,0,0
2026-09-03 23:15:00,2026-09-03 21:15:00,1.16279,1.16281,1.16259,1.16270,404,0,0
2026-09-03 23:30:00,2026-09-03 21:30:00,1.16270,1.16277,1.16259,1.16267,360,0,0
2026-09-03 23:45:00,2026-09-03 21:45:00,1.16266,1.16277,1.16252,1.16257,250,0,0
2026-09-04 00:00:00,2026-09-03 22:00:00,1.16206,1.16260,1.16205,1.16246,143,38,0
