DateTime_Broker,DateTime_UTC,Open,High,Low,Close,TickVolume,Spread,RealVolume
2026-04-01 01:00:00,2026-03-31 23:00:00,23705.5,23778.5,23692.1,23772.1,1981,15,0
2026-04-01 01:15:00,2026-03-31 23:15:00,23771.8,23782.5,23747.3,23768.6,2245,15,0
2026-04-01 01:30:00,2026-03-31 23:30:00,23768.6,23783.3,23748.5,23772.3,2032,15,0
2026-04-01 01:45:00,2026-03-31 23:45:00,23772.5,23774.9,23756.8,23768.9,1567,15,0
2026-04-01 02:00:00,2026-04-01 00:00:00,23769.1,23774.0,23753.6,23764.5,1976,15,0
2026-04-01 02:15:00,2026-04-01 00:15:00,23764.5,23794.5,23758.4,23789.6,1818,15,0
2026-04-01 02:30:00,2026-04-01 00:30:00,23788.4,23829.8,23784.3,23797.6,2325,15,0
2026-04-01 02:45:00,2026-04-01 00:45:00,23797.6,23855.6,23792.4,23849.5,2553,15,0
2026-04-01 03:00:00,2026-04-01 01:00:00,23847.6,23857.9,23830.6,23846.5,3252,15,0
2026-04-01 03:15:00,2026-04-01 01:15:00,23845.9,23846.3,23816.0,23832.1,3037,15,0
2026-04-01 03:30:00,2026-04-01 01:30:00,23832.0,23835.5,23803.0,23830.8,2828,15,0
2026-04-01 03:45:00,2026-04-01 01:45:00,23830.8,23846.9,23821.9,23845.9,2773,15,0
2026-04-01 04:00:00,2026-04-01 02:00:00,23846.3,23852.1,23785.5,23809.0,3325,15,0
2026-04-01 04:15:00,2026-04-01 02:15:00,23808.8,23824.6,23791.4,23820.8,3068,15,0
2026-04-01 04:30:00,2026-04-01 02:30:00,23821.1,23822.6,23777.6,23786.6,2981,15,0
2026-04-01 04:45:00,2026-04-01 02:45:00,23786.6,23794.6,23777.5,23787.6,2582,15,0
2026-04-01 05:00:00,2026-04-01 03:00:00,23787.6,23805.9,23781.3,23785.3,2624,15,0
2026-04-01 05:15:00,2026-04-01 03:15:00,23785.3,23791.4,23775.8,23779.0,2410,15,0
2026-04-01 05:30:00,2026-04-01 03:30:00,23778.8,23785.0,23766.8,23781.8,2417,15,0
2026-04-01 05:45:00,2026-04-01 03:45:00,23781.8,23793.0,23775.3,23777.3,2290,15,0
2026-04-01 06:00:00,2026-04-01 04:00:00,23777.3,23797.8,23774.6,23792.8,2229,15,0
2026-04-01 06:15:00,2026-04-01 04:15:00,23792.8,23794.5,23778.9,23785.8,2101,15,0
2026-04-01 06:30:00,2026-04-01 04:30:00,23785.8,23800.9,23785.4,23798.1,2084,15,0
2026-04-01 06:45:00,2026-04-01 04:45:00,23798.1,23802.9,23787.8,23792.3,2063,15,0
2026-04-01 07:00:00,2026-04-01 05:00:00,23792.3,23802.1,23790.5,23793.4,1838,15,0
2026-04-01 07:15:00,2026-04-01 05:15:00,23792.9,23817.8,23789.1,23817.5,1940,15,0
2026-04-01 07:30:00,2026-04-01 05:30:00,23817.5,23821.9,23809.3,23818.1,1879,15,0
2026-04-01 07:45:00,2026-04-01 05:45:00,23818.1,23832.4,23811.9,23822.9,1836,15,0
2026-04-01 08:00:00,2026-04-01 06:00:00,23822.9,23855.0,23817.6,23853.4,2183,15,0
2026-04-01 08:15:00,2026-04-01 06:15:00,23853.6,23883.8,23846.6,23862.0,2368,15,0
2026-04-01 08:30:00,2026-04-01 06:30:00,23862.4,23875.3,23841.1,23863.5,2494,15,0
2026-04-01 08:45:00,2026-04-01 06:45:00,23863.6,23872.5,23848.3,23850.3,2459,15,0
2026-04-01 09:00:00,2026-04-01 07:00:00,23851.0,23891.5,23849.4,23890.0,2796,13,0
2026-04-01 09:15:00,2026-04-01 07:15:00,23889.9,23935.9,23886.2,23930.5,2946,13,0
2026-04-01 09:30:00,2026-04-01 07:30:00,23930.1,23978.6,23923.7,23977.9,3185,13,0
2026-04-01 09:45:00,2026-04-01 07:45:00,23978.2,23987.2,23964.4,23979.5,2882,13,0
2026-04-01 10:00:00,2026-04-01 08:00:00,23979.1,23989.9,23951.7,23960.4,3126,13,0
2026-04-01 10:15:00,2026-04-01 08:15:00,23960.7,23961.6,23941.9,23957.6,2788,13,0
2026-04-01 10:30:00,2026-04-01 08:30:00,23957.5,23989.5,23954.1,23978.5,2747,13,0
2026-04-01 10:45:00,2026-04-01 08:45:00,23978.2,23979.5,23886.4,23888.9,3136,13,0
2026-04-01 11:00:00,2026-04-01 09:00:00,23888.4,23905.2,23844.4,23859.4,3335,13,0
2026-04-01 11:15:00,2026-04-01 09:15:00,23859.0,23917.2,23854.2,23891.6,2961,13,0
2026-04-01 11:30:00,2026-04-01 09:30:00,23891.9,23908.0,23887.7,23902.5,2717,13,0
2026-04-01 11:45:00,2026-04-01 09:45:00,23901.9,23912.4,23838.6,23881.6,2753,13,0
2026-04-01 12:00:00,2026-04-01 10:00:00,23881.5,23893.2,23839.7,23848.2,2785,13,0
2026-04-01 12:15:00,2026-04-01 10:15:00,23848.0,23853.6,23814.4,23840.1,2870,13,0
2026-04-01 12:30:00,2026-04-01 10:30:00,23840.0,23865.6,23839.5,23857.5,2575,13,0
2026-04-01 12:45:00,2026-04-01 10:45:00,23860.5,23900.1,23859.1,23879.5,2743,13,0
2026-04-01 13:00:00,2026-04-01 11:00:00,23879.5,23897.4,23861.0,23881.4,2630,13,0
2026-04-01 13:15:00,2026-04-01 11:15:00,23881.4,23895.9,23868.0,23877.6,2379,13,0
2026-04-01 13:30:00,2026-04-01 11:30:00,23877.6,23903.6,23874.0,23900.4,2357,13,0
2026-04-01 13:45:00,2026-04-01 11:45:00,23899.9,23949.7,23899.9,23937.7,2874,13,0
2026-04-01 14:00:00,2026-04-01 12:00:00,23937.9,23968.4,23933.5,23966.1,2697,13,0
2026-04-01 14:15:00,2026-04-01 12:15:00,23966.0,23975.1,23952.9,23961.0,2620,13,0
2026-04-01 14:30:00,2026-04-01 12:30:00,23961.0,23997.4,23957.0,23988.6,2794,13,0
2026-04-01 14:45:00,2026-04-01 12:45:00,23988.6,24015.6,23980.9,24000.2,2669,13,0
2026-04-01 15:00:00,2026-04-01 13:00:00,24000.2,24004.5,23973.1,23977.7,2860,13,0
2026-04-01 15:15:00,2026-04-01 13:15:00,23977.7,23986.5,23934.0,23953.4,2920,13,0
2026-04-01 15:30:00,2026-04-01 13:30:00,23953.4,24045.7,23915.9,23988.7,3220,13,0
2026-04-01 15:45:00,2026-04-01 13:45:00,23990.0,24041.2,23860.4,23871.4,3812,13,0
2026-04-01 16:00:00,2026-04-01 14:00:00,23871.9,23893.6,23847.5,23877.2,3616,13,0
2026-04-01 16:15:00,2026-04-01 14:15:00,23877.1,23911.0,23865.0,23899.0,3462,13,0
2026-04-01 16:30:00,2026-04-01 14:30:00,23899.6,24004.4,23853.9,23907.5,4090,10,0
2026-04-01 16:45:00,2026-04-01 14:45:00,23907.5,23950.8,23870.9,23928.1,4108,10,0
2026-04-01 17:00:00,2026-04-01 15:00:00,23929.3,23986.4,23919.4,23976.1,4049,10,0
2026-04-01 17:15:00,2026-04-01 15:15:00,23976.0,24020.0,23964.0,23998.9,3876,10,0
2026-04-01 17:30:00,2026-04-01 15:30:00,23997.9,24050.3,23942.3,24015.9,3920,10,0
2026-04-01 17:45:00,2026-04-01 15:45:00,24016.3,24080.0,23986.8,24071.3,3739,10,0
2026-04-01 18:00:00,2026-04-01 16:00:00,24071.1,24096.8,24062.0,24076.5,3585,10,0
2026-04-01 18:15:00,2026-04-01 16:15:00,24076.6,24095.0,24059.3,24059.6,3565,10,0
2026-04-01 18:30:00,2026-04-01 16:30:00,24060.3,24103.0,24040.9,24100.1,3529,10,0
2026-04-01 18:45:00,2026-04-01 16:45:00,24100.5,24136.9,24091.8,24124.3,3334,10,0
2026-04-01 19:00:00,2026-04-01 17:00:00,24124.1,24136.8,24107.4,24111.6,3300,10,0
2026-04-01 19:15:00,2026-04-01 17:15:00,24111.9,24140.0,24105.6,24115.0,3287,10,0
2026-04-01 19:30:00,2026-04-01 17:30:00,24115.0,24137.5,24098.9,24135.5,3134,10,0
2026-04-01 19:45:00,2026-04-01 17:45:00,24135.8,24141.3,24123.8,24129.5,2762,10,0
2026-04-01 20:00:00,2026-04-01 18:00:00,24129.5,24158.3,24125.3,24152.3,2845,10,0
2026-04-01 20:15:00,2026-04-01 18:15:00,24152.1,24157.0,24140.5,24141.8,2761,10,0
2026-04-01 20:30:00,2026-04-01 18:30:00,24141.9,24151.4,24115.0,24121.4,2998,10,0
2026-04-01 20:45:00,2026-04-01 18:45:00,24121.5,24126.3,24076.3,24077.1,3159,10,0
2026-04-01 21:00:00,2026-04-01 19:00:00,24078.1,24082.9,24026.5,24037.3,3699,10,0
2026-04-01 21:15:00,2026-04-01 19:15:00,24037.1,24037.6,23952.3,23964.0,3774,10,0
2026-04-01 21:30:00,2026-04-01 19:30:00,23964.4,24015.1,23935.3,23988.6,3696,10,0
2026-04-01 21:45:00,2026-04-01 19:45:00,23991.4,23996.5,23958.3,23969.8,3542,10,0
2026-04-01 22:00:00,2026-04-01 20:00:00,23969.8,24012.6,23964.8,24002.3,3496,10,0
2026-04-01 22:15:00,2026-04-01 20:15:00,24002.5,24056.3,23992.8,24044.5,3343,10,0
2026-04-01 22:30:00,2026-04-01 20:30:00,24044.5,24062.8,24013.5,24040.1,3427,10,0
2026-04-01 22:45:00,2026-04-01 20:45:00,24039.4,24053.1,23994.5,24012.0,3645,10,0
2026-04-01 23:00:00,2026-04-01 21:00:00,24012.0,24025.6,23991.1,24014.3,2846,10,0
2026-04-01 23:15:00,2026-04-01 21:15:00,24014.1,24015.8,23986.8,23991.1,1713,15,0
2026-04-01 23:30:00,2026-04-01 21:30:00,23991.1,24006.9,23988.4,24000.1,1500,15,0
2026-04-01 23:45:00,2026-04-01 21:45:00,24000.1,24011.9,23998.6,24001.3,1383,15,0
2026-04-02 01:00:00,2026-04-01 23:00:00,23996.9,24015.5,23984.3,23997.9,1958,15,0
2026-04-02 01:15:00,2026-04-01 23:15:00,23997.9,24007.8,23981.1,24005.1,1540,15,0
2026-04-02 01:30:00,2026-04-01 23:30:00,24005.1,24011.8,23992.9,24007.5,1300,15,0
2026-04-02 01:45:00,2026-04-01 23:45:00,24007.4,24007.5,23969.0,23980.9,1921,15,0
2026-04-02 02:00:00,2026-04-02 00:00:00,23980.9,24013.4,23973.9,24010.8,1740,15,0
2026-04-02 02:15:00,2026-04-02 00:15:00,24010.8,24013.1,23999.4,24012.3,1488,15,0
2026-04-02 02:30:00,2026-04-02 00:30:00,24012.5,24012.8,23996.1,24004.8,1320,15,0
2026-04-02 02:45:00,2026-04-02 00:45:00,24004.8,24010.8,23971.0,23994.5,2137,15,0
2026-04-02 03:00:00,2026-04-02 01:00:00,23994.1,23994.8,23968.5,23980.0,3286,15,0
2026-04-02 03:15:00,2026-04-02 01:15:00,23979.6,23997.3,23969.4,23975.5,3084,15,0
2026-04-02 03:30:00,2026-04-02 01:30:00,23975.3,24040.0,23965.8,24037.1,3155,15,0
2026-04-02 03:45:00,2026-04-02 01:45:00,24037.1,24056.1,24018.1,24048.1,3198,15,0
2026-04-02 04:00:00,2026-04-02 02:00:00,24048.1,24050.5,23896.5,23952.3,3520,15,0
2026-04-02 04:15:00,2026-04-02 02:15:00,23952.3,23957.6,23775.0,23786.0,3819,15,0
2026-04-02 04:30:00,2026-04-02 02:30:00,23784.8,23791.4,23726.1,23760.8,3468,15,0
2026-04-02 04:45:00,2026-04-02 02:45:00,23760.8,23773.0,23723.9,23753.4,3629,15,0
2026-04-02 05:00:00,2026-04-02 03:00:00,23753.8,23777.4,23673.1,23685.1,3623,15,0
2026-04-02 05:15:00,2026-04-02 03:15:00,23685.4,23714.6,23677.3,23678.6,3408,15,0
2026-04-02 05:30:00,2026-04-02 03:30:00,23678.6,23695.6,23667.8,23682.0,3268,15,0
2026-04-02 05:45:00,2026-04-02 03:45:00,23682.0,23705.0,23675.0,23696.1,2989,15,0
2026-04-02 06:00:00,2026-04-02 04:00:00,23696.3,23696.3,23663.6,23683.1,2897,15,0
2026-04-02 06:15:00,2026-04-02 04:15:00,23683.1,23704.9,23681.6,23690.9,2661,15,0
2026-04-02 06:30:00,2026-04-02 04:30:00,23691.1,23695.5,23640.8,23658.1,3110,15,0
2026-04-02 06:45:00,2026-04-02 04:45:00,23657.9,23659.5,23626.4,23632.1,2891,15,0
2026-04-02 07:00:00,2026-04-02 05:00:00,23632.4,23648.4,23620.5,23634.0,2812,15,0
2026-04-02 07:15:00,2026-04-02 05:15:00,23633.8,23652.4,23623.3,23629.0,2706,15,0
2026-04-02 07:30:00,2026-04-02 05:30:00,23629.1,23639.0,23611.4,23624.6,2511,15,0
2026-04-02 07:45:00,2026-04-02 05:45:00,23623.9,23629.4,23606.3,23615.0,2327,15,0
2026-04-02 08:00:00,2026-04-02 06:00:00,23615.0,23636.5,23613.8,23617.5,2680,15,0
2026-04-02 08:15:00,2026-04-02 06:15:00,23617.3,23626.4,23605.6,23625.9,2561,15,0
2026-04-02 08:30:00,2026-04-02 06:30:00,23625.9,23636.4,23588.0,23592.8,2862,15,0
2026-04-02 08:45:00,2026-04-02 06:45:00,23592.8,23595.9,23565.9,23567.8,2848,15,0
2026-04-02 09:00:00,2026-04-02 07:00:00,23567.9,23602.9,23563.5,23571.0,2987,13,0
2026-04-02 09:15:00,2026-04-02 07:15:00,23571.0,23606.4,23564.6,23601.6,2936,13,0
2026-04-02 09:30:00,2026-04-02 07:30:00,23601.9,23616.4,23594.2,23603.5,2608,13,0
2026-04-02 09:45:00,2026-04-02 07:45:00,23603.5,23629.5,23594.7,23626.9,2520,13,0
2026-04-02 10:00:00,2026-04-02 08:00:00,23626.6,23647.5,23617.1,23630.6,3087,13,0
2026-04-02 10:15:00,2026-04-02 08:15:00,23631.4,23649.5,23606.7,23634.5,2973,13,0
2026-04-02 10:30:00,2026-04-02 08:30:00,23634.4,23662.7,23630.4,23653.4,2798,13,0
2026-04-02 10:45:00,2026-04-02 08:45:00,23653.4,23692.0,23653.1,23689.5,2572,13,0
2026-04-02 11:00:00,2026-04-02 09:00:00,23689.6,23693.0,23651.1,23655.1,2749,13,0
2026-04-02 11:15:00,2026-04-02 09:15:00,23654.6,23665.9,23633.7,23649.2,2700,13,0
2026-04-02 11:30:00,2026-04-02 09:30:00,23649.0,23680.2,23648.6,23657.6,2584,13,0
2026-04-02 11:45:00,2026-04-02 09:45:00,23657.7,23668.1,23642.6,23645.6,2352,13,0
2026-04-02 12:00:00,2026-04-02 10:00:00,23645.6,23658.6,23635.1,23638.4,2340,13,0
2026-04-02 12:15:00,2026-04-02 10:15:00,23638.1,23670.6,23636.9,23660.7,2292,13,0
2026-04-02 12:30:00,2026-04-02 10:30:00,23661.0,23661.2,23632.5,23638.7,2202,13,0
2026-04-02 12:45:00,2026-04-02 10:45:00,23638.7,23650.6,23630.0,23641.6,2229,13,0
2026-04-02 13:00:00,2026-04-02 11:00:00,23641.4,23651.2,23596.5,23598.7,2439,13,0
2026-04-02 13:15:00,2026-04-02 11:15:00,23598.9,23606.6,23587.7,23592.0,2407,13,0
2026-04-02 13:30:00,2026-04-02 11:30:00,23592.0,23628.2,23586.7,23617.9,2595,13,0
2026-04-02 13:45:00,2026-04-02 11:45:00,23617.9,23630.4,23607.5,23623.5,2556,13,0
2026-04-02 14:00:00,2026-04-02 12:00:00,23623.6,23632.9,23569.4,23570.4,2866,13,0
2026-04-02 14:15:00,2026-04-02 12:15:00,23570.2,23571.9,23534.6,23537.6,2801,13,0
2026-04-02 14:30:00,2026-04-02 12:30:00,23536.9,23561.2,23512.2,23520.6,2836,13,0
2026-04-02 14:45:00,2026-04-02 12:45:00,23520.5,23542.0,23494.1,23494.1,2824,13,0
2026-04-02 15:00:00,2026-04-02 13:00:00,23494.2,23511.5,23478.0,23502.2,3127,13,0
2026-04-02 15:15:00,2026-04-02 13:15:00,23502.1,23544.5,23496.4,23538.1,2999,13,0
2026-04-02 15:30:00,2026-04-02 13:30:00,23537.9,23557.7,23523.4,23553.2,2920,13,0
2026-04-02 15:45:00,2026-04-02 13:45:00,23553.2,23568.7,23534.1,23535.9,3222,13,0
2026-04-02 16:00:00,2026-04-02 14:00:00,23536.6,23561.9,23519.5,23531.7,3523,13,0
2026-04-02 16:15:00,2026-04-02 14:15:00,23531.7,23578.4,23529.6,23574.2,3362,13,0
2026-04-02 16:30:00,2026-04-02 14:30:00,23573.2,23630.0,23490.0,23521.3,4122,10,0
2026-04-02 16:45:00,2026-04-02 14:45:00,23524.6,23718.8,23507.3,23708.0,4055,10,0
2026-04-02 17:00:00,2026-04-02 15:00:00,23709.3,23774.1,23670.5,23744.5,4006,10,0
2026-04-02 17:15:00,2026-04-02 15:15:00,23745.1,23813.5,23741.3,23755.1,3957,10,0
2026-04-02 17:30:00,2026-04-02 15:30:00,23753.0,24071.3,23743.3,24013.4,4166,10,0
2026-04-02 17:45:00,2026-04-02 15:45:00,24012.1,24022.1,23896.0,23985.5,4112,10,0
2026-04-02 18:00:00,2026-04-02 16:00:00,23986.4,24024.6,23916.9,23992.0,4076,10,0
2026-04-02 18:15:00,2026-04-02 16:15:00,23992.6,24014.8,23931.6,23991.8,3952,10,0
2026-04-02 18:30:00,2026-04-02 16:30:00,23992.4,24022.9,23950.3,23997.8,3865,10,0
2026-04-02 18:45:00,2026-04-02 16:45:00,23999.4,23999.4,23900.5,23947.5,3842,10,0
2026-04-02 19:00:00,2026-04-02 17:00:00,23946.8,23976.6,23894.0,23923.1,3723,10,0
2026-04-02 19:15:00,2026-04-02 17:15:00,23923.4,23936.5,23869.5,23897.8,3707,10,0
2026-04-02 19:30:00,2026-04-02 17:30:00,23897.1,23986.0,23880.9,23956.5,3790,10,0
2026-04-02 19:45:00,2026-04-02 17:45:00,23956.3,23971.6,23930.3,23932.5,3517,10,0
2026-04-02 20:00:00,2026-04-02 18:00:00,23932.3,23978.3,23909.8,23967.8,3583,10,0
2026-04-02 20:15:00,2026-04-02 18:15:00,23967.8,23992.5,23962.3,23975.3,3216,10,0
2026-04-02 20:30:00,2026-04-02 18:30:00,23975.3,23980.0,23936.5,23949.0,3342,10,0
2026-04-02 20:45:00,2026-04-02 18:45:00,23949.0,23951.0,23874.9,23901.8,3413,10,0
2026-04-02 21:00:00,2026-04-02 19:00:00,23901.8,23955.4,23901.8,23936.5,3366,10,0
2026-04-02 21:15:00,2026-04-02 19:15:00,23936.5,23948.3,23910.6,23918.8,3336,10,0
2026-04-02 21:30:00,2026-04-02 19:30:00,23918.8,23959.5,23912.4,23949.6,3261,10,0
2026-04-02 21:45:00,2026-04-02 19:45:00,23949.4,23974.4,23943.3,23951.8,3190,10,0
2026-04-02 22:00:00,2026-04-02 20:00:00,23951.3,23992.4,23949.9,23973.5,3165,10,0
2026-04-02 22:15:00,2026-04-02 20:15:00,23973.8,23978.6,23946.1,23958.0,3266,10,0
2026-04-02 22:30:00,2026-04-02 20:30:00,23957.8,23979.3,23948.3,23954.6,3209,10,0
2026-04-02 22:45:00,2026-04-02 20:45:00,23953.5,24036.5,23948.9,24031.4,3464,10,0
2026-04-02 23:00:00,2026-04-02 21:00:00,24032.4,24039.9,24010.9,24023.3,2720,10,0
2026-04-02 23:15:00,2026-04-02 21:15:00,24024.0,24044.6,24013.3,24037.9,1797,15,0
2026-04-02 23:30:00,2026-04-02 21:30:00,24038.0,24039.4,24014.4,24026.3,1838,15,0
2026-04-02 23:45:00,2026-04-02 21:45:00,24026.3,24033.3,24019.0,24025.8,1610,15,0
2026-04-03 01:00:00,2026-04-02 23:00:00,24018.2,24021.7,24007.7,24010.1,756,15,0
2026-04-03 01:15:00,2026-04-02 23:15:00,24010.7,24031.2,23992.9,24020.1,1417,15,0
2026-04-03 01:30:00,2026-04-02 23:30:00,24020.1,24031.9,24017.1,24018.8,1022,15,0
2026-04-03 01:45:00,2026-04-02 23:45:00,24018.8,24022.3,24013.9,24017.3,623,15,0
2026-04-03 02:00:00,2026-04-03 00:00:00,24017.3,24017.3,24003.4,24008.8,864,15,0
2026-04-03 02:15:00,2026-04-03 00:15:00,24008.9,24026.2,24007.7,24022.2,818,15,0
2026-04-03 02:30:00,2026-04-03 00:30:00,24022.2,24030.1,24019.9,24027.3,796,15,0
2026-04-03 02:45:00,2026-04-03 00:45:00,24027.3,24028.9,24017.9,24026.9,1233,15,0
2026-04-03 03:00:00,2026-04-03 01:00:00,24026.9,24067.1,24026.9,24053.8,2455,15,0
2026-04-03 03:15:00,2026-04-03 01:15:00,24053.8,24054.2,24033.8,24050.7,2003,15,0
2026-04-03 03:30:00,2026-04-03 01:30:00,24050.7,24053.3,24027.3,24032.7,2024,15,0
2026-04-03 03:45:00,2026-04-03 01:45:00,24032.7,24040.8,24027.9,24039.4,1572,15,0
2026-04-03 04:00:00,2026-04-03 02:00:00,24039.4,24044.8,24021.4,24024.9,1666,15,0
2026-04-03 04:15:00,2026-04-03 02:15:00,24024.9,24036.2,24022.1,24031.7,1510,15,0
2026-04-03 04:30:00,2026-04-03 02:30:00,24031.8,24033.8,24019.7,24021.2,1444,15,0
2026-04-03 04:45:00,2026-04-03 02:45:00,24021.2,24022.8,24009.8,24011.3,1566,15,0
2026-04-03 05:00:00,2026-04-03 03:00:00,24011.4,24014.9,24005.6,24014.1,1440,15,0
2026-04-03 05:15:00,2026-04-03 03:15:00,24014.1,24019.3,23978.6,23982.6,1683,15,0
2026-04-03 05:30:00,2026-04-03 03:30:00,23982.6,23985.7,23969.3,23981.6,1786,15,0
2026-04-03 05:45:00,2026-04-03 03:45:00,23981.6,24009.4,23965.3,23994.7,1685,15,0
2026-04-03 06:00:00,2026-04-03 04:00:00,23994.7,24005.8,23991.6,23993.4,1240,15,0
2026-04-03 06:15:00,2026-04-03 04:15:00,23993.4,24000.4,23984.3,23985.8,1113,15,0
2026-04-03 06:30:00,2026-04-03 04:30:00,23985.8,23993.3,23975.2,23977.6,1220,15,0
2026-04-03 06:45:00,2026-04-03 04:45:00,23977.6,23988.2,23976.8,23980.2,1282,15,0
2026-04-03 07:00:00,2026-04-03 05:00:00,23980.2,23991.9,23977.8,23988.9,1108,15,0
2026-04-03 07:15:00,2026-04-03 05:15:00,23989.1,23996.7,23986.6,23990.8,1198,15,0
2026-04-03 07:30:00,2026-04-03 05:30:00,23990.8,23993.8,23970.9,23973.3,1206,15,0
2026-04-03 07:45:00,2026-04-03 05:45:00,23973.3,23989.4,23972.8,23980.9,1153,15,0
2026-04-03 08:00:00,2026-04-03 06:00:00,23981.1,24001.3,23976.7,23994.9,1263,15,0
2026-04-03 08:15:00,2026-04-03 06:15:00,23994.9,23995.6,23973.3,23983.4,1192,15,0
2026-04-03 08:30:00,2026-04-03 06:30:00,23983.3,24005.1,23983.3,24001.9,1155,15,0
2026-04-03 08:45:00,2026-04-03 06:45:00,24001.9,24006.4,23991.2,23994.9,1174,15,0
2026-04-03 09:00:00,2026-04-03 07:00:00,23994.9,23997.3,23990.0,23992.9,984,13,0
2026-04-03 09:15:00,2026-04-03 07:15:00,23993.0,23996.2,23981.5,23986.5,1116,13,0
2026-04-03 09:30:00,2026-04-03 07:30:00,23985.9,23986.4,23961.0,23967.0,1325,13,0
2026-04-03 09:45:00,2026-04-03 07:45:00,23967.0,23978.0,23953.7,23967.0,1171,13,0
2026-04-03 10:00:00,2026-04-03 08:00:00,23967.0,23968.2,23934.3,23941.3,1437,13,0
2026-04-03 10:15:00,2026-04-03 08:15:00,23941.3,23964.3,23940.9,23963.3,1070,13,0
2026-04-03 10:30:00,2026-04-03 08:30:00,23963.3,23977.2,23963.0,23973.2,1120,13,0
2026-04-03 10:45:00,2026-04-03 08:45:00,23973.2,23974.4,23963.5,23968.3,843,13,0
2026-04-03 11:00:00,2026-04-03 09:00:00,23968.3,23980.9,23966.8,23972.2,939,13,0
2026-04-03 11:15:00,2026-04-03 09:15:00,23972.2,23975.5,23957.0,23960.3,865,13,0
2026-04-03 11:30:00,2026-04-03 09:30:00,23960.3,23971.5,23957.0,23965.4,739,13,0
2026-04-03 11:45:00,2026-04-03 09:45:00,23965.5,23971.0,23960.8,23963.5,632,13,0
2026-04-03 12:00:00,2026-04-03 10:00:00,23963.5,23967.2,23949.3,23950.2,940,13,0
2026-04-03 12:15:00,2026-04-03 10:15:00,23950.2,23963.9,23945.5,23958.0,853,13,0
2026-04-03 12:30:00,2026-04-03 10:30:00,23958.0,23962.5,23955.2,23956.4,604,13,0
2026-04-03 12:45:00,2026-04-03 10:45:00,23956.4,23959.4,23952.7,23953.7,458,13,0
2026-04-03 13:00:00,2026-04-03 11:00:00,23953.5,23958.4,23941.8,23948.0,791,13,0
2026-04-03 13:15:00,2026-04-03 11:15:00,23948.3,23958.0,23944.9,23948.4,863,13,0
2026-04-03 13:30:00,2026-04-03 11:30:00,23948.3,23956.3,23943.5,23950.9,720,13,0
2026-04-03 13:45:00,2026-04-03 11:45:00,23950.9,23958.0,23950.2,23952.7,669,13,0
2026-04-03 14:00:00,2026-04-03 12:00:00,23952.9,23954.8,23927.9,23945.0,1203,13,0
2026-04-03 14:15:00,2026-04-03 12:15:00,23944.9,23967.2,23940.7,23965.7,1375,13,0
2026-04-03 14:30:00,2026-04-03 12:30:00,23965.7,23973.3,23961.0,23962.8,1399,13,0
2026-04-03 14:45:00,2026-04-03 12:45:00,23962.8,23970.0,23960.7,23964.7,977,13,0
2026-04-03 15:00:00,2026-04-03 13:00:00,23964.7,23993.5,23964.3,23975.0,1759,13,0
2026-04-03 15:15:00,2026-04-03 13:15:00,23975.0,23985.4,23942.4,23978.8,1945,13,0
2026-04-03 15:30:00,2026-04-03 13:30:00,23980.2,24051.5,23942.8,23976.9,2425,13,0
2026-04-03 15:45:00,2026-04-03 13:45:00,23976.7,23982.9,23926.7,23931.7,1659,13,0
2026-04-03 16:00:00,2026-04-03 14:00:00,23931.4,23951.0,23920.3,23944.5,1483,13,0
2026-04-06 01:00:00,2026-04-05 23:00:00,23885.1,23892.9,23804.1,23847.8,3143,15,0
2026-04-06 01:15:00,2026-04-05 23:15:00,23847.6,23893.8,23832.9,23884.8,2871,15,0
2026-04-06 01:30:00,2026-04-05 23:30:00,23884.8,23904.8,23857.6,23882.3,2369,15,0
2026-04-06 01:45:00,2026-04-05 23:45:00,23881.2,23919.8,23868.8,23901.7,2369,15,0
2026-04-06 02:00:00,2026-04-06 00:00:00,23901.6,23915.3,23863.6,23891.8,3054,15,0
2026-04-06 02:15:00,2026-04-06 00:15:00,23891.7,23910.4,23878.1,23892.2,2077,15,0
2026-04-06 02:30:00,2026-04-06 00:30:00,23892.3,23907.9,23891.2,23892.2,1485,15,0
2026-04-06 02:45:00,2026-04-06 00:45:00,23892.2,23914.3,23891.2,23913.6,1737,15,0
2026-04-06 03:00:00,2026-04-06 01:00:00,23913.8,23995.8,23910.8,23987.4,3203,15,0
2026-04-06 03:15:00,2026-04-06 01:15:00,23987.1,24024.9,23977.4,23994.2,2796,15,0
2026-04-06 03:30:00,2026-04-06 01:30:00,23994.4,24025.3,23994.2,24021.7,2532,15,0
2026-04-06 03:45:00,2026-04-06 01:45:00,24021.2,24037.6,24011.9,24031.6,2249,15,0
2026-04-06 04:00:00,2026-04-06 02:00:00,24031.4,24047.6,24030.9,24040.2,2219,15,0
2026-04-06 04:15:00,2026-04-06 02:15:00,24040.1,24062.1,24019.4,24056.9,2428,15,0
2026-04-06 04:30:00,2026-04-06 02:30:00,24056.9,24057.4,24030.8,24043.7,2043,15,0
2026-04-06 04:45:00,2026-04-06 02:45:00,24043.6,24047.4,24007.1,24016.1,2088,15,0
2026-04-06 05:00:00,2026-04-06 03:00:00,24015.6,24096.6,24010.7,24083.7,2624,15,0
2026-04-06 05:15:00,2026-04-06 03:15:00,24083.7,24148.9,24076.3,24133.3,2928,15,0
2026-04-06 05:30:00,2026-04-06 03:30:00,24133.3,24138.6,24075.8,24085.8,2623,15,0
2026-04-06 05:45:00,2026-04-06 03:45:00,24086.1,24091.8,24044.9,24045.9,2598,15,0
2026-04-06 06:00:00,2026-04-06 04:00:00,24045.9,24052.1,24015.9,24017.8,2549,15,0
2026-04-06 06:15:00,2026-04-06 04:15:00,24017.9,24031.6,23962.4,24007.9,2784,15,0
2026-04-06 06:30:00,2026-04-06 04:30:00,24008.2,24020.3,23998.8,24018.9,2445,15,0
2026-04-06 06:45:00,2026-04-06 04:45:00,24018.7,24038.8,24015.1,24034.8,2091,15,0
2026-04-06 07:00:00,2026-04-06 05:00:00,24034.8,24059.4,24030.3,24047.8,2273,15,0
2026-04-06 07:15:00,2026-04-06 05:15:00,24049.2,24056.4,24042.3,24049.4,1791,15,0
2026-04-06 07:30:00,2026-04-06 05:30:00,24049.3,24079.8,24044.4,24074.9,2012,15,0
2026-04-06 07:45:00,2026-04-06 05:45:00,24074.8,24083.4,24066.9,24075.4,1729,15,0
2026-04-06 08:00:00,2026-04-06 06:00:00,24075.4,24090.2,24073.8,24082.8,1744,15,0
2026-04-06 08:15:00,2026-04-06 06:15:00,24082.8,24088.3,24073.3,24073.3,1864,15,0
2026-04-06 08:30:00,2026-04-06 06:30:00,24073.4,24076.3,24045.6,24049.2,2116,15,0
2026-04-06 08:45:00,2026-04-06 06:45:00,24049.2,24060.1,24035.6,24055.3,1997,15,0
2026-04-06 09:00:00,2026-04-06 07:00:00,24054.9,24099.4,24042.3,24097.0,2298,13,0
2026-04-06 09:15:00,2026-04-06 07:15:00,24097.0,24097.0,24045.3,24048.9,2192,13,0
2026-04-06 09:30:00,2026-04-06 07:30:00,24048.9,24060.0,24038.8,24054.4,1825,13,0
2026-04-06 09:45:00,2026-04-06 07:45:00,24054.4,24112.4,24042.2,24078.9,2298,13,0
2026-04-06 10:00:00,2026-04-06 08:00:00,24078.9,24083.9,24031.0,24048.7,2231,13,0
2026-04-06 10:15:00,2026-04-06 08:15:00,24048.7,24076.4,24048.0,24061.0,2034,13,0
2026-04-06 10:30:00,2026-04-06 08:30:00,24060.8,24105.2,24058.3,24096.5,2003,13,0
2026-04-06 10:45:00,2026-04-06 08:45:00,24098.0,24147.9,24094.7,24131.4,2417,13,0
2026-04-06 11:00:00,2026-04-06 09:00:00,24132.2,24158.9,24131.8,24148.4,2611,13,0
2026-04-06 11:15:00,2026-04-06 09:15:00,24151.4,24182.8,24138.3,24172.9,2266,13,0
2026-04-06 11:30:00,2026-04-06 09:30:00,24172.8,24214.9,24167.4,24212.0,2281,13,0
2026-04-06 11:45:00,2026-04-06 09:45:00,24212.0,24213.8,24186.9,24192.3,2015,13,0
2026-04-06 12:00:00,2026-04-06 10:00:00,24192.3,24220.4,24189.8,24201.5,2008,13,0
2026-04-06 12:15:00,2026-04-06 10:15:00,24201.5,24217.8,24191.3,24203.8,2032,13,0
2026-04-06 12:30:00,2026-04-06 10:30:00,24203.8,24211.2,24192.5,24193.9,1500,13,0
2026-04-06 12:45:00,2026-04-06 10:45:00,24194.5,24200.7,24154.5,24159.3,2351,13,0
2026-04-06 13:00:00,2026-04-06 11:00:00,24158.8,24181.7,24149.7,24172.5,2103,13,0
2026-04-06 13:15:00,2026-04-06 11:15:00,24172.5,24174.9,24150.4,24166.9,1699,13,0
2026-04-06 13:30:00,2026-04-06 11:30:00,24166.3,24178.2,24159.3,24167.2,1632,13,0
2026-04-06 13:45:00,2026-04-06 11:45:00,24167.2,24169.4,24092.5,24137.3,2607,13,0
2026-04-06 14:00:00,2026-04-06 12:00:00,24137.3,24137.8,24106.0,24111.2,2554,13,0
2026-04-06 14:15:00,2026-04-06 12:15:00,24111.2,24133.7,24105.4,24124.4,2225,13,0
2026-04-06 14:30:00,2026-04-06 12:30:00,24124.5,24136.7,24115.2,24118.3,2090,13,0
2026-04-06 14:45:00,2026-04-06 12:45:00,24118.2,24139.0,24116.4,24128.8,2037,13,0
2026-04-06 15:00:00,2026-04-06 13:00:00,24128.8,24133.2,24116.7,24127.5,2106,13,0
2026-04-06 15:15:00,2026-04-06 13:15:00,24127.5,24139.4,24111.2,24133.0,2183,13,0
2026-04-06 15:30:00,2026-04-06 13:30:00,24132.9,24151.2,24122.7,24139.7,2370,13,0
2026-04-06 15:45:00,2026-04-06 13:45:00,24139.8,24160.0,24124.3,24129.3,2506,13,0
2026-04-06 16:00:00,2026-04-06 14:00:00,24129.3,24135.9,24097.0,24130.3,2809,13,0
2026-04-06 16:15:00,2026-04-06 14:15:00,24130.4,24135.2,24080.3,24085.8,2928,13,0
2026-04-06 16:30:00,2026-04-06 14:30:00,24085.9,24193.3,24069.6,24150.9,4123,10,0
2026-04-06 16:45:00,2026-04-06 14:45:00,24151.3,24233.6,24150.4,24233.6,3983,10,0
2026-04-06 17:00:00,2026-04-06 15:00:00,24233.3,24273.3,24094.9,24176.9,4025,10,0
2026-04-06 17:15:00,2026-04-06 15:15:00,24177.1,24212.8,24164.6,24187.8,3883,10,0
2026-04-06 17:30:00,2026-04-06 15:30:00,24187.7,24212.1,24110.7,24139.3,3879,10,0
2026-04-06 17:45:00,2026-04-06 15:45:00,24140.3,24149.8,24085.6,24129.2,3780,10,0
2026-04-06 18:00:00,2026-04-06 16:00:00,24129.1,24160.1,24116.2,24136.9,3677,10,0
2026-04-06 18:15:00,2026-04-06 16:15:00,24136.7,24146.4,24090.6,24103.2,3550,10,0
2026-04-06 18:30:00,2026-04-06 16:30:00,24103.7,24119.9,24076.3,24116.3,3325,10,0
2026-04-06 18:45:00,2026-04-06 16:45:00,24116.3,24154.8,24108.9,24146.3,3230,10,0
2026-04-06 19:00:00,2026-04-06 17:00:00,24146.4,24151.3,24105.9,24126.9,3241,10,0
2026-04-06 19:15:00,2026-04-06 17:15:00,24126.9,24145.9,24115.8,24135.4,3104,10,0
2026-04-06 19:30:00,2026-04-06 17:30:00,24135.4,24168.9,24124.6,24157.1,3041,10,0
2026-04-06 19:45:00,2026-04-06 17:45:00,24157.3,24166.8,24124.9,24130.6,3052,10,0
2026-04-06 20:00:00,2026-04-06 18:00:00,24131.6,24133.3,24026.8,24050.4,3543,10,0
2026-04-06 20:15:00,2026-04-06 18:15:00,24050.2,24134.7,24040.4,24128.6,3420,10,0
2026-04-06 20:30:00,2026-04-06 18:30:00,24129.1,24155.7,24102.7,24114.1,3320,10,0
2026-04-06 20:45:00,2026-04-06 18:45:00,24115.2,24115.2,24084.7,24086.6,3064,10,0
2026-04-06 21:00:00,2026-04-06 19:00:00,24086.7,24147.6,24068.6,24126.1,3357,10,0
2026-04-06 21:15:00,2026-04-06 19:15:00,24126.1,24185.7,24124.8,24164.9,3297,10,0
2026-04-06 21:30:00,2026-04-06 19:30:00,24164.9,24180.1,24146.4,24157.6,2999,10,0
2026-04-06 21:45:00,2026-04-06 19:45:00,24157.6,24177.1,24154.3,24174.2,2862,10,0
2026-04-06 22:00:00,2026-04-06 20:00:00,24174.1,24177.9,24153.6,24167.4,2936,10,0
2026-04-06 22:15:00,2026-04-06 20:15:00,24167.9,24171.1,24155.6,24158.7,2708,10,0
2026-04-06 22:30:00,2026-04-06 20:30:00,24158.7,24171.3,24149.2,24165.9,2766,10,0
2026-04-06 22:45:00,2026-04-06 20:45:00,24165.7,24194.9,24158.6,24185.3,3119,10,0
2026-04-06 23:00:00,2026-04-06 21:00:00,24185.7,24192.2,24165.3,24168.3,2392,10,0
2026-04-06 23:15:00,2026-04-06 21:15:00,24168.1,24171.9,24156.7,24165.9,1682,15,0
2026-04-06 23:30:00,2026-04-06 21:30:00,24165.9,24179.1,24165.9,24172.4,1445,15,0
2026-04-06 23:45:00,2026-04-06 21:45:00,24171.9,24174.3,24162.2,24167.8,1272,15,0
2026-04-07 01:00:00,2026-04-06 23:00:00,24172.5,24208.4,24164.5,24198.5,1620,15,0
2026-04-07 01:15:00,2026-04-06 23:15:00,24199.0,24202.5,24127.4,24146.9,1824,15,0
2026-04-07 01:30:00,2026-04-06 23:30:00,24147.0,24153.1,24127.9,24140.4,1381,15,0
2026-04-07 01:45:00,2026-04-06 23:45:00,24140.4,24152.0,24128.0,24128.1,1192,15,0
2026-04-07 02:00:00,2026-04-07 00:00:00,24128.2,24156.6,24127.9,24155.0,1330,15,0
2026-04-07 02:15:00,2026-04-07 00:15:00,24154.9,24156.5,24136.0,24138.9,1064,15,0
2026-04-07 02:30:00,2026-04-07 00:30:00,24138.9,24147.7,24137.0,24139.2,899,15,0
2026-04-07 02:45:00,2026-04-07 00:45:00,24139.2,24150.4,24124.4,24125.4,1546,15,0
2026-04-07 03:00:00,2026-04-07 01:00:00,24125.4,24147.1,24103.9,24140.7,2629,15,0
2026-04-07 03:15:00,2026-04-07 01:15:00,24140.7,24183.6,24139.7,24156.2,2590,15,0
2026-04-07 03:30:00,2026-04-07 01:30:00,24156.2,24160.5,24117.1,24127.6,2482,15,0
2026-04-07 03:45:00,2026-04-07 01:45:00,24128.1,24147.6,24124.0,24128.1,2136,15,0
2026-04-07 04:00:00,2026-04-07 02:00:00,24128.1,24136.1,24074.2,24081.4,2919,15,0
2026-04-07 04:15:00,2026-04-07 02:15:00,24081.6,24109.2,24081.2,24104.1,2433,15,0
2026-04-07 04:30:00,2026-04-07 02:30:00,24104.1,24108.0,24051.4,24054.1,2717,15,0
2026-04-07 04:45:00,2026-04-07 02:45:00,24054.2,24065.1,23994.4,24003.0,2948,15,0
2026-04-07 05:00:00,2026-04-07 03:00:00,24003.2,24013.2,23978.7,23999.4,2956,15,0
2026-04-07 05:15:00,2026-04-07 03:15:00,23998.9,24022.4,23991.4,24018.6,2561,15,0
2026-04-07 05:30:00,2026-04-07 03:30:00,24018.7,24034.6,24017.2,24034.0,2219,15,0
2026-04-07 05:45:00,2026-04-07 03:45:00,24033.1,24045.7,24026.1,24037.0,2053,15,0
2026-04-07 06:00:00,2026-04-07 04:00:00,24037.4,24044.2,24027.9,24040.1,1992,15,0
2026-04-07 06:15:00,2026-04-07 04:15:00,24040.1,24044.0,24018.5,24041.1,1947,15,0
2026-04-07 06:30:00,2026-04-07 04:30:00,24040.7,24056.4,24038.6,24052.5,2004,15,0
2026-04-07 06:45:00,2026-04-07 04:45:00,24052.5,24053.7,24042.2,24046.4,1745,15,0
2026-04-07 07:00:00,2026-04-07 05:00:00,24046.2,24055.5,24027.6,24029.5,2034,15,0
2026-04-07 07:15:00,2026-04-07 05:15:00,24029.5,24065.7,24024.2,24051.6,2125,15,0
2026-04-07 07:30:00,2026-04-07 05:30:00,24051.6,24074.4,24051.6,24064.6,2018,15,0
2026-04-07 07:45:00,2026-04-07 05:45:00,24064.6,24088.0,24063.1,24072.5,1956,15,0
2026-04-07 08:00:00,2026-04-07 06:00:00,24072.5,24083.4,24067.0,24075.5,1773,15,0
2026-04-07 08:15:00,2026-04-07 06:15:00,24075.5,24084.7,24046.9,24050.1,1894,15,0
2026-04-07 08:30:00,2026-04-07 06:30:00,24050.2,24053.5,24031.6,24032.7,2334,15,0
2026-04-07 08:45:00,2026-04-07 06:45:00,24032.6,24057.6,24030.2,24053.2,2026,15,0
2026-04-07 09:00:00,2026-04-07 07:00:00,24053.2,24064.1,24044.0,24045.3,2450,13,0
2026-04-07 09:15:00,2026-04-07 07:15:00,24045.3,24066.7,24033.1,24065.8,2166,13,0
2026-04-07 09:30:00,2026-04-07 07:30:00,24065.7,24070.1,24045.6,24061.8,2207,13,0
2026-04-07 09:45:00,2026-04-07 07:45:00,24061.7,24067.8,24048.0,24067.5,1887,13,0
2026-04-07 10:00:00,2026-04-07 08:00:00,24067.7,24081.0,24048.8,24067.0,2793,13,0
2026-04-07 10:15:00,2026-04-07 08:15:00,24066.8,24070.1,24035.1,24044.3,2483,13,0
2026-04-07 10:30:00,2026-04-07 08:30:00,24044.8,24076.6,24043.3,24071.2,2371,13,0
2026-04-07 10:45:00,2026-04-07 08:45:00,24071.3,24075.0,24049.7,24072.5,2093,13,0
2026-04-07 11:00:00,2026-04-07 09:00:00,24072.5,24172.3,24072.2,24140.1,3247,13,0
2026-04-07 11:15:00,2026-04-07 09:15:00,24139.8,24193.8,24131.1,24163.2,3102,13,0
2026-04-07 11:30:00,2026-04-07 09:30:00,24163.8,24208.1,24159.2,24188.3,2886,13,0
2026-04-07 11:45:00,2026-04-07 09:45:00,24188.3,24196.1,24172.0,24186.0,2638,13,0
2026-04-07 12:00:00,2026-04-07 10:00:00,24186.0,24213.6,24178.3,24200.6,2545,13,0
2026-04-07 12:15:00,2026-04-07 10:15:00,24200.6,24237.0,24193.8,24228.1,2527,13,0
2026-04-07 12:30:00,2026-04-07 10:30:00,24228.1,24246.1,24212.5,24212.6,2419,13,0
2026-04-07 12:45:00,2026-04-07 10:45:00,24212.0,24222.2,24197.3,24211.7,2152,13,0
2026-04-07 13:00:00,2026-04-07 11:00:00,24211.3,24225.1,24121.6,24192.0,2611,13,0
2026-04-07 13:15:00,2026-04-07 11:15:00,24191.8,24217.5,24141.3,24174.1,2603,13,0
2026-04-07 13:30:00,2026-04-07 11:30:00,24174.2,24176.3,24097.6,24114.0,2270,13,0
2026-04-07 13:45:00,2026-04-07 11:45:00,24114.0,24115.5,24011.7,24029.6,2874,13,0
2026-04-07 14:00:00,2026-04-07 12:00:00,24029.7,24058.8,24021.7,24047.2,2951,13,0
2026-04-07 14:15:00,2026-04-07 12:15:00,24047.2,24082.7,24047.2,24050.2,2811,13,0
2026-04-07 14:30:00,2026-04-07 12:30:00,24050.2,24053.6,24004.0,24046.6,3046,13,0
2026-04-07 14:45:00,2026-04-07 12:45:00,24046.6,24048.3,24026.3,24036.8,2561,13,0
2026-04-07 15:00:00,2026-04-07 13:00:00,24036.3,24055.3,23964.6,23992.0,3021,13,0
2026-04-07 15:15:00,2026-04-07 13:15:00,23992.0,24069.0,23966.8,24067.8,3258,13,0
2026-04-07 15:30:00,2026-04-07 13:30:00,24068.5,24074.7,24020.1,24030.5,2776,13,0
2026-04-07 15:45:00,2026-04-07 13:45:00,24030.5,24105.6,24005.1,24041.1,3022,13,0
2026-04-07 16:00:00,2026-04-07 14:00:00,24041.1,24075.5,24029.8,24055.7,3251,13,0
2026-04-07 16:15:00,2026-04-07 14:15:00,24055.7,24073.8,24038.8,24069.0,3120,13,0
2026-04-07 16:30:00,2026-04-07 14:30:00,24068.3,24127.6,24015.1,24022.7,4116,10,0
2026-04-07 16:45:00,2026-04-07 14:45:00,24023.1,24032.9,23944.6,23947.7,4000,10,0
2026-04-07 17:00:00,2026-04-07 15:00:00,23947.1,23954.1,23820.4,23860.4,3999,10,0
2026-04-07 17:15:00,2026-04-07 15:15:00,23860.4,23956.5,23856.2,23933.4,3947,10,0
2026-04-07 17:30:00,2026-04-07 15:30:00,23933.6,23967.7,23886.0,23901.2,3908,10,0
2026-04-07 17:45:00,2026-04-07 15:45:00,23901.4,23948.5,23833.2,23835.4,3714,10,0
2026-04-07 18:00:00,2026-04-07 16:00:00,23835.4,23844.4,23767.7,23827.9,3834,10,0
2026-04-07 18:15:00,2026-04-07 16:15:00,23831.4,23911.5,23823.4,23892.0,3827,10,0
2026-04-07 18:30:00,2026-04-07 16:30:00,23891.7,23919.0,23868.6,23878.4,3558,10,0
2026-04-07 18:45:00,2026-04-07 16:45:00,23879.6,23957.1,23878.1,23933.6,3473,10,0
2026-04-07 19:00:00,2026-04-07 17:00:00,23933.7,24062.5,23932.4,23983.6,3832,10,0
2026-04-07 19:15:00,2026-04-07 17:15:00,23983.2,24053.1,23973.6,24015.7,3631,10,0
2026-04-07 19:30:00,2026-04-07 17:30:00,24014.9,24037.0,24001.6,24031.1,3466,10,0
2026-04-07 19:45:00,2026-04-07 17:45:00,24031.1,24066.1,24025.1,24027.7,3288,10,0
2026-04-07 20:00:00,2026-04-07 18:00:00,24027.6,24062.6,24016.5,24027.4,3285,10,0
2026-04-07 20:15:00,2026-04-07 18:15:00,24027.1,24038.5,23996.0,24013.5,3370,10,0
2026-04-07 20:30:00,2026-04-07 18:30:00,24013.7,24123.4,24009.5,24056.6,3546,10,0
2026-04-07 20:45:00,2026-04-07 18:45:00,24056.4,24079.6,24043.1,24051.5,3246,10,0
2026-04-07 21:00:00,2026-04-07 19:00:00,24051.7,24063.9,24023.7,24036.0,3224,10,0
2026-04-07 21:15:00,2026-04-07 19:15:00,24036.1,24051.4,24012.9,24020.1,3314,10,0
2026-04-07 21:30:00,2026-04-07 19:30:00,24020.2,24028.4,23978.7,23991.9,3270,10,0
2026-04-07 21:45:00,2026-04-07 19:45:00,23991.9,23994.4,23902.7,23928.4,3414,10,0
2026-04-07 22:00:00,2026-04-07 20:00:00,23928.2,23960.6,23909.1,23958.1,3506,10,0
2026-04-07 22:15:00,2026-04-07 20:15:00,23958.1,24122.0,23951.9,24043.7,3912,10,0
2026-04-07 22:30:00,2026-04-07 20:30:00,24043.6,24083.9,24017.5,24066.7,3649,10,0
2026-04-07 22:45:00,2026-04-07 20:45:00,24066.6,24206.6,24050.0,24195.0,3905,10,0
2026-04-07 23:00:00,2026-04-07 21:00:00,24195.0,24224.1,24172.7,24215.4,3481,10,0
2026-04-07 23:15:00,2026-04-07 21:15:00,24215.4,24237.7,24185.6,24192.9,2856,15,0
2026-04-07 23:30:00,2026-04-07 21:30:00,24192.9,24276.0,24188.9,24238.6,2905,15,0
2026-04-07 23:45:00,2026-04-07 21:45:00,24238.5,24249.4,24215.0,24226.0,2532,15,0
2026-04-08 01:00:00,2026-04-07 23:00:00,24363.7,24479.2,24363.7,24439.9,3243,15,0
2026-04-08 01:15:00,2026-04-07 23:15:00,24440.5,24455.3,24419.3,24433.2,2571,15,0
2026-04-08 01:30:00,2026-04-07 23:30:00,24433.2,24669.9,24201.3,24604.0,3338,15,0
2026-04-08 01:45:00,2026-04-07 23:45:00,24601.9,24751.7,24595.3,24743.8,3381,15,0
2026-04-08 02:00:00,2026-04-08 00:00:00,24742.4,24812.4,24742.4,24790.7,3230,15,0
2026-04-08 02:15:00,2026-04-08 00:15:00,24792.9,24914.3,24791.4,24875.2,3172,15,0
2026-04-08 02:30:00,2026-04-08 00:30:00,24874.9,24885.5,24846.3,24847.2,3019,15,0
2026-04-08 02:45:00,2026-04-08 00:45:00,24847.2,24890.7,24839.4,24879.5,3122,15,0
2026-04-08 03:00:00,2026-04-08 01:00:00,24879.3,24919.2,24857.5,24887.8,3559,15,0
2026-04-08 03:15:00,2026-04-08 01:15:00,24887.7,24891.9,24858.0,24870.7,3312,15,0
2026-04-08 03:30:00,2026-04-08 01:30:00,24869.9,24885.4,24836.8,24874.2,3073,15,0
2026-04-08 03:45:00,2026-04-08 01:45:00,24874.2,24929.7,24869.9,24909.7,3027,15,0
2026-04-08 04:00:00,2026-04-08 02:00:00,24909.5,24934.0,24897.8,24916.5,3064,15,0
2026-04-08 04:15:00,2026-04-08 02:15:00,24916.4,24923.9,24876.3,24895.8,2961,15,0
2026-04-08 04:30:00,2026-04-08 02:30:00,24895.8,24926.9,24893.5,24917.0,2867,15,0
2026-04-08 04:45:00,2026-04-08 02:45:00,24917.2,24937.5,24912.2,24922.7,2669,15,0
2026-04-08 05:00:00,2026-04-08 03:00:00,24922.7,24937.7,24922.5,24931.2,2436,15,0
2026-04-08 05:15:00,2026-04-08 03:15:00,24931.4,24935.7,24923.7,24925.9,2248,15,0
2026-04-08 05:30:00,2026-04-08 03:30:00,24926.2,24938.5,24920.2,24931.9,2259,15,0
2026-04-08 05:45:00,2026-04-08 03:45:00,24931.7,24939.8,24929.0,24939.4,1752,15,0
2026-04-08 06:00:00,2026-04-08 04:00:00,24939.5,24946.9,24931.3,24934.0,2010,15,0
2026-04-08 06:15:00,2026-04-08 04:15:00,24933.8,24940.7,24915.2,24922.2,2005,15,0
2026-04-08 06:30:00,2026-04-08 04:30:00,24922.0,24930.2,24920.0,24921.5,1935,15,0
2026-04-08 06:45:00,2026-04-08 04:45:00,24921.8,24932.4,24918.0,24931.0,1946,15,0
2026-04-08 07:00:00,2026-04-08 05:00:00,24931.0,24966.8,24931.0,24963.0,1993,15,0
2026-04-08 07:15:00,2026-04-08 05:15:00,24963.0,24983.8,24961.7,24975.9,1994,15,0
2026-04-08 07:30:00,2026-04-08 05:30:00,24975.8,24981.3,24967.7,24968.8,1757,15,0
2026-04-08 07:45:00,2026-04-08 05:45:00,24968.7,24971.7,24949.9,24953.2,1897,15,0
2026-04-08 08:00:00,2026-04-08 06:00:00,24953.2,24963.4,24947.2,24955.2,2393,15,0
2026-04-08 08:15:00,2026-04-08 06:15:00,24955.2,24991.2,24953.3,24987.4,2152,15,0
2026-04-08 08:30:00,2026-04-08 06:30:00,24987.4,25003.7,24968.7,24984.9,2365,15,0
2026-04-08 08:45:00,2026-04-08 06:45:00,24984.9,25022.9,24983.0,25019.8,2475,15,0
2026-04-08 09:00:00,2026-04-08 07:00:00,25019.8,25029.5,25005.0,25025.3,2890,13,0
2026-04-08 09:15:00,2026-04-08 07:15:00,25025.3,25030.0,24990.6,25002.9,2598,13,0
2026-04-08 09:30:00,2026-04-08 07:30:00,25002.5,25014.4,24993.3,25006.1,2474,13,0
2026-04-08 09:45:00,2026-04-08 07:45:00,25006.1,25016.8,24994.1,24999.5,2436,13,0
2026-04-08 10:00:00,2026-04-08 08:00:00,24999.4,25001.5,24971.1,24986.4,3069,13,0
2026-04-08 10:15:00,2026-04-08 08:15:00,24986.1,25018.3,24978.0,24996.4,2869,13,0
2026-04-08 10:30:00,2026-04-08 08:30:00,24996.4,24996.4,24967.3,24974.8,2727,13,0
2026-04-08 10:45:00,2026-04-08 08:45:00,24974.5,24986.0,24964.6,24970.5,2620,13,0
2026-04-08 11:00:00,2026-04-08 09:00:00,24970.5,24986.8,24963.3,24983.9,2855,13,0
2026-04-08 11:15:00,2026-04-08 09:15:00,24985.5,25004.8,24982.8,25000.9,2617,13,0
2026-04-08 11:30:00,2026-04-08 09:30:00,25000.9,25018.4,24976.1,24989.9,2701,13,0
2026-04-08 11:45:00,2026-04-08 09:45:00,24989.9,25049.4,24988.0,25044.5,2491,13,0
2026-04-08 12:00:00,2026-04-08 10:00:00,25043.6,25073.3,25033.4,25066.0,2507,13,0
2026-04-08 12:15:00,2026-04-08 10:15:00,25066.0,25068.8,25044.3,25044.3,2257,13,0
2026-04-08 12:30:00,2026-04-08 10:30:00,25044.3,25049.4,25013.3,25016.4,2435,13,0
2026-04-08 12:45:00,2026-04-08 10:45:00,25016.9,25047.9,25013.6,25029.4,2491,13,0
2026-04-08 13:00:00,2026-04-08 11:00:00,25028.0,25042.3,25019.8,25022.1,2392,13,0
2026-04-08 13:15:00,2026-04-08 11:15:00,25022.3,25049.5,25014.1,25048.9,2376,13,0
2026-04-08 13:30:00,2026-04-08 11:30:00,25048.9,25060.4,25035.1,25051.5,2141,13,0
2026-04-08 13:45:00,2026-04-08 11:45:00,25051.4,25054.4,25031.6,25032.8,2209,13,0
2026-04-08 14:00:00,2026-04-08 12:00:00,25032.9,25039.4,25010.9,25028.0,2545,13,0
2026-04-08 14:15:00,2026-04-08 12:15:00,25028.0,25061.3,25011.1,25054.9,2732,13,0
2026-04-08 14:30:00,2026-04-08 12:30:00,25055.0,25063.4,25034.9,25042.3,2764,13,0
2026-04-08 14:45:00,2026-04-08 12:45:00,25042.1,25056.5,25033.9,25038.0,2614,13,0
2026-04-08 15:00:00,2026-04-08 13:00:00,25038.0,25085.1,25038.0,25072.5,2995,13,0
2026-04-08 15:15:00,2026-04-08 13:15:00,25072.5,25073.4,24984.1,25018.3,3397,13,0
2026-04-08 15:30:00,2026-04-08 13:30:00,25018.3,25033.3,25005.4,25018.0,2899,13,0
2026-04-08 15:45:00,2026-04-08 13:45:00,25018.0,25049.6,25015.9,25041.9,2876,13,0
2026-04-08 16:00:00,2026-04-08 14:00:00,25041.9,25065.4,25039.9,25055.5,2858,13,0
2026-04-08 16:15:00,2026-04-08 14:15:00,25055.6,25057.8,25015.5,25030.4,2989,13,0
2026-04-08 16:30:00,2026-04-08 14:30:00,25028.5,25077.4,24918.9,24928.5,4165,10,0
2026-04-08 16:45:00,2026-04-08 14:45:00,24928.2,24988.8,24896.7,24910.9,4017,10,0
2026-04-08 17:00:00,2026-04-08 15:00:00,24911.0,24932.5,24871.7,24906.4,3967,10,0
2026-04-08 17:15:00,2026-04-08 15:15:00,24906.8,24920.8,24878.7,24881.8,3785,10,0
2026-04-08 17:30:00,2026-04-08 15:30:00,24884.0,24894.7,24857.3,24860.4,3872,10,0
2026-04-08 17:45:00,2026-04-08 15:45:00,24860.5,24866.9,24761.5,24821.3,3855,10,0
2026-04-08 18:00:00,2026-04-08 16:00:00,24821.5,24871.8,24808.3,24851.5,3662,10,0
2026-04-08 18:15:00,2026-04-08 16:15:00,24851.7,24865.3,24832.8,24840.5,3494,10,0
2026-04-08 18:30:00,2026-04-08 16:30:00,24840.3,24889.5,24833.5,24885.0,3503,10,0
2026-04-08 18:45:00,2026-04-08 16:45:00,24885.0,24916.7,24885.0,24907.5,3159,10,0
2026-04-08 19:00:00,2026-04-08 17:00:00,24907.4,24944.7,24905.8,24909.7,3212,10,0
2026-04-08 19:15:00,2026-04-08 17:15:00,24909.8,24924.4,24890.5,24923.2,3425,10,0
2026-04-08 19:30:00,2026-04-08 17:30:00,24923.3,24965.4,24916.5,24959.8,3174,10,0
2026-04-08 19:45:00,2026-04-08 17:45:00,24959.4,24985.9,24956.9,24970.8,2807,10,0
2026-04-08 20:00:00,2026-04-08 18:00:00,24970.5,24984.8,24947.8,24951.9,3074,10,0
2026-04-08 20:15:00,2026-04-08 18:15:00,24951.9,24958.5,24901.0,24911.3,3323,10,0
2026-04-08 20:30:00,2026-04-08 18:30:00,24911.3,24927.8,24894.4,24921.7,3372,10,0
2026-04-08 20:45:00,2026-04-08 18:45:00,24921.5,24929.4,24913.4,24922.5,2881,10,0
2026-04-08 21:00:00,2026-04-08 19:00:00,24922.5,24959.7,24907.3,24949.0,3148,10,0
2026-04-08 21:15:00,2026-04-08 19:15:00,24949.2,24959.7,24863.3,24883.5,3629,10,0
2026-04-08 21:30:00,2026-04-08 19:30:00,24883.3,24900.8,24842.8,24846.4,3267,10,0
2026-04-08 21:45:00,2026-04-08 19:45:00,24846.2,24858.0,24777.7,24782.5,3442,10,0
2026-04-08 22:00:00,2026-04-08 20:00:00,24782.7,24839.8,24772.5,24836.2,3514,10,0
2026-04-08 22:15:00,2026-04-08 20:15:00,24835.7,24840.2,24784.3,24786.9,3506,10,0
2026-04-08 22:30:00,2026-04-08 20:30:00,24786.9,24844.8,24785.4,24842.4,3447,10,0
2026-04-08 22:45:00,2026-04-08 20:45:00,24842.2,24912.0,24840.5,24910.2,3322,10,0
2026-04-08 23:00:00,2026-04-08 21:00:00,24909.2,24923.7,24881.8,24888.0,2835,10,0
2026-04-08 23:15:00,2026-04-08 21:15:00,24888.0,24904.2,24876.9,24878.3,1735,15,0
2026-04-08 23:30:00,2026-04-08 21:30:00,24878.2,24880.4,24864.2,24866.8,1434,15,0
2026-04-08 23:45:00,2026-04-08 21:45:00,24866.8,24877.0,24864.7,24870.3,1511,15,0
2026-04-09 01:00:00,2026-04-08 23:00:00,24871.9,24895.1,24869.9,24872.3,1944,15,0
2026-04-09 01:15:00,2026-04-08 23:15:00,24872.3,24878.4,24842.1,24858.5,2125,15,0
2026-04-09 01:30:00,2026-04-08 23:30:00,24859.0,24880.4,24859.0,24861.9,1666,15,0
2026-04-09 01:45:00,2026-04-08 23:45:00,24861.8,24867.1,24857.4,24865.5,1237,15,0
2026-04-09 02:00:00,2026-04-09 00:00:00,24865.5,24886.1,24855.0,24876.4,1547,15,0
2026-04-09 02:15:00,2026-04-09 00:15:00,24876.4,24883.4,24862.1,24864.1,1566,15,0
2026-04-09 02:30:00,2026-04-09 00:30:00,24864.3,24868.1,24857.4,24861.5,1548,15,0
2026-04-09 02:45:00,2026-04-09 00:45:00,24861.6,24868.6,24854.0,24856.1,2002,15,0
2026-04-09 03:00:00,2026-04-09 01:00:00,24856.1,24859.3,24830.8,24849.5,2842,15,0
2026-04-09 03:15:00,2026-04-09 01:15:00,24849.5,24864.3,24842.0,24842.8,2692,15,0
2026-04-09 03:30:00,2026-04-09 01:30:00,24843.1,24864.3,24840.5,24855.9,2773,15,0
2026-04-09 03:45:00,2026-04-09 01:45:00,24855.9,24858.5,24838.0,24842.6,2386,15,0
2026-04-09 04:00:00,2026-04-09 02:00:00,24842.5,24851.5,24824.8,24831.6,2579,15,0
2026-04-09 04:15:00,2026-04-09 02:15:00,24831.5,24834.5,24812.0,24819.1,2425,15,0
2026-04-09 04:30:00,2026-04-09 02:30:00,24818.9,24843.5,24815.0,24836.0,2620,15,0
2026-04-09 04:45:00,2026-04-09 02:45:00,24835.9,24856.0,24825.4,24853.6,2489,15,0
2026-04-09 05:00:00,2026-04-09 03:00:00,24853.8,24871.8,24853.1,24858.4,2355,15,0
2026-04-09 05:15:00,2026-04-09 03:15:00,24859.1,24870.8,24854.8,24857.9,2112,15,0
2026-04-09 05:30:00,2026-04-09 03:30:00,24857.9,24868.3,24857.3,24864.8,1813,15,0
2026-04-09 05:45:00,2026-04-09 03:45:00,24864.6,24880.0,24861.5,24861.6,1905,15,0
2026-04-09 06:00:00,2026-04-09 04:00:00,24861.6,24868.0,24856.5,24859.6,1696,15,0
2026-04-09 06:15:00,2026-04-09 04:15:00,24859.6,24859.6,24847.3,24850.4,1532,15,0
2026-04-09 06:30:00,2026-04-09 04:30:00,24850.5,24864.9,24847.5,24853.3,1644,15,0
2026-04-09 06:45:00,2026-04-09 04:45:00,24853.3,24856.8,24839.8,24849.8,1890,15,0
2026-04-09 07:00:00,2026-04-09 05:00:00,24849.6,24853.1,24840.6,24847.9,1526,15,0
2026-04-09 07:15:00,2026-04-09 05:15:00,24848.0,24850.3,24838.9,24844.5,1437,15,0
2026-04-09 07:30:00,2026-04-09 05:30:00,24844.5,24851.0,24838.3,24846.5,1632,15,0
2026-04-09 07:45:00,2026-04-09 05:45:00,24846.6,24854.4,24843.3,24845.0,1451,15,0
2026-04-09 08:00:00,2026-04-09 06:00:00,24845.0,24850.4,24825.3,24842.1,2014,15,0
2026-04-09 08:15:00,2026-04-09 06:15:00,24842.3,24863.5,24841.6,24863.3,2364,15,0
2026-04-09 08:30:00,2026-04-09 06:30:00,24863.3,24877.6,24857.5,24870.8,2146,15,0
2026-04-09 08:45:00,2026-04-09 06:45:00,24871.0,24871.0,24853.1,24860.1,1928,15,0
2026-04-09 09:00:00,2026-04-09 07:00:00,24860.5,24888.9,24858.4,24864.4,2443,13,0
2026-04-09 09:15:00,2026-04-09 07:15:00,24864.4,24869.6,24856.0,24867.5,2223,13,0
2026-04-09 09:30:00,2026-04-09 07:30:00,24867.6,24873.5,24858.5,24868.7,2274,13,0
2026-04-09 09:45:00,2026-04-09 07:45:00,24868.7,24870.9,24848.5,24869.6,2090,13,0
2026-04-09 10:00:00,2026-04-09 08:00:00,24870.0,24879.4,24843.9,24850.9,2626,13,0
2026-04-09 10:15:00,2026-04-09 08:15:00,24850.9,24852.4,24828.0,24843.4,2429,13,0
2026-04-09 10:30:00,2026-04-09 08:30:00,24843.5,24848.2,24803.5,24807.6,2326,13,0
2026-04-09 10:45:00,2026-04-09 08:45:00,24807.9,24817.9,24796.4,24816.7,2279,13,0
2026-04-09 11:00:00,2026-04-09 09:00:00,24816.7,24822.0,24784.4,24788.0,2622,13,0
2026-04-09 11:15:00,2026-04-09 09:15:00,24788.2,24804.6,24783.9,24792.2,2456,13,0
2026-04-09 11:30:00,2026-04-09 09:30:00,24792.0,24829.9,24792.0,24829.9,2385,13,0
2026-04-09 11:45:00,2026-04-09 09:45:00,24829.9,24834.5,24800.2,24804.2,2132,13,0
2026-04-09 12:00:00,2026-04-09 10:00:00,24803.9,24830.4,24795.2,24829.4,2221,13,0
2026-04-09 12:15:00,2026-04-09 10:15:00,24828.9,24847.0,24827.1,24843.6,2004,13,0
2026-04-09 12:30:00,2026-04-09 10:30:00,24843.4,24844.9,24824.1,24834.9,1965,13,0
2026-04-09 12:45:00,2026-04-09 10:45:00,24834.9,24849.2,24832.4,24847.7,1788,13,0
2026-04-09 13:00:00,2026-04-09 11:00:00,24847.7,24856.0,24838.6,24842.9,2208,13,0
2026-04-09 13:15:00,2026-04-09 11:15:00,24842.7,24857.9,24833.6,24853.1,2108,13,0
2026-04-09 13:30:00,2026-04-09 11:30:00,24853.1,24855.2,24834.6,24848.6,1944,13,0
2026-04-09 13:45:00,2026-04-09 11:45:00,24848.6,24855.1,24812.6,24815.1,2151,13,0
2026-04-09 14:00:00,2026-04-09 12:00:00,24815.1,24829.7,24809.5,24823.4,2329,13,0
2026-04-09 14:15:00,2026-04-09 12:15:00,24823.2,24824.0,24808.4,24815.5,2082,13,0
2026-04-09 14:30:00,2026-04-09 12:30:00,24815.2,24865.9,24815.0,24856.6,2441,13,0
2026-04-09 14:45:00,2026-04-09 12:45:00,24856.6,24869.1,24852.4,24860.9,2296,13,0
2026-04-09 15:00:00,2026-04-09 13:00:00,24860.9,24881.5,24860.9,24865.6,2196,13,0
2026-04-09 15:15:00,2026-04-09 13:15:00,24865.9,24875.2,24858.1,24866.6,2137,13,0
2026-04-09 15:30:00,2026-04-09 13:30:00,24866.6,24894.1,24848.2,24869.2,2954,13,0
2026-04-09 15:45:00,2026-04-09 13:45:00,24869.5,24879.6,24853.7,24860.0,2624,13,0
2026-04-09 16:00:00,2026-04-09 14:00:00,24860.0,24880.6,24857.5,24875.4,2735,13,0
2026-04-09 16:15:00,2026-04-09 14:15:00,24875.4,24912.4,24868.2,24911.2,2729,13,0
2026-04-09 16:30:00,2026-04-09 14:30:00,24911.4,24939.3,24851.0,24931.0,3906,10,0
2026-04-09 16:45:00,2026-04-09 14:45:00,24931.5,24941.8,24837.4,24864.8,3850,10,0
2026-04-09 17:00:00,2026-04-09 15:00:00,24864.3,24886.0,24834.0,24844.0,3803,10,0
2026-04-09 17:15:00,2026-04-09 15:15:00,24843.8,24843.8,24795.3,24814.5,3626,10,0
2026-04-09 17:30:00,2026-04-09 15:30:00,24813.1,24828.1,24791.9,24818.0,3645,10,0
2026-04-09 17:45:00,2026-04-09 15:45:00,24817.6,24883.8,24815.6,24871.9,3607,10,0
2026-04-09 18:00:00,2026-04-09 16:00:00,24872.0,24909.6,24847.4,24904.0,3542,10,0
2026-04-09 18:15:00,2026-04-09 16:15:00,24904.1,24936.1,24884.3,24888.4,3638,10,0
2026-04-09 18:30:00,2026-04-09 16:30:00,24889.1,24984.4,24879.6,24956.9,3832,10,0
2026-04-09 18:45:00,2026-04-09 16:45:00,24957.3,25027.9,24940.3,25020.9,3642,10,0
2026-04-09 19:00:00,2026-04-09 17:00:00,25020.6,25095.3,25020.4,25039.5,3682,10,0
2026-04-09 19:15:00,2026-04-09 17:15:00,25039.4,25073.4,25035.4,25047.1,3408,10,0
2026-04-09 19:30:00,2026-04-09 17:30:00,25047.5,25051.1,24999.6,25012.6,3349,10,0
2026-04-09 19:45:00,2026-04-09 17:45:00,25012.5,25042.6,24992.9,25027.4,3317,10,0
2026-04-09 20:00:00,2026-04-09 18:00:00,25027.9,25072.1,25019.5,25058.8,3176,10,0
2026-04-09 20:15:00,2026-04-09 18:15:00,25058.8,25083.9,25052.9,25054.6,3117,10,0
2026-04-09 20:30:00,2026-04-09 18:30:00,25054.8,25087.4,25022.0,25065.6,3244,10,0
2026-04-09 20:45:00,2026-04-09 18:45:00,25065.5,25075.8,25049.1,25057.9,3034,10,0
2026-04-09 21:00:00,2026-04-09 19:00:00,25057.9,25062.4,24982.0,25007.8,3566,10,0
2026-04-09 21:15:00,2026-04-09 19:15:00,25007.8,25022.9,24980.4,24994.0,3463,10,0
2026-04-09 21:30:00,2026-04-09 19:30:00,24994.0,25022.5,24977.3,25001.9,3288,10,0
2026-04-09 21:45:00,2026-04-09 19:45:00,25002.8,25020.3,24993.1,25011.4,3148,10,0
2026-04-09 22:00:00,2026-04-09 20:00:00,25011.1,25060.9,25006.9,25052.0,3039,10,0
2026-04-09 22:15:00,2026-04-09 20:15:00,25051.9,25059.8,25036.3,25053.9,2955,10,0
2026-04-09 22:30:00,2026-04-09 20:30:00,25053.9,25085.1,25051.9,25078.4,2882,10,0
2026-04-09 22:45:00,2026-04-09 20:45:00,25078.1,25099.9,25071.1,25082.8,3066,10,0
2026-04-09 23:00:00,2026-04-09 21:00:00,25080.9,25084.6,25051.1,25066.9,2423,10,0
2026-04-09 23:15:00,2026-04-09 21:15:00,25066.8,25073.1,25060.3,25070.5,1437,15,0
2026-04-09 23:30:00,2026-04-09 21:30:00,25071.0,25084.3,25070.5,25081.0,1018,15,0
2026-04-09 23:45:00,2026-04-09 21:45:00,25081.0,25083.1,25066.6,25066.9,1130,15,0
2026-04-10 01:00:00,2026-04-09 23:00:00,25067.2,25088.0,25059.6,25085.6,1907,15,0
2026-04-10 01:15:00,2026-04-09 23:15:00,25085.6,25086.6,25051.7,25051.7,1222,15,0
2026-04-10 01:30:00,2026-04-09 23:30:00,25050.6,25065.5,25047.0,25058.6,1705,15,0
2026-04-10 01:45:00,2026-04-09 23:45:00,25058.6,25058.6,25037.0,25041.0,1346,15,0
2026-04-10 02:00:00,2026-04-10 00:00:00,25041.0,25047.2,25027.1,25046.2,1431,15,0
2026-04-10 02:15:00,2026-04-10 00:15:00,25046.2,25047.7,25040.4,25043.5,1042,15,0
2026-04-10 02:30:00,2026-04-10 00:30:00,25043.5,25050.7,25041.7,25047.5,1127,15,0
2026-04-10 02:45:00,2026-04-10 00:45:00,25047.6,25068.2,25044.7,25057.4,1804,15,0
2026-04-10 03:00:00,2026-04-10 01:00:00,25057.7,25058.4,25039.9,25047.9,2682,15,0
2026-04-10 03:15:00,2026-04-10 01:15:00,25047.7,25070.4,25041.2,25068.4,2237,15,0
2026-04-10 03:30:00,2026-04-10 01:30:00,25068.4,25086.1,25065.5,25080.4,2104,15,0
2026-04-10 03:45:00,2026-04-10 01:45:00,25080.6,25109.7,25075.9,25105.1,2080,15,0
2026-04-10 04:00:00,2026-04-10 02:00:00,25104.9,25105.1,25091.0,25092.7,2203,15,0
2026-04-10 04:15:00,2026-04-10 02:15:00,25092.1,25112.9,25089.4,25112.7,1978,15,0
2026-04-10 04:30:00,2026-04-10 02:30:00,25112.7,25132.1,25109.6,25126.1,2426,15,0
2026-04-10 04:45:00,2026-04-10 02:45:00,25126.0,25130.6,25117.6,25118.2,2087,15,0
2026-04-10 05:00:00,2026-04-10 03:00:00,25118.2,25123.9,25102.0,25106.0,2123,15,0
2026-04-10 05:15:00,2026-04-10 03:15:00,25106.1,25107.1,25088.0,25095.6,2063,15,0
2026-04-10 05:30:00,2026-04-10 03:30:00,25095.5,25112.0,25094.1,25107.1,1619,15,0
2026-04-10 05:45:00,2026-04-10 03:45:00,25107.0,25111.2,25105.5,25107.6,1394,15,0
2026-04-10 06:00:00,2026-04-10 04:00:00,25107.5,25121.2,25107.5,25120.6,1473,15,0
2026-04-10 06:15:00,2026-04-10 04:15:00,25120.6,25121.2,25105.2,25106.2,1286,15,0
2026-04-10 06:30:00,2026-04-10 04:30:00,25106.1,25135.2,25106.0,25125.0,1833,15,0
2026-04-10 06:45:00,2026-04-10 04:45:00,25125.0,25130.6,25118.5,25124.9,1508,15,0
2026-04-10 07:00:00,2026-04-10 05:00:00,25124.7,25127.4,25109.6,25112.6,1567,15,0
2026-04-10 07:15:00,2026-04-10 05:15:00,25112.2,25116.1,25108.0,25110.9,1306,15,0
2026-04-10 07:30:00,2026-04-10 05:30:00,25110.9,25113.6,25099.4,25105.1,1500,15,0
2026-04-10 07:45:00,2026-04-10 05:45:00,25105.1,25107.4,25100.4,25103.2,1320,15,0
2026-04-10 08:00:00,2026-04-10 06:00:00,25103.4,25118.5,25103.4,25110.9,1734,15,0
2026-04-10 08:15:00,2026-04-10 06:15:00,25110.9,25115.7,25102.4,25102.4,1563,15,0
2026-04-10 08:30:00,2026-04-10 06:30:00,25103.0,25111.7,25099.7,25101.9,1902,15,0
2026-04-10 08:45:00,2026-04-10 06:45:00,25101.9,25106.6,25093.2,25096.0,1706,15,0
2026-04-10 09:00:00,2026-04-10 07:00:00,25095.4,25101.1,25081.6,25083.7,2149,13,0
2026-04-10 09:15:00,2026-04-10 07:15:00,25083.6,25084.7,25070.0,25071.3,1907,13,0
2026-04-10 09:30:00,2026-04-10 07:30:00,25071.7,25076.2,25057.0,25065.0,1933,13,0
2026-04-10 09:45:00,2026-04-10 07:45:00,25064.8,25070.5,25055.2,25062.6,1877,13,0
2026-04-10 10:00:00,2026-04-10 08:00:00,25062.7,25079.3,25060.0,25066.8,2229,13,0
2026-04-10 10:15:00,2026-04-10 08:15:00,25067.1,25080.2,25057.2,25078.8,2211,13,0
2026-04-10 10:30:00,2026-04-10 08:30:00,25079.7,25088.5,25066.1,25069.2,1923,13,0
2026-04-10 10:45:00,2026-04-10 08:45:00,25069.2,25085.5,25062.3,25075.8,2139,13,0
2026-04-10 11:00:00,2026-04-10 09:00:00,25076.1,25077.6,25047.6,25051.2,2406,13,0
2026-04-10 11:15:00,2026-04-10 09:15:00,25051.2,25065.2,25038.0,25062.7,2107,13,0
2026-04-10 11:30:00,2026-04-10 09:30:00,25061.8,25069.3,25054.7,25065.7,1863,13,0
2026-04-10 11:45:00,2026-04-10 09:45:00,25066.3,25066.3,25037.2,25042.8,2317,13,0
2026-04-10 12:00:00,2026-04-10 10:00:00,25042.8,25054.1,25039.8,25046.7,1990,13,0
2026-04-10 12:15:00,2026-04-10 10:15:00,25046.6,25106.8,25044.6,25072.1,2733,13,0
2026-04-10 12:30:00,2026-04-10 10:30:00,25071.8,25076.2,25055.6,25070.8,2324,13,0
2026-04-10 12:45:00,2026-04-10 10:45:00,25071.1,25095.6,25068.6,25092.6,2305,13,0
2026-04-10 13:00:00,2026-04-10 11:00:00,25092.5,25101.8,25074.5,25079.0,2215,13,0
2026-04-10 13:15:00,2026-04-10 11:15:00,25078.7,25115.5,25077.7,25104.6,2047,13,0
2026-04-10 13:30:00,2026-04-10 11:30:00,25104.5,25108.1,25089.5,25100.6,2064,13,0
2026-04-10 13:45:00,2026-04-10 11:45:00,25100.6,25117.3,25098.6,25105.6,1901,13,0
2026-04-10 14:00:00,2026-04-10 12:00:00,25105.5,25126.7,25103.8,25116.3,2139,13,0
2026-04-10 14:15:00,2026-04-10 12:15:00,25116.5,25132.6,25114.0,25125.1,2086,13,0
2026-04-10 14:30:00,2026-04-10 12:30:00,25125.5,25134.8,25113.2,25115.2,2078,13,0
2026-04-10 14:45:00,2026-04-10 12:45:00,25115.2,25121.5,25095.7,25102.3,2102,13,0
2026-04-10 15:00:00,2026-04-10 13:00:00,25102.3,25116.6,25097.5,25115.5,2174,13,0
2026-04-10 15:15:00,2026-04-10 13:15:00,25115.2,25166.5,25107.3,25143.6,2432,13,0
2026-04-10 15:30:00,2026-04-10 13:30:00,25143.6,25203.6,25126.7,25146.5,3029,13,0
2026-04-10 15:45:00,2026-04-10 13:45:00,25146.5,25159.3,25133.0,25138.0,2704,13,0
2026-04-10 16:00:00,2026-04-10 14:00:00,25138.0,25155.8,25129.3,25152.2,2634,13,0
2026-04-10 16:15:00,2026-04-10 14:15:00,25152.2,25153.0,25127.3,25147.7,2739,13,0
2026-04-10 16:30:00,2026-04-10 14:30:00,25148.3,25202.5,25126.6,25157.2,3974,10,0
2026-04-10 16:45:00,2026-04-10 14:45:00,25158.2,25188.7,25135.6,25153.6,3849,10,0
2026-04-10 17:00:00,2026-04-10 15:00:00,25154.0,25161.1,25103.0,25157.5,3747,10,0
2026-04-10 17:15:00,2026-04-10 15:15:00,25156.9,25185.5,25146.5,25175.0,3615,10,0
2026-04-10 17:30:00,2026-04-10 15:30:00,25174.9,25207.0,25140.6,25153.9,3658,10,0
2026-04-10 17:45:00,2026-04-10 15:45:00,25154.2,25191.4,25145.1,25186.2,3631,10,0
2026-04-10 18:00:00,2026-04-10 16:00:00,25186.2,25205.2,25162.5,25203.2,3447,10,0
2026-04-10 18:15:00,2026-04-10 16:15:00,25203.4,25226.7,25178.6,25182.1,3425,10,0
2026-04-10 18:30:00,2026-04-10 16:30:00,25181.9,25191.4,25120.5,25138.0,3689,10,0
2026-04-10 18:45:00,2026-04-10 16:45:00,25137.5,25148.0,25079.2,25098.5,3601,10,0
2026-04-10 19:00:00,2026-04-10 17:00:00,25098.5,25134.4,25082.6,25127.0,3464,10,0
2026-04-10 19:15:00,2026-04-10 17:15:00,25127.0,25135.5,25104.6,25109.6,3236,10,0
2026-04-10 19:30:00,2026-04-10 17:30:00,25109.6,25117.7,25056.5,25061.2,3342,10,0
2026-04-10 19:45:00,2026-04-10 17:45:00,25061.5,25105.2,25059.7,25098.7,3370,10,0
2026-04-10 20:00:00,2026-04-10 18:00:00,25099.0,25099.7,25062.0,25082.0,3226,10,0
2026-04-10 20:15:00,2026-04-10 18:15:00,25082.0,25090.5,25062.0,25068.2,3147,10,0
2026-04-10 20:30:00,2026-04-10 18:30:00,25067.4,25090.7,25057.2,25088.0,3115,10,0
2026-04-10 20:45:00,2026-04-10 18:45:00,25088.0,25108.7,25082.9,25106.2,2728,10,0
2026-04-10 21:00:00,2026-04-10 19:00:00,25106.2,25107.9,25074.2,25089.0,2978,10,0
2026-04-10 21:15:00,2026-04-10 19:15:00,25089.0,25115.0,25089.0,25101.5,2791,10,0
2026-04-10 21:30:00,2026-04-10 19:30:00,25101.4,25104.7,25073.7,25081.0,2828,10,0
2026-04-10 21:45:00,2026-04-10 19:45:00,25080.7,25096.7,25077.7,25094.9,2443,10,0
2026-04-10 22:00:00,2026-04-10 20:00:00,25095.0,25128.2,25093.2,25127.5,2428,10,0
2026-04-10 22:15:00,2026-04-10 20:15:00,25127.4,25135.0,25118.0,25128.7,2378,10,0
2026-04-10 22:30:00,2026-04-10 20:30:00,25128.7,25128.9,25093.7,25111.2,2697,10,0
2026-04-10 22:45:00,2026-04-10 20:45:00,25111.2,25123.5,25095.6,25118.7,3033,10,0
2026-04-10 23:00:00,2026-04-10 21:00:00,25120.9,25135.7,25110.5,25129.0,2352,15,0
2026-04-10 23:15:00,2026-04-10 21:15:00,25129.0,25144.0,25129.0,25138.7,1409,15,0
2026-04-10 23:30:00,2026-04-10 21:30:00,25138.7,25154.6,25134.7,25153.2,1461,15,0
2026-04-10 23:45:00,2026-04-10 21:45:00,25153.2,25154.0,25142.7,25150.0,906,15,0
2026-04-13 01:00:00,2026-04-12 23:00:00,24784.8,24861.7,24756.7,24843.7,3645,15,0
2026-04-13 01:15:00,2026-04-12 23:15:00,24843.8,24843.8,24786.8,24796.2,3264,15,0
2026-04-13 01:30:00,2026-04-12 23:30:00,24796.2,24807.4,24771.8,24784.8,3008,15,0
2026-04-13 01:45:00,2026-04-12 23:45:00,24784.8,24803.0,24781.8,24799.7,2227,15,0
2026-04-13 02:00:00,2026-04-13 00:00:00,24799.7,24800.0,24772.5,24788.3,2234,15,0
2026-04-13 02:15:00,2026-04-13 00:15:00,24788.3,24796.0,24776.8,24786.8,1959,15,0
2026-04-13 02:30:00,2026-04-13 00:30:00,24787.0,24787.5,24771.0,24778.3,1824,15,0
2026-04-13 02:45:00,2026-04-13 00:45:00,24778.3,24828.7,24766.3,24826.4,2742,15,0
2026-04-13 03:00:00,2026-04-13 01:00:00,24826.4,24851.2,24792.2,24848.4,3154,15,0
2026-04-13 03:15:00,2026-04-13 01:15:00,24848.2,24851.8,24834.5,24838.9,2865,15,0
2026-04-13 03:30:00,2026-04-13 01:30:00,24839.0,24865.2,24830.8,24854.5,2682,15,0
2026-04-13 03:45:00,2026-04-13 01:45:00,24854.7,24898.4,24853.2,24898.4,2631,15,0
2026-04-13 04:00:00,2026-04-13 02:00:00,24898.3,24925.3,24894.5,24915.4,2865,15,0
2026-04-13 04:15:00,2026-04-13 02:15:00,24915.5,24920.9,24903.8,24916.7,2555,15,0
2026-04-13 04:30:00,2026-04-13 02:30:00,24916.7,24928.0,24901.9,24905.9,2541,15,0
2026-04-13 04:45:00,2026-04-13 02:45:00,24905.7,24932.7,24902.4,24925.8,2434,15,0
2026-04-13 05:00:00,2026-04-13 03:00:00,24925.7,24927.8,24900.8,24905.0,2062,15,0
2026-04-13 05:15:00,2026-04-13 03:15:00,24905.0,24913.0,24899.9,24903.7,1810,15,0
2026-04-13 05:30:00,2026-04-13 03:30:00,24903.7,24910.3,24899.7,24907.9,1781,15,0
2026-04-13 05:45:00,2026-04-13 03:45:00,24907.8,24923.2,24905.8,24919.9,1620,15,0
2026-04-13 06:00:00,2026-04-13 04:00:00,24920.0,24926.4,24896.9,24897.7,1857,15,0
2026-04-13 06:15:00,2026-04-13 04:15:00,24897.7,24919.7,24896.8,24915.4,1621,15,0
2026-04-13 06:30:00,2026-04-13 04:30:00,24914.4,24916.4,24899.8,24911.7,1858,15,0
2026-04-13 06:45:00,2026-04-13 04:45:00,24911.5,24912.2,24899.9,24902.7,1505,15,0
2026-04-13 07:00:00,2026-04-13 05:00:00,24902.7,24908.0,24894.7,24906.3,1669,15,0
2026-04-13 07:15:00,2026-04-13 05:15:00,24906.3,24918.2,24901.9,24912.9,1667,15,0
2026-04-13 07:30:00,2026-04-13 05:30:00,24913.2,24919.0,24906.9,24910.0,1515,15,0
2026-04-13 07:45:00,2026-04-13 05:45:00,24910.2,24937.3,24906.2,24923.2,1887,15,0
2026-04-13 08:00:00,2026-04-13 06:00:00,24923.2,24925.9,24907.5,24910.3,2086,15,0
2026-04-13 08:15:00,2026-04-13 06:15:00,24910.4,24932.4,24903.5,24921.9,1875,15,0
2026-04-13 08:30:00,2026-04-13 06:30:00,24922.2,24922.7,24910.3,24914.8,1970,15,0
2026-04-13 08:45:00,2026-04-13 06:45:00,24915.0,24927.7,24912.7,24921.9,1745,15,0
2026-04-13 09:00:00,2026-04-13 07:00:00,24922.4,24934.8,24920.8,24930.5,2356,13,0
2026-04-13 09:15:00,2026-04-13 07:15:00,24930.5,24961.9,24930.3,24951.3,2387,13,0
2026-04-13 09:30:00,2026-04-13 07:30:00,24951.5,24956.3,24940.0,24945.0,2059,13,0
2026-04-13 09:45:00,2026-04-13 07:45:00,24944.8,24958.0,24942.0,24957.8,1777,13,0
2026-04-13 10:00:00,2026-04-13 08:00:00,24957.5,24970.4,24951.5,24955.9,2468,13,0
2026-04-13 10:15:00,2026-04-13 08:15:00,24955.8,24963.3,24930.8,24952.5,2315,13,0
2026-04-13 10:30:00,2026-04-13 08:30:00,24952.5,24959.5,24942.8,24953.6,2131,13,0
2026-04-13 10:45:00,2026-04-13 08:45:00,24953.5,24954.6,24936.1,24944.0,1990,13,0
2026-04-13 11:00:00,2026-04-13 09:00:00,24944.0,24973.0,24943.5,24954.3,2722,13,0
2026-04-13 11:15:00,2026-04-13 09:15:00,24954.3,24964.8,24946.9,24960.8,2188,13,0
2026-04-13 11:30:00,2026-04-13 09:30:00,24960.6,24966.5,24932.3,24945.8,2401,13,0
2026-04-13 11:45:00,2026-04-13 09:45:00,24945.8,24953.3,24939.3,24940.5,2060,13,0
2026-04-13 12:00:00,2026-04-13 10:00:00,24940.5,24969.1,24940.5,24953.1,2325,13,0
2026-04-13 12:15:00,2026-04-13 10:15:00,24953.1,24971.8,24949.8,24965.3,1780,13,0
2026-04-13 12:30:00,2026-04-13 10:30:00,24965.3,24975.3,24958.3,24961.6,1713,13,0
2026-04-13 12:45:00,2026-04-13 10:45:00,24961.6,24964.6,24950.8,24958.8,1240,13,0
2026-04-13 13:00:00,2026-04-13 11:00:00,24958.8,24965.5,24955.5,24962.6,1528,13,0
2026-04-13 13:15:00,2026-04-13 11:15:00,24962.6,24962.6,24952.4,24961.6,1489,13,0
2026-04-13 13:30:00,2026-04-13 11:30:00,24961.6,24967.8,24955.0,24961.5,1540,13,0
2026-04-13 13:45:00,2026-04-13 11:45:00,24961.5,24999.4,24957.8,24999.4,1812,13,0
2026-04-13 14:00:00,2026-04-13 12:00:00,24999.4,25036.0,24998.6,25005.1,2341,13,0
2026-04-13 14:15:00,2026-04-13 12:15:00,25005.1,25006.0,24977.3,24980.9,2037,13,0
2026-04-13 14:30:00,2026-04-13 12:30:00,24980.8,24984.3,24946.8,24965.8,2544,13,0
2026-04-13 14:45:00,2026-04-13 12:45:00,24966.3,24971.5,24927.5,24932.3,2630,13,0
2026-04-13 15:00:00,2026-04-13 13:00:00,24932.3,24961.0,24916.8,24959.0,2700,13,0
2026-04-13 15:15:00,2026-04-13 13:15:00,24959.0,24970.6,24955.0,24967.0,2041,13,0
2026-04-13 15:30:00,2026-04-13 13:30:00,24967.0,24994.3,24963.5,24990.8,2434,13,0
2026-04-13 15:45:00,2026-04-13 13:45:00,24990.8,25021.9,24990.3,25010.8,2644,13,0
2026-04-13 16:00:00,2026-04-13 14:00:00,25010.8,25022.6,24999.6,25021.6,2628,13,0
2026-04-13 16:15:00,2026-04-13 14:15:00,25021.6,25059.0,25009.9,25057.8,2744,13,0
2026-04-13 16:30:00,2026-04-13 14:30:00,25058.3,25079.5,25017.4,25024.9,3910,10,0
2026-04-13 16:45:00,2026-04-13 14:45:00,25024.9,25151.8,25003.3,25151.8,4034,10,0
2026-04-13 17:00:00,2026-04-13 15:00:00,25150.4,25175.5,25119.0,25124.9,3887,10,0
2026-04-13 17:15:00,2026-04-13 15:15:00,25124.8,25141.9,25090.7,25137.4,3843,10,0
2026-04-13 17:30:00,2026-04-13 15:30:00,25138.7,25161.4,25121.2,25159.3,3635,10,0
2026-04-13 17:45:00,2026-04-13 15:45:00,25159.0,25200.8,25136.0,25195.0,3520,10,0
2026-04-13 18:00:00,2026-04-13 16:00:00,25194.5,25195.0,25149.0,25173.8,3671,10,0
2026-04-13 18:15:00,2026-04-13 16:15:00,25173.8,25182.8,25153.7,25154.7,3470,10,0
2026-04-13 18:30:00,2026-04-13 16:30:00,25154.8,25196.9,25141.9,25162.5,3529,10,0
2026-04-13 18:45:00,2026-04-13 16:45:00,25163.0,25170.2,25141.2,25152.0,3122,10,0
2026-04-13 19:00:00,2026-04-13 17:00:00,25152.4,25185.9,25125.7,25157.7,3446,10,0
2026-04-13 19:15:00,2026-04-13 17:15:00,25157.5,25238.4,25149.0,25227.7,3501,10,0
2026-04-13 19:30:00,2026-04-13 17:30:00,25227.5,25265.3,25188.0,25223.4,3741,10,0
2026-04-13 19:45:00,2026-04-13 17:45:00,25223.3,25277.0,25216.8,25253.5,3524,10,0
2026-04-13 20:00:00,2026-04-13 18:00:00,25253.5,25264.5,25239.9,25255.4,3125,10,0
2026-04-13 20:15:00,2026-04-13 18:15:00,25255.5,25281.9,25254.0,25272.5,2733,10,0
2026-04-13 20:30:00,2026-04-13 18:30:00,25272.5,25281.2,25259.3,25263.0,2731,10,0
2026-04-13 20:45:00,2026-04-13 18:45:00,25263.0,25263.2,25241.7,25246.8,2655,10,0
2026-04-13 21:00:00,2026-04-13 19:00:00,25246.8,25267.4,25246.8,25259.3,2531,10,0
2026-04-13 21:15:00,2026-04-13 19:15:00,25259.5,25260.5,25238.9,25242.2,2521,10,0
2026-04-13 21:30:00,2026-04-13 19:30:00,25242.0,25267.8,25240.0,25266.5,2367,10,0
2026-04-13 21:45:00,2026-04-13 19:45:00,25266.5,25297.0,25266.3,25288.3,2737,10,0
2026-04-13 22:00:00,2026-04-13 20:00:00,25288.0,25297.0,25274.0,25280.2,2488,10,0
2026-04-13 22:15:00,2026-04-13 20:15:00,25279.9,25303.5,25277.8,25301.5,2194,10,0
2026-04-13 22:30:00,2026-04-13 20:30:00,25301.5,25327.8,25294.2,25308.8,2624,10,0
2026-04-13 22:45:00,2026-04-13 20:45:00,25308.4,25393.0,25299.3,25382.0,3272,10,0
2026-04-13 23:00:00,2026-04-13 21:00:00,25380.0,25400.7,25376.3,25397.8,2319,15,0
2026-04-13 23:15:00,2026-04-13 21:15:00,25398.0,25404.7,25390.3,25394.3,1742,15,0
2026-04-13 23:30:00,2026-04-13 21:30:00,25394.3,25419.4,25392.5,25412.0,1499,15,0
2026-04-13 23:45:00,2026-04-13 21:45:00,25412.3,25426.2,25411.8,25425.0,1157,15,0
2026-04-14 01:00:00,2026-04-13 23:00:00,25421.2,25440.5,25410.7,25431.0,1339,15,0
2026-04-14 01:15:00,2026-04-13 23:15:00,25430.9,25435.7,25426.4,25426.9,749,15,0
2026-04-14 01:30:00,2026-04-13 23:30:00,25426.9,25441.8,25422.7,25432.0,816,15,0
2026-04-14 01:45:00,2026-04-13 23:45:00,25432.0,25442.3,25425.7,25439.4,1255,15,0
2026-04-14 02:00:00,2026-04-14 00:00:00,25439.4,25463.8,25433.2,25453.5,1730,15,0
2026-04-14 02:15:00,2026-04-14 00:15:00,25453.5,25458.4,25446.7,25446.8,1159,15,0
2026-04-14 02:30:00,2026-04-14 00:30:00,25446.7,25452.7,25440.7,25451.5,1187,15,0
2026-04-14 02:45:00,2026-04-14 00:45:00,25451.5,25458.7,25428.8,25430.9,1816,15,0
2026-04-14 03:00:00,2026-04-14 01:00:00,25430.9,25432.2,25406.2,25425.0,2504,15,0
2026-04-14 03:15:00,2026-04-14 01:15:00,25425.0,25433.9,25412.4,25420.3,2126,15,0
2026-04-14 03:30:00,2026-04-14 01:30:00,25420.5,25445.0,25419.9,25437.8,1948,15,0
2026-04-14 03:45:00,2026-04-14 01:45:00,25437.8,25440.0,25427.8,25436.7,1793,15,0
2026-04-14 04:00:00,2026-04-14 02:00:00,25436.7,25436.7,25417.3,25433.5,2062,15,0
2026-04-14 04:15:00,2026-04-14 02:15:00,25433.5,25438.5,25426.2,25429.8,1670,15,0
2026-04-14 04:30:00,2026-04-14 02:30:00,25429.8,25432.8,25418.7,25430.0,1979,15,0
2026-04-14 04:45:00,2026-04-14 02:45:00,25430.0,25433.7,25423.8,25427.0,1581,15,0
2026-04-14 05:00:00,2026-04-14 03:00:00,25427.0,25441.9,25421.3,25440.3,1494,15,0
2026-04-14 05:15:00,2026-04-14 03:15:00,25440.5,25442.7,25428.0,25436.3,1377,15,0
2026-04-14 05:30:00,2026-04-14 03:30:00,25436.2,25441.8,25428.2,25439.2,1194,15,0
2026-04-14 05:45:00,2026-04-14 03:45:00,25439.2,25442.2,25435.0,25441.4,1101,15,0
2026-04-14 06:00:00,2026-04-14 04:00:00,25441.4,25441.4,25426.8,25429.0,1222,15,0
2026-04-14 06:15:00,2026-04-14 04:15:00,25429.0,25431.3,25420.4,25423.8,1130,15,0
2026-04-14 06:30:00,2026-04-14 04:30:00,25423.8,25426.8,25420.7,25424.9,1179,15,0
2026-04-14 06:45:00,2026-04-14 04:45:00,25424.9,25431.3,25421.9,25428.7,1126,15,0
2026-04-14 07:00:00,2026-04-14 05:00:00,25428.7,25430.7,25426.3,25427.0,821,15,0
2026-04-14 07:15:00,2026-04-14 05:15:00,25427.0,25438.0,25426.5,25433.9,1135,15,0
2026-04-14 07:30:00,2026-04-14 05:30:00,25433.9,25436.2,25429.7,25431.4,1050,15,0
2026-04-14 07:45:00,2026-04-14 05:45:00,25431.4,25440.0,25431.3,25439.2,901,15,0
2026-04-14 08:00:00,2026-04-14 06:00:00,25439.2,25441.0,25435.3,25439.4,1065,15,0
2026-04-14 08:15:00,2026-04-14 06:15:00,25439.3,25443.7,25430.3,25438.9,1131,15,0
2026-04-14 08:30:00,2026-04-14 06:30:00,25438.9,25438.9,25417.7,25422.5,1554,15,0
2026-04-14 08:45:00,2026-04-14 06:45:00,25422.5,25427.9,25417.5,25419.4,1257,15,0
2026-04-14 09:00:00,2026-04-14 07:00:00,25419.5,25426.2,25412.5,25419.0,1836,13,0
2026-04-14 09:15:00,2026-04-14 07:15:00,25419.0,25422.3,25410.0,25419.6,1720,13,0
2026-04-14 09:30:00,2026-04-14 07:30:00,25419.1,25438.4,25415.5,25431.8,1647,13,0
2026-04-14 09:45:00,2026-04-14 07:45:00,25431.9,25434.6,25421.6,25430.9,1439,13,0
2026-04-14 10:00:00,2026-04-14 08:00:00,25430.9,25482.9,25427.5,25464.5,3150,13,0
2026-04-14 10:15:00,2026-04-14 08:15:00,25464.8,25477.0,25455.0,25467.5,2526,13,0
2026-04-14 10:30:00,2026-04-14 08:30:00,25467.5,25488.3,25461.6,25465.4,2313,13,0
2026-04-14 10:45:00,2026-04-14 08:45:00,25464.6,25472.4,25452.4,25464.1,2061,13,0
2026-04-14 11:00:00,2026-04-14 09:00:00,25463.1,25482.5,25455.9,25478.4,2347,13,0
2026-04-14 11:15:00,2026-04-14 09:15:00,25478.4,25490.1,25464.4,25489.9,2172,13,0
2026-04-14 11:30:00,2026-04-14 09:30:00,25489.9,25501.9,25480.5,25499.8,2127,13,0
2026-04-14 11:45:00,2026-04-14 09:45:00,25499.8,25509.6,25498.8,25507.6,1870,13,0
2026-04-14 12:00:00,2026-04-14 10:00:00,25508.1,25519.3,25508.1,25513.9,1882,13,0
2026-04-14 12:15:00,2026-04-14 10:15:00,25514.3,25518.4,25496.9,25497.1,1847,13,0
2026-04-14 12:30:00,2026-04-14 10:30:00,25497.1,25497.9,25485.5,25487.1,1795,13,0
2026-04-14 12:45:00,2026-04-14 10:45:00,25487.1,25487.5,25477.5,25483.0,1668,13,0
2026-04-14 13:00:00,2026-04-14 11:00:00,25483.0,25498.6,25472.4,25496.6,1841,13,0
2026-04-14 13:15:00,2026-04-14 11:15:00,25496.6,25500.9,25486.0,25493.4,1741,13,0
2026-04-14 13:30:00,2026-04-14 11:30:00,25493.4,25494.4,25468.5,25471.0,2166,13,0
2026-04-14 13:45:00,2026-04-14 11:45:00,25471.0,25485.0,25468.6,25471.1,1717,13,0
2026-04-14 14:00:00,2026-04-14 12:00:00,25471.1,25491.1,25465.9,25484.4,2056,13,0
2026-04-14 14:15:00,2026-04-14 12:15:00,25484.4,25505.0,25483.9,25501.8,1846,13,0
2026-04-14 14:30:00,2026-04-14 12:30:00,25501.9,25507.0,25496.0,25498.9,1802,13,0
2026-04-14 14:45:00,2026-04-14 12:45:00,25498.9,25538.5,25497.1,25511.8,2084,13,0
2026-04-14 15:00:00,2026-04-14 13:00:00,25511.8,25539.6,25511.8,25519.4,2460,13,0
2026-04-14 15:15:00,2026-04-14 13:15:00,25519.5,25539.1,25503.3,25539.1,2277,13,0
2026-04-14 15:30:00,2026-04-14 13:30:00,25539.4,25558.8,25512.1,25523.9,2796,13,0
2026-04-14 15:45:00,2026-04-14 13:45:00,25524.9,25526.5,25505.8,25521.6,2464,13,0
2026-04-14 16:00:00,2026-04-14 14:00:00,25521.5,25522.4,25511.3,25518.1,2472,13,0
2026-04-14 16:15:00,2026-04-14 14:15:00,25518.0,25527.8,25497.4,25500.9,2620,13,0
2026-04-14 16:30:00,2026-04-14 14:30:00,25501.6,25599.7,25501.6,25594.0,4038,10,0
2026-04-14 16:45:00,2026-04-14 14:45:00,25594.3,25609.2,25563.5,25566.9,3872,10,0
2026-04-14 17:00:00,2026-04-14 15:00:00,25567.5,25622.5,25558.2,25621.0,3794,10,0
2026-04-14 17:15:00,2026-04-14 15:15:00,25620.4,25651.5,25611.5,25648.9,3436,10,0
2026-04-14 17:30:00,2026-04-14 15:30:00,25649.2,25660.8,25626.3,25631.8,3280,10,0
2026-04-14 17:45:00,2026-04-14 15:45:00,25631.9,25663.7,25629.9,25651.9,3161,10,0
2026-04-14 18:00:00,2026-04-14 16:00:00,25651.8,25652.4,25608.4,25631.7,3304,10,0
2026-04-14 18:15:00,2026-04-14 16:15:00,25631.7,25691.2,25629.0,25678.7,3232,10,0
2026-04-14 18:30:00,2026-04-14 16:30:00,25679.5,25716.7,25678.4,25707.9,2880,10,0
2026-04-14 18:45:00,2026-04-14 16:45:00,25707.9,25745.0,25707.9,25721.7,2847,10,0
2026-04-14 19:00:00,2026-04-14 17:00:00,25721.7,25741.4,25719.2,25736.4,2602,10,0
2026-04-14 19:15:00,2026-04-14 17:15:00,25736.4,25776.9,25736.2,25773.2,2637,10,0
2026-04-14 19:30:00,2026-04-14 17:30:00,25773.2,25778.7,25753.9,25770.9,2596,10,0
2026-04-14 19:45:00,2026-04-14 17:45:00,25771.2,25783.4,25753.4,25759.9,2615,10,0
2026-04-14 20:00:00,2026-04-14 18:00:00,25759.9,25773.7,25757.5,25769.9,2463,10,0
2026-04-14 20:15:00,2026-04-14 18:15:00,25769.9,25805.4,25768.4,25788.4,2551,10,0
2026-04-14 20:30:00,2026-04-14 18:30:00,25788.4,25813.2,25787.2,25809.7,2407,10,0
2026-04-14 20:45:00,2026-04-14 18:45:00,25809.7,25814.4,25797.7,25803.9,2332,10,0
2026-04-14 21:00:00,2026-04-14 19:00:00,25804.2,25809.9,25781.2,25783.2,2570,10,0
2026-04-14 21:15:00,2026-04-14 19:15:00,25783.0,25785.4,25731.7,25755.7,3203,10,0
2026-04-14 21:30:00,2026-04-14 19:30:00,25754.7,25781.2,25751.2,25755.2,2778,10,0
2026-04-14 21:45:00,2026-04-14 19:45:00,25755.2,25765.4,25747.9,25763.7,2492,10,0
2026-04-14 22:00:00,2026-04-14 20:00:00,25763.4,25816.4,25760.9,25804.7,2687,10,0
2026-04-14 22:15:00,2026-04-14 20:15:00,25805.2,25835.5,25804.9,25833.9,2435,10,0
2026-04-14 22:30:00,2026-04-14 20:30:00,25833.8,25841.2,25806.4,25818.2,2903,10,0
2026-04-14 22:45:00,2026-04-14 20:45:00,25818.3,25846.9,25800.9,25845.7,3137,10,0
2026-04-14 23:00:00,2026-04-14 21:00:00,25846.4,25847.2,25817.9,25838.2,2228,15,0
2026-04-14 23:15:00,2026-04-14 21:15:00,25838.5,25844.5,25834.9,25838.9,1239,15,0
2026-04-14 23:30:00,2026-04-14 21:30:00,25838.9,25843.2,25827.4,25842.7,1076,15,0
2026-04-14 23:45:00,2026-04-14 21:45:00,25842.7,25844.9,25837.0,25837.3,1030,15,0
2026-04-15 01:00:00,2026-04-14 23:00:00,25828.8,25860.8,25825.3,25850.8,2084,15,0
2026-04-15 01:15:00,2026-04-14 23:15:00,25850.9,25860.5,25850.4,25851.8,1347,15,0
2026-04-15 01:30:00,2026-04-14 23:30:00,25851.8,25855.7,25842.0,25850.2,1180,15,0
2026-04-15 01:45:00,2026-04-14 23:45:00,25850.2,25851.8,25842.2,25844.4,914,15,0
2026-04-15 02:00:00,2026-04-15 00:00:00,25844.4,25858.8,25842.4,25853.2,945,15,0
2026-04-15 02:15:00,2026-04-15 00:15:00,25853.2,25863.0,25851.4,25860.5,893,15,0
2026-04-15 02:30:00,2026-04-15 00:30:00,25860.5,25877.8,25854.7,25871.3,1908,15,0
2026-04-15 02:45:00,2026-04-15 00:45:00,25871.3,25883.8,25864.7,25866.9,1842,15,0
2026-04-15 03:00:00,2026-04-15 01:00:00,25866.8,25870.2,25854.4,25864.4,2331,15,0
2026-04-15 03:15:00,2026-04-15 01:15:00,25864.2,25870.7,25858.9,25866.4,1873,15,0
2026-04-15 03:30:00,2026-04-15 01:30:00,25866.4,25869.8,25843.8,25848.2,1873,15,0
2026-04-15 03:45:00,2026-04-15 01:45:00,25848.2,25869.2,25846.4,25866.7,1754,15,0
2026-04-15 04:00:00,2026-04-15 02:00:00,25866.7,25884.5,25862.3,25882.4,1927,15,0
2026-04-15 04:15:00,2026-04-15 02:15:00,25882.4,25888.5,25877.5,25885.2,1737,15,0
2026-04-15 04:30:00,2026-04-15 02:30:00,25885.2,25886.4,25872.3,25882.5,1833,15,0
2026-04-15 04:45:00,2026-04-15 02:45:00,25882.7,25890.5,25881.9,25886.3,1568,15,0
2026-04-15 05:00:00,2026-04-15 03:00:00,25886.3,25886.7,25870.7,25872.2,1765,15,0
2026-04-15 05:15:00,2026-04-15 03:15:00,25872.2,25877.4,25859.9,25860.4,1691,15,0
2026-04-15 05:30:00,2026-04-15 03:30:00,25860.4,25861.7,25839.3,25847.0,1811,15,0
2026-04-15 05:45:00,2026-04-15 03:45:00,25847.0,25851.0,25841.0,25844.3,1445,15,0
2026-04-15 06:00:00,2026-04-15 04:00:00,25844.2,25851.8,25843.3,25846.5,1336,15,0
2026-04-15 06:15:00,2026-04-15 04:15:00,25846.5,25852.8,25844.0,25850.4,1208,15,0
2026-04-15 06:30:00,2026-04-15 04:30:00,25850.7,25863.7,25850.2,25860.5,1354,15,0
2026-04-15 06:45:00,2026-04-15 04:45:00,25860.5,25874.5,25856.9,25870.0,1338,15,0
2026-04-15 07:00:00,2026-04-15 05:00:00,25870.0,25873.7,25865.2,25868.9,1072,15,0
2026-04-15 07:15:00,2026-04-15 05:15:00,25868.9,25873.9,25868.4,25871.4,1022,15,0
2026-04-15 07:30:00,2026-04-15 05:30:00,25871.4,25873.7,25866.3,25867.0,857,15,0
2026-04-15 07:45:00,2026-04-15 05:45:00,25866.9,25868.7,25858.4,25861.7,1261,15,0
2026-04-15 08:00:00,2026-04-15 06:00:00,25861.7,25903.5,25847.3,25857.5,2763,15,0
2026-04-15 08:15:00,2026-04-15 06:15:00,25857.5,25858.7,25827.4,25834.9,2193,15,0
2026-04-15 08:30:00,2026-04-15 06:30:00,25835.0,25836.2,25815.4,25819.5,2143,15,0
2026-04-15 08:45:00,2026-04-15 06:45:00,25819.9,25828.9,25815.2,25827.0,1890,15,0
2026-04-15 09:00:00,2026-04-15 07:00:00,25827.0,25837.3,25818.8,25821.9,2008,13,0
2026-04-15 09:15:00,2026-04-15 07:15:00,25821.8,25832.0,25816.8,25830.9,1703,13,0
2026-04-15 09:30:00,2026-04-15 07:30:00,25830.9,25845.5,25830.8,25845.3,1776,13,0
2026-04-15 09:45:00,2026-04-15 07:45:00,25845.3,25846.0,25832.3,25836.5,1655,13,0
2026-04-15 10:00:00,2026-04-15 08:00:00,25836.3,25847.3,25829.8,25841.0,2180,13,0
2026-04-15 10:15:00,2026-04-15 08:15:00,25841.0,25842.1,25826.0,25835.4,2047,13,0
2026-04-15 10:30:00,2026-04-15 08:30:00,25835.5,25852.4,25834.3,25847.5,1733,13,0
2026-04-15 10:45:00,2026-04-15 08:45:00,25847.5,25857.0,25829.0,25852.8,1999,13,0
2026-04-15 11:00:00,2026-04-15 09:00:00,25852.8,25863.3,25849.6,25858.8,1970,13,0
2026-04-15 11:15:00,2026-04-15 09:15:00,25858.8,25872.8,25849.3,25871.9,1798,13,0
2026-04-15 11:30:00,2026-04-15 09:30:00,25871.4,25879.0,25867.9,25872.0,1858,13,0
2026-04-15 11:45:00,2026-04-15 09:45:00,25872.0,25886.3,25868.1,25879.9,1633,13,0
2026-04-15 12:00:00,2026-04-15 10:00:00,25879.9,25885.3,25836.5,25841.8,2652,13,0
2026-04-15 12:15:00,2026-04-15 10:15:00,25841.8,25850.3,25832.8,25838.0,2167,13,0
2026-04-15 12:30:00,2026-04-15 10:30:00,25838.0,25845.8,25827.3,25831.0,1915,13,0
2026-04-15 12:45:00,2026-04-15 10:45:00,25831.0,25838.3,25824.8,25826.5,1669,13,0
2026-04-15 13:00:00,2026-04-15 11:00:00,25826.5,25845.6,25822.1,25833.0,1993,13,0
2026-04-15 13:15:00,2026-04-15 11:15:00,25832.9,25832.9,25789.5,25797.5,2750,13,0
2026-04-15 13:30:00,2026-04-15 11:30:00,25797.4,25828.0,25784.3,25827.1,2540,13,0
2026-04-15 13:45:00,2026-04-15 11:45:00,25827.3,25836.0,25820.8,25833.3,2166,13,0
2026-04-15 14:00:00,2026-04-15 12:00:00,25833.3,25847.6,25827.3,25844.8,2183,13,0
2026-04-15 14:15:00,2026-04-15 12:15:00,25844.9,25846.4,25822.4,25828.5,2124,13,0
2026-04-15 14:30:00,2026-04-15 12:30:00,25828.4,25851.1,25826.5,25837.3,2096,13,0
2026-04-15 14:45:00,2026-04-15 12:45:00,25837.3,25889.4,25829.1,25846.1,2807,13,0
2026-04-15 15:00:00,2026-04-15 13:00:00,25846.1,25854.4,25812.8,25814.3,2824,13,0
2026-04-15 15:15:00,2026-04-15 13:15:00,25814.3,25829.3,25809.3,25823.5,2204,13,0
2026-04-15 15:30:00,2026-04-15 13:30:00,25823.5,25855.8,25818.3,25850.8,2316,13,0
2026-04-15 15:45:00,2026-04-15 13:45:00,25850.6,25854.4,25837.1,25837.8,2292,13,0
2026-04-15 16:00:00,2026-04-15 14:00:00,25837.8,25848.9,25828.4,25846.0,2478,13,0
2026-04-15 16:15:00,2026-04-15 14:15:00,25846.0,25874.0,25839.6,25870.9,2721,13,0
2026-04-15 16:30:00,2026-04-15 14:30:00,25872.0,25907.8,25833.5,25839.5,4042,10,0
2026-04-15 16:45:00,2026-04-15 14:45:00,25839.0,25917.7,25839.0,25917.7,3892,10,0
2026-04-15 17:00:00,2026-04-15 15:00:00,25919.2,25941.0,25897.3,25939.3,3828,10,0
2026-04-15 17:15:00,2026-04-15 15:15:00,25938.9,25981.3,25920.3,25981.3,3655,10,0
2026-04-15 17:30:00,2026-04-15 15:30:00,25981.0,26001.0,25955.4,25993.3,3536,10,0
2026-04-15 17:45:00,2026-04-15 15:45:00,25993.3,26024.5,25986.0,26012.3,3340,10,0
2026-04-15 18:00:00,2026-04-15 16:00:00,26012.0,26035.8,25988.0,26034.0,3550,10,0
2026-04-15 18:15:00,2026-04-15 16:15:00,26034.0,26049.8,26027.3,26040.2,3189,10,0
2026-04-15 18:30:00,2026-04-15 16:30:00,26040.4,26057.5,26015.8,26051.2,3355,10,0
2026-04-15 18:45:00,2026-04-15 16:45:00,26050.8,26063.8,26035.3,26045.8,3146,10,0
2026-04-15 19:00:00,2026-04-15 17:00:00,26045.5,26071.3,26036.8,26066.3,2989,10,0
2026-04-15 19:15:00,2026-04-15 17:15:00,26066.2,26099.9,26060.9,26064.5,2925,10,0
2026-04-15 19:30:00,2026-04-15 17:30:00,26064.5,26068.5,25992.9,25994.4,3476,10,0
2026-04-15 19:45:00,2026-04-15 17:45:00,25994.8,26014.3,25952.0,25992.8,3721,10,0
2026-04-15 20:00:00,2026-04-15 18:00:00,25992.9,26029.5,25985.4,26019.5,3322,10,0
2026-04-15 20:15:00,2026-04-15 18:15:00,26019.5,26047.8,26014.0,26036.3,2999,10,0
2026-04-15 20:30:00,2026-04-15 18:30:00,26035.5,26068.0,26026.3,26032.0,2865,10,0
2026-04-15 20:45:00,2026-04-15 18:45:00,26031.9,26062.5,26031.9,26038.9,2844,10,0
2026-04-15 21:00:00,2026-04-15 19:00:00,26038.8,26098.0,26022.4,26090.9,3405,10,0
2026-04-15 21:15:00,2026-04-15 19:15:00,26090.5,26105.3,26078.8,26096.0,2728,10,0
2026-04-15 21:30:00,2026-04-15 19:30:00,26096.0,26135.8,26096.0,26120.3,2737,10,0
2026-04-15 21:45:00,2026-04-15 19:45:00,26120.4,26163.5,26119.9,26151.5,2586,10,0
2026-04-15 22:00:00,2026-04-15 20:00:00,26151.8,26175.0,26141.0,26153.2,2854,10,0
2026-04-15 22:15:00,2026-04-15 20:15:00,26153.3,26186.0,26152.5,26185.3,2645,10,0
2026-04-15 22:30:00,2026-04-15 20:30:00,26185.0,26207.4,26178.8,26185.0,2876,10,0
2026-04-15 22:45:00,2026-04-15 20:45:00,26185.3,26225.3,26178.0,26211.0,3343,10,0
2026-04-15 23:00:00,2026-04-15 21:00:00,26211.8,26219.3,26182.0,26189.0,2310,15,0
2026-04-15 23:15:00,2026-04-15 21:15:00,26189.0,26203.4,26189.0,26199.0,1337,15,0
2026-04-15 23:30:00,2026-04-15 21:30:00,26199.0,26207.8,26192.5,26198.2,1134,15,0
2026-04-15 23:45:00,2026-04-15 21:45:00,26197.9,26209.0,26191.5,26204.5,1176,15,0
2026-04-16 01:00:00,2026-04-15 23:00:00,26201.2,26221.8,26196.7,26218.1,1615,15,0
2026-04-16 01:15:00,2026-04-15 23:15:00,26218.1,26227.3,26216.1,26221.8,1175,15,0
2026-04-16 01:30:00,2026-04-15 23:30:00,26221.9,26240.9,26221.9,26232.6,1371,15,0
2026-04-16 01:45:00,2026-04-15 23:45:00,26232.6,26243.8,26232.6,26240.4,996,15,0
2026-04-16 02:00:00,2026-04-16 00:00:00,26241.1,26249.1,26238.1,26246.8,1067,15,0
2026-04-16 02:15:00,2026-04-16 00:15:00,26246.8,26249.8,26235.2,26240.8,837,15,0
2026-04-16 02:30:00,2026-04-16 00:30:00,26240.9,26250.1,26237.4,26248.9,885,15,0
2026-04-16 02:45:00,2026-04-16 00:45:00,26248.9,26266.1,26246.9,26258.1,1393,15,0
2026-04-16 03:00:00,2026-04-16 01:00:00,26258.1,26267.4,26241.9,26262.3,2243,15,0
2026-04-16 03:15:00,2026-04-16 01:15:00,26262.3,26275.4,26254.6,26256.1,2153,15,0
2026-04-16 03:30:00,2026-04-16 01:30:00,26256.1,26275.1,26256.1,26273.4,1752,15,0
2026-04-16 03:45:00,2026-04-16 01:45:00,26273.4,26295.4,26270.7,26288.9,1814,15,0
2026-04-16 04:00:00,2026-04-16 02:00:00,26288.9,26292.2,26277.4,26288.7,1963,15,0
2026-04-16 04:15:00,2026-04-16 02:15:00,26288.7,26300.7,26285.8,26291.6,1685,15,0
2026-04-16 04:30:00,2026-04-16 02:30:00,26290.9,26316.2,26281.8,26304.9,1967,15,0
2026-04-16 04:45:00,2026-04-16 02:45:00,26304.6,26308.3,26291.2,26292.3,1689,15,0
2026-04-16 05:00:00,2026-04-16 03:00:00,26292.3,26304.6,26291.8,26296.1,1758,15,0
2026-04-16 05:15:00,2026-04-16 03:15:00,26296.3,26300.4,26291.6,26299.4,1572,15,0
2026-04-16 05:30:00,2026-04-16 03:30:00,26299.4,26310.2,26295.1,26305.3,1640,15,0
2026-04-16 05:45:00,2026-04-16 03:45:00,26305.4,26307.7,26290.7,26293.6,1440,15,0
2026-04-16 06:00:00,2026-04-16 04:00:00,26293.4,26311.6,26293.2,26302.6,1514,15,0
2026-04-16 06:15:00,2026-04-16 04:15:00,26302.6,26305.1,26295.1,26297.6,1208,15,0
2026-04-16 06:30:00,2026-04-16 04:30:00,26297.7,26301.6,26290.3,26297.7,1583,15,0
2026-04-16 06:45:00,2026-04-16 04:45:00,26297.8,26303.9,26293.9,26294.6,1179,15,0
2026-04-16 07:00:00,2026-04-16 05:00:00,26294.6,26294.7,26285.4,26290.2,1473,15,0
2026-04-16 07:15:00,2026-04-16 05:15:00,26290.2,26295.7,26282.8,26285.6,1289,15,0
2026-04-16 07:30:00,2026-04-16 05:30:00,26285.6,26286.7,26280.2,26285.2,1121,15,0
2026-04-16 07:45:00,2026-04-16 05:45:00,26285.2,26290.1,26283.8,26285.6,1118,15,0
2026-04-16 08:00:00,2026-04-16 06:00:00,26285.7,26286.8,26267.9,26271.2,1522,15,0
2026-04-16 08:15:00,2026-04-16 06:15:00,26271.2,26296.4,26269.2,26293.8,1493,15,0
2026-04-16 08:30:00,2026-04-16 06:30:00,26293.9,26308.1,26293.7,26299.3,1855,15,0
2026-04-16 08:45:00,2026-04-16 06:45:00,26299.3,26312.2,26298.6,26306.2,1554,15,0
2026-04-16 09:00:00,2026-04-16 07:00:00,26306.2,26335.2,26306.2,26333.4,2122,13,0
2026-04-16 09:15:00,2026-04-16 07:15:00,26333.4,26335.8,26315.8,26328.0,1879,13,0
2026-04-16 09:30:00,2026-04-16 07:30:00,26327.8,26334.9,26316.5,26328.7,1695,13,0
2026-04-16 09:45:00,2026-04-16 07:45:00,26328.7,26336.5,26326.9,26331.4,1351,13,0
2026-04-16 10:00:00,2026-04-16 08:00:00,26331.3,26332.8,26307.7,26311.3,2242,13,0
2026-04-16 10:15:00,2026-04-16 08:15:00,26311.3,26332.3,26310.7,26328.0,1742,13,0
2026-04-16 10:30:00,2026-04-16 08:30:00,26328.2,26337.2,26320.7,26332.9,1663,13,0
2026-04-16 10:45:00,2026-04-16 08:45:00,26332.9,26334.4,26303.4,26310.4,1856,13,0
2026-04-16 11:00:00,2026-04-16 09:00:00,26310.4,26315.8,26275.8,26279.5,2523,13,0
2026-04-16 11:15:00,2026-04-16 09:15:00,26279.7,26291.9,26275.9,26279.8,2200,13,0
2026-04-16 11:30:00,2026-04-16 09:30:00,26279.7,26284.9,26263.3,26282.2,2098,13,0
2026-04-16 11:45:00,2026-04-16 09:45:00,26282.2,26295.5,26278.7,26291.4,1625,13,0
2026-04-16 12:00:00,2026-04-16 10:00:00,26291.4,26308.9,26289.7,26304.4,1631,13,0
2026-04-16 12:15:00,2026-04-16 10:15:00,26304.4,26307.2,26296.4,26298.9,1611,13,0
2026-04-16 12:30:00,2026-04-16 10:30:00,26298.9,26305.9,26296.5,26297.2,1470,13,0
2026-04-16 12:45:00,2026-04-16 10:45:00,26297.2,26304.8,26284.7,26304.4,1501,13,0
2026-04-16 13:00:00,2026-04-16 11:00:00,26304.4,26316.3,26300.4,26303.4,1688,13,0
2026-04-16 13:15:00,2026-04-16 11:15:00,26303.4,26304.7,26282.5,26284.2,1632,13,0
2026-04-16 13:30:00,2026-04-16 11:30:00,26284.2,26284.3,26231.9,26236.4,2482,13,0
2026-04-16 13:45:00,2026-04-16 11:45:00,26236.4,26259.8,26215.9,26257.3,2394,13,0
2026-04-16 14:00:00,2026-04-16 12:00:00,26257.4,26273.0,26257.3,26262.2,2215,13,0
2026-04-16 14:15:00,2026-04-16 12:15:00,26262.3,26268.3,26234.4,26247.9,1936,13,0
2026-04-16 14:30:00,2026-04-16 12:30:00,26247.8,26271.9,26247.8,26258.2,2032,13,0
2026-04-16 14:45:00,2026-04-16 12:45:00,26258.4,26276.3,26253.9,26269.7,2015,13,0
2026-04-16 15:00:00,2026-04-16 13:00:00,26269.9,26281.4,26253.2,26262.7,2097,13,0
2026-04-16 15:15:00,2026-04-16 13:15:00,26262.7,26277.7,26258.8,26277.5,1855,13,0
2026-04-16 15:30:00,2026-04-16 13:30:00,26277.5,26283.0,26257.4,26265.9,2239,13,0
2026-04-16 15:45:00,2026-04-16 13:45:00,26265.7,26265.7,26245.0,26253.0,2183,13,0
2026-04-16 16:00:00,2026-04-16 14:00:00,26252.9,26278.9,26252.3,26264.4,2400,13,0
2026-04-16 16:15:00,2026-04-16 14:15:00,26264.4,26296.0,26249.3,26291.2,2752,13,0
2026-04-16 16:30:00,2026-04-16 14:30:00,26290.2,26303.0,26197.3,26244.8,4089,10,0
2026-04-16 16:45:00,2026-04-16 14:45:00,26244.2,26245.1,26127.7,26173.1,4019,10,0
2026-04-16 17:00:00,2026-04-16 15:00:00,26172.8,26234.9,26142.6,26209.4,3971,10,0
2026-04-16 17:15:00,2026-04-16 15:15:00,26209.2,26219.2,26162.9,26203.6,3961,10,0
2026-04-16 17:30:00,2026-04-16 15:30:00,26203.6,26243.4,26200.9,26241.4,3870,10,0
2026-04-16 17:45:00,2026-04-16 15:45:00,26240.9,26272.6,26236.7,26256.1,3611,10,0
2026-04-16 18:00:00,2026-04-16 16:00:00,26255.9,26337.4,26255.3,26320.4,3438,10,0
2026-04-16 18:15:00,2026-04-16 16:15:00,26320.2,26354.9,26311.4,26311.4,3368,10,0
2026-04-16 18:30:00,2026-04-16 16:30:00,26309.7,26391.3,26305.9,26349.7,3693,10,0
2026-04-16 18:45:00,2026-04-16 16:45:00,26349.9,26388.9,26324.1,26384.4,3436,10,0
2026-04-16 19:00:00,2026-04-16 17:00:00,26384.7,26404.2,26377.9,26402.7,3074,10,0
2026-04-16 19:15:00,2026-04-16 17:15:00,26402.9,26413.9,26366.6,26368.9,2929,10,0
2026-04-16 19:30:00,2026-04-16 17:30:00,26369.1,26373.7,26283.1,26348.4,3628,10,0
2026-04-16 19:45:00,2026-04-16 17:45:00,26348.4,26370.7,26321.7,26324.2,3323,10,0
2026-04-16 20:00:00,2026-04-16 18:00:00,26324.9,26332.7,26294.4,26295.1,3503,10,0
2026-04-16 20:15:00,2026-04-16 18:15:00,26294.7,26339.7,26283.7,26327.7,3437,10,0
2026-04-16 20:30:00,2026-04-16 18:30:00,26327.7,26357.4,26315.3,26353.6,3084,10,0
2026-04-16 20:45:00,2026-04-16 18:45:00,26353.7,26360.7,26288.2,26311.8,3056,10,0
2026-04-16 21:00:00,2026-04-16 19:00:00,26311.9,26334.4,26244.2,26270.2,3742,10,0
2026-04-16 21:15:00,2026-04-16 19:15:00,26270.2,26278.7,26207.1,26224.2,3492,10,0
2026-04-16 21:30:00,2026-04-16 19:30:00,26224.7,26294.7,26223.6,26287.4,3145,10,0
2026-04-16 21:45:00,2026-04-16 19:45:00,26287.4,26303.3,26270.4,26289.4,2945,10,0
2026-04-16 22:00:00,2026-04-16 20:00:00,26288.9,26317.2,26286.1,26295.2,3091,10,0
2026-04-16 22:15:00,2026-04-16 20:15:00,26295.2,26311.2,26293.7,26296.4,2807,10,0
2026-04-16 22:30:00,2026-04-16 20:30:00,26296.4,26331.9,26291.6,26319.9,2914,10,0
2026-04-16 22:45:00,2026-04-16 20:45:00,26320.2,26349.7,26311.8,26335.6,3270,10,0
2026-04-16 23:00:00,2026-04-16 21:00:00,26337.1,26341.6,26292.1,26307.7,2885,15,0
2026-04-16 23:15:00,2026-04-16 21:15:00,26307.7,26312.2,26303.3,26309.2,1470,15,0
2026-04-16 23:30:00,2026-04-16 21:30:00,26309.2,26319.7,26305.9,26315.8,1262,15,0
2026-04-16 23:45:00,2026-04-16 21:45:00,26315.6,26321.7,26311.6,26319.1,1037,15,0
2026-04-17 01:00:00,2026-04-16 23:00:00,26304.4,26337.2,26301.3,26330.3,1574,15,0
2026-04-17 01:15:00,2026-04-16 23:15:00,26330.3,26338.5,26325.5,26336.7,1207,15,0
2026-04-17 01:30:00,2026-04-16 23:30:00,26336.5,26340.4,26334.0,26338.2,989,15,0
2026-04-17 01:45:00,2026-04-16 23:45:00,26338.2,26338.4,26327.3,26328.2,896,15,0
2026-04-17 02:00:00,2026-04-17 00:00:00,26328.2,26338.0,26324.8,26326.8,1034,15,0
2026-04-17 02:15:00,2026-04-17 00:15:00,26326.8,26341.8,26325.7,26331.4,945,15,0
2026-04-17 02:30:00,2026-04-17 00:30:00,26331.4,26342.0,26326.3,26335.4,1065,15,0
2026-04-17 02:45:00,2026-04-17 00:45:00,26335.4,26336.8,26327.4,26333.9,1201,15,0
2026-04-17 03:00:00,2026-04-17 01:00:00,26333.9,26336.5,26312.9,26315.4,2403,15,0
2026-04-17 03:15:00,2026-04-17 01:15:00,26315.3,26348.3,26310.5,26344.3,2192,15,0
2026-04-17 03:30:00,2026-04-17 01:30:00,26344.4,26349.9,26338.4,26340.7,1690,15,0
2026-04-17 03:45:00,2026-04-17 01:45:00,26340.4,26347.7,26338.5,26340.9,1379,15,0
2026-04-17 04:00:00,2026-04-17 02:00:00,26340.9,26350.9,26336.7,26346.4,1774,15,0
2026-04-17 04:15:00,2026-04-17 02:15:00,26346.4,26351.3,26335.2,26337.7,1736,15,0
2026-04-17 04:30:00,2026-04-17 02:30:00,26337.7,26348.7,26337.5,26345.5,1532,15,0
2026-04-17 04:45:00,2026-04-17 02:45:00,26345.4,26350.9,26341.2,26342.9,1402,15,0
2026-04-17 05:00:00,2026-04-17 03:00:00,26342.9,26348.5,26324.0,26332.7,1524,15,0
2026-04-17 05:15:00,2026-04-17 03:15:00,26332.7,26335.3,26309.7,26321.2,1603,15,0
2026-04-17 05:30:00,2026-04-17 03:30:00,26321.0,26330.2,26320.2,26322.4,1300,15,0
2026-04-17 05:45:00,2026-04-17 03:45:00,26322.4,26325.7,26316.4,26318.9,1077,15,0
2026-04-17 06:00:00,2026-04-17 04:00:00,26318.8,26322.4,26306.4,26309.7,1245,15,0
2026-04-17 06:15:00,2026-04-17 04:15:00,26309.7,26315.8,26305.7,26310.9,1223,15,0
2026-04-17 06:30:00,2026-04-17 04:30:00,26311.0,26313.2,26303.9,26308.9,1345,15,0
2026-04-17 06:45:00,2026-04-17 04:45:00,26308.9,26316.0,26308.4,26312.8,1094,15,0
2026-04-17 07:00:00,2026-04-17 05:00:00,26312.7,26325.9,26309.5,26325.9,1135,15,0
2026-04-17 07:15:00,2026-04-17 05:15:00,26325.9,26335.4,26325.4,26329.9,972,15,0
2026-04-17 07:30:00,2026-04-17 05:30:00,26329.9,26332.9,26321.7,26323.3,957,15,0
2026-04-17 07:45:00,2026-04-17 05:45:00,26323.2,26329.3,26315.9,26316.9,987,15,0
2026-04-17 08:00:00,2026-04-17 06:00:00,26316.9,26318.7,26297.4,26310.7,1584,15,0
2026-04-17 08:15:00,2026-04-17 06:15:00,26311.3,26312.7,26303.0,26309.9,1220,15,0
2026-04-17 08:30:00,2026-04-17 06:30:00,26310.4,26321.4,26297.4,26318.3,1548,15,0
2026-04-17 08:45:00,2026-04-17 06:45:00,26318.4,26324.0,26317.3,26319.5,1190,15,0
2026-04-17 09:00:00,2026-04-17 07:00:00,26319.5,26333.8,26314.9,26327.5,1798,13,0
2026-04-17 09:15:00,2026-04-17 07:15:00,26327.5,26332.3,26313.1,26313.5,1627,13,0
2026-04-17 09:30:00,2026-04-17 07:30:00,26313.3,26313.3,26301.1,26310.3,1813,13,0
2026-04-17 09:45:00,2026-04-17 07:45:00,26310.3,26319.3,26307.8,26310.5,1449,13,0
2026-04-17 10:00:00,2026-04-17 08:00:00,26310.6,26340.4,26310.6,26334.0,2088,13,0
2026-04-17 10:15:00,2026-04-17 08:15:00,26333.9,26336.0,26318.0,26324.5,1872,13,0
2026-04-17 10:30:00,2026-04-17 08:30:00,26324.5,26337.5,26322.5,26336.8,1719,13,0
2026-04-17 10:45:00,2026-04-17 08:45:00,26336.5,26345.5,26327.0,26343.4,1705,13,0
2026-04-17 11:00:00,2026-04-17 09:00:00,26343.4,26349.1,26331.0,26338.4,1823,13,0
2026-04-17 11:15:00,2026-04-17 09:15:00,26338.4,26354.3,26334.1,26351.6,1806,13,0
2026-04-17 11:30:00,2026-04-17 09:30:00,26351.8,26368.8,26345.4,26366.9,1804,13,0
2026-04-17 11:45:00,2026-04-17 09:45:00,26366.9,26374.0,26360.8,26372.8,1623,13,0
2026-04-17 12:00:00,2026-04-17 10:00:00,26372.8,26381.3,26368.0,26372.4,1536,13,0
2026-04-17 12:15:00,2026-04-17 10:15:00,26372.4,26381.5,26360.8,26381.3,1621,13,0
2026-04-17 12:30:00,2026-04-17 10:30:00,26381.3,26382.4,26362.9,26373.9,1814,13,0
2026-04-17 12:45:00,2026-04-17 10:45:00,26374.1,26394.8,26367.5,26390.8,1854,13,0
2026-04-17 13:00:00,2026-04-17 11:00:00,26390.9,26399.6,26386.4,26397.9,1654,13,0
2026-04-17 13:15:00,2026-04-17 11:15:00,26397.9,26397.9,26375.0,26377.8,1700,13,0
2026-04-17 13:30:00,2026-04-17 11:30:00,26377.8,26379.3,26359.6,26364.8,1789,13,0
2026-04-17 13:45:00,2026-04-17 11:45:00,26364.8,26384.9,26362.1,26380.1,1536,13,0
2026-04-17 14:00:00,2026-04-17 12:00:00,26380.3,26390.8,26376.8,26385.4,1783,13,0
2026-04-17 14:15:00,2026-04-17 12:15:00,26384.8,26401.4,26384.4,26397.3,1622,13,0
2026-04-17 14:30:00,2026-04-17 12:30:00,26397.5,26408.0,26394.8,26407.0,1813,13,0
2026-04-17 14:45:00,2026-04-17 12:45:00,26407.0,26422.3,26404.3,26419.9,1828,13,0
2026-04-17 15:00:00,2026-04-17 13:00:00,26419.9,26448.9,26415.1,26444.8,2236,13,0
2026-04-17 15:15:00,2026-04-17 13:15:00,26444.8,26478.8,26424.4,26473.6,2579,13,0
2026-04-17 15:30:00,2026-04-17 13:30:00,26473.9,26499.0,26460.4,26461.9,2862,13,0
2026-04-17 15:45:00,2026-04-17 13:45:00,26461.9,26599.8,26457.1,26595.8,3863,13,0
2026-04-17 16:00:00,2026-04-17 14:00:00,26595.8,26663.0,26553.4,26659.4,3808,13,0
2026-04-17 16:15:00,2026-04-17 14:15:00,26659.1,26661.0,26538.6,26545.4,3707,13,0
2026-04-17 16:30:00,2026-04-17 14:30:00,26546.0,26573.9,26483.9,26558.7,4197,10,0
2026-04-17 16:45:00,2026-04-17 14:45:00,26561.5,26592.7,26488.0,26585.2,4025,10,0
2026-04-17 17:00:00,2026-04-17 15:00:00,26585.2,26629.8,26579.9,26621.9,3816,10,0
2026-04-17 17:15:00,2026-04-17 15:15:00,26624.9,26624.9,26574.3,26592.8,3891,10,0
2026-04-17 17:30:00,2026-04-17 15:30:00,26593.0,26691.5,26593.0,26685.5,3828,10,0
2026-04-17 17:45:00,2026-04-17 15:45:00,26686.0,26709.5,26656.5,26681.3,3640,10,0
2026-04-17 18:00:00,2026-04-17 16:00:00,26681.5,26709.5,26667.4,26674.7,3843,10,0
2026-04-17 18:15:00,2026-04-17 16:15:00,26675.5,26703.8,26662.5,26695.5,3673,10,0
2026-04-17 18:30:00,2026-04-17 16:30:00,26696.7,26731.0,26670.8,26671.2,3543,10,0
2026-04-17 18:45:00,2026-04-17 16:45:00,26671.5,26705.9,26653.4,26659.4,3633,10,0
2026-04-17 19:00:00,2026-04-17 17:00:00,26659.0,26716.3,26646.4,26701.9,3421,10,0
2026-04-17 19:15:00,2026-04-17 17:15:00,26701.4,26712.4,26678.2,26710.2,3189,10,0
2026-04-17 19:30:00,2026-04-17 17:30:00,26710.4,26735.5,26710.4,26726.2,2924,10,0
2026-04-17 19:45:00,2026-04-17 17:45:00,26726.0,26736.2,26708.0,26713.4,2880,10,0
2026-04-17 20:00:00,2026-04-17 18:00:00,26713.5,26731.0,26668.8,26694.3,3314,10,0
2026-04-17 20:15:00,2026-04-17 18:15:00,26694.4,26701.2,26590.8,26626.2,3738,10,0
2026-04-17 20:30:00,2026-04-17 18:30:00,26625.9,26658.3,26614.8,26648.0,3671,10,0
2026-04-17 20:45:00,2026-04-17 18:45:00,26648.3,26682.8,26643.8,26662.3,3182,10,0
2026-04-17 21:00:00,2026-04-17 19:00:00,26662.3,26675.5,26615.0,26622.3,3499,10,0
2026-04-17 21:15:00,2026-04-17 19:15:00,26622.3,26665.3,26609.9,26639.5,3603,10,0
2026-04-17 21:30:00,2026-04-17 19:30:00,26638.9,26668.0,26638.9,26661.5,3191,10,0
2026-04-17 21:45:00,2026-04-17 19:45:00,26661.0,26667.9,26624.0,26639.0,3209,10,0
2026-04-17 22:00:00,2026-04-17 20:00:00,26639.0,26650.2,26612.3,26620.8,3144,10,0
2026-04-17 22:15:00,2026-04-17 20:15:00,26620.4,26649.0,26618.4,26632.8,3052,10,0
2026-04-17 22:30:00,2026-04-17 20:30:00,26632.8,26682.0,26632.8,26678.0,3083,10,0
2026-04-17 22:45:00,2026-04-17 20:45:00,26678.0,26684.8,26646.4,26682.0,3315,10,0
2026-04-17 23:00:00,2026-04-17 21:00:00,26681.5,26696.0,26676.4,26694.2,2186,15,0
2026-04-17 23:15:00,2026-04-17 21:15:00,26694.2,26698.5,26670.0,26674.0,1650,15,0
2026-04-17 23:30:00,2026-04-17 21:30:00,26673.9,26696.4,26672.7,26685.8,1240,15,0
2026-04-17 23:45:00,2026-04-17 21:45:00,26685.8,26698.8,26682.8,26696.5,884,15,0
2026-04-20 01:00:00,2026-04-19 23:00:00,26445.5,26519.0,26398.8,26477.9,3338,15,0
2026-04-20 01:15:00,2026-04-19 23:15:00,26478.0,26502.9,26471.5,26486.5,2600,15,0
2026-04-20 01:30:00,2026-04-19 23:30:00,26486.5,26519.9,26482.6,26516.0,2190,15,0
2026-04-20 01:45:00,2026-04-19 23:45:00,26516.0,26536.4,26498.5,26528.0,2162,15,0
2026-04-20 02:00:00,2026-04-20 00:00:00,26528.0,26544.1,26512.9,26520.0,2158,15,0
2026-04-20 02:15:00,2026-04-20 00:15:00,26520.1,26528.0,26510.0,26522.4,1833,15,0
2026-04-20 02:30:00,2026-04-20 00:30:00,26522.1,26525.9,26511.0,26519.4,1806,15,0
2026-04-20 02:45:00,2026-04-20 00:45:00,26519.4,26527.0,26499.8,26521.4,2334,15,0
2026-04-20 03:00:00,2026-04-20 01:00:00,26521.5,26524.0,26479.5,26482.5,3193,15,0
2026-04-20 03:15:00,2026-04-20 01:15:00,26482.6,26517.0,26481.0,26515.3,2882,15,0
2026-04-20 03:30:00,2026-04-20 01:30:00,26515.6,26525.6,26503.1,26511.8,2504,15,0
2026-04-20 03:45:00,2026-04-20 01:45:00,26511.8,26527.8,26510.0,26520.0,2086,15,0
2026-04-20 04:00:00,2026-04-20 02:00:00,26519.4,26562.6,26516.6,26559.8,2713,15,0
2026-04-20 04:15:00,2026-04-20 02:15:00,26559.8,26560.8,26544.0,26551.8,2245,15,0
2026-04-20 04:30:00,2026-04-20 02:30:00,26551.8,26573.0,26550.9,26567.1,2161,15,0
2026-04-20 04:45:00,2026-04-20 02:45:00,26567.1,26577.5,26565.3,26568.5,1767,15,0
2026-04-20 05:00:00,2026-04-20 03:00:00,26568.3,26569.0,26551.1,26555.3,1894,15,0
2026-04-20 05:15:00,2026-04-20 03:15:00,26555.0,26566.0,26553.6,26560.1,1584,15,0
2026-04-20 05:30:00,2026-04-20 03:30:00,26559.8,26561.8,26551.6,26555.6,1474,15,0
2026-04-20 05:45:00,2026-04-20 03:45:00,26555.8,26558.8,26548.0,26556.9,1420,15,0
2026-04-20 06:00:00,2026-04-20 04:00:00,26556.9,26564.0,26549.3,26551.9,1393,15,0
2026-04-20 06:15:00,2026-04-20 04:15:00,26552.0,26559.3,26545.0,26554.8,1407,15,0
2026-04-20 06:30:00,2026-04-20 04:30:00,26554.8,26564.1,26551.0,26551.5,1427,15,0
2026-04-20 06:45:00,2026-04-20 04:45:00,26551.5,26551.5,26540.3,26542.3,1387,15,0
2026-04-20 07:00:00,2026-04-20 05:00:00,26542.3,26544.6,26532.8,26538.5,1474,15,0
2026-04-20 07:15:00,2026-04-20 05:15:00,26538.5,26540.3,26528.6,26529.5,1335,15,0
2026-04-20 07:30:00,2026-04-20 05:30:00,26529.6,26536.3,26517.8,26535.0,1440,15,0
2026-04-20 07:45:00,2026-04-20 05:45:00,26535.0,26544.1,26527.5,26538.3,1575,15,0
2026-04-20 08:00:00,2026-04-20 06:00:00,26538.3,26541.6,26529.9,26532.6,1554,15,0
2026-04-20 08:15:00,2026-04-20 06:15:00,26532.9,26537.9,26510.8,26511.0,1714,15,0
2026-04-20 08:30:00,2026-04-20 06:30:00,26511.0,26512.3,26475.8,26477.8,2331,15,0
2026-04-20 08:45:00,2026-04-20 06:45:00,26478.0,26504.3,26477.3,26498.4,2249,15,0
2026-04-20 09:00:00,2026-04-20 07:00:00,26498.4,26523.3,26496.6,26514.9,2502,13,0
2026-04-20 09:15:00,2026-04-20 07:15:00,26514.7,26518.4,26507.9,26517.5,2118,13,0
2026-04-20 09:30:00,2026-04-20 07:30:00,26518.0,26533.9,26515.0,26520.0,2263,13,0
2026-04-20 09:45:00,2026-04-20 07:45:00,26520.0,26563.4,26511.2,26550.9,2330,13,0
2026-04-20 10:00:00,2026-04-20 08:00:00,26551.0,26574.6,26546.0,26566.5,3099,13,0
2026-04-20 10:15:00,2026-04-20 08:15:00,26566.5,26583.5,26547.9,26552.6,2667,13,0
2026-04-20 10:30:00,2026-04-20 08:30:00,26552.6,26556.4,26513.0,26529.0,2906,13,0
2026-04-20 10:45:00,2026-04-20 08:45:00,26529.1,26533.4,26513.7,26532.0,2407,13,0
2026-04-20 11:00:00,2026-04-20 09:00:00,26531.9,26535.7,26482.5,26510.0,2843,13,0
2026-04-20 11:15:00,2026-04-20 09:15:00,26509.6,26539.9,26504.6,26535.9,2585,13,0
2026-04-20 11:30:00,2026-04-20 09:30:00,26536.2,26538.6,26523.1,26533.1,2105,13,0
2026-04-20 11:45:00,2026-04-20 09:45:00,26533.1,26571.0,26530.9,26559.0,2142,13,0
2026-04-20 12:00:00,2026-04-20 10:00:00,26559.0,26582.1,26555.7,26561.7,2364,13,0
2026-04-20 12:15:00,2026-04-20 10:15:00,26561.9,26567.1,26548.9,26561.6,1956,13,0
2026-04-20 12:30:00,2026-04-20 10:30:00,26561.0,26575.4,26558.0,26571.5,1822,13,0
2026-04-20 12:45:00,2026-04-20 10:45:00,26571.5,26571.5,26556.6,26557.6,1649,13,0
2026-04-20 13:00:00,2026-04-20 11:00:00,26557.6,26593.0,26554.6,26579.0,2146,13,0
2026-04-20 13:15:00,2026-04-20 11:15:00,26579.5,26590.6,26569.0,26573.1,1980,13,0
2026-04-20 13:30:00,2026-04-20 11:30:00,26573.2,26574.9,26557.1,26558.1,1637,13,0
2026-04-20 13:45:00,2026-04-20 11:45:00,26558.2,26568.5,26556.1,26564.0,1756,13,0
2026-04-20 14:00:00,2026-04-20 12:00:00,26563.9,26568.2,26543.4,26567.6,2273,13,0
2026-04-20 14:15:00,2026-04-20 12:15:00,26567.6,26571.6,26550.6,26550.6,1972,13,0
2026-04-20 14:30:00,2026-04-20 12:30:00,26550.6,26573.7,26546.2,26573.0,2384,13,0
2026-04-20 14:45:00,2026-04-20 12:45:00,26573.1,26585.7,26563.7,26572.4,2338,13,0
2026-04-20 15:00:00,2026-04-20 13:00:00,26572.9,26588.4,26567.4,26572.5,2460,13,0
2026-04-20 15:15:00,2026-04-20 13:15:00,26572.9,26590.1,26565.2,26579.7,2173,13,0
2026-04-20 15:30:00,2026-04-20 13:30:00,26579.6,26602.6,26574.4,26595.5,2416,13,0
2026-04-20 15:45:00,2026-04-20 13:45:00,26595.6,26637.9,26595.6,26613.6,2582,13,0
2026-04-20 16:00:00,2026-04-20 14:00:00,26613.6,26665.0,26602.5,26636.1,3115,13,0
2026-04-20 16:15:00,2026-04-20 14:15:00,26635.9,26661.6,26626.4,26659.4,3000,13,0
2026-04-20 16:30:00,2026-04-20 14:30:00,26659.0,26687.7,26596.8,26615.0,4152,10,0
2026-04-20 16:45:00,2026-04-20 14:45:00,26614.5,26667.1,26580.5,26644.5,3966,10,0
2026-04-20 17:00:00,2026-04-20 15:00:00,26644.4,26650.8,26599.1,26621.3,3899,10,0
2026-04-20 17:15:00,2026-04-20 15:15:00,26620.8,26637.5,26580.8,26592.6,3897,10,0
2026-04-20 17:30:00,2026-04-20 15:30:00,26593.1,26603.4,26554.5,26559.8,3892,10,0
2026-04-20 17:45:00,2026-04-20 15:45:00,26559.4,26583.4,26475.9,26500.6,3992,10,0
2026-04-20 18:00:00,2026-04-20 16:00:00,26500.8,26523.5,26432.8,26485.1,3967,10,0
2026-04-20 18:15:00,2026-04-20 16:15:00,26485.6,26571.4,26470.9,26563.5,3903,10,0
2026-04-20 18:30:00,2026-04-20 16:30:00,26561.9,26561.9,26511.9,26519.4,3655,10,0
2026-04-20 18:45:00,2026-04-20 16:45:00,26519.4,26536.6,26497.5,26521.3,3413,10,0
2026-04-20 19:00:00,2026-04-20 17:00:00,26522.6,26546.1,26503.1,26538.4,3317,10,0
2026-04-20 19:15:00,2026-04-20 17:15:00,26538.8,26550.6,26514.6,26538.1,3208,10,0
2026-04-20 19:30:00,2026-04-20 17:30:00,26538.0,26561.9,26529.6,26549.8,3166,10,0
2026-04-20 19:45:00,2026-04-20 17:45:00,26549.6,26558.0,26532.1,26542.4,2916,10,0
2026-04-20 20:00:00,2026-04-20 18:00:00,26542.3,26562.8,26523.9,26558.6,3054,10,0
2026-04-20 20:15:00,2026-04-20 18:15:00,26558.6,26580.1,26554.3,26560.4,2925,10,0
2026-04-20 20:30:00,2026-04-20 18:30:00,26560.1,26582.3,26548.4,26571.4,3113,10,0
2026-04-20 20:45:00,2026-04-20 18:45:00,26571.3,26589.6,26567.0,26570.4,2650,10,0
2026-04-20 21:00:00,2026-04-20 19:00:00,26571.3,26593.4,26560.8,26587.4,2959,10,0
2026-04-20 21:15:00,2026-04-20 19:15:00,26587.4,26605.8,26580.4,26596.3,2798,10,0
2026-04-20 21:30:00,2026-04-20 19:30:00,26596.6,26601.8,26573.4,26588.5,2858,10,0
2026-04-20 21:45:00,2026-04-20 19:45:00,26588.4,26610.9,26583.5,26595.1,2456,10,0
2026-04-20 22:00:00,2026-04-20 20:00:00,26595.4,26604.9,26590.5,26602.6,2493,10,0
2026-04-20 22:15:00,2026-04-20 20:15:00,26602.5,26605.4,26583.4,26590.6,2437,10,0
2026-04-20 22:30:00,2026-04-20 20:30:00,26590.6,26601.1,26578.5,26582.9,2695,10,0
2026-04-20 22:45:00,2026-04-20 20:45:00,26583.3,26614.9,26572.4,26608.8,3095,10,0
2026-04-20 23:00:00,2026-04-20 21:00:00,26607.9,26615.4,26599.3,26605.6,1758,15,0
2026-04-20 23:15:00,2026-04-20 21:15:00,26605.6,26611.3,26597.6,26605.4,1158,15,0
2026-04-20 23:30:00,2026-04-20 21:30:00,26606.3,26672.1,26593.6,26654.8,2930,15,0
2026-04-20 23:45:00,2026-04-20 21:45:00,26655.0,26655.1,26631.6,26639.3,1886,15,0
2026-04-21 01:00:00,2026-04-20 23:00:00,26626.9,26682.5,26626.4,26669.0,1555,15,0
2026-04-21 01:15:00,2026-04-20 23:15:00,26669.0,26673.7,26663.0,26666.3,957,15,0
2026-04-21 01:30:00,2026-04-20 23:30:00,26666.2,26674.4,26660.8,26671.4,963,15,0
2026-04-21 01:45:00,2026-04-20 23:45:00,26671.4,26679.4,26669.2,26676.5,796,15,0
2026-04-21 02:00:00,2026-04-21 00:00:00,26676.5,26677.9,26671.0,26675.3,721,15,0
2026-04-21 02:15:00,2026-04-21 00:15:00,26675.3,26676.2,26659.9,26663.2,843,15,0
2026-04-21 02:30:00,2026-04-21 00:30:00,26663.2,26668.0,26660.0,26664.7,825,15,0
2026-04-21 02:45:00,2026-04-21 00:45:00,26664.7,26666.2,26657.7,26661.5,1016,15,0
2026-04-21 03:00:00,2026-04-21 01:00:00,26661.9,26684.4,26661.9,26678.4,2186,15,0
2026-04-21 03:15:00,2026-04-21 01:15:00,26678.3,26683.2,26662.5,26663.9,1959,15,0
2026-04-21 03:30:00,2026-04-21 01:30:00,26663.7,26668.7,26651.7,26663.7,1885,15,0
2026-04-21 03:45:00,2026-04-21 01:45:00,26663.7,26702.7,26663.7,26690.4,2404,15,0
2026-04-21 04:00:00,2026-04-21 02:00:00,26690.4,26691.7,26678.3,26681.9,1852,15,0
2026-04-21 04:15:00,2026-04-21 02:15:00,26681.9,26696.2,26678.0,26695.8,1657,15,0
2026-04-21 04:30:00,2026-04-21 02:30:00,26695.9,26702.9,26683.8,26692.4,1808,15,0
2026-04-21 04:45:00,2026-04-21 02:45:00,26692.4,26693.9,26673.7,26678.4,1744,15,0
2026-04-21 05:00:00,2026-04-21 03:00:00,26678.4,26687.5,26674.4,26686.4,1590,15,0
2026-04-21 05:15:00,2026-04-21 03:15:00,26686.4,26688.7,26681.4,26687.7,1241,15,0
2026-04-21 05:30:00,2026-04-21 03:30:00,26687.7,26687.9,26677.7,26685.4,1216,15,0
2026-04-21 05:45:00,2026-04-21 03:45:00,26685.4,26686.7,26676.5,26677.9,1037,15,0
2026-04-21 06:00:00,2026-04-21 04:00:00,26677.7,26682.4,26669.5,26671.8,1222,15,0
2026-04-21 06:15:00,2026-04-21 04:15:00,26671.8,26673.4,26657.5,26670.9,1368,15,0
2026-04-21 06:30:00,2026-04-21 04:30:00,26670.9,26674.5,26666.0,26670.2,1072,15,0
2026-04-21 06:45:00,2026-04-21 04:45:00,26670.2,26678.9,26669.4,26677.7,971,15,0
2026-04-21 07:00:00,2026-04-21 05:00:00,26677.8,26685.3,26677.2,26682.9,1014,15,0
2026-04-21 07:15:00,2026-04-21 05:15:00,26682.7,26693.0,26682.4,26689.9,837,15,0
2026-04-21 07:30:00,2026-04-21 05:30:00,26689.9,26696.7,26688.5,26689.2,743,15,0
2026-04-21 07:45:00,2026-04-21 05:45:00,26689.2,26695.5,26688.7,26691.0,815,15,0
2026-04-21 08:00:00,2026-04-21 06:00:00,26691.0,26709.0,26686.8,26705.3,1349,15,0
2026-04-21 08:15:00,2026-04-21 06:15:00,26705.5,26709.3,26699.9,26704.5,1218,15,0
2026-04-21 08:30:00,2026-04-21 06:30:00,26704.2,26704.2,26695.9,26695.9,1137,15,0
2026-04-21 08:45:00,2026-04-21 06:45:00,26695.8,26695.8,26685.0,26691.8,1288,15,0
2026-04-21 09:00:00,2026-04-21 07:00:00,26691.8,26722.6,26688.9,26719.3,1768,13,0
2026-04-21 09:15:00,2026-04-21 07:15:00,26719.1,26721.4,26707.8,26711.0,1541,13,0
2026-04-21 09:30:00,2026-04-21 07:30:00,26711.3,26721.9,26709.0,26715.8,1428,13,0
2026-04-21 09:45:00,2026-04-21 07:45:00,26715.8,26719.0,26709.9,26712.4,1248,13,0
2026-04-21 10:00:00,2026-04-21 08:00:00,26712.4,26713.3,26682.8,26685.8,2467,13,0
2026-04-21 10:15:00,2026-04-21 08:15:00,26685.6,26694.4,26679.5,26684.6,1942,13,0
2026-04-21 10:30:00,2026-04-21 08:30:00,26684.8,26691.6,26672.0,26689.1,2006,13,0
2026-04-21 10:45:00,2026-04-21 08:45:00,26688.1,26704.4,26679.1,26679.4,2042,13,0
2026-04-21 11:00:00,2026-04-21 09:00:00,26679.4,26684.5,26663.1,26667.3,2408,13,0
2026-04-21 11:15:00,2026-04-21 09:15:00,26667.3,26698.0,26667.3,26693.1,1889,13,0
2026-04-21 11:30:00,2026-04-21 09:30:00,26693.0,26719.1,26685.4,26713.8,1780,13,0
2026-04-21 11:45:00,2026-04-21 09:45:00,26713.5,26720.4,26702.4,26702.6,1702,13,0
2026-04-21 12:00:00,2026-04-21 10:00:00,26702.6,26702.6,26672.0,26682.3,1953,13,0
2026-04-21 12:15:00,2026-04-21 10:15:00,26682.0,26689.5,26679.0,26687.8,1602,13,0
2026-04-21 12:30:00,2026-04-21 10:30:00,26687.8,26697.3,26686.6,26693.0,1496,13,0
2026-04-21 12:45:00,2026-04-21 10:45:00,26693.1,26713.0,26692.5,26706.8,1629,13,0
2026-04-21 13:00:00,2026-04-21 11:00:00,26706.8,26726.0,26700.8,26715.5,1835,13,0
2026-04-21 13:15:00,2026-04-21 11:15:00,26715.5,26719.0,26708.1,26712.0,1451,13,0
2026-04-21 13:30:00,2026-04-21 11:30:00,26712.0,26729.1,26711.3,26726.8,1571,13,0
2026-04-21 13:45:00,2026-04-21 11:45:00,26726.8,26748.1,26724.1,26737.5,1660,13,0
2026-04-21 14:00:00,2026-04-21 12:00:00,26737.5,26749.1,26708.9,26721.3,2291,13,0
2026-04-21 14:15:00,2026-04-21 12:15:00,26721.3,26741.4,26715.3,26741.0,2113,13,0
2026-04-21 14:30:00,2026-04-21 12:30:00,26741.0,26767.3,26740.6,26753.3,2057,13,0
2026-04-21 14:45:00,2026-04-21 12:45:00,26753.3,26761.1,26735.5,26737.3,1885,13,0
2026-04-21 15:00:00,2026-04-21 13:00:00,26736.9,26745.8,26721.6,26722.3,2020,13,0
2026-04-21 15:15:00,2026-04-21 13:15:00,26722.3,26726.3,26694.0,26726.1,2392,13,0
2026-04-21 15:30:00,2026-04-21 13:30:00,26725.0,26737.8,26683.5,26694.8,2892,13,0
2026-04-21 15:45:00,2026-04-21 13:45:00,26694.8,26708.0,26678.6,26687.0,2814,13,0
2026-04-21 16:00:00,2026-04-21 14:00:00,26686.5,26692.8,26667.6,26676.1,2554,13,0
2026-04-21 16:15:00,2026-04-21 14:15:00,26676.3,26683.8,26666.5,26674.8,2695,13,0
2026-04-21 16:30:00,2026-04-21 14:30:00,26674.1,26691.1,26593.7,26634.4,4049,10,0
2026-04-21 16:45:00,2026-04-21 14:45:00,26634.9,26703.5,26609.2,26703.5,3908,10,0
2026-04-21 17:00:00,2026-04-21 15:00:00,26704.7,26743.5,26687.5,26721.8,3770,10,0
2026-04-21 17:15:00,2026-04-21 15:15:00,26722.3,26751.0,26681.8,26707.5,3841,10,0
2026-04-21 17:30:00,2026-04-21 15:30:00,26707.8,26723.4,26684.8,26690.2,3889,10,0
2026-04-21 17:45:00,2026-04-21 15:45:00,26690.9,26695.2,26596.9,26602.5,3927,10,0
2026-04-21 18:00:00,2026-04-21 16:00:00,26603.0,26636.3,26529.4,26627.3,4000,10,0
2026-04-21 18:15:00,2026-04-21 16:15:00,26627.3,26651.7,26572.7,26588.8,3957,10,0
2026-04-21 18:30:00,2026-04-21 16:30:00,26589.3,26622.8,26558.9,26600.9,3847,10,0
2026-04-21 18:45:00,2026-04-21 16:45:00,26600.9,26625.5,26581.9,26597.2,3791,10,0
2026-04-21 19:00:00,2026-04-21 17:00:00,26597.9,26646.7,26587.2,26599.5,3726,10,0
2026-04-21 19:15:00,2026-04-21 17:15:00,26599.3,26620.2,26568.0,26570.9,3465,10,0
2026-04-21 19:30:00,2026-04-21 17:30:00,26570.7,26612.3,26537.4,26547.5,3494,10,0
2026-04-21 19:45:00,2026-04-21 17:45:00,26547.7,26581.3,26534.8,26536.5,3363,10,0
2026-04-21 20:00:00,2026-04-21 18:00:00,26536.5,26572.3,26484.2,26509.8,3731,10,0
2026-04-21 20:15:00,2026-04-21 18:15:00,26510.0,26521.3,26467.3,26500.8,3776,10,0
2026-04-21 20:30:00,2026-04-21 18:30:00,26500.5,26627.0,26498.3,26592.5,3775,10,0
2026-04-21 20:45:00,2026-04-21 18:45:00,26592.2,26595.9,26544.2,26565.3,3594,10,0
2026-04-21 21:00:00,2026-04-21 19:00:00,26565.4,26594.5,26565.4,26588.5,3458,10,0
2026-04-21 21:15:00,2026-04-21 19:15:00,26588.8,26596.0,26526.8,26544.7,3473,10,0
2026-04-21 21:30:00,2026-04-21 19:30:00,26544.7,26573.3,26544.0,26555.2,3216,10,0
2026-04-21 21:45:00,2026-04-21 19:45:00,26555.2,26610.2,26531.4,26589.2,3402,10,0
2026-04-21 22:00:00,2026-04-21 20:00:00,26590.4,26636.5,26587.0,26601.8,3346,10,0
2026-04-21 22:15:00,2026-04-21 20:15:00,26602.0,26646.3,26585.8,26643.2,3370,10,0
2026-04-21 22:30:00,2026-04-21 20:30:00,26643.2,26652.4,26418.4,26438.0,3728,10,0
2026-04-21 22:45:00,2026-04-21 20:45:00,26438.0,26515.2,26436.8,26506.9,3970,10,0
2026-04-21 23:00:00,2026-04-21 21:00:00,26506.2,26658.7,26467.8,26613.3,3386,10,0
2026-04-21 23:15:00,2026-04-21 21:15:00,26613.4,26638.7,26601.7,26603.7,3225,15,0
2026-04-21 23:30:00,2026-04-21 21:30:00,26603.7,26611.3,26578.4,26585.5,2410,15,0
2026-04-21 23:45:00,2026-04-21 21:45:00,26585.5,26609.7,26572.4,26600.0,1708,15,0
2026-04-22 01:00:00,2026-04-21 23:00:00,26600.6,26629.1,26598.2,26625.0,2031,15,0
2026-04-22 01:15:00,2026-04-21 23:15:00,26625.2,26627.7,26615.1,26620.2,1091,15,0
2026-04-22 01:30:00,2026-04-21 23:30:00,26620.2,26625.5,26613.1,26617.3,1013,15,0
2026-04-22 01:45:00,2026-04-21 23:45:00,26617.3,26621.2,26603.8,26609.7,1043,15,0
2026-04-22 02:00:00,2026-04-22 00:00:00,26609.7,26620.3,26604.8,26615.8,929,15,0
2026-04-22 02:15:00,2026-04-22 00:15:00,26616.0,26622.6,26612.3,26616.8,766,15,0
2026-04-22 02:30:00,2026-04-22 00:30:00,26616.8,26630.5,26609.0,26629.1,939,15,0
2026-04-22 02:45:00,2026-04-22 00:45:00,26629.1,26645.6,26628.8,26642.2,1468,15,0
2026-04-22 03:00:00,2026-04-22 01:00:00,26642.1,26679.1,26640.7,26672.3,2400,15,0
2026-04-22 03:15:00,2026-04-22 01:15:00,26672.1,26684.6,26664.6,26672.1,2121,15,0
2026-04-22 03:30:00,2026-04-22 01:30:00,26672.1,26685.8,26671.7,26677.3,1700,15,0
2026-04-22 03:45:00,2026-04-22 01:45:00,26677.6,26678.6,26660.7,26665.5,1836,15,0
2026-04-22 04:00:00,2026-04-22 02:00:00,26665.6,26681.6,26663.2,26672.1,2111,15,0
2026-04-22 04:15:00,2026-04-22 02:15:00,26672.1,26676.3,26662.1,26672.1,1801,15,0
2026-04-22 04:30:00,2026-04-22 02:30:00,26672.1,26700.1,26671.0,26686.1,1984,15,0
2026-04-22 04:45:00,2026-04-22 02:45:00,26686.1,26694.0,26677.0,26689.6,1868,15,0
2026-04-22 05:00:00,2026-04-22 03:00:00,26689.7,26699.8,26685.7,26695.8,1649,15,0
2026-04-22 05:15:00,2026-04-22 03:15:00,26695.8,26700.1,26686.6,26697.6,1409,15,0
2026-04-22 05:30:00,2026-04-22 03:30:00,26697.6,26699.6,26685.0,26687.0,1266,15,0
2026-04-22 05:45:00,2026-04-22 03:45:00,26687.0,26691.5,26684.8,26686.1,1007,15,0
2026-04-22 06:00:00,2026-04-22 04:00:00,26686.1,26694.6,26674.5,26675.6,1221,15,0
2026-04-22 06:15:00,2026-04-22 04:15:00,26676.1,26681.5,26673.1,26680.1,1306,15,0
2026-04-22 06:30:00,2026-04-22 04:30:00,26680.1,26693.5,26673.7,26682.6,1408,15,0
2026-04-22 06:45:00,2026-04-22 04:45:00,26682.6,26685.1,26674.5,26676.5,1053,15,0
2026-04-22 07:00:00,2026-04-22 05:00:00,26676.5,26686.5,26668.6,26681.8,1060,15,0
2026-04-22 07:15:00,2026-04-22 05:15:00,26681.6,26684.1,26665.8,26666.5,1331,15,0
2026-04-22 07:30:00,2026-04-22 05:30:00,26666.5,26668.3,26661.2,26665.0,1141,15,0
2026-04-22 07:45:00,2026-04-22 05:45:00,26665.1,26670.1,26643.1,26646.3,1489,15,0
2026-04-22 08:00:00,2026-04-22 06:00:00,26645.8,26665.5,26640.0,26661.7,1588,15,0
2026-04-22 08:15:00,2026-04-22 06:15:00,26661.6,26725.0,26660.1,26695.6,2766,15,0
2026-04-22 08:30:00,2026-04-22 06:30:00,26695.6,26709.5,26691.1,26703.6,1972,15,0
2026-04-22 08:45:00,2026-04-22 06:45:00,26703.3,26711.1,26698.1,26700.2,1441,15,0
2026-04-22 09:00:00,2026-04-22 07:00:00,26700.1,26702.2,26675.9,26678.9,1879,13,0
2026-04-22 09:15:00,2026-04-22 07:15:00,26678.8,26690.7,26671.9,26690.4,1468,13,0
2026-04-22 09:30:00,2026-04-22 07:30:00,26690.6,26713.9,26690.6,26705.4,1869,13,0
2026-04-22 09:45:00,2026-04-22 07:45:00,26705.4,26712.4,26699.1,26705.2,1381,13,0
2026-04-22 10:00:00,2026-04-22 08:00:00,26705.3,26716.3,26699.9,26713.7,2005,13,0
2026-04-22 10:15:00,2026-04-22 08:15:00,26713.6,26720.4,26694.9,26718.3,2082,13,0
2026-04-22 10:30:00,2026-04-22 08:30:00,26718.4,26732.9,26708.9,26730.7,1895,13,0
2026-04-22 10:45:00,2026-04-22 08:45:00,26730.4,26732.6,26713.2,26714.3,2003,13,0
2026-04-22 11:00:00,2026-04-22 09:00:00,26714.3,26719.2,26696.7,26704.9,2283,13,0
2026-04-22 11:15:00,2026-04-22 09:15:00,26704.8,26705.7,26677.2,26679.7,2392,13,0
2026-04-22 11:30:00,2026-04-22 09:30:00,26679.3,26688.8,26649.1,26672.2,2525,13,0
2026-04-22 11:45:00,2026-04-22 09:45:00,26672.2,26690.1,26662.3,26688.3,1865,13,0
2026-04-22 12:00:00,2026-04-22 10:00:00,26688.3,26718.8,26684.3,26716.7,2301,13,0
2026-04-22 12:15:00,2026-04-22 10:15:00,26716.7,26729.1,26709.2,26725.7,1778,13,0
2026-04-22 12:30:00,2026-04-22 10:30:00,26725.7,26728.7,26715.6,26728.3,1729,13,0
2026-04-22 12:45:00,2026-04-22 10:45:00,26728.3,26731.2,26676.7,26694.4,2119,13,0
2026-04-22 13:00:00,2026-04-22 11:00:00,26694.4,26709.2,26674.6,26681.7,2499,13,0
2026-04-22 13:15:00,2026-04-22 11:15:00,26681.2,26705.4,26681.2,26701.2,2044,13,0
2026-04-22 13:30:00,2026-04-22 11:30:00,26701.2,26717.9,26694.2,26699.2,1812,13,0
2026-04-22 13:45:00,2026-04-22 11:45:00,26699.2,26701.3,26691.9,26695.1,1632,13,0
2026-04-22 14:00:00,2026-04-22 12:00:00,26694.8,26703.2,26685.9,26686.2,1986,13,0
2026-04-22 14:15:00,2026-04-22 12:15:00,26686.6,26699.4,26680.1,26684.6,1854,13,0
2026-04-22 14:30:00,2026-04-22 12:30:00,26684.4,26692.9,26675.2,26680.2,2034,13,0
2026-04-22 14:45:00,2026-04-22 12:45:00,26679.6,26707.2,26678.2,26702.4,1936,13,0
2026-04-22 15:00:00,2026-04-22 13:00:00,26702.7,26768.4,26702.7,26766.1,2515,13,0
2026-04-22 15:15:00,2026-04-22 13:15:00,26765.9,26766.3,26735.2,26737.4,2409,13,0
2026-04-22 15:30:00,2026-04-22 13:30:00,26737.2,26745.1,26706.6,26708.9,2881,13,0
2026-04-22 15:45:00,2026-04-22 13:45:00,26709.2,26719.9,26688.4,26689.9,2547,13,0
2026-04-22 16:00:00,2026-04-22 14:00:00,26690.1,26742.1,26686.8,26702.9,2843,13,0
2026-04-22 16:15:00,2026-04-22 14:15:00,26702.9,26755.9,26694.9,26749.2,3129,13,0
2026-04-22 16:30:00,2026-04-22 14:30:00,26749.1,26758.7,26683.1,26721.5,4035,10,0
2026-04-22 16:45:00,2026-04-22 14:45:00,26721.3,26747.2,26681.7,26733.6,3950,10,0
2026-04-22 17:00:00,2026-04-22 15:00:00,26733.3,26793.3,26721.5,26790.5,3840,10,0
2026-04-22 17:15:00,2026-04-22 15:15:00,26791.5,26859.8,26791.5,26859.8,3737,10,0
2026-04-22 17:30:00,2026-04-22 15:30:00,26859.2,26874.8,26814.2,26838.0,3874,10,0
2026-04-22 17:45:00,2026-04-22 15:45:00,26837.7,26858.1,26815.0,26841.0,3737,10,0
2026-04-22 18:00:00,2026-04-22 16:00:00,26841.0,26853.7,26810.1,26844.5,3761,10,0
2026-04-22 18:15:00,2026-04-22 16:15:00,26844.0,26876.7,26834.2,26859.5,3535,10,0
2026-04-22 18:30:00,2026-04-22 16:30:00,26859.6,26874.5,26836.7,26837.7,3507,10,0
2026-04-22 18:45:00,2026-04-22 16:45:00,26838.7,26872.5,26832.1,26849.0,3323,10,0
2026-04-22 19:00:00,2026-04-22 17:00:00,26848.8,26872.2,26836.0,26866.7,3134,10,0
2026-04-22 19:15:00,2026-04-22 17:15:00,26866.7,26871.1,26840.1,26843.2,3068,10,0
2026-04-22 19:30:00,2026-04-22 17:30:00,26843.0,26860.0,26828.5,26837.7,3296,10,0
2026-04-22 19:45:00,2026-04-22 17:45:00,26837.2,26853.1,26827.2,26835.5,3169,10,0
2026-04-22 20:00:00,2026-04-22 18:00:00,26835.0,26904.5,26835.0,26886.7,3361,10,0
2026-04-22 20:15:00,2026-04-22 18:15:00,26886.6,26918.8,26876.5,26896.7,2866,10,0
2026-04-22 20:30:00,2026-04-22 18:30:00,26896.7,26912.2,26895.5,26910.2,2723,10,0
2026-04-22 20:45:00,2026-04-22 18:45:00,26910.1,26916.6,26890.0,26899.2,2868,10,0
2026-04-22 21:00:00,2026-04-22 19:00:00,26898.7,26909.8,26892.5,26899.0,2634,10,0
2026-04-22 21:15:00,2026-04-22 19:15:00,26899.0,26899.0,26861.7,26868.0,2967,10,0
2026-04-22 21:30:00,2026-04-22 19:30:00,26868.2,26896.7,26866.2,26894.2,2631,10,0
2026-04-22 21:45:00,2026-04-22 19:45:00,26894.2,26908.8,26880.5,26882.6,2525,10,0
2026-04-22 22:00:00,2026-04-22 20:00:00,26882.7,26904.2,26847.3,26900.2,3316,10,0
2026-04-22 22:15:00,2026-04-22 20:15:00,26900.5,26925.7,26899.1,26913.7,2865,10,0
2026-04-22 22:30:00,2026-04-22 20:30:00,26913.7,26924.7,26906.2,26923.2,2753,10,0
2026-04-22 22:45:00,2026-04-22 20:45:00,26923.5,26960.8,26920.0,26948.3,3272,10,0
2026-04-22 23:00:00,2026-04-22 21:00:00,26947.7,27002.7,26938.1,26979.1,3282,15,0
2026-04-22 23:15:00,2026-04-22 21:15:00,26979.0,26988.0,26961.3,26973.7,2370,15,0
2026-04-22 23:30:00,2026-04-22 21:30:00,26973.6,26981.3,26945.2,26964.1,1842,15,0
2026-04-22 23:45:00,2026-04-22 21:45:00,26964.1,26977.3,26961.7,26976.2,1392,15,0
2026-04-23 01:00:00,2026-04-22 23:00:00,26944.9,26964.5,26942.2,26956.5,1878,15,0
2026-04-23 01:15:00,2026-04-22 23:15:00,26956.5,26969.0,26953.6,26953.9,1199,15,0
2026-04-23 01:30:00,2026-04-22 23:30:00,26953.9,26961.1,26949.0,26954.2,1199,15,0
2026-04-23 01:45:00,2026-04-22 23:45:00,26954.2,26962.1,26953.6,26958.7,817,15,0
2026-04-23 02:00:00,2026-04-23 00:00:00,26958.7,26963.7,26953.5,26962.5,774,15,0
2026-04-23 02:15:00,2026-04-23 00:15:00,26962.6,26971.0,26960.4,26965.9,877,15,0
2026-04-23 02:30:00,2026-04-23 00:30:00,26965.9,26965.9,26959.0,26963.0,800,15,0
2026-04-23 02:45:00,2026-04-23 00:45:00,26962.9,26970.2,26961.6,26967.5,1165,15,0
2026-04-23 03:00:00,2026-04-23 01:00:00,26967.6,26970.2,26808.4,26810.1,2993,15,0
2026-04-23 03:15:00,2026-04-23 01:15:00,26809.5,26925.6,26720.5,26923.2,3788,15,0
2026-04-23 03:30:00,2026-04-23 01:30:00,26923.0,26945.0,26908.5,26920.2,3192,15,0
2026-04-23 03:45:00,2026-04-23 01:45:00,26920.2,26937.6,26912.9,26931.6,2735,15,0
2026-04-23 04:00:00,2026-04-23 02:00:00,26931.7,26934.1,26896.0,26903.7,2892,15,0
2026-04-23 04:15:00,2026-04-23 02:15:00,26903.7,26910.5,26886.1,26889.4,2566,15,0
2026-04-23 04:30:00,2026-04-23 02:30:00,26889.9,26905.1,26874.1,26887.6,2874,15,0
2026-04-23 04:45:00,2026-04-23 02:45:00,26887.6,26888.7,26865.1,26871.6,2638,15,0
2026-04-23 05:00:00,2026-04-23 03:00:00,26872.0,26872.4,26829.5,26830.1,2571,15,0
2026-04-23 05:15:00,2026-04-23 03:15:00,26829.7,26864.0,26821.7,26838.1,3180,15,0
2026-04-23 05:30:00,2026-04-23 03:30:00,26838.1,26852.5,26819.9,26831.6,2938,15,0
2026-04-23 05:45:00,2026-04-23 03:45:00,26831.6,26844.0,26817.9,26823.4,2726,15,0
2026-04-23 06:00:00,2026-04-23 04:00:00,26823.5,26832.0,26784.9,26789.9,2936,15,0
2026-04-23 06:15:00,2026-04-23 04:15:00,26790.0,26790.1,26767.4,26768.7,2703,15,0
2026-04-23 06:30:00,2026-04-23 04:30:00,26768.7,26772.7,26737.4,26751.0,3008,15,0
2026-04-23 06:45:00,2026-04-23 04:45:00,26751.0,26782.5,26749.0,26779.4,2706,15,0
2026-04-23 07:00:00,2026-04-23 05:00:00,26779.4,26800.7,26765.0,26799.7,2495,15,0
2026-04-23 07:15:00,2026-04-23 05:15:00,26799.7,26808.6,26794.5,26803.9,2140,15,0
2026-04-23 07:30:00,2026-04-23 05:30:00,26803.7,26821.7,26802.0,26816.1,2073,15,0
2026-04-23 07:45:00,2026-04-23 05:45:00,26816.1,26829.0,26811.6,26827.1,1725,15,0
2026-04-23 08:00:00,2026-04-23 06:00:00,26827.1,26838.5,26824.7,26832.9,1930,15,0
2026-04-23 08:15:00,2026-04-23 06:15:00,26832.7,26835.0,26811.2,26823.6,2161,15,0
2026-04-23 08:30:00,2026-04-23 06:30:00,26823.6,26834.2,26811.7,26818.9,2400,15,0
2026-04-23 08:45:00,2026-04-23 06:45:00,26818.9,26850.9,26817.9,26849.9,2288,15,0
2026-04-23 09:00:00,2026-04-23 07:00:00,26849.5,26864.0,26849.0,26855.2,2326,13,0
2026-04-23 09:15:00,2026-04-23 07:15:00,26855.2,26878.2,26853.7,26872.1,2153,13,0
2026-04-23 09:30:00,2026-04-23 07:30:00,26872.1,26876.8,26864.3,26866.7,1794,13,0
2026-04-23 09:45:00,2026-04-23 07:45:00,26866.7,26872.5,26855.0,26862.7,2015,13,0
2026-04-23 10:00:00,2026-04-23 08:00:00,26863.0,26871.6,26853.6,26865.7,2629,13,0
2026-04-23 10:15:00,2026-04-23 08:15:00,26866.1,26869.2,26846.8,26859.3,2338,13,0
2026-04-23 10:30:00,2026-04-23 08:30:00,26859.1,26869.8,26842.3,26868.8,2613,13,0
2026-04-23 10:45:00,2026-04-23 08:45:00,26868.8,26885.5,26857.7,26868.0,2537,13,0
2026-04-23 11:00:00,2026-04-23 09:00:00,26868.1,26873.5,26827.5,26841.7,2700,13,0
2026-04-23 11:15:00,2026-04-23 09:15:00,26841.7,26863.2,26836.5,26848.0,2458,13,0
2026-04-23 11:30:00,2026-04-23 09:30:00,26848.2,26849.0,26800.8,26803.3,2576,13,0
2026-04-23 11:45:00,2026-04-23 09:45:00,26803.6,26808.0,26790.0,26799.5,2455,13,0
2026-04-23 12:00:00,2026-04-23 10:00:00,26799.2,26800.6,26762.6,26781.3,2797,13,0
2026-04-23 12:15:00,2026-04-23 10:15:00,26781.2,26823.5,26777.5,26812.8,2665,13,0
2026-04-23 12:30:00,2026-04-23 10:30:00,26813.5,26832.8,26813.2,26821.0,2255,13,0
2026-04-23 12:45:00,2026-04-23 10:45:00,26821.0,26823.5,26812.1,26814.0,2194,13,0
2026-04-23 13:00:00,2026-04-23 11:00:00,26814.0,26816.1,26788.3,26794.3,2461,13,0
2026-04-23 13:15:00,2026-04-23 11:15:00,26794.2,26824.7,26794.2,26813.2,2206,13,0
2026-04-23 13:30:00,2026-04-23 11:30:00,26813.2,26852.2,26809.1,26824.2,2506,13,0
2026-04-23 13:45:00,2026-04-23 11:45:00,26824.2,26856.6,26819.2,26851.2,2297,13,0
2026-04-23 14:00:00,2026-04-23 12:00:00,26851.2,26866.5,26842.0,26853.2,2503,13,0
2026-04-23 14:15:00,2026-04-23 12:15:00,26853.2,26858.7,26828.7,26839.0,2262,13,0
2026-04-23 14:30:00,2026-04-23 12:30:00,26839.2,26859.5,26814.1,26858.7,2701,13,0
2026-04-23 14:45:00,2026-04-23 12:45:00,26858.7,26920.5,26856.1,26904.0,3044,13,0
2026-04-23 15:00:00,2026-04-23 13:00:00,26904.0,26951.1,26900.2,26934.3,3039,13,0
2026-04-23 15:15:00,2026-04-23 13:15:00,26933.7,26933.7,26892.6,26904.7,2660,13,0
2026-04-23 15:30:00,2026-04-23 13:30:00,26904.7,26920.8,26896.6,26905.1,2683,13,0
2026-04-23 15:45:00,2026-04-23 13:45:00,26905.1,26911.1,26843.6,26880.8,3180,13,0
2026-04-23 16:00:00,2026-04-23 14:00:00,26880.8,26900.1,26853.6,26872.6,2563,13,0
2026-04-23 16:15:00,2026-04-23 14:15:00,26873.3,26898.2,26864.6,26885.6,2911,13,0
2026-04-23 16:30:00,2026-04-23 14:30:00,26886.3,26939.5,26836.8,26930.0,4021,10,0
2026-04-23 16:45:00,2026-04-23 14:45:00,26930.0,26974.0,26886.7,26890.0,3920,10,0
2026-04-23 17:00:00,2026-04-23 15:00:00,26889.6,26901.0,26842.7,26861.0,3926,10,0
2026-04-23 17:15:00,2026-04-23 15:15:00,26861.7,26901.6,26858.0,26886.7,3865,10,0
2026-04-23 17:30:00,2026-04-23 15:30:00,26887.7,26929.7,26877.0,26906.4,3846,10,0
2026-04-23 17:45:00,2026-04-23 15:45:00,26906.5,26977.9,26906.5,26967.4,3587,10,0
2026-04-23 18:00:00,2026-04-23 16:00:00,26965.4,27003.9,26965.4,26991.6,3560,10,0
2026-04-23 18:15:00,2026-04-23 16:15:00,26991.9,27020.7,26980.5,27003.6,3397,10,0
2026-04-23 18:30:00,2026-04-23 16:30:00,27003.1,27027.4,26987.5,26992.0,3335,10,0
2026-04-23 18:45:00,2026-04-23 16:45:00,26992.1,26993.6,26933.2,26964.6,3791,10,0
2026-04-23 19:00:00,2026-04-23 17:00:00,26964.7,26971.2,26910.9,26952.9,3628,10,0
2026-04-23 19:15:00,2026-04-23 17:15:00,26952.9,26976.1,26938.9,26960.6,3379,10,0
2026-04-23 19:30:00,2026-04-23 17:30:00,26960.5,26989.1,26955.9,26973.7,3173,10,0
2026-04-23 19:45:00,2026-04-23 17:45:00,26973.9,26985.1,26946.7,26959.7,3149,10,0
2026-04-23 20:00:00,2026-04-23 18:00:00,26959.6,26970.2,26795.2,26818.7,4024,10,0
2026-04-23 20:15:00,2026-04-23 18:15:00,26819.0,26819.0,26732.2,26742.9,4008,10,0
2026-04-23 20:30:00,2026-04-23 18:30:00,26742.2,26821.7,26616.6,26633.1,4044,10,0
2026-04-23 20:45:00,2026-04-23 18:45:00,26633.9,26763.7,26554.0,26751.6,4220,10,0
2026-04-23 21:00:00,2026-04-23 19:00:00,26751.7,26817.6,26733.1,26790.2,3986,10,0
2026-04-23 21:15:00,2026-04-23 19:15:00,26790.1,26814.0,26774.6,26810.2,3613,10,0
2026-04-23 21:30:00,2026-04-23 19:30:00,26810.2,26854.1,26794.6,26819.5,3434,10,0
2026-04-23 21:45:00,2026-04-23 19:45:00,26819.5,26821.0,26715.4,26734.0,3495,10,0
2026-04-23 22:00:00,2026-04-23 20:00:00,26734.0,26776.1,26715.2,26775.0,3610,10,0
2026-04-23 22:15:00,2026-04-23 20:15:00,26775.1,26797.6,26774.7,26787.0,3346,10,0
2026-04-23 22:30:00,2026-04-23 20:30:00,26786.7,26807.9,26729.6,26740.0,3552,10,0
2026-04-23 22:45:00,2026-04-23 20:45:00,26739.9,26816.1,26717.0,26796.6,3614,10,0
2026-04-23 23:00:00,2026-04-23 21:00:00,26798.4,26860.5,26782.9,26822.0,3373,15,0
2026-04-23 23:15:00,2026-04-23 21:15:00,26820.4,26841.4,26790.9,26831.5,2577,15,0
2026-04-23 23:30:00,2026-04-23 21:30:00,26831.6,26840.7,26823.9,26834.5,1883,15,0
2026-04-23 23:45:00,2026-04-23 21:45:00,26834.5,26837.1,26805.0,26818.5,1756,15,0
2026-04-24 01:00:00,2026-04-23 23:00:00,26882.5,26918.5,26877.6,26914.9,2145,15,0
2026-04-24 01:15:00,2026-04-23 23:15:00,26914.7,26919.5,26901.4,26906.5,1336,15,0
2026-04-24 01:30:00,2026-04-23 23:30:00,26906.5,26915.7,26897.5,26907.2,1236,15,0
2026-04-24 01:45:00,2026-04-23 23:45:00,26907.0,26925.6,26907.0,26917.0,1169,15,0
2026-04-24 02:00:00,2026-04-24 00:00:00,26916.7,26924.0,26909.4,26911.4,1115,15,0
2026-04-24 02:15:00,2026-04-24 00:15:00,26912.0,26926.2,26908.5,26925.0,865,15,0
2026-04-24 02:30:00,2026-04-24 00:30:00,26925.0,26948.0,26925.0,26941.1,1333,15,0
2026-04-24 02:45:00,2026-04-24 00:45:00,26941.1,26955.1,26941.1,26955.1,1452,15,0
2026-04-24 03:00:00,2026-04-24 01:00:00,26955.1,26985.2,26945.2,26983.6,2651,15,0
2026-04-24 03:15:00,2026-04-24 01:15:00,26983.6,27001.1,26977.1,26999.6,2177,15,0
2026-04-24 03:30:00,2026-04-24 01:30:00,26999.6,27010.2,26986.4,26994.1,2209,15,0
2026-04-24 03:45:00,2026-04-24 01:45:00,26994.1,27003.9,26981.1,26993.1,2345,15,0
2026-04-24 04:00:00,2026-04-24 02:00:00,26993.2,27002.1,26988.2,26991.9,2481,15,0
2026-04-24 04:15:00,2026-04-24 02:15:00,26991.9,27002.0,26985.0,26997.1,2067,15,0
2026-04-24 04:30:00,2026-04-24 02:30:00,26997.1,26999.0,26974.5,26984.9,2648,15,0
2026-04-24 04:45:00,2026-04-24 02:45:00,26984.9,27000.6,26983.4,26993.4,2182,15,0
2026-04-24 05:00:00,2026-04-24 03:00:00,26993.6,26995.2,26963.7,26969.6,2382,15,0
2026-04-24 05:15:00,2026-04-24 03:15:00,26969.5,26976.2,26947.5,26952.6,2469,15,0
2026-04-24 05:30:00,2026-04-24 03:30:00,26951.9,26967.9,26950.6,26960.4,2409,15,0
2026-04-24 05:45:00,2026-04-24 03:45:00,26960.4,26962.0,26933.6,26944.9,2197,15,0
2026-04-24 06:00:00,2026-04-24 04:00:00,26945.1,26952.7,26931.1,26932.7,2202,15,0
2026-04-24 06:15:00,2026-04-24 04:15:00,26932.7,26938.0,26909.0,26911.0,1967,15,0
2026-04-24 06:30:00,2026-04-24 04:30:00,26910.2,26916.7,26898.0,26904.7,2430,15,0
2026-04-24 06:45:00,2026-04-24 04:45:00,26904.7,26923.2,26904.1,26906.0,1742,15,0
2026-04-24 07:00:00,2026-04-24 05:00:00,26906.0,26920.6,26894.2,26916.5,2119,15,0
2026-04-24 07:15:00,2026-04-24 05:15:00,26916.5,26918.1,26891.7,26898.1,1830,15,0
2026-04-24 07:30:00,2026-04-24 05:30:00,26898.1,26915.0,26898.0,26914.6,1803,15,0
2026-04-24 07:45:00,2026-04-24 05:45:00,26914.5,26931.1,26913.9,26928.6,1746,15,0
2026-04-24 08:00:00,2026-04-24 06:00:00,26928.6,26930.4,26906.0,26922.7,2139,15,0
2026-04-24 08:15:00,2026-04-24 06:15:00,26923.0,26940.7,26915.2,26933.1,1994,15,0
2026-04-24 08:30:00,2026-04-24 06:30:00,26933.1,26952.6,26933.1,26947.6,1646,15,0
2026-04-24 08:45:00,2026-04-24 06:45:00,26947.7,26960.7,26945.1,26960.5,1325,15,0
2026-04-24 09:00:00,2026-04-24 07:00:00,26960.5,26973.5,26954.6,26963.7,1960,13,0
2026-04-24 09:15:00,2026-04-24 07:15:00,26963.5,26966.0,26945.1,26946.3,1776,13,0
2026-04-24 09:30:00,2026-04-24 07:30:00,26947.2,26963.5,26946.8,26955.0,1935,13,0
2026-04-24 09:45:00,2026-04-24 07:45:00,26955.0,26956.2,26941.5,26949.7,1717,13,0
2026-04-24 10:00:00,2026-04-24 08:00:00,26949.3,26981.5,26945.5,26976.8,2394,13,0
2026-04-24 10:15:00,2026-04-24 08:15:00,26976.7,26988.8,26964.1,26983.2,1951,13,0
2026-04-24 10:30:00,2026-04-24 08:30:00,26983.1,26983.1,26955.0,26961.0,2072,13,0
2026-04-24 10:45:00,2026-04-24 08:45:00,26961.0,26986.2,26957.3,26983.7,1974,13,0
2026-04-24 11:00:00,2026-04-24 09:00:00,26983.7,26985.2,26947.7,26965.0,2732,13,0
2026-04-24 11:15:00,2026-04-24 09:15:00,26965.6,27026.1,26965.6,26985.6,2881,13,0
2026-04-24 11:30:00,2026-04-24 09:30:00,26985.3,26986.6,26956.2,26958.2,2405,13,0
2026-04-24 11:45:00,2026-04-24 09:45:00,26958.2,26985.7,26956.5,26969.3,2316,13,0
2026-04-24 12:00:00,2026-04-24 10:00:00,26969.3,26977.8,26955.1,26974.6,2214,13,0
2026-04-24 12:15:00,2026-04-24 10:15:00,26974.6,26981.5,26939.0,26969.8,2394,13,0
2026-04-24 12:30:00,2026-04-24 10:30:00,26969.8,26988.6,26963.8,26987.3,2042,13,0
2026-04-24 12:45:00,2026-04-24 10:45:00,26987.3,26994.8,26973.8,26983.7,2093,13,0
2026-04-24 13:00:00,2026-04-24 11:00:00,26983.7,27015.0,26982.8,27013.1,2074,13,0
2026-04-24 13:15:00,2026-04-24 11:15:00,27013.0,27061.7,27009.7,27057.3,2158,13,0
2026-04-24 13:30:00,2026-04-24 11:30:00,27057.5,27067.1,27047.8,27053.2,2045,13,0
2026-04-24 13:45:00,2026-04-24 11:45:00,27053.2,27056.6,27044.5,27046.7,1902,13,0
2026-04-24 14:00:00,2026-04-24 12:00:00,27046.7,27182.2,27045.8,27155.6,3289,13,0
2026-04-24 14:15:00,2026-04-24 12:15:00,27155.3,27226.3,27140.6,27225.2,3493,13,0
2026-04-24 14:30:00,2026-04-24 12:30:00,27225.2,27237.5,27160.1,27170.5,3201,13,0
2026-04-24 14:45:00,2026-04-24 12:45:00,27169.5,27169.5,27140.7,27149.5,2789,13,0
2026-04-24 15:00:00,2026-04-24 13:00:00,27149.5,27178.2,27143.8,27175.1,2877,13,0
2026-04-24 15:15:00,2026-04-24 13:15:00,27175.2,27186.7,27139.3,27166.6,2877,13,0
2026-04-24 15:30:00,2026-04-24 13:30:00,27166.3,27168.8,27107.7,27118.5,2928,13,0
2026-04-24 15:45:00,2026-04-24 13:45:00,27118.5,27134.6,27077.6,27112.1,3075,13,0
2026-04-24 16:00:00,2026-04-24 14:00:00,27114.2,27140.0,27102.5,27119.0,2886,13,0
2026-04-24 16:15:00,2026-04-24 14:15:00,27119.5,27141.1,27082.7,27086.2,2987,13,0
2026-04-24 16:30:00,2026-04-24 14:30:00,27085.7,27134.4,27053.0,27089.6,4093,10,0
2026-04-24 16:45:00,2026-04-24 14:45:00,27089.9,27129.1,27005.2,27069.5,4049,10,0
2026-04-24 17:00:00,2026-04-24 15:00:00,27066.9,27141.2,27033.9,27109.6,4120,10,0
2026-04-24 17:15:00,2026-04-24 15:15:00,27109.4,27137.4,27062.4,27075.0,3930,10,0
2026-04-24 17:30:00,2026-04-24 15:30:00,27075.1,27132.4,27042.9,27127.4,3959,10,0
2026-04-24 17:45:00,2026-04-24 15:45:00,27127.2,27171.7,27104.9,27164.6,3867,10,0
2026-04-24 18:00:00,2026-04-24 16:00:00,27164.9,27192.2,27161.7,27192.2,3790,10,0
2026-04-24 18:15:00,2026-04-24 16:15:00,27192.4,27207.0,27170.2,27200.0,3735,10,0
2026-04-24 18:30:00,2026-04-24 16:30:00,27201.0,27265.4,27182.7,27256.9,3653,10,0
2026-04-24 18:45:00,2026-04-24 16:45:00,27257.5,27290.0,27220.5,27271.2,3980,10,0
2026-04-24 19:00:00,2026-04-24 17:00:00,27271.0,27278.5,27234.7,27257.6,3728,10,0
2026-04-24 19:15:00,2026-04-24 17:15:00,27257.1,27283.2,27242.7,27273.9,3363,10,0
2026-04-24 19:30:00,2026-04-24 17:30:00,27273.9,27304.7,27252.6,27267.2,3371,10,0
2026-04-24 19:45:00,2026-04-24 17:45:00,27267.5,27291.0,27259.1,27285.2,3471,10,0
2026-04-24 20:00:00,2026-04-24 18:00:00,27284.5,27297.9,27275.7,27283.5,3387,10,0
2026-04-24 20:15:00,2026-04-24 18:15:00,27283.7,27285.0,27242.0,27258.4,3280,10,0
2026-04-24 20:30:00,2026-04-24 18:30:00,27258.5,27295.2,27247.6,27289.7,3335,10,0
2026-04-24 20:45:00,2026-04-24 18:45:00,27289.6,27337.2,27286.7,27307.2,3156,10,0
2026-04-24 21:00:00,2026-04-24 19:00:00,27307.0,27317.5,27281.7,27290.7,3236,10,0
2026-04-24 21:15:00,2026-04-24 19:15:00,27290.4,27292.2,27258.7,27262.5,3238,10,0
2026-04-24 21:30:00,2026-04-24 19:30:00,27262.6,27295.7,27259.7,27281.6,3025,10,0
2026-04-24 21:45:00,2026-04-24 19:45:00,27280.6,27286.2,27270.0,27283.2,3049,10,0
2026-04-24 22:00:00,2026-04-24 20:00:00,27282.9,27320.0,27282.9,27316.5,2985,10,0
2026-04-24 22:15:00,2026-04-24 20:15:00,27316.4,27328.7,27293.7,27297.7,3012,10,0
2026-04-24 22:30:00,2026-04-24 20:30:00,27297.7,27301.2,27279.0,27292.0,3287,10,0
2026-04-24 22:45:00,2026-04-24 20:45:00,27291.6,27320.5,27283.6,27308.7,3350,10,0
2026-04-24 23:00:00,2026-04-24 21:00:00,27308.4,27314.1,27283.7,27289.2,2337,15,0
2026-04-24 23:15:00,2026-04-24 21:15:00,27289.5,27303.9,27288.2,27294.2,1507,15,0
2026-04-24 23:30:00,2026-04-24 21:30:00,27294.2,27317.7,27293.9,27308.7,1355,15,0
2026-04-24 23:45:00,2026-04-24 21:45:00,27308.6,27317.9,27303.4,27315.0,809,15,0
2026-04-27 01:00:00,2026-04-26 23:00:00,27276.7,27302.3,27226.8,27240.8,2837,15,0
2026-04-27 01:15:00,2026-04-26 23:15:00,27240.8,27256.9,27239.8,27256.8,1804,15,0
2026-04-27 01:30:00,2026-04-26 23:30:00,27256.9,27271.3,27246.8,27266.8,1551,15,0
2026-04-27 01:45:00,2026-04-26 23:45:00,27266.8,27281.3,27263.6,27278.7,1360,15,0
2026-04-27 02:00:00,2026-04-27 00:00:00,27278.7,27280.7,27259.6,27263.9,1455,15,0
2026-04-27 02:15:00,2026-04-27 00:15:00,27263.9,27276.4,27262.6,27265.8,1143,15,0
2026-04-27 02:30:00,2026-04-27 00:30:00,27265.8,27265.8,27251.1,27260.1,1439,15,0
2026-04-27 02:45:00,2026-04-27 00:45:00,27259.9,27272.1,27252.9,27267.2,1732,15,0
2026-04-27 03:00:00,2026-04-27 01:00:00,27267.2,27295.1,27262.3,27291.2,2864,15,0
2026-04-27 03:15:00,2026-04-27 01:15:00,27291.2,27303.1,27280.7,27300.4,2447,15,0
2026-04-27 03:30:00,2026-04-27 01:30:00,27300.4,27320.6,27288.4,27316.8,2196,15,0
2026-04-27 03:45:00,2026-04-27 01:45:00,27316.7,27352.1,27313.7,27337.1,2054,15,0
2026-04-27 04:00:00,2026-04-27 02:00:00,27337.7,27382.2,27337.7,27354.2,3126,15,0
2026-04-27 04:15:00,2026-04-27 02:15:00,27354.1,27378.1,27339.4,27376.8,2754,15,0
2026-04-27 04:30:00,2026-04-27 02:30:00,27376.7,27403.7,27372.9,27397.9,2710,15,0
2026-04-27 04:45:00,2026-04-27 02:45:00,27397.9,27421.8,27393.6,27420.2,2480,15,0
2026-04-27 05:00:00,2026-04-27 03:00:00,27420.2,27424.1,27401.6,27410.6,2300,15,0
2026-04-27 05:15:00,2026-04-27 03:15:00,27410.2,27420.6,27394.7,27404.4,2131,15,0
2026-04-27 05:30:00,2026-04-27 03:30:00,27404.4,27415.4,27399.2,27402.2,1938,15,0
2026-04-27 05:45:00,2026-04-27 03:45:00,27402.2,27407.9,27398.1,27402.2,1535,15,0
2026-04-27 06:00:00,2026-04-27 04:00:00,27402.2,27417.4,27396.7,27403.2,2054,15,0
2026-04-27 06:15:00,2026-04-27 04:15:00,27403.2,27411.9,27399.6,27410.2,1463,15,0
2026-04-27 06:30:00,2026-04-27 04:30:00,27410.4,27414.8,27402.9,27412.7,1778,15,0
2026-04-27 06:45:00,2026-04-27 04:45:00,27412.4,27413.4,27406.1,27407.7,1210,15,0
2026-04-27 07:00:00,2026-04-27 05:00:00,27407.7,27409.4,27391.1,27396.9,1558,15,0
2026-04-27 07:15:00,2026-04-27 05:15:00,27397.2,27413.9,27396.4,27411.8,1291,15,0
2026-04-27 07:30:00,2026-04-27 05:30:00,27411.8,27422.6,27407.9,27415.7,1252,15,0
2026-04-27 07:45:00,2026-04-27 05:45:00,27415.7,27421.2,27395.7,27400.6,1492,15,0
2026-04-27 08:00:00,2026-04-27 06:00:00,27400.6,27402.7,27361.7,27361.9,2179,15,0
2026-04-27 08:15:00,2026-04-27 06:15:00,27361.9,27365.8,27341.2,27341.6,2243,15,0
2026-04-27 08:30:00,2026-04-27 06:30:00,27341.6,27348.8,27326.6,27339.9,2436,15,0
2026-04-27 08:45:00,2026-04-27 06:45:00,27339.9,27346.1,27327.2,27332.3,2098,15,0
2026-04-27 09:00:00,2026-04-27 07:00:00,27332.2,27337.9,27312.2,27323.0,2460,13,0
2026-04-27 09:15:00,2026-04-27 07:15:00,27323.0,27335.0,27311.0,27333.2,2033,13,0
2026-04-27 09:30:00,2026-04-27 07:30:00,27333.4,27333.9,27307.0,27322.3,2363,13,0
2026-04-27 09:45:00,2026-04-27 07:45:00,27322.3,27329.4,27313.3,27317.0,1708,13,0
2026-04-27 10:00:00,2026-04-27 08:00:00,27317.0,27326.5,27291.2,27309.0,2720,13,0
2026-04-27 10:15:00,2026-04-27 08:15:00,27309.0,27317.9,27297.3,27301.0,2266,13,0
2026-04-27 10:30:00,2026-04-27 08:30:00,27301.0,27308.5,27290.5,27303.5,2177,13,0
2026-04-27 10:45:00,2026-04-27 08:45:00,27303.5,27317.4,27299.2,27308.5,1989,13,0
2026-04-27 11:00:00,2026-04-27 09:00:00,27308.3,27317.0,27272.2,27273.8,2876,13,0
2026-04-27 11:15:00,2026-04-27 09:15:00,27273.7,27300.8,27271.4,27296.7,2327,13,0
2026-04-27 11:30:00,2026-04-27 09:30:00,27296.5,27320.0,27295.4,27317.5,2060,13,0
2026-04-27 11:45:00,2026-04-27 09:45:00,27317.5,27327.5,27316.2,27323.0,1772,13,0
2026-04-27 12:00:00,2026-04-27 10:00:00,27322.8,27333.7,27319.0,27330.5,1658,13,0
2026-04-27 12:15:00,2026-04-27 10:15:00,27330.8,27337.8,27324.3,27334.2,1631,13,0
2026-04-27 12:30:00,2026-04-27 10:30:00,27334.3,27342.2,27330.0,27334.8,1538,13,0
2026-04-27 12:45:00,2026-04-27 10:45:00,27334.8,27348.8,27333.2,27337.9,1440,13,0
2026-04-27 13:00:00,2026-04-27 11:00:00,27337.8,27341.7,27324.3,27328.8,1593,13,0
2026-04-27 13:15:00,2026-04-27 11:15:00,27328.7,27347.8,27327.3,27336.3,1562,13,0
2026-04-27 13:30:00,2026-04-27 11:30:00,27336.4,27363.4,27334.7,27360.3,1717,13,0
2026-04-27 13:45:00,2026-04-27 11:45:00,27360.2,27366.3,27349.7,27358.5,1923,13,0
2026-04-27 14:00:00,2026-04-27 12:00:00,27358.3,27375.5,27358.3,27367.8,2018,13,0
2026-04-27 14:15:00,2026-04-27 12:15:00,27367.8,27380.7,27361.0,27375.4,1935,13,0
2026-04-27 14:30:00,2026-04-27 12:30:00,27375.5,27382.9,27361.7,27364.8,1836,13,0
2026-04-27 14:45:00,2026-04-27 12:45:00,27364.8,27374.4,27361.0,27364.7,1845,13,0
2026-04-27 15:00:00,2026-04-27 13:00:00,27364.7,27366.0,27342.4,27349.5,2216,13,0
2026-04-27 15:15:00,2026-04-27 13:15:00,27349.5,27350.0,27281.8,27302.5,2785,13,0
2026-04-27 15:30:00,2026-04-27 13:30:00,27302.0,27306.5,27273.2,27301.5,2812,13,0
2026-04-27 15:45:00,2026-04-27 13:45:00,27301.4,27320.2,27291.8,27302.4,2531,13,0
2026-04-27 16:00:00,2026-04-27 14:00:00,27302.4,27315.5,27268.0,27299.0,3238,13,0
2026-04-27 16:15:00,2026-04-27 14:15:00,27299.2,27308.5,27276.4,27296.0,2807,13,0
2026-04-27 16:30:00,2026-04-27 14:30:00,27294.5,27311.4,27238.4,27269.4,4106,10,0
2026-04-27 16:45:00,2026-04-27 14:45:00,27269.9,27295.9,27182.7,27283.7,4036,10,0
2026-04-27 17:00:00,2026-04-27 15:00:00,27284.7,27291.9,27233.2,27272.8,3931,10,0
2026-04-27 17:15:00,2026-04-27 15:15:00,27272.4,27276.1,27235.9,27243.2,3957,10,0
2026-04-27 17:30:00,2026-04-27 15:30:00,27242.7,27286.9,27205.4,27260.1,3993,10,0
2026-04-27 17:45:00,2026-04-27 15:45:00,27259.8,27272.4,27229.2,27251.3,3853,10,0
2026-04-27 18:00:00,2026-04-27 16:00:00,27251.3,27262.1,27215.3,27222.3,3839,10,0
2026-04-27 18:15:00,2026-04-27 16:15:00,27222.8,27242.8,27190.9,27227.6,3838,10,0
2026-04-27 18:30:00,2026-04-27 16:30:00,27227.6,27265.9,27219.4,27254.6,3598,10,0
2026-04-27 18:45:00,2026-04-27 16:45:00,27254.6,27263.4,27232.8,27250.3,3415,10,0
2026-04-27 19:00:00,2026-04-27 17:00:00,27250.1,27266.6,27231.2,27258.1,3371,10,0
2026-04-27 19:15:00,2026-04-27 17:15:00,27257.7,27272.3,27253.8,27259.6,3117,10,0
2026-04-27 19:30:00,2026-04-27 17:30:00,27259.6,27289.6,27259.6,27279.6,3107,10,0
2026-04-27 19:45:00,2026-04-27 17:45:00,27279.3,27289.1,27262.3,27273.6,2977,10,0
2026-04-27 20:00:00,2026-04-27 18:00:00,27273.6,27297.3,27273.4,27296.8,2939,10,0
2026-04-27 20:15:00,2026-04-27 18:15:00,27296.7,27301.7,27263.9,27294.6,3216,10,0
2026-04-27 20:30:00,2026-04-27 18:30:00,27294.1,27321.6,27294.1,27313.3,3059,10,0
2026-04-27 20:45:00,2026-04-27 18:45:00,27313.3,27322.6,27301.8,27311.8,2843,10,0
2026-04-27 21:00:00,2026-04-27 19:00:00,27311.8,27318.3,27301.1,27313.3,2791,10,0
2026-04-27 21:15:00,2026-04-27 19:15:00,27312.6,27319.3,27305.8,27311.6,2693,10,0
2026-04-27 21:30:00,2026-04-27 19:30:00,27311.3,27317.4,27289.9,27294.6,2755,10,0
2026-04-27 21:45:00,2026-04-27 19:45:00,27294.3,27296.1,27274.3,27282.9,2748,10,0
2026-04-27 22:00:00,2026-04-27 20:00:00,27282.2,27298.7,27273.8,27296.8,2750,10,0
2026-04-27 22:15:00,2026-04-27 20:15:00,27297.1,27312.1,27296.1,27306.1,2722,10,0
2026-04-27 22:30:00,2026-04-27 20:30:00,27306.6,27318.9,27294.6,27312.4,2862,10,0
2026-04-27 22:45:00,2026-04-27 20:45:00,27312.3,27334.6,27310.9,27326.6,3084,10,0
2026-04-27 23:00:00,2026-04-27 21:00:00,27326.6,27328.6,27305.2,27310.1,2046,15,0
2026-04-27 23:15:00,2026-04-27 21:15:00,27310.1,27316.8,27293.9,27307.7,1601,15,0
2026-04-27 23:30:00,2026-04-27 21:30:00,27307.7,27322.6,27307.2,27317.6,1122,15,0
2026-04-27 23:45:00,2026-04-27 21:45:00,27317.6,27318.8,27300.2,27301.6,1008,15,0
2026-04-28 01:00:00,2026-04-27 23:00:00,27314.3,27375.0,27314.3,27370.2,2416,15,0
2026-04-28 01:15:00,2026-04-27 23:15:00,27369.8,27386.2,27369.6,27378.1,1682,15,0
2026-04-28 01:30:00,2026-04-27 23:30:00,27378.1,27384.3,27375.0,27381.0,1276,15,0
2026-04-28 01:45:00,2026-04-27 23:45:00,27381.0,27381.5,27366.7,27370.6,1131,15,0
2026-04-28 02:00:00,2026-04-28 00:00:00,27370.6,27375.0,27360.6,27364.2,988,15,0
2026-04-28 02:15:00,2026-04-28 00:15:00,27364.2,27380.0,27364.0,27375.6,1028,15,0
2026-04-28 02:30:00,2026-04-28 00:30:00,27375.6,27388.8,27372.0,27383.2,1070,15,0
2026-04-28 02:45:00,2026-04-28 00:45:00,27383.2,27385.1,27370.5,27374.8,1304,15,0
2026-04-28 03:00:00,2026-04-28 01:00:00,27375.2,27397.1,27366.3,27387.3,2830,15,0
2026-04-28 03:15:00,2026-04-28 01:15:00,27387.2,27387.2,27336.2,27349.8,2784,15,0
2026-04-28 03:30:00,2026-04-28 01:30:00,27350.2,27363.8,27341.5,27360.6,2511,15,0
2026-04-28 03:45:00,2026-04-28 01:45:00,27360.7,27366.7,27352.8,27352.8,1946,15,0
2026-04-28 04:00:00,2026-04-28 02:00:00,27353.5,27358.5,27335.7,27346.5,2657,15,0
2026-04-28 04:15:00,2026-04-28 02:15:00,27346.3,27357.5,27339.7,27355.6,2132,15,0
2026-04-28 04:30:00,2026-04-28 02:30:00,27355.5,27369.7,27343.3,27364.5,2310,15,0
2026-04-28 04:45:00,2026-04-28 02:45:00,27364.5,27366.5,27303.2,27306.7,2741,15,0
2026-04-28 05:00:00,2026-04-28 03:00:00,27306.8,27319.2,27297.5,27316.7,2430,15,0
2026-04-28 05:15:00,2026-04-28 03:15:00,27316.6,27322.0,27310.0,27315.5,1947,15,0
2026-04-28 05:30:00,2026-04-28 03:30:00,27315.5,27315.5,27288.2,27293.1,2062,15,0
2026-04-28 05:45:00,2026-04-28 03:45:00,27293.1,27297.8,27271.7,27280.0,1905,15,0
2026-04-28 06:00:00,2026-04-28 04:00:00,27280.0,27295.5,27274.5,27293.8,2115,15,0
2026-04-28 06:15:00,2026-04-28 04:15:00,27293.7,27307.5,27291.0,27305.2,1617,15,0
2026-04-28 06:30:00,2026-04-28 04:30:00,27305.2,27313.6,27304.6,27306.7,1656,15,0
2026-04-28 06:45:00,2026-04-28 04:45:00,27306.8,27307.3,27291.6,27295.5,1863,15,0
2026-04-28 07:00:00,2026-04-28 05:00:00,27295.6,27313.1,27290.2,27309.2,1922,15,0
2026-04-28 07:15:00,2026-04-28 05:15:00,27309.2,27315.6,27307.8,27312.7,1457,15,0
2026-04-28 07:30:00,2026-04-28 05:30:00,27312.7,27323.1,27312.3,27320.6,1373,15,0
2026-04-28 07:45:00,2026-04-28 05:45:00,27320.7,27324.6,27300.8,27302.6,1464,15,0
2026-04-28 08:00:00,2026-04-28 06:00:00,27302.5,27308.6,27260.3,27272.5,2185,15,0
2026-04-28 08:15:00,2026-04-28 06:15:00,27272.5,27282.7,27261.1,27277.5,1927,15,0
2026-04-28 08:30:00,2026-04-28 06:30:00,27277.7,27278.2,27235.6,27256.2,2619,15,0
2026-04-28 08:45:00,2026-04-28 06:45:00,27256.2,27259.0,27238.8,27249.2,2156,15,0
2026-04-28 09:00:00,2026-04-28 07:00:00,27249.2,27263.4,27240.0,27256.4,2459,13,0
2026-04-28 09:15:00,2026-04-28 07:15:00,27256.4,27259.1,27242.7,27254.1,2126,13,0
2026-04-28 09:30:00,2026-04-28 07:30:00,27254.6,27260.3,27217.7,27220.3,2286,13,0
2026-04-28 09:45:00,2026-04-28 07:45:00,27220.3,27228.2,27208.3,27222.7,2157,13,0
2026-04-28 10:00:00,2026-04-28 08:00:00,27222.6,27230.7,27206.6,27222.4,2826,13,0
2026-04-28 10:15:00,2026-04-28 08:15:00,27222.8,27233.4,27206.3,27213.8,2723,13,0
2026-04-28 10:30:00,2026-04-28 08:30:00,27213.8,27237.3,27211.6,27224.8,2513,13,0
2026-04-28 10:45:00,2026-04-28 08:45:00,27224.8,27231.6,27207.8,27223.2,2453,13,0
2026-04-28 11:00:00,2026-04-28 09:00:00,27223.2,27225.6,27188.1,27200.7,3104,13,0
2026-04-28 11:15:00,2026-04-28 09:15:00,27200.6,27240.7,27200.6,27238.9,2654,13,0
2026-04-28 11:30:00,2026-04-28 09:30:00,27240.6,27244.4,27227.9,27230.3,2349,13,0
2026-04-28 11:45:00,2026-04-28 09:45:00,27230.3,27237.8,27220.9,27237.7,2046,13,0
2026-04-28 12:00:00,2026-04-28 10:00:00,27237.7,27240.3,27211.6,27228.6,2410,13,0
2026-04-28 12:15:00,2026-04-28 10:15:00,27228.1,27229.7,27193.9,27199.6,2325,13,0
2026-04-28 12:30:00,2026-04-28 10:30:00,27199.6,27202.3,27160.7,27170.3,2677,13,0
2026-04-28 12:45:00,2026-04-28 10:45:00,27170.3,27183.1,27141.7,27170.4,2569,13,0
2026-04-28 13:00:00,2026-04-28 11:00:00,27169.8,27186.2,27148.1,27150.1,2408,13,0
2026-04-28 13:15:00,2026-04-28 11:15:00,27150.3,27169.6,27137.4,27155.4,2391,13,0
2026-04-28 13:30:00,2026-04-28 11:30:00,27154.6,27164.3,27136.8,27137.8,2465,13,0
2026-04-28 13:45:00,2026-04-28 11:45:00,27137.7,27151.4,27124.3,27147.6,2366,13,0
2026-04-28 14:00:00,2026-04-28 12:00:00,27147.3,27155.1,27069.7,27077.3,3058,13,0
2026-04-28 14:15:00,2026-04-28 12:15:00,27077.2,27080.9,27026.7,27039.8,3229,13,0
2026-04-28 14:30:00,2026-04-28 12:30:00,27039.8,27041.6,26993.1,27029.6,3443,13,0
2026-04-28 14:45:00,2026-04-28 12:45:00,27029.6,27035.1,26966.6,26980.6,3463,13,0
2026-04-28 15:00:00,2026-04-28 13:00:00,26979.9,26992.9,26949.4,26983.4,3503,13,0
2026-04-28 15:15:00,2026-04-28 13:15:00,26984.9,27006.3,26931.1,26938.8,3574,13,0
2026-04-28 15:30:00,2026-04-28 13:30:00,26939.3,26996.2,26921.8,26979.8,3413,13,0
2026-04-28 15:45:00,2026-04-28 13:45:00,26979.6,27038.6,26976.8,27034.1,3188,13,0
2026-04-28 16:00:00,2026-04-28 14:00:00,27034.1,27049.9,27008.1,27010.1,3164,13,0
2026-04-28 16:15:00,2026-04-28 14:15:00,27010.1,27062.8,27000.1,27047.1,3253,13,0
2026-04-28 16:30:00,2026-04-28 14:30:00,27047.1,27125.2,26955.3,27099.7,4162,10,0
2026-04-28 16:45:00,2026-04-28 14:45:00,27099.6,27135.7,27028.2,27090.5,3978,10,0
2026-04-28 17:00:00,2026-04-28 15:00:00,27088.7,27118.8,27055.5,27090.5,3917,10,0
2026-04-28 17:15:00,2026-04-28 15:15:00,27090.8,27102.1,27034.3,27053.8,3994,10,0
2026-04-28 17:30:00,2026-04-28 15:30:00,27054.6,27067.0,26926.8,26987.6,4100,10,0
2026-04-28 17:45:00,2026-04-28 15:45:00,26987.6,26998.5,26898.7,26978.1,4111,10,0
2026-04-28 18:00:00,2026-04-28 16:00:00,26978.0,27004.6,26918.5,26981.1,4038,10,0
2026-04-28 18:15:00,2026-04-28 16:15:00,26981.3,26986.2,26922.2,26931.3,3947,10,0
2026-04-28 18:30:00,2026-04-28 16:30:00,26932.1,26944.0,26899.1,26923.6,3881,10,0
2026-04-28 18:45:00,2026-04-28 16:45:00,26924.1,26940.2,26895.5,26939.0,3799,10,0
2026-04-28 19:00:00,2026-04-28 17:00:00,26938.6,26971.6,26926.6,26956.3,3688,10,0
2026-04-28 19:15:00,2026-04-28 17:15:00,26955.7,26973.8,26940.5,26955.8,3435,10,0
2026-04-28 19:30:00,2026-04-28 17:30:00,26956.3,26963.6,26914.3,26925.7,3441,10,0
2026-04-28 19:45:00,2026-04-28 17:45:00,26925.3,26980.8,26922.6,26969.3,3613,10,0
2026-04-28 20:00:00,2026-04-28 18:00:00,26969.6,26981.3,26933.3,26957.0,3431,10,0
2026-04-28 20:15:00,2026-04-28 18:15:00,26957.1,26977.8,26933.8,26968.6,3241,10,0
2026-04-28 20:30:00,2026-04-28 18:30:00,26968.3,27016.8,26967.8,27004.6,3153,10,0
2026-04-28 20:45:00,2026-04-28 18:45:00,27004.5,27029.0,26998.8,27026.7,3079,10,0
2026-04-28 21:00:00,2026-04-28 19:00:00,27026.6,27033.1,27006.3,27026.3,3034,10,0
2026-04-28 21:15:00,2026-04-28 19:15:00,27026.1,27067.1,27026.1,27061.1,3220,10,0
2026-04-28 21:30:00,2026-04-28 19:30:00,27061.1,27066.1,27036.7,27063.8,2934,10,0
2026-04-28 21:45:00,2026-04-28 19:45:00,27063.8,27080.1,27056.0,27080.1,2730,10,0
2026-04-28 22:00:00,2026-04-28 20:00:00,27079.8,27110.1,27073.6,27092.6,2987,10,0
2026-04-28 22:15:00,2026-04-28 20:15:00,27092.6,27092.8,27059.6,27072.3,3169,10,0
2026-04-28 22:30:00,2026-04-28 20:30:00,27072.6,27077.3,27050.2,27064.6,3128,10,0
2026-04-28 22:45:00,2026-04-28 20:45:00,27064.8,27073.8,27040.8,27054.1,3314,10,0
2026-04-28 23:00:00,2026-04-28 21:00:00,27054.8,27085.7,27032.7,27071.8,2832,15,0
2026-04-28 23:15:00,2026-04-28 21:15:00,27071.8,27092.3,27071.2,27085.6,1904,15,0
2026-04-28 23:30:00,2026-04-28 21:30:00,27085.6,27086.8,27076.5,27080.7,1437,15,0
2026-04-28 23:45:00,2026-04-28 21:45:00,27080.6,27084.2,27071.0,27076.0,1281,15,0
2026-04-29 01:00:00,2026-04-28 23:00:00,27094.2,27120.9,27094.2,27112.5,1724,15,0
2026-04-29 01:15:00,2026-04-28 23:15:00,27112.5,27114.6,27097.5,27102.9,1062,15,0
2026-04-29 01:30:00,2026-04-28 23:30:00,27102.7,27115.2,27102.7,27108.1,954,15,0
2026-04-29 01:45:00,2026-04-28 23:45:00,27108.1,27112.0,27105.9,27111.9,707,15,0
2026-04-29 02:00:00,2026-04-29 00:00:00,27111.9,27115.1,27102.1,27108.0,861,15,0
2026-04-29 02:15:00,2026-04-29 00:15:00,27108.0,27114.1,27108.0,27112.1,562,15,0
2026-04-29 02:30:00,2026-04-29 00:30:00,27112.1,27129.1,27111.9,27126.5,969,15,0
2026-04-29 02:45:00,2026-04-29 00:45:00,27126.6,27136.0,27123.1,27134.9,1167,15,0
2026-04-29 03:00:00,2026-04-29 01:00:00,27135.0,27168.7,27135.0,27166.6,1986,15,0
2026-04-29 03:15:00,2026-04-29 01:15:00,27166.6,27177.4,27152.6,27176.9,1883,15,0
2026-04-29 03:30:00,2026-04-29 01:30:00,27176.9,27182.0,27160.4,27168.0,1544,15,0
2026-04-29 03:45:00,2026-04-29 01:45:00,27168.0,27168.7,27150.4,27151.9,1698,15,0
2026-04-29 04:00:00,2026-04-29 02:00:00,27152.1,27153.9,27080.2,27109.7,3244,15,0
2026-04-29 04:15:00,2026-04-29 02:15:00,27109.5,27124.9,27102.4,27116.5,2691,15,0
2026-04-29 04:30:00,2026-04-29 02:30:00,27116.2,27157.6,27111.9,27148.1,2781,15,0
2026-04-29 04:45:00,2026-04-29 02:45:00,27148.1,27151.6,27128.7,27135.1,2472,15,0
2026-04-29 05:00:00,2026-04-29 03:00:00,27135.1,27159.5,27131.7,27158.2,2409,15,0
2026-04-29 05:15:00,2026-04-29 03:15:00,27158.1,27170.0,27150.2,27153.7,2028,15,0
2026-04-29 05:30:00,2026-04-29 03:30:00,27153.9,27154.7,27136.2,27141.9,1929,15,0
2026-04-29 05:45:00,2026-04-29 03:45:00,27141.9,27159.4,27138.6,27156.1,1733,15,0
2026-04-29 06:00:00,2026-04-29 04:00:00,27156.1,27181.5,27154.5,27171.7,1763,15,0
2026-04-29 06:15:00,2026-04-29 04:15:00,27171.7,27180.0,27169.6,27175.6,1441,15,0
2026-04-29 06:30:00,2026-04-29 04:30:00,27175.9,27177.6,27167.6,27169.1,1246,15,0
2026-04-29 06:45:00,2026-04-29 04:45:00,27169.2,27174.0,27164.9,27171.6,1238,15,0
2026-04-29 07:00:00,2026-04-29 05:00:00,27171.7,27184.9,27171.4,27183.1,1200,15,0
2026-04-29 07:15:00,2026-04-29 05:15:00,27183.1,27185.0,27177.2,27181.6,1033,15,0
2026-04-29 07:30:00,2026-04-29 05:30:00,27181.6,27200.2,27181.6,27190.9,1531,15,0
2026-04-29 07:45:00,2026-04-29 05:45:00,27190.9,27191.6,27181.6,27186.4,1076,15,0
2026-04-29 08:00:00,2026-04-29 06:00:00,27186.4,27190.2,27170.9,27173.0,1618,15,0
2026-04-29 08:15:00,2026-04-29 06:15:00,27173.1,27184.1,27165.0,27182.2,1609,15,0
2026-04-29 08:30:00,2026-04-29 06:30:00,27182.5,27191.7,27176.6,27190.4,1600,15,0
2026-04-29 08:45:00,2026-04-29 06:45:00,27190.4,27197.6,27185.2,27185.2,1415,15,0
2026-04-29 09:00:00,2026-04-29 07:00:00,27185.1,27205.7,27181.7,27183.6,1902,13,0
2026-04-29 09:15:00,2026-04-29 07:15:00,27183.7,27184.3,27170.1,27171.7,1870,13,0
2026-04-29 09:30:00,2026-04-29 07:30:00,27171.5,27186.8,27167.0,27180.5,1817,13,0
2026-04-29 09:45:00,2026-04-29 07:45:00,27180.6,27181.0,27149.3,27153.7,1993,13,0
2026-04-29 10:00:00,2026-04-29 08:00:00,27153.8,27176.5,27143.7,27146.1,2649,13,0
2026-04-29 10:15:00,2026-04-29 08:15:00,27146.2,27156.2,27135.2,27151.8,2502,13,0
2026-04-29 10:30:00,2026-04-29 08:30:00,27151.2,27160.7,27126.2,27127.7,2516,13,0
2026-04-29 10:45:00,2026-04-29 08:45:00,27126.2,27128.7,27098.7,27126.6,2799,13,0
2026-04-29 11:00:00,2026-04-29 09:00:00,27126.5,27150.3,27095.1,27098.6,3124,13,0
2026-04-29 11:15:00,2026-04-29 09:15:00,27098.7,27137.6,27087.0,27134.0,2726,13,0
2026-04-29 11:30:00,2026-04-29 09:30:00,27133.5,27136.3,27094.1,27128.8,2850,13,0
2026-04-29 11:45:00,2026-04-29 09:45:00,27129.0,27136.8,27118.0,27129.6,2541,13,0
2026-04-29 12:00:00,2026-04-29 10:00:00,27129.6,27150.2,27117.8,27143.2,2537,13,0
2026-04-29 12:15:00,2026-04-29 10:15:00,27143.2,27158.2,27128.5,27138.1,2283,13,0
2026-04-29 12:30:00,2026-04-29 10:30:00,27138.0,27154.0,27122.1,27123.6,2536,13,0
2026-04-29 12:45:00,2026-04-29 10:45:00,27125.0,27136.3,27111.0,27117.5,2411,13,0
2026-04-29 13:00:00,2026-04-29 11:00:00,27116.8,27134.7,27100.2,27133.6,2435,13,0
2026-04-29 13:15:00,2026-04-29 11:15:00,27133.7,27175.8,27132.2,27169.7,2228,13,0
2026-04-29 13:30:00,2026-04-29 11:30:00,27170.0,27176.6,27146.1,27152.6,2256,13,0
2026-04-29 13:45:00,2026-04-29 11:45:00,27152.1,27162.5,27142.6,27151.6,2213,13,0
2026-04-29 14:00:00,2026-04-29 12:00:00,27152.3,27164.5,27143.2,27158.5,2457,13,0
2026-04-29 14:15:00,2026-04-29 12:15:00,27158.3,27168.2,27145.8,27149.0,2294,13,0
2026-04-29 14:30:00,2026-04-29 12:30:00,27149.1,27173.5,27129.2,27137.0,2580,13,0
2026-04-29 14:45:00,2026-04-29 12:45:00,27137.0,27149.8,27124.0,27139.6,2399,13,0
2026-04-29 15:00:00,2026-04-29 13:00:00,27139.6,27141.0,27119.2,27121.7,2339,13,0
2026-04-29 15:15:00,2026-04-29 13:15:00,27122.2,27139.8,27106.8,27120.1,2396,13,0
2026-04-29 15:30:00,2026-04-29 13:30:00,27119.8,27136.1,27081.1,27129.2,2986,13,0
2026-04-29 15:45:00,2026-04-29 13:45:00,27129.1,27133.7,27106.6,27113.6,2523,13,0
2026-04-29 16:00:00,2026-04-29 14:00:00,27113.5,27138.5,27113.5,27131.5,2529,13,0
2026-04-29 16:15:00,2026-04-29 14:15:00,27131.6,27134.2,27088.2,27096.2,3080,13,0
2026-04-29 16:30:00,2026-04-29 14:30:00,27096.2,27105.2,27013.2,27068.4,4142,10,0
2026-04-29 16:45:00,2026-04-29 14:45:00,27068.4,27123.4,27044.7,27109.0,3919,10,0
2026-04-29 17:00:00,2026-04-29 15:00:00,27109.2,27112.9,27067.6,27103.7,3940,10,0
2026-04-29 17:15:00,2026-04-29 15:15:00,27103.5,27165.2,27092.5,27156.2,3834,10,0
2026-04-29 17:30:00,2026-04-29 15:30:00,27156.9,27203.5,27137.2,27193.4,3739,10,0
2026-04-29 17:45:00,2026-04-29 15:45:00,27194.1,27200.1,27170.9,27191.2,3597,10,0
2026-04-29 18:00:00,2026-04-29 16:00:00,27191.2,27197.6,27111.2,27118.7,3591,10,0
2026-04-29 18:15:00,2026-04-29 16:15:00,27118.7,27174.0,27109.0,27164.0,3615,10,0
2026-04-29 18:30:00,2026-04-29 16:30:00,27164.1,27181.4,27155.7,27166.5,3659,10,0
2026-04-29 18:45:00,2026-04-29 16:45:00,27166.2,27186.2,27089.1,27128.1,3780,10,0
2026-04-29 19:00:00,2026-04-29 17:00:00,27128.6,27161.9,27119.9,27135.9,3624,10,0
2026-04-29 19:15:00,2026-04-29 17:15:00,27136.0,27145.0,27088.9,27091.0,3505,10,0
2026-04-29 19:30:00,2026-04-29 17:30:00,27091.1,27098.2,27042.2,27093.5,3728,10,0
2026-04-29 19:45:00,2026-04-29 17:45:00,27093.5,27110.0,27072.7,27087.2,3384,10,0
2026-04-29 20:00:00,2026-04-29 18:00:00,27087.7,27106.0,27059.5,27093.7,3439,10,0
2026-04-29 20:15:00,2026-04-29 18:15:00,27093.6,27116.2,27080.0,27102.5,3397,10,0
2026-04-29 20:30:00,2026-04-29 18:30:00,27102.1,27118.7,27094.2,27109.0,3222,10,0
2026-04-29 20:45:00,2026-04-29 18:45:00,27108.9,27141.7,27105.2,27137.7,3138,10,0
2026-04-29 21:00:00,2026-04-29 19:00:00,27137.7,27143.4,27047.1,27080.4,3644,10,0
2026-04-29 21:15:00,2026-04-29 19:15:00,27079.9,27126.6,27077.4,27097.0,3509,10,0
2026-04-29 21:30:00,2026-04-29 19:30:00,27097.1,27151.6,27069.5,27080.6,3713,10,0
2026-04-29 21:45:00,2026-04-29 19:45:00,27080.5,27189.2,27063.4,27184.7,3667,10,0
2026-04-29 22:00:00,2026-04-29 20:00:00,27184.0,27209.4,27153.1,27208.0,3519,10,0
2026-04-29 22:15:00,2026-04-29 20:15:00,27207.6,27226.4,27186.6,27199.5,3541,10,0
2026-04-29 22:30:00,2026-04-29 20:30:00,27199.2,27202.4,27156.1,27165.7,3605,10,0
2026-04-29 22:45:00,2026-04-29 20:45:00,27165.7,27222.9,27151.1,27222.9,3504,10,0
2026-04-29 23:00:00,2026-04-29 21:00:00,27223.5,27296.4,27008.0,27011.9,3969,15,0
2026-04-29 23:15:00,2026-04-29 21:15:00,27017.6,27176.2,26985.7,27170.9,3735,15,0
2026-04-29 23:30:00,2026-04-29 21:30:00,27171.0,27186.5,27139.9,27142.4,3536,15,0
2026-04-29 23:45:00,2026-04-29 21:45:00,27141.6,27162.7,27038.7,27045.4,3187,15,0
2026-04-30 01:00:00,2026-04-29 23:00:00,27113.0,27327.9,27110.3,27326.7,2864,15,0
2026-04-30 01:15:00,2026-04-29 23:15:00,27325.8,27390.7,27318.8,27359.3,2674,15,0
2026-04-30 01:30:00,2026-04-29 23:30:00,27359.2,27379.5,27343.4,27363.2,2065,15,0
2026-04-30 01:45:00,2026-04-29 23:45:00,27362.9,27390.3,27357.3,27362.9,2186,15,0
2026-04-30 02:00:00,2026-04-30 00:00:00,27362.7,27375.3,27355.5,27366.7,1997,15,0
2026-04-30 02:15:00,2026-04-30 00:15:00,27366.7,27368.4,27344.2,27362.8,1718,15,0
2026-04-30 02:30:00,2026-04-30 00:30:00,27362.8,27412.9,27362.8,27411.8,1958,15,0
2026-04-30 02:45:00,2026-04-30 00:45:00,27411.5,27447.7,27402.2,27442.4,2417,15,0
2026-04-30 03:00:00,2026-04-30 01:00:00,27442.5,27483.3,27442.3,27465.2,3143,15,0
2026-04-30 03:15:00,2026-04-30 01:15:00,27465.7,27482.9,27449.8,27467.0,2789,15,0
2026-04-30 03:30:00,2026-04-30 01:30:00,27467.0,27513.4,27467.0,27494.0,2637,15,0
2026-04-30 03:45:00,2026-04-30 01:45:00,27494.0,27506.8,27481.0,27486.5,2494,15,0
2026-04-30 04:00:00,2026-04-30 02:00:00,27486.3,27492.7,27457.0,27459.4,2762,15,0
2026-04-30 04:15:00,2026-04-30 02:15:00,27459.3,27473.7,27455.8,27471.9,2268,15,0
2026-04-30 04:30:00,2026-04-30 02:30:00,27471.9,27487.9,27447.4,27458.9,2563,15,0
2026-04-30 04:45:00,2026-04-30 02:45:00,27458.9,27474.3,27449.3,27471.8,2163,15,0
2026-04-30 05:00:00,2026-04-30 03:00:00,27471.9,27478.9,27450.3,27457.4,2115,15,0
2026-04-30 05:15:00,2026-04-30 03:15:00,27457.4,27459.0,27405.5,27409.0,2150,15,0
2026-04-30 05:30:00,2026-04-30 03:30:00,27408.5,27408.5,27278.7,27329.2,3620,15,0
2026-04-30 05:45:00,2026-04-30 03:45:00,27329.2,27332.7,27287.0,27317.9,3191,15,0
2026-04-30 06:00:00,2026-04-30 04:00:00,27317.9,27344.3,27295.9,27304.4,2938,15,0
2026-04-30 06:15:00,2026-04-30 04:15:00,27304.9,27317.0,27294.2,27314.4,2752,15,0
2026-04-30 06:30:00,2026-04-30 04:30:00,27314.4,27331.5,27304.5,27318.3,2757,15,0
2026-04-30 06:45:00,2026-04-30 04:45:00,27318.4,27323.8,27297.0,27300.9,2454,15,0
2026-04-30 07:00:00,2026-04-30 05:00:00,27300.9,27301.9,27211.9,27229.8,3144,15,0
2026-04-30 07:15:00,2026-04-30 05:15:00,27230.0,27236.8,27170.0,27188.8,3157,15,0
2026-04-30 07:30:00,2026-04-30 05:30:00,27188.4,27190.7,27131.2,27158.2,3269,15,0
2026-04-30 07:45:00,2026-04-30 05:45:00,27158.4,27169.8,27122.3,27126.0,2957,15,0
2026-04-30 08:00:00,2026-04-30 06:00:00,27124.7,27197.8,27124.2,27196.8,3207,15,0
2026-04-30 08:15:00,2026-04-30 06:15:00,27196.7,27199.7,27135.9,27143.5,2991,15,0
2026-04-30 08:30:00,2026-04-30 06:30:00,27143.8,27188.0,27142.4,27165.2,2784,15,0
2026-04-30 08:45:00,2026-04-30 06:45:00,27165.2,27170.2,27113.2,27115.4,2842,15,0
2026-04-30 09:00:00,2026-04-30 07:00:00,27114.8,27121.8,27077.1,27103.8,3231,13,0
2026-04-30 09:15:00,2026-04-30 07:15:00,27102.5,27130.9,27092.1,27124.1,2972,13,0
2026-04-30 09:30:00,2026-04-30 07:30:00,27124.6,27198.1,27124.6,27161.9,3189,13,0
2026-04-30 09:45:00,2026-04-30 07:45:00,27161.8,27183.6,27143.9,27174.6,2771,13,0
2026-04-30 10:00:00,2026-04-30 08:00:00,27174.4,27232.9,27161.8,27215.3,3368,13,0
2026-04-30 10:15:00,2026-04-30 08:15:00,27215.3,27254.9,27196.0,27253.9,3051,13,0
2026-04-30 10:30:00,2026-04-30 08:30:00,27254.0,27269.0,27243.6,27250.8,3017,13,0
2026-04-30 10:45:00,2026-04-30 08:45:00,27250.5,27258.6,27226.4,27243.3,2758,13,0
2026-04-30 11:00:00,2026-04-30 09:00:00,27243.1,27273.4,27232.9,27247.9,3299,13,0
2026-04-30 11:15:00,2026-04-30 09:15:00,27247.6,27254.1,27216.0,27253.9,3005,13,0
2026-04-30 11:30:00,2026-04-30 09:30:00,27252.9,27287.5,27251.0,27274.9,2932,13,0
2026-04-30 11:45:00,2026-04-30 09:45:00,27275.0,27286.5,27251.3,27251.3,2773,13,0
2026-04-30 12:00:00,2026-04-30 10:00:00,27251.3,27270.3,27233.8,27243.3,2888,13,0
2026-04-30 12:15:00,2026-04-30 10:15:00,27242.8,27286.0,27222.6,27284.6,2932,13,0
2026-04-30 12:30:00,2026-04-30 10:30:00,27284.5,27332.5,27263.1,27266.5,3282,13,0
2026-04-30 12:45:00,2026-04-30 10:45:00,27266.4,27282.3,27249.0,27259.6,2925,13,0
2026-04-30 13:00:00,2026-04-30 11:00:00,27259.3,27291.4,27259.1,27268.0,2882,13,0
2026-04-30 13:15:00,2026-04-30 11:15:00,27268.1,27314.1,27262.8,27308.6,2621,13,0
2026-04-30 13:30:00,2026-04-30 11:30:00,27308.8,27320.6,27263.8,27270.5,3334,13,0
2026-04-30 13:45:00,2026-04-30 11:45:00,27270.0,27293.5,27247.9,27266.9,2937,13,0
2026-04-30 14:00:00,2026-04-30 12:00:00,27266.9,27327.1,27262.8,27305.5,3206,13,0
2026-04-30 14:15:00,2026-04-30 12:15:00,27305.6,27381.3,27302.8,27379.1,3093,13,0
2026-04-30 14:30:00,2026-04-30 12:30:00,27379.5,27385.3,27341.6,27342.5,3179,13,0
2026-04-30 14:45:00,2026-04-30 12:45:00,27341.6,27356.5,27326.5,27330.9,2840,13,0
2026-04-30 15:00:00,2026-04-30 13:00:00,27330.9,27382.3,27329.4,27377.8,2577,13,0
2026-04-30 15:15:00,2026-04-30 13:15:00,27377.8,27430.9,27377.0,27430.9,3061,13,0
2026-04-30 15:30:00,2026-04-30 13:30:00,27431.3,27436.8,27363.1,27377.4,3288,13,0
2026-04-30 15:45:00,2026-04-30 13:45:00,27377.5,27425.0,27371.0,27415.4,3101,13,0
2026-04-30 16:00:00,2026-04-30 14:00:00,27414.9,27430.9,27388.6,27390.4,3196,13,0
2026-04-30 16:15:00,2026-04-30 14:15:00,27390.5,27405.1,27384.0,27387.0,3146,13,0
2026-04-30 16:30:00,2026-04-30 14:30:00,27386.5,27386.5,27164.0,27237.0,4204,10,0
2026-04-30 16:45:00,2026-04-30 14:45:00,27237.3,27255.8,27096.0,27136.9,4142,10,0
2026-04-30 17:00:00,2026-04-30 15:00:00,27138.0,27194.0,27093.3,27143.8,4092,10,0
2026-04-30 17:15:00,2026-04-30 15:15:00,27144.3,27149.2,27055.2,27119.3,4144,10,0
2026-04-30 17:30:00,2026-04-30 15:30:00,27119.5,27166.3,27062.9,27137.9,4126,10,0
2026-04-30 17:45:00,2026-04-30 15:45:00,27137.5,27266.9,27136.0,27251.5,3997,10,0
2026-04-30 18:00:00,2026-04-30 16:00:00,27251.7,27305.7,27249.2,27292.0,3947,10,0
2026-04-30 18:15:00,2026-04-30 16:15:00,27292.4,27308.2,27269.2,27296.3,3907,10,0
2026-04-30 18:30:00,2026-04-30 16:30:00,27296.4,27325.9,27244.4,27256.2,3866,10,0
2026-04-30 18:45:00,2026-04-30 16:45:00,27253.7,27312.4,27223.4,27279.7,3803,10,0
2026-04-30 19:00:00,2026-04-30 17:00:00,27279.7,27324.2,27250.4,27322.2,3628,10,0
2026-04-30 19:15:00,2026-04-30 17:15:00,27322.2,27325.9,27286.9,27306.2,3427,10,0
2026-04-30 19:30:00,2026-04-30 17:30:00,27306.7,27315.7,27284.7,27286.7,3372,10,0
2026-04-30 19:45:00,2026-04-30 17:45:00,27286.4,27293.2,27240.4,27261.8,3440,10,0
2026-04-30 20:00:00,2026-04-30 18:00:00,27262.2,27346.0,27261.2,27340.2,3527,10,0
2026-04-30 20:15:00,2026-04-30 18:15:00,27339.9,27354.3,27317.7,27353.5,3274,10,0
2026-04-30 20:30:00,2026-04-30 18:30:00,27353.3,27395.5,27353.3,27388.7,3375,10,0
2026-04-30 20:45:00,2026-04-30 18:45:00,27389.2,27439.2,27389.2,27434.9,3161,10,0
2026-04-30 21:00:00,2026-04-30 19:00:00,27434.7,27477.9,27433.4,27462.4,3405,10,0
2026-04-30 21:15:00,2026-04-30 19:15:00,27462.4,27476.7,27444.7,27454.2,3275,10,0
2026-04-30 21:30:00,2026-04-30 19:30:00,27453.9,27482.9,27452.7,27466.4,3242,10,0
2026-04-30 21:45:00,2026-04-30 19:45:00,27466.4,27472.9,27440.4,27442.9,3019,10,0
2026-04-30 22:00:00,2026-04-30 20:00:00,27442.7,27489.3,27434.2,27488.9,3337,10,0
2026-04-30 22:15:00,2026-04-30 20:15:00,27488.7,27497.9,27478.7,27483.2,3038,10,0
2026-04-30 22:30:00,2026-04-30 20:30:00,27483.4,27510.0,27474.4,27509.2,3174,10,0
2026-04-30 22:45:00,2026-04-30 20:45:00,27509.3,27511.2,27464.2,27469.5,3470,10,0
2026-04-30 23:00:00,2026-04-30 21:00:00,27470.9,27493.7,27456.7,27479.5,3214,15,0
2026-04-30 23:15:00,2026-04-30 21:15:00,27479.5,27505.0,27479.5,27496.5,2235,15,0
2026-04-30 23:30:00,2026-04-30 21:30:00,27496.5,27507.8,27469.9,27475.3,2920,15,0
2026-04-30 23:45:00,2026-04-30 21:45:00,27475.5,27497.8,27474.0,27493.3,1972,15,0
2026-05-01 01:00:00,2026-04-30 23:00:00,27520.1,27538.9,27498.8,27533.9,2068,15,0
2026-05-01 01:15:00,2026-04-30 23:15:00,27533.9,27533.9,27506.7,27510.9,1587,15,0
2026-05-01 01:30:00,2026-04-30 23:30:00,27510.9,27513.3,27498.1,27508.2,1328,15,0
2026-05-01 01:45:00,2026-04-30 23:45:00,27508.2,27508.7,27450.1,27472.7,2035,15,0
2026-05-01 02:00:00,2026-05-01 00:00:00,27472.7,27492.7,27469.9,27478.4,1645,15,0
2026-05-01 02:15:00,2026-05-01 00:15:00,27477.8,27498.8,27474.2,27497.4,1199,15,0
2026-05-01 02:30:00,2026-05-01 00:30:00,27497.8,27516.2,27492.7,27500.7,1358,15,0
2026-05-01 02:45:00,2026-05-01 00:45:00,27500.7,27511.1,27484.7,27486.7,1913,15,0
2026-05-01 03:00:00,2026-05-01 01:00:00,27487.1,27514.1,27485.2,27492.4,2785,15,0
2026-05-01 03:15:00,2026-05-01 01:15:00,27492.6,27527.2,27492.1,27522.4,2457,15,0
2026-05-01 03:30:00,2026-05-01 01:30:00,27522.3,27531.8,27515.4,27524.4,2048,15,0
2026-05-01 03:45:00,2026-05-01 01:45:00,27524.4,27534.7,27515.7,27518.4,1824,15,0
2026-05-01 04:00:00,2026-05-01 02:00:00,27518.4,27532.8,27506.6,27532.1,1996,15,0
2026-05-01 04:15:00,2026-05-01 02:15:00,27532.1,27543.6,27526.6,27539.4,1821,15,0
2026-05-01 04:30:00,2026-05-01 02:30:00,27539.4,27551.2,27535.1,27539.8,1681,15,0
2026-05-01 04:45:00,2026-05-01 02:45:00,27539.8,27547.8,27534.9,27542.9,1352,15,0
2026-05-01 05:00:00,2026-05-01 03:00:00,27542.9,27545.6,27537.2,27537.8,1352,15,0
2026-05-01 05:15:00,2026-05-01 03:15:00,27537.7,27542.1,27528.6,27530.8,1262,15,0
2026-05-01 05:30:00,2026-05-01 03:30:00,27530.8,27535.7,27518.8,27522.2,1293,15,0
2026-05-01 05:45:00,2026-05-01 03:45:00,27522.1,27538.1,27517.8,27535.4,1195,15,0
2026-05-01 06:00:00,2026-05-01 04:00:00,27535.4,27546.8,27530.1,27542.7,1177,15,0
2026-05-01 06:15:00,2026-05-01 04:15:00,27542.7,27552.7,27541.9,27550.2,975,15,0
2026-05-01 06:30:00,2026-05-01 04:30:00,27550.6,27566.7,27530.7,27532.7,1550,15,0
2026-05-01 06:45:00,2026-05-01 04:45:00,27532.7,27538.7,27528.4,27535.8,1295,15,0
2026-05-01 07:00:00,2026-05-01 05:00:00,27535.8,27536.9,27516.2,27523.9,1535,15,0
2026-05-01 07:15:00,2026-05-01 05:15:00,27523.9,27528.2,27518.8,27522.9,1170,15,0
2026-05-01 07:30:00,2026-05-01 05:30:00,27522.9,27526.3,27514.1,27519.8,1172,15,0
2026-05-01 07:45:00,2026-05-01 05:45:00,27519.8,27525.8,27517.8,27521.3,1032,15,0
2026-05-01 08:00:00,2026-05-01 06:00:00,27521.3,27532.4,27512.8,27529.9,1471,15,0
2026-05-01 08:15:00,2026-05-01 06:15:00,27529.9,27531.1,27514.7,27529.4,1303,15,0
2026-05-01 08:30:00,2026-05-01 06:30:00,27529.4,27530.1,27515.7,27520.8,1375,15,0
2026-05-01 08:45:00,2026-05-01 06:45:00,27520.8,27520.8,27506.4,27509.8,1195,15,0
2026-05-01 09:00:00,2026-05-01 07:00:00,27509.8,27516.5,27505.7,27516.4,1669,13,0
2026-05-01 09:15:00,2026-05-01 07:15:00,27516.3,27521.5,27502.9,27503.5,1533,13,0
2026-05-01 09:30:00,2026-05-01 07:30:00,27503.9,27506.0,27489.8,27496.4,1633,13,0
2026-05-01 09:45:00,2026-05-01 07:45:00,27496.4,27499.0,27484.9,27489.2,1932,13,0
2026-05-01 10:00:00,2026-05-01 08:00:00,27489.2,27515.4,27488.2,27511.8,2076,13,0
2026-05-01 10:15:00,2026-05-01 08:15:00,27511.5,27518.3,27495.5,27498.2,1743,13,0
2026-05-01 10:30:00,2026-05-01 08:30:00,27498.4,27499.5,27475.2,27477.3,1655,13,0
2026-05-01 10:45:00,2026-05-01 08:45:00,27477.3,27496.5,27467.0,27473.0,1680,13,0
2026-05-01 11:00:00,2026-05-01 09:00:00,27472.8,27486.8,27468.9,27481.8,2070,13,0
2026-05-01 11:15:00,2026-05-01 09:15:00,27481.9,27490.8,27472.3,27476.2,1938,13,0
2026-05-01 11:30:00,2026-05-01 09:30:00,27476.2,27476.2,27456.3,27458.0,1640,13,0
2026-05-01 11:45:00,2026-05-01 09:45:00,27458.0,27462.0,27448.4,27459.7,1511,13,0
2026-05-01 12:00:00,2026-05-01 10:00:00,27460.2,27460.2,27438.5,27448.9,1633,13,0
2026-05-01 12:15:00,2026-05-01 10:15:00,27448.9,27462.0,27446.3,27456.0,1577,13,0
2026-05-01 12:30:00,2026-05-01 10:30:00,27456.3,27462.9,27449.4,27456.9,1454,13,0
2026-05-01 12:45:00,2026-05-01 10:45:00,27456.7,27469.2,27454.3,27463.7,1397,13,0
2026-05-01 13:00:00,2026-05-01 11:00:00,27463.8,27466.0,27451.7,27462.4,1384,13,0
2026-05-01 13:15:00,2026-05-01 11:15:00,27462.4,27473.9,27456.4,27457.8,1432,13,0
2026-05-01 13:30:00,2026-05-01 11:30:00,27457.7,27462.0,27429.8,27444.3,1596,13,0
2026-05-01 13:45:00,2026-05-01 11:45:00,27444.3,27464.5,27442.0,27463.4,1596,13,0
2026-05-01 14:00:00,2026-05-01 12:00:00,27463.3,27467.3,27433.8,27442.0,2150,13,0
2026-05-01 14:15:00,2026-05-01 12:15:00,27441.8,27458.0,27434.8,27440.5,2103,13,0
2026-05-01 14:30:00,2026-05-01 12:30:00,27440.4,27445.2,27431.9,27442.7,2065,13,0
2026-05-01 14:45:00,2026-05-01 12:45:00,27442.7,27458.0,27440.4,27457.3,1887,13,0
2026-05-01 15:00:00,2026-05-01 13:00:00,27457.3,27516.0,27440.9,27495.0,2342,13,0
2026-05-01 15:15:00,2026-05-01 13:15:00,27494.4,27518.7,27482.5,27506.4,3023,13,0
2026-05-01 15:30:00,2026-05-01 13:30:00,27506.4,27508.2,27462.5,27464.2,2615,13,0
2026-05-01 15:45:00,2026-05-01 13:45:00,27464.8,27482.2,27460.0,27470.3,2357,13,0
2026-05-01 16:00:00,2026-05-01 14:00:00,27470.3,27508.9,27468.8,27497.2,2690,13,0
2026-05-01 16:15:00,2026-05-01 14:15:00,27497.0,27530.5,27488.2,27524.3,2869,13,0
2026-05-01 16:30:00,2026-05-01 14:30:00,27526.0,27688.2,27513.7,27682.2,4104,10,0
2026-05-01 16:45:00,2026-05-01 14:45:00,27681.3,27766.2,27646.3,27766.2,4021,10,0
2026-05-01 17:00:00,2026-05-01 15:00:00,27765.6,27799.6,27746.3,27782.6,4008,10,0
2026-05-01 17:15:00,2026-05-01 15:15:00,27783.4,27798.6,27753.4,27764.2,3843,10,0
2026-05-01 17:30:00,2026-05-01 15:30:00,27764.9,27765.9,27645.3,27710.1,4048,10,0
2026-05-01 17:45:00,2026-05-01 15:45:00,27710.4,27737.7,27687.2,27709.2,3960,10,0
2026-05-01 18:00:00,2026-05-01 16:00:00,27708.2,27729.9,27663.8,27729.8,3985,10,0
2026-05-01 18:15:00,2026-05-01 16:15:00,27730.2,27763.2,27722.4,27756.7,3740,10,0
2026-05-01 18:30:00,2026-05-01 16:30:00,27756.2,27795.7,27749.7,27788.9,3626,10,0
2026-05-01 18:45:00,2026-05-01 16:45:00,27788.9,27809.9,27732.6,27783.9,3604,10,0
2026-05-01 19:00:00,2026-05-01 17:00:00,27782.8,27794.9,27734.2,27737.2,3580,10,0
2026-05-01 19:15:00,2026-05-01 17:15:00,27737.4,27770.6,27712.8,27725.9,3617,10,0
2026-05-01 19:30:00,2026-05-01 17:30:00,27726.2,27741.7,27702.4,27713.8,3551,10,0
2026-05-01 19:45:00,2026-05-01 17:45:00,27712.6,27748.7,27699.4,27724.8,3408,10,0
2026-05-01 20:00:00,2026-05-01 18:00:00,27724.9,27751.4,27722.2,27750.2,3145,10,0
2026-05-01 20:15:00,2026-05-01 18:15:00,27749.7,27780.9,27749.7,27779.4,3010,10,0
2026-05-01 20:30:00,2026-05-01 18:30:00,27779.2,27783.7,27758.2,27778.4,2973,10,0
2026-05-01 20:45:00,2026-05-01 18:45:00,27778.4,27790.1,27770.4,27777.4,2907,10,0
2026-05-01 21:00:00,2026-05-01 19:00:00,27777.3,27783.9,27737.4,27740.1,3208,10,0
2026-05-01 21:15:00,2026-05-01 19:15:00,27740.3,27765.2,27729.2,27761.6,3183,10,0
2026-05-01 21:30:00,2026-05-01 19:30:00,27761.2,27762.7,27706.7,27716.2,3344,10,0
2026-05-01 21:45:00,2026-05-01 19:45:00,27715.9,27719.2,27688.8,27715.4,3200,10,0
2026-05-01 22:00:00,2026-05-01 20:00:00,27715.2,27766.2,27711.9,27761.6,3078,10,0
2026-05-01 22:15:00,2026-05-01 20:15:00,27762.2,27793.3,27754.9,27789.2,2902,10,0
2026-05-01 22:30:00,2026-05-01 20:30:00,27789.3,27794.2,27757.2,27768.2,3082,10,0
2026-05-01 22:45:00,2026-05-01 20:45:00,27767.9,27773.9,27717.4,27730.2,3401,10,0
2026-05-01 23:00:00,2026-05-01 21:00:00,27730.6,27730.6,27708.2,27712.9,2542,15,0
2026-05-01 23:15:00,2026-05-01 21:15:00,27713.1,27714.1,27680.8,27692.4,2341,15,0
2026-05-01 23:30:00,2026-05-01 21:30:00,27692.4,27693.9,27675.2,27681.4,2071,15,0
2026-05-01 23:45:00,2026-05-01 21:45:00,27681.4,27692.4,27679.7,27679.9,1255,15,0
2026-05-04 01:00:00,2026-05-03 23:00:00,27785.5,27826.7,27758.9,27767.5,2740,15,0
2026-05-04 01:15:00,2026-05-03 23:15:00,27767.5,27781.3,27740.5,27746.8,2104,15,0
2026-05-04 01:30:00,2026-05-03 23:30:00,27746.8,27762.4,27742.9,27756.5,1737,15,0
2026-05-04 01:45:00,2026-05-03 23:45:00,27756.5,27777.4,27738.5,27752.9,1774,15,0
2026-05-04 02:00:00,2026-05-04 00:00:00,27752.9,27758.4,27722.3,27730.2,1727,15,0
2026-05-04 02:15:00,2026-05-04 00:15:00,27730.5,27730.7,27717.3,27723.2,1363,15,0
2026-05-04 02:30:00,2026-05-04 00:30:00,27723.2,27736.3,27718.0,27728.8,1611,15,0
2026-05-04 02:45:00,2026-05-04 00:45:00,27728.8,27734.3,27718.3,27726.0,1948,15,0
2026-05-04 03:00:00,2026-05-04 01:00:00,27726.0,27767.9,27702.0,27756.9,2984,15,0
2026-05-04 03:15:00,2026-05-04 01:15:00,27756.9,27765.9,27709.7,27737.3,2852,15,0
2026-05-04 03:30:00,2026-05-04 01:30:00,27738.2,27766.4,27735.0,27765.4,2539,15,0
2026-05-04 03:45:00,2026-05-04 01:45:00,27765.2,27798.9,27762.0,27794.9,2302,15,0
2026-05-04 04:00:00,2026-05-04 02:00:00,27794.7,27800.2,27760.8,27786.2,2806,15,0
2026-05-04 04:15:00,2026-05-04 02:15:00,27786.2,27794.7,27775.2,27777.9,2648,15,0
2026-05-04 04:30:00,2026-05-04 02:30:00,27777.9,27813.3,27774.0,27806.7,2550,15,0
2026-05-04 04:45:00,2026-05-04 02:45:00,27806.7,27823.4,27802.4,27821.0,2047,15,0
2026-05-04 05:00:00,2026-05-04 03:00:00,27821.0,27825.0,27796.7,27815.3,2401,15,0
2026-05-04 05:15:00,2026-05-04 03:15:00,27815.2,27815.5,27784.0,27787.3,2450,15,0
2026-05-04 05:30:00,2026-05-04 03:30:00,27787.5,27817.7,27786.0,27815.7,2150,15,0
2026-05-04 05:45:00,2026-05-04 03:45:00,27815.7,27845.3,27813.7,27831.2,2020,15,0
2026-05-04 06:00:00,2026-05-04 04:00:00,27831.2,27846.0,27828.7,27842.4,1873,15,0
2026-05-04 06:15:00,2026-05-04 04:15:00,27842.4,27842.5,27827.5,27830.2,1617,15,0
2026-05-04 06:30:00,2026-05-04 04:30:00,27830.2,27833.2,27820.4,27831.4,1585,15,0
2026-05-04 06:45:00,2026-05-04 04:45:00,27831.4,27840.0,27820.8,27833.2,2463,15,0
2026-05-04 07:00:00,2026-05-04 05:00:00,27833.2,27844.8,27829.2,27839.5,1718,15,0
2026-05-04 07:15:00,2026-05-04 05:15:00,27839.3,27853.0,27839.3,27850.5,1550,15,0
2026-05-04 07:30:00,2026-05-04 05:30:00,27850.5,27854.4,27841.0,27846.9,1364,15,0
2026-05-04 07:45:00,2026-05-04 05:45:00,27846.9,27849.2,27838.2,27840.2,1303,15,0
2026-05-04 08:00:00,2026-05-04 06:00:00,27840.2,27852.8,27834.2,27850.8,1684,15,0
2026-05-04 08:15:00,2026-05-04 06:15:00,27850.8,27867.4,27836.8,27838.8,2122,15,0
2026-05-04 08:30:00,2026-05-04 06:30:00,27839.0,27851.5,27833.5,27850.9,1753,15,0
2026-05-04 08:45:00,2026-05-04 06:45:00,27851.2,27854.4,27835.0,27836.7,1547,15,0
2026-05-04 09:00:00,2026-05-04 07:00:00,27836.7,27842.4,27807.0,27823.9,2307,13,0
2026-05-04 09:15:00,2026-05-04 07:15:00,27824.1,27828.0,27796.1,27811.5,2286,13,0
2026-05-04 09:30:00,2026-05-04 07:30:00,27811.3,27820.0,27774.4,27786.8,2526,13,0
2026-05-04 09:45:00,2026-05-04 07:45:00,27786.9,27802.0,27776.5,27797.8,2253,13,0
2026-05-04 10:00:00,2026-05-04 08:00:00,27799.5,27832.4,27783.0,27827.0,2867,13,0
2026-05-04 10:15:00,2026-05-04 08:15:00,27827.0,27848.5,27826.3,27838.9,2365,13,0
2026-05-04 10:30:00,2026-05-04 08:30:00,27838.9,27845.0,27826.3,27841.3,2208,13,0
2026-05-04 10:45:00,2026-05-04 08:45:00,27841.3,27852.9,27814.6,27815.0,2189,13,0
2026-05-04 11:00:00,2026-05-04 09:00:00,27814.9,27815.1,27767.0,27789.3,3045,13,0
2026-05-04 11:15:00,2026-05-04 09:15:00,27789.3,27809.1,27771.5,27804.1,2540,13,0
2026-05-04 11:30:00,2026-05-04 09:30:00,27804.1,27812.9,27794.9,27795.1,2310,13,0
2026-05-04 11:45:00,2026-05-04 09:45:00,27795.4,27806.6,27789.9,27795.9,2285,13,0
2026-05-04 12:00:00,2026-05-04 10:00:00,27795.8,27815.9,27785.5,27814.5,2219,13,0
2026-05-04 12:15:00,2026-05-04 10:15:00,27814.3,27815.5,27804.9,27813.4,1955,13,0
2026-05-04 12:30:00,2026-05-04 10:30:00,27813.4,27824.3,27808.5,27816.3,1735,13,0
2026-05-04 12:45:00,2026-05-04 10:45:00,27816.3,27824.8,27791.6,27792.6,1658,13,0
2026-05-04 13:00:00,2026-05-04 11:00:00,27792.4,27798.8,27566.8,27602.6,3949,13,0
2026-05-04 13:15:00,2026-05-04 11:15:00,27602.0,27668.3,27566.3,27654.8,3817,13,0
2026-05-04 13:30:00,2026-05-04 11:30:00,27654.6,27755.9,27646.4,27729.3,3641,13,0
2026-05-04 13:45:00,2026-05-04 11:45:00,27729.3,27739.4,27708.0,27716.1,2922,13,0
2026-05-04 14:00:00,2026-05-04 12:00:00,27716.1,27747.4,27703.1,27730.8,3091,13,0
2026-05-04 14:15:00,2026-05-04 12:15:00,27730.8,27747.0,27716.4,27722.5,2725,13,0
2026-05-04 14:30:00,2026-05-04 12:30:00,27722.4,27733.4,27680.8,27712.4,2885,13,0
2026-05-04 14:45:00,2026-05-04 12:45:00,27712.3,27735.8,27696.0,27728.9,2820,13,0
2026-05-04 15:00:00,2026-05-04 13:00:00,27729.4,27770.0,27729.4,27757.5,2777,13,0
2026-05-04 15:15:00,2026-05-04 13:15:00,27757.6,27782.1,27739.1,27765.3,2975,13,0
2026-05-04 15:30:00,2026-05-04 13:30:00,27765.4,27776.9,27743.8,27766.9,2769,13,0
2026-05-04 15:45:00,2026-05-04 13:45:00,27766.8,27768.8,27735.1,27746.3,2565,13,0
2026-05-04 16:00:00,2026-05-04 14:00:00,27746.4,27781.0,27689.5,27752.0,3461,13,0
2026-05-04 16:15:00,2026-05-04 14:15:00,27752.0,27764.4,27745.3,27756.0,2870,13,0
2026-05-04 16:30:00,2026-05-04 14:30:00,27755.1,27786.2,27710.9,27758.7,4141,10,0
2026-05-04 16:45:00,2026-05-04 14:45:00,27757.5,27797.2,27745.3,27796.2,3939,10,0
2026-05-04 17:00:00,2026-05-04 15:00:00,27797.3,27814.9,27749.9,27795.4,3972,10,0
2026-05-04 17:15:00,2026-05-04 15:15:00,27794.7,27814.0,27769.5,27772.9,3880,10,0
2026-05-04 17:30:00,2026-05-04 15:30:00,27773.2,27831.9,27766.7,27827.9,3759,10,0
2026-05-04 17:45:00,2026-05-04 15:45:00,27828.3,27842.5,27778.3,27782.3,3705,10,0
2026-05-04 18:00:00,2026-05-04 16:00:00,27783.5,27815.7,27742.3,27757.4,3869,10,0
2026-05-04 18:15:00,2026-05-04 16:15:00,27757.4,27769.2,27615.8,27677.3,4077,10,0
2026-05-04 18:30:00,2026-05-04 16:30:00,27670.9,27684.5,27599.4,27664.5,4023,10,0
2026-05-04 18:45:00,2026-05-04 16:45:00,27664.5,27672.3,27603.8,27636.4,3911,10,0
2026-05-04 19:00:00,2026-05-04 17:00:00,27636.4,27647.5,27519.4,27558.4,3958,10,0
2026-05-04 19:15:00,2026-05-04 17:15:00,27558.5,27648.7,27531.9,27615.9,3888,10,0
2026-05-04 19:30:00,2026-05-04 17:30:00,27615.9,27645.5,27595.8,27614.4,3658,10,0
2026-05-04 19:45:00,2026-05-04 17:45:00,27614.4,27624.3,27592.5,27607.8,3600,10,0
2026-05-04 20:00:00,2026-05-04 18:00:00,27607.8,27660.0,27606.8,27645.9,3571,10,0
2026-05-04 20:15:00,2026-05-04 18:15:00,27645.9,27705.8,27643.7,27695.9,3616,10,0
2026-05-04 20:30:00,2026-05-04 18:30:00,27695.5,27699.8,27655.7,27678.8,3423,10,0
2026-05-04 20:45:00,2026-05-04 18:45:00,27678.7,27704.3,27669.0,27694.5,3159,10,0
2026-05-04 21:00:00,2026-05-04 19:00:00,27694.3,27720.2,27689.0,27689.0,3223,10,0
2026-05-04 21:15:00,2026-05-04 19:15:00,27689.8,27690.8,27635.7,27673.3,3465,10,0
2026-05-04 21:30:00,2026-05-04 19:30:00,27673.0,27678.5,27629.0,27629.8,3238,10,0
2026-05-04 21:45:00,2026-05-04 19:45:00,27630.0,27666.5,27620.9,27661.4,3279,10,0
2026-05-04 22:00:00,2026-05-04 20:00:00,27661.5,27689.0,27642.2,27676.8,3430,10,0
2026-05-04 22:15:00,2026-05-04 20:15:00,27676.5,27688.0,27652.9,27680.3,3238,10,0
2026-05-04 22:30:00,2026-05-04 20:30:00,27680.0,27694.3,27664.5,27671.3,3146,10,0
2026-05-04 22:45:00,2026-05-04 20:45:00,27671.5,27690.8,27649.3,27681.4,3396,10,0
2026-05-04 23:00:00,2026-05-04 21:00:00,27681.9,27681.9,27640.8,27656.2,2534,15,0
2026-05-04 23:15:00,2026-05-04 21:15:00,27656.0,27665.8,27640.4,27663.3,2024,15,0
2026-05-04 23:30:00,2026-05-04 21:30:00,27663.3,27665.5,27650.0,27651.2,1489,15,0
2026-05-04 23:45:00,2026-05-04 21:45:00,27651.0,27654.9,27642.4,27646.2,1391,15,0
2026-05-05 01:00:00,2026-05-04 23:00:00,27666.7,27687.6,27666.7,27677.1,1734,15,0
2026-05-05 01:15:00,2026-05-04 23:15:00,27676.9,27683.4,27674.9,27680.1,1223,15,0
2026-05-05 01:30:00,2026-05-04 23:30:00,27680.2,27682.1,27666.8,27667.1,1218,15,0
2026-05-05 01:45:00,2026-05-04 23:45:00,27667.1,27667.1,27644.3,27655.6,1445,15,0
2026-05-05 02:00:00,2026-05-05 00:00:00,27655.6,27664.4,27644.3,27661.7,1232,15,0
2026-05-05 02:15:00,2026-05-05 00:15:00,27661.7,27665.6,27649.3,27655.7,1121,15,0
2026-05-05 02:30:00,2026-05-05 00:30:00,27655.7,27662.9,27647.2,27648.6,1167,15,0
2026-05-05 02:45:00,2026-05-05 00:45:00,27648.6,27656.7,27635.3,27648.9,1457,15,0
2026-05-05 03:00:00,2026-05-05 01:00:00,27649.1,27694.3,27644.9,27685.8,2297,15,0
2026-05-05 03:15:00,2026-05-05 01:15:00,27685.8,27685.8,27643.2,27656.4,2445,15,0
2026-05-05 03:30:00,2026-05-05 01:30:00,27656.4,27681.4,27653.8,27661.7,2128,15,0
2026-05-05 03:45:00,2026-05-05 01:45:00,27661.6,27695.7,27660.9,27687.8,2187,15,0
2026-05-05 04:00:00,2026-05-05 02:00:00,27687.2,27709.6,27670.9,27702.7,2308,15,0
2026-05-05 04:15:00,2026-05-05 02:15:00,27702.8,27716.7,27700.2,27705.1,2090,15,0
2026-05-05 04:30:00,2026-05-05 02:30:00,27705.1,27734.4,27693.8,27714.6,2614,15,0
2026-05-05 04:45:00,2026-05-05 02:45:00,27714.6,27727.3,27712.2,27717.6,2119,15,0
2026-05-05 05:00:00,2026-05-05 03:00:00,27717.6,27728.1,27711.3,27714.3,1941,15,0
2026-05-05 05:15:00,2026-05-05 03:15:00,27714.4,27735.8,27711.8,27734.1,1720,15,0
2026-05-05 05:30:00,2026-05-05 03:30:00,27734.1,27743.6,27732.3,27739.2,1797,15,0
2026-05-05 05:45:00,2026-05-05 03:45:00,27739.1,27739.8,27704.4,27718.1,1932,15,0
2026-05-05 06:00:00,2026-05-05 04:00:00,27718.1,27736.8,27714.2,27733.9,1683,15,0
2026-05-05 06:15:00,2026-05-05 04:15:00,27733.9,27750.6,27731.2,27744.1,1339,15,0
2026-05-05 06:30:00,2026-05-05 04:30:00,27744.1,27745.3,27738.4,27740.2,1392,15,0
2026-05-05 06:45:00,2026-05-05 04:45:00,27740.2,27749.4,27738.4,27743.3,1235,15,0
2026-05-05 07:00:00,2026-05-05 05:00:00,27743.3,27761.7,27743.2,27748.4,1373,15,0
2026-05-05 07:15:00,2026-05-05 05:15:00,27748.4,27748.9,27740.3,27741.4,1072,15,0
2026-05-05 07:30:00,2026-05-05 05:30:00,27741.4,27742.9,27733.6,27736.6,1253,15,0
2026-05-05 07:45:00,2026-05-05 05:45:00,27736.6,27753.3,27729.9,27730.3,1357,15,0
2026-05-05 08:00:00,2026-05-05 06:00:00,27730.3,27740.2,27722.6,27738.8,1551,15,0
2026-05-05 08:15:00,2026-05-05 06:15:00,27739.2,27748.4,27736.2,27738.2,1401,15,0
2026-05-05 08:30:00,2026-05-05 06:30:00,27738.3,27756.4,27727.6,27748.4,1840,15,0
2026-05-05 08:45:00,2026-05-05 06:45:00,27748.4,27756.9,27745.1,27755.7,1402,15,0
2026-05-05 09:00:00,2026-05-05 07:00:00,27755.8,27775.4,27742.5,27746.7,2255,13,0
2026-05-05 09:15:00,2026-05-05 07:15:00,27746.7,27749.9,27721.5,27732.8,2137,13,0
2026-05-05 09:30:00,2026-05-05 07:30:00,27732.8,27773.5,27732.4,27769.3,2275,13,0
2026-05-05 09:45:00,2026-05-05 07:45:00,27769.3,27787.0,27763.3,27782.9,2119,13,0
2026-05-05 10:00:00,2026-05-05 08:00:00,27782.8,27804.5,27778.2,27799.0,2744,13,0
2026-05-05 10:15:00,2026-05-05 08:15:00,27798.9,27803.4,27785.4,27787.9,2217,13,0
2026-05-05 10:30:00,2026-05-05 08:30:00,27788.0,27828.5,27785.8,27800.2,2694,13,0
2026-05-05 10:45:00,2026-05-05 08:45:00,27799.9,27802.7,27778.0,27784.3,2390,13,0
2026-05-05 11:00:00,2026-05-05 09:00:00,27784.3,27836.5,27781.8,27829.7,2489,13,0
2026-05-05 11:15:00,2026-05-05 09:15:00,27829.7,27837.2,27821.0,27823.4,2439,13,0
2026-05-05 11:30:00,2026-05-05 09:30:00,27821.9,27835.4,27815.5,27830.5,2171,13,0
2026-05-05 11:45:00,2026-05-05 09:45:00,27830.9,27843.4,27825.4,27831.5,1969,13,0
2026-05-05 12:00:00,2026-05-05 10:00:00,27831.7,27842.0,27812.0,27829.2,2331,13,0
2026-05-05 12:15:00,2026-05-05 10:15:00,27829.0,27835.9,27817.4,27832.2,1858,13,0
2026-05-05 12:30:00,2026-05-05 10:30:00,27832.2,27850.9,27831.4,27840.9,1963,13,0
2026-05-05 12:45:00,2026-05-05 10:45:00,27840.9,27857.5,27832.0,27838.4,1846,13,0
2026-05-05 13:00:00,2026-05-05 11:00:00,27838.4,27847.5,27825.5,27838.0,1789,13,0
2026-05-05 13:15:00,2026-05-05 11:15:00,27838.0,27846.7,27831.3,27842.0,1648,13,0
2026-05-05 13:30:00,2026-05-05 11:30:00,27842.3,27861.2,27833.4,27834.8,2095,13,0
2026-05-05 13:45:00,2026-05-05 11:45:00,27834.8,27841.7,27831.0,27837.8,1830,13,0
2026-05-05 14:00:00,2026-05-05 12:00:00,27837.7,27841.9,27809.2,27816.5,2522,13,0
2026-05-05 14:15:00,2026-05-05 12:15:00,27816.5,27838.7,27803.0,27830.3,2383,13,0
2026-05-05 14:30:00,2026-05-05 12:30:00,27830.4,27847.9,27830.4,27842.4,2212,13,0
2026-05-05 14:45:00,2026-05-05 12:45:00,27842.3,27849.5,27838.9,27845.8,1967,13,0
2026-05-05 15:00:00,2026-05-05 13:00:00,27845.8,27897.9,27831.7,27895.4,2777,13,0
2026-05-05 15:15:00,2026-05-05 13:15:00,27895.5,27908.4,27883.0,27892.0,2653,13,0
2026-05-05 15:30:00,2026-05-05 13:30:00,27892.0,27896.9,27878.2,27879.7,2299,13,0
2026-05-05 15:45:00,2026-05-05 13:45:00,27879.7,27884.9,27873.7,27876.3,2062,13,0
2026-05-05 16:00:00,2026-05-05 14:00:00,27876.0,27906.7,27875.8,27894.0,2531,13,0
2026-05-05 16:15:00,2026-05-05 14:15:00,27894.0,27902.3,27876.7,27890.5,2599,13,0
2026-05-05 16:30:00,2026-05-05 14:30:00,27891.0,27983.8,27874.7,27983.8,4088,10,0
2026-05-05 16:45:00,2026-05-05 14:45:00,27984.3,28014.4,27968.2,27985.1,3993,10,0
2026-05-05 17:00:00,2026-05-05 15:00:00,27986.7,28011.9,27948.2,27956.6,3928,10,0
2026-05-05 17:15:00,2026-05-05 15:15:00,27958.1,28035.9,27936.3,28021.8,3975,10,0
2026-05-05 17:30:00,2026-05-05 15:30:00,28022.3,28041.3,27986.3,27990.4,3779,10,0
2026-05-05 17:45:00,2026-05-05 15:45:00,27990.3,28015.8,27981.8,27998.8,3713,10,0
2026-05-05 18:00:00,2026-05-05 16:00:00,27998.7,28036.7,27990.9,28034.8,3536,10,0
2026-05-05 18:15:00,2026-05-05 16:15:00,28034.7,28041.9,28018.4,28031.9,3460,10,0
2026-05-05 18:30:00,2026-05-05 16:30:00,28032.2,28044.4,28013.7,28037.4,3406,10,0
2026-05-05 18:45:00,2026-05-05 16:45:00,28037.2,28049.7,28023.4,28029.7,3149,10,0
2026-05-05 19:00:00,2026-05-05 17:00:00,28029.7,28054.9,28023.3,28050.7,2952,10,0
2026-05-05 19:15:00,2026-05-05 17:15:00,28050.7,28052.9,27994.4,28018.2,3023,10,0
2026-05-05 19:30:00,2026-05-05 17:30:00,28018.2,28031.4,27996.1,28010.7,3375,10,0
2026-05-05 19:45:00,2026-05-05 17:45:00,28010.7,28038.7,28005.6,28028.1,2882,10,0
2026-05-05 20:00:00,2026-05-05 18:00:00,28028.3,28038.2,28010.9,28025.2,2841,10,0
2026-05-05 20:15:00,2026-05-05 18:15:00,28025.2,28047.9,28025.2,28047.7,2778,10,0
2026-05-05 20:30:00,2026-05-05 18:30:00,28047.7,28055.2,28038.1,28050.8,2651,10,0
2026-05-05 20:45:00,2026-05-05 18:45:00,28050.7,28070.4,28048.7,28062.2,2431,10,0
2026-05-05 21:00:00,2026-05-05 19:00:00,28062.2,28086.9,28059.7,28084.4,2669,10,0
2026-05-05 21:15:00,2026-05-05 19:15:00,28084.2,28088.2,28072.3,28080.4,2387,10,0
2026-05-05 21:30:00,2026-05-05 19:30:00,28080.2,28084.7,28073.3,28078.4,2305,10,0
2026-05-05 21:45:00,2026-05-05 19:45:00,28078.4,28084.4,28057.3,28071.2,2440,10,0
2026-05-05 22:00:00,2026-05-05 20:00:00,28071.4,28090.7,28065.4,28076.4,2606,10,0
2026-05-05 22:15:00,2026-05-05 20:15:00,28075.9,28081.6,28064.2,28069.4,2720,10,0
2026-05-05 22:30:00,2026-05-05 20:30:00,28069.1,28072.4,28054.2,28061.6,2609,10,0
2026-05-05 22:45:00,2026-05-05 20:45:00,28061.7,28063.2,28011.7,28038.8,3239,10,0
2026-05-05 23:00:00,2026-05-05 21:00:00,28038.4,28059.4,28032.2,28058.6,2256,15,0
2026-05-05 23:15:00,2026-05-05 21:15:00,28058.2,28149.3,28014.4,28137.6,3495,15,0
2026-05-05 23:30:00,2026-05-05 21:30:00,28138.6,28140.6,28101.9,28103.9,2759,15,0
2026-05-05 23:45:00,2026-05-05 21:45:00,28104.2,28115.8,28086.2,28113.8,2003,15,0
2026-05-06 01:00:00,2026-05-05 23:00:00,28161.8,28173.6,28152.1,28164.0,1719,15,0
2026-05-06 01:15:00,2026-05-05 23:15:00,28165.7,28188.2,28158.8,28185.8,1519,15,0
2026-05-06 01:30:00,2026-05-05 23:30:00,28186.0,28202.3,28182.6,28200.0,1496,15,0
2026-05-06 01:45:00,2026-05-05 23:45:00,28200.0,28323.8,28199.0,28279.7,2376,15,0
2026-05-06 02:00:00,2026-05-06 00:00:00,28281.2,28291.0,28251.5,28288.3,2841,15,0
2026-05-06 02:15:00,2026-05-06 00:15:00,28288.3,28289.6,28252.5,28256.5,2151,15,0
2026-05-06 02:30:00,2026-05-06 00:30:00,28256.5,28275.5,28254.7,28268.0,1886,15,0
2026-05-06 02:45:00,2026-05-06 00:45:00,28267.7,28283.0,28265.3,28275.5,1872,15,0
2026-05-06 03:00:00,2026-05-06 01:00:00,28275.5,28278.2,28213.3,28218.7,3326,15,0
2026-05-06 03:15:00,2026-05-06 01:15:00,28218.6,28219.3,28155.3,28156.2,3291,15,0
2026-05-06 03:30:00,2026-05-06 01:30:00,28155.8,28191.3,28154.5,28179.7,2832,15,0
2026-05-06 03:45:00,2026-05-06 01:45:00,28179.2,28186.7,28155.2,28181.5,2758,15,0
2026-05-06 04:00:00,2026-05-06 02:00:00,28181.3,28204.6,28174.0,28195.5,2808,15,0
2026-05-06 04:15:00,2026-05-06 02:15:00,28195.8,28212.7,28184.2,28191.7,2725,15,0
2026-05-06 04:30:00,2026-05-06 02:30:00,28191.8,28198.7,28182.8,28194.6,2682,15,0
2026-05-06 04:45:00,2026-05-06 02:45:00,28195.0,28203.7,28177.0,28198.0,2757,15,0
2026-05-06 05:00:00,2026-05-06 03:00:00,28198.1,28200.6,28181.0,28192.5,2779,15,0
2026-05-06 05:15:00,2026-05-06 03:15:00,28192.3,28202.1,28177.2,28177.7,2483,15,0
2026-05-06 05:30:00,2026-05-06 03:30:00,28178.0,28188.1,28168.7,28176.3,2297,15,0
2026-05-06 05:45:00,2026-05-06 03:45:00,28176.1,28195.7,28175.6,28193.2,1988,15,0
2026-05-06 06:00:00,2026-05-06 04:00:00,28193.7,28214.1,28188.8,28210.6,2071,15,0
2026-05-06 06:15:00,2026-05-06 04:15:00,28210.6,28229.0,28204.2,28227.2,2051,15,0
2026-05-06 06:30:00,2026-05-06 04:30:00,28227.2,28240.0,28225.2,28230.5,2075,15,0
2026-05-06 06:45:00,2026-05-06 04:45:00,28231.2,28231.2,28214.2,28218.2,2156,15,0
2026-05-06 07:00:00,2026-05-06 05:00:00,28218.0,28230.0,28216.0,28230.0,1773,15,0
2026-05-06 07:15:00,2026-05-06 05:15:00,28230.0,28236.3,28224.6,28233.0,1712,15,0
2026-05-06 07:30:00,2026-05-06 05:30:00,28233.3,28237.6,28217.7,28232.1,2355,15,0
2026-05-06 07:45:00,2026-05-06 05:45:00,28232.2,28249.8,28231.2,28241.2,2100,15,0
2026-05-06 08:00:00,2026-05-06 06:00:00,28240.8,28254.2,28234.1,28248.3,2048,15,0
2026-05-06 08:15:00,2026-05-06 06:15:00,28248.0,28253.3,28232.0,28251.1,2079,15,0
2026-05-06 08:30:00,2026-05-06 06:30:00,28251.0,28252.5,28237.0,28250.2,2083,15,0
2026-05-06 08:45:00,2026-05-06 06:45:00,28249.8,28265.1,28249.3,28260.2,1836,15,0
2026-05-06 09:00:00,2026-05-06 07:00:00,28260.0,28274.1,28231.8,28239.3,2582,13,0
2026-05-06 09:15:00,2026-05-06 07:15:00,28239.1,28243.1,28224.1,28236.1,2401,13,0
2026-05-06 09:30:00,2026-05-06 07:30:00,28236.1,28248.3,28205.9,28231.6,2368,13,0
2026-05-06 09:45:00,2026-05-06 07:45:00,28231.9,28242.6,28218.7,28242.2,2194,13,0
2026-05-06 10:00:00,2026-05-06 08:00:00,28241.6,28257.8,28220.2,28224.6,2840,13,0
2026-05-06 10:15:00,2026-05-06 08:15:00,28224.3,28239.7,28214.8,28233.8,2512,13,0
2026-05-06 10:30:00,2026-05-06 08:30:00,28233.8,28245.1,28222.6,28244.1,2259,13,0
2026-05-06 10:45:00,2026-05-06 08:45:00,28244.2,28256.2,28239.6,28252.9,2679,13,0
2026-05-06 11:00:00,2026-05-06 09:00:00,28253.1,28269.8,28247.9,28253.6,2974,13,0
2026-05-06 11:15:00,2026-05-06 09:15:00,28253.6,28255.4,28229.8,28245.1,2531,13,0
2026-05-06 11:30:00,2026-05-06 09:30:00,28245.2,28270.4,28240.3,28267.8,2370,13,0
2026-05-06 11:45:00,2026-05-06 09:45:00,28267.7,28421.9,28266.8,28388.3,3358,13,0
2026-05-06 12:00:00,2026-05-06 10:00:00,28388.4,28404.2,28320.7,28353.9,3548,13,0
2026-05-06 12:15:00,2026-05-06 10:15:00,28354.2,28377.6,28352.4,28371.8,3165,13,0
2026-05-06 12:30:00,2026-05-06 10:30:00,28371.8,28415.2,28363.8,28402.7,3120,13,0
2026-05-06 12:45:00,2026-05-06 10:45:00,28402.7,28419.6,28386.8,28412.2,2846,13,0
2026-05-06 13:00:00,2026-05-06 11:00:00,28412.3,28443.4,28408.7,28418.9,3136,13,0
2026-05-06 13:15:00,2026-05-06 11:15:00,28418.3,28463.1,28413.9,28459.1,2985,13,0
2026-05-06 13:30:00,2026-05-06 11:30:00,28459.6,28495.1,28456.7,28489.4,3047,13,0
2026-05-06 13:45:00,2026-05-06 11:45:00,28489.4,28517.2,28467.1,28490.2,3390,13,0
2026-05-06 14:00:00,2026-05-06 12:00:00,28490.8,28539.1,28482.8,28526.2,3406,13,0
2026-05-06 14:15:00,2026-05-06 12:15:00,28525.7,28536.7,28491.4,28502.2,3115,13,0
2026-05-06 14:30:00,2026-05-06 12:30:00,28502.4,28513.8,28452.3,28453.7,3247,13,0
2026-05-06 14:45:00,2026-05-06 12:45:00,28453.8,28462.8,28423.3,28444.6,3251,13,0
2026-05-06 15:00:00,2026-05-06 13:00:00,28444.6,28445.9,28352.9,28359.3,3347,13,0
2026-05-06 15:15:00,2026-05-06 13:15:00,28358.1,28418.8,28333.1,28402.4,3474,13,0
2026-05-06 15:30:00,2026-05-06 13:30:00,28402.4,28409.8,28347.8,28353.3,3264,13,0
2026-05-06 15:45:00,2026-05-06 13:45:00,28353.6,28378.8,28338.3,28363.3,2988,13,0
2026-05-06 16:00:00,2026-05-06 14:00:00,28363.3,28363.3,28298.2,28329.6,3402,13,0
2026-05-06 16:15:00,2026-05-06 14:15:00,28330.1,28342.1,28279.7,28296.1,3157,13,0
2026-05-06 16:30:00,2026-05-06 14:30:00,28295.1,28387.2,28242.7,28387.2,4188,10,0
2026-05-06 16:45:00,2026-05-06 14:45:00,28386.7,28411.3,28326.5,28373.7,4088,10,0
2026-05-06 17:00:00,2026-05-06 15:00:00,28375.1,28405.1,28292.2,28379.5,4102,10,0
2026-05-06 17:15:00,2026-05-06 15:15:00,28379.7,28393.7,28310.5,28324.6,4016,10,0
2026-05-06 17:30:00,2026-05-06 15:30:00,28325.2,28431.6,28324.5,28426.3,3981,10,0
2026-05-06 17:45:00,2026-05-06 15:45:00,28426.5,28456.1,28425.2,28444.0,3849,10,0
2026-05-06 18:00:00,2026-05-06 16:00:00,28443.5,28463.7,28424.5,28441.8,3677,10,0
2026-05-06 18:15:00,2026-05-06 16:15:00,28442.0,28488.0,28438.0,28483.8,3504,10,0
2026-05-06 18:30:00,2026-05-06 16:30:00,28483.6,28491.3,28436.1,28462.8,3553,10,0
2026-05-06 18:45:00,2026-05-06 16:45:00,28462.5,28481.5,28454.8,28466.2,3544,10,0
2026-05-06 19:00:00,2026-05-06 17:00:00,28466.1,28507.1,28460.3,28501.8,3290,10,0
2026-05-06 19:15:00,2026-05-06 17:15:00,28501.7,28503.6,28472.1,28479.1,3186,10,0
2026-05-06 19:30:00,2026-05-06 17:30:00,28479.6,28490.6,28458.8,28473.6,3140,10,0
2026-05-06 19:45:00,2026-05-06 17:45:00,28473.6,28476.6,28418.7,28444.7,3428,10,0
2026-05-06 20:00:00,2026-05-06 18:00:00,28444.8,28490.2,28435.1,28484.6,3152,10,0
2026-05-06 20:15:00,2026-05-06 18:15:00,28484.6,28497.5,28473.1,28489.7,2738,10,0
2026-05-06 20:30:00,2026-05-06 18:30:00,28489.1,28516.0,28487.7,28512.6,2743,10,0
2026-05-06 20:45:00,2026-05-06 18:45:00,28512.1,28515.2,28493.6,28505.8,2718,10,0
2026-05-06 21:00:00,2026-05-06 19:00:00,28505.8,28530.1,28498.3,28526.3,2741,10,0
2026-05-06 21:15:00,2026-05-06 19:15:00,28526.3,28545.5,28526.3,28540.5,2739,10,0
2026-05-06 21:30:00,2026-05-06 19:30:00,28540.1,28571.6,28531.6,28556.1,2828,10,0
2026-05-06 21:45:00,2026-05-06 19:45:00,28555.3,28562.8,28539.3,28545.8,2792,10,0
2026-05-06 22:00:00,2026-05-06 20:00:00,28545.8,28585.5,28543.6,28582.8,2912,10,0
2026-05-06 22:15:00,2026-05-06 20:15:00,28582.8,28605.7,28578.7,28600.3,2777,10,0
2026-05-06 22:30:00,2026-05-06 20:30:00,28600.3,28600.3,28573.6,28575.3,2897,10,0
2026-05-06 22:45:00,2026-05-06 20:45:00,28575.3,28631.5,28573.2,28617.3,3420,10,0
2026-05-06 23:00:00,2026-05-06 21:00:00,28617.5,28704.7,28608.1,28699.2,3310,15,0
2026-05-06 23:15:00,2026-05-06 21:15:00,28698.8,28703.6,28675.2,28683.2,2551,15,0
2026-05-06 23:30:00,2026-05-06 21:30:00,28683.2,28685.3,28629.6,28630.5,2511,15,0
2026-05-06 23:45:00,2026-05-06 21:45:00,28630.3,28632.0,28600.5,28611.7,2177,15,0
2026-05-07 01:00:00,2026-05-06 23:00:00,28567.4,28604.6,28561.9,28591.6,1810,15,0
2026-05-07 01:15:00,2026-05-06 23:15:00,28591.9,28601.5,28562.0,28564.4,1866,15,0
2026-05-07 01:30:00,2026-05-06 23:30:00,28564.9,28581.7,28560.9,28579.9,1408,15,0
2026-05-07 01:45:00,2026-05-06 23:45:00,28579.9,28589.7,28576.4,28585.5,1077,15,0
2026-05-07 02:00:00,2026-05-07 00:00:00,28585.5,28601.7,28578.1,28591.7,1275,15,0
2026-05-07 02:15:00,2026-05-07 00:15:00,28591.7,28599.9,28581.0,28584.9,1227,15,0
2026-05-07 02:30:00,2026-05-07 00:30:00,28584.9,28591.7,28577.9,28582.2,1126,15,0
2026-05-07 02:45:00,2026-05-07 00:45:00,28582.0,28594.7,28564.1,28578.2,2262,15,0
2026-05-07 03:00:00,2026-05-07 01:00:00,28578.9,28600.1,28568.6,28585.6,3326,15,0
2026-05-07 03:15:00,2026-05-07 01:15:00,28585.4,28590.7,28551.4,28557.0,3060,15,0
2026-05-07 03:30:00,2026-05-07 01:30:00,28557.4,28565.0,28546.0,28561.1,2803,15,0
2026-05-07 03:45:00,2026-05-07 01:45:00,28561.5,28574.0,28557.7,28570.5,2426,15,0
2026-05-07 04:00:00,2026-05-07 02:00:00,28570.5,28572.2,28546.9,28565.7,2855,15,0
2026-05-07 04:15:00,2026-05-07 02:15:00,28565.9,28581.5,28564.9,28578.0,2431,15,0
2026-05-07 04:30:00,2026-05-07 02:30:00,28578.1,28598.7,28574.4,28595.6,2443,15,0
2026-05-07 04:45:00,2026-05-07 02:45:00,28595.4,28624.4,28593.9,28606.6,2321,15,0
2026-05-07 05:00:00,2026-05-07 03:00:00,28606.6,28615.0,28560.9,28563.2,2498,15,0
2026-05-07 05:15:00,2026-05-07 03:15:00,28563.2,28594.2,28562.5,28594.0,2632,15,0
2026-05-07 05:30:00,2026-05-07 03:30:00,28594.0,28600.0,28576.6,28583.6,2561,15,0
2026-05-07 05:45:00,2026-05-07 03:45:00,28583.6,28599.2,28582.1,28594.2,2117,15,0
2026-05-07 06:00:00,2026-05-07 04:00:00,28594.4,28596.5,28581.9,28588.4,2168,15,0
2026-05-07 06:15:00,2026-05-07 04:15:00,28588.4,28603.1,28583.9,28597.1,2073,15,0
2026-05-07 06:30:00,2026-05-07 04:30:00,28597.4,28605.1,28595.5,28604.9,1751,15,0
2026-05-07 06:45:00,2026-05-07 04:45:00,28604.9,28610.9,28597.6,28600.2,1559,15,0
2026-05-07 07:00:00,2026-05-07 05:00:00,28600.2,28614.0,28593.9,28611.0,1646,15,0
2026-05-07 07:15:00,2026-05-07 05:15:00,28611.0,28621.9,28609.4,28615.9,1465,15,0
2026-05-07 07:30:00,2026-05-07 05:30:00,28615.9,28621.9,28606.4,28612.7,1577,15,0
2026-05-07 07:45:00,2026-05-07 05:45:00,28612.9,28621.7,28608.6,28612.9,1602,15,0
2026-05-07 08:00:00,2026-05-07 06:00:00,28612.9,28622.6,28603.5,28620.9,1897,15,0
2026-05-07 08:15:00,2026-05-07 06:15:00,28620.9,28623.0,28607.1,28613.1,1900,15,0
2026-05-07 08:30:00,2026-05-07 06:30:00,28613.1,28635.9,28613.1,28632.9,1808,15,0
2026-05-07 08:45:00,2026-05-07 06:45:00,28632.9,28636.4,28623.7,28628.9,1652,15,0
2026-05-07 09:00:00,2026-05-07 07:00:00,28628.9,28639.6,28605.8,28606.0,2292,13,0
2026-05-07 09:15:00,2026-05-07 07:15:00,28605.6,28632.0,28603.5,28620.1,2165,13,0
2026-05-07 09:30:00,2026-05-07 07:30:00,28620.0,28656.3,28618.8,28651.6,2347,13,0
2026-05-07 09:45:00,2026-05-07 07:45:00,28652.0,28652.0,28622.2,28646.3,2442,13,0
2026-05-07 10:00:00,2026-05-07 08:00:00,28646.3,28708.3,28637.0,28706.7,3187,13,0
2026-05-07 10:15:00,2026-05-07 08:15:00,28707.0,28713.5,28661.0,28678.6,3093,13,0
2026-05-07 10:30:00,2026-05-07 08:30:00,28678.7,28706.5,28675.7,28699.8,2617,13,0
2026-05-07 10:45:00,2026-05-07 08:45:00,28700.6,28702.1,28674.1,28687.3,2686,13,0
2026-05-07 11:00:00,2026-05-07 09:00:00,28687.0,28723.2,28671.1,28677.3,3043,13,0
2026-05-07 11:15:00,2026-05-07 09:15:00,28677.2,28680.1,28645.7,28654.5,2924,13,0
2026-05-07 11:30:00,2026-05-07 09:30:00,28655.6,28672.8,28650.1,28650.8,2583,13,0
2026-05-07 11:45:00,2026-05-07 09:45:00,28650.8,28661.7,28637.5,28646.0,2618,13,0
2026-05-07 12:00:00,2026-05-07 10:00:00,28645.6,28651.3,28621.6,28641.0,2745,13,0
2026-05-07 12:15:00,2026-05-07 10:15:00,28641.0,28671.2,28640.0,28656.8,2517,13,0
2026-05-07 12:30:00,2026-05-07 10:30:00,28656.8,28663.5,28647.7,28651.6,2276,13,0
2026-05-07 12:45:00,2026-05-07 10:45:00,28651.6,28670.7,28630.7,28639.1,2509,13,0
2026-05-07 13:00:00,2026-05-07 11:00:00,28639.0,28644.1,28603.0,28626.2,2625,13,0
2026-05-07 13:15:00,2026-05-07 11:15:00,28626.2,28639.6,28613.3,28631.6,2183,13,0
2026-05-07 13:30:00,2026-05-07 11:30:00,28631.6,28651.1,28625.3,28649.2,2328,13,0
2026-05-07 13:45:00,2026-05-07 11:45:00,28649.2,28651.2,28633.7,28635.8,2244,13,0
2026-05-07 14:00:00,2026-05-07 12:00:00,28635.8,28659.0,28628.5,28629.6,2659,13,0
2026-05-07 14:15:00,2026-05-07 12:15:00,28629.6,28643.0,28619.2,28621.8,2577,13,0
2026-05-07 14:30:00,2026-05-07 12:30:00,28621.8,28648.2,28614.0,28640.2,2408,13,0
2026-05-07 14:45:00,2026-05-07 12:45:00,28640.2,28647.0,28620.8,28641.5,2157,13,0
2026-05-07 15:00:00,2026-05-07 13:00:00,28641.2,28654.3,28626.0,28649.8,2390,13,0
2026-05-07 15:15:00,2026-05-07 13:15:00,28649.5,28650.8,28626.8,28649.5,2451,13,0
2026-05-07 15:30:00,2026-05-07 13:30:00,28649.3,28668.1,28638.2,28661.6,2365,13,0
2026-05-07 15:45:00,2026-05-07 13:45:00,28662.0,28668.3,28647.7,28663.6,2361,13,0
2026-05-07 16:00:00,2026-05-07 14:00:00,28663.6,28664.2,28636.0,28651.6,2879,13,0
2026-05-07 16:15:00,2026-05-07 14:15:00,28651.8,28671.3,28649.7,28660.1,2774,13,0
2026-05-07 16:30:00,2026-05-07 14:30:00,28660.0,28691.0,28635.0,28650.5,4116,10,0
2026-05-07 16:45:00,2026-05-07 14:45:00,28650.1,28710.7,28617.7,28691.4,4103,10,0
2026-05-07 17:00:00,2026-05-07 15:00:00,28690.4,28756.5,28688.2,28746.1,3927,10,0
2026-05-07 17:15:00,2026-05-07 15:15:00,28746.5,28805.6,28732.9,28781.9,3887,10,0
2026-05-07 17:30:00,2026-05-07 15:30:00,28782.7,28823.6,28769.5,28808.2,3787,10,0
2026-05-07 17:45:00,2026-05-07 15:45:00,28808.0,28853.4,28779.2,28837.7,3616,10,0
2026-05-07 18:00:00,2026-05-07 16:00:00,28837.7,28838.7,28756.0,28770.5,3793,10,0
2026-05-07 18:15:00,2026-05-07 16:15:00,28771.0,28791.7,28734.9,28762.7,3890,10,0
2026-05-07 18:30:00,2026-05-07 16:30:00,28763.2,28804.9,28759.4,28788.4,3744,10,0
2026-05-07 18:45:00,2026-05-07 16:45:00,28788.5,28795.5,28681.9,28693.2,3887,10,0
2026-05-07 19:00:00,2026-05-07 17:00:00,28693.1,28695.6,28601.0,28609.9,4018,10,0
2026-05-07 19:15:00,2026-05-07 17:15:00,28609.2,28656.6,28546.1,28649.5,4054,10,0
2026-05-07 19:30:00,2026-05-07 17:30:00,28649.7,28684.5,28616.4,28634.7,3870,10,0
2026-05-07 19:45:00,2026-05-07 17:45:00,28634.7,28643.1,28574.7,28606.0,3923,10,0
2026-05-07 20:00:00,2026-05-07 18:00:00,28605.4,28621.7,28562.9,28578.9,3878,10,0
2026-05-07 20:15:00,2026-05-07 18:15:00,28578.1,28606.6,28463.1,28516.9,4035,10,0
2026-05-07 20:30:00,2026-05-07 18:30:00,28516.9,28596.5,28499.1,28554.5,3977,10,0
2026-05-07 20:45:00,2026-05-07 18:45:00,28554.4,28609.6,28516.6,28605.1,3867,10,0
2026-05-07 21:00:00,2026-05-07 19:00:00,28604.9,28625.1,28563.6,28585.1,3792,10,0
2026-05-07 21:15:00,2026-05-07 19:15:00,28585.9,28615.0,28552.0,28563.2,3709,10,0
2026-05-07 21:30:00,2026-05-07 19:30:00,28562.9,28599.6,28504.4,28519.4,3683,10,0
2026-05-07 21:45:00,2026-05-07 19:45:00,28519.4,28555.1,28492.4,28553.1,3867,10,0
2026-05-07 22:00:00,2026-05-07 20:00:00,28553.2,28571.9,28526.1,28561.7,3560,10,0
2026-05-07 22:15:00,2026-05-07 20:15:00,28561.7,28565.6,28495.6,28520.5,3715,10,0
2026-05-07 22:30:00,2026-05-07 20:30:00,28520.1,28593.7,28517.4,28588.9,3533,10,0
2026-05-07 22:45:00,2026-05-07 20:45:00,28588.9,28617.1,28562.6,28593.0,3717,10,0
2026-05-07 23:00:00,2026-05-07 21:00:00,28592.4,28674.5,28560.7,28619.6,3390,15,0
2026-05-07 23:15:00,2026-05-07 21:15:00,28619.6,28633.7,28611.6,28619.2,2464,15,0
2026-05-07 23:30:00,2026-05-07 21:30:00,28619.1,28628.0,28545.2,28581.6,2767,15,0
2026-05-07 23:45:00,2026-05-07 21:45:00,28581.6,28595.0,28541.6,28548.6,2757,15,0
2026-05-08 01:00:00,2026-05-07 23:00:00,28475.0,28551.9,28475.0,28535.8,2164,15,0
2026-05-08 01:15:00,2026-05-07 23:15:00,28535.8,28578.9,28526.9,28569.9,2207,15,0
2026-05-08 01:30:00,2026-05-07 23:30:00,28569.9,28572.5,28518.8,28531.0,1711,15,0
2026-05-08 01:45:00,2026-05-07 23:45:00,28531.0,28534.4,28512.8,28523.9,1367,15,0
2026-05-08 02:00:00,2026-05-08 00:00:00,28523.9,28549.7,28516.5,28537.5,1570,15,0
2026-05-08 02:15:00,2026-05-08 00:15:00,28537.8,28557.8,28535.2,28553.7,1349,15,0
2026-05-08 02:30:00,2026-05-08 00:30:00,28553.7,28563.4,28546.0,28562.4,1291,15,0
2026-05-08 02:45:00,2026-05-08 00:45:00,28562.4,28588.8,28554.7,28588.2,1953,15,0
2026-05-08 03:00:00,2026-05-08 01:00:00,28588.2,28639.5,28588.2,28627.4,2673,15,0
2026-05-08 03:15:00,2026-05-08 01:15:00,28627.7,28634.7,28605.9,28619.8,2537,15,0
2026-05-08 03:30:00,2026-05-08 01:30:00,28619.8,28650.0,28617.9,28643.7,2416,15,0
2026-05-08 03:45:00,2026-05-08 01:45:00,28643.7,28655.5,28624.3,28654.2,2320,15,0
2026-05-08 04:00:00,2026-05-08 02:00:00,28653.7,28678.8,28653.7,28676.7,2585,15,0
2026-05-08 04:15:00,2026-05-08 02:15:00,28676.8,28691.0,28666.3,28681.4,2139,15,0
2026-05-08 04:30:00,2026-05-08 02:30:00,28681.2,28686.0,28673.8,28678.5,2262,15,0
2026-05-08 04:45:00,2026-05-08 02:45:00,28678.4,28688.0,28667.4,28669.2,2052,15,0
2026-05-08 05:00:00,2026-05-08 03:00:00,28669.7,28672.9,28658.8,28663.8,2313,15,0
2026-05-08 05:15:00,2026-05-08 03:15:00,28663.8,28664.0,28637.0,28652.8,2563,15,0
2026-05-08 05:30:00,2026-05-08 03:30:00,28652.9,28664.3,28619.3,28647.8,2698,15,0
2026-05-08 05:45:00,2026-05-08 03:45:00,28647.8,28681.9,28647.8,28656.5,2221,15,0
2026-05-08 06:00:00,2026-05-08 04:00:00,28656.8,28669.4,28653.0,28661.4,1952,15,0
2026-05-08 06:15:00,2026-05-08 04:15:00,28661.4,28668.2,28653.2,28661.5,1787,15,0
2026-05-08 06:30:00,2026-05-08 04:30:00,28661.5,28680.0,28657.9,28666.9,2153,15,0
2026-05-08 06:45:00,2026-05-08 04:45:00,28666.7,28685.5,28663.8,28682.0,1858,15,0
2026-05-08 07:00:00,2026-05-08 05:00:00,28682.0,28694.3,28672.4,28681.2,1867,15,0
2026-05-08 07:15:00,2026-05-08 05:15:00,28681.2,28689.9,28669.4,28683.0,1829,15,0
2026-05-08 07:30:00,2026-05-08 05:30:00,28683.0,28687.8,28667.3,28673.2,1806,15,0
2026-05-08 07:45:00,2026-05-08 05:45:00,28673.2,28704.8,28670.3,28688.5,1858,15,0
2026-05-08 08:00:00,2026-05-08 06:00:00,28688.5,28703.8,28688.4,28696.4,2032,15,0
2026-05-08 08:15:00,2026-05-08 06:15:00,28696.3,28709.0,28695.0,28705.5,1695,15,0
2026-05-08 08:30:00,2026-05-08 06:30:00,28705.3,28738.8,28705.2,28719.9,2059,15,0
2026-05-08 08:45:00,2026-05-08 06:45:00,28720.0,28725.2,28712.0,28714.3,1780,15,0
2026-05-08 09:00:00,2026-05-08 07:00:00,28714.3,28732.9,28693.3,28723.5,2474,13,0
2026-05-08 09:15:00,2026-05-08 07:15:00,28723.5,28741.9,28716.6,28734.8,2070,13,0
2026-05-08 09:30:00,2026-05-08 07:30:00,28735.0,28739.4,28719.6,28735.8,2234,13,0
2026-05-08 09:45:00,2026-05-08 07:45:00,28735.8,28747.3,28724.1,28745.1,1873,13,0
2026-05-08 10:00:00,2026-05-08 08:00:00,28745.5,28745.5,28716.9,28719.4,2710,13,0
2026-05-08 10:15:00,2026-05-08 08:15:00,28719.4,28743.3,28718.4,28733.4,2543,13,0
2026-05-08 10:30:00,2026-05-08 08:30:00,28732.9,28738.6,28719.9,28731.5,2381,13,0
2026-05-08 10:45:00,2026-05-08 08:45:00,28731.9,28742.3,28725.4,28737.0,2343,13,0
2026-05-08 11:00:00,2026-05-08 09:00:00,28737.6,28778.3,28733.8,28757.3,2526,13,0
2026-05-08 11:15:00,2026-05-08 09:15:00,28757.1,28775.9,28755.1,28767.5,2343,13,0
2026-05-08 11:30:00,2026-05-08 09:30:00,28767.9,28775.9,28753.6,28756.6,2050,13,0
2026-05-08 11:45:00,2026-05-08 09:45:00,28756.4,28771.4,28752.4,28771.4,2061,13,0
2026-05-08 12:00:00,2026-05-08 10:00:00,28771.4,28798.4,28770.1,28792.6,1924,13,0
2026-05-08 12:15:00,2026-05-08 10:15:00,28792.5,28806.3,28787.1,28798.0,1733,13,0
2026-05-08 12:30:00,2026-05-08 10:30:00,28798.0,28798.0,28765.8,28767.3,1925,13,0
2026-05-08 12:45:00,2026-05-08 10:45:00,28767.3,28770.0,28741.3,28761.1,2330,13,0
2026-05-08 13:00:00,2026-05-08 11:00:00,28761.1,28773.6,28761.1,28765.4,2063,13,0
2026-05-08 13:15:00,2026-05-08 11:15:00,28765.4,28788.5,28765.4,28777.9,1730,13,0
2026-05-08 13:30:00,2026-05-08 11:30:00,28778.3,28799.0,28775.0,28789.6,1729,13,0
2026-05-08 13:45:00,2026-05-08 11:45:00,28789.6,28789.6,28751.0,28772.8,2091,13,0
2026-05-08 14:00:00,2026-05-08 12:00:00,28772.6,28794.4,28772.6,28790.6,2241,13,0
2026-05-08 14:15:00,2026-05-08 12:15:00,28790.6,28803.6,28781.5,28802.1,1914,13,0
2026-05-08 14:30:00,2026-05-08 12:30:00,28802.1,28809.3,28797.8,28803.9,1873,13,0
2026-05-08 14:45:00,2026-05-08 12:45:00,28803.5,28823.8,28803.3,28807.4,1899,13,0
2026-05-08 15:00:00,2026-05-08 13:00:00,28807.4,28812.8,28790.5,28795.6,2209,13,0
2026-05-08 15:15:00,2026-05-08 13:15:00,28795.5,28812.5,28786.5,28812.4,2218,13,0
2026-05-08 15:30:00,2026-05-08 13:30:00,28812.4,28885.1,28806.9,28870.0,3391,13,0
2026-05-08 15:45:00,2026-05-08 13:45:00,28870.4,28870.9,28811.8,28822.0,3059,13,0
2026-05-08 16:00:00,2026-05-08 14:00:00,28821.9,28837.5,28773.5,28787.9,3181,13,0
2026-05-08 16:15:00,2026-05-08 14:15:00,28787.9,28801.9,28776.0,28785.5,3070,13,0
2026-05-08 16:30:00,2026-05-08 14:30:00,28786.0,28906.2,28773.5,28904.0,4079,10,0
2026-05-08 16:45:00,2026-05-08 14:45:00,28905.9,29014.7,28905.9,29014.4,4028,10,0
2026-05-08 17:00:00,2026-05-08 15:00:00,29016.4,29036.3,28986.0,29009.4,3983,10,0
2026-05-08 17:15:00,2026-05-08 15:15:00,29009.9,29074.9,28997.0,29021.3,3881,10,0
2026-05-08 17:30:00,2026-05-08 15:30:00,29020.9,29047.2,28983.4,29047.2,3964,10,0
2026-05-08 17:45:00,2026-05-08 15:45:00,29046.9,29082.0,29034.4,29072.4,3685,10,0
2026-05-08 18:00:00,2026-05-08 16:00:00,29071.3,29093.4,29056.7,29065.2,3684,10,0
2026-05-08 18:15:00,2026-05-08 16:15:00,29064.9,29094.4,29034.8,29092.9,3751,10,0
2026-05-08 18:30:00,2026-05-08 16:30:00,29093.4,29125.5,29063.8,29092.8,3609,10,0
2026-05-08 18:45:00,2026-05-08 16:45:00,29093.2,29126.3,29086.3,29100.2,3571,10,0
2026-05-08 19:00:00,2026-05-08 17:00:00,29100.7,29134.9,29100.4,29128.3,3419,10,0
2026-05-08 19:15:00,2026-05-08 17:15:00,29128.2,29153.7,29119.8,29151.3,3033,10,0
2026-05-08 19:30:00,2026-05-08 17:30:00,29151.2,29152.9,29105.2,29106.7,3169,10,0
2026-05-08 19:45:00,2026-05-08 17:45:00,29107.2,29157.0,29106.2,29149.9,3563,10,0
2026-05-08 20:00:00,2026-05-08 18:00:00,29150.4,29205.2,29145.3,29193.2,3552,10,0
2026-05-08 20:15:00,2026-05-08 18:15:00,29193.3,29224.8,29191.7,29214.9,3255,10,0
2026-05-08 20:30:00,2026-05-08 18:30:00,29214.9,29226.7,29186.2,29188.7,3147,10,0
2026-05-08 20:45:00,2026-05-08 18:45:00,29188.2,29207.0,29165.4,29173.3,3202,10,0
2026-05-08 21:00:00,2026-05-08 19:00:00,29173.4,29208.7,29169.2,29196.5,3335,10,0
2026-05-08 21:15:00,2026-05-08 19:15:00,29196.3,29203.9,29179.7,29195.8,3042,10,0
2026-05-08 21:30:00,2026-05-08 19:30:00,29195.7,29202.2,29177.3,29183.7,2916,10,0
2026-05-08 21:45:00,2026-05-08 19:45:00,29183.7,29189.9,29147.2,29149.7,3316,10,0
2026-05-08 22:00:00,2026-05-08 20:00:00,29149.7,29212.9,29147.8,29203.9,3255,10,0
2026-05-08 22:15:00,2026-05-08 20:15:00,29203.7,29214.9,29170.7,29171.8,3018,10,0
2026-05-08 22:30:00,2026-05-08 20:30:00,29171.7,29212.9,29165.9,29210.3,3159,10,0
2026-05-08 22:45:00,2026-05-08 20:45:00,29209.9,29249.0,29205.2,29249.0,3351,10,0
2026-05-08 23:00:00,2026-05-08 21:00:00,29248.7,29291.8,29243.2,29252.7,2736,15,0
2026-05-08 23:15:00,2026-05-08 21:15:00,29252.8,29261.3,29240.4,29252.8,2023,15,0
2026-05-08 23:30:00,2026-05-08 21:30:00,29252.8,29255.5,29244.9,29249.8,1332,15,0
2026-05-08 23:45:00,2026-05-08 21:45:00,29249.7,29258.0,29246.7,29247.4,995,15,0
2026-05-11 01:00:00,2026-05-10 23:00:00,29217.4,29234.9,29166.8,29188.8,2719,15,0
2026-05-11 01:15:00,2026-05-10 23:15:00,29188.7,29191.8,29143.8,29189.3,2275,15,0
2026-05-11 01:30:00,2026-05-10 23:30:00,29189.2,29192.2,29170.1,29184.8,1742,15,0
2026-05-11 01:45:00,2026-05-10 23:45:00,29185.2,29214.7,29183.3,29210.4,1802,15,0
2026-05-11 02:00:00,2026-05-11 00:00:00,29210.4,29257.7,29206.7,29237.7,2234,15,0
2026-05-11 02:15:00,2026-05-11 00:15:00,29237.7,29262.3,29216.1,29218.9,1720,15,0
2026-05-11 02:30:00,2026-05-11 00:30:00,29218.9,29230.7,29208.3,29225.6,1805,15,0
2026-05-11 02:45:00,2026-05-11 00:45:00,29225.4,29232.6,29212.9,29221.2,2449,15,0
2026-05-11 03:00:00,2026-05-11 01:00:00,29219.8,29288.1,29219.8,29284.9,3204,15,0
2026-05-11 03:15:00,2026-05-11 01:15:00,29284.9,29309.8,29263.4,29303.3,2881,15,0
2026-05-11 03:30:00,2026-05-11 01:30:00,29303.6,29315.2,29297.9,29303.3,2332,15,0
2026-05-11 03:45:00,2026-05-11 01:45:00,29303.3,29303.7,29183.7,29211.3,3393,15,0
2026-05-11 04:00:00,2026-05-11 02:00:00,29211.6,29221.4,29167.6,29210.7,3512,15,0
2026-05-11 04:15:00,2026-05-11 02:15:00,29210.7,29256.3,29194.4,29233.7,3116,15,0
2026-05-11 04:30:00,2026-05-11 02:30:00,29233.9,29252.6,29219.2,29247.3,3173,15,0
2026-05-11 04:45:00,2026-05-11 02:45:00,29247.3,29268.7,29240.6,29255.4,2714,15,0
2026-05-11 05:00:00,2026-05-11 03:00:00,29255.3,29272.3,29240.3,29254.9,2665,15,0
2026-05-11 05:15:00,2026-05-11 03:15:00,29255.2,29269.8,29242.6,29265.8,2319,15,0
2026-05-11 05:30:00,2026-05-11 03:30:00,29265.8,29276.8,29242.7,29267.7,2448,15,0
2026-05-11 05:45:00,2026-05-11 03:45:00,29267.6,29273.1,29252.3,29253.2,2158,15,0
2026-05-11 06:00:00,2026-05-11 04:00:00,29253.2,29256.2,29232.7,29239.3,2489,15,0
2026-05-11 06:15:00,2026-05-11 04:15:00,29239.3,29257.2,29231.8,29255.8,2326,15,0
2026-05-11 06:30:00,2026-05-11 04:30:00,29255.4,29264.1,29238.7,29260.4,2318,15,0
2026-05-11 06:45:00,2026-05-11 04:45:00,29260.6,29260.9,29237.3,29240.2,1854,15,0
2026-05-11 07:00:00,2026-05-11 05:00:00,29240.2,29242.7,29209.8,29225.6,2237,15,0
2026-05-11 07:15:00,2026-05-11 05:15:00,29225.3,29251.7,29224.1,29247.4,1937,15,0
2026-05-11 07:30:00,2026-05-11 05:30:00,29247.4,29253.6,29244.2,29250.6,1747,15,0
2026-05-11 07:45:00,2026-05-11 05:45:00,29250.6,29259.8,29245.2,29257.6,1579,15,0
2026-05-11 08:00:00,2026-05-11 06:00:00,29257.6,29262.3,29246.7,29252.1,1775,15,0
2026-05-11 08:15:00,2026-05-11 06:15:00,29252.1,29269.7,29245.6,29258.1,1869,15,0
2026-05-11 08:30:00,2026-05-11 06:30:00,29258.1,29268.6,29234.8,29237.8,2155,15,0
2026-05-11 08:45:00,2026-05-11 06:45:00,29237.8,29248.8,29233.9,29237.7,2155,15,0
2026-05-11 09:00:00,2026-05-11 07:00:00,29237.7,29261.3,29236.2,29255.4,2223,13,0
2026-05-11 09:15:00,2026-05-11 07:15:00,29255.5,29270.4,29239.4,29260.8,2082,13,0
2026-05-11 09:30:00,2026-05-11 07:30:00,29260.7,29264.9,29227.9,29232.0,2033,13,0
2026-05-11 09:45:00,2026-05-11 07:45:00,29232.0,29241.2,29216.8,29237.9,2108,13,0
2026-05-11 10:00:00,2026-05-11 08:00:00,29237.9,29241.7,29213.3,29214.2,2708,13,0
2026-05-11 10:15:00,2026-05-11 08:15:00,29214.4,29237.9,29203.4,29228.9,2398,13,0
2026-05-11 10:30:00,2026-05-11 08:30:00,29228.9,29243.0,29216.7,29227.8,2285,13,0
2026-05-11 10:45:00,2026-05-11 08:45:00,29227.8,29241.7,29226.5,29238.9,2007,13,0
2026-05-11 11:00:00,2026-05-11 09:00:00,29238.8,29245.8,29185.2,29194.2,2942,13,0
2026-05-11 11:15:00,2026-05-11 09:15:00,29194.0,29230.0,29184.2,29184.7,2816,13,0
2026-05-11 11:30:00,2026-05-11 09:30:00,29183.2,29209.3,29180.5,29207.5,2700,13,0
2026-05-11 11:45:00,2026-05-11 09:45:00,29207.8,29231.9,29205.3,29213.4,2250,13,0
2026-05-11 12:00:00,2026-05-11 10:00:00,29213.7,29247.5,29211.3,29231.3,2220,13,0
2026-05-11 12:15:00,2026-05-11 10:15:00,29231.3,29251.8,29227.4,29235.9,2023,13,0
2026-05-11 12:30:00,2026-05-11 10:30:00,29235.9,29258.2,29234.8,29254.5,2005,13,0
2026-05-11 12:45:00,2026-05-11 10:45:00,29254.5,29281.2,29231.4,29231.7,2303,13,0
2026-05-11 13:00:00,2026-05-11 11:00:00,29231.8,29249.2,29224.7,29230.8,2214,13,0
2026-05-11 13:15:00,2026-05-11 11:15:00,29230.7,29233.7,29213.8,29229.3,2023,13,0
2026-05-11 13:30:00,2026-05-11 11:30:00,29229.4,29230.7,29207.4,29218.3,2272,13,0
2026-05-11 13:45:00,2026-05-11 11:45:00,29218.3,29228.9,29205.4,29217.7,2111,13,0
2026-05-11 14:00:00,2026-05-11 12:00:00,29217.9,29258.7,29217.9,29257.7,2457,13,0
2026-05-11 14:15:00,2026-05-11 12:15:00,29257.7,29293.2,29250.4,29288.5,2367,13,0
2026-05-11 14:30:00,2026-05-11 12:30:00,29288.7,29304.7,29262.2,29263.5,2580,13,0
2026-05-11 14:45:00,2026-05-11 12:45:00,29263.4,29265.8,29240.7,29264.4,2604,13,0
2026-05-11 15:00:00,2026-05-11 13:00:00,29264.4,29269.2,29213.5,29217.4,2825,13,0
2026-05-11 15:15:00,2026-05-11 13:15:00,29217.4,29233.2,29194.4,29223.4,2871,13,0
2026-05-11 15:30:00,2026-05-11 13:30:00,29223.4,29230.0,29186.7,29186.9,2718,13,0
2026-05-11 15:45:00,2026-05-11 13:45:00,29186.9,29214.0,29176.4,29213.9,2883,13,0
2026-05-11 16:00:00,2026-05-11 14:00:00,29213.8,29229.3,29201.2,29222.9,2976,13,0
2026-05-11 16:15:00,2026-05-11 14:15:00,29222.9,29225.5,29199.9,29218.5,2944,13,0
2026-05-11 16:30:00,2026-05-11 14:30:00,29219.9,29350.6,29199.5,29316.1,4156,10,0
2026-05-11 16:45:00,2026-05-11 14:45:00,29315.7,29329.9,29217.7,29227.7,4043,10,0
2026-05-11 17:00:00,2026-05-11 15:00:00,29226.8,29320.1,29226.8,29315.6,3980,10,0
2026-05-11 17:15:00,2026-05-11 15:15:00,29316.4,29333.7,29197.1,29200.9,3922,10,0
2026-05-11 17:30:00,2026-05-11 15:30:00,29202.1,29288.8,29164.2,29281.3,3968,10,0
2026-05-11 17:45:00,2026-05-11 15:45:00,29281.6,29328.2,29273.9,29307.3,3839,10,0
2026-05-11 18:00:00,2026-05-11 16:00:00,29307.1,29324.4,29279.2,29285.6,3768,10,0
2026-05-11 18:15:00,2026-05-11 16:15:00,29285.8,29345.3,29276.1,29342.9,3735,10,0
2026-05-11 18:30:00,2026-05-11 16:30:00,29342.9,29356.4,29322.6,29337.3,3549,10,0
2026-05-11 18:45:00,2026-05-11 16:45:00,29336.8,29390.9,29332.8,29381.2,3505,10,0
2026-05-11 19:00:00,2026-05-11 17:00:00,29381.2,29395.7,29373.3,29395.7,3114,10,0
2026-05-11 19:15:00,2026-05-11 17:15:00,29395.4,29395.6,29362.9,29380.9,3176,10,0
2026-05-11 19:30:00,2026-05-11 17:30:00,29380.6,29393.4,29286.9,29330.3,3464,10,0
2026-05-11 19:45:00,2026-05-11 17:45:00,29330.3,29347.2,29312.8,29321.3,3705,10,0
2026-05-11 20:00:00,2026-05-11 18:00:00,29321.2,29348.4,29299.1,29306.9,3544,10,0
2026-05-11 20:15:00,2026-05-11 18:15:00,29306.7,29356.7,29293.7,29353.2,3523,10,0
2026-05-11 20:30:00,2026-05-11 18:30:00,29353.1,29388.4,29351.7,29384.2,3182,10,0
2026-05-11 20:45:00,2026-05-11 18:45:00,29383.9,29392.6,29355.9,29357.7,3049,10,0
2026-05-11 21:00:00,2026-05-11 19:00:00,29357.7,29390.7,29357.2,29380.4,3126,10,0
2026-05-11 21:15:00,2026-05-11 19:15:00,29380.2,29390.9,29365.7,29388.2,3058,10,0
2026-05-11 21:30:00,2026-05-11 19:30:00,29388.2,29388.2,29354.1,29362.7,3050,10,0
2026-05-11 21:45:00,2026-05-11 19:45:00,29362.7,29367.7,29302.7,29303.4,3295,10,0
2026-05-11 22:00:00,2026-05-11 20:00:00,29304.4,29350.3,29292.3,29332.4,3653,10,0
2026-05-11 22:15:00,2026-05-11 20:15:00,29332.8,29335.4,29287.9,29298.9,3534,10,0
2026-05-11 22:30:00,2026-05-11 20:30:00,29298.9,29324.3,29287.4,29298.7,3715,10,0
2026-05-11 22:45:00,2026-05-11 20:45:00,29298.7,29347.7,29293.1,29343.2,3610,10,0
2026-05-11 23:00:00,2026-05-11 21:00:00,29343.8,29345.7,29242.7,29306.7,2873,15,0
2026-05-11 23:15:00,2026-05-11 21:15:00,29306.6,29320.2,29291.9,29314.7,2268,15,0
2026-05-11 23:30:00,2026-05-11 21:30:00,29314.9,29329.2,29313.8,29318.4,1766,15,0
2026-05-11 23:45:00,2026-05-11 21:45:00,29318.2,29321.6,29305.7,29312.1,1493,15,0
2026-05-12 01:00:00,2026-05-11 23:00:00,29317.8,29348.1,29316.6,29345.7,1047,15,0
2026-05-12 01:15:00,2026-05-11 23:15:00,29345.7,29356.7,29342.5,29353.7,661,15,0
2026-05-12 01:30:00,2026-05-11 23:30:00,29353.7,29369.8,29351.7,29369.6,671,15,0
2026-05-12 01:45:00,2026-05-11 23:45:00,29369.6,29374.6,29359.1,29364.0,616,15,0
2026-05-12 02:00:00,2026-05-12 00:00:00,29364.0,29367.7,29354.5,29357.8,565,15,0
2026-05-12 02:15:00,2026-05-12 00:15:00,29357.8,29371.5,29344.1,29369.5,803,15,0
2026-05-12 02:30:00,2026-05-12 00:30:00,29369.5,29372.2,29359.2,29363.8,589,15,0
2026-05-12 02:45:00,2026-05-12 00:45:00,29363.8,29364.5,29340.7,29346.8,1355,15,0
2026-05-12 03:00:00,2026-05-12 01:00:00,29347.2,29347.3,29305.3,29312.5,3143,15,0
2026-05-12 03:15:00,2026-05-12 01:15:00,29312.1,29322.2,29273.3,29297.8,2844,15,0
2026-05-12 03:30:00,2026-05-12 01:30:00,29297.8,29316.8,29282.8,29294.2,2381,15,0
2026-05-12 03:45:00,2026-05-12 01:45:00,29294.0,29309.6,29291.6,29297.2,2068,15,0
2026-05-12 04:00:00,2026-05-12 02:00:00,29297.7,29310.3,29284.1,29285.7,2624,15,0
2026-05-12 04:15:00,2026-05-12 02:15:00,29285.8,29286.6,29235.0,29236.1,2862,15,0
2026-05-12 04:30:00,2026-05-12 02:30:00,29235.6,29249.7,29146.3,29189.3,3464,15,0
2026-05-12 04:45:00,2026-05-12 02:45:00,29189.3,29229.8,29183.0,29189.6,3569,15,0
2026-05-12 05:00:00,2026-05-12 03:00:00,29189.2,29263.1,29178.6,29259.3,3340,15,0
2026-05-12 05:15:00,2026-05-12 03:15:00,29259.6,29260.2,29230.3,29251.1,2870,15,0
2026-05-12 05:30:00,2026-05-12 03:30:00,29251.2,29254.8,29223.1,29241.7,2732,15,0
2026-05-12 05:45:00,2026-05-12 03:45:00,29241.7,29283.2,29241.7,29279.6,2646,15,0
2026-05-12 06:00:00,2026-05-12 04:00:00,29279.8,29283.0,29243.6,29259.1,2512,15,0
2026-05-12 06:15:00,2026-05-12 04:15:00,29259.1,29265.6,29249.1,29256.0,1988,15,0
2026-05-12 06:30:00,2026-05-12 04:30:00,29256.3,29265.5,29253.7,29256.7,1935,15,0
2026-05-12 06:45:00,2026-05-12 04:45:00,29256.7,29261.2,29241.2,29243.8,1964,15,0
2026-05-12 07:00:00,2026-05-12 05:00:00,29243.8,29254.2,29237.1,29239.5,2080,15,0
2026-05-12 07:15:00,2026-05-12 05:15:00,29239.5,29256.7,29238.2,29246.2,1905,15,0
2026-05-12 07:30:00,2026-05-12 05:30:00,29246.2,29252.1,29237.2,29242.7,1889,15,0
2026-05-12 07:45:00,2026-05-12 05:45:00,29242.7,29245.7,29201.2,29201.2,2230,15,0
2026-05-12 08:00:00,2026-05-12 06:00:00,29201.2,29222.1,29196.2,29199.2,2608,15,0
2026-05-12 08:15:00,2026-05-12 06:15:00,29199.3,29220.7,29190.5,29216.1,2737,15,0
2026-05-12 08:30:00,2026-05-12 06:30:00,29216.1,29217.6,29189.5,29193.3,2612,15,0
2026-05-12 08:45:00,2026-05-12 06:45:00,29193.3,29217.3,29193.1,29201.0,2538,15,0
2026-05-12 09:00:00,2026-05-12 07:00:00,29200.8,29210.6,29180.3,29193.7,2844,13,0
2026-05-12 09:15:00,2026-05-12 07:15:00,29193.7,29202.6,29165.4,29169.2,2579,13,0
2026-05-12 09:30:00,2026-05-12 07:30:00,29170.1,29179.9,29154.3,29163.4,2253,13,0
2026-05-12 09:45:00,2026-05-12 07:45:00,29163.4,29173.1,29133.6,29137.7,2441,13,0
2026-05-12 10:00:00,2026-05-12 08:00:00,29137.6,29141.6,29095.3,29134.9,3152,13,0
2026-05-12 10:15:00,2026-05-12 08:15:00,29135.2,29173.3,29132.9,29148.1,2946,13,0
2026-05-12 10:30:00,2026-05-12 08:30:00,29148.1,29173.2,29148.1,29156.7,2592,13,0
2026-05-12 10:45:00,2026-05-12 08:45:00,29156.8,29170.3,29151.3,29158.4,2349,13,0
2026-05-12 11:00:00,2026-05-12 09:00:00,29158.8,29164.4,29100.6,29100.6,3042,13,0
2026-05-12 11:15:00,2026-05-12 09:15:00,29100.7,29140.7,29093.1,29136.2,2982,13,0
2026-05-12 11:30:00,2026-05-12 09:30:00,29137.4,29143.9,29118.1,29118.2,2546,13,0
2026-05-12 11:45:00,2026-05-12 09:45:00,29118.1,29134.2,29104.4,29133.3,2422,13,0
2026-05-12 12:00:00,2026-05-12 10:00:00,29133.4,29142.7,29094.8,29126.9,2635,13,0
2026-05-12 12:15:00,2026-05-12 10:15:00,29126.9,29138.6,29114.2,29126.9,2225,13,0
2026-05-12 12:30:00,2026-05-12 10:30:00,29126.7,29164.3,29126.7,29134.6,2846,13,0
2026-05-12 12:45:00,2026-05-12 10:45:00,29134.6,29153.4,29129.2,29139.6,2110,13,0
2026-05-12 13:00:00,2026-05-12 11:00:00,29139.2,29166.4,29135.8,29157.3,2184,13,0
2026-05-12 13:15:00,2026-05-12 11:15:00,29157.3,29159.3,29135.3,29143.9,1948,13,0
2026-05-12 13:30:00,2026-05-12 11:30:00,29143.9,29146.1,29105.2,29113.6,2235,13,0
2026-05-12 13:45:00,2026-05-12 11:45:00,29113.6,29131.9,29107.4,29127.7,2234,13,0
2026-05-12 14:00:00,2026-05-12 12:00:00,29126.7,29135.7,29065.8,29072.1,3089,13,0
2026-05-12 14:15:00,2026-05-12 12:15:00,29072.7,29085.8,29052.2,29082.1,2701,13,0
2026-05-12 14:30:00,2026-05-12 12:30:00,29082.2,29103.3,29073.8,29091.2,2524,13,0
2026-05-12 14:45:00,2026-05-12 12:45:00,29090.9,29102.4,29083.3,29084.4,2125,13,0
2026-05-12 15:00:00,2026-05-12 13:00:00,29084.4,29087.4,29040.7,29084.8,2747,13,0
2026-05-12 15:15:00,2026-05-12 13:15:00,29084.8,29084.8,29045.8,29070.6,2741,13,0
2026-05-12 15:30:00,2026-05-12 13:30:00,29070.6,29147.3,29033.6,29122.6,3720,13,0
2026-05-12 15:45:00,2026-05-12 13:45:00,29122.6,29150.8,29121.1,29142.6,3079,13,0
2026-05-12 16:00:00,2026-05-12 14:00:00,29142.3,29155.8,29123.8,29135.9,3080,13,0
2026-05-12 16:15:00,2026-05-12 14:15:00,29135.4,29138.6,29106.8,29131.2,3169,13,0
2026-05-12 16:30:00,2026-05-12 14:30:00,29132.1,29204.2,29064.0,29203.2,4200,10,0
2026-05-12 16:45:00,2026-05-12 14:45:00,29204.1,29214.5,29033.3,29047.0,4149,10,0
2026-05-12 17:00:00,2026-05-12 15:00:00,29047.0,29113.5,29008.2,29109.7,4156,10,0
2026-05-12 17:15:00,2026-05-12 15:15:00,29110.3,29145.0,29002.5,29004.1,4055,10,0
2026-05-12 17:30:00,2026-05-12 15:30:00,29004.8,29045.5,28926.0,29001.7,4144,10,0
2026-05-12 17:45:00,2026-05-12 15:45:00,29002.5,29003.2,28920.6,28933.0,4018,10,0
2026-05-12 18:00:00,2026-05-12 16:00:00,28933.2,28950.0,28883.6,28885.5,4014,10,0
2026-05-12 18:15:00,2026-05-12 16:15:00,28884.5,28888.1,28775.8,28794.3,4062,10,0
2026-05-12 18:30:00,2026-05-12 16:30:00,28795.8,28863.6,28789.2,28848.2,3945,10,0
2026-05-12 18:45:00,2026-05-12 16:45:00,28847.5,28859.2,28748.1,28759.1,3849,10,0
2026-05-12 19:00:00,2026-05-12 17:00:00,28759.2,28832.3,28730.6,28829.1,3856,10,0
2026-05-12 19:15:00,2026-05-12 17:15:00,28828.5,28830.7,28747.5,28759.3,3764,10,0
2026-05-12 19:30:00,2026-05-12 17:30:00,28759.2,28764.7,28689.0,28710.8,3787,10,0
2026-05-12 19:45:00,2026-05-12 17:45:00,28710.7,28724.0,28661.5,28667.5,3853,10,0
2026-05-12 20:00:00,2026-05-12 18:00:00,28669.0,28762.5,28669.0,28758.6,3802,10,0
2026-05-12 20:15:00,2026-05-12 18:15:00,28759.0,28848.0,28758.0,28807.5,3811,10,0
2026-05-12 20:30:00,2026-05-12 18:30:00,28807.6,28847.1,28796.2,28819.1,3613,10,0
2026-05-12 20:45:00,2026-05-12 18:45:00,28818.7,28843.8,28797.2,28839.2,3511,10,0
2026-05-12 21:00:00,2026-05-12 19:00:00,28839.1,28867.8,28832.0,28866.3,3651,10,0
2026-05-12 21:15:00,2026-05-12 19:15:00,28866.6,28921.6,28850.5,28909.5,3643,10,0
2026-05-12 21:30:00,2026-05-12 19:30:00,28909.5,28926.2,28892.0,28898.3,3549,10,0
2026-05-12 21:45:00,2026-05-12 19:45:00,28898.0,28926.1,28867.2,28875.0,3684,10,0
2026-05-12 22:00:00,2026-05-12 20:00:00,28875.0,28968.8,28875.0,28957.0,3607,10,0
2026-05-12 22:15:00,2026-05-12 20:15:00,28957.8,28982.5,28933.6,28966.2,3653,10,0
2026-05-12 22:30:00,2026-05-12 20:30:00,28966.2,29050.6,28966.2,29046.6,3522,10,0
2026-05-12 22:45:00,2026-05-12 20:45:00,29046.5,29106.7,29032.6,29091.8,3787,10,0
2026-05-12 23:00:00,2026-05-12 21:00:00,29092.6,29094.2,29022.2,29042.8,3334,15,0
2026-05-12 23:15:00,2026-05-12 21:15:00,29043.1,29060.1,29025.5,29042.5,2491,15,0
2026-05-12 23:30:00,2026-05-12 21:30:00,29042.5,29053.7,29026.5,29048.5,1977,15,0
2026-05-12 23:45:00,2026-05-12 21:45:00,29048.6,29069.6,29046.7,29055.7,1413,15,0
2026-05-13 01:00:00,2026-05-12 23:00:00,29067.6,29090.7,29054.9,29084.7,1701,15,0
2026-05-13 01:15:00,2026-05-12 23:15:00,29084.7,29107.6,29082.8,29091.1,1480,15,0
2026-05-13 01:30:00,2026-05-12 23:30:00,29091.1,29099.6,29086.3,29088.7,1249,15,0
2026-05-13 01:45:00,2026-05-12 23:45:00,29088.7,29096.2,29064.4,29064.4,1340,15,0
2026-05-13 02:00:00,2026-05-13 00:00:00,29064.4,29077.9,29051.6,29057.8,1660,15,0
2026-05-13 02:15:00,2026-05-13 00:15:00,29057.9,29064.8,29047.4,29049.9,1419,15,0
2026-05-13 02:30:00,2026-05-13 00:30:00,29049.1,29049.9,28999.3,29008.7,1876,15,0
2026-05-13 02:45:00,2026-05-13 00:45:00,29008.7,29033.8,29002.6,29002.6,2389,15,0
2026-05-13 03:00:00,2026-05-13 01:00:00,29003.2,29035.1,28977.6,29006.7,3540,15,0
2026-05-13 03:15:00,2026-05-13 01:15:00,29006.8,29077.2,29003.4,29042.6,3441,15,0
2026-05-13 03:30:00,2026-05-13 01:30:00,29042.6,29066.4,29019.2,29056.1,3258,15,0
2026-05-13 03:45:00,2026-05-13 01:45:00,29056.4,29068.6,29034.8,29065.8,2986,15,0
2026-05-13 04:00:00,2026-05-13 02:00:00,29065.7,29107.9,29063.6,29104.4,2997,15,0
2026-05-13 04:15:00,2026-05-13 02:15:00,29104.6,29116.9,29086.1,29115.8,2885,15,0
2026-05-13 04:30:00,2026-05-13 02:30:00,29115.7,29123.9,29093.8,29123.2,2929,15,0
2026-05-13 04:45:00,2026-05-13 02:45:00,29123.2,29180.9,29123.2,29136.2,3028,15,0
2026-05-13 05:00:00,2026-05-13 03:00:00,29136.2,29161.3,29123.6,29137.8,2852,15,0
2026-05-13 05:15:00,2026-05-13 03:15:00,29138.2,29157.2,29134.4,29154.6,2474,15,0
2026-05-13 05:30:00,2026-05-13 03:30:00,29155.2,29159.8,29141.4,29147.2,2129,15,0
2026-05-13 05:45:00,2026-05-13 03:45:00,29147.7,29152.6,29132.8,29143.9,2345,15,0
2026-05-13 06:00:00,2026-05-13 04:00:00,29143.8,29147.1,29124.7,29127.1,2423,15,0
2026-05-13 06:15:00,2026-05-13 04:15:00,29126.8,29159.8,29126.8,29158.2,2059,15,0
2026-05-13 06:30:00,2026-05-13 04:30:00,29158.3,29185.6,29157.3,29183.8,2089,15,0
2026-05-13 06:45:00,2026-05-13 04:45:00,29183.8,29183.8,29161.6,29169.6,1926,15,0
2026-05-13 07:00:00,2026-05-13 05:00:00,29169.7,29186.6,29164.8,29183.3,1712,15,0
2026-05-13 07:15:00,2026-05-13 05:15:00,29183.4,29202.2,29181.6,29197.7,1627,15,0
2026-05-13 07:30:00,2026-05-13 05:30:00,29197.6,29218.1,29182.1,29200.1,1857,15,0
2026-05-13 07:45:00,2026-05-13 05:45:00,29199.9,29216.2,29198.8,29208.4,1643,15,0
2026-05-13 08:00:00,2026-05-13 06:00:00,29208.3,29230.8,29196.4,29216.4,2186,15,0
2026-05-13 08:15:00,2026-05-13 06:15:00,29216.2,29228.3,29206.2,29219.3,2094,15,0
2026-05-13 08:30:00,2026-05-13 06:30:00,29219.3,29224.9,29209.7,29213.2,2063,15,0
2026-05-13 08:45:00,2026-05-13 06:45:00,29213.6,29218.3,29206.1,29217.6,1998,15,0
2026-05-13 09:00:00,2026-05-13 07:00:00,29217.6,29244.2,29211.6,29244.0,2141,13,0
2026-05-13 09:15:00,2026-05-13 07:15:00,29243.8,29272.9,29233.2,29236.8,2484,13,0
2026-05-13 09:30:00,2026-05-13 07:30:00,29236.8,29248.3,29232.7,29234.7,2196,13,0
2026-05-13 09:45:00,2026-05-13 07:45:00,29234.5,29234.8,29211.8,29230.7,2055,13,0
2026-05-13 10:00:00,2026-05-13 08:00:00,29230.4,29243.4,29210.4,29231.9,2824,13,0
2026-05-13 10:15:00,2026-05-13 08:15:00,29231.0,29243.9,29228.5,29237.4,2291,13,0
2026-05-13 10:30:00,2026-05-13 08:30:00,29237.4,29282.7,29231.8,29276.4,2257,13,0
2026-05-13 10:45:00,2026-05-13 08:45:00,29276.4,29291.9,29270.7,29291.0,2338,13,0
2026-05-13 11:00:00,2026-05-13 09:00:00,29291.5,29352.2,29290.8,29344.0,2897,13,0
2026-05-13 11:15:00,2026-05-13 09:15:00,29343.7,29367.8,29342.3,29356.8,2677,13,0
2026-05-13 11:30:00,2026-05-13 09:30:00,29357.3,29367.8,29343.0,29355.7,2251,13,0
2026-05-13 11:45:00,2026-05-13 09:45:00,29355.7,29358.8,29323.8,29333.9,2523,13,0
2026-05-13 12:00:00,2026-05-13 10:00:00,29333.8,29334.2,29291.5,29300.8,2521,13,0
2026-05-13 12:15:00,2026-05-13 10:15:00,29300.8,29313.2,29288.0,29309.2,2534,13,0
2026-05-13 12:30:00,2026-05-13 10:30:00,29308.9,29338.7,29297.4,29333.7,2567,13,0
2026-05-13 12:45:00,2026-05-13 10:45:00,29333.4,29347.0,29324.0,29341.7,2240,13,0
2026-05-13 13:00:00,2026-05-13 11:00:00,29341.4,29344.4,29311.3,29321.4,2289,13,0
2026-05-13 13:15:00,2026-05-13 11:15:00,29320.8,29326.3,29302.3,29307.9,2436,13,0
2026-05-13 13:30:00,2026-05-13 11:30:00,29307.9,29315.7,29288.8,29312.9,2481,13,0
2026-05-13 13:45:00,2026-05-13 11:45:00,29312.9,29317.4,29301.7,29306.0,2088,13,0
2026-05-13 14:00:00,2026-05-13 12:00:00,29306.0,29315.4,29276.5,29287.3,2802,13,0
2026-05-13 14:15:00,2026-05-13 12:15:00,29287.3,29296.9,29269.5,29280.7,2368,13,0
2026-05-13 14:30:00,2026-05-13 12:30:00,29280.7,29303.8,29275.2,29292.2,2572,13,0
2026-05-13 14:45:00,2026-05-13 12:45:00,29292.2,29301.0,29278.2,29290.9,2511,13,0
2026-05-13 15:00:00,2026-05-13 13:00:00,29290.9,29321.2,29287.0,29294.4,2675,13,0
2026-05-13 15:15:00,2026-05-13 13:15:00,29294.9,29295.5,29230.3,29280.9,3026,13,0
2026-05-13 15:30:00,2026-05-13 13:30:00,29280.9,29280.9,29121.5,29168.7,3840,13,0
2026-05-13 15:45:00,2026-05-13 13:45:00,29168.7,29185.4,29145.3,29157.4,3366,13,0
2026-05-13 16:00:00,2026-05-13 14:00:00,29157.2,29215.2,29157.2,29210.0,3088,13,0
2026-05-13 16:15:00,2026-05-13 14:15:00,29210.0,29225.4,29201.7,29210.3,3019,13,0
2026-05-13 16:30:00,2026-05-13 14:30:00,29209.3,29209.3,29101.8,29133.3,4159,10,0
2026-05-13 16:45:00,2026-05-13 14:45:00,29132.6,29146.1,28997.3,29089.3,4197,10,0
2026-05-13 17:00:00,2026-05-13 15:00:00,29090.2,29112.8,29037.6,29094.3,4110,10,0
2026-05-13 17:15:00,2026-05-13 15:15:00,29094.1,29184.9,29072.3,29157.9,4032,10,0
2026-05-13 17:30:00,2026-05-13 15:30:00,29158.6,29201.2,29140.6,29187.7,4014,10,0
2026-05-13 17:45:00,2026-05-13 15:45:00,29186.9,29242.9,29160.2,29239.1,3903,10,0
2026-05-13 18:00:00,2026-05-13 16:00:00,29239.8,29270.2,29220.1,29243.7,3798,10,0
2026-05-13 18:15:00,2026-05-13 16:15:00,29243.3,29262.2,29203.9,29233.7,3735,10,0
2026-05-13 18:30:00,2026-05-13 16:30:00,29233.6,29303.2,29207.8,29299.7,3787,10,0
2026-05-13 18:45:00,2026-05-13 16:45:00,29299.8,29299.9,29218.4,29230.9,3748,10,0
2026-05-13 19:00:00,2026-05-13 17:00:00,29230.8,29309.2,29220.9,29306.7,3686,10,0
2026-05-13 19:15:00,2026-05-13 17:15:00,29307.1,29365.2,29295.2,29358.7,3676,10,0
2026-05-13 19:30:00,2026-05-13 17:30:00,29358.4,29368.6,29337.2,29354.9,3504,10,0
2026-05-13 19:45:00,2026-05-13 17:45:00,29354.9,29384.2,29337.2,29368.7,3272,10,0
2026-05-13 20:00:00,2026-05-13 18:00:00,29368.9,29413.9,29368.9,29409.7,3190,10,0
2026-05-13 20:15:00,2026-05-13 18:15:00,29409.2,29417.2,29385.4,29408.4,3071,10,0
2026-05-13 20:30:00,2026-05-13 18:30:00,29408.4,29412.9,29386.9,29401.4,3188,10,0
2026-05-13 20:45:00,2026-05-13 18:45:00,29401.7,29409.9,29363.9,29364.9,3010,10,0
2026-05-13 21:00:00,2026-05-13 19:00:00,29364.9,29444.4,29363.2,29443.2,3250,10,0
2026-05-13 21:15:00,2026-05-13 19:15:00,29443.2,29485.7,29443.2,29471.4,3265,10,0
2026-05-13 21:30:00,2026-05-13 19:30:00,29471.2,29476.7,29431.9,29434.9,3286,10,0
2026-05-13 21:45:00,2026-05-13 19:45:00,29434.9,29444.9,29387.9,29392.6,3281,10,0
2026-05-13 22:00:00,2026-05-13 20:00:00,29393.2,29448.4,29392.6,29446.6,3365,10,0
2026-05-13 22:15:00,2026-05-13 20:15:00,29445.7,29461.1,29420.9,29445.4,3123,10,0
2026-05-13 22:30:00,2026-05-13 20:30:00,29446.9,29456.7,29433.2,29453.2,3021,10,0
2026-05-13 22:45:00,2026-05-13 20:45:00,29453.9,29460.4,29371.8,29397.9,3553,10,0
2026-05-13 23:00:00,2026-05-13 21:00:00,29396.9,29438.9,29369.8,29432.6,3196,15,0
2026-05-13 23:15:00,2026-05-13 21:15:00,29432.6,29444.4,29429.1,29439.2,2163,15,0
2026-05-13 23:30:00,2026-05-13 21:30:00,29439.2,29467.9,29439.1,29460.8,2059,15,0
2026-05-13 23:45:00,2026-05-13 21:45:00,29460.9,29461.3,29452.7,29456.8,1426,15,0
2026-05-14 01:00:00,2026-05-13 23:00:00,29463.8,29483.3,29451.9,29480.5,1694,15,0
2026-05-14 01:15:00,2026-05-13 23:15:00,29480.5,29499.4,29471.0,29481.3,1472,15,0
2026-05-14 01:30:00,2026-05-13 23:30:00,29481.0,29497.0,29480.2,29496.8,1080,15,0
2026-05-14 01:45:00,2026-05-13 23:45:00,29496.8,29531.4,29494.5,29513.3,1717,15,0
2026-05-14 02:00:00,2026-05-14 00:00:00,29513.3,29571.5,29513.3,29566.4,1894,15,0
2026-05-14 02:15:00,2026-05-14 00:15:00,29565.9,29568.2,29539.9,29543.7,1485,15,0
2026-05-14 02:30:00,2026-05-14 00:30:00,29543.7,29551.8,29522.7,29535.9,1559,15,0
2026-05-14 02:45:00,2026-05-14 00:45:00,29536.0,29557.0,29527.2,29555.4,2062,15,0
2026-05-14 03:00:00,2026-05-14 01:00:00,29554.5,29556.8,29514.4,29554.4,3067,15,0
2026-05-14 03:15:00,2026-05-14 01:15:00,29553.9,29580.5,29548.8,29572.0,2903,15,0
2026-05-14 03:30:00,2026-05-14 01:30:00,29571.9,29603.5,29571.9,29602.0,2638,15,0
2026-05-14 03:45:00,2026-05-14 01:45:00,29602.3,29616.0,29588.5,29604.4,2274,15,0
2026-05-14 04:00:00,2026-05-14 02:00:00,29604.5,29604.5,29586.9,29592.0,2593,15,0
2026-05-14 04:15:00,2026-05-14 02:15:00,29592.0,29604.8,29566.9,29602.5,2600,15,0
2026-05-14 04:30:00,2026-05-14 02:30:00,29602.4,29605.7,29555.5,29565.5,2659,15,0
2026-05-14 04:45:00,2026-05-14 02:45:00,29565.5,29566.3,29527.3,29531.7,2879,15,0
2026-05-14 05:00:00,2026-05-14 03:00:00,29531.5,29548.7,29523.8,29539.0,2693,15,0
2026-05-14 05:15:00,2026-05-14 03:15:00,29538.8,29555.7,29531.7,29550.3,2335,15,0
2026-05-14 05:30:00,2026-05-14 03:30:00,29550.2,29558.3,29538.7,29546.4,2067,15,0
2026-05-14 05:45:00,2026-05-14 03:45:00,29546.4,29547.7,29494.8,29510.8,2583,15,0
2026-05-14 06:00:00,2026-05-14 04:00:00,29510.9,29531.0,29501.0,29523.8,2309,15,0
2026-05-14 06:15:00,2026-05-14 04:15:00,29523.8,29533.5,29487.5,29506.8,2460,15,0
2026-05-14 06:30:00,2026-05-14 04:30:00,29506.8,29510.4,29464.3,29472.2,2613,15,0
2026-05-14 06:45:00,2026-05-14 04:45:00,29472.0,29478.9,29445.4,29459.4,2484,15,0
2026-05-14 07:00:00,2026-05-14 05:00:00,29459.2,29476.4,29438.0,29472.9,2399,15,0
2026-05-14 07:15:00,2026-05-14 05:15:00,29472.9,29496.4,29463.4,29489.2,2105,15,0
2026-05-14 07:30:00,2026-05-14 05:30:00,29489.2,29513.2,29488.0,29505.3,1955,15,0
2026-05-14 07:45:00,2026-05-14 05:45:00,29505.2,29522.5,29488.2,29490.4,2238,15,0
2026-05-14 08:00:00,2026-05-14 06:00:00,29490.4,29507.3,29475.9,29476.9,2768,15,0
2026-05-14 08:15:00,2026-05-14 06:15:00,29476.9,29492.9,29459.0,29490.9,2698,15,0
2026-05-14 08:30:00,2026-05-14 06:30:00,29490.9,29498.5,29470.2,29482.4,2554,15,0
2026-05-14 08:45:00,2026-05-14 06:45:00,29482.9,29537.2,29482.9,29526.7,2953,15,0
2026-05-14 09:00:00,2026-05-14 07:00:00,29526.7,29558.1,29526.3,29548.8,2730,13,0
2026-05-14 09:15:00,2026-05-14 07:15:00,29549.0,29564.0,29538.3,29546.6,2335,13,0
2026-05-14 09:30:00,2026-05-14 07:30:00,29546.8,29561.6,29544.3,29554.9,2211,13,0
2026-05-14 09:45:00,2026-05-14 07:45:00,29554.8,29556.9,29530.1,29531.8,2327,13,0
2026-05-14 10:00:00,2026-05-14 08:00:00,29530.9,29543.0,29504.9,29518.5,2848,13,0
2026-05-14 10:15:00,2026-05-14 08:15:00,29518.5,29534.4,29515.1,29524.1,2352,13,0
2026-05-14 10:30:00,2026-05-14 08:30:00,29524.5,29556.6,29520.4,29544.5,2303,13,0
2026-05-14 10:45:00,2026-05-14 08:45:00,29545.1,29554.0,29490.1,29497.5,2315,13,0
2026-05-14 11:00:00,2026-05-14 09:00:00,29497.6,29524.0,29472.3,29523.3,2839,13,0
2026-05-14 11:15:00,2026-05-14 09:15:00,29523.5,29552.8,29506.6,29517.6,2748,13,0
2026-05-14 11:30:00,2026-05-14 09:30:00,29518.0,29536.0,29475.3,29479.0,2649,13,0
2026-05-14 11:45:00,2026-05-14 09:45:00,29479.0,29504.3,29470.3,29499.8,2393,13,0
2026-05-14 12:00:00,2026-05-14 10:00:00,29499.8,29512.5,29468.5,29482.1,2273,13,0
2026-05-14 12:15:00,2026-05-14 10:15:00,29482.1,29489.1,29453.3,29459.0,2239,13,0
2026-05-14 12:30:00,2026-05-14 10:30:00,29458.8,29468.6,29404.8,29433.9,2763,13,0
2026-05-14 12:45:00,2026-05-14 10:45:00,29434.4,29467.6,29428.4,29457.1,2301,13,0
2026-05-14 13:00:00,2026-05-14 11:00:00,29457.1,29516.6,29454.3,29479.6,2590,13,0
2026-05-14 13:15:00,2026-05-14 11:15:00,29479.6,29503.1,29458.4,29471.3,2642,13,0
2026-05-14 13:30:00,2026-05-14 11:30:00,29471.3,29478.1,29438.5,29448.5,2313,13,0
2026-05-14 13:45:00,2026-05-14 11:45:00,29448.5,29489.9,29441.6,29468.5,2541,13,0
2026-05-14 14:00:00,2026-05-14 12:00:00,29468.0,29500.5,29466.3,29489.0,2556,13,0
2026-05-14 14:15:00,2026-05-14 12:15:00,29488.5,29490.9,29432.9,29447.8,2610,13,0
2026-05-14 14:30:00,2026-05-14 12:30:00,29447.5,29475.4,29447.3,29468.4,2332,13,0
2026-05-14 14:45:00,2026-05-14 12:45:00,29468.4,29488.4,29461.1,29463.5,2321,13,0
2026-05-14 15:00:00,2026-05-14 13:00:00,29464.1,29489.5,29459.1,29484.0,2575,13,0
2026-05-14 15:15:00,2026-05-14 13:15:00,29484.0,29498.5,29473.1,29485.1,2524,13,0
2026-05-14 15:30:00,2026-05-14 13:30:00,29485.1,29487.9,29445.0,29445.0,2865,13,0
2026-05-14 15:45:00,2026-05-14 13:45:00,29444.8,29453.3,29402.4,29418.9,2803,13,0
2026-05-14 16:00:00,2026-05-14 14:00:00,29418.1,29423.4,29372.0,29397.1,3152,13,0
2026-05-14 16:15:00,2026-05-14 14:15:00,29397.1,29420.0,29381.3,29399.9,3238,13,0
2026-05-14 16:30:00,2026-05-14 14:30:00,29399.4,29551.5,29384.0,29549.9,4092,10,0
2026-05-14 16:45:00,2026-05-14 14:45:00,29549.2,29607.5,29450.7,29467.0,4099,10,0
2026-05-14 17:00:00,2026-05-14 15:00:00,29464.9,29540.2,29457.0,29507.0,4018,10,0
2026-05-14 17:15:00,2026-05-14 15:15:00,29506.8,29589.9,29502.8,29544.8,4004,10,0
2026-05-14 17:30:00,2026-05-14 15:30:00,29546.5,29609.8,29532.4,29609.2,3919,10,0
2026-05-14 17:45:00,2026-05-14 15:45:00,29609.4,29653.2,29588.2,29597.8,3957,10,0
2026-05-14 18:00:00,2026-05-14 16:00:00,29597.8,29657.9,29589.3,29656.4,3829,10,0
2026-05-14 18:15:00,2026-05-14 16:15:00,29656.5,29697.4,29656.2,29679.9,3609,10,0
2026-05-14 18:30:00,2026-05-14 16:30:00,29680.0,29693.0,29651.9,29675.9,3764,10,0
2026-05-14 18:45:00,2026-05-14 16:45:00,29676.0,29693.3,29657.5,29679.7,3510,10,0
2026-05-14 19:00:00,2026-05-14 17:00:00,29679.4,29705.5,29676.4,29679.2,3346,10,0
2026-05-14 19:15:00,2026-05-14 17:15:00,29679.4,29705.2,29638.9,29650.2,3529,10,0
2026-05-14 19:30:00,2026-05-14 17:30:00,29650.5,29666.7,29621.8,29643.4,3801,10,0
2026-05-14 19:45:00,2026-05-14 17:45:00,29642.4,29662.4,29619.5,29651.9,3731,10,0
2026-05-14 20:00:00,2026-05-14 18:00:00,29651.7,29677.7,29576.0,29584.0,3734,10,0
2026-05-14 20:15:00,2026-05-14 18:15:00,29583.7,29593.0,29520.0,29571.9,3959,10,0
2026-05-14 20:30:00,2026-05-14 18:30:00,29572.0,29625.3,29561.3,29621.7,3742,10,0
2026-05-14 20:45:00,2026-05-14 18:45:00,29621.4,29676.0,29621.4,29654.3,3512,10,0
2026-05-14 21:00:00,2026-05-14 19:00:00,29654.8,29654.8,29565.3,29613.5,3869,10,0
2026-05-14 21:15:00,2026-05-14 19:15:00,29613.9,29631.3,29584.0,29597.7,3667,10,0
2026-05-14 21:30:00,2026-05-14 19:30:00,29597.7,29621.9,29580.3,29596.7,3436,10,0
2026-05-14 21:45:00,2026-05-14 19:45:00,29596.5,29641.2,29581.7,29632.4,3300,10,0
2026-05-14 22:00:00,2026-05-14 20:00:00,29632.4,29655.4,29617.2,29629.7,3267,10,0
2026-05-14 22:15:00,2026-05-14 20:15:00,29629.9,29656.9,29619.3,29621.8,3251,10,0
2026-05-14 22:30:00,2026-05-14 20:30:00,29622.2,29658.4,29620.7,29651.4,3255,10,0
2026-05-14 22:45:00,2026-05-14 20:45:00,29650.8,29654.8,29602.9,29610.2,3457,10,0
2026-05-14 23:00:00,2026-05-14 21:00:00,29610.3,29660.9,29609.4,29632.0,2813,15,0
2026-05-14 23:15:00,2026-05-14 21:15:00,29631.7,29634.3,29597.9,29604.8,2349,15,0
2026-05-14 23:30:00,2026-05-14 21:30:00,29605.0,29614.7,29560.8,29583.0,2225,15,0
2026-05-14 23:45:00,2026-05-14 21:45:00,29582.9,29604.3,29581.0,29602.8,1604,15,0
2026-05-15 01:00:00,2026-05-14 23:00:00,29609.6,29639.5,29596.0,29615.8,1372,15,0
2026-05-15 01:15:00,2026-05-14 23:15:00,29615.8,29621.3,29592.3,29620.5,1166,15,0
2026-05-15 01:30:00,2026-05-14 23:30:00,29620.5,29632.3,29619.0,29628.9,786,15,0
2026-05-15 01:45:00,2026-05-14 23:45:00,29628.8,29641.9,29626.4,29629.5,1278,15,0
2026-05-15 02:00:00,2026-05-15 00:00:00,29629.5,29640.8,29629.1,29639.8,1180,15,0
2026-05-15 02:15:00,2026-05-15 00:15:00,29639.8,29647.5,29628.1,29645.4,1037,15,0
2026-05-15 02:30:00,2026-05-15 00:30:00,29645.4,29654.5,29637.8,29639.1,1340,15,0
2026-05-15 02:45:00,2026-05-15 00:45:00,29639.1,29639.9,29596.8,29609.3,2213,15,0
2026-05-15 03:00:00,2026-05-15 01:00:00,29609.3,29621.6,29577.5,29621.6,3158,15,0
2026-05-15 03:15:00,2026-05-15 01:15:00,29621.8,29648.3,29621.5,29642.6,2629,15,0
2026-05-15 03:30:00,2026-05-15 01:30:00,29642.6,29643.4,29559.3,29584.0,3163,15,0
2026-05-15 03:45:00,2026-05-15 01:45:00,29584.0,29609.3,29576.9,29605.6,2939,15,0
2026-05-15 04:00:00,2026-05-15 02:00:00,29605.1,29612.6,29565.1,29578.1,3163,15,0
2026-05-15 04:15:00,2026-05-15 02:15:00,29578.3,29582.9,29503.0,29503.0,3256,15,0
2026-05-15 04:30:00,2026-05-15 02:30:00,29503.3,29525.5,29467.4,29505.0,3547,15,0
2026-05-15 04:45:00,2026-05-15 02:45:00,29504.5,29505.6,29434.9,29439.6,3541,15,0
2026-05-15 05:00:00,2026-05-15 03:00:00,29440.3,29461.4,29419.9,29430.8,3594,15,0
2026-05-15 05:15:00,2026-05-15 03:15:00,29430.8,29477.1,29416.3,29447.6,3349,15,0
2026-05-15 05:30:00,2026-05-15 03:30:00,29447.3,29477.8,29425.1,29475.5,3165,15,0
2026-05-15 05:45:00,2026-05-15 03:45:00,29475.8,29518.5,29469.0,29502.9,3035,15,0
2026-05-15 06:00:00,2026-05-15 04:00:00,29502.6,29514.8,29487.4,29504.5,2888,15,0
2026-05-15 06:15:00,2026-05-15 04:15:00,29504.4,29508.3,29485.9,29493.1,2583,15,0
2026-05-15 06:30:00,2026-05-15 04:30:00,29493.4,29506.6,29453.5,29484.5,3047,15,0
2026-05-15 06:45:00,2026-05-15 04:45:00,29484.9,29495.6,29473.9,29485.5,2437,15,0
2026-05-15 07:00:00,2026-05-15 05:00:00,29485.5,29485.6,29446.6,29470.4,2613,15,0
2026-05-15 07:15:00,2026-05-15 05:15:00,29470.4,29476.1,29437.1,29442.0,2636,15,0
2026-05-15 07:30:00,2026-05-15 05:30:00,29441.6,29458.3,29422.3,29428.6,2977,15,0
2026-05-15 07:45:00,2026-05-15 05:45:00,29428.5,29438.0,29377.8,29382.6,2892,15,0
2026-05-15 08:00:00,2026-05-15 06:00:00,29382.9,29384.6,29330.4,29348.3,3408,15,0
2026-05-15 08:15:00,2026-05-15 06:15:00,29348.3,29366.6,29336.1,29358.3,3134,15,0
2026-05-15 08:30:00,2026-05-15 06:30:00,29358.5,29360.8,29275.1,29278.8,3357,15,0
2026-05-15 08:45:00,2026-05-15 06:45:00,29279.0,29280.8,29202.3,29203.1,3596,15,0
2026-05-15 09:00:00,2026-05-15 07:00:00,29202.5,29262.6,29170.3,29254.1,3637,13,0
2026-05-15 09:15:00,2026-05-15 07:15:00,29254.1,29276.7,29184.6,29227.4,3545,13,0
2026-05-15 09:30:00,2026-05-15 07:30:00,29229.0,29326.1,29220.2,29323.5,3266,13,0
2026-05-15 09:45:00,2026-05-15 07:45:00,29323.5,29335.6,29301.0,29325.4,3048,13,0
2026-05-15 10:00:00,2026-05-15 08:00:00,29325.4,29383.4,29316.7,29382.5,3199,13,0
2026-05-15 10:15:00,2026-05-15 08:15:00,29382.0,29390.2,29357.4,29378.1,3138,13,0
2026-05-15 10:30:00,2026-05-15 08:30:00,29379.0,29380.7,29305.6,29315.2,3093,13,0
2026-05-15 10:45:00,2026-05-15 08:45:00,29315.2,29328.7,29299.1,29327.1,2870,13,0
2026-05-15 11:00:00,2026-05-15 09:00:00,29327.1,29331.6,29252.4,29263.6,3472,13,0
2026-05-15 11:15:00,2026-05-15 09:15:00,29263.9,29264.0,29140.0,29149.9,3517,13,0
2026-05-15 11:30:00,2026-05-15 09:30:00,29150.6,29221.9,29108.5,29218.9,3649,13,0
2026-05-15 11:45:00,2026-05-15 09:45:00,29218.9,29222.2,29174.1,29186.0,3227,13,0
2026-05-15 12:00:00,2026-05-15 10:00:00,29186.7,29210.9,29156.1,29163.4,3231,13,0
2026-05-15 12:15:00,2026-05-15 10:15:00,29163.1,29176.4,29111.9,29175.0,3392,13,0
2026-05-15 12:30:00,2026-05-15 10:30:00,29174.5,29183.5,29122.6,29134.7,3236,13,0
2026-05-15 12:45:00,2026-05-15 10:45:00,29134.7,29176.6,29099.6,29145.9,3408,13,0
2026-05-15 13:00:00,2026-05-15 11:00:00,29146.2,29203.9,29122.0,29201.1,3220,13,0
2026-05-15 13:15:00,2026-05-15 11:15:00,29200.6,29231.7,29184.6,29195.6,3187,13,0
2026-05-15 13:30:00,2026-05-15 11:30:00,29195.5,29228.2,29169.0,29209.9,3117,13,0
2026-05-15 13:45:00,2026-05-15 11:45:00,29211.9,29289.9,29202.7,29251.2,3551,13,0
2026-05-15 14:00:00,2026-05-15 12:00:00,29251.7,29275.9,29222.6,29240.1,3380,13,0
2026-05-15 14:15:00,2026-05-15 12:15:00,29239.9,29252.6,29214.2,29227.2,2934,13,0
2026-05-15 14:30:00,2026-05-15 12:30:00,29227.1,29239.6,29188.5,29189.6,3116,13,0
2026-05-15 14:45:00,2026-05-15 12:45:00,29189.6,29232.7,29174.0,29175.4,3143,13,0
2026-05-15 15:00:00,2026-05-15 13:00:00,29175.7,29177.1,29100.6,29101.6,3419,13,0
2026-05-15 15:15:00,2026-05-15 13:15:00,29102.1,29164.4,29094.6,29119.5,3431,13,0
2026-05-15 15:30:00,2026-05-15 13:30:00,29119.5,29120.0,29064.6,29080.9,3479,13,0
2026-05-15 15:45:00,2026-05-15 13:45:00,29081.1,29124.9,29065.2,29112.4,3378,13,0
2026-05-15 16:00:00,2026-05-15 14:00:00,29112.4,29113.5,29075.0,29098.9,3281,13,0
2026-05-15 16:15:00,2026-05-15 14:15:00,29099.5,29209.0,29089.0,29200.6,3519,13,0
2026-05-15 16:30:00,2026-05-15 14:30:00,29203.1,29212.2,29073.9,29089.3,4288,10,0
2026-05-15 16:45:00,2026-05-15 14:45:00,29088.3,29208.4,29012.0,29064.9,4259,10,0
2026-05-15 17:00:00,2026-05-15 15:00:00,29066.1,29225.6,29054.1,29223.5,4203,10,0
2026-05-15 17:15:00,2026-05-15 15:15:00,29222.9,29303.4,29194.0,29212.9,4144,10,0
2026-05-15 17:30:00,2026-05-15 15:30:00,29213.6,29282.0,29208.5,29268.4,4104,10,0
2026-05-15 17:45:00,2026-05-15 15:45:00,29268.8,29274.4,29169.9,29202.5,4032,10,0
2026-05-15 18:00:00,2026-05-15 16:00:00,29203.5,29246.8,29163.1,29207.6,4003,10,0
2026-05-15 18:15:00,2026-05-15 16:15:00,29207.6,29281.6,29197.4,29254.1,3955,10,0
2026-05-15 18:30:00,2026-05-15 16:30:00,29255.9,29301.6,29193.1,29206.6,3906,10,0
2026-05-15 18:45:00,2026-05-15 16:45:00,29206.4,29223.0,29135.5,29202.8,3948,10,0
2026-05-15 19:00:00,2026-05-15 17:00:00,29201.9,29232.6,29173.5,29208.5,3862,10,0
2026-05-15 19:15:00,2026-05-15 17:15:00,29209.1,29257.6,29175.4,29253.3,3726,10,0
2026-05-15 19:30:00,2026-05-15 17:30:00,29253.4,29268.8,29238.4,29267.3,3706,10,0
2026-05-15 19:45:00,2026-05-15 17:45:00,29267.4,29272.6,29201.8,29245.3,3749,10,0
2026-05-15 20:00:00,2026-05-15 18:00:00,29244.6,29284.5,29233.9,29283.9,3720,10,0
2026-05-15 20:15:00,2026-05-15 18:15:00,29283.9,29350.9,29263.6,29339.5,3627,10,0
2026-05-15 20:30:00,2026-05-15 18:30:00,29339.8,29368.0,29327.5,29345.5,3634,10,0
2026-05-15 20:45:00,2026-05-15 18:45:00,29346.0,29372.3,29334.5,29369.1,3493,10,0
2026-05-15 21:00:00,2026-05-15 19:00:00,29370.0,29408.4,29370.0,29389.9,3613,10,0
2026-05-15 21:15:00,2026-05-15 19:15:00,29390.6,29393.4,29298.3,29305.8,3816,10,0
2026-05-15 21:30:00,2026-05-15 19:30:00,29306.3,29312.3,29239.1,29298.3,3773,10,0
2026-05-15 21:45:00,2026-05-15 19:45:00,29298.3,29328.4,29274.9,29311.9,3603,10,0
2026-05-15 22:00:00,2026-05-15 20:00:00,29311.6,29320.0,29222.0,29243.3,3746,10,0
2026-05-15 22:15:00,2026-05-15 20:15:00,29243.4,29244.1,29206.6,29212.6,3756,10,0
2026-05-15 22:30:00,2026-05-15 20:30:00,29212.6,29261.8,29209.8,29217.3,3741,10,0
2026-05-15 22:45:00,2026-05-15 20:45:00,29217.3,29228.4,29130.6,29152.5,3869,10,0
2026-05-15 23:00:00,2026-05-15 21:00:00,29152.5,29152.8,29033.1,29076.9,3802,15,0
2026-05-15 23:15:00,2026-05-15 21:15:00,29076.8,29115.0,29063.9,29097.8,3116,15,0
2026-05-15 23:30:00,2026-05-15 21:30:00,29097.9,29101.8,29087.9,29094.9,2196,15,0
2026-05-15 23:45:00,2026-05-15 21:45:00,29094.9,29101.6,29089.4,29096.3,1147,15,0
2026-05-18 01:00:00,2026-05-17 23:00:00,29086.9,29212.6,29086.7,29180.8,2678,15,0
2026-05-18 01:15:00,2026-05-17 23:15:00,29180.8,29191.7,29121.1,29152.3,2709,15,0
2026-05-18 01:30:00,2026-05-17 23:30:00,29152.7,29202.9,29127.7,29192.2,2646,15,0
2026-05-18 01:45:00,2026-05-17 23:45:00,29192.2,29197.3,29131.2,29161.4,2386,15,0
2026-05-18 02:00:00,2026-05-18 00:00:00,29162.1,29177.6,29093.7,29120.2,2717,15,0
2026-05-18 02:15:00,2026-05-18 00:15:00,29120.2,29124.4,29058.3,29069.6,2884,15,0
2026-05-18 02:30:00,2026-05-18 00:30:00,29069.7,29094.6,28941.6,29046.4,3120,15,0
2026-05-18 02:45:00,2026-05-18 00:45:00,29046.7,29088.2,29018.3,29048.2,3519,15,0
2026-05-18 03:00:00,2026-05-18 01:00:00,29047.4,29073.4,28868.1,28942.6,4049,15,0
2026-05-18 03:15:00,2026-05-18 01:15:00,28942.6,28971.9,28892.8,28941.9,3933,15,0
2026-05-18 03:30:00,2026-05-18 01:30:00,28940.6,28959.6,28879.4,28880.9,3857,15,0
2026-05-18 03:45:00,2026-05-18 01:45:00,28880.8,28967.7,28875.6,28963.3,3793,15,0
2026-05-18 04:00:00,2026-05-18 02:00:00,28963.1,28980.4,28895.2,28895.6,3864,15,0
2026-05-18 04:15:00,2026-05-18 02:15:00,28894.9,28918.6,28870.7,28887.9,3870,15,0
2026-05-18 04:30:00,2026-05-18 02:30:00,28887.6,28921.6,28856.6,28914.9,3762,15,0
2026-05-18 04:45:00,2026-05-18 02:45:00,28915.2,28979.1,28906.9,28951.9,3637,15,0
2026-05-18 05:00:00,2026-05-18 03:00:00,28952.1,28976.4,28921.9,28970.2,3563,15,0
2026-05-18 05:15:00,2026-05-18 03:15:00,28969.4,29022.9,28968.4,29020.4,3268,15,0
2026-05-18 05:30:00,2026-05-18 03:30:00,29020.1,29021.2,28966.9,28975.1,3241,15,0
2026-05-18 05:45:00,2026-05-18 03:45:00,28975.2,28981.7,28926.1,28939.7,3268,15,0
2026-05-18 06:00:00,2026-05-18 04:00:00,28939.9,28991.4,28938.1,28948.1,3235,15,0
2026-05-18 06:15:00,2026-05-18 04:15:00,28948.1,28973.1,28938.6,28969.6,3016,15,0
2026-05-18 06:30:00,2026-05-18 04:30:00,28969.2,29000.6,28933.7,28994.1,3408,15,0
2026-05-18 06:45:00,2026-05-18 04:45:00,28994.1,28997.8,28970.2,28985.1,2915,15,0
2026-05-18 07:00:00,2026-05-18 05:00:00,28985.4,29038.8,28983.9,29029.2,2883,15,0
2026-05-18 07:15:00,2026-05-18 05:15:00,29029.6,29046.1,28953.1,28959.1,3097,15,0
2026-05-18 07:30:00,2026-05-18 05:30:00,28958.6,29008.1,28950.7,29002.4,3014,15,0
2026-05-18 07:45:00,2026-05-18 05:45:00,29002.4,29015.3,28961.9,28980.7,2901,15,0
2026-05-18 08:00:00,2026-05-18 06:00:00,28980.7,29027.3,28969.7,28994.2,3118,15,0
2026-05-18 08:15:00,2026-05-18 06:15:00,28994.3,28996.7,28951.4,28992.3,3263,15,0
2026-05-18 08:30:00,2026-05-18 06:30:00,28992.3,29017.1,28973.6,28996.8,3236,15,0
2026-05-18 08:45:00,2026-05-18 06:45:00,28996.8,29010.3,28971.2,28972.9,2911,15,0
2026-05-18 09:00:00,2026-05-18 07:00:00,28972.9,28984.8,28946.3,28970.0,3237,13,0
2026-05-18 09:15:00,2026-05-18 07:15:00,28969.9,28987.4,28930.9,28933.5,3121,13,0
2026-05-18 09:30:00,2026-05-18 07:30:00,28933.3,28996.7,28920.8,28996.5,3052,13,0
2026-05-18 09:45:00,2026-05-18 07:45:00,28996.5,29042.5,28995.5,29041.0,2932,13,0
2026-05-18 10:00:00,2026-05-18 08:00:00,29040.9,29073.0,29012.2,29018.7,3298,13,0
2026-05-18 10:15:00,2026-05-18 08:15:00,29018.4,29082.5,28989.3,29079.5,3227,13,0
2026-05-18 10:30:00,2026-05-18 08:30:00,29079.8,29105.4,28998.5,29012.0,3495,13,0
2026-05-18 10:45:00,2026-05-18 08:45:00,29009.9,29058.7,29004.0,29050.4,3101,13,0
2026-05-18 11:00:00,2026-05-18 09:00:00,29050.4,29120.3,29050.4,29099.4,3265,13,0
2026-05-18 11:15:00,2026-05-18 09:15:00,29096.8,29155.3,29081.3,29150.3,2880,13,0
2026-05-18 11:30:00,2026-05-18 09:30:00,29151.3,29170.0,29117.7,29121.9,2862,13,0
2026-05-18 11:45:00,2026-05-18 09:45:00,29121.9,29172.5,29121.8,29171.0,2681,13,0
2026-05-18 12:00:00,2026-05-18 10:00:00,29171.3,29178.7,29127.8,29132.0,2659,13,0
2026-05-18 12:15:00,2026-05-18 10:15:00,29131.3,29149.0,29113.5,29132.3,2505,13,0
2026-05-18 12:30:00,2026-05-18 10:30:00,29132.3,29138.4,29120.5,29130.9,2375,13,0
2026-05-18 12:45:00,2026-05-18 10:45:00,29131.0,29143.2,29099.5,29120.2,2660,13,0
2026-05-18 13:00:00,2026-05-18 11:00:00,29120.0,29125.3,29047.0,29069.4,2978,13,0
2026-05-18 13:15:00,2026-05-18 11:15:00,29069.5,29079.7,29056.5,29065.3,2435,13,0
2026-05-18 13:30:00,2026-05-18 11:30:00,29065.3,29071.5,29010.7,29048.4,2875,13,0
2026-05-18 13:45:00,2026-05-18 11:45:00,29048.7,29074.0,29041.2,29050.0,2407,13,0
2026-05-18 14:00:00,2026-05-18 12:00:00,29050.2,29056.9,28983.2,29034.3,3078,13,0
2026-05-18 14:15:00,2026-05-18 12:15:00,29034.8,29059.4,29017.5,29019.7,2782,13,0
2026-05-18 14:30:00,2026-05-18 12:30:00,29019.9,29203.9,29017.7,29168.5,3607,13,0
2026-05-18 14:45:00,2026-05-18 12:45:00,29168.3,29171.8,29086.8,29107.0,3520,13,0
2026-05-18 15:00:00,2026-05-18 13:00:00,29106.9,29168.0,29101.5,29149.5,3264,13,0
2026-05-18 15:15:00,2026-05-18 13:15:00,29149.3,29151.8,29119.7,29131.3,2981,13,0
2026-05-18 15:30:00,2026-05-18 13:30:00,29131.2,29254.2,29117.3,29249.2,3595,13,0
2026-05-18 15:45:00,2026-05-18 13:45:00,29248.4,29349.4,29244.0,29337.9,3837,13,0
2026-05-18 16:00:00,2026-05-18 14:00:00,29338.9,29348.2,29284.9,29308.9,3554,13,0
2026-05-18 16:15:00,2026-05-18 14:15:00,29308.7,29310.2,29271.2,29271.2,3228,13,0
2026-05-18 16:30:00,2026-05-18 14:30:00,29270.9,29285.2,29090.9,29097.9,4265,10,0
2026-05-18 16:45:00,2026-05-18 14:45:00,29097.7,29237.3,29066.9,29168.8,4254,10,0
2026-05-18 17:00:00,2026-05-18 15:00:00,29171.1,29201.9,29061.1,29190.6,4224,10,0
2026-05-18 17:15:00,2026-05-18 15:15:00,29190.4,29227.9,29068.2,29084.7,4223,10,0
2026-05-18 17:30:00,2026-05-18 15:30:00,29084.1,29103.4,28904.4,29017.9,4198,10,0
2026-05-18 17:45:00,2026-05-18 15:45:00,29017.7,29038.2,28934.4,29011.9,4202,10,0
2026-05-18 18:00:00,2026-05-18 16:00:00,29016.3,29054.9,28936.9,28995.2,4154,10,0
2026-05-18 18:15:00,2026-05-18 16:15:00,28995.3,28999.6,28886.9,28889.1,4131,10,0
2026-05-18 18:30:00,2026-05-18 16:30:00,28889.1,28994.8,28872.1,28930.6,4021,10,0
2026-05-18 18:45:00,2026-05-18 16:45:00,28930.4,28974.6,28908.8,28927.1,3986,10,0
2026-05-18 19:00:00,2026-05-18 17:00:00,28926.3,28959.8,28883.6,28957.4,3914,10,0
2026-05-18 19:15:00,2026-05-18 17:15:00,28957.4,29002.1,28789.4,28808.8,3985,10,0
2026-05-18 19:30:00,2026-05-18 17:30:00,28807.9,28890.6,28772.8,28852.2,4039,10,0
2026-05-18 19:45:00,2026-05-18 17:45:00,28853.1,28975.3,28838.4,28935.4,3940,10,0
2026-05-18 20:00:00,2026-05-18 18:00:00,28936.1,28966.8,28898.3,28925.8,3865,10,0
2026-05-18 20:15:00,2026-05-18 18:15:00,28925.3,28946.4,28896.6,28939.1,3761,10,0
2026-05-18 20:30:00,2026-05-18 18:30:00,28939.3,28959.6,28890.3,28940.8,3792,10,0
2026-05-18 20:45:00,2026-05-18 18:45:00,28940.8,28952.4,28902.8,28943.3,3682,10,0
2026-05-18 21:00:00,2026-05-18 19:00:00,28943.6,28950.1,28844.6,28846.3,3812,10,0
2026-05-18 21:15:00,2026-05-18 19:15:00,28846.6,28847.4,28765.1,28822.4,3916,10,0
2026-05-18 21:30:00,2026-05-18 19:30:00,28822.6,28844.9,28773.4,28804.3,3790,10,0
2026-05-18 21:45:00,2026-05-18 19:45:00,28803.3,28812.1,28744.8,28772.1,3814,10,0
2026-05-18 22:00:00,2026-05-18 20:00:00,28772.6,28998.3,28768.4,28889.7,4205,10,0
2026-05-18 22:15:00,2026-05-18 20:15:00,28889.6,28900.6,28811.3,28852.8,3955,10,0
2026-05-18 22:30:00,2026-05-18 20:30:00,28853.1,28984.9,28844.8,28983.3,3873,10,0
2026-05-18 22:45:00,2026-05-18 20:45:00,28983.4,29042.6,28972.6,29027.9,3874,10,0
2026-05-18 23:00:00,2026-05-18 21:00:00,29023.4,29039.2,28999.1,29010.1,3027,15,0
2026-05-18 23:15:00,2026-05-18 21:15:00,29009.8,29020.8,29002.3,29016.3,2029,15,0
2026-05-18 23:30:00,2026-05-18 21:30:00,29016.3,29023.9,29002.2,29016.6,1817,15,0
2026-05-18 23:45:00,2026-05-18 21:45:00,29016.6,29021.8,29007.9,29012.1,1601,15,0
2026-05-19 01:00:00,2026-05-18 23:00:00,29031.6,29089.6,29029.0,29050.0,1890,15,0
2026-05-19 01:15:00,2026-05-18 23:15:00,29050.0,29096.0,29048.1,29089.5,2002,15,0
2026-05-19 01:30:00,2026-05-18 23:30:00,29089.5,29105.2,29081.5,29086.6,1725,15,0
2026-05-19 01:45:00,2026-05-18 23:45:00,29086.6,29090.5,29066.5,29089.8,1467,15,0
2026-05-19 02:00:00,2026-05-19 00:00:00,29089.8,29116.7,29081.8,29093.0,1881,15,0
2026-05-19 02:15:00,2026-05-19 00:15:00,29093.0,29101.8,29078.6,29094.2,1472,15,0
2026-05-19 02:30:00,2026-05-19 00:30:00,29094.3,29097.0,29080.0,29089.7,1334,15,0
2026-05-19 02:45:00,2026-05-19 00:45:00,29089.6,29091.7,29046.1,29067.1,2625,15,0
2026-05-19 03:00:00,2026-05-19 01:00:00,29067.0,29083.7,29019.6,29050.6,3719,15,0
2026-05-19 03:15:00,2026-05-19 01:15:00,29050.5,29120.5,29024.8,29093.7,3609,15,0
2026-05-19 03:30:00,2026-05-19 01:30:00,29093.8,29105.5,29046.3,29060.0,3326,15,0
2026-05-19 03:45:00,2026-05-19 01:45:00,29060.6,29070.8,29010.8,29016.3,3312,15,0
2026-05-19 04:00:00,2026-05-19 02:00:00,29016.6,29027.2,28977.8,28996.8,3618,15,0
2026-05-19 04:15:00,2026-05-19 02:15:00,28996.7,29003.8,28922.6,28954.8,3391,15,0
2026-05-19 04:30:00,2026-05-19 02:30:00,28954.8,29010.2,28930.3,28999.8,3546,15,0
2026-05-19 04:45:00,2026-05-19 02:45:00,28999.8,29009.3,28943.6,28945.8,3373,15,0
2026-05-19 05:00:00,2026-05-19 03:00:00,28945.5,28945.5,28862.7,28895.7,3516,15,0
2026-05-19 05:15:00,2026-05-19 03:15:00,28895.1,28924.3,28868.3,28905.2,3407,15,0
2026-05-19 05:30:00,2026-05-19 03:30:00,28905.1,28931.0,28896.7,28930.8,3244,15,0
2026-05-19 05:45:00,2026-05-19 03:45:00,28930.2,28945.8,28897.1,28904.2,3017,15,0
2026-05-19 06:00:00,2026-05-19 04:00:00,28904.1,28934.0,28877.5,28923.0,3085,15,0
2026-05-19 06:15:00,2026-05-19 04:15:00,28923.1,28946.0,28913.0,28941.7,2854,15,0
2026-05-19 06:30:00,2026-05-19 04:30:00,28941.7,28970.5,28941.7,28949.7,2984,15,0
2026-05-19 06:45:00,2026-05-19 04:45:00,28950.0,28950.0,28913.6,28922.0,2969,15,0
2026-05-19 07:00:00,2026-05-19 05:00:00,28922.3,28923.1,28866.2,28889.3,3218,15,0
2026-05-19 07:15:00,2026-05-19 05:15:00,28889.3,28889.3,28836.6,28860.0,3033,15,0
2026-05-19 07:30:00,2026-05-19 05:30:00,28860.0,28905.8,28856.5,28884.3,2979,15,0
2026-05-19 07:45:00,2026-05-19 05:45:00,28884.3,28903.8,28859.5,28892.8,2997,15,0
2026-05-19 08:00:00,2026-05-19 06:00:00,28893.1,28908.2,28861.6,28889.0,3279,15,0
2026-05-19 08:15:00,2026-05-19 06:15:00,28889.0,28897.7,28817.7,28890.0,3330,15,0
2026-05-19 08:30:00,2026-05-19 06:30:00,28890.0,28901.3,28852.7,28863.7,3345,15,0
2026-05-19 08:45:00,2026-05-19 06:45:00,28863.5,28884.3,28853.7,28867.8,3168,15,0
2026-05-19 09:00:00,2026-05-19 07:00:00,28867.7,28899.6,28837.6,28899.1,3255,13,0
2026-05-19 09:15:00,2026-05-19 07:15:00,28898.6,28927.9,28878.4,28917.8,3055,13,0
2026-05-19 09:30:00,2026-05-19 07:30:00,28916.9,28950.9,28898.8,28947.1,2976,13,0
2026-05-19 09:45:00,2026-05-19 07:45:00,28946.9,28952.7,28921.9,28952.4,2394,13,0
2026-05-19 10:00:00,2026-05-19 08:00:00,28953.1,29016.7,28938.1,28992.3,3040,13,0
2026-05-19 10:15:00,2026-05-19 08:15:00,28992.4,29005.8,28977.1,28994.1,2697,13,0
2026-05-19 10:30:00,2026-05-19 08:30:00,28994.1,29032.7,28974.7,29017.3,2793,13,0
2026-05-19 10:45:00,2026-05-19 08:45:00,29016.8,29057.3,29014.8,29034.6,2964,13,0
2026-05-19 11:00:00,2026-05-19 09:00:00,29034.6,29049.4,28952.8,28969.7,3171,13,0
2026-05-19 11:15:00,2026-05-19 09:15:00,28970.1,28983.8,28906.3,28922.4,3103,13,0
2026-05-19 11:30:00,2026-05-19 09:30:00,28923.1,28954.2,28915.8,28944.3,2836,13,0
2026-05-19 11:45:00,2026-05-19 09:45:00,28944.4,28965.7,28936.1,28937.7,2590,13,0
2026-05-19 12:00:00,2026-05-19 10:00:00,28937.7,28938.1,28902.4,28905.2,2817,13,0
2026-05-19 12:15:00,2026-05-19 10:15:00,28904.9,28906.4,28827.1,28833.9,3094,13,0
2026-05-19 12:30:00,2026-05-19 10:30:00,28834.2,28848.9,28772.1,28773.7,3244,13,0
2026-05-19 12:45:00,2026-05-19 10:45:00,28773.7,28862.6,28772.8,28847.4,2878,13,0
2026-05-19 13:00:00,2026-05-19 11:00:00,28847.3,28853.8,28807.4,28837.3,2726,13,0
2026-05-19 13:15:00,2026-05-19 11:15:00,28837.3,28844.4,28816.7,28833.8,2510,13,0
2026-05-19 13:30:00,2026-05-19 11:30:00,28836.2,28863.1,28772.7,28785.2,3030,13,0
2026-05-19 13:45:00,2026-05-19 11:45:00,28786.2,28861.2,28772.8,28856.4,3172,13,0
2026-05-19 14:00:00,2026-05-19 12:00:00,28856.1,28882.6,28843.7,28846.3,3050,13,0
2026-05-19 14:15:00,2026-05-19 12:15:00,28846.3,28862.8,28826.8,28844.3,2911,13,0
2026-05-19 14:30:00,2026-05-19 12:30:00,28844.4,28874.7,28823.8,28828.6,2932,13,0
2026-05-19 14:45:00,2026-05-19 12:45:00,28828.6,28830.6,28786.6,28786.9,2910,13,0
2026-05-19 15:00:00,2026-05-19 13:00:00,28786.2,28821.4,28765.4,28813.4,3081,13,0
2026-05-19 15:15:00,2026-05-19 13:15:00,28813.6,28819.2,28774.9,28799.4,2926,13,0
2026-05-19 15:30:00,2026-05-19 13:30:00,28798.3,28869.7,28795.6,28848.6,3129,13,0
2026-05-19 15:45:00,2026-05-19 13:45:00,28847.9,28869.3,28840.9,28846.1,2954,13,0
2026-05-19 16:00:00,2026-05-19 14:00:00,28845.2,28857.9,28768.2,28808.2,3651,13,0
2026-05-19 16:15:00,2026-05-19 14:15:00,28808.4,28811.7,28735.6,28776.3,3731,13,0
2026-05-19 16:30:00,2026-05-19 14:30:00,28781.7,29000.0,28781.7,28842.0,4324,10,0
2026-05-19 16:45:00,2026-05-19 14:45:00,28843.6,28959.2,28802.2,28867.3,4288,10,0
2026-05-19 17:00:00,2026-05-19 15:00:00,28867.5,28876.2,28663.8,28669.3,4260,10,0
2026-05-19 17:15:00,2026-05-19 15:15:00,28669.1,28687.2,28596.0,28643.7,4234,10,0
2026-05-19 17:30:00,2026-05-19 15:30:00,28644.6,28733.0,28617.2,28676.8,4189,10,0
2026-05-19 17:45:00,2026-05-19 15:45:00,28676.6,28738.1,28608.0,28736.0,4115,10,0
2026-05-19 18:00:00,2026-05-19 16:00:00,28737.3,28768.0,28687.6,28760.1,4100,10,0
2026-05-19 18:15:00,2026-05-19 16:15:00,28761.8,28791.3,28660.2,28703.0,4085,10,0
2026-05-19 18:30:00,2026-05-19 16:30:00,28703.2,28809.8,28690.5,28787.8,4026,10,0
2026-05-19 18:45:00,2026-05-19 16:45:00,28788.1,28795.3,28712.8,28749.3,3987,10,0
2026-05-19 19:00:00,2026-05-19 17:00:00,28748.8,28812.0,28725.2,28746.8,3998,10,0
2026-05-19 19:15:00,2026-05-19 17:15:00,28746.8,28854.3,28746.7,28843.3,3906,10,0
2026-05-19 19:30:00,2026-05-19 17:30:00,28843.1,28922.5,28834.7,28922.5,3881,10,0
2026-05-19 19:45:00,2026-05-19 17:45:00,28921.5,28967.3,28900.2,28954.8,3740,10,0
2026-05-19 20:00:00,2026-05-19 18:00:00,28954.1,29012.2,28944.2,29006.5,3759,10,0
2026-05-19 20:15:00,2026-05-19 18:15:00,29006.5,29058.6,28994.6,29015.2,3756,10,0
2026-05-19 20:30:00,2026-05-19 18:30:00,29015.1,29051.3,29011.3,29022.0,3684,10,0
2026-05-19 20:45:00,2026-05-19 18:45:00,29022.1,29024.1,28941.0,29001.8,3774,10,0
2026-05-19 21:00:00,2026-05-19 19:00:00,29001.5,29034.0,28996.8,29005.3,3518,10,0
2026-05-19 21:15:00,2026-05-19 19:15:00,29005.0,29013.6,28943.5,28956.2,3790,10,0
2026-05-19 21:30:00,2026-05-19 19:30:00,28955.8,28993.5,28934.1,28950.0,3714,10,0
2026-05-19 21:45:00,2026-05-19 19:45:00,28949.8,28954.3,28874.3,28893.6,3821,10,0
2026-05-19 22:00:00,2026-05-19 20:00:00,28892.6,28987.2,28890.5,28985.8,3806,10,0
2026-05-19 22:15:00,2026-05-19 20:15:00,28985.8,28991.6,28859.3,28909.3,3806,10,0
2026-05-19 22:30:00,2026-05-19 20:30:00,28909.5,28936.6,28859.1,28864.7,3761,10,0
2026-05-19 22:45:00,2026-05-19 20:45:00,28864.2,28874.1,28801.6,28854.2,3883,10,0
2026-05-19 23:00:00,2026-05-19 21:00:00,28855.5,28873.5,28830.5,28854.8,3113,15,0
2026-05-19 23:15:00,2026-05-19 21:15:00,28855.2,28861.0,28834.3,28841.1,2181,15,0
2026-05-19 23:30:00,2026-05-19 21:30:00,28841.0,28843.5,28829.6,28832.6,1788,15,0
2026-05-19 23:45:00,2026-05-19 21:45:00,28832.5,28835.7,28819.7,28825.2,1470,15,0
2026-05-20 01:00:00,2026-05-19 23:00:00,28863.8,28891.0,28849.6,28860.0,1360,15,0
2026-05-20 01:15:00,2026-05-19 23:15:00,28859.4,28862.8,28801.3,28811.0,2106,15,0
2026-05-20 01:30:00,2026-05-19 23:30:00,28811.0,28844.1,28804.0,28822.5,1800,15,0
2026-05-20 01:45:00,2026-05-19 23:45:00,28822.5,28848.3,28809.1,28845.8,1512,15,0
2026-05-20 02:00:00,2026-05-20 00:00:00,28845.8,28885.0,28838.9,28880.4,1578,15,0
2026-05-20 02:15:00,2026-05-20 00:15:00,28880.4,28907.8,28874.9,28903.9,1726,15,0
2026-05-20 02:30:00,2026-05-20 00:30:00,28903.9,28958.5,28903.9,28929.0,2036,15,0
2026-05-20 02:45:00,2026-05-20 00:45:00,28929.0,28930.6,28880.3,28885.6,2409,15,0
2026-05-20 03:00:00,2026-05-20 01:00:00,28885.4,28885.4,28751.1,28765.0,3733,15,0
2026-05-20 03:15:00,2026-05-20 01:15:00,28765.1,28828.3,28734.6,28828.3,3806,15,0
2026-05-20 03:30:00,2026-05-20 01:30:00,28828.4,28883.3,28825.6,28862.9,3817,15,0
2026-05-20 03:45:00,2026-05-20 01:45:00,28862.9,28906.4,28856.5,28874.3,3546,15,0
2026-05-20 04:00:00,2026-05-20 02:00:00,28873.3,28913.6,28835.1,28908.8,3731,15,0
2026-05-20 04:15:00,2026-05-20 02:15:00,28908.6,28919.0,28836.1,28843.4,3574,15,0
2026-05-20 04:30:00,2026-05-20 02:30:00,28844.0,28858.9,28793.8,28839.4,3639,15,0
2026-05-20 04:45:00,2026-05-20 02:45:00,28838.4,28932.9,28835.6,28914.5,3587,15,0
2026-05-20 05:00:00,2026-05-20 03:00:00,28914.8,28927.6,28901.1,28917.0,3398,15,0
2026-05-20 05:15:00,2026-05-20 03:15:00,28917.0,28951.1,28892.0,28892.0,3351,15,0
2026-05-20 05:30:00,2026-05-20 03:30:00,28891.5,28892.3,28818.6,28818.8,3741,15,0
2026-05-20 05:45:00,2026-05-20 03:45:00,28818.6,28841.6,28801.0,28819.6,3327,15,0
2026-05-20 06:00:00,2026-05-20 04:00:00,28819.5,28819.8,28774.3,28780.3,3264,15,0
2026-05-20 06:15:00,2026-05-20 04:15:00,28780.3,28824.8,28775.1,28818.3,3014,15,0
2026-05-20 06:30:00,2026-05-20 04:30:00,28818.3,28848.6,28792.3,28828.5,3256,15,0
2026-05-20 06:45:00,2026-05-20 04:45:00,28828.0,28839.4,28815.4,28830.5,2885,15,0
2026-05-20 07:00:00,2026-05-20 05:00:00,28830.4,28876.9,28830.4,28874.0,2998,15,0
2026-05-20 07:15:00,2026-05-20 05:15:00,28873.9,28883.9,28846.3,28863.1,2870,15,0
2026-05-20 07:30:00,2026-05-20 05:30:00,28865.1,28866.6,28818.5,28820.3,2712,15,0
2026-05-20 07:45:00,2026-05-20 05:45:00,28820.3,28833.4,28805.4,28817.4,2670,15,0
2026-05-20 08:00:00,2026-05-20 06:00:00,28817.4,28877.1,28817.0,28848.3,3203,15,0
2026-05-20 08:15:00,2026-05-20 06:15:00,28848.1,28874.1,28824.0,28847.5,3012,15,0
2026-05-20 08:30:00,2026-05-20 06:30:00,28848.1,28916.1,28848.1,28878.9,3074,15,0
2026-05-20 08:45:00,2026-05-20 06:45:00,28878.9,28898.5,28849.1,28889.4,2981,15,0
2026-05-20 09:00:00,2026-05-20 07:00:00,28888.9,28910.9,28885.5,28907.5,3157,13,0
2026-05-20 09:15:00,2026-05-20 07:15:00,28907.7,28961.9,28907.7,28945.9,3139,13,0
2026-05-20 09:30:00,2026-05-20 07:30:00,28946.5,28951.0,28919.4,28922.5,2762,13,0
2026-05-20 09:45:00,2026-05-20 07:45:00,28922.5,28974.2,28921.7,28974.2,2574,13,0
2026-05-20 10:00:00,2026-05-20 08:00:00,28974.0,28986.4,28958.6,28966.9,2975,13,0
2026-05-20 10:15:00,2026-05-20 08:15:00,28966.9,28999.4,28965.2,28990.1,2643,13,0
2026-05-20 10:30:00,2026-05-20 08:30:00,28990.1,28993.4,28956.1,28981.2,2606,13,0
2026-05-20 10:45:00,2026-05-20 08:45:00,28981.0,28985.0,28949.6,28961.7,2564,13,0
2026-05-20 11:00:00,2026-05-20 09:00:00,28961.5,29021.2,28958.7,29016.0,3053,13,0
2026-05-20 11:15:00,2026-05-20 09:15:00,29015.9,29029.9,28995.4,29026.7,2658,13,0
2026-05-20 11:30:00,2026-05-20 09:30:00,29026.6,29057.7,29022.5,29051.9,2760,13,0
2026-05-20 11:45:00,2026-05-20 09:45:00,29051.7,29071.1,29030.9,29034.0,2452,13,0
2026-05-20 12:00:00,2026-05-20 10:00:00,29033.5,29035.4,29005.4,29005.4,2364,13,0
2026-05-20 12:15:00,2026-05-20 10:15:00,29005.4,29026.7,29000.9,29020.6,2162,13,0
2026-05-20 12:30:00,2026-05-20 10:30:00,29020.6,29039.0,29019.2,29033.7,2109,13,0
2026-05-20 12:45:00,2026-05-20 10:45:00,29033.9,29084.0,29031.2,29058.9,2343,13,0
2026-05-20 13:00:00,2026-05-20 11:00:00,29058.7,29090.4,29057.6,29074.1,2330,13,0
2026-05-20 13:15:00,2026-05-20 11:15:00,29074.1,29075.9,29053.2,29060.0,2069,13,0
2026-05-20 13:30:00,2026-05-20 11:30:00,29060.0,29092.0,29057.0,29065.0,2531,13,0
2026-05-20 13:45:00,2026-05-20 11:45:00,29065.0,29074.7,29038.9,29043.0,2300,13,0
2026-05-20 14:00:00,2026-05-20 12:00:00,29042.6,29062.6,29027.6,29031.4,2637,13,0
2026-05-20 14:15:00,2026-05-20 12:15:00,29031.2,29056.5,29030.6,29053.5,2241,13,0
2026-05-20 14:30:00,2026-05-20 12:30:00,29053.5,29062.2,29012.9,29024.0,2677,13,0
2026-05-20 14:45:00,2026-05-20 12:45:00,29024.0,29033.0,28999.6,29015.7,2779,13,0
2026-05-20 15:00:00,2026-05-20 13:00:00,29016.0,29058.0,29008.0,29056.1,2600,13,0
2026-05-20 15:15:00,2026-05-20 13:15:00,29056.4,29093.1,29045.5,29082.2,2828,13,0
2026-05-20 15:30:00,2026-05-20 13:30:00,29082.2,29102.9,29058.5,29062.4,2963,13,0
2026-05-20 15:45:00,2026-05-20 13:45:00,29062.5,29082.4,29038.5,29038.9,2879,13,0
2026-05-20 16:00:00,2026-05-20 14:00:00,29038.9,29052.5,29031.9,29035.0,2950,13,0
2026-05-20 16:15:00,2026-05-20 14:15:00,29035.0,29051.4,28991.9,29010.1,3085,13,0
2026-05-20 16:30:00,2026-05-20 14:30:00,29008.0,29089.0,28959.5,29075.8,4257,10,0
2026-05-20 16:45:00,2026-05-20 14:45:00,29077.0,29129.1,28983.6,29035.6,4212,10,0
2026-05-20 17:00:00,2026-05-20 15:00:00,29035.1,29062.6,28943.1,29023.8,4179,10,0
2026-05-20 17:15:00,2026-05-20 15:15:00,29022.0,29166.4,29010.3,29140.8,4218,10,0
2026-05-20 17:30:00,2026-05-20 15:30:00,29144.6,29197.8,29109.0,29154.6,4137,10,0
2026-05-20 17:45:00,2026-05-20 15:45:00,29157.3,29213.5,29110.9,29199.5,4013,10,0
2026-05-20 18:00:00,2026-05-20 16:00:00,29195.8,29216.0,29166.8,29191.3,3837,10,0
2026-05-20 18:15:00,2026-05-20 16:15:00,29191.0,29329.5,29191.0,29227.6,4130,10,0
2026-05-20 18:30:00,2026-05-20 16:30:00,29227.9,29268.9,29226.0,29254.5,3814,10,0
2026-05-20 18:45:00,2026-05-20 16:45:00,29254.1,29292.8,29242.4,29266.0,3613,10,0
2026-05-20 19:00:00,2026-05-20 17:00:00,29266.8,29271.6,29221.9,29234.5,3565,10,0
2026-05-20 19:15:00,2026-05-20 17:15:00,29234.1,29235.4,29145.9,29169.8,3926,10,0
2026-05-20 19:30:00,2026-05-20 17:30:00,29169.5,29222.4,29156.9,29222.4,3828,10,0
2026-05-20 19:45:00,2026-05-20 17:45:00,29223.0,29230.3,29159.8,29196.8,3691,10,0
2026-05-20 20:00:00,2026-05-20 18:00:00,29197.4,29238.0,29164.6,29217.8,3642,10,0
2026-05-20 20:15:00,2026-05-20 18:15:00,29217.6,29239.3,29196.5,29229.6,3646,10,0
2026-05-20 20:30:00,2026-05-20 18:30:00,29229.8,29259.9,29209.0,29237.5,3524,10,0
2026-05-20 20:45:00,2026-05-20 18:45:00,29237.6,29245.4,29217.1,29236.6,3288,10,0
2026-05-20 21:00:00,2026-05-20 19:00:00,29236.9,29259.0,29212.0,29241.3,3476,10,0
2026-05-20 21:15:00,2026-05-20 19:15:00,29241.5,29251.5,29213.4,29240.8,3381,10,0
2026-05-20 21:30:00,2026-05-20 19:30:00,29240.5,29279.3,29232.8,29232.8,3340,10,0
2026-05-20 21:45:00,2026-05-20 19:45:00,29232.8,29250.5,29224.1,29235.9,3384,10,0
2026-05-20 22:00:00,2026-05-20 20:00:00,29235.9,29273.1,29233.5,29272.4,3301,10,0
2026-05-20 22:15:00,2026-05-20 20:15:00,29272.6,29284.5,29264.9,29276.1,3134,10,0
2026-05-20 22:30:00,2026-05-20 20:30:00,29276.3,29309.1,29261.9,29288.5,3321,10,0
2026-05-20 22:45:00,2026-05-20 20:45:00,29287.5,29330.1,29271.5,29328.3,3600,10,0
2026-05-20 23:00:00,2026-05-20 21:00:00,29329.0,29330.3,29276.9,29291.3,2937,15,0
2026-05-20 23:15:00,2026-05-20 21:15:00,29291.3,29313.1,29184.1,29306.6,3511,15,0
2026-05-20 23:30:00,2026-05-20 21:30:00,29308.3,29313.1,29213.1,29239.9,3361,15,0
2026-05-20 23:45:00,2026-05-20 21:45:00,29239.8,29254.8,29187.3,29222.8,2626,15,0
2026-05-21 01:00:00,2026-05-20 23:00:00,29199.4,29212.7,29048.5,29092.1,2841,15,0
2026-05-21 01:15:00,2026-05-20 23:15:00,29092.1,29109.1,29053.9,29104.6,2053,15,0
2026-05-21 01:30:00,2026-05-20 23:30:00,29104.6,29122.9,29096.1,29116.6,1902,15,0
2026-05-21 01:45:00,2026-05-20 23:45:00,29116.6,29125.7,29096.5,29124.9,1663,15,0
2026-05-21 02:00:00,2026-05-21 00:00:00,29124.9,29158.2,29121.1,29139.7,1891,15,0
2026-05-21 02:15:00,2026-05-21 00:15:00,29139.4,29140.0,29102.1,29115.1,1715,15,0
2026-05-21 02:30:00,2026-05-21 00:30:00,29115.1,29131.2,29107.2,29121.2,1392,15,0
2026-05-21 02:45:00,2026-05-21 00:45:00,29121.2,29142.7,29113.5,29126.5,2311,15,0
2026-05-21 03:00:00,2026-05-21 01:00:00,29124.6,29145.5,29106.9,29141.5,3340,15,0
2026-05-21 03:15:00,2026-05-21 01:15:00,29141.7,29151.9,29108.5,29127.9,3059,15,0
2026-05-21 03:30:00,2026-05-21 01:30:00,29127.9,29152.2,29116.1,29151.2,2733,15,0
2026-05-21 03:45:00,2026-05-21 01:45:00,29151.2,29166.5,29139.2,29154.7,2469,15,0
2026-05-21 04:00:00,2026-05-21 02:00:00,29154.9,29214.6,29154.9,29214.4,2643,15,0
2026-05-21 04:15:00,2026-05-21 02:15:00,29214.1,29228.9,29194.4,29205.5,2545,15,0
2026-05-21 04:30:00,2026-05-21 02:30:00,29205.5,29254.1,29196.6,29247.4,2778,15,0
2026-05-21 04:45:00,2026-05-21 02:45:00,29247.6,29253.1,29215.1,29247.0,2628,15,0
2026-05-21 05:00:00,2026-05-21 03:00:00,29247.0,29273.7,29246.4,29266.9,2431,15,0
2026-05-21 05:15:00,2026-05-21 03:15:00,29266.9,29310.7,29264.6,29289.7,2376,15,0
2026-05-21 05:30:00,2026-05-21 03:30:00,29289.7,29291.5,29267.7,29271.2,2377,15,0
2026-05-21 05:45:00,2026-05-21 03:45:00,29271.1,29276.2,29253.9,29262.7,2297,15,0
2026-05-21 06:00:00,2026-05-21 04:00:00,29262.7,29289.9,29259.6,29280.5,2033,15,0
2026-05-21 06:15:00,2026-05-21 04:15:00,29280.5,29299.7,29270.0,29293.1,2116,15,0
2026-05-21 06:30:00,2026-05-21 04:30:00,29293.2,29314.5,29284.9,29314.5,2085,15,0
2026-05-21 06:45:00,2026-05-21 04:45:00,29314.1,29314.7,29290.0,29295.6,2116,15,0
2026-05-21 07:00:00,2026-05-21 05:00:00,29295.7,29321.9,29293.6,29317.1,1904,15,0
2026-05-21 07:15:00,2026-05-21 05:15:00,29317.1,29346.9,29313.7,29342.1,1578,15,0
2026-05-21 07:30:00,2026-05-21 05:30:00,29342.1,29343.0,29314.7,29338.0,1798,15,0
2026-05-21 07:45:00,2026-05-21 05:45:00,29338.0,29357.7,29330.2,29352.4,1648,15,0
2026-05-21 08:00:00,2026-05-21 06:00:00,29352.9,29373.2,29342.4,29348.5,2359,15,0
2026-05-21 08:15:00,2026-05-21 06:15:00,29348.5,29361.4,29324.4,29330.9,2216,15,0
2026-05-21 08:30:00,2026-05-21 06:30:00,29330.1,29332.7,29309.0,29319.0,2800,15,0
2026-05-21 08:45:00,2026-05-21 06:45:00,29319.0,29320.7,29233.2,29300.7,2873,15,0
2026-05-21 09:00:00,2026-05-21 07:00:00,29300.9,29327.1,29291.7,29297.6,2774,13,0
2026-05-21 09:15:00,2026-05-21 07:15:00,29297.6,29320.5,29275.0,29301.0,2699,13,0
2026-05-21 09:30:00,2026-05-21 07:30:00,29300.3,29311.2,29251.0,29252.7,2617,13,0
2026-05-21 09:45:00,2026-05-21 07:45:00,29252.6,29256.1,29214.1,29235.3,2754,13,0
2026-05-21 10:00:00,2026-05-21 08:00:00,29235.0,29237.5,29151.6,29164.6,3174,13,0
2026-05-21 10:15:00,2026-05-21 08:15:00,29164.6,29201.6,29140.3,29193.5,3084,13,0
2026-05-21 10:30:00,2026-05-21 08:30:00,29193.5,29222.8,29189.2,29218.0,2560,13,0
2026-05-21 10:45:00,2026-05-21 08:45:00,29218.0,29266.5,29215.6,29255.8,2250,13,0
2026-05-21 11:00:00,2026-05-21 09:00:00,29255.8,29366.2,29244.8,29366.1,3234,13,0
2026-05-21 11:15:00,2026-05-21 09:15:00,29366.1,29396.6,29307.5,29347.0,3210,13,0
2026-05-21 11:30:00,2026-05-21 09:30:00,29346.8,29349.1,29299.1,29319.5,2758,13,0
2026-05-21 11:45:00,2026-05-21 09:45:00,29319.5,29322.7,29284.1,29308.0,2756,13,0
2026-05-21 12:00:00,2026-05-21 10:00:00,29307.7,29345.0,29301.5,29338.3,2636,13,0
2026-05-21 12:15:00,2026-05-21 10:15:00,29338.1,29362.5,29331.2,29352.7,2359,13,0
2026-05-21 12:30:00,2026-05-21 10:30:00,29352.3,29362.5,29308.8,29312.1,2409,13,0
2026-05-21 12:45:00,2026-05-21 10:45:00,29312.1,29329.0,29307.6,29314.8,2241,13,0
2026-05-21 13:00:00,2026-05-21 11:00:00,29314.8,29326.1,29289.7,29319.5,2370,13,0
2026-05-21 13:15:00,2026-05-21 11:15:00,29319.6,29326.5,29178.1,29205.0,2980,13,0
2026-05-21 13:30:00,2026-05-21 11:30:00,29206.2,29230.0,29148.0,29188.0,3707,13,0
2026-05-21 13:45:00,2026-05-21 11:45:00,29187.6,29190.8,29128.2,29179.3,3476,13,0
2026-05-21 14:00:00,2026-05-21 12:00:00,29180.0,29191.6,29138.8,29183.7,3192,13,0
2026-05-21 14:15:00,2026-05-21 12:15:00,29183.8,29226.8,29181.3,29209.3,2956,13,0
2026-05-21 14:30:00,2026-05-21 12:30:00,29209.3,29220.2,29173.5,29177.5,2883,13,0
2026-05-21 14:45:00,2026-05-21 12:45:00,29177.7,29211.2,29177.2,29186.7,2642,13,0
2026-05-21 15:00:00,2026-05-21 13:00:00,29187.0,29201.8,29163.2,29172.8,2954,13,0
2026-05-21 15:15:00,2026-05-21 13:15:00,29172.8,29195.2,29153.7,29176.7,3039,13,0
2026-05-21 15:30:00,2026-05-21 13:30:00,29175.3,29224.5,29156.5,29171.1,3505,13,0
2026-05-21 15:45:00,2026-05-21 13:45:00,29171.1,29177.3,29120.7,29127.7,3257,13,0
2026-05-21 16:00:00,2026-05-21 14:00:00,29127.7,29173.6,29122.2,29148.6,3520,13,0
2026-05-21 16:15:00,2026-05-21 14:15:00,29148.6,29151.6,29114.3,29144.6,3373,13,0
2026-05-21 16:30:00,2026-05-21 14:30:00,29147.1,29202.0,29108.3,29145.6,4275,10,0
2026-05-21 16:45:00,2026-05-21 14:45:00,29146.7,29247.6,29123.2,29221.2,4236,10,0
2026-05-21 17:00:00,2026-05-21 15:00:00,29221.0,29272.2,29186.1,29203.1,4132,10,0
2026-05-21 17:15:00,2026-05-21 15:15:00,29203.6,29209.7,29062.4,29124.5,4229,10,0
2026-05-21 17:30:00,2026-05-21 15:30:00,29124.2,29187.7,29111.0,29169.6,4060,10,0
2026-05-21 17:45:00,2026-05-21 15:45:00,29169.5,29187.1,29100.2,29170.4,4088,10,0
2026-05-21 18:00:00,2026-05-21 16:00:00,29170.1,29181.2,29073.4,29167.7,4058,10,0
2026-05-21 18:15:00,2026-05-21 16:15:00,29167.4,29194.9,29154.0,29167.9,3902,10,0
2026-05-21 18:30:00,2026-05-21 16:30:00,29169.4,29208.2,29110.9,29190.4,3878,10,0
2026-05-21 18:45:00,2026-05-21 16:45:00,29193.4,29237.0,29191.1,29201.1,3752,10,0
2026-05-21 19:00:00,2026-05-21 17:00:00,29200.9,29244.0,29198.6,29209.0,3702,10,0
2026-05-21 19:15:00,2026-05-21 17:15:00,29208.7,29215.9,29150.5,29181.2,3790,10,0
2026-05-21 19:30:00,2026-05-21 17:30:00,29181.2,29206.1,29167.2,29189.4,3578,10,0
2026-05-21 19:45:00,2026-05-21 17:45:00,29189.1,29203.6,29142.2,29191.0,3429,10,0
2026-05-21 20:00:00,2026-05-21 18:00:00,29191.1,29315.2,29191.1,29277.6,3636,10,0
2026-05-21 20:15:00,2026-05-21 18:15:00,29277.7,29410.1,29270.7,29345.0,4033,10,0
2026-05-21 20:30:00,2026-05-21 18:30:00,29347.0,29430.0,29342.6,29427.7,3823,10,0
2026-05-21 20:45:00,2026-05-21 18:45:00,29427.6,29487.1,29406.4,29430.6,3782,10,0
2026-05-21 21:00:00,2026-05-21 19:00:00,29431.1,29455.2,29379.6,29384.1,3831,10,0
2026-05-21 21:15:00,2026-05-21 19:15:00,29384.5,29411.0,29364.9,29391.5,3699,10,0
2026-05-21 21:30:00,2026-05-21 19:30:00,29392.4,29403.2,29370.5,29390.6,3551,10,0
2026-05-21 21:45:00,2026-05-21 19:45:00,29390.9,29399.4,29231.7,29270.4,3957,10,0
2026-05-21 22:00:00,2026-05-21 20:00:00,29270.7,29346.4,29270.5,29345.6,3797,10,0
2026-05-21 22:15:00,2026-05-21 20:15:00,29345.6,29372.6,29339.7,29362.0,3478,10,0
2026-05-21 22:30:00,2026-05-21 20:30:00,29361.9,29378.2,29337.6,29350.9,3532,10,0
2026-05-21 22:45:00,2026-05-21 20:45:00,29351.2,29397.0,29335.0,29377.4,3740,10,0
2026-05-21 23:00:00,2026-05-21 21:00:00,29377.6,29405.1,29367.4,29391.6,2865,15,0
2026-05-21 23:15:00,2026-05-21 21:15:00,29391.6,29394.2,29374.1,29381.1,1843,15,0
2026-05-21 23:30:00,2026-05-21 21:30:00,29381.2,29394.5,29378.5,29391.7,1325,15,0
2026-05-21 23:45:00,2026-05-21 21:45:00,29391.7,29398.1,29386.2,29386.6,1272,15,0
2026-05-22 01:00:00,2026-05-21 23:00:00,29390.7,29450.2,29388.6,29449.2,2047,15,0
2026-05-22 01:15:00,2026-05-21 23:15:00,29449.2,29456.2,29423.2,29441.7,1136,15,0
2026-05-22 01:30:00,2026-05-21 23:30:00,29441.7,29452.6,29427.1,29447.9,1338,15,0
2026-05-22 01:45:00,2026-05-21 23:45:00,29448.1,29479.2,29448.1,29474.2,1711,15,0
2026-05-22 02:00:00,2026-05-22 00:00:00,29474.2,29487.3,29471.4,29478.7,1339,15,0
2026-05-22 02:15:00,2026-05-22 00:15:00,29478.7,29484.7,29471.8,29474.6,1068,15,0
2026-05-22 02:30:00,2026-05-22 00:30:00,29474.6,29489.6,29471.2,29478.8,1179,15,0
2026-05-22 02:45:00,2026-05-22 00:45:00,29478.8,29506.3,29477.4,29486.4,2122,15,0
2026-05-22 03:00:00,2026-05-22 01:00:00,29486.4,29512.1,29470.9,29489.6,3177,15,0
2026-05-22 03:15:00,2026-05-22 01:15:00,29489.4,29534.7,29485.3,29508.2,2982,15,0
2026-05-22 03:30:00,2026-05-22 01:30:00,29508.2,29538.6,29508.2,29510.6,2865,15,0
2026-05-22 03:45:00,2026-05-22 01:45:00,29510.6,29527.2,29501.7,29501.8,2548,15,0
2026-05-22 04:00:00,2026-05-22 02:00:00,29501.4,29514.3,29473.4,29510.7,3005,15,0
2026-05-22 04:15:00,2026-05-22 02:15:00,29510.6,29511.7,29478.1,29481.1,2717,15,0
2026-05-22 04:30:00,2026-05-22 02:30:00,29481.1,29486.3,29430.7,29461.6,2990,15,0
2026-05-22 04:45:00,2026-05-22 02:45:00,29461.3,29489.3,29458.6,29466.3,2712,15,0
2026-05-22 05:00:00,2026-05-22 03:00:00,29465.8,29478.7,29450.1,29468.6,2548,15,0
2026-05-22 05:15:00,2026-05-22 03:15:00,29468.6,29477.7,29445.3,29448.9,2488,15,0
2026-05-22 05:30:00,2026-05-22 03:30:00,29448.9,29485.4,29446.1,29474.9,2351,15,0
2026-05-22 05:45:00,2026-05-22 03:45:00,29475.2,29491.1,29469.4,29485.2,2271,15,0
2026-05-22 06:00:00,2026-05-22 04:00:00,29485.2,29489.3,29463.9,29472.9,2117,15,0
2026-05-22 06:15:00,2026-05-22 04:15:00,29472.8,29483.7,29467.7,29481.1,2199,15,0
2026-05-22 06:30:00,2026-05-22 04:30:00,29481.1,29500.7,29481.1,29499.7,2027,15,0
2026-05-22 06:45:00,2026-05-22 04:45:00,29499.8,29509.2,29497.2,29508.9,1890,15,0
2026-05-22 07:00:00,2026-05-22 05:00:00,29508.9,29529.6,29508.6,29521.2,2028,15,0
2026-05-22 07:15:00,2026-05-22 05:15:00,29521.6,29529.2,29513.9,29524.4,1820,15,0
2026-05-22 07:30:00,2026-05-22 05:30:00,29524.4,29524.7,29500.9,29508.2,1951,15,0
2026-05-22 07:45:00,2026-05-22 05:45:00,29508.2,29533.8,29507.7,29528.7,1715,15,0
2026-05-22 08:00:00,2026-05-22 06:00:00,29528.6,29542.7,29526.1,29531.7,2188,15,0
2026-05-22 08:15:00,2026-05-22 06:15:00,29531.7,29536.1,29511.1,29522.4,2062,15,0
2026-05-22 08:30:00,2026-05-22 06:30:00,29522.9,29528.2,29500.4,29515.7,2347,15,0
2026-05-22 08:45:00,2026-05-22 06:45:00,29515.7,29530.9,29478.4,29482.8,2546,15,0
2026-05-22 09:00:00,2026-05-22 07:00:00,29482.8,29501.6,29470.1,29497.7,2899,13,0
2026-05-22 09:15:00,2026-05-22 07:15:00,29497.4,29509.5,29482.5,29499.5,2714,13,0
2026-05-22 09:30:00,2026-05-22 07:30:00,29499.7,29529.0,29489.3,29526.2,2627,13,0
2026-05-22 09:45:00,2026-05-22 07:45:00,29526.2,29528.7,29496.3,29499.2,2301,13,0
2026-05-22 10:00:00,2026-05-22 08:00:00,29499.0,29499.2,29464.8,29473.7,2926,13,0
2026-05-22 10:15:00,2026-05-22 08:15:00,29473.7,29516.7,29473.7,29511.2,2445,13,0
2026-05-22 10:30:00,2026-05-22 08:30:00,29511.0,29512.8,29469.9,29499.8,2675,13,0
2026-05-22 10:45:00,2026-05-22 08:45:00,29499.9,29521.3,29489.4,29519.5,2265,13,0
2026-05-22 11:00:00,2026-05-22 09:00:00,29519.7,29551.2,29519.7,29532.0,2759,13,0
2026-05-22 11:15:00,2026-05-22 09:15:00,29532.3,29601.3,29531.9,29567.9,2999,13,0
2026-05-22 11:30:00,2026-05-22 09:30:00,29569.0,29571.4,29518.5,29534.5,2833,13,0
2026-05-22 11:45:00,2026-05-22 09:45:00,29534.8,29549.9,29499.8,29500.8,2370,13,0
2026-05-22 12:00:00,2026-05-22 10:00:00,29501.0,29501.8,29442.0,29443.8,2908,13,0
2026-05-22 12:15:00,2026-05-22 10:15:00,29443.7,29463.8,29423.2,29433.0,2765,13,0
2026-05-22 12:30:00,2026-05-22 10:30:00,29433.2,29472.5,29413.9,29470.5,2604,13,0
2026-05-22 12:45:00,2026-05-22 10:45:00,29470.5,29485.9,29454.9,29462.9,2342,13,0
2026-05-22 13:00:00,2026-05-22 11:00:00,29462.9,29463.0,29422.3,29425.2,2632,13,0
2026-05-22 13:15:00,2026-05-22 11:15:00,29425.2,29429.7,29385.5,29391.5,2577,13,0
2026-05-22 13:30:00,2026-05-22 11:30:00,29391.4,29400.4,29374.3,29388.9,2686,13,0
2026-05-22 13:45:00,2026-05-22 11:45:00,29388.9,29414.8,29386.8,29401.7,2560,13,0
2026-05-22 14:00:00,2026-05-22 12:00:00,29401.7,29431.4,29397.2,29404.7,2656,13,0
2026-05-22 14:15:00,2026-05-22 12:15:00,29404.9,29418.4,29389.0,29407.4,2607,13,0
2026-05-22 14:30:00,2026-05-22 12:30:00,29407.3,29435.9,29398.8,29435.3,2578,13,0
2026-05-22 14:45:00,2026-05-22 12:45:00,29435.4,29463.5,29430.2,29445.2,2838,13,0
2026-05-22 15:00:00,2026-05-22 13:00:00,29445.3,29517.3,29432.5,29503.5,2851,13,0
2026-05-22 15:15:00,2026-05-22 13:15:00,29502.5,29519.9,29466.0,29485.0,3390,13,0
2026-05-22 15:30:00,2026-05-22 13:30:00,29485.0,29502.5,29481.2,29490.4,2676,13,0
2026-05-22 15:45:00,2026-05-22 13:45:00,29490.7,29531.7,29490.7,29531.0,2554,13,0
2026-05-22 16:00:00,2026-05-22 14:00:00,29530.7,29539.3,29493.3,29520.7,3205,13,0
2026-05-22 16:15:00,2026-05-22 14:15:00,29520.8,29531.2,29484.5,29515.7,3058,13,0
2026-05-22 16:30:00,2026-05-22 14:30:00,29516.4,29651.4,29491.7,29578.3,4202,10,0
2026-05-22 16:45:00,2026-05-22 14:45:00,29578.1,29603.8,29524.3,29577.9,4060,10,0
2026-05-22 17:00:00,2026-05-22 15:00:00,29578.3,29578.3,29456.4,29500.8,4064,10,0
2026-05-22 17:15:00,2026-05-22 15:15:00,29501.1,29534.2,29427.1,29500.2,4003,10,0
2026-05-22 17:30:00,2026-05-22 15:30:00,29500.2,29573.7,29490.1,29572.7,3854,10,0
2026-05-22 17:45:00,2026-05-22 15:45:00,29572.4,29590.7,29544.3,29583.3,3736,10,0
2026-05-22 18:00:00,2026-05-22 16:00:00,29583.7,29631.6,29580.8,29624.8,3695,10,0
2026-05-22 18:15:00,2026-05-22 16:15:00,29624.7,29644.9,29605.4,29644.9,3546,10,0
2026-05-22 18:30:00,2026-05-22 16:30:00,29644.6,29649.4,29614.6,29631.9,3553,10,0
2026-05-22 18:45:00,2026-05-22 16:45:00,29631.8,29632.3,29596.9,29624.7,3432,10,0
2026-05-22 19:00:00,2026-05-22 17:00:00,29623.7,29630.6,29601.6,29617.3,3447,10,0
2026-05-22 19:15:00,2026-05-22 17:15:00,29617.1,29617.2,29577.3,29602.7,3458,10,0
2026-05-22 19:30:00,2026-05-22 17:30:00,29602.8,29613.4,29569.3,29577.7,3514,10,0
2026-05-22 19:45:00,2026-05-22 17:45:00,29577.3,29609.8,29575.8,29607.9,3357,10,0
2026-05-22 20:00:00,2026-05-22 18:00:00,29607.9,29640.9,29607.9,29633.6,3125,10,0
2026-05-22 20:15:00,2026-05-22 18:15:00,29633.7,29672.7,29585.2,29672.7,3362,10,0
2026-05-22 20:30:00,2026-05-22 18:30:00,29671.6,29682.8,29621.6,29638.8,3547,10,0
2026-05-22 20:45:00,2026-05-22 18:45:00,29639.1,29644.8,29599.6,29615.1,3372,10,0
2026-05-22 21:00:00,2026-05-22 19:00:00,29615.4,29625.2,29585.6,29600.7,3401,10,0
2026-05-22 21:15:00,2026-05-22 19:15:00,29600.4,29609.9,29586.9,29597.6,3290,10,0
2026-05-22 21:30:00,2026-05-22 19:30:00,29597.1,29610.4,29561.7,29603.1,3321,10,0
2026-05-22 21:45:00,2026-05-22 19:45:00,29603.4,29608.4,29578.2,29586.7,3118,10,0
2026-05-22 22:00:00,2026-05-22 20:00:00,29586.7,29595.2,29526.4,29536.3,3628,10,0
2026-05-22 22:15:00,2026-05-22 20:15:00,29536.2,29539.4,29480.2,29486.8,3585,10,0
2026-05-22 22:30:00,2026-05-22 20:30:00,29487.1,29523.2,29471.9,29497.3,3564,10,0
2026-05-22 22:45:00,2026-05-22 20:45:00,29497.3,29518.9,29468.7,29486.3,3620,10,0
2026-05-22 23:00:00,2026-05-22 21:00:00,29487.3,29513.8,29477.7,29497.6,2654,15,0
2026-05-22 23:15:00,2026-05-22 21:15:00,29497.4,29498.1,29476.3,29484.4,1772,15,0
2026-05-22 23:30:00,2026-05-22 21:30:00,29485.1,29488.3,29438.4,29465.8,2260,15,0
2026-05-22 23:45:00,2026-05-22 21:45:00,29465.8,29474.8,29458.6,29472.1,1212,15,0
2026-05-25 01:00:00,2026-05-24 23:00:00,29666.4,29722.7,29664.6,29718.1,3029,15,0
2026-05-25 01:15:00,2026-05-24 23:15:00,29718.1,29730.2,29702.6,29719.9,2140,15,0
2026-05-25 01:30:00,2026-05-24 23:30:00,29719.8,29752.8,29719.6,29748.8,2119,15,0
2026-05-25 01:45:00,2026-05-24 23:45:00,29748.8,29770.1,29748.3,29753.4,1875,15,0
2026-05-25 02:00:00,2026-05-25 00:00:00,29753.4,29775.9,29753.2,29768.6,1681,15,0
2026-05-25 02:15:00,2026-05-25 00:15:00,29768.6,29769.7,29750.8,29756.7,1329,15,0
2026-05-25 02:30:00,2026-05-25 00:30:00,29756.7,29826.8,29756.7,29803.3,2160,15,0
2026-05-25 02:45:00,2026-05-25 00:45:00,29803.3,29810.8,29783.6,29787.9,2164,15,0
2026-05-25 03:00:00,2026-05-25 01:00:00,29788.3,29817.8,29772.1,29814.8,2742,15,0
2026-05-25 03:15:00,2026-05-25 01:15:00,29815.7,29836.4,29805.6,29830.4,2567,15,0
2026-05-25 03:30:00,2026-05-25 01:30:00,29830.2,29865.7,29830.2,29857.9,2309,15,0
2026-05-25 03:45:00,2026-05-25 01:45:00,29857.8,29880.3,29849.9,29860.6,2485,15,0
2026-05-25 04:00:00,2026-05-25 02:00:00,29860.2,29874.4,29851.8,29867.8,2429,15,0
2026-05-25 04:15:00,2026-05-25 02:15:00,29867.9,29874.4,29860.6,29871.9,2150,15,0
2026-05-25 04:30:00,2026-05-25 02:30:00,29871.9,29893.3,29866.4,29878.3,2165,15,0
2026-05-25 04:45:00,2026-05-25 02:45:00,29878.2,29880.2,29867.2,29869.8,1704,15,0
2026-05-25 05:00:00,2026-05-25 03:00:00,29869.8,29879.8,29863.6,29869.8,1809,15,0
2026-05-25 05:15:00,2026-05-25 03:15:00,29869.8,29870.1,29852.7,29859.3,1797,15,0
2026-05-25 05:30:00,2026-05-25 03:30:00,29859.6,29862.1,29848.4,29860.4,1453,15,0
2026-05-25 05:45:00,2026-05-25 03:45:00,29860.4,29905.4,29860.4,29902.8,1680,15,0
2026-05-25 06:00:00,2026-05-25 04:00:00,29902.4,29933.2,29902.4,29910.2,2274,15,0
2026-05-25 06:15:00,2026-05-25 04:15:00,29910.2,29927.4,29900.7,29911.2,1864,15,0
2026-05-25 06:30:00,2026-05-25 04:30:00,29911.2,29919.7,29908.6,29911.8,1739,15,0
2026-05-25 06:45:00,2026-05-25 04:45:00,29911.7,29915.1,29902.6,29907.6,1620,15,0
2026-05-25 07:00:00,2026-05-25 05:00:00,29907.3,29921.6,29907.2,29911.2,1354,15,0
2026-05-25 07:15:00,2026-05-25 05:15:00,29911.3,29917.9,29907.7,29915.3,1144,15,0
2026-05-25 07:30:00,2026-05-25 05:30:00,29915.1,29917.3,29906.9,29916.3,1173,15,0
2026-05-25 07:45:00,2026-05-25 05:45:00,29916.3,29930.9,29916.3,29919.6,1319,15,0
2026-05-25 08:00:00,2026-05-25 06:00:00,29919.7,29934.6,29918.7,29931.3,1381,15,0
2026-05-25 08:15:00,2026-05-25 06:15:00,29931.3,29939.6,29923.2,29928.6,1362,15,0
2026-05-25 08:30:00,2026-05-25 06:30:00,29928.6,29938.8,29923.6,29936.7,1319,15,0
2026-05-25 08:45:00,2026-05-25 06:45:00,29936.6,29937.4,29914.1,29914.3,1364,15,0
2026-05-25 09:00:00,2026-05-25 07:00:00,29914.3,29925.8,29908.7,29915.5,1751,13,0
2026-05-25 09:15:00,2026-05-25 07:15:00,29915.5,29916.3,29894.9,29913.2,1720,13,0
2026-05-25 09:30:00,2026-05-25 07:30:00,29913.7,29923.5,29906.2,29912.4,1753,13,0
2026-05-25 09:45:00,2026-05-25 07:45:00,29912.4,29930.0,29909.9,29913.0,1695,13,0
2026-05-25 10:00:00,2026-05-25 08:00:00,29912.8,29917.4,29886.0,29887.0,1905,13,0
2026-05-25 10:15:00,2026-05-25 08:15:00,29887.0,29894.8,29835.7,29875.5,2606,13,0
2026-05-25 10:30:00,2026-05-25 08:30:00,29875.3,29932.7,29872.7,29910.4,2351,13,0
2026-05-25 10:45:00,2026-05-25 08:45:00,29910.2,29920.8,29901.2,29917.4,1532,13,0
2026-05-25 11:00:00,2026-05-25 09:00:00,29917.4,29919.4,29884.4,29885.3,2026,13,0
2026-05-25 11:15:00,2026-05-25 09:15:00,29885.3,29888.5,29872.7,29878.4,1670,13,0
2026-05-25 11:30:00,2026-05-25 09:30:00,29878.5,29901.7,29874.3,29898.4,1656,13,0
2026-05-25 11:45:00,2026-05-25 09:45:00,29898.9,29908.9,29898.8,29908.3,1262,13,0
2026-05-25 12:00:00,2026-05-25 10:00:00,29908.3,29921.8,29907.8,29911.7,1326,13,0
2026-05-25 12:15:00,2026-05-25 10:15:00,29911.3,29915.2,29903.3,29907.5,1085,13,0
2026-05-25 12:30:00,2026-05-25 10:30:00,29907.5,29918.0,29901.7,29907.9,1263,13,0
2026-05-25 12:45:00,2026-05-25 10:45:00,29907.9,29908.0,29899.8,29901.2,1226,13,0
2026-05-25 13:00:00,2026-05-25 11:00:00,29901.2,29907.9,29891.9,29907.3,1312,13,0
2026-05-25 13:15:00,2026-05-25 11:15:00,29907.3,29916.0,29902.3,29907.8,1245,13,0
2026-05-25 13:30:00,2026-05-25 11:30:00,29907.8,29917.2,29903.0,29916.7,1079,13,0
2026-05-25 13:45:00,2026-05-25 11:45:00,29916.7,29920.2,29911.5,29917.3,984,13,0
2026-05-25 14:00:00,2026-05-25 12:00:00,29917.3,29925.5,29911.0,29922.3,1162,13,0
2026-05-25 14:15:00,2026-05-25 12:15:00,29922.3,29927.8,29920.5,29922.3,946,13,0
2026-05-25 14:30:00,2026-05-25 12:30:00,29922.3,29930.8,29920.7,29925.8,1112,13,0
2026-05-25 14:45:00,2026-05-25 12:45:00,29925.8,29933.4,29915.7,29917.9,1316,13,0
2026-05-25 15:00:00,2026-05-25 13:00:00,29917.9,29929.9,29909.8,29910.5,1413,13,0
2026-05-25 15:15:00,2026-05-25 13:15:00,29910.3,29932.8,29905.5,29910.7,1629,13,0
2026-05-25 15:30:00,2026-05-25 13:30:00,29910.5,29913.0,29896.0,29898.7,1477,13,0
2026-05-25 15:45:00,2026-05-25 13:45:00,29898.7,29902.7,29883.9,29886.9,1453,13,0
2026-05-25 16:00:00,2026-05-25 14:00:00,29886.9,29900.2,29885.5,29891.7,1379,13,0
2026-05-25 16:15:00,2026-05-25 14:15:00,29891.7,29892.4,29883.4,29886.2,1389,13,0
2026-05-25 16:30:00,2026-05-25 14:30:00,29886.2,29920.9,29886.2,29920.3,2246,10,0
2026-05-25 16:45:00,2026-05-25 14:45:00,29920.3,29939.1,29915.9,29938.7,2074,10,0
2026-05-25 17:00:00,2026-05-25 15:00:00,29938.7,29939.1,29897.9,29898.6,2214,10,0
2026-05-25 17:15:00,2026-05-25 15:15:00,29898.6,29903.1,29885.8,29887.8,2080,10,0
2026-05-25 17:30:00,2026-05-25 15:30:00,29887.8,29890.4,29855.9,29858.7,2302,10,0
2026-05-25 17:45:00,2026-05-25 15:45:00,29858.4,29886.2,29855.7,29874.6,2138,10,0
2026-05-25 18:00:00,2026-05-25 16:00:00,29874.6,29935.3,29870.8,29913.2,2386,10,0
2026-05-25 18:15:00,2026-05-25 16:15:00,29913.1,29922.6,29878.4,29879.8,2561,10,0
2026-05-25 18:30:00,2026-05-25 16:30:00,29879.6,29886.1,29865.8,29871.8,2062,10,0
2026-05-25 18:45:00,2026-05-25 16:45:00,29871.3,29876.1,29861.2,29868.4,1465,10,0
2026-05-25 19:00:00,2026-05-25 17:00:00,29868.7,29879.9,29859.2,29877.7,1382,10,0
2026-05-25 19:15:00,2026-05-25 17:15:00,29877.7,29881.2,29859.6,29869.2,1288,10,0
2026-05-25 19:30:00,2026-05-25 17:30:00,29869.2,29881.3,29866.8,29879.9,1308,10,0
2026-05-25 19:45:00,2026-05-25 17:45:00,29880.1,29912.1,29873.4,29908.9,2061,10,0
2026-05-25 20:00:00,2026-05-25 18:00:00,29908.9,29908.9,29908.9,29908.9,1,10,0
2026-05-26 01:00:00,2026-05-25 23:00:00,29914.4,29914.4,29861.8,29873.9,1746,15,0
2026-05-26 01:15:00,2026-05-25 23:15:00,29873.9,29898.7,29867.8,29885.9,1264,15,0
2026-05-26 01:30:00,2026-05-25 23:30:00,29885.9,29885.9,29836.2,29854.9,2229,15,0
2026-05-26 01:45:00,2026-05-25 23:45:00,29854.7,29856.6,29830.3,29838.6,1747,15,0
2026-05-26 02:00:00,2026-05-26 00:00:00,29838.6,29848.7,29820.9,29828.1,1848,15,0
2026-05-26 02:15:00,2026-05-26 00:15:00,29828.3,29833.3,29783.3,29788.4,2102,15,0
2026-05-26 02:30:00,2026-05-26 00:30:00,29788.6,29830.7,29784.1,29828.9,1543,15,0
2026-05-26 02:45:00,2026-05-26 00:45:00,29829.1,29846.7,29820.1,29826.8,2178,15,0
2026-05-26 03:00:00,2026-05-26 01:00:00,29827.1,29827.3,29749.1,29776.6,3367,15,0
2026-05-26 03:15:00,2026-05-26 01:15:00,29776.2,29797.4,29759.4,29791.7,3040,15,0
2026-05-26 03:30:00,2026-05-26 01:30:00,29791.9,29804.1,29766.1,29771.7,2828,15,0
2026-05-26 03:45:00,2026-05-26 01:45:00,29772.3,29781.3,29756.8,29770.3,2721,15,0
2026-05-26 04:00:00,2026-05-26 02:00:00,29770.2,29776.6,29744.7,29771.4,3115,15,0
2026-05-26 04:15:00,2026-05-26 02:15:00,29771.4,29781.4,29742.8,29750.6,2998,15,0
2026-05-26 04:30:00,2026-05-26 02:30:00,29750.6,29752.3,29719.2,29737.9,3154,15,0
2026-05-26 04:45:00,2026-05-26 02:45:00,29737.7,29765.1,29736.6,29759.3,2711,15,0
2026-05-26 05:00:00,2026-05-26 03:00:00,29759.7,29774.9,29753.9,29767.7,2525,15,0
2026-05-26 05:15:00,2026-05-26 03:15:00,29767.6,29776.4,29745.7,29761.9,2448,15,0
2026-05-26 05:30:00,2026-05-26 03:30:00,29761.9,29772.9,29749.7,29756.7,2250,15,0
2026-05-26 05:45:00,2026-05-26 03:45:00,29756.7,29767.6,29751.7,29765.6,2088,15,0
2026-05-26 06:00:00,2026-05-26 04:00:00,29765.8,29771.6,29751.7,29751.9,2015,15,0
2026-05-26 06:15:00,2026-05-26 04:15:00,29751.9,29774.7,29750.6,29773.2,1844,15,0
2026-05-26 06:30:00,2026-05-26 04:30:00,29773.2,29777.1,29759.3,29760.3,1828,15,0
2026-05-26 06:45:00,2026-05-26 04:45:00,29760.3,29773.2,29754.8,29768.2,1743,15,0
2026-05-26 07:00:00,2026-05-26 05:00:00,29768.2,29774.9,29754.1,29774.8,1686,15,0
2026-05-26 07:15:00,2026-05-26 05:15:00,29774.8,29776.9,29761.1,29761.1,1573,15,0
2026-05-26 07:30:00,2026-05-26 05:30:00,29761.1,29771.3,29756.2,29759.4,1850,15,0
2026-05-26 07:45:00,2026-05-26 05:45:00,29759.6,29759.7,29741.6,29749.1,1802,15,0
2026-05-26 08:00:00,2026-05-26 06:00:00,29749.1,29757.9,29732.3,29753.4,2374,15,0
2026-05-26 08:15:00,2026-05-26 06:15:00,29753.2,29760.3,29749.8,29755.9,1982,15,0
2026-05-26 08:30:00,2026-05-26 06:30:00,29755.9,29764.1,29747.1,29754.3,2098,15,0
2026-05-26 08:45:00,2026-05-26 06:45:00,29754.4,29762.2,29742.1,29754.2,1976,15,0
2026-05-26 09:00:00,2026-05-26 07:00:00,29754.2,29787.7,29748.2,29785.4,2124,13,0
2026-05-26 09:15:00,2026-05-26 07:15:00,29785.4,29793.7,29751.2,29765.7,2022,13,0
2026-05-26 09:30:00,2026-05-26 07:30:00,29764.9,29790.3,29757.9,29783.3,2231,13,0
2026-05-26 09:45:00,2026-05-26 07:45:00,29783.3,29783.7,29768.7,29773.0,1813,13,0
2026-05-26 10:00:00,2026-05-26 08:00:00,29773.2,29778.2,29711.9,29729.0,2847,13,0
2026-05-26 10:15:00,2026-05-26 08:15:00,29729.0,29736.7,29708.9,29720.2,2557,13,0
2026-05-26 10:30:00,2026-05-26 08:30:00,29720.2,29732.3,29692.8,29730.7,2696,13,0
2026-05-26 10:45:00,2026-05-26 08:45:00,29730.7,29742.9,29703.5,29722.2,2458,13,0
2026-05-26 11:00:00,2026-05-26 09:00:00,29722.2,29733.7,29706.8,29719.9,2607,13,0
2026-05-26 11:15:00,2026-05-26 09:15:00,29719.7,29740.9,29714.0,29739.2,2341,13,0
2026-05-26 11:30:00,2026-05-26 09:30:00,29737.8,29752.7,29721.3,29748.9,2197,13,0
2026-05-26 11:45:00,2026-05-26 09:45:00,29748.9,29759.0,29732.7,29756.7,2083,13,0
2026-05-26 12:00:00,2026-05-26 10:00:00,29756.0,29771.2,29755.5,29757.0,2057,13,0
2026-05-26 12:15:00,2026-05-26 10:15:00,29757.3,29791.8,29752.9,29787.2,2194,13,0
2026-05-26 12:30:00,2026-05-26 10:30:00,29787.3,29791.9,29778.8,29786.0,1933,13,0
2026-05-26 12:45:00,2026-05-26 10:45:00,29786.0,29798.9,29784.5,29795.5,1783,13,0
2026-05-26 13:00:00,2026-05-26 11:00:00,29795.2,29818.9,29792.2,29816.9,1928,13,0
2026-05-26 13:15:00,2026-05-26 11:15:00,29817.3,29851.0,29810.4,29845.8,1932,13,0
2026-05-26 13:30:00,2026-05-26 11:30:00,29845.9,29863.0,29818.4,29820.5,2399,13,0
2026-05-26 13:45:00,2026-05-26 11:45:00,29820.5,29828.2,29802.7,29803.2,2149,13,0
2026-05-26 14:00:00,2026-05-26 12:00:00,29803.2,29814.2,29789.5,29789.5,2263,13,0
2026-05-26 14:15:00,2026-05-26 12:15:00,29789.4,29814.9,29788.3,29807.7,2148,13,0
2026-05-26 14:30:00,2026-05-26 12:30:00,29807.7,29822.5,29767.0,29805.7,2665,13,0
2026-05-26 14:45:00,2026-05-26 12:45:00,29805.7,29819.9,29800.7,29814.0,2172,13,0
2026-05-26 15:00:00,2026-05-26 13:00:00,29814.2,29832.0,29801.3,29818.7,2340,13,0
2026-05-26 15:15:00,2026-05-26 13:15:00,29818.7,29848.0,29813.5,29846.4,2024,13,0
2026-05-26 15:30:00,2026-05-26 13:30:00,29846.4,29878.5,29839.3,29866.0,2338,13,0
2026-05-26 15:45:00,2026-05-26 13:45:00,29866.0,29873.9,29859.9,29868.7,2140,13,0
2026-05-26 16:00:00,2026-05-26 14:00:00,29868.7,29873.3,29849.9,29869.4,2272,13,0
2026-05-26 16:15:00,2026-05-26 14:15:00,29869.3,29875.5,29836.9,29853.4,2544,13,0
2026-05-26 16:30:00,2026-05-26 14:30:00,29851.2,29885.8,29776.2,29881.8,4114,10,0
2026-05-26 16:45:00,2026-05-26 14:45:00,29881.6,29951.9,29862.8,29951.9,4029,10,0
2026-05-26 17:00:00,2026-05-26 15:00:00,29954.7,29978.2,29925.3,29976.7,3973,10,0
2026-05-26 17:15:00,2026-05-26 15:15:00,29977.2,30030.8,29956.6,30016.1,3901,10,0
2026-05-26 17:30:00,2026-05-26 15:30:00,30015.4,30066.9,30009.7,30053.9,3902,10,0
2026-05-26 17:45:00,2026-05-26 15:45:00,30053.2,30061.2,30002.2,30003.3,3786,10,0
2026-05-26 18:00:00,2026-05-26 16:00:00,30003.4,30014.9,29952.7,29987.8,3937,10,0
2026-05-26 18:15:00,2026-05-26 16:15:00,29986.8,29986.8,29941.7,29946.4,3905,10,0
2026-05-26 18:30:00,2026-05-26 16:30:00,29947.3,29954.9,29910.3,29920.1,3859,10,0
2026-05-26 18:45:00,2026-05-26 16:45:00,29921.1,29929.4,29834.8,29874.8,3912,10,0
2026-05-26 19:00:00,2026-05-26 17:00:00,29875.1,29927.7,29870.6,29887.6,3736,10,0
2026-05-26 19:15:00,2026-05-26 17:15:00,29887.8,29940.7,29876.7,29940.7,3496,10,0
2026-05-26 19:30:00,2026-05-26 17:30:00,29940.7,29963.7,29910.2,29912.8,3476,10,0
2026-05-26 19:45:00,2026-05-26 17:45:00,29912.8,29932.1,29896.6,29923.6,3545,10,0
2026-05-26 20:00:00,2026-05-26 18:00:00,29923.6,29950.7,29916.7,29936.2,3478,10,0
2026-05-26 20:15:00,2026-05-26 18:15:00,29935.9,29938.9,29903.2,29917.9,3443,10,0
2026-05-26 20:30:00,2026-05-26 18:30:00,29917.9,29950.6,29907.4,29933.9,3297,10,0
2026-05-26 20:45:00,2026-05-26 18:45:00,29933.9,29961.4,29933.9,29945.4,3039,10,0
2026-05-26 21:00:00,2026-05-26 19:00:00,29945.2,29979.4,29930.9,29973.7,3091,10,0
2026-05-26 21:15:00,2026-05-26 19:15:00,29973.7,30002.4,29971.1,29994.3,3003,10,0
2026-05-26 21:30:00,2026-05-26 19:30:00,29994.7,30008.9,29979.2,29979.6,2991,10,0
2026-05-26 21:45:00,2026-05-26 19:45:00,29979.4,29993.9,29957.4,29962.2,3108,10,0
2026-05-26 22:00:00,2026-05-26 20:00:00,29962.6,30006.2,29954.3,30000.7,3230,10,0
2026-05-26 22:15:00,2026-05-26 20:15:00,30000.7,30010.4,29993.2,30001.4,2907,10,0
2026-05-26 22:30:00,2026-05-26 20:30:00,30001.4,30042.9,30000.2,30039.9,2859,10,0
2026-05-26 22:45:00,2026-05-26 20:45:00,30040.2,30060.1,30016.7,30027.4,3201,10,0
2026-05-26 23:00:00,2026-05-26 21:00:00,30027.4,30031.7,30003.8,30005.7,2300,15,0
2026-05-26 23:15:00,2026-05-26 21:15:00,30005.7,30021.2,30003.9,30009.4,1477,15,0
2026-05-26 23:30:00,2026-05-26 21:30:00,30009.4,30018.1,30007.9,30009.4,1024,15,0
2026-05-26 23:45:00,2026-05-26 21:45:00,30009.3,30011.1,29983.4,29992.7,1267,15,0
2026-05-27 01:00:00,2026-05-26 23:00:00,30017.7,30027.3,29983.1,29996.8,2197,15,0
2026-05-27 01:15:00,2026-05-26 23:15:00,29996.8,30011.7,29986.2,29994.6,1585,15,0
2026-05-27 01:30:00,2026-05-26 23:30:00,29994.6,30013.0,29994.6,29996.2,1294,15,0
2026-05-27 01:45:00,2026-05-26 23:45:00,29996.2,29999.2,29980.2,29990.1,1373,15,0
2026-05-27 02:00:00,2026-05-27 00:00:00,29990.1,30009.2,29990.1,29996.2,1358,15,0
2026-05-27 02:15:00,2026-05-27 00:15:00,29996.2,30027.0,29993.5,30026.6,1478,15,0
2026-05-27 02:30:00,2026-05-27 00:30:00,30026.6,30044.1,30015.3,30043.2,1596,15,0
2026-05-27 02:45:00,2026-05-27 00:45:00,30043.3,30055.2,30040.7,30050.7,2195,15,0
2026-05-27 03:00:00,2026-05-27 01:00:00,30050.8,30064.6,30042.2,30057.2,2889,15,0
2026-05-27 03:15:00,2026-05-27 01:15:00,30057.3,30057.3,30022.5,30049.0,2920,15,0
2026-05-27 03:30:00,2026-05-27 01:30:00,30049.3,30075.7,30044.2,30065.3,2832,15,0
2026-05-27 03:45:00,2026-05-27 01:45:00,30065.3,30088.0,30059.1,30080.6,2726,15,0
2026-05-27 04:00:00,2026-05-27 02:00:00,30080.5,30103.3,30066.2,30098.2,2802,15,0
2026-05-27 04:15:00,2026-05-27 02:15:00,30098.2,30109.8,30089.2,30101.0,2388,15,0
2026-05-27 04:30:00,2026-05-27 02:30:00,30101.2,30104.5,30088.8,30090.7,2572,15,0
2026-05-27 04:45:00,2026-05-27 02:45:00,30090.5,30091.7,30069.5,30073.6,2353,15,0
2026-05-27 05:00:00,2026-05-27 03:00:00,30074.1,30093.1,30072.1,30091.5,2460,15,0
2026-05-27 05:15:00,2026-05-27 03:15:00,30091.6,30103.7,30090.8,30097.2,1990,15,0
2026-05-27 05:30:00,2026-05-27 03:30:00,30097.3,30106.7,30092.0,30100.6,1957,15,0
2026-05-27 05:45:00,2026-05-27 03:45:00,30100.6,30109.3,30088.0,30088.7,1827,15,0
2026-05-27 06:00:00,2026-05-27 04:00:00,30088.5,30105.6,30081.6,30083.2,1862,15,0
2026-05-27 06:15:00,2026-05-27 04:15:00,30083.2,30089.0,30071.5,30078.6,1588,15,0
2026-05-27 06:30:00,2026-05-27 04:30:00,30078.6,30083.0,30060.8,30073.2,1932,15,0
2026-05-27 06:45:00,2026-05-27 04:45:00,30073.0,30073.5,30045.1,30048.7,1855,15,0
2026-05-27 07:00:00,2026-05-27 05:00:00,30048.7,30075.2,30045.1,30060.2,2107,15,0
2026-05-27 07:15:00,2026-05-27 05:15:00,30060.3,30062.3,30028.6,30029.7,2420,15,0
2026-05-27 07:30:00,2026-05-27 05:30:00,30029.7,30056.7,30026.2,30056.7,2562,15,0
2026-05-27 07:45:00,2026-05-27 05:45:00,30056.2,30071.7,30056.2,30056.7,2062,15,0
2026-05-27 08:00:00,2026-05-27 06:00:00,30056.8,30071.5,30045.1,30054.6,2656,15,0
2026-05-27 08:15:00,2026-05-27 06:15:00,30054.6,30054.7,30027.5,30052.0,2544,15,0
2026-05-27 08:30:00,2026-05-27 06:30:00,30052.0,30054.7,30019.5,30052.5,2770,15,0
2026-05-27 08:45:00,2026-05-27 06:45:00,30052.5,30060.1,30037.8,30054.2,2547,15,0
2026-05-27 09:00:00,2026-05-27 07:00:00,30054.3,30061.5,30040.1,30050.3,2730,13,0
2026-05-27 09:15:00,2026-05-27 07:15:00,30050.6,30055.6,30027.6,30033.8,2397,13,0
2026-05-27 09:30:00,2026-05-27 07:30:00,30033.8,30039.1,30007.3,30025.3,2379,13,0
2026-05-27 09:45:00,2026-05-27 07:45:00,30024.6,30037.1,30017.3,30026.9,1891,13,0
2026-05-27 10:00:00,2026-05-27 08:00:00,30027.1,30065.9,30026.8,30065.6,2455,13,0
2026-05-27 10:15:00,2026-05-27 08:15:00,30065.7,30081.3,30056.4,30075.9,2081,13,0
2026-05-27 10:30:00,2026-05-27 08:30:00,30075.8,30089.2,30067.3,30081.8,1935,13,0
2026-05-27 10:45:00,2026-05-27 08:45:00,30081.8,30095.1,30064.3,30091.8,1897,13,0
2026-05-27 11:00:00,2026-05-27 09:00:00,30091.7,30119.3,30082.9,30117.6,2374,13,0
2026-05-27 11:15:00,2026-05-27 09:15:00,30117.7,30167.8,30117.6,30160.1,2521,13,0
2026-05-27 11:30:00,2026-05-27 09:30:00,30159.9,30167.8,30141.9,30162.3,2248,13,0
2026-05-27 11:45:00,2026-05-27 09:45:00,30162.3,30162.6,30143.2,30147.3,2015,13,0
2026-05-27 12:00:00,2026-05-27 10:00:00,30147.6,30151.3,30124.3,30137.6,2128,13,0
2026-05-27 12:15:00,2026-05-27 10:15:00,30137.4,30148.7,30131.4,30139.3,1903,13,0
2026-05-27 12:30:00,2026-05-27 10:30:00,30139.6,30160.6,30130.2,30147.3,1919,13,0
2026-05-27 12:45:00,2026-05-27 10:45:00,30147.2,30164.8,30137.6,30163.2,1791,13,0
2026-05-27 13:00:00,2026-05-27 11:00:00,30164.4,30198.3,30163.4,30197.8,2284,13,0
2026-05-27 13:15:00,2026-05-27 11:15:00,30197.8,30199.2,30179.1,30183.1,1749,13,0
2026-05-27 13:30:00,2026-05-27 11:30:00,30183.1,30183.1,30165.3,30175.7,1878,13,0
2026-05-27 13:45:00,2026-05-27 11:45:00,30175.7,30191.8,30173.4,30185.9,1694,13,0
2026-05-27 14:00:00,2026-05-27 12:00:00,30188.8,30224.3,30187.2,30219.6,2545,13,0
2026-05-27 14:15:00,2026-05-27 12:15:00,30219.6,30241.8,30203.2,30221.3,2461,13,0
2026-05-27 14:30:00,2026-05-27 12:30:00,30221.6,30247.6,30220.3,30228.9,2335,13,0
2026-05-27 14:45:00,2026-05-27 12:45:00,30229.3,30244.7,30214.1,30215.9,2351,13,0
2026-05-27 15:00:00,2026-05-27 13:00:00,30216.2,30229.6,30205.4,30218.1,2435,13,0
2026-05-27 15:15:00,2026-05-27 13:15:00,30218.1,30330.1,30194.3,30305.2,3600,13,0
2026-05-27 15:30:00,2026-05-27 13:30:00,30305.7,30308.2,30259.7,30266.1,3259,13,0
2026-05-27 15:45:00,2026-05-27 13:45:00,30266.3,30266.9,30207.6,30213.1,2980,13,0
2026-05-27 16:00:00,2026-05-27 14:00:00,30212.6,30221.8,30153.6,30166.6,3099,13,0
2026-05-27 16:15:00,2026-05-27 14:15:00,30166.3,30175.9,30139.1,30139.6,3113,13,0
2026-05-27 16:30:00,2026-05-27 14:30:00,30138.9,30140.6,29917.3,29932.7,4254,10,0
2026-05-27 16:45:00,2026-05-27 14:45:00,29933.2,30027.8,29890.5,30012.5,4211,10,0
2026-05-27 17:00:00,2026-05-27 15:00:00,30012.6,30050.0,29934.1,29966.1,4114,10,0
2026-05-27 17:15:00,2026-05-27 15:15:00,29967.3,30008.2,29840.1,29867.5,4112,10,0
2026-05-27 17:30:00,2026-05-27 15:30:00,29867.8,29975.2,29830.2,29945.0,4101,10,0
2026-05-27 17:45:00,2026-05-27 15:45:00,29945.0,29974.7,29875.2,29892.2,3936,10,0
2026-05-27 18:00:00,2026-05-27 16:00:00,29891.8,29928.8,29866.6,29900.7,3887,10,0
2026-05-27 18:15:00,2026-05-27 16:15:00,29900.6,29901.7,29835.0,29901.7,3898,10,0
2026-05-27 18:30:00,2026-05-27 16:30:00,29902.5,29931.8,29836.2,29841.0,3853,10,0
2026-05-27 18:45:00,2026-05-27 16:45:00,29842.1,29894.1,29834.7,29887.1,3815,10,0
2026-05-27 19:00:00,2026-05-27 17:00:00,29886.7,29952.8,29871.6,29947.7,3719,10,0
2026-05-27 19:15:00,2026-05-27 17:15:00,29947.7,29967.7,29929.2,29943.1,3602,10,0
2026-05-27 19:30:00,2026-05-27 17:30:00,29942.7,29990.3,29927.1,29980.6,3522,10,0
2026-05-27 19:45:00,2026-05-27 17:45:00,29980.3,29999.8,29927.3,29939.7,3566,10,0
2026-05-27 20:00:00,2026-05-27 18:00:00,29939.7,29948.5,29846.7,29872.6,3632,10,0
2026-05-27 20:15:00,2026-05-27 18:15:00,29872.0,29927.1,29865.0,29907.1,3407,10,0
2026-05-27 20:30:00,2026-05-27 18:30:00,29907.1,29941.6,29896.0,29900.0,3466,10,0
2026-05-27 20:45:00,2026-05-27 18:45:00,29898.8,29944.3,29893.8,29924.5,3476,10,0
2026-05-27 21:00:00,2026-05-27 19:00:00,29924.5,29954.6,29914.7,29948.3,3496,10,0
2026-05-27 21:15:00,2026-05-27 19:15:00,29949.2,30005.3,29943.0,30004.8,3360,10,0
2026-05-27 21:30:00,2026-05-27 19:30:00,30004.6,30011.5,29975.6,29999.6,3245,10,0
2026-05-27 21:45:00,2026-05-27 19:45:00,29999.6,30006.1,29984.6,29990.3,3167,10,0
2026-05-27 22:00:00,2026-05-27 20:00:00,29990.0,30012.1,29976.1,29992.3,3333,10,0
2026-05-27 22:15:00,2026-05-27 20:15:00,29992.7,30004.3,29961.2,29978.2,3296,10,0
2026-05-27 22:30:00,2026-05-27 20:30:00,29978.2,30021.7,29976.6,30017.1,3371,10,0
2026-05-27 22:45:00,2026-05-27 20:45:00,30017.1,30017.8,29986.5,29997.3,3422,10,0
2026-05-27 23:00:00,2026-05-27 21:00:00,29996.2,30022.2,29986.6,30008.8,2654,15,0
2026-05-27 23:15:00,2026-05-27 21:15:00,30009.0,30065.0,30009.0,30044.3,2375,15,0
2026-05-27 23:30:00,2026-05-27 21:30:00,30044.3,30066.1,30043.3,30062.1,1466,15,0
2026-05-27 23:45:00,2026-05-27 21:45:00,30062.1,30072.7,30060.0,30070.0,1479,15,0
2026-05-28 01:00:00,2026-05-27 23:00:00,30069.8,30089.6,30019.4,30029.1,1908,15,0
2026-05-28 01:15:00,2026-05-27 23:15:00,30029.1,30048.3,30002.3,30003.0,1698,15,0
2026-05-28 01:30:00,2026-05-27 23:30:00,30002.8,30017.8,29980.9,29999.3,1943,15,0
2026-05-28 01:45:00,2026-05-27 23:45:00,29999.3,30021.8,29998.0,30014.9,1315,15,0
2026-05-28 02:00:00,2026-05-28 00:00:00,30014.9,30028.9,30000.5,30010.6,1270,15,0
2026-05-28 02:15:00,2026-05-28 00:15:00,30010.6,30032.9,29982.9,29996.5,1925,15,0
2026-05-28 02:30:00,2026-05-28 00:30:00,29996.5,29996.5,29956.1,29959.1,2049,15,0
2026-05-28 02:45:00,2026-05-28 00:45:00,29959.1,29960.9,29920.8,29933.0,2734,15,0
2026-05-28 03:00:00,2026-05-28 01:00:00,29933.1,29972.6,29918.3,29926.6,3478,15,0
2026-05-28 03:15:00,2026-05-28 01:15:00,29927.0,29970.5,29924.4,29962.0,3162,15,0
2026-05-28 03:30:00,2026-05-28 01:30:00,29962.0,29979.5,29934.4,29979.1,3001,15,0
2026-05-28 03:45:00,2026-05-28 01:45:00,29978.8,30043.3,29977.3,30025.3,2822,15,0
2026-05-28 04:00:00,2026-05-28 02:00:00,30025.4,30034.4,29991.4,30019.0,3050,15,0
2026-05-28 04:15:00,2026-05-28 02:15:00,30019.0,30025.8,29999.4,30013.4,2987,15,0
2026-05-28 04:30:00,2026-05-28 02:30:00,30013.1,30029.6,29999.0,30002.3,3050,15,0
2026-05-28 04:45:00,2026-05-28 02:45:00,30001.8,30030.8,29988.4,30025.0,2864,15,0
2026-05-28 05:00:00,2026-05-28 03:00:00,30025.1,30033.4,29982.5,29982.8,2991,15,0
2026-05-28 05:15:00,2026-05-28 03:15:00,29982.9,29988.0,29955.9,29956.1,2802,15,0
2026-05-28 05:30:00,2026-05-28 03:30:00,29956.1,29968.8,29933.9,29937.4,2728,15,0
2026-05-28 05:45:00,2026-05-28 03:45:00,29937.5,29954.6,29925.3,29927.8,2576,15,0
2026-05-28 06:00:00,2026-05-28 04:00:00,29927.8,29938.8,29886.4,29893.1,2934,15,0
2026-05-28 06:15:00,2026-05-28 04:15:00,29893.0,29910.8,29865.1,29865.9,3130,15,0
2026-05-28 06:30:00,2026-05-28 04:30:00,29865.9,29865.9,29755.4,29756.8,3763,15,0
2026-05-28 06:45:00,2026-05-28 04:45:00,29756.4,29790.8,29751.0,29765.8,3556,15,0
2026-05-28 07:00:00,2026-05-28 05:00:00,29765.8,29778.8,29733.3,29754.1,3463,15,0
2026-05-28 07:15:00,2026-05-28 05:15:00,29754.1,29760.3,29718.8,29739.6,3367,15,0
2026-05-28 07:30:00,2026-05-28 05:30:00,29739.9,29776.4,29732.3,29758.9,3164,15,0
2026-05-28 07:45:00,2026-05-28 05:45:00,29759.1,29762.8,29735.9,29742.6,2971,15,0
2026-05-28 08:00:00,2026-05-28 06:00:00,29742.6,29770.9,29723.3,29765.8,3258,15,0
2026-05-28 08:15:00,2026-05-28 06:15:00,29765.3,29795.1,29757.4,29794.9,3055,15,0
2026-05-28 08:30:00,2026-05-28 06:30:00,29795.4,29839.6,29787.9,29826.3,3183,15,0
2026-05-28 08:45:00,2026-05-28 06:45:00,29826.4,29865.6,29826.4,29858.4,2706,15,0
2026-05-28 09:00:00,2026-05-28 07:00:00,29859.0,29886.9,29858.5,29882.0,2769,13,0
2026-05-28 09:15:00,2026-05-28 07:15:00,29882.0,29892.1,29869.5,29871.7,2455,13,0
2026-05-28 09:30:00,2026-05-28 07:30:00,29872.6,29877.1,29845.6,29865.5,2432,13,0
2026-05-28 09:45:00,2026-05-28 07:45:00,29865.5,29867.2,29834.5,29863.1,2366,13,0
2026-05-28 10:00:00,2026-05-28 08:00:00,29863.1,29917.7,29863.1,29901.1,2974,13,0
2026-05-28 10:15:00,2026-05-28 08:15:00,29901.1,29913.6,29893.1,29901.4,2545,13,0
2026-05-28 10:30:00,2026-05-28 08:30:00,29901.9,29912.9,29890.5,29905.2,2417,13,0
2026-05-28 10:45:00,2026-05-28 08:45:00,29905.2,29915.7,29878.2,29910.2,2692,13,0
2026-05-28 11:00:00,2026-05-28 09:00:00,29910.2,29943.6,29902.1,29920.1,3042,13,0
2026-05-28 11:15:00,2026-05-28 09:15:00,29920.0,29948.9,29906.0,29917.4,2626,13,0
2026-05-28 11:30:00,2026-05-28 09:30:00,29917.6,29942.4,29912.4,29924.5,2250,13,0
2026-05-28 11:45:00,2026-05-28 09:45:00,29924.5,29939.4,29915.7,29938.1,2024,13,0
2026-05-28 12:00:00,2026-05-28 10:00:00,29938.0,29952.1,29917.4,29924.4,2300,13,0
2026-05-28 12:15:00,2026-05-28 10:15:00,29924.5,29943.0,29921.6,29924.5,2044,13,0
2026-05-28 12:30:00,2026-05-28 10:30:00,29924.2,29925.2,29895.6,29904.2,2291,13,0
2026-05-28 12:45:00,2026-05-28 10:45:00,29904.2,29934.5,29900.4,29930.4,2078,13,0
2026-05-28 13:00:00,2026-05-28 11:00:00,29929.9,29930.1,29898.5,29900.7,1974,13,0
2026-05-28 13:15:00,2026-05-28 11:15:00,29900.7,29909.6,29868.4,29889.2,2525,13,0
2026-05-28 13:30:00,2026-05-28 11:30:00,29889.0,29893.9,29864.7,29867.9,2340,13,0
2026-05-28 13:45:00,2026-05-28 11:45:00,29868.0,29880.9,29823.4,29839.0,2775,13,0
2026-05-28 14:00:00,2026-05-28 12:00:00,29839.1,29859.6,29825.2,29832.4,2886,13,0
2026-05-28 14:15:00,2026-05-28 12:15:00,29832.9,29866.1,29831.4,29848.7,2484,13,0
2026-05-28 14:30:00,2026-05-28 12:30:00,29849.0,29893.9,29837.0,29891.2,2703,13,0
2026-05-28 14:45:00,2026-05-28 12:45:00,29891.6,29893.5,29869.0,29878.6,2446,13,0
2026-05-28 15:00:00,2026-05-28 13:00:00,29877.5,29916.2,29876.6,29909.1,2624,13,0
2026-05-28 15:15:00,2026-05-28 13:15:00,29909.0,29912.9,29882.2,29903.9,2653,13,0
2026-05-28 15:30:00,2026-05-28 13:30:00,29904.5,29982.5,29904.5,29981.2,3355,13,0
2026-05-28 15:45:00,2026-05-28 13:45:00,29981.1,30021.2,29974.4,30010.0,3016,13,0
2026-05-28 16:00:00,2026-05-28 14:00:00,30009.9,30042.7,29983.0,29991.0,3167,13,0
2026-05-28 16:15:00,2026-05-28 14:15:00,29991.0,30018.9,29987.6,30008.5,2937,13,0
2026-05-28 16:30:00,2026-05-28 14:30:00,30007.9,30066.0,29897.9,29910.5,4158,10,0
2026-05-28 16:45:00,2026-05-28 14:45:00,29909.6,29952.4,29875.1,29944.5,4060,10,0
2026-05-28 17:00:00,2026-05-28 15:00:00,29945.8,30139.5,29918.1,30115.0,4067,10,0
2026-05-28 17:15:00,2026-05-28 15:15:00,30115.5,30126.9,30019.0,30102.0,4149,10,0
2026-05-28 17:30:00,2026-05-28 15:30:00,30102.1,30124.8,30062.1,30122.6,3917,10,0
2026-05-28 17:45:00,2026-05-28 15:45:00,30121.6,30144.5,30078.0,30141.4,3863,10,0
2026-05-28 18:00:00,2026-05-28 16:00:00,30141.5,30197.5,30135.5,30175.3,3818,10,0
2026-05-28 18:15:00,2026-05-28 16:15:00,30175.4,30228.8,30164.3,30216.4,3601,10,0
2026-05-28 18:30:00,2026-05-28 16:30:00,30216.8,30247.0,30211.8,30216.3,3526,10,0
2026-05-28 18:45:00,2026-05-28 16:45:00,30216.0,30235.0,30205.4,30219.0,3349,10,0
2026-05-28 19:00:00,2026-05-28 17:00:00,30218.8,30237.5,30193.4,30228.3,3300,10,0
2026-05-28 19:15:00,2026-05-28 17:15:00,30228.3,30272.4,30222.5,30255.8,3183,10,0
2026-05-28 19:30:00,2026-05-28 17:30:00,30255.8,30263.8,30231.9,30261.0,3046,10,0
2026-05-28 19:45:00,2026-05-28 17:45:00,30261.0,30283.5,30253.0,30280.8,2872,10,0
2026-05-28 20:00:00,2026-05-28 18:00:00,30281.0,30289.4,30269.4,30271.5,2850,10,0
2026-05-28 20:15:00,2026-05-28 18:15:00,30271.8,30274.6,30251.3,30253.3,2887,10,0
2026-05-28 20:30:00,2026-05-28 18:30:00,30253.3,30278.6,30236.8,30275.6,2846,10,0
2026-05-28 20:45:00,2026-05-28 18:45:00,30276.0,30296.0,30266.8,30272.1,2788,10,0
2026-05-28 21:00:00,2026-05-28 19:00:00,30272.1,30291.8,30255.1,30258.0,2916,10,0
2026-05-28 21:15:00,2026-05-28 19:15:00,30258.0,30279.3,30252.4,30269.8,2991,10,0
2026-05-28 21:30:00,2026-05-28 19:30:00,30269.8,30270.4,30243.8,30254.0,2794,10,0
2026-05-28 21:45:00,2026-05-28 19:45:00,30255.0,30271.1,30235.3,30246.8,2759,10,0
2026-05-28 22:00:00,2026-05-28 20:00:00,30247.3,30266.0,30233.5,30241.8,2806,10,0
2026-05-28 22:15:00,2026-05-28 20:15:00,30242.0,30262.6,30229.3,30260.0,2902,10,0
2026-05-28 22:30:00,2026-05-28 20:30:00,30260.0,30285.6,30257.6,30265.0,2973,10,0
2026-05-28 22:45:00,2026-05-28 20:45:00,30264.5,30284.6,30240.1,30261.0,3222,10,0
2026-05-28 23:00:00,2026-05-28 21:00:00,30261.4,30289.5,30246.0,30287.6,2170,15,0
2026-05-28 23:15:00,2026-05-28 21:15:00,30288.1,30290.5,30269.3,30276.4,1876,15,0
2026-05-28 23:30:00,2026-05-28 21:30:00,30276.4,30282.4,30270.3,30275.0,1274,15,0
2026-05-28 23:45:00,2026-05-28 21:45:00,30275.0,30287.5,30265.8,30266.6,1372,15,0
2026-05-29 01:00:00,2026-05-28 23:00:00,30282.9,30316.9,30248.7,30266.8,1914,15,0
2026-05-29 01:15:00,2026-05-28 23:15:00,30266.8,30269.2,30243.5,30255.9,1380,15,0
2026-05-29 01:30:00,2026-05-28 23:30:00,30255.9,30267.5,30246.5,30262.7,1155,15,0
2026-05-29 01:45:00,2026-05-28 23:45:00,30262.7,30268.7,30251.8,30252.4,1059,15,0
2026-05-29 02:00:00,2026-05-29 00:00:00,30252.4,30272.9,30252.4,30270.9,1227,15,0
2026-05-29 02:15:00,2026-05-29 00:15:00,30270.9,30282.0,30268.8,30275.0,1231,15,0
2026-05-29 02:30:00,2026-05-29 00:30:00,30274.2,30274.2,30263.8,30266.8,1104,15,0
2026-05-29 02:45:00,2026-05-29 00:45:00,30266.7,30266.8,30251.4,30256.5,1880,15,0
2026-05-29 03:00:00,2026-05-29 01:00:00,30256.3,30256.3,30228.3,30237.2,2926,15,0
2026-05-29 03:15:00,2026-05-29 01:15:00,30237.2,30254.5,30233.3,30236.0,2659,15,0
2026-05-29 03:30:00,2026-05-29 01:30:00,30236.0,30236.8,30199.7,30203.8,2689,15,0
2026-05-29 03:45:00,2026-05-29 01:45:00,30203.8,30209.4,30189.9,30203.2,2569,15,0
2026-05-29 04:00:00,2026-05-29 02:00:00,30203.2,30216.8,30171.9,30188.4,3068,15,0
2026-05-29 04:15:00,2026-05-29 02:15:00,30188.4,30208.0,30181.5,30186.8,2789,15,0
2026-05-29 04:30:00,2026-05-29 02:30:00,30186.8,30211.4,30177.8,30208.9,2787,15,0
2026-05-29 04:45:00,2026-05-29 02:45:00,30209.0,30218.5,30188.3,30203.3,2591,15,0
2026-05-29 05:00:00,2026-05-29 03:00:00,30202.7,30225.8,30194.7,30219.8,2164,15,0
2026-05-29 05:15:00,2026-05-29 03:15:00,30220.0,30221.9,30182.9,30189.7,1694,15,0
2026-05-29 05:30:00,2026-05-29 03:30:00,30189.4,30209.8,30184.2,30202.7,1832,15,0
2026-05-29 05:45:00,2026-05-29 03:45:00,30203.0,30207.8,30187.8,30193.0,2034,15,0
2026-05-29 06:00:00,2026-05-29 04:00:00,30193.3,30219.4,30191.9,30212.5,2293,15,0
2026-05-29 06:15:00,2026-05-29 04:15:00,30212.5,30221.4,30208.0,30215.2,2038,15,0
2026-05-29 06:30:00,2026-05-29 04:30:00,30215.0,30218.9,30206.2,30215.4,2148,15,0
2026-05-29 06:45:00,2026-05-29 04:45:00,30215.4,30229.3,30201.9,30215.9,2206,15,0
2026-05-29 07:00:00,2026-05-29 05:00:00,30215.8,30231.0,30215.3,30227.3,2050,15,0
2026-05-29 07:15:00,2026-05-29 05:15:00,30227.3,30241.5,30227.2,30238.4,1867,15,0
2026-05-29 07:30:00,2026-05-29 05:30:00,30238.2,30259.8,30234.9,30259.5,1675,15,0
2026-05-29 07:45:00,2026-05-29 05:45:00,30259.5,30261.5,30246.8,30252.9,1650,15,0
2026-05-29 08:00:00,2026-05-29 06:00:00,30253.0,30273.0,30251.2,30267.4,1834,15,0
2026-05-29 08:15:00,2026-05-29 06:15:00,30267.4,30272.5,30259.4,30267.2,1706,15,0
2026-05-29 08:30:00,2026-05-29 06:30:00,30267.3,30269.8,30247.4,30259.5,2137,15,0
2026-05-29 08:45:00,2026-05-29 06:45:00,30259.5,30270.3,30249.8,30255.7,1682,15,0
2026-05-29 09:00:00,2026-05-29 07:00:00,30255.7,30280.4,30255.0,30277.5,1880,13,0
2026-05-29 09:15:00,2026-05-29 07:15:00,30277.6,30296.5,30268.8,30270.9,2143,13,0
2026-05-29 09:30:00,2026-05-29 07:30:00,30271.1,30290.1,30267.9,30283.5,2177,13,0
2026-05-29 09:45:00,2026-05-29 07:45:00,30283.5,30305.6,30281.4,30303.9,1614,13,0
2026-05-29 10:00:00,2026-05-29 08:00:00,30303.9,30303.9,30277.8,30280.0,2085,13,0
2026-05-29 10:15:00,2026-05-29 08:15:00,30280.0,30281.8,30249.8,30255.6,2384,13,0
2026-05-29 10:30:00,2026-05-29 08:30:00,30255.4,30258.3,30222.0,30232.9,2703,13,0
2026-05-29 10:45:00,2026-05-29 08:45:00,30232.8,30257.3,30231.5,30255.4,2048,13,0
2026-05-29 11:00:00,2026-05-29 09:00:00,30255.4,30273.1,30243.0,30266.5,2733,13,0
2026-05-29 11:15:00,2026-05-29 09:15:00,30266.6,30273.8,30247.6,30268.0,2457,13,0
2026-05-29 11:30:00,2026-05-29 09:30:00,30267.8,30280.6,30261.8,30263.9,2076,13,0
2026-05-29 11:45:00,2026-05-29 09:45:00,30264.3,30274.0,30245.3,30270.8,2045,13,0
2026-05-29 12:00:00,2026-05-29 10:00:00,30270.8,30316.1,30265.0,30315.9,2364,13,0
2026-05-29 12:15:00,2026-05-29 10:15:00,30315.8,30324.4,30292.5,30308.1,2539,13,0
2026-05-29 12:30:00,2026-05-29 10:30:00,30307.9,30310.1,30284.4,30285.6,2105,13,0
2026-05-29 12:45:00,2026-05-29 10:45:00,30285.6,30305.0,30283.6,30286.4,1976,13,0
2026-05-29 13:00:00,2026-05-29 11:00:00,30286.4,30288.5,30256.1,30271.3,2252,13,0
2026-05-29 13:15:00,2026-05-29 11:15:00,30271.3,30287.9,30258.3,30283.9,1995,13,0
2026-05-29 13:30:00,2026-05-29 11:30:00,30283.9,30301.9,30277.0,30294.4,2031,13,0
2026-05-29 13:45:00,2026-05-29 11:45:00,30294.3,30304.6,30289.4,30295.3,1892,13,0
2026-05-29 14:00:00,2026-05-29 12:00:00,30295.5,30318.5,30294.9,30317.4,2066,13,0
2026-05-29 14:15:00,2026-05-29 12:15:00,30317.4,30326.9,30287.6,30288.6,2307,13,0
2026-05-29 14:30:00,2026-05-29 12:30:00,30288.5,30307.4,30264.8,30299.4,2565,13,0
2026-05-29 14:45:00,2026-05-29 12:45:00,30298.5,30309.6,30255.3,30304.5,2490,13,0
2026-05-29 15:00:00,2026-05-29 13:00:00,30304.5,30305.6,30269.9,30275.9,2471,13,0
2026-05-29 15:15:00,2026-05-29 13:15:00,30276.1,30288.8,30267.6,30282.3,2254,13,0
2026-05-29 15:30:00,2026-05-29 13:30:00,30282.3,30286.9,30252.5,30278.1,2653,13,0
2026-05-29 15:45:00,2026-05-29 13:45:00,30277.4,30304.9,30266.9,30304.4,2297,13,0
2026-05-29 16:00:00,2026-05-29 14:00:00,30304.3,30318.8,30296.6,30299.9,2653,13,0
2026-05-29 16:15:00,2026-05-29 14:15:00,30300.1,30338.6,30291.4,30338.6,2742,13,0
2026-05-29 16:30:00,2026-05-29 14:30:00,30339.0,30416.3,30321.4,30416.2,4130,10,0
2026-05-29 16:45:00,2026-05-29 14:45:00,30416.3,30474.4,30407.9,30474.4,3978,10,0
2026-05-29 17:00:00,2026-05-29 15:00:00,30474.2,30491.2,30400.0,30415.3,4049,10,0
2026-05-29 17:15:00,2026-05-29 15:15:00,30414.9,30417.4,30302.3,30362.5,4067,10,0
2026-05-29 17:30:00,2026-05-29 15:30:00,30362.8,30392.3,30245.0,30249.8,4108,10,0
2026-05-29 17:45:00,2026-05-29 15:45:00,30249.3,30348.9,30225.5,30315.8,4101,10,0
2026-05-29 18:00:00,2026-05-29 16:00:00,30315.5,30384.7,30293.8,30382.3,3891,10,0
2026-05-29 18:15:00,2026-05-29 16:15:00,30382.0,30394.5,30316.8,30349.5,3790,10,0
2026-05-29 18:30:00,2026-05-29 16:30:00,30353.0,30374.5,30320.3,30332.3,3737,10,0
2026-05-29 18:45:00,2026-05-29 16:45:00,30332.5,30351.5,30311.7,30317.3,3651,10,0
2026-05-29 19:00:00,2026-05-29 17:00:00,30317.5,30403.0,30315.3,30390.9,3510,10,0
2026-05-29 19:15:00,2026-05-29 17:15:00,30390.7,30402.8,30356.2,30359.0,3567,10,0
2026-05-29 19:30:00,2026-05-29 17:30:00,30359.2,30402.7,30341.9,30377.7,3510,10,0
2026-05-29 19:45:00,2026-05-29 17:45:00,30377.7,30382.2,30331.2,30353.0,3441,10,0
2026-05-29 20:00:00,2026-05-29 18:00:00,30353.2,30365.9,30337.5,30347.0,3290,10,0
2026-05-29 20:15:00,2026-05-29 18:15:00,30347.4,30354.2,30311.3,30323.2,3472,10,0
2026-05-29 20:30:00,2026-05-29 18:30:00,30322.8,30331.8,30297.0,30303.4,3428,10,0
2026-05-29 20:45:00,2026-05-29 18:45:00,30303.4,30315.9,30251.5,30257.3,3489,10,0
2026-05-29 21:00:00,2026-05-29 19:00:00,30257.8,30321.7,30247.2,30297.8,3410,10,0
2026-05-29 21:15:00,2026-05-29 19:15:00,30298.2,30340.2,30284.2,30336.2,3200,10,0
2026-05-29 21:30:00,2026-05-29 19:30:00,30335.4,30357.4,30322.7,30340.2,3158,10,0
2026-05-29 21:45:00,2026-05-29 19:45:00,30340.4,30340.7,30271.9,30280.3,3550,10,0
2026-05-29 22:00:00,2026-05-29 20:00:00,30280.3,30324.2,30270.9,30320.4,3358,10,0
2026-05-29 22:15:00,2026-05-29 20:15:00,30320.7,30339.7,30300.7,30337.0,3152,10,0
2026-05-29 22:30:00,2026-05-29 20:30:00,30337.4,30394.9,30337.4,30384.7,3205,10,0
2026-05-29 22:45:00,2026-05-29 20:45:00,30384.8,30400.0,30350.3,30350.3,3687,10,0
2026-05-29 23:00:00,2026-05-29 21:00:00,30351.9,30365.3,30344.8,30350.9,2888,15,0
2026-05-29 23:15:00,2026-05-29 21:15:00,30350.9,30352.0,30334.2,30341.9,2192,15,0
2026-05-29 23:30:00,2026-05-29 21:30:00,30341.9,30347.7,30331.7,30337.3,1691,15,0
2026-05-29 23:45:00,2026-05-29 21:45:00,30337.5,30352.5,30336.8,30339.8,1098,15,0
2026-06-01 01:00:00,2026-05-31 23:00:00,30392.5,30403.7,30325.8,30383.3,2848,15,0
2026-06-01 01:15:00,2026-05-31 23:15:00,30383.0,30400.9,30360.8,30388.4,2370,15,0
2026-06-01 01:30:00,2026-05-31 23:30:00,30388.3,30417.3,30388.3,30417.3,1919,15,0
2026-06-01 01:45:00,2026-05-31 23:45:00,30417.3,30437.0,30416.4,30420.0,1965,15,0
2026-06-01 02:00:00,2026-06-01 00:00:00,30419.8,30442.7,30415.2,30430.2,1859,15,0
2026-06-01 02:15:00,2026-06-01 00:15:00,30429.7,30436.2,30416.4,30432.0,1575,15,0
2026-06-01 02:30:00,2026-06-01 00:30:00,30432.0,30441.9,30424.2,30430.4,1566,15,0
2026-06-01 02:45:00,2026-06-01 00:45:00,30430.4,30449.0,30425.2,30441.3,2113,15,0
2026-06-01 03:00:00,2026-06-01 01:00:00,30441.7,30487.8,30435.7,30476.8,2972,15,0
2026-06-01 03:15:00,2026-06-01 01:15:00,30476.8,30509.7,30459.5,30508.0,2710,15,0
2026-06-01 03:30:00,2026-06-01 01:30:00,30508.0,30516.0,30490.5,30508.3,2487,15,0
2026-06-01 03:45:00,2026-06-01 01:45:00,30508.3,30518.7,30499.4,30504.0,2603,15,0
2026-06-01 04:00:00,2026-06-01 02:00:00,30504.4,30513.2,30486.3,30495.0,2854,15,0
2026-06-01 04:15:00,2026-06-01 02:15:00,30495.0,30515.0,30493.3,30497.0,2619,15,0
2026-06-01 04:30:00,2026-06-01 02:30:00,30497.2,30512.7,30491.4,30503.9,2664,15,0
2026-06-01 04:45:00,2026-06-01 02:45:00,30503.8,30516.5,30497.8,30512.4,2382,15,0
2026-06-01 05:00:00,2026-06-01 03:00:00,30512.5,30530.8,30510.8,30527.9,2314,15,0
2026-06-01 05:15:00,2026-06-01 03:15:00,30527.9,30532.8,30519.8,30526.0,1881,15,0
2026-06-01 05:30:00,2026-06-01 03:30:00,30526.2,30528.0,30511.9,30513.3,2011,15,0
2026-06-01 05:45:00,2026-06-01 03:45:00,30513.5,30516.3,30507.7,30513.5,1915,15,0
2026-06-01 06:00:00,2026-06-01 04:00:00,30513.5,30530.0,30513.5,30524.9,1736,15,0
2026-06-01 06:15:00,2026-06-01 04:15:00,30524.9,30541.9,30503.8,30537.9,2134,15,0
2026-06-01 06:30:00,2026-06-01 04:30:00,30537.9,30558.3,30517.5,30518.5,2290,15,0
2026-06-01 06:45:00,2026-06-01 04:45:00,30518.5,30529.0,30501.3,30509.7,2332,15,0
2026-06-01 07:00:00,2026-06-01 05:00:00,30509.7,30528.4,30508.0,30522.3,1960,15,0
2026-06-01 07:15:00,2026-06-01 05:15:00,30522.3,30531.2,30514.8,30525.0,1890,15,0
2026-06-01 07:30:00,2026-06-01 05:30:00,30525.0,30544.9,30515.5,30543.7,1757,15,0
2026-06-01 07:45:00,2026-06-01 05:45:00,30543.9,30544.0,30533.3,30537.8,1628,15,0
2026-06-01 08:00:00,2026-06-01 06:00:00,30537.7,30544.8,30524.5,30535.5,1840,15,0
2026-06-01 08:15:00,2026-06-01 06:15:00,30535.5,30541.9,30515.2,30517.3,1893,15,0
2026-06-01 08:30:00,2026-06-01 06:30:00,30517.5,30539.9,30517.4,30538.8,2394,15,0
2026-06-01 08:45:00,2026-06-01 06:45:00,30538.5,30555.2,30535.3,30543.2,1839,15,0
2026-06-01 09:00:00,2026-06-01 07:00:00,30543.3,30553.5,30536.5,30540.3,1943,13,0
2026-06-01 09:15:00,2026-06-01 07:15:00,30540.3,30541.9,30519.3,30521.5,1798,13,0
2026-06-01 09:30:00,2026-06-01 07:30:00,30521.6,30544.5,30520.5,30532.6,1786,13,0
2026-06-01 09:45:00,2026-06-01 07:45:00,30532.6,30552.9,30531.9,30543.1,1875,13,0
2026-06-01 10:00:00,2026-06-01 08:00:00,30543.4,30556.1,30530.4,30534.9,2224,13,0
2026-06-01 10:15:00,2026-06-01 08:15:00,30534.9,30537.6,30477.6,30486.6,2430,13,0
2026-06-01 10:30:00,2026-06-01 08:30:00,30486.6,30495.6,30452.0,30466.3,2507,13,0
2026-06-01 10:45:00,2026-06-01 08:45:00,30466.3,30478.4,30456.8,30475.6,2305,13,0
2026-06-01 11:00:00,2026-06-01 09:00:00,30475.6,30480.3,30436.5,30439.9,2753,13,0
2026-06-01 11:15:00,2026-06-01 09:15:00,30439.8,30444.4,30419.0,30419.0,2389,13,0
2026-06-01 11:30:00,2026-06-01 09:30:00,30419.0,30443.8,30408.0,30442.5,2421,13,0
2026-06-01 11:45:00,2026-06-01 09:45:00,30442.8,30464.9,30424.3,30463.5,1934,13,0
2026-06-01 12:00:00,2026-06-01 10:00:00,30463.5,30476.3,30445.6,30448.3,2020,13,0
2026-06-01 12:15:00,2026-06-01 10:15:00,30448.3,30460.0,30434.9,30436.4,2032,13,0
2026-06-01 12:30:00,2026-06-01 10:30:00,30436.5,30443.4,30428.4,30437.1,2048,13,0
2026-06-01 12:45:00,2026-06-01 10:45:00,30436.9,30438.6,30418.4,30426.4,2057,13,0
2026-06-01 13:00:00,2026-06-01 11:00:00,30426.4,30449.1,30418.8,30448.3,1996,13,0
2026-06-01 13:15:00,2026-06-01 11:15:00,30448.1,30453.5,30431.1,30450.8,1864,13,0
2026-06-01 13:30:00,2026-06-01 11:30:00,30450.8,30468.4,30450.8,30465.4,1876,13,0
2026-06-01 13:45:00,2026-06-01 11:45:00,30465.3,30468.6,30455.4,30458.1,1697,13,0
2026-06-01 14:00:00,2026-06-01 12:00:00,30458.1,30460.9,30426.4,30434.3,2657,13,0
2026-06-01 14:15:00,2026-06-01 12:15:00,30434.9,30435.4,30417.6,30425.5,2344,13,0
2026-06-01 14:30:00,2026-06-01 12:30:00,30424.9,30465.6,30416.1,30448.6,2474,13,0
2026-06-01 14:45:00,2026-06-01 12:45:00,30448.6,30455.1,30425.4,30427.3,2277,13,0
2026-06-01 15:00:00,2026-06-01 13:00:00,30426.1,30428.4,30383.6,30386.0,2788,13,0
2026-06-01 15:15:00,2026-06-01 13:15:00,30386.0,30422.6,30380.1,30414.3,2685,13,0
2026-06-01 15:30:00,2026-06-01 13:30:00,30414.4,30453.0,30398.1,30449.6,2615,13,0
2026-06-01 15:45:00,2026-06-01 13:45:00,30449.4,30460.6,30410.4,30413.6,2578,13,0
2026-06-01 16:00:00,2026-06-01 14:00:00,30413.4,30420.1,30280.6,30311.5,3139,13,0
2026-06-01 16:15:00,2026-06-01 14:15:00,30311.8,30346.1,30256.5,30307.4,3869,13,0
2026-06-01 16:30:00,2026-06-01 14:30:00,30307.6,30425.4,30274.8,30376.4,4240,10,0
2026-06-01 16:45:00,2026-06-01 14:45:00,30377.3,30431.3,30272.3,30277.0,4155,10,0
2026-06-01 17:00:00,2026-06-01 15:00:00,30280.0,30346.7,30260.2,30318.7,4098,10,0
2026-06-01 17:15:00,2026-06-01 15:15:00,30318.4,30385.3,30304.3,30345.9,3954,10,0
2026-06-01 17:30:00,2026-06-01 15:30:00,30346.2,30396.2,30333.9,30384.0,3878,10,0
2026-06-01 17:45:00,2026-06-01 15:45:00,30384.3,30411.0,30371.3,30401.5,3768,10,0
2026-06-01 18:00:00,2026-06-01 16:00:00,30401.3,30421.0,30380.3,30409.7,3741,10,0
2026-06-01 18:15:00,2026-06-01 16:15:00,30409.8,30452.7,30409.8,30443.9,3733,10,0
2026-06-01 18:30:00,2026-06-01 16:30:00,30443.8,30518.0,30443.8,30502.3,3738,10,0
2026-06-01 18:45:00,2026-06-01 16:45:00,30502.3,30504.8,30461.2,30466.0,3489,10,0
2026-06-01 19:00:00,2026-06-01 17:00:00,30466.0,30499.5,30434.9,30447.0,3484,10,0
2026-06-01 19:15:00,2026-06-01 17:15:00,30447.0,30476.7,30416.0,30474.3,3475,10,0
2026-06-01 19:30:00,2026-06-01 17:30:00,30474.5,30504.4,30474.5,30487.2,3349,10,0
2026-06-01 19:45:00,2026-06-01 17:45:00,30487.9,30548.0,30472.2,30545.7,3479,10,0
2026-06-01 20:00:00,2026-06-01 18:00:00,30545.7,30548.2,30499.7,30514.4,3413,10,0
2026-06-01 20:15:00,2026-06-01 18:15:00,30514.4,30566.2,30502.7,30563.8,3252,10,0
2026-06-01 20:30:00,2026-06-01 18:30:00,30565.2,30649.9,30533.5,30615.5,3625,10,0
2026-06-01 20:45:00,2026-06-01 18:45:00,30615.5,30656.3,30615.5,30634.7,3468,10,0
2026-06-01 21:00:00,2026-06-01 19:00:00,30634.8,30639.0,30594.4,30599.2,3274,10,0
2026-06-01 21:15:00,2026-06-01 19:15:00,30599.4,30619.5,30591.7,30611.4,3078,10,0
2026-06-01 21:30:00,2026-06-01 19:30:00,30611.4,30618.7,30596.2,30606.9,2947,10,0
2026-06-01 21:45:00,2026-06-01 19:45:00,30606.9,30608.5,30579.0,30587.5,2834,10,0
2026-06-01 22:00:00,2026-06-01 20:00:00,30587.5,30611.7,30577.3,30594.8,3275,10,0
2026-06-01 22:15:00,2026-06-01 20:15:00,30594.8,30596.9,30581.9,30589.7,3205,10,0
2026-06-01 22:30:00,2026-06-01 20:30:00,30589.4,30589.4,30548.4,30553.9,3369,10,0
2026-06-01 22:45:00,2026-06-01 20:45:00,30552.7,30559.4,30520.4,30534.3,3408,10,0
2026-06-01 23:00:00,2026-06-01 21:00:00,30535.4,30538.2,30512.7,30520.7,2293,15,0
2026-06-01 23:15:00,2026-06-01 21:15:00,30520.7,30520.7,30503.9,30509.9,1740,15,0
2026-06-01 23:30:00,2026-06-01 21:30:00,30510.0,30536.4,30504.3,30518.8,2056,15,0
2026-06-01 23:45:00,2026-06-01 21:45:00,30518.5,30519.5,30471.8,30485.5,2519,15,0
2026-06-02 01:00:00,2026-06-01 23:00:00,30502.1,30502.1,30421.9,30442.8,2597,15,0
2026-06-02 01:15:00,2026-06-01 23:15:00,30442.9,30454.9,30417.9,30421.3,2000,15,0
2026-06-02 01:30:00,2026-06-01 23:30:00,30421.3,30429.8,30404.6,30411.3,1971,15,0
2026-06-02 01:45:00,2026-06-01 23:45:00,30411.4,30425.8,30398.3,30424.8,1805,15,0
2026-06-02 02:00:00,2026-06-02 00:00:00,30424.8,30431.8,30413.8,30420.7,1540,15,0
2026-06-02 02:15:00,2026-06-02 00:15:00,30420.9,30431.6,30417.2,30423.7,1270,15,0
2026-06-02 02:30:00,2026-06-02 00:30:00,30423.7,30445.8,30413.7,30425.8,1830,15,0
2026-06-02 02:45:00,2026-06-02 00:45:00,30425.8,30436.2,30410.4,30435.4,2083,15,0
2026-06-02 03:00:00,2026-06-02 01:00:00,30435.8,30435.8,30373.2,30380.4,3141,15,0
2026-06-02 03:15:00,2026-06-02 01:15:00,30380.3,30401.7,30344.3,30368.8,3045,15,0
2026-06-02 03:30:00,2026-06-02 01:30:00,30368.9,30388.8,30346.8,30362.8,2943,15,0
2026-06-02 03:45:00,2026-06-02 01:45:00,30362.8,30362.9,30330.2,30339.8,2907,15,0
2026-06-02 04:00:00,2026-06-02 02:00:00,30339.6,30367.2,30324.1,30362.7,3336,15,0
2026-06-02 04:15:00,2026-06-02 02:15:00,30362.9,30364.4,30317.8,30342.6,2810,15,0
2026-06-02 04:30:00,2026-06-02 02:30:00,30342.4,30355.3,30322.4,30335.8,2974,15,0
2026-06-02 04:45:00,2026-06-02 02:45:00,30336.1,30336.1,30299.9,30300.3,2947,15,0
2026-06-02 05:00:00,2026-06-02 03:00:00,30300.3,30314.1,30289.6,30304.6,2943,15,0
2026-06-02 05:15:00,2026-06-02 03:15:00,30304.6,30334.7,30298.2,30322.6,2774,15,0
2026-06-02 05:30:00,2026-06-02 03:30:00,30322.7,30351.1,30322.7,30341.2,2458,15,0
2026-06-02 05:45:00,2026-06-02 03:45:00,30341.2,30347.7,30329.1,30340.3,2157,15,0
2026-06-02 06:00:00,2026-06-02 04:00:00,30340.4,30349.7,30307.4,30313.2,2385,15,0
2026-06-02 06:15:00,2026-06-02 04:15:00,30312.4,30321.1,30284.4,30290.7,2744,15,0
2026-06-02 06:30:00,2026-06-02 04:30:00,30290.9,30314.1,30284.9,30310.4,2755,15,0
2026-06-02 06:45:00,2026-06-02 04:45:00,30310.4,30331.3,30309.6,30330.1,2267,15,0
2026-06-02 07:00:00,2026-06-02 05:00:00,30330.1,30357.2,30325.7,30343.3,2346,15,0
2026-06-02 07:15:00,2026-06-02 05:15:00,30341.9,30378.4,30337.4,30371.1,2016,15,0
2026-06-02 07:30:00,2026-06-02 05:30:00,30371.3,30380.7,30360.2,30377.8,2018,15,0
2026-06-02 07:45:00,2026-06-02 05:45:00,30377.8,30411.2,30375.6,30409.8,2040,15,0
2026-06-02 08:00:00,2026-06-02 06:00:00,30409.8,30435.1,30397.3,30434.4,2378,15,0
2026-06-02 08:15:00,2026-06-02 06:15:00,30434.2,30441.8,30422.8,30437.3,2181,15,0
2026-06-02 08:30:00,2026-06-02 06:30:00,30437.3,30459.6,30437.3,30448.7,2214,15,0
2026-06-02 08:45:00,2026-06-02 06:45:00,30448.7,30450.6,30425.2,30443.1,2277,15,0
2026-06-02 09:00:00,2026-06-02 07:00:00,30443.1,30459.2,30435.9,30448.9,2414,13,0
2026-06-02 09:15:00,2026-06-02 07:15:00,30449.2,30469.2,30447.8,30452.4,2191,13,0
2026-06-02 09:30:00,2026-06-02 07:30:00,30454.2,30474.9,30436.0,30463.7,2324,13,0
2026-06-02 09:45:00,2026-06-02 07:45:00,30463.3,30482.0,30461.0,30481.3,1997,13,0
2026-06-02 10:00:00,2026-06-02 08:00:00,30481.3,30509.2,30476.3,30502.7,2425,13,0
2026-06-02 10:15:00,2026-06-02 08:15:00,30502.7,30513.5,30492.7,30497.8,2054,13,0
2026-06-02 10:30:00,2026-06-02 08:30:00,30497.7,30505.4,30487.5,30496.2,2070,13,0
2026-06-02 10:45:00,2026-06-02 08:45:00,30496.2,30497.2,30478.3,30496.4,2232,13,0
2026-06-02 11:00:00,2026-06-02 09:00:00,30497.3,30535.2,30497.3,30522.7,2840,13,0
2026-06-02 11:15:00,2026-06-02 09:15:00,30522.7,30534.2,30502.2,30512.7,2686,13,0
2026-06-02 11:30:00,2026-06-02 09:30:00,30511.9,30532.5,30510.5,30514.7,2418,13,0
2026-06-02 11:45:00,2026-06-02 09:45:00,30514.7,30530.7,30507.4,30515.0,2079,13,0
2026-06-02 12:00:00,2026-06-02 10:00:00,30515.0,30516.2,30492.2,30506.2,2320,13,0
2026-06-02 12:15:00,2026-06-02 10:15:00,30506.2,30518.7,30493.4,30501.9,2100,13,0
2026-06-02 12:30:00,2026-06-02 10:30:00,30502.0,30548.3,30500.3,30543.2,2273,13,0
2026-06-02 12:45:00,2026-06-02 10:45:00,30543.2,30551.8,30531.4,30532.9,2252,13,0
2026-06-02 13:00:00,2026-06-02 11:00:00,30532.9,30537.8,30519.9,30526.8,2119,13,0
2026-06-02 13:15:00,2026-06-02 11:15:00,30526.7,30533.7,30514.7,30521.2,2009,13,0
2026-06-02 13:30:00,2026-06-02 11:30:00,30521.5,30523.8,30498.9,30502.3,2024,13,0
2026-06-02 13:45:00,2026-06-02 11:45:00,30502.3,30510.3,30494.8,30495.8,1961,13,0
2026-06-02 14:00:00,2026-06-02 12:00:00,30495.7,30511.7,30470.4,30510.2,2593,13,0
2026-06-02 14:15:00,2026-06-02 12:15:00,30510.2,30516.4,30492.7,30515.3,2342,13,0
2026-06-02 14:30:00,2026-06-02 12:30:00,30515.2,30540.2,30514.0,30517.9,2425,13,0
2026-06-02 14:45:00,2026-06-02 12:45:00,30517.9,30520.8,30496.8,30497.7,2249,13,0
2026-06-02 15:00:00,2026-06-02 13:00:00,30497.4,30511.7,30495.2,30498.2,2345,13,0
2026-06-02 15:15:00,2026-06-02 13:15:00,30497.3,30525.4,30489.9,30515.2,2358,13,0
2026-06-02 15:30:00,2026-06-02 13:30:00,30515.0,30526.3,30494.3,30521.3,2667,13,0
2026-06-02 15:45:00,2026-06-02 13:45:00,30521.3,30522.2,30492.9,30495.4,2240,13,0
2026-06-02 16:00:00,2026-06-02 14:00:00,30495.8,30502.7,30448.9,30458.5,3111,13,0
2026-06-02 16:15:00,2026-06-02 14:15:00,30458.4,30525.3,30455.5,30524.5,3163,13,0
2026-06-02 16:30:00,2026-06-02 14:30:00,30522.9,30532.3,30391.1,30467.9,4180,10,0
2026-06-02 16:45:00,2026-06-02 14:45:00,30469.6,30570.3,30464.3,30567.8,4052,10,0
2026-06-02 17:00:00,2026-06-02 15:00:00,30568.7,30613.7,30536.9,30600.4,3997,10,0
2026-06-02 17:15:00,2026-06-02 15:15:00,30600.6,30604.4,30504.7,30526.6,3947,10,0
2026-06-02 17:30:00,2026-06-02 15:30:00,30526.3,30591.3,30522.1,30590.4,3847,10,0
2026-06-02 17:45:00,2026-06-02 15:45:00,30590.3,30609.8,30568.6,30609.2,3713,10,0
2026-06-02 18:00:00,2026-06-02 16:00:00,30609.4,30632.4,30579.3,30632.4,3683,10,0
2026-06-02 18:15:00,2026-06-02 16:15:00,30632.4,30643.2,30619.8,30632.7,3384,10,0
2026-06-02 18:30:00,2026-06-02 16:30:00,30632.3,30652.4,30617.4,30634.1,3440,10,0
2026-06-02 18:45:00,2026-06-02 16:45:00,30634.4,30663.9,30624.8,30656.7,3319,10,0
2026-06-02 19:00:00,2026-06-02 17:00:00,30656.7,30678.1,30635.1,30666.7,3369,10,0
2026-06-02 19:15:00,2026-06-02 17:15:00,30666.8,30666.9,30618.4,30625.2,3458,10,0
2026-06-02 19:30:00,2026-06-02 17:30:00,30625.3,30641.6,30607.8,30614.3,3416,10,0
2026-06-02 19:45:00,2026-06-02 17:45:00,30614.4,30660.4,30608.8,30658.2,3074,10,0
2026-06-02 20:00:00,2026-06-02 18:00:00,30657.9,30669.2,30644.7,30662.2,3080,10,0
2026-06-02 20:15:00,2026-06-02 18:15:00,30662.2,30663.1,30599.3,30609.9,3413,10,0
2026-06-02 20:30:00,2026-06-02 18:30:00,30610.1,30615.9,30575.8,30601.9,3328,10,0
2026-06-02 20:45:00,2026-06-02 18:45:00,30602.2,30616.4,30591.8,30594.6,3029,10,0
2026-06-02 21:00:00,2026-06-02 19:00:00,30595.4,30630.6,30581.7,30614.8,3071,10,0
2026-06-02 21:15:00,2026-06-02 19:15:00,30614.7,30614.9,30596.8,30604.1,3122,10,0
2026-06-02 21:30:00,2026-06-02 19:30:00,30604.4,30620.9,30565.7,30585.9,3056,10,0
2026-06-02 21:45:00,2026-06-02 19:45:00,30585.4,30607.7,30581.1,30604.9,2879,10,0
2026-06-02 22:00:00,2026-06-02 20:00:00,30605.6,30648.7,30604.4,30639.4,2862,10,0
2026-06-02 22:15:00,2026-06-02 20:15:00,30639.4,30652.9,30629.2,30630.6,2799,10,0
2026-06-02 22:30:00,2026-06-02 20:30:00,30630.7,30652.4,30629.9,30647.9,2914,10,0
2026-06-02 22:45:00,2026-06-02 20:45:00,30648.2,30686.3,30645.1,30672.3,3213,10,0
2026-06-02 23:00:00,2026-06-02 21:00:00,30673.2,30729.3,30664.7,30703.3,2770,15,0
2026-06-02 23:15:00,2026-06-02 21:15:00,30704.6,30728.7,30703.4,30703.9,1898,15,0
2026-06-02 23:30:00,2026-06-02 21:30:00,30703.8,30712.1,30703.7,30708.7,1405,15,0
2026-06-02 23:45:00,2026-06-02 21:45:00,30708.7,30714.8,30702.6,30713.7,1268,15,0
2026-06-03 01:00:00,2026-06-02 23:00:00,30704.1,30718.5,30687.2,30699.6,2317,15,0
2026-06-03 01:15:00,2026-06-02 23:15:00,30699.6,30711.6,30692.1,30709.3,1667,15,0
2026-06-03 01:30:00,2026-06-02 23:30:00,30709.3,30726.1,30706.1,30706.6,1409,15,0
2026-06-03 01:45:00,2026-06-02 23:45:00,30706.7,30710.1,30667.7,30673.3,2119,15,0
2026-06-03 02:00:00,2026-06-03 00:00:00,30673.6,30678.5,30637.3,30645.0,2395,15,0
2026-06-03 02:15:00,2026-06-03 00:15:00,30645.1,30647.3,30538.2,30579.6,2999,15,0
2026-06-03 02:30:00,2026-06-03 00:30:00,30580.0,30658.2,30565.0,30651.3,3008,15,0
2026-06-03 02:45:00,2026-06-03 00:45:00,30651.0,30682.8,30640.7,30676.6,2953,15,0
2026-06-03 03:00:00,2026-06-03 01:00:00,30676.8,30687.1,30647.5,30647.6,3021,15,0
2026-06-03 03:15:00,2026-06-03 01:15:00,30647.6,30670.8,30640.6,30661.3,2737,15,0
2026-06-03 03:30:00,2026-06-03 01:30:00,30661.2,30683.6,30656.7,30683.6,2273,15,0
2026-06-03 03:45:00,2026-06-03 01:45:00,30683.6,30694.3,30678.8,30689.3,2161,15,0
2026-06-03 04:00:00,2026-06-03 02:00:00,30689.3,30692.7,30644.7,30645.0,2924,15,0
2026-06-03 04:15:00,2026-06-03 02:15:00,30645.0,30657.7,30641.5,30654.3,2427,15,0
2026-06-03 04:30:00,2026-06-03 02:30:00,30654.3,30669.1,30627.2,30636.0,2760,15,0
2026-06-03 04:45:00,2026-06-03 02:45:00,30636.0,30654.1,30622.5,30651.8,2554,15,0
2026-06-03 05:00:00,2026-06-03 03:00:00,30652.0,30660.5,30641.3,30659.2,2291,15,0
2026-06-03 05:15:00,2026-06-03 03:15:00,30659.3,30663.0,30634.7,30648.3,2100,15,0
2026-06-03 05:30:00,2026-06-03 03:30:00,30648.3,30657.7,30640.5,30649.6,1861,15,0
2026-06-03 05:45:00,2026-06-03 03:45:00,30649.6,30650.2,30637.8,30648.7,1806,15,0
2026-06-03 06:00:00,2026-06-03 04:00:00,30648.7,30657.0,30641.8,30656.8,1690,15,0
2026-06-03 06:15:00,2026-06-03 04:15:00,30656.8,30674.0,30650.8,30653.8,1584,15,0
2026-06-03 06:30:00,2026-06-03 04:30:00,30653.8,30670.5,30653.8,30667.1,1739,15,0
2026-06-03 06:45:00,2026-06-03 04:45:00,30667.1,30678.5,30660.5,30675.7,1620,15,0
2026-06-03 07:00:00,2026-06-03 05:00:00,30675.7,30696.2,30675.0,30693.5,1381,15,0
2026-06-03 07:15:00,2026-06-03 05:15:00,30693.5,30696.7,30682.2,30691.0,1213,15,0
2026-06-03 07:30:00,2026-06-03 05:30:00,30691.0,30699.7,30685.0,30692.0,1260,15,0
2026-06-03 07:45:00,2026-06-03 05:45:00,30692.0,30693.3,30670.5,30672.0,1418,15,0
2026-06-03 08:00:00,2026-06-03 06:00:00,30672.0,30687.3,30649.3,30683.0,2056,15,0
2026-06-03 08:15:00,2026-06-03 06:15:00,30682.8,30692.5,30673.7,30676.3,1648,15,0
2026-06-03 08:30:00,2026-06-03 06:30:00,30676.3,30679.5,30653.7,30664.7,2019,15,0
2026-06-03 08:45:00,2026-06-03 06:45:00,30664.6,30668.1,30651.7,30658.5,2042,15,0
2026-06-03 09:00:00,2026-06-03 07:00:00,30658.6,30682.1,30642.1,30652.1,2564,13,0
2026-06-03 09:15:00,2026-06-03 07:15:00,30652.1,30665.1,30643.7,30660.7,2355,13,0
2026-06-03 09:30:00,2026-06-03 07:30:00,30660.3,30687.1,30651.3,30675.4,2438,13,0
2026-06-03 09:45:00,2026-06-03 07:45:00,30675.2,30676.6,30658.2,30667.7,1993,13,0
2026-06-03 10:00:00,2026-06-03 08:00:00,30668.2,30708.7,30657.2,30698.8,2614,13,0
2026-06-03 10:15:00,2026-06-03 08:15:00,30698.7,30707.3,30674.2,30676.3,2263,13,0
2026-06-03 10:30:00,2026-06-03 08:30:00,30676.4,30688.6,30656.6,30672.9,2726,13,0
2026-06-03 10:45:00,2026-06-03 08:45:00,30672.8,30691.8,30667.7,30691.6,2065,13,0
2026-06-03 11:00:00,2026-06-03 09:00:00,30691.6,30720.6,30671.7,30704.1,2786,13,0
2026-06-03 11:15:00,2026-06-03 09:15:00,30704.2,30711.2,30671.7,30707.1,2669,13,0
2026-06-03 11:30:00,2026-06-03 09:30:00,30707.6,30710.4,30678.7,30686.3,2352,13,0
2026-06-03 11:45:00,2026-06-03 09:45:00,30686.3,30695.7,30676.8,30686.9,2095,13,0
2026-06-03 12:00:00,2026-06-03 10:00:00,30686.8,30720.3,30681.2,30711.4,2249,13,0
2026-06-03 12:15:00,2026-06-03 10:15:00,30711.4,30739.1,30705.3,30736.1,2452,13,0
2026-06-03 12:30:00,2026-06-03 10:30:00,30735.9,30738.8,30718.2,30732.3,2281,13,0
2026-06-03 12:45:00,2026-06-03 10:45:00,30732.3,30733.3,30700.9,30703.6,2483,13,0
2026-06-03 13:00:00,2026-06-03 11:00:00,30703.6,30752.1,30685.3,30728.6,3061,13,0
2026-06-03 13:15:00,2026-06-03 11:15:00,30728.7,30733.6,30708.4,30731.6,2316,13,0
2026-06-03 13:30:00,2026-06-03 11:30:00,30733.7,30752.8,30713.1,30713.4,2056,13,0
2026-06-03 13:45:00,2026-06-03 11:45:00,30713.8,30733.9,30713.7,30723.7,2009,13,0
2026-06-03 14:00:00,2026-06-03 12:00:00,30723.7,30751.1,30723.7,30744.1,2274,13,0
2026-06-03 14:15:00,2026-06-03 12:15:00,30743.9,30755.1,30735.1,30745.8,2105,13,0
2026-06-03 14:30:00,2026-06-03 12:30:00,30745.8,30762.8,30739.7,30742.9,2153,13,0
2026-06-03 14:45:00,2026-06-03 12:45:00,30742.9,30758.9,30736.6,30749.7,2254,13,0
2026-06-03 15:00:00,2026-06-03 13:00:00,30749.4,30766.2,30742.3,30761.1,2243,13,0
2026-06-03 15:15:00,2026-06-03 13:15:00,30761.1,30761.1,30723.8,30723.8,2611,13,0
2026-06-03 15:30:00,2026-06-03 13:30:00,30723.8,30724.8,30673.6,30695.8,2965,13,0
2026-06-03 15:45:00,2026-06-03 13:45:00,30695.7,30703.9,30670.1,30687.1,2632,13,0
2026-06-03 16:00:00,2026-06-03 14:00:00,30686.8,30711.6,30683.4,30699.8,2777,13,0
2026-06-03 16:15:00,2026-06-03 14:15:00,30699.8,30730.1,30698.3,30722.1,2864,13,0
2026-06-03 16:30:00,2026-06-03 14:30:00,30723.1,30776.2,30593.6,30595.3,4151,10,0
2026-06-03 16:45:00,2026-06-03 14:45:00,30595.5,30616.2,30466.7,30532.3,4207,10,0
2026-06-03 17:00:00,2026-06-03 15:00:00,30531.5,30656.8,30521.6,30656.7,4026,10,0
2026-06-03 17:15:00,2026-06-03 15:15:00,30657.1,30693.7,30633.8,30693.2,3977,10,0
2026-06-03 17:30:00,2026-06-03 15:30:00,30692.8,30708.2,30637.1,30670.2,3916,10,0
2026-06-03 17:45:00,2026-06-03 15:45:00,30670.7,30691.7,30615.3,30636.5,3802,10,0
2026-06-03 18:00:00,2026-06-03 16:00:00,30636.5,30684.8,30634.2,30662.2,3822,10,0
2026-06-03 18:15:00,2026-06-03 16:15:00,30662.2,30667.5,30585.2,30638.7,3780,10,0
2026-06-03 18:30:00,2026-06-03 16:30:00,30637.7,30661.2,30569.7,30572.7,3783,10,0
2026-06-03 18:45:00,2026-06-03 16:45:00,30572.1,30601.1,30538.5,30574.8,3821,10,0
2026-06-03 19:00:00,2026-06-03 17:00:00,30575.0,30592.3,30549.1,30582.0,3743,10,0
2026-06-03 19:15:00,2026-06-03 17:15:00,30581.7,30581.7,30501.0,30523.1,3742,10,0
2026-06-03 19:30:00,2026-06-03 17:30:00,30522.5,30548.1,30476.2,30499.8,3791,10,0
2026-06-03 19:45:00,2026-06-03 17:45:00,30500.2,30576.6,30499.7,30576.2,3645,10,0
2026-06-03 20:00:00,2026-06-03 18:00:00,30576.3,30578.3,30504.1,30513.5,3699,10,0
2026-06-03 20:15:00,2026-06-03 18:15:00,30513.6,30544.5,30489.1,30542.8,3622,10,0
2026-06-03 20:30:00,2026-06-03 18:30:00,30542.5,30584.3,30514.1,30583.1,3553,10,0
2026-06-03 20:45:00,2026-06-03 18:45:00,30583.0,30616.6,30574.2,30612.1,3362,10,0
2026-06-03 21:00:00,2026-06-03 19:00:00,30612.5,30622.6,30583.2,30594.3,3558,10,0
2026-06-03 21:15:00,2026-06-03 19:15:00,30594.8,30649.0,30578.6,30646.6,3452,10,0
2026-06-03 21:30:00,2026-06-03 19:30:00,30646.5,30651.6,30605.5,30620.7,3398,10,0
2026-06-03 21:45:00,2026-06-03 19:45:00,30621.1,30637.3,30606.7,30621.2,3373,10,0
2026-06-03 22:00:00,2026-06-03 20:00:00,30621.3,30628.7,30585.3,30606.2,3543,10,0
2026-06-03 22:15:00,2026-06-03 20:15:00,30605.8,30629.1,30580.7,30605.2,3547,10,0
2026-06-03 22:30:00,2026-06-03 20:30:00,30605.5,30660.8,30597.1,30653.3,3542,10,0
2026-06-03 22:45:00,2026-06-03 20:45:00,30653.6,30663.6,30595.0,30603.0,3701,10,0
2026-06-03 23:00:00,2026-06-03 21:00:00,30603.2,30607.7,30567.5,30575.7,3105,15,0
2026-06-03 23:15:00,2026-06-03 21:15:00,30576.8,30581.8,30514.5,30534.1,3570,15,0
2026-06-03 23:30:00,2026-06-03 21:30:00,30533.5,30535.2,30467.8,30470.7,3193,15,0
2026-06-03 23:45:00,2026-06-03 21:45:00,30470.7,30493.6,30447.6,30465.6,2802,15,0
2026-06-04 01:00:00,2026-06-03 23:00:00,30401.0,30464.6,30401.0,30423.1,2905,15,0
2026-06-04 01:15:00,2026-06-03 23:15:00,30423.1,30427.3,30372.3,30404.5,2834,15,0
2026-06-04 01:30:00,2026-06-03 23:30:00,30404.5,30434.6,30392.3,30404.9,2523,15,0
2026-06-04 01:45:00,2026-06-03 23:45:00,30404.9,30436.5,30342.0,30423.0,2883,15,0
2026-06-04 02:00:00,2026-06-04 00:00:00,30423.4,30429.4,30374.0,30392.9,2636,15,0
2026-06-04 02:15:00,2026-06-04 00:15:00,30392.8,30397.5,30357.3,30372.0,2371,15,0
2026-06-04 02:30:00,2026-06-04 00:30:00,30372.0,30389.0,30345.6,30353.9,2406,15,0
2026-06-04 02:45:00,2026-06-04 00:45:00,30353.5,30387.9,30337.5,30360.5,2878,15,0
2026-06-04 03:00:00,2026-06-04 01:00:00,30360.4,30419.4,30345.6,30401.1,3535,15,0
2026-06-04 03:15:00,2026-06-04 01:15:00,30400.8,30428.9,30378.4,30422.1,3300,15,0
2026-06-04 03:30:00,2026-06-04 01:30:00,30422.3,30467.4,30420.6,30462.9,3263,15,0
2026-06-04 03:45:00,2026-06-04 01:45:00,30462.9,30468.0,30439.8,30465.6,3043,15,0
2026-06-04 04:00:00,2026-06-04 02:00:00,30465.3,30496.9,30462.1,30482.9,3218,15,0
2026-06-04 04:15:00,2026-06-04 02:15:00,30482.8,30483.0,30439.4,30457.4,3156,15,0
2026-06-04 04:30:00,2026-06-04 02:30:00,30457.5,30491.0,30441.5,30449.4,3234,15,0
2026-06-04 04:45:00,2026-06-04 02:45:00,30449.8,30454.4,30404.9,30419.8,3309,15,0
2026-06-04 05:00:00,2026-06-04 03:00:00,30419.8,30422.6,30358.6,30359.9,3358,15,0
2026-06-04 05:15:00,2026-06-04 03:15:00,30360.0,30390.4,30319.9,30381.0,3286,15,0
2026-06-04 05:30:00,2026-06-04 03:30:00,30380.9,30384.4,30355.0,30376.9,3056,15,0
2026-06-04 05:45:00,2026-06-04 03:45:00,30376.9,30406.8,30376.1,30379.1,2801,15,0
2026-06-04 06:00:00,2026-06-04 04:00:00,30379.4,30419.1,30376.1,30405.4,2761,15,0
2026-06-04 06:15:00,2026-06-04 04:15:00,30405.1,30436.4,30404.9,30436.0,2285,15,0
2026-06-04 06:30:00,2026-06-04 04:30:00,30435.9,30453.3,30417.6,30421.5,2831,15,0
2026-06-04 06:45:00,2026-06-04 04:45:00,30421.3,30450.9,30413.1,30446.3,2650,15,0
2026-06-04 07:00:00,2026-06-04 05:00:00,30446.5,30463.1,30433.9,30463.0,2405,15,0
2026-06-04 07:15:00,2026-06-04 05:15:00,30463.0,30469.0,30451.6,30455.6,2258,15,0
2026-06-04 07:30:00,2026-06-04 05:30:00,30455.5,30473.4,30449.8,30471.0,2642,15,0
2026-06-04 07:45:00,2026-06-04 05:45:00,30471.0,30473.6,30456.6,30463.9,2177,15,0
2026-06-04 08:00:00,2026-06-04 06:00:00,30464.0,30466.3,30416.9,30441.1,2806,15,0
2026-06-04 08:15:00,2026-06-04 06:15:00,30441.0,30449.5,30418.5,30428.4,2747,15,0
2026-06-04 08:30:00,2026-06-04 06:30:00,30428.4,30459.4,30420.4,30458.1,2855,15,0
2026-06-04 08:45:00,2026-06-04 06:45:00,30458.1,30458.9,30424.0,30449.9,2733,15,0
2026-06-04 09:00:00,2026-06-04 07:00:00,30450.0,30467.1,30444.0,30451.6,2716,13,0
2026-06-04 09:15:00,2026-06-04 07:15:00,30451.4,30455.7,30431.7,30453.6,2630,13,0
2026-06-04 09:30:00,2026-06-04 07:30:00,30454.0,30486.6,30437.2,30485.5,2663,13,0
2026-06-04 09:45:00,2026-06-04 07:45:00,30485.5,30500.0,30469.1,30495.9,2109,13,0
2026-06-04 10:00:00,2026-06-04 08:00:00,30495.7,30510.5,30479.7,30498.7,2669,13,0
2026-06-04 10:15:00,2026-06-04 08:15:00,30498.7,30500.7,30457.4,30485.2,2592,13,0
2026-06-04 10:30:00,2026-06-04 08:30:00,30485.1,30499.0,30469.7,30472.5,2396,13,0
2026-06-04 10:45:00,2026-06-04 08:45:00,30471.7,30481.2,30456.9,30466.2,2164,13,0
2026-06-04 11:00:00,2026-06-04 09:00:00,30466.1,30467.7,30373.0,30373.6,3248,13,0
2026-06-04 11:15:00,2026-06-04 09:15:00,30373.7,30390.2,30308.1,30336.6,3390,13,0
2026-06-04 11:30:00,2026-06-04 09:30:00,30336.6,30367.9,30330.7,30333.4,3055,13,0
2026-06-04 11:45:00,2026-06-04 09:45:00,30333.9,30343.5,30293.2,30310.7,2949,13,0
2026-06-04 12:00:00,2026-06-04 10:00:00,30310.9,30312.2,30224.4,30226.4,3379,13,0
2026-06-04 12:15:00,2026-06-04 10:15:00,30227.4,30278.6,30215.1,30270.5,3215,13,0
2026-06-04 12:30:00,2026-06-04 10:30:00,30270.4,30297.6,30258.5,30264.6,2886,13,0
2026-06-04 12:45:00,2026-06-04 10:45:00,30264.9,30315.2,30261.1,30303.0,2853,13,0
2026-06-04 13:00:00,2026-06-04 11:00:00,30303.0,30304.0,30265.2,30274.2,2719,13,0
2026-06-04 13:15:00,2026-06-04 11:15:00,30274.1,30276.2,30235.9,30238.5,2737,13,0
2026-06-04 13:30:00,2026-06-04 11:30:00,30238.2,30257.9,30214.5,30221.0,2816,13,0
2026-06-04 13:45:00,2026-06-04 11:45:00,30221.1,30240.4,30171.1,30211.5,3061,13,0
2026-06-04 14:00:00,2026-06-04 12:00:00,30211.4,30230.9,30199.7,30212.9,3263,13,0
2026-06-04 14:15:00,2026-06-04 12:15:00,30212.1,30245.7,30194.1,30237.5,3208,13,0
2026-06-04 14:30:00,2026-06-04 12:30:00,30237.4,30254.4,30131.2,30162.7,3563,13,0
2026-06-04 14:45:00,2026-06-04 12:45:00,30162.9,30248.6,30158.1,30246.4,3401,13,0
2026-06-04 15:00:00,2026-06-04 13:00:00,30245.4,30252.4,30191.4,30204.0,3474,13,0
2026-06-04 15:15:00,2026-06-04 13:15:00,30204.1,30219.7,30190.5,30214.2,3215,13,0
2026-06-04 15:30:00,2026-06-04 13:30:00,30213.2,30278.6,30212.6,30276.2,3341,13,0
2026-06-04 15:45:00,2026-06-04 13:45:00,30276.1,30296.2,30255.9,30276.9,3230,13,0
2026-06-04 16:00:00,2026-06-04 14:00:00,30276.5,30283.4,30255.0,30268.1,3297,13,0
2026-06-04 16:15:00,2026-06-04 14:15:00,30268.1,30296.9,30232.5,30235.4,3459,13,0
2026-06-04 16:30:00,2026-06-04 14:30:00,30235.5,30330.5,30177.4,30191.8,4267,10,0
2026-06-04 16:45:00,2026-06-04 14:45:00,30193.0,30282.8,30156.5,30215.9,4266,10,0
2026-06-04 17:00:00,2026-06-04 15:00:00,30215.0,30248.8,30119.6,30247.0,4197,10,0
2026-06-04 17:15:00,2026-06-04 15:15:00,30246.3,30314.6,30219.3,30307.0,4085,10,0
2026-06-04 17:30:00,2026-06-04 15:30:00,30307.5,30314.1,30261.3,30267.5,3970,10,0
2026-06-04 17:45:00,2026-06-04 15:45:00,30267.3,30324.0,30259.0,30322.8,3906,10,0
2026-06-04 18:00:00,2026-06-04 16:00:00,30324.5,30419.3,30322.0,30416.3,3879,10,0
2026-06-04 18:15:00,2026-06-04 16:15:00,30417.0,30435.8,30398.4,30408.3,3866,10,0
2026-06-04 18:30:00,2026-06-04 16:30:00,30408.9,30414.8,30378.3,30385.9,3811,10,0
2026-06-04 18:45:00,2026-06-04 16:45:00,30386.0,30389.6,30329.6,30379.4,3910,10,0
2026-06-04 19:00:00,2026-06-04 17:00:00,30379.5,30418.4,30360.8,30407.3,3671,10,0
2026-06-04 19:15:00,2026-06-04 17:15:00,30407.1,30452.4,30406.5,30445.6,3507,10,0
2026-06-04 19:30:00,2026-06-04 17:30:00,30446.5,30456.1,30403.1,30449.1,3562,10,0
2026-06-04 19:45:00,2026-06-04 17:45:00,30449.4,30459.6,30432.4,30445.6,3378,10,0
2026-06-04 20:00:00,2026-06-04 18:00:00,30445.8,30468.9,30431.1,30460.4,3235,10,0
2026-06-04 20:15:00,2026-06-04 18:15:00,30460.5,30483.9,30441.3,30480.9,3178,10,0
2026-06-04 20:30:00,2026-06-04 18:30:00,30480.6,30506.6,30477.9,30506.6,3257,10,0
2026-06-04 20:45:00,2026-06-04 18:45:00,30506.6,30529.8,30492.3,30525.9,3021,10,0
2026-06-04 21:00:00,2026-06-04 19:00:00,30525.9,30564.6,30522.1,30558.6,3181,10,0
2026-06-04 21:15:00,2026-06-04 19:15:00,30558.4,30561.9,30541.0,30552.6,3021,10,0
2026-06-04 21:30:00,2026-06-04 19:30:00,30552.9,30557.4,30525.0,30539.4,3130,10,0
2026-06-04 21:45:00,2026-06-04 19:45:00,30539.4,30558.6,30517.1,30524.1,2927,10,0
2026-06-04 22:00:00,2026-06-04 20:00:00,30524.3,30555.3,30512.9,30521.6,3240,10,0
2026-06-04 22:15:00,2026-06-04 20:15:00,30521.9,30562.4,30497.9,30561.5,3275,10,0
2026-06-04 22:30:00,2026-06-04 20:30:00,30561.3,30569.6,30513.3,30515.1,3340,10,0
2026-06-04 22:45:00,2026-06-04 20:45:00,30515.1,30517.9,30447.8,30450.6,3688,10,0
2026-06-04 23:00:00,2026-06-04 21:00:00,30450.6,30460.9,30406.5,30418.1,3357,15,0
2026-06-04 23:15:00,2026-06-04 21:15:00,30418.4,30429.1,30368.6,30379.6,2873,15,0
2026-06-04 23:30:00,2026-06-04 21:30:00,30379.6,30389.8,30369.5,30376.0,2237,15,0
2026-06-04 23:45:00,2026-06-04 21:45:00,30377.8,30384.9,30364.8,30382.8,1879,15,0
2026-06-05 01:00:00,2026-06-04 23:00:00,30367.7,30387.2,30333.1,30335.9,2139,15,0
2026-06-05 01:15:00,2026-06-04 23:15:00,30335.9,30348.3,30281.9,30306.1,2374,15,0
2026-06-05 01:30:00,2026-06-04 23:30:00,30308.3,30323.2,30296.2,30302.4,1892,15,0
2026-06-05 01:45:00,2026-06-04 23:45:00,30302.4,30334.1,30301.2,30331.8,1651,15,0
2026-06-05 02:00:00,2026-06-05 00:00:00,30331.8,30336.3,30290.3,30293.9,1934,15,0
2026-06-05 02:15:00,2026-06-05 00:15:00,30294.2,30295.8,30255.1,30275.8,2266,15,0
2026-06-05 02:30:00,2026-06-05 00:30:00,30275.8,30277.4,30243.9,30247.7,2125,15,0
2026-06-05 02:45:00,2026-06-05 00:45:00,30247.7,30250.1,30220.6,30229.1,2621,15,0
2026-06-05 03:00:00,2026-06-05 01:00:00,30229.4,30229.4,30164.9,30166.2,3403,15,0
2026-06-05 03:15:00,2026-06-05 01:15:00,30164.4,30186.4,30136.2,30159.3,3407,15,0
2026-06-05 03:30:00,2026-06-05 01:30:00,30160.1,30178.3,30127.2,30132.7,3258,15,0
2026-06-05 03:45:00,2026-06-05 01:45:00,30132.7,30149.7,30097.2,30109.1,3373,15,0
2026-06-05 04:00:00,2026-06-05 02:00:00,30108.3,30118.8,30077.9,30090.2,3482,15,0
2026-06-05 04:15:00,2026-06-05 02:15:00,30090.1,30095.6,30018.2,30050.1,3511,15,0
2026-06-05 04:30:00,2026-06-05 02:30:00,30050.2,30117.3,30050.2,30112.2,3456,15,0
2026-06-05 04:45:00,2026-06-05 02:45:00,30112.2,30162.2,30096.7,30161.6,3302,15,0
2026-06-05 05:00:00,2026-06-05 03:00:00,30161.3,30183.9,30136.7,30176.8,3181,15,0
2026-06-05 05:15:00,2026-06-05 03:15:00,30176.9,30204.9,30168.6,30199.6,2693,15,0
2026-06-05 05:30:00,2026-06-05 03:30:00,30199.6,30213.9,30180.8,30186.7,3017,15,0
2026-06-05 05:45:00,2026-06-05 03:45:00,30186.7,30201.4,30173.7,30179.4,2807,15,0
2026-06-05 06:00:00,2026-06-05 04:00:00,30179.4,30188.9,30151.9,30176.4,2813,15,0
2026-06-05 06:15:00,2026-06-05 04:15:00,30176.2,30193.8,30152.7,30154.4,2789,15,0
2026-06-05 06:30:00,2026-06-05 04:30:00,30154.1,30171.6,30143.2,30148.2,2955,15,0
2026-06-05 06:45:00,2026-06-05 04:45:00,30148.2,30151.7,30111.6,30128.2,2728,15,0
2026-06-05 07:00:00,2026-06-05 05:00:00,30128.4,30154.6,30122.7,30150.6,2814,15,0
2026-06-05 07:15:00,2026-06-05 05:15:00,30150.6,30169.3,30140.6,30142.6,2772,15,0
2026-06-05 07:30:00,2026-06-05 05:30:00,30142.6,30176.8,30134.2,30167.3,2898,15,0
2026-06-05 07:45:00,2026-06-05 05:45:00,30167.2,30208.3,30161.7,30194.7,2715,15,0
2026-06-05 08:00:00,2026-06-05 06:00:00,30195.1,30198.6,30160.7,30163.7,2894,15,0
2026-06-05 08:15:00,2026-06-05 06:15:00,30163.1,30193.4,30156.4,30165.9,2734,15,0
2026-06-05 08:30:00,2026-06-05 06:30:00,30165.8,30189.3,30160.1,30160.6,2947,15,0
2026-06-05 08:45:00,2026-06-05 06:45:00,30160.6,30161.8,30128.1,30135.2,2721,15,0
2026-06-05 09:00:00,2026-06-05 07:00:00,30135.2,30179.4,30132.9,30136.7,2980,13,0
2026-06-05 09:15:00,2026-06-05 07:15:00,30136.8,30140.8,30097.0,30107.9,3060,13,0
2026-06-05 09:30:00,2026-06-05 07:30:00,30108.4,30122.2,30081.0,30084.0,2914,13,0
2026-06-05 09:45:00,2026-06-05 07:45:00,30084.4,30110.2,30078.9,30088.9,2690,13,0
2026-06-05 10:00:00,2026-06-05 08:00:00,30088.7,30092.8,30041.0,30046.0,3151,13,0
2026-06-05 10:15:00,2026-06-05 08:15:00,30046.5,30076.7,30027.8,30071.9,3073,13,0
2026-06-05 10:30:00,2026-06-05 08:30:00,30072.3,30123.8,30068.3,30091.7,3049,13,0
2026-06-05 10:45:00,2026-06-05 08:45:00,30092.2,30121.3,30090.0,30116.4,2652,13,0
2026-06-05 11:00:00,2026-06-05 09:00:00,30116.4,30128.8,30085.8,30108.8,3064,13,0
2026-06-05 11:15:00,2026-06-05 09:15:00,30107.0,30180.8,30092.8,30180.8,3035,13,0
2026-06-05 11:30:00,2026-06-05 09:30:00,30182.9,30188.0,30133.3,30134.8,2860,13,0
2026-06-05 11:45:00,2026-06-05 09:45:00,30134.0,30148.7,30114.5,30124.5,2450,13,0
2026-06-05 12:00:00,2026-06-05 10:00:00,30124.5,30223.4,30117.7,30182.9,2759,13,0
2026-06-05 12:15:00,2026-06-05 10:15:00,30186.4,30201.5,30142.7,30147.7,2982,13,0
2026-06-05 12:30:00,2026-06-05 10:30:00,30148.0,30160.4,30139.0,30146.9,2316,13,0
2026-06-05 12:45:00,2026-06-05 10:45:00,30146.9,30178.3,30146.9,30163.3,2310,13,0
2026-06-05 13:00:00,2026-06-05 11:00:00,30163.5,30175.3,30158.3,30173.3,2143,13,0
2026-06-05 13:15:00,2026-06-05 11:15:00,30172.5,30201.0,30165.9,30197.2,1896,13,0
2026-06-05 13:30:00,2026-06-05 11:30:00,30197.2,30201.8,30178.4,30192.0,2107,13,0
2026-06-05 13:45:00,2026-06-05 11:45:00,30192.0,30192.8,30157.8,30162.0,1978,13,0
2026-06-05 14:00:00,2026-06-05 12:00:00,30161.0,30162.8,30138.3,30149.7,2443,13,0
2026-06-05 14:15:00,2026-06-05 12:15:00,30149.5,30151.7,30103.2,30150.4,2478,13,0
2026-06-05 14:30:00,2026-06-05 12:30:00,30150.4,30159.9,30133.7,30143.2,2387,13,0
2026-06-05 14:45:00,2026-06-05 12:45:00,30143.2,30146.2,30110.4,30113.3,2354,13,0
2026-06-05 15:00:00,2026-06-05 13:00:00,30113.3,30114.7,30073.2,30078.0,2840,13,0
2026-06-05 15:15:00,2026-06-05 13:15:00,30077.9,30122.3,30069.5,30081.2,2839,13,0
2026-06-05 15:30:00,2026-06-05 13:30:00,30079.5,30115.8,30009.0,30086.9,3824,13,0
2026-06-05 15:45:00,2026-06-05 13:45:00,30087.2,30099.4,30020.0,30021.0,3540,13,0
2026-06-05 16:00:00,2026-06-05 14:00:00,30020.2,30036.4,29999.3,30004.3,3560,13,0
2026-06-05 16:15:00,2026-06-05 14:15:00,30005.0,30016.8,29979.4,30002.7,3529,13,0
2026-06-05 16:30:00,2026-06-05 14:30:00,30001.5,30064.5,29895.7,29897.9,4246,10,0
2026-06-05 16:45:00,2026-06-05 14:45:00,29897.9,29919.3,29737.2,29739.2,4209,10,0
2026-06-05 17:00:00,2026-06-05 15:00:00,29740.7,29836.2,29724.9,29835.7,4244,10,0
2026-06-05 17:15:00,2026-06-05 15:15:00,29836.6,29907.8,29767.4,29790.2,4174,10,0
2026-06-05 17:30:00,2026-06-05 15:30:00,29790.7,29893.9,29781.8,29808.7,4134,10,0
2026-06-05 17:45:00,2026-06-05 15:45:00,29808.4,29837.7,29771.7,29819.1,4095,10,0
2026-06-05 18:00:00,2026-06-05 16:00:00,29818.7,29834.9,29693.4,29693.9,4015,10,0
2026-06-05 18:15:00,2026-06-05 16:15:00,29693.9,29730.1,29661.6,29682.7,3959,10,0
2026-06-05 18:30:00,2026-06-05 16:30:00,29682.9,29704.7,29582.2,29611.4,3948,10,0
2026-06-05 18:45:00,2026-06-05 16:45:00,29611.2,29647.8,29595.4,29625.4,3921,10,0
2026-06-05 19:00:00,2026-06-05 17:00:00,29624.9,29625.7,29531.4,29560.4,3960,10,0
2026-06-05 19:15:00,2026-06-05 17:15:00,29560.2,29560.2,29502.4,29509.9,3987,10,0
2026-06-05 19:30:00,2026-06-05 17:30:00,29509.9,29513.9,29384.2,29400.7,4041,10,0
2026-06-05 19:45:00,2026-06-05 17:45:00,29399.9,29472.7,29352.3,29456.2,4080,10,0
2026-06-05 20:00:00,2026-06-05 18:00:00,29456.9,29458.2,29344.1,29375.9,3969,10,0
2026-06-05 20:15:00,2026-06-05 18:15:00,29375.4,29414.2,29328.2,29404.2,3938,10,0
2026-06-05 20:30:00,2026-06-05 18:30:00,29406.6,29470.3,29371.2,29382.8,3936,10,0
2026-06-05 20:45:00,2026-06-05 18:45:00,29383.4,29439.1,29373.7,29436.4,3769,10,0
2026-06-05 21:00:00,2026-06-05 19:00:00,29437.1,29442.1,29277.4,29283.6,3864,10,0
2026-06-05 21:15:00,2026-06-05 19:15:00,29283.2,29285.1,29192.6,29209.7,3943,10,0
2026-06-05 21:30:00,2026-06-05 19:30:00,29209.9,29221.4,29117.6,29149.8,3904,10,0
2026-06-05 21:45:00,2026-06-05 19:45:00,29148.3,29180.9,29066.9,29157.8,4143,10,0
2026-06-05 22:00:00,2026-06-05 20:00:00,29157.8,29176.4,29015.9,29036.4,4095,10,0
2026-06-05 22:15:00,2026-06-05 20:15:00,29037.4,29121.9,28941.6,29120.7,4183,10,0
2026-06-05 22:30:00,2026-06-05 20:30:00,29120.8,29123.1,29016.6,29062.8,4181,10,0
2026-06-05 22:45:00,2026-06-05 20:45:00,29060.6,29159.3,28971.6,28981.8,4130,10,0
2026-06-05 23:00:00,2026-06-05 21:00:00,28981.2,29007.4,28783.3,28797.8,4134,10,0
2026-06-05 23:15:00,2026-06-05 21:15:00,28801.4,28841.2,28766.1,28831.3,3755,15,0
2026-06-05 23:30:00,2026-06-05 21:30:00,28831.4,28831.8,28757.7,28784.2,3462,15,0
2026-06-05 23:45:00,2026-06-05 21:45:00,28784.2,28825.3,28747.7,28815.9,1993,15,0
2026-06-08 01:00:00,2026-06-07 23:00:00,28885.2,28971.3,28797.3,28969.8,3548,15,0
2026-06-08 01:15:00,2026-06-07 23:15:00,28969.7,28996.8,28929.1,28941.4,3371,15,0
2026-06-08 01:30:00,2026-06-07 23:30:00,28941.4,28991.2,28920.6,28948.6,2965,15,0
2026-06-08 01:45:00,2026-06-07 23:45:00,28948.3,28974.1,28846.9,28866.8,3154,15,0
2026-06-08 02:00:00,2026-06-08 00:00:00,28867.2,28974.9,28867.2,28967.1,2877,15,0
2026-06-08 02:15:00,2026-06-08 00:15:00,28967.1,28969.1,28912.2,28952.3,2862,15,0
2026-06-08 02:30:00,2026-06-08 00:30:00,28951.9,28999.2,28938.4,28998.2,2740,15,0
2026-06-08 02:45:00,2026-06-08 00:45:00,28996.9,29076.8,28988.4,29060.8,3254,15,0
2026-06-08 03:00:00,2026-06-08 01:00:00,29059.7,29120.3,29034.6,29119.8,3603,15,0
2026-06-08 03:15:00,2026-06-08 01:15:00,29119.8,29199.8,29109.9,29196.3,3432,15,0
2026-06-08 03:30:00,2026-06-08 01:30:00,29196.7,29261.1,29188.7,29227.7,3393,15,0
2026-06-08 03:45:00,2026-06-08 01:45:00,29227.6,29227.6,29137.6,29191.3,3623,15,0
2026-06-08 04:00:00,2026-06-08 02:00:00,29191.1,29209.3,29126.3,29127.7,3798,15,0
2026-06-08 04:15:00,2026-06-08 02:15:00,29126.2,29135.3,29045.8,29049.8,3875,15,0
2026-06-08 04:30:00,2026-06-08 02:30:00,29049.4,29140.8,28999.6,29133.8,3984,15,0
2026-06-08 04:45:00,2026-06-08 02:45:00,29133.4,29152.6,29093.3,29131.4,3798,15,0
2026-06-08 05:00:00,2026-06-08 03:00:00,29132.9,29152.8,29085.8,29125.9,3698,15,0
2026-06-08 05:15:00,2026-06-08 03:15:00,29125.7,29152.6,29079.1,29146.8,3520,15,0
2026-06-08 05:30:00,2026-06-08 03:30:00,29147.2,29202.6,29106.3,29202.1,3471,15,0
2026-06-08 05:45:00,2026-06-08 03:45:00,29202.1,29216.9,29178.3,29184.6,3366,15,0
2026-06-08 06:00:00,2026-06-08 04:00:00,29184.4,29205.4,29169.9,29182.7,3227,15,0
2026-06-08 06:15:00,2026-06-08 04:15:00,29182.2,29196.2,29149.9,29191.1,3185,15,0
2026-06-08 06:30:00,2026-06-08 04:30:00,29190.9,29205.8,29181.6,29186.1,3127,15,0
2026-06-08 06:45:00,2026-06-08 04:45:00,29185.7,29199.2,29174.3,29185.7,2949,15,0
2026-06-08 07:00:00,2026-06-08 05:00:00,29185.6,29196.1,29137.9,29151.7,3187,15,0
2026-06-08 07:15:00,2026-06-08 05:15:00,29151.7,29173.3,29121.3,29144.6,3152,15,0
2026-06-08 07:30:00,2026-06-08 05:30:00,29144.4,29152.3,29072.1,29074.2,3241,15,0
2026-06-08 07:45:00,2026-06-08 05:45:00,29074.2,29114.3,29062.8,29064.2,3263,15,0
2026-06-08 08:00:00,2026-06-08 06:00:00,29064.3,29112.6,29041.7,29042.3,3489,15,0
2026-06-08 08:15:00,2026-06-08 06:15:00,29038.2,29073.4,29034.8,29065.3,3555,15,0
2026-06-08 08:30:00,2026-06-08 06:30:00,29065.4,29070.6,28954.4,28963.3,3617,15,0
2026-06-08 08:45:00,2026-06-08 06:45:00,28963.3,28996.9,28946.9,28989.8,3525,15,0
2026-06-08 09:00:00,2026-06-08 07:00:00,28989.8,29044.1,28975.8,29003.8,3634,13,0
2026-06-08 09:15:00,2026-06-08 07:15:00,29003.8,29107.9,28985.8,29104.4,3546,13,0
2026-06-08 09:30:00,2026-06-08 07:30:00,29104.4,29124.3,29041.9,29070.9,3296,13,0
2026-06-08 09:45:00,2026-06-08 07:45:00,29070.8,29077.8,29023.2,29075.7,3112,13,0
2026-06-08 10:00:00,2026-06-08 08:00:00,29075.7,29130.7,29057.7,29118.2,3597,13,0
2026-06-08 10:15:00,2026-06-08 08:15:00,29116.7,29212.0,29090.9,29201.7,3343,13,0
2026-06-08 10:30:00,2026-06-08 08:30:00,29202.2,29213.0,29165.5,29198.3,3138,13,0
2026-06-08 10:45:00,2026-06-08 08:45:00,29198.3,29254.4,29190.2,29230.7,3102,13,0
2026-06-08 11:00:00,2026-06-08 09:00:00,29230.4,29230.4,29175.2,29185.8,3416,13,0
2026-06-08 11:15:00,2026-06-08 09:15:00,29185.7,29221.9,29178.2,29198.4,3245,13,0
2026-06-08 11:30:00,2026-06-08 09:30:00,29198.8,29240.5,29162.8,29179.8,3204,13,0
2026-06-08 11:45:00,2026-06-08 09:45:00,29179.8,29181.0,29131.9,29151.0,3120,13,0
2026-06-08 12:00:00,2026-06-08 10:00:00,29151.5,29171.8,29118.8,29161.0,2928,13,0
2026-06-08 12:15:00,2026-06-08 10:15:00,29162.0,29196.5,29155.5,29166.9,2651,13,0
2026-06-08 12:30:00,2026-06-08 10:30:00,29166.7,29223.3,29137.8,29192.4,3058,13,0
2026-06-08 12:45:00,2026-06-08 10:45:00,29192.5,29213.4,29186.8,29213.3,2853,13,0
2026-06-08 13:00:00,2026-06-08 11:00:00,29213.4,29214.4,29160.9,29195.9,2714,13,0
2026-06-08 13:15:00,2026-06-08 11:15:00,29196.2,29201.2,29149.2,29166.8,2527,13,0
2026-06-08 13:30:00,2026-06-08 11:30:00,29166.8,29246.7,29163.3,29220.0,2932,13,0
2026-06-08 13:45:00,2026-06-08 11:45:00,29219.9,29229.9,29198.8,29215.5,2661,13,0
2026-06-08 14:00:00,2026-06-08 12:00:00,29215.8,29338.0,29187.8,29337.0,3051,13,0
2026-06-08 14:15:00,2026-06-08 12:15:00,29334.9,29383.4,29314.2,29382.5,3569,13,0
2026-06-08 14:30:00,2026-06-08 12:30:00,29382.5,29411.5,29381.9,29384.5,3296,13,0
2026-06-08 14:45:00,2026-06-08 12:45:00,29384.7,29392.9,29345.7,29348.9,3111,13,0
2026-06-08 15:00:00,2026-06-08 13:00:00,29348.4,29390.4,29339.9,29387.5,3303,13,0
2026-06-08 15:15:00,2026-06-08 13:15:00,29387.4,29431.3,29376.0,29430.8,3041,13,0
2026-06-08 15:30:00,2026-06-08 13:30:00,29430.8,29480.8,29430.3,29467.0,3097,13,0
2026-06-08 15:45:00,2026-06-08 13:45:00,29467.7,29469.3,29437.0,29459.8,3192,13,0
2026-06-08 16:00:00,2026-06-08 14:00:00,29459.8,29554.8,29458.3,29549.3,3400,13,0
2026-06-08 16:15:00,2026-06-08 14:15:00,29549.5,29577.8,29497.9,29500.9,3473,13,0
2026-06-08 16:30:00,2026-06-08 14:30:00,29501.3,29557.5,29371.9,29488.8,4288,10,0
2026-06-08 16:45:00,2026-06-08 14:45:00,29490.7,29528.1,29316.8,29325.8,4269,10,0
2026-06-08 17:00:00,2026-06-08 15:00:00,29324.6,29445.1,29307.6,29415.1,4196,10,0
2026-06-08 17:15:00,2026-06-08 15:15:00,29415.3,29504.6,29349.9,29490.1,4172,10,0
2026-06-08 17:30:00,2026-06-08 15:30:00,29489.3,29576.1,29478.8,29522.6,4154,10,0
2026-06-08 17:45:00,2026-06-08 15:45:00,29523.7,29654.2,29523.7,29650.1,3965,10,0
2026-06-08 18:00:00,2026-06-08 16:00:00,29650.4,29707.4,29640.3,29689.2,3824,10,0
2026-06-08 18:15:00,2026-06-08 16:15:00,29689.4,29716.7,29597.2,29604.1,3943,10,0
2026-06-08 18:30:00,2026-06-08 16:30:00,29603.7,29657.2,29533.1,29657.2,4031,10,0
2026-06-08 18:45:00,2026-06-08 16:45:00,29658.9,29682.9,29568.9,29584.9,3915,10,0
2026-06-08 19:00:00,2026-06-08 17:00:00,29583.9,29624.9,29554.8,29609.9,3868,10,0
2026-06-08 19:15:00,2026-06-08 17:15:00,29609.9,29665.7,29556.2,29559.2,3821,10,0
2026-06-08 19:30:00,2026-06-08 17:30:00,29558.9,29590.7,29528.7,29560.3,3951,10,0
2026-06-08 19:45:00,2026-06-08 17:45:00,29560.7,29604.9,29552.6,29554.6,3722,10,0
2026-06-08 20:00:00,2026-06-08 18:00:00,29554.3,29557.9,29460.2,29505.4,4048,10,0
2026-06-08 20:15:00,2026-06-08 18:15:00,29505.6,29578.9,29467.4,29576.6,3829,10,0
2026-06-08 20:30:00,2026-06-08 18:30:00,29576.7,29597.2,29484.7,29486.4,4024,10,0
2026-06-08 20:45:00,2026-06-08 18:45:00,29486.4,29572.4,29486.4,29532.2,3817,10,0
2026-06-08 21:00:00,2026-06-08 19:00:00,29532.7,29584.8,29530.4,29538.9,3799,10,0
2026-06-08 21:15:00,2026-06-08 19:15:00,29538.3,29572.4,29532.4,29565.7,3629,10,0
2026-06-08 21:30:00,2026-06-08 19:30:00,29565.4,29591.4,29502.2,29505.3,3780,10,0
2026-06-08 21:45:00,2026-06-08 19:45:00,29505.2,29545.2,29504.9,29515.7,3692,10,0
2026-06-08 22:00:00,2026-06-08 20:00:00,29516.2,29521.8,29402.7,29403.4,3811,10,0
2026-06-08 22:15:00,2026-06-08 20:15:00,29402.6,29425.1,29352.4,29410.4,3927,10,0
2026-06-08 22:30:00,2026-06-08 20:30:00,29410.6,29466.8,29395.7,29411.6,3884,10,0
2026-06-08 22:45:00,2026-06-08 20:45:00,29409.9,29446.9,29394.1,29427.3,3850,10,0
2026-06-08 23:00:00,2026-06-08 21:00:00,29425.6,29443.4,29401.2,29417.8,3169,15,0
2026-06-08 23:15:00,2026-06-08 21:15:00,29418.2,29424.3,29375.3,29405.3,2604,15,0
2026-06-08 23:30:00,2026-06-08 21:30:00,29405.2,29411.2,29394.8,29403.4,1889,15,0
2026-06-08 23:45:00,2026-06-08 21:45:00,29402.9,29422.9,29390.9,29408.7,1675,15,0
2026-06-09 01:00:00,2026-06-08 23:00:00,29423.9,29443.7,29327.2,29334.9,2779,15,0
2026-06-09 01:15:00,2026-06-08 23:15:00,29335.3,29345.6,29298.3,29305.6,2411,15,0
2026-06-09 01:30:00,2026-06-08 23:30:00,29304.7,29352.6,29304.3,29346.2,2067,15,0
2026-06-09 01:45:00,2026-06-08 23:45:00,29346.2,29404.9,29336.2,29401.9,1939,15,0
2026-06-09 02:00:00,2026-06-09 00:00:00,29402.1,29439.2,29382.9,29430.9,2015,15,0
2026-06-09 02:15:00,2026-06-09 00:15:00,29430.9,29435.4,29402.9,29409.4,1829,15,0
2026-06-09 02:30:00,2026-06-09 00:30:00,29409.4,29457.8,29397.4,29420.1,2170,15,0
2026-06-09 02:45:00,2026-06-09 00:45:00,29420.3,29421.6,29362.1,29402.6,2824,15,0
2026-06-09 03:00:00,2026-06-09 01:00:00,29401.6,29417.4,29319.2,29338.6,3964,15,0
2026-06-09 03:15:00,2026-06-09 01:15:00,29337.2,29359.9,29305.9,29345.2,3809,15,0
2026-06-09 03:30:00,2026-06-09 01:30:00,29345.2,29352.8,29284.8,29323.6,3762,15,0
2026-06-09 03:45:00,2026-06-09 01:45:00,29322.8,29333.3,29281.4,29314.2,3665,15,0
2026-06-09 04:00:00,2026-06-09 02:00:00,29313.9,29361.4,29306.2,29347.9,3799,15,0
2026-06-09 04:15:00,2026-06-09 02:15:00,29347.7,29452.6,29341.1,29432.1,3878,15,0
2026-06-09 04:30:00,2026-06-09 02:30:00,29432.8,29498.2,29425.2,29479.1,3814,15,0
2026-06-09 04:45:00,2026-06-09 02:45:00,29479.4,29522.7,29459.6,29468.6,3615,15,0
2026-06-09 05:00:00,2026-06-09 03:00:00,29468.6,29492.1,29459.7,29475.2,3584,15,0
2026-06-09 05:15:00,2026-06-09 03:15:00,29474.8,29478.4,29437.2,29467.8,3470,15,0
2026-06-09 05:30:00,2026-06-09 03:30:00,29467.3,29487.6,29450.2,29484.7,3467,15,0
2026-06-09 05:45:00,2026-06-09 03:45:00,29485.9,29500.6,29464.8,29490.7,3180,15,0
2026-06-09 06:00:00,2026-06-09 04:00:00,29490.7,29518.1,29477.9,29510.4,3101,15,0
2026-06-09 06:15:00,2026-06-09 04:15:00,29510.9,29528.4,29493.7,29515.4,3060,15,0
2026-06-09 06:30:00,2026-06-09 04:30:00,29515.4,29567.9,29510.7,29561.4,3217,15,0
2026-06-09 06:45:00,2026-06-09 04:45:00,29561.7,29568.8,29541.6,29557.7,2884,15,0
2026-06-09 07:00:00,2026-06-09 05:00:00,29557.7,29587.9,29545.4,29578.9,2770,15,0
2026-06-09 07:15:00,2026-06-09 05:15:00,29578.9,29599.6,29574.2,29587.7,2744,15,0
2026-06-09 07:30:00,2026-06-09 05:30:00,29587.9,29607.1,29575.2,29595.1,2853,15,0
2026-06-09 07:45:00,2026-06-09 05:45:00,29594.9,29600.4,29577.3,29580.6,2612,15,0
2026-06-09 08:00:00,2026-06-09 06:00:00,29580.2,29602.3,29569.8,29583.6,2796,15,0
2026-06-09 08:15:00,2026-06-09 06:15:00,29583.3,29595.2,29567.1,29568.3,2925,15,0
2026-06-09 08:30:00,2026-06-09 06:30:00,29568.8,29623.7,29568.7,29605.6,3254,15,0
2026-06-09 08:45:00,2026-06-09 06:45:00,29604.7,29627.6,29593.3,29610.3,2892,15,0
2026-06-09 09:00:00,2026-06-09 07:00:00,29610.6,29635.9,29602.3,29633.3,3156,13,0
2026-06-09 09:15:00,2026-06-09 07:15:00,29633.3,29651.3,29610.4,29612.4,2850,13,0
2026-06-09 09:30:00,2026-06-09 07:30:00,29612.3,29628.9,29601.0,29613.5,2828,13,0
2026-06-09 09:45:00,2026-06-09 07:45:00,29613.5,29620.0,29578.0,29599.2,2511,13,0
2026-06-09 10:00:00,2026-06-09 08:00:00,29599.4,29666.0,29592.5,29624.4,3206,13,0
2026-06-09 10:15:00,2026-06-09 08:15:00,29624.3,29638.2,29577.9,29589.3,3244,13,0
2026-06-09 10:30:00,2026-06-09 08:30:00,29588.7,29603.0,29565.3,29601.2,3141,13,0
2026-06-09 10:45:00,2026-06-09 08:45:00,29600.9,29615.2,29560.5,29569.8,2935,13,0
2026-06-09 11:00:00,2026-06-09 09:00:00,29569.2,29644.7,29543.2,29643.8,3497,13,0
2026-06-09 11:15:00,2026-06-09 09:15:00,29643.5,29650.3,29615.8,29638.7,3213,13,0
2026-06-09 11:30:00,2026-06-09 09:30:00,29638.9,29661.5,29621.3,29655.4,2890,13,0
2026-06-09 11:45:00,2026-06-09 09:45:00,29655.5,29663.5,29614.3,29618.4,2507,13,0
2026-06-09 12:00:00,2026-06-09 10:00:00,29618.4,29647.2,29612.5,29643.8,2475,13,0
2026-06-09 12:15:00,2026-06-09 10:15:00,29643.9,29667.8,29637.3,29662.8,2286,13,0
2026-06-09 12:30:00,2026-06-09 10:30:00,29662.8,29664.5,29633.7,29654.2,2322,13,0
2026-06-09 12:45:00,2026-06-09 10:45:00,29654.0,29673.0,29653.0,29656.7,2112,13,0
2026-06-09 13:00:00,2026-06-09 11:00:00,29656.7,29674.0,29595.3,29654.8,2750,13,0
2026-06-09 13:15:00,2026-06-09 11:15:00,29654.4,29656.7,29628.9,29649.5,2450,13,0
2026-06-09 13:30:00,2026-06-09 11:30:00,29649.5,29653.2,29623.9,29634.2,2186,13,0
2026-06-09 13:45:00,2026-06-09 11:45:00,29634.2,29675.2,29629.3,29661.8,2390,13,0
2026-06-09 14:00:00,2026-06-09 12:00:00,29661.7,29681.0,29657.8,29675.2,2693,13,0
2026-06-09 14:15:00,2026-06-09 12:15:00,29675.3,29678.3,29648.4,29666.2,2417,13,0
2026-06-09 14:30:00,2026-06-09 12:30:00,29666.2,29703.8,29661.0,29695.7,2423,13,0
2026-06-09 14:45:00,2026-06-09 12:45:00,29695.3,29700.3,29656.2,29657.9,2465,13,0
2026-06-09 15:00:00,2026-06-09 13:00:00,29658.3,29677.5,29649.8,29651.8,2578,13,0
2026-06-09 15:15:00,2026-06-09 13:15:00,29651.8,29657.9,29630.0,29646.3,2829,13,0
2026-06-09 15:30:00,2026-06-09 13:30:00,29646.3,29706.8,29645.8,29672.7,3038,13,0
2026-06-09 15:45:00,2026-06-09 13:45:00,29672.7,29714.2,29646.8,29712.3,2765,13,0
2026-06-09 16:00:00,2026-06-09 14:00:00,29712.2,29723.5,29684.3,29690.3,3133,13,0
2026-06-09 16:15:00,2026-06-09 14:15:00,29690.0,29716.8,29669.3,29713.7,3150,13,0
2026-06-09 16:30:00,2026-06-09 14:30:00,29713.9,29746.1,29610.3,29743.2,4212,10,0
2026-06-09 16:45:00,2026-06-09 14:45:00,29743.8,29822.9,29642.9,29648.3,4178,10,0
2026-06-09 17:00:00,2026-06-09 15:00:00,29648.7,29687.7,29462.3,29469.7,4265,10,0
2026-06-09 17:15:00,2026-06-09 15:15:00,29468.2,29501.7,29342.9,29421.9,4300,10,0
2026-06-09 17:30:00,2026-06-09 15:30:00,29420.8,29463.9,29249.1,29263.6,4257,10,0
2026-06-09 17:45:00,2026-06-09 15:45:00,29264.1,29289.8,29062.6,29215.9,4305,10,0
2026-06-09 18:00:00,2026-06-09 16:00:00,29216.6,29278.2,29120.9,29221.6,4221,10,0
2026-06-09 18:15:00,2026-06-09 16:15:00,29219.6,29231.4,28825.3,28837.4,4232,10,0
2026-06-09 18:30:00,2026-06-09 16:30:00,28836.1,28920.8,28790.3,28881.3,4295,10,0
2026-06-09 18:45:00,2026-06-09 16:45:00,28879.6,28948.4,28658.9,28676.2,4272,10,0
2026-06-09 19:00:00,2026-06-09 17:00:00,28672.9,28762.4,28552.1,28596.8,4293,10,0
2026-06-09 19:15:00,2026-06-09 17:15:00,28598.9,28603.2,28381.8,28502.9,4329,10,0
2026-06-09 19:30:00,2026-06-09 17:30:00,28502.8,28547.1,28205.3,28355.2,4305,10,0
2026-06-09 19:45:00,2026-06-09 17:45:00,28354.1,28463.9,28256.6,28456.6,4274,10,0
2026-06-09 20:00:00,2026-06-09 18:00:00,28456.8,28649.9,28448.8,28625.9,4260,10,0
2026-06-09 20:15:00,2026-06-09 18:15:00,28626.3,28763.3,28584.1,28721.1,4232,10,0
2026-06-09 20:30:00,2026-06-09 18:30:00,28721.4,28900.9,28684.9,28843.4,4155,10,0
2026-06-09 20:45:00,2026-06-09 18:45:00,28843.2,28861.1,28691.9,28806.4,4193,10,0
2026-06-09 21:00:00,2026-06-09 19:00:00,28809.6,28863.7,28761.8,28841.7,4140,10,0
2026-06-09 21:15:00,2026-06-09 19:15:00,28840.6,28955.9,28800.4,28949.1,4151,10,0
2026-06-09 21:30:00,2026-06-09 19:30:00,28949.1,29023.2,28891.4,28898.2,4126,10,0
2026-06-09 21:45:00,2026-06-09 19:45:00,28898.2,29067.4,28893.8,29043.7,4093,10,0
2026-06-09 22:00:00,2026-06-09 20:00:00,29043.2,29121.9,28933.3,28940.6,4132,10,0
2026-06-09 22:15:00,2026-06-09 20:15:00,28940.2,28948.4,28816.4,28931.7,4223,10,0
2026-06-09 22:30:00,2026-06-09 20:30:00,28931.1,28965.1,28830.6,28898.8,4242,10,0
2026-06-09 22:45:00,2026-06-09 20:45:00,28899.3,29109.7,28827.8,29091.3,4223,10,0
2026-06-09 23:00:00,2026-06-09 21:00:00,29093.2,29172.1,29062.8,29079.7,3907,15,0
2026-06-09 23:15:00,2026-06-09 21:15:00,29079.9,29106.8,29059.4,29098.6,3256,15,0
2026-06-09 23:30:00,2026-06-09 21:30:00,29097.8,29135.9,29078.3,29121.7,2748,15,0
2026-06-09 23:45:00,2026-06-09 21:45:00,29121.7,29135.1,29097.3,29115.2,2131,15,0
2026-06-10 01:00:00,2026-06-09 23:00:00,29057.7,29076.5,29009.8,29065.2,2302,15,0
2026-06-10 01:15:00,2026-06-09 23:15:00,29065.2,29095.0,29036.8,29048.9,1556,15,0
2026-06-10 01:30:00,2026-06-09 23:30:00,29048.9,29052.8,28975.9,29004.4,2281,15,0
2026-06-10 01:45:00,2026-06-09 23:45:00,29004.5,29021.2,28966.7,29006.4,2464,15,0
2026-06-10 02:00:00,2026-06-10 00:00:00,29006.3,29078.2,28999.9,29008.9,2230,15,0
2026-06-10 02:15:00,2026-06-10 00:15:00,29008.9,29022.3,28980.3,28984.4,1944,15,0
2026-06-10 02:30:00,2026-06-10 00:30:00,28984.4,28999.0,28960.8,28996.0,2106,15,0
2026-06-10 02:45:00,2026-06-10 00:45:00,28996.0,29051.4,28990.4,29044.7,2903,15,0
2026-06-10 03:00:00,2026-06-10 01:00:00,29044.4,29147.9,29044.4,29099.4,3702,15,0
2026-06-10 03:15:00,2026-06-10 01:15:00,29099.8,29111.0,29051.0,29097.5,3746,15,0
2026-06-10 03:30:00,2026-06-10 01:30:00,29097.2,29103.0,28940.5,28979.0,3645,15,0
2026-06-10 03:45:00,2026-06-10 01:45:00,28977.3,29075.4,28971.3,29054.8,3682,15,0
2026-06-10 04:00:00,2026-06-10 02:00:00,29055.4,29087.4,29022.4,29057.8,3509,15,0
2026-06-10 04:15:00,2026-06-10 02:15:00,29057.7,29092.4,29031.2,29051.4,3336,15,0
2026-06-10 04:30:00,2026-06-10 02:30:00,29051.8,29078.4,29003.9,29007.5,3629,15,0
2026-06-10 04:45:00,2026-06-10 02:45:00,29006.4,29047.7,28990.7,29013.4,3617,15,0
2026-06-10 05:00:00,2026-06-10 03:00:00,29013.9,29021.0,28959.2,28976.4,3386,15,0
2026-06-10 05:15:00,2026-06-10 03:15:00,28976.9,29006.0,28953.9,28995.3,3328,15,0
2026-06-10 05:30:00,2026-06-10 03:30:00,28995.4,29013.9,28962.2,28984.7,3239,15,0
2026-06-10 05:45:00,2026-06-10 03:45:00,28985.3,29014.4,28940.4,28949.9,3063,15,0
2026-06-10 06:00:00,2026-06-10 04:00:00,28950.2,29008.7,28946.3,28992.0,3054,15,0
2026-06-10 06:15:00,2026-06-10 04:15:00,28992.7,29024.9,28975.4,28988.4,3034,15,0
2026-06-10 06:30:00,2026-06-10 04:30:00,28988.8,29003.4,28954.7,28956.5,3028,15,0
2026-06-10 06:45:00,2026-06-10 04:45:00,28956.5,28988.3,28952.8,28972.0,2938,15,0
2026-06-10 07:00:00,2026-06-10 05:00:00,28971.8,28981.7,28920.2,28925.9,2750,15,0
2026-06-10 07:15:00,2026-06-10 05:15:00,28925.5,28957.0,28910.0,28920.7,2961,15,0
2026-06-10 07:30:00,2026-06-10 05:30:00,28920.7,28920.7,28855.7,28856.7,2701,15,0
2026-06-10 07:45:00,2026-06-10 05:45:00,28857.3,28924.7,28849.4,28877.4,2649,15,0
2026-06-10 08:00:00,2026-06-10 06:00:00,28877.2,28929.5,28865.3,28886.8,3073,15,0
2026-06-10 08:15:00,2026-06-10 06:15:00,28886.0,28918.3,28834.9,28918.0,3060,15,0
2026-06-10 08:30:00,2026-06-10 06:30:00,28916.9,28923.4,28860.7,28898.0,3467,15,0
2026-06-10 08:45:00,2026-06-10 06:45:00,28898.2,28946.7,28872.7,28923.3,3160,15,0
2026-06-10 09:00:00,2026-06-10 07:00:00,28923.2,28976.6,28914.9,28956.4,3183,13,0
2026-06-10 09:15:00,2026-06-10 07:15:00,28956.3,28979.5,28932.9,28962.9,2772,13,0
2026-06-10 09:30:00,2026-06-10 07:30:00,28962.8,28992.9,28941.6,28967.6,2624,13,0
2026-06-10 09:45:00,2026-06-10 07:45:00,28967.6,28969.5,28938.1,28948.0,2211,13,0
2026-06-10 10:00:00,2026-06-10 08:00:00,28947.8,28980.3,28922.5,28961.8,3005,13,0
2026-06-10 10:15:00,2026-06-10 08:15:00,28961.5,28973.6,28909.6,28922.9,3008,13,0
2026-06-10 10:30:00,2026-06-10 08:30:00,28923.4,28963.1,28910.3,28926.6,2824,13,0
2026-06-10 10:45:00,2026-06-10 08:45:00,28926.6,28950.6,28908.1,28942.9,2762,13,0
2026-06-10 11:00:00,2026-06-10 09:00:00,28942.9,28944.0,28852.9,28856.5,3395,13,0
2026-06-10 11:15:00,2026-06-10 09:15:00,28856.5,28874.0,28822.4,28840.4,3236,13,0
2026-06-10 11:30:00,2026-06-10 09:30:00,28839.6,28868.3,28751.5,28755.6,3104,13,0
2026-06-10 11:45:00,2026-06-10 09:45:00,28755.3,28797.9,28722.8,28742.3,3396,13,0
2026-06-10 12:00:00,2026-06-10 10:00:00,28742.1,28776.3,28689.6,28690.0,3449,13,0
2026-06-10 12:15:00,2026-06-10 10:15:00,28690.3,28761.6,28664.4,28758.5,3369,13,0
2026-06-10 12:30:00,2026-06-10 10:30:00,28758.0,28798.5,28721.4,28743.3,3259,13,0
2026-06-10 12:45:00,2026-06-10 10:45:00,28743.6,28767.1,28716.4,28758.4,2991,13,0
2026-06-10 13:00:00,2026-06-10 11:00:00,28758.4,28766.0,28720.3,28741.5,2853,13,0
2026-06-10 13:15:00,2026-06-10 11:15:00,28741.8,28751.3,28680.6,28747.4,2932,13,0
2026-06-10 13:30:00,2026-06-10 11:30:00,28746.5,28807.5,28740.3,28804.1,2846,13,0
2026-06-10 13:45:00,2026-06-10 11:45:00,28804.1,28823.3,28758.1,28808.0,2896,13,0
2026-06-10 14:00:00,2026-06-10 12:00:00,28807.9,28824.6,28618.8,28715.1,3853,13,0
2026-06-10 14:15:00,2026-06-10 12:15:00,28714.5,28744.0,28607.3,28652.3,3840,13,0
2026-06-10 14:30:00,2026-06-10 12:30:00,28652.6,28662.3,28590.1,28612.6,3696,13,0
2026-06-10 14:45:00,2026-06-10 12:45:00,28612.8,28682.3,28591.0,28657.4,3450,13,0
2026-06-10 15:00:00,2026-06-10 13:00:00,28655.8,28710.4,28646.5,28672.9,3317,13,0
2026-06-10 15:15:00,2026-06-10 13:15:00,28673.3,28733.4,28641.3,28733.4,3513,13,0
2026-06-10 15:30:00,2026-06-10 13:30:00,28737.6,28972.1,28718.5,28897.8,4178,13,0
2026-06-10 15:45:00,2026-06-10 13:45:00,28897.6,28926.8,28809.1,28812.0,3994,13,0
2026-06-10 16:00:00,2026-06-10 14:00:00,28812.5,28868.1,28802.1,28836.1,3940,13,0
2026-06-10 16:15:00,2026-06-10 14:15:00,28836.3,28868.3,28818.8,28833.0,3698,13,0
2026-06-10 16:30:00,2026-06-10 14:30:00,28830.8,29070.3,28755.9,29059.4,4312,10,0
2026-06-10 16:45:00,2026-06-10 14:45:00,29058.3,29141.3,28964.9,29002.5,4320,10,0
2026-06-10 17:00:00,2026-06-10 15:00:00,29001.4,29144.7,28949.9,29070.9,4296,10,0
2026-06-10 17:15:00,2026-06-10 15:15:00,29070.7,29209.9,29026.4,29151.9,4269,10,0
2026-06-10 17:30:00,2026-06-10 15:30:00,29151.4,29229.0,29062.9,29063.0,4229,10,0
2026-06-10 17:45:00,2026-06-10 15:45:00,29062.9,29104.4,28836.2,28879.9,4282,10,0
2026-06-10 18:00:00,2026-06-10 16:00:00,28881.9,28964.8,28726.8,28730.9,4288,10,0
2026-06-10 18:15:00,2026-06-10 16:15:00,28728.9,28856.2,28646.9,28770.4,4306,10,0
2026-06-10 18:30:00,2026-06-10 16:30:00,28771.7,28854.3,28703.9,28835.0,4247,10,0
2026-06-10 18:45:00,2026-06-10 16:45:00,28835.3,28854.0,28607.9,28832.8,4276,10,0
2026-06-10 19:00:00,2026-06-10 17:00:00,28834.9,28875.9,28692.8,28708.0,4222,10,0
2026-06-10 19:15:00,2026-06-10 17:15:00,28708.2,28751.7,28684.0,28721.5,4145,10,0
2026-06-10 19:30:00,2026-06-10 17:30:00,28721.4,28831.2,28683.8,28733.5,4153,10,0
2026-06-10 19:45:00,2026-06-10 17:45:00,28733.2,28740.2,28644.5,28694.9,4156,10,0
2026-06-10 20:00:00,2026-06-10 18:00:00,28697.4,28759.7,28609.0,28627.5,4117,10,0
2026-06-10 20:15:00,2026-06-10 18:15:00,28627.7,28677.3,28609.0,28667.7,4114,10,0
2026-06-10 20:30:00,2026-06-10 18:30:00,28668.7,28672.5,28598.0,28602.7,4033,10,0
2026-06-10 20:45:00,2026-06-10 18:45:00,28602.5,28772.9,28597.9,28758.9,4165,10,0
2026-06-10 21:00:00,2026-06-10 19:00:00,28758.7,28811.0,28732.9,28761.7,4047,10,0
2026-06-10 21:15:00,2026-06-10 19:15:00,28761.4,28789.3,28678.3,28694.5,4096,10,0
2026-06-10 21:30:00,2026-06-10 19:30:00,28694.2,28695.8,28613.0,28641.0,3983,10,0
2026-06-10 21:45:00,2026-06-10 19:45:00,28640.8,28642.7,28555.4,28586.8,4018,10,0
2026-06-10 22:00:00,2026-06-10 20:00:00,28586.8,28646.2,28554.8,28573.3,4083,10,0
2026-06-10 22:15:00,2026-06-10 20:15:00,28574.3,28577.7,28474.0,28527.3,4108,10,0
2026-06-10 22:30:00,2026-06-10 20:30:00,28527.3,28643.3,28505.2,28601.4,4148,10,0
2026-06-10 22:45:00,2026-06-10 20:45:00,28599.3,28642.3,28509.5,28509.5,4178,10,0
2026-06-10 23:00:00,2026-06-10 21:00:00,28507.9,28514.3,28412.5,28478.3,3561,15,0
2026-06-10 23:15:00,2026-06-10 21:15:00,28478.5,28499.0,28453.5,28466.5,2608,15,0
2026-06-10 23:30:00,2026-06-10 21:30:00,28466.5,28478.4,28430.7,28432.2,2180,15,0
2026-06-10 23:45:00,2026-06-10 21:45:00,28432.2,28465.9,28390.5,28440.3,2334,15,0
2026-06-11 01:00:00,2026-06-10 23:00:00,28439.0,28445.2,28341.4,28383.9,2903,15,0
2026-06-11 01:15:00,2026-06-10 23:15:00,28383.9,28402.0,28363.2,28395.2,2547,15,0
2026-06-11 01:30:00,2026-06-10 23:30:00,28395.2,28451.9,28392.7,28414.3,2598,15,0
2026-06-11 01:45:00,2026-06-10 23:45:00,28414.2,28437.9,28312.2,28324.2,3050,15,0
2026-06-11 02:00:00,2026-06-11 00:00:00,28323.9,28360.2,28262.4,28272.2,2886,15,0
2026-06-11 02:15:00,2026-06-11 00:15:00,28272.0,28387.7,28248.7,28380.7,3345,15,0
2026-06-11 02:30:00,2026-06-11 00:30:00,28380.7,28428.2,28334.4,28405.9,2651,15,0
2026-06-11 02:45:00,2026-06-11 00:45:00,28406.2,28406.4,28335.3,28345.4,3107,15,0
2026-06-11 03:00:00,2026-06-11 01:00:00,28345.4,28398.3,28318.0,28373.0,3826,15,0
2026-06-11 03:15:00,2026-06-11 01:15:00,28373.2,28553.5,28373.2,28465.4,3953,15,0
2026-06-11 03:30:00,2026-06-11 01:30:00,28466.0,28497.0,28411.7,28426.7,3712,15,0
2026-06-11 03:45:00,2026-06-11 01:45:00,28426.3,28548.2,28426.2,28532.3,3674,15,0
2026-06-11 04:00:00,2026-06-11 02:00:00,28532.8,28699.7,28532.8,28697.2,3710,15,0
2026-06-11 04:15:00,2026-06-11 02:15:00,28695.8,28745.0,28671.0,28734.9,3582,15,0
2026-06-11 04:30:00,2026-06-11 02:30:00,28735.2,28740.7,28679.3,28689.9,3485,15,0
2026-06-11 04:45:00,2026-06-11 02:45:00,28689.8,28696.4,28616.2,28625.4,3391,15,0
2026-06-11 05:00:00,2026-06-11 03:00:00,28626.2,28679.5,28604.9,28606.0,3397,15,0
2026-06-11 05:15:00,2026-06-11 03:15:00,28606.2,28629.4,28534.0,28540.8,3511,15,0
2026-06-11 05:30:00,2026-06-11 03:30:00,28541.2,28584.8,28516.8,28554.4,3560,15,0
2026-06-11 05:45:00,2026-06-11 03:45:00,28554.4,28630.7,28546.3,28618.7,3347,15,0
2026-06-11 06:00:00,2026-06-11 04:00:00,28618.7,28652.7,28571.8,28587.7,3244,15,0
2026-06-11 06:15:00,2026-06-11 04:15:00,28588.7,28610.0,28564.5,28604.2,3379,15,0
2026-06-11 06:30:00,2026-06-11 04:30:00,28604.3,28670.5,28601.0,28667.7,3395,15,0
2026-06-11 06:45:00,2026-06-11 04:45:00,28667.9,28725.9,28654.0,28721.3,3034,15,0
2026-06-11 07:00:00,2026-06-11 05:00:00,28721.3,28726.4,28697.3,28704.4,2862,15,0
2026-06-11 07:15:00,2026-06-11 05:15:00,28703.8,28739.5,28687.3,28724.9,3008,15,0
2026-06-11 07:30:00,2026-06-11 05:30:00,28725.8,28784.7,28714.4,28772.9,2838,15,0
2026-06-11 07:45:00,2026-06-11 05:45:00,28773.4,28784.4,28743.0,28758.2,2695,15,0
2026-06-11 08:00:00,2026-06-11 06:00:00,28758.3,28763.8,28700.4,28711.3,2969,15,0
2026-06-11 08:15:00,2026-06-11 06:15:00,28711.7,28730.5,28697.5,28717.0,2923,15,0
2026-06-11 08:30:00,2026-06-11 06:30:00,28717.3,28733.0,28695.3,28726.8,2968,15,0
2026-06-11 08:45:00,2026-06-11 06:45:00,28726.3,28737.3,28710.4,28729.9,2846,15,0
2026-06-11 09:00:00,2026-06-11 07:00:00,28729.4,28735.4,28671.5,28729.5,3260,13,0
2026-06-11 09:15:00,2026-06-11 07:15:00,28729.6,28755.9,28726.8,28732.8,2965,13,0
2026-06-11 09:30:00,2026-06-11 07:30:00,28732.3,28760.6,28710.6,28745.4,2706,13,0
2026-06-11 09:45:00,2026-06-11 07:45:00,28745.4,28779.3,28737.0,28774.5,2440,13,0
2026-06-11 10:00:00,2026-06-11 08:00:00,28774.6,28799.1,28750.0,28770.0,3070,13,0
2026-06-11 10:15:00,2026-06-11 08:15:00,28770.0,28850.6,28763.3,28831.6,2818,13,0
2026-06-11 10:30:00,2026-06-11 08:30:00,28831.5,28849.1,28819.1,28843.4,2630,13,0
2026-06-11 10:45:00,2026-06-11 08:45:00,28842.1,28848.4,28814.6,28827.8,2559,13,0
2026-06-11 11:00:00,2026-06-11 09:00:00,28827.4,28909.9,28825.8,28898.1,3004,13,0
2026-06-11 11:15:00,2026-06-11 09:15:00,28897.9,28915.5,28871.8,28889.5,2669,13,0
2026-06-11 11:30:00,2026-06-11 09:30:00,28888.5,28917.0,28878.5,28895.6,2461,13,0
2026-06-11 11:45:00,2026-06-11 09:45:00,28896.4,28902.3,28872.4,28892.9,2422,13,0
2026-06-11 12:00:00,2026-06-11 10:00:00,28892.6,28904.3,28855.1,28864.5,2403,13,0
2026-06-11 12:15:00,2026-06-11 10:15:00,28864.6,28873.8,28843.3,28856.1,2209,13,0
2026-06-11 12:30:00,2026-06-11 10:30:00,28856.0,28875.5,28840.9,28866.4,2077,13,0
2026-06-11 12:45:00,2026-06-11 10:45:00,28866.6,28889.0,28858.6,28860.9,2324,13,0
2026-06-11 13:00:00,2026-06-11 11:00:00,28860.0,28899.0,28858.6,28878.6,2321,13,0
2026-06-11 13:15:00,2026-06-11 11:15:00,28879.3,28886.3,28858.5,28859.6,2144,13,0
2026-06-11 13:30:00,2026-06-11 11:30:00,28859.5,28896.6,28859.5,28874.0,1995,13,0
2026-06-11 13:45:00,2026-06-11 11:45:00,28874.4,28887.6,28858.5,28861.3,2162,13,0
2026-06-11 14:00:00,2026-06-11 12:00:00,28861.3,28861.3,28795.4,28823.3,2974,13,0
2026-06-11 14:15:00,2026-06-11 12:15:00,28822.4,28851.1,28803.8,28836.3,2681,13,0
2026-06-11 14:30:00,2026-06-11 12:30:00,28836.3,28886.6,28831.3,28868.6,2842,13,0
2026-06-11 14:45:00,2026-06-11 12:45:00,28868.6,28891.1,28862.3,28883.4,2485,13,0
2026-06-11 15:00:00,2026-06-11 13:00:00,28883.6,28896.8,28868.9,28881.1,2343,13,0
2026-06-11 15:15:00,2026-06-11 13:15:00,28881.3,28881.6,28697.9,28733.0,3381,13,0
2026-06-11 15:30:00,2026-06-11 13:30:00,28733.0,28760.0,28621.3,28735.3,3950,13,0
2026-06-11 15:45:00,2026-06-11 13:45:00,28735.4,28809.0,28720.6,28795.9,3699,13,0
2026-06-11 16:00:00,2026-06-11 14:00:00,28795.4,28796.4,28739.4,28759.9,3596,13,0
2026-06-11 16:15:00,2026-06-11 14:15:00,28759.8,28778.3,28727.5,28738.6,3400,13,0
2026-06-11 16:30:00,2026-06-11 14:30:00,28737.5,28765.2,28634.9,28720.0,4278,10,0
2026-06-11 16:45:00,2026-06-11 14:45:00,28720.0,28995.0,28690.7,28881.3,4287,10,0
2026-06-11 17:00:00,2026-06-11 15:00:00,28882.3,29031.3,28812.3,28825.4,4281,10,0
2026-06-11 17:15:00,2026-06-11 15:15:00,28825.5,28911.4,28736.5,28850.4,4286,10,0
2026-06-11 17:30:00,2026-06-11 15:30:00,28853.0,28921.8,28782.4,28800.4,4240,10,0
2026-06-11 17:45:00,2026-06-11 15:45:00,28801.2,28825.9,28590.7,28632.4,4219,10,0
2026-06-11 18:00:00,2026-06-11 16:00:00,28632.4,28777.2,28562.7,28749.2,4224,10,0
2026-06-11 18:15:00,2026-06-11 16:15:00,28748.8,28841.8,28730.9,28744.2,4172,10,0
2026-06-11 18:30:00,2026-06-11 16:30:00,28741.9,28887.5,28724.4,28796.4,4212,10,0
2026-06-11 18:45:00,2026-06-11 16:45:00,28796.9,28857.8,28759.2,28840.4,4144,10,0
2026-06-11 19:00:00,2026-06-11 17:00:00,28840.2,28951.3,28811.0,28934.3,4066,10,0
2026-06-11 19:15:00,2026-06-11 17:15:00,28934.8,28956.7,28824.9,28828.8,4061,10,0
2026-06-11 19:30:00,2026-06-11 17:30:00,28829.0,28949.4,28807.3,28868.3,4084,10,0
2026-06-11 19:45:00,2026-06-11 17:45:00,28867.9,28884.8,28751.0,28751.4,3981,10,0
2026-06-11 20:00:00,2026-06-11 18:00:00,28752.3,28789.7,28697.2,28726.9,4065,10,0
2026-06-11 20:15:00,2026-06-11 18:15:00,28726.9,29071.5,28663.5,29071.5,4031,10,0
2026-06-11 20:30:00,2026-06-11 18:30:00,29071.7,29283.5,29067.3,29263.9,4330,10,0
2026-06-11 20:45:00,2026-06-11 18:45:00,29263.4,29281.7,29101.4,29196.8,4197,10,0
2026-06-11 21:00:00,2026-06-11 19:00:00,29198.4,29235.7,29052.2,29164.4,4196,10,0
2026-06-11 21:15:00,2026-06-11 19:15:00,29165.2,29248.2,29134.4,29170.2,4122,10,0
2026-06-11 21:30:00,2026-06-11 19:30:00,29170.3,29220.3,29155.8,29206.5,4030,10,0
2026-06-11 21:45:00,2026-06-11 19:45:00,29207.3,29291.7,29201.0,29251.8,3988,10,0
2026-06-11 22:00:00,2026-06-11 20:00:00,29251.5,29352.0,29213.3,29342.8,4074,10,0
2026-06-11 22:15:00,2026-06-11 20:15:00,29342.8,29426.9,29330.7,29406.7,4012,10,0
2026-06-11 22:30:00,2026-06-11 20:30:00,29406.5,29523.5,29404.3,29480.8,4089,10,0
2026-06-11 22:45:00,2026-06-11 20:45:00,29480.7,29480.7,29388.0,29443.3,4100,10,0
2026-06-11 23:00:00,2026-06-11 21:00:00,29439.8,29500.8,29399.3,29496.3,3443,15,0
2026-06-11 23:15:00,2026-06-11 21:15:00,29496.5,29504.5,29442.2,29457.3,2826,15,0
2026-06-11 23:30:00,2026-06-11 21:30:00,29457.3,29467.9,29397.7,29398.2,2464,15,0
2026-06-11 23:45:00,2026-06-11 21:45:00,29398.2,29425.7,29394.2,29416.2,1688,15,0
2026-06-12 01:00:00,2026-06-11 23:00:00,29432.6,29511.5,29432.6,29508.7,2645,15,0
2026-06-12 01:15:00,2026-06-11 23:15:00,29507.7,29531.5,29495.7,29514.1,2139,15,0
2026-06-12 01:30:00,2026-06-11 23:30:00,29514.3,29541.5,29502.1,29534.0,1805,15,0
2026-06-12 01:45:00,2026-06-11 23:45:00,29534.3,29569.1,29534.2,29543.3,1942,15,0
2026-06-12 02:00:00,2026-06-12 00:00:00,29543.3,29548.8,29508.7,29527.6,2030,15,0
2026-06-12 02:15:00,2026-06-12 00:15:00,29527.6,29543.6,29480.6,29505.3,2159,15,0
2026-06-12 02:30:00,2026-06-12 00:30:00,29505.2,29551.3,29505.1,29548.2,2002,15,0
2026-06-12 02:45:00,2026-06-12 00:45:00,29548.2,29576.5,29545.2,29561.7,2419,15,0
2026-06-12 03:00:00,2026-06-12 01:00:00,29561.7,29588.1,29521.5,29564.5,3223,15,0
2026-06-12 03:15:00,2026-06-12 01:15:00,29564.5,29599.6,29530.6,29595.1,2932,15,0
2026-06-12 03:30:00,2026-06-12 01:30:00,29594.5,29629.5,29570.8,29575.2,2817,15,0
2026-06-12 03:45:00,2026-06-12 01:45:00,29575.2,29600.2,29551.2,29572.5,2785,15,0
2026-06-12 04:00:00,2026-06-12 02:00:00,29573.3,29574.2,29518.0,29547.5,3138,15,0
2026-06-12 04:15:00,2026-06-12 02:15:00,29547.6,29561.5,29456.5,29469.1,3184,15,0
2026-06-12 04:30:00,2026-06-12 02:30:00,29467.7,29505.5,29452.3,29479.8,3103,15,0
2026-06-12 04:45:00,2026-06-12 02:45:00,29480.2,29541.7,29476.0,29536.7,2711,15,0
2026-06-12 05:00:00,2026-06-12 03:00:00,29536.7,29568.6,29535.7,29552.1,2854,15,0
2026-06-12 05:15:00,2026-06-12 03:15:00,29552.2,29555.8,29496.3,29497.6,2788,15,0
2026-06-12 05:30:00,2026-06-12 03:30:00,29497.8,29534.1,29489.3,29529.5,2664,15,0
2026-06-12 05:45:00,2026-06-12 03:45:00,29529.5,29557.7,29529.0,29547.1,2427,15,0
2026-06-12 06:00:00,2026-06-12 04:00:00,29547.2,29548.8,29495.6,29507.5,2437,15,0
2026-06-12 06:15:00,2026-06-12 04:15:00,29506.6,29514.5,29476.3,29505.0,2554,15,0
2026-06-12 06:30:00,2026-06-12 04:30:00,29505.0,29538.1,29501.5,29516.0,2780,15,0
2026-06-12 06:45:00,2026-06-12 04:45:00,29516.0,29525.3,29487.0,29513.7,2764,15,0
2026-06-12 07:00:00,2026-06-12 05:00:00,29514.5,29515.3,29477.5,29500.7,2559,15,0
2026-06-12 07:15:00,2026-06-12 05:15:00,29500.6,29523.6,29473.3,29520.8,2459,15,0
2026-06-12 07:30:00,2026-06-12 05:30:00,29520.6,29530.3,29505.7,29521.2,2367,15,0
2026-06-12 07:45:00,2026-06-12 05:45:00,29521.5,29533.3,29515.3,29528.3,2292,15,0
2026-06-12 08:00:00,2026-06-12 06:00:00,29528.5,29539.1,29488.6,29510.7,2686,15,0
2026-06-12 08:15:00,2026-06-12 06:15:00,29510.7,29527.0,29497.6,29518.7,2488,15,0
2026-06-12 08:30:00,2026-06-12 06:30:00,29518.7,29518.7,29442.1,29465.3,3196,15,0
2026-06-12 08:45:00,2026-06-12 06:45:00,29464.7,29469.2,29359.7,29386.0,3273,15,0
2026-06-12 09:00:00,2026-06-12 07:00:00,29385.6,29458.6,29375.7,29446.2,3060,13,0
2026-06-12 09:15:00,2026-06-12 07:15:00,29445.9,29447.1,29402.1,29409.7,2709,13,0
2026-06-12 09:30:00,2026-06-12 07:30:00,29409.9,29409.9,29358.6,29367.3,2546,13,0
2026-06-12 09:45:00,2026-06-12 07:45:00,29367.4,29377.9,29320.3,29345.7,2437,13,0
2026-06-12 10:00:00,2026-06-12 08:00:00,29345.7,29354.8,29255.7,29258.1,3006,13,0
2026-06-12 10:15:00,2026-06-12 08:15:00,29258.2,29305.9,29245.9,29283.1,2737,13,0
2026-06-12 10:30:00,2026-06-12 08:30:00,29283.1,29369.7,29270.4,29362.4,2736,13,0
2026-06-12 10:45:00,2026-06-12 08:45:00,29362.8,29438.8,29348.7,29413.7,2816,13,0
2026-06-12 11:00:00,2026-06-12 09:00:00,29417.3,29472.1,29401.7,29450.7,3127,13,0
2026-06-12 11:15:00,2026-06-12 09:15:00,29452.1,29551.1,29429.9,29513.8,3401,13,0
2026-06-12 11:30:00,2026-06-12 09:30:00,29514.9,29521.2,29438.6,29453.8,2835,13,0
2026-06-12 11:45:00,2026-06-12 09:45:00,29453.8,29500.6,29433.2,29464.4,2711,13,0
2026-06-12 12:00:00,2026-06-12 10:00:00,29464.4,29532.1,29463.1,29531.8,2833,13,0
2026-06-12 12:15:00,2026-06-12 10:15:00,29532.7,29601.4,29522.8,29596.8,2861,13,0
2026-06-12 12:30:00,2026-06-12 10:30:00,29596.8,29652.8,29574.1,29624.8,2840,13,0
2026-06-12 12:45:00,2026-06-12 10:45:00,29624.8,29644.8,29597.4,29606.8,2507,13,0
2026-06-12 13:00:00,2026-06-12 11:00:00,29606.9,29641.6,29588.1,29609.8,2420,13,0
2026-06-12 13:15:00,2026-06-12 11:15:00,29609.8,29613.7,29502.7,29515.6,2835,13,0
2026-06-12 13:30:00,2026-06-12 11:30:00,29515.4,29555.1,29511.7,29546.2,2672,13,0
2026-06-12 13:45:00,2026-06-12 11:45:00,29546.3,29555.9,29516.8,29534.4,2404,13,0
2026-06-12 14:00:00,2026-06-12 12:00:00,29534.3,29580.8,29534.3,29575.4,2927,13,0
2026-06-12 14:15:00,2026-06-12 12:15:00,29575.2,29630.7,29574.1,29615.3,2798,13,0
2026-06-12 14:30:00,2026-06-12 12:30:00,29615.6,29630.3,29580.6,29629.2,2682,13,0
2026-06-12 14:45:00,2026-06-12 12:45:00,29629.2,29643.7,29599.8,29622.4,2794,13,0
2026-06-12 15:00:00,2026-06-12 13:00:00,29622.4,29628.9,29565.2,29577.1,3004,13,0
2026-06-12 15:15:00,2026-06-12 13:15:00,29577.1,29585.6,29514.6,29518.4,3066,13,0
2026-06-12 15:30:00,2026-06-12 13:30:00,29518.6,29531.9,29449.4,29458.4,3162,13,0
2026-06-12 15:45:00,2026-06-12 13:45:00,29458.2,29473.1,29373.6,29395.8,3327,13,0
2026-06-12 16:00:00,2026-06-12 14:00:00,29396.4,29441.4,29339.7,29441.3,3286,13,0
2026-06-12 16:15:00,2026-06-12 14:15:00,29442.1,29478.3,29416.8,29477.8,3158,13,0
2026-06-12 16:30:00,2026-06-12 14:30:00,29479.9,29480.6,29251.0,29268.0,4288,10,0
2026-06-12 16:45:00,2026-06-12 14:45:00,29268.1,29392.1,29219.1,29337.5,4221,10,0
2026-06-12 17:00:00,2026-06-12 15:00:00,29337.5,29582.1,29331.6,29530.3,4141,10,0
2026-06-12 17:15:00,2026-06-12 15:15:00,29530.2,29611.5,29472.7,29498.1,4172,10,0
2026-06-12 17:30:00,2026-06-12 15:30:00,29498.0,29592.1,29393.7,29396.3,4144,10,0
2026-06-12 17:45:00,2026-06-12 15:45:00,29396.3,29627.3,29338.5,29616.6,4222,10,0
2026-06-12 18:00:00,2026-06-12 16:00:00,29617.7,29687.0,29583.2,29680.2,4081,10,0
2026-06-12 18:15:00,2026-06-12 16:15:00,29680.6,29744.1,29650.6,29728.8,3927,10,0
2026-06-12 18:30:00,2026-06-12 16:30:00,29729.3,29733.0,29545.5,29553.3,4029,10,0
2026-06-12 18:45:00,2026-06-12 16:45:00,29554.0,29607.1,29394.5,29423.8,4127,10,0
2026-06-12 19:00:00,2026-06-12 17:00:00,29424.0,29633.0,29396.5,29579.0,4084,10,0
2026-06-12 19:15:00,2026-06-12 17:15:00,29580.0,29651.6,29534.1,29578.3,4015,10,0
2026-06-12 19:30:00,2026-06-12 17:30:00,29578.6,29623.7,29560.3,29579.0,3844,10,0
2026-06-12 19:45:00,2026-06-12 17:45:00,29578.8,29663.0,29572.3,29658.3,3692,10,0
2026-06-12 20:00:00,2026-06-12 18:00:00,29656.0,29734.1,29643.2,29686.3,3802,10,0
2026-06-12 20:15:00,2026-06-12 18:15:00,29687.2,29729.2,29674.7,29704.1,3542,10,0
2026-06-12 20:30:00,2026-06-12 18:30:00,29705.3,29711.3,29667.1,29684.8,3745,10,0
2026-06-12 20:45:00,2026-06-12 18:45:00,29684.0,29708.3,29633.3,29666.2,3571,10,0
2026-06-12 21:00:00,2026-06-12 19:00:00,29667.8,29689.8,29613.0,29635.1,3699,10,0
2026-06-12 21:15:00,2026-06-12 19:15:00,29635.2,29657.2,29593.7,29649.3,3641,10,0
2026-06-12 21:30:00,2026-06-12 19:30:00,29649.5,29703.0,29648.8,29695.5,3433,10,0
2026-06-12 21:45:00,2026-06-12 19:45:00,29695.2,29697.1,29624.7,29631.0,3584,10,0
2026-06-12 22:00:00,2026-06-12 20:00:00,29629.7,29695.2,29624.2,29649.0,3605,10,0
2026-06-12 22:15:00,2026-06-12 20:15:00,29649.1,29680.8,29629.0,29647.5,3569,10,0
2026-06-12 22:30:00,2026-06-12 20:30:00,29644.5,29667.5,29565.8,29621.8,3855,10,0
2026-06-12 22:45:00,2026-06-12 20:45:00,29622.0,29668.1,29596.5,29640.3,3776,10,0
2026-06-12 23:00:00,2026-06-12 21:00:00,29636.3,29704.1,29635.1,29699.5,3025,10,0
2026-06-12 23:15:00,2026-06-12 21:15:00,29699.5,29714.8,29671.8,29672.7,2135,15,0
2026-06-12 23:30:00,2026-06-12 21:30:00,29672.7,29686.1,29659.0,29664.2,1870,15,0
2026-06-12 23:45:00,2026-06-12 21:45:00,29664.2,29672.2,29651.5,29654.5,1182,15,0
2026-06-15 01:00:00,2026-06-14 23:00:00,29987.1,30078.2,29957.4,30053.9,2908,15,0
2026-06-15 01:15:00,2026-06-14 23:15:00,30053.9,30087.1,30018.1,30049.3,2627,15,0
2026-06-15 01:30:00,2026-06-14 23:30:00,30049.3,30067.6,30005.7,30028.7,2825,15,0
2026-06-15 01:45:00,2026-06-14 23:45:00,30028.6,30065.8,30021.3,30043.8,2320,15,0
2026-06-15 02:00:00,2026-06-15 00:00:00,30043.7,30063.2,30014.2,30016.2,2294,15,0
2026-06-15 02:15:00,2026-06-15 00:15:00,30016.2,30040.8,29984.3,30028.1,2259,15,0
2026-06-15 02:30:00,2026-06-15 00:30:00,30028.4,30052.1,30025.8,30036.3,1941,15,0
2026-06-15 02:45:00,2026-06-15 00:45:00,30036.3,30053.1,30012.4,30046.7,2591,15,0
2026-06-15 03:00:00,2026-06-15 01:00:00,30047.1,30156.3,30037.1,30146.4,3206,15,0
2026-06-15 03:15:00,2026-06-15 01:15:00,30146.9,30164.6,30126.8,30153.6,3036,15,0
2026-06-15 03:30:00,2026-06-15 01:30:00,30153.6,30156.7,30124.4,30134.8,2684,15,0
2026-06-15 03:45:00,2026-06-15 01:45:00,30134.9,30146.8,30124.3,30132.7,2609,15,0
2026-06-15 04:00:00,2026-06-15 02:00:00,30132.7,30164.2,30119.8,30155.9,2934,15,0
2026-06-15 04:15:00,2026-06-15 02:15:00,30155.8,30163.4,30132.9,30151.3,2598,15,0
2026-06-15 04:30:00,2026-06-15 02:30:00,30151.4,30177.3,30137.6,30176.1,2536,15,0
2026-06-15 04:45:00,2026-06-15 02:45:00,30175.9,30177.4,30150.1,30162.1,2190,15,0
2026-06-15 05:00:00,2026-06-15 03:00:00,30162.1,30182.9,30157.3,30179.1,2389,15,0
2026-06-15 05:15:00,2026-06-15 03:15:00,30179.1,30201.3,30175.4,30198.8,2020,15,0
2026-06-15 05:30:00,2026-06-15 03:30:00,30199.7,30204.4,30181.9,30188.8,1943,15,0
2026-06-15 05:45:00,2026-06-15 03:45:00,30188.7,30201.2,30185.6,30195.2,1843,15,0
2026-06-15 06:00:00,2026-06-15 04:00:00,30195.1,30197.2,30179.4,30196.6,2110,15,0
2026-06-15 06:15:00,2026-06-15 04:15:00,30196.3,30210.1,30195.8,30198.6,1924,15,0
2026-06-15 06:30:00,2026-06-15 04:30:00,30198.6,30211.9,30186.2,30190.1,2152,15,0
2026-06-15 06:45:00,2026-06-15 04:45:00,30189.7,30193.8,30176.3,30181.2,2046,15,0
2026-06-15 07:00:00,2026-06-15 05:00:00,30180.9,30187.7,30165.3,30174.8,2140,15,0
2026-06-15 07:15:00,2026-06-15 05:15:00,30174.7,30209.3,30174.6,30206.3,1847,15,0
2026-06-15 07:30:00,2026-06-15 05:30:00,30206.3,30221.9,30200.1,30217.6,2060,15,0
2026-06-15 07:45:00,2026-06-15 05:45:00,30217.6,30225.6,30207.1,30224.3,1920,15,0
2026-06-15 08:00:00,2026-06-15 06:00:00,30224.2,30236.4,30216.3,30233.8,2306,15,0
2026-06-15 08:15:00,2026-06-15 06:15:00,30233.8,30237.8,30219.7,30227.6,1929,15,0
2026-06-15 08:30:00,2026-06-15 06:30:00,30227.4,30232.9,30198.3,30219.1,2404,15,0
2026-06-15 08:45:00,2026-06-15 06:45:00,30219.2,30229.6,30201.2,30228.3,2040,15,0
2026-06-15 09:00:00,2026-06-15 07:00:00,30228.3,30238.8,30221.5,30228.4,2572,13,0
2026-06-15 09:15:00,2026-06-15 07:15:00,30228.4,30250.7,30214.3,30235.4,2486,13,0
2026-06-15 09:30:00,2026-06-15 07:30:00,30235.3,30248.8,30216.5,30244.9,2364,13,0
2026-06-15 09:45:00,2026-06-15 07:45:00,30245.0,30250.5,30230.4,30243.4,2016,13,0
2026-06-15 10:00:00,2026-06-15 08:00:00,30243.4,30252.2,30214.5,30227.5,2696,13,0
2026-06-15 10:15:00,2026-06-15 08:15:00,30228.0,30258.7,30226.3,30247.3,2618,13,0
2026-06-15 10:30:00,2026-06-15 08:30:00,30247.3,30262.9,30231.8,30246.8,2568,13,0
2026-06-15 10:45:00,2026-06-15 08:45:00,30246.9,30261.0,30236.0,30238.3,2499,13,0
2026-06-15 11:00:00,2026-06-15 09:00:00,30238.2,30281.2,30232.3,30272.5,2979,13,0
2026-06-15 11:15:00,2026-06-15 09:15:00,30272.5,30297.9,30257.0,30293.2,2669,13,0
2026-06-15 11:30:00,2026-06-15 09:30:00,30293.5,30307.4,30288.7,30301.9,2367,13,0
2026-06-15 11:45:00,2026-06-15 09:45:00,30301.8,30317.7,30276.3,30281.2,2441,13,0
2026-06-15 12:00:00,2026-06-15 10:00:00,30281.2,30292.9,30262.0,30267.4,2324,13,0
2026-06-15 12:15:00,2026-06-15 10:15:00,30267.4,30267.4,30224.5,30229.2,2616,13,0
2026-06-15 12:30:00,2026-06-15 10:30:00,30229.0,30230.9,30210.5,30212.7,2497,13,0
2026-06-15 12:45:00,2026-06-15 10:45:00,30212.4,30245.4,30199.7,30238.2,2202,13,0
2026-06-15 13:00:00,2026-06-15 11:00:00,30238.2,30252.4,30231.8,30250.3,2195,13,0
2026-06-15 13:15:00,2026-06-15 11:15:00,30250.3,30260.4,30232.0,30257.0,1996,13,0
2026-06-15 13:30:00,2026-06-15 11:30:00,30257.4,30257.9,30221.2,30236.2,2079,13,0
2026-06-15 13:45:00,2026-06-15 11:45:00,30236.3,30258.7,30236.3,30251.4,2082,13,0
2026-06-15 14:00:00,2026-06-15 12:00:00,30251.4,30290.8,30246.8,30285.7,2587,13,0
2026-06-15 14:15:00,2026-06-15 12:15:00,30285.8,30306.2,30284.9,30303.9,2455,13,0
2026-06-15 14:30:00,2026-06-15 12:30:00,30303.9,30312.4,30264.7,30269.8,2552,13,0
2026-06-15 14:45:00,2026-06-15 12:45:00,30269.7,30308.7,30262.4,30289.9,2823,13,0
2026-06-15 15:00:00,2026-06-15 13:00:00,30289.9,30307.5,30279.2,30288.8,2847,13,0
2026-06-15 15:15:00,2026-06-15 13:15:00,30288.8,30295.8,30252.7,30261.0,2945,13,0
2026-06-15 15:30:00,2026-06-15 13:30:00,30261.0,30275.2,30243.2,30250.0,2908,13,0
2026-06-15 15:45:00,2026-06-15 13:45:00,30250.0,30277.9,30231.2,30273.4,2860,13,0
2026-06-15 16:00:00,2026-06-15 14:00:00,30273.3,30293.0,30257.7,30293.0,2834,13,0
2026-06-15 16:15:00,2026-06-15 14:15:00,30292.9,30333.3,30285.5,30326.9,3056,13,0
2026-06-15 16:30:00,2026-06-15 14:30:00,30325.9,30422.7,30298.0,30395.7,4189,10,0
2026-06-15 16:45:00,2026-06-15 14:45:00,30393.8,30489.7,30388.9,30393.8,4068,10,0
2026-06-15 17:00:00,2026-06-15 15:00:00,30394.1,30455.1,30372.7,30421.4,4150,10,0
2026-06-15 17:15:00,2026-06-15 15:15:00,30421.6,30453.1,30364.9,30450.6,4100,10,0
2026-06-15 17:30:00,2026-06-15 15:30:00,30451.4,30459.9,30392.7,30408.4,4047,10,0
2026-06-15 17:45:00,2026-06-15 15:45:00,30407.4,30483.6,30400.8,30468.3,3911,10,0
2026-06-15 18:00:00,2026-06-15 16:00:00,30468.6,30520.9,30466.6,30512.6,3736,10,0
2026-06-15 18:15:00,2026-06-15 16:15:00,30512.4,30544.4,30494.7,30540.8,3421,10,0
2026-06-15 18:30:00,2026-06-15 16:30:00,30540.8,30547.1,30496.4,30528.9,3483,10,0
2026-06-15 18:45:00,2026-06-15 16:45:00,30527.8,30580.6,30527.8,30572.7,3493,10,0
2026-06-15 19:00:00,2026-06-15 17:00:00,30572.8,30594.8,30568.6,30581.3,3299,10,0
2026-06-15 19:15:00,2026-06-15 17:15:00,30581.4,30603.7,30561.6,30592.8,3335,10,0
2026-06-15 19:30:00,2026-06-15 17:30:00,30593.2,30605.6,30554.2,30571.6,3380,10,0
2026-06-15 19:45:00,2026-06-15 17:45:00,30571.6,30571.6,30543.3,30560.1,3452,10,0
2026-06-15 20:00:00,2026-06-15 18:00:00,30560.3,30578.1,30528.1,30545.9,3620,10,0
2026-06-15 20:15:00,2026-06-15 18:15:00,30546.1,30581.8,30540.8,30573.3,3415,10,0
2026-06-15 20:30:00,2026-06-15 18:30:00,30573.2,30581.9,30553.3,30565.2,3231,10,0
2026-06-15 20:45:00,2026-06-15 18:45:00,30565.3,30575.1,30544.8,30548.8,3125,10,0
2026-06-15 21:00:00,2026-06-15 19:00:00,30548.8,30561.4,30524.1,30557.9,3463,10,0
2026-06-15 21:15:00,2026-06-15 19:15:00,30557.9,30569.1,30528.6,30531.9,3326,10,0
2026-06-15 21:30:00,2026-06-15 19:30:00,30531.9,30576.9,30516.7,30573.9,3346,10,0
2026-06-15 21:45:00,2026-06-15 19:45:00,30572.9,30582.6,30546.4,30553.6,3131,10,0
2026-06-15 22:00:00,2026-06-15 20:00:00,30553.3,30563.6,30534.1,30550.4,3398,10,0
2026-06-15 22:15:00,2026-06-15 20:15:00,30550.7,30562.3,30523.9,30524.3,3318,10,0
2026-06-15 22:30:00,2026-06-15 20:30:00,30524.3,30556.7,30513.7,30547.4,3437,10,0
2026-06-15 22:45:00,2026-06-15 20:45:00,30547.4,30567.8,30507.1,30562.3,3662,10,0
2026-06-15 23:00:00,2026-06-15 21:00:00,30563.1,30580.9,30544.2,30560.6,2739,10,0
2026-06-15 23:15:00,2026-06-15 21:15:00,30560.7,30563.7,30533.9,30538.2,1878,15,0
2026-06-15 23:30:00,2026-06-15 21:30:00,30538.1,30547.8,30518.2,30522.2,1793,15,0
2026-06-15 23:45:00,2026-06-15 21:45:00,30522.2,30531.1,30516.2,30525.1,1583,15,0
2026-06-16 01:00:00,2026-06-15 23:00:00,30548.0,30559.3,30470.4,30490.3,1646,15,0
2026-06-16 01:15:00,2026-06-15 23:15:00,30490.3,30493.8,30449.5,30478.3,1798,15,0
2026-06-16 01:30:00,2026-06-15 23:30:00,30478.3,30486.6,30465.5,30474.0,1198,15,0
2026-06-16 01:45:00,2026-06-15 23:45:00,30474.0,30507.8,30468.9,30500.4,1255,15,0
2026-06-16 02:00:00,2026-06-16 00:00:00,30500.4,30509.6,30489.8,30498.4,1113,15,0
2026-06-16 02:15:00,2026-06-16 00:15:00,30498.4,30524.3,30487.9,30520.8,1148,15,0
2026-06-16 02:30:00,2026-06-16 00:30:00,30520.8,30522.3,30500.8,30515.1,1046,15,0
2026-06-16 02:45:00,2026-06-16 00:45:00,30515.1,30535.9,30504.9,30527.4,1583,15,0
2026-06-16 03:00:00,2026-06-16 01:00:00,30527.4,30539.1,30489.6,30527.5,2856,15,0
2026-06-16 03:15:00,2026-06-16 01:15:00,30527.1,30538.0,30494.4,30525.6,2833,15,0
2026-06-16 03:30:00,2026-06-16 01:30:00,30525.5,30546.3,30499.4,30503.5,3166,15,0
2026-06-16 03:45:00,2026-06-16 01:45:00,30503.5,30510.5,30461.8,30469.1,3283,15,0
2026-06-16 04:00:00,2026-06-16 02:00:00,30469.1,30490.1,30449.1,30467.3,3509,15,0
2026-06-16 04:15:00,2026-06-16 02:15:00,30467.4,30488.6,30462.3,30480.0,3313,15,0
2026-06-16 04:30:00,2026-06-16 02:30:00,30480.0,30490.9,30468.4,30481.3,3049,15,0
2026-06-16 04:45:00,2026-06-16 02:45:00,30481.3,30496.1,30462.6,30477.0,2825,15,0
2026-06-16 05:00:00,2026-06-16 03:00:00,30476.8,30492.8,30463.0,30470.1,2845,15,0
2026-06-16 05:15:00,2026-06-16 03:15:00,30469.9,30485.9,30469.6,30473.5,2436,15,0
2026-06-16 05:30:00,2026-06-16 03:30:00,30473.6,30498.3,30472.3,30490.8,2230,15,0
2026-06-16 05:45:00,2026-06-16 03:45:00,30490.8,30494.6,30466.3,30476.4,2242,15,0
2026-06-16 06:00:00,2026-06-16 04:00:00,30476.4,30492.4,30471.9,30475.8,2154,15,0
2026-06-16 06:15:00,2026-06-16 04:15:00,30475.8,30516.0,30473.8,30506.6,2592,15,0
2026-06-16 06:30:00,2026-06-16 04:30:00,30506.6,30549.0,30506.4,30539.6,2776,15,0
2026-06-16 06:45:00,2026-06-16 04:45:00,30539.6,30540.6,30514.9,30524.5,2550,15,0
2026-06-16 07:00:00,2026-06-16 05:00:00,30524.4,30529.6,30513.8,30524.1,2558,15,0
2026-06-16 07:15:00,2026-06-16 05:15:00,30524.0,30527.8,30503.8,30516.6,2338,15,0
2026-06-16 07:30:00,2026-06-16 05:30:00,30516.6,30524.0,30509.1,30510.4,2128,15,0
2026-06-16 07:45:00,2026-06-16 05:45:00,30510.5,30512.3,30487.6,30507.6,2548,15,0
2026-06-16 08:00:00,2026-06-16 06:00:00,30507.5,30537.1,30507.5,30526.4,2421,15,0
2026-06-16 08:15:00,2026-06-16 06:15:00,30526.4,30539.0,30524.3,30527.0,2187,15,0
2026-06-16 08:30:00,2026-06-16 06:30:00,30527.0,30531.8,30489.5,30501.3,2809,15,0
2026-06-16 08:45:00,2026-06-16 06:45:00,30500.8,30518.6,30495.6,30499.0,2609,15,0
2026-06-16 09:00:00,2026-06-16 07:00:00,30499.0,30531.0,30491.0,30519.0,2653,13,0
2026-06-16 09:15:00,2026-06-16 07:15:00,30518.6,30526.0,30505.5,30525.1,2398,13,0
2026-06-16 09:30:00,2026-06-16 07:30:00,30525.0,30530.5,30508.7,30510.1,2394,13,0
2026-06-16 09:45:00,2026-06-16 07:45:00,30510.0,30527.1,30504.7,30521.0,1827,13,0
2026-06-16 10:00:00,2026-06-16 08:00:00,30521.2,30541.5,30508.4,30514.9,2673,13,0
2026-06-16 10:15:00,2026-06-16 08:15:00,30514.9,30536.4,30511.2,30533.0,2411,13,0
2026-06-16 10:30:00,2026-06-16 08:30:00,30533.0,30537.4,30502.2,30502.5,2499,13,0
2026-06-16 10:45:00,2026-06-16 08:45:00,30502.5,30534.6,30501.5,30533.6,2440,13,0
2026-06-16 11:00:00,2026-06-16 09:00:00,30533.5,30579.6,30522.7,30564.1,2816,13,0
2026-06-16 11:15:00,2026-06-16 09:15:00,30564.5,30595.7,30564.5,30595.7,2632,13,0
2026-06-16 11:30:00,2026-06-16 09:30:00,30595.9,30599.4,30557.5,30581.0,2605,13,0
2026-06-16 11:45:00,2026-06-16 09:45:00,30581.0,30637.4,30564.7,30620.2,2528,13,0
2026-06-16 12:00:00,2026-06-16 10:00:00,30619.7,30624.6,30607.6,30614.2,2304,13,0
2026-06-16 12:15:00,2026-06-16 10:15:00,30614.2,30617.1,30574.4,30579.2,2387,13,0
2026-06-16 12:30:00,2026-06-16 10:30:00,30579.7,30601.9,30564.4,30574.9,2190,13,0
2026-06-16 12:45:00,2026-06-16 10:45:00,30574.9,30580.7,30556.6,30563.7,2385,13,0
2026-06-16 13:00:00,2026-06-16 11:00:00,30563.7,30591.2,30563.1,30590.9,2089,13,0
2026-06-16 13:15:00,2026-06-16 11:15:00,30590.7,30609.1,30579.4,30601.2,2036,13,0
2026-06-16 13:30:00,2026-06-16 11:30:00,30601.4,30625.1,30588.9,30618.6,2116,13,0
2026-06-16 13:45:00,2026-06-16 11:45:00,30618.7,30630.1,30605.7,30627.1,2063,13,0
2026-06-16 14:00:00,2026-06-16 12:00:00,30627.1,30657.1,30616.4,30652.1,2719,13,0
2026-06-16 14:15:00,2026-06-16 12:15:00,30652.2,30667.2,30630.5,30643.5,2518,13,0
2026-06-16 14:30:00,2026-06-16 12:30:00,30643.6,30652.1,30621.6,30649.2,2540,13,0
2026-06-16 14:45:00,2026-06-16 12:45:00,30649.2,30653.0,30632.2,30633.5,2326,13,0
2026-06-16 15:00:00,2026-06-16 13:00:00,30633.5,30645.5,30615.1,30616.1,2497,13,0
2026-06-16 15:15:00,2026-06-16 13:15:00,30616.2,30616.2,30532.9,30555.6,3272,13,0
2026-06-16 15:30:00,2026-06-16 13:30:00,30555.9,30563.7,30517.5,30524.9,3235,13,0
2026-06-16 15:45:00,2026-06-16 13:45:00,30524.9,30542.1,30509.5,30519.9,3079,13,0
2026-06-16 16:00:00,2026-06-16 14:00:00,30519.7,30528.5,30478.6,30514.1,3291,13,0
2026-06-16 16:15:00,2026-06-16 14:15:00,30514.0,30538.9,30502.6,30505.9,3118,13,0
2026-06-16 16:30:00,2026-06-16 14:30:00,30503.9,30553.4,30444.6,30511.9,4230,10,0
2026-06-16 16:45:00,2026-06-16 14:45:00,30512.0,30581.9,30494.0,30500.1,4124,10,0
2026-06-16 17:00:00,2026-06-16 15:00:00,30500.0,30549.3,30487.6,30509.9,4136,10,0
2026-06-16 17:15:00,2026-06-16 15:15:00,30509.6,30518.8,30366.9,30376.0,4211,10,0
2026-06-16 17:30:00,2026-06-16 15:30:00,30374.5,30408.1,30285.1,30375.9,4226,10,0
2026-06-16 17:45:00,2026-06-16 15:45:00,30375.1,30375.1,30257.6,30294.5,4128,10,0
2026-06-16 18:00:00,2026-06-16 16:00:00,30295.3,30357.3,30285.4,30316.8,4093,10,0
2026-06-16 18:15:00,2026-06-16 16:15:00,30316.4,30341.6,30194.3,30231.4,4072,10,0
2026-06-16 18:30:00,2026-06-16 16:30:00,30231.4,30268.3,30159.5,30168.6,4072,10,0
2026-06-16 18:45:00,2026-06-16 16:45:00,30167.6,30222.6,30101.3,30160.1,4118,10,0
2026-06-16 19:00:00,2026-06-16 17:00:00,30160.3,30259.1,30157.6,30227.3,3950,10,0
2026-06-16 19:15:00,2026-06-16 17:15:00,30226.3,30265.5,30206.4,30230.9,3878,10,0
2026-06-16 19:30:00,2026-06-16 17:30:00,30230.6,30234.9,30140.0,30194.6,3971,10,0
2026-06-16 19:45:00,2026-06-16 17:45:00,30194.4,30218.0,30144.8,30189.4,3836,10,0
2026-06-16 20:00:00,2026-06-16 18:00:00,30189.4,30190.1,30148.9,30173.0,3756,10,0
2026-06-16 20:15:00,2026-06-16 18:15:00,30173.3,30183.8,30121.9,30151.5,3769,10,0
2026-06-16 20:30:00,2026-06-16 18:30:00,30151.6,30160.9,30097.0,30142.5,3769,10,0
2026-06-16 20:45:00,2026-06-16 18:45:00,30142.5,30214.1,30126.8,30170.6,3679,10,0
2026-06-16 21:00:00,2026-06-16 19:00:00,30170.1,30189.3,30165.6,30168.0,3521,10,0
2026-06-16 21:15:00,2026-06-16 19:15:00,30168.0,30178.5,30139.3,30164.6,3508,10,0
2026-06-16 21:30:00,2026-06-16 19:30:00,30164.3,30170.5,30123.0,30157.0,3446,10,0
2026-06-16 21:45:00,2026-06-16 19:45:00,30156.5,30163.3,30117.9,30135.3,3384,10,0
2026-06-16 22:00:00,2026-06-16 20:00:00,30135.5,30173.5,30084.8,30095.0,3754,10,0
2026-06-16 22:15:00,2026-06-16 20:15:00,30095.3,30144.1,30033.5,30137.1,3949,10,0
2026-06-16 22:30:00,2026-06-16 20:30:00,30138.6,30153.9,30061.4,30108.0,3996,10,0
2026-06-16 22:45:00,2026-06-16 20:45:00,30107.0,30112.8,29996.4,30007.6,4002,10,0
2026-06-16 23:00:00,2026-06-16 21:00:00,30006.0,30023.5,29988.9,30001.3,3225,15,0
2026-06-16 23:15:00,2026-06-16 21:15:00,30001.1,30005.0,29967.9,29994.6,2516,15,0
2026-06-16 23:30:00,2026-06-16 21:30:00,29994.6,30008.0,29984.9,30004.4,1948,15,0
2026-06-16 23:45:00,2026-06-16 21:45:00,30004.4,30010.0,29989.8,29993.4,1747,15,0
2026-06-17 01:00:00,2026-06-16 23:00:00,30037.4,30069.4,30027.6,30059.0,1081,15,0
2026-06-17 01:15:00,2026-06-16 23:15:00,30059.0,30072.9,30042.1,30063.8,1308,15,0
2026-06-17 01:30:00,2026-06-16 23:30:00,30063.8,30077.6,30036.1,30060.0,1240,15,0
2026-06-17 01:45:00,2026-06-16 23:45:00,30060.0,30084.4,30049.1,30075.3,1194,15,0
2026-06-17 02:00:00,2026-06-17 00:00:00,30075.3,30076.6,30024.6,30047.5,1533,15,0
2026-06-17 02:15:00,2026-06-17 00:15:00,30047.6,30049.8,30023.0,30029.9,1209,15,0
2026-06-17 02:30:00,2026-06-17 00:30:00,30029.9,30050.8,30018.3,30028.0,1578,15,0
2026-06-17 02:45:00,2026-06-17 00:45:00,30028.0,30043.4,30005.8,30026.0,2152,15,0
2026-06-17 03:00:00,2026-06-17 01:00:00,30026.0,30077.9,30026.0,30052.6,3237,15,0
2026-06-17 03:15:00,2026-06-17 01:15:00,30053.4,30081.4,30052.9,30075.8,3019,15,0
2026-06-17 03:30:00,2026-06-17 01:30:00,30075.5,30098.5,30069.3,30086.8,2833,15,0
2026-06-17 03:45:00,2026-06-17 01:45:00,30086.0,30088.0,30063.9,30079.8,2747,15,0
2026-06-17 04:00:00,2026-06-17 02:00:00,30079.8,30105.8,30063.8,30097.6,2923,15,0
2026-06-17 04:15:00,2026-06-17 02:15:00,30097.6,30119.0,30085.5,30113.6,2432,15,0
2026-06-17 04:30:00,2026-06-17 02:30:00,30113.6,30136.4,30107.6,30120.1,2392,15,0
2026-06-17 04:45:00,2026-06-17 02:45:00,30119.9,30145.8,30119.6,30143.0,2219,15,0
2026-06-17 05:00:00,2026-06-17 03:00:00,30143.3,30152.5,30133.9,30151.5,2111,15,0
2026-06-17 05:15:00,2026-06-17 03:15:00,30151.6,30159.0,30138.9,30148.0,1993,15,0
2026-06-17 05:30:00,2026-06-17 03:30:00,30148.1,30149.8,30130.6,30147.3,2133,15,0
2026-06-17 05:45:00,2026-06-17 03:45:00,30147.9,30148.1,30129.1,30136.9,1935,15,0
2026-06-17 06:00:00,2026-06-17 04:00:00,30136.9,30151.6,30127.9,30128.3,1918,15,0
2026-06-17 06:15:00,2026-06-17 04:15:00,30128.8,30131.9,30113.8,30129.0,2250,15,0
2026-06-17 06:30:00,2026-06-17 04:30:00,30128.6,30161.3,30125.0,30152.1,2380,15,0
2026-06-17 06:45:00,2026-06-17 04:45:00,30151.9,30165.6,30149.4,30162.5,2036,15,0
2026-06-17 07:00:00,2026-06-17 05:00:00,30161.9,30168.4,30155.5,30160.6,1858,15,0
2026-06-17 07:15:00,2026-06-17 05:15:00,30160.5,30178.0,30158.6,30170.6,1808,15,0
2026-06-17 07:30:00,2026-06-17 05:30:00,30170.6,30174.9,30143.8,30149.1,2317,15,0
2026-06-17 07:45:00,2026-06-17 05:45:00,30149.1,30182.8,30147.8,30182.6,2047,15,0
2026-06-17 08:00:00,2026-06-17 06:00:00,30182.5,30195.3,30177.9,30180.6,2099,15,0
2026-06-17 08:15:00,2026-06-17 06:15:00,30180.6,30201.1,30176.8,30188.1,2005,15,0
2026-06-17 08:30:00,2026-06-17 06:30:00,30187.8,30216.3,30184.5,30208.4,1942,15,0
2026-06-17 08:45:00,2026-06-17 06:45:00,30208.4,30223.0,30192.6,30197.0,2133,15,0
2026-06-17 09:00:00,2026-06-17 07:00:00,30197.0,30219.0,30187.9,30208.5,2440,13,0
2026-06-17 09:15:00,2026-06-17 07:15:00,30208.5,30212.7,30186.4,30188.4,2288,13,0
2026-06-17 09:30:00,2026-06-17 07:30:00,30188.2,30231.4,30181.4,30229.4,2348,13,0
2026-06-17 09:45:00,2026-06-17 07:45:00,30229.0,30242.0,30227.2,30240.5,1585,13,0
2026-06-17 10:00:00,2026-06-17 08:00:00,30240.5,30274.9,30240.1,30271.6,2363,13,0
2026-06-17 10:15:00,2026-06-17 08:15:00,30271.6,30275.6,30235.2,30248.5,2373,13,0
2026-06-17 10:30:00,2026-06-17 08:30:00,30249.0,30269.2,30240.1,30257.1,2225,13,0
2026-06-17 10:45:00,2026-06-17 08:45:00,30257.1,30262.9,30246.0,30256.2,2236,13,0
2026-06-17 11:00:00,2026-06-17 09:00:00,30256.2,30280.7,30231.9,30235.2,2816,13,0
2026-06-17 11:15:00,2026-06-17 09:15:00,30235.4,30246.9,30210.5,30216.1,2819,13,0
2026-06-17 11:30:00,2026-06-17 09:30:00,30216.2,30221.2,30175.1,30182.4,3020,13,0
2026-06-17 11:45:00,2026-06-17 09:45:00,30182.4,30210.4,30161.2,30205.6,2610,13,0
2026-06-17 12:00:00,2026-06-17 10:00:00,30206.2,30221.4,30188.0,30201.4,2376,13,0
2026-06-17 12:15:00,2026-06-17 10:15:00,30201.5,30216.0,30188.1,30213.1,2459,13,0
2026-06-17 12:30:00,2026-06-17 10:30:00,30212.9,30222.7,30182.4,30194.9,2404,13,0
2026-06-17 12:45:00,2026-06-17 10:45:00,30194.9,30201.4,30145.6,30158.9,2614,13,0
2026-06-17 13:00:00,2026-06-17 11:00:00,30159.1,30160.2,30117.4,30147.4,2716,13,0
2026-06-17 13:15:00,2026-06-17 11:15:00,30147.5,30175.6,30132.5,30159.0,2218,13,0
2026-06-17 13:30:00,2026-06-17 11:30:00,30159.0,30183.1,30148.2,30182.1,2057,13,0
2026-06-17 13:45:00,2026-06-17 11:45:00,30182.1,30194.9,30152.0,30155.9,2415,13,0
2026-06-17 14:00:00,2026-06-17 12:00:00,30155.7,30179.0,30138.7,30175.5,2500,13,0
2026-06-17 14:15:00,2026-06-17 12:15:00,30175.5,30188.4,30158.6,30165.6,2328,13,0
2026-06-17 14:30:00,2026-06-17 12:30:00,30165.9,30168.0,30130.2,30133.1,2560,13,0
2026-06-17 14:45:00,2026-06-17 12:45:00,30133.0,30141.9,30084.5,30111.7,2928,13,0
2026-06-17 15:00:00,2026-06-17 13:00:00,30111.9,30161.4,30111.5,30156.4,2745,13,0
2026-06-17 15:15:00,2026-06-17 13:15:00,30156.5,30176.0,30137.0,30161.6,2731,13,0
2026-06-17 15:30:00,2026-06-17 13:30:00,30160.0,30216.5,30159.1,30202.6,3090,13,0
2026-06-17 15:45:00,2026-06-17 13:45:00,30202.5,30210.0,30180.2,30187.4,2672,13,0
2026-06-17 16:00:00,2026-06-17 14:00:00,30187.4,30190.7,30161.7,30177.6,3048,13,0
2026-06-17 16:15:00,2026-06-17 14:15:00,30178.0,30226.2,30176.6,30225.0,3048,13,0
2026-06-17 16:30:00,2026-06-17 14:30:00,30224.9,30224.9,30095.1,30216.1,4211,10,0
2026-06-17 16:45:00,2026-06-17 14:45:00,30216.9,30236.4,30043.6,30046.4,4195,10,0
2026-06-17 17:00:00,2026-06-17 15:00:00,30043.6,30143.9,30017.0,30140.3,4208,10,0
2026-06-17 17:15:00,2026-06-17 15:15:00,30140.4,30240.6,30131.8,30207.4,4073,10,0
2026-06-17 17:30:00,2026-06-17 15:30:00,30206.1,30211.8,30070.6,30129.6,4147,10,0
2026-06-17 17:45:00,2026-06-17 15:45:00,30130.1,30159.0,29992.3,30055.9,4157,10,0
2026-06-17 18:00:00,2026-06-17 16:00:00,30057.4,30115.4,30043.4,30106.8,4028,10,0
2026-06-17 18:15:00,2026-06-17 16:15:00,30106.6,30154.1,30090.3,30115.9,4015,10,0
2026-06-17 18:30:00,2026-06-17 16:30:00,30114.4,30146.3,30097.5,30111.1,3893,10,0
2026-06-17 18:45:00,2026-06-17 16:45:00,30111.4,30154.9,30109.3,30145.3,3711,10,0
2026-06-17 19:00:00,2026-06-17 17:00:00,30145.9,30167.1,30119.0,30137.0,3550,10,0
2026-06-17 19:15:00,2026-06-17 17:15:00,30137.4,30168.0,30123.9,30153.6,3292,10,0
2026-06-17 19:30:00,2026-06-17 17:30:00,30154.3,30167.6,30116.8,30126.9,3440,10,0
2026-06-17 19:45:00,2026-06-17 17:45:00,30127.3,30128.0,30093.4,30106.9,3360,10,0
2026-06-17 20:00:00,2026-06-17 18:00:00,30105.9,30106.4,30025.3,30073.8,3520,10,0
2026-06-17 20:15:00,2026-06-17 18:15:00,30073.8,30121.8,30049.5,30114.4,3553,10,0
2026-06-17 20:30:00,2026-06-17 18:30:00,30114.5,30116.0,30077.9,30090.5,3416,10,0
2026-06-17 20:45:00,2026-06-17 18:45:00,30090.8,30157.0,30081.4,30156.8,3325,10,0
2026-06-17 21:00:00,2026-06-17 19:00:00,30164.3,30164.3,29770.9,29952.6,4295,10,0
2026-06-17 21:15:00,2026-06-17 19:15:00,29952.8,30036.4,29878.3,29939.1,4235,10,0
2026-06-17 21:30:00,2026-06-17 19:30:00,29938.0,30213.5,29909.0,30201.6,4339,10,0
2026-06-17 21:45:00,2026-06-17 19:45:00,30201.4,30204.5,29917.5,29972.3,4239,10,0
2026-06-17 22:00:00,2026-06-17 20:00:00,29972.1,30066.3,29899.8,30049.5,4317,10,0
2026-06-17 22:15:00,2026-06-17 20:15:00,30049.9,30058.4,29798.8,29830.0,4279,10,0
2026-06-17 22:30:00,2026-06-17 20:30:00,29826.4,29858.5,29629.1,29656.1,4317,10,0
2026-06-17 22:45:00,2026-06-17 20:45:00,29657.6,29749.9,29620.3,29693.1,4253,10,0
2026-06-17 23:00:00,2026-06-17 21:00:00,29689.0,29785.8,29689.0,29724.5,3694,10,0
2026-06-17 23:15:00,2026-06-17 21:15:00,29723.4,29829.8,29712.9,29819.9,3186,15,0
2026-06-17 23:30:00,2026-06-17 21:30:00,29819.8,29854.9,29807.9,29830.3,2663,15,0
2026-06-17 23:45:00,2026-06-17 21:45:00,29830.3,29833.0,29806.6,29832.3,2179,15,0
2026-06-18 01:00:00,2026-06-17 23:00:00,29857.9,29904.3,29796.3,29889.4,2829,15,0
2026-06-18 01:15:00,2026-06-17 23:15:00,29889.4,29954.5,29882.4,29927.8,2497,15,0
2026-06-18 01:30:00,2026-06-17 23:30:00,29927.8,29947.0,29920.0,29929.7,1817,15,0
2026-06-18 01:45:00,2026-06-17 23:45:00,29929.7,29958.9,29929.0,29935.5,1715,15,0
2026-06-18 02:00:00,2026-06-18 00:00:00,29935.5,29963.7,29926.0,29963.4,1866,15,0
2026-06-18 02:15:00,2026-06-18 00:15:00,29963.4,29999.8,29959.3,29990.5,2051,15,0
2026-06-18 02:30:00,2026-06-18 00:30:00,29990.5,30003.9,29968.9,29974.8,2077,15,0
2026-06-18 02:45:00,2026-06-18 00:45:00,29975.4,30011.7,29969.7,30011.7,2286,15,0
2026-06-18 03:00:00,2026-06-18 01:00:00,30011.4,30123.8,30006.8,30118.3,3622,15,0
2026-06-18 03:15:00,2026-06-18 01:15:00,30118.3,30129.9,30056.5,30084.4,3528,15,0
2026-06-18 03:30:00,2026-06-18 01:30:00,30084.2,30115.9,30079.2,30109.8,3213,15,0
2026-06-18 03:45:00,2026-06-18 01:45:00,30109.5,30114.3,30055.3,30067.2,3358,15,0
2026-06-18 04:00:00,2026-06-18 02:00:00,30067.2,30138.9,30063.4,30129.7,3488,15,0
2026-06-18 04:15:00,2026-06-18 02:15:00,30129.7,30133.4,30096.9,30107.3,3301,15,0
2026-06-18 04:30:00,2026-06-18 02:30:00,30107.3,30125.8,30091.3,30098.0,3260,15,0
2026-06-18 04:45:00,2026-06-18 02:45:00,30098.3,30100.7,30068.4,30081.3,3234,15,0
2026-06-18 05:00:00,2026-06-18 03:00:00,30081.3,30130.7,30074.2,30118.0,3034,15,0
2026-06-18 05:15:00,2026-06-18 03:15:00,30118.0,30120.8,30095.3,30102.0,2819,15,0
2026-06-18 05:30:00,2026-06-18 03:30:00,30101.3,30110.8,30084.9,30105.9,2621,15,0
2026-06-18 05:45:00,2026-06-18 03:45:00,30105.8,30114.3,30093.2,30101.2,2170,15,0
2026-06-18 06:00:00,2026-06-18 04:00:00,30101.2,30112.3,30076.5,30080.8,2467,15,0
2026-06-18 06:15:00,2026-06-18 04:15:00,30080.8,30110.0,30077.9,30104.4,2312,15,0
2026-06-18 06:30:00,2026-06-18 04:30:00,30104.0,30119.0,30070.7,30078.8,2803,15,0
2026-06-18 06:45:00,2026-06-18 04:45:00,30078.5,30107.7,30077.8,30100.2,2308,15,0
2026-06-18 07:00:00,2026-06-18 05:00:00,30100.3,30105.3,30054.4,30057.5,2583,15,0
2026-06-18 07:15:00,2026-06-18 05:15:00,30057.8,30070.7,30023.2,30031.8,2790,15,0
2026-06-18 07:30:00,2026-06-18 05:30:00,30031.9,30035.5,29994.3,29996.8,2758,15,0
2026-06-18 07:45:00,2026-06-18 05:45:00,29996.7,30047.9,29984.4,30041.7,2793,15,0
2026-06-18 08:00:00,2026-06-18 06:00:00,30041.5,30059.5,30025.3,30040.5,2728,15,0
2026-06-18 08:15:00,2026-06-18 06:15:00,30040.4,30071.9,30037.5,30062.8,2684,15,0
2026-06-18 08:30:00,2026-06-18 06:30:00,30062.8,30078.0,30038.4,30053.3,2808,15,0
2026-06-18 08:45:00,2026-06-18 06:45:00,30052.8,30057.4,30036.8,30054.7,2749,15,0
2026-06-18 09:00:00,2026-06-18 07:00:00,30054.7,30068.9,30022.9,30043.1,3207,13,0
2026-06-18 09:15:00,2026-06-18 07:15:00,30043.6,30084.3,30023.8,30081.6,3002,13,0
2026-06-18 09:30:00,2026-06-18 07:30:00,30081.1,30081.1,30035.6,30051.9,2683,13,0
2026-06-18 09:45:00,2026-06-18 07:45:00,30051.9,30124.0,30050.6,30119.9,2255,13,0
2026-06-18 10:00:00,2026-06-18 08:00:00,30120.1,30138.3,30087.8,30093.6,2901,13,0
2026-06-18 10:15:00,2026-06-18 08:15:00,30094.1,30133.9,30083.1,30129.4,2585,13,0
2026-06-18 10:30:00,2026-06-18 08:30:00,30129.6,30129.6,30100.8,30124.9,2643,13,0
2026-06-18 10:45:00,2026-06-18 08:45:00,30124.9,30144.4,30109.3,30143.6,2462,13,0
2026-06-18 11:00:00,2026-06-18 09:00:00,30145.8,30199.3,30141.3,30181.0,2960,13,0
2026-06-18 11:15:00,2026-06-18 09:15:00,30181.5,30186.0,30123.8,30129.1,2744,13,0
2026-06-18 11:30:00,2026-06-18 09:30:00,30130.8,30167.8,30122.8,30152.0,2770,13,0
2026-06-18 11:45:00,2026-06-18 09:45:00,30152.1,30155.9,30089.3,30097.9,2640,13,0
2026-06-18 12:00:00,2026-06-18 10:00:00,30097.6,30133.4,30088.3,30128.1,2752,13,0
2026-06-18 12:15:00,2026-06-18 10:15:00,30128.1,30149.6,30123.5,30135.3,2428,13,0
2026-06-18 12:30:00,2026-06-18 10:30:00,30135.3,30163.9,30125.5,30158.9,2322,13,0
2026-06-18 12:45:00,2026-06-18 10:45:00,30158.9,30195.1,30158.8,30189.3,2188,13,0
2026-06-18 13:00:00,2026-06-18 11:00:00,30188.5,30190.9,30162.4,30183.3,2479,13,0
2026-06-18 13:15:00,2026-06-18 11:15:00,30183.1,30194.0,30169.5,30174.5,2162,13,0
2026-06-18 13:30:00,2026-06-18 11:30:00,30175.0,30186.1,30128.0,30129.3,2550,13,0
2026-06-18 13:45:00,2026-06-18 11:45:00,30129.4,30142.6,30122.3,30135.3,2132,13,0
2026-06-18 14:00:00,2026-06-18 12:00:00,30135.3,30157.5,30083.6,30108.4,3059,13,0
2026-06-18 14:15:00,2026-06-18 12:15:00,30108.3,30113.4,30068.1,30103.6,3201,13,0
2026-06-18 14:30:00,2026-06-18 12:30:00,30103.3,30117.8,30060.6,30092.5,3103,13,0
2026-06-18 14:45:00,2026-06-18 12:45:00,30092.5,30123.9,30085.5,30123.3,2871,13,0
2026-06-18 15:00:00,2026-06-18 13:00:00,30123.4,30139.6,30097.0,30133.9,3066,13,0
2026-06-18 15:15:00,2026-06-18 13:15:00,30133.6,30173.6,30120.3,30171.8,3013,13,0
2026-06-18 15:30:00,2026-06-18 13:30:00,30170.8,30191.5,30158.5,30177.1,3079,13,0
2026-06-18 15:45:00,2026-06-18 13:45:00,30177.3,30236.5,30173.8,30215.6,3067,13,0
2026-06-18 16:00:00,2026-06-18 14:00:00,30215.5,30223.3,30168.9,30216.5,3428,13,0
2026-06-18 16:15:00,2026-06-18 14:15:00,30216.4,30311.8,30214.3,30301.6,3473,13,0
2026-06-18 16:30:00,2026-06-18 14:30:00,30300.0,30313.9,30094.3,30103.2,4287,10,0
2026-06-18 16:45:00,2026-06-18 14:45:00,30103.7,30240.4,30103.7,30169.3,4264,10,0
2026-06-18 17:00:00,2026-06-18 15:00:00,30168.8,30291.3,30151.2,30225.0,4210,10,0
2026-06-18 17:15:00,2026-06-18 15:15:00,30223.8,30342.8,30201.2,30221.5,4169,10,0
2026-06-18 17:30:00,2026-06-18 15:30:00,30221.0,30309.9,30165.0,30273.4,4141,10,0
2026-06-18 17:45:00,2026-06-18 15:45:00,30273.4,30360.8,30271.5,30322.9,4110,10,0
2026-06-18 18:00:00,2026-06-18 16:00:00,30323.4,30375.7,30286.3,30328.0,4092,10,0
2026-06-18 18:15:00,2026-06-18 16:15:00,30329.3,30346.3,30271.0,30284.2,4092,10,0
2026-06-18 18:30:00,2026-06-18 16:30:00,30283.4,30316.4,30202.7,30237.3,4122,10,0
2026-06-18 18:45:00,2026-06-18 16:45:00,30237.4,30351.4,30197.7,30341.5,4021,10,0
2026-06-18 19:00:00,2026-06-18 17:00:00,30341.8,30373.5,30329.9,30352.3,3820,10,0
2026-06-18 19:15:00,2026-06-18 17:15:00,30352.4,30391.2,30330.8,30382.5,3783,10,0
2026-06-18 19:30:00,2026-06-18 17:30:00,30382.5,30408.0,30363.9,30392.2,3733,10,0
2026-06-18 19:45:00,2026-06-18 17:45:00,30392.5,30398.3,30352.7,30385.0,3643,10,0
2026-06-18 20:00:00,2026-06-18 18:00:00,30386.0,30423.2,30358.2,30412.2,3579,10,0
2026-06-18 20:15:00,2026-06-18 18:15:00,30412.3,30434.9,30393.0,30409.7,3527,10,0
2026-06-18 20:30:00,2026-06-18 18:30:00,30410.0,30436.9,30409.7,30425.0,3417,10,0
2026-06-18 20:45:00,2026-06-18 18:45:00,30424.4,30434.0,30403.7,30408.3,3337,10,0
2026-06-18 21:00:00,2026-06-18 19:00:00,30408.9,30418.8,30393.0,30398.7,3499,10,0
2026-06-18 21:15:00,2026-06-18 19:15:00,30398.7,30410.4,30381.7,30393.3,3376,10,0
2026-06-18 21:30:00,2026-06-18 19:30:00,30393.8,30394.8,30366.9,30377.0,3474,10,0
2026-06-18 21:45:00,2026-06-18 19:45:00,30377.3,30418.3,30373.2,30390.5,3388,10,0
2026-06-18 22:00:00,2026-06-18 20:00:00,30391.0,30401.5,30345.8,30353.0,3718,10,0
2026-06-18 22:15:00,2026-06-18 20:15:00,30353.0,30399.0,30348.0,30388.8,3572,10,0
2026-06-18 22:30:00,2026-06-18 20:30:00,30388.8,30449.3,30359.9,30447.3,3682,10,0
2026-06-18 22:45:00,2026-06-18 20:45:00,30447.0,30483.5,30398.9,30399.8,4004,10,0
2026-06-18 23:00:00,2026-06-18 21:00:00,30393.5,30426.7,30383.9,30414.7,3306,10,0
2026-06-18 23:15:00,2026-06-18 21:15:00,30414.8,30443.3,30405.8,30430.9,2251,15,0
2026-06-18 23:30:00,2026-06-18 21:30:00,30430.9,30447.8,30413.9,30419.8,1795,15,0
2026-06-18 23:45:00,2026-06-18 21:45:00,30419.0,30421.9,30406.8,30421.9,1578,15,0
2026-06-19 01:00:00,2026-06-18 23:00:00,30452.3,30475.1,30416.3,30429.8,1902,15,0
2026-06-19 01:15:00,2026-06-18 23:15:00,30430.0,30430.8,30379.1,30391.1,1783,15,0
2026-06-19 01:30:00,2026-06-18 23:30:00,30391.1,30392.4,30355.5,30364.8,1691,15,0
2026-06-19 01:45:00,2026-06-18 23:45:00,30364.8,30383.0,30354.9,30366.6,1499,15,0
2026-06-19 02:00:00,2026-06-19 00:00:00,30366.5,30392.6,30361.4,30372.3,1482,15,0
2026-06-19 02:15:00,2026-06-19 00:15:00,30372.3,30401.9,30371.1,30387.3,1470,15,0
2026-06-19 02:30:00,2026-06-19 00:30:00,30387.3,30401.3,30374.9,30390.5,1450,15,0
2026-06-19 02:45:00,2026-06-19 00:45:00,30390.5,30407.1,30384.4,30395.9,2187,15,0
2026-06-19 03:00:00,2026-06-19 01:00:00,30395.8,30397.9,30338.5,30349.8,3355,15,0
2026-06-19 03:15:00,2026-06-19 01:15:00,30351.4,30366.0,30332.4,30350.0,3266,15,0
2026-06-19 03:30:00,2026-06-19 01:30:00,30350.0,30366.4,30341.3,30350.6,2957,15,0
2026-06-19 03:45:00,2026-06-19 01:45:00,30350.8,30362.8,30342.6,30346.4,2586,15,0
2026-06-19 04:00:00,2026-06-19 02:00:00,30346.4,30367.5,30316.0,30324.8,2835,15,0
2026-06-19 04:15:00,2026-06-19 02:15:00,30325.1,30341.3,30325.0,30333.5,2284,15,0
2026-06-19 04:30:00,2026-06-19 02:30:00,30333.5,30333.6,30305.8,30314.4,2472,15,0
2026-06-19 04:45:00,2026-06-19 02:45:00,30314.6,30321.1,30296.3,30299.4,2267,15,0
2026-06-19 05:00:00,2026-06-19 03:00:00,30299.4,30302.1,30282.8,30292.1,2412,15,0
2026-06-19 05:15:00,2026-06-19 03:15:00,30292.3,30312.9,30279.4,30309.1,2262,15,0
2026-06-19 05:30:00,2026-06-19 03:30:00,30309.1,30323.3,30304.3,30321.8,1959,15,0
2026-06-19 05:45:00,2026-06-19 03:45:00,30321.9,30322.5,30289.4,30296.6,1755,15,0
2026-06-19 06:00:00,2026-06-19 04:00:00,30297.8,30309.1,30280.4,30280.6,1680,15,0
2026-06-19 06:15:00,2026-06-19 04:15:00,30280.6,30283.8,30240.0,30243.5,2660,15,0
2026-06-19 06:30:00,2026-06-19 04:30:00,30243.5,30249.4,30216.3,30232.1,3168,15,0
2026-06-19 06:45:00,2026-06-19 04:45:00,30232.1,30239.3,30209.5,30222.0,2774,15,0
2026-06-19 07:00:00,2026-06-19 05:00:00,30222.6,30230.1,30171.9,30216.3,2970,15,0
2026-06-19 07:15:00,2026-06-19 05:15:00,30216.3,30222.6,30189.5,30206.6,2704,15,0
2026-06-19 07:30:00,2026-06-19 05:30:00,30206.4,30208.5,30164.9,30182.4,2771,15,0
2026-06-19 07:45:00,2026-06-19 05:45:00,30182.4,30183.0,30113.3,30137.8,2937,15,0
2026-06-19 08:00:00,2026-06-19 06:00:00,30137.6,30155.6,30116.8,30140.9,2852,15,0
2026-06-19 08:15:00,2026-06-19 06:15:00,30141.3,30153.4,30110.0,30135.5,2672,15,0
2026-06-19 08:30:00,2026-06-19 06:30:00,30135.5,30146.3,30093.5,30112.1,2799,15,0
2026-06-19 08:45:00,2026-06-19 06:45:00,30112.3,30187.3,30112.1,30186.5,2544,15,0
2026-06-19 09:00:00,2026-06-19 07:00:00,30185.5,30223.0,30182.8,30216.6,2571,13,0
2026-06-19 09:15:00,2026-06-19 07:15:00,30216.7,30239.1,30200.9,30228.0,2320,13,0
2026-06-19 09:30:00,2026-06-19 07:30:00,30227.4,30236.5,30206.9,30220.1,2136,13,0
2026-06-19 09:45:00,2026-06-19 07:45:00,30220.1,30265.2,30209.9,30258.7,1671,13,0
2026-06-19 10:00:00,2026-06-19 08:00:00,30258.6,30290.5,30256.0,30290.4,1904,13,0
2026-06-19 10:15:00,2026-06-19 08:15:00,30290.5,30307.9,30286.0,30307.2,1799,13,0
2026-06-19 10:30:00,2026-06-19 08:30:00,30308.1,30331.6,30297.5,30309.2,1857,13,0
2026-06-19 10:45:00,2026-06-19 08:45:00,30309.5,30336.5,30298.7,30333.7,1729,13,0
2026-06-19 11:00:00,2026-06-19 09:00:00,30333.7,30348.4,30311.5,30335.6,2010,13,0
2026-06-19 11:15:00,2026-06-19 09:15:00,30335.4,30352.0,30329.6,30346.1,1970,13,0
2026-06-19 11:30:00,2026-06-19 09:30:00,30347.7,30362.0,30327.7,30353.0,1790,13,0
2026-06-19 11:45:00,2026-06-19 09:45:00,30353.0,30363.5,30334.2,30352.9,1427,13,0
2026-06-19 12:00:00,2026-06-19 10:00:00,30352.9,30369.6,30326.2,30328.6,2137,13,0
2026-06-19 12:15:00,2026-06-19 10:15:00,30328.5,30343.5,30315.6,30318.9,1815,13,0
2026-06-19 12:30:00,2026-06-19 10:30:00,30318.7,30349.6,30318.0,30331.9,1639,13,0
2026-06-19 12:45:00,2026-06-19 10:45:00,30331.9,30351.6,30324.0,30330.0,2138,13,0
2026-06-19 13:00:00,2026-06-19 11:00:00,30330.1,30336.7,30306.0,30318.9,2055,13,0
2026-06-19 13:15:00,2026-06-19 11:15:00,30318.5,30321.0,30274.1,30281.2,1923,13,0
2026-06-19 13:30:00,2026-06-19 11:30:00,30281.2,30282.9,30243.2,30268.9,2380,13,0
2026-06-19 13:45:00,2026-06-19 11:45:00,30269.2,30293.9,30255.7,30277.5,2093,13,0
2026-06-19 14:00:00,2026-06-19 12:00:00,30278.2,30281.9,30241.6,30262.9,2266,13,0
2026-06-19 14:15:00,2026-06-19 12:15:00,30262.7,30283.5,30255.9,30263.1,1834,13,0
2026-06-19 14:30:00,2026-06-19 12:30:00,30263.1,30304.5,30261.5,30297.2,1711,13,0
2026-06-19 14:45:00,2026-06-19 12:45:00,30297.2,30299.4,30270.7,30294.9,1762,13,0
2026-06-19 15:00:00,2026-06-19 13:00:00,30294.9,30298.1,30274.5,30277.0,1799,13,0
2026-06-19 15:15:00,2026-06-19 13:15:00,30277.1,30283.0,30266.2,30267.2,1870,13,0
2026-06-19 15:30:00,2026-06-19 13:30:00,30267.2,30267.4,30231.7,30263.2,2470,13,0
2026-06-19 15:45:00,2026-06-19 13:45:00,30263.1,30373.0,30248.0,30356.6,3286,13,0
2026-06-19 16:00:00,2026-06-19 14:00:00,30356.6,30368.1,30331.9,30346.5,2979,13,0
2026-06-19 16:15:00,2026-06-19 14:15:00,30346.5,30358.0,30330.7,30351.9,2484,13,0
2026-06-19 16:30:00,2026-06-19 14:30:00,30349.7,30381.2,30338.1,30355.0,3178,10,0
2026-06-19 16:45:00,2026-06-19 14:45:00,30354.6,30397.6,30348.5,30386.5,3038,10,0
2026-06-19 17:00:00,2026-06-19 15:00:00,30386.8,30387.9,30357.6,30369.1,2940,10,0
2026-06-19 17:15:00,2026-06-19 15:15:00,30367.8,30381.4,30352.6,30373.0,2619,10,0
2026-06-19 17:30:00,2026-06-19 15:30:00,30372.8,30383.3,30361.6,30381.0,2362,10,0
2026-06-19 17:45:00,2026-06-19 15:45:00,30381.0,30401.9,30379.3,30394.5,2171,10,0
2026-06-19 18:00:00,2026-06-19 16:00:00,30394.4,30408.6,30388.1,30398.5,2099,10,0
2026-06-19 18:15:00,2026-06-19 16:15:00,30398.8,30400.6,30384.3,30400.6,2238,10,0
2026-06-19 18:30:00,2026-06-19 16:30:00,30400.6,30404.0,30357.5,30363.5,2683,10,0
2026-06-19 18:45:00,2026-06-19 16:45:00,30363.3,30396.0,30363.0,30388.0,1916,10,0
2026-06-19 19:00:00,2026-06-19 17:00:00,30388.1,30389.3,30362.9,30373.0,1485,10,0
2026-06-19 19:15:00,2026-06-19 17:15:00,30373.0,30389.8,30370.4,30387.1,1072,10,0
2026-06-19 19:30:00,2026-06-19 17:30:00,30387.3,30406.0,30381.1,30392.6,1235,10,0
2026-06-19 19:45:00,2026-06-19 17:45:00,30392.5,30404.6,30344.8,30350.6,1817,10,0
2026-06-19 20:00:00,2026-06-19 18:00:00,30350.6,30351.1,30350.6,30351.1,2,10,0
2026-06-22 01:00:00,2026-06-21 23:00:00,30279.7,30328.5,30191.7,30219.1,3313,15,0
2026-06-22 01:15:00,2026-06-21 23:15:00,30219.1,30274.6,30179.9,30266.5,2731,15,0
2026-06-22 01:30:00,2026-06-21 23:30:00,30266.6,30269.6,30225.6,30265.2,2447,15,0
2026-06-22 01:45:00,2026-06-21 23:45:00,30265.5,30284.9,30212.7,30235.1,2121,15,0
2026-06-22 02:00:00,2026-06-22 00:00:00,30236.4,30237.6,30155.4,30169.9,2908,15,0
2026-06-22 02:15:00,2026-06-22 00:15:00,30169.9,30179.1,30135.7,30153.0,2612,15,0
2026-06-22 02:30:00,2026-06-22 00:30:00,30153.2,30161.2,30067.4,30095.0,2865,15,0
2026-06-22 02:45:00,2026-06-22 00:45:00,30095.0,30110.6,30051.2,30066.9,3095,15,0
2026-06-22 03:00:00,2026-06-22 01:00:00,30067.0,30246.4,30063.1,30210.9,3769,15,0
2026-06-22 03:15:00,2026-06-22 01:15:00,30210.7,30279.4,30189.2,30279.0,3532,15,0
2026-06-22 03:30:00,2026-06-22 01:30:00,30278.9,30293.7,30263.6,30291.2,3211,15,0
2026-06-22 03:45:00,2026-06-22 01:45:00,30291.5,30336.9,30291.1,30330.5,3111,15,0
2026-06-22 04:00:00,2026-06-22 02:00:00,30330.6,30361.9,30327.2,30342.9,3329,15,0
2026-06-22 04:15:00,2026-06-22 02:15:00,30343.0,30372.0,30335.2,30364.9,3011,15,0
2026-06-22 04:30:00,2026-06-22 02:30:00,30364.9,30372.1,30347.1,30363.7,2942,15,0
2026-06-22 04:45:00,2026-06-22 02:45:00,30363.7,30367.9,30318.5,30320.7,3168,15,0
2026-06-22 05:00:00,2026-06-22 03:00:00,30320.7,30338.4,30306.5,30307.5,3068,15,0
2026-06-22 05:15:00,2026-06-22 03:15:00,30307.5,30335.0,30302.6,30302.6,2900,15,0
2026-06-22 05:30:00,2026-06-22 03:30:00,30302.5,30315.0,30296.2,30310.4,2758,15,0
2026-06-22 05:45:00,2026-06-22 03:45:00,30310.1,30311.5,30291.5,30298.0,2606,15,0
2026-06-22 06:00:00,2026-06-22 04:00:00,30298.1,30300.9,30263.5,30268.9,2783,15,0
2026-06-22 06:15:00,2026-06-22 04:15:00,30268.7,30322.6,30268.6,30316.7,2402,15,0
2026-06-22 06:30:00,2026-06-22 04:30:00,30316.7,30329.2,30307.2,30313.9,2346,15,0
2026-06-22 06:45:00,2026-06-22 04:45:00,30314.2,30324.0,30259.6,30269.4,2632,15,0
2026-06-22 07:00:00,2026-06-22 05:00:00,30269.2,30297.5,30262.6,30273.6,2524,15,0
2026-06-22 07:15:00,2026-06-22 05:15:00,30273.7,30289.0,30257.0,30261.0,2651,15,0
2026-06-22 07:30:00,2026-06-22 05:30:00,30260.7,30278.4,30238.1,30245.7,2942,15,0
2026-06-22 07:45:00,2026-06-22 05:45:00,30245.5,30304.7,30244.2,30296.6,2792,15,0
2026-06-22 08:00:00,2026-06-22 06:00:00,30296.6,30375.7,30285.9,30367.1,2814,15,0
2026-06-22 08:15:00,2026-06-22 06:15:00,30367.4,30376.6,30356.7,30372.7,2707,15,0
2026-06-22 08:30:00,2026-06-22 06:30:00,30373.0,30375.1,30343.5,30351.7,3072,15,0
2026-06-22 08:45:00,2026-06-22 06:45:00,30351.9,30366.0,30342.9,30354.1,2637,15,0
2026-06-22 09:00:00,2026-06-22 07:00:00,30354.1,30397.5,30351.1,30396.1,2808,13,0
2026-06-22 09:15:00,2026-06-22 07:15:00,30396.1,30451.6,30390.1,30444.0,2717,13,0
2026-06-22 09:30:00,2026-06-22 07:30:00,30443.5,30448.7,30418.3,30439.3,2267,13,0
2026-06-22 09:45:00,2026-06-22 07:45:00,30439.3,30456.1,30434.7,30451.0,1908,13,0
2026-06-22 10:00:00,2026-06-22 08:00:00,30450.6,30489.5,30447.3,30477.7,2772,13,0
2026-06-22 10:15:00,2026-06-22 08:15:00,30477.7,30495.0,30473.5,30488.0,2448,13,0
2026-06-22 10:30:00,2026-06-22 08:30:00,30487.8,30493.2,30459.5,30463.6,2319,13,0
2026-06-22 10:45:00,2026-06-22 08:45:00,30463.5,30480.6,30459.6,30472.7,2285,13,0
2026-06-22 11:00:00,2026-06-22 09:00:00,30472.5,30478.8,30412.2,30440.5,2865,13,0
2026-06-22 11:15:00,2026-06-22 09:15:00,30440.5,30443.3,30400.6,30413.8,2897,13,0
2026-06-22 11:30:00,2026-06-22 09:30:00,30414.1,30453.2,30406.1,30452.7,2585,13,0
2026-06-22 11:45:00,2026-06-22 09:45:00,30452.7,30455.1,30426.7,30444.0,2392,13,0
2026-06-22 12:00:00,2026-06-22 10:00:00,30444.0,30470.0,30424.0,30457.7,2642,13,0
2026-06-22 12:15:00,2026-06-22 10:15:00,30457.7,30459.5,30438.6,30445.2,2424,13,0
2026-06-22 12:30:00,2026-06-22 10:30:00,30445.2,30447.5,30417.7,30422.0,2402,13,0
2026-06-22 12:45:00,2026-06-22 10:45:00,30421.8,30429.8,30412.5,30413.6,2228,13,0
2026-06-22 13:00:00,2026-06-22 11:00:00,30413.7,30479.2,30413.2,30464.2,2527,13,0
2026-06-22 13:15:00,2026-06-22 11:15:00,30464.2,30474.1,30449.1,30454.8,2129,13,0
2026-06-22 13:30:00,2026-06-22 11:30:00,30454.8,30454.8,30416.7,30431.3,2229,13,0
2026-06-22 13:45:00,2026-06-22 11:45:00,30431.3,30449.6,30429.2,30433.6,2150,13,0
2026-06-22 14:00:00,2026-06-22 12:00:00,30433.6,30539.6,30425.3,30443.6,3262,13,0
2026-06-22 14:15:00,2026-06-22 12:15:00,30443.6,30463.7,30435.8,30452.1,2529,13,0
2026-06-22 14:30:00,2026-06-22 12:30:00,30452.0,30484.7,30451.1,30463.8,2525,13,0
2026-06-22 14:45:00,2026-06-22 12:45:00,30463.1,30475.2,30442.6,30469.8,2501,13,0
2026-06-22 15:00:00,2026-06-22 13:00:00,30470.1,30500.1,30466.1,30494.5,2562,13,0
2026-06-22 15:15:00,2026-06-22 13:15:00,30494.5,30539.8,30485.0,30537.2,2660,13,0
2026-06-22 15:30:00,2026-06-22 13:30:00,30537.2,30558.3,30519.1,30520.7,2969,13,0
2026-06-22 15:45:00,2026-06-22 13:45:00,30521.1,30533.0,30510.3,30515.0,2645,13,0
2026-06-22 16:00:00,2026-06-22 14:00:00,30515.0,30583.1,30515.0,30572.7,3352,13,0
2026-06-22 16:15:00,2026-06-22 14:15:00,30572.5,30584.6,30529.5,30532.8,3080,13,0
2026-06-22 16:30:00,2026-06-22 14:30:00,30535.0,30640.5,30471.7,30504.4,4233,10,0
2026-06-22 16:45:00,2026-06-22 14:45:00,30503.6,30649.9,30501.9,30648.7,4193,10,0
2026-06-22 17:00:00,2026-06-22 15:00:00,30650.7,30681.6,30611.9,30623.0,4128,10,0
2026-06-22 17:15:00,2026-06-22 15:15:00,30622.0,30625.4,30458.6,30469.7,4164,10,0
2026-06-22 17:30:00,2026-06-22 15:30:00,30470.1,30474.6,30327.7,30339.9,4252,10,0
2026-06-22 17:45:00,2026-06-22 15:45:00,30338.5,30395.1,30259.6,30353.9,4194,10,0
2026-06-22 18:00:00,2026-06-22 16:00:00,30353.6,30392.9,30317.1,30341.7,4121,10,0
2026-06-22 18:15:00,2026-06-22 16:15:00,30342.1,30368.4,30297.5,30312.5,4122,10,0
2026-06-22 18:30:00,2026-06-22 16:30:00,30312.1,30386.6,30289.6,30362.7,3958,10,0
2026-06-22 18:45:00,2026-06-22 16:45:00,30362.2,30387.0,30255.4,30270.4,3975,10,0
2026-06-22 19:00:00,2026-06-22 17:00:00,30271.1,30299.9,30218.1,30294.7,4047,10,0
2026-06-22 19:15:00,2026-06-22 17:15:00,30294.1,30328.9,30266.7,30303.0,3890,10,0
2026-06-22 19:30:00,2026-06-22 17:30:00,30303.9,30304.1,30240.4,30257.7,3919,10,0
2026-06-22 19:45:00,2026-06-22 17:45:00,30258.7,30316.1,30236.9,30302.1,3771,10,0
2026-06-22 20:00:00,2026-06-22 18:00:00,30303.0,30315.7,30247.1,30281.6,3710,10,0
2026-06-22 20:15:00,2026-06-22 18:15:00,30281.6,30324.5,30281.0,30309.5,3456,10,0
2026-06-22 20:30:00,2026-06-22 18:30:00,30310.1,30319.2,30273.1,30295.7,3654,10,0
2026-06-22 20:45:00,2026-06-22 18:45:00,30294.7,30363.6,30288.0,30328.5,3476,10,0
2026-06-22 21:00:00,2026-06-22 19:00:00,30328.7,30352.1,30315.6,30339.5,3391,10,0
2026-06-22 21:15:00,2026-06-22 19:15:00,30339.5,30376.6,30330.1,30341.5,3333,10,0
2026-06-22 21:30:00,2026-06-22 19:30:00,30341.2,30360.5,30294.5,30296.2,3362,10,0
2026-06-22 21:45:00,2026-06-22 19:45:00,30296.4,30318.5,30265.0,30272.5,3539,10,0
2026-06-22 22:00:00,2026-06-22 20:00:00,30272.5,30310.2,30248.2,30288.0,3556,10,0
2026-06-22 22:15:00,2026-06-22 20:15:00,30288.0,30301.5,30263.9,30265.9,3532,10,0
2026-06-22 22:30:00,2026-06-22 20:30:00,30266.0,30311.6,30266.0,30277.7,3562,10,0
2026-06-22 22:45:00,2026-06-22 20:45:00,30278.0,30385.6,30276.0,30365.1,3801,10,0
2026-06-22 23:00:00,2026-06-22 21:00:00,30367.4,30391.1,30352.9,30366.5,2809,10,0
2026-06-22 23:15:00,2026-06-22 21:15:00,30365.7,30387.2,30358.7,30362.0,2184,15,0
2026-06-22 23:30:00,2026-06-22 21:30:00,30362.2,30371.5,30361.0,30370.4,1575,15,0
2026-06-22 23:45:00,2026-06-22 21:45:00,30370.7,30386.0,30362.1,30385.0,1353,15,0
2026-06-23 01:00:00,2026-06-22 23:00:00,30385.3,30416.1,30363.5,30380.6,1803,15,0
2026-06-23 01:15:00,2026-06-22 23:15:00,30380.6,30391.0,30352.5,30358.2,1132,15,0
2026-06-23 01:30:00,2026-06-22 23:30:00,30358.3,30361.0,30286.5,30291.5,1971,15,0
2026-06-23 01:45:00,2026-06-22 23:45:00,30291.2,30310.7,30284.7,30299.6,1504,15,0
2026-06-23 02:00:00,2026-06-23 00:00:00,30299.6,30304.8,30274.1,30276.3,1435,15,0
2026-06-23 02:15:00,2026-06-23 00:15:00,30276.3,30290.8,30262.8,30288.6,1349,15,0
2026-06-23 02:30:00,2026-06-23 00:30:00,30288.7,30293.1,30277.2,30290.2,1107,15,0
2026-06-23 02:45:00,2026-06-23 00:45:00,30290.2,30295.2,30258.2,30293.1,2122,15,0
2026-06-23 03:00:00,2026-06-23 01:00:00,30292.7,30319.5,30235.8,30237.5,3334,15,0
2026-06-23 03:15:00,2026-06-23 01:15:00,30237.5,30262.5,30178.7,30211.6,3329,15,0
2026-06-23 03:30:00,2026-06-23 01:30:00,30212.7,30323.6,30199.3,30322.8,3491,15,0
2026-06-23 03:45:00,2026-06-23 01:45:00,30323.2,30352.5,30304.1,30318.3,3554,15,0
2026-06-23 04:00:00,2026-06-23 02:00:00,30319.0,30333.0,30298.6,30302.5,3604,15,0
2026-06-23 04:15:00,2026-06-23 02:15:00,30301.3,30311.3,30267.8,30283.7,3619,15,0
2026-06-23 04:30:00,2026-06-23 02:30:00,30282.5,30290.0,30183.8,30189.5,3698,15,0
2026-06-23 04:45:00,2026-06-23 02:45:00,30189.5,30197.8,30124.0,30177.6,3733,15,0
2026-06-23 05:00:00,2026-06-23 03:00:00,30177.2,30190.6,30118.8,30152.1,3699,15,0
2026-06-23 05:15:00,2026-06-23 03:15:00,30151.6,30182.3,30148.0,30172.6,3446,15,0
2026-06-23 05:30:00,2026-06-23 03:30:00,30172.7,30175.1,30139.3,30151.7,3131,15,0
2026-06-23 05:45:00,2026-06-23 03:45:00,30152.5,30156.5,30108.2,30122.3,3282,15,0
2026-06-23 06:00:00,2026-06-23 04:00:00,30122.2,30130.1,30074.8,30083.6,3248,15,0
2026-06-23 06:15:00,2026-06-23 04:15:00,30083.6,30096.2,30069.7,30083.6,3044,15,0
2026-06-23 06:30:00,2026-06-23 04:30:00,30083.6,30083.6,30018.8,30048.0,3454,15,0
2026-06-23 06:45:00,2026-06-23 04:45:00,30048.0,30119.3,30029.8,30116.8,3319,15,0
2026-06-23 07:00:00,2026-06-23 05:00:00,30117.5,30132.0,30053.2,30071.3,3112,15,0
2026-06-23 07:15:00,2026-06-23 05:15:00,30071.6,30071.7,30023.7,30047.8,3101,15,0
2026-06-23 07:30:00,2026-06-23 05:30:00,30047.8,30047.8,30004.3,30013.3,3085,15,0
2026-06-23 07:45:00,2026-06-23 05:45:00,30013.0,30021.7,29948.6,29958.8,3125,15,0
2026-06-23 08:00:00,2026-06-23 06:00:00,29959.1,29985.1,29945.8,29948.7,3539,15,0
2026-06-23 08:15:00,2026-06-23 06:15:00,29948.6,29959.8,29898.6,29904.3,3234,15,0
2026-06-23 08:30:00,2026-06-23 06:30:00,29904.0,29906.5,29838.8,29878.7,3557,15,0
2026-06-23 08:45:00,2026-06-23 06:45:00,29879.2,29886.3,29810.6,29825.6,3249,15,0
2026-06-23 09:00:00,2026-06-23 07:00:00,29825.6,29850.8,29785.8,29804.4,3729,13,0
2026-06-23 09:15:00,2026-06-23 07:15:00,29805.1,29826.3,29721.7,29736.6,3674,13,0
2026-06-23 09:30:00,2026-06-23 07:30:00,29739.1,29770.8,29697.9,29719.6,3539,13,0
2026-06-23 09:45:00,2026-06-23 07:45:00,29721.9,29755.3,29667.8,29688.8,3136,13,0
2026-06-23 10:00:00,2026-06-23 08:00:00,29687.3,29771.2,29662.3,29763.6,3583,13,0
2026-06-23 10:15:00,2026-06-23 08:15:00,29763.6,29768.6,29698.2,29727.4,3314,13,0
2026-06-23 10:30:00,2026-06-23 08:30:00,29727.2,29727.2,29658.2,29668.7,3523,13,0
2026-06-23 10:45:00,2026-06-23 08:45:00,29668.4,29687.3,29607.9,29625.6,3412,13,0
2026-06-23 11:00:00,2026-06-23 09:00:00,29625.8,29636.2,29539.8,29570.1,3730,13,0
2026-06-23 11:15:00,2026-06-23 09:15:00,29569.9,29575.4,29494.6,29517.3,3754,13,0
2026-06-23 11:30:00,2026-06-23 09:30:00,29517.2,29594.6,29516.6,29571.3,3622,13,0
2026-06-23 11:45:00,2026-06-23 09:45:00,29571.3,29571.6,29497.7,29543.2,3359,13,0
2026-06-23 12:00:00,2026-06-23 10:00:00,29545.7,29625.8,29542.1,29619.2,3252,13,0
2026-06-23 12:15:00,2026-06-23 10:15:00,29618.8,29650.1,29599.6,29634.3,3074,13,0
2026-06-23 12:30:00,2026-06-23 10:30:00,29634.3,29635.8,29580.6,29580.9,3061,13,0
2026-06-23 12:45:00,2026-06-23 10:45:00,29580.7,29611.4,29575.3,29603.4,2874,13,0
2026-06-23 13:00:00,2026-06-23 11:00:00,29603.6,29633.4,29571.3,29581.4,2886,13,0
2026-06-23 13:15:00,2026-06-23 11:15:00,29581.6,29597.9,29534.6,29541.8,3017,13,0
2026-06-23 13:30:00,2026-06-23 11:30:00,29542.1,29542.8,29469.9,29498.8,3142,13,0
2026-06-23 13:45:00,2026-06-23 11:45:00,29498.2,29541.4,29497.2,29534.9,3123,13,0
2026-06-23 14:00:00,2026-06-23 12:00:00,29535.1,29569.1,29505.6,29565.8,3305,13,0
2026-06-23 14:15:00,2026-06-23 12:15:00,29566.2,29584.2,29524.3,29530.4,3294,13,0
2026-06-23 14:30:00,2026-06-23 12:30:00,29530.4,29589.9,29519.3,29585.8,3211,13,0
2026-06-23 14:45:00,2026-06-23 12:45:00,29585.7,29601.3,29565.7,29589.9,3126,13,0
2026-06-23 15:00:00,2026-06-23 13:00:00,29590.2,29617.9,29531.2,29539.6,3234,13,0
2026-06-23 15:15:00,2026-06-23 13:15:00,29539.2,29543.3,29462.1,29493.1,3294,13,0
2026-06-23 15:30:00,2026-06-23 13:30:00,29493.1,29508.2,29425.6,29461.7,3481,13,0
2026-06-23 15:45:00,2026-06-23 13:45:00,29458.3,29479.6,29434.8,29452.3,3405,13,0
2026-06-23 16:00:00,2026-06-23 14:00:00,29452.1,29462.8,29410.4,29455.6,3684,13,0
2026-06-23 16:15:00,2026-06-23 14:15:00,29452.9,29472.2,29394.1,29433.2,3618,13,0
2026-06-23 16:30:00,2026-06-23 14:30:00,29435.6,29522.8,29335.2,29478.0,4305,10,0
2026-06-23 16:45:00,2026-06-23 14:45:00,29474.2,29650.7,29443.3,29647.6,4262,10,0
2026-06-23 17:00:00,2026-06-23 15:00:00,29645.6,29732.5,29639.6,29720.6,4210,10,0
2026-06-23 17:15:00,2026-06-23 15:15:00,29719.8,29764.2,29658.8,29700.8,4160,10,0
2026-06-23 17:30:00,2026-06-23 15:30:00,29700.6,29714.8,29590.5,29603.0,4170,10,0
2026-06-23 17:45:00,2026-06-23 15:45:00,29601.8,29646.1,29530.8,29572.3,4199,10,0
2026-06-23 18:00:00,2026-06-23 16:00:00,29571.7,29602.8,29483.2,29510.1,4115,10,0
2026-06-23 18:15:00,2026-06-23 16:15:00,29510.1,29520.5,29428.5,29444.3,4020,10,0
2026-06-23 18:30:00,2026-06-23 16:30:00,29444.6,29505.1,29413.7,29449.5,4051,10,0
2026-06-23 18:45:00,2026-06-23 16:45:00,29449.2,29538.5,29438.1,29515.2,4044,10,0
2026-06-23 19:00:00,2026-06-23 17:00:00,29515.2,29632.2,29508.2,29621.7,3952,10,0
2026-06-23 19:15:00,2026-06-23 17:15:00,29622.0,29632.7,29552.5,29595.6,3910,10,0
2026-06-23 19:30:00,2026-06-23 17:30:00,29595.2,29621.5,29555.7,29618.6,3875,10,0
2026-06-23 19:45:00,2026-06-23 17:45:00,29620.1,29623.7,29549.2,29581.6,3877,10,0
2026-06-23 20:00:00,2026-06-23 18:00:00,29581.7,29599.6,29509.6,29568.0,3907,10,0
2026-06-23 20:15:00,2026-06-23 18:15:00,29568.1,29609.2,29539.0,29583.3,3856,10,0
2026-06-23 20:30:00,2026-06-23 18:30:00,29583.3,29613.6,29542.1,29547.3,3806,10,0
2026-06-23 20:45:00,2026-06-23 18:45:00,29547.3,29562.5,29450.0,29450.0,3776,10,0
2026-06-23 21:00:00,2026-06-23 19:00:00,29453.7,29499.7,29428.0,29463.2,3803,10,0
2026-06-23 21:15:00,2026-06-23 19:15:00,29463.1,29480.3,29437.2,29452.1,3616,10,0
2026-06-23 21:30:00,2026-06-23 19:30:00,29452.2,29458.8,29344.2,29346.7,3485,10,0
2026-06-23 21:45:00,2026-06-23 19:45:00,29346.5,29374.7,29295.0,29347.6,3901,10,0
2026-06-23 22:00:00,2026-06-23 20:00:00,29347.6,29470.0,29330.2,29391.3,4035,10,0
2026-06-23 22:15:00,2026-06-23 20:15:00,29391.3,29451.0,29333.8,29429.7,4032,10,0
2026-06-23 22:30:00,2026-06-23 20:30:00,29428.8,29462.2,29393.7,29413.8,3988,10,0
2026-06-23 22:45:00,2026-06-23 20:45:00,29413.8,29450.1,29360.6,29360.6,4082,10,0
2026-06-23 23:00:00,2026-06-23 21:00:00,29362.5,29435.0,29350.8,29426.5,3213,10,0
2026-06-23 23:15:00,2026-06-23 21:15:00,29425.1,29461.2,29415.8,29452.3,2209,15,0
2026-06-23 23:30:00,2026-06-23 21:30:00,29452.3,29465.7,29434.7,29446.7,1866,15,0
2026-06-23 23:45:00,2026-06-23 21:45:00,29446.7,29469.0,29433.5,29468.8,1834,15,0
2026-06-24 01:00:00,2026-06-23 23:00:00,29500.2,29522.5,29467.5,29502.7,2255,15,0
2026-06-24 01:15:00,2026-06-23 23:15:00,29502.6,29523.5,29421.7,29426.1,2469,15,0
2026-06-24 01:30:00,2026-06-23 23:30:00,29425.6,29448.2,29354.1,29361.9,2679,15,0
2026-06-24 01:45:00,2026-06-23 23:45:00,29361.5,29408.7,29359.1,29399.7,2136,15,0
2026-06-24 02:00:00,2026-06-24 00:00:00,29399.7,29403.4,29308.5,29372.6,2626,15,0
2026-06-24 02:15:00,2026-06-24 00:15:00,29372.6,29414.1,29370.2,29401.4,2061,15,0
2026-06-24 02:30:00,2026-06-24 00:30:00,29401.5,29406.9,29341.4,29375.6,2406,15,0
2026-06-24 02:45:00,2026-06-24 00:45:00,29375.6,29484.2,29373.7,29469.1,3179,15,0
2026-06-24 03:00:00,2026-06-24 01:00:00,29468.4,29570.4,29457.4,29543.2,3876,15,0
2026-06-24 03:15:00,2026-06-24 01:15:00,29544.0,29578.2,29528.6,29568.4,3735,15,0
2026-06-24 03:30:00,2026-06-24 01:30:00,29569.0,29611.9,29558.7,29598.4,3643,15,0
2026-06-24 03:45:00,2026-06-24 01:45:00,29598.6,29607.9,29535.9,29566.4,3661,15,0
2026-06-24 04:00:00,2026-06-24 02:00:00,29566.1,29572.4,29501.5,29539.1,3834,15,0
2026-06-24 04:15:00,2026-06-24 02:15:00,29538.9,29547.4,29482.5,29537.4,3712,15,0
2026-06-24 04:30:00,2026-06-24 02:30:00,29536.1,29565.2,29529.5,29551.9,3676,15,0
2026-06-24 04:45:00,2026-06-24 02:45:00,29552.2,29571.9,29527.2,29548.1,3480,15,0
2026-06-24 05:00:00,2026-06-24 03:00:00,29548.1,29558.5,29521.1,29537.9,3365,15,0
2026-06-24 05:15:00,2026-06-24 03:15:00,29538.5,29538.7,29483.2,29516.5,3306,15,0
2026-06-24 05:30:00,2026-06-24 03:30:00,29516.4,29530.6,29438.1,29443.9,3219,15,0
2026-06-24 05:45:00,2026-06-24 03:45:00,29443.5,29449.9,29356.9,29358.7,3459,15,0
2026-06-24 06:00:00,2026-06-24 04:00:00,29359.0,29455.1,29336.6,29447.7,3548,15,0
2026-06-24 06:15:00,2026-06-24 04:15:00,29446.7,29470.5,29393.0,29469.6,3538,15,0
2026-06-24 06:30:00,2026-06-24 04:30:00,29469.2,29499.6,29457.0,29462.0,3517,15,0
2026-06-24 06:45:00,2026-06-24 04:45:00,29462.0,29468.5,29431.1,29466.6,3164,15,0
2026-06-24 07:00:00,2026-06-24 05:00:00,29466.4,29470.1,29395.6,29408.9,3206,15,0
2026-06-24 07:15:00,2026-06-24 05:15:00,29408.6,29420.2,29375.4,29388.2,3255,15,0
2026-06-24 07:30:00,2026-06-24 05:30:00,29388.9,29489.2,29388.7,29473.5,3474,15,0
2026-06-24 07:45:00,2026-06-24 05:45:00,29473.2,29511.1,29471.2,29505.7,3232,15,0
2026-06-24 08:00:00,2026-06-24 06:00:00,29505.6,29553.6,29500.1,29537.9,3387,15,0
2026-06-24 08:15:00,2026-06-24 06:15:00,29537.9,29582.7,29528.1,29555.6,3393,15,0
2026-06-24 08:30:00,2026-06-24 06:30:00,29555.6,29604.6,29555.6,29566.4,3198,15,0
2026-06-24 08:45:00,2026-06-24 06:45:00,29565.6,29578.1,29533.9,29540.6,2956,15,0
2026-06-24 09:00:00,2026-06-24 07:00:00,29540.4,29573.1,29518.5,29563.7,3254,13,0
2026-06-24 09:15:00,2026-06-24 07:15:00,29563.7,29568.0,29523.5,29533.8,3018,13,0
2026-06-24 09:30:00,2026-06-24 07:30:00,29536.1,29585.8,29532.0,29555.6,2748,13,0
2026-06-24 09:45:00,2026-06-24 07:45:00,29555.5,29560.8,29538.6,29544.3,2232,13,0
2026-06-24 10:00:00,2026-06-24 08:00:00,29544.5,29561.1,29507.2,29532.6,3342,13,0
2026-06-24 10:15:00,2026-06-24 08:15:00,29532.7,29547.8,29510.8,29514.5,3050,13,0
2026-06-24 10:30:00,2026-06-24 08:30:00,29514.2,29541.7,29486.0,29536.5,3170,13,0
2026-06-24 10:45:00,2026-06-24 08:45:00,29536.7,29556.8,29484.1,29491.1,2726,13,0
2026-06-24 11:00:00,2026-06-24 09:00:00,29491.1,29580.6,29484.1,29579.1,3348,13,0
2026-06-24 11:15:00,2026-06-24 09:15:00,29578.7,29584.3,29538.1,29558.8,3058,13,0
2026-06-24 11:30:00,2026-06-24 09:30:00,29559.7,29587.5,29541.0,29556.2,2806,13,0
2026-06-24 11:45:00,2026-06-24 09:45:00,29555.7,29558.7,29525.0,29539.3,2659,13,0
2026-06-24 12:00:00,2026-06-24 10:00:00,29539.3,29564.3,29514.7,29556.3,2867,13,0
2026-06-24 12:15:00,2026-06-24 10:15:00,29556.5,29560.3,29514.7,29528.0,2652,13,0
2026-06-24 12:30:00,2026-06-24 10:30:00,29527.8,29535.2,29487.0,29488.1,2687,13,0
2026-06-24 12:45:00,2026-06-24 10:45:00,29488.1,29533.5,29475.3,29529.8,2671,13,0
2026-06-24 13:00:00,2026-06-24 11:00:00,29529.6,29530.5,29495.7,29529.1,2602,13,0
2026-06-24 13:15:00,2026-06-24 11:15:00,29529.1,29541.8,29516.0,29537.6,2444,13,0
2026-06-24 13:30:00,2026-06-24 11:30:00,29537.6,29572.5,29532.8,29554.5,2556,13,0
2026-06-24 13:45:00,2026-06-24 11:45:00,29554.5,29555.6,29509.5,29514.5,2399,13,0
2026-06-24 14:00:00,2026-06-24 12:00:00,29514.5,29545.7,29484.1,29485.2,2816,13,0
2026-06-24 14:15:00,2026-06-24 12:15:00,29485.2,29491.1,29456.0,29475.6,2826,13,0
2026-06-24 14:30:00,2026-06-24 12:30:00,29475.2,29547.7,29472.5,29534.8,2771,13,0
2026-06-24 14:45:00,2026-06-24 12:45:00,29534.7,29585.2,29522.6,29582.0,3154,13,0
2026-06-24 15:00:00,2026-06-24 13:00:00,29582.0,29585.0,29546.6,29566.2,3030,13,0
2026-06-24 15:15:00,2026-06-24 13:15:00,29566.2,29593.2,29544.1,29572.6,3051,13,0
2026-06-24 15:30:00,2026-06-24 13:30:00,29572.6,29585.6,29504.8,29512.7,2990,13,0
2026-06-24 15:45:00,2026-06-24 13:45:00,29512.7,29518.6,29473.3,29483.2,2989,13,0
2026-06-24 16:00:00,2026-06-24 14:00:00,29484.2,29510.3,29419.6,29425.1,3560,13,0
2026-06-24 16:15:00,2026-06-24 14:15:00,29425.0,29475.5,29413.3,29430.6,3610,13,0
2026-06-24 16:30:00,2026-06-24 14:30:00,29432.8,29561.6,29325.2,29382.9,4292,10,0
2026-06-24 16:45:00,2026-06-24 14:45:00,29385.2,29509.9,29284.9,29407.5,4279,10,0
2026-06-24 17:00:00,2026-06-24 15:00:00,29407.0,29444.9,29347.7,29387.0,4273,10,0
2026-06-24 17:15:00,2026-06-24 15:15:00,29386.7,29452.0,29246.4,29425.7,4231,10,0
2026-06-24 17:30:00,2026-06-24 15:30:00,29426.7,29513.4,29424.7,29507.5,4201,10,0
2026-06-24 17:45:00,2026-06-24 15:45:00,29507.4,29613.4,29502.2,29611.0,4131,10,0
2026-06-24 18:00:00,2026-06-24 16:00:00,29611.2,29627.9,29470.4,29503.9,4120,10,0
2026-06-24 18:15:00,2026-06-24 16:15:00,29502.1,29541.9,29425.7,29522.2,4058,10,0
2026-06-24 18:30:00,2026-06-24 16:30:00,29522.4,29548.2,29433.5,29464.9,4031,10,0
2026-06-24 18:45:00,2026-06-24 16:45:00,29465.1,29530.4,29421.6,29477.2,4025,10,0
2026-06-24 19:00:00,2026-06-24 17:00:00,29477.2,29525.1,29453.0,29493.4,3959,10,0
2026-06-24 19:15:00,2026-06-24 17:15:00,29494.5,29521.1,29462.0,29474.1,3860,10,0
2026-06-24 19:30:00,2026-06-24 17:30:00,29474.2,29474.2,29331.7,29361.1,4005,10,0
2026-06-24 19:45:00,2026-06-24 17:45:00,29361.7,29389.7,29317.4,29327.7,3949,10,0
2026-06-24 20:00:00,2026-06-24 18:00:00,29327.1,29381.9,29259.6,29268.5,3943,10,0
2026-06-24 20:15:00,2026-06-24 18:15:00,29268.7,29291.9,29124.1,29131.5,4073,10,0
2026-06-24 20:30:00,2026-06-24 18:30:00,29131.5,29184.7,29086.7,29131.5,4112,10,0
2026-06-24 20:45:00,2026-06-24 18:45:00,29131.6,29184.2,29097.0,29109.1,4104,10,0
2026-06-24 21:00:00,2026-06-24 19:00:00,29109.4,29183.0,29098.7,29162.2,4105,10,0
2026-06-24 21:15:00,2026-06-24 19:15:00,29163.0,29283.6,29161.4,29261.0,4059,10,0
2026-06-24 21:30:00,2026-06-24 19:30:00,29260.2,29276.1,29146.6,29170.0,4010,10,0
2026-06-24 21:45:00,2026-06-24 19:45:00,29169.0,29169.2,29045.7,29066.0,4055,10,0
2026-06-24 22:00:00,2026-06-24 20:00:00,29066.2,29133.2,28986.9,29030.7,4114,10,0
2026-06-24 22:15:00,2026-06-24 20:15:00,29031.1,29116.0,29007.7,29106.2,4029,10,0
2026-06-24 22:30:00,2026-06-24 20:30:00,29105.5,29166.1,29078.2,29108.0,4074,10,0
2026-06-24 22:45:00,2026-06-24 20:45:00,29108.6,29245.0,29095.2,29244.9,4071,10,0
2026-06-24 23:00:00,2026-06-24 21:00:00,29244.5,29610.0,29210.7,29604.4,4139,15,0
2026-06-24 23:15:00,2026-06-24 21:15:00,29604.9,29749.7,29577.7,29730.5,3853,15,0
2026-06-24 23:30:00,2026-06-24 21:30:00,29730.5,29820.9,29687.2,29814.4,3677,15,0
2026-06-24 23:45:00,2026-06-24 21:45:00,29815.2,29876.9,29800.2,29808.6,3288,15,0
2026-06-25 01:00:00,2026-06-24 23:00:00,29822.2,29892.1,29787.2,29797.4,2834,15,0
2026-06-25 01:15:00,2026-06-24 23:15:00,29797.4,29814.4,29778.8,29781.9,2333,15,0
2026-06-25 01:30:00,2026-06-24 23:30:00,29781.9,29804.4,29778.4,29796.9,2123,15,0
2026-06-25 01:45:00,2026-06-24 23:45:00,29796.9,29799.6,29771.6,29775.4,1774,15,0
2026-06-25 02:00:00,2026-06-25 00:00:00,29775.6,29804.3,29771.9,29784.4,1919,15,0
2026-06-25 02:15:00,2026-06-25 00:15:00,29784.4,29820.4,29779.8,29801.4,1754,15,0
2026-06-25 02:30:00,2026-06-25 00:30:00,29801.4,29846.2,29799.8,29839.8,1962,15,0
2026-06-25 02:45:00,2026-06-25 00:45:00,29839.8,29858.6,29809.7,29820.3,2694,15,0
2026-06-25 03:00:00,2026-06-25 01:00:00,29820.4,29825.3,29771.6,29817.2,3468,15,0
2026-06-25 03:15:00,2026-06-25 01:15:00,29817.3,29822.4,29751.1,29758.1,3540,15,0
2026-06-25 03:30:00,2026-06-25 01:30:00,29759.9,29765.4,29667.6,29688.1,3558,15,0
2026-06-25 03:45:00,2026-06-25 01:45:00,29687.2,29715.4,29661.3,29690.7,3569,15,0
2026-06-25 04:00:00,2026-06-25 02:00:00,29690.3,29719.4,29675.7,29694.1,3674,15,0
2026-06-25 04:15:00,2026-06-25 02:15:00,29694.1,29714.7,29675.6,29688.8,3503,15,0
2026-06-25 04:30:00,2026-06-25 02:30:00,29689.3,29752.3,29684.4,29720.6,3482,15,0
2026-06-25 04:45:00,2026-06-25 02:45:00,29720.6,29755.1,29711.9,29722.2,3339,15,0
2026-06-25 05:00:00,2026-06-25 03:00:00,29722.2,29744.4,29667.7,29668.9,3247,15,0
2026-06-25 05:15:00,2026-06-25 03:15:00,29668.8,29719.8,29649.2,29709.6,3153,15,0
2026-06-25 05:30:00,2026-06-25 03:30:00,29709.6,29721.3,29691.3,29698.8,2839,15,0
2026-06-25 05:45:00,2026-06-25 03:45:00,29698.9,29726.6,29690.2,29722.7,2672,15,0
2026-06-25 06:00:00,2026-06-25 04:00:00,29722.4,29746.3,29717.6,29731.1,2889,15,0
2026-06-25 06:15:00,2026-06-25 04:15:00,29731.3,29762.6,29706.3,29749.2,2776,15,0
2026-06-25 06:30:00,2026-06-25 04:30:00,29749.3,29768.8,29724.4,29734.3,2801,15,0
2026-06-25 06:45:00,2026-06-25 04:45:00,29734.3,29767.7,29728.4,29757.9,2336,15,0
2026-06-25 07:00:00,2026-06-25 05:00:00,29757.9,29768.2,29751.9,29753.4,2320,15,0
2026-06-25 07:15:00,2026-06-25 05:15:00,29753.4,29768.1,29736.7,29743.6,2485,15,0
2026-06-25 07:30:00,2026-06-25 05:30:00,29743.6,29763.3,29722.7,29761.9,2640,15,0
2026-06-25 07:45:00,2026-06-25 05:45:00,29762.6,29787.6,29757.4,29764.4,2236,15,0
2026-06-25 08:00:00,2026-06-25 06:00:00,29764.8,29798.3,29764.3,29793.7,2624,15,0
2026-06-25 08:15:00,2026-06-25 06:15:00,29793.7,29821.6,29786.1,29817.7,2491,15,0
2026-06-25 08:30:00,2026-06-25 06:30:00,29817.7,29845.6,29812.4,29830.2,2809,15,0
2026-06-25 08:45:00,2026-06-25 06:45:00,29830.2,29832.2,29807.3,29812.8,2526,15,0
2026-06-25 09:00:00,2026-06-25 07:00:00,29812.9,29844.7,29802.2,29837.2,2717,13,0
2026-06-25 09:15:00,2026-06-25 07:15:00,29836.7,29855.5,29832.3,29836.0,2583,13,0
2026-06-25 09:30:00,2026-06-25 07:30:00,29835.3,29844.3,29822.8,29829.0,2362,13,0
2026-06-25 09:45:00,2026-06-25 07:45:00,29829.0,29843.8,29824.9,29829.4,2091,13,0
2026-06-25 10:00:00,2026-06-25 08:00:00,29829.9,29862.7,29829.9,29850.5,2759,13,0
2026-06-25 10:15:00,2026-06-25 08:15:00,29850.4,29910.4,29850.4,29896.0,2504,13,0
2026-06-25 10:30:00,2026-06-25 08:30:00,29896.2,29905.9,29873.8,29900.5,2378,13,0
2026-06-25 10:45:00,2026-06-25 08:45:00,29900.7,29905.7,29878.8,29905.5,2407,13,0
2026-06-25 11:00:00,2026-06-25 09:00:00,29905.5,29942.3,29889.4,29907.7,2840,13,0
2026-06-25 11:15:00,2026-06-25 09:15:00,29907.7,29909.5,29881.9,29893.7,2679,13,0
2026-06-25 11:30:00,2026-06-25 09:30:00,29893.9,29907.4,29878.7,29878.8,2506,13,0
2026-06-25 11:45:00,2026-06-25 09:45:00,29878.8,29880.5,29835.2,29844.5,2394,13,0
2026-06-25 12:00:00,2026-06-25 10:00:00,29844.7,29875.8,29837.5,29862.7,2430,13,0
2026-06-25 12:15:00,2026-06-25 10:15:00,29862.7,29874.9,29842.8,29861.8,2355,13,0
2026-06-25 12:30:00,2026-06-25 10:30:00,29861.8,29881.7,29856.4,29874.8,2158,13,0
2026-06-25 12:45:00,2026-06-25 10:45:00,29874.8,29881.8,29853.5,29855.3,2109,13,0
2026-06-25 13:00:00,2026-06-25 11:00:00,29856.4,29885.8,29849.3,29884.5,2235,13,0
2026-06-25 13:15:00,2026-06-25 11:15:00,29884.5,29893.4,29867.7,29888.0,2139,13,0
2026-06-25 13:30:00,2026-06-25 11:30:00,29888.2,29908.9,29872.2,29877.2,2371,13,0
2026-06-25 13:45:00,2026-06-25 11:45:00,29877.2,29899.9,29864.5,29884.0,2087,13,0
2026-06-25 14:00:00,2026-06-25 12:00:00,29883.8,29917.0,29876.2,29877.3,2750,13,0
2026-06-25 14:15:00,2026-06-25 12:15:00,29877.2,29882.5,29834.0,29841.2,2699,13,0
2026-06-25 14:30:00,2026-06-25 12:30:00,29841.0,29862.5,29823.7,29855.3,2780,13,0
2026-06-25 14:45:00,2026-06-25 12:45:00,29854.7,29875.4,29839.2,29855.0,2787,13,0
2026-06-25 15:00:00,2026-06-25 13:00:00,29855.3,29905.8,29845.0,29864.5,2783,13,0
2026-06-25 15:15:00,2026-06-25 13:15:00,29865.3,29877.3,29841.4,29855.8,2787,13,0
2026-06-25 15:30:00,2026-06-25 13:30:00,29856.5,29985.7,29851.3,29916.8,3788,13,0
2026-06-25 15:45:00,2026-06-25 13:45:00,29916.2,29950.8,29913.0,29926.0,3216,13,0
2026-06-25 16:00:00,2026-06-25 14:00:00,29926.2,29939.0,29868.4,29888.4,3440,13,0
2026-06-25 16:15:00,2026-06-25 14:15:00,29888.0,29903.0,29856.4,29877.2,3357,13,0
2026-06-25 16:30:00,2026-06-25 14:30:00,29876.4,29915.3,29471.4,29490.6,4258,10,0
2026-06-25 16:45:00,2026-06-25 14:45:00,29491.6,29540.6,29021.9,29042.9,4381,10,0
2026-06-25 17:00:00,2026-06-25 15:00:00,29040.2,29413.7,29038.6,29272.2,4342,10,0
2026-06-25 17:15:00,2026-06-25 15:15:00,29273.8,29409.6,29203.1,29312.9,4351,10,0
2026-06-25 17:30:00,2026-06-25 15:30:00,29311.7,29439.9,29289.3,29328.7,4305,10,0
2026-06-25 17:45:00,2026-06-25 15:45:00,29329.2,29499.4,29287.8,29357.7,4290,10,0
2026-06-25 18:00:00,2026-06-25 16:00:00,29358.7,29468.8,29236.8,29257.7,4251,10,0
2026-06-25 18:15:00,2026-06-25 16:15:00,29257.2,29390.9,29188.7,29340.1,4224,10,0
2026-06-25 18:30:00,2026-06-25 16:30:00,29338.3,29425.3,29331.1,29421.4,4168,10,0
2026-06-25 18:45:00,2026-06-25 16:45:00,29419.7,29484.8,29377.2,29385.1,4143,10,0
2026-06-25 19:00:00,2026-06-25 17:00:00,29384.9,29567.4,29367.8,29549.9,4184,10,0
2026-06-25 19:15:00,2026-06-25 17:15:00,29550.3,29594.3,29458.3,29487.4,4101,10,0
2026-06-25 19:30:00,2026-06-25 17:30:00,29487.7,29487.7,29363.3,29373.8,4104,10,0
2026-06-25 19:45:00,2026-06-25 17:45:00,29373.7,29439.1,29311.4,29405.7,4061,10,0
2026-06-25 20:00:00,2026-06-25 18:00:00,29406.1,29502.2,29396.7,29471.8,3992,10,0
2026-06-25 20:15:00,2026-06-25 18:15:00,29473.9,29534.9,29398.8,29488.8,4040,10,0
2026-06-25 20:30:00,2026-06-25 18:30:00,29488.8,29521.6,29444.4,29459.9,3971,10,0
2026-06-25 20:45:00,2026-06-25 18:45:00,29459.8,29527.3,29406.4,29518.8,4066,10,0
2026-06-25 21:00:00,2026-06-25 19:00:00,29518.9,29541.7,29404.7,29497.6,4138,10,0
2026-06-25 21:15:00,2026-06-25 19:15:00,29496.7,29614.8,29472.1,29601.4,4082,10,0
2026-06-25 21:30:00,2026-06-25 19:30:00,29602.2,29602.2,29467.9,29514.7,4045,10,0
2026-06-25 21:45:00,2026-06-25 19:45:00,29514.7,29535.7,29428.6,29494.2,3973,10,0
2026-06-25 22:00:00,2026-06-25 20:00:00,29498.3,29501.4,29385.8,29396.7,4010,10,0
2026-06-25 22:15:00,2026-06-25 20:15:00,29395.8,29421.7,29351.3,29406.7,4087,10,0
2026-06-25 22:30:00,2026-06-25 20:30:00,29406.8,29413.4,29345.9,29397.8,4071,10,0
2026-06-25 22:45:00,2026-06-25 20:45:00,29398.4,29453.4,29340.4,29453.4,4055,10,0
2026-06-25 23:00:00,2026-06-25 21:00:00,29453.8,29643.3,29453.8,29530.3,3570,15,0
2026-06-25 23:15:00,2026-06-25 21:15:00,29530.1,29592.3,29528.7,29543.4,3064,15,0
2026-06-25 23:30:00,2026-06-25 21:30:00,29543.6,29547.7,29498.6,29502.3,2230,15,0
2026-06-25 23:45:00,2026-06-25 21:45:00,29502.3,29504.7,29477.7,29486.2,1536,15,0
2026-06-26 01:00:00,2026-06-25 23:00:00,29484.0,29487.9,29352.5,29373.4,2624,15,0
2026-06-26 01:15:00,2026-06-25 23:15:00,29373.4,29411.8,29344.1,29344.3,2361,15,0
2026-06-26 01:30:00,2026-06-25 23:30:00,29345.1,29394.8,29334.5,29388.5,2120,15,0
2026-06-26 01:45:00,2026-06-25 23:45:00,29388.5,29414.5,29368.5,29406.0,1892,15,0
2026-06-26 02:00:00,2026-06-26 00:00:00,29406.0,29471.0,29398.0,29469.8,1836,15,0
2026-06-26 02:15:00,2026-06-26 00:15:00,29469.8,29619.1,29461.1,29595.8,2852,15,0
2026-06-26 02:30:00,2026-06-26 00:30:00,29594.8,29606.1,29490.3,29491.6,2520,15,0
2026-06-26 02:45:00,2026-06-26 00:45:00,29491.8,29491.8,29394.6,29432.9,3045,15,0
2026-06-26 03:00:00,2026-06-26 01:00:00,29434.1,29498.6,29410.6,29477.4,3880,15,0
2026-06-26 03:15:00,2026-06-26 01:15:00,29479.0,29494.8,29378.1,29435.8,3890,15,0
2026-06-26 03:30:00,2026-06-26 01:30:00,29436.1,29440.8,29372.5,29396.8,3845,15,0
2026-06-26 03:45:00,2026-06-26 01:45:00,29395.6,29423.0,29344.9,29362.6,3622,15,0
2026-06-26 04:00:00,2026-06-26 02:00:00,29364.1,29403.5,29294.8,29362.8,3792,15,0
2026-06-26 04:15:00,2026-06-26 02:15:00,29362.6,29401.6,29332.3,29339.9,3391,15,0
2026-06-26 04:30:00,2026-06-26 02:30:00,29340.1,29347.6,29233.8,29237.6,3535,15,0
2026-06-26 04:45:00,2026-06-26 02:45:00,29237.4,29264.3,29190.3,29219.9,3402,15,0
2026-06-26 05:00:00,2026-06-26 03:00:00,29220.3,29232.5,29171.3,29180.5,3387,15,0
2026-06-26 05:15:00,2026-06-26 03:15:00,29180.1,29194.0,29122.0,29143.4,3424,15,0
2026-06-26 05:30:00,2026-06-26 03:30:00,29143.4,29157.5,29059.1,29075.6,3332,15,0
2026-06-26 05:45:00,2026-06-26 03:45:00,29075.1,29075.4,28958.6,28992.5,3443,15,0
2026-06-26 06:00:00,2026-06-26 04:00:00,28992.6,28996.6,28946.8,28982.3,3440,15,0
2026-06-26 06:15:00,2026-06-26 04:15:00,28980.4,28995.0,28957.5,28976.4,3040,15,0
2026-06-26 06:30:00,2026-06-26 04:30:00,28976.4,28983.0,28890.8,28983.0,3488,15,0
2026-06-26 06:45:00,2026-06-26 04:45:00,28983.0,29096.3,28967.6,29093.1,3616,15,0
2026-06-26 07:00:00,2026-06-26 05:00:00,29093.1,29104.0,29055.9,29086.6,3550,15,0
2026-06-26 07:15:00,2026-06-26 05:15:00,29087.3,29112.4,29005.6,29051.3,3286,15,0
2026-06-26 07:30:00,2026-06-26 05:30:00,29051.3,29071.5,29006.4,29032.1,3129,15,0
2026-06-26 07:45:00,2026-06-26 05:45:00,29032.4,29033.1,28980.3,28997.8,3077,15,0
2026-06-26 08:00:00,2026-06-26 06:00:00,28997.5,29078.5,28983.4,29077.5,3357,15,0
2026-06-26 08:15:00,2026-06-26 06:15:00,29077.5,29108.4,29043.5,29096.8,3214,15,0
2026-06-26 08:30:00,2026-06-26 06:30:00,29096.8,29136.9,29040.3,29044.3,3375,15,0
2026-06-26 08:45:00,2026-06-26 06:45:00,29044.6,29090.9,29027.8,29053.8,3087,15,0
2026-06-26 09:00:00,2026-06-26 07:00:00,29053.6,29069.5,29017.2,29052.5,3289,13,0
2026-06-26 09:15:00,2026-06-26 07:15:00,29052.0,29126.0,29050.5,29122.0,3370,13,0
2026-06-26 09:30:00,2026-06-26 07:30:00,29121.6,29184.9,29108.0,29182.2,2919,13,0
2026-06-26 09:45:00,2026-06-26 07:45:00,29182.2,29262.7,29175.6,29230.2,2660,13,0
2026-06-26 10:00:00,2026-06-26 08:00:00,29230.2,29243.4,29163.1,29213.4,3053,13,0
2026-06-26 10:15:00,2026-06-26 08:15:00,29213.4,29265.9,29205.9,29264.4,2909,13,0
2026-06-26 10:30:00,2026-06-26 08:30:00,29264.7,29290.4,29234.1,29235.4,2683,13,0
2026-06-26 10:45:00,2026-06-26 08:45:00,29234.9,29270.9,29223.4,29254.5,2412,13,0
2026-06-26 11:00:00,2026-06-26 09:00:00,29254.4,29284.9,29186.4,29197.9,3171,13,0
2026-06-26 11:15:00,2026-06-26 09:15:00,29197.9,29240.7,29186.7,29232.5,2852,13,0
2026-06-26 11:30:00,2026-06-26 09:30:00,29231.0,29232.1,29172.1,29174.6,2771,13,0
2026-06-26 11:45:00,2026-06-26 09:45:00,29174.4,29177.0,29091.7,29126.6,2861,13,0
2026-06-26 12:00:00,2026-06-26 10:00:00,29127.4,29136.4,29092.5,29127.6,2923,13,0
2026-06-26 12:15:00,2026-06-26 10:15:00,29127.6,29138.7,29072.2,29107.5,2784,13,0
2026-06-26 12:30:00,2026-06-26 10:30:00,29106.0,29171.9,29082.7,29149.6,2641,13,0
2026-06-26 12:45:00,2026-06-26 10:45:00,29149.9,29171.7,29093.2,29098.5,2732,13,0
2026-06-26 13:00:00,2026-06-26 11:00:00,29098.4,29123.9,29046.7,29113.4,2690,13,0
2026-06-26 13:15:00,2026-06-26 11:15:00,29113.1,29127.0,29071.7,29101.0,2306,13,0
2026-06-26 13:30:00,2026-06-26 11:30:00,29101.0,29114.1,29068.4,29083.0,2452,13,0
2026-06-26 13:45:00,2026-06-26 11:45:00,29083.0,29101.2,29070.7,29089.2,2416,13,0
2026-06-26 14:00:00,2026-06-26 12:00:00,29091.9,29152.7,29079.6,29131.4,2864,13,0
2026-06-26 14:15:00,2026-06-26 12:15:00,29131.2,29131.2,29084.2,29097.4,2748,13,0
2026-06-26 14:30:00,2026-06-26 12:30:00,29097.6,29125.1,29088.1,29091.9,2766,13,0
2026-06-26 14:45:00,2026-06-26 12:45:00,29091.7,29106.1,29032.5,29078.2,2836,13,0
2026-06-26 15:00:00,2026-06-26 13:00:00,29078.1,29165.0,29065.6,29147.2,3099,13,0
2026-06-26 15:15:00,2026-06-26 13:15:00,29146.7,29176.5,29102.1,29123.5,3175,13,0
2026-06-26 15:30:00,2026-06-26 13:30:00,29123.0,29132.6,29048.5,29051.6,3168,13,0
2026-06-26 15:45:00,2026-06-26 13:45:00,29050.9,29073.7,29026.4,29043.5,3165,13,0
2026-06-26 16:00:00,2026-06-26 14:00:00,29043.0,29050.6,28977.0,29006.9,3473,13,0
2026-06-26 16:15:00,2026-06-26 14:15:00,29006.5,29089.7,28940.1,29089.7,3706,13,0
2026-06-26 16:30:00,2026-06-26 14:30:00,29089.4,29097.9,28911.6,29068.8,4316,10,0
2026-06-26 16:45:00,2026-06-26 14:45:00,29069.0,29191.5,28966.0,29169.5,4319,10,0
2026-06-26 17:00:00,2026-06-26 15:00:00,29170.1,29332.0,29155.6,29318.0,4309,10,0
2026-06-26 17:15:00,2026-06-26 15:15:00,29316.5,29390.9,29251.4,29321.3,4244,10,0
2026-06-26 17:30:00,2026-06-26 15:30:00,29321.4,29344.0,29184.1,29219.0,4202,10,0
2026-06-26 17:45:00,2026-06-26 15:45:00,29220.9,29307.1,29195.5,29231.6,4226,10,0
2026-06-26 18:00:00,2026-06-26 16:00:00,29230.9,29279.8,29166.6,29171.5,4172,10,0
2026-06-26 18:15:00,2026-06-26 16:15:00,29172.8,29320.4,29137.4,29316.8,4174,10,0
2026-06-26 18:30:00,2026-06-26 16:30:00,29318.4,29443.3,29295.6,29424.4,4095,10,0
2026-06-26 18:45:00,2026-06-26 16:45:00,29425.3,29432.6,29259.5,29348.5,4101,10,0
2026-06-26 19:00:00,2026-06-26 17:00:00,29347.9,29353.5,29248.0,29283.0,4012,10,0
2026-06-26 19:15:00,2026-06-26 17:15:00,29282.8,29312.4,29223.0,29288.9,4048,10,0
2026-06-26 19:30:00,2026-06-26 17:30:00,29286.6,29369.6,29286.6,29324.8,3926,10,0
2026-06-26 19:45:00,2026-06-26 17:45:00,29326.0,29371.8,29314.8,29339.6,3917,10,0
2026-06-26 20:00:00,2026-06-26 18:00:00,29339.5,29427.3,29322.5,29379.5,3867,10,0
2026-06-26 20:15:00,2026-06-26 18:15:00,29380.0,29383.5,29303.6,29362.5,3852,10,0
2026-06-26 20:30:00,2026-06-26 18:30:00,29361.8,29403.4,29288.1,29325.4,3923,10,0
2026-06-26 20:45:00,2026-06-26 18:45:00,29325.3,29340.0,29263.6,29271.8,3817,10,0
2026-06-26 21:00:00,2026-06-26 19:00:00,29272.0,29309.1,29253.0,29267.0,3921,10,0
2026-06-26 21:15:00,2026-06-26 19:15:00,29267.1,29277.8,29184.9,29189.9,3861,10,0
2026-06-26 21:30:00,2026-06-26 19:30:00,29189.9,29239.5,29182.8,29202.8,3790,10,0
2026-06-26 21:45:00,2026-06-26 19:45:00,29202.3,29202.3,29117.1,29143.3,3923,10,0
2026-06-26 22:00:00,2026-06-26 20:00:00,29143.5,29232.3,29123.4,29229.0,3970,10,0
2026-06-26 22:15:00,2026-06-26 20:15:00,29229.1,29231.0,29152.6,29180.1,3940,10,0
2026-06-26 22:30:00,2026-06-26 20:30:00,29180.1,29271.3,29157.8,29265.5,3982,10,0
2026-06-26 22:45:00,2026-06-26 20:45:00,29265.0,29296.0,29047.3,29047.3,4091,10,0
2026-06-26 23:00:00,2026-06-26 21:00:00,29046.9,29131.9,28999.8,29077.0,3929,15,0
2026-06-26 23:15:00,2026-06-26 21:15:00,29081.9,29110.9,29067.1,29070.4,3309,15,0
2026-06-26 23:30:00,2026-06-26 21:30:00,29068.6,29075.6,28984.9,28999.1,3358,15,0
2026-06-26 23:45:00,2026-06-26 21:45:00,28999.0,29030.1,28983.0,29020.6,2003,15,0
2026-06-29 01:00:00,2026-06-28 23:00:00,29050.8,29290.3,29026.8,29282.6,3122,15,0
2026-06-29 01:15:00,2026-06-28 23:15:00,29282.6,29327.8,29237.6,29297.8,2736,15,0
2026-06-29 01:30:00,2026-06-28 23:30:00,29297.8,29330.5,29297.3,29321.9,2297,15,0
2026-06-29 01:45:00,2026-06-28 23:45:00,29322.0,29332.6,29295.8,29298.1,1948,15,0
2026-06-29 02:00:00,2026-06-29 00:00:00,29297.8,29394.3,29289.5,29378.9,2668,15,0
2026-06-29 02:15:00,2026-06-29 00:15:00,29378.6,29405.3,29365.9,29389.1,2026,15,0
2026-06-29 02:30:00,2026-06-29 00:30:00,29389.1,29418.0,29387.3,29407.3,1958,15,0
2026-06-29 02:45:00,2026-06-29 00:45:00,29407.3,29421.9,29353.3,29358.4,2842,15,0
2026-06-29 03:00:00,2026-06-29 01:00:00,29358.4,29360.6,29234.1,29254.6,3894,15,0
2026-06-29 03:15:00,2026-06-29 01:15:00,29253.4,29269.0,29114.3,29118.8,3888,15,0
2026-06-29 03:30:00,2026-06-29 01:30:00,29119.0,29199.4,29102.6,29196.3,3852,15,0
2026-06-29 03:45:00,2026-06-29 01:45:00,29196.1,29243.3,29117.3,29232.5,3817,15,0
2026-06-29 04:00:00,2026-06-29 02:00:00,29232.4,29260.8,29192.4,29237.9,3796,15,0
2026-06-29 04:15:00,2026-06-29 02:15:00,29238.0,29244.4,29172.6,29179.5,3785,15,0
2026-06-29 04:30:00,2026-06-29 02:30:00,29179.5,29296.1,29160.5,29284.6,3842,15,0
2026-06-29 04:45:00,2026-06-29 02:45:00,29284.4,29292.0,29247.9,29255.8,3802,15,0
2026-06-29 05:00:00,2026-06-29 03:00:00,29255.3,29263.9,29133.3,29137.3,3675,15,0
2026-06-29 05:15:00,2026-06-29 03:15:00,29136.9,29270.4,29128.8,29263.6,3536,15,0
2026-06-29 05:30:00,2026-06-29 03:30:00,29263.6,29276.9,29241.5,29270.3,3332,15,0
2026-06-29 05:45:00,2026-06-29 03:45:00,29269.9,29283.1,29251.3,29262.6,3063,15,0
2026-06-29 06:00:00,2026-06-29 04:00:00,29262.6,29316.9,29262.6,29283.3,3064,15,0
2026-06-29 06:15:00,2026-06-29 04:15:00,29282.9,29305.8,29274.5,29294.1,2823,15,0
2026-06-29 06:30:00,2026-06-29 04:30:00,29294.1,29305.3,29220.8,29236.5,3343,15,0
2026-06-29 06:45:00,2026-06-29 04:45:00,29236.4,29343.9,29230.8,29331.8,3364,15,0
2026-06-29 07:00:00,2026-06-29 05:00:00,29331.8,29331.8,29292.3,29299.0,3130,15,0
2026-06-29 07:15:00,2026-06-29 05:15:00,29299.0,29313.9,29262.8,29279.1,2926,15,0
2026-06-29 07:30:00,2026-06-29 05:30:00,29278.9,29291.9,29244.1,29261.5,2982,15,0
2026-06-29 07:45:00,2026-06-29 05:45:00,29261.4,29292.9,29244.9,29257.5,3034,15,0
2026-06-29 08:00:00,2026-06-29 06:00:00,29257.6,29276.1,29231.0,29276.0,3424,15,0
2026-06-29 08:15:00,2026-06-29 06:15:00,29276.1,29295.3,29250.6,29274.4,3279,15,0
2026-06-29 08:30:00,2026-06-29 06:30:00,29272.1,29368.0,29263.3,29360.4,3282,15,0
2026-06-29 08:45:00,2026-06-29 06:45:00,29360.0,29410.3,29341.0,29408.3,3295,15,0
2026-06-29 09:00:00,2026-06-29 07:00:00,29408.0,29413.3,29329.9,29353.5,3250,13,0
2026-06-29 09:15:00,2026-06-29 07:15:00,29353.5,29399.5,29352.1,29386.9,2979,13,0
2026-06-29 09:30:00,2026-06-29 07:30:00,29387.4,29422.7,29383.7,29406.0,2579,13,0
2026-06-29 09:45:00,2026-06-29 07:45:00,29406.0,29407.2,29356.1,29369.2,2413,13,0
2026-06-29 10:00:00,2026-06-29 08:00:00,29369.4,29372.5,29319.2,29355.4,3092,13,0
2026-06-29 10:15:00,2026-06-29 08:15:00,29355.5,29393.7,29355.4,29382.5,2731,13,0
2026-06-29 10:30:00,2026-06-29 08:30:00,29382.5,29417.7,29366.5,29405.5,2762,13,0
2026-06-29 10:45:00,2026-06-29 08:45:00,29405.1,29433.1,29395.0,29402.0,2603,13,0
2026-06-29 11:00:00,2026-06-29 09:00:00,29402.0,29452.9,29395.4,29425.4,3241,13,0
2026-06-29 11:15:00,2026-06-29 09:15:00,29424.7,29468.7,29416.4,29434.0,2903,13,0
2026-06-29 11:30:00,2026-06-29 09:30:00,29433.0,29459.7,29416.1,29425.0,2849,13,0
2026-06-29 11:45:00,2026-06-29 09:45:00,29424.7,29445.0,29392.2,29400.1,2608,13,0
2026-06-29 12:00:00,2026-06-29 10:00:00,29400.0,29410.0,29380.1,29395.1,2684,13,0
2026-06-29 12:15:00,2026-06-29 10:15:00,29394.6,29426.2,29385.6,29416.9,2446,13,0
2026-06-29 12:30:00,2026-06-29 10:30:00,29416.9,29425.2,29383.4,29396.7,2413,13,0
2026-06-29 12:45:00,2026-06-29 10:45:00,29396.9,29411.2,29358.9,29403.4,2622,13,0
2026-06-29 13:00:00,2026-06-29 11:00:00,29403.4,29461.6,29403.4,29426.7,2458,13,0
2026-06-29 13:15:00,2026-06-29 11:15:00,29426.7,29456.2,29407.4,29456.0,2312,13,0
2026-06-29 13:30:00,2026-06-29 11:30:00,29456.0,29482.2,29446.7,29466.0,2395,13,0
2026-06-29 13:45:00,2026-06-29 11:45:00,29466.2,29484.4,29437.2,29480.1,2243,13,0
2026-06-29 14:00:00,2026-06-29 12:00:00,29480.2,29495.2,29447.1,29450.7,2811,13,0
2026-06-29 14:15:00,2026-06-29 12:15:00,29450.7,29458.2,29422.9,29450.1,2615,13,0
2026-06-29 14:30:00,2026-06-29 12:30:00,29449.9,29495.0,29436.5,29447.0,2759,13,0
2026-06-29 14:45:00,2026-06-29 12:45:00,29447.0,29469.2,29436.7,29443.9,2592,13,0
2026-06-29 15:00:00,2026-06-29 13:00:00,29443.4,29472.0,29431.0,29467.7,2975,13,0
2026-06-29 15:15:00,2026-06-29 13:15:00,29467.7,29477.2,29446.7,29456.0,2791,13,0
2026-06-29 15:30:00,2026-06-29 13:30:00,29456.0,29469.7,29389.2,29413.2,3176,13,0
2026-06-29 15:45:00,2026-06-29 13:45:00,29413.4,29444.1,29403.6,29444.0,2865,13,0
2026-06-29 16:00:00,2026-06-29 14:00:00,29443.7,29471.6,29440.2,29465.9,2926,13,0
2026-06-29 16:15:00,2026-06-29 14:15:00,29466.0,29471.2,29369.4,29387.2,3167,13,0
2026-06-29 16:30:00,2026-06-29 14:30:00,29386.9,29533.4,29298.5,29523.3,4259,10,0
2026-06-29 16:45:00,2026-06-29 14:45:00,29523.5,29576.3,29317.6,29355.8,4269,10,0
2026-06-29 17:00:00,2026-06-29 15:00:00,29357.5,29366.9,29067.3,29069.3,4315,10,0
2026-06-29 17:15:00,2026-06-29 15:15:00,29069.9,29288.0,29014.3,29284.0,4312,10,0
2026-06-29 17:30:00,2026-06-29 15:30:00,29284.0,29391.1,29266.9,29317.8,4269,10,0
2026-06-29 17:45:00,2026-06-29 15:45:00,29317.4,29455.0,29237.8,29452.9,4256,10,0
2026-06-29 18:00:00,2026-06-29 16:00:00,29453.6,29472.5,29404.0,29460.9,4208,10,0
2026-06-29 18:15:00,2026-06-29 16:15:00,29462.8,29513.6,29398.5,29509.3,4145,10,0
2026-06-29 18:30:00,2026-06-29 16:30:00,29509.3,29560.9,29474.6,29558.3,4015,10,0
2026-06-29 18:45:00,2026-06-29 16:45:00,29558.3,29585.9,29517.3,29579.1,3929,10,0
2026-06-29 19:00:00,2026-06-29 17:00:00,29578.4,29617.5,29574.5,29588.8,3905,10,0
2026-06-29 19:15:00,2026-06-29 17:15:00,29588.8,29646.0,29587.8,29609.3,3746,10,0
2026-06-29 19:30:00,2026-06-29 17:30:00,29610.3,29648.8,29582.3,29645.8,3799,10,0
2026-06-29 19:45:00,2026-06-29 17:45:00,29645.8,29671.3,29632.1,29655.0,3587,10,0
2026-06-29 20:00:00,2026-06-29 18:00:00,29654.8,29739.8,29654.8,29726.9,3477,10,0
2026-06-29 20:15:00,2026-06-29 18:15:00,29727.0,29752.3,29689.5,29750.5,3618,10,0
2026-06-29 20:30:00,2026-06-29 18:30:00,29750.3,29776.5,29726.0,29744.0,3470,10,0
2026-06-29 20:45:00,2026-06-29 18:45:00,29743.8,29768.0,29729.8,29742.8,3333,10,0
2026-06-29 21:00:00,2026-06-29 19:00:00,29742.6,29763.0,29732.5,29759.5,3382,10,0
2026-06-29 21:15:00,2026-06-29 19:15:00,29759.1,29763.0,29725.8,29730.8,3309,10,0
2026-06-29 21:30:00,2026-06-29 19:30:00,29731.1,29795.5,29728.3,29792.3,3376,10,0
2026-06-29 21:45:00,2026-06-29 19:45:00,29792.8,29807.5,29764.9,29771.4,3315,10,0
2026-06-29 22:00:00,2026-06-29 20:00:00,29772.3,29783.5,29736.3,29753.0,3542,10,0
2026-06-29 22:15:00,2026-06-29 20:15:00,29752.9,29797.1,29745.8,29763.9,3427,10,0
2026-06-29 22:30:00,2026-06-29 20:30:00,29764.8,29785.1,29743.6,29759.0,3425,10,0
2026-06-29 22:45:00,2026-06-29 20:45:00,29759.6,29806.3,29712.8,29785.9,3739,10,0
2026-06-29 23:00:00,2026-06-29 21:00:00,29785.4,29785.5,29736.6,29764.5,2923,15,0
2026-06-29 23:15:00,2026-06-29 21:15:00,29764.5,29775.3,29754.6,29759.5,1834,15,0
2026-06-29 23:30:00,2026-06-29 21:30:00,29759.4,29760.4,29734.6,29743.5,1606,15,0
2026-06-29 23:45:00,2026-06-29 21:45:00,29743.8,29753.0,29732.0,29747.1,1511,15,0
2026-06-30 01:00:00,2026-06-29 23:00:00,29747.5,29774.1,29714.0,29752.5,2435,15,0
2026-06-30 01:15:00,2026-06-29 23:15:00,29752.5,29776.8,29745.6,29751.4,1646,15,0
2026-06-30 01:30:00,2026-06-29 23:30:00,29751.4,29769.4,29733.4,29762.6,1698,15,0
2026-06-30 01:45:00,2026-06-29 23:45:00,29762.6,29765.8,29744.6,29753.4,1349,15,0
2026-06-30 02:00:00,2026-06-30 00:00:00,29753.4,29786.3,29747.6,29771.6,1492,15,0
2026-06-30 02:15:00,2026-06-30 00:15:00,29771.6,29784.9,29765.3,29777.5,1247,15,0
2026-06-30 02:30:00,2026-06-30 00:30:00,29777.5,29795.0,29768.9,29783.8,1554,15,0
2026-06-30 02:45:00,2026-06-30 00:45:00,29783.8,29792.0,29759.4,29781.4,2245,15,0
2026-06-30 03:00:00,2026-06-30 01:00:00,29781.4,29826.3,29753.0,29809.9,3747,15,0
2026-06-30 03:15:00,2026-06-30 01:15:00,29809.9,29827.4,29729.1,29738.5,3612,15,0
2026-06-30 03:30:00,2026-06-30 01:30:00,29738.5,29744.5,29680.0,29684.0,3802,15,0
2026-06-30 03:45:00,2026-06-30 01:45:00,29684.4,29755.5,29677.3,29751.3,3613,15,0
2026-06-30 04:00:00,2026-06-30 02:00:00,29751.3,29759.9,29692.6,29708.5,3701,15,0
2026-06-30 04:15:00,2026-06-30 02:15:00,29708.5,29807.1,29701.8,29806.3,3526,15,0
2026-06-30 04:30:00,2026-06-30 02:30:00,29806.3,29819.4,29756.0,29790.5,3532,15,0
2026-06-30 04:45:00,2026-06-30 02:45:00,29790.0,29797.9,29756.9,29794.6,3361,15,0
2026-06-30 05:00:00,2026-06-30 03:00:00,29795.4,29797.5,29742.5,29747.4,3170,15,0
2026-06-30 05:15:00,2026-06-30 03:15:00,29747.4,29780.8,29719.6,29770.4,3116,15,0
2026-06-30 05:30:00,2026-06-30 03:30:00,29770.4,29793.1,29758.3,29763.5,2913,15,0
2026-06-30 05:45:00,2026-06-30 03:45:00,29763.5,29783.6,29758.1,29761.8,2645,15,0
2026-06-30 06:00:00,2026-06-30 04:00:00,29761.9,29786.6,29753.0,29772.9,2568,15,0
2026-06-30 06:15:00,2026-06-30 04:15:00,29772.9,29806.8,29772.9,29803.5,2675,15,0
2026-06-30 06:30:00,2026-06-30 04:30:00,29803.1,29871.0,29798.4,29858.3,2913,15,0
2026-06-30 06:45:00,2026-06-30 04:45:00,29858.5,29871.3,29832.9,29837.3,2714,15,0
2026-06-30 07:00:00,2026-06-30 05:00:00,29837.3,29891.9,29836.4,29880.0,2673,15,0
2026-06-30 07:15:00,2026-06-30 05:15:00,29880.0,29911.4,29872.9,29910.4,2430,15,0
2026-06-30 07:30:00,2026-06-30 05:30:00,29911.1,29943.9,29903.5,29942.0,2569,15,0
2026-06-30 07:45:00,2026-06-30 05:45:00,29942.1,29950.0,29924.8,29927.6,2574,15,0
2026-06-30 08:00:00,2026-06-30 06:00:00,29927.6,29957.8,29924.3,29933.9,2912,15,0
2026-06-30 08:15:00,2026-06-30 06:15:00,29933.5,29937.1,29897.1,29902.5,2836,15,0
2026-06-30 08:30:00,2026-06-30 06:30:00,29902.4,29906.1,29858.1,29887.5,3288,15,0
2026-06-30 08:45:00,2026-06-30 06:45:00,29887.3,29911.8,29883.3,29908.4,2755,15,0
2026-06-30 09:00:00,2026-06-30 07:00:00,29908.4,29914.3,29888.1,29892.6,3012,13,0
2026-06-30 09:15:00,2026-06-30 07:15:00,29892.9,29895.2,29860.1,29885.9,2913,13,0
2026-06-30 09:30:00,2026-06-30 07:30:00,29886.0,29889.6,29840.2,29847.6,2701,13,0
2026-06-30 09:45:00,2026-06-30 07:45:00,29847.6,29875.2,29844.9,29874.4,2176,13,0
2026-06-30 10:00:00,2026-06-30 08:00:00,29874.7,29891.1,29849.4,29854.4,2933,13,0
2026-06-30 10:15:00,2026-06-30 08:15:00,29854.2,29876.7,29851.4,29858.7,2573,13,0
2026-06-30 10:30:00,2026-06-30 08:30:00,29858.9,29872.5,29844.7,29846.6,2605,13,0
2026-06-30 10:45:00,2026-06-30 08:45:00,29846.9,29848.4,29811.2,29823.2,2578,13,0
2026-06-30 11:00:00,2026-06-30 09:00:00,29823.1,29868.2,29809.6,29831.4,3135,13,0
2026-06-30 11:15:00,2026-06-30 09:15:00,29831.4,29868.9,29810.0,29865.9,2740,13,0
2026-06-30 11:30:00,2026-06-30 09:30:00,29865.7,29876.1,29761.5,29788.2,3121,13,0
2026-06-30 11:45:00,2026-06-30 09:45:00,29788.2,29815.1,29764.2,29811.2,2869,13,0
2026-06-30 12:00:00,2026-06-30 10:00:00,29811.5,29824.0,29799.7,29816.9,2601,13,0
2026-06-30 12:15:00,2026-06-30 10:15:00,29816.5,29828.9,29801.0,29801.1,2517,13,0
2026-06-30 12:30:00,2026-06-30 10:30:00,29800.9,29820.0,29776.1,29812.6,2601,13,0
2026-06-30 12:45:00,2026-06-30 10:45:00,29812.2,29835.1,29812.2,29823.6,2461,13,0
2026-06-30 13:00:00,2026-06-30 11:00:00,29823.6,29844.1,29811.0,29842.4,2588,13,0
2026-06-30 13:15:00,2026-06-30 11:15:00,29843.1,29859.6,29841.0,29856.9,2280,13,0
2026-06-30 13:30:00,2026-06-30 11:30:00,29856.9,29858.7,29828.2,29842.9,2250,13,0
2026-06-30 13:45:00,2026-06-30 11:45:00,29843.1,29892.4,29832.9,29881.6,2197,13,0
2026-06-30 14:00:00,2026-06-30 12:00:00,29881.7,29911.1,29870.7,29905.4,2686,13,0
2026-06-30 14:15:00,2026-06-30 12:15:00,29905.5,29910.1,29857.9,29875.6,2842,13,0
2026-06-30 14:30:00,2026-06-30 12:30:00,29875.6,29897.1,29861.7,29891.1,2669,13,0
2026-06-30 14:45:00,2026-06-30 12:45:00,29891.0,29914.7,29877.6,29879.4,2624,13,0
2026-06-30 15:00:00,2026-06-30 13:00:00,29879.4,29884.1,29826.1,29832.1,3188,13,0
2026-06-30 15:15:00,2026-06-30 13:15:00,29831.9,29837.7,29778.4,29779.9,3195,13,0
2026-06-30 15:30:00,2026-06-30 13:30:00,29780.4,29799.0,29746.2,29789.6,3398,13,0
2026-06-30 15:45:00,2026-06-30 13:45:00,29789.6,29795.1,29750.0,29754.7,3073,13,0
2026-06-30 16:00:00,2026-06-30 14:00:00,29754.4,29786.9,29748.1,29770.7,3305,13,0
2026-06-30 16:15:00,2026-06-30 14:15:00,29770.9,29793.2,29738.6,29787.5,3264,13,0
2026-06-30 16:30:00,2026-06-30 14:30:00,29789.7,30004.9,29776.5,29958.6,4263,10,0
2026-06-30 16:45:00,2026-06-30 14:45:00,29956.4,30105.3,29932.8,30104.5,4188,10,0
2026-06-30 17:00:00,2026-06-30 15:00:00,30107.0,30134.4,30018.0,30093.1,4185,10,0
2026-06-30 17:15:00,2026-06-30 15:15:00,30094.6,30165.6,30075.8,30152.5,4066,10,0
2026-06-30 17:30:00,2026-06-30 15:30:00,30151.9,30182.9,30112.3,30155.1,3972,10,0
2026-06-30 17:45:00,2026-06-30 15:45:00,30154.4,30154.4,30025.5,30046.6,4076,10,0
2026-06-30 18:00:00,2026-06-30 16:00:00,30046.6,30151.5,30043.9,30143.6,3982,10,0
2026-06-30 18:15:00,2026-06-30 16:15:00,30143.0,30156.8,30111.5,30152.8,3825,10,0
2026-06-30 18:30:00,2026-06-30 16:30:00,30153.0,30175.1,30135.5,30157.5,3587,10,0
2026-06-30 18:45:00,2026-06-30 16:45:00,30157.5,30223.1,30157.5,30202.4,3511,10,0
2026-06-30 19:00:00,2026-06-30 17:00:00,30201.8,30237.8,30194.8,30229.1,3354,10,0
2026-06-30 19:15:00,2026-06-30 17:15:00,30229.0,30249.9,30224.3,30236.1,3384,10,0
2026-06-30 19:30:00,2026-06-30 17:30:00,30236.1,30254.4,30219.4,30252.5,3378,10,0
2026-06-30 19:45:00,2026-06-30 17:45:00,30253.4,30287.8,30251.1,30269.4,3215,10,0
2026-06-30 20:00:00,2026-06-30 18:00:00,30269.5,30304.1,30268.0,30276.6,3069,10,0
2026-06-30 20:15:00,2026-06-30 18:15:00,30276.4,30294.9,30266.6,30271.8,3225,10,0
2026-06-30 20:30:00,2026-06-30 18:30:00,30271.6,30286.4,30257.9,30284.4,3277,10,0
2026-06-30 20:45:00,2026-06-30 18:45:00,30284.5,30287.0,30257.6,30265.9,3246,10,0
2026-06-30 21:00:00,2026-06-30 19:00:00,30266.8,30281.1,30240.6,30267.1,3384,10,0
2026-06-30 21:15:00,2026-06-30 19:15:00,30267.3,30289.6,30261.3,30275.4,3215,10,0
2026-06-30 21:30:00,2026-06-30 19:30:00,30275.4,30299.1,30264.9,30296.0,3238,10,0
2026-06-30 21:45:00,2026-06-30 19:45:00,30295.9,30316.6,30285.3,30295.5,3122,10,0
2026-06-30 22:00:00,2026-06-30 20:00:00,30295.6,30334.4,30293.9,30332.1,3258,10,0
2026-06-30 22:15:00,2026-06-30 20:15:00,30332.5,30341.1,30309.6,30316.6,3312,10,0
2026-06-30 22:30:00,2026-06-30 20:30:00,30316.9,30324.6,30291.0,30319.6,3421,10,0
2026-06-30 22:45:00,2026-06-30 20:45:00,30319.4,30333.9,30253.3,30261.0,3746,10,0
2026-06-30 23:00:00,2026-06-30 21:00:00,30259.6,30284.5,30245.3,30247.3,3364,15,0
2026-06-30 23:15:00,2026-06-30 21:15:00,30247.5,30254.5,30235.6,30245.5,2293,15,0
2026-06-30 23:30:00,2026-06-30 21:30:00,30245.5,30252.0,30233.1,30237.5,1603,15,0
2026-06-30 23:45:00,2026-06-30 21:45:00,30237.5,30238.5,30226.3,30237.1,1558,15,0
2026-07-01 01:00:00,2026-06-30 23:00:00,30245.9,30271.6,30243.3,30258.1,2127,15,0
2026-07-01 01:15:00,2026-06-30 23:15:00,30258.1,30278.6,30257.8,30276.3,1605,15,0
2026-07-01 01:30:00,2026-06-30 23:30:00,30276.3,30276.3,30252.9,30259.8,1313,15,0
2026-07-01 01:45:00,2026-06-30 23:45:00,30259.8,30259.8,30241.7,30253.9,1521,15,0
2026-07-01 02:00:00,2026-07-01 00:00:00,30253.9,30281.4,30253.3,30266.7,1516,15,0
2026-07-01 02:15:00,2026-07-01 00:15:00,30266.7,30282.8,30261.3,30269.2,1339,15,0
2026-07-01 02:30:00,2026-07-01 00:30:00,30269.3,30286.2,30266.1,30272.6,1439,15,0
2026-07-01 02:45:00,2026-07-01 00:45:00,30272.7,30286.4,30260.2,30276.6,2322,15,0
2026-07-01 03:00:00,2026-07-01 01:00:00,30276.8,30295.8,30260.2,30271.7,3410,15,0
2026-07-01 03:15:00,2026-07-01 01:15:00,30271.6,30283.8,30251.3,30279.9,3198,15,0
2026-07-01 03:30:00,2026-07-01 01:30:00,30279.9,30292.4,30270.9,30282.1,2907,15,0
2026-07-01 03:45:00,2026-07-01 01:45:00,30282.1,30290.3,30266.9,30267.3,2909,15,0
2026-07-01 04:00:00,2026-07-01 02:00:00,30267.3,30273.1,30216.4,30241.8,3329,15,0
2026-07-01 04:15:00,2026-07-01 02:15:00,30241.4,30249.9,30210.3,30229.6,3509,15,0
2026-07-01 04:30:00,2026-07-01 02:30:00,30229.6,30246.9,30211.8,30217.8,3269,15,0
2026-07-01 04:45:00,2026-07-01 02:45:00,30217.8,30226.3,30195.4,30196.6,3124,15,0
2026-07-01 05:00:00,2026-07-01 03:00:00,30196.6,30199.2,30129.8,30136.4,3369,15,0
2026-07-01 05:15:00,2026-07-01 03:15:00,30136.4,30166.1,30111.6,30164.9,3022,15,0
2026-07-01 05:30:00,2026-07-01 03:30:00,30165.3,30189.2,30152.2,30183.7,2690,15,0
2026-07-01 05:45:00,2026-07-01 03:45:00,30183.8,30185.7,30168.7,30181.3,2579,15,0
2026-07-01 06:00:00,2026-07-01 04:00:00,30181.6,30208.9,30176.8,30206.1,2491,15,0
2026-07-01 06:15:00,2026-07-01 04:15:00,30206.1,30209.3,30173.6,30181.4,2672,15,0
2026-07-01 06:30:00,2026-07-01 04:30:00,30181.4,30210.9,30174.8,30192.2,2966,15,0
2026-07-01 06:45:00,2026-07-01 04:45:00,30192.6,30220.9,30191.4,30210.6,2323,15,0
2026-07-01 07:00:00,2026-07-01 05:00:00,30210.3,30211.4,30177.9,30180.7,2692,15,0
2026-07-01 07:15:00,2026-07-01 05:15:00,30180.7,30197.8,30172.8,30195.3,2537,15,0
2026-07-01 07:30:00,2026-07-01 05:30:00,30195.2,30204.2,30176.9,30197.2,2469,15,0
2026-07-01 07:45:00,2026-07-01 05:45:00,30197.3,30218.2,30186.1,30187.6,2308,15,0
2026-07-01 08:00:00,2026-07-01 06:00:00,30187.6,30206.6,30179.6,30188.4,2518,15,0
2026-07-01 08:15:00,2026-07-01 06:15:00,30188.7,30194.2,30172.9,30180.1,2522,15,0
2026-07-01 08:30:00,2026-07-01 06:30:00,30180.1,30195.4,30166.3,30179.7,2921,15,0
2026-07-01 08:45:00,2026-07-01 06:45:00,30179.6,30188.9,30166.9,30173.1,2530,15,0
2026-07-01 09:00:00,2026-07-01 07:00:00,30173.1,30187.6,30148.7,30151.0,2876,13,0
2026-07-01 09:15:00,2026-07-01 07:15:00,30152.2,30160.2,30108.4,30138.3,2615,13,0
2026-07-01 09:30:00,2026-07-01 07:30:00,30138.9,30151.9,30127.7,30151.0,2610,13,0
2026-07-01 09:45:00,2026-07-01 07:45:00,30150.2,30163.3,30124.2,30135.3,2150,13,0
2026-07-01 10:00:00,2026-07-01 08:00:00,30135.2,30138.4,30072.4,30077.8,2912,13,0
2026-07-01 10:15:00,2026-07-01 08:15:00,30077.3,30101.7,30043.3,30093.2,3001,13,0
2026-07-01 10:30:00,2026-07-01 08:30:00,30093.2,30109.9,30088.0,30099.9,2301,13,0
2026-07-01 10:45:00,2026-07-01 08:45:00,30099.8,30126.3,30092.0,30117.8,2311,13,0
2026-07-01 11:00:00,2026-07-01 09:00:00,30117.8,30119.3,30077.4,30100.9,2792,13,0
2026-07-01 11:15:00,2026-07-01 09:15:00,30100.5,30111.0,30068.0,30074.8,2617,13,0
2026-07-01 11:30:00,2026-07-01 09:30:00,30075.7,30108.5,30061.5,30102.4,2601,13,0
2026-07-01 11:45:00,2026-07-01 09:45:00,30102.4,30121.2,30089.2,30120.9,2296,13,0
2026-07-01 12:00:00,2026-07-01 10:00:00,30120.9,30121.4,30082.7,30094.4,2642,13,0
2026-07-01 12:15:00,2026-07-01 10:15:00,30094.0,30106.9,30087.7,30097.3,2095,13,0
2026-07-01 12:30:00,2026-07-01 10:30:00,30097.2,30108.4,30091.2,30102.8,2083,13,0
2026-07-01 12:45:00,2026-07-01 10:45:00,30102.8,30129.4,30102.8,30127.8,2106,13,0
2026-07-01 13:00:00,2026-07-01 11:00:00,30127.8,30132.9,30095.4,30105.0,2242,13,0
2026-07-01 13:15:00,2026-07-01 11:15:00,30105.0,30139.8,30104.0,30138.8,2069,13,0
2026-07-01 13:30:00,2026-07-01 11:30:00,30138.7,30143.9,30108.3,30131.2,2030,13,0
2026-07-01 13:45:00,2026-07-01 11:45:00,30131.2,30157.5,30127.8,30150.9,1893,13,0
2026-07-01 14:00:00,2026-07-01 12:00:00,30150.9,30179.0,30150.5,30157.2,2508,13,0
2026-07-01 14:15:00,2026-07-01 12:15:00,30157.0,30163.0,30140.4,30143.4,2408,13,0
2026-07-01 14:30:00,2026-07-01 12:30:00,30143.3,30145.8,30117.8,30139.9,2492,13,0
2026-07-01 14:45:00,2026-07-01 12:45:00,30139.9,30140.7,30098.7,30106.3,2623,13,0
2026-07-01 15:00:00,2026-07-01 13:00:00,30106.2,30117.2,30076.2,30102.7,2879,13,0
2026-07-01 15:15:00,2026-07-01 13:15:00,30102.7,30131.3,30102.7,30112.7,2843,13,0
2026-07-01 15:30:00,2026-07-01 13:30:00,30112.8,30138.2,29987.7,30016.2,3709,13,0
2026-07-01 15:45:00,2026-07-01 13:45:00,30015.9,30030.3,29977.3,30010.9,3765,13,0
2026-07-01 16:00:00,2026-07-01 14:00:00,30011.5,30049.4,29988.4,29999.0,3823,13,0
2026-07-01 16:15:00,2026-07-01 14:15:00,29998.7,30057.7,29957.2,29981.0,3842,13,0
2026-07-01 16:30:00,2026-07-01 14:30:00,29980.5,30002.0,29832.7,29884.8,4306,10,0
2026-07-01 16:45:00,2026-07-01 14:45:00,29884.9,30027.3,29857.2,30027.3,4212,10,0
2026-07-01 17:00:00,2026-07-01 15:00:00,30025.4,30069.9,29989.1,30031.4,4118,10,0
2026-07-01 17:15:00,2026-07-01 15:15:00,30031.4,30057.3,29995.7,30030.8,4069,10,0
2026-07-01 17:30:00,2026-07-01 15:30:00,30030.3,30032.1,29948.4,29949.9,4128,10,0
2026-07-01 17:45:00,2026-07-01 15:45:00,29949.8,29985.4,29880.8,29937.1,4119,10,0
2026-07-01 18:00:00,2026-07-01 16:00:00,29936.6,30014.9,29930.1,30005.3,4063,10,0
2026-07-01 18:15:00,2026-07-01 16:15:00,30005.8,30088.7,30005.8,30086.9,3968,10,0
2026-07-01 18:30:00,2026-07-01 16:30:00,30086.8,30098.6,30022.9,30035.7,3964,10,0
2026-07-01 18:45:00,2026-07-01 16:45:00,30034.7,30039.4,29972.2,29998.7,3897,10,0
2026-07-01 19:00:00,2026-07-01 17:00:00,29998.9,30020.6,29968.7,29987.1,3911,10,0
2026-07-01 19:15:00,2026-07-01 17:15:00,29986.3,30024.9,29962.2,29987.9,3762,10,0
2026-07-01 19:30:00,2026-07-01 17:30:00,29988.6,30006.2,29945.7,29967.7,3584,10,0
2026-07-01 19:45:00,2026-07-01 17:45:00,29967.4,29982.9,29918.7,29933.6,3702,10,0
2026-07-01 20:00:00,2026-07-01 18:00:00,29933.3,29960.9,29897.9,29941.9,3820,10,0
2026-07-01 20:15:00,2026-07-01 18:15:00,29941.7,29983.8,29934.3,29953.4,3517,10,0
2026-07-01 20:30:00,2026-07-01 18:30:00,29953.4,29966.6,29929.2,29932.4,3437,10,0
2026-07-01 20:45:00,2026-07-01 18:45:00,29932.2,29951.1,29901.2,29906.9,3576,10,0
2026-07-01 21:00:00,2026-07-01 19:00:00,29906.7,29933.7,29898.4,29899.7,3511,10,0
2026-07-01 21:15:00,2026-07-01 19:15:00,29899.7,29925.6,29881.8,29903.4,3404,10,0
2026-07-01 21:30:00,2026-07-01 19:30:00,29902.9,29918.6,29878.8,29889.6,3289,10,0
2026-07-01 21:45:00,2026-07-01 19:45:00,29889.3,29889.3,29843.4,29876.6,3428,10,0
2026-07-01 22:00:00,2026-07-01 20:00:00,29876.3,29958.9,29872.4,29930.4,3654,10,0
2026-07-01 22:15:00,2026-07-01 20:15:00,29930.9,29954.6,29913.2,29933.4,3558,10,0
2026-07-01 22:30:00,2026-07-01 20:30:00,29933.9,29975.2,29879.2,29886.9,3832,10,0
2026-07-01 22:45:00,2026-07-01 20:45:00,29887.2,29904.7,29798.8,29827.4,3877,10,0
2026-07-01 23:00:00,2026-07-01 21:00:00,29824.1,29829.3,29753.9,29804.7,3539,15,0
2026-07-01 23:15:00,2026-07-01 21:15:00,29804.3,29808.6,29769.7,29796.4,2388,15,0
2026-07-01 23:30:00,2026-07-01 21:30:00,29796.3,29800.9,29763.9,29795.8,2452,15,0
2026-07-01 23:45:00,2026-07-01 21:45:00,29795.8,29808.9,29784.6,29808.9,1907,15,0
2026-07-02 01:00:00,2026-07-01 23:00:00,29846.8,29855.2,29801.8,29801.8,2100,15,0
2026-07-02 01:15:00,2026-07-01 23:15:00,29801.0,29848.7,29799.2,29842.5,1619,15,0
2026-07-02 01:30:00,2026-07-01 23:30:00,29842.5,29859.7,29839.5,29851.3,1325,15,0
2026-07-02 01:45:00,2026-07-01 23:45:00,29851.3,29860.1,29829.1,29854.7,1386,15,0
2026-07-02 02:00:00,2026-07-02 00:00:00,29854.7,29857.2,29808.6,29811.0,1399,15,0
2026-07-02 02:15:00,2026-07-02 00:15:00,29810.7,29815.8,29801.7,29813.5,1178,15,0
2026-07-02 02:30:00,2026-07-02 00:30:00,29813.6,29821.8,29789.1,29820.1,1345,15,0
2026-07-02 02:45:00,2026-07-02 00:45:00,29820.1,29820.2,29759.0,29791.6,2852,15,0
2026-07-02 03:00:00,2026-07-02 01:00:00,29792.2,29792.2,29700.7,29747.8,3774,15,0
2026-07-02 03:15:00,2026-07-02 01:15:00,29748.3,29812.7,29724.2,29809.0,3758,15,0
2026-07-02 03:30:00,2026-07-02 01:30:00,29809.1,29827.8,29758.7,29760.6,3613,15,0
2026-07-02 03:45:00,2026-07-02 01:45:00,29760.3,29864.7,29755.1,29855.2,3751,15,0
2026-07-02 04:00:00,2026-07-02 02:00:00,29856.1,29937.3,29845.1,29934.5,3551,15,0
2026-07-02 04:15:00,2026-07-02 02:15:00,29934.6,29952.1,29914.6,29941.6,3321,15,0
2026-07-02 04:30:00,2026-07-02 02:30:00,29941.7,29974.0,29936.8,29961.8,3421,15,0
2026-07-02 04:45:00,2026-07-02 02:45:00,29961.7,29974.0,29944.5,29950.5,3277,15,0
2026-07-02 05:00:00,2026-07-02 03:00:00,29950.6,29977.7,29937.7,29976.5,3118,15,0
2026-07-02 05:15:00,2026-07-02 03:15:00,29976.6,29985.8,29934.0,29939.5,3032,15,0
2026-07-02 05:30:00,2026-07-02 03:30:00,29939.8,29964.5,29928.2,29955.0,3039,15,0
2026-07-02 05:45:00,2026-07-02 03:45:00,29954.7,29975.3,29938.7,29954.7,2733,15,0
2026-07-02 06:00:00,2026-07-02 04:00:00,29954.8,29960.3,29906.0,29924.6,2841,15,0
2026-07-02 06:15:00,2026-07-02 04:15:00,29924.3,29932.1,29882.1,29898.8,2763,15,0
2026-07-02 06:30:00,2026-07-02 04:30:00,29898.6,29942.5,29892.5,29905.5,3300,15,0
2026-07-02 06:45:00,2026-07-02 04:45:00,29905.5,29932.1,29885.2,29920.0,3130,15,0
2026-07-02 07:00:00,2026-07-02 05:00:00,29919.7,29935.7,29874.6,29875.1,3038,15,0
2026-07-02 07:15:00,2026-07-02 05:15:00,29875.1,29888.6,29849.8,29882.0,3007,15,0
2026-07-02 07:30:00,2026-07-02 05:30:00,29882.3,29883.0,29812.0,29815.7,3078,15,0
2026-07-02 07:45:00,2026-07-02 05:45:00,29815.6,29869.3,29804.3,29860.8,3150,15,0
2026-07-02 08:00:00,2026-07-02 06:00:00,29860.1,29901.7,29841.7,29893.0,3108,15,0
2026-07-02 08:15:00,2026-07-02 06:15:00,29892.8,29906.3,29860.5,29862.0,3020,15,0
2026-07-02 08:30:00,2026-07-02 06:30:00,29862.2,29863.8,29793.7,29801.5,3425,15,0
2026-07-02 08:45:00,2026-07-02 06:45:00,29801.5,29819.1,29785.3,29798.2,3206,15,0
2026-07-02 09:00:00,2026-07-02 07:00:00,29797.8,29812.7,29703.2,29703.9,3399,13,0
2026-07-02 09:15:00,2026-07-02 07:15:00,29700.4,29742.2,29696.1,29699.9,3409,13,0
2026-07-02 09:30:00,2026-07-02 07:30:00,29701.4,29754.8,29699.1,29721.2,3041,13,0
2026-07-02 09:45:00,2026-07-02 07:45:00,29721.4,29725.2,29642.8,29667.2,3132,13,0
2026-07-02 10:00:00,2026-07-02 08:00:00,29667.9,29685.1,29579.9,29582.3,3450,13,0
2026-07-02 10:15:00,2026-07-02 08:15:00,29581.9,29618.6,29574.1,29610.2,3316,13,0
2026-07-02 10:30:00,2026-07-02 08:30:00,29610.2,29689.7,29606.8,29686.7,3030,13,0
2026-07-02 10:45:00,2026-07-02 08:45:00,29686.3,29691.4,29631.6,29640.2,2973,13,0
2026-07-02 11:00:00,2026-07-02 09:00:00,29639.2,29673.7,29574.6,29588.6,3601,13,0
2026-07-02 11:15:00,2026-07-02 09:15:00,29588.7,29689.1,29586.7,29672.7,3274,13,0
2026-07-02 11:30:00,2026-07-02 09:30:00,29672.6,29760.6,29663.4,29728.9,3022,13,0
2026-07-02 11:45:00,2026-07-02 09:45:00,29729.1,29785.7,29718.1,29780.8,2803,13,0
2026-07-02 12:00:00,2026-07-02 10:00:00,29780.9,29780.9,29708.2,29731.1,2966,13,0
2026-07-02 12:15:00,2026-07-02 10:15:00,29731.1,29733.7,29691.7,29730.2,2708,13,0
2026-07-02 12:30:00,2026-07-02 10:30:00,29730.2,29761.9,29725.9,29746.4,2713,13,0
2026-07-02 12:45:00,2026-07-02 10:45:00,29746.3,29746.4,29699.8,29706.1,2567,13,0
2026-07-02 13:00:00,2026-07-02 11:00:00,29705.7,29706.6,29668.7,29682.4,2771,13,0
2026-07-02 13:15:00,2026-07-02 11:15:00,29682.4,29707.8,29672.4,29695.7,2654,13,0
2026-07-02 13:30:00,2026-07-02 11:30:00,29695.7,29752.2,29695.3,29725.7,2505,13,0
2026-07-02 13:45:00,2026-07-02 11:45:00,29725.9,29755.7,29720.8,29751.3,2333,13,0
2026-07-02 14:00:00,2026-07-02 12:00:00,29751.2,29768.7,29716.1,29753.7,2820,13,0
2026-07-02 14:15:00,2026-07-02 12:15:00,29753.8,29760.1,29717.9,29752.9,2432,13,0
2026-07-02 14:30:00,2026-07-02 12:30:00,29753.1,29811.8,29740.1,29805.7,2755,13,0
2026-07-02 14:45:00,2026-07-02 12:45:00,29805.2,29826.2,29783.6,29785.2,2813,13,0
2026-07-02 15:00:00,2026-07-02 13:00:00,29782.2,29888.6,29769.4,29878.3,3221,13,0
2026-07-02 15:15:00,2026-07-02 13:15:00,29877.9,29929.1,29875.2,29925.8,3306,13,0
2026-07-02 15:30:00,2026-07-02 13:30:00,29927.2,30066.3,29927.1,29990.7,4107,13,0
2026-07-02 15:45:00,2026-07-02 13:45:00,29990.3,30013.6,29902.8,29930.6,3939,13,0
2026-07-02 16:00:00,2026-07-02 14:00:00,29930.4,29957.9,29865.3,29888.8,3856,13,0
2026-07-02 16:15:00,2026-07-02 14:15:00,29889.1,29930.2,29821.4,29824.4,3706,13,0
2026-07-02 16:30:00,2026-07-02 14:30:00,29825.1,29934.7,29756.1,29872.5,4279,10,0
2026-07-02 16:45:00,2026-07-02 14:45:00,29874.0,30008.2,29851.3,30001.0,4188,10,0
2026-07-02 17:00:00,2026-07-02 15:00:00,30002.8,30040.1,29880.0,29962.3,4186,10,0
2026-07-02 17:15:00,2026-07-02 15:15:00,29963.6,29972.8,29659.0,29682.1,4264,10,0
2026-07-02 17:30:00,2026-07-02 15:30:00,29683.5,29752.3,29525.0,29556.1,4302,10,0
2026-07-02 17:45:00,2026-07-02 15:45:00,29557.6,29615.2,29478.6,29587.6,4279,10,0
2026-07-02 18:00:00,2026-07-02 16:00:00,29587.1,29597.6,29377.6,29467.0,4254,10,0
2026-07-02 18:15:00,2026-07-02 16:15:00,29463.8,29492.3,29360.0,29419.1,4249,10,0
2026-07-02 18:30:00,2026-07-02 16:30:00,29419.1,29564.0,29416.5,29463.3,4136,10,0
2026-07-02 18:45:00,2026-07-02 16:45:00,29462.2,29494.3,29383.8,29424.2,4127,10,0
2026-07-02 19:00:00,2026-07-02 17:00:00,29423.7,29434.5,29333.2,29395.5,4087,10,0
2026-07-02 19:15:00,2026-07-02 17:15:00,29395.0,29399.7,29295.7,29306.0,4016,10,0
2026-07-02 19:30:00,2026-07-02 17:30:00,29306.0,29310.2,29202.5,29287.0,4059,10,0
2026-07-02 19:45:00,2026-07-02 17:45:00,29286.3,29290.0,29181.8,29210.1,4100,10,0
2026-07-02 20:00:00,2026-07-02 18:00:00,29209.1,29230.5,29134.8,29201.5,4028,10,0
2026-07-02 20:15:00,2026-07-02 18:15:00,29201.2,29229.5,29170.2,29194.1,3974,10,0
2026-07-02 20:30:00,2026-07-02 18:30:00,29195.7,29220.7,29110.5,29152.2,4048,10,0
2026-07-02 20:45:00,2026-07-02 18:45:00,29152.7,29156.1,29076.5,29086.0,4010,10,0
2026-07-02 21:00:00,2026-07-02 19:00:00,29088.5,29249.8,29079.3,29207.2,4028,10,0
2026-07-02 21:15:00,2026-07-02 19:15:00,29207.2,29236.5,29158.8,29235.7,3944,10,0
2026-07-02 21:30:00,2026-07-02 19:30:00,29235.7,29272.2,29212.7,29229.1,3919,10,0
2026-07-02 21:45:00,2026-07-02 19:45:00,29228.8,29275.1,29187.8,29235.7,3915,10,0
2026-07-02 22:00:00,2026-07-02 20:00:00,29236.0,29250.1,29129.2,29159.8,4032,10,0
2026-07-02 22:15:00,2026-07-02 20:15:00,29159.7,29192.0,29097.2,29168.2,3975,10,0
2026-07-02 22:30:00,2026-07-02 20:30:00,29169.2,29222.6,29159.6,29202.1,3956,10,0
2026-07-02 22:45:00,2026-07-02 20:45:00,29202.1,29334.7,29180.1,29280.6,4002,10,0
2026-07-02 23:00:00,2026-07-02 21:00:00,29283.3,29299.8,29261.5,29292.8,3314,15,0
2026-07-02 23:15:00,2026-07-02 21:15:00,29292.6,29308.6,29280.5,29295.5,2407,15,0
2026-07-02 23:30:00,2026-07-02 21:30:00,29295.5,29311.3,29285.3,29289.1,2117,15,0
2026-07-02 23:45:00,2026-07-02 21:45:00,29289.0,29305.7,29284.2,29302.0,1815,15,0
2026-07-03 01:00:00,2026-07-02 23:00:00,29329.1,29340.4,29309.7,29331.8,1111,15,0
2026-07-03 01:15:00,2026-07-02 23:15:00,29331.8,29346.8,29328.9,29329.8,694,15,0
2026-07-03 01:30:00,2026-07-02 23:30:00,29329.8,29372.1,29320.2,29371.7,1398,15,0
2026-07-03 01:45:00,2026-07-02 23:45:00,29371.7,29373.1,29360.3,29367.4,1071,15,0
2026-07-03 02:00:00,2026-07-03 00:00:00,29367.4,29368.2,29305.7,29310.3,1670,15,0
2026-07-03 02:15:00,2026-07-03 00:15:00,29311.3,29357.9,29303.9,29353.2,1633,15,0
2026-07-03 02:30:00,2026-07-03 00:30:00,29353.2,29368.8,29323.1,29323.1,1732,15,0
2026-07-03 02:45:00,2026-07-03 00:45:00,29323.7,29358.9,29317.4,29349.9,2497,15,0
2026-07-03 03:00:00,2026-07-03 01:00:00,29351.4,29389.4,29292.6,29367.2,3757,15,0
2026-07-03 03:15:00,2026-07-03 01:15:00,29367.2,29371.2,29309.7,29312.2,3518,15,0
2026-07-03 03:30:00,2026-07-03 01:30:00,29312.2,29352.6,29285.8,29302.9,3684,15,0
2026-07-03 03:45:00,2026-07-03 01:45:00,29302.9,29322.6,29274.2,29288.4,3514,15,0
2026-07-03 04:00:00,2026-07-03 02:00:00,29288.4,29447.6,29285.2,29424.9,3691,15,0
2026-07-03 04:15:00,2026-07-03 02:15:00,29424.7,29431.7,29397.3,29406.9,3422,15,0
2026-07-03 04:30:00,2026-07-03 02:30:00,29406.8,29434.2,29395.6,29425.8,3236,15,0
2026-07-03 04:45:00,2026-07-03 02:45:00,29425.8,29449.3,29410.6,29432.4,3015,15,0
2026-07-03 05:00:00,2026-07-03 03:00:00,29432.8,29467.3,29432.3,29445.1,2788,15,0
2026-07-03 05:15:00,2026-07-03 03:15:00,29445.1,29481.8,29444.8,29480.2,2472,15,0
2026-07-03 05:30:00,2026-07-03 03:30:00,29479.7,29483.3,29457.3,29475.1,2305,15,0
2026-07-03 05:45:00,2026-07-03 03:45:00,29475.1,29506.1,29474.8,29501.1,1999,15,0
2026-07-03 06:00:00,2026-07-03 04:00:00,29501.1,29505.1,29481.7,29496.6,2344,15,0
2026-07-03 06:15:00,2026-07-03 04:15:00,29496.4,29512.2,29493.1,29511.6,1854,15,0
2026-07-03 06:30:00,2026-07-03 04:30:00,29511.3,29525.4,29471.6,29473.7,2647,15,0
2026-07-03 06:45:00,2026-07-03 04:45:00,29473.7,29520.4,29469.1,29519.2,2401,15,0
2026-07-03 07:00:00,2026-07-03 05:00:00,29518.8,29536.8,29513.9,29536.1,2210,15,0
2026-07-03 07:15:00,2026-07-03 05:15:00,29536.1,29554.6,29533.2,29554.2,2073,15,0
2026-07-03 07:30:00,2026-07-03 05:30:00,29554.2,29564.7,29538.2,29558.2,2213,15,0
2026-07-03 07:45:00,2026-07-03 05:45:00,29558.3,29570.9,29542.9,29554.2,2204,15,0
2026-07-03 08:00:00,2026-07-03 06:00:00,29553.4,29582.6,29541.7,29573.4,2456,15,0
2026-07-03 08:15:00,2026-07-03 06:15:00,29573.7,29576.9,29545.9,29561.2,2163,15,0
2026-07-03 08:30:00,2026-07-03 06:30:00,29560.3,29591.9,29555.3,29571.3,2354,15,0
2026-07-03 08:45:00,2026-07-03 06:45:00,29571.3,29579.6,29558.9,29575.7,2091,15,0
2026-07-03 09:00:00,2026-07-03 07:00:00,29575.8,29638.3,29573.4,29622.5,2587,13,0
2026-07-03 09:15:00,2026-07-03 07:15:00,29622.5,29628.5,29595.3,29618.9,2192,13,0
2026-07-03 09:30:00,2026-07-03 07:30:00,29618.9,29623.9,29602.8,29607.3,2113,13,0
2026-07-03 09:45:00,2026-07-03 07:45:00,29607.3,29610.0,29585.0,29591.7,1575,13,0
2026-07-03 10:00:00,2026-07-03 08:00:00,29591.9,29604.5,29577.3,29587.9,2297,13,0
2026-07-03 10:15:00,2026-07-03 08:15:00,29587.7,29618.3,29585.5,29611.3,2032,13,0
2026-07-03 10:30:00,2026-07-03 08:30:00,29611.3,29619.7,29588.0,29589.0,1928,13,0
2026-07-03 10:45:00,2026-07-03 08:45:00,29589.2,29609.0,29586.8,29595.8,1729,13,0
2026-07-03 11:00:00,2026-07-03 09:00:00,29595.7,29612.4,29584.3,29590.3,2074,13,0
2026-07-03 11:15:00,2026-07-03 09:15:00,29590.3,29605.2,29587.4,29596.3,2090,13,0
2026-07-03 11:30:00,2026-07-03 09:30:00,29596.8,29624.4,29585.4,29620.8,1930,13,0
2026-07-03 11:45:00,2026-07-03 09:45:00,29620.8,29621.3,29583.2,29600.3,2056,13,0
2026-07-03 12:00:00,2026-07-03 10:00:00,29600.4,29628.8,29579.4,29628.8,2187,13,0
2026-07-03 12:15:00,2026-07-03 10:15:00,29628.4,29643.3,29616.8,29638.8,1932,13,0
2026-07-03 12:30:00,2026-07-03 10:30:00,29638.8,29650.0,29621.3,29646.9,1772,13,0
2026-07-03 12:45:00,2026-07-03 10:45:00,29646.9,29650.2,29619.0,29622.0,1789,13,0
2026-07-03 13:00:00,2026-07-03 11:00:00,29622.2,29634.3,29611.0,29629.4,1433,13,0
2026-07-03 13:15:00,2026-07-03 11:15:00,29629.4,29631.2,29616.0,29626.5,1334,13,0
2026-07-03 13:30:00,2026-07-03 11:30:00,29626.5,29643.0,29616.3,29643.0,1513,13,0
2026-07-03 13:45:00,2026-07-03 11:45:00,29643.2,29644.8,29630.2,29631.8,1302,13,0
2026-07-03 14:00:00,2026-07-03 12:00:00,29631.4,29641.4,29619.5,29637.2,1697,13,0
2026-07-03 14:15:00,2026-07-03 12:15:00,29637.2,29640.4,29617.4,29624.8,1429,13,0
2026-07-03 14:30:00,2026-07-03 12:30:00,29625.0,29640.4,29622.9,29626.5,1417,13,0
2026-07-03 14:45:00,2026-07-03 12:45:00,29626.5,29659.0,29624.8,29651.8,1434,13,0
2026-07-03 15:00:00,2026-07-03 13:00:00,29651.9,29673.5,29632.5,29637.9,2055,13,0
2026-07-03 15:15:00,2026-07-03 13:15:00,29637.9,29646.7,29627.2,29635.2,1680,13,0
2026-07-03 15:30:00,2026-07-03 13:30:00,29636.3,29645.4,29629.2,29636.0,1648,13,0
2026-07-03 15:45:00,2026-07-03 13:45:00,29636.0,29655.3,29635.7,29653.3,1551,13,0
2026-07-03 16:00:00,2026-07-03 14:00:00,29653.4,29668.4,29637.3,29640.4,2106,13,0
2026-07-03 16:15:00,2026-07-03 14:15:00,29640.4,29674.9,29640.0,29671.4,1972,13,0
2026-07-03 16:30:00,2026-07-03 14:30:00,29671.5,29706.0,29657.7,29680.6,3007,10,0
2026-07-03 16:45:00,2026-07-03 14:45:00,29680.6,29695.2,29664.4,29690.3,2690,10,0
2026-07-03 17:00:00,2026-07-03 15:00:00,29690.6,29697.1,29651.1,29653.2,2463,10,0
2026-07-03 17:15:00,2026-07-03 15:15:00,29653.2,29674.7,29640.1,29658.3,2402,10,0
2026-07-03 17:30:00,2026-07-03 15:30:00,29658.3,29677.9,29651.3,29655.8,2096,10,0
2026-07-03 17:45:00,2026-07-03 15:45:00,29655.8,29679.7,29652.7,29669.8,2237,10,0
2026-07-03 18:00:00,2026-07-03 16:00:00,29669.8,29673.4,29653.6,29662.6,1947,10,0
2026-07-03 18:15:00,2026-07-03 16:15:00,29662.7,29675.9,29649.2,29650.1,1926,10,0
2026-07-03 18:30:00,2026-07-03 16:30:00,29649.8,29654.9,29636.3,29646.3,2165,10,0
2026-07-03 18:45:00,2026-07-03 16:45:00,29646.2,29664.2,29643.4,29657.8,1585,10,0
2026-07-03 19:00:00,2026-07-03 17:00:00,29657.6,29658.7,29646.1,29646.3,1439,10,0
2026-07-03 19:15:00,2026-07-03 17:15:00,29646.3,29666.3,29646.3,29651.9,1493,10,0
2026-07-03 19:30:00,2026-07-03 17:30:00,29651.9,29675.8,29642.6,29671.9,1562,10,0
2026-07-03 19:45:00,2026-07-03 17:45:00,29672.1,29674.9,29647.9,29654.2,1697,10,0
2026-07-03 20:00:00,2026-07-03 18:00:00,29654.1,29654.1,29654.1,29654.1,1,10,0
2026-07-06 01:00:00,2026-07-05 23:00:00,29725.4,29725.4,29621.9,29660.2,2564,15,0
2026-07-06 01:15:00,2026-07-05 23:15:00,29660.4,29707.1,29649.7,29696.0,2144,15,0
2026-07-06 01:30:00,2026-07-05 23:30:00,29696.0,29732.9,29694.9,29730.2,2020,15,0
2026-07-06 01:45:00,2026-07-05 23:45:00,29730.2,29738.1,29702.0,29705.4,1777,15,0
2026-07-06 02:00:00,2026-07-06 00:00:00,29705.2,29766.7,29686.4,29748.5,2044,15,0
2026-07-06 02:15:00,2026-07-06 00:15:00,29749.9,29761.5,29736.2,29744.1,1636,15,0
2026-07-06 02:30:00,2026-07-06 00:30:00,29744.5,29767.1,29731.7,29735.0,1669,15,0
2026-07-06 02:45:00,2026-07-06 00:45:00,29734.9,29765.1,29724.2,29744.9,2730,15,0
2026-07-06 03:00:00,2026-07-06 01:00:00,29745.0,29747.6,29660.5,29741.9,3723,15,0
2026-07-06 03:15:00,2026-07-06 01:15:00,29742.0,29764.4,29640.1,29641.4,3620,15,0
2026-07-06 03:30:00,2026-07-06 01:30:00,29641.9,29703.6,29605.9,29693.2,3705,15,0
2026-07-06 03:45:00,2026-07-06 01:45:00,29693.4,29729.2,29673.7,29685.4,3471,15,0
2026-07-06 04:00:00,2026-07-06 02:00:00,29685.0,29691.0,29627.0,29638.7,3668,15,0
2026-07-06 04:15:00,2026-07-06 02:15:00,29638.5,29652.4,29534.0,29573.5,3639,15,0
2026-07-06 04:30:00,2026-07-06 02:30:00,29572.2,29614.7,29568.0,29576.6,3696,15,0
2026-07-06 04:45:00,2026-07-06 02:45:00,29576.1,29576.7,29511.1,29552.4,3696,15,0
2026-07-06 05:00:00,2026-07-06 03:00:00,29552.4,29578.1,29514.9,29520.4,3607,15,0
2026-07-06 05:15:00,2026-07-06 03:15:00,29520.2,29550.9,29495.1,29496.2,3550,15,0
2026-07-06 05:30:00,2026-07-06 03:30:00,29496.2,29507.6,29453.6,29460.2,3384,15,0
2026-07-06 05:45:00,2026-07-06 03:45:00,29460.0,29491.4,29443.2,29485.5,3262,15,0
2026-07-06 06:00:00,2026-07-06 04:00:00,29485.5,29544.1,29476.4,29530.9,3126,15,0
2026-07-06 06:15:00,2026-07-06 04:15:00,29531.1,29550.9,29508.0,29547.4,2809,15,0
2026-07-06 06:30:00,2026-07-06 04:30:00,29547.2,29566.2,29497.9,29499.6,3204,15,0
2026-07-06 06:45:00,2026-07-06 04:45:00,29499.5,29508.0,29453.7,29490.6,3272,15,0
2026-07-06 07:00:00,2026-07-06 05:00:00,29490.6,29537.4,29463.1,29535.2,3076,15,0
2026-07-06 07:15:00,2026-07-06 05:15:00,29535.2,29560.1,29528.7,29555.0,2806,15,0
2026-07-06 07:30:00,2026-07-06 05:30:00,29555.0,29596.6,29548.7,29587.5,2838,15,0
2026-07-06 07:45:00,2026-07-06 05:45:00,29587.4,29600.1,29572.9,29588.2,2764,15,0
2026-07-06 08:00:00,2026-07-06 06:00:00,29588.2,29591.6,29552.2,29566.9,2957,15,0
2026-07-06 08:15:00,2026-07-06 06:15:00,29568.5,29578.5,29527.9,29528.2,2913,15,0
2026-07-06 08:30:00,2026-07-06 06:30:00,29529.1,29558.7,29512.6,29548.2,3120,15,0
2026-07-06 08:45:00,2026-07-06 06:45:00,29548.2,29560.9,29526.0,29550.6,2912,15,0
2026-07-06 09:00:00,2026-07-06 07:00:00,29550.5,29567.1,29515.0,29520.2,2964,13,0
2026-07-06 09:15:00,2026-07-06 07:15:00,29520.1,29555.8,29515.3,29550.3,2712,13,0
2026-07-06 09:30:00,2026-07-06 07:30:00,29549.5,29617.8,29543.8,29614.3,2546,13,0
2026-07-06 09:45:00,2026-07-06 07:45:00,29613.7,29614.8,29592.3,29606.6,2039,13,0
2026-07-06 10:00:00,2026-07-06 08:00:00,29607.1,29622.1,29589.3,29608.0,2787,13,0
2026-07-06 10:15:00,2026-07-06 08:15:00,29607.8,29623.3,29578.3,29581.1,2371,13,0
2026-07-06 10:30:00,2026-07-06 08:30:00,29581.1,29634.5,29576.3,29632.3,2306,13,0
2026-07-06 10:45:00,2026-07-06 08:45:00,29632.6,29634.8,29610.7,29611.6,2090,13,0
2026-07-06 11:00:00,2026-07-06 09:00:00,29611.8,29643.1,29562.7,29580.6,2893,13,0
2026-07-06 11:15:00,2026-07-06 09:15:00,29581.5,29591.8,29540.3,29591.8,2713,13,0
2026-07-06 11:30:00,2026-07-06 09:30:00,29592.5,29613.7,29567.8,29604.6,2475,13,0
2026-07-06 11:45:00,2026-07-06 09:45:00,29604.6,29631.1,29597.8,29629.3,2215,13,0
2026-07-06 12:00:00,2026-07-06 10:00:00,29629.3,29635.1,29604.0,29612.1,2361,13,0
2026-07-06 12:15:00,2026-07-06 10:15:00,29612.1,29629.0,29608.3,29624.1,2285,13,0
2026-07-06 12:30:00,2026-07-06 10:30:00,29624.1,29627.6,29599.0,29610.6,2214,13,0
2026-07-06 12:45:00,2026-07-06 10:45:00,29610.6,29648.0,29587.8,29637.3,2358,13,0
2026-07-06 13:00:00,2026-07-06 11:00:00,29637.3,29650.8,29613.0,29637.7,2326,13,0
2026-07-06 13:15:00,2026-07-06 11:15:00,29637.7,29643.8,29621.0,29623.0,1967,13,0
2026-07-06 13:30:00,2026-07-06 11:30:00,29623.0,29644.3,29615.5,29616.3,1945,13,0
2026-07-06 13:45:00,2026-07-06 11:45:00,29616.3,29644.6,29607.2,29644.6,2042,13,0
2026-07-06 14:00:00,2026-07-06 12:00:00,29644.6,29655.1,29601.7,29619.0,2695,13,0
2026-07-06 14:15:00,2026-07-06 12:15:00,29618.0,29651.3,29613.1,29640.7,2322,13,0
2026-07-06 14:30:00,2026-07-06 12:30:00,29640.0,29657.0,29631.0,29643.2,2389,13,0
2026-07-06 14:45:00,2026-07-06 12:45:00,29643.2,29674.2,29636.5,29638.3,2529,13,0
2026-07-06 15:00:00,2026-07-06 13:00:00,29638.3,29695.2,29625.5,29691.8,3053,13,0
2026-07-06 15:15:00,2026-07-06 13:15:00,29691.6,29695.6,29636.2,29653.2,2922,13,0
2026-07-06 15:30:00,2026-07-06 13:30:00,29653.2,29683.1,29649.7,29660.1,2853,13,0
2026-07-06 15:45:00,2026-07-06 13:45:00,29660.0,29695.2,29659.0,29693.8,2595,13,0
2026-07-06 16:00:00,2026-07-06 14:00:00,29693.8,29697.6,29615.7,29618.6,2976,13,0
2026-07-06 16:15:00,2026-07-06 14:15:00,29619.1,29624.7,29580.6,29594.3,3301,13,0
2026-07-06 16:30:00,2026-07-06 14:30:00,29594.5,29696.2,29538.5,29679.9,4278,10,0
2026-07-06 16:45:00,2026-07-06 14:45:00,29680.0,29767.1,29657.0,29693.2,4220,10,0
2026-07-06 17:00:00,2026-07-06 15:00:00,29693.4,29786.9,29665.5,29782.0,4169,10,0
2026-07-06 17:15:00,2026-07-06 15:15:00,29782.2,29801.4,29747.0,29772.9,4057,10,0
2026-07-06 17:30:00,2026-07-06 15:30:00,29773.0,29816.4,29749.2,29797.4,4043,10,0
2026-07-06 17:45:00,2026-07-06 15:45:00,29797.9,29826.9,29747.6,29785.9,3962,10,0
2026-07-06 18:00:00,2026-07-06 16:00:00,29785.5,29803.4,29720.2,29743.1,4000,10,0
2026-07-06 18:15:00,2026-07-06 16:15:00,29743.7,29821.9,29701.9,29821.5,3911,10,0
2026-07-06 18:30:00,2026-07-06 16:30:00,29821.0,29838.7,29792.4,29829.7,3729,10,0
2026-07-06 18:45:00,2026-07-06 16:45:00,29829.7,29843.6,29809.4,29833.9,3397,10,0
2026-07-06 19:00:00,2026-07-06 17:00:00,29833.9,29853.6,29813.6,29830.2,3417,10,0
2026-07-06 19:15:00,2026-07-06 17:15:00,29830.7,29837.6,29785.4,29793.0,3462,10,0
2026-07-06 19:30:00,2026-07-06 17:30:00,29793.0,29804.2,29762.7,29776.9,3356,10,0
2026-07-06 19:45:00,2026-07-06 17:45:00,29776.9,29798.0,29741.9,29750.9,3387,10,0
2026-07-06 20:00:00,2026-07-06 18:00:00,29749.6,29796.1,29735.2,29778.6,3464,10,0
2026-07-06 20:15:00,2026-07-06 18:15:00,29778.9,29791.6,29707.7,29714.9,3487,10,0
2026-07-06 20:30:00,2026-07-06 18:30:00,29715.4,29720.1,29642.6,29664.6,3740,10,0
2026-07-06 20:45:00,2026-07-06 18:45:00,29665.1,29695.5,29643.1,29656.9,3483,10,0
2026-07-06 21:00:00,2026-07-06 19:00:00,29658.0,29727.5,29655.7,29709.0,3393,10,0
2026-07-06 21:15:00,2026-07-06 19:15:00,29709.0,29759.4,29709.0,29731.6,3335,10,0
2026-07-06 21:30:00,2026-07-06 19:30:00,29732.1,29743.7,29708.6,29737.4,3260,10,0
2026-07-06 21:45:00,2026-07-06 19:45:00,29738.1,29763.7,29735.6,29750.6,3195,10,0
2026-07-06 22:00:00,2026-07-06 20:00:00,29750.5,29784.7,29740.9,29771.6,3340,10,0
2026-07-06 22:15:00,2026-07-06 20:15:00,29771.4,29811.7,29765.0,29795.1,3321,10,0
2026-07-06 22:30:00,2026-07-06 20:30:00,29795.1,29796.1,29757.6,29784.6,3446,10,0
2026-07-06 22:45:00,2026-07-06 20:45:00,29784.1,29795.6,29692.1,29708.4,3743,10,0
2026-07-06 23:00:00,2026-07-06 21:00:00,29708.1,29732.0,29693.1,29723.1,2873,15,0
2026-07-06 23:15:00,2026-07-06 21:15:00,29723.1,29729.7,29710.5,29719.4,1656,15,0
2026-07-06 23:30:00,2026-07-06 21:30:00,29719.4,29725.4,29712.6,29715.4,1075,15,0
2026-07-06 23:45:00,2026-07-06 21:45:00,29715.4,29717.9,29691.2,29711.6,1259,15,0
2026-07-07 01:00:00,2026-07-06 23:00:00,29721.2,29731.7,29704.1,29728.3,1069,15,0
2026-07-07 01:15:00,2026-07-06 23:15:00,29728.3,29736.8,29714.3,29715.1,1098,15,0
2026-07-07 01:30:00,2026-07-06 23:30:00,29715.1,29732.6,29707.6,29713.6,1418,15,0
2026-07-07 01:45:00,2026-07-06 23:45:00,29713.5,29714.6,29653.0,29659.1,1987,15,0
2026-07-07 02:00:00,2026-07-07 00:00:00,29657.6,29692.6,29655.1,29670.1,1723,15,0
2026-07-07 02:15:00,2026-07-07 00:15:00,29670.1,29670.1,29637.3,29661.8,1680,15,0
2026-07-07 02:30:00,2026-07-07 00:30:00,29661.8,29669.7,29630.2,29637.8,1595,15,0
2026-07-07 02:45:00,2026-07-07 00:45:00,29637.6,29638.8,29603.7,29615.2,2697,15,0
2026-07-07 03:00:00,2026-07-07 01:00:00,29616.1,29644.7,29589.2,29591.5,3601,15,0
2026-07-07 03:15:00,2026-07-07 01:15:00,29591.7,29677.3,29580.2,29642.2,3581,15,0
2026-07-07 03:30:00,2026-07-07 01:30:00,29642.3,29650.8,29572.0,29596.0,3435,15,0
2026-07-07 03:45:00,2026-07-07 01:45:00,29596.3,29620.0,29572.1,29580.8,3504,15,0
2026-07-07 04:00:00,2026-07-07 02:00:00,29580.8,29598.1,29564.7,29567.2,3528,15,0
2026-07-07 04:15:00,2026-07-07 02:15:00,29567.6,29577.8,29492.0,29503.1,3303,15,0
2026-07-07 04:30:00,2026-07-07 02:30:00,29503.1,29552.7,29481.2,29552.2,3585,15,0
2026-07-07 04:45:00,2026-07-07 02:45:00,29552.2,29584.7,29532.5,29536.7,3331,15,0
2026-07-07 05:00:00,2026-07-07 03:00:00,29536.3,29579.1,29531.0,29568.2,3401,15,0
2026-07-07 05:15:00,2026-07-07 03:15:00,29568.2,29582.7,29534.7,29536.0,3053,15,0
2026-07-07 05:30:00,2026-07-07 03:30:00,29536.0,29544.5,29502.5,29542.8,3094,15,0
2026-07-07 05:45:00,2026-07-07 03:45:00,29543.0,29543.5,29508.1,29511.0,3006,15,0
2026-07-07 06:00:00,2026-07-07 04:00:00,29510.7,29547.6,29506.0,29522.0,3039,15,0
2026-07-07 06:15:00,2026-07-07 04:15:00,29521.8,29524.2,29444.0,29448.0,2970,15,0
2026-07-07 06:30:00,2026-07-07 04:30:00,29448.3,29472.0,29426.7,29428.1,3324,15,0
2026-07-07 06:45:00,2026-07-07 04:45:00,29428.0,29438.6,29393.3,29431.5,3210,15,0
2026-07-07 07:00:00,2026-07-07 05:00:00,29431.7,29443.5,29401.6,29401.6,3125,15,0
2026-07-07 07:15:00,2026-07-07 05:15:00,29401.6,29410.3,29380.0,29401.6,2685,15,0
2026-07-07 07:30:00,2026-07-07 05:30:00,29401.6,29420.1,29386.0,29396.8,2869,15,0
2026-07-07 07:45:00,2026-07-07 05:45:00,29397.0,29403.0,29371.5,29388.8,2412,15,0
2026-07-07 08:00:00,2026-07-07 06:00:00,29388.8,29389.8,29349.0,29350.6,2546,15,0
2026-07-07 08:15:00,2026-07-07 06:15:00,29350.7,29370.8,29321.8,29354.2,3114,15,0
2026-07-07 08:30:00,2026-07-07 06:30:00,29354.1,29428.8,29354.1,29423.6,3551,15,0
2026-07-07 08:45:00,2026-07-07 06:45:00,29424.0,29467.8,29409.1,29452.3,3122,15,0
2026-07-07 09:00:00,2026-07-07 07:00:00,29452.3,29464.3,29395.2,29405.4,3138,13,0
2026-07-07 09:15:00,2026-07-07 07:15:00,29405.6,29437.4,29405.3,29426.1,3059,13,0
2026-07-07 09:30:00,2026-07-07 07:30:00,29425.8,29447.2,29410.2,29446.4,2390,13,0
2026-07-07 09:45:00,2026-07-07 07:45:00,29446.4,29456.9,29427.3,29453.2,1889,13,0
2026-07-07 10:00:00,2026-07-07 08:00:00,29453.1,29487.3,29431.4,29482.1,2826,13,0
2026-07-07 10:15:00,2026-07-07 08:15:00,29481.9,29507.6,29476.4,29480.4,2614,13,0
2026-07-07 10:30:00,2026-07-07 08:30:00,29480.4,29487.1,29456.1,29456.1,2286,13,0
2026-07-07 10:45:00,2026-07-07 08:45:00,29456.2,29463.1,29407.2,29409.7,2380,13,0
2026-07-07 11:00:00,2026-07-07 09:00:00,29409.8,29458.9,29405.4,29451.6,2991,13,0
2026-07-07 11:15:00,2026-07-07 09:15:00,29451.8,29472.7,29446.1,29455.4,2606,13,0
2026-07-07 11:30:00,2026-07-07 09:30:00,29455.2,29468.2,29435.6,29445.9,2396,13,0
2026-07-07 11:45:00,2026-07-07 09:45:00,29446.2,29459.7,29422.4,29423.1,2362,13,0
2026-07-07 12:00:00,2026-07-07 10:00:00,29422.9,29453.8,29406.3,29451.1,2446,13,0
2026-07-07 12:15:00,2026-07-07 10:15:00,29451.1,29457.4,29418.7,29418.9,2061,13,0
2026-07-07 12:30:00,2026-07-07 10:30:00,29418.9,29424.4,29394.1,29413.8,2453,13,0
2026-07-07 12:45:00,2026-07-07 10:45:00,29413.8,29428.2,29386.7,29426.2,2265,13,0
2026-07-07 13:00:00,2026-07-07 11:00:00,29426.2,29451.3,29405.6,29412.1,2334,13,0
2026-07-07 13:15:00,2026-07-07 11:15:00,29412.1,29452.3,29409.9,29437.2,2185,13,0
2026-07-07 13:30:00,2026-07-07 11:30:00,29437.2,29437.2,29407.9,29410.8,2161,13,0
2026-07-07 13:45:00,2026-07-07 11:45:00,29410.9,29422.7,29391.2,29422.7,2314,13,0
2026-07-07 14:00:00,2026-07-07 12:00:00,29422.4,29424.2,29366.9,29378.9,2928,13,0
2026-07-07 14:15:00,2026-07-07 12:15:00,29378.4,29414.6,29375.1,29395.8,2761,13,0
2026-07-07 14:30:00,2026-07-07 12:30:00,29395.6,29396.2,29355.4,29385.6,2778,13,0
2026-07-07 14:45:00,2026-07-07 12:45:00,29385.8,29408.8,29364.2,29405.3,2806,13,0
2026-07-07 15:00:00,2026-07-07 13:00:00,29405.3,29479.2,29403.4,29467.6,3077,13,0
2026-07-07 15:15:00,2026-07-07 13:15:00,29467.3,29469.3,29423.1,29450.9,2898,13,0
2026-07-07 15:30:00,2026-07-07 13:30:00,29450.9,29471.8,29427.3,29449.4,2881,13,0
2026-07-07 15:45:00,2026-07-07 13:45:00,29449.3,29450.7,29386.2,29406.3,3118,13,0
2026-07-07 16:00:00,2026-07-07 14:00:00,29406.3,29418.9,29376.9,29405.1,3171,13,0
2026-07-07 16:15:00,2026-07-07 14:15:00,29405.1,29415.9,29347.7,29356.6,3437,13,0
2026-07-07 16:30:00,2026-07-07 14:30:00,29356.6,29449.1,29255.5,29355.7,4263,10,0
2026-07-07 16:45:00,2026-07-07 14:45:00,29357.0,29358.7,29185.0,29233.6,4161,10,0
2026-07-07 17:00:00,2026-07-07 15:00:00,29233.7,29268.0,29098.3,29107.1,4182,10,0
2026-07-07 17:15:00,2026-07-07 15:15:00,29106.1,29140.7,29024.3,29067.5,4174,10,0
2026-07-07 17:30:00,2026-07-07 15:30:00,29068.7,29090.3,28974.6,28999.7,4142,10,0
2026-07-07 17:45:00,2026-07-07 15:45:00,29003.3,29089.3,28997.1,29066.6,4111,10,0
2026-07-07 18:00:00,2026-07-07 16:00:00,29066.6,29121.3,29036.0,29082.8,4048,10,0
2026-07-07 18:15:00,2026-07-07 16:15:00,29081.7,29085.0,29036.3,29078.3,4032,10,0
2026-07-07 18:30:00,2026-07-07 16:30:00,29078.3,29093.1,29012.6,29092.7,3989,10,0
2026-07-07 18:45:00,2026-07-07 16:45:00,29093.6,29152.6,29089.8,29151.0,3968,10,0
2026-07-07 19:00:00,2026-07-07 17:00:00,29150.7,29233.6,29140.7,29230.2,3873,10,0
2026-07-07 19:15:00,2026-07-07 17:15:00,29230.2,29310.0,29215.0,29299.8,3843,10,0
2026-07-07 19:30:00,2026-07-07 17:30:00,29296.8,29321.2,29250.6,29291.6,3802,10,0
2026-07-07 19:45:00,2026-07-07 17:45:00,29291.6,29321.1,29267.1,29304.1,3689,10,0
2026-07-07 20:00:00,2026-07-07 18:00:00,29303.6,29344.3,29294.2,29297.3,3683,10,0
2026-07-07 20:15:00,2026-07-07 18:15:00,29297.6,29336.8,29274.1,29296.8,3824,10,0
2026-07-07 20:30:00,2026-07-07 18:30:00,29296.8,29331.8,29296.8,29325.1,3697,10,0
2026-07-07 20:45:00,2026-07-07 18:45:00,29325.2,29330.5,29293.3,29330.5,3550,10,0
2026-07-07 21:00:00,2026-07-07 19:00:00,29331.3,29337.8,29295.6,29310.8,3633,10,0
2026-07-07 21:15:00,2026-07-07 19:15:00,29310.8,29324.2,29275.7,29280.8,3481,10,0
2026-07-07 21:30:00,2026-07-07 19:30:00,29280.8,29294.7,29216.8,29236.3,3640,10,0
2026-07-07 21:45:00,2026-07-07 19:45:00,29236.1,29248.3,29148.6,29154.0,3908,10,0
2026-07-07 22:00:00,2026-07-07 20:00:00,29154.5,29172.2,29083.1,29098.1,3975,10,0
2026-07-07 22:15:00,2026-07-07 20:15:00,29098.5,29098.5,29035.1,29084.6,4020,10,0
2026-07-07 22:30:00,2026-07-07 20:30:00,29084.6,29134.6,29069.0,29074.8,3943,10,0
2026-07-07 22:45:00,2026-07-07 20:45:00,29073.7,29162.7,29070.7,29160.6,3951,10,0
2026-07-07 23:00:00,2026-07-07 21:00:00,29160.3,29200.1,29151.8,29180.6,3154,15,0
2026-07-07 23:15:00,2026-07-07 21:15:00,29180.5,29187.1,29159.8,29179.8,2032,15,0
2026-07-07 23:30:00,2026-07-07 21:30:00,29179.8,29187.8,29177.3,29179.5,1630,15,0
2026-07-07 23:45:00,2026-07-07 21:45:00,29179.7,29185.2,29176.3,29181.8,1322,15,0
2026-07-08 01:00:00,2026-07-07 23:00:00,29119.3,29142.5,29087.2,29142.4,2309,15,0
2026-07-08 01:15:00,2026-07-07 23:15:00,29142.4,29153.0,29132.2,29139.8,1515,15,0
2026-07-08 01:30:00,2026-07-07 23:30:00,29139.8,29165.4,29131.4,29150.4,1632,15,0
2026-07-08 01:45:00,2026-07-07 23:45:00,29150.5,29161.5,29141.4,29150.7,1450,15,0
2026-07-08 02:00:00,2026-07-08 00:00:00,29149.7,29161.8,29124.8,29144.5,1748,15,0
2026-07-08 02:15:00,2026-07-08 00:15:00,29144.5,29172.9,29140.9,29163.7,1610,15,0
2026-07-08 02:30:00,2026-07-08 00:30:00,29163.4,29171.4,29106.3,29111.7,1807,15,0
2026-07-08 02:45:00,2026-07-08 00:45:00,29111.7,29126.7,29060.4,29067.3,2709,15,0
2026-07-08 03:00:00,2026-07-08 01:00:00,29068.2,29193.0,29034.9,29180.9,3893,15,0
2026-07-08 03:15:00,2026-07-08 01:15:00,29182.4,29244.4,29158.7,29220.7,3796,15,0
2026-07-08 03:30:00,2026-07-08 01:30:00,29220.5,29282.9,29175.5,29281.9,3578,15,0
2026-07-08 03:45:00,2026-07-08 01:45:00,29282.0,29313.5,29279.2,29310.0,3347,15,0
2026-07-08 04:00:00,2026-07-08 02:00:00,29309.9,29324.4,29261.9,29317.3,3528,15,0
2026-07-08 04:15:00,2026-07-08 02:15:00,29317.3,29321.0,29248.4,29253.0,3377,15,0
2026-07-08 04:30:00,2026-07-08 02:30:00,29253.0,29261.4,29194.4,29224.8,3670,15,0
2026-07-08 04:45:00,2026-07-08 02:45:00,29225.2,29251.4,29194.2,29203.9,3680,15,0
2026-07-08 05:00:00,2026-07-08 03:00:00,29203.3,29209.0,29155.3,29163.8,3680,15,0
2026-07-08 05:15:00,2026-07-08 03:15:00,29163.7,29225.7,29158.9,29188.0,3447,15,0
2026-07-08 05:30:00,2026-07-08 03:30:00,29188.7,29223.7,29167.2,29223.3,3289,15,0
2026-07-08 05:45:00,2026-07-08 03:45:00,29223.5,29242.0,29212.7,29227.9,3211,15,0
2026-07-08 06:00:00,2026-07-08 04:00:00,29227.9,29262.2,29227.9,29254.7,2921,15,0
2026-07-08 06:15:00,2026-07-08 04:15:00,29254.7,29285.7,29242.7,29282.5,2717,15,0
2026-07-08 06:30:00,2026-07-08 04:30:00,29282.5,29298.9,29249.2,29255.4,3090,15,0
2026-07-08 06:45:00,2026-07-08 04:45:00,29255.3,29260.2,29231.9,29234.4,2962,15,0
2026-07-08 07:00:00,2026-07-08 05:00:00,29234.0,29240.3,29200.3,29209.5,3052,15,0
2026-07-08 07:15:00,2026-07-08 05:15:00,29209.7,29229.8,29195.4,29208.8,3073,15,0
2026-07-08 07:30:00,2026-07-08 05:30:00,29208.3,29212.4,29158.4,29176.7,3321,15,0
2026-07-08 07:45:00,2026-07-08 05:45:00,29176.4,29188.3,29143.5,29182.7,3351,15,0
2026-07-08 08:00:00,2026-07-08 06:00:00,29182.7,29213.5,29166.8,29175.5,3549,15,0
2026-07-08 08:15:00,2026-07-08 06:15:00,29175.3,29198.9,29146.5,29151.7,3362,15,0
2026-07-08 08:30:00,2026-07-08 06:30:00,29151.8,29151.8,29114.0,29119.3,3472,15,0
2026-07-08 08:45:00,2026-07-08 06:45:00,29119.4,29130.2,29079.4,29114.7,3288,15,0
2026-07-08 09:00:00,2026-07-08 07:00:00,29114.8,29130.4,29096.8,29111.1,3230,13,0
2026-07-08 09:15:00,2026-07-08 07:15:00,29111.8,29125.3,29088.0,29091.6,3207,13,0
2026-07-08 09:30:00,2026-07-08 07:30:00,29089.1,29098.3,29053.0,29056.8,2819,13,0
2026-07-08 09:45:00,2026-07-08 07:45:00,29056.8,29119.1,29050.0,29096.6,2527,13,0
2026-07-08 10:00:00,2026-07-08 08:00:00,29097.0,29103.1,29049.6,29069.9,3242,13,0
2026-07-08 10:15:00,2026-07-08 08:15:00,29070.3,29122.5,29048.9,29118.9,3142,13,0
2026-07-08 10:30:00,2026-07-08 08:30:00,29118.6,29175.1,29113.9,29161.3,2976,13,0
2026-07-08 10:45:00,2026-07-08 08:45:00,29161.3,29171.0,29137.4,29147.9,2655,13,0
2026-07-08 11:00:00,2026-07-08 09:00:00,29147.9,29178.8,29109.4,29176.4,3246,13,0
2026-07-08 11:15:00,2026-07-08 09:15:00,29176.4,29181.4,28833.3,28847.9,4128,13,0
2026-07-08 11:30:00,2026-07-08 09:30:00,28847.3,28871.1,28727.0,28787.8,4087,13,0
2026-07-08 11:45:00,2026-07-08 09:45:00,28788.6,28865.1,28770.0,28777.3,3753,13,0
2026-07-08 12:00:00,2026-07-08 10:00:00,28777.1,28800.8,28680.3,28681.1,3729,13,0
2026-07-08 12:15:00,2026-07-08 10:15:00,28681.4,28737.8,28677.3,28728.1,3651,13,0
2026-07-08 12:30:00,2026-07-08 10:30:00,28728.3,28778.0,28720.5,28756.1,3456,13,0
2026-07-08 12:45:00,2026-07-08 10:45:00,28755.8,28771.5,28716.0,28725.4,3095,13,0
2026-07-08 13:00:00,2026-07-08 11:00:00,28725.6,28751.4,28692.6,28724.9,3082,13,0
2026-07-08 13:15:00,2026-07-08 11:15:00,28725.0,28789.0,28715.6,28788.0,3076,13,0
2026-07-08 13:30:00,2026-07-08 11:30:00,28787.4,28821.6,28762.9,28816.1,3237,13,0
2026-07-08 13:45:00,2026-07-08 11:45:00,28815.6,28827.4,28780.8,28786.3,2764,13,0
2026-07-08 14:00:00,2026-07-08 12:00:00,28786.1,28795.4,28744.8,28769.8,3180,13,0
2026-07-08 14:15:00,2026-07-08 12:15:00,28769.8,28779.0,28743.3,28751.4,2819,13,0
2026-07-08 14:30:00,2026-07-08 12:30:00,28754.4,28888.8,28741.3,28853.0,3083,13,0
2026-07-08 14:45:00,2026-07-08 12:45:00,28853.3,28881.3,28821.4,28856.8,3444,13,0
2026-07-08 15:00:00,2026-07-08 13:00:00,28856.3,28949.3,28821.8,28916.6,3369,13,0
2026-07-08 15:15:00,2026-07-08 13:15:00,28916.6,28946.0,28891.8,28943.9,3174,13,0
2026-07-08 15:30:00,2026-07-08 13:30:00,28944.5,28959.5,28913.6,28950.6,3101,13,0
2026-07-08 15:45:00,2026-07-08 13:45:00,28950.9,29005.8,28919.3,28921.3,3436,13,0
2026-07-08 16:00:00,2026-07-08 14:00:00,28921.3,28988.6,28916.1,28978.9,3668,13,0
2026-07-08 16:15:00,2026-07-08 14:15:00,28979.1,28995.6,28921.8,28971.0,3642,13,0
2026-07-08 16:30:00,2026-07-08 14:30:00,28971.1,29152.3,28971.1,29115.4,4293,10,0
2026-07-08 16:45:00,2026-07-08 14:45:00,29114.9,29165.2,29056.4,29136.0,4278,10,0
2026-07-08 17:00:00,2026-07-08 15:00:00,29136.7,29154.9,29012.9,29039.4,4216,10,0
2026-07-08 17:15:00,2026-07-08 15:15:00,29039.0,29139.4,29003.0,29060.9,4209,10,0
2026-07-08 17:30:00,2026-07-08 15:30:00,29060.3,29102.7,28976.5,29022.3,4196,10,0
2026-07-08 17:45:00,2026-07-08 15:45:00,29020.5,29062.5,28919.9,28978.4,4201,10,0
2026-07-08 18:00:00,2026-07-08 16:00:00,28978.4,28990.3,28899.2,28905.0,4099,10,0
2026-07-08 18:15:00,2026-07-08 16:15:00,28905.0,28928.2,28802.5,28824.7,4119,10,0
2026-07-08 18:30:00,2026-07-08 16:30:00,28824.5,28919.7,28802.7,28881.4,4024,10,0
2026-07-08 18:45:00,2026-07-08 16:45:00,28881.7,28897.8,28819.5,28863.9,4036,10,0
2026-07-08 19:00:00,2026-07-08 17:00:00,28864.3,28988.5,28861.8,28981.0,3955,10,0
2026-07-08 19:15:00,2026-07-08 17:15:00,28981.0,29068.0,28963.3,29044.5,3902,10,0
2026-07-08 19:30:00,2026-07-08 17:30:00,29043.7,29114.7,29014.7,29098.8,3905,10,0
2026-07-08 19:45:00,2026-07-08 17:45:00,29098.7,29143.8,29077.5,29141.0,3866,10,0
2026-07-08 20:00:00,2026-07-08 18:00:00,29140.0,29156.7,29102.8,29104.0,3798,10,0
2026-07-08 20:15:00,2026-07-08 18:15:00,29103.8,29211.7,29103.3,29208.0,3854,10,0
2026-07-08 20:30:00,2026-07-08 18:30:00,29208.0,29224.0,29150.9,29155.5,3725,10,0
2026-07-08 20:45:00,2026-07-08 18:45:00,29155.4,29156.4,29092.2,29120.9,3789,10,0
2026-07-08 21:00:00,2026-07-08 19:00:00,29119.9,29190.3,29097.4,29174.3,3844,10,0
2026-07-08 21:15:00,2026-07-08 19:15:00,29173.8,29185.3,29137.5,29139.4,3731,10,0
2026-07-08 21:30:00,2026-07-08 19:30:00,29139.8,29185.2,29114.7,29168.7,3750,10,0
2026-07-08 21:45:00,2026-07-08 19:45:00,29168.2,29191.5,29148.0,29172.7,3530,10,0
2026-07-08 22:00:00,2026-07-08 20:00:00,29172.5,29203.7,29144.2,29163.9,3731,10,0
2026-07-08 22:15:00,2026-07-08 20:15:00,29163.7,29205.2,29148.0,29192.2,3605,10,0
2026-07-08 22:30:00,2026-07-08 20:30:00,29192.3,29200.3,29156.2,29185.3,3769,10,0
2026-07-08 22:45:00,2026-07-08 20:45:00,29185.3,29267.0,29151.7,29226.7,3853,10,0
2026-07-08 23:00:00,2026-07-08 21:00:00,29225.0,29234.0,29171.2,29191.4,3185,15,0
2026-07-08 23:15:00,2026-07-08 21:15:00,29191.4,29192.0,29153.7,29161.9,2510,15,0
2026-07-08 23:30:00,2026-07-08 21:30:00,29161.9,29165.4,29120.3,29151.4,2741,15,0
2026-07-08 23:45:00,2026-07-08 21:45:00,29151.4,29169.7,29141.3,29167.2,1940,15,0
2026-07-09 01:00:00,2026-07-08 23:00:00,29188.6,29215.7,29174.8,29204.1,1509,15,0
2026-07-09 01:15:00,2026-07-08 23:15:00,29204.1,29219.3,29177.2,29193.5,1214,15,0
2026-07-09 01:30:00,2026-07-08 23:30:00,29193.6,29206.3,29177.5,29179.2,1556,15,0
2026-07-09 01:45:00,2026-07-08 23:45:00,29178.7,29198.8,29176.8,29195.7,1163,15,0
2026-07-09 02:00:00,2026-07-09 00:00:00,29195.7,29225.2,29193.2,29215.5,1515,15,0
2026-07-09 02:15:00,2026-07-09 00:15:00,29215.5,29215.5,29167.6,29194.6,1644,15,0
2026-07-09 02:30:00,2026-07-09 00:30:00,29193.8,29255.7,29171.2,29251.8,1829,15,0
2026-07-09 02:45:00,2026-07-09 00:45:00,29251.8,29273.2,29239.5,29262.6,2939,15,0
2026-07-09 03:00:00,2026-07-09 01:00:00,29262.5,29334.7,29262.5,29333.7,3630,15,0
2026-07-09 03:15:00,2026-07-09 01:15:00,29334.1,29337.3,29289.3,29331.5,3443,15,0
2026-07-09 03:30:00,2026-07-09 01:30:00,29331.5,29352.3,29283.7,29290.7,3617,15,0
2026-07-09 03:45:00,2026-07-09 01:45:00,29290.3,29332.3,29259.7,29274.0,3570,15,0
2026-07-09 04:00:00,2026-07-09 02:00:00,29274.5,29308.2,29233.6,29283.1,3598,15,0
2026-07-09 04:15:00,2026-07-09 02:15:00,29283.2,29324.3,29271.5,29300.6,3462,15,0
2026-07-09 04:30:00,2026-07-09 02:30:00,29300.6,29311.3,29277.5,29300.8,3580,15,0
2026-07-09 04:45:00,2026-07-09 02:45:00,29300.8,29307.8,29216.7,29220.7,3716,15,0
2026-07-09 05:00:00,2026-07-09 03:00:00,29219.6,29299.1,29196.8,29296.5,3726,15,0
2026-07-09 05:15:00,2026-07-09 03:15:00,29296.5,29345.0,29287.5,29304.8,3372,15,0
2026-07-09 05:30:00,2026-07-09 03:30:00,29304.6,29313.7,29233.0,29234.3,3485,15,0
2026-07-09 05:45:00,2026-07-09 03:45:00,29233.5,29237.7,29190.3,29199.7,3633,15,0
2026-07-09 06:00:00,2026-07-09 04:00:00,29200.3,29219.6,29175.8,29193.3,3595,15,0
2026-07-09 06:15:00,2026-07-09 04:15:00,29192.5,29251.7,29167.2,29250.5,3511,15,0
2026-07-09 06:30:00,2026-07-09 04:30:00,29250.6,29284.5,29244.8,29281.3,3562,15,0
2026-07-09 06:45:00,2026-07-09 04:45:00,29281.2,29288.0,29266.2,29277.8,3271,15,0
2026-07-09 07:00:00,2026-07-09 05:00:00,29276.6,29287.8,29265.7,29270.3,3103,15,0
2026-07-09 07:15:00,2026-07-09 05:15:00,29270.2,29288.3,29233.3,29243.5,3201,15,0
2026-07-09 07:30:00,2026-07-09 05:30:00,29243.6,29309.0,29243.6,29307.3,3208,15,0
2026-07-09 07:45:00,2026-07-09 05:45:00,29307.6,29328.6,29291.8,29323.1,2971,15,0
2026-07-09 08:00:00,2026-07-09 06:00:00,29323.3,29365.8,29279.2,29338.7,3436,15,0
2026-07-09 08:15:00,2026-07-09 06:15:00,29338.8,29347.3,29283.0,29284.8,3403,15,0
2026-07-09 08:30:00,2026-07-09 06:30:00,29284.6,29309.7,29245.1,29307.2,3500,15,0
2026-07-09 08:45:00,2026-07-09 06:45:00,29306.8,29379.6,29303.2,29377.6,3273,15,0
2026-07-09 09:00:00,2026-07-09 07:00:00,29377.5,29386.6,29342.9,29375.9,3257,13,0
2026-07-09 09:15:00,2026-07-09 07:15:00,29375.9,29412.8,29372.9,29397.7,3116,13,0
2026-07-09 09:30:00,2026-07-09 07:30:00,29398.9,29407.4,29368.8,29399.9,2988,13,0
2026-07-09 09:45:00,2026-07-09 07:45:00,29400.1,29402.8,29371.9,29383.2,2431,13,0
2026-07-09 10:00:00,2026-07-09 08:00:00,29383.1,29425.9,29374.2,29425.9,3300,13,0
2026-07-09 10:15:00,2026-07-09 08:15:00,29425.9,29436.6,29410.9,29422.7,2709,13,0
2026-07-09 10:30:00,2026-07-09 08:30:00,29422.4,29453.7,29411.6,29451.6,2617,13,0
2026-07-09 10:45:00,2026-07-09 08:45:00,29451.9,29476.8,29441.9,29454.9,2637,13,0
2026-07-09 11:00:00,2026-07-09 09:00:00,29454.8,29504.4,29435.2,29474.4,3283,13,0
2026-07-09 11:15:00,2026-07-09 09:15:00,29474.4,29505.6,29464.9,29469.9,3059,13,0
2026-07-09 11:30:00,2026-07-09 09:30:00,29469.9,29474.9,29431.2,29448.7,3087,13,0
2026-07-09 11:45:00,2026-07-09 09:45:00,29448.1,29452.2,29413.9,29431.9,3060,13,0
2026-07-09 12:00:00,2026-07-09 10:00:00,29432.1,29440.2,29400.3,29410.9,2950,13,0
2026-07-09 12:15:00,2026-07-09 10:15:00,29410.7,29431.6,29403.6,29419.2,2921,13,0
2026-07-09 12:30:00,2026-07-09 10:30:00,29421.3,29432.2,29384.3,29392.4,3143,13,0
2026-07-09 12:45:00,2026-07-09 10:45:00,29392.7,29419.2,29389.3,29415.3,2683,13,0
2026-07-09 13:00:00,2026-07-09 11:00:00,29415.3,29426.6,29404.6,29417.4,2630,13,0
2026-07-09 13:15:00,2026-07-09 11:15:00,29417.4,29439.4,29402.7,29420.9,2459,13,0
2026-07-09 13:30:00,2026-07-09 11:30:00,29420.3,29430.6,29399.7,29410.4,2766,13,0
2026-07-09 13:45:00,2026-07-09 11:45:00,29410.6,29415.2,29335.1,29371.1,3221,13,0
2026-07-09 14:00:00,2026-07-09 12:00:00,29371.2,29396.7,29349.3,29381.2,3178,13,0
2026-07-09 14:15:00,2026-07-09 12:15:00,29381.2,29413.8,29364.6,29411.8,3060,13,0
2026-07-09 14:30:00,2026-07-09 12:30:00,29412.2,29460.3,29399.4,29455.2,3146,13,0
2026-07-09 14:45:00,2026-07-09 12:45:00,29455.2,29491.1,29449.2,29466.4,3161,13,0
2026-07-09 15:00:00,2026-07-09 13:00:00,29466.8,29502.8,29451.2,29485.6,3324,13,0
2026-07-09 15:15:00,2026-07-09 13:15:00,29485.4,29520.2,29475.1,29518.4,3223,13,0
2026-07-09 15:30:00,2026-07-09 13:30:00,29518.7,29556.8,29510.6,29518.4,3258,13,0
2026-07-09 15:45:00,2026-07-09 13:45:00,29518.4,29519.2,29486.2,29506.2,3232,13,0
2026-07-09 16:00:00,2026-07-09 14:00:00,29506.4,29530.1,29495.9,29527.8,3312,13,0
2026-07-09 16:15:00,2026-07-09 14:15:00,29528.4,29529.1,29497.4,29514.8,3390,13,0
2026-07-09 16:30:00,2026-07-09 14:30:00,29514.4,29640.3,29442.3,29630.1,4179,10,0
2026-07-09 16:45:00,2026-07-09 14:45:00,29629.1,29701.1,29579.5,29680.6,4126,10,0
2026-07-09 17:00:00,2026-07-09 15:00:00,29681.3,29692.6,29556.0,29574.8,4167,10,0
2026-07-09 17:15:00,2026-07-09 15:15:00,29574.7,29574.7,29385.6,29532.5,4206,10,0
2026-07-09 17:30:00,2026-07-09 15:30:00,29532.8,29568.8,29468.3,29528.8,4116,10,0
2026-07-09 17:45:00,2026-07-09 15:45:00,29528.3,29591.5,29495.0,29558.1,4077,10,0
2026-07-09 18:00:00,2026-07-09 16:00:00,29558.2,29634.1,29551.5,29625.7,3961,10,0
2026-07-09 18:15:00,2026-07-09 16:15:00,29624.8,29656.5,29601.0,29644.0,3749,10,0
2026-07-09 18:30:00,2026-07-09 16:30:00,29644.7,29669.6,29627.1,29653.0,3630,10,0
2026-07-09 18:45:00,2026-07-09 16:45:00,29653.0,29675.5,29650.2,29656.5,3473,10,0
2026-07-09 19:00:00,2026-07-09 17:00:00,29656.5,29694.1,29656.5,29671.2,3311,10,0
2026-07-09 19:15:00,2026-07-09 17:15:00,29671.2,29686.7,29651.6,29661.1,3324,10,0
2026-07-09 19:30:00,2026-07-09 17:30:00,29661.3,29687.2,29635.3,29680.0,3404,10,0
2026-07-09 19:45:00,2026-07-09 17:45:00,29678.6,29683.7,29656.2,29667.6,3149,10,0
2026-07-09 20:00:00,2026-07-09 18:00:00,29667.7,29737.8,29664.0,29725.0,3203,10,0
2026-07-09 20:15:00,2026-07-09 18:15:00,29725.1,29760.1,29725.1,29758.8,3130,10,0
2026-07-09 20:30:00,2026-07-09 18:30:00,29759.2,29763.6,29733.0,29744.8,3124,10,0
2026-07-09 20:45:00,2026-07-09 18:45:00,29744.8,29763.1,29722.8,29744.8,2992,10,0
2026-07-09 21:00:00,2026-07-09 19:00:00,29744.7,29753.7,29732.2,29746.2,3204,10,0
2026-07-09 21:15:00,2026-07-09 19:15:00,29746.7,29751.0,29713.0,29728.0,3245,10,0
2026-07-09 21:30:00,2026-07-09 19:30:00,29727.5,29738.6,29710.0,29728.5,3242,10,0
2026-07-09 21:45:00,2026-07-09 19:45:00,29728.5,29734.8,29700.2,29710.0,3189,10,0
2026-07-09 22:00:00,2026-07-09 20:00:00,29710.6,29711.8,29678.0,29687.1,3292,10,0
2026-07-09 22:15:00,2026-07-09 20:15:00,29686.6,29728.2,29677.7,29702.2,3328,10,0
2026-07-09 22:30:00,2026-07-09 20:30:00,29702.1,29716.0,29681.1,29714.2,3351,10,0
2026-07-09 22:45:00,2026-07-09 20:45:00,29713.8,29725.2,29668.0,29717.3,3540,10,0
2026-07-09 23:00:00,2026-07-09 21:00:00,29718.5,29743.7,29713.2,29737.0,2730,15,0
2026-07-09 23:15:00,2026-07-09 21:15:00,29737.0,29740.3,29708.0,29710.6,1827,15,0
2026-07-09 23:30:00,2026-07-09 21:30:00,29710.2,29719.7,29702.6,29704.7,1517,15,0
2026-07-09 23:45:00,2026-07-09 21:45:00,29704.7,29709.2,29697.0,29701.3,1591,15,0
2026-07-10 01:00:00,2026-07-09 23:00:00,29710.1,29733.7,29699.2,29711.0,1956,15,0
2026-07-10 01:15:00,2026-07-09 23:15:00,29710.9,29719.0,29678.5,29682.2,1582,15,0
2026-07-10 01:30:00,2026-07-09 23:30:00,29682.2,29696.2,29679.7,29695.0,1135,15,0
2026-07-10 01:45:00,2026-07-09 23:45:00,29695.1,29699.7,29687.7,29695.5,1150,15,0
2026-07-10 02:00:00,2026-07-10 00:00:00,29695.5,29715.4,29681.7,29713.0,1383,15,0
2026-07-10 02:15:00,2026-07-10 00:15:00,29713.0,29737.4,29704.0,29732.1,1398,15,0
2026-07-10 02:30:00,2026-07-10 00:30:00,29732.1,29733.1,29713.7,29715.5,1218,15,0
2026-07-10 02:45:00,2026-07-10 00:45:00,29715.5,29731.6,29700.0,29706.7,2372,15,0
2026-07-10 03:00:00,2026-07-10 01:00:00,29707.1,29725.4,29633.2,29668.7,3703,15,0
2026-07-10 03:15:00,2026-07-10 01:15:00,29668.6,29676.5,29596.7,29611.1,3442,15,0
2026-07-10 03:30:00,2026-07-10 01:30:00,29611.9,29617.0,29578.6,29603.0,3385,15,0
2026-07-10 03:45:00,2026-07-10 01:45:00,29603.0,29643.2,29582.7,29641.0,2977,15,0
2026-07-10 04:00:00,2026-07-10 02:00:00,29640.7,29644.4,29592.2,29617.9,3159,15,0
2026-07-10 04:15:00,2026-07-10 02:15:00,29617.4,29649.6,29611.4,29642.1,2865,15,0
2026-07-10 04:30:00,2026-07-10 02:30:00,29642.1,29675.7,29628.6,29659.1,3080,15,0
2026-07-10 04:45:00,2026-07-10 02:45:00,29659.1,29696.5,29655.4,29665.9,2957,15,0
2026-07-10 05:00:00,2026-07-10 03:00:00,29665.7,29675.6,29640.4,29654.4,3113,15,0
2026-07-10 05:15:00,2026-07-10 03:15:00,29654.4,29658.5,29628.1,29656.9,3031,15,0
2026-07-10 05:30:00,2026-07-10 03:30:00,29656.9,29690.1,29648.5,29682.0,2476,15,0
2026-07-10 05:45:00,2026-07-10 03:45:00,29681.9,29725.7,29676.5,29725.7,2409,15,0
2026-07-10 06:00:00,2026-07-10 04:00:00,29725.5,29737.1,29715.2,29721.7,2229,15,0
2026-07-10 06:15:00,2026-07-10 04:15:00,29721.7,29724.5,29696.2,29698.2,2066,15,0
2026-07-10 06:30:00,2026-07-10 04:30:00,29698.2,29706.7,29691.4,29698.6,2616,15,0
2026-07-10 06:45:00,2026-07-10 04:45:00,29698.6,29706.9,29686.2,29706.4,2408,15,0
2026-07-10 07:00:00,2026-07-10 05:00:00,29706.6,29722.2,29697.4,29720.5,2379,15,0
2026-07-10 07:15:00,2026-07-10 05:15:00,29720.5,29722.2,29691.6,29701.6,2326,15,0
2026-07-10 07:30:00,2026-07-10 05:30:00,29701.6,29703.4,29680.5,29689.6,2285,15,0
2026-07-10 07:45:00,2026-07-10 05:45:00,29689.6,29691.6,29650.0,29656.6,2499,15,0
2026-07-10 08:00:00,2026-07-10 06:00:00,29656.6,29660.0,29639.9,29656.9,2724,15,0
2026-07-10 08:15:00,2026-07-10 06:15:00,29656.9,29670.5,29644.6,29650.5,2592,15,0
2026-07-10 08:30:00,2026-07-10 06:30:00,29650.9,29655.1,29626.2,29648.9,2515,15,0
2026-07-10 08:45:00,2026-07-10 06:45:00,29648.9,29649.2,29614.5,29619.7,2740,15,0
2026-07-10 09:00:00,2026-07-10 07:00:00,29619.7,29630.9,29594.5,29600.5,2968,13,0
2026-07-10 09:15:00,2026-07-10 07:15:00,29600.1,29604.5,29549.7,29564.5,2936,13,0
2026-07-10 09:30:00,2026-07-10 07:30:00,29563.5,29605.0,29559.3,29589.0,2596,13,0
2026-07-10 09:45:00,2026-07-10 07:45:00,29588.8,29606.1,29585.0,29593.5,1905,13,0
2026-07-10 10:00:00,2026-07-10 08:00:00,29593.7,29599.5,29570.0,29587.3,2706,13,0
2026-07-10 10:15:00,2026-07-10 08:15:00,29587.3,29598.8,29565.6,29591.1,2465,13,0
2026-07-10 10:30:00,2026-07-10 08:30:00,29589.8,29592.5,29567.7,29570.5,2233,13,0
2026-07-10 10:45:00,2026-07-10 08:45:00,29571.2,29573.2,29537.6,29547.7,2333,13,0
2026-07-10 11:00:00,2026-07-10 09:00:00,29547.5,29573.1,29517.6,29570.2,3106,13,0
2026-07-10 11:15:00,2026-07-10 09:15:00,29570.2,29578.0,29530.2,29542.1,2617,13,0
2026-07-10 11:30:00,2026-07-10 09:30:00,29542.2,29559.2,29528.3,29559.1,2700,13,0
2026-07-10 11:45:00,2026-07-10 09:45:00,29559.1,29572.5,29546.2,29547.7,2421,13,0
2026-07-10 12:00:00,2026-07-10 10:00:00,29547.7,29574.0,29493.6,29570.2,2746,13,0
2026-07-10 12:15:00,2026-07-10 10:15:00,29570.5,29590.8,29570.5,29586.0,2319,13,0
2026-07-10 12:30:00,2026-07-10 10:30:00,29586.0,29601.1,29580.1,29591.5,2052,13,0
2026-07-10 12:45:00,2026-07-10 10:45:00,29591.5,29601.5,29574.5,29589.3,2249,13,0
2026-07-10 13:00:00,2026-07-10 11:00:00,29589.2,29615.3,29589.2,29607.6,2068,13,0
2026-07-10 13:15:00,2026-07-10 11:15:00,29607.7,29613.0,29580.5,29612.3,1996,13,0
2026-07-10 13:30:00,2026-07-10 11:30:00,29612.2,29636.0,29612.2,29635.8,2093,13,0
2026-07-10 13:45:00,2026-07-10 11:45:00,29635.8,29636.0,29608.8,29625.0,2001,13,0
2026-07-10 14:00:00,2026-07-10 12:00:00,29624.6,29651.0,29623.6,29649.1,2393,13,0
2026-07-10 14:15:00,2026-07-10 12:15:00,29649.1,29661.5,29625.2,29626.2,2254,13,0
2026-07-10 14:30:00,2026-07-10 12:30:00,29626.2,29626.2,29585.8,29610.8,2710,13,0
2026-07-10 14:45:00,2026-07-10 12:45:00,29610.8,29617.0,29581.2,29589.3,2432,13,0
2026-07-10 15:00:00,2026-07-10 13:00:00,29589.3,29650.3,29546.0,29619.6,2968,13,0
2026-07-10 15:15:00,2026-07-10 13:15:00,29619.7,29631.2,29600.1,29624.5,2854,13,0
2026-07-10 15:30:00,2026-07-10 13:30:00,29624.6,29634.7,29594.5,29599.0,2882,13,0
2026-07-10 15:45:00,2026-07-10 13:45:00,29598.1,29615.8,29574.3,29574.5,2885,13,0
2026-07-10 16:00:00,2026-07-10 14:00:00,29574.5,29600.2,29565.6,29585.5,3131,13,0
2026-07-10 16:15:00,2026-07-10 14:15:00,29586.1,29624.3,29576.6,29611.7,3078,13,0
2026-07-10 16:30:00,2026-07-10 14:30:00,29614.0,29710.4,29573.2,29629.9,4190,10,0
2026-07-10 16:45:00,2026-07-10 14:45:00,29629.7,29742.5,29627.7,29696.9,4109,10,0
2026-07-10 17:00:00,2026-07-10 15:00:00,29697.0,29739.2,29681.6,29713.6,4091,10,0
2026-07-10 17:15:00,2026-07-10 15:15:00,29714.0,29725.5,29621.0,29681.5,4110,10,0
2026-07-10 17:30:00,2026-07-10 15:30:00,29681.2,29731.1,29454.6,29663.9,4121,10,0
2026-07-10 17:45:00,2026-07-10 15:45:00,29664.9,29686.0,29583.0,29592.0,4111,10,0
2026-07-10 18:00:00,2026-07-10 16:00:00,29591.7,29658.6,29555.2,29648.7,4051,10,0
2026-07-10 18:15:00,2026-07-10 16:15:00,29648.9,29761.0,29647.5,29752.9,3942,10,0
2026-07-10 18:30:00,2026-07-10 16:30:00,29753.7,29764.9,29608.1,29648.6,4056,10,0
2026-07-10 18:45:00,2026-07-10 16:45:00,29649.1,29722.2,29622.1,29719.1,3898,10,0
2026-07-10 19:00:00,2026-07-10 17:00:00,29719.0,29762.2,29719.0,29755.6,3628,10,0
2026-07-10 19:15:00,2026-07-10 17:15:00,29755.6,29803.0,29755.4,29787.2,3546,10,0
2026-07-10 19:30:00,2026-07-10 17:30:00,29787.7,29807.6,29779.2,29790.6,3336,10,0
2026-07-10 19:45:00,2026-07-10 17:45:00,29791.1,29816.2,29786.6,29800.9,3236,10,0
2026-07-10 20:00:00,2026-07-10 18:00:00,29801.0,29807.1,29771.6,29789.9,3285,10,0
2026-07-10 20:15:00,2026-07-10 18:15:00,29789.9,29824.9,29785.4,29823.7,3151,10,0
2026-07-10 20:30:00,2026-07-10 18:30:00,29824.1,29844.7,29813.0,29838.7,3216,10,0
2026-07-10 20:45:00,2026-07-10 18:45:00,29838.7,29846.0,29806.0,29813.2,2916,10,0
2026-07-10 21:00:00,2026-07-10 19:00:00,29812.6,29842.2,29808.9,29824.1,3087,10,0
2026-07-10 21:15:00,2026-07-10 19:15:00,29823.9,29836.4,29797.9,29819.9,3191,10,0
2026-07-10 21:30:00,2026-07-10 19:30:00,29819.6,29831.9,29805.2,29814.1,3066,10,0
2026-07-10 21:45:00,2026-07-10 19:45:00,29813.4,29821.5,29802.7,29812.4,3086,10,0
2026-07-10 22:00:00,2026-07-10 20:00:00,29812.4,29850.7,29807.7,29833.2,3139,10,0
2026-07-10 22:15:00,2026-07-10 20:15:00,29833.1,29833.6,29811.4,29820.5,3092,10,0
2026-07-10 22:30:00,2026-07-10 20:30:00,29820.6,29841.4,29820.1,29827.9,3098,10,0
2026-07-10 22:45:00,2026-07-10 20:45:00,29827.9,29839.4,29799.2,29813.4,3340,10,0
2026-07-10 23:00:00,2026-07-10 21:00:00,29811.7,29835.5,29806.1,29822.1,2452,15,0
2026-07-10 23:15:00,2026-07-10 21:15:00,29822.4,29833.5,29820.6,29828.7,1381,15,0
2026-07-10 23:30:00,2026-07-10 21:30:00,29829.0,29835.2,29826.0,29832.5,933,15,0
2026-07-10 23:45:00,2026-07-10 21:45:00,29832.5,29838.2,29831.2,29837.7,810,15,0
2026-07-13 01:00:00,2026-07-12 23:00:00,29718.4,29763.9,29642.0,29650.4,2819,15,0
2026-07-13 01:15:00,2026-07-12 23:15:00,29650.4,29679.9,29648.4,29671.5,1634,15,0
2026-07-13 01:30:00,2026-07-12 23:30:00,29671.5,29689.5,29658.7,29680.5,1228,15,0
2026-07-13 01:45:00,2026-07-12 23:45:00,29680.5,29699.8,29658.9,29695.4,1452,15,0
2026-07-13 02:00:00,2026-07-13 00:00:00,29695.7,29696.2,29669.9,29676.3,1655,15,0
2026-07-13 02:15:00,2026-07-13 00:15:00,29676.3,29678.4,29656.5,29674.4,1389,15,0
2026-07-13 02:30:00,2026-07-13 00:30:00,29674.3,29683.2,29662.0,29674.3,1407,15,0
2026-07-13 02:45:00,2026-07-13 00:45:00,29674.3,29680.7,29633.3,29678.7,2920,15,0
2026-07-13 03:00:00,2026-07-13 01:00:00,29678.0,29826.5,29657.4,29804.5,3706,15,0
2026-07-13 03:15:00,2026-07-13 01:15:00,29804.0,29815.4,29743.3,29752.5,3582,15,0
2026-07-13 03:30:00,2026-07-13 01:30:00,29752.8,29756.8,29635.7,29668.4,3669,15,0
2026-07-13 03:45:00,2026-07-13 01:45:00,29669.0,29689.4,29593.9,29619.5,3708,15,0
2026-07-13 04:00:00,2026-07-13 02:00:00,29619.9,29635.7,29575.0,29596.9,3702,15,0
2026-07-13 04:15:00,2026-07-13 02:15:00,29596.8,29632.8,29574.8,29593.7,3587,15,0
2026-07-13 04:30:00,2026-07-13 02:30:00,29593.7,29627.3,29575.3,29598.4,3775,15,0
2026-07-13 04:45:00,2026-07-13 02:45:00,29598.5,29598.7,29522.8,29546.5,3801,15,0
2026-07-13 05:00:00,2026-07-13 03:00:00,29546.2,29556.7,29514.3,29537.4,3531,15,0
2026-07-13 05:15:00,2026-07-13 03:15:00,29537.2,29593.4,29530.4,29583.8,3365,15,0
2026-07-13 05:30:00,2026-07-13 03:30:00,29583.3,29584.9,29532.2,29550.8,3275,15,0
2026-07-13 05:45:00,2026-07-13 03:45:00,29550.8,29558.3,29500.3,29501.7,2990,15,0
2026-07-13 06:00:00,2026-07-13 04:00:00,29501.7,29507.0,29470.4,29480.3,3005,15,0
2026-07-13 06:15:00,2026-07-13 04:15:00,29480.3,29502.8,29468.8,29495.0,2809,15,0
2026-07-13 06:30:00,2026-07-13 04:30:00,29495.3,29512.7,29469.7,29482.5,3123,15,0
2026-07-13 06:45:00,2026-07-13 04:45:00,29482.5,29509.8,29470.5,29473.8,2947,15,0
2026-07-13 07:00:00,2026-07-13 05:00:00,29473.7,29474.7,29436.0,29452.9,3012,15,0
2026-07-13 07:15:00,2026-07-13 05:15:00,29452.7,29462.8,29424.0,29437.0,2900,15,0
2026-07-13 07:30:00,2026-07-13 05:30:00,29437.0,29441.8,29408.4,29412.5,2505,15,0
2026-07-13 07:45:00,2026-07-13 05:45:00,29412.5,29421.7,29398.7,29412.0,2260,15,0
2026-07-13 08:00:00,2026-07-13 06:00:00,29412.7,29478.4,29392.4,29473.2,3390,15,0
2026-07-13 08:15:00,2026-07-13 06:15:00,29473.7,29474.2,29362.8,29369.7,3287,15,0
2026-07-13 08:30:00,2026-07-13 06:30:00,29370.4,29455.3,29333.8,29421.9,3583,15,0
2026-07-13 08:45:00,2026-07-13 06:45:00,29421.9,29451.7,29399.7,29435.4,3422,15,0
2026-07-13 09:00:00,2026-07-13 07:00:00,29435.2,29450.9,29371.0,29377.6,3412,13,0
2026-07-13 09:15:00,2026-07-13 07:15:00,29377.6,29420.6,29373.8,29414.3,3344,13,0
2026-07-13 09:30:00,2026-07-13 07:30:00,29414.8,29435.9,29384.8,29427.9,2833,13,0
2026-07-13 09:45:00,2026-07-13 07:45:00,29427.9,29436.9,29397.0,29416.4,2485,13,0
2026-07-13 10:00:00,2026-07-13 08:00:00,29416.1,29460.1,29393.1,29456.1,3167,13,0
2026-07-13 10:15:00,2026-07-13 08:15:00,29456.3,29475.3,29430.0,29457.1,2725,13,0
2026-07-13 10:30:00,2026-07-13 08:30:00,29457.1,29457.1,29421.9,29445.9,2605,13,0
2026-07-13 10:45:00,2026-07-13 08:45:00,29446.0,29448.4,29422.8,29437.4,2493,13,0
2026-07-13 11:00:00,2026-07-13 09:00:00,29437.4,29490.8,29433.4,29490.8,3214,13,0
2026-07-13 11:15:00,2026-07-13 09:15:00,29490.9,29526.0,29490.5,29510.1,2736,13,0
2026-07-13 11:30:00,2026-07-13 09:30:00,29511.0,29520.1,29486.0,29513.6,2453,13,0
2026-07-13 11:45:00,2026-07-13 09:45:00,29513.6,29539.1,29507.4,29532.3,2215,13,0
2026-07-13 12:00:00,2026-07-13 10:00:00,29532.4,29536.0,29503.9,29519.0,2244,13,0
2026-07-13 12:15:00,2026-07-13 10:15:00,29519.0,29551.3,29514.6,29547.5,2092,13,0
2026-07-13 12:30:00,2026-07-13 10:30:00,29546.6,29561.9,29539.3,29558.8,1963,13,0
2026-07-13 12:45:00,2026-07-13 10:45:00,29558.8,29559.3,29537.4,29556.6,1932,13,0
2026-07-13 13:00:00,2026-07-13 11:00:00,29556.4,29563.4,29524.6,29532.5,2184,13,0
2026-07-13 13:15:00,2026-07-13 11:15:00,29532.5,29551.0,29524.4,29526.6,2000,13,0
2026-07-13 13:30:00,2026-07-13 11:30:00,29526.6,29542.1,29522.3,29523.8,2120,13,0
2026-07-13 13:45:00,2026-07-13 11:45:00,29524.1,29549.0,29521.9,29541.4,2117,13,0
2026-07-13 14:00:00,2026-07-13 12:00:00,29541.6,29584.9,29536.6,29554.0,2919,13,0
2026-07-13 14:15:00,2026-07-13 12:15:00,29554.0,29567.4,29527.3,29559.4,2482,13,0
2026-07-13 14:30:00,2026-07-13 12:30:00,29559.3,29578.4,29550.5,29552.8,2478,13,0
2026-07-13 14:45:00,2026-07-13 12:45:00,29552.8,29553.8,29515.0,29525.9,2638,13,0
2026-07-13 15:00:00,2026-07-13 13:00:00,29526.5,29541.6,29480.0,29514.8,3087,13,0
2026-07-13 15:15:00,2026-07-13 13:15:00,29514.6,29521.3,29468.6,29470.5,2888,13,0
2026-07-13 15:30:00,2026-07-13 13:30:00,29470.4,29479.6,29441.5,29474.6,2934,13,0
2026-07-13 15:45:00,2026-07-13 13:45:00,29474.6,29509.9,29472.5,29503.6,2886,13,0
2026-07-13 16:00:00,2026-07-13 14:00:00,29504.0,29533.1,29496.6,29504.8,3117,13,0
2026-07-13 16:15:00,2026-07-13 14:15:00,29504.6,29505.4,29469.0,29497.5,3163,13,0
2026-07-13 16:30:00,2026-07-13 14:30:00,29495.8,29522.0,29339.5,29381.5,4240,10,0
2026-07-13 16:45:00,2026-07-13 14:45:00,29381.5,29424.2,29304.5,29415.8,4206,10,0
2026-07-13 17:00:00,2026-07-13 15:00:00,29414.7,29447.5,29347.9,29435.9,4149,10,0
2026-07-13 17:15:00,2026-07-13 15:15:00,29436.0,29487.9,29282.0,29486.7,4185,10,0
2026-07-13 17:30:00,2026-07-13 15:30:00,29487.3,29508.9,29410.5,29423.5,4110,10,0
2026-07-13 17:45:00,2026-07-13 15:45:00,29423.0,29506.2,29390.2,29503.2,4057,10,0
2026-07-13 18:00:00,2026-07-13 16:00:00,29503.2,29537.8,29456.9,29467.5,4059,10,0
2026-07-13 18:15:00,2026-07-13 16:15:00,29467.5,29514.7,29448.7,29491.5,3956,10,0
2026-07-13 18:30:00,2026-07-13 16:30:00,29491.5,29506.3,29435.7,29440.0,3868,10,0
2026-07-13 18:45:00,2026-07-13 16:45:00,29439.7,29442.2,29382.4,29396.5,3831,10,0
2026-07-13 19:00:00,2026-07-13 17:00:00,29396.8,29423.4,29370.0,29399.7,3796,10,0
2026-07-13 19:15:00,2026-07-13 17:15:00,29399.5,29401.0,29322.4,29344.3,3734,10,0
2026-07-13 19:30:00,2026-07-13 17:30:00,29344.3,29344.3,29246.4,29323.7,3998,10,0
2026-07-13 19:45:00,2026-07-13 17:45:00,29323.7,29341.2,29250.7,29311.8,3957,10,0
2026-07-13 20:00:00,2026-07-13 18:00:00,29311.8,29365.9,29302.5,29326.7,3826,10,0
2026-07-13 20:15:00,2026-07-13 18:15:00,29326.4,29337.3,29283.9,29303.2,3705,10,0
2026-07-13 20:30:00,2026-07-13 18:30:00,29303.2,29318.3,29271.5,29298.7,3691,10,0
2026-07-13 20:45:00,2026-07-13 18:45:00,29298.7,29311.7,29254.2,29264.8,3621,10,0
2026-07-13 21:00:00,2026-07-13 19:00:00,29265.0,29324.0,29262.3,29301.7,3750,10,0
2026-07-13 21:15:00,2026-07-13 19:15:00,29301.7,29306.9,29253.4,29260.2,3622,10,0
2026-07-13 21:30:00,2026-07-13 19:30:00,29260.3,29302.2,29240.4,29285.9,3641,10,0
2026-07-13 21:45:00,2026-07-13 19:45:00,29286.3,29306.4,29269.4,29278.5,3561,10,0
2026-07-13 22:00:00,2026-07-13 20:00:00,29278.5,29309.8,29238.3,29249.8,3534,10,0
2026-07-13 22:15:00,2026-07-13 20:15:00,29249.7,29253.7,29191.4,29204.7,3590,10,0
2026-07-13 22:30:00,2026-07-13 20:30:00,29204.7,29241.3,29183.0,29236.7,3770,10,0
2026-07-13 22:45:00,2026-07-13 20:45:00,29236.7,29289.3,29220.4,29254.3,3691,10,0
2026-07-13 23:00:00,2026-07-13 21:00:00,29250.8,29259.0,29222.0,29239.5,3103,15,0
2026-07-13 23:15:00,2026-07-13 21:15:00,29239.5,29240.2,29175.5,29222.4,2373,15,0
2026-07-13 23:30:00,2026-07-13 21:30:00,29222.2,29224.7,29209.9,29220.0,1649,15,0
2026-07-13 23:45:00,2026-07-13 21:45:00,29219.4,29228.7,29204.9,29216.7,1543,15,0
2026-07-14 01:00:00,2026-07-13 23:00:00,29235.9,29268.4,29234.5,29242.2,1923,15,0
2026-07-14 01:15:00,2026-07-13 23:15:00,29241.6,29256.7,29221.7,29223.0,1246,15,0
2026-07-14 01:30:00,2026-07-13 23:30:00,29223.0,29232.5,29216.2,29231.1,1144,15,0
2026-07-14 01:45:00,2026-07-13 23:45:00,29231.1,29248.4,29184.0,29188.5,1599,15,0
2026-07-14 02:00:00,2026-07-14 00:00:00,29188.4,29192.1,29158.0,29169.9,1864,15,0
2026-07-14 02:15:00,2026-07-14 00:15:00,29169.9,29188.2,29150.9,29156.4,1441,15,0
2026-07-14 02:30:00,2026-07-14 00:30:00,29156.5,29164.6,29118.0,29122.2,1894,15,0
2026-07-14 02:45:00,2026-07-14 00:45:00,29122.2,29211.6,29116.7,29209.6,3234,15,0
2026-07-14 03:00:00,2026-07-14 01:00:00,29209.5,29255.7,29115.7,29252.0,4091,15,0
2026-07-14 03:15:00,2026-07-14 01:15:00,29252.1,29264.2,29160.4,29208.7,4111,15,0
2026-07-14 03:30:00,2026-07-14 01:30:00,29208.2,29277.4,29188.6,29204.9,3992,15,0
2026-07-14 03:45:00,2026-07-14 01:45:00,29207.4,29323.5,29201.6,29310.7,3772,15,0
2026-07-14 04:00:00,2026-07-14 02:00:00,29311.0,29329.7,29270.9,29279.5,3803,15,0
2026-07-14 04:15:00,2026-07-14 02:15:00,29278.6,29316.9,29269.9,29294.2,3769,15,0
2026-07-14 04:30:00,2026-07-14 02:30:00,29293.7,29304.2,29230.2,29263.1,3833,15,0
2026-07-14 04:45:00,2026-07-14 02:45:00,29262.9,29293.0,29226.4,29236.7,3756,15,0
2026-07-14 05:00:00,2026-07-14 03:00:00,29236.6,29277.4,29213.2,29213.2,3769,15,0
2026-07-14 05:15:00,2026-07-14 03:15:00,29213.1,29224.7,29162.4,29190.6,3754,15,0
2026-07-14 05:30:00,2026-07-14 03:30:00,29190.1,29244.6,29155.6,29233.9,3674,15,0
2026-07-14 05:45:00,2026-07-14 03:45:00,29234.0,29241.9,29172.6,29177.4,3392,15,0
2026-07-14 06:00:00,2026-07-14 04:00:00,29177.0,29180.6,29118.5,29125.1,3349,15,0
2026-07-14 06:15:00,2026-07-14 04:15:00,29125.0,29166.6,29092.6,29166.4,3447,15,0
2026-07-14 06:30:00,2026-07-14 04:30:00,29166.0,29193.5,29123.5,29148.4,3732,15,0
2026-07-14 06:45:00,2026-07-14 04:45:00,29148.4,29217.0,29143.0,29213.6,3584,15,0
2026-07-14 07:00:00,2026-07-14 05:00:00,29213.6,29233.9,29161.4,29180.2,3376,15,0
2026-07-14 07:15:00,2026-07-14 05:15:00,29180.5,29242.2,29169.7,29238.6,3309,15,0
2026-07-14 07:30:00,2026-07-14 05:30:00,29238.6,29276.2,29231.6,29263.4,3192,15,0
2026-07-14 07:45:00,2026-07-14 05:45:00,29263.5,29304.2,29261.5,29298.9,2993,15,0
2026-07-14 08:00:00,2026-07-14 06:00:00,29298.5,29337.5,29278.4,29334.9,3272,15,0
2026-07-14 08:15:00,2026-07-14 06:15:00,29334.6,29398.4,29324.0,29393.0,3256,15,0
2026-07-14 08:30:00,2026-07-14 06:30:00,29393.0,29420.6,29366.6,29383.7,3300,15,0
2026-07-14 08:45:00,2026-07-14 06:45:00,29383.9,29394.5,29371.7,29381.7,3218,15,0
2026-07-14 09:00:00,2026-07-14 07:00:00,29381.7,29423.3,29376.6,29418.6,3209,13,0
2026-07-14 09:15:00,2026-07-14 07:15:00,29418.6,29438.3,29385.5,29392.2,2913,13,0
2026-07-14 09:30:00,2026-07-14 07:30:00,29394.5,29423.5,29382.7,29386.2,2716,13,0
2026-07-14 09:45:00,2026-07-14 07:45:00,29387.0,29387.2,29352.2,29353.2,2554,13,0
2026-07-14 10:00:00,2026-07-14 08:00:00,29353.1,29391.3,29335.1,29389.0,3319,13,0
2026-07-14 10:15:00,2026-07-14 08:15:00,29389.0,29410.2,29365.8,29396.1,3208,13,0
2026-07-14 10:30:00,2026-07-14 08:30:00,29396.6,29396.6,29356.6,29364.6,3293,13,0
2026-07-14 10:45:00,2026-07-14 08:45:00,29365.0,29398.1,29346.0,29363.0,3265,13,0
2026-07-14 11:00:00,2026-07-14 09:00:00,29362.5,29390.7,29337.1,29370.0,3549,13,0
2026-07-14 11:15:00,2026-07-14 09:15:00,29370.0,29419.7,29370.0,29408.1,3264,13,0
2026-07-14 11:30:00,2026-07-14 09:30:00,29407.8,29424.8,29396.1,29403.3,2934,13,0
2026-07-14 11:45:00,2026-07-14 09:45:00,29403.6,29403.8,29360.3,29361.3,2904,13,0
2026-07-14 12:00:00,2026-07-14 10:00:00,29361.5,29414.7,29347.3,29413.5,3038,13,0
2026-07-14 12:15:00,2026-07-14 10:15:00,29413.5,29418.1,29361.0,29363.3,2714,13,0
2026-07-14 12:30:00,2026-07-14 10:30:00,29363.3,29399.5,29363.0,29389.0,2441,13,0
2026-07-14 12:45:00,2026-07-14 10:45:00,29388.7,29412.2,29385.7,29391.3,2448,13,0
2026-07-14 13:00:00,2026-07-14 11:00:00,29391.3,29409.2,29383.1,29394.5,2341,13,0
2026-07-14 13:15:00,2026-07-14 11:15:00,29394.5,29397.3,29374.7,29386.2,2322,13,0
2026-07-14 13:30:00,2026-07-14 11:30:00,29385.8,29421.7,29367.7,29393.2,2910,13,0
2026-07-14 13:45:00,2026-07-14 11:45:00,29393.2,29409.2,29378.0,29396.6,2384,13,0
2026-07-14 14:00:00,2026-07-14 12:00:00,29396.0,29410.3,29344.3,29397.1,3580,13,0
2026-07-14 14:15:00,2026-07-14 12:15:00,29396.3,29459.2,29393.6,29430.3,3536,13,0
2026-07-14 14:30:00,2026-07-14 12:30:00,29430.3,29456.7,29403.2,29410.2,3262,13,0
2026-07-14 14:45:00,2026-07-14 12:45:00,29410.0,29446.8,29406.6,29422.5,2900,13,0
2026-07-14 15:00:00,2026-07-14 13:00:00,29422.5,29426.2,29359.6,29379.6,3146,13,0
2026-07-14 15:15:00,2026-07-14 13:15:00,29379.6,29480.2,29366.7,29478.6,3233,13,0
2026-07-14 15:30:00,2026-07-14 13:30:00,29474.8,29709.3,29469.2,29610.5,4113,13,0
2026-07-14 15:45:00,2026-07-14 13:45:00,29611.1,29627.2,29543.2,29562.1,3767,13,0
2026-07-14 16:00:00,2026-07-14 14:00:00,29562.1,29597.0,29554.1,29570.6,3701,13,0
2026-07-14 16:15:00,2026-07-14 14:15:00,29570.8,29620.7,29532.5,29601.2,3599,13,0
2026-07-14 16:30:00,2026-07-14 14:30:00,29600.2,29600.2,29475.6,29543.4,4251,10,0
2026-07-14 16:45:00,2026-07-14 14:45:00,29543.1,29595.0,29504.7,29569.6,4207,10,0
2026-07-14 17:00:00,2026-07-14 15:00:00,29570.9,29593.2,29427.5,29453.1,4214,10,0
2026-07-14 17:15:00,2026-07-14 15:15:00,29454.1,29518.4,29357.6,29472.9,4231,10,0
2026-07-14 17:30:00,2026-07-14 15:30:00,29473.2,29627.5,29449.6,29517.2,4182,10,0
2026-07-14 17:45:00,2026-07-14 15:45:00,29516.6,29572.7,29450.0,29563.2,4139,10,0
2026-07-14 18:00:00,2026-07-14 16:00:00,29562.7,29654.4,29543.0,29637.2,4104,10,0
2026-07-14 18:15:00,2026-07-14 16:15:00,29638.5,29677.5,29615.7,29676.2,3875,10,0
2026-07-14 18:30:00,2026-07-14 16:30:00,29675.0,29684.2,29589.2,29624.9,4008,10,0
2026-07-14 18:45:00,2026-07-14 16:45:00,29624.7,29640.6,29549.9,29573.4,3947,10,0
2026-07-14 19:00:00,2026-07-14 17:00:00,29575.1,29579.5,29501.1,29528.9,3951,10,0
2026-07-14 19:15:00,2026-07-14 17:15:00,29527.7,29572.1,29494.6,29567.9,3747,10,0
2026-07-14 19:30:00,2026-07-14 17:30:00,29568.0,29613.4,29542.0,29598.2,3795,10,0
2026-07-14 19:45:00,2026-07-14 17:45:00,29598.5,29618.9,29573.9,29615.7,3488,10,0
2026-07-14 20:00:00,2026-07-14 18:00:00,29615.9,29640.0,29604.7,29611.2,3398,10,0
2026-07-14 20:15:00,2026-07-14 18:15:00,29611.2,29654.4,29600.6,29638.9,3395,10,0
2026-07-14 20:30:00,2026-07-14 18:30:00,29639.0,29651.0,29609.0,29635.0,3243,10,0
2026-07-14 20:45:00,2026-07-14 18:45:00,29635.2,29654.2,29618.5,29651.6,3192,10,0
2026-07-14 21:00:00,2026-07-14 19:00:00,29652.4,29659.7,29632.6,29658.2,3166,10,0
2026-07-14 21:15:00,2026-07-14 19:15:00,29658.2,29666.6,29637.0,29642.6,3156,10,0
2026-07-14 21:30:00,2026-07-14 19:30:00,29642.9,29658.6,29603.7,29614.4,3416,10,0
2026-07-14 21:45:00,2026-07-14 19:45:00,29614.4,29632.4,29603.1,29613.6,3273,10,0
2026-07-14 22:00:00,2026-07-14 20:00:00,29613.7,29621.5,29569.7,29605.0,3353,10,0
2026-07-14 22:15:00,2026-07-14 20:15:00,29604.9,29627.0,29586.1,29587.1,3262,10,0
2026-07-14 22:30:00,2026-07-14 20:30:00,29587.0,29605.1,29560.4,29600.6,3546,10,0
2026-07-14 22:45:00,2026-07-14 20:45:00,29600.5,29624.9,29570.2,29575.9,3615,10,0
2026-07-14 23:00:00,2026-07-14 21:00:00,29576.4,29597.9,29561.7,29577.0,2910,15,0
2026-07-14 23:15:00,2026-07-14 21:15:00,29576.7,29581.0,29557.2,29564.4,1714,15,0
2026-07-14 23:30:00,2026-07-14 21:30:00,29564.1,29587.7,29561.4,29586.0,1540,15,0
2026-07-14 23:45:00,2026-07-14 21:45:00,29585.5,29590.2,29574.9,29588.1,1274,15,0
2026-07-15 01:00:00,2026-07-14 23:00:00,29589.5,29592.4,29539.1,29546.1,1746,15,0
2026-07-15 01:15:00,2026-07-14 23:15:00,29546.1,29588.5,29545.5,29579.1,1517,15,0
2026-07-15 01:30:00,2026-07-14 23:30:00,29579.1,29588.5,29568.4,29571.6,954,15,0
2026-07-15 01:45:00,2026-07-14 23:45:00,29571.6,29575.8,29557.4,29566.3,1027,15,0
2026-07-15 02:00:00,2026-07-15 00:00:00,29566.3,29590.6,29551.3,29588.0,1212,15,0
2026-07-15 02:15:00,2026-07-15 00:15:00,29588.0,29661.9,29578.8,29660.1,1514,15,0
2026-07-15 02:30:00,2026-07-15 00:30:00,29660.0,29673.4,29640.6,29642.3,1707,15,0
2026-07-15 02:45:00,2026-07-15 00:45:00,29642.3,29691.4,29637.3,29680.9,2370,15,0
2026-07-15 03:00:00,2026-07-15 01:00:00,29680.8,29694.3,29631.0,29684.0,3512,15,0
2026-07-15 03:15:00,2026-07-15 01:15:00,29684.0,29724.4,29675.9,29711.6,3292,15,0
2026-07-15 03:30:00,2026-07-15 01:30:00,29711.4,29720.6,29634.0,29651.4,3272,15,0
2026-07-15 03:45:00,2026-07-15 01:45:00,29651.3,29722.1,29641.4,29710.9,3240,15,0
2026-07-15 04:00:00,2026-07-15 02:00:00,29710.9,29720.3,29653.1,29679.1,3490,15,0
2026-07-15 04:15:00,2026-07-15 02:15:00,29678.5,29732.9,29676.4,29716.5,3360,15,0
2026-07-15 04:30:00,2026-07-15 02:30:00,29716.0,29735.1,29683.8,29686.1,3465,15,0
2026-07-15 04:45:00,2026-07-15 02:45:00,29686.5,29751.3,29685.1,29749.5,3124,15,0
2026-07-15 05:00:00,2026-07-15 03:00:00,29749.5,29773.5,29742.9,29758.8,2925,15,0
2026-07-15 05:15:00,2026-07-15 03:15:00,29758.9,29774.0,29751.8,29762.4,2606,15,0
2026-07-15 05:30:00,2026-07-15 03:30:00,29762.3,29778.3,29759.0,29776.0,2315,15,0
2026-07-15 05:45:00,2026-07-15 03:45:00,29776.0,29779.8,29752.1,29752.9,2133,15,0
2026-07-15 06:00:00,2026-07-15 04:00:00,29753.0,29760.3,29740.0,29752.1,2460,15,0
2026-07-15 06:15:00,2026-07-15 04:15:00,29752.1,29777.4,29747.8,29771.5,2238,15,0
2026-07-15 06:30:00,2026-07-15 04:30:00,29771.5,29794.0,29770.3,29780.4,2097,15,0
2026-07-15 06:45:00,2026-07-15 04:45:00,29780.4,29811.5,29779.8,29804.9,2057,15,0
2026-07-15 07:00:00,2026-07-15 05:00:00,29805.0,29809.0,29788.5,29793.6,2039,15,0
2026-07-15 07:15:00,2026-07-15 05:15:00,29793.6,29805.5,29782.6,29782.6,1967,15,0
2026-07-15 07:30:00,2026-07-15 05:30:00,29782.8,29803.9,29776.0,29797.9,2042,15,0
2026-07-15 07:45:00,2026-07-15 05:45:00,29797.9,29815.1,29796.5,29814.5,1855,15,0
2026-07-15 08:00:00,2026-07-15 06:00:00,29814.4,29851.1,29785.6,29792.6,3320,15,0
2026-07-15 08:15:00,2026-07-15 06:15:00,29792.3,29817.8,29769.1,29774.0,2864,15,0
2026-07-15 08:30:00,2026-07-15 06:30:00,29774.0,29801.9,29760.6,29784.4,3008,15,0
2026-07-15 08:45:00,2026-07-15 06:45:00,29784.4,29823.8,29776.9,29823.3,2546,15,0
2026-07-15 09:00:00,2026-07-15 07:00:00,29823.9,29842.2,29821.0,29835.1,2747,13,0
2026-07-15 09:15:00,2026-07-15 07:15:00,29835.1,29837.4,29816.4,29832.2,2443,13,0
2026-07-15 09:30:00,2026-07-15 07:30:00,29832.7,29837.6,29802.5,29811.4,2412,13,0
2026-07-15 09:45:00,2026-07-15 07:45:00,29811.5,29828.9,29808.2,29823.2,2116,13,0
2026-07-15 10:00:00,2026-07-15 08:00:00,29823.9,29854.9,29800.9,29828.5,2971,13,0
2026-07-15 10:15:00,2026-07-15 08:15:00,29828.5,29828.7,29721.6,29760.0,2859,13,0
2026-07-15 10:30:00,2026-07-15 08:30:00,29760.1,29781.9,29738.4,29770.6,2777,13,0
2026-07-15 10:45:00,2026-07-15 08:45:00,29771.0,29797.5,29764.0,29789.1,2397,13,0
2026-07-15 11:00:00,2026-07-15 09:00:00,29790.2,29790.9,29701.7,29709.7,2978,13,0
2026-07-15 11:15:00,2026-07-15 09:15:00,29710.0,29718.0,29664.5,29705.2,3111,13,0
2026-07-15 11:30:00,2026-07-15 09:30:00,29706.2,29718.5,29691.5,29718.2,2645,13,0
2026-07-15 11:45:00,2026-07-15 09:45:00,29718.5,29736.0,29706.1,29729.7,2409,13,0
2026-07-15 12:00:00,2026-07-15 10:00:00,29729.7,29751.1,29729.4,29745.1,2339,13,0
2026-07-15 12:15:00,2026-07-15 10:15:00,29745.1,29755.9,29736.5,29741.9,2090,13,0
2026-07-15 12:30:00,2026-07-15 10:30:00,29741.9,29751.7,29721.0,29743.5,2249,13,0
2026-07-15 12:45:00,2026-07-15 10:45:00,29743.6,29745.0,29708.6,29716.6,2298,13,0
2026-07-15 13:00:00,2026-07-15 11:00:00,29716.7,29736.1,29708.6,29735.2,2128,13,0
2026-07-15 13:15:00,2026-07-15 11:15:00,29735.2,29739.5,29679.5,29689.2,2543,13,0
2026-07-15 13:30:00,2026-07-15 11:30:00,29689.4,29713.7,29682.5,29696.2,2450,13,0
2026-07-15 13:45:00,2026-07-15 11:45:00,29696.2,29726.0,29693.0,29718.9,2184,13,0
2026-07-15 14:00:00,2026-07-15 12:00:00,29719.5,29746.1,29712.6,29718.6,2722,13,0
2026-07-15 14:15:00,2026-07-15 12:15:00,29718.7,29734.6,29708.6,29714.0,2350,13,0
2026-07-15 14:30:00,2026-07-15 12:30:00,29713.7,29734.9,29704.2,29721.5,2401,13,0
2026-07-15 14:45:00,2026-07-15 12:45:00,29721.5,29722.0,29697.9,29705.2,2519,13,0
2026-07-15 15:00:00,2026-07-15 13:00:00,29705.4,29710.1,29667.5,29673.1,2780,13,0
2026-07-15 15:15:00,2026-07-15 13:15:00,29673.0,29685.2,29648.9,29667.9,2776,13,0
2026-07-15 15:30:00,2026-07-15 13:30:00,29669.9,29765.5,29661.6,29743.6,3522,13,0
2026-07-15 15:45:00,2026-07-15 13:45:00,29743.7,29788.0,29735.0,29772.6,3119,13,0
2026-07-15 16:00:00,2026-07-15 14:00:00,29773.0,29791.4,29732.2,29739.7,3229,13,0
2026-07-15 16:15:00,2026-07-15 14:15:00,29739.7,29755.5,29729.2,29748.9,3101,13,0
2026-07-15 16:30:00,2026-07-15 14:30:00,29748.1,29769.5,29624.9,29625.8,4208,10,0
2026-07-15 16:45:00,2026-07-15 14:45:00,29626.9,29639.4,29548.6,29616.1,4190,10,0
2026-07-15 17:00:00,2026-07-15 15:00:00,29616.1,29684.0,29600.1,29600.1,4162,10,0
2026-07-15 17:15:00,2026-07-15 15:15:00,29599.8,29622.6,29433.1,29515.9,4185,10,0
2026-07-15 17:30:00,2026-07-15 15:30:00,29516.4,29527.4,29329.9,29393.9,4146,10,0
2026-07-15 17:45:00,2026-07-15 15:45:00,29393.5,29436.3,29355.9,29424.0,4148,10,0
2026-07-15 18:00:00,2026-07-15 16:00:00,29424.1,29454.1,29373.6,29385.1,4123,10,0
2026-07-15 18:15:00,2026-07-15 16:15:00,29384.5,29435.1,29327.6,29434.5,4101,10,0
2026-07-15 18:30:00,2026-07-15 16:30:00,29433.8,29448.8,29388.9,29408.0,3968,10,0
2026-07-15 18:45:00,2026-07-15 16:45:00,29408.6,29410.1,29355.4,29375.3,4013,10,0
2026-07-15 19:00:00,2026-07-15 17:00:00,29374.1,29391.9,29265.5,29268.5,4043,10,0
2026-07-15 19:15:00,2026-07-15 17:15:00,29268.8,29289.5,29224.3,29255.1,3926,10,0
2026-07-15 19:30:00,2026-07-15 17:30:00,29254.6,29275.3,29190.3,29238.5,3959,10,0
2026-07-15 19:45:00,2026-07-15 17:45:00,29238.4,29327.3,29227.5,29304.9,3933,10,0
2026-07-15 20:00:00,2026-07-15 18:00:00,29305.9,29353.0,29298.0,29324.6,3742,10,0
2026-07-15 20:15:00,2026-07-15 18:15:00,29324.6,29400.8,29319.8,29397.8,3569,10,0
2026-07-15 20:30:00,2026-07-15 18:30:00,29397.5,29429.5,29397.3,29427.1,3569,10,0
2026-07-15 20:45:00,2026-07-15 18:45:00,29426.8,29497.5,29418.3,29479.3,3617,10,0
2026-07-15 21:00:00,2026-07-15 19:00:00,29479.1,29522.1,29475.0,29508.8,3540,10,0
2026-07-15 21:15:00,2026-07-15 19:15:00,29508.8,29535.3,29478.3,29517.4,3440,10,0
2026-07-15 21:30:00,2026-07-15 19:30:00,29517.8,29527.5,29451.0,29455.0,3456,10,0
2026-07-15 21:45:00,2026-07-15 19:45:00,29455.5,29458.5,29388.8,29405.8,3732,10,0
2026-07-15 22:00:00,2026-07-15 20:00:00,29405.8,29461.6,29397.8,29437.0,3677,10,0
2026-07-15 22:15:00,2026-07-15 20:15:00,29436.5,29441.5,29382.6,29433.3,3671,10,0
2026-07-15 22:30:00,2026-07-15 20:30:00,29435.6,29488.0,29403.0,29476.9,3824,10,0
2026-07-15 22:45:00,2026-07-15 20:45:00,29477.0,29499.1,29442.0,29495.0,3657,10,0
2026-07-15 23:00:00,2026-07-15 21:00:00,29494.3,29530.0,29458.0,29494.9,2803,10,0
2026-07-15 23:15:00,2026-07-15 21:15:00,29494.9,29513.1,29489.3,29511.8,1651,10,0
2026-07-15 23:30:00,2026-07-15 21:30:00,29511.8,29512.0,29498.6,29509.4,1215,10,0
2026-07-15 23:45:00,2026-07-15 21:45:00,29509.1,29512.8,29501.6,29508.5,1152,10,0
2026-07-16 01:00:00,2026-07-15 23:00:00,29512.8,29545.1,29506.3,29524.8,1853,10,0
2026-07-16 01:15:00,2026-07-15 23:15:00,29524.8,29526.1,29506.8,29513.3,1209,10,0
2026-07-16 01:30:00,2026-07-15 23:30:00,29513.3,29517.8,29480.7,29480.7,1510,10,0
2026-07-16 01:45:00,2026-07-15 23:45:00,29481.7,29519.2,29474.7,29514.0,1632,10,0
2026-07-16 02:00:00,2026-07-16 00:00:00,29514.0,29532.6,29507.2,29516.6,1303,10,0
2026-07-16 02:15:00,2026-07-16 00:15:00,29516.5,29520.6,29492.7,29514.0,1263,10,0
2026-07-16 02:30:00,2026-07-16 00:30:00,29514.0,29529.7,29497.5,29517.6,1268,10,0
2026-07-16 02:45:00,2026-07-16 00:45:00,29517.7,29523.8,29479.3,29487.0,2208,10,0
2026-07-16 03:00:00,2026-07-16 01:00:00,29487.6,29553.6,29480.1,29551.6,3426,10,0
2026-07-16 03:15:00,2026-07-16 01:15:00,29551.3,29559.1,29459.5,29466.7,3433,10,0
2026-07-16 03:30:00,2026-07-16 01:30:00,29466.5,29492.5,29423.8,29423.8,3337,10,0
2026-07-16 03:45:00,2026-07-16 01:45:00,29423.7,29473.8,29419.0,29448.2,3293,10,0
2026-07-16 04:00:00,2026-07-16 02:00:00,29448.3,29464.7,29412.6,29422.7,3529,10,0
2026-07-16 04:15:00,2026-07-16 02:15:00,29423.1,29426.2,29398.6,29401.7,3207,10,0
2026-07-16 04:30:00,2026-07-16 02:30:00,29401.6,29442.5,29391.2,29411.3,3544,10,0
2026-07-16 04:45:00,2026-07-16 02:45:00,29411.3,29483.0,29409.1,29446.5,3362,10,0
2026-07-16 05:00:00,2026-07-16 03:00:00,29446.6,29449.2,29417.2,29435.7,3152,10,0
2026-07-16 05:15:00,2026-07-16 03:15:00,29436.1,29502.2,29431.0,29493.0,2999,10,0
2026-07-16 05:30:00,2026-07-16 03:30:00,29492.8,29503.1,29469.5,29475.1,2861,10,0
2026-07-16 05:45:00,2026-07-16 03:45:00,29475.1,29531.8,29472.2,29524.2,2722,10,0
2026-07-16 06:00:00,2026-07-16 04:00:00,29524.2,29548.2,29518.0,29546.0,2461,10,0
2026-07-16 06:15:00,2026-07-16 04:15:00,29546.0,29547.7,29507.2,29513.0,2294,10,0
2026-07-16 06:30:00,2026-07-16 04:30:00,29513.1,29543.1,29510.5,29517.3,2994,10,0
2026-07-16 06:45:00,2026-07-16 04:45:00,29517.3,29540.2,29504.0,29540.2,2300,10,0
2026-07-16 07:00:00,2026-07-16 05:00:00,29540.2,29552.1,29519.6,29551.2,2339,10,0
2026-07-16 07:15:00,2026-07-16 05:15:00,29551.5,29551.6,29507.2,29513.3,2356,10,0
2026-07-16 07:30:00,2026-07-16 05:30:00,29513.3,29517.6,29494.2,29500.5,2277,10,0
2026-07-16 07:45:00,2026-07-16 05:45:00,29500.5,29513.5,29495.3,29504.1,2310,10,0
2026-07-16 08:00:00,2026-07-16 06:00:00,29504.8,29544.2,29494.1,29544.1,2721,10,0
2026-07-16 08:15:00,2026-07-16 06:15:00,29543.8,29572.1,29536.1,29563.0,2845,10,0
2026-07-16 08:30:00,2026-07-16 06:30:00,29563.0,29592.7,29464.0,29499.8,3407,10,0
2026-07-16 08:45:00,2026-07-16 06:45:00,29499.5,29507.6,29475.3,29483.6,2944,10,0
2026-07-16 09:00:00,2026-07-16 07:00:00,29483.6,29535.1,29443.3,29526.6,3272,10,0
2026-07-16 09:15:00,2026-07-16 07:15:00,29526.7,29545.3,29480.3,29483.0,2814,10,0
2026-07-16 09:30:00,2026-07-16 07:30:00,29482.7,29493.2,29439.3,29470.3,2434,10,0
2026-07-16 09:45:00,2026-07-16 07:45:00,29470.6,29490.3,29456.0,29481.5,2082,10,0
2026-07-16 10:00:00,2026-07-16 08:00:00,29481.5,29482.5,29417.7,29418.1,2943,10,0
2026-07-16 10:15:00,2026-07-16 08:15:00,29418.1,29445.5,29408.8,29419.0,2747,10,0
2026-07-16 10:30:00,2026-07-16 08:30:00,29419.5,29426.0,29366.5,29367.2,2573,10,0
2026-07-16 10:45:00,2026-07-16 08:45:00,29367.2,29380.1,29345.1,29359.3,2508,10,0
2026-07-16 11:00:00,2026-07-16 09:00:00,29359.3,29369.3,29285.1,29288.3,3217,10,0
2026-07-16 11:15:00,2026-07-16 09:15:00,29288.3,29351.1,29274.8,29334.0,3112,10,0
2026-07-16 11:30:00,2026-07-16 09:30:00,29335.3,29373.2,29325.1,29346.5,2733,10,0
2026-07-16 11:45:00,2026-07-16 09:45:00,29346.5,29391.3,29346.2,29388.2,2498,10,0
2026-07-16 12:00:00,2026-07-16 10:00:00,29388.2,29431.0,29388.2,29422.0,2670,10,0
2026-07-16 12:15:00,2026-07-16 10:15:00,29421.8,29441.2,29407.7,29410.6,2375,10,0
2026-07-16 12:30:00,2026-07-16 10:30:00,29410.6,29428.5,29381.3,29381.3,2437,10,0
2026-07-16 12:45:00,2026-07-16 10:45:00,29381.1,29382.2,29324.7,29327.8,2628,10,0
2026-07-16 13:00:00,2026-07-16 11:00:00,29327.6,29358.1,29312.0,29346.7,2327,10,0
2026-07-16 13:15:00,2026-07-16 11:15:00,29346.7,29347.8,29308.5,29335.0,2400,10,0
2026-07-16 13:30:00,2026-07-16 11:30:00,29334.8,29351.5,29307.6,29317.8,2377,10,0
2026-07-16 13:45:00,2026-07-16 11:45:00,29317.8,29334.6,29299.8,29326.3,2428,10,0
2026-07-16 14:00:00,2026-07-16 12:00:00,29326.6,29327.0,29257.1,29283.3,2853,10,0
2026-07-16 14:15:00,2026-07-16 12:15:00,29283.5,29297.7,29244.0,29268.6,2724,10,0
2026-07-16 14:30:00,2026-07-16 12:30:00,29268.6,29268.8,29227.1,29235.3,2948,10,0
2026-07-16 14:45:00,2026-07-16 12:45:00,29235.2,29252.3,29160.2,29243.3,3104,10,0
2026-07-16 15:00:00,2026-07-16 13:00:00,29243.5,29254.5,29189.7,29219.3,3037,10,0
2026-07-16 15:15:00,2026-07-16 13:15:00,29219.2,29236.1,29175.7,29203.2,2946,10,0
2026-07-16 15:30:00,2026-07-16 13:30:00,29203.2,29220.7,29162.7,29171.6,3316,10,0
2026-07-16 15:45:00,2026-07-16 13:45:00,29171.7,29211.0,29160.6,29189.0,3157,10,0
2026-07-16 16:00:00,2026-07-16 14:00:00,29189.2,29254.2,29184.6,29247.5,3335,10,0
2026-07-16 16:15:00,2026-07-16 14:15:00,29247.6,29284.6,29238.7,29260.8,3243,10,0
2026-07-16 16:30:00,2026-07-16 14:30:00,29260.5,29325.8,29105.3,29110.0,4265,10,0
2026-07-16 16:45:00,2026-07-16 14:45:00,29111.2,29155.1,29056.3,29144.0,4192,10,0
2026-07-16 17:00:00,2026-07-16 15:00:00,29143.8,29290.6,29118.7,29264.6,4165,10,0
2026-07-16 17:15:00,2026-07-16 15:15:00,29265.3,29296.6,29195.1,29279.5,4141,10,0
2026-07-16 17:30:00,2026-07-16 15:30:00,29279.3,29299.3,29222.8,29260.6,4064,10,0
2026-07-16 17:45:00,2026-07-16 15:45:00,29260.6,29274.0,29160.6,29231.3,4089,10,0
2026-07-16 18:00:00,2026-07-16 16:00:00,29231.8,29254.6,29133.0,29155.5,4060,10,0
2026-07-16 18:15:00,2026-07-16 16:15:00,29155.3,29247.8,29134.0,29203.2,4038,10,0
2026-07-16 18:30:00,2026-07-16 16:30:00,29204.1,29262.1,29165.8,29193.6,3967,10,0
2026-07-16 18:45:00,2026-07-16 16:45:00,29194.1,29231.1,29152.0,29188.2,3967,10,0
2026-07-16 19:00:00,2026-07-16 17:00:00,29188.6,29191.2,29086.1,29090.0,3983,10,0
2026-07-16 19:15:00,2026-07-16 17:15:00,29089.6,29110.2,29060.6,29095.2,3971,10,0
2026-07-16 19:30:00,2026-07-16 17:30:00,29094.8,29135.6,29083.5,29089.1,3918,10,0
2026-07-16 19:45:00,2026-07-16 17:45:00,29090.0,29148.3,29067.6,29135.0,3881,10,0
2026-07-16 20:00:00,2026-07-16 18:00:00,29134.8,29138.1,29081.2,29084.2,3776,10,0
2026-07-16 20:15:00,2026-07-16 18:15:00,29085.0,29139.1,29071.8,29130.0,3727,10,0
2026-07-16 20:30:00,2026-07-16 18:30:00,29130.2,29140.6,29028.0,29040.0,3777,10,0
2026-07-16 20:45:00,2026-07-16 18:45:00,29040.7,29065.2,29016.1,29039.7,3654,10,0
2026-07-16 21:00:00,2026-07-16 19:00:00,29040.3,29074.6,29021.0,29030.6,3836,10,0
2026-07-16 21:15:00,2026-07-16 19:15:00,29030.6,29100.5,29015.1,29065.1,3873,10,0
2026-07-16 21:30:00,2026-07-16 19:30:00,29066.0,29066.0,28995.5,29034.5,3893,10,0
2026-07-16 21:45:00,2026-07-16 19:45:00,29034.7,29049.7,28997.0,29007.0,3645,10,0
2026-07-16 22:00:00,2026-07-16 20:00:00,29007.2,29038.7,28973.0,28980.7,3811,10,0
2026-07-16 22:15:00,2026-07-16 20:15:00,28979.6,28981.8,28916.2,28945.5,3745,10,0
2026-07-16 22:30:00,2026-07-16 20:30:00,28944.5,28966.2,28914.8,28918.7,3858,10,0
2026-07-16 22:45:00,2026-07-16 20:45:00,28918.5,29029.7,28875.8,29014.7,3955,10,0
2026-07-16 23:00:00,2026-07-16 21:00:00,29009.6,29024.7,28962.7,28964.5,3299,10,0
2026-07-16 23:15:00,2026-07-16 21:15:00,28964.5,28996.6,28959.0,28977.3,2345,10,0
2026-07-16 23:30:00,2026-07-16 21:30:00,28977.2,28986.2,28960.7,28970.5,1877,10,0
2026-07-16 23:45:00,2026-07-16 21:45:00,28970.5,28976.5,28964.5,28971.6,1553,10,0
2026-07-17 01:00:00,2026-07-16 23:00:00,29000.3,29018.7,28980.3,28985.5,1340,10,0
2026-07-17 01:15:00,2026-07-16 23:15:00,28985.5,28987.3,28936.9,28939.5,1299,10,0
2026-07-17 01:30:00,2026-07-16 23:30:00,28939.5,28959.2,28932.0,28948.9,1204,10,0
2026-07-17 01:45:00,2026-07-16 23:45:00,28948.9,28951.3,28916.5,28935.9,1581,10,0
2026-07-17 02:00:00,2026-07-17 00:00:00,28935.9,28945.0,28908.5,28931.5,1611,10,0
2026-07-17 02:15:00,2026-07-17 00:15:00,28931.7,28933.2,28876.5,28892.7,1662,10,0
2026-07-17 02:30:00,2026-07-17 00:30:00,28892.7,28928.8,28861.0,28909.2,1933,10,0
2026-07-17 02:45:00,2026-07-17 00:45:00,28909.2,28919.4,28884.3,28894.9,2572,10,0
2026-07-17 03:00:00,2026-07-17 01:00:00,28895.7,28924.0,28832.4,28843.2,3498,10,0
2026-07-17 03:15:00,2026-07-17 01:15:00,28842.9,28876.8,28812.3,28818.8,3490,10,0
2026-07-17 03:30:00,2026-07-17 01:30:00,28818.7,28830.5,28795.9,28825.2,3198,10,0
2026-07-17 03:45:00,2026-07-17 01:45:00,28825.4,28882.3,28818.5,28857.4,3349,10,0
2026-07-17 04:00:00,2026-07-17 02:00:00,28857.5,28906.0,28825.2,28830.3,3355,10,0
2026-07-17 04:15:00,2026-07-17 02:15:00,28830.4,28846.0,28811.8,28840.4,2978,10,0
2026-07-17 04:30:00,2026-07-17 02:30:00,28840.8,28844.0,28765.4,28774.2,3353,10,0
2026-07-17 04:45:00,2026-07-17 02:45:00,28774.3,28789.9,28746.3,28771.7,3267,10,0
2026-07-17 05:00:00,2026-07-17 03:00:00,28771.9,28785.9,28749.9,28758.4,3087,10,0
2026-07-17 05:15:00,2026-07-17 03:15:00,28758.4,28761.5,28717.9,28729.0,2660,10,0
2026-07-17 05:30:00,2026-07-17 03:30:00,28729.2,28738.7,28704.3,28734.3,2755,10,0
2026-07-17 05:45:00,2026-07-17 03:45:00,28734.5,28738.5,28703.0,28724.5,2587,10,0
2026-07-17 06:00:00,2026-07-17 04:00:00,28725.3,28760.9,28716.7,28755.0,2711,10,0
2026-07-17 06:15:00,2026-07-17 04:15:00,28755.0,28826.0,28754.7,28814.9,2678,10,0
2026-07-17 06:30:00,2026-07-17 04:30:00,28815.0,28816.8,28744.0,28756.5,3027,10,0
2026-07-17 06:45:00,2026-07-17 04:45:00,28756.5,28760.2,28711.0,28711.8,2705,10,0
2026-07-17 07:00:00,2026-07-17 05:00:00,28711.8,28712.5,28644.4,28650.3,3088,10,0
2026-07-17 07:15:00,2026-07-17 05:15:00,28650.3,28659.5,28603.8,28609.9,2832,10,0
2026-07-17 07:30:00,2026-07-17 05:30:00,28609.2,28623.4,28575.5,28610.7,3240,10,0
2026-07-17 07:45:00,2026-07-17 05:45:00,28610.4,28641.0,28606.5,28606.5,3148,10,0
2026-07-17 08:00:00,2026-07-17 06:00:00,28606.2,28620.0,28587.9,28602.9,3327,10,0
2026-07-17 08:15:00,2026-07-17 06:15:00,28603.2,28622.7,28584.3,28591.2,3191,10,0
2026-07-17 08:30:00,2026-07-17 06:30:00,28591.2,28611.5,28527.3,28559.4,3322,10,0
2026-07-17 08:45:00,2026-07-17 06:45:00,28559.3,28573.8,28533.8,28556.3,3193,10,0
2026-07-17 09:00:00,2026-07-17 07:00:00,28556.0,28573.9,28524.3,28558.4,3235,10,0
2026-07-17 09:15:00,2026-07-17 07:15:00,28558.3,28624.7,28550.5,28615.0,2969,10,0
2026-07-17 09:30:00,2026-07-17 07:30:00,28615.8,28624.8,28562.9,28575.2,2902,10,0
2026-07-17 09:45:00,2026-07-17 07:45:00,28575.2,28575.2,28532.9,28543.9,2674,10,0
2026-07-17 10:00:00,2026-07-17 08:00:00,28543.9,28567.4,28522.3,28552.0,3344,10,0
2026-07-17 10:15:00,2026-07-17 08:15:00,28552.0,28564.7,28514.4,28547.4,3001,10,0
2026-07-17 10:30:00,2026-07-17 08:30:00,28547.4,28559.3,28502.7,28515.9,2929,10,0
2026-07-17 10:45:00,2026-07-17 08:45:00,28515.8,28521.8,28484.4,28487.4,2960,10,0
2026-07-17 11:00:00,2026-07-17 09:00:00,28486.9,28534.9,28468.3,28477.2,3567,10,0
2026-07-17 11:15:00,2026-07-17 09:15:00,28477.8,28479.5,28378.4,28409.5,3595,10,0
2026-07-17 11:30:00,2026-07-17 09:30:00,28409.0,28416.9,28357.3,28385.9,3259,10,0
2026-07-17 11:45:00,2026-07-17 09:45:00,28385.9,28460.0,28382.0,28429.5,3214,10,0
2026-07-17 12:00:00,2026-07-17 10:00:00,28429.3,28476.3,28419.5,28473.2,3143,10,0
2026-07-17 12:15:00,2026-07-17 10:15:00,28473.0,28490.3,28430.4,28489.5,2998,10,0
2026-07-17 12:30:00,2026-07-17 10:30:00,28490.3,28515.4,28463.2,28486.0,2958,10,0
2026-07-17 12:45:00,2026-07-17 10:45:00,28486.0,28527.4,28484.9,28511.0,2985,10,0
2026-07-17 13:00:00,2026-07-17 11:00:00,28511.2,28571.9,28493.7,28567.5,3159,10,0
2026-07-17 13:15:00,2026-07-17 11:15:00,28567.8,28587.2,28525.2,28574.5,3037,10,0
2026-07-17 13:30:00,2026-07-17 11:30:00,28574.5,28624.9,28564.3,28600.9,2887,10,0
2026-07-17 13:45:00,2026-07-17 11:45:00,28600.8,28615.2,28577.5,28584.4,2811,10,0
2026-07-17 14:00:00,2026-07-17 12:00:00,28584.3,28608.2,28550.4,28558.5,3105,10,0
2026-07-17 14:15:00,2026-07-17 12:15:00,28558.5,28568.3,28529.4,28561.8,2888,10,0
2026-07-17 14:30:00,2026-07-17 12:30:00,28562.9,28565.3,28519.3,28529.8,2927,10,0
2026-07-17 14:45:00,2026-07-17 12:45:00,28529.3,28561.2,28519.3,28541.0,2920,10,0
2026-07-17 15:00:00,2026-07-17 13:00:00,28540.7,28545.3,28476.3,28484.4,3161,10,0
2026-07-17 15:15:00,2026-07-17 13:15:00,28484.3,28496.5,28462.9,28475.9,3045,10,0
2026-07-17 15:30:00,2026-07-17 13:30:00,28475.9,28482.2,28451.8,28475.0,3145,10,0
2026-07-17 15:45:00,2026-07-17 13:45:00,28474.8,28490.7,28447.7,28465.3,3166,10,0
2026-07-17 16:00:00,2026-07-17 14:00:00,28465.3,28465.3,28419.9,28422.9,3479,10,0
2026-07-17 16:15:00,2026-07-17 14:15:00,28422.3,28446.9,28381.8,28406.8,3617,10,0
2026-07-17 16:30:00,2026-07-17 14:30:00,28406.0,28485.5,28209.0,28221.8,4255,10,0
2026-07-17 16:45:00,2026-07-17 14:45:00,28219.3,28480.0,28212.8,28475.2,4242,10,0
2026-07-17 17:00:00,2026-07-17 15:00:00,28475.3,28662.0,28468.5,28603.3,4257,10,0
2026-07-17 17:15:00,2026-07-17 15:15:00,28604.2,28687.2,28581.0,28631.5,4202,10,0
2026-07-17 17:30:00,2026-07-17 15:30:00,28631.5,28695.9,28562.0,28624.8,4207,10,0
2026-07-17 17:45:00,2026-07-17 15:45:00,28625.5,28655.7,28521.9,28528.3,4146,10,0
2026-07-17 18:00:00,2026-07-17 16:00:00,28526.8,28554.8,28477.8,28507.3,4136,10,0
2026-07-17 18:15:00,2026-07-17 16:15:00,28507.3,28559.3,28473.3,28551.8,4096,10,0
2026-07-17 18:30:00,2026-07-17 16:30:00,28553.2,28643.5,28520.5,28599.0,4072,10,0
2026-07-17 18:45:00,2026-07-17 16:45:00,28598.8,28747.9,28581.9,28733.2,4016,10,0
2026-07-17 19:00:00,2026-07-17 17:00:00,28733.4,28755.5,28647.2,28738.9,4126,10,0
2026-07-17 19:15:00,2026-07-17 17:15:00,28739.8,28755.0,28660.5,28714.7,4011,10,0
2026-07-17 19:30:00,2026-07-17 17:30:00,28714.5,28770.7,28687.3,28769.7,3988,10,0
2026-07-17 19:45:00,2026-07-17 17:45:00,28771.4,28828.0,28762.2,28775.9,3879,10,0
2026-07-17 20:00:00,2026-07-17 18:00:00,28775.2,28846.2,28767.2,28795.2,3895,10,0
2026-07-17 20:15:00,2026-07-17 18:15:00,28795.4,28842.5,28779.9,28835.7,3831,10,0
2026-07-17 20:30:00,2026-07-17 18:30:00,28835.7,28842.0,28744.4,28750.8,3869,10,0
2026-07-17 20:45:00,2026-07-17 18:45:00,28750.2,28768.3,28684.4,28696.4,3825,10,0
2026-07-17 21:00:00,2026-07-17 19:00:00,28696.4,28735.4,28657.0,28663.2,3872,10,0
2026-07-17 21:15:00,2026-07-17 19:15:00,28663.3,28669.9,28622.8,28652.5,3878,10,0
2026-07-17 21:30:00,2026-07-17 19:30:00,28652.5,28691.5,28596.9,28609.3,3843,10,0
2026-07-17 21:45:00,2026-07-17 19:45:00,28608.9,28685.7,28598.7,28662.3,3878,10,0
2026-07-17 22:00:00,2026-07-17 20:00:00,28662.3,28669.2,28558.5,28561.7,3825,10,0
2026-07-17 22:15:00,2026-07-17 20:15:00,28560.9,28604.0,28518.9,28594.0,3944,10,0
2026-07-17 22:30:00,2026-07-17 20:30:00,28594.4,28643.4,28555.3,28595.9,3968,10,0
2026-07-17 22:45:00,2026-07-17 20:45:00,28595.9,28653.5,28556.5,28568.9,3990,10,0
2026-07-17 23:00:00,2026-07-17 21:00:00,28570.9,28570.9,28513.4,28538.4,3482,10,0
2026-07-17 23:15:00,2026-07-17 21:15:00,28538.7,28554.4,28534.4,28549.9,2220,10,0
2026-07-17 23:30:00,2026-07-17 21:30:00,28549.7,28568.7,28549.7,28567.5,1967,10,0
2026-07-17 23:45:00,2026-07-17 21:45:00,28567.4,28570.2,28554.7,28565.9,1109,10,0
2026-07-20 01:00:00,2026-07-19 23:00:00,28598.0,28623.8,28522.1,28527.3,2634,10,0
2026-07-20 01:15:00,2026-07-19 23:15:00,28527.5,28623.8,28526.9,28576.6,2200,10,0
2026-07-20 01:30:00,2026-07-19 23:30:00,28576.6,28661.3,28570.1,28650.3,2073,10,0
2026-07-20 01:45:00,2026-07-19 23:45:00,28650.0,28659.5,28622.4,28627.0,1574,10,0
2026-07-20 02:00:00,2026-07-20 00:00:00,28626.1,28647.9,28598.1,28624.1,2022,10,0
2026-07-20 02:15:00,2026-07-20 00:15:00,28624.1,28635.8,28594.5,28615.6,1883,10,0
2026-07-20 02:30:00,2026-07-20 00:30:00,28615.6,28677.9,28604.6,28677.0,2004,10,0
2026-07-20 02:45:00,2026-07-20 00:45:00,28676.4,28688.4,28628.0,28680.6,3071,10,0
2026-07-20 03:00:00,2026-07-20 01:00:00,28680.6,28766.1,28618.3,28750.1,3622,10,0
2026-07-20 03:15:00,2026-07-20 01:15:00,28750.6,28774.5,28738.3,28746.1,3487,10,0
2026-07-20 03:30:00,2026-07-20 01:30:00,28746.0,28749.1,28686.6,28699.0,3495,10,0
2026-07-20 03:45:00,2026-07-20 01:45:00,28698.3,28712.5,28663.8,28670.1,3447,10,0
2026-07-20 04:00:00,2026-07-20 02:00:00,28670.5,28729.5,28659.3,28663.6,3798,10,0
2026-07-20 04:15:00,2026-07-20 02:15:00,28663.6,28695.8,28623.8,28627.3,3800,10,0
2026-07-20 04:30:00,2026-07-20 02:30:00,28627.3,28645.8,28588.3,28608.6,3771,10,0
2026-07-20 04:45:00,2026-07-20 02:45:00,28608.6,28631.9,28575.0,28607.5,3575,10,0
2026-07-20 05:00:00,2026-07-20 03:00:00,28607.8,28699.0,28607.5,28650.0,3646,10,0
2026-07-20 05:15:00,2026-07-20 03:15:00,28650.1,28658.3,28604.9,28623.1,3477,10,0
2026-07-20 05:30:00,2026-07-20 03:30:00,28623.0,28727.3,28620.1,28710.8,3557,10,0
2026-07-20 05:45:00,2026-07-20 03:45:00,28711.0,28751.1,28695.6,28698.1,3325,10,0
2026-07-20 06:00:00,2026-07-20 04:00:00,28698.1,28724.6,28667.8,28696.4,3290,10,0
2026-07-20 06:15:00,2026-07-20 04:15:00,28696.4,28724.5,28675.3,28688.3,3272,10,0
2026-07-20 06:30:00,2026-07-20 04:30:00,28688.3,28715.3,28662.3,28710.8,3263,10,0
2026-07-20 06:45:00,2026-07-20 04:45:00,28710.5,28749.0,28693.0,28708.9,3049,10,0
2026-07-20 07:00:00,2026-07-20 05:00:00,28708.9,28730.0,28675.4,28678.8,2923,10,0
2026-07-20 07:15:00,2026-07-20 05:15:00,28678.8,28714.4,28655.9,28711.1,3170,10,0
2026-07-20 07:30:00,2026-07-20 05:30:00,28711.0,28751.8,28700.0,28744.4,3082,10,0
2026-07-20 07:45:00,2026-07-20 05:45:00,28745.3,28753.5,28704.8,28708.3,2791,10,0
2026-07-20 08:00:00,2026-07-20 06:00:00,28708.8,28713.8,28623.6,28673.9,3221,10,0
2026-07-20 08:15:00,2026-07-20 06:15:00,28673.8,28673.9,28638.9,28643.8,3320,10,0
2026-07-20 08:30:00,2026-07-20 06:30:00,28643.8,28648.8,28621.1,28624.3,3221,10,0
2026-07-20 08:45:00,2026-07-20 06:45:00,28624.1,28643.0,28600.9,28618.6,3047,10,0
2026-07-20 09:00:00,2026-07-20 07:00:00,28618.4,28634.5,28593.8,28596.1,3142,10,0
2026-07-20 09:15:00,2026-07-20 07:15:00,28596.3,28626.5,28580.4,28597.9,3032,10,0
2026-07-20 09:30:00,2026-07-20 07:30:00,28597.3,28624.8,28577.1,28615.4,2851,10,0
2026-07-20 09:45:00,2026-07-20 07:45:00,28615.4,28621.6,28590.3,28616.3,2480,10,0
2026-07-20 10:00:00,2026-07-20 08:00:00,28616.3,28645.0,28616.3,28632.9,3069,10,0
2026-07-20 10:15:00,2026-07-20 08:15:00,28632.9,28697.0,28609.8,28691.0,3058,10,0
2026-07-20 10:30:00,2026-07-20 08:30:00,28691.0,28736.9,28688.9,28717.0,3324,10,0
2026-07-20 10:45:00,2026-07-20 08:45:00,28717.0,28733.8,28691.0,28721.0,2859,10,0
2026-07-20 11:00:00,2026-07-20 09:00:00,28721.1,28745.6,28701.1,28738.4,3080,10,0
2026-07-20 11:15:00,2026-07-20 09:15:00,28738.4,28750.9,28706.8,28713.3,2784,10,0
2026-07-20 11:30:00,2026-07-20 09:30:00,28712.8,28717.9,28672.3,28674.8,2651,10,0
2026-07-20 11:45:00,2026-07-20 09:45:00,28674.9,28701.1,28672.5,28692.5,2421,10,0
2026-07-20 12:00:00,2026-07-20 10:00:00,28692.4,28700.5,28667.1,28688.8,2587,10,0
2026-07-20 12:15:00,2026-07-20 10:15:00,28688.6,28727.5,28688.6,28718.0,2402,10,0
2026-07-20 12:30:00,2026-07-20 10:30:00,28717.9,28752.9,28710.0,28752.9,2452,10,0
2026-07-20 12:45:00,2026-07-20 10:45:00,28752.9,28809.6,28751.5,28763.6,2495,10,0
2026-07-20 13:00:00,2026-07-20 11:00:00,28763.9,28767.4,28739.0,28744.1,2381,10,0
2026-07-20 13:15:00,2026-07-20 11:15:00,28744.1,28773.5,28732.9,28767.6,2303,10,0
2026-07-20 13:30:00,2026-07-20 11:30:00,28768.1,28785.9,28758.8,28779.1,2406,10,0
2026-07-20 13:45:00,2026-07-20 11:45:00,28779.1,28791.0,28773.4,28780.9,2324,10,0
2026-07-20 14:00:00,2026-07-20 12:00:00,28781.1,28835.8,28775.5,28823.6,2788,10,0
2026-07-20 14:15:00,2026-07-20 12:15:00,28823.5,28830.0,28799.9,28809.1,2361,10,0
2026-07-20 14:30:00,2026-07-20 12:30:00,28809.3,28920.0,28807.4,28899.6,3603,10,0
2026-07-20 14:45:00,2026-07-20 12:45:00,28899.6,28909.0,28859.8,28884.4,2909,10,0
2026-07-20 15:00:00,2026-07-20 13:00:00,28884.6,28887.5,28793.6,28815.0,3462,10,0
2026-07-20 15:15:00,2026-07-20 13:15:00,28815.1,28847.5,28803.4,28846.3,2724,10,0
2026-07-20 15:30:00,2026-07-20 13:30:00,28846.3,28857.8,28813.0,28817.4,2797,10,0
2026-07-20 15:45:00,2026-07-20 13:45:00,28817.4,28854.6,28815.3,28836.6,2874,10,0
2026-07-20 16:00:00,2026-07-20 14:00:00,28836.3,28869.1,28835.1,28835.1,3179,10,0
2026-07-20 16:15:00,2026-07-20 14:15:00,28835.1,28870.5,28833.1,28851.3,3175,10,0
2026-07-20 16:30:00,2026-07-20 14:30:00,28855.4,28992.9,28841.1,28990.4,4173,10,0
2026-07-20 16:45:00,2026-07-20 14:45:00,28990.6,29003.4,28792.3,28806.8,4157,10,0
2026-07-20 17:00:00,2026-07-20 15:00:00,28808.1,28859.4,28750.5,28783.3,4174,10,0
2026-07-20 17:15:00,2026-07-20 15:15:00,28784.1,28843.1,28719.5,28841.6,4167,10,0
2026-07-20 17:30:00,2026-07-20 15:30:00,28842.1,28861.0,28764.3,28775.5,4095,10,0
2026-07-20 17:45:00,2026-07-20 15:45:00,28776.3,28814.4,28686.6,28703.1,4131,10,0
2026-07-20 18:00:00,2026-07-20 16:00:00,28703.8,28800.4,28685.3,28757.5,4103,10,0
2026-07-20 18:15:00,2026-07-20 16:15:00,28756.4,28833.9,28741.8,28826.8,3955,10,0
2026-07-20 18:30:00,2026-07-20 16:30:00,28827.1,28845.1,28797.6,28839.6,3968,10,0
2026-07-20 18:45:00,2026-07-20 16:45:00,28839.1,28876.0,28786.6,28862.4,3838,10,0
2026-07-20 19:00:00,2026-07-20 17:00:00,28862.6,28930.0,28841.1,28917.1,3615,10,0
2026-07-20 19:15:00,2026-07-20 17:15:00,28917.6,28924.1,28881.9,28895.3,3540,10,0
2026-07-20 19:30:00,2026-07-20 17:30:00,28895.4,28912.1,28780.6,28816.1,3710,10,0
2026-07-20 19:45:00,2026-07-20 17:45:00,28816.3,28863.4,28767.6,28794.9,3828,10,0
2026-07-20 20:00:00,2026-07-20 18:00:00,28795.0,28810.6,28733.8,28738.1,3718,10,0
2026-07-20 20:15:00,2026-07-20 18:15:00,28738.1,28786.9,28723.1,28770.0,3611,10,0
2026-07-20 20:30:00,2026-07-20 18:30:00,28769.1,28783.9,28713.3,28721.1,3582,10,0
2026-07-20 20:45:00,2026-07-20 18:45:00,28721.8,28793.4,28720.4,28768.1,3565,10,0
2026-07-20 21:00:00,2026-07-20 19:00:00,28768.1,28813.1,28768.1,28804.4,3459,10,0
2026-07-20 21:15:00,2026-07-20 19:15:00,28804.4,28821.1,28744.9,28760.1,3567,10,0
2026-07-20 21:30:00,2026-07-20 19:30:00,28759.5,28760.1,28671.4,28672.9,3654,10,0
2026-07-20 21:45:00,2026-07-20 19:45:00,28671.9,28712.1,28667.5,28682.4,3680,10,0
2026-07-20 22:00:00,2026-07-20 20:00:00,28682.4,28707.1,28619.6,28620.4,3764,10,0
2026-07-20 22:15:00,2026-07-20 20:15:00,28619.9,28680.3,28608.5,28666.9,3787,10,0
2026-07-20 22:30:00,2026-07-20 20:30:00,28666.1,28704.9,28647.0,28679.4,3835,10,0
2026-07-20 22:45:00,2026-07-20 20:45:00,28679.0,28690.6,28580.0,28595.4,3800,10,0
2026-07-20 23:00:00,2026-07-20 21:00:00,28595.4,28642.4,28579.4,28584.8,2910,10,0
2026-07-20 23:15:00,2026-07-20 21:15:00,28584.9,28586.0,28562.3,28570.3,1946,10,0
2026-07-20 23:30:00,2026-07-20 21:30:00,28570.1,28592.6,28569.5,28582.3,1447,10,0
2026-07-20 23:45:00,2026-07-20 21:45:00,28583.0,28594.0,28579.9,28592.5,1246,10,0
2026-07-21 01:00:00,2026-07-20 23:00:00,28615.4,28615.4,28521.1,28536.0,1689,10,0
2026-07-21 01:15:00,2026-07-20 23:15:00,28535.9,28544.2,28526.7,28534.9,1382,10,0
2026-07-21 01:30:00,2026-07-20 23:30:00,28534.9,28548.7,28517.1,28539.1,1338,10,0
2026-07-21 01:45:00,2026-07-20 23:45:00,28539.1,28548.4,28522.4,28532.1,1108,10,0
2026-07-21 02:00:00,2026-07-21 00:00:00,28532.1,28593.0,28527.6,28583.5,1751,10,0
2026-07-21 02:15:00,2026-07-21 00:15:00,28583.5,28636.7,28580.7,28634.5,1809,10,0
2026-07-21 02:30:00,2026-07-21 00:30:00,28634.5,28639.2,28621.0,28626.2,1418,10,0
2026-07-21 02:45:00,2026-07-21 00:45:00,28626.5,28643.0,28573.5,28595.0,2944,10,0
2026-07-21 03:00:00,2026-07-21 01:00:00,28595.0,28595.0,28522.0,28552.0,3843,10,0
2026-07-21 03:15:00,2026-07-21 01:15:00,28552.2,28649.4,28525.0,28632.6,3797,10,0
2026-07-21 03:30:00,2026-07-21 01:30:00,28632.9,28694.6,28629.0,28681.5,3504,10,0
2026-07-21 03:45:00,2026-07-21 01:45:00,28681.4,28712.1,28670.7,28673.0,3293,10,0
2026-07-21 04:00:00,2026-07-21 02:00:00,28673.0,28726.1,28653.1,28718.9,3569,10,0
2026-07-21 04:15:00,2026-07-21 02:15:00,28718.9,28727.0,28688.0,28706.2,3396,10,0
2026-07-21 04:30:00,2026-07-21 02:30:00,28706.2,28736.2,28682.1,28689.0,3305,10,0
2026-07-21 04:45:00,2026-07-21 02:45:00,28689.6,28725.9,28685.6,28698.4,3266,10,0
2026-07-21 05:00:00,2026-07-21 03:00:00,28698.4,28753.1,28693.2,28700.4,3309,10,0
2026-07-21 05:15:00,2026-07-21 03:15:00,28700.4,28735.1,28674.9,28709.1,3114,10,0
2026-07-21 05:30:00,2026-07-21 03:30:00,28708.9,28770.6,28708.6,28764.1,2921,10,0
2026-07-21 05:45:00,2026-07-21 03:45:00,28764.1,28771.4,28743.4,28769.7,2672,10,0
2026-07-21 06:00:00,2026-07-21 04:00:00,28769.7,28796.6,28767.4,28790.0,2411,10,0
2026-07-21 06:15:00,2026-07-21 04:15:00,28790.1,28812.5,28786.9,28811.0,2218,10,0
2026-07-21 06:30:00,2026-07-21 04:30:00,28811.0,28864.2,28807.5,28849.0,2525,10,0
2026-07-21 06:45:00,2026-07-21 04:45:00,28848.9,28892.9,28848.9,28887.5,2484,10,0
2026-07-21 07:00:00,2026-07-21 05:00:00,28887.5,28904.2,28874.1,28882.6,2494,10,0
2026-07-21 07:15:00,2026-07-21 05:15:00,28881.9,28892.2,28870.9,28880.6,2337,10,0
2026-07-21 07:30:00,2026-07-21 05:30:00,28880.5,28890.7,28873.2,28879.6,2251,10,0
2026-07-21 07:45:00,2026-07-21 05:45:00,28879.5,28891.7,28864.1,28870.6,2115,10,0
2026-07-21 08:00:00,2026-07-21 06:00:00,28870.6,28876.1,28849.1,28850.4,2396,10,0
2026-07-21 08:15:00,2026-07-21 06:15:00,28850.4,28885.6,28832.2,28881.2,2776,10,0
2026-07-21 08:30:00,2026-07-21 06:30:00,28881.5,28908.5,28854.7,28902.4,2729,10,0
2026-07-21 08:45:00,2026-07-21 06:45:00,28902.4,28919.7,28886.2,28913.9,2605,10,0
2026-07-21 09:00:00,2026-07-21 07:00:00,28913.6,28956.1,28911.1,28947.7,2621,10,0
2026-07-21 09:15:00,2026-07-21 07:15:00,28947.9,28956.5,28923.9,28925.4,2578,10,0
2026-07-21 09:30:00,2026-07-21 07:30:00,28926.0,28969.6,28926.0,28969.5,2586,10,0
2026-07-21 09:45:00,2026-07-21 07:45:00,28969.2,28970.2,28946.0,28961.9,1999,10,0
2026-07-21 10:00:00,2026-07-21 08:00:00,28961.9,28975.2,28933.2,28946.9,2752,10,0
2026-07-21 10:15:00,2026-07-21 08:15:00,28946.4,28946.5,28907.7,28919.1,2671,10,0
2026-07-21 10:30:00,2026-07-21 08:30:00,28919.0,28941.9,28903.2,28927.1,2508,10,0
2026-07-21 10:45:00,2026-07-21 08:45:00,28927.2,28935.6,28907.4,28933.5,2293,10,0
2026-07-21 11:00:00,2026-07-21 09:00:00,28933.4,28968.7,28920.1,28967.1,2883,10,0
2026-07-21 11:15:00,2026-07-21 09:15:00,28967.1,28982.9,28956.1,28982.7,2454,10,0
2026-07-21 11:30:00,2026-07-21 09:30:00,28983.5,28991.4,28971.4,28982.1,2231,10,0
2026-07-21 11:45:00,2026-07-21 09:45:00,28982.1,28989.9,28965.5,28982.6,2047,10,0
2026-07-21 12:00:00,2026-07-21 10:00:00,28982.6,28996.4,28978.0,28986.7,2140,10,0
2026-07-21 12:15:00,2026-07-21 10:15:00,28986.7,29010.9,28980.0,28981.9,2198,10,0
2026-07-21 12:30:00,2026-07-21 10:30:00,28981.7,28994.5,28966.6,28980.4,2045,10,0
2026-07-21 12:45:00,2026-07-21 10:45:00,28980.4,28999.9,28968.6,28969.7,2039,10,0
2026-07-21 13:00:00,2026-07-21 11:00:00,28969.7,29012.7,28969.7,28986.9,2511,10,0
2026-07-21 13:15:00,2026-07-21 11:15:00,28986.6,29002.1,28981.2,28989.4,2227,10,0
2026-07-21 13:30:00,2026-07-21 11:30:00,28989.5,29017.9,28980.2,28987.0,2043,10,0
2026-07-21 13:45:00,2026-07-21 11:45:00,28987.0,28999.7,28971.6,28982.1,1935,10,0
2026-07-21 14:00:00,2026-07-21 12:00:00,28982.1,28999.0,28948.9,28972.7,2548,10,0
2026-07-21 14:15:00,2026-07-21 12:15:00,28972.7,28974.4,28936.4,28943.5,2334,10,0
2026-07-21 14:30:00,2026-07-21 12:30:00,28943.5,28988.1,28941.9,28982.5,2432,10,0
2026-07-21 14:45:00,2026-07-21 12:45:00,28981.9,28997.4,28960.4,28968.1,2311,10,0
2026-07-21 15:00:00,2026-07-21 13:00:00,28968.2,29009.7,28961.4,28993.2,2722,10,0
2026-07-21 15:15:00,2026-07-21 13:15:00,28993.2,28993.6,28949.1,28950.0,2908,10,0
2026-07-21 15:30:00,2026-07-21 13:30:00,28948.9,28958.0,28927.5,28950.0,2962,10,0
2026-07-21 15:45:00,2026-07-21 13:45:00,28950.0,29002.1,28949.5,28988.2,3146,10,0
2026-07-21 16:00:00,2026-07-21 14:00:00,28987.6,28998.5,28972.1,28978.1,2874,10,0
2026-07-21 16:15:00,2026-07-21 14:15:00,28977.9,29038.4,28972.1,29038.4,3014,10,0
2026-07-21 16:30:00,2026-07-21 14:30:00,29038.1,29060.9,28945.2,28958.2,4203,10,0
2026-07-21 16:45:00,2026-07-21 14:45:00,28958.7,28992.2,28909.4,28968.0,4168,10,0
2026-07-21 17:00:00,2026-07-21 15:00:00,28966.9,29003.1,28880.2,28945.7,4149,10,0
2026-07-21 17:15:00,2026-07-21 15:15:00,28945.6,29033.1,28883.6,29022.0,4086,10,0
2026-07-21 17:30:00,2026-07-21 15:30:00,29022.1,29050.6,28978.9,29039.4,3962,10,0
2026-07-21 17:45:00,2026-07-21 15:45:00,29039.4,29070.2,29026.2,29052.9,3967,10,0
2026-07-21 18:00:00,2026-07-21 16:00:00,29053.0,29112.0,28997.4,29106.1,3869,10,0
2026-07-21 18:15:00,2026-07-21 16:15:00,29107.4,29134.7,29087.5,29122.6,3619,10,0
2026-07-21 18:30:00,2026-07-21 16:30:00,29122.6,29122.9,29073.6,29076.1,3500,10,0
2026-07-21 18:45:00,2026-07-21 16:45:00,29076.4,29116.2,29072.7,29075.1,3472,10,0
2026-07-21 19:00:00,2026-07-21 17:00:00,29075.1,29138.5,29070.2,29117.5,3433,10,0
2026-07-21 19:15:00,2026-07-21 17:15:00,29117.5,29152.2,29116.2,29127.4,3281,10,0
2026-07-21 19:30:00,2026-07-21 17:30:00,29127.4,29150.0,29118.7,29134.4,3177,10,0
2026-07-21 19:45:00,2026-07-21 17:45:00,29133.9,29166.5,29126.9,29146.9,3103,10,0
2026-07-21 20:00:00,2026-07-21 18:00:00,29146.6,29170.6,29146.2,29150.0,3097,10,0
2026-07-21 20:15:00,2026-07-21 18:15:00,29150.1,29159.7,29138.4,29148.2,3047,10,0
2026-07-21 20:30:00,2026-07-21 18:30:00,29148.2,29166.5,29142.9,29156.5,3164,10,0
2026-07-21 20:45:00,2026-07-21 18:45:00,29156.4,29177.7,29148.1,29156.7,3007,10,0
2026-07-21 21:00:00,2026-07-21 19:00:00,29156.7,29176.9,29153.0,29153.0,3041,10,0
2026-07-21 21:15:00,2026-07-21 19:15:00,29153.0,29159.7,29135.2,29140.5,2885,10,0
2026-07-21 21:30:00,2026-07-21 19:30:00,29140.5,29164.0,29126.1,29163.0,2972,10,0
2026-07-21 21:45:00,2026-07-21 19:45:00,29162.7,29170.7,29132.1,29143.5,2850,10,0
2026-07-21 22:00:00,2026-07-21 20:00:00,29143.2,29150.5,29120.4,29125.5,3214,10,0
2026-07-21 22:15:00,2026-07-21 20:15:00,29124.4,29135.2,29106.2,29108.9,3097,10,0
2026-07-21 22:30:00,2026-07-21 20:30:00,29108.7,29155.5,29107.0,29152.7,3253,10,0
2026-07-21 22:45:00,2026-07-21 20:45:00,29153.0,29164.6,29116.9,29127.7,3405,10,0
2026-07-21 23:00:00,2026-07-21 21:00:00,29126.5,29131.5,29102.9,29121.7,2701,10,0
2026-07-21 23:15:00,2026-07-21 21:15:00,29121.7,29121.7,29099.1,29108.1,1575,10,0
2026-07-21 23:30:00,2026-07-21 21:30:00,29108.0,29117.5,29105.4,29108.1,1311,10,0
2026-07-21 23:45:00,2026-07-21 21:45:00,29108.1,29109.9,29094.6,29101.1,1154,10,0
2026-07-22 01:00:00,2026-07-21 23:00:00,29122.6,29122.6,29099.6,29116.6,1739,10,0
2026-07-22 01:15:00,2026-07-21 23:15:00,29116.6,29120.8,29084.5,29089.5,1441,10,0
2026-07-22 01:30:00,2026-07-21 23:30:00,29089.5,29100.6,29077.0,29088.8,1233,10,0
2026-07-22 01:45:00,2026-07-21 23:45:00,29088.8,29094.6,29072.1,29093.1,1544,10,0
2026-07-22 02:00:00,2026-07-22 00:00:00,29093.1,29103.5,29080.7,29101.7,1394,10,0
2026-07-22 02:15:00,2026-07-22 00:15:00,29101.2,29122.5,29091.7,29115.1,1377,10,0
2026-07-22 02:30:00,2026-07-22 00:30:00,29115.0,29123.0,29092.1,29098.8,1466,10,0
2026-07-22 02:45:00,2026-07-22 00:45:00,29098.7,29122.0,29089.5,29117.3,2666,10,0
2026-07-22 03:00:00,2026-07-22 01:00:00,29117.2,29155.5,29105.7,29147.5,3416,10,0
2026-07-22 03:15:00,2026-07-22 01:15:00,29147.6,29149.1,29110.0,29118.0,3441,10,0
2026-07-22 03:30:00,2026-07-22 01:30:00,29118.6,29124.1,29091.5,29103.3,3358,10,0
2026-07-22 03:45:00,2026-07-22 01:45:00,29103.0,29111.5,29078.6,29107.5,3171,10,0
2026-07-22 04:00:00,2026-07-22 02:00:00,29107.6,29113.0,29053.2,29075.5,3324,10,0
2026-07-22 04:15:00,2026-07-22 02:15:00,29075.5,29090.1,29058.7,29065.2,3046,10,0
2026-07-22 04:30:00,2026-07-22 02:30:00,29065.3,29080.3,29051.6,29073.5,3215,10,0
2026-07-22 04:45:00,2026-07-22 02:45:00,29073.8,29124.8,29069.8,29095.6,2767,10,0
2026-07-22 05:00:00,2026-07-22 03:00:00,29095.7,29103.2,29057.8,29081.1,3146,10,0
2026-07-22 05:15:00,2026-07-22 03:15:00,29080.5,29103.1,29069.8,29095.1,2919,10,0
2026-07-22 05:30:00,2026-07-22 03:30:00,29095.1,29096.3,29062.5,29072.1,3013,10,0
2026-07-22 05:45:00,2026-07-22 03:45:00,29072.1,29083.0,29047.7,29058.5,2629,10,0
2026-07-22 06:00:00,2026-07-22 04:00:00,29058.3,29062.8,29029.3,29033.1,2777,10,0
2026-07-22 06:15:00,2026-07-22 04:15:00,29033.0,29080.7,29031.0,29080.7,2737,10,0
2026-07-22 06:30:00,2026-07-22 04:30:00,29080.7,29086.0,29036.7,29042.6,3041,10,0
2026-07-22 06:45:00,2026-07-22 04:45:00,29042.2,29060.8,29009.5,29018.5,2796,10,0
2026-07-22 07:00:00,2026-07-22 05:00:00,29018.5,29043.6,29007.2,29032.6,2756,10,0
2026-07-22 07:15:00,2026-07-22 05:15:00,29032.6,29057.5,29031.8,29052.6,2355,10,0
2026-07-22 07:30:00,2026-07-22 05:30:00,29052.5,29052.6,29028.1,29036.1,2436,10,0
2026-07-22 07:45:00,2026-07-22 05:45:00,29036.1,29041.1,29012.8,29040.5,2515,10,0
2026-07-22 08:00:00,2026-07-22 06:00:00,29040.6,29044.1,28999.1,29006.2,3104,10,0
2026-07-22 08:15:00,2026-07-22 06:15:00,29006.2,29014.8,28985.1,28985.1,3269,10,0
2026-07-22 08:30:00,2026-07-22 06:30:00,28984.8,29003.5,28965.0,28966.6,3319,10,0
2026-07-22 08:45:00,2026-07-22 06:45:00,28967.1,28996.5,28959.8,28991.8,2976,10,0
2026-07-22 09:00:00,2026-07-22 07:00:00,28991.8,28992.1,28945.6,28951.6,3098,10,0
2026-07-22 09:15:00,2026-07-22 07:15:00,28952.1,28952.1,28879.2,28897.5,2999,10,0
2026-07-22 09:30:00,2026-07-22 07:30:00,28898.0,28934.3,28887.1,28921.1,2641,10,0
2026-07-22 09:45:00,2026-07-22 07:45:00,28921.1,28921.6,28881.8,28912.1,2521,10,0
2026-07-22 10:00:00,2026-07-22 08:00:00,28911.2,28921.2,28870.6,28916.2,3124,10,0
2026-07-22 10:15:00,2026-07-22 08:15:00,28916.2,28942.6,28903.5,28938.2,2759,10,0
2026-07-22 10:30:00,2026-07-22 08:30:00,28937.6,28942.8,28845.3,28883.3,3198,10,0
2026-07-22 10:45:00,2026-07-22 08:45:00,28883.7,28895.0,28859.6,28875.6,2895,10,0
2026-07-22 11:00:00,2026-07-22 09:00:00,28879.7,28925.6,28859.8,28886.2,3331,10,0
2026-07-22 11:15:00,2026-07-22 09:15:00,28886.5,28923.3,28880.8,28920.2,3036,10,0
2026-07-22 11:30:00,2026-07-22 09:30:00,28920.5,28934.8,28899.6,28905.2,2698,10,0
2026-07-22 11:45:00,2026-07-22 09:45:00,28905.2,28936.5,28905.0,28929.2,2621,10,0
2026-07-22 12:00:00,2026-07-22 10:00:00,28929.2,28968.6,28926.0,28950.2,2639,10,0
2026-07-22 12:15:00,2026-07-22 10:15:00,28950.5,28965.5,28943.7,28944.7,2458,10,0
2026-07-22 12:30:00,2026-07-22 10:30:00,28944.6,28945.2,28916.0,28935.1,2725,10,0
2026-07-22 12:45:00,2026-07-22 10:45:00,28935.0,28946.8,28908.8,28946.6,2565,10,0
2026-07-22 13:00:00,2026-07-22 11:00:00,28946.5,28977.8,28939.2,28939.6,2499,10,0
2026-07-22 13:15:00,2026-07-22 11:15:00,28939.6,28986.1,28932.6,28980.5,2838,10,0
2026-07-22 13:30:00,2026-07-22 11:30:00,28980.6,28988.5,28953.7,28954.2,2787,10,0
2026-07-22 13:45:00,2026-07-22 11:45:00,28954.1,28992.0,28952.8,28973.1,2395,10,0
2026-07-22 14:00:00,2026-07-22 12:00:00,28973.6,28983.6,28941.5,28943.1,2877,10,0
2026-07-22 14:15:00,2026-07-22 12:15:00,28943.0,28954.3,28918.3,28921.3,2555,10,0
2026-07-22 14:30:00,2026-07-22 12:30:00,28921.3,28933.0,28837.1,28861.8,2885,10,0
2026-07-22 14:45:00,2026-07-22 12:45:00,28861.6,28898.0,28855.0,28873.6,2936,10,0
2026-07-22 15:00:00,2026-07-22 13:00:00,28873.7,28890.3,28845.1,28863.5,2848,10,0
2026-07-22 15:15:00,2026-07-22 13:15:00,28864.8,28866.6,28814.3,28845.7,2919,10,0
2026-07-22 15:30:00,2026-07-22 13:30:00,28845.7,28887.0,28845.5,28875.1,3122,10,0
2026-07-22 15:45:00,2026-07-22 13:45:00,28875.2,28875.6,28783.1,28836.2,3160,10,0
2026-07-22 16:00:00,2026-07-22 14:00:00,28835.7,28882.0,28835.7,28875.8,2942,10,0
2026-07-22 16:15:00,2026-07-22 14:15:00,28875.7,28917.6,28873.6,28908.8,3020,10,0
2026-07-22 16:30:00,2026-07-22 14:30:00,28908.7,29004.5,28908.7,28996.7,4171,10,0
2026-07-22 16:45:00,2026-07-22 14:45:00,28997.5,29095.8,28972.5,29095.8,4041,10,0
2026-07-22 17:00:00,2026-07-22 15:00:00,29094.7,29101.8,29037.1,29054.6,3947,10,0
2026-07-22 17:15:00,2026-07-22 15:15:00,29055.3,29091.6,29015.3,29038.3,4058,10,0
2026-07-22 17:30:00,2026-07-22 15:30:00,29038.6,29078.5,28992.0,29005.0,4028,10,0
2026-07-22 17:45:00,2026-07-22 15:45:00,29004.2,29063.6,28993.7,29059.1,3989,10,0
2026-07-22 18:00:00,2026-07-22 16:00:00,29059.7,29132.6,29059.7,29125.2,3735,10,0
2026-07-22 18:15:00,2026-07-22 16:15:00,29125.1,29161.2,29111.6,29144.1,3615,10,0
2026-07-22 18:30:00,2026-07-22 16:30:00,29143.6,29153.8,29093.8,29107.8,3563,10,0
2026-07-22 18:45:00,2026-07-22 16:45:00,29108.1,29151.5,29107.8,29148.7,3493,10,0
2026-07-22 19:00:00,2026-07-22 17:00:00,29148.7,29152.1,29131.8,29148.2,3312,10,0
2026-07-22 19:15:00,2026-07-22 17:15:00,29147.6,29153.7,29119.6,29130.3,3361,10,0
2026-07-22 19:30:00,2026-07-22 17:30:00,29130.5,29147.2,29102.8,29109.5,3363,10,0
2026-07-22 19:45:00,2026-07-22 17:45:00,29109.5,29140.5,29095.8,29129.6,3382,10,0
2026-07-22 20:00:00,2026-07-22 18:00:00,29129.6,29149.7,29122.1,29129.1,3133,10,0
2026-07-22 20:15:00,2026-07-22 18:15:00,29129.1,29137.7,29114.3,29124.6,3288,10,0
2026-07-22 20:30:00,2026-07-22 18:30:00,29124.3,29138.5,29099.8,29112.8,3220,10,0
2026-07-22 20:45:00,2026-07-22 18:45:00,29112.8,29116.7,29053.6,29063.6,3306,10,0
2026-07-22 21:00:00,2026-07-22 19:00:00,29063.0,29089.2,29045.0,29045.0,3454,10,0
2026-07-22 21:15:00,2026-07-22 19:15:00,29044.7,29072.1,29041.2,29058.3,3241,10,0
2026-07-22 21:30:00,2026-07-22 19:30:00,29058.1,29058.7,29027.0,29047.6,3216,10,0
2026-07-22 21:45:00,2026-07-22 19:45:00,29047.5,29077.6,29043.7,29064.3,3118,10,0
2026-07-22 22:00:00,2026-07-22 20:00:00,29064.3,29076.7,29034.5,29043.3,3253,10,0
2026-07-22 22:15:00,2026-07-22 20:15:00,29043.5,29078.0,29036.6,29072.2,3241,10,0
2026-07-22 22:30:00,2026-07-22 20:30:00,29072.2,29072.8,29011.8,29031.0,3478,10,0
2026-07-22 22:45:00,2026-07-22 20:45:00,29030.7,29064.0,28978.3,28978.3,3554,10,0
2026-07-22 23:00:00,2026-07-22 21:00:00,28978.0,29068.2,28939.0,29067.1,3556,10,0
2026-07-22 23:15:00,2026-07-22 21:15:00,29068.5,29078.1,29023.3,29037.0,2542,10,0
2026-07-22 23:30:00,2026-07-22 21:30:00,29036.6,29043.5,29002.7,29003.3,2212,10,0
2026-07-22 23:45:00,2026-07-22 21:45:00,29003.5,29031.5,28998.0,29001.8,1933,10,0
2026-07-23 01:00:00,2026-07-22 23:00:00,28949.5,28963.5,28883.8,28907.5,2229,10,0
2026-07-23 01:15:00,2026-07-22 23:15:00,28907.8,28928.8,28893.6,28904.9,1954,10,0
2026-07-23 01:30:00,2026-07-22 23:30:00,28904.8,28910.9,28864.3,28868.8,1990,10,0
2026-07-23 01:45:00,2026-07-22 23:45:00,28868.8,28906.9,28862.3,28894.9,1761,10,0
2026-07-23 02:00:00,2026-07-23 00:00:00,28894.9,28902.8,28850.5,28886.4,2010,10,0
2026-07-23 02:15:00,2026-07-23 00:15:00,28886.4,28888.9,28859.0,28880.8,1498,10,0
2026-07-23 02:30:00,2026-07-23 00:30:00,28880.8,28920.3,28880.6,28919.3,1776,10,0
2026-07-23 02:45:00,2026-07-23 00:45:00,28919.3,28965.8,28914.1,28965.4,2527,10,0
2026-07-23 03:00:00,2026-07-23 01:00:00,28965.5,28995.4,28955.6,28990.3,3332,10,0
2026-07-23 03:15:00,2026-07-23 01:15:00,28990.0,29078.9,28980.0,29049.6,3278,10,0
2026-07-23 03:30:00,2026-07-23 01:30:00,29049.5,29071.6,29041.6,29057.0,3148,10,0
2026-07-23 03:45:00,2026-07-23 01:45:00,29056.9,29104.5,29051.9,29079.4,2961,10,0
2026-07-23 04:00:00,2026-07-23 02:00:00,29078.3,29093.9,29060.4,29091.3,3204,10,0
2026-07-23 04:15:00,2026-07-23 02:15:00,29091.4,29095.6,29055.5,29063.0,3167,10,0
2026-07-23 04:30:00,2026-07-23 02:30:00,29064.1,29082.5,29004.1,29004.9,3589,10,0
2026-07-23 04:45:00,2026-07-23 02:45:00,29004.9,29039.0,28998.6,28999.3,3415,10,0
2026-07-23 05:00:00,2026-07-23 03:00:00,28999.3,29023.0,28970.6,28971.6,3295,10,0
2026-07-23 05:15:00,2026-07-23 03:15:00,28971.8,28977.8,28915.3,28927.0,3114,10,0
2026-07-23 05:30:00,2026-07-23 03:30:00,28926.9,28947.9,28881.5,28891.8,3116,10,0
2026-07-23 05:45:00,2026-07-23 03:45:00,28891.8,28919.3,28885.3,28914.1,2856,10,0
2026-07-23 06:00:00,2026-07-23 04:00:00,28914.0,28919.5,28853.4,28875.9,2922,10,0
2026-07-23 06:15:00,2026-07-23 04:15:00,28875.9,28906.5,28863.3,28906.5,2961,10,0
2026-07-23 06:30:00,2026-07-23 04:30:00,28906.5,28939.3,28895.0,28939.3,3230,10,0
2026-07-23 06:45:00,2026-07-23 04:45:00,28939.3,28950.8,28926.0,28934.3,2666,10,0
2026-07-23 07:00:00,2026-07-23 05:00:00,28934.9,28957.1,28890.8,28956.9,2946,10,0
2026-07-23 07:15:00,2026-07-23 05:15:00,28957.8,28985.1,28934.9,28973.5,2829,10,0
2026-07-23 07:30:00,2026-07-23 05:30:00,28973.5,28988.0,28960.8,28963.8,2812,10,0
2026-07-23 07:45:00,2026-07-23 05:45:00,28964.0,28979.8,28935.1,28947.0,2769,10,0
2026-07-23 08:00:00,2026-07-23 06:00:00,28947.0,28951.1,28923.3,28940.0,3101,10,0
2026-07-23 08:15:00,2026-07-23 06:15:00,28940.1,28992.0,28921.6,28992.0,3041,10,0
2026-07-23 08:30:00,2026-07-23 06:30:00,28992.3,29005.6,28958.5,28970.9,3080,10,0
2026-07-23 08:45:00,2026-07-23 06:45:00,28970.8,28971.8,28901.5,28909.6,2961,10,0
2026-07-23 09:00:00,2026-07-23 07:00:00,28909.5,28939.0,28900.3,28921.3,3160,10,0
2026-07-23 09:15:00,2026-07-23 07:15:00,28921.0,28933.5,28902.0,28929.9,2964,10,0
2026-07-23 09:30:00,2026-07-23 07:30:00,28929.6,28935.6,28904.3,28904.9,2666,10,0
2026-07-23 09:45:00,2026-07-23 07:45:00,28904.9,28942.1,28898.9,28906.5,2311,10,0
2026-07-23 10:00:00,2026-07-23 08:00:00,28906.5,28909.4,28777.4,28817.8,3503,10,0
2026-07-23 10:15:00,2026-07-23 08:15:00,28817.9,28861.1,28815.1,28839.0,3200,10,0
2026-07-23 10:30:00,2026-07-23 08:30:00,28838.8,28842.8,28760.8,28762.8,3231,10,0
2026-07-23 10:45:00,2026-07-23 08:45:00,28763.1,28811.1,28745.1,28810.5,3309,10,0
2026-07-23 11:00:00,2026-07-23 09:00:00,28810.0,28864.8,28781.5,28857.6,3276,10,0
2026-07-23 11:15:00,2026-07-23 09:15:00,28858.5,28883.8,28841.4,28873.6,3082,10,0
2026-07-23 11:30:00,2026-07-23 09:30:00,28872.5,28883.8,28854.0,28860.3,2854,10,0
2026-07-23 11:45:00,2026-07-23 09:45:00,28860.3,28933.6,28857.4,28925.6,2844,10,0
2026-07-23 12:00:00,2026-07-23 10:00:00,28925.6,28960.0,28902.9,28904.3,3032,10,0
2026-07-23 12:15:00,2026-07-23 10:15:00,28903.8,28924.9,28900.3,28913.6,2502,10,0
2026-07-23 12:30:00,2026-07-23 10:30:00,28913.8,28913.8,28890.3,28898.0,2638,10,0
2026-07-23 12:45:00,2026-07-23 10:45:00,28898.0,28909.3,28868.0,28877.5,2698,10,0
2026-07-23 13:00:00,2026-07-23 11:00:00,28877.5,28889.9,28861.1,28865.4,2638,10,0
2026-07-23 13:15:00,2026-07-23 11:15:00,28865.4,28885.9,28859.6,28875.6,2734,10,0
2026-07-23 13:30:00,2026-07-23 11:30:00,28875.6,28944.8,28869.3,28923.8,2827,10,0
2026-07-23 13:45:00,2026-07-23 11:45:00,28923.8,28931.3,28917.1,28924.9,2518,10,0
2026-07-23 14:00:00,2026-07-23 12:00:00,28925.1,28929.9,28856.8,28880.0,3082,10,0
2026-07-23 14:15:00,2026-07-23 12:15:00,28879.8,28894.3,28815.6,28816.9,3058,10,0
2026-07-23 14:30:00,2026-07-23 12:30:00,28816.9,28824.8,28736.5,28747.6,3440,10,0
2026-07-23 14:45:00,2026-07-23 12:45:00,28747.6,28803.3,28736.3,28787.4,3248,10,0
2026-07-23 15:00:00,2026-07-23 13:00:00,28787.4,28789.8,28738.1,28739.0,3029,10,0
2026-07-23 15:15:00,2026-07-23 13:15:00,28738.8,28760.3,28677.9,28689.0,3480,10,0
2026-07-23 15:30:00,2026-07-23 13:30:00,28689.0,28696.9,28592.5,28611.3,3617,10,0
2026-07-23 15:45:00,2026-07-23 13:45:00,28612.1,28627.6,28578.5,28609.1,3671,10,0
2026-07-23 16:00:00,2026-07-23 14:00:00,28609.5,28626.8,28539.0,28549.6,3787,10,0
2026-07-23 16:15:00,2026-07-23 14:15:00,28549.4,28553.5,28521.5,28542.0,3649,10,0
2026-07-23 16:30:00,2026-07-23 14:30:00,28541.5,28704.4,28480.1,28678.5,4225,10,0
2026-07-23 16:45:00,2026-07-23 14:45:00,28679.4,28689.9,28519.3,28531.0,4221,10,0
2026-07-23 17:00:00,2026-07-23 15:00:00,28531.0,28623.1,28501.1,28526.6,4255,10,0
2026-07-23 17:15:00,2026-07-23 15:15:00,28526.9,28600.1,28510.1,28556.5,4197,10,0
2026-07-23 17:30:00,2026-07-23 15:30:00,28556.0,28594.1,28449.1,28468.6,4184,10,0
2026-07-23 17:45:00,2026-07-23 15:45:00,28468.8,28492.5,28400.3,28419.1,4136,10,0
2026-07-23 18:00:00,2026-07-23 16:00:00,28419.6,28426.6,28305.9,28317.4,4021,10,0
2026-07-23 18:15:00,2026-07-23 16:15:00,28316.4,28391.5,28271.3,28288.5,4049,10,0
2026-07-23 18:30:00,2026-07-23 16:30:00,28289.3,28373.3,28255.6,28316.8,4006,10,0
2026-07-23 18:45:00,2026-07-23 16:45:00,28316.0,28412.4,28301.8,28411.0,3981,10,0
2026-07-23 19:00:00,2026-07-23 17:00:00,28410.6,28466.5,28396.3,28451.8,3901,10,0
2026-07-23 19:15:00,2026-07-23 17:15:00,28452.1,28537.4,28432.3,28529.1,3759,10,0
2026-07-23 19:30:00,2026-07-23 17:30:00,28529.9,28560.6,28505.8,28510.5,3819,10,0
2026-07-23 19:45:00,2026-07-23 17:45:00,28510.5,28510.5,28432.5,28464.0,3897,10,0
2026-07-23 20:00:00,2026-07-23 18:00:00,28463.9,28485.0,28411.5,28466.0,3963,10,0
2026-07-23 20:15:00,2026-07-23 18:15:00,28466.0,28498.9,28437.5,28475.3,3873,10,0
2026-07-23 20:30:00,2026-07-23 18:30:00,28475.4,28479.8,28394.3,28416.6,3920,10,0
2026-07-23 20:45:00,2026-07-23 18:45:00,28416.6,28451.9,28388.5,28391.3,3871,10,0
2026-07-23 21:00:00,2026-07-23 19:00:00,28390.0,28404.0,28365.3,28382.0,3746,10,0
2026-07-23 21:15:00,2026-07-23 19:15:00,28382.3,28407.0,28368.4,28397.9,3683,10,0
2026-07-23 21:30:00,2026-07-23 19:30:00,28397.8,28425.3,28368.3,28373.6,3593,10,0
2026-07-23 21:45:00,2026-07-23 19:45:00,28372.8,28400.8,28349.3,28373.6,3514,10,0
2026-07-23 22:00:00,2026-07-23 20:00:00,28373.9,28389.3,28324.0,28330.0,3441,10,0
2026-07-23 22:15:00,2026-07-23 20:15:00,28329.5,28416.8,28327.1,28404.8,3632,10,0
2026-07-23 22:30:00,2026-07-23 20:30:00,28404.9,28417.3,28325.1,28325.1,3683,10,0
2026-07-23 22:45:00,2026-07-23 20:45:00,28325.1,28455.6,28308.9,28430.5,3865,10,0
2026-07-23 23:00:00,2026-07-23 21:00:00,28430.4,28568.9,28430.4,28549.3,3337,10,0
2026-07-23 23:15:00,2026-07-23 21:15:00,28549.8,28599.6,28541.9,28591.9,2709,10,0
2026-07-23 23:30:00,2026-07-23 21:30:00,28591.9,28603.9,28551.0,28558.5,2399,10,0
2026-07-23 23:45:00,2026-07-23 21:45:00,28558.6,28566.3,28548.0,28564.5,1893,10,0
2026-07-24 01:00:00,2026-07-23 23:00:00,28528.7,28529.8,28458.3,28468.0,2284,10,0
2026-07-24 01:15:00,2026-07-23 23:15:00,28468.1,28501.6,28449.8,28488.7,1998,10,0
2026-07-24 01:30:00,2026-07-23 23:30:00,28488.7,28516.8,28488.5,28509.8,1586,10,0
2026-07-24 01:45:00,2026-07-23 23:45:00,28509.8,28557.3,28509.1,28555.6,1504,10,0
2026-07-24 02:00:00,2026-07-24 00:00:00,28555.6,28559.3,28515.2,28523.3,1634,10,0
2026-07-24 02:15:00,2026-07-24 00:15:00,28523.3,28533.3,28515.5,28525.3,1386,10,0
2026-07-24 02:30:00,2026-07-24 00:30:00,28525.3,28526.8,28487.1,28512.1,1792,10,0
2026-07-24 02:45:00,2026-07-24 00:45:00,28512.1,28535.2,28484.2,28505.1,3202,10,0
2026-07-24 03:00:00,2026-07-24 01:00:00,28505.0,28549.8,28445.1,28468.5,3853,10,0
2026-07-24 03:15:00,2026-07-24 01:15:00,28468.0,28508.3,28441.6,28469.7,3749,10,0
2026-07-24 03:30:00,2026-07-24 01:30:00,28470.3,28501.5,28448.0,28481.5,3630,10,0
2026-07-24 03:45:00,2026-07-24 01:45:00,28481.3,28505.1,28452.8,28496.2,3679,10,0
2026-07-24 04:00:00,2026-07-24 02:00:00,28496.5,28527.0,28482.2,28488.6,3719,10,0
2026-07-24 04:15:00,2026-07-24 02:15:00,28488.6,28518.8,28467.0,28482.2,3673,10,0
2026-07-24 04:30:00,2026-07-24 02:30:00,28481.2,28510.2,28471.0,28489.5,3792,10,0
2026-07-24 04:45:00,2026-07-24 02:45:00,28490.1,28498.5,28436.8,28439.8,3518,10,0
2026-07-24 05:00:00,2026-07-24 03:00:00,28439.3,28456.8,28419.5,28443.5,3609,10,0
2026-07-24 05:15:00,2026-07-24 03:15:00,28443.2,28449.3,28412.0,28420.0,3385,10,0
2026-07-24 05:30:00,2026-07-24 03:30:00,28420.2,28424.0,28373.5,28373.8,3290,10,0
2026-07-24 05:45:00,2026-07-24 03:45:00,28373.8,28378.3,28342.1,28345.1,3230,10,0
2026-07-24 06:00:00,2026-07-24 04:00:00,28345.0,28371.6,28343.6,28364.3,3262,10,0
2026-07-24 06:15:00,2026-07-24 04:15:00,28364.1,28385.8,28347.3,28370.3,3338,10,0
2026-07-24 06:30:00,2026-07-24 04:30:00,28370.2,28380.7,28325.7,28330.2,3518,10,0
2026-07-24 06:45:00,2026-07-24 04:45:00,28329.8,28345.0,28306.8,28311.0,3069,10,0
2026-07-24 07:00:00,2026-07-24 05:00:00,28311.1,28340.7,28292.3,28311.5,3090,10,0
2026-07-24 07:15:00,2026-07-24 05:15:00,28311.3,28381.6,28307.6,28376.7,3072,10,0
2026-07-24 07:30:00,2026-07-24 05:30:00,28376.5,28383.1,28337.5,28353.7,3096,10,0
2026-07-24 07:45:00,2026-07-24 05:45:00,28353.7,28396.7,28345.0,28390.6,3033,10,0
2026-07-24 08:00:00,2026-07-24 06:00:00,28390.6,28425.6,28373.2,28418.0,3387,10,0
2026-07-24 08:15:00,2026-07-24 06:15:00,28417.8,28426.8,28396.5,28407.8,3377,10,0
2026-07-24 08:30:00,2026-07-24 06:30:00,28407.8,28420.0,28392.0,28416.0,3356,10,0
2026-07-24 08:45:00,2026-07-24 06:45:00,28416.2,28431.8,28369.7,28371.2,3011,10,0
2026-07-24 09:00:00,2026-07-24 07:00:00,28371.0,28374.0,28329.0,28334.5,3070,10,0
2026-07-24 09:15:00,2026-07-24 07:15:00,28334.5,28400.8,28334.2,28359.6,3101,10,0
2026-07-24 09:30:00,2026-07-24 07:30:00,28360.2,28386.2,28330.8,28332.8,2851,10,0
2026-07-24 09:45:00,2026-07-24 07:45:00,28332.6,28372.5,28307.3,28369.2,2800,10,0
2026-07-24 10:00:00,2026-07-24 08:00:00,28369.2,28463.1,28365.2,28461.2,3335,10,0
2026-07-24 10:15:00,2026-07-24 08:15:00,28462.2,28488.5,28450.0,28478.5,3160,10,0
2026-07-24 10:30:00,2026-07-24 08:30:00,28478.5,28483.2,28436.1,28451.2,3013,10,0
2026-07-24 10:45:00,2026-07-24 08:45:00,28451.6,28458.3,28438.2,28441.2,2705,10,0
2026-07-24 11:00:00,2026-07-24 09:00:00,28440.8,28444.8,28382.7,28399.5,3340,10,0
2026-07-24 11:15:00,2026-07-24 09:15:00,28399.5,28447.5,28397.2,28447.1,3162,10,0
2026-07-24 11:30:00,2026-07-24 09:30:00,28448.0,28474.5,28439.7,28456.0,3040,10,0
2026-07-24 11:45:00,2026-07-24 09:45:00,28455.2,28459.3,28434.6,28446.5,2860,10,0
2026-07-24 12:00:00,2026-07-24 10:00:00,28446.6,28507.2,28437.3,28468.2,3199,10,0
2026-07-24 12:15:00,2026-07-24 10:15:00,28467.7,28502.0,28457.3,28498.5,2881,10,0
2026-07-24 12:30:00,2026-07-24 10:30:00,28498.3,28527.0,28489.5,28520.8,2610,10,0
2026-07-24 12:45:00,2026-07-24 10:45:00,28521.5,28529.5,28506.2,28525.5,2442,10,0
2026-07-24 13:00:00,2026-07-24 11:00:00,28525.2,28530.5,28484.6,28489.3,2515,10,0
2026-07-24 13:15:00,2026-07-24 11:15:00,28488.8,28504.2,28479.6,28493.2,2247,10,0
2026-07-24 13:30:00,2026-07-24 11:30:00,28493.2,28510.8,28463.2,28472.6,2577,10,0
2026-07-24 13:45:00,2026-07-24 11:45:00,28472.6,28482.1,28458.7,28465.2,2612,10,0
2026-07-24 14:00:00,2026-07-24 12:00:00,28465.0,28492.0,28457.6,28482.1,2980,10,0
2026-07-24 14:15:00,2026-07-24 12:15:00,28482.1,28488.6,28462.5,28468.2,2656,10,0
2026-07-24 14:30:00,2026-07-24 12:30:00,28467.7,28473.8,28442.0,28442.0,2947,10,0
2026-07-24 14:45:00,2026-07-24 12:45:00,28442.0,28523.7,28427.5,28505.0,2964,10,0
2026-07-24 15:00:00,2026-07-24 13:00:00,28504.7,28520.7,28451.0,28515.5,3404,10,0
2026-07-24 15:15:00,2026-07-24 13:15:00,28515.1,28520.1,28480.8,28512.1,3034,10,0
2026-07-24 15:30:00,2026-07-24 13:30:00,28512.1,28514.0,28450.2,28454.2,3143,10,0
2026-07-24 15:45:00,2026-07-24 13:45:00,28454.5,28460.5,28414.0,28417.0,2976,10,0
2026-07-24 16:00:00,2026-07-24 14:00:00,28417.5,28427.7,28397.3,28416.8,3197,10,0
2026-07-24 16:15:00,2026-07-24 14:15:00,28417.3,28440.8,28364.7,28365.6,3389,10,0
2026-07-24 16:30:00,2026-07-24 14:30:00,28365.8,28446.5,28284.6,28309.6,4241,10,0
2026-07-24 16:45:00,2026-07-24 14:45:00,28311.0,28333.7,28139.6,28149.3,4201,10,0
2026-07-24 17:00:00,2026-07-24 15:00:00,28147.5,28276.1,28134.2,28245.8,4215,10,0
2026-07-24 17:15:00,2026-07-24 15:15:00,28247.0,28257.6,28126.6,28218.0,4180,10,0
2026-07-24 17:30:00,2026-07-24 15:30:00,28217.0,28220.3,28089.5,28113.7,4195,10,0
2026-07-24 17:45:00,2026-07-24 15:45:00,28113.1,28283.2,28080.7,28276.6,4106,10,0
2026-07-24 18:00:00,2026-07-24 16:00:00,28274.6,28334.6,28181.7,28320.2,4205,10,0
2026-07-24 18:15:00,2026-07-24 16:15:00,28319.2,28381.7,28283.6,28326.3,4164,10,0
2026-07-24 18:30:00,2026-07-24 16:30:00,28325.7,28402.1,28313.0,28331.0,4054,10,0
2026-07-24 18:45:00,2026-07-24 16:45:00,28331.2,28407.6,28318.0,28401.7,3965,10,0
2026-07-24 19:00:00,2026-07-24 17:00:00,28402.0,28456.2,28375.6,28400.3,3850,10,0
2026-07-24 19:15:00,2026-07-24 17:15:00,28400.1,28417.8,28378.8,28392.5,3747,10,0
2026-07-24 19:30:00,2026-07-24 17:30:00,28391.1,28394.3,28321.0,28326.1,3868,10,0
2026-07-24 19:45:00,2026-07-24 17:45:00,28325.1,28335.7,28287.1,28320.2,3875,10,0
2026-07-24 20:00:00,2026-07-24 18:00:00,28320.2,28327.6,28253.3,28284.1,3859,10,0
2026-07-24 20:15:00,2026-07-24 18:15:00,28284.2,28347.1,28266.7,28339.8,3705,10,0
2026-07-24 20:30:00,2026-07-24 18:30:00,28340.0,28369.3,28288.7,28289.6,3674,10,0
2026-07-24 20:45:00,2026-07-24 18:45:00,28289.8,28326.6,28277.7,28291.8,3617,10,0
2026-07-24 21:00:00,2026-07-24 19:00:00,28291.8,28311.2,28246.1,28253.3,3596,10,0
2026-07-24 21:15:00,2026-07-24 19:15:00,28254.1,28255.1,28158.8,28162.8,3695,10,0
2026-07-24 21:30:00,2026-07-24 19:30:00,28162.7,28171.3,28084.7,28101.6,3885,10,0
2026-07-24 21:45:00,2026-07-24 19:45:00,28101.6,28152.6,28095.1,28127.1,3825,10,0
2026-07-24 22:00:00,2026-07-24 20:00:00,28127.1,28153.7,28045.5,28046.6,3836,10,0
2026-07-24 22:15:00,2026-07-24 20:15:00,28047.1,28091.6,28038.6,28078.2,3837,10,0
2026-07-24 22:30:00,2026-07-24 20:30:00,28079.5,28128.3,28065.1,28100.8,3913,10,0
2026-07-24 22:45:00,2026-07-24 20:45:00,28100.0,28118.5,28050.2,28111.1,3814,10,0
2026-07-24 23:00:00,2026-07-24 21:00:00,28109.1,28128.1,28085.7,28117.1,3152,10,0
2026-07-24 23:15:00,2026-07-24 21:15:00,28117.1,28154.3,28117.1,28129.8,2450,10,0
2026-07-24 23:30:00,2026-07-24 21:30:00,28129.8,28132.7,28110.7,28130.8,2090,10,0
2026-07-24 23:45:00,2026-07-24 21:45:00,28130.8,28137.0,28115.0,28135.5,1237,10,0
2026-07-27 01:00:00,2026-07-26 23:00:00,28486.1,28518.5,28416.3,28451.0,2851,10,0
2026-07-27 01:15:00,2026-07-26 23:15:00,28449.9,28482.6,28432.9,28459.3,2377,10,0
2026-07-27 01:30:00,2026-07-26 23:30:00,28459.3,28477.0,28456.3,28463.5,1932,10,0
2026-07-27 01:45:00,2026-07-26 23:45:00,28463.5,28471.1,28441.3,28446.8,1580,10,0
2026-07-27 02:00:00,2026-07-27 00:00:00,28446.5,28474.9,28435.9,28467.1,1980,10,0
2026-07-27 02:15:00,2026-07-27 00:15:00,28467.1,28473.4,28447.6,28454.5,1557,10,0
2026-07-27 02:30:00,2026-07-27 00:30:00,28454.4,28505.9,28447.5,28490.8,1698,10,0
2026-07-27 02:45:00,2026-07-27 00:45:00,28490.8,28567.5,28474.8,28564.8,3081,10,0
2026-07-27 03:00:00,2026-07-27 01:00:00,28565.0,28567.4,28453.3,28499.1,3756,10,0
2026-07-27 03:15:00,2026-07-27 01:15:00,28499.3,28499.9,28419.0,28454.5,3769,10,0
2026-07-27 03:30:00,2026-07-27 01:30:00,28453.9,28491.8,28434.6,28435.8,3574,10,0
2026-07-27 03:45:00,2026-07-27 01:45:00,28435.6,28491.8,28432.4,28434.8,3620,10,0
2026-07-27 04:00:00,2026-07-27 02:00:00,28434.5,28470.0,28403.0,28409.8,3691,10,0
2026-07-27 04:15:00,2026-07-27 02:15:00,28409.6,28417.8,28367.3,28375.5,3585,10,0
2026-07-27 04:30:00,2026-07-27 02:30:00,28375.1,28457.9,28372.3,28426.5,3856,10,0
2026-07-27 04:45:00,2026-07-27 02:45:00,28426.1,28450.9,28408.6,28450.9,3707,10,0
2026-07-27 05:00:00,2026-07-27 03:00:00,28450.6,28464.0,28423.6,28446.1,3530,10,0
2026-07-27 05:15:00,2026-07-27 03:15:00,28445.9,28488.9,28442.1,28475.6,3313,10,0
2026-07-27 05:30:00,2026-07-27 03:30:00,28475.6,28492.3,28442.9,28484.4,3264,10,0
2026-07-27 05:45:00,2026-07-27 03:45:00,28484.1,28494.1,28448.1,28450.9,2980,10,0
2026-07-27 06:00:00,2026-07-27 04:00:00,28450.9,28480.4,28441.8,28480.3,3043,10,0
2026-07-27 06:15:00,2026-07-27 04:15:00,28480.4,28487.1,28454.8,28455.5,2890,10,0
2026-07-27 06:30:00,2026-07-27 04:30:00,28456.0,28473.3,28436.3,28455.5,3278,10,0
2026-07-27 06:45:00,2026-07-27 04:45:00,28455.5,28463.5,28429.9,28450.1,3095,10,0
2026-07-27 07:00:00,2026-07-27 05:00:00,28450.1,28461.3,28434.3,28457.0,3212,10,0
2026-07-27 07:15:00,2026-07-27 05:15:00,28457.4,28483.0,28444.0,28456.8,3041,10,0
2026-07-27 07:30:00,2026-07-27 05:30:00,28456.8,28490.4,28446.3,28484.8,2864,10,0
2026-07-27 07:45:00,2026-07-27 05:45:00,28484.8,28499.6,28474.8,28481.0,2801,10,0
2026-07-27 08:00:00,2026-07-27 06:00:00,28481.0,28511.1,28474.5,28506.3,2923,10,0
2026-07-27 08:15:00,2026-07-27 06:15:00,28506.3,28520.4,28501.3,28515.9,2598,10,0
2026-07-27 08:30:00,2026-07-27 06:30:00,28516.0,28540.0,28511.1,28523.5,2730,10,0
2026-07-27 08:45:00,2026-07-27 06:45:00,28523.6,28539.9,28518.6,28530.8,2554,10,0
2026-07-27 09:00:00,2026-07-27 07:00:00,28531.5,28564.8,28531.5,28553.9,2789,10,0
2026-07-27 09:15:00,2026-07-27 07:15:00,28553.9,28558.9,28530.5,28535.4,2454,10,0
2026-07-27 09:30:00,2026-07-27 07:30:00,28535.0,28551.5,28531.1,28534.8,2369,10,0
2026-07-27 09:45:00,2026-07-27 07:45:00,28533.3,28539.1,28517.3,28532.3,2183,10,0
2026-07-27 10:00:00,2026-07-27 08:00:00,28531.5,28565.0,28525.3,28563.5,3042,10,0
2026-07-27 10:15:00,2026-07-27 08:15:00,28564.1,28568.3,28539.0,28541.8,2691,10,0
2026-07-27 10:30:00,2026-07-27 08:30:00,28541.8,28542.1,28508.9,28532.5,2522,10,0
2026-07-27 10:45:00,2026-07-27 08:45:00,28532.9,28538.1,28498.4,28498.5,2692,10,0
2026-07-27 11:00:00,2026-07-27 09:00:00,28498.3,28537.0,28497.4,28530.4,3223,10,0
2026-07-27 11:15:00,2026-07-27 09:15:00,28530.4,28560.0,28514.1,28557.1,2819,10,0
2026-07-27 11:30:00,2026-07-27 09:30:00,28556.9,28579.3,28540.0,28572.6,2774,10,0
2026-07-27 11:45:00,2026-07-27 09:45:00,28572.6,28585.4,28561.1,28573.1,2441,10,0
2026-07-27 12:00:00,2026-07-27 10:00:00,28573.1,28574.1,28557.0,28561.8,2345,10,0
2026-07-27 12:15:00,2026-07-27 10:15:00,28562.0,28574.8,28559.9,28562.5,2190,10,0
2026-07-27 12:30:00,2026-07-27 10:30:00,28562.5,28584.4,28555.1,28583.4,2161,10,0
2026-07-27 12:45:00,2026-07-27 10:45:00,28583.4,28599.4,28579.5,28582.6,2138,10,0
2026-07-27 13:00:00,2026-07-27 11:00:00,28581.4,28590.0,28563.5,28575.1,2257,10,0
2026-07-27 13:15:00,2026-07-27 11:15:00,28575.1,28584.4,28567.5,28574.8,2019,10,0
2026-07-27 13:30:00,2026-07-27 11:30:00,28574.9,28587.4,28570.1,28582.9,1801,10,0
2026-07-27 13:45:00,2026-07-27 11:45:00,28582.9,28594.4,28576.5,28578.1,1881,10,0
2026-07-27 14:00:00,2026-07-27 12:00:00,28578.0,28580.8,28545.5,28548.5,2466,10,0
2026-07-27 14:15:00,2026-07-27 12:15:00,28548.5,28556.8,28488.6,28488.6,2441,10,0
2026-07-27 14:30:00,2026-07-27 12:30:00,28487.5,28521.6,28484.1,28503.9,2884,10,0
2026-07-27 14:45:00,2026-07-27 12:45:00,28503.9,28513.3,28495.8,28509.5,2438,10,0
2026-07-27 15:00:00,2026-07-27 13:00:00,28509.5,28534.0,28470.5,28472.5,3021,10,0
2026-07-27 15:15:00,2026-07-27 13:15:00,28472.8,28489.4,28466.1,28486.3,2696,10,0
2026-07-27 15:30:00,2026-07-27 13:30:00,28486.3,28507.8,28469.5,28506.6,2826,10,0
2026-07-27 15:45:00,2026-07-27 13:45:00,28506.8,28528.3,28502.8,28527.3,2867,10,0
2026-07-27 16:00:00,2026-07-27 14:00:00,28527.4,28536.0,28484.5,28497.5,3348,10,0
2026-07-27 16:15:00,2026-07-27 14:15:00,28499.5,28511.8,28425.1,28427.3,3291,10,0
2026-07-27 16:30:00,2026-07-27 14:30:00,28426.1,28451.1,28264.5,28289.9,4231,10,0
2026-07-27 16:45:00,2026-07-27 14:45:00,28290.0,28340.3,28179.0,28184.1,4206,10,0
2026-07-27 17:00:00,2026-07-27 15:00:00,28184.1,28208.1,28068.8,28089.4,4185,10,0
2026-07-27 17:15:00,2026-07-27 15:15:00,28088.0,28134.1,27915.3,27919.5,4183,10,0
2026-07-27 17:30:00,2026-07-27 15:30:00,27920.1,27940.1,27776.9,27794.6,4231,10,0
2026-07-27 17:45:00,2026-07-27 15:45:00,27794.6,28016.5,27794.6,28005.0,4198,10,0
2026-07-27 18:00:00,2026-07-27 16:00:00,28006.8,28034.1,27959.3,27963.9,4154,10,0
2026-07-27 18:15:00,2026-07-27 16:15:00,27962.4,27986.9,27883.9,27910.3,4099,10,0
2026-07-27 18:30:00,2026-07-27 16:30:00,27909.9,27920.0,27817.3,27876.0,4097,10,0
2026-07-27 18:45:00,2026-07-27 16:45:00,27875.9,27910.0,27832.4,27898.9,4094,10,0
2026-07-27 19:00:00,2026-07-27 17:00:00,27898.9,27989.9,27895.0,27915.0,3988,10,0
2026-07-27 19:15:00,2026-07-27 17:15:00,27915.0,28039.5,27881.5,27986.8,4116,10,0
2026-07-27 19:30:00,2026-07-27 17:30:00,27986.8,28032.6,27950.3,27969.8,4006,10,0
2026-07-27 19:45:00,2026-07-27 17:45:00,27970.3,27992.3,27864.4,27885.0,3974,10,0
2026-07-27 20:00:00,2026-07-27 18:00:00,27883.3,27891.9,27831.0,27871.5,3905,10,0
2026-07-27 20:15:00,2026-07-27 18:15:00,27871.3,27879.6,27823.9,27835.0,3886,10,0
2026-07-27 20:30:00,2026-07-27 18:30:00,27837.0,27900.3,27834.0,27872.1,3846,10,0
2026-07-27 20:45:00,2026-07-27 18:45:00,27872.0,27942.5,27850.9,27941.0,3825,10,0
2026-07-27 21:00:00,2026-07-27 19:00:00,27941.4,27957.1,27922.8,27938.8,3784,10,0
2026-07-27 21:15:00,2026-07-27 19:15:00,27937.8,27941.9,27886.8,27918.1,3759,10,0
2026-07-27 21:30:00,2026-07-27 19:30:00,27918.8,27923.1,27856.5,27918.6,3744,10,0
2026-07-27 21:45:00,2026-07-27 19:45:00,27919.0,28027.6,27906.3,28024.3,3837,10,0
2026-07-27 22:00:00,2026-07-27 20:00:00,28024.8,28068.4,28002.6,28038.4,3756,10,0
2026-07-27 22:15:00,2026-07-27 20:15:00,28037.9,28080.1,28032.0,28079.8,3570,10,0
2026-07-27 22:30:00,2026-07-27 20:30:00,28079.8,28090.9,28009.1,28012.9,3721,10,0
2026-07-27 22:45:00,2026-07-27 20:45:00,28013.1,28041.6,27992.5,28029.1,3770,10,0
2026-07-27 23:00:00,2026-07-27 21:00:00,28028.6,28055.8,28006.1,28027.3,2912,10,0
2026-07-27 23:15:00,2026-07-27 21:15:00,28027.4,28031.1,28010.6,28031.0,1793,10,0
2026-07-27 23:30:00,2026-07-27 21:30:00,28031.0,28067.5,28028.6,28044.1,1847,10,0
2026-07-27 23:45:00,2026-07-27 21:45:00,28044.4,28046.4,28024.1,28035.6,1500,10,0
2026-07-28 01:00:00,2026-07-27 23:00:00,28059.4,28059.9,27995.1,27997.1,1868,10,0
2026-07-28 01:15:00,2026-07-27 23:15:00,27997.1,28006.6,27965.5,27967.8,1809,10,0
2026-07-28 01:30:00,2026-07-27 23:30:00,27967.8,27994.5,27964.1,27971.9,1506,10,0
2026-07-28 01:45:00,2026-07-27 23:45:00,27971.9,27987.1,27964.5,27971.6,1271,10,0
2026-07-28 02:00:00,2026-07-28 00:00:00,27971.9,27990.5,27945.1,27969.0,1852,10,0
2026-07-28 02:15:00,2026-07-28 00:15:00,27969.3,28001.8,27957.5,28000.5,1518,10,0
2026-07-28 02:30:00,2026-07-28 00:30:00,28000.5,28000.5,27969.3,27971.6,1465,10,0
2026-07-28 02:45:00,2026-07-28 00:45:00,27971.3,28017.4,27960.3,28002.1,3214,10,0
2026-07-28 03:00:00,2026-07-28 01:00:00,28002.6,28033.5,27934.0,27950.3,3896,10,0
2026-07-28 03:15:00,2026-07-28 01:15:00,27950.3,27971.0,27908.9,27943.1,3814,10,0
2026-07-28 03:30:00,2026-07-28 01:30:00,27943.5,27977.5,27899.6,27959.9,3868,10,0
2026-07-28 03:45:00,2026-07-28 01:45:00,27959.9,27959.9,27896.0,27910.4,3681,10,0
2026-07-28 04:00:00,2026-07-28 02:00:00,27910.3,27915.5,27808.9,27831.9,3770,10,0
2026-07-28 04:15:00,2026-07-28 02:15:00,27831.9,27916.6,27826.1,27897.9,3564,10,0
2026-07-28 04:30:00,2026-07-28 02:30:00,27898.1,27936.4,27886.0,27918.8,3646,10,0
2026-07-28 04:45:00,2026-07-28 02:45:00,27918.5,27933.5,27847.3,27860.1,3587,10,0
2026-07-28 05:00:00,2026-07-28 03:00:00,27860.1,27863.0,27823.6,27834.6,3511,10,0
2026-07-28 05:15:00,2026-07-28 03:15:00,27835.1,27869.3,27812.9,27826.6,3567,10,0
2026-07-28 05:30:00,2026-07-28 03:30:00,27826.6,27827.8,27790.9,27810.5,3411,10,0
2026-07-28 05:45:00,2026-07-28 03:45:00,27810.4,27846.0,27795.0,27831.4,3337,10,0
2026-07-28 06:00:00,2026-07-28 04:00:00,27831.6,27836.6,27772.5,27807.3,3177,10,0
2026-07-28 06:15:00,2026-07-28 04:15:00,27807.3,27885.8,27803.8,27825.6,3436,10,0
2026-07-28 06:30:00,2026-07-28 04:30:00,27825.6,27901.9,27791.1,27895.6,3729,10,0
2026-07-28 06:45:00,2026-07-28 04:45:00,27896.1,27909.6,27866.0,27887.8,3561,10,0
2026-07-28 07:00:00,2026-07-28 05:00:00,27887.8,27888.1,27817.6,27824.4,3395,10,0
2026-07-28 07:15:00,2026-07-28 05:15:00,27824.4,27855.4,27809.8,27812.4,3199,10,0
2026-07-28 07:30:00,2026-07-28 05:30:00,27812.4,27822.1,27800.0,27813.9,3215,10,0
2026-07-28 07:45:00,2026-07-28 05:45:00,27814.4,27842.3,27790.8,27795.3,3172,10,0
2026-07-28 08:00:00,2026-07-28 06:00:00,27795.3,27821.9,27782.1,27786.0,3368,10,0
2026-07-28 08:15:00,2026-07-28 06:15:00,27786.0,27795.1,27754.5,27759.3,3147,10,0
2026-07-28 08:30:00,2026-07-28 06:30:00,27758.9,27762.5,27715.8,27736.4,3341,10,0
2026-07-28 08:45:00,2026-07-28 06:45:00,27736.6,27763.1,27711.0,27719.8,3084,10,0
2026-07-28 09:00:00,2026-07-28 07:00:00,27719.8,27740.5,27678.8,27684.3,3328,10,0
2026-07-28 09:15:00,2026-07-28 07:15:00,27684.3,27745.6,27684.3,27740.4,3319,10,0
2026-07-28 09:30:00,2026-07-28 07:30:00,27741.5,27775.3,27731.8,27757.9,3209,10,0
2026-07-28 09:45:00,2026-07-28 07:45:00,27757.4,27796.9,27741.8,27785.8,2704,10,0
2026-07-28 10:00:00,2026-07-28 08:00:00,27785.6,27819.0,27773.9,27811.6,3402,10,0
2026-07-28 10:15:00,2026-07-28 08:15:00,27811.4,27827.1,27777.6,27782.6,3184,10,0
2026-07-28 10:30:00,2026-07-28 08:30:00,27782.6,27800.8,27766.6,27779.0,3044,10,0
2026-07-28 10:45:00,2026-07-28 08:45:00,27779.0,27792.9,27747.6,27772.4,3181,10,0
2026-07-28 11:00:00,2026-07-28 09:00:00,27772.4,27787.0,27719.8,27728.3,3524,10,0
2026-07-28 11:15:00,2026-07-28 09:15:00,27728.1,27846.4,27723.8,27837.9,3637,10,0
2026-07-28 11:30:00,2026-07-28 09:30:00,27841.5,27885.8,27813.9,27876.6,3260,10,0
2026-07-28 11:45:00,2026-07-28 09:45:00,27876.6,27890.5,27826.1,27833.0,2952,10,0
2026-07-28 12:00:00,2026-07-28 10:00:00,27832.8,27853.8,27821.4,27828.3,3015,10,0
2026-07-28 12:15:00,2026-07-28 10:15:00,27828.3,27855.1,27824.5,27852.0,2792,10,0
2026-07-28 12:30:00,2026-07-28 10:30:00,27852.3,27852.3,27806.5,27811.8,2720,10,0
2026-07-28 12:45:00,2026-07-28 10:45:00,27811.8,27820.5,27781.4,27795.9,2574,10,0
2026-07-28 13:00:00,2026-07-28 11:00:00,27795.9,27804.5,27786.5,27791.6,2723,10,0
2026-07-28 13:15:00,2026-07-28 11:15:00,27791.5,27808.4,27772.5,27807.0,2774,10,0
2026-07-28 13:30:00,2026-07-28 11:30:00,27807.0,27819.4,27744.5,27771.4,3125,10,0
2026-07-28 13:45:00,2026-07-28 11:45:00,27771.5,27790.1,27765.6,27783.1,2878,10,0
2026-07-28 14:00:00,2026-07-28 12:00:00,27782.1,27791.5,27703.9,27709.5,3374,10,0
2026-07-28 14:15:00,2026-07-28 12:15:00,27709.4,27796.6,27708.5,27723.4,3423,10,0
2026-07-28 14:30:00,2026-07-28 12:30:00,27722.8,27765.6,27688.6,27713.9,3383,10,0
2026-07-28 14:45:00,2026-07-28 12:45:00,27713.8,27812.5,27700.3,27802.4,3280,10,0
2026-07-28 15:00:00,2026-07-28 13:00:00,27802.3,27839.8,27789.1,27802.5,3321,10,0
2026-07-28 15:15:00,2026-07-28 13:15:00,27802.9,27856.9,27788.1,27848.9,3227,10,0
2026-07-28 15:30:00,2026-07-28 13:30:00,27849.0,27866.5,27795.6,27849.5,3487,10,0
2026-07-28 15:45:00,2026-07-28 13:45:00,27849.0,27871.6,27818.1,27832.8,3235,10,0
2026-07-28 16:00:00,2026-07-28 14:00:00,27832.5,27865.6,27813.4,27840.4,3500,10,0
2026-07-28 16:15:00,2026-07-28 14:15:00,27840.4,27867.5,27778.1,27789.0,3432,10,0
2026-07-28 16:30:00,2026-07-28 14:30:00,27791.0,27831.1,27568.5,27588.4,4249,10,0
2026-07-28 16:45:00,2026-07-28 14:45:00,27588.3,27636.9,27484.3,27502.3,4272,10,0
2026-07-28 17:00:00,2026-07-28 15:00:00,27503.1,27631.4,27448.6,27469.5,4240,10,0
2026-07-28 17:15:00,2026-07-28 15:15:00,27469.0,27555.8,27443.5,27545.6,4242,10,0
2026-07-28 17:30:00,2026-07-28 15:30:00,27545.4,27631.8,27509.5,27610.5,4181,10,0
2026-07-28 17:45:00,2026-07-28 15:45:00,27611.5,27728.0,27584.6,27640.9,4090,10,0
2026-07-28 18:00:00,2026-07-28 16:00:00,27643.6,27718.9,27607.5,27693.1,4139,10,0
2026-07-28 18:15:00,2026-07-28 16:15:00,27692.6,27848.6,27676.6,27804.5,4070,10,0
2026-07-28 18:30:00,2026-07-28 16:30:00,27804.8,27873.5,27789.1,27870.8,3944,10,0
2026-07-28 18:45:00,2026-07-28 16:45:00,27871.3,27901.1,27851.1,27887.0,3809,10,0
2026-07-28 19:00:00,2026-07-28 17:00:00,27887.1,27907.5,27836.9,27847.0,3822,10,0
2026-07-28 19:15:00,2026-07-28 17:15:00,27847.0,27884.3,27824.9,27833.4,3619,10,0
2026-07-28 19:30:00,2026-07-28 17:30:00,27834.5,27882.5,27793.8,27871.8,3757,10,0
2026-07-28 19:45:00,2026-07-28 17:45:00,27871.5,27918.0,27832.3,27896.3,3674,10,0
2026-07-28 20:00:00,2026-07-28 18:00:00,27896.1,27904.8,27808.8,27827.6,3759,10,0
2026-07-28 20:15:00,2026-07-28 18:15:00,27827.0,27883.4,27812.9,27835.8,3781,10,0
2026-07-28 20:30:00,2026-07-28 18:30:00,27835.5,27880.8,27788.5,27793.8,3585,10,0
2026-07-28 20:45:00,2026-07-28 18:45:00,27793.6,27824.3,27764.5,27811.0,3548,10,0
2026-07-28 21:00:00,2026-07-28 19:00:00,27811.8,27838.0,27754.5,27756.3,3656,10,0
2026-07-28 21:15:00,2026-07-28 19:15:00,27756.5,27786.0,27752.0,27765.0,3573,10,0
2026-07-28 21:30:00,2026-07-28 19:30:00,27765.3,27801.9,27760.1,27774.5,3598,10,0
2026-07-28 21:45:00,2026-07-28 19:45:00,27777.3,27818.0,27768.6,27812.4,3523,10,0
2026-07-28 22:00:00,2026-07-28 20:00:00,27812.0,27860.5,27812.0,27827.3,3566,10,0
2026-07-28 22:15:00,2026-07-28 20:15:00,27827.3,27859.5,27804.5,27856.3,3559,10,0
2026-07-28 22:30:00,2026-07-28 20:30:00,27856.4,27861.9,27781.0,27793.0,3621,10,0
2026-07-28 22:45:00,2026-07-28 20:45:00,27793.0,27825.4,27752.1,27759.6,3728,10,0
2026-07-28 23:00:00,2026-07-28 21:00:00,27760.0,27806.1,27724.0,27758.1,3336,10,0
2026-07-28 23:15:00,2026-07-28 21:15:00,27758.0,27830.0,27750.0,27816.5,2653,10,0
2026-07-28 23:30:00,2026-07-28 21:30:00,27816.5,27822.9,27776.1,27787.1,2342,10,0
2026-07-28 23:45:00,2026-07-28 21:45:00,27787.1,27801.8,27774.9,27795.9,1834,10,0
2026-07-29 01:00:00,2026-07-28 23:00:00,27823.5,27856.5,27805.8,27814.8,1887,10,0
2026-07-29 01:15:00,2026-07-28 23:15:00,27815.1,27821.5,27749.7,27785.6,2149,10,0
2026-07-29 01:30:00,2026-07-28 23:30:00,27784.6,27785.1,27699.3,27704.8,2209,10,0
2026-07-29 01:45:00,2026-07-28 23:45:00,27704.8,27706.0,27600.2,27600.2,2857,10,0
2026-07-29 02:00:00,2026-07-29 00:00:00,27600.2,27699.6,27579.1,27685.6,2895,10,0
2026-07-29 02:15:00,2026-07-29 00:15:00,27685.7,27733.7,27653.7,27733.0,2515,10,0
2026-07-29 02:30:00,2026-07-29 00:30:00,27733.2,27867.0,27727.7,27859.7,2353,10,0
2026-07-29 02:45:00,2026-07-29 00:45:00,27859.5,27947.0,27834.0,27944.5,3500,10,0
2026-07-29 03:00:00,2026-07-29 01:00:00,27945.1,28018.5,27920.5,27985.0,3729,10,0
2026-07-29 03:15:00,2026-07-29 01:15:00,27983.7,27998.1,27895.6,27918.7,3736,10,0
2026-07-29 03:30:00,2026-07-29 01:30:00,27918.6,27923.0,27861.7,27911.8,3612,10,0
2026-07-29 03:45:00,2026-07-29 01:45:00,27912.0,27927.1,27844.0,27853.3,3545,10,0
2026-07-29 04:00:00,2026-07-29 02:00:00,27853.3,27883.8,27755.2,27764.0,3893,10,0
2026-07-29 04:15:00,2026-07-29 02:15:00,27764.1,27841.3,27740.1,27815.6,3776,10,0
2026-07-29 04:30:00,2026-07-29 02:30:00,27815.8,27822.0,27722.1,27722.1,3811,10,0
2026-07-29 04:45:00,2026-07-29 02:45:00,27722.0,27735.0,27627.6,27630.5,3708,10,0
2026-07-29 05:00:00,2026-07-29 03:00:00,27628.6,27711.3,27613.6,27686.8,3897,10,0
2026-07-29 05:15:00,2026-07-29 03:15:00,27686.7,27738.6,27639.5,27738.1,3734,10,0
2026-07-29 05:30:00,2026-07-29 03:30:00,27738.1,27754.6,27701.7,27729.6,3581,10,0
2026-07-29 05:45:00,2026-07-29 03:45:00,27729.6,27732.3,27666.6,27683.0,3316,10,0
2026-07-29 06:00:00,2026-07-29 04:00:00,27682.7,27724.8,27631.3,27673.2,3635,10,0
2026-07-29 06:15:00,2026-07-29 04:15:00,27672.3,27683.0,27619.5,27620.1,3343,10,0
2026-07-29 06:30:00,2026-07-29 04:30:00,27620.5,27635.7,27585.5,27615.5,3321,10,0
2026-07-29 06:45:00,2026-07-29 04:45:00,27616.0,27629.0,27545.3,27560.0,3124,10,0
2026-07-29 07:00:00,2026-07-29 05:00:00,27560.0,27565.6,27520.0,27535.3,3566,10,0
2026-07-29 07:15:00,2026-07-29 05:15:00,27534.7,27555.7,27491.5,27527.2,3760,10,0
2026-07-29 07:30:00,2026-07-29 05:30:00,27526.6,27562.2,27492.5,27493.5,3760,10,0
2026-07-29 07:45:00,2026-07-29 05:45:00,27492.1,27601.8,27484.0,27599.7,3705,10,0
2026-07-29 08:00:00,2026-07-29 06:00:00,27599.7,27677.0,27579.5,27676.3,3752,10,0
2026-07-29 08:15:00,2026-07-29 06:15:00,27675.8,27676.8,27615.8,27657.0,3602,10,0
2026-07-29 08:30:00,2026-07-29 06:30:00,27658.1,27696.3,27629.1,27668.3,3474,10,0
2026-07-29 08:45:00,2026-07-29 06:45:00,27671.2,27685.1,27633.2,27635.1,3388,10,0
2026-07-29 09:00:00,2026-07-29 07:00:00,27637.6,27641.3,27580.2,27606.0,3424,10,0
2026-07-29 09:15:00,2026-07-29 07:15:00,27606.0,27654.2,27598.2,27653.2,3213,10,0
2026-07-29 09:30:00,2026-07-29 07:30:00,27652.7,27756.1,27652.7,27752.0,2988,10,0
2026-07-29 09:45:00,2026-07-29 07:45:00,27751.3,27784.5,27737.7,27772.3,2602,10,0
2026-07-29 10:00:00,2026-07-29 08:00:00,27772.3,27788.8,27741.1,27765.7,3224,10,0
2026-07-29 10:15:00,2026-07-29 08:15:00,27765.6,27794.8,27749.0,27789.5,2940,10,0
2026-07-29 10:30:00,2026-07-29 08:30:00,27789.5,27804.6,27763.6,27763.6,2582,10,0
2026-07-29 10:45:00,2026-07-29 08:45:00,27763.7,27765.8,27734.3,27750.0,2754,10,0
2026-07-29 11:00:00,2026-07-29 09:00:00,27750.0,27767.1,27700.5,27703.5,3322,10,0
2026-07-29 11:15:00,2026-07-29 09:15:00,27703.5,27727.5,27663.0,27684.2,3176,10,0
2026-07-29 11:30:00,2026-07-29 09:30:00,27684.2,27772.0,27673.2,27766.5,3075,10,0
2026-07-29 11:45:00,2026-07-29 09:45:00,27766.5,27781.5,27738.8,27746.3,2702,10,0
2026-07-29 12:00:00,2026-07-29 10:00:00,27746.2,27820.8,27743.6,27820.2,2939,10,0
2026-07-29 12:15:00,2026-07-29 10:15:00,27820.3,27828.2,27794.3,27820.2,2884,10,0
2026-07-29 12:30:00,2026-07-29 10:30:00,27820.0,27854.8,27800.5,27842.5,2890,10,0
2026-07-29 12:45:00,2026-07-29 10:45:00,27843.0,27902.6,27842.2,27861.3,2999,10,0
2026-07-29 13:00:00,2026-07-29 11:00:00,27862.2,27887.2,27847.3,27852.5,3004,10,0
2026-07-29 13:15:00,2026-07-29 11:15:00,27852.7,27866.8,27830.1,27860.0,2823,10,0
2026-07-29 13:30:00,2026-07-29 11:30:00,27859.7,27865.5,27798.1,27810.2,2917,10,0
2026-07-29 13:45:00,2026-07-29 11:45:00,27810.7,27813.1,27774.5,27791.0,2930,10,0
2026-07-29 14:00:00,2026-07-29 12:00:00,27791.7,27846.2,27778.5,27834.7,3186,10,0
2026-07-29 14:15:00,2026-07-29 12:15:00,27834.7,27865.8,27826.6,27842.3,2891,10,0
2026-07-29 14:30:00,2026-07-29 12:30:00,27843.1,27850.5,27803.8,27808.7,2826,10,0
2026-07-29 14:45:00,2026-07-29 12:45:00,27808.7,27845.6,27799.5,27845.6,2949,10,0
2026-07-29 15:00:00,2026-07-29 13:00:00,27845.7,27849.7,27777.7,27783.5,3106,10,0
2026-07-29 15:15:00,2026-07-29 13:15:00,27783.7,27790.6,27696.3,27711.8,3780,10,0
2026-07-29 15:30:00,2026-07-29 13:30:00,27711.8,27760.8,27688.1,27754.2,3249,10,0
2026-07-29 15:45:00,2026-07-29 13:45:00,27754.2,27773.3,27746.2,27751.6,3150,10,0
2026-07-29 16:00:00,2026-07-29 14:00:00,27751.1,27760.0,27713.5,27715.8,3409,10,0
2026-07-29 16:15:00,2026-07-29 14:15:00,27716.1,27781.5,27699.5,27758.7,3425,10,0
2026-07-29 16:30:00,2026-07-29 14:30:00,27757.6,27838.3,27680.6,27760.3,4271,10,0
2026-07-29 16:45:00,2026-07-29 14:45:00,27759.8,27789.5,27511.2,27576.6,4242,10,0
2026-07-29 17:00:00,2026-07-29 15:00:00,27576.3,27668.6,27479.2,27490.2,4248,10,0
2026-07-29 17:15:00,2026-07-29 15:15:00,27491.2,27538.0,27382.3,27415.8,4210,10,0
2026-07-29 17:30:00,2026-07-29 15:30:00,27415.3,27494.6,27354.6,27381.0,4182,10,0
2026-07-29 17:45:00,2026-07-29 15:45:00,27380.7,27456.0,27361.5,27442.3,4131,10,0
2026-07-29 18:00:00,2026-07-29 16:00:00,27442.8,27498.8,27409.0,27419.5,4161,10,0
2026-07-29 18:15:00,2026-07-29 16:15:00,27419.5,27465.8,27391.5,27398.2,4117,10,0
2026-07-29 18:30:00,2026-07-29 16:30:00,27397.8,27438.0,27361.7,27379.2,4020,10,0
2026-07-29 18:45:00,2026-07-29 16:45:00,27378.1,27408.3,27308.0,27359.5,3999,10,0
2026-07-29 19:00:00,2026-07-29 17:00:00,27361.6,27382.2,27263.1,27263.3,3894,10,0
2026-07-29 19:15:00,2026-07-29 17:15:00,27262.5,27399.0,27252.5,27396.0,3879,10,0
2026-07-29 19:30:00,2026-07-29 17:30:00,27395.2,27428.5,27328.7,27347.2,3885,10,0
2026-07-29 19:45:00,2026-07-29 17:45:00,27346.7,27446.1,27333.1,27446.0,3956,10,0
2026-07-29 20:00:00,2026-07-29 18:00:00,27446.2,27580.0,27440.1,27578.0,3942,10,0
2026-07-29 20:15:00,2026-07-29 18:15:00,27579.0,27592.1,27494.6,27497.7,3925,10,0
2026-07-29 20:30:00,2026-07-29 18:30:00,27494.6,27537.0,27473.0,27522.3,3938,10,0
2026-07-29 20:45:00,2026-07-29 18:45:00,27522.5,27570.2,27499.0,27560.5,3654,10,0
2026-07-29 21:00:00,2026-07-29 19:00:00,27560.8,27730.8,27560.8,27643.6,4272,10,0
2026-07-29 21:15:00,2026-07-29 19:15:00,27642.2,27685.3,27571.6,27619.6,4163,10,0
2026-07-29 21:30:00,2026-07-29 19:30:00,27618.5,27829.6,27554.1,27817.2,4269,10,0
2026-07-29 21:45:00,2026-07-29 19:45:00,27818.1,27939.5,27804.7,27901.0,4217,10,0
2026-07-29 22:00:00,2026-07-29 20:00:00,27900.3,27941.3,27683.2,27749.3,4228,10,0
2026-07-29 22:15:00,2026-07-29 20:15:00,27748.5,27779.0,27484.7,27551.7,4246,10,0
2026-07-29 22:30:00,2026-07-29 20:30:00,27553.0,27585.5,27302.0,27316.0,4270,10,0
2026-07-29 22:45:00,2026-07-29 20:45:00,27316.3,27351.5,27161.8,27181.0,4210,10,0
2026-07-29 23:00:00,2026-07-29 21:00:00,27180.2,27204.0,27051.0,27144.1,3996,10,0
2026-07-29 23:15:00,2026-07-29 21:15:00,27142.5,27181.0,27052.3,27084.2,3506,10,0
2026-07-29 23:30:00,2026-07-29 21:30:00,27085.1,27173.1,27050.2,27155.6,2913,10,0
2026-07-29 23:45:00,2026-07-29 21:45:00,27155.2,27163.8,27110.0,27122.3,2377,10,0
2026-07-30 01:00:00,2026-07-29 23:00:00,27048.5,27334.4,27048.5,27282.3,3204,10,0
2026-07-30 01:15:00,2026-07-29 23:15:00,27282.4,27329.7,27243.9,27281.0,2813,10,0
2026-07-30 01:30:00,2026-07-29 23:30:00,27281.0,27311.9,27260.3,27305.2,2342,10,0
2026-07-30 01:45:00,2026-07-29 23:45:00,27304.8,27324.8,27268.3,27296.4,2193,10,0
2026-07-30 02:00:00,2026-07-30 00:00:00,27296.9,27370.2,27293.3,27321.9,2393,10,0
2026-07-30 02:15:00,2026-07-30 00:15:00,27324.4,27386.5,27316.3,27380.0,2225,10,0
2026-07-30 02:30:00,2026-07-30 00:30:00,27380.0,27405.3,27348.2,27369.2,2439,10,0
2026-07-30 02:45:00,2026-07-30 00:45:00,27369.2,27401.4,27343.4,27366.9,3637,10,0
2026-07-30 03:00:00,2026-07-30 01:00:00,27368.5,27453.3,27320.4,27426.2,4079,10,0
2026-07-30 03:15:00,2026-07-30 01:15:00,27425.8,27448.7,27397.3,27440.0,4083,10,0
2026-07-30 03:30:00,2026-07-30 01:30:00,27439.7,27456.7,27335.8,27352.2,3930,10,0
2026-07-30 03:45:00,2026-07-30 01:45:00,27353.4,27395.5,27337.3,27392.9,3986,10,0
2026-07-30 04:00:00,2026-07-30 02:00:00,27392.9,27504.3,27381.4,27417.0,4005,10,0
2026-07-30 04:15:00,2026-07-30 02:15:00,27416.2,27493.9,27410.5,27485.5,3974,10,0
2026-07-30 04:30:00,2026-07-30 02:30:00,27485.3,27540.0,27482.0,27523.2,3692,10,0
2026-07-30 04:45:00,2026-07-30 02:45:00,27523.5,27542.8,27494.9,27497.2,3700,10,0
2026-07-30 05:00:00,2026-07-30 03:00:00,27497.4,27533.8,27476.7,27483.3,3796,10,0
2026-07-30 05:15:00,2026-07-30 03:15:00,27483.3,27497.5,27450.4,27458.4,3693,10,0
2026-07-30 05:30:00,2026-07-30 03:30:00,27458.7,27459.4,27406.9,27456.8,3572,10,0
2026-07-30 05:45:00,2026-07-30 03:45:00,27456.0,27475.9,27386.2,27387.9,3595,10,0
2026-07-30 06:00:00,2026-07-30 04:00:00,27389.4,27422.8,27332.5,27344.0,3559,10,0
2026-07-30 06:15:00,2026-07-30 04:15:00,27344.8,27370.4,27318.2,27363.3,3612,10,0
2026-07-30 06:30:00,2026-07-30 04:30:00,27362.3,27403.7,27327.8,27376.5,3807,10,0
2026-07-30 06:45:00,2026-07-30 04:45:00,27377.8,27409.3,27364.5,27377.2,3664,10,0
2026-07-30 07:00:00,2026-07-30 05:00:00,27377.3,27390.3,27328.0,27332.0,3597,10,0
2026-07-30 07:15:00,2026-07-30 05:15:00,27332.0,27387.9,27307.2,27381.3,3596,10,0
2026-07-30 07:30:00,2026-07-30 05:30:00,27381.0,27389.5,27308.0,27317.3,3639,10,0
2026-07-30 07:45:00,2026-07-30 05:45:00,27317.2,27357.3,27281.7,27293.2,3601,10,0
2026-07-30 08:00:00,2026-07-30 06:00:00,27293.7,27303.9,27267.9,27303.9,3665,10,0
2026-07-30 08:15:00,2026-07-30 06:15:00,27303.8,27345.7,27299.9,27323.8,3739,10,0
2026-07-30 08:30:00,2026-07-30 06:30:00,27324.7,27373.0,27311.7,27366.7,3820,10,0
2026-07-30 08:45:00,2026-07-30 06:45:00,27367.7,27392.3,27311.0,27334.0,3517,10,0
2026-07-30 09:00:00,2026-07-30 07:00:00,27334.3,27352.8,27306.2,27314.9,3658,10,0
2026-07-30 09:15:00,2026-07-30 07:15:00,27315.3,27344.7,27293.9,27328.7,3308,10,0
2026-07-30 09:30:00,2026-07-30 07:30:00,27328.8,27331.7,27280.8,27282.5,2930,10,0
2026-07-30 09:45:00,2026-07-30 07:45:00,27282.5,27310.3,27263.7,27281.9,2934,10,0
2026-07-30 10:00:00,2026-07-30 08:00:00,27281.7,27367.2,27262.4,27323.0,3750,10,0
2026-07-30 10:15:00,2026-07-30 08:15:00,27324.7,27329.4,27242.0,27255.9,3531,10,0
2026-07-30 10:30:00,2026-07-30 08:30:00,27255.9,27294.4,27200.2,27279.0,3426,10,0
2026-07-30 10:45:00,2026-07-30 08:45:00,27279.0,27289.7,27236.8,27240.8,3152,10,0
2026-07-30 11:00:00,2026-07-30 09:00:00,27240.9,27302.4,27184.8,27284.2,3596,10,0
2026-07-30 11:15:00,2026-07-30 09:15:00,27283.8,27368.8,27270.5,27354.8,3490,10,0
2026-07-30 11:30:00,2026-07-30 09:30:00,27354.4,27373.0,27335.0,27341.2,3282,10,0
2026-07-30 11:45:00,2026-07-30 09:45:00,27340.9,27356.8,27308.0,27331.5,2866,10,0
2026-07-30 12:00:00,2026-07-30 10:00:00,27331.5,27401.0,27317.3,27381.4,3077,10,0
2026-07-30 12:15:00,2026-07-30 10:15:00,27381.2,27421.2,27373.0,27400.2,3032,10,0
2026-07-30 12:30:00,2026-07-30 10:30:00,27400.0,27432.0,27385.2,27390.7,2841,10,0
2026-07-30 12:45:00,2026-07-30 10:45:00,27390.7,27402.0,27361.7,27362.9,2763,10,0
2026-07-30 13:00:00,2026-07-30 11:00:00,27362.9,27409.9,27335.2,27388.9,2991,10,0
2026-07-30 13:15:00,2026-07-30 11:15:00,27389.5,27473.8,27387.5,27464.0,3077,10,0
2026-07-30 13:30:00,2026-07-30 11:30:00,27464.0,27492.9,27453.5,27477.9,3150,10,0
2026-07-30 13:45:00,2026-07-30 11:45:00,27477.9,27494.0,27457.8,27465.2,2832,10,0
2026-07-30 14:00:00,2026-07-30 12:00:00,27464.8,27532.7,27460.0,27512.5,3239,10,0
2026-07-30 14:15:00,2026-07-30 12:15:00,27512.4,27568.3,27507.8,27560.9,2950,10,0
2026-07-30 14:30:00,2026-07-30 12:30:00,27561.3,27572.8,27521.2,27548.3,3181,10,0
2026-07-30 14:45:00,2026-07-30 12:45:00,27548.0,27591.3,27547.3,27571.2,3117,10,0
2026-07-30 15:00:00,2026-07-30 13:00:00,27571.2,27611.3,27542.8,27607.7,3302,10,0
2026-07-30 15:15:00,2026-07-30 13:15:00,27609.0,27612.2,27561.2,27585.4,3278,10,0
2026-07-30 15:30:00,2026-07-30 13:30:00,27585.0,27651.2,27562.0,27623.3,3802,10,0
2026-07-30 15:45:00,2026-07-30 13:45:00,27623.4,27665.9,27609.5,27652.3,3727,10,0
2026-07-30 16:00:00,2026-07-30 14:00:00,27653.8,27722.7,27639.7,27686.7,3683,10,0
2026-07-30 16:15:00,2026-07-30 14:15:00,27686.3,27728.7,27678.3,27723.8,3643,10,0
2026-07-30 16:30:00,2026-07-30 14:30:00,27722.4,27842.4,27660.4,27824.2,4269,10,0
2026-07-30 16:45:00,2026-07-30 14:45:00,27821.2,28000.5,27820.7,27997.8,4208,10,0
2026-07-30 17:00:00,2026-07-30 15:00:00,27997.7,28029.4,27914.7,27954.7,4224,10,0
2026-07-30 17:15:00,2026-07-30 15:15:00,27953.9,28085.4,27927.7,28073.0,4183,10,0
2026-07-30 17:30:00,2026-07-30 15:30:00,28072.9,28091.2,28007.4,28020.9,4105,10,0
2026-07-30 17:45:00,2026-07-30 15:45:00,28022.0,28040.9,27869.7,27916.4,4127,10,0
2026-07-30 18:00:00,2026-07-30 16:00:00,27917.4,27982.9,27859.4,27872.2,4192,10,0
2026-07-30 18:15:00,2026-07-30 16:15:00,27870.5,27945.4,27844.0,27871.3,4139,10,0
2026-07-30 18:30:00,2026-07-30 16:30:00,27856.3,27954.5,27848.0,27934.3,4165,10,0
2026-07-30 18:45:00,2026-07-30 16:45:00,27936.5,27978.9,27896.9,27925.9,4034,10,0
2026-07-30 19:00:00,2026-07-30 17:00:00,27925.4,28035.9,27906.2,28032.4,3904,10,0
2026-07-30 19:15:00,2026-07-30 17:15:00,28032.7,28038.7,27987.2,27991.5,3766,10,0
2026-07-30 19:30:00,2026-07-30 17:30:00,27992.2,27996.4,27901.9,27915.9,3858,10,0
2026-07-30 19:45:00,2026-07-30 17:45:00,27915.2,27982.2,27913.2,27973.3,3726,10,0
2026-07-30 20:00:00,2026-07-30 18:00:00,27973.2,28029.9,27972.7,28006.2,3709,10,0
2026-07-30 20:15:00,2026-07-30 18:15:00,28005.3,28053.4,28003.8,28015.7,3591,10,0
2026-07-30 20:30:00,2026-07-30 18:30:00,28015.7,28044.2,27985.9,28034.4,3680,10,0
2026-07-30 20:45:00,2026-07-30 18:45:00,28034.2,28053.4,28012.5,28024.0,3562,10,0
2026-07-30 21:00:00,2026-07-30 19:00:00,28024.7,28051.3,28014.4,28047.0,3529,10,0
2026-07-30 21:15:00,2026-07-30 19:15:00,28046.9,28050.0,28009.0,28028.7,3360,10,0
2026-07-30 21:30:00,2026-07-30 19:30:00,28029.2,28045.3,27995.4,28013.7,3419,10,0
2026-07-30 21:45:00,2026-07-30 19:45:00,28013.7,28035.8,28001.3,28027.5,3339,10,0
2026-07-30 22:00:00,2026-07-30 20:00:00,28027.5,28141.0,28027.4,28121.4,3527,10,0
2026-07-30 22:15:00,2026-07-30 20:15:00,28121.4,28143.8,28088.8,28090.5,3477,10,0
2026-07-30 22:30:00,2026-07-30 20:30:00,28090.4,28103.2,28066.2,28078.9,3609,10,0
2026-07-30 22:45:00,2026-07-30 20:45:00,28078.9,28108.7,28049.2,28068.5,3851,10,0
2026-07-30 23:00:00,2026-07-30 21:00:00,28072.4,28200.5,28052.9,28171.7,3448,10,0
2026-07-30 23:15:00,2026-07-30 21:15:00,28170.4,28214.4,28169.9,28211.5,2693,10,0
2026-07-30 23:30:00,2026-07-30 21:30:00,28211.5,28248.9,28159.5,28207.0,3164,10,0
2026-07-30 23:45:00,2026-07-30 21:45:00,28206.7,28209.7,28172.5,28184.8,2332,10,0
2026-07-31 01:00:00,2026-07-30 23:00:00,28169.5,28261.6,28158.3,28232.7,2570,10,0
2026-07-31 01:15:00,2026-07-30 23:15:00,28233.1,28254.8,28199.0,28203.1,2307,10,0
2026-07-31 01:30:00,2026-07-30 23:30:00,28202.6,28253.8,28180.7,28252.1,2222,10,0
2026-07-31 01:45:00,2026-07-30 23:45:00,28252.0,28258.1,28241.3,28242.7,1747,10,0
2026-07-31 02:00:00,2026-07-31 00:00:00,28242.7,28273.2,28226.6,28233.2,2080,10,0
2026-07-31 02:15:00,2026-07-31 00:15:00,28233.3,28240.3,28212.5,28226.8,1738,10,0
2026-07-31 02:30:00,2026-07-31 00:30:00,28227.2,28264.3,28210.7,28254.5,2121,10,0
2026-07-31 02:45:00,2026-07-31 00:45:00,28254.2,28294.1,28240.3,28271.2,2954,10,0
2026-07-31 03:00:00,2026-07-31 01:00:00,28272.3,28324.3,28246.2,28316.1,3604,10,0
2026-07-31 03:15:00,2026-07-31 01:15:00,28316.2,28336.3,28296.3,28331.0,3423,10,0
2026-07-31 03:30:00,2026-07-31 01:30:00,28330.8,28358.1,28329.5,28347.6,3320,10,0
2026-07-31 03:45:00,2026-07-31 01:45:00,28348.0,28373.1,28317.7,28370.8,3286,10,0
2026-07-31 04:00:00,2026-07-31 02:00:00,28370.8,28418.0,28370.8,28409.2,3203,10,0
2026-07-31 04:15:00,2026-07-31 02:15:00,28409.1,28420.5,28392.0,28398.8,2947,10,0
2026-07-31 04:30:00,2026-07-31 02:30:00,28398.7,28406.8,28338.1,28345.7,3536,10,0
2026-07-31 04:45:00,2026-07-31 02:45:00,28345.7,28347.7,28304.5,28325.3,3572,10,0
2026-07-31 05:00:00,2026-07-31 03:00:00,28325.3,28347.6,28282.3,28286.0,3456,10,0
2026-07-31 05:15:00,2026-07-31 03:15:00,28286.0,28287.3,28250.1,28271.3,3264,10,0
2026-07-31 05:30:00,2026-07-31 03:30:00,28271.3,28280.6,28238.6,28268.6,3240,10,0
2026-07-31 05:45:00,2026-07-31 03:45:00,28269.1,28286.2,28246.7,28281.0,3171,10,0
2026-07-31 06:00:00,2026-07-31 04:00:00,28281.0,28284.2,28246.5,28266.8,3355,10,0
2026-07-31 06:15:00,2026-07-31 04:15:00,28267.0,28324.5,28266.0,28312.8,3190,10,0
2026-07-31 06:30:00,2026-07-31 04:30:00,28312.6,28326.5,28301.2,28310.8,3529,10,0
2026-07-31 06:45:00,2026-07-31 04:45:00,28311.0,28319.1,28276.7,28307.0,3408,10,0
2026-07-31 07:00:00,2026-07-31 05:00:00,28307.0,28315.6,28271.7,28311.2,3281,10,0
2026-07-31 07:15:00,2026-07-31 05:15:00,28311.1,28360.0,28301.5,28359.7,2863,10,0
2026-07-31 07:30:00,2026-07-31 05:30:00,28359.5,28401.1,28356.3,28399.3,2673,10,0
2026-07-31 07:45:00,2026-07-31 05:45:00,28399.2,28405.1,28384.3,28398.1,2534,10,0
2026-07-31 08:00:00,2026-07-31 06:00:00,28398.2,28418.2,28387.5,28406.3,2715,10,0
2026-07-31 08:15:00,2026-07-31 06:15:00,28406.3,28428.8,28401.0,28422.2,2422,10,0
2026-07-31 08:30:00,2026-07-31 06:30:00,28422.1,28434.2,28389.8,28400.0,2927,10,0
2026-07-31 08:45:00,2026-07-31 06:45:00,28400.1,28438.7,28397.7,28434.7,2562,10,0
2026-07-31 09:00:00,2026-07-31 07:00:00,28434.7,28459.6,28425.0,28455.8,2647,10,0
2026-07-31 09:15:00,2026-07-31 07:15:00,28455.7,28459.3,28429.6,28438.0,2589,10,0
2026-07-31 09:30:00,2026-07-31 07:30:00,28438.6,28441.2,28306.3,28332.8,3348,10,0
2026-07-31 09:45:00,2026-07-31 07:45:00,28334.1,28357.8,28299.2,28334.8,3093,10,0
2026-07-31 10:00:00,2026-07-31 08:00:00,28334.8,28391.5,28304.3,28384.2,3482,10,0
2026-07-31 10:15:00,2026-07-31 08:15:00,28384.2,28421.7,28356.1,28395.3,3302,10,0
2026-07-31 10:30:00,2026-07-31 08:30:00,28395.3,28422.3,28383.7,28414.6,3164,10,0
2026-07-31 10:45:00,2026-07-31 08:45:00,28414.7,28432.2,28391.3,28422.3,2970,10,0
2026-07-31 11:00:00,2026-07-31 09:00:00,28422.3,28439.1,28373.0,28426.1,3656,10,0
2026-07-31 11:15:00,2026-07-31 09:15:00,28426.2,28456.1,28413.3,28446.7,3409,10,0
2026-07-31 11:30:00,2026-07-31 09:30:00,28447.0,28459.1,28410.5,28416.1,3156,10,0
2026-07-31 11:45:00,2026-07-31 09:45:00,28416.7,28455.5,28412.0,28451.5,3030,10,0
2026-07-31 12:00:00,2026-07-31 10:00:00,28451.3,28488.8,28447.1,28477.2,3174,10,0
2026-07-31 12:15:00,2026-07-31 10:15:00,28477.2,28479.6,28433.5,28437.5,2873,10,0
2026-07-31 12:30:00,2026-07-31 10:30:00,28437.8,28439.7,28382.5,28401.5,3020,10,0
2026-07-31 12:45:00,2026-07-31 10:45:00,28401.5,28417.7,28379.0,28380.8,2911,10,0
2026-07-31 13:00:00,2026-07-31 11:00:00,28379.7,28413.2,28368.7,28404.3,2970,10,0
2026-07-31 13:15:00,2026-07-31 11:15:00,28404.2,28427.5,28395.5,28421.3,2582,10,0
2026-07-31 13:30:00,2026-07-31 11:30:00,28421.3,28431.1,28410.6,28427.0,2690,10,0
2026-07-31 13:45:00,2026-07-31 11:45:00,28426.8,28438.2,28401.1,28413.2,2769,10,0
2026-07-31 14:00:00,2026-07-31 12:00:00,28413.3,28474.1,28412.6,28444.6,3227,10,0
2026-07-31 14:15:00,2026-07-31 12:15:00,28444.6,28448.1,28397.7,28403.0,3395,10,0
2026-07-31 14:30:00,2026-07-31 12:30:00,28403.3,28408.8,28371.2,28386.0,3292,10,0
2026-07-31 14:45:00,2026-07-31 12:45:00,28386.0,28408.7,28380.8,28402.7,3123,10,0
2026-07-31 15:00:00,2026-07-31 13:00:00,28402.2,28404.0,28326.1,28329.6,3386,10,0
2026-07-31 15:15:00,2026-07-31 13:15:00,28329.1,28354.1,28298.2,28346.3,3193,10,0
2026-07-31 15:30:00,2026-07-31 13:30:00,28346.0,28350.7,28281.2,28302.1,3505,10,0
2026-07-31 15:45:00,2026-07-31 13:45:00,28301.6,28339.0,28286.7,28317.1,3357,10,0
2026-07-31 16:00:00,2026-07-31 14:00:00,28316.8,28379.0,28305.6,28378.2,3430,10,0
2026-07-31 16:15:00,2026-07-31 14:15:00,28378.2,28431.7,28378.0,28426.7,3537,10,0
2026-07-31 16:30:00,2026-07-31 14:30:00,28425.7,28574.0,28265.2,28267.2,4231,10,0
2026-07-31 16:45:00,2026-07-31 14:45:00,28268.1,28319.6,28145.5,28209.1,4328,10,0
2026-07-31 17:00:00,2026-07-31 15:00:00,28207.0,28240.8,27950.1,27986.6,4274,10,0
2026-07-31 17:15:00,2026-07-31 15:15:00,27986.6,28107.0,27929.7,28098.8,4290,10,0
2026-07-31 17:30:00,2026-07-31 15:30:00,28098.7,28143.6,28060.3,28117.3,4216,10,0
2026-07-31 17:45:00,2026-07-31 15:45:00,28118.3,28193.2,28086.1,28156.1,4166,10,0
2026-07-31 18:00:00,2026-07-31 16:00:00,28156.8,28190.1,28063.6,28118.6,4182,10,0
2026-07-31 18:15:00,2026-07-31 16:15:00,28118.3,28186.0,27971.0,27997.5,4170,10,0
2026-07-31 18:30:00,2026-07-31 16:30:00,27997.6,28108.7,27964.8,28060.7,4106,10,0
2026-07-31 18:45:00,2026-07-31 16:45:00,28063.6,28143.0,28014.7,28123.0,4124,10,0
2026-07-31 19:00:00,2026-07-31 17:00:00,28122.0,28157.1,28094.1,28148.6,3972,10,0
2026-07-31 19:15:00,2026-07-31 17:15:00,28149.0,28210.0,28105.7,28208.0,3853,10,0
2026-07-31 19:30:00,2026-07-31 17:30:00,28208.0,28237.1,28162.7,28169.8,3867,10,0
2026-07-31 19:45:00,2026-07-31 17:45:00,28170.1,28238.3,28157.3,28215.7,3759,10,0
2026-07-31 20:00:00,2026-07-31 18:00:00,28215.7,28259.2,28209.0,28251.3,3653,10,0
2026-07-31 20:15:00,2026-07-31 18:15:00,28251.5,28325.5,28244.6,28310.0,3567,10,0
2026-07-31 20:30:00,2026-07-31 18:30:00,28310.5,28351.3,28292.5,28304.6,3701,10,0
2026-07-31 20:45:00,2026-07-31 18:45:00,28304.6,28324.1,28265.1,28277.1,3739,10,0
2026-07-31 21:00:00,2026-07-31 19:00:00,28277.7,28307.7,28244.3,28252.0,3703,10,0
2026-07-31 21:15:00,2026-07-31 19:15:00,28251.7,28294.5,28247.0,28270.0,3516,10,0
2026-07-31 21:30:00,2026-07-31 19:30:00,28270.8,28296.1,28264.3,28281.0,3436,10,0
2026-07-31 21:45:00,2026-07-31 19:45:00,28281.3,28310.1,28265.5,28282.5,3417,10,0
2026-07-31 22:00:00,2026-07-31 20:00:00,28280.6,28306.7,28254.5,28281.1,3569,10,0
2026-07-31 22:15:00,2026-07-31 20:15:00,28281.5,28346.3,28275.3,28323.7,3591,10,0
2026-07-31 22:30:00,2026-07-31 20:30:00,28324.2,28331.7,28283.2,28325.1,3655,10,0
2026-07-31 22:45:00,2026-07-31 20:45:00,28325.5,28372.3,28235.1,28243.8,3898,10,0
2026-07-31 23:00:00,2026-07-31 21:00:00,28243.8,28281.8,28190.0,28242.2,3482,10,0
2026-07-31 23:15:00,2026-07-31 21:15:00,28242.2,28242.6,28210.6,28220.5,2538,10,0
2026-07-31 23:30:00,2026-07-31 21:30:00,28220.2,28243.8,28204.6,28230.0,2045,10,0
2026-07-31 23:45:00,2026-07-31 21:45:00,28230.0,28235.1,28163.7,28191.1,1452,10,0
2026-08-03 01:00:00,2026-08-02 23:00:00,28423.0,28501.0,28418.1,28483.0,2811,10,0
2026-08-03 01:15:00,2026-08-02 23:15:00,28483.0,28491.7,28441.7,28473.0,2683,10,0
2026-08-03 01:30:00,2026-08-02 23:30:00,28473.0,28482.7,28455.1,28459.8,2004,10,0
2026-08-03 01:45:00,2026-08-02 23:45:00,28459.8,28464.3,28420.5,28429.5,1930,10,0
2026-08-03 02:00:00,2026-08-03 00:00:00,28429.5,28449.7,28405.1,28416.7,2194,10,0
2026-08-03 02:15:00,2026-08-03 00:15:00,28416.7,28454.8,28413.6,28444.6,1803,10,0
2026-08-03 02:30:00,2026-08-03 00:30:00,28444.5,28468.7,28434.3,28465.0,1766,10,0
2026-08-03 02:45:00,2026-08-03 00:45:00,28465.0,28496.1,28431.8,28473.6,3238,10,0
2026-08-03 03:00:00,2026-08-03 01:00:00,28472.7,28474.2,28417.2,28469.6,3823,10,0
2026-08-03 03:15:00,2026-08-03 01:15:00,28469.8,28489.7,28397.6,28415.6,3755,10,0
2026-08-03 03:30:00,2026-08-03 01:30:00,28415.1,28470.2,28402.3,28443.3,3674,10,0
2026-08-03 03:45:00,2026-08-03 01:45:00,28442.8,28485.7,28432.1,28481.6,3552,10,0
2026-08-03 04:00:00,2026-08-03 02:00:00,28481.6,28494.5,28444.3,28451.3,3527,10,0
2026-08-03 04:15:00,2026-08-03 02:15:00,28451.7,28474.3,28424.5,28467.7,3333,10,0
2026-08-03 04:30:00,2026-08-03 02:30:00,28468.0,28489.3,28438.8,28489.3,3287,10,0
2026-08-03 04:45:00,2026-08-03 02:45:00,28489.5,28509.3,28478.3,28504.3,2996,10,0
2026-08-03 05:00:00,2026-08-03 03:00:00,28504.2,28527.7,28491.3,28522.1,3042,10,0
2026-08-03 05:15:00,2026-08-03 03:15:00,28522.7,28540.3,28495.6,28499.1,2739,10,0
2026-08-03 05:30:00,2026-08-03 03:30:00,28499.2,28529.2,28494.5,28505.0,2778,10,0
2026-08-03 05:45:00,2026-08-03 03:45:00,28504.7,28525.8,28499.6,28520.8,2391,10,0
2026-08-03 06:00:00,2026-08-03 04:00:00,28521.0,28535.3,28517.3,28523.3,2231,10,0
2026-08-03 06:15:00,2026-08-03 04:15:00,28524.1,28535.7,28501.6,28506.5,2323,10,0
2026-08-03 06:30:00,2026-08-03 04:30:00,28506.3,28533.6,28500.7,28531.3,2721,10,0
2026-08-03 06:45:00,2026-08-03 04:45:00,28532.1,28557.7,28525.0,28530.0,2412,10,0
2026-08-03 07:00:00,2026-08-03 05:00:00,28530.1,28532.6,28512.6,28521.2,2435,10,0
2026-08-03 07:15:00,2026-08-03 05:15:00,28521.3,28548.3,28520.5,28542.3,2040,10,0
2026-08-03 07:30:00,2026-08-03 05:30:00,28542.3,28545.6,28527.2,28534.5,2091,10,0
2026-08-03 07:45:00,2026-08-03 05:45:00,28534.7,28547.7,28508.3,28511.3,2111,10,0
2026-08-03 08:00:00,2026-08-03 06:00:00,28511.2,28526.8,28493.5,28498.8,2416,10,0
2026-08-03 08:15:00,2026-08-03 06:15:00,28498.8,28508.1,28482.7,28498.6,2374,10,0
2026-08-03 08:30:00,2026-08-03 06:30:00,28497.8,28509.5,28488.3,28494.8,2750,10,0
2026-08-03 08:45:00,2026-08-03 06:45:00,28494.8,28505.3,28477.8,28500.7,2342,10,0
2026-08-03 09:00:00,2026-08-03 07:00:00,28500.7,28520.6,28491.2,28501.5,2601,10,0
2026-08-03 09:15:00,2026-08-03 07:15:00,28501.5,28511.2,28478.2,28484.7,2536,10,0
2026-08-03 09:30:00,2026-08-03 07:30:00,28485.1,28505.5,28470.7,28470.8,2320,10,0
2026-08-03 09:45:00,2026-08-03 07:45:00,28470.2,28478.0,28436.0,28452.2,2126,10,0
2026-08-03 10:00:00,2026-08-03 08:00:00,28453.5,28493.7,28423.7,28478.1,3150,10,0
2026-08-03 10:15:00,2026-08-03 08:15:00,28478.0,28490.2,28429.0,28463.5,3183,10,0
2026-08-03 10:30:00,2026-08-03 08:30:00,28463.3,28475.5,28420.3,28422.7,2787,10,0
2026-08-03 10:45:00,2026-08-03 08:45:00,28423.0,28448.8,28418.6,28447.6,2609,10,0
2026-08-03 11:00:00,2026-08-03 09:00:00,28447.1,28451.0,28379.1,28422.1,3129,10,0
2026-08-03 11:15:00,2026-08-03 09:15:00,28422.1,28424.2,28333.6,28346.5,3274,10,0
2026-08-03 11:30:00,2026-08-03 09:30:00,28347.1,28414.5,28332.5,28395.8,3040,10,0
2026-08-03 11:45:00,2026-08-03 09:45:00,28395.7,28454.8,28387.5,28453.6,2819,10,0
2026-08-03 12:00:00,2026-08-03 10:00:00,28453.6,28460.5,28403.5,28418.1,2929,10,0
2026-08-03 12:15:00,2026-08-03 10:15:00,28418.1,28441.5,28407.5,28416.3,2616,10,0
2026-08-03 12:30:00,2026-08-03 10:30:00,28416.2,28436.3,28403.8,28404.6,2793,10,0
2026-08-03 12:45:00,2026-08-03 10:45:00,28404.7,28422.2,28381.0,28418.7,2632,10,0
2026-08-03 13:00:00,2026-08-03 11:00:00,28418.1,28424.3,28385.5,28387.3,2729,10,0
2026-08-03 13:15:00,2026-08-03 11:15:00,28386.6,28399.8,28349.2,28368.8,3046,10,0
2026-08-03 13:30:00,2026-08-03 11:30:00,28368.8,28391.5,28349.7,28387.3,2684,10,0
2026-08-03 13:45:00,2026-08-03 11:45:00,28387.3,28405.5,28375.6,28401.5,2559,10,0
2026-08-03 14:00:00,2026-08-03 12:00:00,28401.7,28406.2,28327.5,28347.7,3245,10,0
2026-08-03 14:15:00,2026-08-03 12:15:00,28347.7,28372.3,28329.2,28329.3,3016,10,0
2026-08-03 14:30:00,2026-08-03 12:30:00,28329.5,28372.0,28310.5,28334.6,3166,10,0
2026-08-03 14:45:00,2026-08-03 12:45:00,28334.6,28336.6,28263.6,28280.8,3129,10,0
2026-08-03 15:00:00,2026-08-03 13:00:00,28280.1,28295.2,28243.2,28294.8,3348,10,0
2026-08-03 15:15:00,2026-08-03 13:15:00,28294.8,28321.3,28282.2,28309.0,3199,10,0
2026-08-03 15:30:00,2026-08-03 13:30:00,28309.1,28347.5,28297.3,28347.2,3168,10,0
2026-08-03 15:45:00,2026-08-03 13:45:00,28347.2,28350.7,28301.5,28319.6,3246,10,0
2026-08-03 16:00:00,2026-08-03 14:00:00,28319.0,28337.2,28300.6,28320.1,3501,10,0
2026-08-03 16:15:00,2026-08-03 14:15:00,28320.2,28351.8,28256.8,28279.8,3508,10,0
2026-08-03 16:30:00,2026-08-03 14:30:00,28279.0,28399.2,28173.7,28351.7,4303,10,0
2026-08-03 16:45:00,2026-08-03 14:45:00,28352.0,28487.0,28305.0,28484.5,4241,10,0
2026-08-03 17:00:00,2026-08-03 15:00:00,28484.6,28484.7,28391.1,28431.2,4188,10,0
2026-08-03 17:15:00,2026-08-03 15:15:00,28431.6,28543.7,28419.6,28537.5,4044,10,0
2026-08-03 17:30:00,2026-08-03 15:30:00,28537.8,28594.2,28522.0,28565.6,3932,10,0
2026-08-03 17:45:00,2026-08-03 15:45:00,28566.7,28662.7,28561.2,28661.0,3929,10,0
2026-08-03 18:00:00,2026-08-03 16:00:00,28661.5,28661.5,28607.7,28617.0,3844,10,0
2026-08-03 18:15:00,2026-08-03 16:15:00,28618.0,28658.0,28583.8,28597.2,3804,10,0
2026-08-03 18:30:00,2026-08-03 16:30:00,28597.2,28648.0,28592.2,28642.5,3800,10,0
2026-08-03 18:45:00,2026-08-03 16:45:00,28642.0,28672.2,28636.2,28652.1,3677,10,0
2026-08-03 19:00:00,2026-08-03 17:00:00,28652.6,28680.1,28650.5,28674.5,3529,10,0
2026-08-03 19:15:00,2026-08-03 17:15:00,28674.3,28706.8,28672.7,28696.7,3386,10,0
2026-08-03 19:30:00,2026-08-03 17:30:00,28696.6,28704.3,28671.8,28693.7,3398,10,0
2026-08-03 19:45:00,2026-08-03 17:45:00,28693.7,28702.7,28679.7,28681.8,3359,10,0
2026-08-03 20:00:00,2026-08-03 18:00:00,28682.1,28722.5,28674.2,28718.0,3325,10,0
2026-08-03 20:15:00,2026-08-03 18:15:00,28717.2,28749.6,28715.6,28745.6,3009,10,0
2026-08-03 20:30:00,2026-08-03 18:30:00,28745.2,28753.7,28734.6,28745.2,2938,10,0
2026-08-03 20:45:00,2026-08-03 18:45:00,28745.3,28781.3,28744.6,28777.3,2689,10,0
2026-08-03 21:00:00,2026-08-03 19:00:00,28777.5,28823.3,28777.5,28800.3,3314,10,0
2026-08-03 21:15:00,2026-08-03 19:15:00,28800.0,28818.6,28750.5,28752.1,3413,10,0
2026-08-03 21:30:00,2026-08-03 19:30:00,28752.0,28774.1,28743.1,28773.0,3443,10,0
2026-08-03 21:45:00,2026-08-03 19:45:00,28773.3,28785.5,28753.0,28767.1,3286,10,0
2026-08-03 22:00:00,2026-08-03 20:00:00,28767.1,28803.3,28755.2,28759.7,3453,10,0
2026-08-03 22:15:00,2026-08-03 20:15:00,28759.6,28785.5,28759.0,28772.8,3219,10,0
2026-08-03 22:30:00,2026-08-03 20:30:00,28773.8,28785.6,28759.6,28774.8,3451,10,0
2026-08-03 22:45:00,2026-08-03 20:45:00,28774.7,28795.3,28726.3,28753.3,3660,10,0
2026-08-03 23:00:00,2026-08-03 21:00:00,28753.3,28776.7,28738.5,28771.0,2722,10,0
2026-08-03 23:15:00,2026-08-03 21:15:00,28771.0,28801.3,28770.5,28773.5,1726,10,0
2026-08-03 23:30:00,2026-08-03 21:30:00,28773.5,28791.5,28770.1,28789.3,1469,10,0
2026-08-03 23:45:00,2026-08-03 21:45:00,28789.3,28791.2,28774.2,28783.1,1260,10,0
2026-08-04 01:00:00,2026-08-03 23:00:00,28798.8,28813.8,28785.9,28792.0,1367,10,0
2026-08-04 01:15:00,2026-08-03 23:15:00,28792.0,28811.5,28791.9,28806.5,826,10,0
2026-08-04 01:30:00,2026-08-03 23:30:00,28806.5,28825.7,28797.2,28820.9,993,10,0
2026-08-04 01:45:00,2026-08-03 23:45:00,28820.9,28820.9,28805.2,28808.9,927,10,0
2026-08-04 02:00:00,2026-08-04 00:00:00,28808.9,28811.4,28794.4,28801.3,840,10,0
2026-08-04 02:15:00,2026-08-04 00:15:00,28801.3,28821.0,28801.2,28811.9,762,10,0
2026-08-04 02:30:00,2026-08-04 00:30:00,28811.9,28823.2,28797.8,28804.5,913,10,0
2026-08-04 02:45:00,2026-08-04 00:45:00,28804.5,28835.0,28803.4,28834.9,2327,10,0
2026-08-04 03:00:00,2026-08-04 01:00:00,28834.4,28839.7,28791.4,28795.3,3467,10,0
2026-08-04 03:15:00,2026-08-04 01:15:00,28794.8,28797.2,28764.4,28769.5,3278,10,0
2026-08-04 03:30:00,2026-08-04 01:30:00,28769.7,28769.7,28728.4,28754.5,3202,10,0
2026-08-04 03:45:00,2026-08-04 01:45:00,28754.5,28771.4,28732.3,28741.4,3452,10,0
2026-08-04 04:00:00,2026-08-04 02:00:00,28742.3,28742.3,28695.3,28724.0,3584,10,0
2026-08-04 04:15:00,2026-08-04 02:15:00,28723.8,28765.9,28715.4,28765.4,3200,10,0
2026-08-04 04:30:00,2026-08-04 02:30:00,28765.7,28806.2,28762.7,28805.8,3336,10,0
2026-08-04 04:45:00,2026-08-04 02:45:00,28806.0,28911.0,28805.3,28904.9,3254,10,0
2026-08-04 05:00:00,2026-08-04 03:00:00,28904.7,28908.2,28832.0,28834.4,3544,10,0
2026-08-04 05:15:00,2026-08-04 03:15:00,28834.2,28841.2,28806.9,28812.3,3471,10,0
2026-08-04 05:30:00,2026-08-04 03:30:00,28812.7,28856.9,28812.0,28849.4,3308,10,0
2026-08-04 05:45:00,2026-08-04 03:45:00,28848.9,28855.2,28824.0,28836.5,3160,10,0
2026-08-04 06:00:00,2026-08-04 04:00:00,28836.5,28855.5,28796.4,28806.4,3209,10,0
2026-08-04 06:15:00,2026-08-04 04:15:00,28806.7,28849.4,28796.5,28840.2,3119,10,0
2026-08-04 06:30:00,2026-08-04 04:30:00,28840.2,28867.2,28822.0,28831.5,3304,10,0
2026-08-04 06:45:00,2026-08-04 04:45:00,28831.3,28869.0,28821.5,28859.3,2954,10,0
2026-08-04 07:00:00,2026-08-04 05:00:00,28858.8,28869.9,28831.9,28840.4,2943,10,0
2026-08-04 07:15:00,2026-08-04 05:15:00,28840.4,28879.8,28838.2,28870.8,2632,10,0
2026-08-04 07:30:00,2026-08-04 05:30:00,28871.0,28877.9,28859.2,28862.9,2645,10,0
2026-08-04 07:45:00,2026-08-04 05:45:00,28862.8,28886.9,28858.2,28879.3,2747,10,0
2026-08-04 08:00:00,2026-08-04 06:00:00,28879.3,28885.4,28842.4,28851.3,3192,10,0
2026-08-04 08:15:00,2026-08-04 06:15:00,28851.2,28892.9,28846.4,28889.8,3017,10,0
2026-08-04 08:30:00,2026-08-04 06:30:00,28889.7,28937.9,28888.0,28921.4,2977,10,0
2026-08-04 08:45:00,2026-08-04 06:45:00,28921.2,28937.9,28907.2,28936.5,2791,10,0
2026-08-04 09:00:00,2026-08-04 07:00:00,28936.5,28955.7,28931.4,28952.9,2682,10,0
2026-08-04 09:15:00,2026-08-04 07:15:00,28952.9,28961.9,28940.2,28946.3,2478,10,0
2026-08-04 09:30:00,2026-08-04 07:30:00,28946.0,28952.4,28906.3,28918.3,2406,10,0
2026-08-04 09:45:00,2026-08-04 07:45:00,28918.3,28937.0,28915.4,28936.3,1930,10,0
2026-08-04 10:00:00,2026-08-04 08:00:00,28936.3,28963.9,28901.7,28933.0,3395,10,0
2026-08-04 10:15:00,2026-08-04 08:15:00,28933.0,28971.9,28926.8,28962.8,2893,10,0
2026-08-04 10:30:00,2026-08-04 08:30:00,28962.7,28981.0,28938.3,28945.3,2729,10,0
2026-08-04 10:45:00,2026-08-04 08:45:00,28945.0,28973.0,28929.7,28935.2,2693,10,0
2026-08-04 11:00:00,2026-08-04 09:00:00,28934.9,28987.0,28931.0,28971.9,3387,10,0
2026-08-04 11:15:00,2026-08-04 09:15:00,28971.9,28995.3,28960.5,28974.7,3263,10,0
2026-08-04 11:30:00,2026-08-04 09:30:00,28975.0,28975.0,28924.0,28932.4,3112,10,0
2026-08-04 11:45:00,2026-08-04 09:45:00,28932.7,28941.0,28902.2,28932.7,2930,10,0
2026-08-04 12:00:00,2026-08-04 10:00:00,28932.4,28932.4,28875.8,28895.9,3123,10,0
2026-08-04 12:15:00,2026-08-04 10:15:00,28895.9,28909.0,28871.2,28908.0,2907,10,0
2026-08-04 12:30:00,2026-08-04 10:30:00,28908.7,28944.3,28906.5,28940.3,2536,10,0
2026-08-04 12:45:00,2026-08-04 10:45:00,28940.3,28949.0,28921.9,28940.9,2621,10,0
2026-08-04 13:00:00,2026-08-04 11:00:00,28941.0,28975.2,28930.4,28969.5,2784,10,0
2026-08-04 13:15:00,2026-08-04 11:15:00,28969.5,28978.8,28950.8,28959.3,2645,10,0
2026-08-04 13:30:00,2026-08-04 11:30:00,28959.3,28993.4,28937.5,28984.5,3016,10,0
2026-08-04 13:45:00,2026-08-04 11:45:00,28985.0,29008.5,28967.7,28979.7,3426,10,0
2026-08-04 14:00:00,2026-08-04 12:00:00,28979.7,29012.8,28978.7,29007.8,3276,10,0
2026-08-04 14:15:00,2026-08-04 12:15:00,29007.7,29034.5,29003.3,29033.7,3006,10,0
2026-08-04 14:30:00,2026-08-04 12:30:00,29033.9,29075.4,29014.7,29066.9,3084,10,0
2026-08-04 14:45:00,2026-08-04 12:45:00,29067.9,29108.8,29054.0,29100.8,3591,10,0
2026-08-04 15:00:00,2026-08-04 13:00:00,29100.7,29100.7,29066.0,29069.2,3296,10,0
2026-08-04 15:15:00,2026-08-04 13:15:00,29069.5,29097.0,29068.0,29085.4,3034,10,0
2026-08-04 15:30:00,2026-08-04 13:30:00,29085.4,29089.4,29063.0,29083.2,3051,10,0
2026-08-04 15:45:00,2026-08-04 13:45:00,29083.2,29085.8,29051.9,29066.5,2834,10,0
2026-08-04 16:00:00,2026-08-04 14:00:00,29066.4,29098.2,29054.8,29094.7,2983,10,0
2026-08-04 16:15:00,2026-08-04 14:15:00,29094.4,29143.0,29082.9,29100.5,3379,10,0
2026-08-04 16:30:00,2026-08-04 14:30:00,29100.2,29315.4,29074.0,29274.3,4165,10,0
2026-08-04 16:45:00,2026-08-04 14:45:00,29275.2,29366.0,29274.7,29327.0,4072,10,0
2026-08-04 17:00:00,2026-08-04 15:00:00,29329.9,29407.0,29297.2,29404.0,3992,10,0
2026-08-04 17:15:00,2026-08-04 15:15:00,29404.2,29425.9,29348.2,29423.3,4021,10,0
2026-08-04 17:30:00,2026-08-04 15:30:00,29422.7,29430.4,29381.0,29418.2,4009,10,0
2026-08-04 17:45:00,2026-08-04 15:45:00,29421.5,29423.7,29388.0,29412.9,3858,10,0
2026-08-04 18:00:00,2026-08-04 16:00:00,29412.9,29488.0,29408.0,29483.0,3702,10,0
2026-08-04 18:15:00,2026-08-04 16:15:00,29483.5,29526.0,29477.0,29502.4,3501,10,0
2026-08-04 18:30:00,2026-08-04 16:30:00,29502.4,29544.8,29485.8,29540.0,3655,10,0
2026-08-04 18:45:00,2026-08-04 16:45:00,29540.2,29560.0,29531.0,29534.8,3511,10,0
2026-08-04 19:00:00,2026-08-04 17:00:00,29534.8,29562.8,29525.4,29538.2,3493,10,0
2026-08-04 19:15:00,2026-08-04 17:15:00,29538.4,29583.0,29537.7,29569.0,3261,10,0
2026-08-04 19:30:00,2026-08-04 17:30:00,29569.4,29594.8,29559.4,29589.8,3115,10,0
2026-08-04 19:45:00,2026-08-04 17:45:00,29589.7,29607.8,29589.7,29606.5,3078,10,0
2026-08-04 20:00:00,2026-08-04 18:00:00,29606.5,29662.9,29602.8,29660.2,3318,10,0
2026-08-04 20:15:00,2026-08-04 18:15:00,29660.3,29688.5,29644.3,29682.2,3304,10,0
2026-08-04 20:30:00,2026-08-04 18:30:00,29682.3,29728.3,29666.9,29727.8,3233,10,0
2026-08-04 20:45:00,2026-08-04 18:45:00,29728.9,29761.0,29697.4,29700.0,3665,10,0
2026-08-04 21:00:00,2026-08-04 19:00:00,29698.7,29723.2,29673.4,29722.8,3829,10,0
2026-08-04 21:15:00,2026-08-04 19:15:00,29722.9,29747.0,29719.3,29742.5,3442,10,0
2026-08-04 21:30:00,2026-08-04 19:30:00,29743.3,29756.3,29704.4,29717.4,3433,10,0
2026-08-04 21:45:00,2026-08-04 19:45:00,29717.4,29758.3,29717.4,29744.9,3482,10,0
2026-08-04 22:00:00,2026-08-04 20:00:00,29744.9,29797.3,29743.4,29790.0,3484,10,0
2026-08-04 22:15:00,2026-08-04 20:15:00,29790.3,29808.5,29752.4,29763.0,3443,10,0
2026-08-04 22:30:00,2026-08-04 20:30:00,29764.0,29814.3,29752.8,29812.5,3546,10,0
2026-08-04 22:45:00,2026-08-04 20:45:00,29813.0,29819.8,29715.0,29723.9,3797,10,0
2026-08-04 23:00:00,2026-08-04 21:00:00,29723.3,29812.2,29715.8,29778.5,3279,10,0
2026-08-04 23:15:00,2026-08-04 21:15:00,29778.5,29778.5,29626.0,29655.5,3776,10,0
2026-08-04 23:30:00,2026-08-04 21:30:00,29655.5,29680.4,29629.0,29661.2,3404,10,0
2026-08-04 23:45:00,2026-08-04 21:45:00,29661.7,29686.9,29649.2,29683.0,2685,10,0
2026-08-05 01:00:00,2026-08-04 23:00:00,29667.4,29704.0,29645.1,29702.7,1787,10,0
2026-08-05 01:15:00,2026-08-04 23:15:00,29702.6,29711.0,29678.2,29700.2,1847,10,0
2026-08-05 01:30:00,2026-08-04 23:30:00,29700.4,29708.2,29662.4,29667.5,1868,10,0
2026-08-05 01:45:00,2026-08-04 23:45:00,29667.5,29694.5,29662.0,29693.7,1680,10,0
2026-08-05 02:00:00,2026-08-05 00:00:00,29693.7,29711.6,29677.4,29705.6,1735,10,0
2026-08-05 02:15:00,2026-08-05 00:15:00,29705.6,29712.5,29685.2,29691.9,1402,10,0
2026-08-05 02:30:00,2026-08-05 00:30:00,29692.1,29710.5,29670.7,29709.2,1722,10,0
2026-08-05 02:45:00,2026-08-05 00:45:00,29709.9,29723.9,29695.0,29702.5,2688,10,0
2026-08-05 03:00:00,2026-08-05 01:00:00,29702.6,29729.6,29686.7,29724.6,3455,10,0
2026-08-05 03:15:00,2026-08-05 01:15:00,29724.5,29731.1,29701.6,29729.5,2965,10,0
2026-08-05 03:30:00,2026-08-05 01:30:00,29729.5,29743.9,29705.5,29706.0,2799,10,0
2026-08-05 03:45:00,2026-08-05 01:45:00,29705.7,29728.9,29680.6,29715.6,3212,10,0
2026-08-05 04:00:00,2026-08-05 02:00:00,29715.9,29728.4,29684.5,29707.7,3230,10,0
2026-08-05 04:15:00,2026-08-05 02:15:00,29707.9,29709.6,29664.7,29686.6,3252,10,0
2026-08-05 04:30:00,2026-08-05 02:30:00,29686.6,29711.7,29678.9,29701.0,3153,10,0
2026-08-05 04:45:00,2026-08-05 02:45:00,29700.6,29747.9,29700.6,29736.7,2708,10,0
2026-08-05 05:00:00,2026-08-05 03:00:00,29736.7,29755.2,29732.1,29737.6,2751,10,0
2026-08-05 05:15:00,2026-08-05 03:15:00,29738.5,29743.2,29717.6,29721.1,2631,10,0
2026-08-05 05:30:00,2026-08-05 03:30:00,29721.2,29729.2,29709.5,29726.1,2735,10,0
2026-08-05 05:45:00,2026-08-05 03:45:00,29726.1,29741.7,29722.4,29727.7,2449,10,0
2026-08-05 06:00:00,2026-08-05 04:00:00,29727.5,29756.9,29723.7,29751.2,2358,10,0
2026-08-05 06:15:00,2026-08-05 04:15:00,29751.2,29759.1,29731.0,29731.0,2178,10,0
2026-08-05 06:30:00,2026-08-05 04:30:00,29731.1,29758.4,29726.0,29752.7,2416,10,0
2026-08-05 06:45:00,2026-08-05 04:45:00,29752.5,29760.9,29735.2,29756.9,1954,10,0
2026-08-05 07:00:00,2026-08-05 05:00:00,29756.7,29765.2,29750.6,29751.2,2014,10,0
2026-08-05 07:15:00,2026-08-05 05:15:00,29751.1,29751.5,29727.0,29738.4,2097,10,0
2026-08-05 07:30:00,2026-08-05 05:30:00,29738.2,29776.4,29736.2,29772.1,1979,10,0
2026-08-05 07:45:00,2026-08-05 05:45:00,29772.1,29783.9,29750.6,29770.1,1917,10,0
2026-08-05 08:00:00,2026-08-05 06:00:00,29770.1,29805.6,29762.1,29804.1,2324,10,0
2026-08-05 08:15:00,2026-08-05 06:15:00,29804.2,29815.9,29801.6,29804.6,1986,10,0
2026-08-05 08:30:00,2026-08-05 06:30:00,29804.2,29811.6,29787.6,29808.9,2422,10,0
2026-08-05 08:45:00,2026-08-05 06:45:00,29808.9,29852.1,29808.2,29847.9,1868,10,0
2026-08-05 09:00:00,2026-08-05 07:00:00,29847.9,29857.1,29829.1,29849.1,2223,10,0
2026-08-05 09:15:00,2026-08-05 07:15:00,29849.2,29850.4,29793.0,29796.1,2578,10,0
2026-08-05 09:30:00,2026-08-05 07:30:00,29797.0,29831.5,29792.6,29807.1,2307,10,0
2026-08-05 09:45:00,2026-08-05 07:45:00,29807.0,29837.9,29803.5,29836.5,1999,10,0
2026-08-05 10:00:00,2026-08-05 08:00:00,29836.6,29854.0,29804.1,29816.7,3121,10,0
2026-08-05 10:15:00,2026-08-05 08:15:00,29818.1,29820.4,29769.9,29774.1,2827,10,0
2026-08-05 10:30:00,2026-08-05 08:30:00,29774.1,29786.7,29752.6,29754.1,2755,10,0
2026-08-05 10:45:00,2026-08-05 08:45:00,29754.0,29779.9,29752.5,29770.6,2334,10,0
2026-08-05 11:00:00,2026-08-05 09:00:00,29770.6,29792.6,29721.9,29731.2,3150,10,0
2026-08-05 11:15:00,2026-08-05 09:15:00,29731.4,29740.7,29687.6,29701.6,3116,10,0
2026-08-05 11:30:00,2026-08-05 09:30:00,29702.2,29711.0,29666.1,29679.0,3187,10,0
2026-08-05 11:45:00,2026-08-05 09:45:00,29679.1,29710.6,29666.0,29704.2,2907,10,0
2026-08-05 12:00:00,2026-08-05 10:00:00,29704.2,29720.6,29689.7,29700.5,2840,10,0
2026-08-05 12:15:00,2026-08-05 10:15:00,29700.5,29730.5,29682.0,29729.5,2647,10,0
2026-08-05 12:30:00,2026-08-05 10:30:00,29729.4,29755.9,29727.4,29749.9,2449,10,0
2026-08-05 12:45:00,2026-08-05 10:45:00,29750.1,29761.0,29720.2,29725.2,2366,10,0
2026-08-05 13:00:00,2026-08-05 11:00:00,29725.4,29738.6,29701.2,29707.4,2436,10,0
2026-08-05 13:15:00,2026-08-05 11:15:00,29707.2,29732.5,29703.5,29725.4,2218,10,0
2026-08-05 13:30:00,2026-08-05 11:30:00,29725.4,29738.5,29717.7,29724.2,2415,10,0
2026-08-05 13:45:00,2026-08-05 11:45:00,29724.2,29737.1,29702.6,29730.4,2781,10,0
2026-08-05 14:00:00,2026-08-05 12:00:00,29731.0,29788.1,29731.0,29771.1,3066,10,0
2026-08-05 14:15:00,2026-08-05 12:15:00,29771.1,29790.1,29764.9,29768.1,2667,10,0
2026-08-05 14:30:00,2026-08-05 12:30:00,29768.0,29798.4,29758.1,29785.7,2745,10,0
2026-08-05 14:45:00,2026-08-05 12:45:00,29784.4,29810.2,29771.1,29786.7,2903,10,0
2026-08-05 15:00:00,2026-08-05 13:00:00,29786.7,29792.7,29760.0,29786.4,3116,10,0
2026-08-05 15:15:00,2026-08-05 13:15:00,29786.4,29806.5,29768.5,29802.1,2972,10,0
2026-08-05 15:30:00,2026-08-05 13:30:00,29802.0,29813.2,29760.2,29809.2,3159,10,0
2026-08-05 15:45:00,2026-08-05 13:45:00,29809.7,29813.2,29776.0,29782.4,2943,10,0
2026-08-05 16:00:00,2026-08-05 14:00:00,29782.4,29816.5,29782.4,29796.6,3083,10,0
2026-08-05 16:15:00,2026-08-05 14:15:00,29796.4,29845.4,29763.5,29842.5,3215,10,0
2026-08-05 16:30:00,2026-08-05 14:30:00,29841.7,29922.7,29778.5,29919.0,4259,10,0
2026-08-05 16:45:00,2026-08-05 14:45:00,29916.2,29939.5,29838.1,29916.9,4234,10,0
2026-08-05 17:00:00,2026-08-05 15:00:00,29916.5,29916.9,29787.4,29865.4,4264,10,0
2026-08-05 17:15:00,2026-08-05 15:15:00,29864.7,29892.5,29769.6,29782.6,4218,10,0
2026-08-05 17:30:00,2026-08-05 15:30:00,29782.4,29784.2,29692.6,29729.1,4167,10,0
2026-08-05 17:45:00,2026-08-05 15:45:00,29728.9,29771.9,29656.4,29715.0,4072,10,0
2026-08-05 18:00:00,2026-08-05 16:00:00,29715.5,29757.6,29693.6,29704.5,3989,10,0
2026-08-05 18:15:00,2026-08-05 16:15:00,29706.5,29716.4,29631.4,29676.0,3988,10,0
2026-08-05 18:30:00,2026-08-05 16:30:00,29676.0,29727.2,29674.0,29686.6,3936,10,0
2026-08-05 18:45:00,2026-08-05 16:45:00,29686.7,29686.7,29581.1,29605.9,3857,10,0
2026-08-05 19:00:00,2026-08-05 17:00:00,29605.6,29632.6,29569.4,29599.6,4026,10,0
2026-08-05 19:15:00,2026-08-05 17:15:00,29599.4,29698.0,29586.9,29696.6,3906,10,0
2026-08-05 19:30:00,2026-08-05 17:30:00,29696.7,29706.6,29637.6,29656.4,3783,10,0
2026-08-05 19:45:00,2026-08-05 17:45:00,29656.1,29692.4,29645.4,29675.6,3739,10,0
2026-08-05 20:00:00,2026-08-05 18:00:00,29676.5,29686.5,29611.6,29634.1,3743,10,0
2026-08-05 20:15:00,2026-08-05 18:15:00,29634.6,29649.0,29607.9,29621.7,3677,10,0
2026-08-05 20:30:00,2026-08-05 18:30:00,29621.9,29645.6,29606.6,29624.4,3577,10,0
2026-08-05 20:45:00,2026-08-05 18:45:00,29624.4,29641.5,29602.5,29624.4,3460,10,0
2026-08-05 21:00:00,2026-08-05 19:00:00,29623.9,29652.9,29620.4,29629.1,3509,10,0
2026-08-05 21:15:00,2026-08-05 19:15:00,29629.6,29649.0,29623.5,29643.5,3396,10,0
2026-08-05 21:30:00,2026-08-05 19:30:00,29643.5,29643.5,29594.9,29609.4,3572,10,0
2026-08-05 21:45:00,2026-08-05 19:45:00,29609.4,29632.4,29591.4,29593.6,3379,10,0
2026-08-05 22:00:00,2026-08-05 20:00:00,29593.6,29645.0,29585.9,29641.2,3510,10,0
2026-08-05 22:15:00,2026-08-05 20:15:00,29641.1,29646.4,29621.4,29623.9,3373,10,0
2026-08-05 22:30:00,2026-08-05 20:30:00,29623.6,29630.4,29573.5,29579.2,3560,10,0
2026-08-05 22:45:00,2026-08-05 20:45:00,29578.5,29597.1,29461.2,29473.6,3782,10,0
2026-08-05 23:00:00,2026-08-05 21:00:00,29473.9,29485.2,29399.7,29471.9,3768,10,0
2026-08-05 23:15:00,2026-08-05 21:15:00,29472.0,29485.1,29428.5,29437.7,2813,10,0
2026-08-05 23:30:00,2026-08-05 21:30:00,29437.9,29469.6,29434.1,29465.9,2284,10,0
2026-08-05 23:45:00,2026-08-05 21:45:00,29466.1,29473.5,29443.6,29472.1,1879,10,0
2026-08-06 01:00:00,2026-08-05 23:00:00,29446.9,29467.1,29438.2,29442.7,1662,10,0
2026-08-06 01:15:00,2026-08-05 23:15:00,29442.7,29508.1,29442.1,29498.3,1961,10,0
2026-08-06 01:30:00,2026-08-05 23:30:00,29498.2,29540.6,29494.3,29525.3,1630,10,0
2026-08-06 01:45:00,2026-08-05 23:45:00,29525.3,29549.1,29490.7,29493.1,1784,10,0
2026-08-06 02:00:00,2026-08-06 00:00:00,29493.1,29506.2,29483.8,29501.2,1370,10,0
2026-08-06 02:15:00,2026-08-06 00:15:00,29501.2,29520.1,29488.8,29499.4,1404,10,0
2026-08-06 02:30:00,2026-08-06 00:30:00,29499.6,29506.8,29448.9,29458.6,2086,10,0
2026-08-06 02:45:00,2026-08-06 00:45:00,29458.7,29459.8,29437.8,29454.4,2776,10,0
2026-08-06 03:00:00,2026-08-06 01:00:00,29454.6,29472.1,29418.4,29452.9,3651,10,0
2026-08-06 03:15:00,2026-08-06 01:15:00,29451.8,29478.9,29425.3,29431.7,3502,10,0
2026-08-06 03:30:00,2026-08-06 01:30:00,29431.6,29458.3,29419.7,29430.2,3513,10,0
2026-08-06 03:45:00,2026-08-06 01:45:00,29430.6,29449.3,29406.7,29409.7,3312,10,0
2026-08-06 04:00:00,2026-08-06 02:00:00,29410.1,29411.7,29373.2,29393.2,3493,10,0
2026-08-06 04:15:00,2026-08-06 02:15:00,29393.2,29393.7,29325.6,29345.1,3343,10,0
2026-08-06 04:30:00,2026-08-06 02:30:00,29344.8,29378.9,29340.9,29346.3,3591,10,0
2026-08-06 04:45:00,2026-08-06 02:45:00,29346.3,29389.2,29344.3,29369.7,3437,10,0
2026-08-06 05:00:00,2026-08-06 03:00:00,29369.1,29427.8,29361.6,29412.9,3396,10,0
2026-08-06 05:15:00,2026-08-06 03:15:00,29412.3,29449.1,29407.2,29419.4,3149,10,0
2026-08-06 05:30:00,2026-08-06 03:30:00,29419.6,29488.9,29401.8,29487.6,2980,10,0
2026-08-06 05:45:00,2026-08-06 03:45:00,29487.7,29491.6,29456.8,29464.4,2992,10,0
2026-08-06 06:00:00,2026-08-06 04:00:00,29464.4,29479.7,29446.7,29449.6,2744,10,0
2026-08-06 06:15:00,2026-08-06 04:15:00,29449.8,29456.4,29406.2,29413.1,2794,10,0
2026-08-06 06:30:00,2026-08-06 04:30:00,29413.1,29434.2,29396.8,29424.1,3286,10,0
2026-08-06 06:45:00,2026-08-06 04:45:00,29424.6,29454.4,29412.8,29452.1,2984,10,0
2026-08-06 07:00:00,2026-08-06 05:00:00,29451.6,29454.9,29406.2,29427.8,2857,10,0
2026-08-06 07:15:00,2026-08-06 05:15:00,29427.6,29467.9,29427.6,29456.6,2640,10,0
2026-08-06 07:30:00,2026-08-06 05:30:00,29456.8,29471.2,29416.7,29427.1,2806,10,0
2026-08-06 07:45:00,2026-08-06 05:45:00,29426.8,29447.7,29415.9,29445.9,2842,10,0
2026-08-06 08:00:00,2026-08-06 06:00:00,29445.9,29467.1,29428.8,29452.4,3186,10,0
2026-08-06 08:15:00,2026-08-06 06:15:00,29452.3,29464.3,29436.2,29450.3,3111,10,0
2026-08-06 08:30:00,2026-08-06 06:30:00,29450.6,29454.4,29420.8,29453.4,3039,10,0
2026-08-06 08:45:00,2026-08-06 06:45:00,29453.8,29455.1,29416.2,29450.4,2769,10,0
2026-08-06 09:00:00,2026-08-06 07:00:00,29450.1,29451.8,29371.4,29377.8,2977,10,0
2026-08-06 09:15:00,2026-08-06 07:15:00,29377.9,29419.6,29356.6,29419.3,2916,10,0
2026-08-06 09:30:00,2026-08-06 07:30:00,29418.8,29419.4,29366.8,29376.3,2647,10,0
2026-08-06 09:45:00,2026-08-06 07:45:00,29376.3,29397.9,29357.6,29392.4,2484,10,0
2026-08-06 10:00:00,2026-08-06 08:00:00,29392.4,29433.7,29377.9,29422.6,3212,10,0
2026-08-06 10:15:00,2026-08-06 08:15:00,29422.7,29433.3,29397.1,29408.2,2782,10,0
2026-08-06 10:30:00,2026-08-06 08:30:00,29408.3,29412.8,29372.8,29389.2,2691,10,0
2026-08-06 10:45:00,2026-08-06 08:45:00,29388.6,29409.1,29372.2,29377.6,2700,10,0
2026-08-06 11:00:00,2026-08-06 09:00:00,29377.6,29396.3,29315.4,29331.1,3353,10,0
2026-08-06 11:15:00,2026-08-06 09:15:00,29331.1,29383.9,29318.2,29379.4,3229,10,0
2026-08-06 11:30:00,2026-08-06 09:30:00,29378.8,29401.9,29371.9,29373.9,2825,10,0
2026-08-06 11:45:00,2026-08-06 09:45:00,29374.2,29394.8,29361.7,29388.8,2734,10,0
2026-08-06 12:00:00,2026-08-06 10:00:00,29388.6,29389.1,29309.3,29319.8,2876,10,0
2026-08-06 12:15:00,2026-08-06 10:15:00,29319.7,29363.9,29317.6,29353.8,2650,10,0
2026-08-06 12:30:00,2026-08-06 10:30:00,29353.8,29369.9,29346.6,29359.6,2464,10,0
2026-08-06 12:45:00,2026-08-06 10:45:00,29359.6,29401.3,29359.6,29397.7,2486,10,0
2026-08-06 13:00:00,2026-08-06 11:00:00,29397.3,29404.8,29366.9,29374.9,2418,10,0
2026-08-06 13:15:00,2026-08-06 11:15:00,29374.8,29396.8,29365.2,29388.2,2432,10,0
2026-08-06 13:30:00,2026-08-06 11:30:00,29388.3,29390.3,29345.8,29351.1,2397,10,0
2026-08-06 13:45:00,2026-08-06 11:45:00,29350.9,29363.9,29338.7,29355.9,2441,10,0
2026-08-06 14:00:00,2026-08-06 12:00:00,29355.9,29357.3,29236.4,29290.3,3615,10,0
2026-08-06 14:15:00,2026-08-06 12:15:00,29290.3,29344.9,29288.4,29339.9,3107,10,0
2026-08-06 14:30:00,2026-08-06 12:30:00,29339.8,29385.6,29339.6,29364.7,3154,10,0
2026-08-06 14:45:00,2026-08-06 12:45:00,29364.7,29381.8,29310.7,29337.7,3297,10,0
2026-08-06 15:00:00,2026-08-06 13:00:00,29337.7,29346.7,29280.8,29282.8,3296,10,0
2026-08-06 15:15:00,2026-08-06 13:15:00,29283.4,29321.8,29258.9,29302.1,3057,10,0
2026-08-06 15:30:00,2026-08-06 13:30:00,29302.1,29332.9,29286.4,29302.9,3284,10,0
2026-08-06 15:45:00,2026-08-06 13:45:00,29302.7,29309.9,29260.9,29271.3,3217,10,0
2026-08-06 16:00:00,2026-08-06 14:00:00,29270.2,29274.6,29222.1,29222.1,3489,10,0
2026-08-06 16:15:00,2026-08-06 14:15:00,29222.1,29237.6,29198.9,29203.9,3580,10,0
2026-08-06 16:30:00,2026-08-06 14:30:00,29205.2,29343.9,29113.2,29329.4,4250,10,0
2026-08-06 16:45:00,2026-08-06 14:45:00,29329.2,29421.2,29320.3,29397.4,4174,10,0
2026-08-06 17:00:00,2026-08-06 15:00:00,29398.4,29489.8,29359.4,29479.1,4125,10,0
2026-08-06 17:15:00,2026-08-06 15:15:00,29479.3,29537.3,29438.2,29456.6,4087,10,0
2026-08-06 17:30:00,2026-08-06 15:30:00,29458.8,29521.4,29419.8,29454.6,4169,10,0
2026-08-06 17:45:00,2026-08-06 15:45:00,29453.9,29529.4,29405.3,29527.9,4108,10,0
2026-08-06 18:00:00,2026-08-06 16:00:00,29527.9,29556.9,29471.6,29518.1,4010,10,0
2026-08-06 18:15:00,2026-08-06 16:15:00,29516.9,29533.8,29435.6,29480.1,4079,10,0
2026-08-06 18:30:00,2026-08-06 16:30:00,29479.1,29497.6,29404.3,29406.3,3929,10,0
2026-08-06 18:45:00,2026-08-06 16:45:00,29405.6,29494.8,29377.1,29386.1,4018,10,0
2026-08-06 19:00:00,2026-08-06 17:00:00,29386.9,29412.4,29349.8,29358.8,3987,10,0
2026-08-06 19:15:00,2026-08-06 17:15:00,29359.8,29375.3,29320.8,29342.6,3958,10,0
2026-08-06 19:30:00,2026-08-06 17:30:00,29342.6,29398.2,29333.8,29349.3,3795,10,0
2026-08-06 19:45:00,2026-08-06 17:45:00,29349.3,29428.8,29339.1,29428.4,3745,10,0
2026-08-06 20:00:00,2026-08-06 18:00:00,29427.3,29444.8,29390.2,29395.1,3786,10,0
2026-08-06 20:15:00,2026-08-06 18:15:00,29395.3,29421.8,29383.4,29398.2,3666,10,0
2026-08-06 20:30:00,2026-08-06 18:30:00,29398.3,29413.8,29364.7,29380.7,3603,10,0
2026-08-06 20:45:00,2026-08-06 18:45:00,29380.6,29403.9,29365.6,29399.7,3584,10,0
2026-08-06 21:00:00,2026-08-06 19:00:00,29399.6,29417.1,29379.2,29413.9,3620,10,0
2026-08-06 21:15:00,2026-08-06 19:15:00,29413.8,29446.1,29372.9,29427.6,3604,10,0
2026-08-06 21:30:00,2026-08-06 19:30:00,29427.8,29431.2,29372.8,29391.8,3483,10,0
2026-08-06 21:45:00,2026-08-06 19:45:00,29391.8,29408.1,29377.2,29385.6,3496,10,0
2026-08-06 22:00:00,2026-08-06 20:00:00,29385.7,29440.9,29381.2,29406.9,3583,10,0
2026-08-06 22:15:00,2026-08-06 20:15:00,29406.9,29421.9,29367.9,29379.9,3569,10,0
2026-08-06 22:30:00,2026-08-06 20:30:00,29379.1,29415.8,29363.4,29375.3,3609,10,0
2026-08-06 22:45:00,2026-08-06 20:45:00,29375.2,29406.8,29346.3,29367.8,3821,10,0
2026-08-06 23:00:00,2026-08-06 21:00:00,29367.8,29421.9,29367.8,29407.2,2950,10,0
2026-08-06 23:15:00,2026-08-06 21:15:00,29407.2,29419.4,29353.7,29364.1,2448,10,0
2026-08-06 23:30:00,2026-08-06 21:30:00,29364.2,29375.4,29352.1,29365.3,1877,10,0
2026-08-06 23:45:00,2026-08-06 21:45:00,29365.3,29375.9,29359.1,29375.2,1556,10,0
2026-08-07 01:00:00,2026-08-06 23:00:00,29391.3,29452.2,29368.8,29446.7,1568,16,0
2026-08-07 01:15:00,2026-08-06 23:15:00,29446.7,29454.9,29418.0,29423.8,1418,16,0
2026-08-07 01:30:00,2026-08-06 23:30:00,29423.6,29435.9,29403.8,29426.9,1688,16,0
2026-08-07 01:45:00,2026-08-06 23:45:00,29427.8,29441.7,29421.7,29439.3,1320,16,0
2026-08-07 02:00:00,2026-08-07 00:00:00,29439.3,29444.2,29429.5,29432.4,1318,16,0
2026-08-07 02:15:00,2026-08-07 00:15:00,29432.4,29470.5,29432.4,29447.8,1626,16,0
2026-08-07 02:30:00,2026-08-07 00:30:00,29447.6,29462.4,29437.3,29456.4,1480,16,0
2026-08-07 02:45:00,2026-08-07 00:45:00,29456.3,29475.5,29449.6,29468.8,2734,16,0
2026-08-07 03:00:00,2026-08-07 01:00:00,29468.8,29492.7,29436.8,29448.3,3745,16,0
2026-08-07 03:15:00,2026-08-07 01:15:00,29448.8,29449.0,29372.9,29387.6,3833,16,0
2026-08-07 03:30:00,2026-08-07 01:30:00,29387.3,29448.2,29375.2,29414.5,3803,16,0
2026-08-07 03:45:00,2026-08-07 01:45:00,29414.1,29446.9,29378.0,29436.1,3722,16,0
2026-08-07 04:00:00,2026-08-07 02:00:00,29435.6,29455.4,29389.7,29398.9,3804,16,0
2026-08-07 04:15:00,2026-08-07 02:15:00,29399.1,29408.2,29357.5,29403.0,3763,16,0
2026-08-07 04:30:00,2026-08-07 02:30:00,29402.8,29454.9,29368.3,29395.7,3940,16,0
2026-08-07 04:45:00,2026-08-07 02:45:00,29395.9,29413.2,29376.5,29400.5,3839,16,0
2026-08-07 05:00:00,2026-08-07 03:00:00,29400.5,29422.3,29363.8,29404.7,3649,16,0
2026-08-07 05:15:00,2026-08-07 03:15:00,29404.8,29415.7,29389.2,29399.0,3355,16,0
2026-08-07 05:30:00,2026-08-07 03:30:00,29399.0,29401.8,29350.6,29373.3,3347,16,0
2026-08-07 05:45:00,2026-08-07 03:45:00,29373.2,29410.0,29367.7,29400.3,2968,16,0
2026-08-07 06:00:00,2026-08-07 04:00:00,29400.6,29420.7,29399.5,29403.8,2837,16,0
2026-08-07 06:15:00,2026-08-07 04:15:00,29403.9,29407.8,29365.8,29377.9,3067,16,0
2026-08-07 06:30:00,2026-08-07 04:30:00,29377.2,29396.5,29371.1,29380.6,3239,13,0
2026-08-07 06:45:00,2026-08-07 04:45:00,29380.7,29386.2,29359.7,29362.2,3002,13,0
2026-08-07 07:00:00,2026-08-07 05:00:00,29362.3,29374.6,29350.2,29352.3,2965,13,0
2026-08-07 07:15:00,2026-08-07 05:15:00,29352.4,29391.2,29330.2,29382.0,3094,13,0
2026-08-07 07:30:00,2026-08-07 05:30:00,29382.4,29398.7,29366.4,29369.3,3071,13,0
2026-08-07 07:45:00,2026-08-07 05:45:00,29369.4,29387.6,29363.1,29383.6,2814,13,0
2026-08-07 08:00:00,2026-08-07 06:00:00,29383.6,29430.7,29379.8,29412.9,3150,13,0
2026-08-07 08:15:00,2026-08-07 06:15:00,29412.3,29428.7,29411.7,29421.9,2973,13,0
2026-08-07 08:30:00,2026-08-07 06:30:00,29421.2,29424.7,29393.5,29408.0,2912,13,0
2026-08-07 08:45:00,2026-08-07 06:45:00,29408.0,29412.9,29396.2,29397.4,2783,13,0
2026-08-07 09:00:00,2026-08-07 07:00:00,29396.9,29437.9,29394.7,29433.1,2855,13,0
2026-08-07 09:15:00,2026-08-07 07:15:00,29433.1,29457.6,29418.4,29454.7,2722,13,0
2026-08-07 09:30:00,2026-08-07 07:30:00,29454.7,29455.7,29413.5,29419.6,2667,13,0
2026-08-07 09:45:00,2026-08-07 07:45:00,29419.6,29428.7,29412.1,29426.9,2256,13,0
2026-08-07 10:00:00,2026-08-07 08:00:00,29425.9,29466.2,29406.5,29466.0,3286,13,0
2026-08-07 10:15:00,2026-08-07 08:15:00,29466.1,29466.5,29449.3,29462.0,2880,13,0
2026-08-07 10:30:00,2026-08-07 08:30:00,29462.0,29465.4,29444.9,29457.8,2868,13,0
2026-08-07 10:45:00,2026-08-07 08:45:00,29457.3,29462.9,29437.1,29457.9,2718,13,0
2026-08-07 11:00:00,2026-08-07 09:00:00,29458.1,29500.4,29458.1,29498.5,3192,13,0
2026-08-07 11:15:00,2026-08-07 09:15:00,29498.6,29503.6,29473.7,29498.3,3091,13,0
2026-08-07 11:30:00,2026-08-07 09:30:00,29498.6,29521.0,29484.2,29500.4,2917,13,0
2026-08-07 11:45:00,2026-08-07 09:45:00,29500.6,29512.1,29489.4,29507.1,2687,13,0
2026-08-07 12:00:00,2026-08-07 10:00:00,29507.2,29522.1,29500.6,29515.9,2842,13,0
2026-08-07 12:15:00,2026-08-07 10:15:00,29515.8,29523.3,29498.6,29508.2,2654,13,0
2026-08-07 12:30:00,2026-08-07 10:30:00,29508.5,29521.2,29494.9,29503.1,2638,13,0
2026-08-07 12:45:00,2026-08-07 10:45:00,29503.1,29509.9,29490.7,29492.0,2694,13,0
2026-08-07 13:00:00,2026-08-07 11:00:00,29491.9,29502.3,29484.6,29484.8,2844,13,0
2026-08-07 13:15:00,2026-08-07 11:15:00,29483.5,29495.6,29466.6,29495.1,2490,13,0
2026-08-07 13:30:00,2026-08-07 11:30:00,29495.2,29499.3,29484.7,29496.2,2425,13,0
2026-08-07 13:45:00,2026-08-07 11:45:00,29496.1,29497.6,29476.7,29481.5,2462,13,0
2026-08-07 14:00:00,2026-08-07 12:00:00,29481.5,29522.4,29481.5,29512.1,2918,10,0
2026-08-07 14:15:00,2026-08-07 12:15:00,29512.1,29535.9,29511.3,29527.6,2683,10,0
2026-08-07 14:30:00,2026-08-07 12:30:00,29527.6,29543.9,29521.9,29540.2,2628,10,0
2026-08-07 14:45:00,2026-08-07 12:45:00,29540.3,29540.9,29487.5,29489.1,2620,10,0
2026-08-07 15:00:00,2026-08-07 13:00:00,29488.5,29546.6,29479.9,29532.8,3162,10,0
2026-08-07 15:15:00,2026-08-07 13:15:00,29533.0,29559.2,29506.4,29543.8,3165,10,0
2026-08-07 15:30:00,2026-08-07 13:30:00,29546.1,29688.1,29541.3,29676.4,4006,10,0
2026-08-07 15:45:00,2026-08-07 13:45:00,29676.4,29740.8,29676.4,29717.4,3681,10,0
2026-08-07 16:00:00,2026-08-07 14:00:00,29718.3,29724.9,29609.7,29615.1,3817,10,0
2026-08-07 16:15:00,2026-08-07 14:15:00,29616.1,29619.5,29563.4,29587.7,3859,10,0
2026-08-07 16:30:00,2026-08-07 14:30:00,29588.6,29686.2,29560.7,29662.6,4313,10,0
2026-08-07 16:45:00,2026-08-07 14:45:00,29661.8,29692.6,29519.4,29553.0,4189,10,0
2026-08-07 17:00:00,2026-08-07 15:00:00,29553.3,29585.8,29439.1,29459.5,4299,10,0
2026-08-07 17:15:00,2026-08-07 15:15:00,29459.6,29653.1,29443.7,29636.3,4256,10,0
2026-08-07 17:30:00,2026-08-07 15:30:00,29636.2,29648.2,29536.3,29550.6,4225,10,0
2026-08-07 17:45:00,2026-08-07 15:45:00,29550.6,29607.0,29542.9,29595.2,4199,10,0
2026-08-07 18:00:00,2026-08-07 16:00:00,29595.1,29656.1,29583.9,29634.5,4089,10,0
2026-08-07 18:15:00,2026-08-07 16:15:00,29634.5,29702.9,29621.5,29700.6,3945,10,0
2026-08-07 18:30:00,2026-08-07 16:30:00,29700.9,29729.1,29669.0,29685.9,3970,10,0
2026-08-07 18:45:00,2026-08-07 16:45:00,29686.4,29717.3,29671.3,29688.3,3872,10,0
2026-08-07 19:00:00,2026-08-07 17:00:00,29687.9,29704.1,29669.7,29675.4,3854,10,0
2026-08-07 19:15:00,2026-08-07 17:15:00,29674.6,29692.8,29564.0,29587.6,3966,10,0
2026-08-07 19:30:00,2026-08-07 17:30:00,29589.4,29634.4,29544.2,29629.2,4054,10,0
2026-08-07 19:45:00,2026-08-07 17:45:00,29628.9,29654.6,29613.3,29613.8,3834,10,0
2026-08-07 20:00:00,2026-08-07 18:00:00,29614.4,29642.4,29601.5,29610.1,3788,10,0
2026-08-07 20:15:00,2026-08-07 18:15:00,29610.0,29638.6,29600.9,29622.1,3667,10,0
2026-08-07 20:30:00,2026-08-07 18:30:00,29622.1,29638.4,29601.9,29619.9,3651,10,0
2026-08-07 20:45:00,2026-08-07 18:45:00,29620.1,29633.1,29610.1,29617.9,3486,10,0
2026-08-07 21:00:00,2026-08-07 19:00:00,29617.7,29628.6,29587.8,29595.3,3496,10,0
2026-08-07 21:15:00,2026-08-07 19:15:00,29595.7,29608.4,29577.5,29580.3,3532,10,0
2026-08-07 21:30:00,2026-08-07 19:30:00,29580.3,29598.5,29553.4,29555.0,3562,10,0
2026-08-07 21:45:00,2026-08-07 19:45:00,29555.6,29602.7,29551.4,29598.6,3430,10,0
2026-08-07 22:00:00,2026-08-07 20:00:00,29599.4,29684.1,29598.1,29674.4,3734,10,0
2026-08-07 22:15:00,2026-08-07 20:15:00,29674.2,29696.9,29666.4,29685.1,3655,10,0
2026-08-07 22:30:00,2026-08-07 20:30:00,29685.1,29685.1,29647.7,29654.0,3692,10,0
2026-08-07 22:45:00,2026-08-07 20:45:00,29654.0,29734.4,29652.9,29705.5,3798,10,0
2026-08-07 23:00:00,2026-08-07 21:00:00,29709.2,29724.6,29679.7,29694.3,3118,10,0
2026-08-07 23:15:00,2026-08-07 21:15:00,29694.3,29703.1,29678.4,29679.6,2148,10,0
2026-08-07 23:30:00,2026-08-07 21:30:00,29679.6,29698.4,29677.2,29688.6,1695,10,0
2026-08-07 23:45:00,2026-08-07 21:45:00,29688.8,29699.9,29687.2,29695.3,1263,10,0
2026-08-10 01:00:00,2026-08-09 23:00:00,29755.4,29777.5,29703.8,29709.9,2851,10,0
2026-08-10 01:15:00,2026-08-09 23:15:00,29710.3,29737.0,29689.0,29721.9,2518,10,0
2026-08-10 01:30:00,2026-08-09 23:30:00,29722.0,29735.8,29697.1,29720.0,2213,10,0
2026-08-10 01:45:00,2026-08-09 23:45:00,29720.0,29734.0,29714.2,29727.7,1625,10,0
2026-08-10 02:00:00,2026-08-10 00:00:00,29727.6,29758.2,29717.1,29744.2,1794,10,0
2026-08-10 02:15:00,2026-08-10 00:15:00,29744.2,29763.2,29740.5,29746.8,1714,10,0
2026-08-10 02:30:00,2026-08-10 00:30:00,29746.8,29748.8,29718.2,29745.9,2063,10,0
2026-08-10 02:45:00,2026-08-10 00:45:00,29745.9,29756.0,29711.5,29713.0,2801,10,0
2026-08-10 03:00:00,2026-08-10 01:00:00,29713.0,29787.1,29684.5,29775.0,3535,10,0
2026-08-10 03:15:00,2026-08-10 01:15:00,29775.3,29781.8,29722.1,29729.3,3564,10,0
2026-08-10 03:30:00,2026-08-10 01:30:00,29729.0,29747.5,29683.0,29689.1,3508,10,0
2026-08-10 03:45:00,2026-08-10 01:45:00,29689.3,29713.5,29672.6,29686.3,3495,10,0
2026-08-10 04:00:00,2026-08-10 02:00:00,29686.4,29735.5,29675.7,29735.5,3581,10,0
2026-08-10 04:15:00,2026-08-10 02:15:00,29735.4,29766.0,29729.2,29747.8,3249,10,0
2026-08-10 04:30:00,2026-08-10 02:30:00,29747.8,29764.0,29725.0,29758.5,3480,10,0
2026-08-10 04:45:00,2026-08-10 02:45:00,29758.7,29777.7,29755.2,29767.8,3000,10,0
2026-08-10 05:00:00,2026-08-10 03:00:00,29767.8,29775.5,29752.4,29755.6,3152,10,0
2026-08-10 05:15:00,2026-08-10 03:15:00,29755.8,29756.7,29735.9,29752.5,2759,10,0
2026-08-10 05:30:00,2026-08-10 03:30:00,29752.5,29773.5,29731.9,29772.7,2689,10,0
2026-08-10 05:45:00,2026-08-10 03:45:00,29772.6,29781.8,29764.3,29764.3,2331,10,0
2026-08-10 06:00:00,2026-08-10 04:00:00,29764.3,29774.5,29753.1,29759.6,2444,10,0
2026-08-10 06:15:00,2026-08-10 04:15:00,29759.5,29774.2,29754.5,29763.5,2571,10,0
2026-08-10 06:30:00,2026-08-10 04:30:00,29763.5,29780.5,29756.8,29780.4,2764,10,0
2026-08-10 06:45:00,2026-08-10 04:45:00,29780.5,29781.5,29754.0,29761.3,2094,10,0
2026-08-10 07:00:00,2026-08-10 05:00:00,29761.3,29780.5,29755.8,29777.8,2358,10,0
2026-08-10 07:15:00,2026-08-10 05:15:00,29777.8,29785.4,29774.3,29782.5,1957,10,0
2026-08-10 07:30:00,2026-08-10 05:30:00,29782.4,29782.6,29749.1,29770.0,2434,10,0
2026-08-10 07:45:00,2026-08-10 05:45:00,29769.7,29784.3,29755.8,29764.6,2316,10,0
2026-08-10 08:00:00,2026-08-10 06:00:00,29764.7,29801.5,29764.3,29799.3,2527,10,0
2026-08-10 08:15:00,2026-08-10 06:15:00,29799.3,29807.2,29792.5,29793.8,2105,10,0
2026-08-10 08:30:00,2026-08-10 06:30:00,29793.7,29802.4,29786.3,29788.6,2347,10,0
2026-08-10 08:45:00,2026-08-10 06:45:00,29788.5,29813.5,29783.1,29812.4,2063,10,0
2026-08-10 09:00:00,2026-08-10 07:00:00,29812.4,29845.1,29810.6,29839.6,2458,10,0
2026-08-10 09:15:00,2026-08-10 07:15:00,29839.6,29844.5,29791.0,29796.9,2528,10,0
2026-08-10 09:30:00,2026-08-10 07:30:00,29797.2,29808.0,29790.5,29800.7,2242,10,0
2026-08-10 09:45:00,2026-08-10 07:45:00,29800.7,29806.3,29789.3,29791.7,2136,10,0
2026-08-10 10:00:00,2026-08-10 08:00:00,29793.1,29806.0,29770.2,29796.7,3119,10,0
2026-08-10 10:15:00,2026-08-10 08:15:00,29796.7,29835.8,29794.3,29834.2,2652,10,0
2026-08-10 10:30:00,2026-08-10 08:30:00,29834.2,29852.1,29830.9,29848.6,2435,10,0
2026-08-10 10:45:00,2026-08-10 08:45:00,29848.6,29866.6,29819.0,29836.0,2437,10,0
2026-08-10 11:00:00,2026-08-10 09:00:00,29836.3,29863.5,29830.1,29845.0,3134,10,0
2026-08-10 11:15:00,2026-08-10 09:15:00,29845.2,29856.2,29822.8,29835.8,2831,10,0
2026-08-10 11:30:00,2026-08-10 09:30:00,29835.8,29854.8,29826.7,29838.8,2445,10,0
2026-08-10 11:45:00,2026-08-10 09:45:00,29838.9,29858.0,29832.5,29854.4,2332,10,0
2026-08-10 12:00:00,2026-08-10 10:00:00,29854.9,29866.4,29849.3,29859.4,2200,10,0
2026-08-10 12:15:00,2026-08-10 10:15:00,29859.3,29865.0,29846.8,29851.9,2203,10,0
2026-08-10 12:30:00,2026-08-10 10:30:00,29851.8,29854.7,29819.4,29827.7,2331,10,0
2026-08-10 12:45:00,2026-08-10 10:45:00,29827.5,29834.1,29819.4,29821.3,2220,10,0
2026-08-10 13:00:00,2026-08-10 11:00:00,29821.4,29841.2,29799.3,29800.6,2521,10,0
2026-08-10 13:15:00,2026-08-10 11:15:00,29800.3,29834.9,29799.6,29828.6,2204,10,0
2026-08-10 13:30:00,2026-08-10 11:30:00,29828.4,29828.7,29793.9,29801.9,2547,10,0
2026-08-10 13:45:00,2026-08-10 11:45:00,29801.9,29821.0,29792.6,29795.5,2444,10,0
2026-08-10 14:00:00,2026-08-10 12:00:00,29795.5,29808.6,29735.2,29759.7,3313,10,0
2026-08-10 14:15:00,2026-08-10 12:15:00,29759.6,29795.4,29747.4,29792.5,3066,10,0
2026-08-10 14:30:00,2026-08-10 12:30:00,29791.9,29797.0,29756.1,29758.8,2948,10,0
2026-08-10 14:45:00,2026-08-10 12:45:00,29757.9,29767.9,29729.3,29754.5,3125,10,0
2026-08-10 15:00:00,2026-08-10 13:00:00,29754.6,29766.6,29727.0,29728.8,3203,10,0
2026-08-10 15:15:00,2026-08-10 13:15:00,29729.5,29729.9,29693.9,29705.9,3160,10,0
2026-08-10 15:30:00,2026-08-10 13:30:00,29705.9,29709.8,29666.3,29688.1,3307,10,0
2026-08-10 15:45:00,2026-08-10 13:45:00,29687.7,29692.2,29655.0,29661.0,3189,10,0
2026-08-10 16:00:00,2026-08-10 14:00:00,29661.0,29698.8,29655.4,29688.3,3428,10,0
2026-08-10 16:15:00,2026-08-10 14:15:00,29688.3,29706.6,29673.8,29688.6,3434,10,0
2026-08-10 16:30:00,2026-08-10 14:30:00,29689.1,29723.0,29603.2,29658.8,4283,10,0
2026-08-10 16:45:00,2026-08-10 14:45:00,29657.2,29714.9,29638.4,29690.1,4240,10,0
2026-08-10 17:00:00,2026-08-10 15:00:00,29689.5,29774.2,29673.5,29764.0,4102,10,0
2026-08-10 17:15:00,2026-08-10 15:15:00,29764.1,29781.4,29700.4,29740.8,4110,10,0
2026-08-10 17:30:00,2026-08-10 15:30:00,29741.2,29775.3,29730.3,29749.5,3996,10,0
2026-08-10 17:45:00,2026-08-10 15:45:00,29749.6,29768.9,29660.8,29662.2,4008,10,0
2026-08-10 18:00:00,2026-08-10 16:00:00,29665.3,29704.8,29649.8,29676.1,4049,10,0
2026-08-10 18:15:00,2026-08-10 16:15:00,29676.0,29700.5,29637.3,29660.3,3953,10,0
2026-08-10 18:30:00,2026-08-10 16:30:00,29660.2,29691.6,29626.0,29691.2,3875,10,0
2026-08-10 18:45:00,2026-08-10 16:45:00,29691.5,29737.6,29669.9,29726.7,3698,10,0
2026-08-10 19:00:00,2026-08-10 17:00:00,29726.7,29741.0,29694.8,29704.7,3681,10,0
2026-08-10 19:15:00,2026-08-10 17:15:00,29704.8,29726.2,29688.4,29692.9,3744,10,0
2026-08-10 19:30:00,2026-08-10 17:30:00,29692.9,29700.2,29613.5,29625.5,3928,10,0
2026-08-10 19:45:00,2026-08-10 17:45:00,29625.6,29663.3,29616.7,29662.8,3724,10,0
2026-08-10 20:00:00,2026-08-10 18:00:00,29662.3,29691.6,29643.8,29683.7,3623,10,0
2026-08-10 20:15:00,2026-08-10 18:15:00,29683.7,29694.4,29659.4,29669.8,3338,10,0
2026-08-10 20:30:00,2026-08-10 18:30:00,29669.7,29679.6,29639.4,29642.1,3503,10,0
2026-08-10 20:45:00,2026-08-10 18:45:00,29643.5,29648.2,29628.0,29642.7,3443,10,0
2026-08-10 21:00:00,2026-08-10 19:00:00,29642.5,29655.5,29631.6,29634.4,3376,10,0
2026-08-10 21:15:00,2026-08-10 19:15:00,29634.9,29639.1,29625.7,29630.3,3198,10,0
2026-08-10 21:30:00,2026-08-10 19:30:00,29630.3,29656.7,29625.8,29655.0,3259,10,0
2026-08-10 21:45:00,2026-08-10 19:45:00,29655.1,29667.6,29642.8,29665.3,3114,10,0
2026-08-10 22:00:00,2026-08-10 20:00:00,29665.3,29677.3,29658.9,29672.7,3163,10,0
2026-08-10 22:15:00,2026-08-10 20:15:00,29672.9,29679.0,29662.8,29665.1,3179,10,0
2026-08-10 22:30:00,2026-08-10 20:30:00,29664.8,29676.5,29653.8,29658.7,3344,10,0
2026-08-10 22:45:00,2026-08-10 20:45:00,29658.9,29667.2,29605.9,29626.4,3561,10,0
2026-08-10 23:00:00,2026-08-10 21:00:00,29626.9,29637.5,29623.1,29628.0,2600,10,0
2026-08-10 23:15:00,2026-08-10 21:15:00,29628.0,29637.4,29620.3,29634.3,1855,10,0
2026-08-10 23:30:00,2026-08-10 21:30:00,29634.3,29642.4,29626.6,29641.2,1327,10,0
2026-08-10 23:45:00,2026-08-10 21:45:00,29641.2,29652.8,29638.8,29646.8,1447,10,0
2026-08-11 01:00:00,2026-08-10 23:00:00,29664.5,29673.9,29640.3,29647.5,2021,10,0
2026-08-11 01:15:00,2026-08-10 23:15:00,29647.5,29649.5,29619.8,29632.9,1838,10,0
2026-08-11 01:30:00,2026-08-10 23:30:00,29632.9,29633.4,29609.5,29611.8,1612,10,0
2026-08-11 01:45:00,2026-08-10 23:45:00,29611.8,29623.0,29611.3,29619.4,1062,10,0
2026-08-11 02:00:00,2026-08-11 00:00:00,29619.3,29621.2,29610.9,29617.8,1174,10,0
2026-08-11 02:15:00,2026-08-11 00:15:00,29617.7,29618.2,29589.8,29595.0,1605,10,0
2026-08-11 02:30:00,2026-08-11 00:30:00,29595.0,29601.8,29589.3,29601.0,1493,10,0
2026-08-11 02:45:00,2026-08-11 00:45:00,29601.0,29612.7,29564.8,29590.6,2694,10,0
2026-08-11 03:00:00,2026-08-11 01:00:00,29590.3,29639.5,29554.4,29635.4,3585,10,0
2026-08-11 03:15:00,2026-08-11 01:15:00,29635.5,29651.3,29612.3,29650.1,3246,10,0
2026-08-11 03:30:00,2026-08-11 01:30:00,29650.0,29667.8,29643.0,29665.7,2844,10,0
2026-08-11 03:45:00,2026-08-11 01:45:00,29666.6,29680.6,29664.3,29672.1,2777,10,0
2026-08-11 04:00:00,2026-08-11 02:00:00,29671.9,29712.4,29651.8,29712.4,3342,10,0
2026-08-11 04:15:00,2026-08-11 02:15:00,29712.6,29726.2,29696.1,29706.7,3221,10,0
2026-08-11 04:30:00,2026-08-11 02:30:00,29706.8,29714.3,29697.3,29708.7,3339,10,0
2026-08-11 04:45:00,2026-08-11 02:45:00,29708.6,29729.2,29704.0,29705.5,3102,10,0
2026-08-11 05:00:00,2026-08-11 03:00:00,29704.8,29716.9,29699.2,29707.0,2890,10,0
2026-08-11 05:15:00,2026-08-11 03:15:00,29707.0,29713.9,29699.6,29711.3,2586,10,0
2026-08-11 05:30:00,2026-08-11 03:30:00,29711.0,29725.7,29710.3,29725.6,2518,10,0
2026-08-11 05:45:00,2026-08-11 03:45:00,29725.6,29729.9,29701.9,29704.9,2478,10,0
2026-08-11 06:00:00,2026-08-11 04:00:00,29704.9,29718.7,29702.0,29708.6,2555,10,0
2026-08-11 06:15:00,2026-08-11 04:15:00,29708.7,29734.0,29704.8,29727.9,2330,10,0
2026-08-11 06:30:00,2026-08-11 04:30:00,29728.0,29729.7,29713.1,29719.2,2230,10,0
2026-08-11 06:45:00,2026-08-11 04:45:00,29719.3,29728.8,29715.4,29719.0,2174,10,0
2026-08-11 07:00:00,2026-08-11 05:00:00,29718.9,29737.6,29718.9,29734.8,2229,10,0
2026-08-11 07:15:00,2026-08-11 05:15:00,29734.9,29740.7,29725.2,29739.7,1854,10,0
2026-08-11 07:30:00,2026-08-11 05:30:00,29739.6,29748.2,29722.2,29725.6,2362,10,0
2026-08-11 07:45:00,2026-08-11 05:45:00,29725.4,29733.5,29721.5,29726.1,1996,10,0
2026-08-11 08:00:00,2026-08-11 06:00:00,29726.1,29740.7,29717.5,29738.5,2419,10,0
2026-08-11 08:15:00,2026-08-11 06:15:00,29738.5,29740.1,29700.1,29701.4,2381,10,0
2026-08-11 08:30:00,2026-08-11 06:30:00,29701.1,29716.2,29685.9,29702.2,2806,10,0
2026-08-11 08:45:00,2026-08-11 06:45:00,29702.2,29704.1,29675.6,29679.8,2695,10,0
2026-08-11 09:00:00,2026-08-11 07:00:00,29679.0,29714.0,29674.0,29706.8,2649,10,0
2026-08-11 09:15:00,2026-08-11 07:15:00,29706.9,29708.7,29652.6,29658.0,2703,10,0
2026-08-11 09:30:00,2026-08-11 07:30:00,29657.7,29676.2,29619.4,29670.8,3100,10,0
2026-08-11 09:45:00,2026-08-11 07:45:00,29670.7,29673.6,29625.0,29641.3,2495,10,0
2026-08-11 10:00:00,2026-08-11 08:00:00,29641.5,29656.5,29620.1,29645.8,3278,10,0
2026-08-11 10:15:00,2026-08-11 08:15:00,29645.7,29651.4,29615.5,29630.7,2948,10,0
2026-08-11 10:30:00,2026-08-11 08:30:00,29630.4,29666.5,29630.0,29655.0,2849,10,0
2026-08-11 10:45:00,2026-08-11 08:45:00,29655.1,29666.3,29643.0,29660.7,2776,10,0
2026-08-11 11:00:00,2026-08-11 09:00:00,29661.9,29690.5,29617.2,29618.2,3318,10,0
2026-08-11 11:15:00,2026-08-11 09:15:00,29618.4,29634.8,29605.9,29620.8,3135,10,0
2026-08-11 11:30:00,2026-08-11 09:30:00,29620.3,29640.6,29605.2,29640.2,2975,10,0
2026-08-11 11:45:00,2026-08-11 09:45:00,29640.3,29649.6,29628.9,29635.8,2601,10,0
2026-08-11 12:00:00,2026-08-11 10:00:00,29634.7,29642.1,29605.6,29619.6,3012,10,0
2026-08-11 12:15:00,2026-08-11 10:15:00,29619.6,29652.1,29619.1,29645.3,2638,10,0
2026-08-11 12:30:00,2026-08-11 10:30:00,29645.4,29670.3,29644.9,29655.5,2584,10,0
2026-08-11 12:45:00,2026-08-11 10:45:00,29655.5,29667.8,29651.2,29655.5,2415,10,0
2026-08-11 13:00:00,2026-08-11 11:00:00,29655.6,29661.0,29641.5,29642.1,2446,10,0
2026-08-11 13:15:00,2026-08-11 11:15:00,29642.2,29719.6,29637.3,29708.7,2808,10,0
2026-08-11 13:30:00,2026-08-11 11:30:00,29708.6,29710.4,29688.9,29701.3,2629,10,0
2026-08-11 13:45:00,2026-08-11 11:45:00,29701.2,29714.5,29698.5,29704.1,2254,10,0
2026-08-11 14:00:00,2026-08-11 12:00:00,29704.3,29773.5,29704.3,29758.2,3490,10,0
2026-08-11 14:15:00,2026-08-11 12:15:00,29758.3,29760.2,29716.1,29720.8,3015,10,0
2026-08-11 14:30:00,2026-08-11 12:30:00,29720.7,29722.7,29698.4,29711.7,2869,10,0
2026-08-11 14:45:00,2026-08-11 12:45:00,29711.6,29721.6,29699.0,29719.0,2715,10,0
2026-08-11 15:00:00,2026-08-11 13:00:00,29718.9,29750.2,29706.5,29747.6,2868,10,0
2026-08-11 15:15:00,2026-08-11 13:15:00,29747.6,29757.7,29708.3,29715.7,3143,10,0
2026-08-11 15:30:00,2026-08-11 13:30:00,29715.8,29744.1,29707.1,29732.9,3032,10,0
2026-08-11 15:45:00,2026-08-11 13:45:00,29732.9,29740.3,29715.0,29719.6,2836,10,0
2026-08-11 16:00:00,2026-08-11 14:00:00,29719.6,29737.8,29707.3,29714.2,3104,10,0
2026-08-11 16:15:00,2026-08-11 14:15:00,29714.3,29732.2,29700.0,29725.8,3329,10,0
2026-08-11 16:30:00,2026-08-11 14:30:00,29725.6,29726.2,29566.9,29610.9,4254,10,0
2026-08-11 16:45:00,2026-08-11 14:45:00,29610.6,29619.9,29525.4,29618.4,4229,10,0
2026-08-11 17:00:00,2026-08-11 15:00:00,29619.2,29678.8,29605.5,29649.5,4088,10,0
2026-08-11 17:15:00,2026-08-11 15:15:00,29649.3,29677.7,29625.1,29664.5,4106,10,0
2026-08-11 17:30:00,2026-08-11 15:30:00,29664.1,29671.1,29616.1,29628.9,3986,10,0
2026-08-11 17:45:00,2026-08-11 15:45:00,29628.5,29691.4,29627.2,29663.4,3865,10,0
2026-08-11 18:00:00,2026-08-11 16:00:00,29665.7,29678.8,29590.6,29598.5,3954,10,0
2026-08-11 18:15:00,2026-08-11 16:15:00,29597.0,29622.0,29584.8,29588.8,3867,10,0
2026-08-11 18:30:00,2026-08-11 16:30:00,29590.3,29605.2,29552.7,29580.1,3901,10,0
2026-08-11 18:45:00,2026-08-11 16:45:00,29580.3,29580.3,29547.0,29549.7,3669,10,0
2026-08-11 19:00:00,2026-08-11 17:00:00,29550.1,29567.8,29534.6,29539.1,3613,10,0
2026-08-11 19:15:00,2026-08-11 17:15:00,29539.2,29556.1,29509.2,29532.8,3620,10,0
2026-08-11 19:30:00,2026-08-11 17:30:00,29533.0,29551.2,29518.3,29523.5,3454,10,0
2026-08-11 19:45:00,2026-08-11 17:45:00,29523.4,29529.3,29504.6,29513.0,3471,10,0
2026-08-11 20:00:00,2026-08-11 18:00:00,29513.0,29521.3,29464.1,29465.5,3458,10,0
2026-08-11 20:15:00,2026-08-11 18:15:00,29465.5,29504.8,29460.7,29493.1,3534,10,0
2026-08-11 20:30:00,2026-08-11 18:30:00,29492.8,29525.0,29486.1,29521.1,3495,10,0
2026-08-11 20:45:00,2026-08-11 18:45:00,29521.0,29527.7,29511.1,29515.8,3314,10,0
2026-08-11 21:00:00,2026-08-11 19:00:00,29516.1,29521.8,29488.6,29494.1,3496,10,0
2026-08-11 21:15:00,2026-08-11 19:15:00,29494.2,29500.8,29421.4,29431.2,3505,10,0
2026-08-11 21:30:00,2026-08-11 19:30:00,29430.7,29463.1,29427.8,29435.5,3524,10,0
2026-08-11 21:45:00,2026-08-11 19:45:00,29435.6,29486.3,29435.2,29469.4,3387,10,0
2026-08-11 22:00:00,2026-08-11 20:00:00,29469.4,29501.1,29458.3,29494.3,3397,10,0
2026-08-11 22:15:00,2026-08-11 20:15:00,29494.1,29513.5,29488.8,29510.7,3263,10,0
2026-08-11 22:30:00,2026-08-11 20:30:00,29512.7,29547.0,29507.0,29526.4,3433,10,0
2026-08-11 22:45:00,2026-08-11 20:45:00,29526.5,29535.8,29496.5,29521.3,3714,10,0
2026-08-11 23:00:00,2026-08-11 21:00:00,29522.0,29537.3,29501.8,29527.0,2947,10,0
2026-08-11 23:15:00,2026-08-11 21:15:00,29526.8,29563.4,29526.1,29560.7,2226,10,0
2026-08-11 23:30:00,2026-08-11 21:30:00,29560.7,29563.1,29551.8,29557.0,1741,10,0
2026-08-11 23:45:00,2026-08-11 21:45:00,29557.1,29557.6,29533.5,29534.8,1773,10,0
2026-08-12 01:00:00,2026-08-11 23:00:00,29539.0,29550.2,29519.8,29548.9,1789,10,0
2026-08-12 01:15:00,2026-08-11 23:15:00,29548.9,29551.6,29540.9,29544.6,1404,10,0
2026-08-12 01:30:00,2026-08-11 23:30:00,29544.6,29554.7,29527.9,29529.2,1413,10,0
2026-08-12 01:45:00,2026-08-11 23:45:00,29529.4,29543.1,29524.3,29540.0,1152,10,0
2026-08-12 02:00:00,2026-08-12 00:00:00,29539.9,29544.9,29530.2,29532.6,1283,10,0
2026-08-12 02:15:00,2026-08-12 00:15:00,29532.6,29544.6,29531.2,29542.4,978,10,0
2026-08-12 02:30:00,2026-08-12 00:30:00,29542.4,29542.9,29526.6,29531.1,1056,10,0
2026-08-12 02:45:00,2026-08-12 00:45:00,29531.1,29552.6,29524.7,29552.5,2399,10,0
2026-08-12 03:00:00,2026-08-12 01:00:00,29552.5,29559.6,29516.2,29540.4,3643,10,0
2026-08-12 03:15:00,2026-08-12 01:15:00,29540.1,29565.8,29528.6,29555.5,3315,10,0
2026-08-12 03:30:00,2026-08-12 01:30:00,29555.4,29570.2,29542.7,29551.5,3088,10,0
2026-08-12 03:45:00,2026-08-12 01:45:00,29551.5,29561.8,29545.9,29557.3,2995,10,0
2026-08-12 04:00:00,2026-08-12 02:00:00,29557.1,29571.2,29550.8,29564.2,3167,10,0
2026-08-12 04:15:00,2026-08-12 02:15:00,29564.1,29565.5,29529.6,29552.9,3163,10,0
2026-08-12 04:30:00,2026-08-12 02:30:00,29552.9,29568.3,29536.4,29567.9,3068,10,0
2026-08-12 04:45:00,2026-08-12 02:45:00,29567.7,29573.2,29537.7,29547.9,2998,10,0
2026-08-12 05:00:00,2026-08-12 03:00:00,29548.1,29560.9,29540.2,29548.1,2854,10,0
2026-08-12 05:15:00,2026-08-12 03:15:00,29548.0,29567.9,29544.7,29567.3,2333,10,0
2026-08-12 05:30:00,2026-08-12 03:30:00,29567.1,29583.8,29565.5,29578.2,2196,10,0
2026-08-12 05:45:00,2026-08-12 03:45:00,29578.4,29593.3,29578.3,29592.8,1958,10,0
2026-08-12 06:00:00,2026-08-12 04:00:00,29592.8,29599.9,29586.3,29596.1,2230,10,0
2026-08-12 06:15:00,2026-08-12 04:15:00,29596.1,29597.8,29585.7,29592.7,2035,10,0
2026-08-12 06:30:00,2026-08-12 04:30:00,29592.7,29595.1,29579.3,29582.0,2565,10,0
2026-08-12 06:45:00,2026-08-12 04:45:00,29581.8,29591.1,29575.3,29585.1,2247,10,0
2026-08-12 07:00:00,2026-08-12 05:00:00,29585.1,29592.6,29579.9,29587.2,2127,10,0
2026-08-12 07:15:00,2026-08-12 05:15:00,29587.3,29593.0,29581.5,29587.6,1824,10,0
2026-08-12 07:30:00,2026-08-12 05:30:00,29587.6,29589.7,29573.7,29587.2,1881,10,0
2026-08-12 07:45:00,2026-08-12 05:45:00,29587.2,29605.8,29582.4,29604.1,1518,10,0
2026-08-12 08:00:00,2026-08-12 06:00:00,29604.1,29604.5,29575.7,29576.2,2106,10,0
2026-08-12 08:15:00,2026-08-12 06:15:00,29576.0,29580.6,29558.7,29578.7,2508,10,0
2026-08-12 08:30:00,2026-08-12 06:30:00,29578.6,29598.8,29576.9,29590.4,2368,10,0
2026-08-12 08:45:00,2026-08-12 06:45:00,29590.4,29607.9,29587.3,29605.9,2234,10,0
2026-08-12 09:00:00,2026-08-12 07:00:00,29605.9,29614.2,29597.3,29603.5,2319,10,0
2026-08-12 09:15:00,2026-08-12 07:15:00,29603.4,29611.0,29588.2,29600.6,2488,10,0
2026-08-12 09:30:00,2026-08-12 07:30:00,29600.4,29620.1,29595.4,29608.5,2271,10,0
2026-08-12 09:45:00,2026-08-12 07:45:00,29608.6,29627.4,29608.2,29627.3,1905,10,0
2026-08-12 10:00:00,2026-08-12 08:00:00,29627.2,29644.9,29626.3,29631.5,2760,10,0
2026-08-12 10:15:00,2026-08-12 08:15:00,29631.5,29638.4,29618.0,29629.3,2315,10,0
2026-08-12 10:30:00,2026-08-12 08:30:00,29628.9,29634.0,29620.0,29631.3,2217,10,0
2026-08-12 10:45:00,2026-08-12 08:45:00,29631.3,29641.6,29620.4,29641.6,2050,10,0
2026-08-12 11:00:00,2026-08-12 09:00:00,29641.7,29671.3,29638.1,29661.7,2864,10,0
2026-08-12 11:15:00,2026-08-12 09:15:00,29661.7,29682.7,29653.9,29676.8,2610,10,0
2026-08-12 11:30:00,2026-08-12 09:30:00,29676.8,29677.1,29653.4,29663.9,2489,10,0
2026-08-12 11:45:00,2026-08-12 09:45:00,29664.1,29689.6,29661.2,29683.7,2083,10,0
2026-08-12 12:00:00,2026-08-12 10:00:00,29684.7,29702.1,29683.6,29698.1,2239,10,0
2026-08-12 12:15:00,2026-08-12 10:15:00,29698.4,29738.6,29694.5,29713.1,2815,10,0
2026-08-12 12:30:00,2026-08-12 10:30:00,29713.1,29728.7,29713.0,29720.0,2701,10,0
2026-08-12 12:45:00,2026-08-12 10:45:00,29720.0,29724.0,29692.8,29706.3,2823,10,0
2026-08-12 13:00:00,2026-08-12 11:00:00,29706.3,29732.7,29704.7,29728.4,2400,10,0
2026-08-12 13:15:00,2026-08-12 11:15:00,29728.4,29735.3,29723.9,29728.9,2278,10,0
2026-08-12 13:30:00,2026-08-12 11:30:00,29729.2,29734.1,29722.4,29731.0,2016,10,0
2026-08-12 13:45:00,2026-08-12 11:45:00,29731.1,29731.6,29677.0,29705.2,2681,10,0
2026-08-12 14:00:00,2026-08-12 12:00:00,29705.2,29727.2,29705.2,29711.6,2694,10,0
2026-08-12 14:15:00,2026-08-12 12:15:00,29711.4,29711.9,29695.7,29700.3,2451,10,0
2026-08-12 14:30:00,2026-08-12 12:30:00,29700.4,29722.0,29696.2,29715.9,2420,10,0
2026-08-12 14:45:00,2026-08-12 12:45:00,29715.7,29736.6,29709.9,29735.7,2396,10,0
2026-08-12 15:00:00,2026-08-12 13:00:00,29734.7,29748.2,29719.3,29719.7,2787,10,0
2026-08-12 15:15:00,2026-08-12 13:15:00,29719.9,29815.7,29711.3,29786.9,3057,10,0
2026-08-12 15:30:00,2026-08-12 13:30:00,29786.9,29822.6,29688.0,29807.1,3916,10,0
2026-08-12 15:45:00,2026-08-12 13:45:00,29807.2,29812.3,29791.5,29810.2,3509,10,0
2026-08-12 16:00:00,2026-08-12 14:00:00,29809.6,29831.6,29806.9,29829.6,3415,10,0
2026-08-12 16:15:00,2026-08-12 14:15:00,29829.6,29881.2,29826.3,29881.2,3454,10,0
2026-08-12 16:30:00,2026-08-12 14:30:00,29885.8,29889.2,29744.8,29789.8,4280,10,0
2026-08-12 16:45:00,2026-08-12 14:45:00,29789.7,29858.7,29750.8,29797.7,4194,10,0
2026-08-12 17:00:00,2026-08-12 15:00:00,29797.4,29825.9,29739.8,29783.1,4175,10,0
2026-08-12 17:15:00,2026-08-12 15:15:00,29783.2,29835.3,29755.3,29806.3,4122,10,0
2026-08-12 17:30:00,2026-08-12 15:30:00,29805.1,29818.9,29729.7,29814.3,4097,10,0
2026-08-12 17:45:00,2026-08-12 15:45:00,29814.3,29821.0,29739.1,29759.6,4074,10,0
2026-08-12 18:00:00,2026-08-12 16:00:00,29757.9,29781.4,29729.6,29770.8,4039,10,0
2026-08-12 18:15:00,2026-08-12 16:15:00,29770.1,29777.1,29734.1,29764.0,3963,10,0
2026-08-12 18:30:00,2026-08-12 16:30:00,29764.4,29768.7,29709.4,29719.1,3912,10,0
2026-08-12 18:45:00,2026-08-12 16:45:00,29719.0,29743.9,29709.8,29722.0,3692,10,0
2026-08-12 19:00:00,2026-08-12 17:00:00,29722.7,29767.9,29719.9,29763.3,3557,10,0
2026-08-12 19:15:00,2026-08-12 17:15:00,29763.5,29777.5,29748.7,29763.6,3466,10,0
2026-08-12 19:30:00,2026-08-12 17:30:00,29764.0,29784.9,29741.5,29775.1,3507,10,0
2026-08-12 19:45:00,2026-08-12 17:45:00,29775.6,29807.3,29769.7,29795.6,3393,10,0
2026-08-12 20:00:00,2026-08-12 18:00:00,29796.3,29814.4,29788.2,29801.4,3247,10,0
2026-08-12 20:15:00,2026-08-12 18:15:00,29801.4,29810.0,29779.8,29799.0,3414,10,0
2026-08-12 20:30:00,2026-08-12 18:30:00,29800.0,29812.4,29791.8,29806.5,3225,10,0
2026-08-12 20:45:00,2026-08-12 18:45:00,29805.4,29814.2,29791.9,29799.3,3274,10,0
2026-08-12 21:00:00,2026-08-12 19:00:00,29799.1,29808.8,29781.0,29797.4,3223,10,0
2026-08-12 21:15:00,2026-08-12 19:15:00,29797.5,29804.0,29780.7,29784.7,3236,10,0
2026-08-12 21:30:00,2026-08-12 19:30:00,29784.5,29818.2,29784.5,29809.5,3158,10,0
2026-08-12 21:45:00,2026-08-12 19:45:00,29809.6,29813.4,29775.5,29780.0,3208,10,0
2026-08-12 22:00:00,2026-08-12 20:00:00,29780.7,29794.9,29769.3,29774.4,3224,10,0
2026-08-12 22:15:00,2026-08-12 20:15:00,29774.3,29788.1,29747.0,29757.3,3337,10,0
2026-08-12 22:30:00,2026-08-12 20:30:00,29757.1,29757.8,29722.3,29739.6,3502,10,0
2026-08-12 22:45:00,2026-08-12 20:45:00,29739.5,29758.2,29716.1,29743.3,3731,10,0
2026-08-12 23:00:00,2026-08-12 21:00:00,29742.6,29795.8,29721.6,29737.1,3349,10,0
2026-08-12 23:15:00,2026-08-12 21:15:00,29736.9,29741.3,29705.4,29709.8,2648,10,0
2026-08-12 23:30:00,2026-08-12 21:30:00,29709.8,29713.4,29700.0,29710.8,2126,10,0
2026-08-12 23:45:00,2026-08-12 21:45:00,29710.7,29712.9,29698.4,29699.7,1870,10,0
2026-08-13 01:00:00,2026-08-12 23:00:00,29716.5,29725.1,29695.4,29699.2,2095,10,0
2026-08-13 01:15:00,2026-08-12 23:15:00,29698.9,29702.2,29677.7,29686.9,1649,10,0
2026-08-13 01:30:00,2026-08-12 23:30:00,29686.9,29689.6,29674.8,29686.2,1491,10,0
2026-08-13 01:45:00,2026-08-12 23:45:00,29686.2,29696.6,29683.3,29691.6,1193,10,0
2026-08-13 02:00:00,2026-08-13 00:00:00,29691.5,29704.7,29690.3,29702.6,1436,10,0
2026-08-13 02:15:00,2026-08-13 00:15:00,29702.5,29705.7,29695.7,29698.8,1256,10,0
2026-08-13 02:30:00,2026-08-13 00:30:00,29698.8,29708.3,29687.8,29704.5,1462,10,0
2026-08-13 02:45:00,2026-08-13 00:45:00,29704.6,29706.1,29687.2,29698.7,2292,10,0
2026-08-13 03:00:00,2026-08-13 01:00:00,29698.4,29756.1,29690.3,29741.0,3231,10,0
2026-08-13 03:15:00,2026-08-13 01:15:00,29740.9,29759.7,29732.0,29732.8,3193,10,0
2026-08-13 03:30:00,2026-08-13 01:30:00,29734.2,29745.4,29722.0,29734.9,3225,10,0
2026-08-13 03:45:00,2026-08-13 01:45:00,29735.2,29743.0,29723.0,29739.9,3024,10,0
2026-08-13 04:00:00,2026-08-13 02:00:00,29739.2,29744.7,29715.0,29724.2,3145,10,0
2026-08-13 04:15:00,2026-08-13 02:15:00,29724.6,29731.5,29702.3,29710.8,2916,10,0
2026-08-13 04:30:00,2026-08-13 02:30:00,29710.9,29736.6,29708.0,29730.9,3010,10,0
2026-08-13 04:45:00,2026-08-13 02:45:00,29731.0,29758.6,29721.3,29750.0,2851,10,0
2026-08-13 05:00:00,2026-08-13 03:00:00,29750.5,29764.9,29747.8,29755.6,2431,10,0
2026-08-13 05:15:00,2026-08-13 03:15:00,29755.7,29763.0,29750.9,29755.7,2314,10,0
2026-08-13 05:30:00,2026-08-13 03:30:00,29755.6,29770.9,29727.3,29766.7,2876,10,0
2026-08-13 05:45:00,2026-08-13 03:45:00,29766.7,29767.9,29760.0,29762.4,2031,10,0
2026-08-13 06:00:00,2026-08-13 04:00:00,29761.0,29768.9,29759.0,29766.8,2158,10,0
2026-08-13 06:15:00,2026-08-13 04:15:00,29766.9,29772.4,29765.2,29767.5,1787,10,0
2026-08-13 06:30:00,2026-08-13 04:30:00,29767.5,29772.7,29760.3,29769.9,2100,10,0
2026-08-13 06:45:00,2026-08-13 04:45:00,29770.1,29773.4,29768.7,29772.2,1430,10,0
2026-08-13 07:00:00,2026-08-13 05:00:00,29772.0,29785.1,29762.7,29763.2,1882,10,0
2026-08-13 07:15:00,2026-08-13 05:15:00,29763.4,29777.7,29748.0,29770.1,2432,10,0
2026-08-13 07:30:00,2026-08-13 05:30:00,29770.2,29789.2,29769.5,29772.3,2076,10,0
2026-08-13 07:45:00,2026-08-13 05:45:00,29772.4,29788.3,29766.7,29772.5,2253,10,0
2026-08-13 08:00:00,2026-08-13 06:00:00,29772.9,29809.7,29768.3,29808.9,2196,10,0
2026-08-13 08:15:00,2026-08-13 06:15:00,29808.8,29815.2,29801.7,29814.5,2014,10,0
2026-08-13 08:30:00,2026-08-13 06:30:00,29814.4,29817.2,29790.7,29796.1,2614,10,0
2026-08-13 08:45:00,2026-08-13 06:45:00,29796.0,29801.9,29776.7,29777.5,2383,10,0
2026-08-13 09:00:00,2026-08-13 07:00:00,29777.4,29789.7,29762.9,29786.7,2789,10,0
2026-08-13 09:15:00,2026-08-13 07:15:00,29786.9,29798.9,29779.1,29790.7,2544,10,0
2026-08-13 09:30:00,2026-08-13 07:30:00,29790.9,29798.5,29754.4,29756.0,2599,10,0
2026-08-13 09:45:00,2026-08-13 07:45:00,29756.0,29783.7,29752.3,29782.4,2293,10,0
2026-08-13 10:00:00,2026-08-13 08:00:00,29782.2,29786.7,29738.7,29747.0,2901,10,0
2026-08-13 10:15:00,2026-08-13 08:15:00,29747.1,29767.0,29741.3,29764.4,2512,10,0
2026-08-13 10:30:00,2026-08-13 08:30:00,29764.5,29775.8,29755.0,29773.7,2461,10,0
2026-08-13 10:45:00,2026-08-13 08:45:00,29773.6,29774.5,29751.7,29752.3,2522,10,0
2026-08-13 11:00:00,2026-08-13 09:00:00,29752.5,29765.2,29722.7,29731.8,3357,10,0
2026-08-13 11:15:00,2026-08-13 09:15:00,29732.0,29758.4,29722.0,29751.4,3040,10,0
2026-08-13 11:30:00,2026-08-13 09:30:00,29752.0,29759.2,29739.7,29756.0,2726,10,0
2026-08-13 11:45:00,2026-08-13 09:45:00,29756.2,29768.1,29748.3,29754.5,2385,10,0
2026-08-13 12:00:00,2026-08-13 10:00:00,29754.5,29762.6,29727.0,29727.6,2653,10,0
2026-08-13 12:15:00,2026-08-13 10:15:00,29726.3,29742.2,29714.9,29730.7,2518,10,0
2026-08-13 12:30:00,2026-08-13 10:30:00,29730.6,29755.1,29730.2,29753.9,2162,10,0
2026-08-13 12:45:00,2026-08-13 10:45:00,29753.9,29773.2,29751.4,29770.7,2091,10,0
2026-08-13 13:00:00,2026-08-13 11:00:00,29770.5,29771.4,29756.8,29768.5,2312,10,0
2026-08-13 13:15:00,2026-08-13 11:15:00,29768.5,29777.5,29757.5,29766.7,2148,10,0
2026-08-13 13:30:00,2026-08-13 11:30:00,29766.8,29774.6,29762.0,29771.4,2086,10,0
2026-08-13 13:45:00,2026-08-13 11:45:00,29771.4,29778.8,29768.2,29774.3,1986,10,0
2026-08-13 14:00:00,2026-08-13 12:00:00,29774.3,29785.3,29764.1,29766.4,2558,10,0
2026-08-13 14:15:00,2026-08-13 12:15:00,29766.5,29769.0,29749.2,29756.4,2360,10,0
2026-08-13 14:30:00,2026-08-13 12:30:00,29756.1,29782.2,29750.6,29781.6,2496,10,0
2026-08-13 14:45:00,2026-08-13 12:45:00,29781.7,29788.3,29762.0,29762.4,2482,10,0
2026-08-13 15:00:00,2026-08-13 13:00:00,29762.2,29765.7,29727.7,29733.0,3169,10,0
2026-08-13 15:15:00,2026-08-13 13:15:00,29733.0,29742.1,29706.5,29738.2,2970,10,0
2026-08-13 15:30:00,2026-08-13 13:30:00,29738.2,29776.1,29714.6,29739.7,3501,10,0
2026-08-13 15:45:00,2026-08-13 13:45:00,29739.7,29774.7,29734.3,29774.3,2984,10,0
2026-08-13 16:00:00,2026-08-13 14:00:00,29773.5,29814.4,29772.6,29801.5,3231,10,0
2026-08-13 16:15:00,2026-08-13 14:15:00,29801.5,29813.2,29794.1,29803.6,2947,10,0
2026-08-13 16:30:00,2026-08-13 14:30:00,29803.5,29946.3,29757.6,29906.0,4207,10,0
2026-08-13 16:45:00,2026-08-13 14:45:00,29906.0,30074.2,29900.1,30070.3,4129,10,0
2026-08-13 17:00:00,2026-08-13 15:00:00,30069.4,30107.7,30050.1,30098.1,4017,10,0
2026-08-13 17:15:00,2026-08-13 15:15:00,30098.3,30129.8,30078.7,30127.4,3889,10,0
2026-08-13 17:30:00,2026-08-13 15:30:00,30127.1,30160.5,30121.6,30130.2,3856,10,0
2026-08-13 17:45:00,2026-08-13 15:45:00,30129.8,30134.6,30091.6,30092.7,3963,10,0
2026-08-13 18:00:00,2026-08-13 16:00:00,30093.1,30124.7,30088.1,30111.0,4006,10,0
2026-08-13 18:15:00,2026-08-13 16:15:00,30110.3,30132.2,30073.6,30081.1,3968,10,0
2026-08-13 18:30:00,2026-08-13 16:30:00,30081.6,30091.3,30022.5,30049.9,4048,10,0
2026-08-13 18:45:00,2026-08-13 16:45:00,30049.9,30049.9,29998.4,30009.1,3906,10,0
2026-08-13 19:00:00,2026-08-13 17:00:00,30008.7,30065.9,30008.0,30034.2,3758,10,0
2026-08-13 19:15:00,2026-08-13 17:15:00,30034.3,30082.4,30027.3,30080.0,3617,10,0
2026-08-13 19:30:00,2026-08-13 17:30:00,30080.1,30093.2,30061.5,30077.1,3619,10,0
2026-08-13 19:45:00,2026-08-13 17:45:00,30076.9,30096.5,30070.1,30086.9,3397,10,0
2026-08-13 20:00:00,2026-08-13 18:00:00,30086.9,30126.0,30086.9,30119.5,3291,10,0
2026-08-13 20:15:00,2026-08-13 18:15:00,30119.4,30143.4,30118.0,30131.1,3229,10,0
2026-08-13 20:30:00,2026-08-13 18:30:00,30131.0,30138.0,30108.0,30108.0,3261,10,0
2026-08-13 20:45:00,2026-08-13 18:45:00,30108.0,30120.8,30097.2,30097.5,3274,10,0
2026-08-13 21:00:00,2026-08-13 19:00:00,30097.8,30108.7,30083.4,30094.9,3333,10,0
2026-08-13 21:15:00,2026-08-13 19:15:00,30094.7,30101.3,30074.7,30085.2,3268,10,0
2026-08-13 21:30:00,2026-08-13 19:30:00,30085.2,30129.7,30085.0,30122.9,3409,10,0
2026-08-13 21:45:00,2026-08-13 19:45:00,30121.8,30139.2,30121.8,30137.8,3211,10,0
2026-08-13 22:00:00,2026-08-13 20:00:00,30138.3,30166.2,30126.3,30131.8,3374,10,0
2026-08-13 22:15:00,2026-08-13 20:15:00,30131.8,30139.3,30108.7,30116.7,3505,10,0
2026-08-13 22:30:00,2026-08-13 20:30:00,30116.6,30120.9,30096.7,30097.9,3504,10,0
2026-08-13 22:45:00,2026-08-13 20:45:00,30098.2,30099.8,30067.6,30088.3,3666,10,0
2026-08-13 23:00:00,2026-08-13 21:00:00,30087.3,30112.2,30039.8,30102.2,3175,10,0
2026-08-13 23:15:00,2026-08-13 21:15:00,30102.2,30107.5,30086.2,30091.5,2278,10,0
2026-08-13 23:30:00,2026-08-13 21:30:00,30091.4,30106.5,30089.3,30103.2,1739,10,0
2026-08-13 23:45:00,2026-08-13 21:45:00,30103.3,30109.0,30102.5,30109.0,1464,10,0
2026-08-14 01:00:00,2026-08-13 23:00:00,30102.3,30111.9,30083.2,30092.6,2229,10,0
2026-08-14 01:15:00,2026-08-13 23:15:00,30092.6,30101.4,30086.1,30093.6,1589,10,0
2026-08-14 01:30:00,2026-08-13 23:30:00,30093.7,30105.3,30093.2,30101.8,1256,10,0
2026-08-14 01:45:00,2026-08-13 23:45:00,30102.5,30103.0,30096.4,30099.2,854,10,0
2026-08-14 02:00:00,2026-08-14 00:00:00,30099.2,30120.2,30095.7,30120.0,920,10,0
2026-08-14 02:15:00,2026-08-14 00:15:00,30120.0,30120.5,30089.0,30095.0,1139,10,0
2026-08-14 02:30:00,2026-08-14 00:30:00,30094.8,30099.3,30089.5,30091.7,1250,10,0
2026-08-14 02:45:00,2026-08-14 00:45:00,30091.9,30099.6,30086.3,30099.2,2099,10,0
2026-08-14 03:00:00,2026-08-14 01:00:00,30098.9,30127.6,30092.6,30096.5,3103,10,0
2026-08-14 03:15:00,2026-08-14 01:15:00,30096.4,30099.9,30074.1,30080.7,3059,10,0
2026-08-14 03:30:00,2026-08-14 01:30:00,30080.9,30086.8,30070.5,30074.4,2629,10,0
2026-08-14 03:45:00,2026-08-14 01:45:00,30074.6,30081.7,30062.5,30065.5,2757,10,0
2026-08-14 04:00:00,2026-08-14 02:00:00,30065.5,30065.5,30020.4,30025.1,3213,10,0
2026-08-14 04:15:00,2026-08-14 02:15:00,30025.1,30049.7,30020.5,30048.7,3062,10,0
2026-08-14 04:30:00,2026-08-14 02:30:00,30048.4,30058.4,30036.9,30055.7,2894,10,0
2026-08-14 04:45:00,2026-08-14 02:45:00,30055.7,30063.8,30045.5,30047.7,2730,10,0
2026-08-14 05:00:00,2026-08-14 03:00:00,30047.5,30067.4,30045.0,30063.2,2547,10,0
2026-08-14 05:15:00,2026-08-14 03:15:00,30063.2,30065.5,30052.0,30063.5,2271,10,0
2026-08-14 05:30:00,2026-08-14 03:30:00,30063.7,30076.6,30063.2,30069.9,2032,10,0
2026-08-14 05:45:00,2026-08-14 03:45:00,30069.9,30073.7,30045.9,30050.2,2117,10,0
2026-08-14 06:00:00,2026-08-14 04:00:00,30050.0,30060.4,30046.3,30058.0,2071,10,0
2026-08-14 06:15:00,2026-08-14 04:15:00,30058.0,30076.1,30056.4,30076.1,1712,10,0
2026-08-14 06:30:00,2026-08-14 04:30:00,30076.1,30077.2,30052.6,30053.5,2349,10,0
2026-08-14 06:45:00,2026-08-14 04:45:00,30053.5,30058.2,30048.0,30048.2,1755,10,0
2026-08-14 07:00:00,2026-08-14 05:00:00,30048.1,30056.3,30040.3,30051.2,2349,10,0
2026-08-14 07:15:00,2026-08-14 05:15:00,30051.2,30060.8,30046.8,30053.9,2144,10,0
2026-08-14 07:30:00,2026-08-14 05:30:00,30054.0,30059.5,30033.9,30050.0,2312,10,0
2026-08-14 07:45:00,2026-08-14 05:45:00,30050.0,30050.6,30040.8,30043.7,1842,10,0
2026-08-14 08:00:00,2026-08-14 06:00:00,30043.7,30048.2,30024.2,30039.6,2404,10,0
2026-08-14 08:15:00,2026-08-14 06:15:00,30039.7,30047.6,30034.1,30045.8,2148,10,0
2026-08-14 08:30:00,2026-08-14 06:30:00,30045.3,30063.0,30036.2,30062.1,2354,10,0
2026-08-14 08:45:00,2026-08-14 06:45:00,30062.2,30077.3,30060.9,30069.9,1856,10,0
2026-08-14 09:00:00,2026-08-14 07:00:00,30069.6,30074.1,30045.5,30048.5,2401,10,0
2026-08-14 09:15:00,2026-08-14 07:15:00,30048.5,30060.4,30044.0,30059.8,2039,10,0
2026-08-14 09:30:00,2026-08-14 07:30:00,30058.2,30061.1,30045.4,30055.8,1813,10,0
2026-08-14 09:45:00,2026-08-14 07:45:00,30055.4,30072.6,30055.4,30068.6,1556,10,0
2026-08-14 10:00:00,2026-08-14 08:00:00,30068.8,30089.4,30066.8,30071.0,2747,10,0
2026-08-14 10:15:00,2026-08-14 08:15:00,30070.8,30077.1,30067.9,30072.8,2335,10,0
2026-08-14 10:30:00,2026-08-14 08:30:00,30072.8,30099.1,30069.0,30099.0,1926,10,0
2026-08-14 10:45:00,2026-08-14 08:45:00,30099.0,30099.1,30087.2,30090.0,1971,10,0
2026-08-14 11:00:00,2026-08-14 09:00:00,30090.1,30130.2,30083.6,30109.1,3099,10,0
2026-08-14 11:15:00,2026-08-14 09:15:00,30109.6,30127.4,30101.8,30120.6,2860,10,0
2026-08-14 11:30:00,2026-08-14 09:30:00,30120.8,30135.5,30117.4,30123.4,2618,10,0
2026-08-14 11:45:00,2026-08-14 09:45:00,30123.4,30134.8,30116.3,30117.0,2328,10,0
2026-08-14 12:00:00,2026-08-14 10:00:00,30117.0,30118.0,30105.9,30114.2,2321,10,0
2026-08-14 12:15:00,2026-08-14 10:15:00,30114.2,30128.2,30111.0,30121.7,2243,10,0
2026-08-14 12:30:00,2026-08-14 10:30:00,30121.6,30122.3,30102.8,30106.0,2296,10,0
2026-08-14 12:45:00,2026-08-14 10:45:00,30106.0,30130.9,30103.0,30130.1,2134,10,0
2026-08-14 13:00:00,2026-08-14 11:00:00,30130.3,30145.1,30129.1,30136.6,2269,10,0
2026-08-14 13:15:00,2026-08-14 11:15:00,30136.5,30136.9,30118.3,30124.3,1987,10,0
2026-08-14 13:30:00,2026-08-14 11:30:00,30124.5,30133.2,30119.5,30132.7,2074,10,0
2026-08-14 13:45:00,2026-08-14 11:45:00,30132.6,30147.6,30128.7,30147.4,2020,10,0
2026-08-14 14:00:00,2026-08-14 12:00:00,30147.4,30157.2,30142.6,30149.3,2536,10,0
2026-08-14 14:15:00,2026-08-14 12:15:00,30149.1,30150.3,30138.1,30143.2,2193,10,0
2026-08-14 14:30:00,2026-08-14 12:30:00,30143.2,30154.6,30133.0,30147.8,2409,10,0
2026-08-14 14:45:00,2026-08-14 12:45:00,30147.8,30163.2,30145.1,30160.1,2228,10,0
2026-08-14 15:00:00,2026-08-14 13:00:00,30160.0,30175.7,30106.4,30133.3,2806,10,0
2026-08-14 15:15:00,2026-08-14 13:15:00,30132.6,30148.9,30122.2,30148.2,2930,10,0
2026-08-14 15:30:00,2026-08-14 13:30:00,30148.2,30174.3,30148.2,30161.3,3055,10,0
2026-08-14 15:45:00,2026-08-14 13:45:00,30161.7,30175.4,30150.3,30164.0,2682,10,0
2026-08-14 16:00:00,2026-08-14 14:00:00,30164.0,30177.1,30148.7,30149.0,2995,10,0
2026-08-14 16:15:00,2026-08-14 14:15:00,30149.2,30156.4,30134.6,30137.0,3213,10,0
2026-08-14 16:30:00,2026-08-14 14:30:00,30137.0,30163.8,30066.5,30157.5,4242,10,0
2026-08-14 16:45:00,2026-08-14 14:45:00,30157.1,30175.5,30107.6,30122.5,4144,10,0
2026-08-14 17:00:00,2026-08-14 15:00:00,30122.5,30168.0,30110.1,30118.2,3969,10,0
2026-08-14 17:15:00,2026-08-14 15:15:00,30117.3,30123.8,30031.0,30055.6,4127,10,0
2026-08-14 17:30:00,2026-08-14 15:30:00,30055.5,30070.7,30025.3,30051.5,4032,10,0
2026-08-14 17:45:00,2026-08-14 15:45:00,30051.6,30061.4,30018.8,30018.8,3861,10,0
2026-08-14 18:00:00,2026-08-14 16:00:00,30019.9,30036.8,29984.7,29986.7,3878,10,0
2026-08-14 18:15:00,2026-08-14 16:15:00,29986.3,30006.5,29929.5,29967.8,3865,10,0
2026-08-14 18:30:00,2026-08-14 16:30:00,29968.1,29969.6,29925.5,29944.9,3860,10,0
2026-08-14 18:45:00,2026-08-14 16:45:00,29944.9,29968.5,29925.7,29961.9,3722,10,0
2026-08-14 19:00:00,2026-08-14 17:00:00,29961.9,29979.8,29947.1,29976.4,3547,10,0
2026-08-14 19:15:00,2026-08-14 17:15:00,29976.3,30002.7,29971.4,29997.0,3239,10,0
2026-08-14 19:30:00,2026-08-14 17:30:00,29996.7,29997.5,29960.9,29962.8,3514,10,0
2026-08-14 19:45:00,2026-08-14 17:45:00,29962.7,29972.3,29950.7,29954.1,3451,10,0
2026-08-14 20:00:00,2026-08-14 18:00:00,29954.0,29975.3,29948.7,29964.9,3368,10,0
2026-08-14 20:15:00,2026-08-14 18:15:00,29965.0,29972.2,29943.7,29955.0,3310,10,0
2026-08-14 20:30:00,2026-08-14 18:30:00,29954.8,29967.7,29947.3,29953.5,3364,10,0
2026-08-14 20:45:00,2026-08-14 18:45:00,29953.7,29980.2,29945.7,29976.5,3197,10,0
2026-08-14 21:00:00,2026-08-14 19:00:00,29976.7,29986.8,29969.7,29974.2,3178,10,0
2026-08-14 21:15:00,2026-08-14 19:15:00,29974.8,29987.6,29961.5,29963.2,3104,10,0
2026-08-14 21:30:00,2026-08-14 19:30:00,29963.4,29985.6,29958.8,29983.1,3075,10,0
2026-08-14 21:45:00,2026-08-14 19:45:00,29983.1,29999.7,29973.8,29984.4,2886,10,0
2026-08-14 22:00:00,2026-08-14 20:00:00,29984.6,29990.0,29972.5,29978.7,3069,10,0
2026-08-14 22:15:00,2026-08-14 20:15:00,29978.7,29999.2,29976.4,29991.9,2989,10,0
2026-08-14 22:30:00,2026-08-14 20:30:00,29991.7,30011.2,29987.8,30004.1,3272,10,0
2026-08-14 22:45:00,2026-08-14 20:45:00,30004.3,30043.9,29998.2,30041.0,3432,10,0
2026-08-14 23:00:00,2026-08-14 21:00:00,30040.5,30048.9,30027.2,30028.9,2774,10,0
2026-08-14 23:15:00,2026-08-14 21:15:00,30029.2,30031.3,30023.1,30026.7,1459,10,0
2026-08-14 23:30:00,2026-08-14 21:30:00,30026.9,30039.4,30023.9,30037.9,1452,10,0
2026-08-14 23:45:00,2026-08-14 21:45:00,30037.7,30043.2,30033.8,30040.1,830,10,0
2026-08-17 01:00:00,2026-08-16 23:00:00,30089.3,30108.9,30071.7,30103.8,2253,10,0
2026-08-17 01:15:00,2026-08-16 23:15:00,30104.0,30107.3,30097.9,30099.8,1211,10,0
2026-08-17 01:30:00,2026-08-16 23:30:00,30099.9,30102.4,30096.1,30098.3,997,10,0
2026-08-17 01:45:00,2026-08-16 23:45:00,30098.3,30117.0,30095.1,30112.2,1390,10,0
2026-08-17 02:00:00,2026-08-17 00:00:00,30112.1,30113.4,30102.1,30103.3,1205,10,0
2026-08-17 02:15:00,2026-08-17 00:15:00,30103.4,30110.2,30098.5,30103.7,1256,10,0
2026-08-17 02:30:00,2026-08-17 00:30:00,30103.7,30113.0,30099.9,30112.8,1264,10,0
2026-08-17 02:45:00,2026-08-17 00:45:00,30112.5,30134.2,30111.6,30121.8,2117,10,0
2026-08-17 03:00:00,2026-08-17 01:00:00,30121.9,30133.0,30116.1,30125.1,2815,10,0
2026-08-17 03:15:00,2026-08-17 01:15:00,30125.0,30125.5,30097.1,30102.5,2482,10,0
2026-08-17 03:30:00,2026-08-17 01:30:00,30102.3,30104.2,30092.8,30096.6,2107,10,0
2026-08-17 03:45:00,2026-08-17 01:45:00,30096.6,30108.6,30092.4,30107.8,2056,10,0
2026-08-17 04:00:00,2026-08-17 02:00:00,30107.7,30139.9,30106.8,30120.7,2956,10,0
2026-08-17 04:15:00,2026-08-17 02:15:00,30120.6,30144.6,30111.3,30136.9,2583,10,0
2026-08-17 04:30:00,2026-08-17 02:30:00,30136.9,30138.9,30098.0,30105.7,2852,10,0
2026-08-17 04:45:00,2026-08-17 02:45:00,30105.7,30109.2,30094.1,30098.7,2285,10,0
2026-08-17 05:00:00,2026-08-17 03:00:00,30098.7,30107.2,30092.3,30107.1,2146,10,0
2026-08-17 05:15:00,2026-08-17 03:15:00,30107.1,30128.9,30104.4,30122.8,1827,10,0
2026-08-17 05:30:00,2026-08-17 03:30:00,30122.8,30131.1,30119.1,30127.5,1893,10,0
2026-08-17 05:45:00,2026-08-17 03:45:00,30127.5,30137.3,30126.8,30129.2,1876,10,0
2026-08-17 06:00:00,2026-08-17 04:00:00,30129.1,30141.2,30128.7,30133.1,1766,10,0
2026-08-17 06:15:00,2026-08-17 04:15:00,30133.1,30141.5,30132.6,30140.7,1531,10,0
2026-08-17 06:30:00,2026-08-17 04:30:00,30140.7,30152.4,30132.6,30147.7,1753,10,0
2026-08-17 06:45:00,2026-08-17 04:45:00,30147.7,30153.1,30146.1,30152.9,1297,10,0
2026-08-17 07:00:00,2026-08-17 05:00:00,30152.8,30160.1,30150.1,30157.3,1442,10,0
2026-08-17 07:15:00,2026-08-17 05:15:00,30157.4,30157.9,30147.2,30147.2,1226,10,0
2026-08-17 07:30:00,2026-08-17 05:30:00,30147.2,30151.0,30141.0,30150.8,1245,10,0
2026-08-17 07:45:00,2026-08-17 05:45:00,30150.8,30154.4,30139.7,30141.6,1281,10,0
2026-08-17 08:00:00,2026-08-17 06:00:00,30141.6,30153.1,30141.1,30149.0,1483,10,0
2026-08-17 08:15:00,2026-08-17 06:15:00,30149.0,30152.8,30137.2,30150.5,1551,10,0
2026-08-17 08:30:00,2026-08-17 06:30:00,30150.6,30169.1,30143.9,30169.1,1967,10,0
2026-08-17 08:45:00,2026-08-17 06:45:00,30169.1,30180.5,30167.3,30179.2,1575,10,0
2026-08-17 09:00:00,2026-08-17 07:00:00,30179.2,30201.3,30174.1,30194.5,2031,10,0
2026-08-17 09:15:00,2026-08-17 07:15:00,30194.5,30205.4,30178.8,30203.1,1864,10,0
2026-08-17 09:30:00,2026-08-17 07:30:00,30203.3,30233.2,30200.5,30220.4,2002,10,0
2026-08-17 09:45:00,2026-08-17 07:45:00,30220.4,30231.7,30218.0,30231.2,1710,10,0
2026-08-17 10:00:00,2026-08-17 08:00:00,30231.2,30238.0,30181.2,30182.3,2709,10,0
2026-08-17 10:15:00,2026-08-17 08:15:00,30182.3,30186.7,30168.0,30186.0,2663,10,0
2026-08-17 10:30:00,2026-08-17 08:30:00,30186.1,30230.7,30183.5,30224.8,2460,10,0
2026-08-17 10:45:00,2026-08-17 08:45:00,30224.8,30229.0,30213.3,30219.2,2227,10,0
2026-08-17 11:00:00,2026-08-17 09:00:00,30219.3,30234.3,30203.5,30213.4,3063,10,0
2026-08-17 11:15:00,2026-08-17 09:15:00,30213.4,30225.9,30209.5,30222.1,2635,10,0
2026-08-17 11:30:00,2026-08-17 09:30:00,30222.3,30226.3,30194.4,30194.4,2595,10,0
2026-08-17 11:45:00,2026-08-17 09:45:00,30194.4,30211.9,30190.9,30204.4,2342,10,0
2026-08-17 12:00:00,2026-08-17 10:00:00,30204.4,30209.5,30194.7,30204.0,2436,10,0
2026-08-17 12:15:00,2026-08-17 10:15:00,30204.3,30204.3,30174.9,30181.1,2197,10,0
2026-08-17 12:30:00,2026-08-17 10:30:00,30181.2,30189.4,30174.0,30189.0,2323,10,0
2026-08-17 12:45:00,2026-08-17 10:45:00,30188.8,30197.7,30183.5,30188.0,2399,10,0
2026-08-17 13:00:00,2026-08-17 11:00:00,30188.0,30202.2,30183.1,30201.8,2187,10,0
2026-08-17 13:15:00,2026-08-17 11:15:00,30201.9,30246.1,30186.1,30245.1,2389,10,0
2026-08-17 13:30:00,2026-08-17 11:30:00,30244.3,30244.4,30199.7,30217.5,2802,10,0
2026-08-17 13:45:00,2026-08-17 11:45:00,30217.5,30223.7,30211.9,30221.4,2086,10,0
2026-08-17 14:00:00,2026-08-17 12:00:00,30221.7,30231.2,30203.1,30207.1,2628,10,0
2026-08-17 14:15:00,2026-08-17 12:15:00,30206.8,30213.7,30193.7,30205.7,2460,10,0
2026-08-17 14:30:00,2026-08-17 12:30:00,30206.0,30212.4,30199.3,30210.7,2319,10,0
2026-08-17 14:45:00,2026-08-17 12:45:00,30210.8,30216.5,30193.0,30193.0,2314,10,0
2026-08-17 15:00:00,2026-08-17 13:00:00,30193.0,30194.9,30153.6,30185.2,2875,10,0
2026-08-17 15:15:00,2026-08-17 13:15:00,30185.2,30186.9,30130.1,30142.7,3051,10,0
2026-08-17 15:30:00,2026-08-17 13:30:00,30142.7,30156.4,30089.8,30096.3,3371,10,0
2026-08-17 15:45:00,2026-08-17 13:45:00,30096.4,30119.5,30087.6,30108.4,3113,10,0
2026-08-17 16:00:00,2026-08-17 14:00:00,30108.7,30131.1,30106.7,30125.7,2945,10,0
2026-08-17 16:15:00,2026-08-17 14:15:00,30125.7,30144.1,30112.4,30125.4,3125,10,0
2026-08-17 16:30:00,2026-08-17 14:30:00,30125.1,30172.2,30073.0,30102.2,4239,10,0
2026-08-17 16:45:00,2026-08-17 14:45:00,30102.6,30160.6,30081.6,30139.3,4159,10,0
2026-08-17 17:00:00,2026-08-17 15:00:00,30140.8,30149.3,30068.5,30131.3,4079,10,0
2026-08-17 17:15:00,2026-08-17 15:15:00,30131.4,30132.3,30064.5,30104.4,3992,10,0
2026-08-17 17:30:00,2026-08-17 15:30:00,30104.5,30122.2,30092.4,30110.6,3864,10,0
2026-08-17 17:45:00,2026-08-17 15:45:00,30110.9,30152.5,30106.9,30149.9,3675,10,0
2026-08-17 18:00:00,2026-08-17 16:00:00,30150.0,30193.1,30140.3,30164.0,3687,10,0
2026-08-17 18:15:00,2026-08-17 16:15:00,30164.1,30184.1,30162.3,30175.6,3479,10,0
2026-08-17 18:30:00,2026-08-17 16:30:00,30175.6,30179.5,30115.4,30134.1,3620,10,0
2026-08-17 18:45:00,2026-08-17 16:45:00,30133.5,30156.3,30121.1,30146.3,3462,10,0
2026-08-17 19:00:00,2026-08-17 17:00:00,30146.2,30149.9,30107.1,30110.6,3467,10,0
2026-08-17 19:15:00,2026-08-17 17:15:00,30110.5,30124.3,30104.0,30113.9,3333,10,0
2026-08-17 19:30:00,2026-08-17 17:30:00,30113.8,30119.0,30089.0,30090.6,3149,10,0
2026-08-17 19:45:00,2026-08-17 17:45:00,30090.5,30098.7,30081.9,30090.5,3165,10,0
2026-08-17 20:00:00,2026-08-17 18:00:00,30090.5,30093.1,30035.1,30035.1,3315,10,0
2026-08-17 20:15:00,2026-08-17 18:15:00,30035.7,30048.3,30001.1,30003.4,3721,10,0
2026-08-17 20:30:00,2026-08-17 18:30:00,30003.4,30034.6,29994.0,30029.6,3597,10,0
2026-08-17 20:45:00,2026-08-17 18:45:00,30029.7,30034.3,30003.6,30009.0,3384,10,0
2026-08-17 21:00:00,2026-08-17 19:00:00,30009.0,30019.9,29986.1,30006.6,3519,10,0
2026-08-17 21:15:00,2026-08-17 19:15:00,30006.8,30020.4,29996.3,30010.2,3316,10,0
2026-08-17 21:30:00,2026-08-17 19:30:00,30010.2,30026.3,29999.8,30023.6,3111,10,0
2026-08-17 21:45:00,2026-08-17 19:45:00,30023.7,30043.1,30022.1,30028.5,2917,10,0
2026-08-17 22:00:00,2026-08-17 20:00:00,30028.6,30030.8,29990.1,29990.9,3169,10,0
2026-08-17 22:15:00,2026-08-17 20:15:00,29991.0,30020.4,29988.6,30000.3,3261,10,0
2026-08-17 22:30:00,2026-08-17 20:30:00,30000.2,30018.0,29995.4,30009.3,3303,10,0
2026-08-17 22:45:00,2026-08-17 20:45:00,30009.3,30026.4,29973.1,29995.3,3562,10,0
2026-08-17 23:00:00,2026-08-17 21:00:00,29996.5,30003.9,29977.6,29984.4,2746,10,0
2026-08-17 23:15:00,2026-08-17 21:15:00,29984.4,29988.8,29975.5,29984.6,1541,10,0
2026-08-17 23:30:00,2026-08-17 21:30:00,29984.5,29986.6,29968.1,29970.9,1604,10,0
2026-08-17 23:45:00,2026-08-17 21:45:00,29970.7,29984.8,29961.7,29977.1,1716,10,0
2026-08-18 01:00:00,2026-08-17 23:00:00,29989.7,30001.4,29981.5,29983.8,2027,10,0
2026-08-18 01:15:00,2026-08-17 23:15:00,29983.7,29994.7,29972.4,29985.6,1671,10,0
2026-08-18 01:30:00,2026-08-17 23:30:00,29985.3,29986.4,29977.3,29981.0,1300,10,0
2026-08-18 01:45:00,2026-08-17 23:45:00,29981.0,29993.4,29980.4,29988.9,1178,10,0
2026-08-18 02:00:00,2026-08-18 00:00:00,29988.9,29996.8,29980.4,29991.3,1416,10,0
2026-08-18 02:15:00,2026-08-18 00:15:00,29991.5,29997.6,29981.6,29993.9,1204,10,0
2026-08-18 02:30:00,2026-08-18 00:30:00,29993.7,30010.2,29992.2,30006.4,1447,10,0
2026-08-18 02:45:00,2026-08-18 00:45:00,30006.2,30009.9,29991.0,30004.9,2330,10,0
2026-08-18 03:00:00,2026-08-18 01:00:00,30004.7,30013.3,29994.5,30010.4,3099,10,0
2026-08-18 03:15:00,2026-08-18 01:15:00,30010.4,30024.1,30001.7,30010.7,2622,10,0
2026-08-18 03:30:00,2026-08-18 01:30:00,30010.7,30023.2,30008.5,30022.4,2433,10,0
2026-08-18 03:45:00,2026-08-18 01:45:00,30022.4,30030.5,30006.6,30008.4,2493,10,0
2026-08-18 04:00:00,2026-08-18 02:00:00,30008.8,30019.7,30000.3,30019.4,2951,10,0
2026-08-18 04:15:00,2026-08-18 02:15:00,30019.2,30019.4,29986.8,29997.1,2797,10,0
2026-08-18 04:30:00,2026-08-18 02:30:00,29997.1,29999.8,29952.7,29959.5,2979,10,0
2026-08-18 04:45:00,2026-08-18 02:45:00,29959.4,29964.9,29882.9,29922.7,3468,10,0
2026-08-18 05:00:00,2026-08-18 03:00:00,29922.2,29931.4,29873.9,29875.4,3253,10,0
2026-08-18 05:15:00,2026-08-18 03:15:00,29875.7,29880.4,29835.1,29842.7,3326,10,0
2026-08-18 05:30:00,2026-08-18 03:30:00,29842.8,29869.5,29817.2,29819.4,3364,10,0
2026-08-18 05:45:00,2026-08-18 03:45:00,29819.4,29830.4,29791.0,29818.6,3342,10,0
2026-08-18 06:00:00,2026-08-18 04:00:00,29818.7,29825.3,29798.6,29804.6,3034,10,0
2026-08-18 06:15:00,2026-08-18 04:15:00,29804.3,29806.9,29772.3,29789.7,2982,10,0
2026-08-18 06:30:00,2026-08-18 04:30:00,29789.9,29807.2,29763.4,29805.7,3195,10,0
2026-08-18 06:45:00,2026-08-18 04:45:00,29805.3,29817.7,29792.6,29803.4,3103,10,0
2026-08-18 07:00:00,2026-08-18 05:00:00,29803.1,29808.5,29780.7,29808.1,2971,10,0
2026-08-18 07:15:00,2026-08-18 05:15:00,29808.0,29824.9,29790.6,29821.1,2813,10,0
2026-08-18 07:30:00,2026-08-18 05:30:00,29821.1,29830.7,29802.6,29810.4,2717,10,0
2026-08-18 07:45:00,2026-08-18 05:45:00,29810.4,29837.1,29805.9,29827.4,2408,10,0
2026-08-18 08:00:00,2026-08-18 06:00:00,29827.4,29828.6,29787.4,29789.8,2807,10,0
2026-08-18 08:15:00,2026-08-18 06:15:00,29789.7,29796.9,29784.6,29785.7,2563,10,0
2026-08-18 08:30:00,2026-08-18 06:30:00,29785.7,29786.7,29772.5,29775.7,2630,10,0
2026-08-18 08:45:00,2026-08-18 06:45:00,29775.5,29790.0,29747.1,29750.5,2619,10,0
2026-08-18 09:00:00,2026-08-18 07:00:00,29749.5,29753.3,29695.7,29745.5,3338,10,0
2026-08-18 09:15:00,2026-08-18 07:15:00,29745.6,29776.6,29730.7,29770.6,3145,10,0
2026-08-18 09:30:00,2026-08-18 07:30:00,29770.1,29785.6,29762.5,29775.9,2689,10,0
2026-08-18 09:45:00,2026-08-18 07:45:00,29775.8,29804.7,29772.9,29803.4,2293,10,0
2026-08-18 10:00:00,2026-08-18 08:00:00,29802.1,29806.7,29771.3,29772.1,3138,10,0
2026-08-18 10:15:00,2026-08-18 08:15:00,29771.8,29781.1,29756.0,29757.4,2812,10,0
2026-08-18 10:30:00,2026-08-18 08:30:00,29757.1,29764.5,29731.8,29735.4,2977,10,0
2026-08-18 10:45:00,2026-08-18 08:45:00,29735.7,29751.0,29718.8,29720.4,2835,10,0
2026-08-18 11:00:00,2026-08-18 09:00:00,29720.3,29724.0,29648.2,29676.8,3629,10,0
2026-08-18 11:15:00,2026-08-18 09:15:00,29677.0,29695.2,29645.9,29667.8,3347,10,0
2026-08-18 11:30:00,2026-08-18 09:30:00,29667.8,29702.4,29658.4,29692.4,3284,10,0
2026-08-18 11:45:00,2026-08-18 09:45:00,29692.5,29692.6,29653.1,29676.8,2962,10,0
2026-08-18 12:00:00,2026-08-18 10:00:00,29676.6,29687.7,29654.0,29675.3,3276,10,0
2026-08-18 12:15:00,2026-08-18 10:15:00,29674.9,29680.0,29634.6,29646.0,3093,10,0
2026-08-18 12:30:00,2026-08-18 10:30:00,29646.0,29650.9,29609.4,29622.4,3267,10,0
2026-08-18 12:45:00,2026-08-18 10:45:00,29622.3,29646.5,29597.2,29642.8,3133,10,0
2026-08-18 13:00:00,2026-08-18 11:00:00,29642.9,29653.1,29626.4,29631.9,3025,10,0
2026-08-18 13:15:00,2026-08-18 11:15:00,29631.8,29652.4,29615.0,29637.0,2837,10,0
2026-08-18 13:30:00,2026-08-18 11:30:00,29637.0,29655.2,29630.9,29638.4,2731,10,0
2026-08-18 13:45:00,2026-08-18 11:45:00,29638.3,29662.4,29631.4,29648.6,2548,10,0
2026-08-18 14:00:00,2026-08-18 12:00:00,29648.7,29682.4,29641.0,29678.2,2950,10,0
2026-08-18 14:15:00,2026-08-18 12:15:00,29678.2,29683.6,29663.6,29667.7,2824,10,0
2026-08-18 14:30:00,2026-08-18 12:30:00,29667.6,29670.0,29637.1,29665.0,2998,10,0
2026-08-18 14:45:00,2026-08-18 12:45:00,29664.9,29683.4,29655.9,29657.8,2842,10,0
2026-08-18 15:00:00,2026-08-18 13:00:00,29657.7,29695.6,29636.7,29642.5,3115,10,0
2026-08-18 15:15:00,2026-08-18 13:15:00,29642.5,29669.3,29621.3,29623.0,3010,10,0
2026-08-18 15:30:00,2026-08-18 13:30:00,29623.1,29630.9,29596.0,29598.8,3061,10,0
2026-08-18 15:45:00,2026-08-18 13:45:00,29598.6,29630.7,29591.2,29623.2,2812,10,0
2026-08-18 16:00:00,2026-08-18 14:00:00,29623.2,29636.4,29600.9,29605.9,2975,10,0
2026-08-18 16:15:00,2026-08-18 14:15:00,29605.8,29618.7,29588.5,29600.0,3261,10,0
2026-08-18 16:30:00,2026-08-18 14:30:00,29599.9,29678.8,29541.5,29597.2,4291,10,0
2026-08-18 16:45:00,2026-08-18 14:45:00,29597.4,29609.8,29515.0,29555.5,4218,10,0
2026-08-18 17:00:00,2026-08-18 15:00:00,29555.9,29614.6,29479.6,29496.2,4173,10,0
2026-08-18 17:15:00,2026-08-18 15:15:00,29496.7,29593.6,29488.7,29579.7,4125,10,0
2026-08-18 17:30:00,2026-08-18 15:30:00,29579.2,29600.5,29523.0,29523.4,4106,10,0
2026-08-18 17:45:00,2026-08-18 15:45:00,29523.2,29535.0,29446.6,29458.0,4048,10,0
2026-08-18 18:00:00,2026-08-18 16:00:00,29457.6,29480.9,29424.2,29456.0,4045,10,0
2026-08-18 18:15:00,2026-08-18 16:15:00,29456.2,29509.5,29442.5,29501.1,3916,10,0
2026-08-18 18:30:00,2026-08-18 16:30:00,29500.9,29519.5,29476.5,29508.4,3906,10,0
2026-08-18 18:45:00,2026-08-18 16:45:00,29508.2,29550.6,29508.2,29546.6,3839,10,0
2026-08-18 19:00:00,2026-08-18 17:00:00,29546.7,29572.6,29535.8,29555.6,3717,10,0
2026-08-18 19:15:00,2026-08-18 17:15:00,29556.0,29567.1,29519.4,29520.4,3660,10,0
2026-08-18 19:30:00,2026-08-18 17:30:00,29520.2,29559.5,29513.7,29539.5,3621,10,0
2026-08-18 19:45:00,2026-08-18 17:45:00,29539.9,29580.2,29529.1,29559.6,3597,10,0
2026-08-18 20:00:00,2026-08-18 18:00:00,29559.4,29571.1,29528.4,29544.7,3629,10,0
2026-08-18 20:15:00,2026-08-18 18:15:00,29544.8,29545.2,29502.9,29525.8,3383,10,0
2026-08-18 20:30:00,2026-08-18 18:30:00,29525.6,29531.6,29501.5,29513.9,3438,10,0
2026-08-18 20:45:00,2026-08-18 18:45:00,29513.7,29524.0,29476.1,29476.1,3310,10,0
2026-08-18 21:00:00,2026-08-18 19:00:00,29475.7,29488.6,29457.6,29484.1,3488,10,0
2026-08-18 21:15:00,2026-08-18 19:15:00,29484.5,29524.2,29480.5,29512.9,3369,10,0
2026-08-18 21:30:00,2026-08-18 19:30:00,29512.5,29523.6,29494.3,29497.6,3258,10,0
2026-08-18 21:45:00,2026-08-18 19:45:00,29495.8,29507.6,29475.8,29481.5,3195,10,0
2026-08-18 22:00:00,2026-08-18 20:00:00,29481.2,29495.4,29474.5,29481.7,3259,10,0
2026-08-18 22:15:00,2026-08-18 20:15:00,29482.0,29516.4,29475.1,29509.9,3290,10,0
2026-08-18 22:30:00,2026-08-18 20:30:00,29509.2,29515.4,29492.9,29510.4,3380,10,0
2026-08-18 22:45:00,2026-08-18 20:45:00,29510.2,29517.3,29470.3,29495.4,3664,10,0
2026-08-18 23:00:00,2026-08-18 21:00:00,29496.6,29506.6,29476.1,29483.0,2860,10,0
2026-08-18 23:15:00,2026-08-18 21:15:00,29483.1,29490.1,29471.4,29487.9,1869,10,0
2026-08-18 23:30:00,2026-08-18 21:30:00,29487.9,29495.9,29484.3,29487.4,1356,10,0
2026-08-18 23:45:00,2026-08-18 21:45:00,29487.6,29488.6,29460.0,29472.2,1816,10,0
2026-08-19 01:00:00,2026-08-18 23:00:00,29478.2,29495.0,29468.0,29487.7,2116,10,0
2026-08-19 01:15:00,2026-08-18 23:15:00,29487.7,29506.0,29459.3,29460.0,2050,10,0
2026-08-19 01:30:00,2026-08-18 23:30:00,29460.1,29464.9,29435.5,29446.0,2050,10,0
2026-08-19 01:45:00,2026-08-18 23:45:00,29446.7,29448.4,29430.5,29432.8,1641,10,0
2026-08-19 02:00:00,2026-08-19 00:00:00,29432.9,29453.8,29428.4,29446.5,1727,10,0
2026-08-19 02:15:00,2026-08-19 00:15:00,29446.5,29479.9,29435.2,29459.6,1903,10,0
2026-08-19 02:30:00,2026-08-19 00:30:00,29459.6,29461.7,29437.1,29447.5,1826,10,0
2026-08-19 02:45:00,2026-08-19 00:45:00,29447.5,29463.6,29438.3,29441.4,2891,10,0
2026-08-19 03:00:00,2026-08-19 01:00:00,29441.4,29442.0,29360.4,29375.0,3793,10,0
2026-08-19 03:15:00,2026-08-19 01:15:00,29373.7,29442.6,29364.3,29442.5,3637,10,0
2026-08-19 03:30:00,2026-08-19 01:30:00,29442.9,29488.7,29442.9,29483.2,3452,10,0
2026-08-19 03:45:00,2026-08-19 01:45:00,29483.2,29498.6,29448.5,29453.5,3510,10,0
2026-08-19 04:00:00,2026-08-19 02:00:00,29453.6,29510.9,29444.0,29499.5,3562,10,0
2026-08-19 04:15:00,2026-08-19 02:15:00,29499.3,29522.9,29483.1,29514.7,3597,10,0
2026-08-19 04:30:00,2026-08-19 02:30:00,29513.0,29517.7,29477.8,29489.4,3561,10,0
2026-08-19 04:45:00,2026-08-19 02:45:00,29489.1,29496.0,29476.8,29491.8,3529,10,0
2026-08-19 05:00:00,2026-08-19 03:00:00,29491.8,29496.9,29439.8,29447.0,3237,10,0
2026-08-19 05:15:00,2026-08-19 03:15:00,29446.5,29476.8,29435.2,29455.7,3458,10,0
2026-08-19 05:30:00,2026-08-19 03:30:00,29455.7,29458.8,29429.2,29436.2,3169,10,0
2026-08-19 05:45:00,2026-08-19 03:45:00,29436.4,29456.2,29431.8,29444.8,3149,10,0
2026-08-19 06:00:00,2026-08-19 04:00:00,29444.6,29466.9,29433.9,29444.5,2959,10,0
2026-08-19 06:15:00,2026-08-19 04:15:00,29444.4,29462.3,29433.5,29447.6,2958,10,0
2026-08-19 06:30:00,2026-08-19 04:30:00,29447.4,29480.0,29442.2,29444.2,3164,10,0
2026-08-19 06:45:00,2026-08-19 04:45:00,29444.3,29458.4,29429.5,29438.8,2886,10,0
2026-08-19 07:00:00,2026-08-19 05:00:00,29439.0,29440.7,29421.7,29429.5,2756,10,0
2026-08-19 07:15:00,2026-08-19 05:15:00,29429.4,29456.4,29420.7,29446.5,2942,10,0
2026-08-19 07:30:00,2026-08-19 05:30:00,29446.5,29454.1,29411.6,29413.5,3018,10,0
2026-08-19 07:45:00,2026-08-19 05:45:00,29413.5,29420.5,29377.4,29418.8,2993,10,0
2026-08-19 08:00:00,2026-08-19 06:00:00,29418.8,29447.9,29396.0,29401.4,3414,10,0
2026-08-19 08:15:00,2026-08-19 06:15:00,29401.5,29422.6,29379.9,29421.3,3311,10,0
2026-08-19 08:30:00,2026-08-19 06:30:00,29421.4,29425.1,29374.2,29386.3,3312,10,0
2026-08-19 08:45:00,2026-08-19 06:45:00,29386.3,29390.0,29360.1,29370.4,2986,10,0
2026-08-19 09:00:00,2026-08-19 07:00:00,29370.4,29379.5,29344.4,29348.6,3306,10,0
2026-08-19 09:15:00,2026-08-19 07:15:00,29348.6,29417.5,29348.1,29395.4,3280,10,0
2026-08-19 09:30:00,2026-08-19 07:30:00,29395.1,29407.7,29373.5,29404.4,3096,10,0
2026-08-19 09:45:00,2026-08-19 07:45:00,29404.4,29474.4,29404.4,29471.8,3196,10,0
2026-08-19 10:00:00,2026-08-19 08:00:00,29471.9,29476.6,29434.1,29471.8,3440,10,0
2026-08-19 10:15:00,2026-08-19 08:15:00,29471.8,29491.7,29446.8,29491.7,3009,10,0
2026-08-19 10:30:00,2026-08-19 08:30:00,29491.7,29502.4,29460.6,29484.1,2984,10,0
2026-08-19 10:45:00,2026-08-19 08:45:00,29484.1,29519.9,29482.8,29513.9,2926,10,0
2026-08-19 11:00:00,2026-08-19 09:00:00,29514.1,29553.9,29506.0,29537.2,3468,10,0
2026-08-19 11:15:00,2026-08-19 09:15:00,29537.4,29552.2,29521.0,29535.7,3239,10,0
2026-08-19 11:30:00,2026-08-19 09:30:00,29535.7,29545.6,29513.6,29539.3,2946,10,0
2026-08-19 11:45:00,2026-08-19 09:45:00,29539.3,29546.4,29520.6,29521.5,2760,10,0
2026-08-19 12:00:00,2026-08-19 10:00:00,29521.6,29543.4,29507.1,29507.1,2940,10,0
2026-08-19 12:15:00,2026-08-19 10:15:00,29507.0,29511.0,29479.3,29484.7,2802,10,0
2026-08-19 12:30:00,2026-08-19 10:30:00,29484.7,29500.7,29463.1,29465.1,2919,10,0
2026-08-19 12:45:00,2026-08-19 10:45:00,29465.2,29476.1,29449.7,29466.6,2919,10,0
2026-08-19 13:00:00,2026-08-19 11:00:00,29466.7,29470.6,29423.9,29454.0,3225,10,0
2026-08-19 13:15:00,2026-08-19 11:15:00,29453.0,29454.2,29425.0,29449.1,3076,10,0
2026-08-19 13:30:00,2026-08-19 11:30:00,29449.3,29470.5,29442.5,29468.0,2879,10,0
2026-08-19 13:45:00,2026-08-19 11:45:00,29468.0,29471.8,29431.1,29434.4,2718,10,0
2026-08-19 14:00:00,2026-08-19 12:00:00,29435.5,29491.0,29422.5,29460.9,3365,10,0
2026-08-19 14:15:00,2026-08-19 12:15:00,29460.9,29472.9,29444.9,29451.0,3128,10,0
2026-08-19 14:30:00,2026-08-19 12:30:00,29450.0,29454.7,29421.9,29426.9,3153,10,0
2026-08-19 14:45:00,2026-08-19 12:45:00,29426.9,29450.5,29420.1,29448.7,3082,10,0
2026-08-19 15:00:00,2026-08-19 13:00:00,29448.6,29471.4,29424.6,29465.8,3322,10,0
2026-08-19 15:15:00,2026-08-19 13:15:00,29465.8,29495.6,29463.1,29487.0,3246,10,0
2026-08-19 15:30:00,2026-08-19 13:30:00,29487.7,29596.5,29462.2,29596.5,3952,10,0
2026-08-19 15:45:00,2026-08-19 13:45:00,29596.5,29670.0,29596.5,29655.7,3899,10,0
2026-08-19 16:00:00,2026-08-19 14:00:00,29656.0,29656.0,29594.5,29637.2,3786,10,0
2026-08-19 16:15:00,2026-08-19 14:15:00,29636.9,29661.1,29610.0,29611.6,3649,10,0
2026-08-19 16:30:00,2026-08-19 14:30:00,29609.7,29654.6,29475.4,29521.3,4305,10,0
2026-08-19 16:45:00,2026-08-19 14:45:00,29523.4,29548.7,29322.3,29409.2,4279,10,0
2026-08-19 17:00:00,2026-08-19 15:00:00,29409.8,29426.2,29292.8,29294.7,4270,10,0
2026-08-19 17:15:00,2026-08-19 15:15:00,29296.2,29397.4,29291.4,29395.7,4228,10,0
2026-08-19 17:30:00,2026-08-19 15:30:00,29395.8,29488.3,29382.1,29477.0,4158,10,0
2026-08-19 17:45:00,2026-08-19 15:45:00,29477.2,29537.3,29441.0,29536.4,4054,10,0
2026-08-19 18:00:00,2026-08-19 16:00:00,29536.6,29542.7,29495.5,29530.5,3990,10,0
2026-08-19 18:15:00,2026-08-19 16:15:00,29530.2,29543.5,29502.8,29525.8,3974,10,0
2026-08-19 18:30:00,2026-08-19 16:30:00,29526.6,29529.7,29463.6,29509.9,3958,10,0
2026-08-19 18:45:00,2026-08-19 16:45:00,29509.5,29529.1,29483.1,29520.5,3928,10,0
2026-08-19 19:00:00,2026-08-19 17:00:00,29520.6,29566.6,29501.0,29552.3,3795,10,0
2026-08-19 19:15:00,2026-08-19 17:15:00,29552.0,29580.2,29516.1,29522.8,3731,10,0
2026-08-19 19:30:00,2026-08-19 17:30:00,29522.5,29535.0,29508.2,29523.1,3692,10,0
2026-08-19 19:45:00,2026-08-19 17:45:00,29523.2,29524.2,29466.8,29472.6,3679,10,0
2026-08-19 20:00:00,2026-08-19 18:00:00,29472.8,29485.8,29453.3,29461.9,3734,10,0
2026-08-19 20:15:00,2026-08-19 18:15:00,29461.4,29469.4,29424.1,29452.7,3712,10,0
2026-08-19 20:30:00,2026-08-19 18:30:00,29453.0,29457.7,29429.2,29449.7,3643,10,0
2026-08-19 20:45:00,2026-08-19 18:45:00,29449.7,29473.9,29447.9,29456.8,3438,10,0
2026-08-19 21:00:00,2026-08-19 19:00:00,29456.9,29504.0,29413.5,29433.2,3811,10,0
2026-08-19 21:15:00,2026-08-19 19:15:00,29433.2,29453.1,29405.3,29451.2,3773,10,0
2026-08-19 21:30:00,2026-08-19 19:30:00,29452.2,29491.8,29450.1,29473.5,3748,10,0
2026-08-19 21:45:00,2026-08-19 19:45:00,29473.7,29474.7,29441.2,29448.5,3596,10,0
2026-08-19 22:00:00,2026-08-19 20:00:00,29449.7,29472.1,29442.9,29460.9,3587,10,0
2026-08-19 22:15:00,2026-08-19 20:15:00,29460.5,29492.2,29457.2,29469.7,3518,10,0
2026-08-19 22:30:00,2026-08-19 20:30:00,29471.0,29502.5,29441.0,29444.0,3712,10,0
2026-08-19 22:45:00,2026-08-19 20:45:00,29444.2,29446.2,29398.9,29432.8,3823,10,0
2026-08-19 23:00:00,2026-08-19 21:00:00,29436.1,29454.7,29431.5,29432.1,2918,10,0
2026-08-19 23:15:00,2026-08-19 21:15:00,29432.2,29439.2,29427.7,29438.2,1967,10,0
2026-08-19 23:30:00,2026-08-19 21:30:00,29438.4,29445.0,29433.5,29442.3,1630,10,0
2026-08-19 23:45:00,2026-08-19 21:45:00,29442.5,29470.7,29440.8,29470.1,1710,10,0
2026-08-20 01:00:00,2026-08-19 23:00:00,29483.0,29550.4,29468.1,29539.4,2707,10,0
2026-08-20 01:15:00,2026-08-19 23:15:00,29539.4,29545.6,29521.0,29534.0,1833,10,0
2026-08-20 01:30:00,2026-08-19 23:30:00,29534.0,29550.9,29526.3,29543.7,1698,10,0
2026-08-20 01:45:00,2026-08-19 23:45:00,29543.7,29565.2,29541.7,29562.8,1352,10,0
2026-08-20 02:00:00,2026-08-20 00:00:00,29562.8,29601.3,29546.1,29564.9,2239,10,0
2026-08-20 02:15:00,2026-08-20 00:15:00,29564.8,29573.0,29556.7,29564.2,1482,10,0
2026-08-20 02:30:00,2026-08-20 00:30:00,29564.2,29579.2,29557.2,29572.3,1528,10,0
2026-08-20 02:45:00,2026-08-20 00:45:00,29572.0,29574.7,29539.8,29542.9,2460,10,0
2026-08-20 03:00:00,2026-08-20 01:00:00,29543.2,29543.5,29495.3,29543.1,3680,10,0
2026-08-20 03:15:00,2026-08-20 01:15:00,29543.2,29578.0,29538.3,29544.2,3530,10,0
2026-08-20 03:30:00,2026-08-20 01:30:00,29544.4,29577.6,29530.3,29567.6,3321,10,0
2026-08-20 03:45:00,2026-08-20 01:45:00,29567.7,29588.7,29556.0,29583.8,3320,10,0
2026-08-20 04:00:00,2026-08-20 02:00:00,29583.8,29597.1,29553.4,29558.0,3559,10,0
2026-08-20 04:15:00,2026-08-20 02:15:00,29558.0,29579.7,29537.6,29547.7,3642,10,0
2026-08-20 04:30:00,2026-08-20 02:30:00,29547.7,29584.2,29537.0,29581.9,3607,10,0
2026-08-20 04:45:00,2026-08-20 02:45:00,29582.1,29587.7,29543.5,29556.2,3476,10,0
2026-08-20 05:00:00,2026-08-20 03:00:00,29556.0,29595.8,29553.2,29581.2,3362,10,0
2026-08-20 05:15:00,2026-08-20 03:15:00,29580.9,29582.6,29526.6,29545.0,3455,10,0
2026-08-20 05:30:00,2026-08-20 03:30:00,29545.1,29574.7,29523.4,29559.8,3349,10,0
2026-08-20 05:45:00,2026-08-20 03:45:00,29559.6,29560.5,29524.4,29542.7,3095,10,0
2026-08-20 06:00:00,2026-08-20 04:00:00,29544.3,29568.3,29519.0,29537.8,3129,10,0
2026-08-20 06:15:00,2026-08-20 04:15:00,29537.9,29569.2,29534.0,29539.3,2865,10,0
2026-08-20 06:30:00,2026-08-20 04:30:00,29539.5,29541.4,29510.2,29532.8,3242,10,0
2026-08-20 06:45:00,2026-08-20 04:45:00,29530.7,29543.5,29524.7,29531.0,2879,10,0
2026-08-20 07:00:00,2026-08-20 05:00:00,29531.0,29568.1,29524.0,29567.5,2561,10,0
2026-08-20 07:15:00,2026-08-20 05:15:00,29567.5,29568.7,29549.0,29552.7,2698,10,0
2026-08-20 07:30:00,2026-08-20 05:30:00,29552.9,29553.9,29521.3,29541.0,2963,10,0
2026-08-20 07:45:00,2026-08-20 05:45:00,29540.9,29552.9,29524.9,29530.4,2589,10,0
2026-08-20 08:00:00,2026-08-20 06:00:00,29530.0,29536.3,29501.2,29509.8,2987,10,0
2026-08-20 08:15:00,2026-08-20 06:15:00,29509.6,29554.0,29507.7,29529.7,2958,10,0
2026-08-20 08:30:00,2026-08-20 06:30:00,29529.8,29547.5,29517.3,29527.2,3051,10,0
2026-08-20 08:45:00,2026-08-20 06:45:00,29527.0,29531.2,29512.4,29518.7,2793,10,0
2026-08-20 09:00:00,2026-08-20 07:00:00,29518.7,29579.2,29515.5,29572.5,3191,10,0
2026-08-20 09:15:00,2026-08-20 07:15:00,29572.4,29573.9,29551.8,29567.5,2816,10,0
2026-08-20 09:30:00,2026-08-20 07:30:00,29567.2,29589.9,29560.2,29584.5,2627,10,0
2026-08-20 09:45:00,2026-08-20 07:45:00,29584.4,29598.9,29579.9,29585.2,2461,10,0
2026-08-20 10:00:00,2026-08-20 08:00:00,29585.4,29585.4,29545.9,29550.8,3342,10,0
2026-08-20 10:15:00,2026-08-20 08:15:00,29550.5,29561.0,29518.5,29528.2,3049,10,0
2026-08-20 10:30:00,2026-08-20 08:30:00,29528.2,29547.6,29508.6,29519.8,3228,10,0
2026-08-20 10:45:00,2026-08-20 08:45:00,29519.7,29549.9,29506.0,29507.6,2893,10,0
2026-08-20 11:00:00,2026-08-20 09:00:00,29507.4,29517.6,29432.8,29450.9,3691,10,0
2026-08-20 11:15:00,2026-08-20 09:15:00,29450.2,29461.6,29409.3,29414.8,3528,10,0
2026-08-20 11:30:00,2026-08-20 09:30:00,29414.7,29437.7,29378.5,29412.7,3550,10,0
2026-08-20 11:45:00,2026-08-20 09:45:00,29412.7,29416.8,29368.9,29390.0,3356,10,0
2026-08-20 12:00:00,2026-08-20 10:00:00,29389.8,29456.3,29379.9,29436.3,3397,10,0
2026-08-20 12:15:00,2026-08-20 10:15:00,29436.5,29455.7,29425.7,29441.6,3028,10,0
2026-08-20 12:30:00,2026-08-20 10:30:00,29441.3,29450.7,29420.3,29448.2,3161,10,0
2026-08-20 12:45:00,2026-08-20 10:45:00,29448.0,29459.8,29425.9,29440.5,2934,10,0
2026-08-20 13:00:00,2026-08-20 11:00:00,29440.5,29474.7,29425.3,29470.2,3069,10,0
2026-08-20 13:15:00,2026-08-20 11:15:00,29470.2,29472.5,29439.8,29449.9,2867,10,0
2026-08-20 13:30:00,2026-08-20 11:30:00,29450.3,29461.4,29428.9,29438.1,3008,10,0
2026-08-20 13:45:00,2026-08-20 11:45:00,29438.2,29479.0,29437.6,29478.1,2928,10,0
2026-08-20 14:00:00,2026-08-20 12:00:00,29478.5,29495.3,29376.3,29400.8,3585,10,0
2026-08-20 14:15:00,2026-08-20 12:15:00,29401.2,29411.1,29335.3,29338.1,3446,10,0
2026-08-20 14:30:00,2026-08-20 12:30:00,29338.2,29366.8,29330.9,29336.6,3573,10,0
2026-08-20 14:45:00,2026-08-20 12:45:00,29337.1,29337.4,29262.2,29273.9,3696,10,0
2026-08-20 15:00:00,2026-08-20 13:00:00,29274.0,29287.6,29177.4,29185.8,3972,10,0
2026-08-20 15:15:00,2026-08-20 13:15:00,29185.2,29218.0,29177.7,29188.4,3772,10,0
2026-08-20 15:30:00,2026-08-20 13:30:00,29188.4,29205.4,29154.2,29202.5,3800,10,0
2026-08-20 15:45:00,2026-08-20 13:45:00,29202.4,29262.7,29197.0,29259.4,3465,10,0
2026-08-20 16:00:00,2026-08-20 14:00:00,29259.3,29285.7,29246.7,29251.3,3588,10,0
2026-08-20 16:15:00,2026-08-20 14:15:00,29251.4,29282.0,29237.1,29265.9,3615,10,0
2026-08-20 16:30:00,2026-08-20 14:30:00,29264.4,29382.7,29252.3,29355.8,4294,10,0
2026-08-20 16:45:00,2026-08-20 14:45:00,29354.8,29371.4,29223.4,29266.5,4269,10,0
2026-08-20 17:00:00,2026-08-20 15:00:00,29266.3,29318.6,29230.0,29280.9,4270,10,0
2026-08-20 17:15:00,2026-08-20 15:15:00,29282.0,29325.6,29221.5,29263.0,4236,10,0
2026-08-20 17:30:00,2026-08-20 15:30:00,29263.5,29341.6,29242.2,29334.5,4149,10,0
2026-08-20 17:45:00,2026-08-20 15:45:00,29334.8,29345.9,29262.6,29305.5,4124,10,0
2026-08-20 18:00:00,2026-08-20 16:00:00,29305.7,29367.5,29238.4,29278.4,4217,10,0
2026-08-20 18:15:00,2026-08-20 16:15:00,29277.7,29282.2,29214.5,29256.9,4097,10,0
2026-08-20 18:30:00,2026-08-20 16:30:00,29257.2,29262.7,29189.9,29191.1,4046,10,0
2026-08-20 18:45:00,2026-08-20 16:45:00,29191.0,29245.4,29182.8,29243.2,3948,10,0
2026-08-20 19:00:00,2026-08-20 17:00:00,29242.9,29258.5,29215.8,29220.8,3794,10,0
2026-08-20 19:15:00,2026-08-20 17:15:00,29220.5,29268.6,29218.6,29253.7,3769,10,0
2026-08-20 19:30:00,2026-08-20 17:30:00,29253.8,29290.8,29223.3,29290.2,3702,10,0
2026-08-20 19:45:00,2026-08-20 17:45:00,29289.3,29301.8,29269.3,29292.1,3698,10,0
2026-08-20 20:00:00,2026-08-20 18:00:00,29292.0,29294.7,29247.9,29250.3,3733,10,0
2026-08-20 20:15:00,2026-08-20 18:15:00,29250.1,29251.0,29205.4,29208.0,3615,10,0
2026-08-20 20:30:00,2026-08-20 18:30:00,29208.0,29217.2,29195.7,29203.2,3552,10,0
2026-08-20 20:45:00,2026-08-20 18:45:00,29202.9,29238.4,29200.8,29205.7,3510,10,0
2026-08-20 21:00:00,2026-08-20 19:00:00,29205.5,29205.8,29128.5,29143.7,3705,10,0
2026-08-20 21:15:00,2026-08-20 19:15:00,29143.6,29161.2,29115.7,29145.0,3638,10,0
2026-08-20 21:30:00,2026-08-20 19:30:00,29146.0,29150.2,29125.2,29147.5,3521,10,0
2026-08-20 21:45:00,2026-08-20 19:45:00,29147.5,29171.9,29140.6,29156.4,3468,10,0
2026-08-20 22:00:00,2026-08-20 20:00:00,29156.2,29206.3,29155.1,29194.5,3623,10,0
2026-08-20 22:15:00,2026-08-20 20:15:00,29194.0,29220.6,29180.9,29217.3,3542,10,0
2026-08-20 22:30:00,2026-08-20 20:30:00,29217.3,29248.4,29203.8,29224.3,3628,10,0
2026-08-20 22:45:00,2026-08-20 20:45:00,29224.4,29243.4,29199.8,29217.2,3799,10,0
2026-08-20 23:00:00,2026-08-20 21:00:00,29218.4,29233.8,29190.5,29193.8,3216,10,0
2026-08-20 23:15:00,2026-08-20 21:15:00,29194.0,29206.3,29177.3,29201.0,2165,10,0
2026-08-20 23:30:00,2026-08-20 21:30:00,29201.1,29222.0,29198.2,29215.6,1967,10,0
2026-08-20 23:45:00,2026-08-20 21:45:00,29215.5,29223.4,29208.8,29219.0,1476,10,0
2026-08-21 01:00:00,2026-08-20 23:00:00,29255.9,29260.3,29187.7,29191.6,2454,10,0
2026-08-21 01:15:00,2026-08-20 23:15:00,29191.5,29204.1,29191.3,29200.8,1506,10,0
2026-08-21 01:30:00,2026-08-20 23:30:00,29200.9,29222.4,29195.7,29214.9,1639,10,0
2026-08-21 01:45:00,2026-08-20 23:45:00,29214.6,29239.2,29210.2,29235.9,1365,10,0
2026-08-21 02:00:00,2026-08-21 00:00:00,29235.8,29236.7,29227.1,29231.8,1274,10,0
2026-08-21 02:15:00,2026-08-21 00:15:00,29231.8,29241.7,29226.1,29229.4,1267,10,0
2026-08-21 02:30:00,2026-08-21 00:30:00,29229.5,29236.6,29209.8,29230.1,1619,10,0
2026-08-21 02:45:00,2026-08-21 00:45:00,29230.1,29231.1,29200.6,29207.0,2980,10,0
2026-08-21 03:00:00,2026-08-21 01:00:00,29207.1,29278.0,29204.6,29274.8,3586,10,0
2026-08-21 03:15:00,2026-08-21 01:15:00,29274.9,29274.9,29229.4,29239.1,3504,10,0
2026-08-21 03:30:00,2026-08-21 01:30:00,29239.4,29269.5,29225.9,29267.1,3481,10,0
2026-08-21 03:45:00,2026-08-21 01:45:00,29267.3,29275.4,29234.1,29234.8,3476,10,0
2026-08-21 04:00:00,2026-08-21 02:00:00,29234.4,29248.1,29205.6,29243.7,3633,10,0
2026-08-21 04:15:00,2026-08-21 02:15:00,29244.0,29269.7,29227.1,29253.7,3550,10,0
2026-08-21 04:30:00,2026-08-21 02:30:00,29253.8,29269.8,29234.0,29264.1,3535,10,0
2026-08-21 04:45:00,2026-08-21 02:45:00,29264.1,29285.9,29247.5,29266.7,3269,10,0
2026-08-21 05:00:00,2026-08-21 03:00:00,29266.3,29286.5,29256.6,29286.2,3149,10,0
2026-08-21 05:15:00,2026-08-21 03:15:00,29286.3,29308.1,29280.5,29303.1,2792,10,0
2026-08-21 05:30:00,2026-08-21 03:30:00,29303.1,29309.3,29290.0,29293.9,2847,10,0
2026-08-21 05:45:00,2026-08-21 03:45:00,29294.1,29312.4,29290.8,29297.8,2702,10,0
2026-08-21 06:00:00,2026-08-21 04:00:00,29298.0,29301.3,29268.4,29269.7,2627,10,0
2026-08-21 06:15:00,2026-08-21 04:15:00,29269.7,29284.4,29262.9,29276.0,2655,10,0
2026-08-21 06:30:00,2026-08-21 04:30:00,29275.8,29290.2,29267.6,29270.5,2942,10,0
2026-08-21 06:45:00,2026-08-21 04:45:00,29270.3,29277.3,29256.0,29265.8,2758,10,0
2026-08-21 07:00:00,2026-08-21 05:00:00,29265.8,29282.9,29262.7,29280.8,2878,10,0
2026-08-21 07:15:00,2026-08-21 05:15:00,29280.8,29285.1,29243.9,29244.0,2653,10,0
2026-08-21 07:30:00,2026-08-21 05:30:00,29244.0,29251.8,29234.6,29248.2,2639,10,0
2026-08-21 07:45:00,2026-08-21 05:45:00,29248.0,29277.8,29246.8,29271.2,2414,10,0
2026-08-21 08:00:00,2026-08-21 06:00:00,29271.3,29283.9,29265.7,29278.9,2671,10,0
2026-08-21 08:15:00,2026-08-21 06:15:00,29279.0,29293.7,29264.7,29266.8,2648,10,0
2026-08-21 08:30:00,2026-08-21 06:30:00,29267.0,29290.3,29263.2,29274.1,2777,10,0
2026-08-21 08:45:00,2026-08-21 06:45:00,29274.3,29279.9,29254.3,29279.3,2740,10,0
2026-08-21 09:00:00,2026-08-21 07:00:00,29279.2,29288.9,29269.1,29286.6,2979,10,0
2026-08-21 09:15:00,2026-08-21 07:15:00,29286.8,29294.8,29279.6,29289.4,2620,10,0
2026-08-21 09:30:00,2026-08-21 07:30:00,29290.6,29314.6,29282.6,29285.8,2543,10,0
2026-08-21 09:45:00,2026-08-21 07:45:00,29285.8,29302.7,29279.1,29300.1,2411,10,0
2026-08-21 10:00:00,2026-08-21 08:00:00,29300.0,29341.6,29293.7,29341.3,2991,10,0
2026-08-21 10:15:00,2026-08-21 08:15:00,29341.4,29368.9,29328.9,29339.8,2779,10,0
2026-08-21 10:30:00,2026-08-21 08:30:00,29339.2,29366.5,29334.9,29336.9,2919,10,0
2026-08-21 10:45:00,2026-08-21 08:45:00,29336.8,29360.1,29336.6,29360.1,2555,10,0
2026-08-21 11:00:00,2026-08-21 09:00:00,29360.3,29375.9,29321.9,29330.1,3398,10,0
2026-08-21 11:15:00,2026-08-21 09:15:00,29330.5,29337.6,29304.4,29334.9,3240,10,0
2026-08-21 11:30:00,2026-08-21 09:30:00,29335.2,29369.6,29332.4,29368.3,2992,10,0
2026-08-21 11:45:00,2026-08-21 09:45:00,29367.9,29380.8,29360.9,29366.8,2683,10,0
2026-08-21 12:00:00,2026-08-21 10:00:00,29366.9,29368.3,29325.0,29351.8,3329,10,0
2026-08-21 12:15:00,2026-08-21 10:15:00,29351.3,29358.0,29343.2,29348.3,2662,10,0
2026-08-21 12:30:00,2026-08-21 10:30:00,29348.3,29395.9,29343.6,29387.4,2521,10,0
2026-08-21 12:45:00,2026-08-21 10:45:00,29388.2,29405.3,29379.1,29398.6,2541,10,0
2026-08-21 13:00:00,2026-08-21 11:00:00,29398.8,29427.6,29390.4,29398.1,2869,10,0
2026-08-21 13:15:00,2026-08-21 11:15:00,29398.3,29404.6,29383.8,29403.8,2488,10,0
2026-08-21 13:30:00,2026-08-21 11:30:00,29403.5,29406.5,29385.9,29391.4,2412,10,0
2026-08-21 13:45:00,2026-08-21 11:45:00,29391.4,29399.9,29387.3,29392.9,2341,10,0
2026-08-21 14:00:00,2026-08-21 12:00:00,29392.9,29399.0,29366.2,29381.1,2878,10,0
2026-08-21 14:15:00,2026-08-21 12:15:00,29381.1,29437.3,29380.0,29431.8,3041,10,0
2026-08-21 14:30:00,2026-08-21 12:30:00,29431.1,29452.3,29417.7,29445.1,3330,10,0
2026-08-21 14:45:00,2026-08-21 12:45:00,29444.8,29445.0,29411.6,29412.9,2723,10,0
2026-08-21 15:00:00,2026-08-21 13:00:00,29412.5,29416.7,29392.9,29400.4,2893,10,0
2026-08-21 15:15:00,2026-08-21 13:15:00,29400.4,29430.4,29392.0,29429.6,2843,10,0
2026-08-21 15:30:00,2026-08-21 13:30:00,29429.8,29443.1,29422.4,29442.1,3029,10,0
2026-08-21 15:45:00,2026-08-21 13:45:00,29441.9,29445.6,29417.0,29424.8,2679,10,0
2026-08-21 16:00:00,2026-08-21 14:00:00,29425.1,29429.3,29380.8,29382.5,2992,10,0
2026-08-21 16:15:00,2026-08-21 14:15:00,29382.5,29398.5,29331.3,29385.9,3429,10,0
2026-08-21 16:30:00,2026-08-21 14:30:00,29382.8,29382.8,29226.3,29238.6,4219,10,0
2026-08-21 16:45:00,2026-08-21 14:45:00,29238.6,29270.9,29172.3,29218.1,4110,10,0
2026-08-21 17:00:00,2026-08-21 15:00:00,29217.2,29247.6,29163.1,29166.7,4183,10,0
2026-08-21 17:15:00,2026-08-21 15:15:00,29166.3,29223.8,29133.7,29192.7,4176,10,0
2026-08-21 17:30:00,2026-08-21 15:30:00,29193.3,29223.5,29172.8,29208.9,4120,10,0
2026-08-21 17:45:00,2026-08-21 15:45:00,29209.0,29245.8,29202.7,29245.5,4036,10,0
2026-08-21 18:00:00,2026-08-21 16:00:00,29245.6,29282.0,29240.0,29266.3,3909,10,0
2026-08-21 18:15:00,2026-08-21 16:15:00,29266.1,29284.7,29245.1,29281.1,3798,10,0
2026-08-21 18:30:00,2026-08-21 16:30:00,29281.9,29385.1,29277.4,29365.1,3799,10,0
2026-08-21 18:45:00,2026-08-21 16:45:00,29364.9,29401.6,29338.6,29358.1,3752,10,0
2026-08-21 19:00:00,2026-08-21 17:00:00,29356.8,29360.6,29303.1,29307.8,3771,10,0
2026-08-21 19:15:00,2026-08-21 17:15:00,29307.3,29364.9,29302.0,29323.5,3797,10,0
2026-08-21 19:30:00,2026-08-21 17:30:00,29323.5,29338.2,29307.2,29331.1,3518,10,0
2026-08-21 19:45:00,2026-08-21 17:45:00,29330.9,29330.9,29294.2,29325.8,3505,10,0
2026-08-21 20:00:00,2026-08-21 18:00:00,29325.3,29336.7,29312.2,29320.9,3464,10,0
2026-08-21 20:15:00,2026-08-21 18:15:00,29321.5,29323.4,29289.7,29309.1,3510,10,0
2026-08-21 20:30:00,2026-08-21 18:30:00,29309.1,29317.7,29296.6,29317.0,3444,10,0
2026-08-21 20:45:00,2026-08-21 18:45:00,29317.9,29323.6,29295.6,29296.9,3360,10,0
2026-08-21 21:00:00,2026-08-21 19:00:00,29296.6,29318.5,29286.0,29288.1,3334,10,0
2026-08-21 21:15:00,2026-08-21 19:15:00,29288.0,29305.3,29276.1,29276.5,3206,10,0
2026-08-21 21:30:00,2026-08-21 19:30:00,29276.4,29285.3,29267.4,29280.3,3212,10,0
2026-08-21 21:45:00,2026-08-21 19:45:00,29280.0,29316.6,29277.6,29313.2,3159,10,0
2026-08-21 22:00:00,2026-08-21 20:00:00,29314.9,29327.6,29298.3,29301.9,3312,10,0
2026-08-21 22:15:00,2026-08-21 20:15:00,29302.0,29317.8,29293.6,29307.2,3161,10,0
2026-08-21 22:30:00,2026-08-21 20:30:00,29307.1,29325.1,29307.1,29323.9,3171,10,0
2026-08-21 22:45:00,2026-08-21 20:45:00,29323.9,29345.3,29288.8,29309.6,3526,10,0
2026-08-21 23:00:00,2026-08-21 21:00:00,29309.9,29309.9,29285.7,29295.2,2712,10,0
2026-08-21 23:15:00,2026-08-21 21:15:00,29295.3,29301.8,29281.4,29284.1,1950,10,0
2026-08-21 23:30:00,2026-08-21 21:30:00,29284.0,29300.1,29283.4,29298.3,1573,10,0
2026-08-21 23:45:00,2026-08-21 21:45:00,29298.3,29298.3,29285.8,29290.1,945,10,0
2026-08-24 01:00:00,2026-08-23 23:00:00,29328.3,29328.8,29227.4,29255.4,2621,10,0
2026-08-24 01:15:00,2026-08-23 23:15:00,29255.3,29266.5,29237.9,29262.6,2142,10,0
2026-08-24 01:30:00,2026-08-23 23:30:00,29262.6,29308.0,29260.7,29306.0,1893,10,0
2026-08-24 01:45:00,2026-08-23 23:45:00,29306.1,29323.3,29304.7,29314.5,1686,10,0
2026-08-24 02:00:00,2026-08-24 00:00:00,29314.5,29317.4,29309.0,29311.6,1250,10,0
2026-08-24 02:15:00,2026-08-24 00:15:00,29311.3,29353.2,29310.0,29352.5,1728,10,0
2026-08-24 02:30:00,2026-08-24 00:30:00,29352.4,29371.3,29342.6,29344.8,1905,10,0
2026-08-24 02:45:00,2026-08-24 00:45:00,29344.8,29404.0,29344.8,29391.5,2969,10,0
2026-08-24 03:00:00,2026-08-24 01:00:00,29391.3,29396.4,29348.1,29360.3,3684,10,0
2026-08-24 03:15:00,2026-08-24 01:15:00,29360.3,29362.5,29259.8,29281.1,3856,10,0
2026-08-24 03:30:00,2026-08-24 01:30:00,29280.8,29301.0,29263.0,29279.2,3714,10,0
2026-08-24 03:45:00,2026-08-24 01:45:00,29279.3,29352.7,29277.1,29350.3,3612,10,0
2026-08-24 04:00:00,2026-08-24 02:00:00,29350.0,29366.3,29323.5,29359.9,3688,10,0
2026-08-24 04:15:00,2026-08-24 02:15:00,29360.2,29371.7,29332.5,29333.8,3626,10,0
2026-08-24 04:30:00,2026-08-24 02:30:00,29333.6,29335.6,29308.3,29317.0,3696,10,0
2026-08-24 04:45:00,2026-08-24 02:45:00,29316.9,29328.5,29245.4,29246.9,3604,10,0
2026-08-24 05:00:00,2026-08-24 03:00:00,29246.5,29281.6,29226.0,29277.9,3725,10,0
2026-08-24 05:15:00,2026-08-24 03:15:00,29277.9,29295.9,29272.4,29288.0,3465,10,0
2026-08-24 05:30:00,2026-08-24 03:30:00,29287.8,29297.8,29280.8,29294.5,3251,10,0
2026-08-24 05:45:00,2026-08-24 03:45:00,29294.2,29302.0,29266.3,29294.9,3348,10,0
2026-08-24 06:00:00,2026-08-24 04:00:00,29294.8,29296.3,29228.1,29228.6,3098,10,0
2026-08-24 06:15:00,2026-08-24 04:15:00,29228.6,29237.6,29214.8,29219.8,3137,10,0
2026-08-24 06:30:00,2026-08-24 04:30:00,29219.8,29229.6,29207.4,29209.1,3269,10,0
2026-08-24 06:45:00,2026-08-24 04:45:00,29208.8,29228.8,29190.1,29195.9,2998,10,0
2026-08-24 07:00:00,2026-08-24 05:00:00,29196.1,29223.3,29193.5,29222.7,2991,10,0
2026-08-24 07:15:00,2026-08-24 05:15:00,29222.8,29225.1,29196.0,29215.7,3114,10,0
2026-08-24 07:30:00,2026-08-24 05:30:00,29215.7,29223.7,29200.0,29223.6,3117,10,0
2026-08-24 07:45:00,2026-08-24 05:45:00,29223.7,29228.0,29187.9,29190.2,2987,10,0
2026-08-24 08:00:00,2026-08-24 06:00:00,29190.2,29221.1,29188.3,29217.6,3241,10,0
2026-08-24 08:15:00,2026-08-24 06:15:00,29217.6,29217.6,29171.9,29172.7,3011,10,0
2026-08-24 08:30:00,2026-08-24 06:30:00,29172.6,29190.6,29132.4,29163.8,3306,10,0
2026-08-24 08:45:00,2026-08-24 06:45:00,29163.5,29169.2,29119.6,29124.4,3192,10,0
2026-08-24 09:00:00,2026-08-24 07:00:00,29124.2,29142.7,29068.5,29076.0,3473,10,0
2026-08-24 09:15:00,2026-08-24 07:15:00,29076.5,29102.4,29049.8,29090.3,3277,10,0
2026-08-24 09:30:00,2026-08-24 07:30:00,29090.3,29105.0,29068.1,29074.7,2932,10,0
2026-08-24 09:45:00,2026-08-24 07:45:00,29074.8,29102.2,29066.5,29087.8,2897,10,0
2026-08-24 10:00:00,2026-08-24 08:00:00,29088.8,29128.4,29071.1,29124.7,3404,10,0
2026-08-24 10:15:00,2026-08-24 08:15:00,29124.7,29132.5,29103.0,29106.3,3159,10,0
2026-08-24 10:30:00,2026-08-24 08:30:00,29106.3,29136.5,29085.7,29086.8,2954,10,0
2026-08-24 10:45:00,2026-08-24 08:45:00,29086.9,29099.6,29056.3,29069.7,3132,10,0
2026-08-24 11:00:00,2026-08-24 09:00:00,29070.0,29130.5,29041.1,29109.1,3710,10,0
2026-08-24 11:15:00,2026-08-24 09:15:00,29109.0,29133.6,29096.1,29116.0,3313,10,0
2026-08-24 11:30:00,2026-08-24 09:30:00,29115.2,29150.0,29104.5,29148.5,3113,10,0
2026-08-24 11:45:00,2026-08-24 09:45:00,29148.3,29163.8,29137.9,29138.4,2871,10,0
2026-08-24 12:00:00,2026-08-24 10:00:00,29138.5,29172.2,29125.9,29157.8,2916,10,0
2026-08-24 12:15:00,2026-08-24 10:15:00,29157.7,29159.9,29132.1,29134.3,2778,10,0
2026-08-24 12:30:00,2026-08-24 10:30:00,29134.2,29165.0,29133.9,29160.3,2642,10,0
2026-08-24 12:45:00,2026-08-24 10:45:00,29159.9,29173.8,29151.7,29156.2,2517,10,0
2026-08-24 13:00:00,2026-08-24 11:00:00,29156.0,29170.9,29138.9,29139.4,2814,10,0
2026-08-24 13:15:00,2026-08-24 11:15:00,29139.6,29160.4,29130.3,29133.4,2608,10,0
2026-08-24 13:30:00,2026-08-24 11:30:00,29133.4,29163.7,29122.9,29132.3,2735,10,0
2026-08-24 13:45:00,2026-08-24 11:45:00,29132.4,29134.7,29103.9,29108.9,2826,10,0
2026-08-24 14:00:00,2026-08-24 12:00:00,29108.9,29116.4,29070.9,29092.7,3436,10,0
2026-08-24 14:15:00,2026-08-24 12:15:00,29092.8,29127.9,29090.1,29106.3,3158,10,0
2026-08-24 14:30:00,2026-08-24 12:30:00,29106.7,29207.7,29106.7,29184.5,3702,10,0
2026-08-24 14:45:00,2026-08-24 12:45:00,29184.5,29184.5,29156.0,29171.5,3217,10,0
2026-08-24 15:00:00,2026-08-24 13:00:00,29170.8,29171.0,29132.4,29136.2,3238,10,0
2026-08-24 15:15:00,2026-08-24 13:15:00,29136.3,29155.0,29127.9,29154.3,3149,10,0
2026-08-24 15:30:00,2026-08-24 13:30:00,29154.3,29163.0,29100.9,29127.6,3495,10,0
2026-08-24 15:45:00,2026-08-24 13:45:00,29127.6,29156.7,29124.0,29130.2,3202,10,0
2026-08-24 16:00:00,2026-08-24 14:00:00,29129.8,29144.2,29120.7,29132.4,3406,10,0
2026-08-24 16:15:00,2026-08-24 14:15:00,29132.7,29160.7,29121.3,29160.4,3507,10,0
2026-08-24 16:30:00,2026-08-24 14:30:00,29159.4,29163.7,28903.3,28903.5,4260,10,0
2026-08-24 16:45:00,2026-08-24 14:45:00,28902.9,28961.7,28872.6,28945.2,4238,10,0
2026-08-24 17:00:00,2026-08-24 15:00:00,28946.8,28960.1,28878.3,28917.9,4180,10,0
2026-08-24 17:15:00,2026-08-24 15:15:00,28918.0,28957.6,28892.4,28937.3,4081,10,0
2026-08-24 17:30:00,2026-08-24 15:30:00,28936.0,29034.5,28926.6,29010.4,4021,10,0
2026-08-24 17:45:00,2026-08-24 15:45:00,29010.1,29033.7,29001.7,29007.3,3901,10,0
2026-08-24 18:00:00,2026-08-24 16:00:00,29007.5,29019.8,28966.7,28973.3,3922,10,0
2026-08-24 18:15:00,2026-08-24 16:15:00,28973.5,29060.8,28964.0,29045.9,3845,10,0
2026-08-24 18:30:00,2026-08-24 16:30:00,29045.9,29105.9,29036.3,29100.0,3845,10,0
2026-08-24 18:45:00,2026-08-24 16:45:00,29100.2,29128.8,29074.5,29093.2,3753,10,0
2026-08-24 19:00:00,2026-08-24 17:00:00,29092.9,29114.0,29081.3,29105.0,3734,10,0
2026-08-24 19:15:00,2026-08-24 17:15:00,29104.7,29148.1,29103.3,29127.8,3695,10,0
2026-08-24 19:30:00,2026-08-24 17:30:00,29128.1,29136.1,29098.6,29108.3,3500,10,0
2026-08-24 19:45:00,2026-08-24 17:45:00,29108.4,29116.7,29094.9,29095.2,3432,10,0
2026-08-24 20:00:00,2026-08-24 18:00:00,29095.5,29134.7,29078.9,29118.6,3654,10,0
2026-08-24 20:15:00,2026-08-24 18:15:00,29118.0,29119.2,29056.8,29064.6,3735,10,0
2026-08-24 20:30:00,2026-08-24 18:30:00,29064.2,29066.1,29043.1,29043.2,3509,10,0
2026-08-24 20:45:00,2026-08-24 18:45:00,29043.6,29067.4,29040.9,29047.8,3361,10,0
2026-08-24 21:00:00,2026-08-24 19:00:00,29047.9,29112.9,29047.4,29111.4,3450,10,0
2026-08-24 21:15:00,2026-08-24 19:15:00,29111.4,29147.6,29097.1,29142.8,3406,10,0
2026-08-24 21:30:00,2026-08-24 19:30:00,29142.5,29157.5,29104.6,29114.1,3515,10,0
2026-08-24 21:45:00,2026-08-24 19:45:00,29114.1,29117.7,29078.0,29078.6,3349,10,0
2026-08-24 22:00:00,2026-08-24 20:00:00,29078.3,29086.8,29067.5,29080.2,3360,10,0
2026-08-24 22:15:00,2026-08-24 20:15:00,29080.0,29089.8,29067.1,29082.2,3244,10,0
2026-08-24 22:30:00,2026-08-24 20:30:00,29082.1,29096.9,29049.6,29055.2,3358,10,0
2026-08-24 22:45:00,2026-08-24 20:45:00,29055.5,29066.4,29020.7,29023.2,3612,10,0
2026-08-24 23:00:00,2026-08-24 21:00:00,29025.9,29047.4,29021.4,29033.6,2648,10,0
2026-08-24 23:15:00,2026-08-24 21:15:00,29033.7,29037.3,29005.2,29008.5,2001,10,0
2026-08-24 23:30:00,2026-08-24 21:30:00,29008.6,29026.3,29007.8,29024.5,1589,10,0
2026-08-24 23:45:00,2026-08-24 21:45:00,29024.7,29053.9,29013.5,29050.8,1620,10,0
2026-08-25 01:00:00,2026-08-24 23:00:00,29073.0,29076.5,29048.7,29050.9,2062,10,0
2026-08-25 01:15:00,2026-08-24 23:15:00,29051.0,29057.6,29047.9,29052.5,1314,10,0
2026-08-25 01:30:00,2026-08-24 23:30:00,29052.5,29056.9,29042.3,29046.0,1236,10,0
2026-08-25 01:45:00,2026-08-24 23:45:00,29045.8,29049.2,29040.0,29048.9,1123,10,0
2026-08-25 02:00:00,2026-08-25 00:00:00,29048.9,29052.2,29044.5,29052.2,1005,10,0
2026-08-25 02:15:00,2026-08-25 00:15:00,29052.2,29055.7,29033.8,29034.5,1384,10,0
2026-08-25 02:30:00,2026-08-25 00:30:00,29034.5,29043.6,29000.5,29012.5,2018,10,0
2026-08-25 02:45:00,2026-08-25 00:45:00,29012.5,29027.5,29009.3,29023.9,2766,10,0
2026-08-25 03:00:00,2026-08-25 01:00:00,29023.8,29030.4,28966.6,28969.8,3691,10,0
2026-08-25 03:15:00,2026-08-25 01:15:00,28970.2,29011.9,28945.3,29008.7,3705,10,0
2026-08-25 03:30:00,2026-08-25 01:30:00,29008.5,29058.6,28999.2,29051.8,3668,10,0
2026-08-25 03:45:00,2026-08-25 01:45:00,29051.6,29072.5,29034.3,29053.7,3506,10,0
2026-08-25 04:00:00,2026-08-25 02:00:00,29055.7,29071.2,29042.3,29056.8,3717,10,0
2026-08-25 04:15:00,2026-08-25 02:15:00,29057.0,29064.4,29024.3,29042.6,3607,10,0
2026-08-25 04:30:00,2026-08-25 02:30:00,29041.3,29083.0,29036.5,29063.3,3708,10,0
2026-08-25 04:45:00,2026-08-25 02:45:00,29063.2,29079.9,29053.4,29054.2,3481,10,0
2026-08-25 05:00:00,2026-08-25 03:00:00,29054.3,29073.5,29032.0,29044.7,3399,10,0
2026-08-25 05:15:00,2026-08-25 03:15:00,29044.5,29076.2,29032.0,29073.2,3377,10,0
2026-08-25 05:30:00,2026-08-25 03:30:00,29073.2,29096.2,29062.7,29065.1,3438,10,0
2026-08-25 05:45:00,2026-08-25 03:45:00,29065.1,29066.7,29021.7,29030.3,3185,10,0
2026-08-25 06:00:00,2026-08-25 04:00:00,29030.1,29094.3,29028.7,29079.2,3360,10,0
2026-08-25 06:15:00,2026-08-25 04:15:00,29079.2,29103.7,29078.9,29103.6,3020,10,0
2026-08-25 06:30:00,2026-08-25 04:30:00,29103.2,29117.8,29091.5,29096.2,3175,10,0
2026-08-25 06:45:00,2026-08-25 04:45:00,29096.5,29097.2,29079.5,29092.4,2874,10,0
2026-08-25 07:00:00,2026-08-25 05:00:00,29092.2,29126.9,29087.6,29123.7,3081,10,0
2026-08-25 07:15:00,2026-08-25 05:15:00,29124.0,29134.4,29116.4,29129.7,2799,10,0
2026-08-25 07:30:00,2026-08-25 05:30:00,29128.7,29144.2,29118.9,29139.8,3014,10,0
2026-08-25 07:45:00,2026-08-25 05:45:00,29139.7,29144.0,29113.5,29128.3,2879,10,0
2026-08-25 08:00:00,2026-08-25 06:00:00,29127.9,29152.8,29117.6,29131.5,3179,10,0
2026-08-25 08:15:00,2026-08-25 06:15:00,29131.2,29154.7,29130.9,29148.3,2922,10,0
2026-08-25 08:30:00,2026-08-25 06:30:00,29148.1,29162.2,29129.0,29132.4,3059,10,0
2026-08-25 08:45:00,2026-08-25 06:45:00,29132.4,29168.8,29129.7,29160.0,3015,10,0
2026-08-25 09:00:00,2026-08-25 07:00:00,29160.0,29189.7,29158.5,29175.9,2975,10,0
2026-08-25 09:15:00,2026-08-25 07:15:00,29175.9,29215.6,29170.0,29194.2,2791,10,0
2026-08-25 09:30:00,2026-08-25 07:30:00,29194.3,29195.4,29171.4,29190.4,2651,10,0
2026-08-25 09:45:00,2026-08-25 07:45:00,29190.1,29191.5,29164.3,29191.4,2457,10,0
2026-08-25 10:00:00,2026-08-25 08:00:00,29191.5,29218.6,29178.3,29180.1,3089,10,0
2026-08-25 10:15:00,2026-08-25 08:15:00,29180.2,29190.9,29154.7,29175.4,3039,10,0
2026-08-25 10:30:00,2026-08-25 08:30:00,29175.4,29189.2,29160.7,29185.0,2843,10,0
2026-08-25 10:45:00,2026-08-25 08:45:00,29185.1,29186.7,29154.9,29160.6,2745,10,0
2026-08-25 11:00:00,2026-08-25 09:00:00,29160.5,29181.8,29140.6,29146.0,3222,10,0
2026-08-25 11:15:00,2026-08-25 09:15:00,29146.0,29251.8,29146.0,29203.4,3504,10,0
2026-08-25 11:30:00,2026-08-25 09:30:00,29202.9,29226.1,29185.1,29209.5,3347,10,0
2026-08-25 11:45:00,2026-08-25 09:45:00,29209.3,29234.2,29209.2,29230.3,3050,10,0
2026-08-25 12:00:00,2026-08-25 10:00:00,29229.9,29261.3,29213.6,29251.5,3225,10,0
2026-08-25 12:15:00,2026-08-25 10:15:00,29251.4,29262.2,29233.8,29245.5,2902,10,0
2026-08-25 12:30:00,2026-08-25 10:30:00,29246.2,29302.0,29242.5,29288.8,3333,10,0
2026-08-25 12:45:00,2026-08-25 10:45:00,29288.8,29341.5,29283.8,29318.5,3203,10,0
2026-08-25 13:00:00,2026-08-25 11:00:00,29318.3,29338.7,29298.2,29318.9,3070,10,0
2026-08-25 13:15:00,2026-08-25 11:15:00,29318.9,29320.0,29295.5,29298.1,2757,10,0
2026-08-25 13:30:00,2026-08-25 11:30:00,29298.0,29307.5,29274.7,29274.8,2585,10,0
2026-08-25 13:45:00,2026-08-25 11:45:00,29275.0,29296.8,29274.0,29286.7,2637,10,0
2026-08-25 14:00:00,2026-08-25 12:00:00,29286.4,29290.8,29233.5,29268.2,3000,10,0
2026-08-25 14:15:00,2026-08-25 12:15:00,29268.5,29282.3,29249.3,29269.0,2940,10,0
2026-08-25 14:30:00,2026-08-25 12:30:00,29268.6,29289.8,29268.3,29285.2,2871,10,0
2026-08-25 14:45:00,2026-08-25 12:45:00,29285.4,29318.1,29283.2,29301.4,3001,10,0
2026-08-25 15:00:00,2026-08-25 13:00:00,29299.3,29310.4,29283.9,29307.9,3245,10,0
2026-08-25 15:15:00,2026-08-25 13:15:00,29307.9,29336.2,29293.5,29301.6,3051,10,0
2026-08-25 15:30:00,2026-08-25 13:30:00,29301.3,29301.5,29240.5,29255.6,3213,10,0
2026-08-25 15:45:00,2026-08-25 13:45:00,29255.5,29273.5,29248.0,29260.5,2893,10,0
2026-08-25 16:00:00,2026-08-25 14:00:00,29260.9,29272.9,29240.7,29255.9,3459,10,0
2026-08-25 16:15:00,2026-08-25 14:15:00,29255.9,29269.6,29225.9,29225.9,3346,10,0
2026-08-25 16:30:00,2026-08-25 14:30:00,29225.2,29304.1,29209.2,29276.1,4275,10,0
2026-08-25 16:45:00,2026-08-25 14:45:00,29276.6,29341.9,29217.5,29239.3,4224,10,0
2026-08-25 17:00:00,2026-08-25 15:00:00,29239.2,29242.1,29168.2,29172.2,4171,10,0
2026-08-25 17:15:00,2026-08-25 15:15:00,29172.5,29197.2,29138.3,29143.0,4105,10,0
2026-08-25 17:30:00,2026-08-25 15:30:00,29142.8,29196.3,29083.3,29147.1,4113,10,0
2026-08-25 17:45:00,2026-08-25 15:45:00,29145.7,29188.0,29134.6,29160.4,4042,10,0
2026-08-25 18:00:00,2026-08-25 16:00:00,29159.9,29163.9,29126.1,29152.0,3988,10,0
2026-08-25 18:15:00,2026-08-25 16:15:00,29151.9,29209.7,29147.5,29204.5,3806,10,0
2026-08-25 18:30:00,2026-08-25 16:30:00,29204.7,29233.3,29183.5,29195.8,3789,10,0
2026-08-25 18:45:00,2026-08-25 16:45:00,29194.8,29200.7,29151.1,29191.1,3765,10,0
2026-08-25 19:00:00,2026-08-25 17:00:00,29190.9,29217.3,29188.7,29206.5,3564,10,0
2026-08-25 19:15:00,2026-08-25 17:15:00,29206.2,29224.9,29202.9,29222.2,3366,10,0
2026-08-25 19:30:00,2026-08-25 17:30:00,29222.4,29227.4,29186.9,29193.8,3357,10,0
2026-08-25 19:45:00,2026-08-25 17:45:00,29193.7,29211.2,29181.3,29202.8,3403,10,0
2026-08-25 20:00:00,2026-08-25 18:00:00,29203.1,29206.0,29151.9,29171.0,3520,10,0
2026-08-25 20:15:00,2026-08-25 18:15:00,29171.0,29186.1,29143.0,29152.3,3485,10,0
2026-08-25 20:30:00,2026-08-25 18:30:00,29152.4,29161.9,29144.4,29150.9,3291,10,0
2026-08-25 20:45:00,2026-08-25 18:45:00,29150.8,29160.1,29145.3,29155.1,3145,10,0
2026-08-25 21:00:00,2026-08-25 19:00:00,29154.9,29155.0,29130.7,29133.6,3340,10,0
2026-08-25 21:15:00,2026-08-25 19:15:00,29133.7,29155.4,29130.8,29146.8,3091,10,0
2026-08-25 21:30:00,2026-08-25 19:30:00,29147.3,29187.1,29146.6,29185.7,3222,10,0
2026-08-25 21:45:00,2026-08-25 19:45:00,29185.8,29202.5,29181.2,29183.7,3290,10,0
2026-08-25 22:00:00,2026-08-25 20:00:00,29183.6,29193.3,29158.4,29162.6,3246,10,0
2026-08-25 22:15:00,2026-08-25 20:15:00,29162.6,29165.7,29141.1,29153.4,3292,10,0
2026-08-25 22:30:00,2026-08-25 20:30:00,29153.6,29185.7,29140.2,29166.6,3326,10,0
2026-08-25 22:45:00,2026-08-25 20:45:00,29168.1,29217.8,29157.6,29199.3,3558,10,0
2026-08-25 23:00:00,2026-08-25 21:00:00,29200.9,29221.3,29191.4,29216.7,2905,10,0
2026-08-25 23:15:00,2026-08-25 21:15:00,29216.6,29241.2,29213.2,29230.2,2253,10,0
2026-08-25 23:30:00,2026-08-25 21:30:00,29230.2,29237.0,29209.7,29210.6,1915,10,0
2026-08-25 23:45:00,2026-08-25 21:45:00,29210.6,29215.5,29197.2,29212.8,1810,10,0
2026-08-26 01:00:00,2026-08-25 23:00:00,29231.9,29240.6,29218.9,29225.4,2021,10,0
2026-08-26 01:15:00,2026-08-25 23:15:00,29225.6,29225.9,29212.2,29222.2,1371,10,0
2026-08-26 01:30:00,2026-08-25 23:30:00,29222.3,29224.4,29212.4,29218.8,1185,10,0
2026-08-26 01:45:00,2026-08-25 23:45:00,29218.5,29219.2,29212.4,29215.7,843,10,0
2026-08-26 02:00:00,2026-08-26 00:00:00,29215.8,29219.3,29205.9,29208.1,1170,10,0
2026-08-26 02:15:00,2026-08-26 00:15:00,29208.0,29210.2,29177.4,29177.5,1447,10,0
2026-08-26 02:30:00,2026-08-26 00:30:00,29177.4,29180.0,29161.1,29166.4,1703,10,0
2026-08-26 02:45:00,2026-08-26 00:45:00,29166.4,29167.0,29138.7,29142.6,2454,10,0
2026-08-26 03:00:00,2026-08-26 01:00:00,29140.9,29158.6,29117.6,29140.7,3533,10,0
2026-08-26 03:15:00,2026-08-26 01:15:00,29140.7,29169.7,29101.4,29115.9,3334,10,0
2026-08-26 03:30:00,2026-08-26 01:30:00,29115.8,29119.4,29070.1,29083.7,3310,10,0
2026-08-26 03:45:00,2026-08-26 01:45:00,29081.9,29091.4,29042.5,29044.4,3333,10,0
2026-08-26 04:00:00,2026-08-26 02:00:00,29044.4,29079.3,29038.7,29056.1,3536,10,0
2026-08-26 04:15:00,2026-08-26 02:15:00,29056.0,29065.2,29030.9,29041.3,3252,10,0
2026-08-26 04:30:00,2026-08-26 02:30:00,29041.3,29060.6,29028.1,29048.3,3328,10,0
2026-08-26 04:45:00,2026-08-26 02:45:00,29048.4,29066.2,29036.0,29064.6,3065,10,0
2026-08-26 05:00:00,2026-08-26 03:00:00,29064.7,29076.2,29050.7,29075.3,3121,10,0
2026-08-26 05:15:00,2026-08-26 03:15:00,29075.5,29106.7,29072.7,29104.4,2784,10,0
2026-08-26 05:30:00,2026-08-26 03:30:00,29104.4,29149.2,29102.7,29148.2,2801,10,0
2026-08-26 05:45:00,2026-08-26 03:45:00,29148.2,29161.3,29143.0,29152.4,2611,10,0
2026-08-26 06:00:00,2026-08-26 04:00:00,29152.7,29165.0,29144.1,29162.7,2581,10,0
2026-08-26 06:15:00,2026-08-26 04:15:00,29162.8,29163.3,29144.9,29146.6,2288,10,0
2026-08-26 06:30:00,2026-08-26 04:30:00,29146.5,29175.4,29137.1,29168.9,2804,10,0
2026-08-26 06:45:00,2026-08-26 04:45:00,29168.9,29206.4,29167.3,29196.5,2685,10,0
2026-08-26 07:00:00,2026-08-26 05:00:00,29196.4,29211.2,29191.7,29204.4,2571,10,0
2026-08-26 07:15:00,2026-08-26 05:15:00,29204.3,29212.8,29194.3,29203.2,2313,10,0
2026-08-26 07:30:00,2026-08-26 05:30:00,29203.2,29206.5,29180.2,29181.9,2238,10,0
2026-08-26 07:45:00,2026-08-26 05:45:00,29181.9,29183.2,29149.2,29159.7,2692,10,0
2026-08-26 08:00:00,2026-08-26 06:00:00,29159.6,29191.1,29158.4,29170.8,3022,10,0
2026-08-26 08:15:00,2026-08-26 06:15:00,29170.8,29179.9,29161.9,29177.1,2825,10,0
2026-08-26 08:30:00,2026-08-26 06:30:00,29177.0,29193.1,29173.4,29180.6,2827,10,0
2026-08-26 08:45:00,2026-08-26 06:45:00,29180.6,29180.6,29157.9,29173.4,2558,10,0
2026-08-26 09:00:00,2026-08-26 07:00:00,29173.4,29180.0,29143.7,29147.8,2966,10,0
2026-08-26 09:15:00,2026-08-26 07:15:00,29147.9,29157.9,29135.3,29150.2,2709,10,0
2026-08-26 09:30:00,2026-08-26 07:30:00,29150.2,29188.8,29141.7,29188.1,2490,10,0
2026-08-26 09:45:00,2026-08-26 07:45:00,29187.9,29207.7,29164.4,29183.4,2405,10,0
2026-08-26 10:00:00,2026-08-26 08:00:00,29183.2,29189.4,29133.2,29168.4,3236,10,0
2026-08-26 10:15:00,2026-08-26 08:15:00,29168.5,29175.5,29126.0,29130.7,2979,10,0
2026-08-26 10:30:00,2026-08-26 08:30:00,29131.1,29142.1,29118.2,29130.3,2946,10,0
2026-08-26 10:45:00,2026-08-26 08:45:00,29130.4,29150.9,29119.4,29144.0,2608,10,0
2026-08-26 11:00:00,2026-08-26 09:00:00,29144.2,29175.6,29131.1,29137.2,3228,10,0
2026-08-26 11:15:00,2026-08-26 09:15:00,29137.3,29166.4,29120.1,29166.4,3110,10,0
2026-08-26 11:30:00,2026-08-26 09:30:00,29165.6,29181.1,29143.5,29174.1,2785,10,0
2026-08-26 11:45:00,2026-08-26 09:45:00,29174.0,29174.0,29141.6,29159.7,2554,10,0
2026-08-26 12:00:00,2026-08-26 10:00:00,29159.5,29166.9,29144.9,29150.6,2544,10,0
2026-08-26 12:15:00,2026-08-26 10:15:00,29150.6,29153.3,29123.1,29130.1,2666,10,0
2026-08-26 12:30:00,2026-08-26 10:30:00,29129.8,29151.1,29129.7,29145.9,2359,10,0
2026-08-26 12:45:00,2026-08-26 10:45:00,29145.8,29168.4,29145.6,29165.7,2248,10,0
2026-08-26 13:00:00,2026-08-26 11:00:00,29165.4,29165.9,29128.0,29129.7,2466,10,0
2026-08-26 13:15:00,2026-08-26 11:15:00,29129.7,29149.0,29128.4,29132.7,2444,10,0
2026-08-26 13:30:00,2026-08-26 11:30:00,29132.8,29173.4,29120.2,29160.3,2553,10,0
2026-08-26 13:45:00,2026-08-26 11:45:00,29160.4,29171.1,29155.7,29167.9,2178,10,0
2026-08-26 14:00:00,2026-08-26 12:00:00,29167.9,29195.9,29167.8,29185.9,2876,10,0
2026-08-26 14:15:00,2026-08-26 12:15:00,29185.9,29209.5,29167.4,29184.3,2767,10,0
2026-08-26 14:30:00,2026-08-26 12:30:00,29184.2,29193.9,29126.3,29141.6,3045,10,0
2026-08-26 14:45:00,2026-08-26 12:45:00,29141.5,29158.9,29118.4,29150.4,2989,10,0
2026-08-26 15:00:00,2026-08-26 13:00:00,29151.6,29155.5,29132.4,29147.9,3127,10,0
2026-08-26 15:15:00,2026-08-26 13:15:00,29147.4,29185.9,29122.5,29184.7,3018,10,0
2026-08-26 15:30:00,2026-08-26 13:30:00,29184.7,29184.7,29082.2,29096.1,3830,10,0
2026-08-26 15:45:00,2026-08-26 13:45:00,29096.8,29112.6,29065.5,29082.3,3630,10,0
2026-08-26 16:00:00,2026-08-26 14:00:00,29082.2,29104.7,29066.4,29103.9,3570,10,0
2026-08-26 16:15:00,2026-08-26 14:15:00,29104.0,29105.5,29085.8,29104.7,3450,10,0
2026-08-26 16:30:00,2026-08-26 14:30:00,29105.6,29242.8,29105.6,29222.2,4277,10,0
2026-08-26 16:45:00,2026-08-26 14:45:00,29222.3,29264.3,29184.5,29263.8,4162,10,0
2026-08-26 17:00:00,2026-08-26 15:00:00,29263.6,29263.6,29167.5,29177.9,4013,10,0
2026-08-26 17:15:00,2026-08-26 15:15:00,29177.9,29194.1,29088.4,29109.7,4065,10,0
2026-08-26 17:30:00,2026-08-26 15:30:00,29109.9,29170.0,29108.7,29153.0,3928,10,0
2026-08-26 17:45:00,2026-08-26 15:45:00,29153.2,29199.5,29138.9,29184.0,3780,10,0
2026-08-26 18:00:00,2026-08-26 16:00:00,29184.0,29214.4,29179.0,29189.2,3710,10,0
2026-08-26 18:15:00,2026-08-26 16:15:00,29189.2,29198.4,29154.2,29188.4,3703,10,0
2026-08-26 18:30:00,2026-08-26 16:30:00,29188.6,29221.4,29153.6,29214.7,3684,10,0
2026-08-26 18:45:00,2026-08-26 16:45:00,29214.4,29222.9,29147.5,29148.6,3742,10,0
2026-08-26 19:00:00,2026-08-26 17:00:00,29148.8,29155.5,29121.8,29132.5,3663,10,0
2026-08-26 19:15:00,2026-08-26 17:15:00,29133.0,29146.4,29124.2,29138.4,3300,10,0
2026-08-26 19:30:00,2026-08-26 17:30:00,29138.6,29150.9,29101.9,29106.2,3269,10,0
2026-08-26 19:45:00,2026-08-26 17:45:00,29106.1,29153.7,29103.6,29148.7,3387,10,0
2026-08-26 20:00:00,2026-08-26 18:00:00,29148.6,29173.1,29142.1,29169.5,3202,10,0
2026-08-26 20:15:00,2026-08-26 18:15:00,29169.7,29201.7,29169.5,29199.0,3192,10,0
2026-08-26 20:30:00,2026-08-26 18:30:00,29199.0,29223.0,29195.5,29212.7,3087,10,0
2026-08-26 20:45:00,2026-08-26 18:45:00,29212.7,29224.9,29199.7,29216.1,3027,10,0
2026-08-26 21:00:00,2026-08-26 19:00:00,29216.2,29227.4,29197.7,29202.4,3072,10,0
2026-08-26 21:15:00,2026-08-26 19:15:00,29202.1,29223.1,29196.5,29211.7,2947,10,0
2026-08-26 21:30:00,2026-08-26 19:30:00,29211.2,29234.2,29207.5,29226.2,2921,10,0
2026-08-26 21:45:00,2026-08-26 19:45:00,29227.0,29260.5,29226.5,29252.6,3117,10,0
2026-08-26 22:00:00,2026-08-26 20:00:00,29252.9,29299.9,29249.5,29272.1,3379,10,0
2026-08-26 22:15:00,2026-08-26 20:15:00,29272.0,29288.9,29264.1,29269.7,3120,10,0
2026-08-26 22:30:00,2026-08-26 20:30:00,29269.9,29276.9,29239.5,29241.4,3280,10,0
2026-08-26 22:45:00,2026-08-26 20:45:00,29241.2,29268.6,29212.6,29230.7,3568,10,0
2026-08-26 23:00:00,2026-08-26 21:00:00,29229.1,29303.6,29217.5,29293.4,2631,10,0
2026-08-26 23:15:00,2026-08-26 21:15:00,29293.0,29314.4,29223.0,29275.7,3301,10,0
2026-08-26 23:30:00,2026-08-26 21:30:00,29274.2,29288.1,29248.9,29271.1,3123,10,0
2026-08-26 23:45:00,2026-08-26 21:45:00,29271.2,29354.4,29269.0,29353.7,2732,10,0
2026-08-27 01:00:00,2026-08-26 23:00:00,29443.2,29517.1,29440.0,29502.1,3102,10,0
2026-08-27 01:15:00,2026-08-26 23:15:00,29501.7,29536.3,29489.8,29519.1,2490,10,0
2026-08-27 01:30:00,2026-08-26 23:30:00,29519.1,29552.5,29517.1,29552.5,2159,10,0
2026-08-27 01:45:00,2026-08-26 23:45:00,29552.5,29563.8,29535.6,29541.8,2012,10,0
2026-08-27 02:00:00,2026-08-27 00:00:00,29541.6,29549.4,29526.8,29528.3,1749,10,0
2026-08-27 02:15:00,2026-08-27 00:15:00,29528.3,29547.6,29520.6,29537.4,1886,10,0
2026-08-27 02:30:00,2026-08-27 00:30:00,29537.5,29546.6,29530.8,29542.3,1513,10,0
2026-08-27 02:45:00,2026-08-27 00:45:00,29542.3,29588.7,29541.1,29581.7,2836,10,0
2026-08-27 03:00:00,2026-08-27 01:00:00,29581.8,29581.8,29513.8,29525.8,3476,10,0
2026-08-27 03:15:00,2026-08-27 01:15:00,29526.6,29526.6,29493.8,29516.6,3484,10,0
2026-08-27 03:30:00,2026-08-27 01:30:00,29516.5,29516.6,29412.4,29413.6,3494,10,0
2026-08-27 03:45:00,2026-08-27 01:45:00,29413.8,29414.7,29373.8,29379.9,3758,10,0
2026-08-27 04:00:00,2026-08-27 02:00:00,29379.7,29425.0,29368.5,29387.7,3682,10,0
2026-08-27 04:15:00,2026-08-27 02:15:00,29387.7,29445.0,29384.6,29438.5,3554,10,0
2026-08-27 04:30:00,2026-08-27 02:30:00,29438.2,29469.7,29427.3,29427.5,3372,10,0
2026-08-27 04:45:00,2026-08-27 02:45:00,29428.8,29489.4,29428.8,29466.3,3318,10,0
2026-08-27 05:00:00,2026-08-27 03:00:00,29466.0,29479.3,29452.4,29475.5,3274,10,0
2026-08-27 05:15:00,2026-08-27 03:15:00,29475.5,29478.8,29461.4,29473.3,3074,10,0
2026-08-27 05:30:00,2026-08-27 03:30:00,29473.3,29489.8,29466.2,29477.4,2910,10,0
2026-08-27 05:45:00,2026-08-27 03:45:00,29477.3,29495.5,29471.9,29484.7,2866,10,0
2026-08-27 06:00:00,2026-08-27 04:00:00,29485.0,29497.4,29465.1,29475.1,2722,10,0
2026-08-27 06:15:00,2026-08-27 04:15:00,29477.1,29510.9,29476.7,29499.2,2575,10,0
2026-08-27 06:30:00,2026-08-27 04:30:00,29499.3,29507.6,29476.6,29477.6,2872,10,0
2026-08-27 06:45:00,2026-08-27 04:45:00,29477.8,29487.6,29461.5,29473.8,2822,10,0
2026-08-27 07:00:00,2026-08-27 05:00:00,29473.9,29482.6,29464.1,29469.3,2779,10,0
2026-08-27 07:15:00,2026-08-27 05:15:00,29469.2,29486.6,29464.3,29464.3,2644,10,0
2026-08-27 07:30:00,2026-08-27 05:30:00,29464.3,29466.3,29433.4,29439.3,2806,10,0
2026-08-27 07:45:00,2026-08-27 05:45:00,29439.3,29456.1,29428.9,29434.9,2821,10,0
2026-08-27 08:00:00,2026-08-27 06:00:00,29434.7,29439.3,29408.5,29418.7,3189,10,0
2026-08-27 08:15:00,2026-08-27 06:15:00,29418.1,29418.1,29383.7,29403.4,3163,10,0
2026-08-27 08:30:00,2026-08-27 06:30:00,29403.2,29406.5,29374.1,29377.2,3113,10,0
2026-08-27 08:45:00,2026-08-27 06:45:00,29377.0,29400.3,29364.4,29373.7,2950,10,0
2026-08-27 09:00:00,2026-08-27 07:00:00,29373.6,29374.7,29338.4,29368.2,3166,10,0
2026-08-27 09:15:00,2026-08-27 07:15:00,29368.2,29386.7,29367.8,29386.2,2885,10,0
2026-08-27 09:30:00,2026-08-27 07:30:00,29385.9,29426.3,29384.7,29425.5,2638,10,0
2026-08-27 09:45:00,2026-08-27 07:45:00,29425.5,29435.2,29413.6,29433.5,2545,10,0
2026-08-27 10:00:00,2026-08-27 08:00:00,29433.6,29473.1,29412.8,29471.8,3202,10,0
2026-08-27 10:15:00,2026-08-27 08:15:00,29472.9,29484.0,29459.1,29483.7,3002,10,0
2026-08-27 10:30:00,2026-08-27 08:30:00,29483.7,29485.0,29435.1,29439.6,3148,10,0
2026-08-27 10:45:00,2026-08-27 08:45:00,29439.6,29483.3,29436.1,29473.4,2789,10,0
2026-08-27 11:00:00,2026-08-27 09:00:00,29473.5,29558.7,29473.5,29557.2,3480,10,0
2026-08-27 11:15:00,2026-08-27 09:15:00,29557.4,29594.8,29532.3,29592.2,3379,10,0
2026-08-27 11:30:00,2026-08-27 09:30:00,29591.7,29593.0,29548.7,29567.5,3413,10,0
2026-08-27 11:45:00,2026-08-27 09:45:00,29567.4,29596.1,29558.0,29559.6,3275,10,0
2026-08-27 12:00:00,2026-08-27 10:00:00,29559.4,29569.1,29517.3,29519.2,3517,10,0
2026-08-27 12:15:00,2026-08-27 10:15:00,29519.2,29550.4,29502.4,29533.8,3241,10,0
2026-08-27 12:30:00,2026-08-27 10:30:00,29533.7,29558.3,29532.4,29551.3,2902,10,0
2026-08-27 12:45:00,2026-08-27 10:45:00,29551.4,29568.1,29534.2,29536.9,2963,10,0
2026-08-27 13:00:00,2026-08-27 11:00:00,29537.2,29541.4,29517.9,29534.7,3107,10,0
2026-08-27 13:15:00,2026-08-27 11:15:00,29534.8,29539.5,29512.7,29515.7,2942,10,0
2026-08-27 13:30:00,2026-08-27 11:30:00,29515.7,29537.8,29505.6,29534.7,3012,10,0
2026-08-27 13:45:00,2026-08-27 11:45:00,29534.8,29536.8,29503.6,29533.8,3006,10,0
2026-08-27 14:00:00,2026-08-27 12:00:00,29533.8,29564.3,29511.9,29552.0,3484,10,0
2026-08-27 14:15:00,2026-08-27 12:15:00,29552.0,29556.2,29504.6,29504.9,3182,10,0
2026-08-27 14:30:00,2026-08-27 12:30:00,29505.0,29522.1,29481.8,29500.2,3434,10,0
2026-08-27 14:45:00,2026-08-27 12:45:00,29499.1,29499.4,29450.2,29493.5,3352,10,0
2026-08-27 15:00:00,2026-08-27 13:00:00,29493.3,29524.3,29486.9,29519.8,3304,10,0
2026-08-27 15:15:00,2026-08-27 13:15:00,29519.9,29525.3,29502.2,29514.4,3383,10,0
2026-08-27 15:30:00,2026-08-27 13:30:00,29514.4,29515.9,29470.5,29471.1,3272,10,0
2026-08-27 15:45:00,2026-08-27 13:45:00,29472.4,29475.5,29451.8,29458.4,3169,10,0
2026-08-27 16:00:00,2026-08-27 14:00:00,29458.0,29497.0,29454.1,29490.0,3468,10,0
2026-08-27 16:15:00,2026-08-27 14:15:00,29489.8,29504.2,29460.5,29461.4,3483,10,0
2026-08-27 16:30:00,2026-08-27 14:30:00,29460.3,29523.3,29380.2,29510.7,4293,10,0
2026-08-27 16:45:00,2026-08-27 14:45:00,29511.6,29539.7,29360.0,29417.6,4261,10,0
2026-08-27 17:00:00,2026-08-27 15:00:00,29418.5,29523.6,29413.9,29494.2,4212,10,0
2026-08-27 17:15:00,2026-08-27 15:15:00,29493.9,29556.4,29493.9,29542.8,4089,10,0
2026-08-27 17:30:00,2026-08-27 15:30:00,29542.8,29545.3,29473.2,29493.2,4112,10,0
2026-08-27 17:45:00,2026-08-27 15:45:00,29492.9,29540.7,29467.2,29537.5,4026,10,0
2026-08-27 18:00:00,2026-08-27 16:00:00,29537.5,29562.8,29525.3,29560.7,3885,10,0
2026-08-27 18:15:00,2026-08-27 16:15:00,29560.7,29569.7,29508.5,29513.3,3818,10,0
2026-08-27 18:30:00,2026-08-27 16:30:00,29511.9,29532.4,29464.6,29469.4,3917,10,0
2026-08-27 18:45:00,2026-08-27 16:45:00,29469.5,29544.9,29447.9,29532.6,3844,10,0
2026-08-27 19:00:00,2026-08-27 17:00:00,29532.8,29559.2,29517.2,29525.8,3705,10,0
2026-08-27 19:15:00,2026-08-27 17:15:00,29524.8,29543.3,29505.7,29538.6,3659,10,0
2026-08-27 19:30:00,2026-08-27 17:30:00,29538.4,29585.8,29534.2,29580.3,3458,10,0
2026-08-27 19:45:00,2026-08-27 17:45:00,29580.7,29594.1,29573.5,29587.1,3331,10,0
2026-08-27 20:00:00,2026-08-27 18:00:00,29587.2,29611.4,29583.9,29605.4,3308,10,0
2026-08-27 20:15:00,2026-08-27 18:15:00,29605.4,29612.1,29573.4,29576.7,3281,10,0
2026-08-27 20:30:00,2026-08-27 18:30:00,29576.7,29591.5,29562.7,29564.4,3407,10,0
2026-08-27 20:45:00,2026-08-27 18:45:00,29564.4,29567.8,29542.7,29546.5,3493,10,0
2026-08-27 21:00:00,2026-08-27 19:00:00,29547.9,29557.2,29497.7,29512.0,3634,10,0
2026-08-27 21:15:00,2026-08-27 19:15:00,29511.6,29524.2,29462.5,29473.7,3601,10,0
2026-08-27 21:30:00,2026-08-27 19:30:00,29473.4,29516.6,29472.6,29507.9,3627,10,0
2026-08-27 21:45:00,2026-08-27 19:45:00,29507.9,29517.4,29480.6,29506.8,3544,10,0
2026-08-27 22:00:00,2026-08-27 20:00:00,29506.9,29541.9,29502.6,29528.5,3469,10,0
2026-08-27 22:15:00,2026-08-27 20:15:00,29528.6,29548.4,29528.6,29538.1,3419,10,0
2026-08-27 22:30:00,2026-08-27 20:30:00,29538.1,29568.4,29530.6,29568.2,3382,10,0
2026-08-27 22:45:00,2026-08-27 20:45:00,29567.4,29639.3,29564.7,29634.1,3633,10,0
2026-08-27 23:00:00,2026-08-27 21:00:00,29627.2,29642.8,29583.2,29583.5,3101,10,0
2026-08-27 23:15:00,2026-08-27 21:15:00,29583.4,29590.2,29569.8,29574.3,2264,10,0
2026-08-27 23:30:00,2026-08-27 21:30:00,29574.4,29580.3,29570.4,29575.4,1764,10,0
2026-08-27 23:45:00,2026-08-27 21:45:00,29575.4,29577.2,29555.7,29566.7,1850,10,0
2026-08-28 01:00:00,2026-08-27 23:00:00,29570.5,29581.8,29538.5,29559.2,2115,10,0
2026-08-28 01:15:00,2026-08-27 23:15:00,29559.2,29576.5,29558.6,29575.9,1691,10,0
2026-08-28 01:30:00,2026-08-27 23:30:00,29575.8,29578.2,29568.1,29574.4,1214,10,0
2026-08-28 01:45:00,2026-08-27 23:45:00,29574.1,29576.9,29568.4,29571.9,1010,10,0
2026-08-28 02:00:00,2026-08-28 00:00:00,29571.9,29574.8,29543.9,29554.4,1535,10,0
2026-08-28 02:15:00,2026-08-28 00:15:00,29554.5,29554.6,29542.6,29546.7,1156,10,0
2026-08-28 02:30:00,2026-08-28 00:30:00,29546.8,29549.9,29541.1,29542.4,1213,10,0
2026-08-28 02:45:00,2026-08-28 00:45:00,29542.4,29542.6,29530.0,29537.3,2263,10,0
2026-08-28 03:00:00,2026-08-28 01:00:00,29538.1,29593.1,29532.5,29590.9,3335,10,0
2026-08-28 03:15:00,2026-08-28 01:15:00,29590.9,29592.9,29563.3,29589.9,3175,10,0
2026-08-28 03:30:00,2026-08-28 01:30:00,29589.8,29595.5,29571.6,29591.8,2939,10,0
2026-08-28 03:45:00,2026-08-28 01:45:00,29591.9,29604.6,29580.1,29582.6,3038,10,0
2026-08-28 04:00:00,2026-08-28 02:00:00,29582.6,29608.2,29580.1,29598.4,3187,10,0
2026-08-28 04:15:00,2026-08-28 02:15:00,29598.4,29608.2,29581.8,29586.2,3002,10,0
2026-08-28 04:30:00,2026-08-28 02:30:00,29586.3,29609.8,29579.4,29591.7,3171,10,0
2026-08-28 04:45:00,2026-08-28 02:45:00,29591.8,29616.3,29581.4,29614.8,2940,10,0
2026-08-28 05:00:00,2026-08-28 03:00:00,29614.8,29637.1,29614.8,29631.1,2586,10,0
2026-08-28 05:15:00,2026-08-28 03:15:00,29631.3,29640.6,29624.1,29629.7,2345,10,0
2026-08-28 05:30:00,2026-08-28 03:30:00,29629.7,29629.8,29582.4,29584.1,2601,10,0
2026-08-28 05:45:00,2026-08-28 03:45:00,29584.5,29607.9,29582.6,29601.1,2321,10,0
2026-08-28 06:00:00,2026-08-28 04:00:00,29601.1,29639.7,29598.9,29631.2,2429,10,0
2026-08-28 06:15:00,2026-08-28 04:15:00,29631.3,29644.6,29627.2,29637.4,2060,10,0
2026-08-28 06:30:00,2026-08-28 04:30:00,29637.6,29641.8,29586.8,29589.1,2526,10,0
2026-08-28 06:45:00,2026-08-28 04:45:00,29589.0,29613.8,29578.3,29605.9,2631,10,0
2026-08-28 07:00:00,2026-08-28 05:00:00,29605.8,29608.0,29581.7,29599.2,2587,10,0
2026-08-28 07:15:00,2026-08-28 05:15:00,29598.9,29606.8,29594.4,29597.3,2526,10,0
2026-08-28 07:30:00,2026-08-28 05:30:00,29597.3,29598.6,29576.4,29581.6,2332,10,0
2026-08-28 07:45:00,2026-08-28 05:45:00,29581.7,29586.7,29573.9,29579.5,2088,10,0
2026-08-28 08:00:00,2026-08-28 06:00:00,29579.4,29581.5,29558.2,29562.0,2665,10,0
2026-08-28 08:15:00,2026-08-28 06:15:00,29562.0,29566.1,29549.6,29560.8,2510,10,0
2026-08-28 08:30:00,2026-08-28 06:30:00,29561.0,29562.6,29541.4,29550.5,2673,10,0
2026-08-28 08:45:00,2026-08-28 06:45:00,29550.5,29550.5,29535.2,29535.9,2195,10,0
2026-08-28 09:00:00,2026-08-28 07:00:00,29536.0,29555.6,29532.3,29540.7,2733,10,0
2026-08-28 09:15:00,2026-08-28 07:15:00,29540.7,29561.2,29532.2,29534.4,2701,10,0
2026-08-28 09:30:00,2026-08-28 07:30:00,29537.1,29560.1,29534.1,29557.8,2674,10,0
2026-08-28 09:45:00,2026-08-28 07:45:00,29556.8,29583.1,29553.3,29582.8,2397,10,0
2026-08-28 10:00:00,2026-08-28 08:00:00,29582.8,29590.8,29544.1,29549.6,3212,10,0
2026-08-28 10:15:00,2026-08-28 08:15:00,29549.6,29561.7,29540.2,29551.8,2865,10,0
2026-08-28 10:30:00,2026-08-28 08:30:00,29551.8,29558.4,29531.1,29535.1,2797,10,0
2026-08-28 10:45:00,2026-08-28 08:45:00,29535.1,29563.3,29532.9,29545.0,2759,10,0
2026-08-28 11:00:00,2026-08-28 09:00:00,29544.6,29558.2,29516.1,29522.9,3424,10,0
2026-08-28 11:15:00,2026-08-28 09:15:00,29523.3,29543.1,29519.9,29535.4,2910,10,0
2026-08-28 11:30:00,2026-08-28 09:30:00,29535.5,29571.0,29533.4,29561.5,2568,10,0
2026-08-28 11:45:00,2026-08-28 09:45:00,29561.1,29562.5,29540.3,29557.1,2404,10,0
2026-08-28 12:00:00,2026-08-28 10:00:00,29556.2,29557.8,29541.7,29543.8,2733,10,0
2026-08-28 12:15:00,2026-08-28 10:15:00,29543.8,29558.7,29532.9,29552.8,2599,10,0
2026-08-28 12:30:00,2026-08-28 10:30:00,29552.8,29555.9,29540.1,29544.5,2376,10,0
2026-08-28 12:45:00,2026-08-28 10:45:00,29544.4,29557.5,29537.2,29543.8,2445,10,0
2026-08-28 13:00:00,2026-08-28 11:00:00,29543.7,29548.1,29530.5,29541.8,2586,10,0
2026-08-28 13:15:00,2026-08-28 11:15:00,29541.5,29554.2,29535.4,29548.8,2281,10,0
2026-08-28 13:30:00,2026-08-28 11:30:00,29548.7,29560.1,29538.2,29538.9,2510,10,0
2026-08-28 13:45:00,2026-08-28 11:45:00,29538.9,29562.4,29535.5,29559.5,2510,10,0
2026-08-28 14:00:00,2026-08-28 12:00:00,29559.6,29572.0,29535.7,29552.3,2925,10,0
2026-08-28 14:15:00,2026-08-28 12:15:00,29552.2,29574.1,29551.7,29571.4,2440,10,0
2026-08-28 14:30:00,2026-08-28 12:30:00,29571.7,29577.3,29545.2,29547.5,2531,10,0
2026-08-28 14:45:00,2026-08-28 12:45:00,29547.2,29552.5,29536.1,29540.3,2576,10,0
2026-08-28 15:00:00,2026-08-28 13:00:00,29540.3,29570.3,29536.0,29568.2,2806,10,0
2026-08-28 15:15:00,2026-08-28 13:15:00,29568.2,29599.5,29566.0,29599.5,2796,10,0
2026-08-28 15:30:00,2026-08-28 13:30:00,29599.5,29599.5,29552.8,29595.6,3023,10,0
2026-08-28 15:45:00,2026-08-28 13:45:00,29595.5,29601.5,29587.1,29596.5,2863,10,0
2026-08-28 16:00:00,2026-08-28 14:00:00,29596.5,29618.4,29588.5,29598.7,3227,10,0
2026-08-28 16:15:00,2026-08-28 14:15:00,29598.5,29600.1,29560.3,29566.3,3117,10,0
2026-08-28 16:30:00,2026-08-28 14:30:00,29565.3,29638.9,29501.2,29624.4,4221,10,0
2026-08-28 16:45:00,2026-08-28 14:45:00,29624.6,29638.7,29563.7,29598.1,4106,10,0
2026-08-28 17:00:00,2026-08-28 15:00:00,29598.1,29642.3,29443.6,29474.9,4247,10,0
2026-08-28 17:15:00,2026-08-28 15:15:00,29472.7,29612.6,29469.9,29590.8,4244,10,0
2026-08-28 17:30:00,2026-08-28 15:30:00,29591.3,29680.9,29570.1,29672.2,4166,10,0
2026-08-28 17:45:00,2026-08-28 15:45:00,29672.0,29735.8,29662.9,29735.0,4040,10,0
2026-08-28 18:00:00,2026-08-28 16:00:00,29734.8,29748.6,29673.0,29685.5,4014,10,0
2026-08-28 18:15:00,2026-08-28 16:15:00,29685.6,29728.8,29676.4,29720.3,4008,10,0
2026-08-28 18:30:00,2026-08-28 16:30:00,29720.4,29722.9,29601.3,29609.0,4036,10,0
2026-08-28 18:45:00,2026-08-28 16:45:00,29609.0,29619.6,29483.4,29490.3,4148,10,0
2026-08-28 19:00:00,2026-08-28 17:00:00,29490.8,29529.3,29447.8,29496.3,4114,10,0
2026-08-28 19:15:00,2026-08-28 17:15:00,29494.3,29506.9,29403.9,29427.0,4166,10,0
2026-08-28 19:30:00,2026-08-28 17:30:00,29426.7,29466.8,29412.9,29421.3,4104,10,0
2026-08-28 19:45:00,2026-08-28 17:45:00,29421.5,29486.6,29420.9,29439.1,4038,10,0
2026-08-28 20:00:00,2026-08-28 18:00:00,29438.9,29439.7,29374.7,29421.7,4108,10,0
2026-08-28 20:15:00,2026-08-28 18:15:00,29421.7,29432.6,29390.4,29407.5,4004,10,0
2026-08-28 20:30:00,2026-08-28 18:30:00,29407.6,29441.4,29399.2,29421.6,3840,10,0
2026-08-28 20:45:00,2026-08-28 18:45:00,29421.1,29466.6,29413.6,29452.7,3675,10,0
2026-08-28 21:00:00,2026-08-28 19:00:00,29453.3,29459.0,29426.5,29426.6,3818,10,0
2026-08-28 21:15:00,2026-08-28 19:15:00,29427.0,29442.3,29409.1,29421.6,3801,10,0
2026-08-28 21:30:00,2026-08-28 19:30:00,29421.1,29444.3,29413.7,29428.5,3589,10,0
2026-08-28 21:45:00,2026-08-28 19:45:00,29428.6,29431.1,29379.3,29393.6,3725,10,0
2026-08-28 22:00:00,2026-08-28 20:00:00,29393.4,29428.8,29381.3,29417.2,3732,10,0
2026-08-28 22:15:00,2026-08-28 20:15:00,29417.2,29439.3,29402.7,29436.2,3519,10,0
2026-08-28 22:30:00,2026-08-28 20:30:00,29436.0,29450.2,29420.6,29440.6,3550,10,0
2026-08-28 22:45:00,2026-08-28 20:45:00,29440.6,29457.1,29412.3,29432.0,3800,10,0
2026-08-28 23:00:00,2026-08-28 21:00:00,29434.0,29445.1,29415.9,29425.4,2973,10,0
2026-08-28 23:15:00,2026-08-28 21:15:00,29426.7,29430.9,29422.9,29429.5,1896,10,0
2026-08-28 23:30:00,2026-08-28 21:30:00,29429.3,29445.8,29423.4,29445.1,1894,10,0
2026-08-28 23:45:00,2026-08-28 21:45:00,29445.3,29456.9,29443.9,29454.1,1328,10,0
2026-08-31 01:00:00,2026-08-30 23:00:00,29464.8,29489.6,29396.3,29418.9,2833,10,0
2026-08-31 01:15:00,2026-08-30 23:15:00,29418.8,29443.1,29417.0,29422.4,2142,10,0
2026-08-31 01:30:00,2026-08-30 23:30:00,29422.4,29424.6,29377.2,29386.2,2368,10,0
2026-08-31 01:45:00,2026-08-30 23:45:00,29385.9,29400.6,29383.3,29391.5,1631,10,0
2026-08-31 02:00:00,2026-08-31 00:00:00,29391.4,29396.1,29356.0,29359.5,2118,10,0
2026-08-31 02:15:00,2026-08-31 00:15:00,29359.4,29364.6,29318.9,29320.7,2369,10,0
2026-08-31 02:30:00,2026-08-31 00:30:00,29320.6,29323.1,29270.8,29302.9,2816,10,0
2026-08-31 02:45:00,2026-08-31 00:45:00,29303.1,29303.9,29238.6,29238.6,3347,10,0
2026-08-31 03:00:00,2026-08-31 01:00:00,29240.1,29294.1,29222.6,29288.5,3652,10,0
2026-08-31 03:15:00,2026-08-31 01:15:00,29291.0,29325.8,29282.8,29319.7,3327,10,0
2026-08-31 03:30:00,2026-08-31 01:30:00,29319.4,29347.0,29316.1,29338.1,3220,10,0
2026-08-31 03:45:00,2026-08-31 01:45:00,29338.2,29341.4,29299.0,29305.8,3326,10,0
2026-08-31 04:00:00,2026-08-31 02:00:00,29305.9,29306.7,29241.2,29273.5,3772,10,0
2026-08-31 04:15:00,2026-08-31 02:15:00,29272.3,29288.1,29251.9,29279.4,3761,10,0
2026-08-31 04:30:00,2026-08-31 02:30:00,29279.2,29286.3,29255.4,29261.1,3740,10,0
2026-08-31 04:45:00,2026-08-31 02:45:00,29261.4,29277.4,29251.5,29273.1,3606,10,0
2026-08-31 05:00:00,2026-08-31 03:00:00,29273.8,29311.3,29258.1,29305.0,3468,10,0
2026-08-31 05:15:00,2026-08-31 03:15:00,29305.3,29306.5,29253.0,29276.1,3460,10,0
2026-08-31 05:30:00,2026-08-31 03:30:00,29275.2,29283.5,29235.9,29245.1,3257,10,0
2026-08-31 05:45:00,2026-08-31 03:45:00,29245.0,29294.3,29240.0,29293.6,3188,10,0
2026-08-31 06:00:00,2026-08-31 04:00:00,29294.0,29315.5,29285.6,29304.3,2779,10,0
2026-08-31 06:15:00,2026-08-31 04:15:00,29304.3,29306.6,29292.0,29292.5,2479,10,0
2026-08-31 06:30:00,2026-08-31 04:30:00,29292.5,29299.9,29286.3,29295.1,2832,10,0
2026-08-31 06:45:00,2026-08-31 04:45:00,29295.4,29302.5,29287.9,29300.2,2490,10,0
2026-08-31 07:00:00,2026-08-31 05:00:00,29300.2,29303.1,29291.0,29302.9,2349,10,0
2026-08-31 07:15:00,2026-08-31 05:15:00,29303.1,29305.6,29291.6,29295.9,2092,10,0
2026-08-31 07:30:00,2026-08-31 05:30:00,29295.9,29333.2,29282.7,29331.2,2753,10,0
2026-08-31 07:45:00,2026-08-31 05:45:00,29331.1,29372.5,29315.1,29364.3,2586,10,0
2026-08-31 08:00:00,2026-08-31 06:00:00,29364.2,29393.1,29356.3,29392.0,2934,10,0
2026-08-31 08:15:00,2026-08-31 06:15:00,29392.1,29425.4,29391.1,29418.9,2957,10,0
2026-08-31 08:30:00,2026-08-31 06:30:00,29418.8,29422.6,29375.2,29390.3,3128,10,0
2026-08-31 08:45:00,2026-08-31 06:45:00,29390.4,29411.1,29381.2,29410.2,2624,10,0
2026-08-31 09:00:00,2026-08-31 07:00:00,29410.1,29451.1,29397.9,29448.3,2918,10,0
2026-08-31 09:15:00,2026-08-31 07:15:00,29448.4,29467.0,29448.4,29461.8,2772,10,0
2026-08-31 09:30:00,2026-08-31 07:30:00,29461.6,29467.3,29444.8,29456.3,2557,10,0
2026-08-31 09:45:00,2026-08-31 07:45:00,29456.2,29476.6,29452.0,29465.5,2275,10,0
2026-08-31 10:00:00,2026-08-31 08:00:00,29465.7,29469.1,29449.5,29461.9,2829,10,0
2026-08-31 10:15:00,2026-08-31 08:15:00,29461.9,29470.5,29449.5,29457.5,2669,10,0
2026-08-31 10:30:00,2026-08-31 08:30:00,29457.3,29470.1,29449.9,29455.1,2594,10,0
2026-08-31 10:45:00,2026-08-31 08:45:00,29455.1,29459.5,29441.7,29457.1,2227,10,0
2026-08-31 11:00:00,2026-08-31 09:00:00,29457.3,29483.8,29436.6,29454.3,3293,10,0
2026-08-31 11:15:00,2026-08-31 09:15:00,29454.1,29459.0,29434.6,29450.1,2822,10,0
2026-08-31 11:30:00,2026-08-31 09:30:00,29448.8,29451.2,29424.8,29432.8,2705,10,0
2026-08-31 11:45:00,2026-08-31 09:45:00,29433.0,29446.5,29429.0,29434.3,2422,10,0
2026-08-31 12:00:00,2026-08-31 10:00:00,29434.1,29449.6,29419.5,29441.5,2572,10,0
2026-08-31 12:15:00,2026-08-31 10:15:00,29441.5,29457.1,29438.9,29439.1,2350,10,0
2026-08-31 12:30:00,2026-08-31 10:30:00,29438.9,29441.8,29415.6,29417.2,2080,10,0
2026-08-31 12:45:00,2026-08-31 10:45:00,29416.7,29417.9,29394.9,29399.7,2204,10,0
2026-08-31 13:00:00,2026-08-31 11:00:00,29400.2,29408.4,29389.2,29407.2,2697,10,0
2026-08-31 13:15:00,2026-08-31 11:15:00,29406.7,29415.9,29394.8,29409.0,2526,10,0
2026-08-31 13:30:00,2026-08-31 11:30:00,29409.0,29409.2,29399.0,29403.4,2165,10,0
2026-08-31 13:45:00,2026-08-31 11:45:00,29403.3,29420.3,29398.7,29407.6,2249,10,0
2026-08-31 14:00:00,2026-08-31 12:00:00,29407.7,29412.0,29385.8,29388.4,2774,10,0
2026-08-31 14:15:00,2026-08-31 12:15:00,29388.3,29418.3,29385.4,29413.9,2658,10,0
2026-08-31 14:30:00,2026-08-31 12:30:00,29413.9,29415.6,29381.6,29381.7,2840,10,0
2026-08-31 14:45:00,2026-08-31 12:45:00,29381.7,29388.5,29374.4,29378.3,2602,10,0
2026-08-31 15:00:00,2026-08-31 13:00:00,29378.3,29415.3,29351.0,29398.6,3080,10,0
2026-08-31 15:15:00,2026-08-31 13:15:00,29398.6,29430.8,29347.1,29364.5,3077,10,0
2026-08-31 15:30:00,2026-08-31 13:30:00,29364.1,29390.5,29338.5,29347.4,3419,10,0
2026-08-31 15:45:00,2026-08-31 13:45:00,29347.5,29356.4,29328.6,29338.1,3053,10,0
2026-08-31 16:00:00,2026-08-31 14:00:00,29338.2,29359.4,29326.8,29357.3,3171,10,0
2026-08-31 16:15:00,2026-08-31 14:15:00,29357.1,29390.3,29357.1,29387.6,3159,10,0
2026-08-31 16:30:00,2026-08-31 14:30:00,29386.6,29464.5,29340.5,29356.3,4271,10,0
2026-08-31 16:45:00,2026-08-31 14:45:00,29355.4,29425.6,29337.8,29387.3,4217,10,0
2026-08-31 17:00:00,2026-08-31 15:00:00,29387.9,29396.0,29320.1,29342.4,4154,10,0
2026-08-31 17:15:00,2026-08-31 15:15:00,29342.5,29379.6,29304.2,29323.8,4100,10,0
2026-08-31 17:30:00,2026-08-31 15:30:00,29323.1,29383.3,29313.1,29374.6,3920,10,0
2026-08-31 17:45:00,2026-08-31 15:45:00,29374.0,29391.1,29333.0,29364.1,3926,10,0
2026-08-31 18:00:00,2026-08-31 16:00:00,29364.6,29390.5,29344.4,29366.4,3905,10,0
2026-08-31 18:15:00,2026-08-31 16:15:00,29365.9,29393.4,29346.5,29369.5,3777,10,0
2026-08-31 18:30:00,2026-08-31 16:30:00,29367.9,29373.5,29332.1,29357.6,3788,10,0
2026-08-31 18:45:00,2026-08-31 16:45:00,29357.2,29381.2,29333.5,29336.9,3603,10,0
2026-08-31 19:00:00,2026-08-31 17:00:00,29337.3,29361.1,29312.3,29355.9,3700,10,0
2026-08-31 19:15:00,2026-08-31 17:15:00,29355.9,29374.7,29331.1,29373.7,3515,10,0
2026-08-31 19:30:00,2026-08-31 17:30:00,29372.9,29379.4,29343.4,29362.7,3525,10,0
2026-08-31 19:45:00,2026-08-31 17:45:00,29362.6,29391.6,29358.7,29388.6,3235,10,0
2026-08-31 20:00:00,2026-08-31 18:00:00,29389.1,29389.1,29364.2,29372.7,3355,10,0
2026-08-31 20:15:00,2026-08-31 18:15:00,29372.4,29382.5,29342.4,29345.8,3321,10,0
2026-08-31 20:30:00,2026-08-31 18:30:00,29345.8,29387.9,29337.2,29387.9,3285,10,0
2026-08-31 20:45:00,2026-08-31 18:45:00,29388.4,29405.5,29379.8,29389.7,3289,10,0
2026-08-31 21:00:00,2026-08-31 19:00:00,29390.6,29406.2,29371.6,29395.6,3359,10,0
2026-08-31 21:15:00,2026-08-31 19:15:00,29395.6,29408.9,29386.0,29386.8,3221,10,0
2026-08-31 21:30:00,2026-08-31 19:30:00,29386.8,29391.7,29331.6,29348.2,3482,10,0
2026-08-31 21:45:00,2026-08-31 19:45:00,29348.4,29368.8,29339.4,29352.8,3361,10,0
2026-08-31 22:00:00,2026-08-31 20:00:00,29353.0,29377.9,29352.6,29374.4,3298,10,0
2026-08-31 22:15:00,2026-08-31 20:15:00,29374.1,29401.8,29366.2,29396.7,3176,10,0
2026-08-31 22:30:00,2026-08-31 20:30:00,29397.3,29431.4,29379.6,29425.4,3299,10,0
2026-08-31 22:45:00,2026-08-31 20:45:00,29425.2,29486.2,29407.2,29455.2,3765,10,0
2026-08-31 23:00:00,2026-08-31 21:00:00,29455.7,29475.6,29455.7,29460.1,2974,10,0
2026-08-31 23:15:00,2026-08-31 21:15:00,29460.6,29465.2,29456.0,29462.4,1776,10,0
2026-08-31 23:30:00,2026-08-31 21:30:00,29462.4,29468.4,29458.6,29465.2,1246,10,0
2026-08-31 23:45:00,2026-08-31 21:45:00,29465.1,29466.3,29455.8,29465.4,1127,10,0
2026-09-01 01:00:00,2026-08-31 23:00:00,29464.6,29472.6,29453.0,29458.8,1797,10,0
2026-09-01 01:15:00,2026-08-31 23:15:00,29458.7,29459.8,29451.0,29453.6,1037,10,0
2026-09-01 01:30:00,2026-08-31 23:30:00,29453.7,29458.8,29453.7,29456.1,780,10,0
2026-09-01 01:45:00,2026-08-31 23:45:00,29456.1,29458.5,29443.0,29445.3,1109,10,0
2026-09-01 02:00:00,2026-09-01 00:00:00,29445.2,29450.8,29442.0,29447.4,1527,10,0
2026-09-01 02:15:00,2026-09-01 00:15:00,29447.3,29449.6,29438.3,29448.3,1083,10,0
2026-09-01 02:30:00,2026-09-01 00:30:00,29448.3,29466.1,29446.0,29461.8,1600,10,0
2026-09-01 02:45:00,2026-09-01 00:45:00,29461.8,29470.8,29448.9,29452.4,2470,10,0
2026-09-01 03:00:00,2026-09-01 01:00:00,29452.1,29472.5,29431.9,29441.2,3644,10,0
2026-09-01 03:15:00,2026-09-01 01:15:00,29441.0,29470.1,29430.3,29452.5,3352,10,0
2026-09-01 03:30:00,2026-09-01 01:30:00,29452.5,29470.2,29436.0,29453.5,3187,10,0
2026-09-01 03:45:00,2026-09-01 01:45:00,29453.6,29459.7,29444.2,29457.8,3072,10,0
2026-09-01 04:00:00,2026-09-01 02:00:00,29457.9,29465.3,29444.0,29463.7,3323,10,0
2026-09-01 04:15:00,2026-09-01 02:15:00,29463.7,29467.7,29430.6,29435.3,3091,10,0
2026-09-01 04:30:00,2026-09-01 02:30:00,29435.3,29466.5,29426.8,29459.5,3230,10,0
2026-09-01 04:45:00,2026-09-01 02:45:00,29459.5,29462.2,29442.1,29450.8,2757,10,0
2026-09-01 05:00:00,2026-09-01 03:00:00,29450.7,29454.8,29427.3,29432.5,2667,10,0
2026-09-01 05:15:00,2026-09-01 03:15:00,29432.4,29437.8,29404.8,29411.3,2537,10,0
2026-09-01 05:30:00,2026-09-01 03:30:00,29411.5,29423.3,29387.6,29390.3,2935,10,0
2026-09-01 05:45:00,2026-09-01 03:45:00,29390.3,29442.9,29388.0,29442.2,2563,10,0
2026-09-01 06:00:00,2026-09-01 04:00:00,29443.9,29445.0,29420.0,29422.6,2661,10,0
2026-09-01 06:15:00,2026-09-01 04:15:00,29422.9,29428.0,29411.5,29416.1,2470,10,0
2026-09-01 06:30:00,2026-09-01 04:30:00,29416.1,29434.5,29412.5,29429.1,2683,10,0
2026-09-01 06:45:00,2026-09-01 04:45:00,29429.1,29439.6,29427.8,29438.5,2239,10,0
2026-09-01 07:00:00,2026-09-01 05:00:00,29438.4,29449.2,29433.3,29440.4,2362,10,0
2026-09-01 07:15:00,2026-09-01 05:15:00,29440.4,29453.1,29437.2,29444.8,2002,10,0
2026-09-01 07:30:00,2026-09-01 05:30:00,29444.8,29451.6,29422.0,29422.3,2366,10,0
2026-09-01 07:45:00,2026-09-01 05:45:00,29422.3,29445.3,29418.6,29424.8,2518,10,0
2026-09-01 08:00:00,2026-09-01 06:00:00,29424.8,29427.3,29411.8,29415.7,2363,10,0
2026-09-01 08:15:00,2026-09-01 06:15:00,29415.8,29439.2,29399.3,29437.5,2608,10,0
2026-09-01 08:30:00,2026-09-01 06:30:00,29437.5,29487.3,29433.5,29485.5,2845,10,0
2026-09-01 08:45:00,2026-09-01 06:45:00,29485.5,29522.8,29473.6,29512.5,2633,10,0
2026-09-01 09:00:00,2026-09-01 07:00:00,29512.9,29519.1,29482.5,29496.7,2980,10,0
2026-09-01 09:15:00,2026-09-01 07:15:00,29496.6,29497.8,29466.8,29468.5,2885,10,0
2026-09-01 09:30:00,2026-09-01 07:30:00,29468.0,29496.8,29466.3,29490.8,2733,10,0
2026-09-01 09:45:00,2026-09-01 07:45:00,29490.8,29492.3,29466.1,29466.9,2512,10,0
2026-09-01 10:00:00,2026-09-01 08:00:00,29467.1,29506.7,29464.6,29505.2,3499,10,0
2026-09-01 10:15:00,2026-09-01 08:15:00,29505.3,29508.0,29480.2,29497.5,3066,10,0
2026-09-01 10:30:00,2026-09-01 08:30:00,29497.5,29498.4,29414.2,29415.3,3373,10,0
2026-09-01 10:45:00,2026-09-01 08:45:00,29414.7,29430.0,29383.5,29387.2,3236,10,0
2026-09-01 11:00:00,2026-09-01 09:00:00,29387.7,29400.3,29280.2,29300.2,3918,10,0
2026-09-01 11:15:00,2026-09-01 09:15:00,29300.2,29310.4,29231.2,29237.3,3789,10,0
2026-09-01 11:30:00,2026-09-01 09:30:00,29237.9,29263.6,29199.8,29210.1,3779,10,0
2026-09-01 11:45:00,2026-09-01 09:45:00,29210.2,29230.7,29186.9,29187.3,3569,10,0
2026-09-01 12:00:00,2026-09-01 10:00:00,29186.9,29195.3,29153.2,29159.5,3613,10,0
2026-09-01 12:15:00,2026-09-01 10:15:00,29159.4,29169.9,29138.2,29149.6,3481,10,0
2026-09-01 12:30:00,2026-09-01 10:30:00,29149.7,29167.7,29136.1,29164.8,3443,10,0
2026-09-01 12:45:00,2026-09-01 10:45:00,29164.7,29179.3,29163.2,29164.4,3139,10,0
2026-09-01 13:00:00,2026-09-01 11:00:00,29164.5,29179.4,29152.8,29173.8,3186,10,0
2026-09-01 13:15:00,2026-09-01 11:15:00,29174.0,29200.2,29163.9,29190.2,2852,10,0
2026-09-01 13:30:00,2026-09-01 11:30:00,29189.0,29209.5,29178.8,29179.5,2756,10,0
2026-09-01 13:45:00,2026-09-01 11:45:00,29179.5,29194.4,29150.0,29161.6,3003,10,0
2026-09-01 14:00:00,2026-09-01 12:00:00,29161.6,29164.8,29132.0,29152.6,3320,10,0
2026-09-01 14:15:00,2026-09-01 12:15:00,29152.4,29168.0,29148.0,29160.0,3026,10,0
2026-09-01 14:30:00,2026-09-01 12:30:00,29159.8,29189.2,29158.0,29178.4,2842,10,0
2026-09-01 14:45:00,2026-09-01 12:45:00,29178.4,29180.3,29118.9,29123.3,3194,10,0
2026-09-01 15:00:00,2026-09-01 13:00:00,29123.2,29131.1,29105.5,29116.5,3496,10,0
2026-09-01 15:15:00,2026-09-01 13:15:00,29116.3,29124.2,29090.1,29121.5,3243,10,0
2026-09-01 15:30:00,2026-09-01 13:30:00,29120.5,29121.5,29076.0,29081.5,3423,10,0
2026-09-01 15:45:00,2026-09-01 13:45:00,29081.5,29104.5,29075.5,29077.3,3161,10,0
2026-09-01 16:00:00,2026-09-01 14:00:00,29077.5,29077.6,29038.5,29044.9,3475,10,0
2026-09-01 16:15:00,2026-09-01 14:15:00,29044.8,29073.7,29036.7,29062.5,3347,10,0
2026-09-01 16:30:00,2026-09-01 14:30:00,29062.9,29091.2,28992.7,29033.6,4255,10,0
2026-09-01 16:45:00,2026-09-01 14:45:00,29033.9,29108.9,29029.7,29054.4,4170,10,0
2026-09-01 17:00:00,2026-09-01 15:00:00,29061.8,29112.9,29040.4,29085.1,4092,10,0
2026-09-01 17:15:00,2026-09-01 15:15:00,29085.2,29130.5,29083.8,29116.3,4010,10,0
2026-09-01 17:30:00,2026-09-01 15:30:00,29116.6,29186.2,29113.9,29186.2,3831,10,0
2026-09-01 17:45:00,2026-09-01 15:45:00,29185.9,29219.3,29159.4,29179.6,3841,10,0
2026-09-01 18:00:00,2026-09-01 16:00:00,29180.9,29193.1,29132.2,29134.5,3907,10,0
2026-09-01 18:15:00,2026-09-01 16:15:00,29134.5,29184.0,29131.4,29183.9,3792,10,0
2026-09-01 18:30:00,2026-09-01 16:30:00,29183.7,29241.5,29176.5,29240.2,3723,10,0
2026-09-01 18:45:00,2026-09-01 16:45:00,29239.4,29268.5,29237.6,29247.6,3627,10,0
2026-09-01 19:00:00,2026-09-01 17:00:00,29247.7,29251.8,29183.8,29183.8,3692,10,0
2026-09-01 19:15:00,2026-09-01 17:15:00,29183.9,29187.8,29115.0,29129.3,3928,10,0
2026-09-01 19:30:00,2026-09-01 17:30:00,29129.2,29135.3,29083.7,29090.1,3909,10,0
2026-09-01 19:45:00,2026-09-01 17:45:00,29089.4,29148.5,29085.3,29143.1,3642,10,0
2026-09-01 20:00:00,2026-09-01 18:00:00,29142.9,29143.1,29090.5,29107.3,3706,10,0
2026-09-01 20:15:00,2026-09-01 18:15:00,29107.5,29115.2,29053.6,29094.4,3691,10,0
2026-09-01 20:30:00,2026-09-01 18:30:00,29094.4,29113.0,29089.7,29103.1,3636,10,0
2026-09-01 20:45:00,2026-09-01 18:45:00,29102.9,29104.3,29069.7,29092.3,3582,10,0
2026-09-01 21:00:00,2026-09-01 19:00:00,29092.0,29102.9,29053.4,29054.2,3576,10,0
2026-09-01 21:15:00,2026-09-01 19:15:00,29053.8,29069.4,29037.9,29045.7,3521,10,0
2026-09-01 21:30:00,2026-09-01 19:30:00,29045.7,29048.6,28966.7,28966.7,3601,10,0
2026-09-01 21:45:00,2026-09-01 19:45:00,28965.9,29032.2,28954.1,29027.2,3673,10,0
2026-09-01 22:00:00,2026-09-01 20:00:00,29027.7,29072.8,29022.8,29071.2,3715,10,0
2026-09-01 22:15:00,2026-09-01 20:15:00,29071.7,29080.8,29055.2,29077.8,3566,10,0
2026-09-01 22:30:00,2026-09-01 20:30:00,29078.0,29079.8,29045.3,29069.3,3685,10,0
2026-09-01 22:45:00,2026-09-01 20:45:00,29069.1,29092.6,29038.4,29076.9,3844,10,0
2026-09-01 23:00:00,2026-09-01 21:00:00,29077.0,29109.4,29065.1,29086.2,3088,10,0
2026-09-01 23:15:00,2026-09-01 21:15:00,29086.5,29110.7,29086.1,29087.5,2165,10,0
2026-09-01 23:30:00,2026-09-01 21:30:00,29087.4,29107.1,29084.2,29098.4,1837,10,0
2026-09-01 23:45:00,2026-09-01 21:45:00,29098.2,29099.1,29082.4,29088.3,1671,10,0
2026-09-02 01:00:00,2026-09-01 23:00:00,29088.9,29102.9,29063.1,29065.4,1727,10,0
2026-09-02 01:15:00,2026-09-01 23:15:00,29065.5,29080.6,29057.8,29069.8,1556,10,0
2026-09-02 01:30:00,2026-09-01 23:30:00,29069.8,29075.7,29066.7,29072.7,1215,10,0
2026-09-02 01:45:00,2026-09-01 23:45:00,29072.7,29093.5,29070.6,29086.3,1442,10,0
2026-09-02 02:00:00,2026-09-02 00:00:00,29086.3,29090.4,29083.6,29084.4,1168,10,0
2026-09-02 02:15:00,2026-09-02 00:15:00,29084.4,29092.8,29075.0,29092.6,1472,10,0
2026-09-02 02:30:00,2026-09-02 00:30:00,29092.6,29098.6,29088.7,29095.2,1313,10,0
2026-09-02 02:45:00,2026-09-02 00:45:00,29095.7,29100.5,29087.0,29089.2,2491,10,0
2026-09-02 03:00:00,2026-09-02 01:00:00,29091.4,29098.8,29061.7,29084.2,3541,10,0
2026-09-02 03:15:00,2026-09-02 01:15:00,29084.0,29124.8,29079.0,29082.4,3542,10,0
2026-09-02 03:30:00,2026-09-02 01:30:00,29082.8,29103.0,29069.8,29095.2,3397,10,0
2026-09-02 03:45:00,2026-09-02 01:45:00,29095.1,29100.4,29059.2,29059.5,3162,10,0
2026-09-02 04:00:00,2026-09-02 02:00:00,29058.4,29081.6,29043.0,29053.3,3569,10,0
2026-09-02 04:15:00,2026-09-02 02:15:00,29053.2,29084.9,29049.7,29070.4,3358,10,0
2026-09-02 04:30:00,2026-09-02 02:30:00,29070.4,29078.1,29026.4,29029.2,3348,10,0
2026-09-02 04:45:00,2026-09-02 02:45:00,29029.5,29033.4,29003.1,29030.5,3312,10,0
2026-09-02 05:00:00,2026-09-02 03:00:00,29030.6,29032.0,29000.0,29021.0,3366,10,0
2026-09-02 05:15:00,2026-09-02 03:15:00,29021.2,29055.6,29020.6,29039.7,3081,10,0
2026-09-02 05:30:00,2026-09-02 03:30:00,29040.2,29042.2,29017.2,29038.2,2849,10,0
2026-09-02 05:45:00,2026-09-02 03:45:00,29038.2,29047.5,29030.4,29040.7,2652,10,0
2026-09-02 06:00:00,2026-09-02 04:00:00,29040.5,29044.7,29014.0,29039.1,2890,10,0
2026-09-02 06:15:00,2026-09-02 04:15:00,29039.1,29039.4,29023.9,29024.7,2629,10,0
2026-09-02 06:30:00,2026-09-02 04:30:00,29024.7,29027.2,29009.1,29011.5,2788,10,0
2026-09-02 06:45:00,2026-09-02 04:45:00,29011.2,29019.6,29001.8,29002.2,2561,10,0
2026-09-02 07:00:00,2026-09-02 05:00:00,29002.7,29009.9,28990.7,29003.0,2613,10,0
2026-09-02 07:15:00,2026-09-02 05:15:00,29003.0,29017.3,28999.3,29006.1,2723,10,0
2026-09-02 07:30:00,2026-09-02 05:30:00,29006.0,29017.4,29002.7,29009.3,2540,10,0
2026-09-02 07:45:00,2026-09-02 05:45:00,29008.7,29019.9,29005.7,29013.9,2426,10,0
2026-09-02 08:00:00,2026-09-02 06:00:00,29014.1,29026.4,28992.7,29021.8,2980,10,0
2026-09-02 08:15:00,2026-09-02 06:15:00,29021.9,29047.1,29019.7,29046.6,2866,10,0
2026-09-02 08:30:00,2026-09-02 06:30:00,29046.6,29059.0,29025.9,29054.5,3019,10,0
2026-09-02 08:45:00,2026-09-02 06:45:00,29054.4,29056.2,29017.5,29027.1,2775,10,0
2026-09-02 09:00:00,2026-09-02 07:00:00,29027.1,29036.6,28997.3,29003.9,3228,10,0
2026-09-02 09:15:00,2026-09-02 07:15:00,29004.4,29010.0,28976.5,28977.8,3103,10,0
2026-09-02 09:30:00,2026-09-02 07:30:00,28978.0,29053.7,28971.7,29027.7,3262,10,0
2026-09-02 09:45:00,2026-09-02 07:45:00,29027.7,29035.6,29006.6,29032.3,2997,10,0
2026-09-02 10:00:00,2026-09-02 08:00:00,29031.9,29075.6,29020.6,29058.7,3416,10,0
2026-09-02 10:15:00,2026-09-02 08:15:00,29058.6,29072.8,29032.4,29049.3,3210,10,0
2026-09-02 10:30:00,2026-09-02 08:30:00,29048.5,29056.1,29020.5,29025.8,3067,10,0
2026-09-02 10:45:00,2026-09-02 08:45:00,29025.7,29033.1,29005.3,29017.3,3046,10,0
2026-09-02 11:00:00,2026-09-02 09:00:00,29017.3,29052.0,29007.5,29029.3,3541,10,0
2026-09-02 11:15:00,2026-09-02 09:15:00,29029.0,29042.7,28994.4,29007.4,3307,10,0
2026-09-02 11:30:00,2026-09-02 09:30:00,29007.9,29024.2,28987.0,28990.7,3177,10,0
2026-09-02 11:45:00,2026-09-02 09:45:00,28991.1,28992.0,28910.0,28932.9,3224,10,0
2026-09-02 12:00:00,2026-09-02 10:00:00,28932.7,28981.7,28924.1,28926.5,3472,10,0
2026-09-02 12:15:00,2026-09-02 10:15:00,28926.5,28950.8,28911.9,28933.8,3177,10,0
2026-09-02 12:30:00,2026-09-02 10:30:00,28933.9,28935.7,28896.2,28903.9,3008,10,0
2026-09-02 12:45:00,2026-09-02 10:45:00,28903.9,28930.0,28903.1,28928.0,2938,10,0
2026-09-02 13:00:00,2026-09-02 11:00:00,28928.1,28934.5,28902.7,28933.4,3074,10,0
2026-09-02 13:15:00,2026-09-02 11:15:00,28933.2,28947.9,28926.7,28940.7,2842,10,0
2026-09-02 13:30:00,2026-09-02 11:30:00,28939.7,28944.6,28916.2,28921.6,2801,10,0
2026-09-02 13:45:00,2026-09-02 11:45:00,28921.7,28943.4,28913.4,28942.4,2773,10,0
2026-09-02 14:00:00,2026-09-02 12:00:00,28943.1,28976.3,28882.4,28972.3,3444,10,0
2026-09-02 14:15:00,2026-09-02 12:15:00,28969.0,28990.1,28950.2,28977.9,3325,10,0
2026-09-02 14:30:00,2026-09-02 12:30:00,28978.0,29014.3,28974.8,28984.3,3172,10,0
2026-09-02 14:45:00,2026-09-02 12:45:00,28984.3,29039.4,28977.9,29039.1,3054,10,0
2026-09-02 15:00:00,2026-09-02 13:00:00,29039.1,29075.9,29029.2,29074.9,3463,10,0
2026-09-02 15:15:00,2026-09-02 13:15:00,29074.7,29103.6,29050.2,29063.9,3496,10,0
2026-09-02 15:30:00,2026-09-02 13:30:00,29063.6,29065.4,29022.6,29024.6,3151,10,0
2026-09-02 15:45:00,2026-09-02 13:45:00,29024.5,29026.9,28988.3,28995.4,2946,10,0
2026-09-02 16:00:00,2026-09-02 14:00:00,28995.4,29025.8,28993.6,29022.8,3093,10,0
2026-09-02 16:15:00,2026-09-02 14:15:00,29022.6,29069.9,29019.1,29053.6,3226,10,0
2026-09-02 16:30:00,2026-09-02 14:30:00,29055.6,29073.6,28992.7,29045.8,4233,10,0
2026-09-02 16:45:00,2026-09-02 14:45:00,29045.7,29067.6,28972.7,29016.6,4145,10,0
2026-09-02 17:00:00,2026-09-02 15:00:00,29016.3,29082.6,28988.0,29082.4,4104,10,0
2026-09-02 17:15:00,2026-09-02 15:15:00,29082.9,29148.4,29074.6,29142.3,3976,10,0
2026-09-02 17:30:00,2026-09-02 15:30:00,29141.4,29166.6,29123.6,29156.2,3966,10,0
2026-09-02 17:45:00,2026-09-02 15:45:00,29156.5,29157.6,29067.3,29075.1,3836,10,0
2026-09-02 18:00:00,2026-09-02 16:00:00,29075.4,29122.7,29061.7,29113.4,3922,10,0
2026-09-02 18:15:00,2026-09-02 16:15:00,29113.3,29162.8,29107.4,29159.3,3663,10,0
2026-09-02 18:30:00,2026-09-02 16:30:00,29160.0,29163.4,29126.7,29138.1,3740,10,0
2026-09-02 18:45:00,2026-09-02 16:45:00,29138.0,29145.5,29091.1,29140.1,3754,10,0
2026-09-02 19:00:00,2026-09-02 17:00:00,29140.1,29153.3,29128.7,29141.5,3660,10,0
2026-09-02 19:15:00,2026-09-02 17:15:00,29141.4,29141.7,29097.5,29107.0,3555,10,0
2026-09-02 19:30:00,2026-09-02 17:30:00,29107.0,29130.5,29093.7,29094.1,3517,10,0
2026-09-02 19:45:00,2026-09-02 17:45:00,29094.2,29123.1,29092.1,29110.1,3472,10,0
2026-09-02 20:00:00,2026-09-02 18:00:00,29110.6,29137.1,29082.7,29100.0,3505,10,0
2026-09-02 20:15:00,2026-09-02 18:15:00,29101.1,29109.1,29080.5,29103.9,3356,10,0
2026-09-02 20:30:00,2026-09-02 18:30:00,29105.8,29113.8,29083.0,29113.8,3316,10,0
2026-09-02 20:45:00,2026-09-02 18:45:00,29114.0,29128.8,29098.8,29113.6,3421,10,0
2026-09-02 21:00:00,2026-09-02 19:00:00,29113.6,29121.1,29090.9,29102.4,3367,10,0
2026-09-02 21:15:00,2026-09-02 19:15:00,29102.3,29151.8,29098.5,29114.4,3388,10,0
2026-09-02 21:30:00,2026-09-02 19:30:00,29114.4,29129.6,29087.7,29091.5,3272,10,0
2026-09-02 21:45:00,2026-09-02 19:45:00,29091.9,29109.0,29086.0,29100.4,3096,10,0
2026-09-02 22:00:00,2026-09-02 20:00:00,29100.5,29126.7,29094.5,29121.0,3247,10,0
2026-09-02 22:15:00,2026-09-02 20:15:00,29121.0,29125.4,29105.4,29122.9,3190,10,0
2026-09-02 22:30:00,2026-09-02 20:30:00,29123.0,29132.6,29110.6,29130.0,3221,10,0
2026-09-02 22:45:00,2026-09-02 20:45:00,29130.4,29151.8,29125.7,29144.7,3472,10,0
2026-09-02 23:00:00,2026-09-02 21:00:00,29148.0,29167.1,29143.4,29148.1,2236,10,0
2026-09-02 23:15:00,2026-09-02 21:15:00,29148.5,29148.5,29094.9,29111.6,3003,10,0
2026-09-02 23:30:00,2026-09-02 21:30:00,29111.6,29118.1,29103.1,29103.4,1935,10,0
2026-09-02 23:45:00,2026-09-02 21:45:00,29103.4,29119.1,29096.4,29099.7,1655,10,0
2026-09-03 01:00:00,2026-09-02 23:00:00,29126.8,29145.1,29105.7,29142.5,1686,10,0
2026-09-03 01:15:00,2026-09-02 23:15:00,29142.1,29165.3,29134.5,29152.9,1873,10,0
2026-09-03 01:30:00,2026-09-02 23:30:00,29152.8,29159.2,29148.7,29152.0,1491,10,0
2026-09-03 01:45:00,2026-09-02 23:45:00,29152.0,29152.2,29136.4,29138.0,1497,10,0
2026-09-03 02:00:00,2026-09-03 00:00:00,29137.9,29145.4,29127.8,29128.6,1570,10,0
2026-09-03 02:15:00,2026-09-03 00:15:00,29128.6,29136.4,29124.9,29136.4,1220,10,0
2026-09-03 02:30:00,2026-09-03 00:30:00,29136.4,29145.0,29131.1,29145.0,1411,10,0
2026-09-03 02:45:00,2026-09-03 00:45:00,29145.0,29169.6,29144.4,29157.4,2362,10,0
2026-09-03 03:00:00,2026-09-03 01:00:00,29157.3,29157.6,29123.0,29125.7,3395,10,0
2026-09-03 03:15:00,2026-09-03 01:15:00,29125.7,29125.8,29098.1,29113.5,2995,10,0
2026-09-03 03:30:00,2026-09-03 01:30:00,29113.2,29118.6,29102.8,29113.1,2749,10,0
2026-09-03 03:45:00,2026-09-03 01:45:00,29113.1,29117.8,29103.5,29107.8,2949,10,0
2026-09-03 04:00:00,2026-09-03 02:00:00,29107.8,29143.3,29104.6,29140.2,3263,10,0
2026-09-03 04:15:00,2026-09-03 02:15:00,29140.2,29157.2,29114.4,29133.1,3203,10,0
2026-09-03 04:30:00,2026-09-03 02:30:00,29130.4,29155.8,29124.6,29125.1,3370,10,0
2026-09-03 04:45:00,2026-09-03 02:45:00,29125.3,29132.5,29092.8,29094.7,3216,10,0
2026-09-03 05:00:00,2026-09-03 03:00:00,29094.4,29143.4,29090.4,29139.4,3086,10,0
2026-09-03 05:15:00,2026-09-03 03:15:00,29139.4,29151.4,29129.6,29145.3,2712,10,0
2026-09-03 05:30:00,2026-09-03 03:30:00,29144.6,29155.1,29127.7,29130.1,2630,10,0
2026-09-03 05:45:00,2026-09-03 03:45:00,29129.9,29145.3,29124.3,29138.6,2696,10,0
2026-09-03 06:00:00,2026-09-03 04:00:00,29138.6,29161.1,29136.9,29160.6,2297,10,0
2026-09-03 06:15:00,2026-09-03 04:15:00,29161.3,29188.4,29158.9,29176.4,2696,10,0
2026-09-03 06:30:00,2026-09-03 04:30:00,29176.5,29190.0,29174.8,29184.3,2572,10,0
2026-09-03 06:45:00,2026-09-03 04:45:00,29184.1,29196.0,29177.1,29193.3,2331,10,0
2026-09-03 07:00:00,2026-09-03 05:00:00,29193.0,29211.4,29186.0,29203.0,2235,10,0
2026-09-03 07:15:00,2026-09-03 05:15:00,29202.9,29205.6,29184.0,29184.3,2008,10,0
2026-09-03 07:30:00,2026-09-03 05:30:00,29184.3,29193.0,29171.1,29175.6,2201,10,0
2026-09-03 07:45:00,2026-09-03 05:45:00,29175.6,29185.5,29161.6,29164.3,2291,10,0
2026-09-03 08:00:00,2026-09-03 06:00:00,29164.2,29165.1,29097.9,29105.5,3193,10,0
2026-09-03 08:15:00,2026-09-03 06:15:00,29105.3,29105.3,29032.9,29059.8,3894,10,0
2026-09-03 08:30:00,2026-09-03 06:30:00,29059.9,29108.2,29054.5,29098.7,3676,10,0
2026-09-03 08:45:00,2026-09-03 06:45:00,29098.8,29145.3,29084.6,29145.3,3310,10,0
2026-09-03 09:00:00,2026-09-03 07:00:00,29145.3,29160.0,29119.6,29125.4,3345,10,0
2026-09-03 09:15:00,2026-09-03 07:15:00,29125.3,29137.1,29118.3,29134.6,3041,10,0
2026-09-03 09:30:00,2026-09-03 07:30:00,29133.6,29144.5,29120.8,29138.5,2982,10,0
2026-09-03 09:45:00,2026-09-03 07:45:00,29138.5,29139.7,29116.7,29131.8,2565,10,0
2026-09-03 10:00:00,2026-09-03 08:00:00,29129.4,29189.5,29116.5,29161.0,3564,10,0
2026-09-03 10:15:00,2026-09-03 08:15:00,29161.0,29167.6,29136.3,29159.5,3283,10,0
2026-09-03 10:30:00,2026-09-03 08:30:00,29159.4,29202.2,29149.4,29197.3,3330,10,0
2026-09-03 10:45:00,2026-09-03 08:45:00,29197.1,29197.7,29140.3,29176.9,3157,10,0
2026-09-03 11:00:00,2026-09-03 09:00:00,29176.7,29248.9,29169.4,29204.1,3802,10,0
2026-09-03 11:15:00,2026-09-03 09:15:00,29204.1,29220.4,29189.0,29213.2,3345,10,0
2026-09-03 11:30:00,2026-09-03 09:30:00,29213.2,29213.2,29183.7,29184.5,3037,10,0
2026-09-03 11:45:00,2026-09-03 09:45:00,29184.1,29191.8,29170.9,29173.4,2830,10,0
2026-09-03 12:00:00,2026-09-03 10:00:00,29173.3,29182.1,29167.9,29180.0,2957,10,0
2026-09-03 12:15:00,2026-09-03 10:15:00,29180.0,29180.4,29143.3,29143.3,2856,10,0
2026-09-03 12:30:00,2026-09-03 10:30:00,29143.5,29153.7,29126.0,29132.7,2887,10,0
2026-09-03 12:45:00,2026-09-03 10:45:00,29133.6,29133.6,29084.6,29093.6,3008,10,0
2026-09-03 13:00:00,2026-09-03 11:00:00,29094.7,29115.3,29076.9,29081.5,3179,10,0
2026-09-03 13:15:00,2026-09-03 11:15:00,29081.4,29091.3,29076.0,29084.5,2840,10,0
2026-09-03 13:30:00,2026-09-03 11:30:00,29084.6,29096.3,29063.2,29085.1,3019,10,0
2026-09-03 13:45:00,2026-09-03 11:45:00,29085.1,29086.6,29064.9,29084.9,2738,10,0
2026-09-03 14:00:00,2026-09-03 12:00:00,29085.1,29127.7,29062.7,29121.0,3383,10,0
2026-09-03 14:15:00,2026-09-03 12:15:00,29121.0,29142.1,29113.2,29123.4,2985,10,0
2026-09-03 14:30:00,2026-09-03 12:30:00,29123.4,29130.0,29072.9,29098.9,3056,10,0
2026-09-03 14:45:00,2026-09-03 12:45:00,29099.0,29099.7,29059.4,29061.8,3162,10,0
2026-09-03 15:00:00,2026-09-03 13:00:00,29062.1,29103.8,29060.5,29081.2,3234,10,0
2026-09-03 15:15:00,2026-09-03 13:15:00,29081.1,29107.2,29062.7,29101.4,3198,10,0
2026-09-03 15:30:00,2026-09-03 13:30:00,29101.4,29197.5,29099.3,29146.4,3804,10,0
2026-09-03 15:45:00,2026-09-03 13:45:00,29145.7,29215.5,29142.0,29201.8,3620,10,0
2026-09-03 16:00:00,2026-09-03 14:00:00,29201.6,29202.3,29151.7,29196.1,3587,10,0
2026-09-03 16:15:00,2026-09-03 14:15:00,29195.9,29209.9,29157.3,29204.6,3540,10,0
2026-09-03 16:30:00,2026-09-03 14:30:00,29205.2,29315.7,29157.0,29302.6,4278,10,0
2026-09-03 16:45:00,2026-09-03 14:45:00,29302.2,29331.4,29253.9,29288.8,4174,10,0
2026-09-03 17:00:00,2026-09-03 15:00:00,29286.7,29286.7,29199.9,29257.6,4210,10,0
2026-09-03 17:15:00,2026-09-03 15:15:00,29257.6,29320.6,29252.9,29299.5,4081,10,0
2026-09-03 17:30:00,2026-09-03 15:30:00,29299.3,29316.9,29230.5,29240.8,4113,10,0
2026-09-03 17:45:00,2026-09-03 15:45:00,29240.3,29322.8,29206.1,29320.5,4126,10,0
2026-09-03 18:00:00,2026-09-03 16:00:00,29320.1,29422.4,29320.1,29420.4,4028,10,0
2026-09-03 18:15:00,2026-09-03 16:15:00,29421.4,29496.1,29410.5,29492.3,3850,10,0
2026-09-03 18:30:00,2026-09-03 16:30:00,29492.1,29499.0,29459.9,29463.2,3819,10,0
2026-09-03 18:45:00,2026-09-03 16:45:00,29462.7,29495.6,29461.1,29495.5,3647,10,0
2026-09-03 19:00:00,2026-09-03 17:00:00,29495.2,29495.7,29460.5,29476.6,3609,10,0
2026-09-03 19:15:00,2026-09-03 17:15:00,29475.9,29485.2,29446.2,29453.5,3531,10,0
2026-09-03 19:30:00,2026-09-03 17:30:00,29454.3,29491.0,29439.5,29484.1,3535,10,0
2026-09-03 19:45:00,2026-09-03 17:45:00,29484.7,29499.6,29473.4,29484.5,3423,10,0
2026-09-03 20:00:00,2026-09-03 18:00:00,29484.5,29490.6,29443.5,29446.8,3460,10,0
2026-09-03 20:15:00,2026-09-03 18:15:00,29447.1,29464.3,29433.2,29460.1,3447,10,0
2026-09-03 20:30:00,2026-09-03 18:30:00,29459.1,29488.5,29459.0,29484.9,3375,10,0
2026-09-03 20:45:00,2026-09-03 18:45:00,29485.1,29509.2,29478.5,29500.4,3347,10,0
2026-09-03 21:00:00,2026-09-03 19:00:00,29500.5,29536.0,29500.0,29530.1,3363,10,0
2026-09-03 21:15:00,2026-09-03 19:15:00,29530.0,29540.6,29521.4,29527.0,3260,10,0
2026-09-03 21:30:00,2026-09-03 19:30:00,29528.1,29536.1,29516.8,29517.2,3132,10,0
2026-09-03 21:45:00,2026-09-03 19:45:00,29517.3,29536.8,29516.2,29523.9,3160,10,0
2026-09-03 22:00:00,2026-09-03 20:00:00,29523.9,29526.1,29489.5,29495.1,3270,10,0
2026-09-03 22:15:00,2026-09-03 20:15:00,29495.0,29500.0,29483.1,29489.7,3241,10,0
2026-09-03 22:30:00,2026-09-03 20:30:00,29490.0,29496.6,29478.8,29480.9,3316,10,0
2026-09-03 22:45:00,2026-09-03 20:45:00,29481.0,29492.6,29466.4,29489.7,3595,10,0
2026-09-03 23:00:00,2026-09-03 21:00:00,29488.3,29492.5,29463.8,29477.8,2567,10,0
2026-09-03 23:15:00,2026-09-03 21:15:00,29477.7,29478.3,29461.7,29467.0,1554,10,0
2026-09-03 23:30:00,2026-09-03 21:30:00,29467.0,29473.6,29465.3,29467.6,1263,10,0
2026-09-03 23:45:00,2026-09-03 21:45:00,29467.6,29468.7,29455.7,29461.7,1317,10,0
