DateTime_Broker,DateTime_UTC,Open,High,Low,Close,TickVolume,Spread,RealVolume
2026-04-01 01:00:00,2026-03-31 23:00:00,6520.8,6533.1,6518.0,6531.7,1077,4,0
2026-04-01 01:15:00,2026-03-31 23:15:00,6531.5,6533.8,6526.2,6530.6,987,4,0
2026-04-01 01:30:00,2026-03-31 23:30:00,6530.5,6532.5,6525.6,6530.2,731,4,0
2026-04-01 01:45:00,2026-03-31 23:45:00,6530.2,6530.8,6527.3,6529.6,507,4,0
2026-04-01 02:00:00,2026-04-01 00:00:00,6529.6,6529.8,6526.1,6527.3,652,4,0
2026-04-01 02:15:00,2026-04-01 00:15:00,6527.3,6532.8,6526.2,6532.1,501,4,0
2026-04-01 02:30:00,2026-04-01 00:30:00,6531.8,6543.1,6531.3,6535.6,852,4,0
2026-04-01 02:45:00,2026-04-01 00:45:00,6535.6,6548.6,6534.5,6546.8,992,4,0
2026-04-01 03:00:00,2026-04-01 01:00:00,6546.6,6549.1,6542.3,6545.3,1633,4,0
2026-04-01 03:15:00,2026-04-01 01:15:00,6545.1,6546.0,6540.8,6544.0,1342,4,0
2026-04-01 03:30:00,2026-04-01 01:30:00,6543.8,6546.1,6537.1,6545.0,1228,4,0
2026-04-01 03:45:00,2026-04-01 01:45:00,6545.0,6549.6,6543.1,6549.3,1258,4,0
2026-04-01 04:00:00,2026-04-01 02:00:00,6549.3,6550.8,6536.2,6542.3,1983,4,0
2026-04-01 04:15:00,2026-04-01 02:15:00,6542.3,6546.1,6539.0,6545.3,1480,4,0
2026-04-01 04:30:00,2026-04-01 02:30:00,6545.3,6546.1,6536.8,6538.3,1351,4,0
2026-04-01 04:45:00,2026-04-01 02:45:00,6538.3,6539.6,6536.1,6538.1,934,4,0
2026-04-01 05:00:00,2026-04-01 03:00:00,6538.1,6542.1,6536.6,6537.6,869,4,0
2026-04-01 05:15:00,2026-04-01 03:15:00,6537.6,6538.8,6534.8,6535.6,672,4,0
2026-04-01 05:30:00,2026-04-01 03:30:00,6535.6,6536.5,6532.3,6535.6,748,4,0
2026-04-01 05:45:00,2026-04-01 03:45:00,6535.6,6538.1,6534.6,6535.2,673,4,0
2026-04-01 06:00:00,2026-04-01 04:00:00,6535.2,6539.1,6534.3,6537.7,835,4,0
2026-04-01 06:15:00,2026-04-01 04:15:00,6537.7,6538.3,6535.1,6536.7,592,4,0
2026-04-01 06:30:00,2026-04-01 04:30:00,6536.7,6539.6,6536.3,6538.8,639,4,0
2026-04-01 06:45:00,2026-04-01 04:45:00,6538.9,6539.8,6536.1,6537.3,505,4,0
2026-04-01 07:00:00,2026-04-01 05:00:00,6537.3,6539.6,6536.3,6537.1,371,4,0
2026-04-01 07:15:00,2026-04-01 05:15:00,6537.0,6541.3,6536.2,6541.1,454,4,0
2026-04-01 07:30:00,2026-04-01 05:30:00,6541.3,6542.6,6539.7,6541.6,400,4,0
2026-04-01 07:45:00,2026-04-01 05:45:00,6541.6,6544.6,6540.3,6542.5,499,4,0
2026-04-01 08:00:00,2026-04-01 06:00:00,6542.5,6549.6,6541.5,6549.3,657,4,0
2026-04-01 08:15:00,2026-04-01 06:15:00,6549.3,6555.7,6547.8,6550.8,766,4,0
2026-04-01 08:30:00,2026-04-01 06:30:00,6550.8,6553.6,6546.8,6551.8,923,4,0
2026-04-01 08:45:00,2026-04-01 06:45:00,6551.8,6553.8,6548.6,6549.6,867,4,0
2026-04-01 09:00:00,2026-04-01 07:00:00,6549.6,6559.1,6549.3,6558.9,1261,4,0
2026-04-01 09:15:00,2026-04-01 07:15:00,6558.9,6568.4,6557.7,6567.4,1362,4,0
2026-04-01 09:30:00,2026-04-01 07:30:00,6567.2,6577.6,6565.9,6577.1,1628,4,0
2026-04-01 09:45:00,2026-04-01 07:45:00,6577.1,6578.6,6573.1,6577.1,1363,4,0
2026-04-01 10:00:00,2026-04-01 08:00:00,6577.1,6579.4,6571.5,6573.1,1621,4,0
2026-04-01 10:15:00,2026-04-01 08:15:00,6573.2,6573.2,6568.6,6572.1,1184,4,0
2026-04-01 10:30:00,2026-04-01 08:30:00,6572.1,6578.6,6570.9,6574.6,1205,4,0
2026-04-01 10:45:00,2026-04-01 08:45:00,6574.6,6575.6,6555.4,6557.1,1574,4,0
2026-04-01 11:00:00,2026-04-01 09:00:00,6557.1,6561.4,6546.9,6549.4,2017,4,0
2026-04-01 11:15:00,2026-04-01 09:15:00,6549.5,6564.7,6548.4,6559.0,1592,4,0
2026-04-01 11:30:00,2026-04-01 09:30:00,6559.0,6563.9,6558.1,6562.7,1468,4,0
2026-04-01 11:45:00,2026-04-01 09:45:00,6562.7,6565.2,6547.6,6558.2,1451,4,0
2026-04-01 12:00:00,2026-04-01 10:00:00,6558.2,6561.9,6548.6,6550.9,1472,4,0
2026-04-01 12:15:00,2026-04-01 10:15:00,6550.9,6552.1,6543.1,6549.1,1481,4,0
2026-04-01 12:30:00,2026-04-01 10:30:00,6549.1,6556.6,6548.9,6554.1,1284,4,0
2026-04-01 12:45:00,2026-04-01 10:45:00,6554.1,6564.2,6554.1,6559.5,1379,4,0
2026-04-01 13:00:00,2026-04-01 11:00:00,6559.5,6563.7,6555.4,6560.2,1277,4,0
2026-04-01 13:15:00,2026-04-01 11:15:00,6560.1,6563.4,6556.3,6558.9,1135,4,0
2026-04-01 13:30:00,2026-04-01 11:30:00,6558.9,6564.5,6557.4,6563.4,1093,4,0
2026-04-01 13:45:00,2026-04-01 11:45:00,6563.4,6575.1,6563.4,6572.6,1385,4,0
2026-04-01 14:00:00,2026-04-01 12:00:00,6572.6,6577.7,6571.4,6577.6,1127,4,0
2026-04-01 14:15:00,2026-04-01 12:15:00,6577.6,6580.4,6575.5,6577.4,1072,4,0
2026-04-01 14:30:00,2026-04-01 12:30:00,6577.4,6584.9,6576.5,6581.6,1176,4,0
2026-04-01 14:45:00,2026-04-01 12:45:00,6581.6,6587.4,6579.2,6584.2,1083,4,0
2026-04-01 15:00:00,2026-04-01 13:00:00,6584.4,6585.1,6576.6,6577.5,1145,4,0
2026-04-01 15:15:00,2026-04-01 13:15:00,6577.5,6579.4,6566.4,6572.2,1256,4,0
2026-04-01 15:30:00,2026-04-01 13:30:00,6572.2,6596.0,6561.1,6581.0,1504,4,0
2026-04-01 15:45:00,2026-04-01 13:45:00,6581.7,6592.7,6550.1,6552.9,2671,4,0
2026-04-01 16:00:00,2026-04-01 14:00:00,6553.1,6558.9,6546.9,6553.4,2035,4,0
2026-04-01 16:15:00,2026-04-01 14:15:00,6553.2,6562.9,6552.0,6562.9,1870,4,0
2026-04-01 16:30:00,2026-04-01 14:30:00,6563.0,6585.1,6558.4,6564.2,2920,4,0
2026-04-01 16:45:00,2026-04-01 14:45:00,6564.5,6573.1,6554.6,6567.5,2851,4,0
2026-04-01 17:00:00,2026-04-01 15:00:00,6567.5,6577.6,6563.6,6570.6,2676,4,0
2026-04-01 17:15:00,2026-04-01 15:15:00,6570.6,6579.9,6567.4,6575.4,2337,4,0
2026-04-01 17:30:00,2026-04-01 15:30:00,6575.1,6587.6,6561.7,6581.6,2465,4,0
2026-04-01 17:45:00,2026-04-01 15:45:00,6581.9,6593.6,6576.1,6590.4,1918,4,0
2026-04-01 18:00:00,2026-04-01 16:00:00,6590.1,6596.1,6588.4,6591.4,1539,4,0
2026-04-01 18:15:00,2026-04-01 16:15:00,6591.4,6595.6,6588.6,6588.6,1481,4,0
2026-04-01 18:30:00,2026-04-01 16:30:00,6588.6,6598.4,6584.4,6597.2,1446,4,0
2026-04-01 18:45:00,2026-04-01 16:45:00,6597.4,6606.4,6595.3,6603.5,974,4,0
2026-04-01 19:00:00,2026-04-01 17:00:00,6603.6,6606.1,6599.6,6600.6,1068,4,0
2026-04-01 19:15:00,2026-04-01 17:15:00,6600.6,6604.1,6595.9,6596.6,908,4,0
2026-04-01 19:30:00,2026-04-01 17:30:00,6596.6,6604.1,6593.1,6603.6,784,4,0
2026-04-01 19:45:00,2026-04-01 17:45:00,6603.6,6604.6,6600.6,6602.9,566,4,0
2026-04-01 20:00:00,2026-04-01 18:00:00,6602.9,6609.9,6601.9,6608.6,633,4,0
2026-04-01 20:15:00,2026-04-01 18:15:00,6608.6,6610.1,6606.6,6608.1,528,4,0
2026-04-01 20:30:00,2026-04-01 18:30:00,6608.1,6609.6,6602.1,6603.6,629,4,0
2026-04-01 20:45:00,2026-04-01 18:45:00,6603.9,6605.1,6592.4,6592.4,725,4,0
2026-04-01 21:00:00,2026-04-01 19:00:00,6592.4,6594.1,6581.1,6583.4,1486,4,0
2026-04-01 21:15:00,2026-04-01 19:15:00,6583.4,6583.4,6562.7,6566.4,1718,4,0
2026-04-01 21:30:00,2026-04-01 19:30:00,6566.4,6578.9,6560.9,6572.6,1584,4,0
2026-04-01 21:45:00,2026-04-01 19:45:00,6572.6,6574.0,6565.9,6568.4,1336,4,0
2026-04-01 22:00:00,2026-04-01 20:00:00,6568.4,6578.1,6566.9,6575.9,1183,4,0
2026-04-01 22:15:00,2026-04-01 20:15:00,6576.1,6587.6,6573.9,6585.1,992,4,0
2026-04-01 22:30:00,2026-04-01 20:30:00,6585.1,6591.1,6580.6,6585.6,1026,4,0
2026-04-01 22:45:00,2026-04-01 20:45:00,6585.4,6587.4,6571.4,6576.4,1479,4,0
2026-04-01 23:00:00,2026-04-01 21:00:00,6576.4,6580.3,6572.8,6579.1,803,4,0
2026-04-01 23:15:00,2026-04-01 21:15:00,6579.1,6579.3,6573.3,6574.1,313,4,0
2026-04-01 23:30:00,2026-04-01 21:30:00,6574.1,6578.1,6574.1,6576.3,169,4,0
2026-04-01 23:45:00,2026-04-01 21:45:00,6576.3,6577.8,6574.8,6575.1,227,4,0
2026-04-02 01:00:00,2026-04-01 23:00:00,6574.6,6578.7,6571.4,6574.2,765,4,0
2026-04-02 01:15:00,2026-04-01 23:15:00,6574.2,6575.4,6570.2,6574.6,541,4,0
2026-04-02 01:30:00,2026-04-01 23:30:00,6574.6,6575.9,6572.4,6575.2,433,4,0
2026-04-02 01:45:00,2026-04-01 23:45:00,6575.1,6575.6,6567.6,6569.6,720,4,0
2026-04-02 02:00:00,2026-04-02 00:00:00,6569.6,6576.1,6568.6,6575.5,556,4,0
2026-04-02 02:15:00,2026-04-02 00:15:00,6575.5,6575.9,6573.1,6575.6,434,4,0
2026-04-02 02:30:00,2026-04-02 00:30:00,6575.6,6575.7,6572.1,6573.7,424,4,0
2026-04-02 02:45:00,2026-04-02 00:45:00,6573.7,6575.1,6567.4,6571.6,823,4,0
2026-04-02 03:00:00,2026-04-02 01:00:00,6571.6,6571.6,6565.9,6568.6,1651,4,0
2026-04-02 03:15:00,2026-04-02 01:15:00,6568.6,6571.5,6565.1,6566.4,1429,4,0
2026-04-02 03:30:00,2026-04-02 01:30:00,6566.4,6582.6,6564.4,6582.2,1422,4,0
2026-04-02 03:45:00,2026-04-02 01:45:00,6582.2,6589.4,6578.7,6587.7,1458,4,0
2026-04-02 04:00:00,2026-04-02 02:00:00,6587.7,6588.2,6553.0,6564.4,2749,4,0
2026-04-02 04:15:00,2026-04-02 02:15:00,6564.3,6565.5,6523.9,6527.7,3002,4,0
2026-04-02 04:30:00,2026-04-02 02:30:00,6527.4,6528.2,6512.4,6519.0,2777,4,0
2026-04-02 04:45:00,2026-04-02 02:45:00,6519.0,6522.2,6510.7,6517.5,2586,4,0
2026-04-02 05:00:00,2026-04-02 03:00:00,6517.5,6522.5,6499.6,6501.9,2198,4,0
2026-04-02 05:15:00,2026-04-02 03:15:00,6501.9,6508.9,6500.1,6500.5,1989,4,0
2026-04-02 05:30:00,2026-04-02 03:30:00,6500.5,6505.2,6499.0,6504.4,1800,4,0
2026-04-02 05:45:00,2026-04-02 03:45:00,6504.4,6508.9,6502.9,6507.1,1444,4,0
2026-04-02 06:00:00,2026-04-02 04:00:00,6507.1,6507.1,6500.0,6504.1,1455,4,0
2026-04-02 06:15:00,2026-04-02 04:15:00,6504.1,6508.6,6503.7,6505.2,1151,4,0
2026-04-02 06:30:00,2026-04-02 04:30:00,6505.3,6505.9,6495.1,6499.1,1523,4,0
2026-04-02 06:45:00,2026-04-02 04:45:00,6499.1,6499.6,6492.9,6494.2,1302,4,0
2026-04-02 07:00:00,2026-04-02 05:00:00,6494.2,6497.9,6490.6,6492.1,1272,4,0
2026-04-02 07:15:00,2026-04-02 05:15:00,6492.0,6497.5,6491.2,6492.1,1228,4,0
2026-04-02 07:30:00,2026-04-02 05:30:00,6492.1,6494.3,6488.9,6491.8,912,4,0
2026-04-02 07:45:00,2026-04-02 05:45:00,6491.6,6492.9,6488.1,6490.4,871,4,0
2026-04-02 08:00:00,2026-04-02 06:00:00,6490.4,6495.6,6490.4,6491.1,1220,4,0
2026-04-02 08:15:00,2026-04-02 06:15:00,6491.1,6494.0,6488.7,6493.9,982,4,0
2026-04-02 08:30:00,2026-04-02 06:30:00,6493.9,6496.7,6484.5,6485.7,1409,4,0
2026-04-02 08:45:00,2026-04-02 06:45:00,6485.7,6486.2,6479.5,6479.6,1194,4,0
2026-04-02 09:00:00,2026-04-02 07:00:00,6479.7,6488.2,6477.7,6479.2,1451,4,0
2026-04-02 09:15:00,2026-04-02 07:15:00,6479.2,6486.2,6477.2,6484.9,1311,4,0
2026-04-02 09:30:00,2026-04-02 07:30:00,6484.9,6488.2,6482.7,6485.2,1206,4,0
2026-04-02 09:45:00,2026-04-02 07:45:00,6485.3,6490.3,6482.2,6489.7,1101,4,0
2026-04-02 10:00:00,2026-04-02 08:00:00,6489.7,6492.4,6485.2,6488.9,1675,4,0
2026-04-02 10:15:00,2026-04-02 08:15:00,6489.0,6493.9,6485.6,6492.8,1448,4,0
2026-04-02 10:30:00,2026-04-02 08:30:00,6492.8,6499.5,6491.9,6497.0,1310,4,0
2026-04-02 10:45:00,2026-04-02 08:45:00,6497.0,6506.5,6496.9,6505.9,1085,4,0
2026-04-02 11:00:00,2026-04-02 09:00:00,6505.9,6506.9,6498.7,6499.9,1285,4,0
2026-04-02 11:15:00,2026-04-02 09:15:00,6499.8,6501.9,6495.0,6499.5,1088,4,0
2026-04-02 11:30:00,2026-04-02 09:30:00,6499.5,6507.8,6499.4,6502.0,1126,4,0
2026-04-02 11:45:00,2026-04-02 09:45:00,6502.0,6504.4,6498.1,6499.2,1002,4,0
2026-04-02 12:00:00,2026-04-02 10:00:00,6499.2,6502.0,6496.0,6496.4,970,4,0
2026-04-02 12:15:00,2026-04-02 10:15:00,6496.4,6504.7,6496.0,6502.0,917,4,0
2026-04-02 12:30:00,2026-04-02 10:30:00,6502.0,6502.2,6495.4,6496.3,946,4,0
2026-04-02 12:45:00,2026-04-02 10:45:00,6496.3,6500.3,6494.3,6497.9,958,4,0
2026-04-02 13:00:00,2026-04-02 11:00:00,6497.9,6500.3,6488.2,6488.4,1186,4,0
2026-04-02 13:15:00,2026-04-02 11:15:00,6488.4,6489.3,6485.0,6485.8,1047,4,0
2026-04-02 13:30:00,2026-04-02 11:30:00,6485.8,6495.3,6484.3,6492.5,1192,4,0
2026-04-02 13:45:00,2026-04-02 11:45:00,6492.5,6495.8,6489.7,6493.7,1159,4,0
2026-04-02 14:00:00,2026-04-02 12:00:00,6493.9,6495.2,6482.3,6482.4,1320,4,0
2026-04-02 14:15:00,2026-04-02 12:15:00,6482.4,6483.2,6474.5,6474.8,1268,4,0
2026-04-02 14:30:00,2026-04-02 12:30:00,6474.8,6480.9,6468.5,6470.9,1207,4,0
2026-04-02 14:45:00,2026-04-02 12:45:00,6470.9,6477.7,6465.4,6465.4,1283,4,0
2026-04-02 15:00:00,2026-04-02 13:00:00,6465.4,6468.7,6460.8,6465.2,1532,4,0
2026-04-02 15:15:00,2026-04-02 13:15:00,6465.2,6476.7,6463.7,6474.4,1404,4,0
2026-04-02 15:30:00,2026-04-02 13:30:00,6474.5,6477.9,6471.9,6476.8,1347,4,0
2026-04-02 15:45:00,2026-04-02 13:45:00,6476.9,6481.9,6473.4,6474.0,1626,4,0
2026-04-02 16:00:00,2026-04-02 14:00:00,6473.9,6481.7,6472.2,6475.4,1937,4,0
2026-04-02 16:15:00,2026-04-02 14:15:00,6475.4,6486.9,6475.0,6484.4,1611,4,0
2026-04-02 16:30:00,2026-04-02 14:30:00,6484.4,6495.2,6471.7,6477.2,2640,4,0
2026-04-02 16:45:00,2026-04-02 14:45:00,6477.9,6519.7,6474.7,6517.2,2587,4,0
2026-04-02 17:00:00,2026-04-02 15:00:00,6517.2,6525.7,6506.7,6517.4,2377,4,0
2026-04-02 17:15:00,2026-04-02 15:15:00,6517.4,6531.9,6516.4,6525.2,2233,4,0
2026-04-02 17:30:00,2026-04-02 15:30:00,6524.7,6600.9,6522.7,6582.9,3221,4,0
2026-04-02 17:45:00,2026-04-02 15:45:00,6582.7,6584.7,6555.4,6575.7,2984,4,0
2026-04-02 18:00:00,2026-04-02 16:00:00,6575.9,6581.2,6559.9,6574.7,2667,4,0
2026-04-02 18:15:00,2026-04-02 16:15:00,6574.7,6579.7,6560.9,6574.4,2476,4,0
2026-04-02 18:30:00,2026-04-02 16:30:00,6574.4,6580.9,6564.4,6573.9,2230,4,0
2026-04-02 18:45:00,2026-04-02 16:45:00,6574.4,6574.4,6552.4,6562.2,2135,4,0
2026-04-02 19:00:00,2026-04-02 17:00:00,6562.2,6568.7,6549.9,6555.7,1991,4,0
2026-04-02 19:15:00,2026-04-02 17:15:00,6555.7,6558.4,6543.7,6548.9,1843,4,0
2026-04-02 19:30:00,2026-04-02 17:30:00,6548.9,6571.4,6547.2,6564.2,2005,4,0
2026-04-02 19:45:00,2026-04-02 17:45:00,6564.2,6567.5,6556.9,6557.4,1438,4,0
2026-04-02 20:00:00,2026-04-02 18:00:00,6557.4,6567.9,6551.8,6565.4,1621,4,0
2026-04-02 20:15:00,2026-04-02 18:15:00,6565.2,6572.2,6564.4,6567.9,1303,4,0
2026-04-02 20:30:00,2026-04-02 18:30:00,6568.4,6569.2,6559.9,6564.2,1220,4,0
2026-04-02 20:45:00,2026-04-02 18:45:00,6564.2,6564.9,6547.4,6554.2,1429,4,0
2026-04-02 21:00:00,2026-04-02 19:00:00,6554.2,6566.2,6554.2,6560.9,1343,4,0
2026-04-02 21:15:00,2026-04-02 19:15:00,6560.9,6564.2,6555.4,6556.8,1269,4,0
2026-04-02 21:30:00,2026-04-02 19:30:00,6556.8,6567.2,6555.9,6565.2,1122,4,0
2026-04-02 21:45:00,2026-04-02 19:45:00,6565.2,6571.9,6564.0,6566.2,1013,4,0
2026-04-02 22:00:00,2026-04-02 20:00:00,6566.2,6574.4,6565.9,6568.9,959,4,0
2026-04-02 22:15:00,2026-04-02 20:15:00,6568.9,6570.2,6562.7,6565.2,1013,4,0
2026-04-02 22:30:00,2026-04-02 20:30:00,6565.2,6571.3,6562.2,6564.9,925,4,0
2026-04-02 22:45:00,2026-04-02 20:45:00,6564.4,6582.2,6562.9,6579.9,1430,4,0
2026-04-02 23:00:00,2026-04-02 21:00:00,6580.2,6581.9,6576.2,6580.4,761,4,0
2026-04-02 23:15:00,2026-04-02 21:15:00,6580.4,6585.4,6578.6,6584.9,335,4,0
2026-04-02 23:30:00,2026-04-02 21:30:00,6584.9,6585.1,6579.4,6580.4,361,4,0
2026-04-02 23:45:00,2026-04-02 21:45:00,6580.4,6582.6,6578.6,6579.9,268,4,0
2026-04-03 01:00:00,2026-04-02 23:00:00,6578.9,6579.6,6577.3,6578.4,308,4,0
2026-04-03 01:15:00,2026-04-02 23:15:00,6578.5,6583.5,6576.9,6580.8,600,4,0
2026-04-03 01:30:00,2026-04-02 23:30:00,6580.8,6583.3,6580.4,6581.5,365,4,0
2026-04-03 01:45:00,2026-04-02 23:45:00,6581.5,6582.4,6580.4,6581.3,186,4,0
2026-04-03 02:00:00,2026-04-03 00:00:00,6581.3,6581.3,6578.7,6579.0,316,4,0
2026-04-03 02:15:00,2026-04-03 00:15:00,6579.0,6582.2,6578.9,6581.5,292,4,0
2026-04-03 02:30:00,2026-04-03 00:30:00,6581.5,6583.4,6580.9,6581.8,241,4,0
2026-04-03 02:45:00,2026-04-03 00:45:00,6581.8,6582.2,6579.9,6581.7,411,4,0
2026-04-03 03:00:00,2026-04-03 01:00:00,6581.7,6589.7,6581.7,6586.2,1123,4,0
2026-04-03 03:15:00,2026-04-03 01:15:00,6586.2,6586.2,6581.7,6584.8,763,4,0
2026-04-03 03:30:00,2026-04-03 01:30:00,6584.8,6584.9,6580.0,6581.4,715,4,0
2026-04-03 03:45:00,2026-04-03 01:45:00,6581.4,6582.4,6580.4,6581.9,504,4,0
2026-04-03 04:00:00,2026-04-03 02:00:00,6581.9,6582.8,6578.2,6578.8,543,4,0
2026-04-03 04:15:00,2026-04-03 02:15:00,6578.8,6581.2,6578.3,6580.8,493,4,0
2026-04-03 04:30:00,2026-04-03 02:30:00,6580.8,6581.3,6578.2,6578.5,394,4,0
2026-04-03 04:45:00,2026-04-03 02:45:00,6578.5,6578.9,6576.2,6576.5,356,4,0
2026-04-03 05:00:00,2026-04-03 03:00:00,6576.6,6577.7,6575.7,6577.5,390,4,0
2026-04-03 05:15:00,2026-04-03 03:15:00,6577.5,6578.3,6570.3,6570.9,547,4,0
2026-04-03 05:30:00,2026-04-03 03:30:00,6570.9,6571.3,6567.2,6570.0,653,4,0
2026-04-03 05:45:00,2026-04-03 03:45:00,6570.0,6574.4,6566.4,6571.3,732,4,0
2026-04-03 06:00:00,2026-04-03 04:00:00,6571.3,6574.8,6571.2,6571.8,377,4,0
2026-04-03 06:15:00,2026-04-03 04:15:00,6571.8,6573.7,6570.4,6570.7,387,4,0
2026-04-03 06:30:00,2026-04-03 04:30:00,6570.7,6572.5,6568.9,6569.4,384,4,0
2026-04-03 06:45:00,2026-04-03 04:45:00,6569.4,6572.0,6569.4,6570.3,368,4,0
2026-04-03 07:00:00,2026-04-03 05:00:00,6570.3,6572.3,6570.2,6571.6,282,4,0
2026-04-03 07:15:00,2026-04-03 05:15:00,6571.6,6573.2,6570.9,6571.7,307,4,0
2026-04-03 07:30:00,2026-04-03 05:30:00,6571.7,6572.3,6567.0,6567.7,297,4,0
2026-04-03 07:45:00,2026-04-03 05:45:00,6567.7,6570.9,6567.4,6568.8,363,4,0
2026-04-03 08:00:00,2026-04-03 06:00:00,6568.8,6572.4,6568.3,6570.9,411,4,0
2026-04-03 08:15:00,2026-04-03 06:15:00,6570.9,6571.2,6566.7,6568.9,365,4,0
2026-04-03 08:30:00,2026-04-03 06:30:00,6568.9,6573.4,6568.9,6573.0,336,4,0
2026-04-03 08:45:00,2026-04-03 06:45:00,6573.0,6573.9,6570.7,6571.2,364,4,0
2026-04-03 09:00:00,2026-04-03 07:00:00,6571.2,6571.7,6569.7,6570.3,310,4,0
2026-04-03 09:15:00,2026-04-03 07:15:00,6570.3,6571.2,6568.7,6569.6,314,4,0
2026-04-03 09:30:00,2026-04-03 07:30:00,6569.4,6569.6,6563.1,6563.9,442,4,0
2026-04-03 09:45:00,2026-04-03 07:45:00,6563.9,6566.6,6560.4,6563.9,363,4,0
2026-04-03 10:00:00,2026-04-03 08:00:00,6563.9,6564.7,6556.4,6558.7,404,4,0
2026-04-03 10:15:00,2026-04-03 08:15:00,6558.7,6564.6,6558.7,6564.4,339,4,0
2026-04-03 10:30:00,2026-04-03 08:30:00,6564.4,6568.7,6564.4,6567.6,432,4,0
2026-04-03 10:45:00,2026-04-03 08:45:00,6567.6,6567.9,6564.6,6564.9,213,4,0
2026-04-03 11:00:00,2026-04-03 09:00:00,6564.9,6567.7,6564.8,6565.5,326,4,0
2026-04-03 11:15:00,2026-04-03 09:15:00,6565.5,6566.2,6561.9,6562.8,256,4,0
2026-04-03 11:30:00,2026-04-03 09:30:00,6562.7,6565.1,6562.2,6563.7,228,4,0
2026-04-03 11:45:00,2026-04-03 09:45:00,6563.7,6565.2,6563.4,6563.8,216,4,0
2026-04-03 12:00:00,2026-04-03 10:00:00,6563.8,6564.7,6561.6,6561.6,335,4,0
2026-04-03 12:15:00,2026-04-03 10:15:00,6561.6,6564.4,6560.4,6562.9,271,4,0
2026-04-03 12:30:00,2026-04-03 10:30:00,6562.9,6564.2,6562.4,6562.4,199,4,0
2026-04-03 12:45:00,2026-04-03 10:45:00,6562.4,6563.1,6561.7,6561.9,122,4,0
2026-04-03 13:00:00,2026-04-03 11:00:00,6561.9,6562.7,6559.9,6560.7,249,4,0
2026-04-03 13:15:00,2026-04-03 11:15:00,6560.7,6562.7,6559.6,6559.9,287,4,0
2026-04-03 13:30:00,2026-04-03 11:30:00,6559.9,6561.4,6558.4,6560.6,227,4,0
2026-04-03 13:45:00,2026-04-03 11:45:00,6560.6,6562.6,6560.4,6561.8,202,4,0
2026-04-03 14:00:00,2026-04-03 12:00:00,6561.8,6562.1,6556.2,6560.6,374,4,0
2026-04-03 14:15:00,2026-04-03 12:15:00,6560.7,6566.4,6559.7,6566.3,435,4,0
2026-04-03 14:30:00,2026-04-03 12:30:00,6566.3,6568.7,6565.6,6565.8,416,4,0
2026-04-03 14:45:00,2026-04-03 12:45:00,6565.8,6567.7,6565.1,6565.4,280,4,0
2026-04-03 15:00:00,2026-04-03 13:00:00,6565.4,6572.4,6565.4,6569.3,596,4,0
2026-04-03 15:15:00,2026-04-03 13:15:00,6569.3,6571.3,6561.2,6569.1,809,4,0
2026-04-03 15:30:00,2026-04-03 13:30:00,6569.1,6590.5,6558.2,6567.9,1649,4,0
2026-04-03 15:45:00,2026-04-03 13:45:00,6567.8,6570.2,6556.5,6558.1,994,4,0
2026-04-03 16:00:00,2026-04-03 14:00:00,6558.1,6564.1,6556.4,6561.4,802,4,0
2026-04-06 01:00:00,2026-04-05 23:00:00,6541.1,6545.3,6526.9,6536.6,1853,4,0
2026-04-06 01:15:00,2026-04-05 23:15:00,6536.6,6544.5,6534.3,6543.3,1602,4,0
2026-04-06 01:30:00,2026-04-05 23:30:00,6543.3,6547.6,6539.4,6543.8,1220,4,0
2026-04-06 01:45:00,2026-04-05 23:45:00,6543.8,6549.3,6540.4,6547.1,1268,4,0
2026-04-06 02:00:00,2026-04-06 00:00:00,6547.1,6548.8,6538.6,6542.1,1689,4,0
2026-04-06 02:15:00,2026-04-06 00:15:00,6542.2,6545.4,6540.3,6542.0,1026,4,0
2026-04-06 02:30:00,2026-04-06 00:30:00,6542.0,6545.0,6541.3,6541.8,634,4,0
2026-04-06 02:45:00,2026-04-06 00:45:00,6541.9,6547.3,6541.5,6547.0,766,4,0
2026-04-06 03:00:00,2026-04-06 01:00:00,6547.0,6563.5,6546.2,6562.3,1846,4,0
2026-04-06 03:15:00,2026-04-06 01:15:00,6562.3,6568.2,6558.0,6561.4,1474,4,0
2026-04-06 03:30:00,2026-04-06 01:30:00,6561.4,6567.5,6561.3,6566.8,1219,4,0
2026-04-06 03:45:00,2026-04-06 01:45:00,6566.8,6570.3,6565.5,6569.0,870,4,0
2026-04-06 04:00:00,2026-04-06 02:00:00,6568.9,6572.9,6568.8,6572.0,923,4,0
2026-04-06 04:15:00,2026-04-06 02:15:00,6572.0,6577.4,6568.0,6575.6,964,4,0
2026-04-06 04:30:00,2026-04-06 02:30:00,6575.6,6575.6,6571.4,6574.8,747,4,0
2026-04-06 04:45:00,2026-04-06 02:45:00,6574.8,6575.4,6566.6,6569.6,770,4,0
2026-04-06 05:00:00,2026-04-06 03:00:00,6569.5,6584.8,6568.3,6581.8,1383,4,0
2026-04-06 05:15:00,2026-04-06 03:15:00,6581.7,6595.5,6580.5,6593.4,1594,4,0
2026-04-06 05:30:00,2026-04-06 03:30:00,6593.4,6594.5,6581.0,6582.6,1206,4,0
2026-04-06 05:45:00,2026-04-06 03:45:00,6582.6,6584.0,6575.4,6575.5,1112,4,0
2026-04-06 06:00:00,2026-04-06 04:00:00,6575.5,6576.3,6568.4,6569.0,1098,4,0
2026-04-06 06:15:00,2026-04-06 04:15:00,6569.0,6571.6,6556.4,6566.6,1456,4,0
2026-04-06 06:30:00,2026-04-06 04:30:00,6566.6,6569.8,6564.6,6569.1,1175,4,0
2026-04-06 06:45:00,2026-04-06 04:45:00,6569.1,6572.8,6568.3,6571.8,839,4,0
2026-04-06 07:00:00,2026-04-06 05:00:00,6571.8,6577.5,6570.8,6576.3,1012,4,0
2026-04-06 07:15:00,2026-04-06 05:15:00,6576.5,6577.8,6573.9,6575.1,663,4,0
2026-04-06 07:30:00,2026-04-06 05:30:00,6575.1,6581.3,6574.3,6580.3,751,4,0
2026-04-06 07:45:00,2026-04-06 05:45:00,6580.3,6581.9,6578.6,6580.5,685,4,0
2026-04-06 08:00:00,2026-04-06 06:00:00,6580.5,6583.5,6580.1,6582.0,675,4,0
2026-04-06 08:15:00,2026-04-06 06:15:00,6582.0,6583.8,6580.1,6580.3,669,4,0
2026-04-06 08:30:00,2026-04-06 06:30:00,6580.3,6580.8,6574.9,6575.9,838,4,0
2026-04-06 08:45:00,2026-04-06 06:45:00,6575.9,6577.9,6572.9,6576.8,828,4,0
2026-04-06 09:00:00,2026-04-06 07:00:00,6576.8,6587.5,6574.4,6587.0,1147,4,0
2026-04-06 09:15:00,2026-04-06 07:15:00,6587.0,6587.0,6575.8,6576.4,1018,4,0
2026-04-06 09:30:00,2026-04-06 07:30:00,6576.4,6579.3,6574.4,6578.0,842,4,0
2026-04-06 09:45:00,2026-04-06 07:45:00,6578.0,6592.2,6575.5,6584.2,1225,4,0
2026-04-06 10:00:00,2026-04-06 08:00:00,6584.2,6585.4,6574.0,6578.0,1187,4,0
2026-04-06 10:15:00,2026-04-06 08:15:00,6578.0,6584.4,6577.3,6579.8,1079,4,0
2026-04-06 10:30:00,2026-04-06 08:30:00,6579.8,6589.5,6579.2,6587.3,953,4,0
2026-04-06 10:45:00,2026-04-06 08:45:00,6587.5,6599.0,6586.8,6594.3,1291,4,0
2026-04-06 11:00:00,2026-04-06 09:00:00,6594.4,6601.0,6594.4,6597.0,1466,4,0
2026-04-06 11:15:00,2026-04-06 09:15:00,6597.0,6602.8,6595.0,6601.9,1129,4,0
2026-04-06 11:30:00,2026-04-06 09:30:00,6601.8,6609.2,6600.4,6608.7,989,4,0
2026-04-06 11:45:00,2026-04-06 09:45:00,6608.6,6609.0,6603.3,6604.5,683,4,0
2026-04-06 12:00:00,2026-04-06 10:00:00,6604.5,6610.7,6604.0,6606.0,845,4,0
2026-04-06 12:15:00,2026-04-06 10:15:00,6606.0,6610.5,6604.0,6606.2,839,4,0
2026-04-06 12:30:00,2026-04-06 10:30:00,6606.2,6607.9,6603.5,6603.7,563,4,0
2026-04-06 12:45:00,2026-04-06 10:45:00,6603.8,6604.8,6595.6,6596.8,1108,4,0
2026-04-06 13:00:00,2026-04-06 11:00:00,6596.8,6602.3,6595.2,6599.7,947,4,0
2026-04-06 13:15:00,2026-04-06 11:15:00,6599.8,6599.8,6593.3,6596.4,787,4,0
2026-04-06 13:30:00,2026-04-06 11:30:00,6596.4,6600.0,6595.0,6597.8,650,4,0
2026-04-06 13:45:00,2026-04-06 11:45:00,6597.8,6598.4,6580.2,6590.7,1422,4,0
2026-04-06 14:00:00,2026-04-06 12:00:00,6590.8,6590.8,6584.2,6585.9,1305,4,0
2026-04-06 14:15:00,2026-04-06 12:15:00,6585.9,6590.3,6583.7,6586.9,992,4,0
2026-04-06 14:30:00,2026-04-06 12:30:00,6586.9,6589.8,6585.3,6585.5,912,4,0
2026-04-06 14:45:00,2026-04-06 12:45:00,6585.5,6589.8,6585.3,6586.7,762,4,0
2026-04-06 15:00:00,2026-04-06 13:00:00,6586.7,6587.5,6583.9,6586.0,730,4,0
2026-04-06 15:15:00,2026-04-06 13:15:00,6586.0,6587.8,6582.5,6586.5,756,4,0
2026-04-06 15:30:00,2026-04-06 13:30:00,6586.4,6591.5,6584.7,6589.4,859,4,0
2026-04-06 15:45:00,2026-04-06 13:45:00,6589.5,6595.0,6588.0,6589.0,937,4,0
2026-04-06 16:00:00,2026-04-06 14:00:00,6589.0,6590.3,6580.4,6587.5,822,4,0
2026-04-06 16:15:00,2026-04-06 14:15:00,6587.5,6588.5,6579.3,6581.0,953,4,0
2026-04-06 16:30:00,2026-04-06 14:30:00,6581.0,6601.8,6577.8,6590.6,2829,4,0
2026-04-06 16:45:00,2026-04-06 14:45:00,6590.6,6608.3,6590.3,6608.2,2392,4,0
2026-04-06 17:00:00,2026-04-06 15:00:00,6608.4,6620.1,6583.8,6604.3,2665,4,0
2026-04-06 17:15:00,2026-04-06 15:15:00,6604.4,6613.6,6599.6,6607.8,2069,4,0
2026-04-06 17:30:00,2026-04-06 15:30:00,6607.8,6613.8,6591.3,6600.1,2294,4,0
2026-04-06 17:45:00,2026-04-06 15:45:00,6600.4,6602.6,6589.8,6598.2,2012,4,0
2026-04-06 18:00:00,2026-04-06 16:00:00,6598.2,6603.8,6594.1,6598.3,1767,4,0
2026-04-06 18:15:00,2026-04-06 16:15:00,6598.3,6600.4,6589.8,6592.3,1571,4,0
2026-04-06 18:30:00,2026-04-06 16:30:00,6592.6,6595.6,6586.4,6594.6,1455,4,0
2026-04-06 18:45:00,2026-04-06 16:45:00,6594.3,6603.3,6592.8,6602.1,1093,4,0
2026-04-06 19:00:00,2026-04-06 17:00:00,6602.1,6603.6,6595.6,6599.8,1104,4,0
2026-04-06 19:15:00,2026-04-06 17:15:00,6599.8,6603.3,6597.3,6601.3,845,4,0
2026-04-06 19:30:00,2026-04-06 17:30:00,6601.3,6608.4,6599.1,6606.1,741,4,0
2026-04-06 19:45:00,2026-04-06 17:45:00,6606.3,6608.1,6599.8,6602.6,964,4,0
2026-04-06 20:00:00,2026-04-06 18:00:00,6602.6,6603.1,6578.6,6583.8,1745,4,0
2026-04-06 20:15:00,2026-04-06 18:15:00,6583.8,6598.8,6581.8,6597.4,1757,4,0
2026-04-06 20:30:00,2026-04-06 18:30:00,6597.3,6603.1,6591.3,6594.3,1676,4,0
2026-04-06 20:45:00,2026-04-06 18:45:00,6594.6,6594.6,6587.3,6588.1,1293,4,0
2026-04-06 21:00:00,2026-04-06 19:00:00,6588.1,6602.1,6585.7,6596.8,1867,4,0
2026-04-06 21:15:00,2026-04-06 19:15:00,6596.8,6609.8,6596.4,6606.1,1718,4,0
2026-04-06 21:30:00,2026-04-06 19:30:00,6606.1,6608.9,6600.8,6602.3,1071,4,0
2026-04-06 21:45:00,2026-04-06 19:45:00,6602.3,6607.8,6602.1,6606.6,703,4,0
2026-04-06 22:00:00,2026-04-06 20:00:00,6606.6,6607.8,6602.1,6605.1,714,4,0
2026-04-06 22:15:00,2026-04-06 20:15:00,6605.1,6606.6,6602.1,6602.3,560,4,0
2026-04-06 22:30:00,2026-04-06 20:30:00,6602.3,6606.3,6601.6,6606.1,486,4,0
2026-04-06 22:45:00,2026-04-06 20:45:00,6606.1,6612.8,6603.8,6612.6,931,4,0
2026-04-06 23:00:00,2026-04-06 21:00:00,6612.6,6613.8,6606.8,6607.8,574,4,0
2026-04-06 23:15:00,2026-04-06 21:15:00,6608.0,6611.5,6606.0,6610.3,365,4,0
2026-04-06 23:30:00,2026-04-06 21:30:00,6610.3,6613.3,6609.5,6610.5,215,4,0
2026-04-06 23:45:00,2026-04-06 21:45:00,6610.5,6610.8,6608.3,6610.3,144,4,0
2026-04-07 01:00:00,2026-04-06 23:00:00,6612.8,6619.6,6608.8,6617.1,939,4,0
2026-04-07 01:15:00,2026-04-06 23:15:00,6617.3,6618.3,6603.3,6606.9,871,4,0
2026-04-07 01:30:00,2026-04-06 23:30:00,6606.9,6608.2,6602.8,6606.6,600,4,0
2026-04-07 01:45:00,2026-04-06 23:45:00,6606.6,6608.3,6603.1,6603.5,457,4,0
2026-04-07 02:00:00,2026-04-07 00:00:00,6603.5,6609.6,6603.5,6609.3,430,4,0
2026-04-07 02:15:00,2026-04-07 00:15:00,6609.3,6610.0,6605.0,6605.0,317,4,0
2026-04-07 02:30:00,2026-04-07 00:30:00,6605.0,6607.3,6604.5,6605.4,277,4,0
2026-04-07 02:45:00,2026-04-07 00:45:00,6605.4,6607.8,6602.0,6602.1,521,4,0
2026-04-07 03:00:00,2026-04-07 01:00:00,6602.2,6608.0,6598.2,6606.4,1466,4,0
2026-04-07 03:15:00,2026-04-07 01:15:00,6606.4,6615.0,6606.1,6607.8,1477,4,0
2026-04-07 03:30:00,2026-04-07 01:30:00,6607.8,6608.5,6599.8,6601.5,1204,4,0
2026-04-07 03:45:00,2026-04-07 01:45:00,6601.5,6605.5,6600.5,6601.4,945,4,0
2026-04-07 04:00:00,2026-04-07 02:00:00,6601.4,6603.8,6590.8,6592.3,1668,4,0
2026-04-07 04:15:00,2026-04-07 02:15:00,6592.3,6597.0,6592.1,6596.3,1164,4,0
2026-04-07 04:30:00,2026-04-07 02:30:00,6596.3,6597.0,6584.9,6585.5,1352,4,0
2026-04-07 04:45:00,2026-04-07 02:45:00,6585.5,6588.5,6572.4,6574.4,1576,4,0
2026-04-07 05:00:00,2026-04-07 03:00:00,6574.5,6576.8,6569.5,6572.8,1647,4,0
2026-04-07 05:15:00,2026-04-07 03:15:00,6572.8,6578.4,6570.5,6577.5,1306,4,0
2026-04-07 05:30:00,2026-04-07 03:30:00,6577.5,6580.8,6577.0,6580.5,882,4,0
2026-04-07 05:45:00,2026-04-07 03:45:00,6580.3,6583.3,6579.0,6581.4,755,4,0
2026-04-07 06:00:00,2026-04-07 04:00:00,6581.4,6583.3,6579.3,6581.5,804,4,0
2026-04-07 06:15:00,2026-04-07 04:15:00,6581.5,6582.3,6576.8,6581.4,849,4,0
2026-04-07 06:30:00,2026-04-07 04:30:00,6581.4,6584.7,6580.8,6584.0,802,4,0
2026-04-07 06:45:00,2026-04-07 04:45:00,6584.0,6584.3,6581.8,6582.6,598,4,0
2026-04-07 07:00:00,2026-04-07 05:00:00,6582.6,6584.5,6577.8,6578.1,802,4,0
2026-04-07 07:15:00,2026-04-07 05:15:00,6578.1,6585.8,6576.8,6582.0,871,4,0
2026-04-07 07:30:00,2026-04-07 05:30:00,6582.0,6587.4,6581.9,6584.8,874,4,0
2026-04-07 07:45:00,2026-04-07 05:45:00,6584.8,6589.3,6584.5,6586.3,618,4,0
2026-04-07 08:00:00,2026-04-07 06:00:00,6586.3,6589.1,6585.8,6587.4,743,4,0
2026-04-07 08:15:00,2026-04-07 06:15:00,6587.4,6589.1,6581.3,6581.9,847,4,0
2026-04-07 08:30:00,2026-04-07 06:30:00,6581.9,6582.7,6577.8,6578.4,1120,4,0
2026-04-07 08:45:00,2026-04-07 06:45:00,6578.4,6584.3,6578.0,6583.0,866,4,0
2026-04-07 09:00:00,2026-04-07 07:00:00,6583.0,6585.4,6580.9,6581.3,1121,4,0
2026-04-07 09:15:00,2026-04-07 07:15:00,6581.3,6587.3,6579.0,6587.2,1046,4,0
2026-04-07 09:30:00,2026-04-07 07:30:00,6587.2,6588.3,6582.8,6585.4,1084,4,0
2026-04-07 09:45:00,2026-04-07 07:45:00,6585.4,6587.3,6582.0,6587.2,836,4,0
2026-04-07 10:00:00,2026-04-07 08:00:00,6587.3,6590.4,6583.3,6587.4,1586,4,0
2026-04-07 10:15:00,2026-04-07 08:15:00,6587.4,6588.2,6581.5,6583.0,1342,4,0
2026-04-07 10:30:00,2026-04-07 08:30:00,6583.2,6589.5,6583.0,6588.5,1191,4,0
2026-04-07 10:45:00,2026-04-07 08:45:00,6588.5,6589.3,6582.8,6588.3,939,4,0
2026-04-07 11:00:00,2026-04-07 09:00:00,6588.3,6610.9,6588.2,6603.8,2166,4,0
2026-04-07 11:15:00,2026-04-07 09:15:00,6603.8,6614.8,6600.8,6608.0,2060,4,0
2026-04-07 11:30:00,2026-04-07 09:30:00,6608.2,6619.5,6607.0,6615.2,1836,4,0
2026-04-07 11:45:00,2026-04-07 09:45:00,6615.2,6617.4,6611.3,6615.3,1384,4,0
2026-04-07 12:00:00,2026-04-07 10:00:00,6615.2,6621.5,6613.5,6618.0,1390,4,0
2026-04-07 12:15:00,2026-04-07 10:15:00,6618.0,6626.8,6616.2,6624.8,1272,4,0
2026-04-07 12:30:00,2026-04-07 10:30:00,6624.8,6627.3,6620.2,6620.4,1266,4,0
2026-04-07 12:45:00,2026-04-07 10:45:00,6620.3,6623.5,6617.3,6621.3,988,4,0
2026-04-07 13:00:00,2026-04-07 11:00:00,6621.2,6624.3,6600.2,6616.9,1587,4,0
2026-04-07 13:15:00,2026-04-07 11:15:00,6616.9,6622.5,6602.9,6612.2,1757,4,0
2026-04-07 13:30:00,2026-04-07 11:30:00,6612.2,6613.3,6594.9,6599.4,1740,4,0
2026-04-07 13:45:00,2026-04-07 11:45:00,6599.9,6599.9,6574.4,6578.4,2037,4,0
2026-04-07 14:00:00,2026-04-07 12:00:00,6578.5,6588.2,6577.8,6584.8,1817,4,0
2026-04-07 14:15:00,2026-04-07 12:15:00,6584.8,6591.7,6583.5,6583.8,1470,4,0
2026-04-07 14:30:00,2026-04-07 12:30:00,6583.8,6584.5,6571.8,6581.9,1649,4,0
2026-04-07 14:45:00,2026-04-07 12:45:00,6581.9,6582.4,6577.0,6580.0,1242,4,0
2026-04-07 15:00:00,2026-04-07 13:00:00,6580.0,6585.7,6562.4,6571.9,1812,4,0
2026-04-07 15:15:00,2026-04-07 13:15:00,6571.9,6588.7,6568.2,6588.5,1980,4,0
2026-04-07 15:30:00,2026-04-07 13:30:00,6588.4,6589.9,6579.5,6582.3,1442,4,0
2026-04-07 15:45:00,2026-04-07 13:45:00,6582.3,6600.9,6576.5,6584.4,1599,4,0
2026-04-07 16:00:00,2026-04-07 14:00:00,6584.4,6592.3,6581.3,6587.9,1679,4,0
2026-04-07 16:15:00,2026-04-07 14:15:00,6587.9,6590.9,6583.5,6589.8,1527,4,0
2026-04-07 16:30:00,2026-04-07 14:30:00,6589.8,6599.3,6571.8,6572.9,2771,4,0
2026-04-07 16:45:00,2026-04-07 14:45:00,6572.8,6582.3,6562.8,6563.5,2395,4,0
2026-04-07 17:00:00,2026-04-07 15:00:00,6563.3,6564.8,6542.0,6550.0,2407,4,0
2026-04-07 17:15:00,2026-04-07 15:15:00,6550.0,6570.0,6548.8,6567.3,2263,4,0
2026-04-07 17:30:00,2026-04-07 15:30:00,6567.0,6575.8,6560.7,6564.0,2222,4,0
2026-04-07 17:45:00,2026-04-07 15:45:00,6564.0,6574.5,6548.3,6548.8,2039,4,0
2026-04-07 18:00:00,2026-04-07 16:00:00,6548.8,6549.5,6533.3,6542.8,2042,4,0
2026-04-07 18:15:00,2026-04-07 16:15:00,6543.0,6560.7,6540.5,6555.0,2357,4,0
2026-04-07 18:30:00,2026-04-07 16:30:00,6555.3,6560.3,6548.5,6549.3,1755,4,0
2026-04-07 18:45:00,2026-04-07 16:45:00,6549.8,6566.0,6548.8,6561.0,1615,4,0
2026-04-07 19:00:00,2026-04-07 17:00:00,6561.0,6593.3,6560.8,6574.8,2227,4,0
2026-04-07 19:15:00,2026-04-07 17:15:00,6574.8,6588.0,6571.3,6582.5,1868,4,0
2026-04-07 19:30:00,2026-04-07 17:30:00,6582.0,6586.3,6576.5,6583.8,1368,4,0
2026-04-07 19:45:00,2026-04-07 17:45:00,6583.8,6591.8,6583.3,6583.8,1287,4,0
2026-04-07 20:00:00,2026-04-07 18:00:00,6583.8,6592.0,6581.0,6585.5,1535,4,0
2026-04-07 20:15:00,2026-04-07 18:15:00,6585.5,6587.8,6577.8,6581.0,1204,4,0
2026-04-07 20:30:00,2026-04-07 18:30:00,6581.3,6606.0,6580.0,6590.9,1831,4,0
2026-04-07 20:45:00,2026-04-07 18:45:00,6590.8,6596.3,6587.1,6590.5,1272,4,0
2026-04-07 21:00:00,2026-04-07 19:00:00,6590.5,6593.3,6584.0,6587.8,1085,4,0
2026-04-07 21:15:00,2026-04-07 19:15:00,6587.8,6592.8,6583.5,6584.8,1266,4,0
2026-04-07 21:30:00,2026-04-07 19:30:00,6584.8,6586.3,6574.5,6578.0,1123,4,0
2026-04-07 21:45:00,2026-04-07 19:45:00,6577.8,6578.3,6557.3,6563.0,1321,4,0
2026-04-07 22:00:00,2026-04-07 20:00:00,6563.0,6569.0,6557.3,6567.8,1626,4,0
2026-04-07 22:15:00,2026-04-07 20:15:00,6567.8,6605.2,6566.5,6590.3,2604,4,0
2026-04-07 22:30:00,2026-04-07 20:30:00,6590.3,6596.2,6582.5,6591.7,1822,4,0
2026-04-07 22:45:00,2026-04-07 20:45:00,6591.7,6619.3,6588.0,6616.0,2642,4,0
2026-04-07 23:00:00,2026-04-07 21:00:00,6616.0,6624.8,6610.0,6623.0,1736,4,0
2026-04-07 23:15:00,2026-04-07 21:15:00,6622.9,6627.8,6614.0,6617.8,1214,4,0
2026-04-07 23:30:00,2026-04-07 21:30:00,6617.8,6633.6,6617.3,6624.8,1516,4,0
2026-04-07 23:45:00,2026-04-07 21:45:00,6624.8,6629.6,6621.0,6625.1,1381,4,0
2026-04-08 01:00:00,2026-04-07 23:00:00,6657.8,6694.5,6657.8,6674.7,2196,4,0
2026-04-08 01:15:00,2026-04-07 23:15:00,6674.8,6677.7,6669.8,6672.9,1395,4,0
2026-04-08 01:30:00,2026-04-07 23:30:00,6672.9,6732.7,6616.6,6718.5,2645,4,0
2026-04-08 01:45:00,2026-04-07 23:45:00,6718.6,6754.3,6712.0,6752.9,2334,4,0
2026-04-08 02:00:00,2026-04-08 00:00:00,6752.8,6761.9,6745.4,6756.3,2041,4,0
2026-04-08 02:15:00,2026-04-08 00:15:00,6756.3,6779.8,6755.4,6770.0,1893,4,0
2026-04-08 02:30:00,2026-04-08 00:30:00,6769.9,6773.0,6760.9,6760.9,1665,4,0
2026-04-08 02:45:00,2026-04-08 00:45:00,6760.9,6769.0,6759.1,6765.4,1751,4,0
2026-04-08 03:00:00,2026-04-08 01:00:00,6765.4,6771.0,6755.7,6760.4,2216,4,0
2026-04-08 03:15:00,2026-04-08 01:15:00,6760.5,6760.5,6753.2,6754.9,1859,4,0
2026-04-08 03:30:00,2026-04-08 01:30:00,6754.8,6760.7,6749.5,6756.4,1658,4,0
2026-04-08 03:45:00,2026-04-08 01:45:00,6756.4,6767.8,6755.0,6764.9,1539,4,0
2026-04-08 04:00:00,2026-04-08 02:00:00,6764.8,6772.3,6762.0,6767.8,1596,4,0
2026-04-08 04:15:00,2026-04-08 02:15:00,6767.8,6770.7,6760.0,6762.3,1324,4,0
2026-04-08 04:30:00,2026-04-08 02:30:00,6762.3,6768.6,6761.0,6767.8,1249,4,0
2026-04-08 04:45:00,2026-04-08 02:45:00,6767.8,6774.0,6767.8,6770.3,973,4,0
2026-04-08 05:00:00,2026-04-08 03:00:00,6770.3,6774.8,6770.3,6774.0,784,4,0
2026-04-08 05:15:00,2026-04-08 03:15:00,6774.2,6775.8,6772.3,6772.7,729,4,0
2026-04-08 05:30:00,2026-04-08 03:30:00,6772.7,6778.3,6771.7,6776.8,859,4,0
2026-04-08 05:45:00,2026-04-08 03:45:00,6776.8,6779.0,6776.3,6778.7,507,4,0
2026-04-08 06:00:00,2026-04-08 04:00:00,6778.7,6780.0,6777.3,6777.9,575,4,0
2026-04-08 06:15:00,2026-04-08 04:15:00,6777.9,6778.8,6773.0,6774.7,605,4,0
2026-04-08 06:30:00,2026-04-08 04:30:00,6774.7,6776.0,6774.0,6774.5,547,4,0
2026-04-08 06:45:00,2026-04-08 04:45:00,6774.5,6776.7,6773.5,6776.3,500,4,0
2026-04-08 07:00:00,2026-04-08 05:00:00,6776.3,6782.3,6776.3,6781.3,606,4,0
2026-04-08 07:15:00,2026-04-08 05:15:00,6781.3,6785.2,6780.2,6783.6,723,4,0
2026-04-08 07:30:00,2026-04-08 05:30:00,6783.7,6785.8,6783.0,6784.3,419,4,0
2026-04-08 07:45:00,2026-04-08 05:45:00,6784.3,6785.0,6780.4,6780.8,588,4,0
2026-04-08 08:00:00,2026-04-08 06:00:00,6780.8,6782.7,6779.0,6782.2,810,4,0
2026-04-08 08:15:00,2026-04-08 06:15:00,6782.2,6789.7,6781.5,6788.9,696,4,0
2026-04-08 08:30:00,2026-04-08 06:30:00,6788.9,6793.2,6786.8,6790.4,896,4,0
2026-04-08 08:45:00,2026-04-08 06:45:00,6790.4,6798.5,6789.3,6797.3,929,4,0
2026-04-08 09:00:00,2026-04-08 07:00:00,6797.3,6799.0,6791.8,6797.7,1372,4,0
2026-04-08 09:15:00,2026-04-08 07:15:00,6797.7,6798.6,6790.3,6792.3,1143,4,0
2026-04-08 09:30:00,2026-04-08 07:30:00,6792.1,6794.8,6789.8,6792.8,1071,4,0
2026-04-08 09:45:00,2026-04-08 07:45:00,6792.8,6796.0,6790.3,6791.1,952,4,0
2026-04-08 10:00:00,2026-04-08 08:00:00,6791.1,6791.6,6782.9,6785.4,1583,4,0
2026-04-08 10:15:00,2026-04-08 08:15:00,6785.4,6793.8,6782.9,6787.3,1397,4,0
2026-04-08 10:30:00,2026-04-08 08:30:00,6787.3,6787.3,6781.3,6783.4,1448,4,0
2026-04-08 10:45:00,2026-04-08 08:45:00,6783.4,6786.3,6778.8,6779.9,1184,4,0
2026-04-08 11:00:00,2026-04-08 09:00:00,6779.8,6783.6,6778.6,6782.1,1337,4,0
2026-04-08 11:15:00,2026-04-08 09:15:00,6782.3,6787.8,6781.6,6785.8,1066,4,0
2026-04-08 11:30:00,2026-04-08 09:30:00,6785.8,6789.6,6778.4,6781.2,1418,4,0
2026-04-08 11:45:00,2026-04-08 09:45:00,6781.2,6795.7,6780.6,6795.2,1209,4,0
2026-04-08 12:00:00,2026-04-08 10:00:00,6795.1,6801.4,6791.6,6800.4,1062,4,0
2026-04-08 12:15:00,2026-04-08 10:15:00,6800.3,6801.8,6796.7,6796.7,781,4,0
2026-04-08 12:30:00,2026-04-08 10:30:00,6797.1,6797.7,6789.3,6790.2,1046,4,0
2026-04-08 12:45:00,2026-04-08 10:45:00,6790.3,6799.1,6789.9,6793.3,1077,4,0
2026-04-08 13:00:00,2026-04-08 11:00:00,6793.3,6795.6,6790.0,6790.8,1025,4,0
2026-04-08 13:15:00,2026-04-08 11:15:00,6790.8,6796.3,6788.6,6795.8,832,4,0
2026-04-08 13:30:00,2026-04-08 11:30:00,6795.8,6797.3,6793.1,6796.7,606,4,0
2026-04-08 13:45:00,2026-04-08 11:45:00,6796.7,6798.8,6794.1,6794.8,707,4,0
2026-04-08 14:00:00,2026-04-08 12:00:00,6794.8,6797.3,6789.8,6795.3,882,4,0
2026-04-08 14:15:00,2026-04-08 12:15:00,6795.3,6807.9,6793.7,6806.3,1115,4,0
2026-04-08 14:30:00,2026-04-08 12:30:00,6806.3,6808.3,6801.6,6802.8,1288,4,0
2026-04-08 14:45:00,2026-04-08 12:45:00,6802.8,6807.3,6799.9,6800.6,1043,4,0
2026-04-08 15:00:00,2026-04-08 13:00:00,6800.6,6806.6,6799.1,6803.7,1392,4,0
2026-04-08 15:15:00,2026-04-08 13:15:00,6803.7,6803.7,6782.2,6792.4,2052,4,0
2026-04-08 15:30:00,2026-04-08 13:30:00,6792.4,6796.3,6786.7,6790.3,1443,4,0
2026-04-08 15:45:00,2026-04-08 13:45:00,6790.3,6796.3,6789.6,6792.9,1318,4,0
2026-04-08 16:00:00,2026-04-08 14:00:00,6793.1,6797.5,6792.2,6795.3,1082,4,0
2026-04-08 16:15:00,2026-04-08 14:15:00,6795.3,6797.6,6788.3,6791.1,1100,4,0
2026-04-08 16:30:00,2026-04-08 14:30:00,6790.8,6797.6,6774.6,6777.8,2572,4,0
2026-04-08 16:45:00,2026-04-08 14:45:00,6777.8,6790.6,6766.3,6773.3,2414,4,0
2026-04-08 17:00:00,2026-04-08 15:00:00,6773.1,6779.1,6767.3,6775.8,2196,4,0
2026-04-08 17:15:00,2026-04-08 15:15:00,6775.8,6779.3,6766.8,6767.3,1954,4,0
2026-04-08 17:30:00,2026-04-08 15:30:00,6767.6,6769.8,6758.3,6760.4,2174,4,0
2026-04-08 17:45:00,2026-04-08 15:45:00,6760.4,6762.8,6742.3,6755.1,2080,4,0
2026-04-08 18:00:00,2026-04-08 16:00:00,6755.1,6766.1,6751.1,6757.6,1897,4,0
2026-04-08 18:15:00,2026-04-08 16:15:00,6757.6,6762.2,6753.8,6756.6,1579,4,0
2026-04-08 18:30:00,2026-04-08 16:30:00,6756.8,6769.6,6756.6,6768.6,1468,4,0
2026-04-08 18:45:00,2026-04-08 16:45:00,6768.6,6777.3,6768.6,6775.3,885,4,0
2026-04-08 19:00:00,2026-04-08 17:00:00,6775.3,6783.1,6775.1,6775.1,960,4,0
2026-04-08 19:15:00,2026-04-08 17:15:00,6775.3,6777.3,6770.9,6776.3,1086,4,0
2026-04-08 19:30:00,2026-04-08 17:30:00,6776.3,6785.1,6775.1,6784.8,762,4,0
2026-04-08 19:45:00,2026-04-08 17:45:00,6784.8,6788.6,6784.3,6787.1,675,4,0
2026-04-08 20:00:00,2026-04-08 18:00:00,6787.1,6790.8,6783.6,6785.1,760,4,0
2026-04-08 20:15:00,2026-04-08 18:15:00,6785.1,6787.1,6774.3,6776.8,1170,4,0
2026-04-08 20:30:00,2026-04-08 18:30:00,6776.8,6783.3,6774.1,6782.3,1167,4,0
2026-04-08 20:45:00,2026-04-08 18:45:00,6782.3,6784.6,6780.1,6784.1,709,4,0
2026-04-08 21:00:00,2026-04-08 19:00:00,6783.9,6791.1,6780.2,6789.6,846,4,0
2026-04-08 21:15:00,2026-04-08 19:15:00,6789.6,6792.6,6769.7,6775.1,1945,4,0
2026-04-08 21:30:00,2026-04-08 19:30:00,6775.1,6779.6,6765.3,6766.1,1230,4,0
2026-04-08 21:45:00,2026-04-08 19:45:00,6766.1,6769.6,6754.3,6755.3,1125,4,0
2026-04-08 22:00:00,2026-04-08 20:00:00,6755.3,6770.3,6753.9,6769.2,1318,4,0
2026-04-08 22:15:00,2026-04-08 20:15:00,6769.1,6770.6,6759.6,6760.8,1069,4,0
2026-04-08 22:30:00,2026-04-08 20:30:00,6760.8,6775.8,6760.3,6772.6,1207,4,0
2026-04-08 22:45:00,2026-04-08 20:45:00,6772.6,6786.1,6772.1,6784.6,1063,4,0
2026-04-08 23:00:00,2026-04-08 21:00:00,6784.8,6788.1,6780.3,6781.5,747,4,0
2026-04-08 23:15:00,2026-04-08 21:15:00,6781.5,6784.8,6780.3,6780.8,345,4,0
2026-04-08 23:30:00,2026-04-08 21:30:00,6780.8,6781.5,6778.3,6778.3,246,4,0
2026-04-08 23:45:00,2026-04-08 21:45:00,6778.3,6778.8,6775.5,6777.8,314,4,0
2026-04-09 01:00:00,2026-04-08 23:00:00,6777.8,6784.6,6777.5,6778.6,803,4,0
2026-04-09 01:15:00,2026-04-08 23:15:00,6778.6,6780.4,6772.5,6775.3,796,4,0
2026-04-09 01:30:00,2026-04-08 23:30:00,6775.4,6781.1,6775.4,6777.3,571,4,0
2026-04-09 01:45:00,2026-04-08 23:45:00,6777.3,6778.1,6775.9,6777.4,319,4,0
2026-04-09 02:00:00,2026-04-09 00:00:00,6777.4,6782.3,6775.6,6779.8,554,4,0
2026-04-09 02:15:00,2026-04-09 00:15:00,6779.8,6781.1,6776.3,6776.5,454,4,0
2026-04-09 02:30:00,2026-04-09 00:30:00,6776.5,6777.4,6774.9,6775.4,509,4,0
2026-04-09 02:45:00,2026-04-09 00:45:00,6775.4,6777.4,6773.6,6774.1,630,4,0
2026-04-09 03:00:00,2026-04-09 01:00:00,6774.1,6775.1,6768.3,6773.1,1103,4,0
2026-04-09 03:15:00,2026-04-09 01:15:00,6773.1,6777.9,6771.6,6773.1,1230,4,0
2026-04-09 03:30:00,2026-04-09 01:30:00,6773.3,6778.9,6773.1,6777.0,1179,4,0
2026-04-09 03:45:00,2026-04-09 01:45:00,6776.9,6777.6,6771.9,6773.1,997,4,0
2026-04-09 04:00:00,2026-04-09 02:00:00,6773.1,6775.4,6768.6,6769.9,1015,4,0
2026-04-09 04:15:00,2026-04-09 02:15:00,6769.9,6770.5,6765.4,6767.6,825,4,0
2026-04-09 04:30:00,2026-04-09 02:30:00,6767.6,6772.6,6766.8,6769.9,867,4,0
2026-04-09 04:45:00,2026-04-09 02:45:00,6769.9,6773.8,6767.1,6772.4,875,4,0
2026-04-09 05:00:00,2026-04-09 03:00:00,6772.6,6775.1,6771.1,6772.4,827,4,0
2026-04-09 05:15:00,2026-04-09 03:15:00,6772.4,6774.6,6771.3,6771.8,748,4,0
2026-04-09 05:30:00,2026-04-09 03:30:00,6771.6,6773.6,6771.5,6772.9,507,4,0
2026-04-09 05:45:00,2026-04-09 03:45:00,6772.9,6776.4,6771.6,6771.6,590,4,0
2026-04-09 06:00:00,2026-04-09 04:00:00,6771.6,6773.4,6770.5,6771.4,460,4,0
2026-04-09 06:15:00,2026-04-09 04:15:00,6771.4,6771.4,6768.8,6769.4,389,4,0
2026-04-09 06:30:00,2026-04-09 04:30:00,6769.4,6772.5,6769.1,6770.5,419,4,0
2026-04-09 06:45:00,2026-04-09 04:45:00,6770.5,6773.1,6767.8,6771.9,679,4,0
2026-04-09 07:00:00,2026-04-09 05:00:00,6771.9,6772.9,6770.4,6772.1,449,4,0
2026-04-09 07:15:00,2026-04-09 05:15:00,6772.1,6772.4,6769.3,6770.8,395,4,0
2026-04-09 07:30:00,2026-04-09 05:30:00,6770.8,6771.9,6769.3,6771.1,401,4,0
2026-04-09 07:45:00,2026-04-09 05:45:00,6771.1,6772.6,6770.1,6770.3,407,4,0
2026-04-09 08:00:00,2026-04-09 06:00:00,6770.3,6771.4,6766.4,6770.4,582,4,0
2026-04-09 08:15:00,2026-04-09 06:15:00,6770.4,6774.6,6770.3,6774.5,871,4,0
2026-04-09 08:30:00,2026-04-09 06:30:00,6774.5,6777.5,6773.4,6776.1,767,4,0
2026-04-09 08:45:00,2026-04-09 06:45:00,6776.1,6776.2,6771.5,6773.1,585,4,0
2026-04-09 09:00:00,2026-04-09 07:00:00,6773.1,6778.6,6772.7,6773.5,956,4,0
2026-04-09 09:15:00,2026-04-09 07:15:00,6773.5,6774.0,6771.1,6772.9,699,4,0
2026-04-09 09:30:00,2026-04-09 07:30:00,6772.9,6774.4,6770.7,6772.9,802,4,0
2026-04-09 09:45:00,2026-04-09 07:45:00,6772.9,6773.2,6767.7,6772.6,805,4,0
2026-04-09 10:00:00,2026-04-09 08:00:00,6772.7,6774.8,6765.9,6767.5,987,4,0
2026-04-09 10:15:00,2026-04-09 08:15:00,6767.7,6767.9,6761.9,6765.6,888,4,0
2026-04-09 10:30:00,2026-04-09 08:30:00,6765.5,6766.9,6758.2,6758.7,1069,4,0
2026-04-09 10:45:00,2026-04-09 08:45:00,6758.7,6760.9,6755.7,6760.2,779,4,0
2026-04-09 11:00:00,2026-04-09 09:00:00,6760.2,6761.9,6754.7,6755.2,1072,4,0
2026-04-09 11:15:00,2026-04-09 09:15:00,6755.2,6758.4,6754.2,6755.0,869,4,0
2026-04-09 11:30:00,2026-04-09 09:30:00,6755.0,6762.7,6754.9,6762.6,813,4,0
2026-04-09 11:45:00,2026-04-09 09:45:00,6762.5,6763.2,6755.7,6756.9,774,4,0
2026-04-09 12:00:00,2026-04-09 10:00:00,6756.7,6761.7,6754.2,6761.4,806,4,0
2026-04-09 12:15:00,2026-04-09 10:15:00,6761.4,6764.0,6760.4,6763.4,714,4,0
2026-04-09 12:30:00,2026-04-09 10:30:00,6763.4,6763.8,6759.7,6761.4,591,4,0
2026-04-09 12:45:00,2026-04-09 10:45:00,6761.4,6763.9,6760.2,6763.4,578,4,0
2026-04-09 13:00:00,2026-04-09 11:00:00,6763.4,6765.4,6761.4,6762.8,911,4,0
2026-04-09 13:15:00,2026-04-09 11:15:00,6762.7,6765.2,6760.2,6763.9,898,4,0
2026-04-09 13:30:00,2026-04-09 11:30:00,6763.9,6764.7,6760.4,6763.9,724,4,0
2026-04-09 13:45:00,2026-04-09 11:45:00,6763.9,6766.0,6756.4,6757.1,889,4,0
2026-04-09 14:00:00,2026-04-09 12:00:00,6757.1,6761.2,6755.9,6758.3,956,4,0
2026-04-09 14:15:00,2026-04-09 12:15:00,6758.2,6759.7,6756.2,6757.2,758,4,0
2026-04-09 14:30:00,2026-04-09 12:30:00,6757.2,6767.9,6757.2,6766.4,999,4,0
2026-04-09 14:45:00,2026-04-09 12:45:00,6766.4,6769.2,6764.4,6766.9,968,4,0
2026-04-09 15:00:00,2026-04-09 13:00:00,6766.9,6770.7,6766.7,6767.9,703,4,0
2026-04-09 15:15:00,2026-04-09 13:15:00,6767.9,6770.2,6766.2,6767.8,757,4,0
2026-04-09 15:30:00,2026-04-09 13:30:00,6767.8,6774.4,6762.5,6768.4,1386,4,0
2026-04-09 15:45:00,2026-04-09 13:45:00,6768.4,6771.9,6765.5,6768.5,1067,4,0
2026-04-09 16:00:00,2026-04-09 14:00:00,6768.5,6770.2,6765.9,6769.3,1093,4,0
2026-04-09 16:15:00,2026-04-09 14:15:00,6769.3,6774.2,6766.9,6774.2,775,4,0
2026-04-09 16:30:00,2026-04-09 14:30:00,6774.2,6783.1,6770.4,6780.4,1910,4,0
2026-04-09 16:45:00,2026-04-09 14:45:00,6780.7,6782.2,6771.9,6778.2,1825,4,0
2026-04-09 17:00:00,2026-04-09 15:00:00,6777.9,6782.2,6772.7,6773.2,1649,4,0
2026-04-09 17:15:00,2026-04-09 15:15:00,6773.2,6773.2,6764.7,6768.4,1463,4,0
2026-04-09 17:30:00,2026-04-09 15:30:00,6766.4,6771.4,6763.4,6767.9,1243,4,0
2026-04-09 17:45:00,2026-04-09 15:45:00,6767.9,6780.2,6767.7,6778.4,1153,4,0
2026-04-09 18:00:00,2026-04-09 16:00:00,6778.4,6783.2,6771.4,6782.2,1095,4,0
2026-04-09 18:15:00,2026-04-09 16:15:00,6782.2,6790.9,6782.2,6784.9,1213,4,0
2026-04-09 18:30:00,2026-04-09 16:30:00,6784.9,6806.2,6782.9,6800.2,2144,4,0
2026-04-09 18:45:00,2026-04-09 16:45:00,6800.2,6814.7,6796.9,6813.9,1356,4,0
2026-04-09 19:00:00,2026-04-09 17:00:00,6813.9,6833.4,6813.9,6820.9,1376,4,0
2026-04-09 19:15:00,2026-04-09 17:15:00,6820.9,6829.9,6820.3,6824.7,999,4,0
2026-04-09 19:30:00,2026-04-09 17:30:00,6824.7,6825.7,6816.4,6819.2,1056,4,0
2026-04-09 19:45:00,2026-04-09 17:45:00,6819.2,6826.8,6815.4,6824.4,949,4,0
2026-04-09 20:00:00,2026-04-09 18:00:00,6824.4,6832.7,6823.2,6829.9,900,4,0
2026-04-09 20:15:00,2026-04-09 18:15:00,6829.9,6836.2,6828.7,6828.7,857,4,0
2026-04-09 20:30:00,2026-04-09 18:30:00,6828.7,6837.4,6822.2,6832.2,871,4,0
2026-04-09 20:45:00,2026-04-09 18:45:00,6832.2,6835.2,6829.2,6831.2,688,4,0
2026-04-09 21:00:00,2026-04-09 19:00:00,6831.2,6831.9,6812.7,6818.7,1602,4,0
2026-04-09 21:15:00,2026-04-09 19:15:00,6818.7,6821.6,6812.2,6814.2,1407,4,0
2026-04-09 21:30:00,2026-04-09 19:30:00,6814.2,6819.7,6810.4,6815.4,1069,4,0
2026-04-09 21:45:00,2026-04-09 19:45:00,6815.4,6818.7,6813.4,6816.9,944,4,0
2026-04-09 22:00:00,2026-04-09 20:00:00,6816.9,6828.2,6815.2,6825.9,781,4,0
2026-04-09 22:15:00,2026-04-09 20:15:00,6825.9,6827.7,6821.6,6824.7,713,4,0
2026-04-09 22:30:00,2026-04-09 20:30:00,6824.7,6832.7,6824.2,6829.7,798,4,0
2026-04-09 22:45:00,2026-04-09 20:45:00,6829.7,6831.9,6823.4,6824.2,1000,4,0
2026-04-09 23:00:00,2026-04-09 21:00:00,6823.7,6824.9,6817.9,6820.9,525,4,0
2026-04-09 23:15:00,2026-04-09 21:15:00,6820.9,6821.9,6818.6,6821.3,295,4,0
2026-04-09 23:30:00,2026-04-09 21:30:00,6821.3,6824.6,6821.1,6824.1,249,4,0
2026-04-09 23:45:00,2026-04-09 21:45:00,6824.1,6824.4,6819.3,6819.4,206,4,0
2026-04-10 01:00:00,2026-04-09 23:00:00,6820.4,6824.0,6818.7,6823.5,704,4,0
2026-04-10 01:15:00,2026-04-09 23:15:00,6823.5,6823.9,6817.5,6817.6,448,4,0
2026-04-10 01:30:00,2026-04-09 23:30:00,6817.5,6821.0,6817.0,6819.3,655,4,0
2026-04-10 01:45:00,2026-04-09 23:45:00,6819.2,6819.5,6814.6,6815.5,478,4,0
2026-04-10 02:00:00,2026-04-10 00:00:00,6815.5,6816.2,6812.7,6816.1,406,4,0
2026-04-10 02:15:00,2026-04-10 00:15:00,6816.1,6816.7,6815.0,6815.5,238,4,0
2026-04-10 02:30:00,2026-04-10 00:30:00,6815.5,6816.5,6814.7,6815.7,286,4,0
2026-04-10 02:45:00,2026-04-10 00:45:00,6815.7,6820.1,6815.2,6817.5,483,4,0
2026-04-10 03:00:00,2026-04-10 01:00:00,6817.5,6817.9,6813.7,6816.0,988,4,0
2026-04-10 03:15:00,2026-04-10 01:15:00,6816.0,6820.0,6814.7,6819.6,748,4,0
2026-04-10 03:30:00,2026-04-10 01:30:00,6819.6,6822.7,6818.7,6821.0,576,4,0
2026-04-10 03:45:00,2026-04-10 01:45:00,6821.0,6826.7,6820.0,6825.9,512,4,0
2026-04-10 04:00:00,2026-04-10 02:00:00,6825.8,6826.0,6822.5,6823.5,682,4,0
2026-04-10 04:15:00,2026-04-10 02:15:00,6823.5,6827.5,6822.5,6827.2,630,4,0
2026-04-10 04:30:00,2026-04-10 02:30:00,6827.2,6830.7,6826.2,6830.0,691,4,0
2026-04-10 04:45:00,2026-04-10 02:45:00,6830.0,6830.2,6827.0,6827.7,536,4,0
2026-04-10 05:00:00,2026-04-10 03:00:00,6827.7,6828.5,6824.2,6824.7,553,4,0
2026-04-10 05:15:00,2026-04-10 03:15:00,6824.7,6825.0,6821.5,6823.2,523,4,0
2026-04-10 05:30:00,2026-04-10 03:30:00,6823.2,6825.5,6822.7,6824.7,328,4,0
2026-04-10 05:45:00,2026-04-10 03:45:00,6824.7,6825.5,6824.2,6824.7,297,4,0
2026-04-10 06:00:00,2026-04-10 04:00:00,6824.7,6827.2,6824.7,6827.2,273,4,0
2026-04-10 06:15:00,2026-04-10 04:15:00,6827.1,6827.2,6824.2,6824.4,261,4,0
2026-04-10 06:30:00,2026-04-10 04:30:00,6824.4,6829.5,6824.4,6828.0,434,4,0
2026-04-10 06:45:00,2026-04-10 04:45:00,6828.0,6829.2,6827.5,6828.2,381,4,0
2026-04-10 07:00:00,2026-04-10 05:00:00,6828.2,6828.6,6825.5,6826.3,416,4,0
2026-04-10 07:15:00,2026-04-10 05:15:00,6826.2,6827.4,6825.7,6826.2,287,4,0
2026-04-10 07:30:00,2026-04-10 05:30:00,6826.2,6826.7,6823.4,6824.6,274,4,0
2026-04-10 07:45:00,2026-04-10 05:45:00,6824.5,6825.2,6823.6,6824.2,275,4,0
2026-04-10 08:00:00,2026-04-10 06:00:00,6824.2,6827.5,6824.2,6826.0,409,4,0
2026-04-10 08:15:00,2026-04-10 06:15:00,6826.0,6827.0,6824.4,6824.4,361,4,0
2026-04-10 08:30:00,2026-04-10 06:30:00,6824.3,6826.7,6824.0,6825.0,542,4,0
2026-04-10 08:45:00,2026-04-10 06:45:00,6825.0,6826.0,6823.0,6823.5,376,4,0
2026-04-10 09:00:00,2026-04-10 07:00:00,6823.5,6824.2,6820.0,6820.3,618,4,0
2026-04-10 09:15:00,2026-04-10 07:15:00,6820.3,6820.6,6818.6,6819.3,476,4,0
2026-04-10 09:30:00,2026-04-10 07:30:00,6819.3,6820.3,6816.0,6818.0,495,4,0
2026-04-10 09:45:00,2026-04-10 07:45:00,6818.0,6819.3,6816.0,6818.3,511,4,0
2026-04-10 10:00:00,2026-04-10 08:00:00,6818.3,6821.0,6817.6,6818.8,608,4,0
2026-04-10 10:15:00,2026-04-10 08:15:00,6818.8,6822.3,6817.0,6822.2,556,4,0
2026-04-10 10:30:00,2026-04-10 08:30:00,6822.3,6824.5,6820.8,6821.5,549,4,0
2026-04-10 10:45:00,2026-04-10 08:45:00,6821.5,6825.5,6820.0,6823.3,609,4,0
2026-04-10 11:00:00,2026-04-10 09:00:00,6823.3,6823.8,6816.5,6817.4,719,4,0
2026-04-10 11:15:00,2026-04-10 09:15:00,6817.4,6819.9,6814.8,6819.0,632,4,0
2026-04-10 11:30:00,2026-04-10 09:30:00,6818.8,6820.8,6818.0,6819.8,497,4,0
2026-04-10 11:45:00,2026-04-10 09:45:00,6819.8,6819.8,6812.3,6813.1,715,4,0
2026-04-10 12:00:00,2026-04-10 10:00:00,6813.1,6816.5,6813.1,6814.5,450,4,0
2026-04-10 12:15:00,2026-04-10 10:15:00,6814.5,6828.5,6814.3,6820.6,1385,4,0
2026-04-10 12:30:00,2026-04-10 10:30:00,6820.6,6821.3,6816.1,6820.5,906,4,0
2026-04-10 12:45:00,2026-04-10 10:45:00,6820.5,6824.8,6820.0,6824.3,877,4,0
2026-04-10 13:00:00,2026-04-10 11:00:00,6824.3,6825.8,6819.5,6820.3,694,4,0
2026-04-10 13:15:00,2026-04-10 11:15:00,6820.1,6828.3,6820.0,6826.1,581,4,0
2026-04-10 13:30:00,2026-04-10 11:30:00,6826.1,6827.3,6823.4,6825.8,716,4,0
2026-04-10 13:45:00,2026-04-10 11:45:00,6825.8,6828.3,6825.1,6826.0,497,4,0
2026-04-10 14:00:00,2026-04-10 12:00:00,6826.0,6830.5,6826.0,6828.3,661,4,0
2026-04-10 14:15:00,2026-04-10 12:15:00,6828.3,6832.0,6827.8,6830.1,546,4,0
2026-04-10 14:30:00,2026-04-10 12:30:00,6830.3,6832.4,6827.5,6828.1,537,4,0
2026-04-10 14:45:00,2026-04-10 12:45:00,6828.1,6829.5,6824.0,6825.9,539,4,0
2026-04-10 15:00:00,2026-04-10 13:00:00,6825.9,6828.3,6824.3,6827.8,681,4,0
2026-04-10 15:15:00,2026-04-10 13:15:00,6827.8,6838.1,6826.3,6833.6,938,4,0
2026-04-10 15:30:00,2026-04-10 13:30:00,6835.3,6846.3,6831.5,6834.5,1512,4,0
2026-04-10 15:45:00,2026-04-10 13:45:00,6834.5,6836.3,6831.8,6833.0,919,4,0
2026-04-10 16:00:00,2026-04-10 14:00:00,6833.0,6836.8,6830.8,6835.8,690,4,0
2026-04-10 16:15:00,2026-04-10 14:15:00,6835.8,6836.5,6832.5,6836.5,686,4,0
2026-04-10 16:30:00,2026-04-10 14:30:00,6836.5,6843.0,6828.8,6832.3,1647,4,0
2026-04-10 16:45:00,2026-04-10 14:45:00,6832.3,6833.5,6825.8,6831.5,1390,4,0
2026-04-10 17:00:00,2026-04-10 15:00:00,6831.5,6836.5,6824.3,6836.3,1431,4,0
2026-04-10 17:15:00,2026-04-10 15:15:00,6836.3,6839.5,6833.3,6839.3,1015,4,0
2026-04-10 17:30:00,2026-04-10 15:30:00,6839.3,6843.3,6828.0,6832.5,1159,4,0
2026-04-10 17:45:00,2026-04-10 15:45:00,6832.8,6838.8,6830.3,6837.5,1231,4,0
2026-04-10 18:00:00,2026-04-10 16:00:00,6837.5,6841.3,6833.0,6840.3,842,4,0
2026-04-10 18:15:00,2026-04-10 16:15:00,6840.3,6844.5,6835.5,6836.5,868,4,0
2026-04-10 18:30:00,2026-04-10 16:30:00,6836.5,6838.8,6824.5,6828.8,1281,4,0
2026-04-10 18:45:00,2026-04-10 16:45:00,6828.5,6831.0,6815.3,6818.5,1057,4,0
2026-04-10 19:00:00,2026-04-10 17:00:00,6818.5,6824.8,6815.0,6823.0,952,4,0
2026-04-10 19:15:00,2026-04-10 17:15:00,6823.0,6824.8,6818.0,6818.8,743,4,0
2026-04-10 19:30:00,2026-04-10 17:30:00,6818.8,6821.0,6808.8,6810.5,839,4,0
2026-04-10 19:45:00,2026-04-10 17:45:00,6810.5,6820.5,6810.0,6818.5,864,4,0
2026-04-10 20:00:00,2026-04-10 18:00:00,6818.5,6818.5,6809.8,6814.8,700,4,0
2026-04-10 20:15:00,2026-04-10 18:15:00,6814.8,6816.0,6809.5,6810.3,653,4,0
2026-04-10 20:30:00,2026-04-10 18:30:00,6810.3,6816.4,6808.0,6815.5,665,4,0
2026-04-10 20:45:00,2026-04-10 18:45:00,6815.5,6819.0,6814.8,6818.4,544,4,0
2026-04-10 21:00:00,2026-04-10 19:00:00,6818.4,6818.5,6812.4,6815.5,593,4,0
2026-04-10 21:15:00,2026-04-10 19:15:00,6815.5,6820.8,6815.5,6818.0,544,4,0
2026-04-10 21:30:00,2026-04-10 19:30:00,6818.0,6818.5,6812.5,6814.5,529,4,0
2026-04-10 21:45:00,2026-04-10 19:45:00,6814.5,6817.5,6814.0,6817.2,396,4,0
2026-04-10 22:00:00,2026-04-10 20:00:00,6817.0,6823.8,6817.0,6823.5,423,4,0
2026-04-10 22:15:00,2026-04-10 20:15:00,6823.5,6823.5,6818.3,6820.3,364,4,0
2026-04-10 22:30:00,2026-04-10 20:30:00,6820.3,6820.3,6811.0,6814.8,520,4,0
2026-04-10 22:45:00,2026-04-10 20:45:00,6814.8,6819.5,6810.5,6817.2,785,4,0
2026-04-10 23:00:00,2026-04-10 21:00:00,6817.2,6819.2,6813.0,6817.7,474,4,0
2026-04-10 23:15:00,2026-04-10 21:15:00,6817.7,6822.0,6817.5,6820.2,321,4,0
2026-04-10 23:30:00,2026-04-10 21:30:00,6820.2,6822.7,6820.0,6822.5,209,4,0
2026-04-10 23:45:00,2026-04-10 21:45:00,6822.5,6822.7,6821.0,6822.2,82,4,0
2026-04-13 01:00:00,2026-04-12 23:00:00,6740.0,6758.1,6737.7,6749.1,2042,4,0
2026-04-13 01:15:00,2026-04-12 23:15:00,6749.2,6749.4,6732.9,6735.1,1366,4,0
2026-04-13 01:30:00,2026-04-12 23:30:00,6735.1,6742.2,6731.2,6739.4,1259,4,0
2026-04-13 01:45:00,2026-04-12 23:45:00,6739.4,6742.9,6738.4,6742.4,665,4,0
2026-04-13 02:00:00,2026-04-13 00:00:00,6742.4,6742.4,6737.9,6740.0,700,4,0
2026-04-13 02:15:00,2026-04-13 00:15:00,6740.0,6741.4,6737.7,6740.4,565,4,0
2026-04-13 02:30:00,2026-04-13 00:30:00,6740.4,6740.4,6736.6,6738.4,422,4,0
2026-04-13 02:45:00,2026-04-13 00:45:00,6738.4,6748.9,6736.5,6748.5,1004,4,0
2026-04-13 03:00:00,2026-04-13 01:00:00,6748.3,6752.4,6741.4,6752.1,1319,4,0
2026-04-13 03:15:00,2026-04-13 01:15:00,6751.9,6753.7,6750.6,6751.9,1048,4,0
2026-04-13 03:30:00,2026-04-13 01:30:00,6751.9,6756.9,6750.4,6755.5,907,4,0
2026-04-13 03:45:00,2026-04-13 01:45:00,6755.5,6764.5,6755.2,6764.4,836,4,0
2026-04-13 04:00:00,2026-04-13 02:00:00,6764.4,6771.6,6764.4,6769.1,1172,4,0
2026-04-13 04:15:00,2026-04-13 02:15:00,6769.1,6769.4,6766.6,6768.2,778,4,0
2026-04-13 04:30:00,2026-04-13 02:30:00,6768.2,6771.1,6764.4,6765.1,789,4,0
2026-04-13 04:45:00,2026-04-13 02:45:00,6765.1,6770.4,6764.4,6769.0,655,4,0
2026-04-13 05:00:00,2026-04-13 03:00:00,6769.0,6769.3,6764.9,6765.4,640,4,0
2026-04-13 05:15:00,2026-04-13 03:15:00,6765.4,6767.6,6764.6,6766.4,433,4,0
2026-04-13 05:30:00,2026-04-13 03:30:00,6766.4,6767.9,6765.6,6767.5,332,4,0
2026-04-13 05:45:00,2026-04-13 03:45:00,6767.4,6770.1,6766.4,6769.6,427,4,0
2026-04-13 06:00:00,2026-04-13 04:00:00,6769.6,6770.9,6765.6,6765.9,440,4,0
2026-04-13 06:15:00,2026-04-13 04:15:00,6765.9,6769.2,6765.6,6768.6,292,4,0
2026-04-13 06:30:00,2026-04-13 04:30:00,6768.4,6768.6,6765.5,6767.6,392,4,0
2026-04-13 06:45:00,2026-04-13 04:45:00,6767.6,6767.7,6765.1,6765.5,315,4,0
2026-04-13 07:00:00,2026-04-13 05:00:00,6765.5,6766.9,6763.9,6766.4,386,4,0
2026-04-13 07:15:00,2026-04-13 05:15:00,6766.4,6769.4,6766.0,6768.4,416,4,0
2026-04-13 07:30:00,2026-04-13 05:30:00,6768.5,6769.9,6767.9,6768.4,352,4,0
2026-04-13 07:45:00,2026-04-13 05:45:00,6768.4,6774.7,6767.6,6771.6,498,4,0
2026-04-13 08:00:00,2026-04-13 06:00:00,6771.6,6772.4,6768.9,6769.6,636,4,0
2026-04-13 08:15:00,2026-04-13 06:15:00,6769.6,6773.6,6768.2,6771.6,507,4,0
2026-04-13 08:30:00,2026-04-13 06:30:00,6771.6,6771.9,6769.5,6770.4,486,4,0
2026-04-13 08:45:00,2026-04-13 06:45:00,6770.4,6773.6,6770.4,6772.4,417,4,0
2026-04-13 09:00:00,2026-04-13 07:00:00,6772.4,6776.0,6772.4,6774.9,833,4,0
2026-04-13 09:15:00,2026-04-13 07:15:00,6774.9,6780.8,6774.8,6778.8,723,4,0
2026-04-13 09:30:00,2026-04-13 07:30:00,6778.9,6779.9,6776.1,6776.8,582,4,0
2026-04-13 09:45:00,2026-04-13 07:45:00,6776.6,6778.6,6775.9,6778.4,583,4,0
2026-04-13 10:00:00,2026-04-13 08:00:00,6778.4,6781.1,6778.4,6779.4,905,4,0
2026-04-13 10:15:00,2026-04-13 08:15:00,6779.4,6781.4,6774.6,6779.9,681,4,0
2026-04-13 10:30:00,2026-04-13 08:30:00,6779.9,6781.1,6776.9,6778.6,630,4,0
2026-04-13 10:45:00,2026-04-13 08:45:00,6778.6,6778.9,6774.6,6776.4,540,4,0
2026-04-13 11:00:00,2026-04-13 09:00:00,6776.4,6782.8,6776.0,6779.5,1131,4,0
2026-04-13 11:15:00,2026-04-13 09:15:00,6779.4,6783.6,6777.9,6782.4,782,4,0
2026-04-13 11:30:00,2026-04-13 09:30:00,6782.4,6783.1,6774.1,6777.8,871,4,0
2026-04-13 11:45:00,2026-04-13 09:45:00,6777.8,6779.6,6776.1,6777.4,643,4,0
2026-04-13 12:00:00,2026-04-13 10:00:00,6777.4,6783.1,6777.4,6779.1,892,4,0
2026-04-13 12:15:00,2026-04-13 10:15:00,6779.1,6783.1,6778.4,6781.1,536,4,0
2026-04-13 12:30:00,2026-04-13 10:30:00,6781.0,6782.9,6778.1,6779.0,420,4,0
2026-04-13 12:45:00,2026-04-13 10:45:00,6779.0,6779.4,6776.4,6777.6,328,4,0
2026-04-13 13:00:00,2026-04-13 11:00:00,6777.6,6778.6,6776.1,6777.4,369,4,0
2026-04-13 13:15:00,2026-04-13 11:15:00,6777.4,6777.6,6775.4,6777.5,359,4,0
2026-04-13 13:30:00,2026-04-13 11:30:00,6777.5,6779.1,6775.1,6776.4,375,4,0
2026-04-13 13:45:00,2026-04-13 11:45:00,6776.4,6785.1,6775.6,6785.1,456,4,0
2026-04-13 14:00:00,2026-04-13 12:00:00,6785.0,6795.0,6784.1,6785.8,932,4,0
2026-04-13 14:15:00,2026-04-13 12:15:00,6785.8,6786.4,6778.8,6779.6,707,4,0
2026-04-13 14:30:00,2026-04-13 12:30:00,6779.6,6780.4,6771.5,6775.9,869,4,0
2026-04-13 14:45:00,2026-04-13 12:45:00,6775.9,6777.6,6768.0,6768.9,1027,4,0
2026-04-13 15:00:00,2026-04-13 13:00:00,6768.9,6775.9,6766.6,6775.4,1080,4,0
2026-04-13 15:15:00,2026-04-13 13:15:00,6775.4,6776.9,6773.9,6776.4,648,4,0
2026-04-13 15:30:00,2026-04-13 13:30:00,6776.4,6781.4,6775.4,6780.6,741,4,0
2026-04-13 15:45:00,2026-04-13 13:45:00,6780.6,6788.5,6780.4,6786.6,811,4,0
2026-04-13 16:00:00,2026-04-13 14:00:00,6786.6,6791.6,6785.9,6791.1,536,4,0
2026-04-13 16:15:00,2026-04-13 14:15:00,6791.1,6798.6,6788.6,6798.6,549,4,0
2026-04-13 16:30:00,2026-04-13 14:30:00,6798.6,6803.9,6790.6,6794.4,1708,4,0
2026-04-13 16:45:00,2026-04-13 14:45:00,6794.1,6822.5,6792.1,6822.5,2294,4,0
2026-04-13 17:00:00,2026-04-13 15:00:00,6822.3,6825.4,6813.9,6816.1,1604,4,0
2026-04-13 17:15:00,2026-04-13 15:15:00,6816.1,6821.2,6809.6,6820.9,1624,4,0
2026-04-13 17:30:00,2026-04-13 15:30:00,6821.0,6826.1,6818.4,6825.1,1190,4,0
2026-04-13 17:45:00,2026-04-13 15:45:00,6825.1,6831.9,6820.4,6830.9,1097,4,0
2026-04-13 18:00:00,2026-04-13 16:00:00,6830.9,6830.9,6821.9,6825.4,1129,4,0
2026-04-13 18:15:00,2026-04-13 16:15:00,6825.5,6827.1,6820.1,6820.4,908,4,0
2026-04-13 18:30:00,2026-04-13 16:30:00,6820.4,6828.1,6817.8,6820.6,1081,4,0
2026-04-13 18:45:00,2026-04-13 16:45:00,6820.6,6821.9,6818.4,6820.1,716,4,0
2026-04-13 19:00:00,2026-04-13 17:00:00,6820.1,6829.2,6815.4,6824.1,1209,4,0
2026-04-13 19:15:00,2026-04-13 17:15:00,6824.1,6841.6,6822.6,6839.4,1262,4,0
2026-04-13 19:30:00,2026-04-13 17:30:00,6839.4,6848.5,6832.4,6841.4,1830,4,0
2026-04-13 19:45:00,2026-04-13 17:45:00,6841.4,6853.9,6840.4,6848.6,1377,4,0
2026-04-13 20:00:00,2026-04-13 18:00:00,6848.6,6851.1,6846.6,6848.9,760,4,0
2026-04-13 20:15:00,2026-04-13 18:15:00,6848.9,6853.9,6848.4,6850.4,626,4,0
2026-04-13 20:30:00,2026-04-13 18:30:00,6850.4,6852.6,6846.6,6847.1,625,4,0
2026-04-13 20:45:00,2026-04-13 18:45:00,6847.1,6848.9,6844.4,6847.1,530,4,0
2026-04-13 21:00:00,2026-04-13 19:00:00,6847.4,6851.9,6847.4,6851.4,496,4,0
2026-04-13 21:15:00,2026-04-13 19:15:00,6851.4,6852.1,6848.1,6849.6,475,4,0
2026-04-13 21:30:00,2026-04-13 19:30:00,6849.6,6853.9,6848.6,6853.6,412,4,0
2026-04-13 21:45:00,2026-04-13 19:45:00,6853.6,6860.4,6853.6,6858.9,616,4,0
2026-04-13 22:00:00,2026-04-13 20:00:00,6858.9,6861.6,6856.1,6857.6,499,4,0
2026-04-13 22:15:00,2026-04-13 20:15:00,6857.6,6864.1,6857.1,6863.9,367,4,0
2026-04-13 22:30:00,2026-04-13 20:30:00,6863.9,6870.9,6862.4,6867.6,524,4,0
2026-04-13 22:45:00,2026-04-13 20:45:00,6867.6,6888.6,6863.6,6885.6,1129,4,0
2026-04-13 23:00:00,2026-04-13 21:00:00,6885.4,6889.4,6883.4,6887.4,559,4,0
2026-04-13 23:15:00,2026-04-13 21:15:00,6887.4,6889.6,6885.6,6887.6,243,4,0
2026-04-13 23:30:00,2026-04-13 21:30:00,6887.6,6890.7,6887.4,6889.9,199,4,0
2026-04-13 23:45:00,2026-04-13 21:45:00,6889.9,6892.1,6889.9,6891.1,131,4,0
2026-04-14 01:00:00,2026-04-13 23:00:00,6890.5,6894.2,6888.9,6892.0,542,4,0
2026-04-14 01:15:00,2026-04-13 23:15:00,6892.0,6892.7,6890.4,6890.5,169,4,0
2026-04-14 01:30:00,2026-04-13 23:30:00,6890.5,6892.7,6890.2,6891.0,222,4,0
2026-04-14 01:45:00,2026-04-13 23:45:00,6891.0,6892.7,6889.7,6892.0,236,4,0
2026-04-14 02:00:00,2026-04-14 00:00:00,6892.0,6896.0,6890.6,6893.7,471,4,0
2026-04-14 02:15:00,2026-04-14 00:15:00,6893.7,6894.7,6892.5,6892.5,253,4,0
2026-04-14 02:30:00,2026-04-14 00:30:00,6892.5,6893.2,6891.5,6893.1,255,4,0
2026-04-14 02:45:00,2026-04-14 00:45:00,6893.1,6894.5,6889.7,6890.2,330,4,0
2026-04-14 03:00:00,2026-04-14 01:00:00,6890.2,6890.2,6885.2,6888.8,598,4,0
2026-04-14 03:15:00,2026-04-14 01:15:00,6888.7,6890.2,6886.7,6887.7,513,4,0
2026-04-14 03:30:00,2026-04-14 01:30:00,6887.7,6892.3,6887.7,6891.0,423,4,0
2026-04-14 03:45:00,2026-04-14 01:45:00,6891.0,6891.2,6889.1,6890.5,338,4,0
2026-04-14 04:00:00,2026-04-14 02:00:00,6890.5,6890.5,6886.8,6889.5,451,4,0
2026-04-14 04:15:00,2026-04-14 02:15:00,6889.5,6890.5,6888.2,6889.1,279,4,0
2026-04-14 04:30:00,2026-04-14 02:30:00,6889.1,6890.0,6887.2,6889.5,323,4,0
2026-04-14 04:45:00,2026-04-14 02:45:00,6889.5,6890.5,6888.2,6888.5,214,4,0
2026-04-14 05:00:00,2026-04-14 03:00:00,6888.5,6891.7,6887.7,6891.2,234,4,0
2026-04-14 05:15:00,2026-04-14 03:15:00,6891.2,6891.7,6889.3,6891.0,220,4,0
2026-04-14 05:30:00,2026-04-14 03:30:00,6891.0,6892.0,6889.8,6891.0,261,4,0
2026-04-14 05:45:00,2026-04-14 03:45:00,6891.0,6891.5,6889.5,6890.2,116,4,0
2026-04-14 06:00:00,2026-04-14 04:00:00,6890.2,6890.2,6887.5,6888.2,174,4,0
2026-04-14 06:15:00,2026-04-14 04:15:00,6888.2,6888.5,6887.0,6887.6,184,4,0
2026-04-14 06:30:00,2026-04-14 04:30:00,6887.6,6888.0,6886.7,6887.7,184,4,0
2026-04-14 06:45:00,2026-04-14 04:45:00,6887.7,6889.2,6887.2,6888.7,167,4,0
2026-04-14 07:00:00,2026-04-14 05:00:00,6888.7,6889.0,6888.1,6888.2,129,4,0
2026-04-14 07:15:00,2026-04-14 05:15:00,6888.2,6890.2,6888.2,6889.2,189,4,0
2026-04-14 07:30:00,2026-04-14 05:30:00,6889.2,6889.5,6888.5,6888.7,190,4,0
2026-04-14 07:45:00,2026-04-14 05:45:00,6888.7,6890.0,6888.7,6890.0,102,4,0
2026-04-14 08:00:00,2026-04-14 06:00:00,6890.0,6890.0,6889.2,6890.0,138,4,0
2026-04-14 08:15:00,2026-04-14 06:15:00,6890.0,6890.5,6888.0,6889.2,238,4,0
2026-04-14 08:30:00,2026-04-14 06:30:00,6889.2,6889.3,6886.2,6887.3,308,4,0
2026-04-14 08:45:00,2026-04-14 06:45:00,6887.3,6888.5,6886.5,6886.5,249,4,0
2026-04-14 09:00:00,2026-04-14 07:00:00,6886.5,6887.2,6885.5,6886.2,323,4,0
2026-04-14 09:15:00,2026-04-14 07:15:00,6886.2,6888.5,6885.0,6888.0,287,4,0
2026-04-14 09:30:00,2026-04-14 07:30:00,6887.7,6892.0,6887.0,6890.7,348,4,0
2026-04-14 09:45:00,2026-04-14 07:45:00,6890.7,6891.1,6888.2,6890.7,313,4,0
2026-04-14 10:00:00,2026-04-14 08:00:00,6890.7,6900.7,6889.2,6898.2,1477,4,0
2026-04-14 10:15:00,2026-04-14 08:15:00,6898.2,6900.7,6896.0,6898.5,869,4,0
2026-04-14 10:30:00,2026-04-14 08:30:00,6898.5,6902.5,6897.0,6898.0,841,4,0
2026-04-14 10:45:00,2026-04-14 08:45:00,6898.0,6899.7,6896.0,6898.0,597,4,0
2026-04-14 11:00:00,2026-04-14 09:00:00,6898.0,6901.1,6896.2,6900.2,817,4,0
2026-04-14 11:15:00,2026-04-14 09:15:00,6900.2,6901.7,6897.5,6901.5,657,4,0
2026-04-14 11:30:00,2026-04-14 09:30:00,6901.5,6903.5,6899.0,6902.2,672,4,0
2026-04-14 11:45:00,2026-04-14 09:45:00,6902.2,6905.0,6902.2,6904.4,387,4,0
2026-04-14 12:00:00,2026-04-14 10:00:00,6904.5,6906.7,6904.2,6905.5,380,4,0
2026-04-14 12:15:00,2026-04-14 10:15:00,6905.6,6906.2,6901.2,6901.7,410,4,0
2026-04-14 12:30:00,2026-04-14 10:30:00,6901.7,6901.7,6898.5,6899.2,409,4,0
2026-04-14 12:45:00,2026-04-14 10:45:00,6899.2,6899.2,6897.5,6898.0,275,4,0
2026-04-14 13:00:00,2026-04-14 11:00:00,6898.0,6901.2,6895.9,6900.4,390,4,0
2026-04-14 13:15:00,2026-04-14 11:15:00,6900.4,6901.7,6898.3,6900.0,428,4,0
2026-04-14 13:30:00,2026-04-14 11:30:00,6900.0,6901.0,6892.7,6893.2,709,4,0
2026-04-14 13:45:00,2026-04-14 11:45:00,6893.2,6896.5,6892.9,6894.0,368,4,0
2026-04-14 14:00:00,2026-04-14 12:00:00,6894.0,6897.5,6892.7,6896.2,427,4,0
2026-04-14 14:15:00,2026-04-14 12:15:00,6896.2,6901.5,6896.0,6901.0,316,4,0
2026-04-14 14:30:00,2026-04-14 12:30:00,6901.0,6902.0,6899.0,6900.0,266,4,0
2026-04-14 14:45:00,2026-04-14 12:45:00,6900.0,6909.6,6899.5,6903.5,594,4,0
2026-04-14 15:00:00,2026-04-14 13:00:00,6903.7,6909.2,6903.6,6905.0,748,4,0
2026-04-14 15:15:00,2026-04-14 13:15:00,6905.0,6908.9,6901.7,6908.7,712,4,0
2026-04-14 15:30:00,2026-04-14 13:30:00,6909.0,6913.8,6903.9,6905.5,820,4,0
2026-04-14 15:45:00,2026-04-14 13:45:00,6905.5,6906.0,6901.2,6904.5,589,4,0
2026-04-14 16:00:00,2026-04-14 14:00:00,6904.5,6905.2,6902.0,6904.7,401,4,0
2026-04-14 16:15:00,2026-04-14 14:15:00,6904.7,6907.2,6902.4,6902.5,415,4,0
2026-04-14 16:30:00,2026-04-14 14:30:00,6902.2,6925.7,6902.2,6924.5,1736,4,0
2026-04-14 16:45:00,2026-04-14 14:45:00,6924.5,6924.7,6920.0,6921.0,1200,4,0
2026-04-14 17:00:00,2026-04-14 15:00:00,6921.0,6935.5,6920.7,6935.2,1154,4,0
2026-04-14 17:15:00,2026-04-14 15:15:00,6935.2,6936.5,6932.2,6936.2,818,4,0
2026-04-14 17:30:00,2026-04-14 15:30:00,6936.2,6940.2,6932.5,6935.0,786,4,0
2026-04-14 17:45:00,2026-04-14 15:45:00,6935.2,6943.5,6935.2,6941.7,610,4,0
2026-04-14 18:00:00,2026-04-14 16:00:00,6941.7,6942.2,6935.5,6936.2,707,4,0
2026-04-14 18:15:00,2026-04-14 16:15:00,6936.2,6951.2,6936.0,6949.5,814,4,0
2026-04-14 18:30:00,2026-04-14 16:30:00,6949.2,6957.5,6949.2,6954.7,618,4,0
2026-04-14 18:45:00,2026-04-14 16:45:00,6955.0,6959.7,6954.9,6955.2,577,4,0
2026-04-14 19:00:00,2026-04-14 17:00:00,6955.2,6958.2,6954.5,6956.7,399,4,0
2026-04-14 19:15:00,2026-04-14 17:15:00,6956.7,6963.7,6956.2,6962.7,421,4,0
2026-04-14 19:30:00,2026-04-14 17:30:00,6962.7,6964.0,6958.5,6961.2,475,4,0
2026-04-14 19:45:00,2026-04-14 17:45:00,6961.2,6963.0,6954.7,6956.0,457,4,0
2026-04-14 20:00:00,2026-04-14 18:00:00,6956.0,6960.2,6956.0,6958.7,433,4,0
2026-04-14 20:15:00,2026-04-14 18:15:00,6958.7,6967.0,6958.7,6964.0,439,4,0
2026-04-14 20:30:00,2026-04-14 18:30:00,6964.0,6967.5,6964.0,6966.7,312,4,0
2026-04-14 20:45:00,2026-04-14 18:45:00,6966.7,6967.2,6962.6,6964.0,380,4,0
2026-04-14 21:00:00,2026-04-14 19:00:00,6964.0,6966.0,6961.7,6962.0,426,4,0
2026-04-14 21:15:00,2026-04-14 19:15:00,6962.0,6962.2,6948.2,6952.7,889,4,0
2026-04-14 21:30:00,2026-04-14 19:30:00,6952.7,6958.5,6951.7,6952.5,609,4,0
2026-04-14 21:45:00,2026-04-14 19:45:00,6952.5,6954.5,6949.7,6954.2,469,4,0
2026-04-14 22:00:00,2026-04-14 20:00:00,6954.2,6964.2,6953.5,6961.5,492,4,0
2026-04-14 22:15:00,2026-04-14 20:15:00,6961.7,6969.5,6961.5,6969.2,408,4,0
2026-04-14 22:30:00,2026-04-14 20:30:00,6968.7,6972.5,6964.0,6967.5,654,4,0
2026-04-14 22:45:00,2026-04-14 20:45:00,6967.5,6970.7,6961.7,6970.5,910,4,0
2026-04-14 23:00:00,2026-04-14 21:00:00,6970.7,6971.7,6965.2,6967.7,410,4,0
2026-04-14 23:15:00,2026-04-14 21:15:00,6967.7,6970.0,6967.2,6970.0,156,4,0
2026-04-14 23:30:00,2026-04-14 21:30:00,6970.0,6970.5,6968.2,6969.7,133,4,0
2026-04-14 23:45:00,2026-04-14 21:45:00,6969.7,6969.7,6968.7,6968.7,87,4,0
2026-04-15 01:00:00,2026-04-14 23:00:00,6967.1,6973.2,6966.8,6971.4,649,4,0
2026-04-15 01:15:00,2026-04-14 23:15:00,6971.4,6973.4,6971.2,6971.6,310,4,0
2026-04-15 01:30:00,2026-04-14 23:30:00,6971.6,6972.4,6969.9,6971.9,201,4,0
2026-04-15 01:45:00,2026-04-14 23:45:00,6971.9,6972.4,6969.7,6970.2,164,4,0
2026-04-15 02:00:00,2026-04-15 00:00:00,6970.2,6972.7,6969.9,6971.4,146,4,0
2026-04-15 02:15:00,2026-04-15 00:15:00,6971.4,6972.9,6971.4,6972.7,169,4,0
2026-04-15 02:30:00,2026-04-15 00:30:00,6972.7,6976.5,6971.6,6974.7,711,4,0
2026-04-15 02:45:00,2026-04-15 00:45:00,6974.7,6978.4,6973.4,6973.7,535,4,0
2026-04-15 03:00:00,2026-04-15 01:00:00,6973.7,6974.4,6970.9,6973.1,632,4,0
2026-04-15 03:15:00,2026-04-15 01:15:00,6973.1,6974.2,6971.9,6973.1,471,4,0
2026-04-15 03:30:00,2026-04-15 01:30:00,6973.1,6973.7,6969.9,6970.4,482,4,0
2026-04-15 03:45:00,2026-04-15 01:45:00,6970.4,6974.4,6970.2,6973.7,369,4,0
2026-04-15 04:00:00,2026-04-15 02:00:00,6973.7,6977.4,6972.2,6977.1,435,4,0
2026-04-15 04:15:00,2026-04-15 02:15:00,6977.1,6977.4,6975.4,6976.4,384,4,0
2026-04-15 04:30:00,2026-04-15 02:30:00,6976.4,6976.7,6973.7,6975.7,450,4,0
2026-04-15 04:45:00,2026-04-15 02:45:00,6975.7,6977.2,6975.4,6976.2,253,4,0
2026-04-15 05:00:00,2026-04-15 03:00:00,6976.2,6976.2,6973.2,6973.9,303,4,0
2026-04-15 05:15:00,2026-04-15 03:15:00,6973.9,6974.4,6971.9,6971.9,239,4,0
2026-04-15 05:30:00,2026-04-15 03:30:00,6971.9,6972.2,6968.8,6970.2,321,4,0
2026-04-15 05:45:00,2026-04-15 03:45:00,6970.2,6971.2,6969.2,6969.7,239,4,0
2026-04-15 06:00:00,2026-04-15 04:00:00,6969.7,6971.2,6969.6,6970.2,164,4,0
2026-04-15 06:15:00,2026-04-15 04:15:00,6970.2,6971.2,6969.7,6970.4,179,4,0
2026-04-15 06:30:00,2026-04-15 04:30:00,6970.4,6972.9,6970.3,6972.9,217,4,0
2026-04-15 06:45:00,2026-04-15 04:45:00,6972.9,6975.9,6972.3,6974.7,194,4,0
2026-04-15 07:00:00,2026-04-15 05:00:00,6974.7,6975.4,6973.4,6974.9,168,4,0
2026-04-15 07:15:00,2026-04-15 05:15:00,6974.9,6975.7,6974.4,6975.2,92,4,0
2026-04-15 07:30:00,2026-04-15 05:30:00,6975.2,6975.7,6974.2,6974.4,102,4,0
2026-04-15 07:45:00,2026-04-15 05:45:00,6974.4,6974.7,6971.9,6972.4,190,4,0
2026-04-15 08:00:00,2026-04-15 06:00:00,6972.4,6981.1,6970.4,6973.4,1110,4,0
2026-04-15 08:15:00,2026-04-15 06:15:00,6973.4,6973.8,6968.2,6969.4,604,4,0
2026-04-15 08:30:00,2026-04-15 06:30:00,6969.4,6969.7,6965.6,6966.7,544,4,0
2026-04-15 08:45:00,2026-04-15 06:45:00,6966.7,6968.9,6965.7,6968.7,371,4,0
2026-04-15 09:00:00,2026-04-15 07:00:00,6968.7,6971.2,6967.7,6968.6,509,4,0
2026-04-15 09:15:00,2026-04-15 07:15:00,6968.5,6971.2,6968.0,6971.0,325,4,0
2026-04-15 09:30:00,2026-04-15 07:30:00,6971.0,6972.5,6970.7,6972.2,346,4,0
2026-04-15 09:45:00,2026-04-15 07:45:00,6972.2,6972.2,6969.5,6970.2,315,4,0
2026-04-15 10:00:00,2026-04-15 08:00:00,6970.1,6970.7,6968.0,6970.0,569,4,0
2026-04-15 10:15:00,2026-04-15 08:15:00,6970.0,6970.2,6966.6,6967.5,428,4,0
2026-04-15 10:30:00,2026-04-15 08:30:00,6967.5,6970.0,6967.2,6969.2,370,4,0
2026-04-15 10:45:00,2026-04-15 08:45:00,6969.2,6971.7,6965.3,6970.2,571,4,0
2026-04-15 11:00:00,2026-04-15 09:00:00,6970.2,6972.2,6968.7,6970.2,555,4,0
2026-04-15 11:15:00,2026-04-15 09:15:00,6970.2,6972.7,6968.2,6972.5,460,4,0
2026-04-15 11:30:00,2026-04-15 09:30:00,6972.2,6974.0,6971.7,6972.2,412,4,0
2026-04-15 11:45:00,2026-04-15 09:45:00,6972.2,6975.2,6971.5,6973.5,263,4,0
2026-04-15 12:00:00,2026-04-15 10:00:00,6973.5,6975.0,6964.8,6967.5,1027,4,0
2026-04-15 12:15:00,2026-04-15 10:15:00,6967.5,6969.5,6965.6,6966.5,668,4,0
2026-04-15 12:30:00,2026-04-15 10:30:00,6966.5,6968.0,6964.2,6965.5,510,4,0
2026-04-15 12:45:00,2026-04-15 10:45:00,6965.5,6967.3,6965.0,6965.2,469,4,0
2026-04-15 13:00:00,2026-04-15 11:00:00,6965.2,6970.0,6964.5,6967.0,628,4,0
2026-04-15 13:15:00,2026-04-15 11:15:00,6967.0,6967.0,6957.7,6959.7,1150,4,0
2026-04-15 13:30:00,2026-04-15 11:30:00,6959.7,6966.7,6957.1,6966.5,845,4,0
2026-04-15 13:45:00,2026-04-15 11:45:00,6966.5,6968.2,6964.3,6966.7,641,4,0
2026-04-15 14:00:00,2026-04-15 12:00:00,6966.7,6970.7,6966.5,6970.2,481,4,0
2026-04-15 14:15:00,2026-04-15 12:15:00,6970.2,6971.0,6966.5,6968.2,592,4,0
2026-04-15 14:30:00,2026-04-15 12:30:00,6968.2,6972.7,6968.0,6969.7,673,4,0
2026-04-15 14:45:00,2026-04-15 12:45:00,6969.7,6982.2,6968.5,6974.0,1239,4,0
2026-04-15 15:00:00,2026-04-15 13:00:00,6974.0,6975.7,6967.3,6970.0,1091,4,0
2026-04-15 15:15:00,2026-04-15 13:15:00,6970.0,6972.2,6968.7,6969.8,573,4,0
2026-04-15 15:30:00,2026-04-15 13:30:00,6969.8,6976.5,6969.2,6975.5,572,4,0
2026-04-15 15:45:00,2026-04-15 13:45:00,6975.5,6975.7,6973.0,6973.5,378,4,0
2026-04-15 16:00:00,2026-04-15 14:00:00,6973.5,6975.7,6971.0,6975.2,397,4,0
2026-04-15 16:15:00,2026-04-15 14:15:00,6975.2,6979.7,6973.5,6979.0,426,4,0
2026-04-15 16:30:00,2026-04-15 14:30:00,6979.0,6989.5,6969.0,6970.5,1696,4,0
2026-04-15 16:45:00,2026-04-15 14:45:00,6970.5,6983.0,6970.5,6982.7,1495,4,0
2026-04-15 17:00:00,2026-04-15 15:00:00,6982.7,6986.0,6976.2,6985.7,1158,4,0
2026-04-15 17:15:00,2026-04-15 15:15:00,6985.7,6995.7,6984.5,6995.7,967,4,0
2026-04-15 17:30:00,2026-04-15 15:30:00,6995.7,6997.2,6985.7,6994.0,898,4,0
2026-04-15 17:45:00,2026-04-15 15:45:00,6994.0,6997.7,6992.7,6994.0,699,4,0
2026-04-15 18:00:00,2026-04-15 16:00:00,6994.0,6999.7,6991.0,6999.7,813,4,0
2026-04-15 18:15:00,2026-04-15 16:15:00,6999.7,7002.2,6998.5,7000.5,642,4,0
2026-04-15 18:30:00,2026-04-15 16:30:00,7000.5,7002.2,6995.2,7001.0,746,4,0
2026-04-15 18:45:00,2026-04-15 16:45:00,7001.0,7002.5,6996.0,6996.7,615,4,0
2026-04-15 19:00:00,2026-04-15 17:00:00,6996.7,7001.5,6995.2,7000.5,499,4,0
2026-04-15 19:15:00,2026-04-15 17:15:00,7000.5,7005.0,6999.2,7000.5,459,4,0
2026-04-15 19:30:00,2026-04-15 17:30:00,7000.5,7002.0,6990.5,6990.7,831,4,0
2026-04-15 19:45:00,2026-04-15 17:45:00,6990.7,6994.7,6984.2,6992.2,1108,4,0
2026-04-15 20:00:00,2026-04-15 18:00:00,6992.2,7000.8,6991.2,6998.5,671,4,0
2026-04-15 20:15:00,2026-04-15 18:15:00,6998.5,7003.0,6997.5,7001.2,478,4,0
2026-04-15 20:30:00,2026-04-15 18:30:00,7001.0,7007.0,7000.0,7001.5,523,4,0
2026-04-15 20:45:00,2026-04-15 18:45:00,7001.5,7005.5,7001.5,7001.7,425,4,0
2026-04-15 21:00:00,2026-04-15 19:00:00,7001.7,7013.0,6998.7,7010.0,1104,4,0
2026-04-15 21:15:00,2026-04-15 19:15:00,7010.0,7013.5,7008.7,7011.7,508,4,0
2026-04-15 21:30:00,2026-04-15 19:30:00,7011.7,7018.7,7011.7,7015.7,501,4,0
2026-04-15 21:45:00,2026-04-15 19:45:00,7015.7,7025.2,7015.7,7023.2,398,4,0
2026-04-15 22:00:00,2026-04-15 20:00:00,7023.2,7026.5,7020.7,7021.5,521,4,0
2026-04-15 22:15:00,2026-04-15 20:15:00,7021.5,7027.0,7020.5,7026.7,415,4,0
2026-04-15 22:30:00,2026-04-15 20:30:00,7026.7,7028.0,7019.2,7021.7,527,4,0
2026-04-15 22:45:00,2026-04-15 20:45:00,7021.7,7029.2,7020.0,7025.2,897,4,0
2026-04-15 23:00:00,2026-04-15 21:00:00,7024.7,7027.2,7019.2,7020.7,439,4,0
2026-04-15 23:15:00,2026-04-15 21:15:00,7020.7,7023.4,7020.7,7021.9,153,4,0
2026-04-15 23:30:00,2026-04-15 21:30:00,7021.9,7024.7,7021.9,7023.2,109,4,0
2026-04-15 23:45:00,2026-04-15 21:45:00,7023.2,7024.4,7021.4,7022.7,129,4,0
2026-04-16 01:00:00,2026-04-15 23:00:00,7023.1,7027.3,7021.3,7026.4,523,4,0
2026-04-16 01:15:00,2026-04-15 23:15:00,7026.4,7027.9,7025.3,7027.3,275,4,0
2026-04-16 01:30:00,2026-04-15 23:30:00,7027.3,7031.0,7027.3,7029.6,237,4,0
2026-04-16 01:45:00,2026-04-15 23:45:00,7029.6,7030.9,7029.6,7030.9,147,4,0
2026-04-16 02:00:00,2026-04-16 00:00:00,7031.1,7032.1,7030.1,7030.9,212,4,0
2026-04-16 02:15:00,2026-04-16 00:15:00,7030.9,7031.6,7029.4,7030.6,178,4,0
2026-04-16 02:30:00,2026-04-16 00:30:00,7030.6,7032.9,7030.1,7032.6,156,4,0
2026-04-16 02:45:00,2026-04-16 00:45:00,7032.6,7035.3,7032.4,7034.4,230,4,0
2026-04-16 03:00:00,2026-04-16 01:00:00,7034.4,7035.4,7031.6,7034.6,559,4,0
2026-04-16 03:15:00,2026-04-16 01:15:00,7034.6,7037.6,7033.3,7033.6,526,4,0
2026-04-16 03:30:00,2026-04-16 01:30:00,7033.6,7037.7,7033.6,7037.1,302,4,0
2026-04-16 03:45:00,2026-04-16 01:45:00,7037.1,7041.3,7036.6,7039.4,314,4,0
2026-04-16 04:00:00,2026-04-16 02:00:00,7039.4,7039.9,7036.6,7038.9,391,4,0
2026-04-16 04:15:00,2026-04-16 02:15:00,7038.9,7041.1,7038.6,7039.4,285,4,0
2026-04-16 04:30:00,2026-04-16 02:30:00,7039.4,7042.9,7037.6,7041.1,409,4,0
2026-04-16 04:45:00,2026-04-16 02:45:00,7041.1,7041.3,7037.9,7038.1,248,4,0
2026-04-16 05:00:00,2026-04-16 03:00:00,7038.1,7040.4,7038.1,7038.9,365,4,0
2026-04-16 05:15:00,2026-04-16 03:15:00,7039.0,7039.4,7037.9,7039.1,322,4,0
2026-04-16 05:30:00,2026-04-16 03:30:00,7039.1,7041.1,7038.4,7040.1,223,4,0
2026-04-16 05:45:00,2026-04-16 03:45:00,7040.1,7040.6,7036.6,7037.6,216,4,0
2026-04-16 06:00:00,2026-04-16 04:00:00,7037.4,7041.1,7037.4,7039.2,243,4,0
2026-04-16 06:15:00,2026-04-16 04:15:00,7039.2,7039.6,7037.9,7038.4,141,4,0
2026-04-16 06:30:00,2026-04-16 04:30:00,7038.4,7039.1,7037.1,7037.6,307,4,0
2026-04-16 06:45:00,2026-04-16 04:45:00,7037.6,7038.8,7036.9,7036.9,148,4,0
2026-04-16 07:00:00,2026-04-16 05:00:00,7036.9,7037.1,7035.6,7036.9,206,4,0
2026-04-16 07:15:00,2026-04-16 05:15:00,7036.9,7038.1,7035.9,7036.1,167,4,0
2026-04-16 07:30:00,2026-04-16 05:30:00,7036.1,7036.6,7035.4,7036.6,102,4,0
2026-04-16 07:45:00,2026-04-16 05:45:00,7036.6,7037.1,7036.1,7036.9,133,4,0
2026-04-16 08:00:00,2026-04-16 06:00:00,7036.9,7037.3,7033.9,7034.3,309,4,0
2026-04-16 08:15:00,2026-04-16 06:15:00,7034.3,7038.0,7034.1,7037.6,193,4,0
2026-04-16 08:30:00,2026-04-16 06:30:00,7037.6,7040.0,7037.4,7037.6,485,4,0
2026-04-16 08:45:00,2026-04-16 06:45:00,7037.6,7039.6,7037.4,7038.6,276,4,0
2026-04-16 09:00:00,2026-04-16 07:00:00,7038.6,7043.2,7038.6,7042.4,521,4,0
2026-04-16 09:15:00,2026-04-16 07:15:00,7042.4,7043.2,7040.2,7042.2,403,4,0
2026-04-16 09:30:00,2026-04-16 07:30:00,7042.2,7043.9,7039.7,7042.2,394,4,0
2026-04-16 09:45:00,2026-04-16 07:45:00,7042.2,7043.4,7041.9,7042.4,253,4,0
2026-04-16 10:00:00,2026-04-16 08:00:00,7042.4,7042.7,7038.4,7038.4,527,4,0
2026-04-16 10:15:00,2026-04-16 08:15:00,7038.4,7041.9,7038.4,7040.9,347,4,0
2026-04-16 10:30:00,2026-04-16 08:30:00,7040.9,7042.5,7039.7,7041.7,382,4,0
2026-04-16 10:45:00,2026-04-16 08:45:00,7041.7,7041.9,7034.7,7036.2,369,4,0
2026-04-16 11:00:00,2026-04-16 09:00:00,7036.2,7037.4,7031.4,7031.7,663,4,0
2026-04-16 11:15:00,2026-04-16 09:15:00,7031.7,7033.4,7029.2,7030.7,541,4,0
2026-04-16 11:30:00,2026-04-16 09:30:00,7030.7,7031.9,7027.7,7031.7,350,4,0
2026-04-16 11:45:00,2026-04-16 09:45:00,7031.7,7033.9,7031.4,7033.2,273,4,0
2026-04-16 12:00:00,2026-04-16 10:00:00,7033.2,7035.7,7032.7,7034.4,328,4,0
2026-04-16 12:15:00,2026-04-16 10:15:00,7034.4,7035.2,7032.2,7032.7,278,4,0
2026-04-16 12:30:00,2026-04-16 10:30:00,7032.7,7033.9,7032.0,7032.7,259,4,0
2026-04-16 12:45:00,2026-04-16 10:45:00,7032.7,7033.9,7030.4,7033.9,282,4,0
2026-04-16 13:00:00,2026-04-16 11:00:00,7033.9,7036.3,7033.7,7034.4,240,4,0
2026-04-16 13:15:00,2026-04-16 11:15:00,7034.4,7034.9,7031.9,7032.4,341,4,0
2026-04-16 13:30:00,2026-04-16 11:30:00,7032.4,7032.5,7026.9,7027.7,551,4,0
2026-04-16 13:45:00,2026-04-16 11:45:00,7027.7,7030.9,7024.7,7030.2,471,4,0
2026-04-16 14:00:00,2026-04-16 12:00:00,7030.2,7032.5,7030.2,7032.2,401,4,0
2026-04-16 14:15:00,2026-04-16 12:15:00,7032.2,7033.4,7028.2,7030.7,283,4,0
2026-04-16 14:30:00,2026-04-16 12:30:00,7030.7,7034.9,7030.5,7032.4,412,4,0
2026-04-16 14:45:00,2026-04-16 12:45:00,7032.4,7035.4,7031.2,7034.2,514,4,0
2026-04-16 15:00:00,2026-04-16 13:00:00,7034.2,7036.4,7031.4,7032.9,477,4,0
2026-04-16 15:15:00,2026-04-16 13:15:00,7032.9,7036.4,7032.4,7036.0,278,4,0
2026-04-16 15:30:00,2026-04-16 13:30:00,7036.0,7038.4,7033.4,7036.9,475,4,0
2026-04-16 15:45:00,2026-04-16 13:45:00,7036.9,7036.9,7033.4,7034.9,353,4,0
2026-04-16 16:00:00,2026-04-16 14:00:00,7034.9,7039.2,7034.9,7037.2,346,4,0
2026-04-16 16:15:00,2026-04-16 14:15:00,7037.2,7037.9,7033.4,7037.4,448,4,0
2026-04-16 16:30:00,2026-04-16 14:30:00,7037.2,7039.2,7027.9,7034.7,1567,4,0
2026-04-16 16:45:00,2026-04-16 14:45:00,7034.7,7035.4,7012.1,7021.7,1677,4,0
2026-04-16 17:00:00,2026-04-16 15:00:00,7021.7,7027.9,7013.9,7023.2,1577,4,0
2026-04-16 17:15:00,2026-04-16 15:15:00,7023.2,7025.2,7013.4,7018.1,1284,4,0
2026-04-16 17:30:00,2026-04-16 15:30:00,7018.2,7021.7,7015.4,7021.7,1304,4,0
2026-04-16 17:45:00,2026-04-16 15:45:00,7021.4,7028.4,7020.4,7026.2,1001,4,0
2026-04-16 18:00:00,2026-04-16 16:00:00,7026.2,7041.4,7026.2,7041.2,832,4,0
2026-04-16 18:15:00,2026-04-16 16:15:00,7041.2,7047.2,7035.2,7035.2,875,4,0
2026-04-16 18:30:00,2026-04-16 16:30:00,7035.2,7050.2,7033.8,7040.7,1285,4,0
2026-04-16 18:45:00,2026-04-16 16:45:00,7040.7,7050.0,7036.9,7049.2,797,4,0
2026-04-16 19:00:00,2026-04-16 17:00:00,7049.4,7052.2,7047.7,7051.4,559,4,0
2026-04-16 19:15:00,2026-04-16 17:15:00,7051.4,7054.7,7046.3,7047.2,555,4,0
2026-04-16 19:30:00,2026-04-16 17:30:00,7047.2,7047.7,7029.1,7040.7,1264,4,0
2026-04-16 19:45:00,2026-04-16 17:45:00,7040.6,7043.4,7034.4,7034.9,850,4,0
2026-04-16 20:00:00,2026-04-16 18:00:00,7035.0,7035.7,7027.4,7027.7,1078,4,0
2026-04-16 20:15:00,2026-04-16 18:15:00,7027.6,7036.4,7025.2,7033.9,951,4,0
2026-04-16 20:30:00,2026-04-16 18:30:00,7033.9,7041.2,7032.9,7040.4,741,4,0
2026-04-16 20:45:00,2026-04-16 18:45:00,7040.4,7042.2,7028.7,7033.2,900,4,0
2026-04-16 21:00:00,2026-04-16 19:00:00,7033.2,7038.9,7026.7,7032.4,1299,4,0
2026-04-16 21:15:00,2026-04-16 19:15:00,7032.4,7034.4,7021.9,7024.9,1001,4,0
2026-04-16 21:30:00,2026-04-16 19:30:00,7025.2,7036.4,7024.9,7034.9,758,4,0
2026-04-16 21:45:00,2026-04-16 19:45:00,7034.9,7037.2,7030.9,7034.4,612,4,0
2026-04-16 22:00:00,2026-04-16 20:00:00,7034.2,7038.7,7033.2,7035.2,682,4,0
2026-04-16 22:15:00,2026-04-16 20:15:00,7035.2,7039.2,7035.2,7036.2,505,4,0
2026-04-16 22:30:00,2026-04-16 20:30:00,7036.2,7043.2,7035.4,7040.2,557,4,0
2026-04-16 22:45:00,2026-04-16 20:45:00,7040.2,7046.2,7038.4,7042.1,832,4,0
2026-04-16 23:00:00,2026-04-16 21:00:00,7042.4,7044.0,7040.1,7040.9,664,4,0
2026-04-16 23:15:00,2026-04-16 21:15:00,7040.9,7042.5,7040.4,7042.1,153,4,0
2026-04-16 23:30:00,2026-04-16 21:30:00,7042.1,7045.1,7041.9,7044.1,103,4,0
2026-04-16 23:45:00,2026-04-16 21:45:00,7044.1,7045.4,7043.6,7044.6,71,4,0
2026-04-17 01:00:00,2026-04-16 23:00:00,7043.4,7047.6,7041.9,7047.1,450,4,0
2026-04-17 01:15:00,2026-04-16 23:15:00,7047.1,7048.5,7046.1,7048.3,242,4,0
2026-04-17 01:30:00,2026-04-16 23:30:00,7048.1,7049.3,7047.9,7048.9,148,4,0
2026-04-17 01:45:00,2026-04-16 23:45:00,7048.9,7049.1,7047.9,7048.4,167,4,0
2026-04-17 02:00:00,2026-04-17 00:00:00,7048.4,7049.9,7047.6,7047.9,180,4,0
2026-04-17 02:15:00,2026-04-17 00:15:00,7047.9,7050.9,7047.6,7049.1,140,4,0
2026-04-17 02:30:00,2026-04-17 00:30:00,7049.1,7051.6,7048.4,7050.4,185,4,0
2026-04-17 02:45:00,2026-04-17 00:45:00,7050.4,7050.6,7048.6,7049.6,226,4,0
2026-04-17 03:00:00,2026-04-17 01:00:00,7049.6,7049.9,7044.4,7045.1,776,4,0
2026-04-17 03:15:00,2026-04-17 01:15:00,7045.1,7050.1,7044.1,7049.4,549,4,0
2026-04-17 03:30:00,2026-04-17 01:30:00,7049.4,7050.4,7048.4,7048.6,413,4,0
2026-04-17 03:45:00,2026-04-17 01:45:00,7048.6,7049.9,7048.1,7049.0,279,4,0
2026-04-17 04:00:00,2026-04-17 02:00:00,7049.0,7050.6,7048.1,7049.6,380,4,0
2026-04-17 04:15:00,2026-04-17 02:15:00,7049.6,7050.6,7047.4,7048.3,440,4,0
2026-04-17 04:30:00,2026-04-17 02:30:00,7048.3,7050.4,7048.1,7049.9,338,4,0
2026-04-17 04:45:00,2026-04-17 02:45:00,7049.9,7050.9,7048.6,7049.4,282,4,0
2026-04-17 05:00:00,2026-04-17 03:00:00,7049.4,7050.1,7046.1,7047.1,334,4,0
2026-04-17 05:15:00,2026-04-17 03:15:00,7047.1,7047.6,7043.6,7044.9,326,4,0
2026-04-17 05:30:00,2026-04-17 03:30:00,7044.9,7046.9,7044.6,7045.4,260,4,0
2026-04-17 05:45:00,2026-04-17 03:45:00,7045.4,7045.9,7044.4,7044.9,214,4,0
2026-04-17 06:00:00,2026-04-17 04:00:00,7044.9,7045.6,7042.8,7043.4,198,4,0
2026-04-17 06:15:00,2026-04-17 04:15:00,7043.4,7044.9,7042.6,7043.9,183,4,0
2026-04-17 06:30:00,2026-04-17 04:30:00,7043.9,7044.4,7042.6,7043.6,189,4,0
2026-04-17 06:45:00,2026-04-17 04:45:00,7043.6,7044.6,7043.6,7044.1,168,4,0
2026-04-17 07:00:00,2026-04-17 05:00:00,7044.1,7047.1,7043.9,7047.1,174,4,0
2026-04-17 07:15:00,2026-04-17 05:15:00,7047.1,7049.1,7047.0,7048.1,137,4,0
2026-04-17 07:30:00,2026-04-17 05:30:00,7048.1,7048.9,7047.1,7047.4,142,4,0
2026-04-17 07:45:00,2026-04-17 05:45:00,7047.4,7048.4,7045.6,7045.6,202,4,0
2026-04-17 08:00:00,2026-04-17 06:00:00,7045.6,7045.9,7041.6,7043.9,372,4,0
2026-04-17 08:15:00,2026-04-17 06:15:00,7043.9,7045.6,7043.4,7045.4,232,4,0
2026-04-17 08:30:00,2026-04-17 06:30:00,7045.4,7048.1,7043.1,7047.4,314,4,0
2026-04-17 08:45:00,2026-04-17 06:45:00,7047.4,7048.1,7047.1,7047.6,230,4,0
2026-04-17 09:00:00,2026-04-17 07:00:00,7047.6,7049.9,7046.9,7049.0,452,4,0
2026-04-17 09:15:00,2026-04-17 07:15:00,7049.0,7049.9,7046.1,7046.7,467,4,0
2026-04-17 09:30:00,2026-04-17 07:30:00,7046.7,7046.7,7043.5,7045.9,488,4,0
2026-04-17 09:45:00,2026-04-17 07:45:00,7045.9,7048.2,7045.7,7046.2,291,4,0
2026-04-17 10:00:00,2026-04-17 08:00:00,7046.2,7052.4,7046.2,7050.2,551,4,0
2026-04-17 10:15:00,2026-04-17 08:15:00,7050.2,7050.4,7047.2,7048.9,436,4,0
2026-04-17 10:30:00,2026-04-17 08:30:00,7048.9,7050.9,7048.3,7050.2,441,4,0
2026-04-17 10:45:00,2026-04-17 08:45:00,7050.2,7053.9,7048.2,7052.9,472,4,0
2026-04-17 11:00:00,2026-04-17 09:00:00,7052.9,7054.2,7050.9,7052.0,411,4,0
2026-04-17 11:15:00,2026-04-17 09:15:00,7052.0,7054.4,7051.2,7053.7,321,4,0
2026-04-17 11:30:00,2026-04-17 09:30:00,7053.7,7056.7,7052.2,7056.4,300,4,0
2026-04-17 11:45:00,2026-04-17 09:45:00,7056.4,7057.2,7054.7,7056.9,230,4,0
2026-04-17 12:00:00,2026-04-17 10:00:00,7056.9,7058.4,7055.2,7055.9,200,4,0
2026-04-17 12:15:00,2026-04-17 10:15:00,7055.9,7057.9,7054.2,7057.9,242,4,0
2026-04-17 12:30:00,2026-04-17 10:30:00,7057.9,7058.2,7055.2,7057.7,276,4,0
2026-04-17 12:45:00,2026-04-17 10:45:00,7057.7,7060.2,7056.2,7059.3,300,4,0
2026-04-17 13:00:00,2026-04-17 11:00:00,7059.3,7061.4,7058.3,7061.0,280,4,0
2026-04-17 13:15:00,2026-04-17 11:15:00,7061.0,7061.1,7056.9,7057.4,238,4,0
2026-04-17 13:30:00,2026-04-17 11:30:00,7057.4,7057.4,7054.4,7055.7,282,4,0
2026-04-17 13:45:00,2026-04-17 11:45:00,7055.7,7058.9,7055.0,7057.9,216,4,0
2026-04-17 14:00:00,2026-04-17 12:00:00,7057.9,7060.9,7057.7,7060.2,352,4,0
2026-04-17 14:15:00,2026-04-17 12:15:00,7059.9,7062.4,7059.5,7061.7,261,4,0
2026-04-17 14:30:00,2026-04-17 12:30:00,7061.7,7064.7,7061.7,7064.4,343,4,0
2026-04-17 14:45:00,2026-04-17 12:45:00,7064.4,7068.4,7063.9,7067.4,288,4,0
2026-04-17 15:00:00,2026-04-17 13:00:00,7067.4,7072.9,7065.9,7071.9,451,4,0
2026-04-17 15:15:00,2026-04-17 13:15:00,7071.9,7080.4,7068.3,7080.4,952,4,0
2026-04-17 15:30:00,2026-04-17 13:30:00,7080.4,7085.1,7076.2,7076.4,972,4,0
2026-04-17 15:45:00,2026-04-17 13:45:00,7076.4,7103.2,7075.7,7102.2,2464,4,0
2026-04-17 16:00:00,2026-04-17 14:00:00,7102.2,7113.7,7093.9,7111.7,1956,4,0
2026-04-17 16:15:00,2026-04-17 14:15:00,7111.7,7111.7,7085.4,7087.7,1709,4,0
2026-04-17 16:30:00,2026-04-17 14:30:00,7087.4,7101.4,7085.4,7097.2,2278,4,0
2026-04-17 16:45:00,2026-04-17 14:45:00,7097.4,7109.9,7083.4,7109.7,2177,4,0
2026-04-17 17:00:00,2026-04-17 15:00:00,7109.7,7120.8,7107.9,7117.8,1293,4,0
2026-04-17 17:15:00,2026-04-17 15:15:00,7118.4,7121.4,7112.7,7119.4,1242,4,0
2026-04-17 17:30:00,2026-04-17 15:30:00,7119.4,7137.4,7119.4,7135.9,1222,4,0
2026-04-17 17:45:00,2026-04-17 15:45:00,7136.2,7140.9,7129.4,7132.2,1144,4,0
2026-04-17 18:00:00,2026-04-17 16:00:00,7132.2,7139.2,7128.7,7129.7,1426,4,0
2026-04-17 18:15:00,2026-04-17 16:15:00,7129.9,7134.7,7125.9,7133.7,1131,4,0
2026-04-17 18:30:00,2026-04-17 16:30:00,7133.9,7141.2,7131.9,7131.9,996,4,0
2026-04-17 18:45:00,2026-04-17 16:45:00,7132.4,7141.2,7132.4,7135.4,1120,4,0
2026-04-17 19:00:00,2026-04-17 17:00:00,7135.4,7144.4,7133.3,7141.4,806,4,0
2026-04-17 19:15:00,2026-04-17 17:15:00,7141.4,7143.7,7137.4,7143.4,771,4,0
2026-04-17 19:30:00,2026-04-17 17:30:00,7143.4,7150.3,7143.4,7150.2,578,4,0
2026-04-17 19:45:00,2026-04-17 17:45:00,7150.2,7151.9,7147.2,7147.4,434,4,0
2026-04-17 20:00:00,2026-04-17 18:00:00,7147.4,7149.9,7135.4,7140.4,979,4,0
2026-04-17 20:15:00,2026-04-17 18:15:00,7140.4,7141.9,7118.2,7126.7,1649,4,0
2026-04-17 20:30:00,2026-04-17 18:30:00,7126.7,7131.4,7123.7,7127.4,1303,4,0
2026-04-17 20:45:00,2026-04-17 18:45:00,7127.4,7134.9,7126.4,7130.9,798,4,0
2026-04-17 21:00:00,2026-04-17 19:00:00,7130.9,7132.9,7121.4,7122.7,918,4,0
2026-04-17 21:15:00,2026-04-17 19:15:00,7122.7,7130.9,7119.2,7126.2,1218,4,0
2026-04-17 21:30:00,2026-04-17 19:30:00,7125.9,7131.7,7125.4,7129.2,820,4,0
2026-04-17 21:45:00,2026-04-17 19:45:00,7129.2,7129.7,7120.2,7124.2,875,4,0
2026-04-17 22:00:00,2026-04-17 20:00:00,7124.2,7126.9,7117.7,7119.2,729,4,0
2026-04-17 22:15:00,2026-04-17 20:15:00,7119.2,7123.7,7118.4,7120.2,668,4,0
2026-04-17 22:30:00,2026-04-17 20:30:00,7120.2,7131.2,7120.2,7130.7,710,4,0
2026-04-17 22:45:00,2026-04-17 20:45:00,7130.7,7131.7,7124.7,7127.6,972,4,0
2026-04-17 23:00:00,2026-04-17 21:00:00,7127.6,7132.4,7127.4,7131.6,400,4,0
2026-04-17 23:15:00,2026-04-17 21:15:00,7131.6,7132.5,7125.6,7127.9,273,4,0
2026-04-17 23:30:00,2026-04-17 21:30:00,7127.9,7131.1,7127.1,7128.9,118,4,0
2026-04-17 23:45:00,2026-04-17 21:45:00,7128.9,7131.4,7128.4,7131.1,105,4,0
2026-04-20 01:00:00,2026-04-19 23:00:00,7068.6,7080.3,7053.7,7072.1,1936,4,0
2026-04-20 01:15:00,2026-04-19 23:15:00,7072.1,7076.3,7070.5,7071.0,1041,4,0
2026-04-20 01:30:00,2026-04-19 23:30:00,7071.0,7083.6,7070.3,7082.1,720,4,0
2026-04-20 01:45:00,2026-04-19 23:45:00,7082.2,7084.3,7078.8,7079.1,644,4,0
2026-04-20 02:00:00,2026-04-20 00:00:00,7079.1,7082.6,7075.1,7076.1,625,4,0
2026-04-20 02:15:00,2026-04-20 00:15:00,7076.1,7077.5,7074.6,7076.3,491,4,0
2026-04-20 02:30:00,2026-04-20 00:30:00,7076.3,7076.8,7073.1,7074.8,514,4,0
2026-04-20 02:45:00,2026-04-20 00:45:00,7075.0,7076.8,7071.1,7075.1,691,4,0
2026-04-20 03:00:00,2026-04-20 01:00:00,7075.2,7077.1,7070.5,7073.2,1380,4,0
2026-04-20 03:15:00,2026-04-20 01:15:00,7073.2,7080.8,7072.8,7080.1,1152,4,0
2026-04-20 03:30:00,2026-04-20 01:30:00,7080.2,7081.7,7077.3,7079.5,860,4,0
2026-04-20 03:45:00,2026-04-20 01:45:00,7079.6,7082.1,7079.3,7081.3,561,4,0
2026-04-20 04:00:00,2026-04-20 02:00:00,7081.1,7090.1,7080.6,7089.6,934,4,0
2026-04-20 04:15:00,2026-04-20 02:15:00,7089.6,7090.1,7086.8,7087.8,622,4,0
2026-04-20 04:30:00,2026-04-20 02:30:00,7087.8,7093.3,7087.6,7092.6,604,4,0
2026-04-20 04:45:00,2026-04-20 02:45:00,7092.6,7094.8,7092.1,7092.8,438,4,0
2026-04-20 05:00:00,2026-04-20 03:00:00,7092.8,7093.0,7089.6,7090.1,388,4,0
2026-04-20 05:15:00,2026-04-20 03:15:00,7090.1,7092.2,7089.8,7091.1,334,4,0
2026-04-20 05:30:00,2026-04-20 03:30:00,7091.0,7091.5,7089.6,7090.3,371,4,0
2026-04-20 05:45:00,2026-04-20 03:45:00,7090.3,7090.8,7088.2,7090.6,268,4,0
2026-04-20 06:00:00,2026-04-20 04:00:00,7090.3,7091.5,7088.8,7089.7,341,4,0
2026-04-20 06:15:00,2026-04-20 04:15:00,7089.7,7091.3,7088.3,7090.6,318,4,0
2026-04-20 06:30:00,2026-04-20 04:30:00,7090.6,7092.1,7089.3,7089.6,300,4,0
2026-04-20 06:45:00,2026-04-20 04:45:00,7089.6,7089.6,7087.3,7087.7,293,4,0
2026-04-20 07:00:00,2026-04-20 05:00:00,7087.7,7088.8,7086.3,7087.8,263,4,0
2026-04-20 07:15:00,2026-04-20 05:15:00,7087.8,7088.1,7086.1,7086.8,222,4,0
2026-04-20 07:30:00,2026-04-20 05:30:00,7086.8,7087.8,7084.3,7087.6,249,4,0
2026-04-20 07:45:00,2026-04-20 05:45:00,7087.6,7090.1,7086.3,7088.8,351,4,0
2026-04-20 08:00:00,2026-04-20 06:00:00,7088.8,7089.3,7087.1,7087.7,338,4,0
2026-04-20 08:15:00,2026-04-20 06:15:00,7087.7,7088.9,7083.6,7083.7,435,4,0
2026-04-20 08:30:00,2026-04-20 06:30:00,7083.7,7084.3,7078.1,7078.3,709,4,0
2026-04-20 08:45:00,2026-04-20 06:45:00,7078.3,7083.6,7078.2,7082.3,651,4,0
2026-04-20 09:00:00,2026-04-20 07:00:00,7082.3,7087.8,7082.1,7085.5,834,4,0
2026-04-20 09:15:00,2026-04-20 07:15:00,7085.4,7086.6,7084.6,7086.1,607,4,0
2026-04-20 09:30:00,2026-04-20 07:30:00,7086.2,7089.6,7085.4,7086.4,820,4,0
2026-04-20 09:45:00,2026-04-20 07:45:00,7086.4,7096.7,7084.6,7092.9,975,4,0
2026-04-20 10:00:00,2026-04-20 08:00:00,7092.9,7098.4,7092.0,7096.5,1581,4,0
2026-04-20 10:15:00,2026-04-20 08:15:00,7096.5,7099.4,7091.2,7092.6,1172,4,0
2026-04-20 10:30:00,2026-04-20 08:30:00,7092.6,7093.6,7084.0,7087.1,1358,4,0
2026-04-20 10:45:00,2026-04-20 08:45:00,7087.1,7087.6,7083.1,7087.4,825,4,0
2026-04-20 11:00:00,2026-04-20 09:00:00,7087.4,7088.4,7078.7,7085.3,1078,4,0
2026-04-20 11:15:00,2026-04-20 09:15:00,7085.4,7090.7,7083.4,7090.2,1087,4,0
2026-04-20 11:30:00,2026-04-20 09:30:00,7090.2,7092.0,7087.2,7091.1,761,4,0
2026-04-20 11:45:00,2026-04-20 09:45:00,7091.1,7099.6,7090.6,7097.9,797,4,0
2026-04-20 12:00:00,2026-04-20 10:00:00,7097.9,7102.4,7095.5,7096.6,879,4,0
2026-04-20 12:15:00,2026-04-20 10:15:00,7096.6,7097.6,7093.9,7096.9,575,4,0
2026-04-20 12:30:00,2026-04-20 10:30:00,7096.7,7099.6,7095.6,7099.4,563,4,0
2026-04-20 12:45:00,2026-04-20 10:45:00,7099.4,7099.4,7096.6,7096.6,426,4,0
2026-04-20 13:00:00,2026-04-20 11:00:00,7096.6,7104.5,7096.1,7101.0,599,4,0
2026-04-20 13:15:00,2026-04-20 11:15:00,7101.1,7103.7,7097.5,7099.0,689,4,0
2026-04-20 13:30:00,2026-04-20 11:30:00,7099.0,7099.4,7094.6,7095.4,354,4,0
2026-04-20 13:45:00,2026-04-20 11:45:00,7095.4,7097.1,7094.1,7094.9,450,4,0
2026-04-20 14:00:00,2026-04-20 12:00:00,7094.9,7095.4,7089.4,7094.5,671,4,0
2026-04-20 14:15:00,2026-04-20 12:15:00,7094.6,7095.4,7090.5,7090.5,542,4,0
2026-04-20 14:30:00,2026-04-20 12:30:00,7090.5,7095.9,7089.9,7095.6,957,4,0
2026-04-20 14:45:00,2026-04-20 12:45:00,7095.7,7099.1,7095.1,7097.6,763,4,0
2026-04-20 15:00:00,2026-04-20 13:00:00,7097.6,7102.4,7095.6,7097.9,986,4,0
2026-04-20 15:15:00,2026-04-20 13:15:00,7097.9,7102.1,7096.6,7098.6,773,4,0
2026-04-20 15:30:00,2026-04-20 13:30:00,7098.6,7103.9,7098.6,7102.9,755,4,0
2026-04-20 15:45:00,2026-04-20 13:45:00,7103.0,7109.4,7102.9,7104.9,427,4,0
2026-04-20 16:00:00,2026-04-20 14:00:00,7104.9,7115.7,7103.4,7109.4,1122,4,0
2026-04-20 16:15:00,2026-04-20 14:15:00,7109.4,7116.6,7108.1,7116.6,1055,4,0
2026-04-20 16:30:00,2026-04-20 14:30:00,7116.9,7122.6,7110.9,7117.1,2100,4,0
2026-04-20 16:45:00,2026-04-20 14:45:00,7117.1,7127.9,7113.6,7125.5,1633,4,0
2026-04-20 17:00:00,2026-04-20 15:00:00,7125.4,7125.9,7115.4,7121.4,1424,4,0
2026-04-20 17:15:00,2026-04-20 15:15:00,7121.4,7125.1,7116.9,7118.1,1456,4,0
2026-04-20 17:30:00,2026-04-20 15:30:00,7118.4,7118.9,7107.9,7110.1,1506,4,0
2026-04-20 17:45:00,2026-04-20 15:45:00,7109.9,7116.6,7093.8,7100.4,1932,4,0
2026-04-20 18:00:00,2026-04-20 16:00:00,7100.4,7104.6,7090.1,7096.0,1672,4,0
2026-04-20 18:15:00,2026-04-20 16:15:00,7096.1,7113.4,7092.9,7111.6,1633,4,0
2026-04-20 18:30:00,2026-04-20 16:30:00,7111.6,7111.6,7101.4,7104.1,1304,4,0
2026-04-20 18:45:00,2026-04-20 16:45:00,7104.1,7107.4,7099.9,7104.6,903,4,0
2026-04-20 19:00:00,2026-04-20 17:00:00,7104.9,7106.1,7099.1,7104.4,814,4,0
2026-04-20 19:15:00,2026-04-20 17:15:00,7104.4,7106.6,7098.6,7105.1,753,4,0
2026-04-20 19:30:00,2026-04-20 17:30:00,7105.1,7109.6,7102.6,7105.6,773,4,0
2026-04-20 19:45:00,2026-04-20 17:45:00,7105.6,7107.9,7103.6,7105.1,597,4,0
2026-04-20 20:00:00,2026-04-20 18:00:00,7105.1,7110.1,7101.4,7109.4,735,4,0
2026-04-20 20:15:00,2026-04-20 18:15:00,7109.4,7112.6,7108.4,7108.6,602,4,0
2026-04-20 20:30:00,2026-04-20 18:30:00,7108.6,7110.9,7104.6,7108.4,799,4,0
2026-04-20 20:45:00,2026-04-20 18:45:00,7108.4,7109.4,7105.6,7106.4,559,4,0
2026-04-20 21:00:00,2026-04-20 19:00:00,7106.1,7111.4,7103.6,7110.6,679,4,0
2026-04-20 21:15:00,2026-04-20 19:15:00,7110.6,7115.1,7109.6,7111.9,587,4,0
2026-04-20 21:30:00,2026-04-20 19:30:00,7112.1,7112.9,7107.6,7110.1,647,4,0
2026-04-20 21:45:00,2026-04-20 19:45:00,7110.1,7114.9,7109.4,7111.6,405,4,0
2026-04-20 22:00:00,2026-04-20 20:00:00,7111.6,7114.4,7110.6,7113.4,324,4,0
2026-04-20 22:15:00,2026-04-20 20:15:00,7113.6,7113.9,7108.6,7109.1,330,4,0
2026-04-20 22:30:00,2026-04-20 20:30:00,7109.1,7110.6,7105.4,7106.1,444,4,0
2026-04-20 22:45:00,2026-04-20 20:45:00,7106.1,7117.3,7105.1,7116.6,681,4,0
2026-04-20 23:00:00,2026-04-20 21:00:00,7116.8,7117.8,7115.1,7115.1,279,4,0
2026-04-20 23:15:00,2026-04-20 21:15:00,7115.1,7116.6,7113.8,7115.8,124,4,0
2026-04-20 23:30:00,2026-04-20 21:30:00,7116.1,7128.8,7113.6,7126.1,724,4,0
2026-04-20 23:45:00,2026-04-20 21:45:00,7126.1,7126.1,7119.8,7120.6,379,4,0
2026-04-21 01:00:00,2026-04-20 23:00:00,7119.7,7130.1,7119.7,7126.5,612,4,0
2026-04-21 01:15:00,2026-04-20 23:15:00,7126.5,7127.5,7125.0,7125.9,266,4,0
2026-04-21 01:30:00,2026-04-20 23:30:00,7125.7,7126.9,7124.2,7126.4,201,4,0
2026-04-21 01:45:00,2026-04-20 23:45:00,7126.4,7127.9,7126.1,7127.6,148,4,0
2026-04-21 02:00:00,2026-04-21 00:00:00,7127.6,7127.7,7126.1,7127.1,122,4,0
2026-04-21 02:15:00,2026-04-21 00:15:00,7127.1,7127.4,7124.6,7124.9,139,4,0
2026-04-21 02:30:00,2026-04-21 00:30:00,7124.9,7125.6,7124.1,7125.1,152,4,0
2026-04-21 02:45:00,2026-04-21 00:45:00,7125.1,7125.1,7123.4,7124.1,177,4,0
2026-04-21 03:00:00,2026-04-21 01:00:00,7124.1,7127.0,7123.2,7125.4,579,4,0
2026-04-21 03:15:00,2026-04-21 01:15:00,7125.4,7125.9,7121.4,7121.6,438,4,0
2026-04-21 03:30:00,2026-04-21 01:30:00,7121.6,7122.9,7119.4,7122.1,390,4,0
2026-04-21 03:45:00,2026-04-21 01:45:00,7122.1,7129.2,7122.1,7127.6,889,4,0
2026-04-21 04:00:00,2026-04-21 02:00:00,7127.6,7127.9,7125.1,7125.6,516,4,0
2026-04-21 04:15:00,2026-04-21 02:15:00,7125.6,7129.1,7125.0,7129.1,371,4,0
2026-04-21 04:30:00,2026-04-21 02:30:00,7129.1,7131.6,7128.6,7131.4,348,4,0
2026-04-21 04:45:00,2026-04-21 02:45:00,7131.4,7131.6,7126.6,7127.9,314,4,0
2026-04-21 05:00:00,2026-04-21 03:00:00,7127.9,7129.6,7127.4,7129.4,259,4,0
2026-04-21 05:15:00,2026-04-21 03:15:00,7129.4,7129.9,7128.2,7129.4,178,4,0
2026-04-21 05:30:00,2026-04-21 03:30:00,7129.4,7129.9,7127.4,7129.4,261,4,0
2026-04-21 05:45:00,2026-04-21 03:45:00,7129.4,7129.6,7126.9,7127.1,176,4,0
2026-04-21 06:00:00,2026-04-21 04:00:00,7127.1,7127.9,7125.6,7125.9,153,4,0
2026-04-21 06:15:00,2026-04-21 04:15:00,7125.9,7126.1,7122.7,7124.6,275,4,0
2026-04-21 06:30:00,2026-04-21 04:30:00,7124.6,7125.4,7123.4,7124.4,181,4,0
2026-04-21 06:45:00,2026-04-21 04:45:00,7124.4,7126.4,7124.4,7126.1,101,4,0
2026-04-21 07:00:00,2026-04-21 05:00:00,7126.1,7127.9,7126.1,7127.1,115,4,0
2026-04-21 07:15:00,2026-04-21 05:15:00,7127.1,7129.6,7127.1,7129.1,120,4,0
2026-04-21 07:30:00,2026-04-21 05:30:00,7129.1,7130.4,7129.1,7129.4,110,4,0
2026-04-21 07:45:00,2026-04-21 05:45:00,7129.4,7130.6,7129.2,7129.9,83,4,0
2026-04-21 08:00:00,2026-04-21 06:00:00,7129.9,7133.6,7129.4,7133.5,263,4,0
2026-04-21 08:15:00,2026-04-21 06:15:00,7133.6,7134.4,7132.1,7133.4,220,4,0
2026-04-21 08:30:00,2026-04-21 06:30:00,7133.4,7133.4,7131.6,7131.9,157,4,0
2026-04-21 08:45:00,2026-04-21 06:45:00,7131.8,7131.9,7129.5,7129.9,277,4,0
2026-04-21 09:00:00,2026-04-21 07:00:00,7129.9,7134.6,7128.7,7133.9,511,4,0
2026-04-21 09:15:00,2026-04-21 07:15:00,7133.9,7134.9,7132.3,7132.5,359,4,0
2026-04-21 09:30:00,2026-04-21 07:30:00,7132.5,7134.1,7132.5,7132.9,357,4,0
2026-04-21 09:45:00,2026-04-21 07:45:00,7132.9,7133.5,7131.9,7132.1,259,4,0
2026-04-21 10:00:00,2026-04-21 08:00:00,7132.1,7132.3,7125.8,7127.3,715,4,0
2026-04-21 10:15:00,2026-04-21 08:15:00,7127.3,7130.3,7126.8,7128.1,571,4,0
2026-04-21 10:30:00,2026-04-21 08:30:00,7128.1,7129.6,7126.1,7128.6,543,4,0
2026-04-21 10:45:00,2026-04-21 08:45:00,7128.6,7132.4,7127.4,7127.4,680,4,0
2026-04-21 11:00:00,2026-04-21 09:00:00,7127.4,7128.4,7123.6,7124.4,783,4,0
2026-04-21 11:15:00,2026-04-21 09:15:00,7124.4,7131.8,7124.4,7130.9,452,4,0
2026-04-21 11:30:00,2026-04-21 09:30:00,7130.9,7135.5,7129.4,7134.4,514,4,0
2026-04-21 11:45:00,2026-04-21 09:45:00,7134.4,7135.6,7132.9,7133.1,468,4,0
2026-04-21 12:00:00,2026-04-21 10:00:00,7133.1,7133.3,7127.9,7129.1,534,4,0
2026-04-21 12:15:00,2026-04-21 10:15:00,7129.1,7131.1,7128.8,7130.4,385,4,0
2026-04-21 12:30:00,2026-04-21 10:30:00,7130.4,7132.1,7130.1,7131.4,311,4,0
2026-04-21 12:45:00,2026-04-21 10:45:00,7131.4,7138.5,7130.9,7137.9,481,4,0
2026-04-21 13:00:00,2026-04-21 11:00:00,7138.1,7141.1,7137.4,7138.8,506,4,0
2026-04-21 13:15:00,2026-04-21 11:15:00,7138.8,7139.1,7137.4,7138.6,290,4,0
2026-04-21 13:30:00,2026-04-21 11:30:00,7138.6,7142.9,7138.4,7142.1,263,4,0
2026-04-21 13:45:00,2026-04-21 11:45:00,7142.1,7146.6,7142.1,7145.1,302,4,0
2026-04-21 14:00:00,2026-04-21 12:00:00,7145.1,7146.9,7139.4,7141.9,746,4,0
2026-04-21 14:15:00,2026-04-21 12:15:00,7142.0,7147.9,7140.4,7147.8,545,4,0
2026-04-21 14:30:00,2026-04-21 12:30:00,7147.9,7152.1,7147.6,7149.4,421,4,0
2026-04-21 14:45:00,2026-04-21 12:45:00,7149.4,7150.4,7144.9,7144.9,336,4,0
2026-04-21 15:00:00,2026-04-21 13:00:00,7144.9,7146.4,7141.6,7141.9,471,4,0
2026-04-21 15:15:00,2026-04-21 13:15:00,7141.9,7143.4,7135.9,7143.3,636,4,0
2026-04-21 15:30:00,2026-04-21 13:30:00,7143.3,7145.3,7131.1,7134.1,1335,4,0
2026-04-21 15:45:00,2026-04-21 13:45:00,7134.1,7136.9,7129.9,7133.4,984,4,0
2026-04-21 16:00:00,2026-04-21 14:00:00,7133.4,7134.6,7129.6,7130.4,587,4,0
2026-04-21 16:15:00,2026-04-21 14:15:00,7130.4,7132.9,7129.4,7131.6,562,4,0
2026-04-21 16:30:00,2026-04-21 14:30:00,7131.6,7132.9,7116.4,7125.7,1883,4,0
2026-04-21 16:45:00,2026-04-21 14:45:00,7125.7,7137.7,7122.7,7136.7,1335,4,0
2026-04-21 17:00:00,2026-04-21 15:00:00,7136.8,7140.9,7134.0,7139.4,1098,4,0
2026-04-21 17:15:00,2026-04-21 15:15:00,7139.4,7141.9,7130.7,7134.7,1076,4,0
2026-04-21 17:30:00,2026-04-21 15:30:00,7134.7,7136.7,7125.9,7127.7,1338,4,0
2026-04-21 17:45:00,2026-04-21 15:45:00,7127.7,7128.2,7103.4,7104.7,1658,4,0
2026-04-21 18:00:00,2026-04-21 16:00:00,7104.4,7109.2,7090.2,7107.7,2055,4,0
2026-04-21 18:15:00,2026-04-21 16:15:00,7107.7,7110.4,7091.2,7095.4,1717,4,0
2026-04-21 18:30:00,2026-04-21 16:30:00,7095.4,7102.7,7088.9,7097.9,1750,4,0
2026-04-21 18:45:00,2026-04-21 16:45:00,7097.9,7103.2,7092.9,7095.7,1393,4,0
2026-04-21 19:00:00,2026-04-21 17:00:00,7095.7,7107.4,7094.7,7097.4,1463,4,0
2026-04-21 19:15:00,2026-04-21 17:15:00,7097.4,7100.4,7091.2,7092.2,993,4,0
2026-04-21 19:30:00,2026-04-21 17:30:00,7092.2,7099.9,7084.9,7087.2,1046,4,0
2026-04-21 19:45:00,2026-04-21 17:45:00,7087.2,7094.7,7083.7,7083.9,928,4,0
2026-04-21 20:00:00,2026-04-21 18:00:00,7083.9,7091.2,7071.7,7074.9,1832,4,0
2026-04-21 20:15:00,2026-04-21 18:15:00,7074.9,7077.7,7066.4,7074.7,1364,4,0
2026-04-21 20:30:00,2026-04-21 18:30:00,7074.7,7102.2,7074.4,7093.4,1733,4,0
2026-04-21 20:45:00,2026-04-21 18:45:00,7093.4,7094.0,7081.2,7086.2,1387,4,0
2026-04-21 21:00:00,2026-04-21 19:00:00,7086.2,7092.7,7082.9,7087.4,1089,4,0
2026-04-21 21:15:00,2026-04-21 19:15:00,7087.7,7090.2,7075.2,7079.2,1377,4,0
2026-04-21 21:30:00,2026-04-21 19:30:00,7079.2,7085.9,7079.2,7082.7,843,4,0
2026-04-21 21:45:00,2026-04-21 19:45:00,7082.7,7097.0,7078.4,7091.4,1394,4,0
2026-04-21 22:00:00,2026-04-21 20:00:00,7091.7,7101.7,7091.0,7094.7,1258,4,0
2026-04-21 22:15:00,2026-04-21 20:15:00,7094.8,7106.7,7091.4,7105.9,1287,4,0
2026-04-21 22:30:00,2026-04-21 20:30:00,7105.9,7107.7,7054.4,7059.4,1894,4,0
2026-04-21 22:45:00,2026-04-21 20:45:00,7059.8,7076.2,7059.2,7069.9,2303,4,0
2026-04-21 23:00:00,2026-04-21 21:00:00,7069.7,7108.2,7061.1,7094.4,1769,4,0
2026-04-21 23:15:00,2026-04-21 21:15:00,7094.4,7099.1,7089.9,7091.2,1710,4,0
2026-04-21 23:30:00,2026-04-21 21:30:00,7091.2,7094.6,7089.4,7090.1,664,4,0
2026-04-21 23:45:00,2026-04-21 21:45:00,7090.1,7097.4,7087.6,7095.1,495,4,0
2026-04-22 01:00:00,2026-04-21 23:00:00,7093.6,7100.1,7093.6,7098.9,791,4,0
2026-04-22 01:15:00,2026-04-21 23:15:00,7098.9,7099.5,7096.5,7097.5,291,4,0
2026-04-22 01:30:00,2026-04-21 23:30:00,7097.5,7098.8,7095.8,7096.6,227,4,0
2026-04-22 01:45:00,2026-04-21 23:45:00,7096.6,7097.4,7092.9,7094.1,342,4,0
2026-04-22 02:00:00,2026-04-22 00:00:00,7094.1,7097.5,7092.8,7096.5,253,4,0
2026-04-22 02:15:00,2026-04-22 00:15:00,7096.5,7098.0,7094.8,7095.9,238,4,0
2026-04-22 02:30:00,2026-04-22 00:30:00,7096.0,7099.1,7094.3,7098.8,269,4,0
2026-04-22 02:45:00,2026-04-22 00:45:00,7098.8,7101.3,7098.8,7101.0,334,4,0
2026-04-22 03:00:00,2026-04-22 01:00:00,7101.0,7107.8,7101.0,7106.1,798,4,0
2026-04-22 03:15:00,2026-04-22 01:15:00,7106.1,7109.1,7104.3,7106.3,623,4,0
2026-04-22 03:30:00,2026-04-22 01:30:00,7106.3,7108.6,7106.0,7107.0,443,4,0
2026-04-22 03:45:00,2026-04-22 01:45:00,7107.0,7107.0,7103.4,7104.3,452,4,0
2026-04-22 04:00:00,2026-04-22 02:00:00,7104.3,7107.5,7104.0,7106.0,608,4,0
2026-04-22 04:15:00,2026-04-22 02:15:00,7106.0,7106.6,7104.3,7105.8,440,4,0
2026-04-22 04:30:00,2026-04-22 02:30:00,7105.8,7111.8,7105.3,7108.8,496,4,0
2026-04-22 04:45:00,2026-04-22 02:45:00,7108.8,7110.1,7106.8,7109.5,485,4,0
2026-04-22 05:00:00,2026-04-22 03:00:00,7109.5,7111.8,7109.0,7111.6,405,4,0
2026-04-22 05:15:00,2026-04-22 03:15:00,7111.6,7112.5,7109.8,7112.3,307,4,0
2026-04-22 05:30:00,2026-04-22 03:30:00,7112.3,7112.8,7109.5,7109.8,329,4,0
2026-04-22 05:45:00,2026-04-22 03:45:00,7109.8,7110.5,7109.3,7109.5,193,4,0
2026-04-22 06:00:00,2026-04-22 04:00:00,7109.5,7111.3,7107.6,7107.8,241,4,0
2026-04-22 06:15:00,2026-04-22 04:15:00,7107.8,7108.5,7106.8,7107.8,269,4,0
2026-04-22 06:30:00,2026-04-22 04:30:00,7107.8,7110.3,7105.6,7107.5,357,4,0
2026-04-22 06:45:00,2026-04-22 04:45:00,7107.4,7107.9,7105.5,7105.8,246,4,0
2026-04-22 07:00:00,2026-04-22 05:00:00,7105.8,7107.8,7105.1,7107.3,263,4,0
2026-04-22 07:15:00,2026-04-22 05:15:00,7107.3,7107.5,7104.0,7104.0,390,4,0
2026-04-22 07:30:00,2026-04-22 05:30:00,7104.0,7104.5,7102.8,7103.8,263,4,0
2026-04-22 07:45:00,2026-04-22 05:45:00,7103.8,7105.0,7099.5,7100.0,362,4,0
2026-04-22 08:00:00,2026-04-22 06:00:00,7100.0,7104.3,7098.8,7103.5,386,4,0
2026-04-22 08:15:00,2026-04-22 06:15:00,7103.5,7117.4,7103.3,7110.3,1372,4,0
2026-04-22 08:30:00,2026-04-22 06:30:00,7110.3,7113.5,7109.6,7112.5,616,4,0
2026-04-22 08:45:00,2026-04-22 06:45:00,7112.5,7113.5,7110.6,7110.8,436,4,0
2026-04-22 09:00:00,2026-04-22 07:00:00,7111.0,7111.1,7104.7,7105.6,651,4,0
2026-04-22 09:15:00,2026-04-22 07:15:00,7105.6,7108.1,7103.9,7108.1,461,4,0
2026-04-22 09:30:00,2026-04-22 07:30:00,7108.1,7113.6,7108.1,7111.3,621,4,0
2026-04-22 09:45:00,2026-04-22 07:45:00,7111.3,7113.3,7110.2,7111.8,418,4,0
2026-04-22 10:00:00,2026-04-22 08:00:00,7112.1,7115.1,7111.1,7114.1,733,4,0
2026-04-22 10:15:00,2026-04-22 08:15:00,7114.1,7115.2,7109.6,7114.6,728,4,0
2026-04-22 10:30:00,2026-04-22 08:30:00,7114.6,7116.8,7111.3,7116.3,676,4,0
2026-04-22 10:45:00,2026-04-22 08:45:00,7116.3,7116.8,7111.8,7112.3,740,4,0
2026-04-22 11:00:00,2026-04-22 09:00:00,7112.3,7114.1,7109.1,7110.3,912,4,0
2026-04-22 11:15:00,2026-04-22 09:15:00,7110.3,7110.3,7104.6,7105.3,841,4,0
2026-04-22 11:30:00,2026-04-22 09:30:00,7105.2,7107.2,7100.1,7104.8,1040,4,0
2026-04-22 11:45:00,2026-04-22 09:45:00,7104.9,7108.9,7102.8,7108.4,581,4,0
2026-04-22 12:00:00,2026-04-22 10:00:00,7108.4,7114.8,7107.6,7114.1,1057,4,0
2026-04-22 12:15:00,2026-04-22 10:15:00,7114.1,7116.4,7112.3,7115.6,618,4,0
2026-04-22 12:30:00,2026-04-22 10:30:00,7115.6,7116.2,7113.6,7116.1,595,4,0
2026-04-22 12:45:00,2026-04-22 10:45:00,7116.1,7116.3,7104.1,7108.3,873,4,0
2026-04-22 13:00:00,2026-04-22 11:00:00,7108.3,7111.6,7102.9,7105.2,1048,4,0
2026-04-22 13:15:00,2026-04-22 11:15:00,7105.2,7110.1,7105.1,7109.6,730,4,0
2026-04-22 13:30:00,2026-04-22 11:30:00,7109.6,7113.3,7108.3,7109.1,555,4,0
2026-04-22 13:45:00,2026-04-22 11:45:00,7109.1,7110.3,7108.1,7108.8,552,4,0
2026-04-22 14:00:00,2026-04-22 12:00:00,7108.9,7110.3,7106.3,7106.3,718,4,0
2026-04-22 14:15:00,2026-04-22 12:15:00,7106.4,7109.8,7105.6,7107.1,605,4,0
2026-04-22 14:30:00,2026-04-22 12:30:00,7107.1,7109.6,7105.8,7106.8,740,4,0
2026-04-22 14:45:00,2026-04-22 12:45:00,7106.6,7112.8,7106.3,7111.8,638,4,0
2026-04-22 15:00:00,2026-04-22 13:00:00,7111.8,7126.4,7111.8,7125.3,660,4,0
2026-04-22 15:15:00,2026-04-22 13:15:00,7125.3,7125.7,7118.3,7118.8,597,4,0
2026-04-22 15:30:00,2026-04-22 13:30:00,7118.8,7120.6,7112.8,7113.4,1090,4,0
2026-04-22 15:45:00,2026-04-22 13:45:00,7113.6,7115.8,7108.2,7108.8,685,4,0
2026-04-22 16:00:00,2026-04-22 14:00:00,7108.8,7120.6,7107.6,7112.1,919,4,0
2026-04-22 16:15:00,2026-04-22 14:15:00,7112.1,7122.7,7109.6,7119.8,1274,4,0
2026-04-22 16:30:00,2026-04-22 14:30:00,7119.8,7121.6,7110.8,7115.6,1921,4,0
2026-04-22 16:45:00,2026-04-22 14:45:00,7115.6,7123.1,7111.3,7122.6,1495,4,0
2026-04-22 17:00:00,2026-04-22 15:00:00,7122.6,7130.1,7116.3,7129.8,1293,4,0
2026-04-22 17:15:00,2026-04-22 15:15:00,7129.8,7136.1,7129.8,7134.3,1200,4,0
2026-04-22 17:30:00,2026-04-22 15:30:00,7134.3,7135.3,7123.3,7126.1,1480,4,0
2026-04-22 17:45:00,2026-04-22 15:45:00,7126.1,7131.9,7123.6,7129.1,1151,4,0
2026-04-22 18:00:00,2026-04-22 16:00:00,7129.1,7131.3,7121.6,7127.3,1258,4,0
2026-04-22 18:15:00,2026-04-22 16:15:00,7127.3,7133.8,7124.3,7130.7,900,4,0
2026-04-22 18:30:00,2026-04-22 16:30:00,7130.8,7133.1,7121.3,7121.3,892,4,0
2026-04-22 18:45:00,2026-04-22 16:45:00,7121.6,7129.1,7120.3,7124.8,762,4,0
2026-04-22 19:00:00,2026-04-22 17:00:00,7124.8,7129.8,7122.6,7127.8,717,4,0
2026-04-22 19:15:00,2026-04-22 17:15:00,7127.8,7128.8,7119.3,7119.9,660,4,0
2026-04-22 19:30:00,2026-04-22 17:30:00,7119.9,7125.3,7116.6,7119.3,873,4,0
2026-04-22 19:45:00,2026-04-22 17:45:00,7119.3,7122.4,7116.8,7117.8,789,4,0
2026-04-22 20:00:00,2026-04-22 18:00:00,7117.6,7132.6,7117.6,7128.1,1137,4,0
2026-04-22 20:15:00,2026-04-22 18:15:00,7127.8,7132.8,7124.6,7129.1,626,4,0
2026-04-22 20:30:00,2026-04-22 18:30:00,7129.1,7131.8,7127.6,7130.8,444,4,0
2026-04-22 20:45:00,2026-04-22 18:45:00,7130.8,7132.8,7126.8,7128.3,609,4,0
2026-04-22 21:00:00,2026-04-22 19:00:00,7128.3,7130.3,7126.8,7127.8,401,4,0
2026-04-22 21:15:00,2026-04-22 19:15:00,7127.8,7127.8,7120.6,7122.6,563,4,0
2026-04-22 21:30:00,2026-04-22 19:30:00,7122.6,7127.8,7121.8,7126.8,457,4,0
2026-04-22 21:45:00,2026-04-22 19:45:00,7126.8,7128.6,7123.6,7124.6,396,4,0
2026-04-22 22:00:00,2026-04-22 20:00:00,7124.6,7128.3,7120.1,7127.6,817,4,0
2026-04-22 22:15:00,2026-04-22 20:15:00,7127.6,7133.8,7127.3,7132.6,488,4,0
2026-04-22 22:30:00,2026-04-22 20:30:00,7132.6,7133.8,7129.3,7132.6,536,4,0
2026-04-22 22:45:00,2026-04-22 20:45:00,7132.6,7142.7,7132.1,7140.0,936,4,0
2026-04-22 23:00:00,2026-04-22 21:00:00,7140.0,7142.4,7133.3,7133.5,1214,4,0
2026-04-22 23:15:00,2026-04-22 21:15:00,7133.5,7135.1,7130.3,7133.3,542,4,0
2026-04-22 23:30:00,2026-04-22 21:30:00,7133.3,7135.0,7126.8,7131.5,325,4,0
2026-04-22 23:45:00,2026-04-22 21:45:00,7131.5,7134.5,7131.0,7134.3,241,4,0
2026-04-23 01:00:00,2026-04-22 23:00:00,7132.8,7134.6,7129.1,7131.5,577,4,0
2026-04-23 01:15:00,2026-04-22 23:15:00,7131.5,7134.0,7131.0,7131.0,270,4,0
2026-04-23 01:30:00,2026-04-22 23:30:00,7131.0,7131.6,7129.5,7130.5,321,4,0
2026-04-23 01:45:00,2026-04-22 23:45:00,7130.5,7132.1,7130.2,7131.5,195,4,0
2026-04-23 02:00:00,2026-04-23 00:00:00,7131.5,7132.5,7130.2,7132.2,198,4,0
2026-04-23 02:15:00,2026-04-23 00:15:00,7132.2,7134.0,7131.8,7133.2,165,4,0
2026-04-23 02:30:00,2026-04-23 00:30:00,7133.2,7133.2,7131.5,7132.3,125,4,0
2026-04-23 02:45:00,2026-04-23 00:45:00,7132.3,7134.0,7132.1,7133.2,265,4,0
2026-04-23 03:00:00,2026-04-23 01:00:00,7133.2,7133.7,7093.6,7093.8,1563,4,0
2026-04-23 03:15:00,2026-04-23 01:15:00,7093.8,7124.7,7076.2,7123.7,2744,4,0
2026-04-23 03:30:00,2026-04-23 01:30:00,7123.7,7128.6,7119.7,7122.7,1825,4,0
2026-04-23 03:45:00,2026-04-23 01:45:00,7122.7,7126.7,7120.6,7125.5,1378,4,0
2026-04-23 04:00:00,2026-04-23 02:00:00,7125.5,7125.7,7117.6,7119.6,1369,4,0
2026-04-23 04:15:00,2026-04-23 02:15:00,7119.6,7120.8,7115.2,7116.0,1028,4,0
2026-04-23 04:30:00,2026-04-23 02:30:00,7116.0,7119.2,7112.2,7115.6,1266,4,0
2026-04-23 04:45:00,2026-04-23 02:45:00,7115.6,7116.1,7110.2,7111.9,957,4,0
2026-04-23 05:00:00,2026-04-23 03:00:00,7111.9,7112.0,7104.5,7104.6,900,4,0
2026-04-23 05:15:00,2026-04-23 03:15:00,7104.6,7113.0,7102.7,7107.0,1429,4,0
2026-04-23 05:30:00,2026-04-23 03:30:00,7107.0,7110.6,7103.7,7106.5,1290,4,0
2026-04-23 05:45:00,2026-04-23 03:45:00,7106.5,7108.7,7103.2,7103.8,1063,4,0
2026-04-23 06:00:00,2026-04-23 04:00:00,7103.8,7106.8,7098.3,7099.5,1094,4,0
2026-04-23 06:15:00,2026-04-23 04:15:00,7099.5,7100.0,7094.8,7095.2,960,4,0
2026-04-23 06:30:00,2026-04-23 04:30:00,7095.2,7096.5,7089.7,7092.2,1171,4,0
2026-04-23 06:45:00,2026-04-23 04:45:00,7092.2,7098.6,7091.7,7097.7,1044,4,0
2026-04-23 07:00:00,2026-04-23 05:00:00,7097.7,7102.0,7094.1,7101.7,810,4,0
2026-04-23 07:15:00,2026-04-23 05:15:00,7101.7,7103.0,7100.2,7101.8,608,4,0
2026-04-23 07:30:00,2026-04-23 05:30:00,7101.8,7105.5,7101.5,7104.2,474,4,0
2026-04-23 07:45:00,2026-04-23 05:45:00,7104.2,7106.1,7103.2,7105.7,474,4,0
2026-04-23 08:00:00,2026-04-23 06:00:00,7105.7,7107.7,7104.7,7106.2,574,4,0
2026-04-23 08:15:00,2026-04-23 06:15:00,7106.2,7106.7,7102.2,7104.5,715,4,0
2026-04-23 08:30:00,2026-04-23 06:30:00,7104.5,7106.7,7101.6,7102.5,892,4,0
2026-04-23 08:45:00,2026-04-23 06:45:00,7102.5,7109.0,7102.2,7108.8,841,4,0
2026-04-23 09:00:00,2026-04-23 07:00:00,7109.0,7112.0,7109.0,7111.0,881,4,0
2026-04-23 09:15:00,2026-04-23 07:15:00,7111.0,7115.0,7110.6,7114.0,618,4,0
2026-04-23 09:30:00,2026-04-23 07:30:00,7114.0,7115.2,7113.0,7113.2,456,4,0
2026-04-23 09:45:00,2026-04-23 07:45:00,7113.2,7115.2,7111.0,7113.7,598,4,0
2026-04-23 10:00:00,2026-04-23 08:00:00,7113.7,7115.2,7111.7,7115.0,1002,4,0
2026-04-23 10:15:00,2026-04-23 08:15:00,7115.0,7115.7,7111.5,7113.8,813,4,0
2026-04-23 10:30:00,2026-04-23 08:30:00,7113.7,7116.5,7111.0,7116.1,1040,4,0
2026-04-23 10:45:00,2026-04-23 08:45:00,7116.1,7119.5,7113.6,7115.5,1081,4,0
2026-04-23 11:00:00,2026-04-23 09:00:00,7115.6,7116.7,7108.2,7112.1,1145,4,0
2026-04-23 11:15:00,2026-04-23 09:15:00,7112.1,7117.1,7111.2,7112.7,996,4,0
2026-04-23 11:30:00,2026-04-23 09:30:00,7112.7,7113.0,7103.6,7104.0,1041,4,0
2026-04-23 11:45:00,2026-04-23 09:45:00,7104.0,7105.7,7101.5,7103.5,876,4,0
2026-04-23 12:00:00,2026-04-23 10:00:00,7103.5,7103.6,7096.4,7098.7,1170,4,0
2026-04-23 12:15:00,2026-04-23 10:15:00,7098.7,7108.5,7098.2,7106.1,1120,4,0
2026-04-23 12:30:00,2026-04-23 10:30:00,7106.2,7110.7,7105.7,7107.0,801,4,0
2026-04-23 12:45:00,2026-04-23 10:45:00,7107.0,7108.0,7105.0,7105.7,711,4,0
2026-04-23 13:00:00,2026-04-23 11:00:00,7105.7,7106.5,7100.0,7100.7,924,4,0
2026-04-23 13:15:00,2026-04-23 11:15:00,7100.7,7108.0,7100.7,7105.0,910,4,0
2026-04-23 13:30:00,2026-04-23 11:30:00,7105.0,7112.7,7104.0,7106.2,975,4,0
2026-04-23 13:45:00,2026-04-23 11:45:00,7106.2,7113.2,7105.5,7112.2,723,4,0
2026-04-23 14:00:00,2026-04-23 12:00:00,7112.7,7115.5,7110.2,7112.4,886,4,0
2026-04-23 14:15:00,2026-04-23 12:15:00,7112.4,7113.2,7106.5,7109.0,782,4,0
2026-04-23 14:30:00,2026-04-23 12:30:00,7109.0,7115.0,7105.0,7114.7,1312,4,0
2026-04-23 14:45:00,2026-04-23 12:45:00,7114.7,7131.2,7114.0,7128.7,1431,4,0
2026-04-23 15:00:00,2026-04-23 13:00:00,7128.7,7139.7,7127.7,7135.2,1422,4,0
2026-04-23 15:15:00,2026-04-23 13:15:00,7135.2,7135.2,7126.5,7129.3,932,4,0
2026-04-23 15:30:00,2026-04-23 13:30:00,7129.3,7131.7,7125.2,7126.7,1050,4,0
2026-04-23 15:45:00,2026-04-23 13:45:00,7126.7,7128.5,7108.6,7122.6,1711,4,0
2026-04-23 16:00:00,2026-04-23 14:00:00,7122.6,7125.2,7114.5,7119.0,671,4,0
2026-04-23 16:15:00,2026-04-23 14:15:00,7119.4,7123.6,7117.0,7122.5,998,4,0
2026-04-23 16:30:00,2026-04-23 14:30:00,7122.7,7134.2,7120.5,7134.2,1664,4,0
2026-04-23 16:45:00,2026-04-23 14:45:00,7134.2,7141.5,7129.9,7130.2,1400,4,0
2026-04-23 17:00:00,2026-04-23 15:00:00,7130.5,7131.7,7119.8,7129.5,1718,4,0
2026-04-23 17:15:00,2026-04-23 15:15:00,7129.5,7137.7,7129.2,7133.2,1315,4,0
2026-04-23 17:30:00,2026-04-23 15:30:00,7133.5,7139.7,7132.5,7137.7,1205,4,0
2026-04-23 17:45:00,2026-04-23 15:45:00,7137.7,7149.0,7137.2,7146.0,969,4,0
2026-04-23 18:00:00,2026-04-23 16:00:00,7145.5,7148.5,7142.7,7144.5,885,4,0
2026-04-23 18:15:00,2026-04-23 16:15:00,7144.5,7151.0,7143.5,7148.2,752,4,0
2026-04-23 18:30:00,2026-04-23 16:30:00,7148.2,7152.0,7143.0,7144.0,809,4,0
2026-04-23 18:45:00,2026-04-23 16:45:00,7144.0,7144.2,7135.0,7139.2,1365,4,0
2026-04-23 19:00:00,2026-04-23 17:00:00,7139.2,7140.2,7131.0,7137.0,959,4,0
2026-04-23 19:15:00,2026-04-23 17:15:00,7137.0,7138.7,7132.0,7135.2,742,4,0
2026-04-23 19:30:00,2026-04-23 17:30:00,7135.2,7140.2,7134.0,7137.6,644,4,0
2026-04-23 19:45:00,2026-04-23 17:45:00,7137.5,7139.9,7133.7,7136.7,665,4,0
2026-04-23 20:00:00,2026-04-23 18:00:00,7136.7,7138.7,7100.7,7105.0,2506,4,0
2026-04-23 20:15:00,2026-04-23 18:15:00,7105.0,7105.0,7086.5,7088.0,2319,4,0
2026-04-23 20:30:00,2026-04-23 18:30:00,7087.7,7104.2,7060.9,7064.8,2422,4,0
2026-04-23 20:45:00,2026-04-23 18:45:00,7065.0,7098.0,7050.7,7094.0,3145,4,0
2026-04-23 21:00:00,2026-04-23 19:00:00,7094.0,7110.0,7090.2,7105.7,2550,4,0
2026-04-23 21:15:00,2026-04-23 19:15:00,7105.7,7113.7,7104.9,7113.0,1652,4,0
2026-04-23 21:30:00,2026-04-23 19:30:00,7113.0,7122.7,7108.7,7114.5,1297,4,0
2026-04-23 21:45:00,2026-04-23 19:45:00,7114.5,7115.0,7095.5,7099.1,1214,4,0
2026-04-23 22:00:00,2026-04-23 20:00:00,7099.0,7109.7,7095.2,7109.7,1487,4,0
2026-04-23 22:15:00,2026-04-23 20:15:00,7109.7,7114.0,7109.5,7111.7,904,4,0
2026-04-23 22:30:00,2026-04-23 20:30:00,7111.7,7116.9,7099.0,7101.0,1336,4,0
2026-04-23 22:45:00,2026-04-23 20:45:00,7101.2,7117.2,7093.4,7112.2,1438,4,0
2026-04-23 23:00:00,2026-04-23 21:00:00,7112.2,7115.2,7103.7,7104.7,1388,4,0
2026-04-23 23:15:00,2026-04-23 21:15:00,7104.7,7109.8,7099.2,7107.0,796,4,0
2026-04-23 23:30:00,2026-04-23 21:30:00,7107.0,7109.2,7105.5,7108.4,459,4,0
2026-04-23 23:45:00,2026-04-23 21:45:00,7108.2,7109.0,7100.2,7103.2,427,4,0
2026-04-24 01:00:00,2026-04-23 23:00:00,7112.0,7118.2,7111.1,7117.2,865,4,0
2026-04-24 01:15:00,2026-04-23 23:15:00,7117.2,7118.4,7114.2,7115.2,325,4,0
2026-04-24 01:30:00,2026-04-23 23:30:00,7115.2,7116.9,7113.1,7115.2,360,4,0
2026-04-24 01:45:00,2026-04-23 23:45:00,7115.2,7118.9,7115.2,7117.6,322,4,0
2026-04-24 02:00:00,2026-04-24 00:00:00,7117.6,7118.6,7115.7,7115.9,301,4,0
2026-04-24 02:15:00,2026-04-24 00:15:00,7116.2,7118.7,7115.2,7118.4,249,4,0
2026-04-24 02:30:00,2026-04-24 00:30:00,7118.4,7122.7,7118.4,7121.1,339,4,0
2026-04-24 02:45:00,2026-04-24 00:45:00,7121.1,7124.5,7121.1,7124.4,347,4,0
2026-04-24 03:00:00,2026-04-24 01:00:00,7124.4,7129.4,7121.7,7129.3,962,4,0
2026-04-24 03:15:00,2026-04-24 01:15:00,7129.3,7130.9,7127.4,7130.7,565,4,0
2026-04-24 03:30:00,2026-04-24 01:30:00,7130.7,7132.4,7126.7,7127.9,590,4,0
2026-04-24 03:45:00,2026-04-24 01:45:00,7127.9,7129.9,7125.2,7127.2,748,4,0
2026-04-24 04:00:00,2026-04-24 02:00:00,7127.3,7128.7,7125.7,7126.8,830,4,0
2026-04-24 04:15:00,2026-04-24 02:15:00,7126.8,7128.7,7124.7,7127.4,666,4,0
2026-04-24 04:30:00,2026-04-24 02:30:00,7127.4,7128.2,7121.9,7125.2,971,4,0
2026-04-24 04:45:00,2026-04-24 02:45:00,7125.2,7128.8,7124.9,7127.7,712,4,0
2026-04-24 05:00:00,2026-04-24 03:00:00,7127.7,7127.9,7120.4,7121.2,806,4,0
2026-04-24 05:15:00,2026-04-24 03:15:00,7121.2,7122.2,7115.6,7116.4,754,4,0
2026-04-24 05:30:00,2026-04-24 03:30:00,7116.2,7119.4,7115.7,7117.3,630,4,0
2026-04-24 05:45:00,2026-04-24 03:45:00,7117.3,7117.4,7111.4,7113.6,612,4,0
2026-04-24 06:00:00,2026-04-24 04:00:00,7113.6,7115.6,7110.6,7111.4,662,4,0
2026-04-24 06:15:00,2026-04-24 04:15:00,7111.4,7113.2,7109.2,7109.7,605,4,0
2026-04-24 06:30:00,2026-04-24 04:30:00,7109.5,7111.4,7107.4,7109.3,958,4,0
2026-04-24 06:45:00,2026-04-24 04:45:00,7109.3,7113.7,7109.2,7110.2,593,4,0
2026-04-24 07:00:00,2026-04-24 05:00:00,7110.2,7113.8,7108.4,7113.1,745,4,0
2026-04-24 07:15:00,2026-04-24 05:15:00,7113.0,7113.3,7108.2,7109.3,546,4,0
2026-04-24 07:30:00,2026-04-24 05:30:00,7109.3,7112.4,7109.2,7112.3,650,4,0
2026-04-24 07:45:00,2026-04-24 05:45:00,7112.3,7116.2,7112.2,7115.4,508,4,0
2026-04-24 08:00:00,2026-04-24 06:00:00,7115.4,7115.7,7110.9,7113.9,694,4,0
2026-04-24 08:15:00,2026-04-24 06:15:00,7113.9,7117.4,7113.4,7116.2,672,4,0
2026-04-24 08:30:00,2026-04-24 06:30:00,7116.2,7120.7,7116.2,7119.9,466,4,0
2026-04-24 08:45:00,2026-04-24 06:45:00,7119.9,7122.4,7119.4,7121.9,317,4,0
2026-04-24 09:00:00,2026-04-24 07:00:00,7121.9,7123.4,7119.5,7122.0,666,4,0
2026-04-24 09:15:00,2026-04-24 07:15:00,7122.0,7122.6,7117.2,7117.5,539,4,0
2026-04-24 09:30:00,2026-04-24 07:30:00,7117.7,7121.0,7117.7,7118.8,578,4,0
2026-04-24 09:45:00,2026-04-24 07:45:00,7118.8,7119.1,7116.2,7118.5,560,4,0
2026-04-24 10:00:00,2026-04-24 08:00:00,7118.3,7124.7,7117.5,7124.0,874,4,0
2026-04-24 10:15:00,2026-04-24 08:15:00,7124.0,7126.5,7121.0,7125.5,617,4,0
2026-04-24 10:30:00,2026-04-24 08:30:00,7125.5,7125.5,7118.7,7119.8,752,4,0
2026-04-24 10:45:00,2026-04-24 08:45:00,7119.8,7125.2,7119.0,7124.7,569,4,0
2026-04-24 11:00:00,2026-04-24 09:00:00,7124.7,7125.8,7118.0,7118.2,1176,4,0
2026-04-24 11:15:00,2026-04-24 09:15:00,7118.2,7130.5,7118.2,7120.6,1320,4,0
2026-04-24 11:30:00,2026-04-24 09:30:00,7120.5,7120.7,7113.5,7113.8,1044,4,0
2026-04-24 11:45:00,2026-04-24 09:45:00,7113.8,7119.1,7112.6,7114.6,809,4,0
2026-04-24 12:00:00,2026-04-24 10:00:00,7114.6,7117.2,7111.6,7116.3,865,4,0
2026-04-24 12:15:00,2026-04-24 10:15:00,7116.3,7117.7,7106.6,7113.7,1043,4,0
2026-04-24 12:30:00,2026-04-24 10:30:00,7113.7,7117.2,7112.0,7117.1,661,4,0
2026-04-24 12:45:00,2026-04-24 10:45:00,7117.1,7117.7,7113.2,7115.0,686,4,0
2026-04-24 13:00:00,2026-04-24 11:00:00,7115.0,7116.6,7112.7,7115.5,717,4,0
2026-04-24 13:15:00,2026-04-24 11:15:00,7115.5,7122.7,7115.0,7122.0,677,4,0
2026-04-24 13:30:00,2026-04-24 11:30:00,7122.0,7122.7,7119.2,7121.7,627,4,0
2026-04-24 13:45:00,2026-04-24 11:45:00,7121.6,7123.5,7120.0,7122.0,442,4,0
2026-04-24 14:00:00,2026-04-24 12:00:00,7122.0,7146.7,7121.7,7141.7,2006,4,0
2026-04-24 14:15:00,2026-04-24 12:15:00,7141.7,7158.5,7137.7,7158.1,2189,4,0
2026-04-24 14:30:00,2026-04-24 12:30:00,7158.1,7160.5,7144.5,7146.0,1620,4,0
2026-04-24 14:45:00,2026-04-24 12:45:00,7145.7,7145.7,7140.1,7142.0,1032,4,0
2026-04-24 15:00:00,2026-04-24 13:00:00,7142.0,7147.5,7140.0,7146.2,1125,4,0
2026-04-24 15:15:00,2026-04-24 13:15:00,7146.2,7148.5,7138.7,7144.7,1276,4,0
2026-04-24 15:30:00,2026-04-24 13:30:00,7144.5,7145.0,7132.5,7134.8,1185,4,0
2026-04-24 15:45:00,2026-04-24 13:45:00,7134.8,7138.3,7125.7,7133.5,1413,4,0
2026-04-24 16:00:00,2026-04-24 14:00:00,7133.5,7141.0,7133.2,7136.7,927,4,0
2026-04-24 16:15:00,2026-04-24 14:15:00,7137.0,7141.5,7133.0,7133.7,921,4,0
2026-04-24 16:30:00,2026-04-24 14:30:00,7133.7,7137.2,7122.0,7126.0,2033,4,0
2026-04-24 16:45:00,2026-04-24 14:45:00,7126.0,7131.7,7116.5,7125.5,1884,4,0
2026-04-24 17:00:00,2026-04-24 15:00:00,7125.6,7133.0,7117.7,7127.0,2222,4,0
2026-04-24 17:15:00,2026-04-24 15:15:00,7126.9,7132.7,7121.5,7124.5,1639,4,0
2026-04-24 17:30:00,2026-04-24 15:30:00,7125.0,7137.5,7120.7,7136.2,1768,4,0
2026-04-24 17:45:00,2026-04-24 15:45:00,7136.2,7142.5,7133.5,7141.0,1235,4,0
2026-04-24 18:00:00,2026-04-24 16:00:00,7141.0,7145.2,7138.7,7144.5,1005,4,0
2026-04-24 18:15:00,2026-04-24 16:15:00,7144.5,7148.2,7142.0,7145.0,956,4,0
2026-04-24 18:30:00,2026-04-24 16:30:00,7145.0,7162.3,7142.5,7160.2,979,4,0
2026-04-24 18:45:00,2026-04-24 16:45:00,7160.0,7168.0,7153.5,7164.9,2010,4,0
2026-04-24 19:00:00,2026-04-24 17:00:00,7164.7,7166.7,7158.0,7160.5,1084,4,0
2026-04-24 19:15:00,2026-04-24 17:15:00,7160.2,7163.0,7157.2,7160.0,686,4,0
2026-04-24 19:30:00,2026-04-24 17:30:00,7160.0,7165.7,7155.5,7157.7,718,4,0
2026-04-24 19:45:00,2026-04-24 17:45:00,7158.0,7164.7,7156.7,7162.7,696,4,0
2026-04-24 20:00:00,2026-04-24 18:00:00,7162.6,7164.5,7159.2,7160.0,803,4,0
2026-04-24 20:15:00,2026-04-24 18:15:00,7160.0,7160.2,7154.0,7157.2,625,4,0
2026-04-24 20:30:00,2026-04-24 18:30:00,7157.2,7162.5,7154.5,7162.0,685,4,0
2026-04-24 20:45:00,2026-04-24 18:45:00,7162.0,7171.5,7160.2,7163.2,690,4,0
2026-04-24 21:00:00,2026-04-24 19:00:00,7163.2,7164.7,7159.2,7161.7,595,4,0
2026-04-24 21:15:00,2026-04-24 19:15:00,7161.7,7162.7,7156.2,7156.7,561,4,0
2026-04-24 21:30:00,2026-04-24 19:30:00,7156.7,7162.7,7156.5,7160.0,469,4,0
2026-04-24 21:45:00,2026-04-24 19:45:00,7160.0,7162.5,7158.1,7162.0,509,4,0
2026-04-24 22:00:00,2026-04-24 20:00:00,7162.0,7170.5,7162.0,7168.7,488,4,0
2026-04-24 22:15:00,2026-04-24 20:15:00,7168.7,7171.2,7162.0,7164.0,602,4,0
2026-04-24 22:30:00,2026-04-24 20:30:00,7164.0,7166.2,7161.0,7164.5,584,4,0
2026-04-24 22:45:00,2026-04-24 20:45:00,7164.5,7169.7,7162.2,7165.9,835,4,0
2026-04-24 23:00:00,2026-04-24 21:00:00,7165.7,7167.9,7162.4,7163.7,389,4,0
2026-04-24 23:15:00,2026-04-24 21:15:00,7163.4,7165.4,7161.2,7161.9,147,4,0
2026-04-24 23:30:00,2026-04-24 21:30:00,7161.9,7166.9,7161.9,7166.7,127,4,0
2026-04-24 23:45:00,2026-04-24 21:45:00,7166.7,7167.9,7165.4,7167.4,94,4,0
2026-04-27 01:00:00,2026-04-26 23:00:00,7157.4,7163.9,7144.6,7147.5,1311,4,0
2026-04-27 01:15:00,2026-04-26 23:15:00,7147.4,7151.4,7147.1,7151.1,521,4,0
2026-04-27 01:30:00,2026-04-26 23:30:00,7151.1,7153.4,7148.9,7152.6,380,4,0
2026-04-27 01:45:00,2026-04-26 23:45:00,7152.6,7155.8,7152.1,7155.4,207,4,0
2026-04-27 02:00:00,2026-04-27 00:00:00,7155.4,7155.9,7150.9,7151.4,333,4,0
2026-04-27 02:15:00,2026-04-27 00:15:00,7151.4,7154.1,7151.1,7151.6,291,4,0
2026-04-27 02:30:00,2026-04-27 00:30:00,7151.6,7151.6,7148.4,7150.0,328,4,0
2026-04-27 02:45:00,2026-04-27 00:45:00,7150.0,7152.4,7148.9,7151.9,395,4,0
2026-04-27 03:00:00,2026-04-27 01:00:00,7151.9,7155.9,7150.6,7154.9,1205,4,0
2026-04-27 03:15:00,2026-04-27 01:15:00,7154.9,7156.1,7152.4,7155.1,699,4,0
2026-04-27 03:30:00,2026-04-27 01:30:00,7155.1,7159.6,7154.1,7158.4,603,4,0
2026-04-27 03:45:00,2026-04-27 01:45:00,7158.4,7166.1,7157.9,7163.6,540,4,0
2026-04-27 04:00:00,2026-04-27 02:00:00,7163.8,7174.9,7163.8,7166.4,1403,4,0
2026-04-27 04:15:00,2026-04-27 02:15:00,7166.4,7171.4,7163.1,7171.2,963,4,0
2026-04-27 04:30:00,2026-04-27 02:30:00,7171.1,7176.6,7170.4,7175.3,793,4,0
2026-04-27 04:45:00,2026-04-27 02:45:00,7175.4,7181.1,7174.6,7180.8,767,4,0
2026-04-27 05:00:00,2026-04-27 03:00:00,7180.8,7181.5,7176.4,7178.4,555,4,0
2026-04-27 05:15:00,2026-04-27 03:15:00,7178.4,7180.1,7175.4,7177.4,505,4,0
2026-04-27 05:30:00,2026-04-27 03:30:00,7177.4,7179.4,7176.5,7176.9,453,4,0
2026-04-27 05:45:00,2026-04-27 03:45:00,7176.9,7178.1,7176.4,7176.6,301,4,0
2026-04-27 06:00:00,2026-04-27 04:00:00,7176.6,7179.6,7174.9,7175.9,527,4,0
2026-04-27 06:15:00,2026-04-27 04:15:00,7175.9,7177.4,7175.4,7177.1,327,4,0
2026-04-27 06:30:00,2026-04-27 04:30:00,7177.1,7177.8,7175.6,7177.3,385,4,0
2026-04-27 06:45:00,2026-04-27 04:45:00,7177.3,7177.3,7175.9,7176.1,176,4,0
2026-04-27 07:00:00,2026-04-27 05:00:00,7176.1,7176.4,7173.4,7174.4,275,4,0
2026-04-27 07:15:00,2026-04-27 05:15:00,7174.4,7177.1,7174.4,7176.6,198,4,0
2026-04-27 07:30:00,2026-04-27 05:30:00,7176.6,7178.4,7175.9,7176.8,259,4,0
2026-04-27 07:45:00,2026-04-27 05:45:00,7176.8,7177.6,7173.1,7173.9,277,4,0
2026-04-27 08:00:00,2026-04-27 06:00:00,7173.9,7174.1,7168.1,7168.4,612,4,0
2026-04-27 08:15:00,2026-04-27 06:15:00,7168.4,7169.4,7165.1,7165.1,674,4,0
2026-04-27 08:30:00,2026-04-27 06:30:00,7165.1,7166.4,7161.4,7163.9,667,4,0
2026-04-27 08:45:00,2026-04-27 06:45:00,7163.9,7165.4,7161.6,7162.9,534,4,0
2026-04-27 09:00:00,2026-04-27 07:00:00,7162.9,7163.9,7159.6,7163.2,864,4,0
2026-04-27 09:15:00,2026-04-27 07:15:00,7163.2,7164.9,7161.2,7163.9,571,4,0
2026-04-27 09:30:00,2026-04-27 07:30:00,7163.9,7164.2,7159.4,7161.7,848,4,0
2026-04-27 09:45:00,2026-04-27 07:45:00,7161.7,7163.2,7160.2,7161.4,420,4,0
2026-04-27 10:00:00,2026-04-27 08:00:00,7161.4,7163.4,7158.4,7161.7,1003,4,0
2026-04-27 10:15:00,2026-04-27 08:15:00,7161.7,7162.8,7159.3,7160.7,713,4,0
2026-04-27 10:30:00,2026-04-27 08:30:00,7160.7,7161.9,7158.7,7160.4,678,4,0
2026-04-27 10:45:00,2026-04-27 08:45:00,7160.4,7162.2,7159.7,7160.3,519,4,0
2026-04-27 11:00:00,2026-04-27 09:00:00,7160.3,7162.4,7154.7,7154.9,1075,4,0
2026-04-27 11:15:00,2026-04-27 09:15:00,7154.9,7159.9,7154.7,7159.4,612,4,0
2026-04-27 11:30:00,2026-04-27 09:30:00,7159.4,7161.4,7158.9,7161.0,549,4,0
2026-04-27 11:45:00,2026-04-27 09:45:00,7160.9,7163.2,7160.9,7162.2,389,4,0
2026-04-27 12:00:00,2026-04-27 10:00:00,7162.2,7163.9,7160.9,7163.2,346,4,0
2026-04-27 12:15:00,2026-04-27 10:15:00,7163.2,7163.4,7160.6,7161.9,299,4,0
2026-04-27 12:30:00,2026-04-27 10:30:00,7161.9,7163.7,7161.4,7162.7,266,4,0
2026-04-27 12:45:00,2026-04-27 10:45:00,7162.7,7164.4,7161.4,7162.2,216,4,0
2026-04-27 13:00:00,2026-04-27 11:00:00,7162.2,7162.9,7160.0,7160.9,337,4,0
2026-04-27 13:15:00,2026-04-27 11:15:00,7160.9,7164.4,7160.7,7162.2,241,4,0
2026-04-27 13:30:00,2026-04-27 11:30:00,7162.2,7167.9,7161.9,7167.7,348,4,0
2026-04-27 13:45:00,2026-04-27 11:45:00,7167.7,7168.4,7165.9,7167.2,452,4,0
2026-04-27 14:00:00,2026-04-27 12:00:00,7167.2,7169.2,7167.2,7167.4,390,4,0
2026-04-27 14:15:00,2026-04-27 12:15:00,7167.4,7171.2,7166.9,7169.9,366,4,0
2026-04-27 14:30:00,2026-04-27 12:30:00,7169.9,7171.4,7168.9,7170.2,425,4,0
2026-04-27 14:45:00,2026-04-27 12:45:00,7170.2,7171.7,7168.9,7169.9,271,4,0
2026-04-27 15:00:00,2026-04-27 13:00:00,7169.9,7170.7,7166.4,7168.4,488,4,0
2026-04-27 15:15:00,2026-04-27 13:15:00,7168.4,7168.4,7158.8,7162.2,799,4,0
2026-04-27 15:30:00,2026-04-27 13:30:00,7162.0,7163.9,7158.4,7162.7,884,4,0
2026-04-27 15:45:00,2026-04-27 13:45:00,7162.7,7165.9,7160.2,7161.7,715,4,0
2026-04-27 16:00:00,2026-04-27 14:00:00,7161.7,7164.7,7156.7,7160.4,1118,4,0
2026-04-27 16:15:00,2026-04-27 14:15:00,7160.4,7161.9,7158.2,7159.7,658,4,0
2026-04-27 16:30:00,2026-04-27 14:30:00,7159.7,7171.7,7156.7,7164.7,1662,4,0
2026-04-27 16:45:00,2026-04-27 14:45:00,7164.7,7170.7,7154.2,7168.7,1689,4,0
2026-04-27 17:00:00,2026-04-27 15:00:00,7168.7,7170.4,7162.9,7166.4,1568,4,0
2026-04-27 17:15:00,2026-04-27 15:15:00,7166.4,7167.4,7161.4,7162.4,1288,4,0
2026-04-27 17:30:00,2026-04-27 15:30:00,7162.4,7171.7,7158.7,7167.4,1456,4,0
2026-04-27 17:45:00,2026-04-27 15:45:00,7167.4,7168.2,7161.2,7164.2,1006,4,0
2026-04-27 18:00:00,2026-04-27 16:00:00,7164.2,7165.7,7155.7,7156.4,1071,4,0
2026-04-27 18:15:00,2026-04-27 16:15:00,7156.7,7160.2,7150.4,7157.7,1042,4,0
2026-04-27 18:30:00,2026-04-27 16:30:00,7157.7,7161.9,7155.3,7160.7,832,4,0
2026-04-27 18:45:00,2026-04-27 16:45:00,7160.7,7162.7,7158.4,7161.9,597,4,0
2026-04-27 19:00:00,2026-04-27 17:00:00,7161.9,7167.9,7159.7,7167.4,512,4,0
2026-04-27 19:15:00,2026-04-27 17:15:00,7167.4,7169.2,7165.4,7166.7,432,4,0
2026-04-27 19:30:00,2026-04-27 17:30:00,7166.7,7171.1,7166.7,7169.2,462,4,0
2026-04-27 19:45:00,2026-04-27 17:45:00,7169.2,7170.7,7166.9,7169.4,409,4,0
2026-04-27 20:00:00,2026-04-27 18:00:00,7169.4,7171.7,7168.9,7171.4,426,4,0
2026-04-27 20:15:00,2026-04-27 18:15:00,7171.4,7174.9,7167.1,7174.2,644,4,0
2026-04-27 20:30:00,2026-04-27 18:30:00,7174.2,7180.2,7173.9,7176.4,606,4,0
2026-04-27 20:45:00,2026-04-27 18:45:00,7176.4,7177.9,7174.7,7176.9,451,4,0
2026-04-27 21:00:00,2026-04-27 19:00:00,7176.9,7179.2,7175.4,7178.9,352,4,0
2026-04-27 21:15:00,2026-04-27 19:15:00,7178.7,7180.7,7178.2,7178.9,304,4,0
2026-04-27 21:30:00,2026-04-27 19:30:00,7178.9,7180.2,7176.2,7176.9,316,4,0
2026-04-27 21:45:00,2026-04-27 19:45:00,7176.9,7179.2,7175.2,7176.4,341,4,0
2026-04-27 22:00:00,2026-04-27 20:00:00,7176.4,7178.2,7174.9,7177.4,346,4,0
2026-04-27 22:15:00,2026-04-27 20:15:00,7177.3,7180.2,7177.2,7179.4,351,4,0
2026-04-27 22:30:00,2026-04-27 20:30:00,7179.4,7181.2,7176.9,7179.9,376,4,0
2026-04-27 22:45:00,2026-04-27 20:45:00,7179.9,7183.7,7178.2,7180.4,553,4,0
2026-04-27 23:00:00,2026-04-27 21:00:00,7180.4,7180.6,7176.4,7177.9,222,4,0
2026-04-27 23:15:00,2026-04-27 21:15:00,7177.9,7178.6,7175.4,7177.6,102,4,0
2026-04-27 23:30:00,2026-04-27 21:30:00,7177.6,7180.6,7177.6,7180.1,88,4,0
2026-04-27 23:45:00,2026-04-27 21:45:00,7180.1,7180.6,7178.1,7178.6,96,4,0
2026-04-28 01:00:00,2026-04-27 23:00:00,7180.6,7191.9,7180.1,7191.1,982,4,0
2026-04-28 01:15:00,2026-04-27 23:15:00,7191.3,7194.6,7191.1,7192.7,407,4,0
2026-04-28 01:30:00,2026-04-27 23:30:00,7192.7,7193.8,7191.5,7192.6,286,4,0
2026-04-28 01:45:00,2026-04-27 23:45:00,7192.6,7192.8,7189.9,7190.5,220,4,0
2026-04-28 02:00:00,2026-04-28 00:00:00,7190.5,7191.4,7188.9,7189.4,173,4,0
2026-04-28 02:15:00,2026-04-28 00:15:00,7189.4,7192.1,7189.4,7191.4,202,4,0
2026-04-28 02:30:00,2026-04-28 00:30:00,7191.4,7193.9,7190.9,7192.8,198,4,0
2026-04-28 02:45:00,2026-04-28 00:45:00,7192.8,7193.1,7190.6,7191.1,365,4,0
2026-04-28 03:00:00,2026-04-28 01:00:00,7191.1,7197.1,7190.8,7194.9,1092,4,0
2026-04-28 03:15:00,2026-04-28 01:15:00,7194.9,7194.9,7186.1,7189.1,879,4,0
2026-04-28 03:30:00,2026-04-28 01:30:00,7189.1,7191.1,7187.4,7190.1,675,4,0
2026-04-28 03:45:00,2026-04-28 01:45:00,7190.1,7190.9,7187.9,7187.9,328,4,0
2026-04-28 04:00:00,2026-04-28 02:00:00,7187.6,7188.6,7185.9,7188.1,800,4,0
2026-04-28 04:15:00,2026-04-28 02:15:00,7188.0,7189.9,7187.1,7189.6,499,4,0
2026-04-28 04:30:00,2026-04-28 02:30:00,7189.6,7193.1,7187.8,7192.0,642,4,0
2026-04-28 04:45:00,2026-04-28 02:45:00,7192.1,7192.4,7182.1,7182.6,881,4,0
2026-04-28 05:00:00,2026-04-28 03:00:00,7182.8,7184.6,7181.1,7184.3,730,4,0
2026-04-28 05:15:00,2026-04-28 03:15:00,7184.3,7185.9,7183.6,7184.4,446,4,0
2026-04-28 05:30:00,2026-04-28 03:30:00,7184.4,7184.4,7180.4,7181.1,510,4,0
2026-04-28 05:45:00,2026-04-28 03:45:00,7181.1,7182.1,7178.6,7179.9,392,4,0
2026-04-28 06:00:00,2026-04-28 04:00:00,7179.9,7182.6,7178.8,7182.4,602,4,0
2026-04-28 06:15:00,2026-04-28 04:15:00,7182.4,7184.6,7181.8,7184.4,353,4,0
2026-04-28 06:30:00,2026-04-28 04:30:00,7184.4,7185.9,7184.3,7184.4,458,4,0
2026-04-28 06:45:00,2026-04-28 04:45:00,7184.4,7184.4,7181.6,7182.1,358,4,0
2026-04-28 07:00:00,2026-04-28 05:00:00,7182.2,7184.6,7181.1,7183.9,427,4,0
2026-04-28 07:15:00,2026-04-28 05:15:00,7183.9,7185.1,7183.7,7184.5,349,4,0
2026-04-28 07:30:00,2026-04-28 05:30:00,7184.5,7186.6,7184.4,7186.4,277,4,0
2026-04-28 07:45:00,2026-04-28 05:45:00,7186.4,7186.9,7183.1,7183.4,315,4,0
2026-04-28 08:00:00,2026-04-28 06:00:00,7183.4,7184.1,7176.1,7178.4,708,4,0
2026-04-28 08:15:00,2026-04-28 06:15:00,7178.4,7179.6,7176.4,7178.6,506,4,0
2026-04-28 08:30:00,2026-04-28 06:30:00,7178.6,7178.6,7170.4,7174.4,732,4,0
2026-04-28 08:45:00,2026-04-28 06:45:00,7174.4,7174.4,7171.4,7172.4,604,4,0
2026-04-28 09:00:00,2026-04-28 07:00:00,7172.4,7174.4,7170.1,7174.0,791,4,0
2026-04-28 09:15:00,2026-04-28 07:15:00,7174.0,7174.9,7171.8,7173.9,585,4,0
2026-04-28 09:30:00,2026-04-28 07:30:00,7173.9,7174.7,7166.9,7167.4,700,4,0
2026-04-28 09:45:00,2026-04-28 07:45:00,7167.4,7169.2,7165.2,7167.8,645,4,0
2026-04-28 10:00:00,2026-04-28 08:00:00,7167.8,7169.2,7164.9,7167.5,1058,4,0
2026-04-28 10:15:00,2026-04-28 08:15:00,7167.7,7169.2,7164.7,7166.4,1052,4,0
2026-04-28 10:30:00,2026-04-28 08:30:00,7166.4,7171.9,7165.9,7169.9,910,4,0
2026-04-28 10:45:00,2026-04-28 08:45:00,7169.9,7171.7,7167.7,7170.9,844,4,0
2026-04-28 11:00:00,2026-04-28 09:00:00,7170.9,7171.3,7162.6,7165.2,1267,4,0
2026-04-28 11:15:00,2026-04-28 09:15:00,7165.2,7175.2,7165.2,7174.9,932,4,0
2026-04-28 11:30:00,2026-04-28 09:30:00,7175.2,7175.8,7172.9,7173.7,864,4,0
2026-04-28 11:45:00,2026-04-28 09:45:00,7173.7,7174.7,7171.4,7174.7,665,4,0
2026-04-28 12:00:00,2026-04-28 10:00:00,7174.7,7174.9,7170.7,7174.0,854,4,0
2026-04-28 12:15:00,2026-04-28 10:15:00,7173.9,7175.0,7168.2,7170.2,734,4,0
2026-04-28 12:30:00,2026-04-28 10:30:00,7170.2,7170.7,7164.4,7166.4,952,4,0
2026-04-28 12:45:00,2026-04-28 10:45:00,7166.4,7167.9,7162.0,7165.8,743,4,0
2026-04-28 13:00:00,2026-04-28 11:00:00,7165.7,7168.5,7160.7,7160.9,772,4,0
2026-04-28 13:15:00,2026-04-28 11:15:00,7160.9,7165.7,7160.2,7163.2,726,4,0
2026-04-28 13:30:00,2026-04-28 11:30:00,7163.2,7164.7,7160.7,7160.7,612,4,0
2026-04-28 13:45:00,2026-04-28 11:45:00,7160.7,7163.9,7160.3,7163.2,467,4,0
2026-04-28 14:00:00,2026-04-28 12:00:00,7162.9,7165.7,7152.7,7153.4,1097,4,0
2026-04-28 14:15:00,2026-04-28 12:15:00,7153.4,7153.7,7140.9,7143.7,1180,4,0
2026-04-28 14:30:00,2026-04-28 12:30:00,7143.7,7143.7,7134.7,7142.4,1448,4,0
2026-04-28 14:45:00,2026-04-28 12:45:00,7142.4,7143.7,7129.4,7132.5,1563,4,0
2026-04-28 15:00:00,2026-04-28 13:00:00,7132.5,7134.2,7125.2,7132.7,1655,4,0
2026-04-28 15:15:00,2026-04-28 13:15:00,7132.5,7138.0,7123.8,7126.0,2003,4,0
2026-04-28 15:30:00,2026-04-28 13:30:00,7126.0,7133.2,7121.7,7130.3,1533,4,0
2026-04-28 15:45:00,2026-04-28 13:45:00,7130.2,7143.9,7129.9,7143.4,975,4,0
2026-04-28 16:00:00,2026-04-28 14:00:00,7143.4,7145.2,7137.2,7137.4,891,4,0
2026-04-28 16:15:00,2026-04-28 14:15:00,7137.4,7148.8,7134.7,7146.0,914,4,0
2026-04-28 16:30:00,2026-04-28 14:30:00,7146.2,7156.9,7135.9,7151.9,2076,4,0
2026-04-28 16:45:00,2026-04-28 14:45:00,7152.0,7153.9,7137.7,7143.9,1542,4,0
2026-04-28 17:00:00,2026-04-28 15:00:00,7143.7,7151.2,7138.9,7144.2,1659,4,0
2026-04-28 17:15:00,2026-04-28 15:15:00,7144.2,7145.9,7137.7,7140.4,1487,4,0
2026-04-28 17:30:00,2026-04-28 15:30:00,7140.7,7143.7,7124.4,7132.7,1744,4,0
2026-04-28 17:45:00,2026-04-28 15:45:00,7132.9,7134.4,7120.4,7133.2,2043,4,0
2026-04-28 18:00:00,2026-04-28 16:00:00,7133.2,7138.7,7126.7,7134.7,1731,4,0
2026-04-28 18:15:00,2026-04-28 16:15:00,7134.7,7135.9,7126.2,7126.9,1342,4,0
2026-04-28 18:30:00,2026-04-28 16:30:00,7126.9,7129.4,7122.2,7125.9,1280,4,0
2026-04-28 18:45:00,2026-04-28 16:45:00,7125.9,7128.2,7121.7,7127.7,1136,4,0
2026-04-28 19:00:00,2026-04-28 17:00:00,7127.7,7132.7,7125.7,7132.4,1030,4,0
2026-04-28 19:15:00,2026-04-28 17:15:00,7132.2,7133.7,7128.7,7131.4,772,4,0
2026-04-28 19:30:00,2026-04-28 17:30:00,7131.4,7132.2,7121.4,7122.9,805,4,0
2026-04-28 19:45:00,2026-04-28 17:45:00,7122.7,7131.9,7121.9,7129.4,952,4,0
2026-04-28 20:00:00,2026-04-28 18:00:00,7129.4,7130.9,7122.2,7127.4,787,4,0
2026-04-28 20:15:00,2026-04-28 18:15:00,7127.4,7130.7,7123.2,7128.7,633,4,0
2026-04-28 20:30:00,2026-04-28 18:30:00,7128.9,7137.7,7128.8,7135.2,660,4,0
2026-04-28 20:45:00,2026-04-28 18:45:00,7135.2,7139.4,7133.7,7138.4,545,4,0
2026-04-28 21:00:00,2026-04-28 19:00:00,7138.4,7139.7,7135.7,7138.4,519,4,0
2026-04-28 21:15:00,2026-04-28 19:15:00,7138.4,7144.3,7138.4,7141.4,717,4,0
2026-04-28 21:30:00,2026-04-28 19:30:00,7141.4,7141.7,7136.2,7141.7,556,4,0
2026-04-28 21:45:00,2026-04-28 19:45:00,7141.7,7143.9,7140.7,7143.2,391,4,0
2026-04-28 22:00:00,2026-04-28 20:00:00,7143.2,7150.2,7142.4,7147.4,484,4,0
2026-04-28 22:15:00,2026-04-28 20:15:00,7147.4,7147.4,7142.2,7144.2,580,4,0
2026-04-28 22:30:00,2026-04-28 20:30:00,7144.2,7146.4,7140.4,7144.9,591,4,0
2026-04-28 22:45:00,2026-04-28 20:45:00,7144.9,7148.7,7142.4,7145.9,791,4,0
2026-04-28 23:00:00,2026-04-28 21:00:00,7145.6,7150.1,7141.6,7147.4,435,4,0
2026-04-28 23:15:00,2026-04-28 21:15:00,7147.4,7149.1,7146.1,7147.8,254,4,0
2026-04-28 23:30:00,2026-04-28 21:30:00,7147.8,7147.8,7145.6,7146.1,179,4,0
2026-04-28 23:45:00,2026-04-28 21:45:00,7146.1,7146.6,7144.9,7146.4,125,4,0
2026-04-29 01:00:00,2026-04-28 23:00:00,7148.0,7152.4,7148.0,7151.5,681,4,0
2026-04-29 01:15:00,2026-04-28 23:15:00,7151.5,7151.9,7149.2,7149.4,245,4,0
2026-04-29 01:30:00,2026-04-28 23:30:00,7149.4,7151.2,7149.2,7149.9,225,4,0
2026-04-29 01:45:00,2026-04-28 23:45:00,7149.9,7150.7,7149.7,7150.7,98,4,0
2026-04-29 02:00:00,2026-04-29 00:00:00,7150.7,7150.9,7149.2,7150.2,220,4,0
2026-04-29 02:15:00,2026-04-29 00:15:00,7150.2,7150.7,7150.2,7150.5,93,4,0
2026-04-29 02:30:00,2026-04-29 00:30:00,7150.7,7153.3,7150.7,7153.2,180,4,0
2026-04-29 02:45:00,2026-04-29 00:45:00,7153.2,7154.3,7152.7,7154.2,158,4,0
2026-04-29 03:00:00,2026-04-29 01:00:00,7154.2,7160.7,7154.2,7159.9,434,4,0
2026-04-29 03:15:00,2026-04-29 01:15:00,7159.9,7161.7,7158.0,7161.4,333,4,0
2026-04-29 03:30:00,2026-04-29 01:30:00,7161.4,7162.7,7159.9,7160.7,183,4,0
2026-04-29 03:45:00,2026-04-29 01:45:00,7160.7,7160.7,7157.9,7158.2,244,4,0
2026-04-29 04:00:00,2026-04-29 02:00:00,7158.2,7158.3,7144.4,7150.4,1372,4,0
2026-04-29 04:15:00,2026-04-29 02:15:00,7150.4,7153.4,7149.2,7151.4,945,4,0
2026-04-29 04:30:00,2026-04-29 02:30:00,7151.4,7157.9,7150.7,7156.4,980,4,0
2026-04-29 04:45:00,2026-04-29 02:45:00,7156.4,7156.9,7152.2,7153.2,610,4,0
2026-04-29 05:00:00,2026-04-29 03:00:00,7153.2,7157.7,7153.2,7157.7,658,4,0
2026-04-29 05:15:00,2026-04-29 03:15:00,7157.7,7159.9,7156.4,7157.2,457,4,0
2026-04-29 05:30:00,2026-04-29 03:30:00,7157.2,7157.4,7154.2,7155.4,537,4,0
2026-04-29 05:45:00,2026-04-29 03:45:00,7155.4,7157.4,7154.9,7156.4,317,4,0
2026-04-29 06:00:00,2026-04-29 04:00:00,7156.4,7160.2,7156.2,7158.9,368,4,0
2026-04-29 06:15:00,2026-04-29 04:15:00,7158.9,7160.2,7158.6,7159.4,226,4,0
2026-04-29 06:30:00,2026-04-29 04:30:00,7159.4,7159.7,7157.2,7157.4,181,4,0
2026-04-29 06:45:00,2026-04-29 04:45:00,7157.4,7157.9,7156.2,7157.4,132,4,0
2026-04-29 07:00:00,2026-04-29 05:00:00,7157.4,7159.7,7157.4,7159.2,163,4,0
2026-04-29 07:15:00,2026-04-29 05:15:00,7159.2,7159.7,7158.4,7159.2,143,4,0
2026-04-29 07:30:00,2026-04-29 05:30:00,7159.2,7161.7,7159.2,7159.9,185,4,0
2026-04-29 07:45:00,2026-04-29 05:45:00,7159.9,7160.7,7158.9,7159.4,132,4,0
2026-04-29 08:00:00,2026-04-29 06:00:00,7159.4,7160.4,7157.4,7157.7,229,4,0
2026-04-29 08:15:00,2026-04-29 06:15:00,7157.7,7159.7,7156.9,7159.4,196,4,0
2026-04-29 08:30:00,2026-04-29 06:30:00,7159.4,7161.7,7158.9,7161.4,253,4,0
2026-04-29 08:45:00,2026-04-29 06:45:00,7161.4,7161.9,7159.8,7159.9,215,4,0
2026-04-29 09:00:00,2026-04-29 07:00:00,7159.9,7163.2,7159.2,7159.7,404,4,0
2026-04-29 09:15:00,2026-04-29 07:15:00,7159.7,7159.7,7157.4,7158.2,375,4,0
2026-04-29 09:30:00,2026-04-29 07:30:00,7158.1,7159.9,7155.9,7158.7,395,4,0
2026-04-29 09:45:00,2026-04-29 07:45:00,7158.7,7159.2,7154.2,7154.4,491,4,0
2026-04-29 10:00:00,2026-04-29 08:00:00,7154.4,7158.2,7151.9,7152.3,793,4,0
2026-04-29 10:15:00,2026-04-29 08:15:00,7152.3,7153.7,7150.4,7152.9,617,4,0
2026-04-29 10:30:00,2026-04-29 08:30:00,7152.7,7154.9,7148.9,7149.2,747,4,0
2026-04-29 10:45:00,2026-04-29 08:45:00,7148.9,7150.1,7144.2,7149.4,951,4,0
2026-04-29 11:00:00,2026-04-29 09:00:00,7149.4,7154.9,7144.1,7144.9,1569,4,0
2026-04-29 11:15:00,2026-04-29 09:15:00,7144.6,7151.4,7141.3,7150.4,1066,4,0
2026-04-29 11:30:00,2026-04-29 09:30:00,7150.2,7150.8,7141.4,7148.4,1090,4,0
2026-04-29 11:45:00,2026-04-29 09:45:00,7148.4,7150.3,7145.9,7147.4,950,4,0
2026-04-29 12:00:00,2026-04-29 10:00:00,7147.4,7150.4,7144.9,7149.0,950,4,0
2026-04-29 12:15:00,2026-04-29 10:15:00,7149.1,7151.9,7147.1,7148.9,860,4,0
2026-04-29 12:30:00,2026-04-29 10:30:00,7148.9,7152.7,7146.0,7146.2,982,4,0
2026-04-29 12:45:00,2026-04-29 10:45:00,7146.3,7148.4,7142.2,7144.4,757,4,0
2026-04-29 13:00:00,2026-04-29 11:00:00,7144.3,7148.7,7141.4,7148.4,867,4,0
2026-04-29 13:15:00,2026-04-29 11:15:00,7148.4,7155.5,7148.4,7154.2,638,4,0
2026-04-29 13:30:00,2026-04-29 11:30:00,7154.2,7155.7,7150.2,7151.4,513,4,0
2026-04-29 13:45:00,2026-04-29 11:45:00,7151.4,7152.7,7149.4,7151.2,551,4,0
2026-04-29 14:00:00,2026-04-29 12:00:00,7151.2,7153.0,7148.1,7151.5,818,4,0
2026-04-29 14:15:00,2026-04-29 12:15:00,7151.4,7152.9,7149.1,7149.4,647,4,0
2026-04-29 14:30:00,2026-04-29 12:30:00,7149.4,7154.7,7145.9,7147.7,888,4,0
2026-04-29 14:45:00,2026-04-29 12:45:00,7147.7,7150.2,7144.7,7148.3,626,4,0
2026-04-29 15:00:00,2026-04-29 13:00:00,7148.2,7149.2,7145.3,7145.8,635,4,0
2026-04-29 15:15:00,2026-04-29 13:15:00,7145.9,7149.4,7141.9,7145.4,778,4,0
2026-04-29 15:30:00,2026-04-29 13:30:00,7145.4,7145.9,7135.9,7144.7,1007,4,0
2026-04-29 15:45:00,2026-04-29 13:45:00,7144.7,7145.2,7140.9,7143.7,651,4,0
2026-04-29 16:00:00,2026-04-29 14:00:00,7143.7,7148.2,7143.7,7145.7,536,4,0
2026-04-29 16:15:00,2026-04-29 14:15:00,7145.7,7146.9,7136.9,7138.1,989,4,0
2026-04-29 16:30:00,2026-04-29 14:30:00,7138.2,7139.5,7127.4,7128.2,1938,4,0
2026-04-29 16:45:00,2026-04-29 14:45:00,7128.2,7138.2,7124.7,7135.7,1410,4,0
2026-04-29 17:00:00,2026-04-29 15:00:00,7135.7,7140.4,7130.7,7139.4,1317,4,0
2026-04-29 17:15:00,2026-04-29 15:15:00,7139.4,7144.4,7137.4,7142.7,934,4,0
2026-04-29 17:30:00,2026-04-29 15:30:00,7142.9,7150.2,7141.2,7146.4,868,4,0
2026-04-29 17:45:00,2026-04-29 15:45:00,7146.4,7147.2,7142.2,7142.7,678,4,0
2026-04-29 18:00:00,2026-04-29 16:00:00,7142.7,7143.4,7129.9,7130.4,814,4,0
2026-04-29 18:15:00,2026-04-29 16:15:00,7130.4,7138.6,7129.2,7136.7,890,4,0
2026-04-29 18:30:00,2026-04-29 16:30:00,7136.7,7138.7,7132.2,7133.7,964,4,0
2026-04-29 18:45:00,2026-04-29 16:45:00,7133.7,7138.2,7120.2,7128.4,1648,4,0
2026-04-29 19:00:00,2026-04-29 17:00:00,7128.4,7135.4,7127.2,7130.4,1140,4,0
2026-04-29 19:15:00,2026-04-29 17:15:00,7130.7,7133.4,7125.7,7125.7,870,4,0
2026-04-29 19:30:00,2026-04-29 17:30:00,7125.7,7126.7,7116.9,7125.7,1189,4,0
2026-04-29 19:45:00,2026-04-29 17:45:00,7125.7,7128.4,7122.2,7124.9,832,4,0
2026-04-29 20:00:00,2026-04-29 18:00:00,7124.9,7126.2,7119.9,7124.4,781,4,0
2026-04-29 20:15:00,2026-04-29 18:15:00,7124.4,7129.4,7121.9,7127.2,871,4,0
2026-04-29 20:30:00,2026-04-29 18:30:00,7127.2,7130.4,7125.7,7128.2,663,4,0
2026-04-29 20:45:00,2026-04-29 18:45:00,7128.2,7135.4,7127.9,7133.9,933,4,0
2026-04-29 21:00:00,2026-04-29 19:00:00,7133.9,7134.7,7112.7,7118.7,1671,4,0
2026-04-29 21:15:00,2026-04-29 19:15:00,7118.7,7127.2,7117.7,7120.4,1251,4,0
2026-04-29 21:30:00,2026-04-29 19:30:00,7120.4,7129.8,7114.7,7115.2,2089,4,0
2026-04-29 21:45:00,2026-04-29 19:45:00,7115.2,7134.4,7112.4,7133.9,1751,4,0
2026-04-29 22:00:00,2026-04-29 20:00:00,7133.7,7140.9,7127.8,7140.6,1364,4,0
2026-04-29 22:15:00,2026-04-29 20:15:00,7140.4,7142.9,7136.7,7136.7,1007,4,0
2026-04-29 22:30:00,2026-04-29 20:30:00,7136.7,7138.9,7128.9,7133.7,1011,4,0
2026-04-29 22:45:00,2026-04-29 20:45:00,7133.7,7144.9,7132.4,7144.9,1070,4,0
2026-04-29 23:00:00,2026-04-29 21:00:00,7144.7,7165.0,7110.2,7110.8,2882,4,0
2026-04-29 23:15:00,2026-04-29 21:15:00,7112.2,7137.5,7106.3,7136.7,2546,4,0
2026-04-29 23:30:00,2026-04-29 21:30:00,7136.7,7142.4,7130.4,7136.5,1745,4,0
2026-04-29 23:45:00,2026-04-29 21:45:00,7136.4,7139.2,7115.9,7117.3,1528,4,0
2026-04-30 01:00:00,2026-04-29 23:00:00,7126.5,7161.4,7124.2,7160.9,1398,4,0
2026-04-30 01:15:00,2026-04-29 23:15:00,7160.9,7171.7,7159.7,7163.4,1257,4,0
2026-04-30 01:30:00,2026-04-29 23:30:00,7163.2,7166.8,7159.2,7162.7,891,4,0
2026-04-30 01:45:00,2026-04-29 23:45:00,7162.7,7166.7,7158.7,7159.7,586,4,0
2026-04-30 02:00:00,2026-04-30 00:00:00,7159.7,7161.9,7158.2,7160.9,568,4,0
2026-04-30 02:15:00,2026-04-30 00:15:00,7160.7,7160.7,7155.4,7158.9,354,4,0
2026-04-30 02:30:00,2026-04-30 00:30:00,7158.9,7165.2,7158.9,7164.9,510,4,0
2026-04-30 02:45:00,2026-04-30 00:45:00,7164.9,7168.4,7162.8,7167.9,649,4,0
2026-04-30 03:00:00,2026-04-30 01:00:00,7168.0,7173.7,7166.2,7170.4,1296,4,0
2026-04-30 03:15:00,2026-04-30 01:15:00,7170.4,7173.4,7169.4,7171.7,882,4,0
2026-04-30 03:30:00,2026-04-30 01:30:00,7171.7,7175.8,7171.7,7173.4,584,4,0
2026-04-30 03:45:00,2026-04-30 01:45:00,7173.4,7176.2,7173.2,7174.4,552,4,0
2026-04-30 04:00:00,2026-04-30 02:00:00,7174.4,7175.2,7171.2,7171.9,750,4,0
2026-04-30 04:15:00,2026-04-30 02:15:00,7171.9,7173.5,7171.7,7173.2,617,4,0
2026-04-30 04:30:00,2026-04-30 02:30:00,7173.2,7175.9,7169.2,7171.4,922,4,0
2026-04-30 04:45:00,2026-04-30 02:45:00,7171.4,7174.9,7169.7,7174.5,671,4,0
2026-04-30 05:00:00,2026-04-30 03:00:00,7174.7,7175.0,7170.9,7172.9,493,4,0
2026-04-30 05:15:00,2026-04-30 03:15:00,7172.9,7173.0,7163.8,7164.9,435,4,0
2026-04-30 05:30:00,2026-04-30 03:30:00,7164.9,7164.9,7140.8,7152.2,2096,4,0
2026-04-30 05:45:00,2026-04-30 03:45:00,7152.2,7154.3,7145.7,7152.5,1341,4,0
2026-04-30 06:00:00,2026-04-30 04:00:00,7152.5,7156.7,7148.2,7149.7,962,4,0
2026-04-30 06:15:00,2026-04-30 04:15:00,7149.9,7150.9,7147.0,7150.2,930,4,0
2026-04-30 06:30:00,2026-04-30 04:30:00,7150.2,7153.0,7148.4,7151.2,994,4,0
2026-04-30 06:45:00,2026-04-30 04:45:00,7151.0,7151.7,7146.9,7147.2,764,4,0
2026-04-30 07:00:00,2026-04-30 05:00:00,7147.2,7147.4,7135.4,7138.3,1266,4,0
2026-04-30 07:15:00,2026-04-30 05:15:00,7138.4,7139.4,7128.9,7130.5,1340,4,0
2026-04-30 07:30:00,2026-04-30 05:30:00,7130.5,7130.7,7121.8,7125.9,1454,4,0
2026-04-30 07:45:00,2026-04-30 05:45:00,7125.8,7128.2,7120.2,7120.7,980,4,0
2026-04-30 08:00:00,2026-04-30 06:00:00,7120.4,7133.4,7120.4,7133.2,1287,4,0
2026-04-30 08:15:00,2026-04-30 06:15:00,7133.2,7133.9,7124.3,7125.9,996,4,0
2026-04-30 08:30:00,2026-04-30 06:30:00,7125.9,7132.9,7125.9,7128.8,1102,4,0
2026-04-30 08:45:00,2026-04-30 06:45:00,7128.8,7129.4,7118.5,7118.7,981,4,0
2026-04-30 09:00:00,2026-04-30 07:00:00,7118.7,7119.8,7109.2,7112.6,1461,4,0
2026-04-30 09:15:00,2026-04-30 07:15:00,7112.7,7118.6,7112.2,7117.7,1333,4,0
2026-04-30 09:30:00,2026-04-30 07:30:00,7117.8,7133.2,7117.8,7126.7,1452,4,0
2026-04-30 09:45:00,2026-04-30 07:45:00,7126.7,7129.6,7121.6,7128.5,1195,4,0
2026-04-30 10:00:00,2026-04-30 08:00:00,7128.7,7137.5,7125.0,7133.8,1789,4,0
2026-04-30 10:15:00,2026-04-30 08:15:00,7133.8,7138.7,7130.2,7138.6,1445,4,0
2026-04-30 10:30:00,2026-04-30 08:30:00,7138.5,7141.2,7136.2,7138.7,1364,4,0
2026-04-30 10:45:00,2026-04-30 08:45:00,7138.7,7140.0,7133.0,7136.2,1136,4,0
2026-04-30 11:00:00,2026-04-30 09:00:00,7136.2,7144.5,7136.2,7140.7,1762,4,0
2026-04-30 11:15:00,2026-04-30 09:15:00,7140.7,7140.7,7134.7,7140.5,1405,4,0
2026-04-30 11:30:00,2026-04-30 09:30:00,7140.2,7145.8,7139.2,7143.7,1301,4,0
2026-04-30 11:45:00,2026-04-30 09:45:00,7143.7,7146.2,7140.2,7140.2,1155,4,0
2026-04-30 12:00:00,2026-04-30 10:00:00,7140.2,7143.7,7137.5,7139.2,1429,4,0
2026-04-30 12:15:00,2026-04-30 10:15:00,7139.2,7148.6,7133.8,7148.1,1331,4,0
2026-04-30 12:30:00,2026-04-30 10:30:00,7148.1,7159.6,7146.6,7148.0,1769,4,0
2026-04-30 12:45:00,2026-04-30 10:45:00,7148.0,7153.0,7144.7,7146.5,1208,4,0
2026-04-30 13:00:00,2026-04-30 11:00:00,7146.5,7155.5,7146.5,7150.5,1276,4,0
2026-04-30 13:15:00,2026-04-30 11:15:00,7150.5,7158.3,7149.0,7157.0,1163,4,0
2026-04-30 13:30:00,2026-04-30 11:30:00,7157.0,7162.0,7150.7,7152.3,1856,4,0
2026-04-30 13:45:00,2026-04-30 11:45:00,7152.3,7159.2,7150.7,7156.1,1569,4,0
2026-04-30 14:00:00,2026-04-30 12:00:00,7156.1,7170.1,7155.2,7163.5,1636,4,0
2026-04-30 14:15:00,2026-04-30 12:15:00,7163.3,7175.2,7162.6,7174.7,1255,4,0
2026-04-30 14:30:00,2026-04-30 12:30:00,7174.8,7175.0,7166.2,7167.5,1377,4,0
2026-04-30 14:45:00,2026-04-30 12:45:00,7167.3,7173.0,7166.7,7169.7,1047,4,0
2026-04-30 15:00:00,2026-04-30 13:00:00,7169.7,7177.7,7168.5,7177.0,914,4,0
2026-04-30 15:15:00,2026-04-30 13:15:00,7177.0,7186.5,7177.0,7184.8,1150,4,0
2026-04-30 15:30:00,2026-04-30 13:30:00,7185.0,7185.7,7172.6,7174.7,1159,4,0
2026-04-30 15:45:00,2026-04-30 13:45:00,7174.7,7181.0,7173.8,7179.5,1110,4,0
2026-04-30 16:00:00,2026-04-30 14:00:00,7179.5,7185.0,7176.5,7177.5,936,4,0
2026-04-30 16:15:00,2026-04-30 14:15:00,7177.5,7179.7,7174.7,7176.2,835,4,0
2026-04-30 16:30:00,2026-04-30 14:30:00,7175.7,7175.7,7142.5,7156.7,2499,4,0
2026-04-30 16:45:00,2026-04-30 14:45:00,7156.7,7160.2,7135.7,7140.5,2246,4,0
2026-04-30 17:00:00,2026-04-30 15:00:00,7140.7,7150.7,7135.5,7144.7,2020,4,0
2026-04-30 17:15:00,2026-04-30 15:15:00,7144.7,7151.7,7132.7,7148.5,1951,4,0
2026-04-30 17:30:00,2026-04-30 15:30:00,7148.5,7156.5,7140.2,7151.0,2090,4,0
2026-04-30 17:45:00,2026-04-30 15:45:00,7151.0,7170.0,7151.0,7167.5,1558,4,0
2026-04-30 18:00:00,2026-04-30 16:00:00,7167.5,7174.2,7164.2,7172.0,1513,4,0
2026-04-30 18:15:00,2026-04-30 16:15:00,7172.0,7174.7,7167.0,7173.1,1305,4,0
2026-04-30 18:30:00,2026-04-30 16:30:00,7173.0,7178.5,7166.2,7168.2,1169,4,0
2026-04-30 18:45:00,2026-04-30 16:45:00,7167.7,7179.5,7163.2,7174.7,1150,4,0
2026-04-30 19:00:00,2026-04-30 17:00:00,7174.7,7182.5,7169.5,7182.0,897,4,0
2026-04-30 19:15:00,2026-04-30 17:15:00,7182.0,7182.5,7176.7,7180.7,690,4,0
2026-04-30 19:30:00,2026-04-30 17:30:00,7180.7,7182.2,7176.2,7176.3,647,4,0
2026-04-30 19:45:00,2026-04-30 17:45:00,7176.2,7177.7,7168.0,7172.5,807,4,0
2026-04-30 20:00:00,2026-04-30 18:00:00,7172.5,7185.2,7172.2,7184.5,861,4,0
2026-04-30 20:15:00,2026-04-30 18:15:00,7184.5,7187.5,7181.0,7187.5,717,4,0
2026-04-30 20:30:00,2026-04-30 18:30:00,7187.2,7196.0,7187.2,7193.3,949,4,0
2026-04-30 20:45:00,2026-04-30 18:45:00,7193.5,7200.7,7193.5,7200.0,684,4,0
2026-04-30 21:00:00,2026-04-30 19:00:00,7200.0,7208.5,7199.7,7207.0,789,4,0
2026-04-30 21:15:00,2026-04-30 19:15:00,7207.0,7210.2,7205.5,7207.7,647,4,0
2026-04-30 21:30:00,2026-04-30 19:30:00,7207.7,7216.0,7207.7,7214.7,688,4,0
2026-04-30 21:45:00,2026-04-30 19:45:00,7214.7,7217.2,7212.0,7212.7,560,4,0
2026-04-30 22:00:00,2026-04-30 20:00:00,7212.7,7222.5,7211.7,7221.7,793,4,0
2026-04-30 22:15:00,2026-04-30 20:15:00,7221.7,7223.0,7219.2,7220.2,597,4,0
2026-04-30 22:30:00,2026-04-30 20:30:00,7220.2,7223.7,7216.7,7223.5,547,4,0
2026-04-30 22:45:00,2026-04-30 20:45:00,7223.5,7226.7,7213.7,7213.7,1012,4,0
2026-04-30 23:00:00,2026-04-30 21:00:00,7213.7,7221.9,7213.7,7220.2,1129,4,0
2026-04-30 23:15:00,2026-04-30 21:15:00,7220.2,7226.5,7219.2,7224.9,490,4,0
2026-04-30 23:30:00,2026-04-30 21:30:00,7224.8,7227.7,7218.6,7219.4,1063,4,0
2026-04-30 23:45:00,2026-04-30 21:45:00,7219.4,7223.7,7218.9,7222.4,449,4,0
2026-05-01 01:00:00,2026-04-30 23:00:00,7231.0,7239.3,7228.0,7237.7,881,4,0
2026-05-01 01:15:00,2026-04-30 23:15:00,7237.5,7238.3,7232.3,7233.3,331,4,0
2026-05-01 01:30:00,2026-04-30 23:30:00,7233.3,7233.5,7230.5,7232.3,344,4,0
2026-05-01 01:45:00,2026-04-30 23:45:00,7232.3,7232.3,7222.3,7225.8,596,4,0
2026-05-01 02:00:00,2026-05-01 00:00:00,7225.8,7228.5,7225.0,7225.8,471,4,0
2026-05-01 02:15:00,2026-05-01 00:15:00,7225.8,7230.2,7225.0,7229.8,297,4,0
2026-05-01 02:30:00,2026-05-01 00:30:00,7229.8,7233.0,7228.7,7230.0,308,4,0
2026-05-01 02:45:00,2026-05-01 00:45:00,7230.0,7232.3,7227.7,7228.5,569,4,0
2026-05-01 03:00:00,2026-05-01 01:00:00,7228.5,7233.8,7226.5,7227.9,1056,4,0
2026-05-01 03:15:00,2026-05-01 01:15:00,7227.9,7234.8,7227.9,7234.8,817,4,0
2026-05-01 03:30:00,2026-05-01 01:30:00,7234.8,7235.8,7232.8,7234.8,637,4,0
2026-05-01 03:45:00,2026-05-01 01:45:00,7234.8,7236.8,7233.0,7233.8,434,4,0
2026-05-01 04:00:00,2026-05-01 02:00:00,7233.8,7236.7,7231.5,7236.5,554,4,0
2026-05-01 04:15:00,2026-05-01 02:15:00,7236.5,7238.5,7235.3,7237.8,385,4,0
2026-05-01 04:30:00,2026-05-01 02:30:00,7237.8,7239.8,7237.8,7238.0,284,4,0
2026-05-01 04:45:00,2026-05-01 02:45:00,7238.0,7239.0,7237.3,7238.8,269,4,0
2026-05-01 05:00:00,2026-05-01 03:00:00,7238.8,7239.0,7237.0,7237.2,227,4,0
2026-05-01 05:15:00,2026-05-01 03:15:00,7237.2,7238.3,7236.0,7236.5,230,4,0
2026-05-01 05:30:00,2026-05-01 03:30:00,7236.5,7236.8,7234.5,7235.5,229,4,0
2026-05-01 05:45:00,2026-05-01 03:45:00,7235.5,7237.0,7234.3,7236.8,151,4,0
2026-05-01 06:00:00,2026-05-01 04:00:00,7236.8,7238.3,7236.0,7238.0,251,4,0
2026-05-01 06:15:00,2026-05-01 04:15:00,7238.0,7239.8,7237.8,7239.3,124,4,0
2026-05-01 06:30:00,2026-05-01 04:30:00,7239.3,7241.8,7235.8,7236.2,278,4,0
2026-05-01 06:45:00,2026-05-01 04:45:00,7236.2,7237.0,7235.3,7236.0,284,4,0
2026-05-01 07:00:00,2026-05-01 05:00:00,7236.0,7236.5,7233.3,7234.8,346,4,0
2026-05-01 07:15:00,2026-05-01 05:15:00,7234.8,7235.8,7234.5,7234.7,207,4,0
2026-05-01 07:30:00,2026-05-01 05:30:00,7234.7,7235.3,7232.7,7233.8,239,4,0
2026-05-01 07:45:00,2026-05-01 05:45:00,7233.8,7234.9,7233.3,7233.9,183,4,0
2026-05-01 08:00:00,2026-05-01 06:00:00,7233.9,7236.2,7232.8,7236.0,300,4,0
2026-05-01 08:15:00,2026-05-01 06:15:00,7236.0,7236.0,7233.4,7235.8,216,4,0
2026-05-01 08:30:00,2026-05-01 06:30:00,7235.8,7236.0,7233.9,7235.0,219,4,0
2026-05-01 08:45:00,2026-05-01 06:45:00,7235.0,7235.0,7232.3,7233.0,224,4,0
2026-05-01 09:00:00,2026-05-01 07:00:00,7233.0,7233.8,7232.0,7233.6,390,4,0
2026-05-01 09:15:00,2026-05-01 07:15:00,7233.6,7234.3,7231.3,7231.3,323,4,0
2026-05-01 09:30:00,2026-05-01 07:30:00,7231.3,7231.8,7227.6,7228.8,365,4,0
2026-05-01 09:45:00,2026-05-01 07:45:00,7228.8,7229.3,7227.1,7227.9,461,4,0
2026-05-01 10:00:00,2026-05-01 08:00:00,7227.9,7232.6,7227.8,7232.3,481,4,0
2026-05-01 10:15:00,2026-05-01 08:15:00,7232.3,7233.1,7229.3,7230.3,423,4,0
2026-05-01 10:30:00,2026-05-01 08:30:00,7230.3,7230.3,7225.8,7226.2,356,4,0
2026-05-01 10:45:00,2026-05-01 08:45:00,7226.1,7229.8,7225.1,7225.7,352,4,0
2026-05-01 11:00:00,2026-05-01 09:00:00,7225.6,7228.3,7225.1,7227.5,387,4,0
2026-05-01 11:15:00,2026-05-01 09:15:00,7227.6,7228.8,7226.6,7227.7,413,4,0
2026-05-01 11:30:00,2026-05-01 09:30:00,7227.6,7227.6,7224.3,7225.3,353,4,0
2026-05-01 11:45:00,2026-05-01 09:45:00,7225.3,7226.6,7223.7,7226.3,247,4,0
2026-05-01 12:00:00,2026-05-01 10:00:00,7226.3,7226.3,7222.5,7224.8,368,4,0
2026-05-01 12:15:00,2026-05-01 10:15:00,7224.8,7228.3,7224.8,7227.3,309,4,0
2026-05-01 12:30:00,2026-05-01 10:30:00,7227.3,7229.1,7226.3,7228.1,294,4,0
2026-05-01 12:45:00,2026-05-01 10:45:00,7228.1,7230.1,7227.6,7229.2,234,4,0
2026-05-01 13:00:00,2026-05-01 11:00:00,7229.2,7229.6,7227.3,7228.9,224,4,0
2026-05-01 13:15:00,2026-05-01 11:15:00,7228.9,7230.6,7228.3,7228.6,290,4,0
2026-05-01 13:30:00,2026-05-01 11:30:00,7228.6,7229.3,7224.8,7226.6,380,4,0
2026-05-01 13:45:00,2026-05-01 11:45:00,7226.6,7230.1,7226.1,7229.9,334,4,0
2026-05-01 14:00:00,2026-05-01 12:00:00,7229.9,7230.8,7225.1,7226.4,467,4,0
2026-05-01 14:15:00,2026-05-01 12:15:00,7226.4,7230.6,7225.3,7228.9,377,4,0
2026-05-01 14:30:00,2026-05-01 12:30:00,7228.9,7229.8,7227.1,7228.8,466,4,0
2026-05-01 14:45:00,2026-05-01 12:45:00,7228.8,7232.3,7228.4,7232.1,350,4,0
2026-05-01 15:00:00,2026-05-01 13:00:00,7232.1,7247.6,7230.5,7242.3,773,4,0
2026-05-01 15:15:00,2026-05-01 13:15:00,7242.3,7244.6,7238.7,7242.1,1212,4,0
2026-05-01 15:30:00,2026-05-01 13:30:00,7242.1,7242.3,7234.1,7234.2,765,4,0
2026-05-01 15:45:00,2026-05-01 13:45:00,7234.3,7236.6,7233.1,7234.3,404,4,0
2026-05-01 16:00:00,2026-05-01 14:00:00,7234.3,7241.6,7233.8,7238.2,442,4,0
2026-05-01 16:15:00,2026-05-01 14:15:00,7238.1,7241.2,7237.1,7240.1,431,4,0
2026-05-01 16:30:00,2026-05-01 14:30:00,7240.3,7253.3,7235.1,7252.5,1686,4,0
2026-05-01 16:45:00,2026-05-01 14:45:00,7252.3,7268.7,7246.1,7268.7,1806,4,0
2026-05-01 17:00:00,2026-05-01 15:00:00,7268.9,7274.3,7265.6,7272.3,1536,4,0
2026-05-01 17:15:00,2026-05-01 15:15:00,7272.3,7276.6,7269.8,7270.3,1067,4,0
2026-05-01 17:30:00,2026-05-01 15:30:00,7270.6,7270.6,7250.8,7257.1,1565,4,0
2026-05-01 17:45:00,2026-05-01 15:45:00,7257.1,7261.3,7253.8,7254.6,1370,4,0
2026-05-01 18:00:00,2026-05-01 16:00:00,7254.3,7257.3,7248.1,7257.1,1487,4,0
2026-05-01 18:15:00,2026-05-01 16:15:00,7257.2,7261.1,7255.1,7260.3,1032,4,0
2026-05-01 18:30:00,2026-05-01 16:30:00,7260.6,7268.1,7259.1,7267.8,929,4,0
2026-05-01 18:45:00,2026-05-01 16:45:00,7267.8,7271.6,7254.6,7261.3,1194,4,0
2026-05-01 19:00:00,2026-05-01 17:00:00,7261.3,7263.3,7251.3,7252.6,941,4,0
2026-05-01 19:15:00,2026-05-01 17:15:00,7252.6,7259.3,7246.3,7248.8,1258,4,0
2026-05-01 19:30:00,2026-05-01 17:30:00,7248.8,7250.6,7243.8,7244.3,1148,4,0
2026-05-01 19:45:00,2026-05-01 17:45:00,7244.1,7250.8,7242.1,7246.1,777,4,0
2026-05-01 20:00:00,2026-05-01 18:00:00,7246.1,7252.5,7245.8,7252.3,607,4,0
2026-05-01 20:15:00,2026-05-01 18:15:00,7252.3,7256.8,7250.6,7256.8,551,4,0
2026-05-01 20:30:00,2026-05-01 18:30:00,7256.8,7258.2,7253.6,7256.1,495,4,0
2026-05-01 20:45:00,2026-05-01 18:45:00,7256.1,7259.6,7255.1,7255.3,556,4,0
2026-05-01 21:00:00,2026-05-01 19:00:00,7255.3,7256.6,7245.1,7245.3,742,4,0
2026-05-01 21:15:00,2026-05-01 19:15:00,7245.6,7249.2,7242.3,7248.6,730,4,0
2026-05-01 21:30:00,2026-05-01 19:30:00,7248.6,7249.3,7238.3,7239.3,796,4,0
2026-05-01 21:45:00,2026-05-01 19:45:00,7239.3,7240.6,7235.1,7238.8,720,4,0
2026-05-01 22:00:00,2026-05-01 20:00:00,7238.6,7248.3,7237.8,7247.6,632,4,0
2026-05-01 22:15:00,2026-05-01 20:15:00,7247.6,7253.1,7247.1,7251.3,510,4,0
2026-05-01 22:30:00,2026-05-01 20:30:00,7251.3,7252.3,7247.1,7248.6,580,4,0
2026-05-01 22:45:00,2026-05-01 20:45:00,7248.6,7248.8,7231.8,7233.3,839,4,0
2026-05-01 23:00:00,2026-05-01 21:00:00,7233.5,7234.0,7228.0,7230.0,462,4,0
2026-05-01 23:15:00,2026-05-01 21:15:00,7230.0,7230.5,7223.5,7225.0,336,4,0
2026-05-01 23:30:00,2026-05-01 21:30:00,7225.0,7225.3,7221.8,7222.8,263,4,0
2026-05-01 23:45:00,2026-05-01 21:45:00,7222.8,7225.5,7222.8,7223.3,126,4,0
2026-05-04 01:00:00,2026-05-03 23:00:00,7251.4,7256.9,7244.7,7246.0,1168,4,0
2026-05-04 01:15:00,2026-05-03 23:15:00,7246.0,7248.1,7240.0,7242.5,765,4,0
2026-05-04 01:30:00,2026-05-03 23:30:00,7242.5,7246.5,7241.6,7245.2,505,4,0
2026-05-04 01:45:00,2026-05-03 23:45:00,7245.2,7247.5,7241.7,7243.7,587,4,0
2026-05-04 02:00:00,2026-05-04 00:00:00,7243.7,7245.7,7239.6,7240.7,573,4,0
2026-05-04 02:15:00,2026-05-04 00:15:00,7240.7,7240.7,7238.4,7239.7,357,4,0
2026-05-04 02:30:00,2026-05-04 00:30:00,7239.7,7242.5,7238.7,7239.4,543,4,0
2026-05-04 02:45:00,2026-05-04 00:45:00,7239.4,7241.7,7237.4,7239.7,591,4,0
2026-05-04 03:00:00,2026-05-04 01:00:00,7239.7,7244.1,7236.1,7240.2,1248,4,0
2026-05-04 03:15:00,2026-05-04 01:15:00,7240.2,7242.0,7232.2,7235.7,1044,4,0
2026-05-04 03:30:00,2026-05-04 01:30:00,7235.9,7240.7,7235.5,7240.1,865,4,0
2026-05-04 03:45:00,2026-05-04 01:45:00,7240.0,7245.1,7239.7,7244.2,602,4,0
2026-05-04 04:00:00,2026-05-04 02:00:00,7244.2,7245.4,7237.5,7242.2,831,4,0
2026-05-04 04:15:00,2026-05-04 02:15:00,7242.2,7244.1,7239.0,7239.5,839,4,0
2026-05-04 04:30:00,2026-05-04 02:30:00,7239.5,7244.2,7238.5,7243.0,810,4,0
2026-05-04 04:45:00,2026-05-04 02:45:00,7243.0,7245.2,7242.2,7245.0,412,4,0
2026-05-04 05:00:00,2026-05-04 03:00:00,7245.0,7245.7,7239.5,7243.0,613,4,0
2026-05-04 05:15:00,2026-05-04 03:15:00,7243.0,7243.0,7237.7,7238.5,801,4,0
2026-05-04 05:30:00,2026-05-04 03:30:00,7238.5,7242.7,7238.2,7242.2,610,4,0
2026-05-04 05:45:00,2026-05-04 03:45:00,7242.2,7246.6,7241.7,7243.7,507,4,0
2026-05-04 06:00:00,2026-05-04 04:00:00,7243.7,7246.7,7243.7,7245.7,403,4,0
2026-05-04 06:15:00,2026-05-04 04:15:00,7245.7,7246.0,7243.7,7244.4,386,4,0
2026-05-04 06:30:00,2026-05-04 04:30:00,7244.3,7244.7,7241.5,7243.7,283,4,0
2026-05-04 06:45:00,2026-05-04 04:45:00,7243.7,7246.0,7243.0,7244.9,715,4,0
2026-05-04 07:00:00,2026-05-04 05:00:00,7244.9,7246.7,7243.7,7245.9,390,4,0
2026-05-04 07:15:00,2026-05-04 05:15:00,7245.7,7248.1,7245.7,7247.2,322,4,0
2026-05-04 07:30:00,2026-05-04 05:30:00,7247.2,7248.2,7246.0,7247.0,274,4,0
2026-05-04 07:45:00,2026-05-04 05:45:00,7247.0,7247.5,7245.0,7245.7,209,4,0
2026-05-04 08:00:00,2026-05-04 06:00:00,7245.7,7248.5,7245.2,7248.0,298,4,0
2026-05-04 08:15:00,2026-05-04 06:15:00,7248.0,7252.2,7246.2,7246.5,589,4,0
2026-05-04 08:30:00,2026-05-04 06:30:00,7246.5,7250.2,7245.7,7250.0,331,4,0
2026-05-04 08:45:00,2026-05-04 06:45:00,7250.0,7250.6,7247.2,7247.7,267,4,0
2026-05-04 09:00:00,2026-05-04 07:00:00,7247.7,7249.2,7243.5,7246.8,862,4,0
2026-05-04 09:15:00,2026-05-04 07:15:00,7246.8,7247.3,7241.8,7245.0,672,4,0
2026-05-04 09:30:00,2026-05-04 07:30:00,7245.0,7246.5,7237.5,7239.4,906,4,0
2026-05-04 09:45:00,2026-05-04 07:45:00,7239.4,7242.0,7237.5,7240.8,711,4,0
2026-05-04 10:00:00,2026-05-04 08:00:00,7240.8,7248.3,7237.3,7247.0,1028,4,0
2026-05-04 10:15:00,2026-05-04 08:15:00,7247.0,7251.4,7246.9,7249.3,777,4,0
2026-05-04 10:30:00,2026-05-04 08:30:00,7249.3,7249.4,7246.0,7249.0,690,4,0
2026-05-04 10:45:00,2026-05-04 08:45:00,7249.0,7250.8,7243.0,7243.0,617,4,0
2026-05-04 11:00:00,2026-05-04 09:00:00,7243.0,7243.4,7233.3,7237.5,1169,4,0
2026-05-04 11:15:00,2026-05-04 09:15:00,7237.5,7241.8,7234.0,7240.5,1014,4,0
2026-05-04 11:30:00,2026-05-04 09:30:00,7240.6,7242.5,7238.8,7240.5,696,4,0
2026-05-04 11:45:00,2026-05-04 09:45:00,7240.5,7242.5,7239.5,7240.3,666,4,0
2026-05-04 12:00:00,2026-05-04 10:00:00,7240.3,7244.8,7238.5,7244.0,684,4,0
2026-05-04 12:15:00,2026-05-04 10:15:00,7243.9,7244.3,7241.8,7243.3,573,4,0
2026-05-04 12:30:00,2026-05-04 10:30:00,7243.3,7245.6,7242.3,7244.0,416,4,0
2026-05-04 12:45:00,2026-05-04 10:45:00,7244.0,7245.3,7241.5,7241.8,385,4,0
2026-05-04 13:00:00,2026-05-04 11:00:00,7241.8,7243.3,7192.6,7200.8,2898,4,0
2026-05-04 13:15:00,2026-05-04 11:15:00,7200.8,7213.4,7191.8,7210.8,2606,4,0
2026-05-04 13:30:00,2026-05-04 11:30:00,7210.7,7231.9,7208.6,7227.1,2307,4,0
2026-05-04 13:45:00,2026-05-04 11:45:00,7227.1,7230.6,7224.3,7224.8,1368,4,0
2026-05-04 14:00:00,2026-05-04 12:00:00,7224.9,7231.8,7222.9,7226.4,1550,4,0
2026-05-04 14:15:00,2026-05-04 12:15:00,7226.4,7230.0,7223.8,7224.0,1134,4,0
2026-05-04 14:30:00,2026-05-04 12:30:00,7224.0,7226.0,7215.0,7220.8,1282,4,0
2026-05-04 14:45:00,2026-05-04 12:45:00,7220.8,7225.8,7217.3,7223.0,1063,4,0
2026-05-04 15:00:00,2026-05-04 13:00:00,7223.0,7229.3,7223.0,7226.5,935,4,0
2026-05-04 15:15:00,2026-05-04 13:15:00,7226.5,7233.6,7223.3,7229.8,1220,4,0
2026-05-04 15:30:00,2026-05-04 13:30:00,7229.8,7232.3,7225.5,7230.3,888,4,0
2026-05-04 15:45:00,2026-05-04 13:45:00,7230.3,7232.0,7224.9,7227.3,671,4,0
2026-05-04 16:00:00,2026-05-04 14:00:00,7227.0,7233.8,7216.3,7227.3,1660,4,0
2026-05-04 16:15:00,2026-05-04 14:15:00,7227.3,7229.8,7224.9,7228.3,817,4,0
2026-05-04 16:30:00,2026-05-04 14:30:00,7228.3,7230.5,7220.3,7227.0,2053,4,0
2026-05-04 16:45:00,2026-05-04 14:45:00,7227.0,7235.5,7226.0,7235.3,1449,4,0
2026-05-04 17:00:00,2026-05-04 15:00:00,7235.4,7239.8,7226.8,7237.5,1582,4,0
2026-05-04 17:15:00,2026-05-04 15:15:00,7237.5,7244.9,7236.4,7240.0,1082,4,0
2026-05-04 17:30:00,2026-05-04 15:30:00,7240.0,7248.8,7239.3,7246.8,903,4,0
2026-05-04 17:45:00,2026-05-04 15:45:00,7247.0,7248.8,7235.5,7236.5,931,4,0
2026-05-04 18:00:00,2026-05-04 16:00:00,7236.8,7242.0,7227.8,7230.0,1472,4,0
2026-05-04 18:15:00,2026-05-04 16:15:00,7230.0,7232.5,7202.0,7211.8,2354,4,0
2026-05-04 18:30:00,2026-05-04 16:30:00,7211.8,7213.0,7200.2,7210.5,1969,4,0
2026-05-04 18:45:00,2026-05-04 16:45:00,7210.5,7210.5,7197.2,7203.0,1886,4,0
2026-05-04 19:00:00,2026-05-04 17:00:00,7203.0,7205.0,7177.5,7186.5,2050,4,0
2026-05-04 19:15:00,2026-05-04 17:15:00,7186.5,7205.5,7182.3,7197.5,2067,4,0
2026-05-04 19:30:00,2026-05-04 17:30:00,7197.3,7204.0,7194.0,7196.3,1483,4,0
2026-05-04 19:45:00,2026-05-04 17:45:00,7196.3,7198.3,7190.9,7192.8,1255,4,0
2026-05-04 20:00:00,2026-05-04 18:00:00,7192.8,7204.0,7192.5,7202.0,1278,4,0
2026-05-04 20:15:00,2026-05-04 18:15:00,7202.0,7214.0,7200.3,7213.3,1270,4,0
2026-05-04 20:30:00,2026-05-04 18:30:00,7213.3,7213.8,7203.5,7209.5,930,4,0
2026-05-04 20:45:00,2026-05-04 18:45:00,7209.5,7213.8,7208.3,7210.8,578,4,0
2026-05-04 21:00:00,2026-05-04 19:00:00,7210.8,7217.3,7210.3,7211.8,616,4,0
2026-05-04 21:15:00,2026-05-04 19:15:00,7211.8,7212.3,7199.0,7204.8,903,4,0
2026-05-04 21:30:00,2026-05-04 19:30:00,7204.8,7205.8,7197.3,7197.5,709,4,0
2026-05-04 21:45:00,2026-05-04 19:45:00,7197.5,7202.8,7195.3,7201.8,786,4,0
2026-05-04 22:00:00,2026-05-04 20:00:00,7201.8,7208.9,7198.5,7207.3,972,4,0
2026-05-04 22:15:00,2026-05-04 20:15:00,7207.3,7208.8,7201.4,7204.5,655,4,0
2026-05-04 22:30:00,2026-05-04 20:30:00,7204.5,7209.3,7203.8,7204.5,500,4,0
2026-05-04 22:45:00,2026-05-04 20:45:00,7204.5,7209.2,7201.3,7209.2,894,4,0
2026-05-04 23:00:00,2026-05-04 21:00:00,7209.0,7209.0,7200.7,7203.2,440,4,0
2026-05-04 23:15:00,2026-05-04 21:15:00,7203.2,7206.0,7200.5,7205.7,301,4,0
2026-05-04 23:30:00,2026-05-04 21:30:00,7205.7,7206.2,7202.5,7202.5,159,4,0
2026-05-04 23:45:00,2026-05-04 21:45:00,7202.5,7203.5,7201.5,7203.5,149,4,0
2026-05-05 01:00:00,2026-05-04 23:00:00,7207.7,7212.8,7207.6,7210.6,603,4,0
2026-05-05 01:15:00,2026-05-04 23:15:00,7210.6,7212.1,7209.9,7211.8,198,4,0
2026-05-05 01:30:00,2026-05-04 23:30:00,7211.8,7212.1,7208.4,7208.4,285,4,0
2026-05-05 01:45:00,2026-05-04 23:45:00,7208.4,7208.6,7204.5,7206.1,333,4,0
2026-05-05 02:00:00,2026-05-05 00:00:00,7206.1,7207.6,7204.3,7207.3,325,4,0
2026-05-05 02:15:00,2026-05-05 00:15:00,7207.3,7207.8,7205.6,7206.6,278,4,0
2026-05-05 02:30:00,2026-05-05 00:30:00,7206.6,7207.1,7205.1,7205.3,236,4,0
2026-05-05 02:45:00,2026-05-05 00:45:00,7205.3,7206.6,7203.2,7205.6,404,4,0
2026-05-05 03:00:00,2026-05-05 01:00:00,7205.6,7213.9,7205.6,7211.6,843,4,0
2026-05-05 03:15:00,2026-05-05 01:15:00,7211.6,7211.6,7202.1,7204.3,887,4,0
2026-05-05 03:30:00,2026-05-05 01:30:00,7204.3,7208.1,7203.8,7205.4,557,4,0
2026-05-05 03:45:00,2026-05-05 01:45:00,7205.4,7211.3,7205.1,7210.1,557,4,0
2026-05-05 04:00:00,2026-05-05 02:00:00,7210.1,7212.3,7205.8,7210.8,747,4,0
2026-05-05 04:15:00,2026-05-05 02:15:00,7210.8,7213.1,7210.3,7211.3,480,4,0
2026-05-05 04:30:00,2026-05-05 02:30:00,7211.3,7216.8,7209.4,7213.6,851,4,0
2026-05-05 04:45:00,2026-05-05 02:45:00,7213.6,7216.1,7213.3,7214.1,444,4,0
2026-05-05 05:00:00,2026-05-05 03:00:00,7214.1,7216.1,7213.1,7213.6,395,4,0
2026-05-05 05:15:00,2026-05-05 03:15:00,7213.6,7217.6,7213.3,7217.3,305,4,0
2026-05-05 05:30:00,2026-05-05 03:30:00,7217.3,7219.6,7217.1,7218.6,281,4,0
2026-05-05 05:45:00,2026-05-05 03:45:00,7218.6,7218.6,7212.3,7214.8,513,4,0
2026-05-05 06:00:00,2026-05-05 04:00:00,7214.8,7218.3,7214.2,7218.1,235,4,0
2026-05-05 06:15:00,2026-05-05 04:15:00,7218.1,7220.3,7217.8,7219.3,181,4,0
2026-05-05 06:30:00,2026-05-05 04:30:00,7219.3,7219.3,7218.1,7218.3,151,4,0
2026-05-05 06:45:00,2026-05-05 04:45:00,7218.3,7220.1,7218.1,7219.1,171,4,0
2026-05-05 07:00:00,2026-05-05 05:00:00,7219.1,7222.1,7219.1,7219.8,184,4,0
2026-05-05 07:15:00,2026-05-05 05:15:00,7219.8,7220.0,7218.6,7219.1,178,4,0
2026-05-05 07:30:00,2026-05-05 05:30:00,7219.1,7219.1,7217.3,7218.3,345,4,0
2026-05-05 07:45:00,2026-05-05 05:45:00,7218.3,7221.6,7218.3,7218.3,267,4,0
2026-05-05 08:00:00,2026-05-05 06:00:00,7218.3,7219.3,7216.8,7218.6,395,4,0
2026-05-05 08:15:00,2026-05-05 06:15:00,7218.6,7220.3,7218.1,7218.3,224,4,0
2026-05-05 08:30:00,2026-05-05 06:30:00,7218.3,7222.1,7216.8,7220.6,511,4,0
2026-05-05 08:45:00,2026-05-05 06:45:00,7220.6,7222.6,7220.3,7222.1,346,4,0
2026-05-05 09:00:00,2026-05-05 07:00:00,7222.3,7225.9,7219.4,7219.6,844,4,0
2026-05-05 09:15:00,2026-05-05 07:15:00,7219.6,7220.4,7214.4,7216.4,747,4,0
2026-05-05 09:30:00,2026-05-05 07:30:00,7216.4,7224.0,7216.1,7223.2,754,4,0
2026-05-05 09:45:00,2026-05-05 07:45:00,7223.2,7226.6,7222.1,7226.1,652,4,0
2026-05-05 10:00:00,2026-05-05 08:00:00,7226.1,7230.6,7225.1,7229.4,993,4,0
2026-05-05 10:15:00,2026-05-05 08:15:00,7229.4,7230.4,7226.4,7227.0,773,4,0
2026-05-05 10:30:00,2026-05-05 08:30:00,7227.0,7235.1,7226.4,7228.9,1134,4,0
2026-05-05 10:45:00,2026-05-05 08:45:00,7228.9,7229.9,7224.1,7225.9,897,4,0
2026-05-05 11:00:00,2026-05-05 09:00:00,7225.9,7234.6,7225.6,7233.6,754,4,0
2026-05-05 11:15:00,2026-05-05 09:15:00,7233.6,7235.6,7231.7,7232.6,717,4,0
2026-05-05 11:30:00,2026-05-05 09:30:00,7232.5,7234.4,7231.4,7233.2,718,4,0
2026-05-05 11:45:00,2026-05-05 09:45:00,7233.2,7235.4,7232.1,7233.1,652,4,0
2026-05-05 12:00:00,2026-05-05 10:00:00,7233.1,7233.6,7228.4,7231.1,821,4,0
2026-05-05 12:15:00,2026-05-05 10:15:00,7231.1,7232.4,7229.4,7231.5,663,4,0
2026-05-05 12:30:00,2026-05-05 10:30:00,7231.6,7235.1,7231.4,7233.6,627,4,0
2026-05-05 12:45:00,2026-05-05 10:45:00,7233.6,7236.4,7232.1,7233.8,516,4,0
2026-05-05 13:00:00,2026-05-05 11:00:00,7233.9,7235.1,7231.6,7233.5,499,4,0
2026-05-05 13:15:00,2026-05-05 11:15:00,7233.5,7234.9,7232.6,7234.4,350,4,0
2026-05-05 13:30:00,2026-05-05 11:30:00,7234.4,7240.1,7231.9,7232.1,569,4,0
2026-05-05 13:45:00,2026-05-05 11:45:00,7232.1,7234.4,7231.4,7233.9,373,4,0
2026-05-05 14:00:00,2026-05-05 12:00:00,7234.0,7235.1,7227.7,7229.4,937,4,0
2026-05-05 14:15:00,2026-05-05 12:15:00,7229.4,7234.9,7227.4,7233.4,653,4,0
2026-05-05 14:30:00,2026-05-05 12:30:00,7233.4,7236.9,7232.9,7236.6,548,4,0
2026-05-05 14:45:00,2026-05-05 12:45:00,7236.6,7237.9,7235.6,7236.9,384,4,0
2026-05-05 15:00:00,2026-05-05 13:00:00,7236.9,7245.4,7234.9,7244.6,1017,4,0
2026-05-05 15:15:00,2026-05-05 13:15:00,7244.6,7247.5,7241.6,7243.6,1026,4,0
2026-05-05 15:30:00,2026-05-05 13:30:00,7243.6,7244.6,7239.6,7240.1,518,4,0
2026-05-05 15:45:00,2026-05-05 13:45:00,7240.1,7241.4,7238.9,7240.2,336,4,0
2026-05-05 16:00:00,2026-05-05 14:00:00,7240.1,7246.6,7240.0,7244.6,410,4,0
2026-05-05 16:15:00,2026-05-05 14:15:00,7244.6,7246.1,7241.1,7245.6,504,4,0
2026-05-05 16:30:00,2026-05-05 14:30:00,7245.4,7252.1,7242.9,7249.7,1397,4,0
2026-05-05 16:45:00,2026-05-05 14:45:00,7249.7,7255.6,7248.6,7253.2,1167,4,0
2026-05-05 17:00:00,2026-05-05 15:00:00,7253.2,7261.9,7249.1,7250.6,1170,4,0
2026-05-05 17:15:00,2026-05-05 15:15:00,7250.9,7264.6,7245.6,7260.9,1680,4,0
2026-05-05 17:30:00,2026-05-05 15:30:00,7260.9,7261.9,7253.4,7254.9,969,4,0
2026-05-05 17:45:00,2026-05-05 15:45:00,7254.9,7259.4,7251.6,7259.1,892,4,0
2026-05-05 18:00:00,2026-05-05 16:00:00,7259.1,7264.1,7257.9,7263.1,689,4,0
2026-05-05 18:15:00,2026-05-05 16:15:00,7263.1,7264.1,7259.1,7262.6,620,4,0
2026-05-05 18:30:00,2026-05-05 16:30:00,7262.6,7263.1,7257.1,7259.1,642,4,0
2026-05-05 18:45:00,2026-05-05 16:45:00,7259.1,7261.9,7257.4,7258.1,445,4,0
2026-05-05 19:00:00,2026-05-05 17:00:00,7258.1,7263.6,7257.6,7262.6,400,4,0
2026-05-05 19:15:00,2026-05-05 17:15:00,7262.6,7266.4,7259.2,7263.4,456,4,0
2026-05-05 19:30:00,2026-05-05 17:30:00,7263.4,7264.4,7260.4,7262.1,480,4,0
2026-05-05 19:45:00,2026-05-05 17:45:00,7262.1,7265.1,7261.4,7262.6,392,4,0
2026-05-05 20:00:00,2026-05-05 18:00:00,7262.6,7263.6,7258.9,7260.4,328,4,0
2026-05-05 20:15:00,2026-05-05 18:15:00,7260.4,7266.1,7260.4,7266.1,373,4,0
2026-05-05 20:30:00,2026-05-05 18:30:00,7266.1,7267.9,7264.9,7266.1,341,4,0
2026-05-05 20:45:00,2026-05-05 18:45:00,7266.1,7269.9,7266.1,7267.9,265,4,0
2026-05-05 21:00:00,2026-05-05 19:00:00,7267.9,7274.1,7267.6,7273.9,256,4,0
2026-05-05 21:15:00,2026-05-05 19:15:00,7273.9,7274.6,7272.1,7272.6,288,4,0
2026-05-05 21:30:00,2026-05-05 19:30:00,7272.4,7272.9,7268.6,7270.4,280,4,0
2026-05-05 21:45:00,2026-05-05 19:45:00,7270.4,7272.4,7269.1,7271.1,245,4,0
2026-05-05 22:00:00,2026-05-05 20:00:00,7271.1,7277.9,7270.9,7275.4,359,4,0
2026-05-05 22:15:00,2026-05-05 20:15:00,7275.4,7278.1,7273.9,7275.1,289,4,0
2026-05-05 22:30:00,2026-05-05 20:30:00,7275.1,7276.9,7272.6,7275.6,340,4,0
2026-05-05 22:45:00,2026-05-05 20:45:00,7275.6,7275.9,7261.1,7265.8,794,4,0
2026-05-05 23:00:00,2026-05-05 21:00:00,7265.6,7269.1,7264.8,7268.8,385,4,0
2026-05-05 23:15:00,2026-05-05 21:15:00,7268.8,7282.6,7264.3,7280.6,950,4,0
2026-05-05 23:30:00,2026-05-05 21:30:00,7280.6,7280.6,7273.8,7273.8,470,4,0
2026-05-05 23:45:00,2026-05-05 21:45:00,7274.1,7275.3,7271.3,7274.3,290,4,0
2026-05-06 01:00:00,2026-05-05 23:00:00,7275.5,7277.1,7273.5,7274.0,588,4,0
2026-05-06 01:15:00,2026-05-05 23:15:00,7274.1,7275.9,7272.9,7275.6,384,4,0
2026-05-06 01:30:00,2026-05-05 23:30:00,7275.6,7279.1,7275.1,7278.4,339,4,0
2026-05-06 01:45:00,2026-05-05 23:45:00,7278.4,7299.1,7277.9,7295.6,1335,4,0
2026-05-06 02:00:00,2026-05-06 00:00:00,7296.1,7298.1,7291.6,7298.0,1211,4,0
2026-05-06 02:15:00,2026-05-06 00:15:00,7298.0,7298.4,7292.6,7293.1,721,4,0
2026-05-06 02:30:00,2026-05-06 00:30:00,7293.1,7295.7,7292.9,7293.2,562,4,0
2026-05-06 02:45:00,2026-05-06 00:45:00,7293.1,7294.9,7292.6,7293.6,471,4,0
2026-05-06 03:00:00,2026-05-06 01:00:00,7293.6,7295.1,7287.0,7287.7,1286,4,0
2026-05-06 03:15:00,2026-05-06 01:15:00,7287.7,7287.7,7280.4,7280.6,1103,4,0
2026-05-06 03:30:00,2026-05-06 01:30:00,7280.6,7284.1,7280.2,7282.0,770,4,0
2026-05-06 03:45:00,2026-05-06 01:45:00,7281.9,7283.4,7278.9,7282.6,764,4,0
2026-05-06 04:00:00,2026-05-06 02:00:00,7282.6,7286.9,7281.9,7285.9,711,4,0
2026-05-06 04:15:00,2026-05-06 02:15:00,7285.9,7287.6,7284.0,7284.9,597,4,0
2026-05-06 04:30:00,2026-05-06 02:30:00,7284.9,7287.4,7283.4,7287.1,750,4,0
2026-05-06 04:45:00,2026-05-06 02:45:00,7287.1,7289.2,7284.6,7287.1,612,4,0
2026-05-06 05:00:00,2026-05-06 03:00:00,7287.1,7287.4,7283.4,7285.6,730,4,0
2026-05-06 05:15:00,2026-05-06 03:15:00,7285.6,7287.1,7283.4,7283.4,605,4,0
2026-05-06 05:30:00,2026-05-06 03:30:00,7283.4,7284.9,7281.6,7282.9,416,4,0
2026-05-06 05:45:00,2026-05-06 03:45:00,7282.9,7284.6,7282.6,7283.6,274,4,0
2026-05-06 06:00:00,2026-05-06 04:00:00,7283.6,7286.4,7282.6,7285.9,297,4,0
2026-05-06 06:15:00,2026-05-06 04:15:00,7285.9,7287.6,7284.6,7287.4,344,4,0
2026-05-06 06:30:00,2026-05-06 04:30:00,7287.4,7290.4,7287.4,7288.4,419,4,0
2026-05-06 06:45:00,2026-05-06 04:45:00,7288.4,7288.4,7286.1,7287.1,282,4,0
2026-05-06 07:00:00,2026-05-06 05:00:00,7287.1,7287.9,7285.9,7287.1,306,4,0
2026-05-06 07:15:00,2026-05-06 05:15:00,7287.1,7289.1,7286.6,7288.4,354,4,0
2026-05-06 07:30:00,2026-05-06 05:30:00,7288.4,7289.1,7285.9,7287.2,514,4,0
2026-05-06 07:45:00,2026-05-06 05:45:00,7287.2,7289.6,7287.1,7287.9,464,4,0
2026-05-06 08:00:00,2026-05-06 06:00:00,7287.9,7289.5,7286.6,7288.4,435,4,0
2026-05-06 08:15:00,2026-05-06 06:15:00,7288.4,7289.1,7286.1,7288.4,361,4,0
2026-05-06 08:30:00,2026-05-06 06:30:00,7288.4,7288.9,7286.5,7287.9,376,4,0
2026-05-06 08:45:00,2026-05-06 06:45:00,7287.9,7291.9,7287.9,7290.6,274,4,0
2026-05-06 09:00:00,2026-05-06 07:00:00,7290.6,7293.9,7288.6,7289.4,585,4,0
2026-05-06 09:15:00,2026-05-06 07:15:00,7289.4,7290.6,7287.6,7288.6,388,4,0
2026-05-06 09:30:00,2026-05-06 07:30:00,7288.6,7290.2,7283.2,7287.8,508,4,0
2026-05-06 09:45:00,2026-05-06 07:45:00,7287.9,7289.1,7285.1,7288.9,534,4,0
2026-05-06 10:00:00,2026-05-06 08:00:00,7288.9,7290.5,7286.4,7286.6,853,4,0
2026-05-06 10:15:00,2026-05-06 08:15:00,7286.6,7289.0,7286.4,7287.9,713,4,0
2026-05-06 10:30:00,2026-05-06 08:30:00,7287.9,7288.4,7285.9,7287.9,534,4,0
2026-05-06 10:45:00,2026-05-06 08:45:00,7287.9,7290.6,7287.4,7290.1,742,4,0
2026-05-06 11:00:00,2026-05-06 09:00:00,7290.1,7291.4,7286.9,7287.9,914,4,0
2026-05-06 11:15:00,2026-05-06 09:15:00,7287.9,7288.1,7284.8,7286.1,666,4,0
2026-05-06 11:30:00,2026-05-06 09:30:00,7286.1,7289.9,7285.4,7289.1,549,4,0
2026-05-06 11:45:00,2026-05-06 09:45:00,7289.1,7322.1,7289.1,7314.6,2092,4,0
2026-05-06 12:00:00,2026-05-06 10:00:00,7314.4,7319.1,7302.3,7309.1,1813,4,0
2026-05-06 12:15:00,2026-05-06 10:15:00,7309.1,7315.4,7308.7,7312.1,1380,4,0
2026-05-06 12:30:00,2026-05-06 10:30:00,7312.1,7321.1,7310.6,7319.3,1355,4,0
2026-05-06 12:45:00,2026-05-06 10:45:00,7319.3,7322.4,7316.1,7321.1,962,4,0
2026-05-06 13:00:00,2026-05-06 11:00:00,7321.1,7327.0,7320.0,7321.6,1263,4,0
2026-05-06 13:15:00,2026-05-06 11:15:00,7321.6,7330.6,7321.1,7329.9,915,4,0
2026-05-06 13:30:00,2026-05-06 11:30:00,7329.9,7337.4,7329.4,7336.4,1084,4,0
2026-05-06 13:45:00,2026-05-06 11:45:00,7336.4,7342.8,7330.6,7337.1,1663,4,0
2026-05-06 14:00:00,2026-05-06 12:00:00,7337.1,7344.6,7335.6,7341.1,1715,4,0
2026-05-06 14:15:00,2026-05-06 12:15:00,7341.1,7343.1,7335.1,7335.8,1075,4,0
2026-05-06 14:30:00,2026-05-06 12:30:00,7335.9,7339.9,7329.1,7329.6,1161,4,0
2026-05-06 14:45:00,2026-05-06 12:45:00,7329.6,7331.1,7324.6,7327.3,1285,4,0
2026-05-06 15:00:00,2026-05-06 13:00:00,7327.3,7327.9,7311.9,7313.0,1430,4,0
2026-05-06 15:15:00,2026-05-06 13:15:00,7313.0,7324.4,7307.4,7322.4,1993,4,0
2026-05-06 15:30:00,2026-05-06 13:30:00,7322.4,7323.4,7318.1,7319.4,1115,4,0
2026-05-06 15:45:00,2026-05-06 13:45:00,7319.4,7322.1,7314.1,7317.6,816,4,0
2026-05-06 16:00:00,2026-05-06 14:00:00,7317.6,7318.6,7308.1,7313.9,1278,4,0
2026-05-06 16:15:00,2026-05-06 14:15:00,7314.0,7317.1,7309.1,7310.4,1005,4,0
2026-05-06 16:30:00,2026-05-06 14:30:00,7310.4,7323.9,7306.9,7319.9,1860,4,0
2026-05-06 16:45:00,2026-05-06 14:45:00,7319.9,7326.6,7311.9,7325.1,1425,4,0
2026-05-06 17:00:00,2026-05-06 15:00:00,7325.1,7330.9,7315.6,7329.4,1588,4,0
2026-05-06 17:15:00,2026-05-06 15:15:00,7329.4,7335.6,7324.4,7329.1,1425,4,0
2026-05-06 17:30:00,2026-05-06 15:30:00,7329.4,7347.9,7329.1,7347.4,1351,4,0
2026-05-06 17:45:00,2026-05-06 15:45:00,7347.4,7350.9,7343.8,7350.6,1056,4,0
2026-05-06 18:00:00,2026-05-06 16:00:00,7350.6,7353.9,7342.9,7346.1,773,4,0
2026-05-06 18:15:00,2026-05-06 16:15:00,7346.3,7352.6,7344.4,7349.4,657,4,0
2026-05-06 18:30:00,2026-05-06 16:30:00,7349.4,7350.4,7338.1,7341.9,731,4,0
2026-05-06 18:45:00,2026-05-06 16:45:00,7341.9,7347.6,7340.6,7344.9,768,4,0
2026-05-06 19:00:00,2026-05-06 17:00:00,7344.9,7348.4,7343.4,7347.6,581,4,0
2026-05-06 19:15:00,2026-05-06 17:15:00,7347.6,7348.9,7345.6,7346.1,412,4,0
2026-05-06 19:30:00,2026-05-06 17:30:00,7346.1,7346.9,7343.9,7344.6,368,4,0
2026-05-06 19:45:00,2026-05-06 17:45:00,7344.6,7344.9,7333.9,7338.4,760,4,0
2026-05-06 20:00:00,2026-05-06 18:00:00,7338.4,7345.9,7335.4,7343.9,591,4,0
2026-05-06 20:15:00,2026-05-06 18:15:00,7343.9,7346.6,7342.4,7345.5,391,4,0
2026-05-06 20:30:00,2026-05-06 18:30:00,7345.4,7347.6,7344.1,7347.4,347,4,0
2026-05-06 20:45:00,2026-05-06 18:45:00,7347.4,7350.1,7346.6,7350.1,275,4,0
2026-05-06 21:00:00,2026-05-06 19:00:00,7350.1,7354.6,7349.1,7353.9,351,4,0
2026-05-06 21:15:00,2026-05-06 19:15:00,7353.9,7360.9,7353.9,7359.4,422,4,0
2026-05-06 21:30:00,2026-05-06 19:30:00,7359.4,7363.6,7357.9,7359.4,340,4,0
2026-05-06 21:45:00,2026-05-06 19:45:00,7359.1,7360.4,7356.1,7358.6,344,4,0
2026-05-06 22:00:00,2026-05-06 20:00:00,7358.4,7367.4,7358.4,7366.6,432,4,0
2026-05-06 22:15:00,2026-05-06 20:15:00,7366.6,7369.1,7365.1,7367.6,383,4,0
2026-05-06 22:30:00,2026-05-06 20:30:00,7367.6,7369.1,7364.6,7365.9,391,4,0
2026-05-06 22:45:00,2026-05-06 20:45:00,7366.1,7374.9,7365.1,7366.4,869,4,0
2026-05-06 23:00:00,2026-05-06 21:00:00,7366.4,7374.9,7364.1,7373.4,624,4,0
2026-05-06 23:15:00,2026-05-06 21:15:00,7373.4,7374.1,7369.4,7372.1,407,4,0
2026-05-06 23:30:00,2026-05-06 21:30:00,7372.1,7372.4,7366.4,7366.9,413,4,0
2026-05-06 23:45:00,2026-05-06 21:45:00,7366.9,7366.9,7363.9,7365.1,262,4,0
2026-05-07 01:00:00,2026-05-06 23:00:00,7359.7,7363.6,7358.7,7360.3,674,4,0
2026-05-07 01:15:00,2026-05-06 23:15:00,7360.3,7362.6,7357.1,7357.5,519,4,0
2026-05-07 01:30:00,2026-05-06 23:30:00,7357.6,7359.7,7357.1,7359.6,358,4,0
2026-05-07 01:45:00,2026-05-06 23:45:00,7359.6,7360.1,7358.1,7358.8,336,4,0
2026-05-07 02:00:00,2026-05-07 00:00:00,7358.8,7361.6,7357.8,7360.1,308,4,0
2026-05-07 02:15:00,2026-05-07 00:15:00,7360.1,7361.6,7358.8,7359.7,299,4,0
2026-05-07 02:30:00,2026-05-07 00:30:00,7359.6,7360.3,7358.4,7359.8,316,4,0
2026-05-07 02:45:00,2026-05-07 00:45:00,7359.8,7362.3,7357.6,7359.8,574,4,0
2026-05-07 03:00:00,2026-05-07 01:00:00,7359.8,7365.0,7358.8,7363.0,1275,4,0
2026-05-07 03:15:00,2026-05-07 01:15:00,7362.8,7363.8,7358.6,7360.3,968,4,0
2026-05-07 03:30:00,2026-05-07 01:30:00,7360.2,7362.8,7359.1,7362.8,654,4,0
2026-05-07 03:45:00,2026-05-07 01:45:00,7362.8,7365.5,7362.1,7364.8,458,4,0
2026-05-07 04:00:00,2026-05-07 02:00:00,7364.8,7365.8,7361.1,7364.6,672,4,0
2026-05-07 04:15:00,2026-05-07 02:15:00,7364.6,7366.5,7364.3,7365.8,646,4,0
2026-05-07 04:30:00,2026-05-07 02:30:00,7366.0,7369.6,7365.6,7368.8,447,4,0
2026-05-07 04:45:00,2026-05-07 02:45:00,7368.8,7373.1,7368.6,7370.1,371,4,0
2026-05-07 05:00:00,2026-05-07 03:00:00,7370.1,7371.3,7363.1,7363.5,519,4,0
2026-05-07 05:15:00,2026-05-07 03:15:00,7363.6,7368.1,7363.3,7368.1,545,4,0
2026-05-07 05:30:00,2026-05-07 03:30:00,7368.1,7369.1,7365.6,7366.3,618,4,0
2026-05-07 05:45:00,2026-05-07 03:45:00,7366.3,7369.3,7366.3,7368.3,400,4,0
2026-05-07 06:00:00,2026-05-07 04:00:00,7368.3,7368.6,7366.8,7367.8,355,4,0
2026-05-07 06:15:00,2026-05-07 04:15:00,7367.8,7370.7,7367.1,7369.6,329,4,0
2026-05-07 06:30:00,2026-05-07 04:30:00,7369.6,7371.3,7369.3,7371.3,180,4,0
2026-05-07 06:45:00,2026-05-07 04:45:00,7371.3,7371.8,7370.3,7370.6,134,4,0
2026-05-07 07:00:00,2026-05-07 05:00:00,7370.6,7372.3,7369.6,7371.7,167,4,0
2026-05-07 07:15:00,2026-05-07 05:15:00,7371.7,7374.1,7371.6,7373.3,170,4,0
2026-05-07 07:30:00,2026-05-07 05:30:00,7373.3,7373.8,7371.8,7372.6,171,4,0
2026-05-07 07:45:00,2026-05-07 05:45:00,7372.6,7374.1,7371.8,7373.3,184,4,0
2026-05-07 08:00:00,2026-05-07 06:00:00,7373.3,7374.8,7372.3,7374.3,212,4,0
2026-05-07 08:15:00,2026-05-07 06:15:00,7374.3,7374.3,7371.8,7372.6,192,4,0
2026-05-07 08:30:00,2026-05-07 06:30:00,7372.6,7375.6,7372.6,7374.8,169,4,0
2026-05-07 08:45:00,2026-05-07 06:45:00,7374.8,7375.1,7373.6,7373.8,143,4,0
2026-05-07 09:00:00,2026-05-07 07:00:00,7373.8,7375.6,7370.7,7370.9,379,4,0
2026-05-07 09:15:00,2026-05-07 07:15:00,7370.9,7375.6,7370.4,7374.1,273,4,0
2026-05-07 09:30:00,2026-05-07 07:30:00,7374.1,7382.9,7373.1,7381.6,478,4,0
2026-05-07 09:45:00,2026-05-07 07:45:00,7381.4,7381.5,7376.9,7379.4,665,4,0
2026-05-07 10:00:00,2026-05-07 08:00:00,7379.4,7389.5,7375.6,7389.4,1390,4,0
2026-05-07 10:15:00,2026-05-07 08:15:00,7389.4,7390.6,7380.1,7381.7,1197,4,0
2026-05-07 10:30:00,2026-05-07 08:30:00,7381.8,7385.9,7381.1,7383.4,897,4,0
2026-05-07 10:45:00,2026-05-07 08:45:00,7383.6,7383.9,7379.1,7382.0,867,4,0
2026-05-07 11:00:00,2026-05-07 09:00:00,7382.0,7388.4,7380.4,7382.1,1032,4,0
2026-05-07 11:15:00,2026-05-07 09:15:00,7382.1,7382.4,7374.7,7377.9,1271,4,0
2026-05-07 11:30:00,2026-05-07 09:30:00,7378.1,7380.0,7376.1,7376.4,764,4,0
2026-05-07 11:45:00,2026-05-07 09:45:00,7376.4,7379.0,7373.9,7375.4,792,4,0
2026-05-07 12:00:00,2026-05-07 10:00:00,7375.4,7376.2,7372.4,7375.1,907,4,0
2026-05-07 12:15:00,2026-05-07 10:15:00,7375.1,7379.4,7375.1,7376.6,555,4,0
2026-05-07 12:30:00,2026-05-07 10:30:00,7376.6,7378.1,7375.1,7375.9,581,4,0
2026-05-07 12:45:00,2026-05-07 10:45:00,7375.8,7379.2,7372.0,7374.0,687,4,0
2026-05-07 13:00:00,2026-05-07 11:00:00,7374.0,7374.6,7369.9,7373.4,665,4,0
2026-05-07 13:15:00,2026-05-07 11:15:00,7373.4,7376.9,7371.6,7375.0,566,4,0
2026-05-07 13:30:00,2026-05-07 11:30:00,7375.0,7378.6,7373.6,7378.1,643,4,0
2026-05-07 13:45:00,2026-05-07 11:45:00,7378.1,7378.4,7374.9,7375.1,485,4,0
2026-05-07 14:00:00,2026-05-07 12:00:00,7375.4,7379.1,7375.4,7376.6,671,4,0
2026-05-07 14:15:00,2026-05-07 12:15:00,7376.6,7376.9,7373.1,7373.6,580,4,0
2026-05-07 14:30:00,2026-05-07 12:30:00,7373.9,7378.1,7372.9,7376.1,533,4,0
2026-05-07 14:45:00,2026-05-07 12:45:00,7376.1,7377.6,7373.4,7376.6,491,4,0
2026-05-07 15:00:00,2026-05-07 13:00:00,7376.6,7382.1,7375.4,7381.4,492,4,0
2026-05-07 15:15:00,2026-05-07 13:15:00,7381.4,7381.9,7376.6,7380.5,501,4,0
2026-05-07 15:30:00,2026-05-07 13:30:00,7380.5,7382.6,7378.9,7381.6,429,4,0
2026-05-07 15:45:00,2026-05-07 13:45:00,7381.9,7382.6,7378.6,7381.9,365,4,0
2026-05-07 16:00:00,2026-05-07 14:00:00,7381.9,7382.0,7375.9,7377.4,498,4,0
2026-05-07 16:15:00,2026-05-07 14:15:00,7377.4,7382.1,7377.4,7379.6,489,4,0
2026-05-07 16:30:00,2026-05-07 14:30:00,7379.6,7379.9,7370.1,7370.9,1117,4,0
2026-05-07 16:45:00,2026-05-07 14:45:00,7370.9,7372.9,7363.9,7367.9,1405,4,0
2026-05-07 17:00:00,2026-05-07 15:00:00,7367.6,7377.4,7367.4,7373.4,954,4,0
2026-05-07 17:15:00,2026-05-07 15:15:00,7373.4,7378.6,7369.6,7373.6,967,4,0
2026-05-07 17:30:00,2026-05-07 15:30:00,7373.9,7381.6,7373.1,7380.1,758,4,0
2026-05-07 17:45:00,2026-05-07 15:45:00,7380.1,7389.4,7378.4,7389.4,685,4,0
2026-05-07 18:00:00,2026-05-07 16:00:00,7389.4,7389.6,7380.4,7381.4,893,4,0
2026-05-07 18:15:00,2026-05-07 16:15:00,7381.6,7384.4,7371.4,7377.6,1176,4,0
2026-05-07 18:30:00,2026-05-07 16:30:00,7377.4,7384.6,7376.9,7381.1,917,4,0
2026-05-07 18:45:00,2026-05-07 16:45:00,7381.1,7382.4,7366.1,7367.9,1179,4,0
2026-05-07 19:00:00,2026-05-07 17:00:00,7367.9,7368.4,7354.4,7355.4,1686,4,0
2026-05-07 19:15:00,2026-05-07 17:15:00,7355.4,7362.4,7345.9,7361.9,1748,4,0
2026-05-07 19:30:00,2026-05-07 17:30:00,7362.1,7366.4,7353.6,7355.9,1183,4,0
2026-05-07 19:45:00,2026-05-07 17:45:00,7355.9,7356.9,7344.1,7348.6,1173,4,0
2026-05-07 20:00:00,2026-05-07 18:00:00,7348.4,7354.6,7344.9,7348.1,1190,4,0
2026-05-07 20:15:00,2026-05-07 18:15:00,7348.1,7353.6,7325.6,7334.3,1922,4,0
2026-05-07 20:30:00,2026-05-07 18:30:00,7334.3,7345.1,7329.9,7335.9,2049,4,0
2026-05-07 20:45:00,2026-05-07 18:45:00,7335.9,7345.9,7329.6,7345.4,1547,4,0
2026-05-07 21:00:00,2026-05-07 19:00:00,7345.4,7349.6,7339.1,7344.4,1475,4,0
2026-05-07 21:15:00,2026-05-07 19:15:00,7344.6,7350.4,7339.9,7341.1,1186,4,0
2026-05-07 21:30:00,2026-05-07 19:30:00,7341.1,7347.6,7327.8,7331.4,1207,4,0
2026-05-07 21:45:00,2026-05-07 19:45:00,7331.4,7339.9,7325.8,7339.6,1900,4,0
2026-05-07 22:00:00,2026-05-07 20:00:00,7339.6,7343.6,7335.1,7340.5,1311,4,0
2026-05-07 22:15:00,2026-05-07 20:15:00,7340.6,7341.6,7328.4,7333.9,1515,4,0
2026-05-07 22:30:00,2026-05-07 20:30:00,7333.9,7343.4,7332.6,7341.6,887,4,0
2026-05-07 22:45:00,2026-05-07 20:45:00,7341.6,7347.4,7335.4,7344.6,1423,4,0
2026-05-07 23:00:00,2026-05-07 21:00:00,7344.1,7358.5,7335.0,7349.3,1226,4,0
2026-05-07 23:15:00,2026-05-07 21:15:00,7349.3,7351.2,7346.6,7348.6,533,4,0
2026-05-07 23:30:00,2026-05-07 21:30:00,7348.6,7350.2,7332.2,7340.1,1202,4,0
2026-05-07 23:45:00,2026-05-07 21:45:00,7340.1,7341.8,7331.2,7332.8,925,4,0
2026-05-08 01:00:00,2026-05-07 23:00:00,7323.1,7332.9,7323.1,7329.6,1005,4,0
2026-05-08 01:15:00,2026-05-07 23:15:00,7329.6,7338.7,7327.3,7336.7,1029,4,0
2026-05-08 01:30:00,2026-05-07 23:30:00,7336.7,7337.1,7327.6,7331.1,753,4,0
2026-05-08 01:45:00,2026-05-07 23:45:00,7331.1,7331.8,7327.3,7329.1,459,4,0
2026-05-08 02:00:00,2026-05-08 00:00:00,7329.1,7332.8,7328.1,7331.2,438,4,0
2026-05-08 02:15:00,2026-05-08 00:15:00,7331.2,7334.6,7331.1,7334.1,334,4,0
2026-05-08 02:30:00,2026-05-08 00:30:00,7334.1,7336.2,7332.7,7336.1,382,4,0
2026-05-08 02:45:00,2026-05-08 00:45:00,7336.1,7342.6,7334.4,7342.6,571,4,0
2026-05-08 03:00:00,2026-05-08 01:00:00,7342.6,7352.2,7342.6,7350.1,1047,4,0
2026-05-08 03:15:00,2026-05-08 01:15:00,7350.1,7350.1,7345.3,7347.1,887,4,0
2026-05-08 03:30:00,2026-05-08 01:30:00,7347.1,7351.3,7346.1,7350.8,586,4,0
2026-05-08 03:45:00,2026-05-08 01:45:00,7350.8,7352.6,7347.3,7352.3,517,4,0
2026-05-08 04:00:00,2026-05-08 02:00:00,7352.3,7357.8,7352.3,7356.8,715,4,0
2026-05-08 04:15:00,2026-05-08 02:15:00,7356.8,7358.8,7354.8,7356.6,479,4,0
2026-05-08 04:30:00,2026-05-08 02:30:00,7356.6,7357.8,7355.3,7357.1,439,4,0
2026-05-08 04:45:00,2026-05-08 02:45:00,7357.1,7359.1,7355.3,7355.8,418,4,0
2026-05-08 05:00:00,2026-05-08 03:00:00,7355.8,7357.1,7354.3,7356.1,491,4,0
2026-05-08 05:15:00,2026-05-08 03:15:00,7356.1,7356.2,7352.1,7354.8,580,4,0
2026-05-08 05:30:00,2026-05-08 03:30:00,7354.8,7356.1,7346.9,7353.1,1131,4,0
2026-05-08 05:45:00,2026-05-08 03:45:00,7353.1,7359.1,7353.1,7354.3,743,4,0
2026-05-08 06:00:00,2026-05-08 04:00:00,7354.4,7356.6,7353.3,7355.3,636,4,0
2026-05-08 06:15:00,2026-05-08 04:15:00,7355.3,7356.3,7353.8,7355.4,410,4,0
2026-05-08 06:30:00,2026-05-08 04:30:00,7355.3,7359.3,7354.8,7356.1,567,4,0
2026-05-08 06:45:00,2026-05-08 04:45:00,7356.1,7358.6,7354.8,7357.8,413,4,0
2026-05-08 07:00:00,2026-05-08 05:00:00,7357.8,7359.3,7356.6,7357.1,503,4,0
2026-05-08 07:15:00,2026-05-08 05:15:00,7357.1,7358.8,7355.1,7357.6,505,4,0
2026-05-08 07:30:00,2026-05-08 05:30:00,7357.6,7358.6,7354.8,7356.1,444,4,0
2026-05-08 07:45:00,2026-05-08 05:45:00,7356.1,7361.8,7355.6,7358.9,340,4,0
2026-05-08 08:00:00,2026-05-08 06:00:00,7358.9,7361.2,7358.3,7360.1,544,4,0
2026-05-08 08:15:00,2026-05-08 06:15:00,7360.1,7361.8,7359.8,7361.3,410,4,0
2026-05-08 08:30:00,2026-05-08 06:30:00,7361.3,7365.1,7361.1,7363.1,563,4,0
2026-05-08 08:45:00,2026-05-08 06:45:00,7363.1,7364.1,7361.8,7362.3,397,4,0
2026-05-08 09:00:00,2026-05-08 07:00:00,7362.3,7366.3,7358.8,7364.8,872,4,0
2026-05-08 09:15:00,2026-05-08 07:15:00,7364.8,7368.3,7364.1,7367.1,507,4,0
2026-05-08 09:30:00,2026-05-08 07:30:00,7367.3,7367.8,7364.3,7366.6,697,4,0
2026-05-08 09:45:00,2026-05-08 07:45:00,7366.6,7368.3,7364.3,7367.8,560,4,0
2026-05-08 10:00:00,2026-05-08 08:00:00,7367.8,7367.8,7361.2,7361.6,988,4,0
2026-05-08 10:15:00,2026-05-08 08:15:00,7361.3,7365.8,7360.8,7364.6,1136,4,0
2026-05-08 10:30:00,2026-05-08 08:30:00,7364.6,7365.6,7361.6,7364.6,879,4,0
2026-05-08 10:45:00,2026-05-08 08:45:00,7364.6,7368.2,7363.8,7366.8,807,4,0
2026-05-08 11:00:00,2026-05-08 09:00:00,7367.0,7372.6,7365.8,7369.5,818,4,0
2026-05-08 11:15:00,2026-05-08 09:15:00,7369.3,7373.4,7369.3,7372.2,671,4,0
2026-05-08 11:30:00,2026-05-08 09:30:00,7372.1,7373.3,7370.6,7371.3,572,4,0
2026-05-08 11:45:00,2026-05-08 09:45:00,7371.3,7374.1,7370.1,7373.5,578,4,0
2026-05-08 12:00:00,2026-05-08 10:00:00,7373.5,7379.3,7372.8,7379.1,411,4,0
2026-05-08 12:15:00,2026-05-08 10:15:00,7379.1,7381.6,7378.1,7379.6,245,4,0
2026-05-08 12:30:00,2026-05-08 10:30:00,7379.6,7379.6,7376.1,7376.1,373,4,0
2026-05-08 12:45:00,2026-05-08 10:45:00,7376.1,7376.3,7370.2,7374.3,620,4,0
2026-05-08 13:00:00,2026-05-08 11:00:00,7374.3,7376.8,7374.3,7375.2,438,4,0
2026-05-08 13:15:00,2026-05-08 11:15:00,7375.3,7377.8,7374.8,7375.8,356,4,0
2026-05-08 13:30:00,2026-05-08 11:30:00,7375.8,7379.3,7375.6,7377.6,354,4,0
2026-05-08 13:45:00,2026-05-08 11:45:00,7377.6,7377.6,7370.7,7375.8,651,4,0
2026-05-08 14:00:00,2026-05-08 12:00:00,7376.1,7379.6,7376.1,7378.8,623,4,0
2026-05-08 14:15:00,2026-05-08 12:15:00,7378.8,7379.6,7376.3,7379.3,478,4,0
2026-05-08 14:30:00,2026-05-08 12:30:00,7379.3,7380.8,7378.6,7379.4,418,4,0
2026-05-08 14:45:00,2026-05-08 12:45:00,7379.3,7381.3,7378.7,7379.6,340,4,0
2026-05-08 15:00:00,2026-05-08 13:00:00,7379.6,7380.8,7378.1,7378.6,520,4,0
2026-05-08 15:15:00,2026-05-08 13:15:00,7378.6,7380.6,7376.3,7379.6,585,4,0
2026-05-08 15:30:00,2026-05-08 13:30:00,7379.5,7391.8,7379.5,7387.7,1258,4,0
2026-05-08 15:45:00,2026-05-08 13:45:00,7387.8,7387.8,7374.6,7377.8,945,4,0
2026-05-08 16:00:00,2026-05-08 14:00:00,7378.0,7380.3,7368.8,7372.3,1146,4,0
2026-05-08 16:15:00,2026-05-08 14:15:00,7372.6,7376.6,7370.3,7375.1,763,4,0
2026-05-08 16:30:00,2026-05-08 14:30:00,7375.6,7380.6,7371.8,7378.8,1517,4,0
2026-05-08 16:45:00,2026-05-08 14:45:00,7378.8,7393.2,7378.8,7393.2,1153,4,0
2026-05-08 17:00:00,2026-05-08 15:00:00,7393.2,7395.6,7389.3,7394.8,1271,4,0
2026-05-08 17:15:00,2026-05-08 15:15:00,7394.8,7402.3,7392.3,7395.1,1001,4,0
2026-05-08 17:30:00,2026-05-08 15:30:00,7394.8,7398.3,7388.1,7398.3,1007,4,0
2026-05-08 17:45:00,2026-05-08 15:45:00,7398.3,7401.1,7396.6,7397.6,706,4,0
2026-05-08 18:00:00,2026-05-08 16:00:00,7397.3,7400.3,7391.3,7392.3,777,4,0
2026-05-08 18:15:00,2026-05-08 16:15:00,7392.3,7396.1,7387.1,7395.6,875,4,0
2026-05-08 18:30:00,2026-05-08 16:30:00,7395.6,7400.3,7389.8,7394.1,932,4,0
2026-05-08 18:45:00,2026-05-08 16:45:00,7394.1,7400.0,7393.0,7395.6,713,4,0
2026-05-08 19:00:00,2026-05-08 17:00:00,7395.6,7401.1,7395.6,7400.3,615,4,0
2026-05-08 19:15:00,2026-05-08 17:15:00,7400.3,7403.8,7398.8,7402.1,512,4,0
2026-05-08 19:30:00,2026-05-08 17:30:00,7402.1,7402.8,7394.8,7394.8,528,4,0
2026-05-08 19:45:00,2026-05-08 17:45:00,7394.8,7399.8,7394.8,7395.3,565,4,0
2026-05-08 20:00:00,2026-05-08 18:00:00,7395.6,7402.3,7394.6,7398.1,636,4,0
2026-05-08 20:15:00,2026-05-08 18:15:00,7398.1,7404.6,7398.1,7403.3,482,4,0
2026-05-08 20:30:00,2026-05-08 18:30:00,7403.3,7405.6,7399.3,7399.3,382,4,0
2026-05-08 20:45:00,2026-05-08 18:45:00,7399.3,7402.3,7397.6,7398.3,462,4,0
2026-05-08 21:00:00,2026-05-08 19:00:00,7398.3,7407.5,7398.1,7404.1,855,4,0
2026-05-08 21:15:00,2026-05-08 19:15:00,7404.1,7406.1,7403.1,7403.8,415,4,0
2026-05-08 21:30:00,2026-05-08 19:30:00,7403.8,7406.3,7398.8,7398.8,344,4,0
2026-05-08 21:45:00,2026-05-08 19:45:00,7399.1,7399.1,7387.3,7390.3,712,4,0
2026-05-08 22:00:00,2026-05-08 20:00:00,7390.3,7396.8,7389.8,7394.6,493,4,0
2026-05-08 22:15:00,2026-05-08 20:15:00,7394.6,7398.3,7392.6,7392.6,423,4,0
2026-05-08 22:30:00,2026-05-08 20:30:00,7392.6,7400.3,7391.3,7399.6,493,4,0
2026-05-08 22:45:00,2026-05-08 20:45:00,7399.6,7401.6,7396.8,7400.6,709,4,0
2026-05-08 23:00:00,2026-05-08 21:00:00,7400.6,7403.8,7398.3,7400.3,396,4,0
2026-05-08 23:15:00,2026-05-08 21:15:00,7400.3,7401.3,7396.8,7400.6,148,4,0
2026-05-08 23:30:00,2026-05-08 21:30:00,7400.6,7401.3,7399.3,7400.8,100,4,0
2026-05-08 23:45:00,2026-05-08 21:45:00,7400.8,7402.1,7399.8,7401.1,88,4,0
2026-05-11 01:00:00,2026-05-10 23:00:00,7387.4,7391.0,7375.2,7381.0,1169,4,0
2026-05-11 01:15:00,2026-05-10 23:15:00,7381.0,7381.5,7372.2,7381.1,912,4,0
2026-05-11 01:30:00,2026-05-10 23:30:00,7381.1,7381.1,7376.9,7380.0,458,4,0
2026-05-11 01:45:00,2026-05-10 23:45:00,7380.0,7387.5,7379.9,7385.7,364,4,0
2026-05-11 02:00:00,2026-05-11 00:00:00,7385.7,7390.2,7384.6,7387.7,523,4,0
2026-05-11 02:15:00,2026-05-11 00:15:00,7387.7,7390.2,7384.9,7385.2,406,4,0
2026-05-11 02:30:00,2026-05-11 00:30:00,7385.2,7386.2,7383.4,7385.2,520,4,0
2026-05-11 02:45:00,2026-05-11 00:45:00,7385.1,7386.7,7382.7,7384.0,843,4,0
2026-05-11 03:00:00,2026-05-11 01:00:00,7384.0,7390.0,7383.7,7389.5,951,4,0
2026-05-11 03:15:00,2026-05-11 01:15:00,7389.5,7392.5,7386.7,7391.7,805,4,0
2026-05-11 03:30:00,2026-05-11 01:30:00,7391.7,7394.0,7391.7,7392.5,349,4,0
2026-05-11 03:45:00,2026-05-11 01:45:00,7392.5,7392.7,7378.5,7383.7,1358,4,0
2026-05-11 04:00:00,2026-05-11 02:00:00,7383.7,7386.7,7379.5,7386.0,1348,4,0
2026-05-11 04:15:00,2026-05-11 02:15:00,7386.0,7391.7,7384.5,7389.7,934,4,0
2026-05-11 04:30:00,2026-05-11 02:30:00,7389.7,7390.5,7387.0,7390.0,1022,4,0
2026-05-11 04:45:00,2026-05-11 02:45:00,7390.0,7392.7,7389.0,7392.5,739,4,0
2026-05-11 05:00:00,2026-05-11 03:00:00,7392.5,7394.2,7390.7,7393.1,661,4,0
2026-05-11 05:15:00,2026-05-11 03:15:00,7393.0,7395.0,7391.5,7394.5,463,4,0
2026-05-11 05:30:00,2026-05-11 03:30:00,7394.5,7395.5,7391.7,7394.0,543,4,0
2026-05-11 05:45:00,2026-05-11 03:45:00,7394.0,7395.0,7392.2,7392.5,292,4,0
2026-05-11 06:00:00,2026-05-11 04:00:00,7392.5,7392.7,7389.1,7392.0,559,4,0
2026-05-11 06:15:00,2026-05-11 04:15:00,7392.0,7394.7,7390.5,7394.5,500,4,0
2026-05-11 06:30:00,2026-05-11 04:30:00,7394.5,7396.6,7393.5,7396.2,481,4,0
2026-05-11 06:45:00,2026-05-11 04:45:00,7396.2,7396.2,7392.5,7392.5,243,4,0
2026-05-11 07:00:00,2026-05-11 05:00:00,7392.5,7392.7,7388.5,7391.0,390,4,0
2026-05-11 07:15:00,2026-05-11 05:15:00,7391.2,7394.0,7391.0,7393.0,177,4,0
2026-05-11 07:30:00,2026-05-11 05:30:00,7393.0,7393.7,7392.5,7392.7,235,4,0
2026-05-11 07:45:00,2026-05-11 05:45:00,7392.7,7394.5,7392.1,7394.2,210,4,0
2026-05-11 08:00:00,2026-05-11 06:00:00,7394.2,7395.2,7393.2,7394.0,235,4,0
2026-05-11 08:15:00,2026-05-11 06:15:00,7394.0,7396.2,7393.2,7395.2,296,4,0
2026-05-11 08:30:00,2026-05-11 06:30:00,7395.2,7396.2,7391.7,7392.2,345,4,0
2026-05-11 08:45:00,2026-05-11 06:45:00,7392.2,7394.0,7391.6,7392.0,387,4,0
2026-05-11 09:00:00,2026-05-11 07:00:00,7392.0,7395.9,7391.7,7395.0,408,4,0
2026-05-11 09:15:00,2026-05-11 07:15:00,7395.0,7397.5,7392.8,7396.3,385,4,0
2026-05-11 09:30:00,2026-05-11 07:30:00,7396.3,7396.5,7391.5,7392.5,472,4,0
2026-05-11 09:45:00,2026-05-11 07:45:00,7392.5,7395.0,7391.0,7394.3,418,4,0
2026-05-11 10:00:00,2026-05-11 08:00:00,7394.3,7395.0,7391.5,7392.0,827,4,0
2026-05-11 10:15:00,2026-05-11 08:15:00,7392.0,7394.8,7391.5,7393.3,604,4,0
2026-05-11 10:30:00,2026-05-11 08:30:00,7393.3,7396.1,7391.5,7393.3,551,4,0
2026-05-11 10:45:00,2026-05-11 08:45:00,7393.3,7395.6,7393.3,7395.6,451,4,0
2026-05-11 11:00:00,2026-05-11 09:00:00,7395.6,7397.8,7391.5,7393.8,811,4,0
2026-05-11 11:15:00,2026-05-11 09:15:00,7393.8,7399.1,7393.8,7393.8,692,4,0
2026-05-11 11:30:00,2026-05-11 09:30:00,7393.5,7396.3,7393.3,7396.0,685,4,0
2026-05-11 11:45:00,2026-05-11 09:45:00,7396.0,7397.6,7395.3,7395.3,478,4,0
2026-05-11 12:00:00,2026-05-11 10:00:00,7395.3,7399.0,7394.3,7396.0,528,4,0
2026-05-11 12:15:00,2026-05-11 10:15:00,7396.0,7399.5,7395.8,7398.0,419,4,0
2026-05-11 12:30:00,2026-05-11 10:30:00,7398.0,7400.8,7397.8,7400.5,303,4,0
2026-05-11 12:45:00,2026-05-11 10:45:00,7400.5,7401.8,7396.3,7396.3,452,4,0
2026-05-11 13:00:00,2026-05-11 11:00:00,7396.3,7398.3,7395.5,7397.0,392,4,0
2026-05-11 13:15:00,2026-05-11 11:15:00,7397.0,7397.8,7395.5,7396.3,314,4,0
2026-05-11 13:30:00,2026-05-11 11:30:00,7396.3,7396.8,7392.5,7395.0,399,4,0
2026-05-11 13:45:00,2026-05-11 11:45:00,7395.0,7395.5,7392.6,7393.6,409,4,0
2026-05-11 14:00:00,2026-05-11 12:00:00,7393.6,7397.0,7393.5,7395.3,486,4,0
2026-05-11 14:15:00,2026-05-11 12:15:00,7395.3,7399.0,7394.3,7398.5,469,4,0
2026-05-11 14:30:00,2026-05-11 12:30:00,7398.5,7401.5,7396.8,7396.8,485,4,0
2026-05-11 14:45:00,2026-05-11 12:45:00,7396.8,7396.8,7392.0,7395.4,518,4,0
2026-05-11 15:00:00,2026-05-11 13:00:00,7395.3,7397.3,7391.0,7391.5,648,4,0
2026-05-11 15:15:00,2026-05-11 13:15:00,7391.5,7393.5,7389.8,7393.0,550,4,0
2026-05-11 15:30:00,2026-05-11 13:30:00,7393.0,7395.8,7390.3,7390.3,441,4,0
2026-05-11 15:45:00,2026-05-11 13:45:00,7390.3,7392.5,7384.4,7390.3,807,4,0
2026-05-11 16:00:00,2026-05-11 14:00:00,7390.3,7394.0,7388.3,7393.5,502,4,0
2026-05-11 16:15:00,2026-05-11 14:15:00,7393.5,7395.3,7390.5,7391.3,458,4,0
2026-05-11 16:30:00,2026-05-11 14:30:00,7391.3,7411.0,7391.3,7410.8,1333,4,0
2026-05-11 16:45:00,2026-05-11 14:45:00,7410.8,7418.5,7410.3,7414.0,1022,4,0
2026-05-11 17:00:00,2026-05-11 15:00:00,7414.0,7417.8,7412.0,7417.5,817,4,0
2026-05-11 17:15:00,2026-05-11 15:15:00,7417.8,7423.3,7411.8,7411.8,705,4,0
2026-05-11 17:30:00,2026-05-11 15:30:00,7411.8,7418.3,7403.0,7416.8,1284,4,0
2026-05-11 17:45:00,2026-05-11 15:45:00,7417.0,7427.0,7414.0,7424.3,817,4,0
2026-05-11 18:00:00,2026-05-11 16:00:00,7424.3,7425.0,7418.3,7418.8,607,4,0
2026-05-11 18:15:00,2026-05-11 16:15:00,7418.8,7428.5,7417.3,7428.3,584,4,0
2026-05-11 18:30:00,2026-05-11 16:30:00,7428.3,7429.5,7424.5,7426.3,570,4,0
2026-05-11 18:45:00,2026-05-11 16:45:00,7426.3,7431.0,7424.8,7429.8,634,4,0
2026-05-11 19:00:00,2026-05-11 17:00:00,7429.8,7430.5,7427.8,7428.8,295,4,0
2026-05-11 19:15:00,2026-05-11 17:15:00,7428.8,7431.8,7427.0,7430.8,331,4,0
2026-05-11 19:30:00,2026-05-11 17:30:00,7430.8,7431.8,7416.3,7424.3,701,4,0
2026-05-11 19:45:00,2026-05-11 17:45:00,7424.3,7426.5,7418.0,7420.8,778,4,0
2026-05-11 20:00:00,2026-05-11 18:00:00,7420.8,7424.0,7417.5,7418.0,552,4,0
2026-05-11 20:15:00,2026-05-11 18:15:00,7418.0,7426.3,7416.0,7425.5,626,4,0
2026-05-11 20:30:00,2026-05-11 18:30:00,7425.5,7434.3,7425.5,7434.0,412,4,0
2026-05-11 20:45:00,2026-05-11 18:45:00,7434.0,7435.0,7429.3,7429.5,378,4,0
2026-05-11 21:00:00,2026-05-11 19:00:00,7429.5,7434.0,7429.4,7431.0,319,4,0
2026-05-11 21:15:00,2026-05-11 19:15:00,7431.0,7432.8,7428.5,7431.0,395,4,0
2026-05-11 21:30:00,2026-05-11 19:30:00,7431.0,7431.0,7423.8,7425.3,437,4,0
2026-05-11 21:45:00,2026-05-11 19:45:00,7425.1,7425.5,7412.5,7412.8,626,4,0
2026-05-11 22:00:00,2026-05-11 20:00:00,7412.8,7419.3,7409.5,7415.3,875,4,0
2026-05-11 22:15:00,2026-05-11 20:15:00,7415.3,7415.5,7409.0,7412.8,665,4,0
2026-05-11 22:30:00,2026-05-11 20:30:00,7412.8,7416.3,7409.8,7409.8,548,4,0
2026-05-11 22:45:00,2026-05-11 20:45:00,7409.8,7419.7,7409.3,7419.7,716,4,0
2026-05-11 23:00:00,2026-05-11 21:00:00,7420.0,7421.4,7408.2,7416.0,611,4,0
2026-05-11 23:15:00,2026-05-11 21:15:00,7416.0,7417.0,7413.0,7415.7,370,4,0
2026-05-11 23:30:00,2026-05-11 21:30:00,7415.7,7418.0,7415.5,7417.0,187,4,0
2026-05-11 23:45:00,2026-05-11 21:45:00,7417.0,7418.0,7414.7,7416.2,175,4,0
2026-05-12 01:00:00,2026-05-11 23:00:00,7417.9,7422.5,7416.9,7422.4,442,4,0
2026-05-12 01:15:00,2026-05-11 23:15:00,7422.4,7423.9,7421.9,7423.1,197,4,0
2026-05-12 01:30:00,2026-05-11 23:30:00,7423.1,7425.1,7423.0,7425.0,158,4,0
2026-05-12 01:45:00,2026-05-11 23:45:00,7425.0,7425.5,7422.7,7423.0,140,4,0
2026-05-12 02:00:00,2026-05-12 00:00:00,7423.0,7423.5,7422.3,7422.5,174,4,0
2026-05-12 02:15:00,2026-05-12 00:15:00,7422.5,7423.5,7420.5,7423.3,194,4,0
2026-05-12 02:30:00,2026-05-12 00:30:00,7423.3,7423.3,7421.5,7422.4,168,4,0
2026-05-12 02:45:00,2026-05-12 00:45:00,7422.4,7422.5,7418.8,7420.5,395,4,0
2026-05-12 03:00:00,2026-05-12 01:00:00,7420.5,7420.5,7414.0,7414.9,1147,4,0
2026-05-12 03:15:00,2026-05-12 01:15:00,7414.9,7416.3,7410.5,7413.8,764,4,0
2026-05-12 03:30:00,2026-05-12 01:30:00,7413.8,7416.3,7411.3,7412.3,591,4,0
2026-05-12 03:45:00,2026-05-12 01:45:00,7412.3,7413.8,7411.3,7411.8,367,4,0
2026-05-12 04:00:00,2026-05-12 02:00:00,7411.8,7413.8,7410.8,7412.0,634,4,0
2026-05-12 04:15:00,2026-05-12 02:15:00,7412.0,7412.0,7405.3,7406.3,758,4,0
2026-05-12 04:30:00,2026-05-12 02:30:00,7406.3,7407.3,7393.0,7398.5,1288,4,0
2026-05-12 04:45:00,2026-05-12 02:45:00,7398.5,7403.5,7398.1,7401.0,1372,4,0
2026-05-12 05:00:00,2026-05-12 03:00:00,7400.9,7410.8,7399.6,7409.8,1160,4,0
2026-05-12 05:15:00,2026-05-12 03:15:00,7409.8,7410.0,7405.4,7407.8,940,4,0
2026-05-12 05:30:00,2026-05-12 03:30:00,7407.8,7408.8,7405.3,7406.8,741,4,0
2026-05-12 05:45:00,2026-05-12 03:45:00,7406.8,7412.5,7406.8,7411.3,576,4,0
2026-05-12 06:00:00,2026-05-12 04:00:00,7411.3,7412.3,7407.3,7409.3,744,4,0
2026-05-12 06:15:00,2026-05-12 04:15:00,7409.3,7409.5,7407.8,7408.8,363,4,0
2026-05-12 06:30:00,2026-05-12 04:30:00,7408.8,7411.5,7408.8,7410.5,349,4,0
2026-05-12 06:45:00,2026-05-12 04:45:00,7410.5,7410.9,7406.3,7407.3,371,4,0
2026-05-12 07:00:00,2026-05-12 05:00:00,7407.3,7409.5,7406.8,7407.0,472,4,0
2026-05-12 07:15:00,2026-05-12 05:15:00,7407.0,7409.5,7406.8,7407.8,449,4,0
2026-05-12 07:30:00,2026-05-12 05:30:00,7407.8,7409.3,7407.0,7409.0,270,4,0
2026-05-12 07:45:00,2026-05-12 05:45:00,7409.0,7409.5,7402.8,7402.8,569,4,0
2026-05-12 08:00:00,2026-05-12 06:00:00,7402.8,7405.3,7401.1,7402.0,638,4,0
2026-05-12 08:15:00,2026-05-12 06:15:00,7402.0,7406.0,7400.4,7404.8,659,4,0
2026-05-12 08:30:00,2026-05-12 06:30:00,7404.8,7405.3,7400.8,7401.8,588,4,0
2026-05-12 08:45:00,2026-05-12 06:45:00,7401.8,7406.0,7401.8,7403.5,781,4,0
2026-05-12 09:00:00,2026-05-12 07:00:00,7403.5,7404.4,7399.8,7401.5,850,4,0
2026-05-12 09:15:00,2026-05-12 07:15:00,7401.5,7402.8,7397.0,7397.8,595,4,0
2026-05-12 09:30:00,2026-05-12 07:30:00,7397.8,7398.8,7394.0,7395.8,434,4,0
2026-05-12 09:45:00,2026-05-12 07:45:00,7395.8,7396.9,7390.0,7390.8,641,4,0
2026-05-12 10:00:00,2026-05-12 08:00:00,7390.8,7392.4,7384.3,7391.5,1027,4,0
2026-05-12 10:15:00,2026-05-12 08:15:00,7391.5,7398.3,7391.5,7394.7,891,4,0
2026-05-12 10:30:00,2026-05-12 08:30:00,7394.7,7399.0,7394.3,7397.0,852,4,0
2026-05-12 10:45:00,2026-05-12 08:45:00,7397.0,7399.3,7395.5,7397.8,636,4,0
2026-05-12 11:00:00,2026-05-12 09:00:00,7397.9,7398.4,7389.5,7389.5,957,4,0
2026-05-12 11:15:00,2026-05-12 09:15:00,7389.5,7393.3,7387.5,7392.0,1007,4,0
2026-05-12 11:30:00,2026-05-12 09:30:00,7392.0,7393.0,7388.3,7389.0,774,4,0
2026-05-12 11:45:00,2026-05-12 09:45:00,7388.9,7391.5,7387.8,7391.5,783,4,0
2026-05-12 12:00:00,2026-05-12 10:00:00,7391.5,7393.2,7385.3,7390.3,963,4,0
2026-05-12 12:15:00,2026-05-12 10:15:00,7390.3,7393.3,7388.0,7391.5,673,4,0
2026-05-12 12:30:00,2026-05-12 10:30:00,7391.5,7398.3,7391.5,7392.0,1125,4,0
2026-05-12 12:45:00,2026-05-12 10:45:00,7392.0,7395.0,7391.3,7393.4,628,4,0
2026-05-12 13:00:00,2026-05-12 11:00:00,7393.3,7398.0,7393.3,7397.2,564,4,0
2026-05-12 13:15:00,2026-05-12 11:15:00,7397.2,7397.2,7392.3,7394.3,478,4,0
2026-05-12 13:30:00,2026-05-12 11:30:00,7394.3,7394.8,7389.8,7391.5,697,4,0
2026-05-12 13:45:00,2026-05-12 11:45:00,7391.5,7394.0,7389.0,7394.0,613,4,0
2026-05-12 14:00:00,2026-05-12 12:00:00,7393.8,7395.5,7384.0,7387.0,1211,4,0
2026-05-12 14:15:00,2026-05-12 12:15:00,7387.0,7388.3,7384.8,7388.0,854,4,0
2026-05-12 14:30:00,2026-05-12 12:30:00,7388.0,7393.5,7387.8,7391.0,637,4,0
2026-05-12 14:45:00,2026-05-12 12:45:00,7391.0,7393.0,7389.5,7389.8,496,4,0
2026-05-12 15:00:00,2026-05-12 13:00:00,7389.8,7390.3,7384.0,7389.4,741,4,0
2026-05-12 15:15:00,2026-05-12 13:15:00,7389.4,7389.6,7384.8,7389.3,795,4,0
2026-05-12 15:30:00,2026-05-12 13:30:00,7388.2,7398.3,7380.9,7396.3,1634,4,0
2026-05-12 15:45:00,2026-05-12 13:45:00,7396.3,7402.5,7396.0,7401.5,722,4,0
2026-05-12 16:00:00,2026-05-12 14:00:00,7401.4,7402.7,7397.8,7400.3,697,4,0
2026-05-12 16:15:00,2026-05-12 14:15:00,7400.3,7400.3,7395.0,7396.3,578,4,0
2026-05-12 16:30:00,2026-05-12 14:30:00,7396.3,7399.0,7382.3,7394.0,1685,4,0
2026-05-12 16:45:00,2026-05-12 14:45:00,7394.0,7395.8,7375.8,7378.0,1734,4,0
2026-05-12 17:00:00,2026-05-12 15:00:00,7378.0,7388.3,7373.5,7387.8,1863,4,0
2026-05-12 17:15:00,2026-05-12 15:15:00,7388.0,7390.5,7372.8,7376.0,1316,4,0
2026-05-12 17:30:00,2026-05-12 15:30:00,7376.3,7378.8,7362.3,7373.3,1699,4,0
2026-05-12 17:45:00,2026-05-12 15:45:00,7373.3,7373.3,7363.5,7364.8,1356,4,0
2026-05-12 18:00:00,2026-05-12 16:00:00,7364.8,7367.5,7359.0,7359.3,1246,4,0
2026-05-12 18:15:00,2026-05-12 16:15:00,7359.3,7359.3,7345.3,7350.0,1384,4,0
2026-05-12 18:30:00,2026-05-12 16:30:00,7350.5,7362.5,7348.3,7362.3,1287,4,0
2026-05-12 18:45:00,2026-05-12 16:45:00,7362.3,7364.5,7350.8,7352.0,1174,4,0
2026-05-12 19:00:00,2026-05-12 17:00:00,7351.9,7361.8,7348.3,7360.5,1121,4,0
2026-05-12 19:15:00,2026-05-12 17:15:00,7360.5,7361.0,7352.8,7354.5,966,4,0
2026-05-12 19:30:00,2026-05-12 17:30:00,7354.5,7357.3,7349.0,7351.4,979,4,0
2026-05-12 19:45:00,2026-05-12 17:45:00,7351.3,7353.0,7345.5,7348.3,1032,4,0
2026-05-12 20:00:00,2026-05-12 18:00:00,7348.3,7361.0,7347.3,7360.3,1022,4,0
2026-05-12 20:15:00,2026-05-12 18:15:00,7360.3,7376.8,7360.3,7370.5,1025,4,0
2026-05-12 20:30:00,2026-05-12 18:30:00,7370.5,7377.0,7368.8,7375.0,765,4,0
2026-05-12 20:45:00,2026-05-12 18:45:00,7375.0,7379.0,7371.3,7377.9,711,4,0
2026-05-12 21:00:00,2026-05-12 19:00:00,7377.8,7379.7,7374.0,7377.8,817,4,0
2026-05-12 21:15:00,2026-05-12 19:15:00,7377.8,7391.8,7377.3,7388.8,769,4,0
2026-05-12 21:30:00,2026-05-12 19:30:00,7388.8,7391.8,7385.5,7389.0,655,4,0
2026-05-12 21:45:00,2026-05-12 19:45:00,7389.3,7392.3,7384.5,7387.0,641,4,0
2026-05-12 22:00:00,2026-05-12 20:00:00,7387.0,7400.3,7387.0,7398.0,605,4,0
2026-05-12 22:15:00,2026-05-12 20:15:00,7398.0,7401.3,7392.4,7397.8,680,4,0
2026-05-12 22:30:00,2026-05-12 20:30:00,7397.8,7407.5,7397.8,7406.8,580,4,0
2026-05-12 22:45:00,2026-05-12 20:45:00,7406.8,7415.5,7404.5,7409.8,960,4,0
2026-05-12 23:00:00,2026-05-12 21:00:00,7409.8,7410.0,7397.5,7401.8,533,4,0
2026-05-12 23:15:00,2026-05-12 21:15:00,7401.8,7403.8,7398.3,7401.3,320,4,0
2026-05-12 23:30:00,2026-05-12 21:30:00,7401.3,7402.8,7398.0,7401.8,252,4,0
2026-05-12 23:45:00,2026-05-12 21:45:00,7401.8,7404.3,7401.5,7402.0,110,4,0
2026-05-13 01:00:00,2026-05-12 23:00:00,7404.1,7407.3,7403.0,7405.3,548,4,0
2026-05-13 01:15:00,2026-05-12 23:15:00,7405.3,7409.8,7405.0,7408.0,317,4,0
2026-05-13 01:30:00,2026-05-12 23:30:00,7408.0,7408.9,7406.8,7407.0,293,4,0
2026-05-13 01:45:00,2026-05-12 23:45:00,7407.0,7408.3,7404.0,7404.1,250,4,0
2026-05-13 02:00:00,2026-05-13 00:00:00,7404.0,7405.6,7402.0,7402.8,403,4,0
2026-05-13 02:15:00,2026-05-13 00:15:00,7402.8,7404.0,7401.1,7401.8,381,4,0
2026-05-13 02:30:00,2026-05-13 00:30:00,7401.8,7401.8,7394.6,7395.4,504,4,0
2026-05-13 02:45:00,2026-05-13 00:45:00,7395.4,7398.6,7394.2,7394.2,551,4,0
2026-05-13 03:00:00,2026-05-13 01:00:00,7394.3,7398.8,7392.5,7395.0,1626,4,0
2026-05-13 03:15:00,2026-05-13 01:15:00,7395.0,7405.5,7394.8,7399.5,1157,4,0
2026-05-13 03:30:00,2026-05-13 01:30:00,7399.8,7404.3,7397.3,7402.3,936,4,0
2026-05-13 03:45:00,2026-05-13 01:45:00,7402.3,7403.5,7398.2,7402.8,841,4,0
2026-05-13 04:00:00,2026-05-13 02:00:00,7402.8,7408.0,7402.3,7407.3,718,4,0
2026-05-13 04:15:00,2026-05-13 02:15:00,7407.3,7409.3,7404.2,7409.3,714,4,0
2026-05-13 04:30:00,2026-05-13 02:30:00,7409.3,7412.3,7407.3,7411.8,671,4,0
2026-05-13 04:45:00,2026-05-13 02:45:00,7411.8,7418.8,7410.8,7411.3,624,4,0
2026-05-13 05:00:00,2026-05-13 03:00:00,7411.3,7413.3,7407.8,7410.0,560,4,0
2026-05-13 05:15:00,2026-05-13 03:15:00,7410.0,7413.8,7409.5,7413.5,387,4,0
2026-05-13 05:30:00,2026-05-13 03:30:00,7413.5,7414.3,7411.5,7412.0,234,4,0
2026-05-13 05:45:00,2026-05-13 03:45:00,7412.0,7412.8,7410.5,7411.6,373,4,0
2026-05-13 06:00:00,2026-05-13 04:00:00,7411.5,7412.0,7408.0,7408.3,488,4,0
2026-05-13 06:15:00,2026-05-13 04:15:00,7408.3,7413.3,7408.3,7413.3,381,4,0
2026-05-13 06:30:00,2026-05-13 04:30:00,7413.3,7418.3,7413.3,7417.8,367,4,0
2026-05-13 06:45:00,2026-05-13 04:45:00,7417.8,7417.8,7415.5,7416.5,286,4,0
2026-05-13 07:00:00,2026-05-13 05:00:00,7416.5,7418.0,7415.8,7417.3,280,4,0
2026-05-13 07:15:00,2026-05-13 05:15:00,7417.3,7418.8,7416.8,7418.0,117,4,0
2026-05-13 07:30:00,2026-05-13 05:30:00,7418.0,7419.8,7415.5,7418.3,249,4,0
2026-05-13 07:45:00,2026-05-13 05:45:00,7418.3,7420.8,7418.0,7419.8,208,4,0
2026-05-13 08:00:00,2026-05-13 06:00:00,7419.8,7423.3,7418.0,7421.5,405,4,0
2026-05-13 08:15:00,2026-05-13 06:15:00,7421.5,7423.5,7420.0,7422.5,271,4,0
2026-05-13 08:30:00,2026-05-13 06:30:00,7422.5,7423.5,7420.8,7421.3,265,4,0
2026-05-13 08:45:00,2026-05-13 06:45:00,7421.4,7422.3,7420.5,7421.8,300,4,0
2026-05-13 09:00:00,2026-05-13 07:00:00,7421.8,7424.0,7421.0,7423.8,284,4,0
2026-05-13 09:15:00,2026-05-13 07:15:00,7423.8,7425.8,7420.8,7421.3,445,4,0
2026-05-13 09:30:00,2026-05-13 07:30:00,7421.3,7422.3,7420.3,7420.5,265,4,0
2026-05-13 09:45:00,2026-05-13 07:45:00,7420.5,7420.5,7416.8,7419.8,352,4,0
2026-05-13 10:00:00,2026-05-13 08:00:00,7419.8,7421.5,7416.5,7419.5,705,4,0
2026-05-13 10:15:00,2026-05-13 08:15:00,7419.5,7420.5,7418.5,7420.2,552,4,0
2026-05-13 10:30:00,2026-05-13 08:30:00,7420.2,7426.8,7419.5,7426.5,479,4,0
2026-05-13 10:45:00,2026-05-13 08:45:00,7426.5,7428.8,7425.3,7427.3,429,4,0
2026-05-13 11:00:00,2026-05-13 09:00:00,7427.3,7434.0,7426.5,7433.8,618,4,0
2026-05-13 11:15:00,2026-05-13 09:15:00,7433.8,7435.5,7433.0,7434.7,432,4,0
2026-05-13 11:30:00,2026-05-13 09:30:00,7434.7,7436.3,7433.8,7434.8,283,4,0
2026-05-13 11:45:00,2026-05-13 09:45:00,7434.8,7435.0,7428.5,7429.8,509,4,0
2026-05-13 12:00:00,2026-05-13 10:00:00,7429.8,7430.0,7424.0,7424.3,567,4,0
2026-05-13 12:15:00,2026-05-13 10:15:00,7424.5,7426.3,7422.8,7423.8,514,4,0
2026-05-13 12:30:00,2026-05-13 10:30:00,7423.8,7428.3,7421.8,7427.9,599,4,0
2026-05-13 12:45:00,2026-05-13 10:45:00,7427.8,7430.0,7426.4,7429.5,440,4,0
2026-05-13 13:00:00,2026-05-13 11:00:00,7429.5,7431.5,7424.4,7426.0,508,4,0
2026-05-13 13:15:00,2026-05-13 11:15:00,7426.0,7428.4,7424.2,7424.9,732,4,0
2026-05-13 13:30:00,2026-05-13 11:30:00,7424.9,7426.3,7421.8,7426.0,604,4,0
2026-05-13 13:45:00,2026-05-13 11:45:00,7426.0,7427.5,7423.8,7425.0,287,4,0
2026-05-13 14:00:00,2026-05-13 12:00:00,7425.0,7427.5,7421.2,7423.0,650,4,0
2026-05-13 14:15:00,2026-05-13 12:15:00,7423.2,7424.3,7420.8,7423.0,406,4,0
2026-05-13 14:30:00,2026-05-13 12:30:00,7423.0,7426.8,7422.2,7424.5,471,4,0
2026-05-13 14:45:00,2026-05-13 12:45:00,7424.5,7425.3,7422.5,7423.8,389,4,0
2026-05-13 15:00:00,2026-05-13 13:00:00,7423.8,7428.5,7422.8,7423.3,379,4,0
2026-05-13 15:15:00,2026-05-13 13:15:00,7423.3,7423.8,7415.0,7421.2,595,4,0
2026-05-13 15:30:00,2026-05-13 13:30:00,7421.2,7421.2,7399.0,7405.0,1780,4,0
2026-05-13 15:45:00,2026-05-13 13:45:00,7405.0,7407.0,7400.3,7403.5,957,4,0
2026-05-13 16:00:00,2026-05-13 14:00:00,7403.5,7414.5,7403.5,7413.8,676,4,0
2026-05-13 16:15:00,2026-05-13 14:15:00,7413.8,7417.3,7411.0,7412.0,471,4,0
2026-05-13 16:30:00,2026-05-13 14:30:00,7412.0,7412.0,7392.0,7395.8,1650,4,0
2026-05-13 16:45:00,2026-05-13 14:45:00,7395.8,7399.0,7381.5,7395.8,1777,4,0
2026-05-13 17:00:00,2026-05-13 15:00:00,7395.8,7403.3,7394.7,7402.8,1626,4,0
2026-05-13 17:15:00,2026-05-13 15:15:00,7402.8,7414.0,7398.3,7410.0,1181,4,0
2026-05-13 17:30:00,2026-05-13 15:30:00,7410.0,7413.8,7404.5,7410.8,1139,4,0
2026-05-13 17:45:00,2026-05-13 15:45:00,7410.8,7416.8,7407.8,7415.3,799,4,0
2026-05-13 18:00:00,2026-05-13 16:00:00,7415.5,7420.5,7413.8,7416.5,714,4,0
2026-05-13 18:15:00,2026-05-13 16:15:00,7416.5,7420.8,7416.3,7419.8,502,4,0
2026-05-13 18:30:00,2026-05-13 16:30:00,7419.5,7429.3,7416.5,7428.0,597,4,0
2026-05-13 18:45:00,2026-05-13 16:45:00,7428.0,7428.3,7422.3,7424.3,597,4,0
2026-05-13 19:00:00,2026-05-13 17:00:00,7424.3,7434.0,7422.3,7433.5,569,4,0
2026-05-13 19:15:00,2026-05-13 17:15:00,7433.5,7447.0,7432.0,7444.8,933,4,0
2026-05-13 19:30:00,2026-05-13 17:30:00,7444.7,7446.0,7441.4,7443.3,616,4,0
2026-05-13 19:45:00,2026-05-13 17:45:00,7443.3,7450.0,7441.5,7447.5,518,4,0
2026-05-13 20:00:00,2026-05-13 18:00:00,7447.8,7456.3,7447.8,7453.8,577,4,0
2026-05-13 20:15:00,2026-05-13 18:15:00,7453.8,7455.3,7450.3,7453.5,437,4,0
2026-05-13 20:30:00,2026-05-13 18:30:00,7453.3,7454.0,7449.0,7453.3,485,4,0
2026-05-13 20:45:00,2026-05-13 18:45:00,7453.3,7454.8,7448.5,7448.5,403,4,0
2026-05-13 21:00:00,2026-05-13 19:00:00,7448.5,7461.0,7448.3,7460.5,569,4,0
2026-05-13 21:15:00,2026-05-13 19:15:00,7460.5,7466.0,7460.5,7462.8,665,4,0
2026-05-13 21:30:00,2026-05-13 19:30:00,7462.8,7462.8,7455.8,7455.8,526,4,0
2026-05-13 21:45:00,2026-05-13 19:45:00,7455.8,7460.8,7453.0,7453.8,550,4,0
2026-05-13 22:00:00,2026-05-13 20:00:00,7453.8,7462.9,7453.8,7462.8,525,4,0
2026-05-13 22:15:00,2026-05-13 20:15:00,7462.8,7464.5,7457.5,7462.0,455,4,0
2026-05-13 22:30:00,2026-05-13 20:30:00,7462.3,7462.8,7457.5,7462.0,355,4,0
2026-05-13 22:45:00,2026-05-13 20:45:00,7462.3,7463.5,7450.3,7451.5,895,4,0
2026-05-13 23:00:00,2026-05-13 21:00:00,7450.8,7456.0,7449.3,7455.0,491,4,0
2026-05-13 23:15:00,2026-05-13 21:15:00,7455.0,7456.8,7454.5,7456.5,196,4,0
2026-05-13 23:30:00,2026-05-13 21:30:00,7456.5,7460.3,7456.5,7459.0,115,4,0
2026-05-13 23:45:00,2026-05-13 21:45:00,7459.0,7459.0,7457.3,7458.5,86,4,0
2026-05-14 01:00:00,2026-05-13 23:00:00,7458.4,7461.6,7455.7,7459.9,504,4,0
2026-05-14 01:15:00,2026-05-13 23:15:00,7459.9,7462.1,7457.4,7458.6,360,4,0
2026-05-14 01:30:00,2026-05-13 23:30:00,7458.6,7461.1,7458.4,7461.1,227,4,0
2026-05-14 01:45:00,2026-05-13 23:45:00,7461.1,7464.6,7460.6,7461.9,420,4,0
2026-05-14 02:00:00,2026-05-14 00:00:00,7461.9,7466.9,7461.9,7465.6,427,4,0
2026-05-14 02:15:00,2026-05-14 00:15:00,7465.5,7465.6,7462.1,7462.6,293,4,0
2026-05-14 02:30:00,2026-05-14 00:30:00,7462.6,7463.4,7460.1,7461.5,285,4,0
2026-05-14 02:45:00,2026-05-14 00:45:00,7461.5,7463.9,7460.4,7463.4,493,4,0
2026-05-14 03:00:00,2026-05-14 01:00:00,7463.1,7464.1,7458.6,7464.1,1088,4,0
2026-05-14 03:15:00,2026-05-14 01:15:00,7464.1,7468.1,7463.0,7467.2,974,4,0
2026-05-14 03:30:00,2026-05-14 01:30:00,7467.2,7471.6,7467.2,7469.4,709,4,0
2026-05-14 03:45:00,2026-05-14 01:45:00,7469.4,7471.9,7468.9,7470.7,504,4,0
2026-05-14 04:00:00,2026-05-14 02:00:00,7470.7,7470.8,7467.4,7468.1,562,4,0
2026-05-14 04:15:00,2026-05-14 02:15:00,7468.1,7469.6,7465.4,7469.3,568,4,0
2026-05-14 04:30:00,2026-05-14 02:30:00,7469.3,7470.1,7464.1,7465.6,575,4,0
2026-05-14 04:45:00,2026-05-14 02:45:00,7465.6,7465.6,7460.9,7461.6,721,4,0
2026-05-14 05:00:00,2026-05-14 03:00:00,7461.6,7464.6,7460.6,7462.9,694,4,0
2026-05-14 05:15:00,2026-05-14 03:15:00,7462.9,7465.1,7461.9,7464.6,495,4,0
2026-05-14 05:30:00,2026-05-14 03:30:00,7464.6,7466.9,7464.0,7465.6,420,4,0
2026-05-14 05:45:00,2026-05-14 03:45:00,7465.6,7465.9,7459.4,7461.6,665,4,0
2026-05-14 06:00:00,2026-05-14 04:00:00,7461.6,7465.0,7460.6,7464.1,450,4,0
2026-05-14 06:15:00,2026-05-14 04:15:00,7464.1,7465.7,7460.4,7463.1,464,4,0
2026-05-14 06:30:00,2026-05-14 04:30:00,7463.1,7463.6,7456.9,7458.1,673,4,0
2026-05-14 06:45:00,2026-05-14 04:45:00,7458.1,7458.9,7454.9,7456.4,518,4,0
2026-05-14 07:00:00,2026-05-14 05:00:00,7456.4,7458.2,7454.1,7457.9,522,4,0
2026-05-14 07:15:00,2026-05-14 05:15:00,7457.9,7461.4,7457.1,7460.4,350,4,0
2026-05-14 07:30:00,2026-05-14 05:30:00,7460.4,7463.1,7460.4,7461.9,310,4,0
2026-05-14 07:45:00,2026-05-14 05:45:00,7461.9,7464.6,7459.9,7460.4,665,4,0
2026-05-14 08:00:00,2026-05-14 06:00:00,7460.4,7462.6,7459.1,7459.1,830,4,0
2026-05-14 08:15:00,2026-05-14 06:15:00,7459.1,7460.8,7456.4,7459.9,760,4,0
2026-05-14 08:30:00,2026-05-14 06:30:00,7459.9,7461.6,7457.9,7459.9,759,4,0
2026-05-14 08:45:00,2026-05-14 06:45:00,7459.9,7469.1,7459.9,7466.1,1243,4,0
2026-05-14 09:00:00,2026-05-14 07:00:00,7466.1,7472.1,7466.1,7470.1,848,4,0
2026-05-14 09:15:00,2026-05-14 07:15:00,7470.1,7472.1,7468.4,7469.6,556,4,0
2026-05-14 09:30:00,2026-05-14 07:30:00,7469.6,7472.1,7469.4,7471.1,469,4,0
2026-05-14 09:45:00,2026-05-14 07:45:00,7471.1,7471.9,7467.9,7468.1,702,4,0
2026-05-14 10:00:00,2026-05-14 08:00:00,7468.1,7469.6,7464.5,7466.6,1007,4,0
2026-05-14 10:15:00,2026-05-14 08:15:00,7466.6,7468.4,7465.9,7467.5,680,4,0
2026-05-14 10:30:00,2026-05-14 08:30:00,7467.5,7471.9,7467.4,7469.9,568,4,0
2026-05-14 10:45:00,2026-05-14 08:45:00,7469.9,7471.5,7461.1,7462.4,606,4,0
2026-05-14 11:00:00,2026-05-14 09:00:00,7462.4,7469.6,7461.1,7469.5,1023,4,0
2026-05-14 11:15:00,2026-05-14 09:15:00,7469.5,7474.6,7469.1,7471.1,830,4,0
2026-05-14 11:30:00,2026-05-14 09:30:00,7471.0,7474.0,7465.9,7466.6,892,4,0
2026-05-14 11:45:00,2026-05-14 09:45:00,7466.6,7471.1,7465.1,7470.9,709,4,0
2026-05-14 12:00:00,2026-05-14 10:00:00,7470.9,7473.1,7466.1,7468.4,772,4,0
2026-05-14 12:15:00,2026-05-14 10:15:00,7468.4,7468.9,7465.1,7466.0,684,4,0
2026-05-14 12:30:00,2026-05-14 10:30:00,7466.1,7467.5,7458.1,7463.6,1022,4,0
2026-05-14 12:45:00,2026-05-14 10:45:00,7463.8,7469.6,7462.6,7468.1,626,4,0
2026-05-14 13:00:00,2026-05-14 11:00:00,7468.1,7479.1,7467.6,7472.1,754,4,0
2026-05-14 13:15:00,2026-05-14 11:15:00,7472.1,7476.6,7470.9,7472.1,1072,4,0
2026-05-14 13:30:00,2026-05-14 11:30:00,7472.1,7473.4,7466.4,7468.4,643,4,0
2026-05-14 13:45:00,2026-05-14 11:45:00,7468.4,7475.6,7467.1,7471.4,911,4,0
2026-05-14 14:00:00,2026-05-14 12:00:00,7471.4,7477.9,7470.9,7476.4,696,4,0
2026-05-14 14:15:00,2026-05-14 12:15:00,7476.4,7476.9,7468.1,7469.6,690,4,0
2026-05-14 14:30:00,2026-05-14 12:30:00,7469.6,7473.6,7469.6,7473.1,474,4,0
2026-05-14 14:45:00,2026-05-14 12:45:00,7473.1,7477.9,7473.1,7474.0,466,4,0
2026-05-14 15:00:00,2026-05-14 13:00:00,7473.9,7479.6,7473.9,7477.1,548,4,0
2026-05-14 15:15:00,2026-05-14 13:15:00,7477.1,7482.1,7476.9,7479.6,527,4,0
2026-05-14 15:30:00,2026-05-14 13:30:00,7479.6,7479.9,7475.4,7475.4,539,4,0
2026-05-14 15:45:00,2026-05-14 13:45:00,7475.4,7475.6,7469.4,7472.6,583,4,0
2026-05-14 16:00:00,2026-05-14 14:00:00,7472.6,7472.6,7464.9,7467.9,495,4,0
2026-05-14 16:15:00,2026-05-14 14:15:00,7467.9,7470.1,7463.9,7463.9,530,4,0
2026-05-14 16:30:00,2026-05-14 14:30:00,7463.9,7483.4,7462.9,7481.4,1387,4,0
2026-05-14 16:45:00,2026-05-14 14:45:00,7481.2,7486.4,7469.7,7471.7,1596,4,0
2026-05-14 17:00:00,2026-05-14 15:00:00,7471.2,7483.4,7469.9,7482.2,1505,4,0
2026-05-14 17:15:00,2026-05-14 15:15:00,7482.2,7490.9,7481.9,7486.7,1138,4,0
2026-05-14 17:30:00,2026-05-14 15:30:00,7486.7,7497.7,7484.7,7497.4,967,4,0
2026-05-14 17:45:00,2026-05-14 15:45:00,7497.4,7503.2,7497.4,7499.4,833,4,0
2026-05-14 18:00:00,2026-05-14 16:00:00,7499.4,7507.9,7498.7,7507.9,686,4,0
2026-05-14 18:15:00,2026-05-14 16:15:00,7507.9,7515.9,7507.9,7512.9,663,4,0
2026-05-14 18:30:00,2026-05-14 16:30:00,7512.9,7515.9,7509.9,7515.2,727,4,0
2026-05-14 18:45:00,2026-05-14 16:45:00,7515.2,7520.4,7513.7,7520.4,504,4,0
2026-05-14 19:00:00,2026-05-14 17:00:00,7520.2,7522.9,7516.7,7516.9,529,4,0
2026-05-14 19:15:00,2026-05-14 17:15:00,7516.9,7520.9,7505.9,7507.4,718,4,0
2026-05-14 19:30:00,2026-05-14 17:30:00,7507.4,7510.7,7501.2,7505.9,1084,4,0
2026-05-14 19:45:00,2026-05-14 17:45:00,7505.7,7509.7,7498.9,7505.7,1129,4,0
2026-05-14 20:00:00,2026-05-14 18:00:00,7505.7,7510.4,7496.9,7497.9,1019,4,0
2026-05-14 20:15:00,2026-05-14 18:15:00,7497.9,7499.2,7490.2,7496.7,1603,4,0
2026-05-14 20:30:00,2026-05-14 18:30:00,7496.7,7506.7,7494.4,7504.7,1021,4,0
2026-05-14 20:45:00,2026-05-14 18:45:00,7504.7,7509.9,7504.4,7504.4,676,4,0
2026-05-14 21:00:00,2026-05-14 19:00:00,7504.5,7505.7,7493.9,7505.7,1294,4,0
2026-05-14 21:15:00,2026-05-14 19:15:00,7505.7,7510.4,7501.2,7502.9,794,4,0
2026-05-14 21:30:00,2026-05-14 19:30:00,7502.9,7508.4,7501.2,7504.9,660,4,0
2026-05-14 21:45:00,2026-05-14 19:45:00,7504.9,7510.9,7502.7,7510.4,580,4,0
2026-05-14 22:00:00,2026-05-14 20:00:00,7510.4,7514.2,7509.2,7511.4,610,4,0
2026-05-14 22:15:00,2026-05-14 20:15:00,7511.4,7513.7,7507.7,7507.9,506,4,0
2026-05-14 22:30:00,2026-05-14 20:30:00,7508.2,7514.2,7507.2,7512.7,503,4,0
2026-05-14 22:45:00,2026-05-14 20:45:00,7512.7,7513.4,7505.7,7509.1,819,4,0
2026-05-14 23:00:00,2026-05-14 21:00:00,7508.9,7512.9,7508.9,7509.9,373,4,0
2026-05-14 23:15:00,2026-05-14 21:15:00,7509.9,7510.2,7501.6,7502.6,396,4,0
2026-05-14 23:30:00,2026-05-14 21:30:00,7502.4,7504.6,7501.6,7503.1,343,4,0
2026-05-14 23:45:00,2026-05-14 21:45:00,7503.1,7505.6,7502.9,7504.1,177,4,0
2026-05-15 01:00:00,2026-05-14 23:00:00,7505.5,7509.1,7503.9,7506.0,488,4,0
2026-05-15 01:15:00,2026-05-14 23:15:00,7506.0,7506.3,7503.0,7506.3,365,4,0
2026-05-15 01:30:00,2026-05-14 23:30:00,7506.3,7507.8,7506.0,7506.8,230,4,0
2026-05-15 01:45:00,2026-05-14 23:45:00,7506.8,7508.5,7506.3,7506.5,241,4,0
2026-05-15 02:00:00,2026-05-15 00:00:00,7506.5,7508.8,7506.5,7508.5,224,4,0
2026-05-15 02:15:00,2026-05-15 00:15:00,7508.5,7509.3,7506.5,7509.0,205,4,0
2026-05-15 02:30:00,2026-05-15 00:30:00,7509.0,7510.5,7508.8,7508.8,219,4,0
2026-05-15 02:45:00,2026-05-15 00:45:00,7508.8,7508.9,7501.8,7503.4,652,4,0
2026-05-15 03:00:00,2026-05-15 01:00:00,7503.4,7505.0,7499.5,7504.8,1248,4,0
2026-05-15 03:15:00,2026-05-15 01:15:00,7504.8,7509.0,7504.6,7508.0,734,4,0
2026-05-15 03:30:00,2026-05-15 01:30:00,7508.0,7508.1,7495.3,7499.5,1098,4,0
2026-05-15 03:45:00,2026-05-15 01:45:00,7499.5,7501.8,7497.3,7501.3,937,4,0
2026-05-15 04:00:00,2026-05-15 02:00:00,7501.3,7502.4,7495.5,7496.8,1165,4,0
2026-05-15 04:15:00,2026-05-15 02:15:00,7496.8,7497.3,7486.1,7486.8,1131,4,0
2026-05-15 04:30:00,2026-05-15 02:30:00,7487.0,7490.3,7480.5,7487.1,1414,4,0
2026-05-15 04:45:00,2026-05-15 02:45:00,7487.0,7487.3,7476.8,7477.5,1321,4,0
2026-05-15 05:00:00,2026-05-15 03:00:00,7477.5,7482.5,7476.3,7480.3,1347,4,0
2026-05-15 05:15:00,2026-05-15 03:15:00,7480.3,7485.8,7479.0,7482.5,1024,4,0
2026-05-15 05:30:00,2026-05-15 03:30:00,7482.5,7486.6,7479.8,7486.5,1121,4,0
2026-05-15 05:45:00,2026-05-15 03:45:00,7486.5,7494.0,7484.8,7490.5,1088,4,0
2026-05-15 06:00:00,2026-05-15 04:00:00,7490.5,7491.9,7487.8,7490.6,836,4,0
2026-05-15 06:15:00,2026-05-15 04:15:00,7490.5,7491.8,7489.0,7490.5,713,4,0
2026-05-15 06:30:00,2026-05-15 04:30:00,7490.5,7491.8,7483.5,7488.4,1196,4,0
2026-05-15 06:45:00,2026-05-15 04:45:00,7488.4,7490.1,7486.1,7487.8,626,4,0
2026-05-15 07:00:00,2026-05-15 05:00:00,7487.8,7487.8,7482.0,7486.0,682,4,0
2026-05-15 07:15:00,2026-05-15 05:15:00,7486.0,7487.3,7482.0,7482.5,783,4,0
2026-05-15 07:30:00,2026-05-15 05:30:00,7482.5,7484.3,7479.3,7479.8,883,4,0
2026-05-15 07:45:00,2026-05-15 05:45:00,7479.8,7480.8,7475.1,7475.8,701,4,0
2026-05-15 08:00:00,2026-05-15 06:00:00,7475.8,7476.3,7468.3,7470.5,1279,4,0
2026-05-15 08:15:00,2026-05-15 06:15:00,7470.5,7473.0,7468.3,7471.0,992,4,0
2026-05-15 08:30:00,2026-05-15 06:30:00,7470.9,7471.3,7459.3,7459.8,1082,4,0
2026-05-15 08:45:00,2026-05-15 06:45:00,7460.0,7460.3,7448.4,7448.8,1501,4,0
2026-05-15 09:00:00,2026-05-15 07:00:00,7448.6,7459.4,7445.8,7457.8,1733,4,0
2026-05-15 09:15:00,2026-05-15 07:15:00,7457.8,7461.9,7445.3,7451.8,1506,4,0
2026-05-15 09:30:00,2026-05-15 07:30:00,7452.0,7465.1,7450.7,7464.7,1307,4,0
2026-05-15 09:45:00,2026-05-15 07:45:00,7464.7,7466.8,7460.5,7463.1,1032,4,0
2026-05-15 10:00:00,2026-05-15 08:00:00,7463.3,7469.0,7461.3,7469.0,1145,4,0
2026-05-15 10:15:00,2026-05-15 08:15:00,7468.8,7469.5,7464.1,7467.0,1149,4,0
2026-05-15 10:30:00,2026-05-15 08:30:00,7467.0,7467.8,7455.8,7458.3,1138,4,0
2026-05-15 10:45:00,2026-05-15 08:45:00,7458.3,7458.3,7454.7,7457.0,1034,4,0
2026-05-15 11:00:00,2026-05-15 09:00:00,7457.0,7458.3,7442.5,7443.5,1466,4,0
2026-05-15 11:15:00,2026-05-15 09:15:00,7443.5,7443.7,7423.3,7425.0,1792,4,0
2026-05-15 11:30:00,2026-05-15 09:30:00,7425.2,7439.5,7418.3,7439.3,2017,4,0
2026-05-15 11:45:00,2026-05-15 09:45:00,7439.3,7440.7,7430.4,7431.8,1444,4,0
2026-05-15 12:00:00,2026-05-15 10:00:00,7432.3,7437.0,7428.3,7429.7,1543,4,0
2026-05-15 12:15:00,2026-05-15 10:15:00,7429.7,7431.8,7422.3,7431.8,1627,4,0
2026-05-15 12:30:00,2026-05-15 10:30:00,7431.8,7432.7,7424.2,7425.9,1557,4,0
2026-05-15 12:45:00,2026-05-15 10:45:00,7425.9,7432.3,7418.8,7427.8,1738,4,0
2026-05-15 13:00:00,2026-05-15 11:00:00,7428.3,7437.4,7423.8,7437.0,1585,4,0
2026-05-15 13:15:00,2026-05-15 11:15:00,7437.0,7443.3,7434.0,7435.5,1366,4,0
2026-05-15 13:30:00,2026-05-15 11:30:00,7435.5,7441.4,7431.7,7439.7,1480,4,0
2026-05-15 13:45:00,2026-05-15 11:45:00,7440.0,7453.7,7438.0,7447.0,2319,4,0
2026-05-15 14:00:00,2026-05-15 12:00:00,7447.0,7450.9,7439.3,7443.8,1639,4,0
2026-05-15 14:15:00,2026-05-15 12:15:00,7443.8,7446.9,7439.2,7441.5,1207,4,0
2026-05-15 14:30:00,2026-05-15 12:30:00,7441.5,7442.9,7432.0,7432.0,1184,4,0
2026-05-15 14:45:00,2026-05-15 12:45:00,7432.0,7440.0,7428.8,7428.9,1169,4,0
2026-05-15 15:00:00,2026-05-15 13:00:00,7428.9,7429.3,7414.8,7414.8,1504,4,0
2026-05-15 15:15:00,2026-05-15 13:15:00,7414.8,7427.3,7413.5,7420.4,1472,4,0
2026-05-15 15:30:00,2026-05-15 13:30:00,7420.4,7420.9,7412.3,7414.0,1548,4,0
2026-05-15 15:45:00,2026-05-15 13:45:00,7414.2,7422.9,7413.5,7420.3,1093,4,0
2026-05-15 16:00:00,2026-05-15 14:00:00,7420.3,7421.9,7415.0,7421.6,989,4,0
2026-05-15 16:15:00,2026-05-15 14:15:00,7421.6,7442.3,7419.8,7442.0,1178,4,0
2026-05-15 16:30:00,2026-05-15 14:30:00,7442.3,7442.5,7409.5,7410.0,2477,4,0
2026-05-15 16:45:00,2026-05-15 14:45:00,7409.8,7433.3,7402.8,7414.8,2318,4,0
2026-05-15 17:00:00,2026-05-15 15:00:00,7414.8,7434.5,7412.8,7434.5,2376,4,0
2026-05-15 17:15:00,2026-05-15 15:15:00,7434.5,7450.0,7431.0,7434.5,1994,4,0
2026-05-15 17:30:00,2026-05-15 15:30:00,7434.8,7446.0,7434.3,7443.5,2086,4,0
2026-05-15 17:45:00,2026-05-15 15:45:00,7443.6,7444.5,7426.8,7433.0,2045,4,0
2026-05-15 18:00:00,2026-05-15 16:00:00,7433.0,7437.8,7424.5,7432.3,1883,4,0
2026-05-15 18:15:00,2026-05-15 16:15:00,7432.3,7441.0,7430.5,7435.7,1652,4,0
2026-05-15 18:30:00,2026-05-15 16:30:00,7435.8,7442.8,7421.5,7424.3,1788,4,0
2026-05-15 18:45:00,2026-05-15 16:45:00,7424.3,7427.0,7414.3,7425.9,1838,4,0
2026-05-15 19:00:00,2026-05-15 17:00:00,7426.0,7429.5,7419.8,7427.3,1503,4,0
2026-05-15 19:15:00,2026-05-15 17:15:00,7427.3,7437.0,7421.5,7436.0,1219,4,0
2026-05-15 19:30:00,2026-05-15 17:30:00,7436.3,7439.0,7433.5,7438.8,1082,4,0
2026-05-15 19:45:00,2026-05-15 17:45:00,7438.9,7440.3,7425.8,7432.8,1204,4,0
2026-05-15 20:00:00,2026-05-15 18:00:00,7432.8,7440.8,7429.9,7439.8,1056,4,0
2026-05-15 20:15:00,2026-05-15 18:15:00,7439.8,7452.8,7436.0,7448.8,938,4,0
2026-05-15 20:30:00,2026-05-15 18:30:00,7448.8,7452.0,7444.0,7447.5,943,4,0
2026-05-15 20:45:00,2026-05-15 18:45:00,7447.5,7453.3,7445.8,7452.8,700,4,0
2026-05-15 21:00:00,2026-05-15 19:00:00,7453.0,7458.0,7452.5,7453.3,872,4,0
2026-05-15 21:15:00,2026-05-15 19:15:00,7453.3,7453.8,7438.5,7440.5,1317,4,0
2026-05-15 21:30:00,2026-05-15 19:30:00,7440.5,7441.5,7427.8,7437.3,1414,4,0
2026-05-15 21:45:00,2026-05-15 19:45:00,7437.3,7442.0,7432.3,7439.5,967,4,0
2026-05-15 22:00:00,2026-05-15 20:00:00,7439.5,7440.8,7426.3,7429.3,1070,4,0
2026-05-15 22:15:00,2026-05-15 20:15:00,7429.3,7430.8,7424.0,7425.0,1143,4,0
2026-05-15 22:30:00,2026-05-15 20:30:00,7425.3,7431.8,7423.0,7424.0,927,4,0
2026-05-15 22:45:00,2026-05-15 20:45:00,7424.0,7428.0,7409.5,7416.0,1526,4,0
2026-05-15 23:00:00,2026-05-15 21:00:00,7415.3,7415.3,7391.9,7402.1,1252,4,0
2026-05-15 23:15:00,2026-05-15 21:15:00,7402.0,7404.8,7394.3,7400.0,942,4,0
2026-05-15 23:30:00,2026-05-15 21:30:00,7400.0,7402.5,7398.0,7399.5,417,4,0
2026-05-15 23:45:00,2026-05-15 21:45:00,7399.5,7401.8,7398.3,7400.8,239,4,0
2026-05-18 01:00:00,2026-05-17 23:00:00,7397.4,7419.2,7397.4,7415.1,1548,4,0
2026-05-18 01:15:00,2026-05-17 23:15:00,7415.1,7416.5,7406.8,7411.2,1274,4,0
2026-05-18 01:30:00,2026-05-17 23:30:00,7411.2,7416.0,7407.7,7414.3,1153,4,0
2026-05-18 01:45:00,2026-05-17 23:45:00,7414.3,7416.2,7408.6,7413.7,1021,4,0
2026-05-18 02:00:00,2026-05-18 00:00:00,7413.7,7415.0,7404.2,7406.8,1245,4,0
2026-05-18 02:15:00,2026-05-18 00:15:00,7406.7,7406.8,7396.2,7399.0,1379,4,0
2026-05-18 02:30:00,2026-05-18 00:30:00,7399.0,7402.5,7382.1,7396.5,1626,4,0
2026-05-18 02:45:00,2026-05-18 00:45:00,7396.5,7401.5,7391.8,7395.7,1964,4,0
2026-05-18 03:00:00,2026-05-18 01:00:00,7395.6,7399.5,7366.0,7378.1,2935,4,0
2026-05-18 03:15:00,2026-05-18 01:15:00,7378.1,7386.8,7375.8,7380.0,2570,4,0
2026-05-18 03:30:00,2026-05-18 01:30:00,7379.7,7382.8,7370.2,7370.3,2370,4,0
2026-05-18 03:45:00,2026-05-18 01:45:00,7370.3,7382.3,7369.4,7381.6,2215,4,0
2026-05-18 04:00:00,2026-05-18 02:00:00,7381.7,7384.2,7366.5,7366.5,2374,4,0
2026-05-18 04:15:00,2026-05-18 02:15:00,7366.4,7370.9,7362.3,7363.6,2436,4,0
2026-05-18 04:30:00,2026-05-18 02:30:00,7363.7,7367.7,7359.5,7367.2,2018,4,0
2026-05-18 04:45:00,2026-05-18 02:45:00,7367.2,7376.7,7365.5,7372.0,1646,4,0
2026-05-18 05:00:00,2026-05-18 03:00:00,7372.0,7374.7,7367.2,7373.5,1729,4,0
2026-05-18 05:15:00,2026-05-18 03:15:00,7373.5,7377.0,7371.8,7376.2,1181,4,0
2026-05-18 05:30:00,2026-05-18 03:30:00,7376.2,7377.0,7371.0,7371.5,1072,4,0
2026-05-18 05:45:00,2026-05-18 03:45:00,7371.5,7371.5,7363.1,7366.2,1205,4,0
2026-05-18 06:00:00,2026-05-18 04:00:00,7366.2,7372.7,7365.7,7366.6,1195,4,0
2026-05-18 06:15:00,2026-05-18 04:15:00,7366.7,7370.0,7365.2,7369.2,1101,4,0
2026-05-18 06:30:00,2026-05-18 04:30:00,7369.3,7372.6,7362.3,7371.6,1613,4,0
2026-05-18 06:45:00,2026-05-18 04:45:00,7371.6,7372.0,7367.7,7369.7,965,4,0
2026-05-18 07:00:00,2026-05-18 05:00:00,7369.8,7376.7,7369.2,7374.7,1063,4,0
2026-05-18 07:15:00,2026-05-18 05:15:00,7374.8,7377.6,7364.2,7365.3,1128,4,0
2026-05-18 07:30:00,2026-05-18 05:30:00,7365.3,7372.0,7363.7,7370.7,1038,4,0
2026-05-18 07:45:00,2026-05-18 05:45:00,7370.7,7373.2,7365.5,7369.0,1079,4,0
2026-05-18 08:00:00,2026-05-18 06:00:00,7369.0,7376.7,7367.7,7371.5,1377,4,0
2026-05-18 08:15:00,2026-05-18 06:15:00,7371.5,7372.2,7363.8,7371.5,1310,4,0
2026-05-18 08:30:00,2026-05-18 06:30:00,7371.5,7377.0,7369.0,7373.6,1546,4,0
2026-05-18 08:45:00,2026-05-18 06:45:00,7373.6,7376.5,7369.1,7369.3,1206,4,0
2026-05-18 09:00:00,2026-05-18 07:00:00,7369.3,7372.5,7366.5,7370.2,1476,4,0
2026-05-18 09:15:00,2026-05-18 07:15:00,7370.2,7374.0,7363.5,7364.0,1342,4,0
2026-05-18 09:30:00,2026-05-18 07:30:00,7364.2,7373.5,7360.5,7373.5,1351,4,0
2026-05-18 09:45:00,2026-05-18 07:45:00,7373.5,7379.5,7372.4,7379.5,1140,4,0
2026-05-18 10:00:00,2026-05-18 08:00:00,7379.5,7385.5,7375.0,7376.0,1377,4,0
2026-05-18 10:15:00,2026-05-18 08:15:00,7376.0,7387.9,7369.2,7387.2,1515,4,0
2026-05-18 10:30:00,2026-05-18 08:30:00,7387.2,7392.2,7370.9,7373.6,1834,4,0
2026-05-18 10:45:00,2026-05-18 08:45:00,7373.7,7382.5,7372.9,7380.9,1453,4,0
2026-05-18 11:00:00,2026-05-18 09:00:00,7381.0,7391.2,7381.0,7387.9,1500,4,0
2026-05-18 11:15:00,2026-05-18 09:15:00,7387.9,7398.5,7385.0,7397.7,1119,4,0
2026-05-18 11:30:00,2026-05-18 09:30:00,7398.0,7400.7,7390.5,7391.5,1000,4,0
2026-05-18 11:45:00,2026-05-18 09:45:00,7391.5,7401.1,7391.5,7400.7,925,4,0
2026-05-18 12:00:00,2026-05-18 10:00:00,7400.7,7402.0,7392.5,7392.9,839,4,0
2026-05-18 12:15:00,2026-05-18 10:15:00,7392.7,7396.5,7389.9,7393.0,842,4,0
2026-05-18 12:30:00,2026-05-18 10:30:00,7392.9,7396.0,7391.3,7395.5,826,4,0
2026-05-18 12:45:00,2026-05-18 10:45:00,7395.5,7396.9,7390.7,7394.7,798,4,0
2026-05-18 13:00:00,2026-05-18 11:00:00,7395.0,7395.9,7381.7,7386.2,1175,4,0
2026-05-18 13:15:00,2026-05-18 11:15:00,7386.2,7388.8,7384.5,7386.7,765,4,0
2026-05-18 13:30:00,2026-05-18 11:30:00,7386.9,7388.0,7378.5,7384.9,1026,4,0
2026-05-18 13:45:00,2026-05-18 11:45:00,7384.9,7389.4,7382.5,7383.5,770,4,0
2026-05-18 14:00:00,2026-05-18 12:00:00,7383.4,7385.0,7371.2,7383.6,1243,4,0
2026-05-18 14:15:00,2026-05-18 12:15:00,7383.7,7387.2,7381.5,7382.0,953,4,0
2026-05-18 14:30:00,2026-05-18 12:30:00,7382.0,7417.1,7381.5,7410.2,2182,4,0
2026-05-18 14:45:00,2026-05-18 12:45:00,7410.5,7411.0,7393.9,7398.5,1910,4,0
2026-05-18 15:00:00,2026-05-18 13:00:00,7398.5,7407.1,7397.5,7404.0,1445,4,0
2026-05-18 15:15:00,2026-05-18 13:15:00,7404.0,7407.0,7399.5,7405.0,1134,4,0
2026-05-18 15:30:00,2026-05-18 13:30:00,7405.0,7427.9,7402.2,7426.9,1968,4,0
2026-05-18 15:45:00,2026-05-18 13:45:00,7426.7,7437.5,7426.0,7434.2,2051,4,0
2026-05-18 16:00:00,2026-05-18 14:00:00,7434.5,7436.7,7425.2,7427.7,1340,4,0
2026-05-18 16:15:00,2026-05-18 14:15:00,7427.7,7428.2,7422.7,7423.0,845,4,0
2026-05-18 16:30:00,2026-05-18 14:30:00,7423.0,7425.0,7404.0,7404.5,2468,4,0
2026-05-18 16:45:00,2026-05-18 14:45:00,7404.5,7438.5,7399.7,7429.7,2491,4,0
2026-05-18 17:00:00,2026-05-18 15:00:00,7430.0,7431.2,7410.2,7423.5,2426,4,0
2026-05-18 17:15:00,2026-05-18 15:15:00,7423.5,7432.5,7416.7,7419.5,2160,4,0
2026-05-18 17:30:00,2026-05-18 15:30:00,7419.5,7422.5,7388.7,7407.7,2579,4,0
2026-05-18 17:45:00,2026-05-18 15:45:00,7407.5,7412.0,7397.5,7407.5,2326,4,0
2026-05-18 18:00:00,2026-05-18 16:00:00,7408.1,7414.7,7389.5,7396.7,2585,4,0
2026-05-18 18:15:00,2026-05-18 16:15:00,7396.7,7398.2,7379.5,7380.5,2011,4,0
2026-05-18 18:30:00,2026-05-18 16:30:00,7380.4,7398.2,7376.0,7386.7,1875,4,0
2026-05-18 18:45:00,2026-05-18 16:45:00,7386.7,7396.2,7384.2,7387.5,1741,4,0
2026-05-18 19:00:00,2026-05-18 17:00:00,7387.2,7393.5,7381.2,7393.5,1571,4,0
2026-05-18 19:15:00,2026-05-18 17:15:00,7393.5,7403.2,7369.5,7372.5,1759,4,0
2026-05-18 19:30:00,2026-05-18 17:30:00,7372.5,7385.5,7366.2,7375.5,1900,4,0
2026-05-18 19:45:00,2026-05-18 17:45:00,7375.7,7397.7,7375.5,7389.2,1591,4,0
2026-05-18 20:00:00,2026-05-18 18:00:00,7389.2,7398.2,7384.0,7391.7,1615,4,0
2026-05-18 20:15:00,2026-05-18 18:15:00,7391.7,7398.2,7390.6,7397.7,1315,4,0
2026-05-18 20:30:00,2026-05-18 18:30:00,7397.7,7398.4,7386.5,7392.2,1433,4,0
2026-05-18 20:45:00,2026-05-18 18:45:00,7392.0,7397.5,7387.7,7394.5,1300,4,0
2026-05-18 21:00:00,2026-05-18 19:00:00,7394.5,7395.5,7374.5,7374.7,1553,4,0
2026-05-18 21:15:00,2026-05-18 19:15:00,7374.7,7375.5,7361.0,7371.2,1843,4,0
2026-05-18 21:30:00,2026-05-18 19:30:00,7371.2,7375.7,7363.7,7370.0,1479,4,0
2026-05-18 21:45:00,2026-05-18 19:45:00,7369.9,7371.5,7358.0,7360.7,1511,4,0
2026-05-18 22:00:00,2026-05-18 20:00:00,7361.0,7404.0,7360.2,7385.2,2914,4,0
2026-05-18 22:15:00,2026-05-18 20:15:00,7385.2,7389.2,7370.7,7379.5,1873,4,0
2026-05-18 22:30:00,2026-05-18 20:30:00,7379.7,7403.2,7377.2,7402.7,1620,4,0
2026-05-18 22:45:00,2026-05-18 20:45:00,7402.7,7412.2,7400.2,7411.0,1582,4,0
2026-05-18 23:00:00,2026-05-18 21:00:00,7411.0,7412.5,7401.5,7406.2,609,4,0
2026-05-18 23:15:00,2026-05-18 21:15:00,7406.2,7407.7,7403.5,7406.2,354,4,0
2026-05-18 23:30:00,2026-05-18 21:30:00,7406.2,7409.0,7404.0,7408.5,317,4,0
2026-05-18 23:45:00,2026-05-18 21:45:00,7408.5,7409.5,7404.2,7405.2,258,4,0
2026-05-19 01:00:00,2026-05-18 23:00:00,7407.9,7416.6,7407.6,7412.8,894,4,0
2026-05-19 01:15:00,2026-05-18 23:15:00,7412.8,7422.0,7412.4,7420.0,803,4,0
2026-05-19 01:30:00,2026-05-18 23:30:00,7420.0,7422.8,7419.3,7419.5,621,4,0
2026-05-19 01:45:00,2026-05-18 23:45:00,7419.5,7419.5,7415.8,7418.9,498,4,0
2026-05-19 02:00:00,2026-05-19 00:00:00,7418.9,7423.4,7418.6,7420.0,654,4,0
2026-05-19 02:15:00,2026-05-19 00:15:00,7420.0,7421.0,7418.1,7419.8,428,4,0
2026-05-19 02:30:00,2026-05-19 00:30:00,7419.8,7420.1,7417.1,7419.0,478,4,0
2026-05-19 02:45:00,2026-05-19 00:45:00,7419.0,7419.3,7411.3,7413.8,997,4,0
2026-05-19 03:00:00,2026-05-19 01:00:00,7414.0,7418.8,7407.9,7414.3,2027,4,0
2026-05-19 03:15:00,2026-05-19 01:15:00,7414.3,7425.0,7409.8,7420.4,1847,4,0
2026-05-19 03:30:00,2026-05-19 01:30:00,7420.4,7422.5,7411.8,7415.0,1311,4,0
2026-05-19 03:45:00,2026-05-19 01:45:00,7415.0,7417.4,7407.8,7408.8,1416,4,0
2026-05-19 04:00:00,2026-05-19 02:00:00,7408.6,7411.3,7403.3,7407.1,1750,4,0
2026-05-19 04:15:00,2026-05-19 02:15:00,7407.3,7408.0,7396.0,7401.3,1441,4,0
2026-05-19 04:30:00,2026-05-19 02:30:00,7401.3,7410.4,7397.5,7408.8,1507,4,0
2026-05-19 04:45:00,2026-05-19 02:45:00,7408.9,7410.3,7401.0,7401.4,1417,4,0
2026-05-19 05:00:00,2026-05-19 03:00:00,7401.5,7401.5,7387.5,7393.3,1604,4,0
2026-05-19 05:15:00,2026-05-19 03:15:00,7393.3,7398.8,7389.0,7396.0,1392,4,0
2026-05-19 05:30:00,2026-05-19 03:30:00,7396.0,7399.1,7394.5,7399.0,1213,4,0
2026-05-19 05:45:00,2026-05-19 03:45:00,7399.0,7401.0,7394.4,7395.4,1045,4,0
2026-05-19 06:00:00,2026-05-19 04:00:00,7395.4,7400.1,7390.8,7398.8,1142,4,0
2026-05-19 06:15:00,2026-05-19 04:15:00,7398.8,7403.3,7397.6,7402.5,856,4,0
2026-05-19 06:30:00,2026-05-19 04:30:00,7402.5,7407.0,7401.8,7402.5,1064,4,0
2026-05-19 06:45:00,2026-05-19 04:45:00,7402.5,7402.5,7396.0,7397.2,968,4,0
2026-05-19 07:00:00,2026-05-19 05:00:00,7397.3,7397.5,7387.8,7391.3,1422,4,0
2026-05-19 07:15:00,2026-05-19 05:15:00,7391.3,7391.4,7381.8,7385.5,1113,4,0
2026-05-19 07:30:00,2026-05-19 05:30:00,7385.5,7393.4,7385.0,7388.8,1130,4,0
2026-05-19 07:45:00,2026-05-19 05:45:00,7388.8,7391.5,7385.0,7389.5,1176,4,0
2026-05-19 08:00:00,2026-05-19 06:00:00,7389.5,7391.6,7385.0,7388.9,1426,4,0
2026-05-19 08:15:00,2026-05-19 06:15:00,7388.9,7390.0,7376.3,7388.5,1503,4,0
2026-05-19 08:30:00,2026-05-19 06:30:00,7388.5,7391.3,7382.5,7384.5,1456,4,0
2026-05-19 08:45:00,2026-05-19 06:45:00,7384.5,7388.3,7383.5,7386.5,1379,4,0
2026-05-19 09:00:00,2026-05-19 07:00:00,7386.5,7392.0,7381.3,7391.8,1646,4,0
2026-05-19 09:15:00,2026-05-19 07:15:00,7391.8,7396.7,7388.3,7394.5,1315,4,0
2026-05-19 09:30:00,2026-05-19 07:30:00,7394.2,7401.3,7392.2,7400.5,1160,4,0
2026-05-19 09:45:00,2026-05-19 07:45:00,7400.5,7400.5,7396.0,7398.3,929,4,0
2026-05-19 10:00:00,2026-05-19 08:00:00,7398.3,7410.5,7395.5,7405.5,1359,4,0
2026-05-19 10:15:00,2026-05-19 08:15:00,7405.5,7406.3,7402.3,7404.8,1064,4,0
2026-05-19 10:30:00,2026-05-19 08:30:00,7404.8,7412.0,7400.9,7409.2,1112,4,0
2026-05-19 10:45:00,2026-05-19 08:45:00,7409.0,7417.8,7408.8,7414.3,1311,4,0
2026-05-19 11:00:00,2026-05-19 09:00:00,7414.3,7416.0,7399.2,7402.8,1481,4,0
2026-05-19 11:15:00,2026-05-19 09:15:00,7402.9,7405.2,7391.4,7395.2,1532,4,0
2026-05-19 11:30:00,2026-05-19 09:30:00,7395.3,7400.2,7394.0,7398.9,1194,4,0
2026-05-19 11:45:00,2026-05-19 09:45:00,7398.9,7402.3,7397.3,7397.7,919,4,0
2026-05-19 12:00:00,2026-05-19 10:00:00,7397.7,7397.7,7391.0,7391.5,1132,4,0
2026-05-19 12:15:00,2026-05-19 10:15:00,7391.5,7391.8,7379.4,7380.5,1245,4,0
2026-05-19 12:30:00,2026-05-19 10:30:00,7380.8,7383.3,7369.0,7369.3,1784,4,0
2026-05-19 12:45:00,2026-05-19 10:45:00,7369.3,7385.3,7369.0,7382.8,1309,4,0
2026-05-19 13:00:00,2026-05-19 11:00:00,7382.8,7384.5,7377.5,7382.1,1186,4,0
2026-05-19 13:15:00,2026-05-19 11:15:00,7382.1,7382.8,7378.8,7380.4,912,4,0
2026-05-19 13:30:00,2026-05-19 11:30:00,7380.8,7385.8,7369.5,7371.8,1413,4,0
2026-05-19 13:45:00,2026-05-19 11:45:00,7371.8,7385.8,7368.9,7384.5,1734,4,0
2026-05-19 14:00:00,2026-05-19 12:00:00,7384.4,7389.8,7383.2,7383.8,1395,4,0
2026-05-19 14:15:00,2026-05-19 12:15:00,7383.8,7386.0,7379.8,7382.5,1136,4,0
2026-05-19 14:30:00,2026-05-19 12:30:00,7382.5,7387.8,7380.0,7380.6,1122,4,0
2026-05-19 14:45:00,2026-05-19 12:45:00,7380.6,7382.0,7373.7,7373.8,1031,4,0
2026-05-19 15:00:00,2026-05-19 13:00:00,7373.7,7381.8,7370.4,7380.4,1295,4,0
2026-05-19 15:15:00,2026-05-19 13:15:00,7380.5,7381.0,7374.5,7379.8,1260,4,0
2026-05-19 15:30:00,2026-05-19 13:30:00,7379.5,7389.3,7378.4,7385.5,1195,4,0
2026-05-19 15:45:00,2026-05-19 13:45:00,7385.5,7389.0,7383.8,7386.0,932,4,0
2026-05-19 16:00:00,2026-05-19 14:00:00,7385.8,7387.9,7371.0,7379.0,1452,4,0
2026-05-19 16:15:00,2026-05-19 14:15:00,7379.0,7379.5,7365.0,7370.8,1611,4,0
2026-05-19 16:30:00,2026-05-19 14:30:00,7371.0,7380.6,7358.3,7359.6,2723,4,0
2026-05-19 16:45:00,2026-05-19 14:45:00,7359.7,7386.6,7354.8,7376.7,2806,4,0
2026-05-19 17:00:00,2026-05-19 15:00:00,7377.1,7377.3,7351.8,7352.8,2708,4,0
2026-05-19 17:15:00,2026-05-19 15:15:00,7352.8,7354.8,7341.1,7347.8,2399,4,0
2026-05-19 17:30:00,2026-05-19 15:30:00,7348.1,7358.1,7343.8,7351.3,2469,4,0
2026-05-19 17:45:00,2026-05-19 15:45:00,7351.3,7355.6,7339.1,7355.3,2039,4,0
2026-05-19 18:00:00,2026-05-19 16:00:00,7355.6,7360.8,7350.3,7359.3,1809,4,0
2026-05-19 18:15:00,2026-05-19 16:15:00,7359.3,7363.3,7340.6,7346.1,1761,4,0
2026-05-19 18:30:00,2026-05-19 16:30:00,7346.1,7363.1,7344.1,7359.1,1675,4,0
2026-05-19 18:45:00,2026-05-19 16:45:00,7359.1,7363.1,7349.1,7353.6,1519,4,0
2026-05-19 19:00:00,2026-05-19 17:00:00,7353.6,7363.8,7346.8,7351.6,1630,4,0
2026-05-19 19:15:00,2026-05-19 17:15:00,7351.4,7371.1,7351.3,7368.6,1370,4,0
2026-05-19 19:30:00,2026-05-19 17:30:00,7368.6,7378.1,7367.1,7378.1,1267,4,0
2026-05-19 19:45:00,2026-05-19 17:45:00,7377.8,7386.6,7376.1,7385.1,1014,4,0
2026-05-19 20:00:00,2026-05-19 18:00:00,7384.8,7393.8,7383.1,7392.3,961,4,0
2026-05-19 20:15:00,2026-05-19 18:15:00,7392.3,7399.8,7391.2,7393.6,1051,4,0
2026-05-19 20:30:00,2026-05-19 18:30:00,7393.6,7399.3,7390.8,7394.8,1130,4,0
2026-05-19 20:45:00,2026-05-19 18:45:00,7394.8,7395.3,7383.8,7391.6,1264,4,0
2026-05-19 21:00:00,2026-05-19 19:00:00,7391.6,7396.3,7389.6,7393.3,815,4,0
2026-05-19 21:15:00,2026-05-19 19:15:00,7393.3,7394.6,7381.6,7382.3,1246,4,0
2026-05-19 21:30:00,2026-05-19 19:30:00,7382.1,7386.8,7378.6,7381.8,1086,4,0
2026-05-19 21:45:00,2026-05-19 19:45:00,7381.8,7382.1,7365.8,7367.8,1280,4,0
2026-05-19 22:00:00,2026-05-19 20:00:00,7367.6,7384.1,7367.3,7383.8,1232,4,0
2026-05-19 22:15:00,2026-05-19 20:15:00,7383.8,7385.1,7362.3,7371.1,1340,4,0
2026-05-19 22:30:00,2026-05-19 20:30:00,7371.1,7373.8,7361.1,7362.3,1170,4,0
2026-05-19 22:45:00,2026-05-19 20:45:00,7362.3,7364.3,7350.1,7362.3,1497,4,0
2026-05-19 23:00:00,2026-05-19 21:00:00,7362.3,7362.8,7354.0,7359.5,670,4,0
2026-05-19 23:15:00,2026-05-19 21:15:00,7359.5,7360.5,7356.8,7358.0,421,4,0
2026-05-19 23:30:00,2026-05-19 21:30:00,7358.0,7358.3,7356.0,7357.3,214,4,0
2026-05-19 23:45:00,2026-05-19 21:45:00,7357.3,7358.3,7355.5,7356.3,202,4,0
2026-05-20 01:00:00,2026-05-19 23:00:00,7360.9,7365.4,7358.7,7361.0,680,4,0
2026-05-20 01:15:00,2026-05-19 23:15:00,7361.0,7361.6,7353.4,7354.3,977,4,0
2026-05-20 01:30:00,2026-05-19 23:30:00,7354.3,7359.9,7353.1,7355.9,878,4,0
2026-05-20 01:45:00,2026-05-19 23:45:00,7355.9,7361.3,7353.8,7360.3,558,4,0
2026-05-20 02:00:00,2026-05-20 00:00:00,7360.3,7366.6,7359.2,7365.9,504,4,0
2026-05-20 02:15:00,2026-05-20 00:15:00,7365.9,7369.9,7364.9,7368.9,520,4,0
2026-05-20 02:30:00,2026-05-20 00:30:00,7368.9,7379.1,7368.9,7373.1,814,4,0
2026-05-20 02:45:00,2026-05-20 00:45:00,7373.1,7373.6,7366.5,7367.1,1009,4,0
2026-05-20 03:00:00,2026-05-20 01:00:00,7367.0,7367.0,7345.0,7347.8,2266,4,0
2026-05-20 03:15:00,2026-05-20 01:15:00,7347.8,7356.1,7341.5,7356.1,2384,4,0
2026-05-20 03:30:00,2026-05-20 01:30:00,7356.0,7364.9,7354.3,7359.3,2321,4,0
2026-05-20 03:45:00,2026-05-20 01:45:00,7359.3,7366.4,7358.1,7360.5,2022,4,0
2026-05-20 04:00:00,2026-05-20 02:00:00,7360.5,7365.6,7352.9,7364.6,2334,4,0
2026-05-20 04:15:00,2026-05-20 02:15:00,7364.4,7367.1,7352.6,7354.1,2037,4,0
2026-05-20 04:30:00,2026-05-20 02:30:00,7354.3,7356.1,7345.1,7352.6,2174,4,0
2026-05-20 04:45:00,2026-05-20 02:45:00,7352.6,7371.3,7352.2,7366.8,2204,4,0
2026-05-20 05:00:00,2026-05-20 03:00:00,7366.9,7368.9,7364.5,7367.8,1772,4,0
2026-05-20 05:15:00,2026-05-20 03:15:00,7367.8,7372.1,7362.0,7362.1,1617,4,0
2026-05-20 05:30:00,2026-05-20 03:30:00,7362.1,7362.1,7349.4,7349.4,2295,4,0
2026-05-20 05:45:00,2026-05-20 03:45:00,7349.4,7353.0,7346.5,7350.2,1517,4,0
2026-05-20 06:00:00,2026-05-20 04:00:00,7350.1,7350.2,7341.9,7342.1,1400,4,0
2026-05-20 06:15:00,2026-05-20 04:15:00,7342.1,7350.4,7341.4,7349.0,1132,4,0
2026-05-20 06:30:00,2026-05-20 04:30:00,7349.1,7354.0,7344.9,7351.3,1490,4,0
2026-05-20 06:45:00,2026-05-20 04:45:00,7351.4,7352.4,7348.6,7350.8,1098,4,0
2026-05-20 07:00:00,2026-05-20 05:00:00,7350.8,7358.4,7350.8,7357.9,1189,4,0
2026-05-20 07:15:00,2026-05-20 05:15:00,7358.0,7359.9,7353.9,7356.4,1116,4,0
2026-05-20 07:30:00,2026-05-20 05:30:00,7356.6,7356.9,7349.6,7350.1,1075,4,0
2026-05-20 07:45:00,2026-05-20 05:45:00,7350.1,7352.4,7347.6,7349.4,1004,4,0
2026-05-20 08:00:00,2026-05-20 06:00:00,7349.4,7359.6,7349.4,7355.1,1644,4,0
2026-05-20 08:15:00,2026-05-20 06:15:00,7355.1,7359.9,7350.7,7355.6,1342,4,0
2026-05-20 08:30:00,2026-05-20 06:30:00,7355.6,7366.3,7355.6,7358.9,1400,4,0
2026-05-20 08:45:00,2026-05-20 06:45:00,7358.9,7362.6,7354.4,7361.6,1310,4,0
2026-05-20 09:00:00,2026-05-20 07:00:00,7361.9,7365.9,7360.9,7364.9,1540,4,0
2026-05-20 09:15:00,2026-05-20 07:15:00,7364.9,7374.7,7364.9,7372.9,1358,4,0
2026-05-20 09:30:00,2026-05-20 07:30:00,7373.0,7373.7,7367.4,7368.2,1152,4,0
2026-05-20 09:45:00,2026-05-20 07:45:00,7368.2,7374.7,7367.9,7374.7,918,4,0
2026-05-20 10:00:00,2026-05-20 08:00:00,7374.7,7375.5,7371.9,7372.7,1282,4,0
2026-05-20 10:15:00,2026-05-20 08:15:00,7372.7,7377.9,7372.2,7376.9,955,4,0
2026-05-20 10:30:00,2026-05-20 08:30:00,7376.9,7376.9,7370.4,7375.2,850,4,0
2026-05-20 10:45:00,2026-05-20 08:45:00,7375.2,7375.7,7369.9,7370.4,867,4,0
2026-05-20 11:00:00,2026-05-20 09:00:00,7370.4,7378.9,7370.2,7377.0,1397,4,0
2026-05-20 11:15:00,2026-05-20 09:15:00,7377.0,7381.4,7373.4,7381.3,1112,4,0
2026-05-20 11:30:00,2026-05-20 09:30:00,7381.7,7386.5,7380.4,7385.9,1170,4,0
2026-05-20 11:45:00,2026-05-20 09:45:00,7385.8,7388.9,7382.7,7383.2,836,4,0
2026-05-20 12:00:00,2026-05-20 10:00:00,7383.2,7384.4,7378.4,7378.4,789,4,0
2026-05-20 12:15:00,2026-05-20 10:15:00,7378.4,7382.4,7377.7,7382.3,648,4,0
2026-05-20 12:30:00,2026-05-20 10:30:00,7382.3,7383.8,7381.7,7382.9,596,4,0
2026-05-20 12:45:00,2026-05-20 10:45:00,7382.9,7391.0,7382.2,7387.2,718,4,0
2026-05-20 13:00:00,2026-05-20 11:00:00,7387.2,7393.2,7386.9,7391.3,661,4,0
2026-05-20 13:15:00,2026-05-20 11:15:00,7391.3,7392.5,7388.7,7390.5,596,4,0
2026-05-20 13:30:00,2026-05-20 11:30:00,7390.5,7397.2,7389.7,7390.2,822,4,0
2026-05-20 13:45:00,2026-05-20 11:45:00,7390.2,7392.3,7384.7,7385.9,616,4,0
2026-05-20 14:00:00,2026-05-20 12:00:00,7385.9,7389.4,7384.4,7384.9,640,4,0
2026-05-20 14:15:00,2026-05-20 12:15:00,7384.9,7390.4,7384.9,7390.3,600,4,0
2026-05-20 14:30:00,2026-05-20 12:30:00,7390.3,7392.9,7384.3,7386.9,829,4,0
2026-05-20 14:45:00,2026-05-20 12:45:00,7386.9,7388.5,7380.9,7384.3,1004,4,0
2026-05-20 15:00:00,2026-05-20 13:00:00,7384.4,7391.7,7382.9,7391.2,673,4,0
2026-05-20 15:15:00,2026-05-20 13:15:00,7391.2,7399.4,7387.8,7397.7,999,4,0
2026-05-20 15:30:00,2026-05-20 13:30:00,7397.9,7401.5,7393.1,7393.2,1026,4,0
2026-05-20 15:45:00,2026-05-20 13:45:00,7393.2,7395.2,7387.7,7387.9,765,4,0
2026-05-20 16:00:00,2026-05-20 14:00:00,7387.9,7389.4,7385.7,7386.9,609,4,0
2026-05-20 16:15:00,2026-05-20 14:15:00,7386.9,7388.7,7379.2,7380.2,689,4,0
2026-05-20 16:30:00,2026-05-20 14:30:00,7379.9,7384.9,7366.2,7383.2,2329,4,0
2026-05-20 16:45:00,2026-05-20 14:45:00,7383.4,7395.9,7376.9,7384.9,2260,4,0
2026-05-20 17:00:00,2026-05-20 15:00:00,7384.9,7386.2,7362.3,7376.7,2271,4,0
2026-05-20 17:15:00,2026-05-20 15:15:00,7376.4,7409.2,7375.7,7402.7,3013,4,0
2026-05-20 17:30:00,2026-05-20 15:30:00,7402.9,7413.7,7398.2,7406.4,2304,4,0
2026-05-20 17:45:00,2026-05-20 15:45:00,7406.7,7418.7,7399.9,7416.4,1693,4,0
2026-05-20 18:00:00,2026-05-20 16:00:00,7416.2,7419.2,7409.8,7411.9,1406,4,0
2026-05-20 18:15:00,2026-05-20 16:15:00,7411.9,7443.0,7411.9,7416.9,2646,4,0
2026-05-20 18:30:00,2026-05-20 16:30:00,7417.2,7428.4,7416.7,7427.4,1406,4,0
2026-05-20 18:45:00,2026-05-20 16:45:00,7427.4,7433.4,7423.7,7426.4,1197,4,0
2026-05-20 19:00:00,2026-05-20 17:00:00,7426.7,7429.4,7422.7,7424.9,1006,4,0
2026-05-20 19:15:00,2026-05-20 17:15:00,7424.9,7425.4,7409.4,7413.2,1717,4,0
2026-05-20 19:30:00,2026-05-20 17:30:00,7413.5,7423.2,7409.2,7423.2,1523,4,0
2026-05-20 19:45:00,2026-05-20 17:45:00,7423.2,7424.2,7410.9,7417.9,1465,4,0
2026-05-20 20:00:00,2026-05-20 18:00:00,7417.9,7424.5,7411.7,7420.4,1492,4,0
2026-05-20 20:15:00,2026-05-20 18:15:00,7420.4,7427.2,7419.2,7425.7,1284,4,0
2026-05-20 20:30:00,2026-05-20 18:30:00,7425.7,7431.4,7422.2,7426.6,1216,4,0
2026-05-20 20:45:00,2026-05-20 18:45:00,7426.7,7427.7,7420.2,7422.7,814,4,0
2026-05-20 21:00:00,2026-05-20 19:00:00,7422.7,7428.4,7417.4,7424.4,1101,4,0
2026-05-20 21:15:00,2026-05-20 19:15:00,7424.7,7426.9,7420.4,7424.9,843,4,0
2026-05-20 21:30:00,2026-05-20 19:30:00,7424.9,7432.4,7421.9,7421.9,857,4,0
2026-05-20 21:45:00,2026-05-20 19:45:00,7421.9,7426.9,7420.7,7425.7,900,4,0
2026-05-20 22:00:00,2026-05-20 20:00:00,7425.7,7431.2,7424.2,7429.4,656,4,0
2026-05-20 22:15:00,2026-05-20 20:15:00,7429.4,7433.7,7428.2,7432.4,574,4,0
2026-05-20 22:30:00,2026-05-20 20:30:00,7432.4,7439.7,7429.7,7436.4,712,4,0
2026-05-20 22:45:00,2026-05-20 20:45:00,7436.4,7438.9,7429.9,7436.8,1102,4,0
2026-05-20 23:00:00,2026-05-20 21:00:00,7436.9,7436.9,7430.0,7433.4,970,4,0
2026-05-20 23:15:00,2026-05-20 21:15:00,7433.4,7438.8,7414.8,7437.5,2006,4,0
2026-05-20 23:30:00,2026-05-20 21:30:00,7437.6,7438.9,7421.5,7424.1,1551,4,0
2026-05-20 23:45:00,2026-05-20 21:45:00,7424.1,7426.6,7416.6,7420.6,1053,4,0
2026-05-21 01:00:00,2026-05-20 23:00:00,7416.6,7417.5,7392.9,7401.0,1669,4,0
2026-05-21 01:15:00,2026-05-20 23:15:00,7401.0,7403.0,7393.3,7401.3,1225,4,0
2026-05-21 01:30:00,2026-05-20 23:30:00,7401.3,7403.5,7400.3,7402.6,850,4,0
2026-05-21 01:45:00,2026-05-20 23:45:00,7402.6,7404.3,7400.5,7404.1,512,4,0
2026-05-21 02:00:00,2026-05-21 00:00:00,7404.1,7410.9,7403.8,7407.9,562,4,0
2026-05-21 02:15:00,2026-05-21 00:15:00,7407.8,7407.8,7401.0,7402.8,610,4,0
2026-05-21 02:30:00,2026-05-21 00:30:00,7402.8,7405.6,7402.0,7404.0,527,4,0
2026-05-21 02:45:00,2026-05-21 00:45:00,7404.0,7407.4,7402.3,7405.9,1105,4,0
2026-05-21 03:00:00,2026-05-21 01:00:00,7406.0,7407.1,7400.1,7405.6,1878,4,0
2026-05-21 03:15:00,2026-05-21 01:15:00,7405.6,7408.0,7400.3,7404.0,1467,4,0
2026-05-21 03:30:00,2026-05-21 01:30:00,7404.0,7407.8,7401.3,7407.1,991,4,0
2026-05-21 03:45:00,2026-05-21 01:45:00,7407.1,7409.8,7405.3,7407.8,587,4,0
2026-05-21 04:00:00,2026-05-21 02:00:00,7407.8,7416.8,7407.8,7416.5,677,4,0
2026-05-21 04:15:00,2026-05-21 02:15:00,7416.5,7419.3,7414.0,7415.8,737,4,0
2026-05-21 04:30:00,2026-05-21 02:30:00,7415.8,7422.8,7414.3,7421.3,921,4,0
2026-05-21 04:45:00,2026-05-21 02:45:00,7421.3,7422.3,7415.8,7420.1,798,4,0
2026-05-21 05:00:00,2026-05-21 03:00:00,7420.1,7424.0,7420.1,7423.3,624,4,0
2026-05-21 05:15:00,2026-05-21 03:15:00,7423.3,7429.8,7423.0,7426.8,540,4,0
2026-05-21 05:30:00,2026-05-21 03:30:00,7426.8,7427.0,7423.8,7424.3,482,4,0
2026-05-21 05:45:00,2026-05-21 03:45:00,7424.3,7425.8,7421.3,7423.8,494,4,0
2026-05-21 06:00:00,2026-05-21 04:00:00,7423.8,7427.8,7423.4,7426.5,374,4,0
2026-05-21 06:15:00,2026-05-21 04:15:00,7426.5,7430.3,7425.3,7429.3,413,4,0
2026-05-21 06:30:00,2026-05-21 04:30:00,7429.3,7433.0,7428.3,7433.0,372,4,0
2026-05-21 06:45:00,2026-05-21 04:45:00,7433.0,7433.0,7428.4,7429.0,382,4,0
2026-05-21 07:00:00,2026-05-21 05:00:00,7429.0,7433.5,7428.5,7433.0,438,4,0
2026-05-21 07:15:00,2026-05-21 05:15:00,7433.0,7436.8,7432.3,7435.9,442,4,0
2026-05-21 07:30:00,2026-05-21 05:30:00,7435.9,7436.5,7432.8,7435.5,373,4,0
2026-05-21 07:45:00,2026-05-21 05:45:00,7435.5,7439.0,7435.1,7438.1,267,4,0
2026-05-21 08:00:00,2026-05-21 06:00:00,7438.1,7442.5,7437.5,7438.4,587,4,0
2026-05-21 08:15:00,2026-05-21 06:15:00,7438.4,7441.0,7435.3,7435.8,565,4,0
2026-05-21 08:30:00,2026-05-21 06:30:00,7435.9,7436.0,7431.5,7433.1,934,4,0
2026-05-21 08:45:00,2026-05-21 06:45:00,7433.1,7433.4,7419.3,7431.0,1268,4,0
2026-05-21 09:00:00,2026-05-21 07:00:00,7431.0,7436.3,7429.6,7430.8,1044,4,0
2026-05-21 09:15:00,2026-05-21 07:15:00,7430.8,7436.3,7427.2,7432.8,1266,4,0
2026-05-21 09:30:00,2026-05-21 07:30:00,7432.7,7434.1,7423.9,7424.3,1134,4,0
2026-05-21 09:45:00,2026-05-21 07:45:00,7424.3,7424.3,7418.2,7423.3,1034,4,0
2026-05-21 10:00:00,2026-05-21 08:00:00,7423.2,7424.6,7414.1,7415.8,1479,4,0
2026-05-21 10:15:00,2026-05-21 08:15:00,7415.8,7418.1,7411.7,7415.9,1429,4,0
2026-05-21 10:30:00,2026-05-21 08:30:00,7415.4,7420.1,7415.1,7419.6,968,4,0
2026-05-21 10:45:00,2026-05-21 08:45:00,7419.6,7426.8,7418.6,7425.4,700,4,0
2026-05-21 11:00:00,2026-05-21 09:00:00,7425.4,7446.3,7424.8,7445.9,1354,4,0
2026-05-21 11:15:00,2026-05-21 09:15:00,7445.9,7454.8,7436.7,7444.4,1753,4,0
2026-05-21 11:30:00,2026-05-21 09:30:00,7444.3,7444.7,7436.4,7439.9,1282,4,0
2026-05-21 11:45:00,2026-05-21 09:45:00,7440.0,7440.8,7434.9,7437.8,1208,4,0
2026-05-21 12:00:00,2026-05-21 10:00:00,7437.6,7444.1,7436.7,7442.6,1166,4,0
2026-05-21 12:15:00,2026-05-21 10:15:00,7442.6,7448.8,7442.3,7447.1,978,4,0
2026-05-21 12:30:00,2026-05-21 10:30:00,7447.1,7448.9,7438.6,7439.3,982,4,0
2026-05-21 12:45:00,2026-05-21 10:45:00,7439.3,7442.3,7438.1,7440.1,746,4,0
2026-05-21 13:00:00,2026-05-21 11:00:00,7440.1,7442.7,7436.3,7442.7,770,4,0
2026-05-21 13:15:00,2026-05-21 11:15:00,7442.7,7444.1,7413.1,7418.1,1541,4,0
2026-05-21 13:30:00,2026-05-21 11:30:00,7418.3,7419.6,7403.3,7410.3,2434,4,0
2026-05-21 13:45:00,2026-05-21 11:45:00,7410.3,7411.3,7400.3,7408.6,2022,4,0
2026-05-21 14:00:00,2026-05-21 12:00:00,7408.6,7414.8,7404.1,7413.6,1728,4,0
2026-05-21 14:15:00,2026-05-21 12:15:00,7413.6,7422.7,7413.2,7418.4,1235,4,0
2026-05-21 14:30:00,2026-05-21 12:30:00,7418.4,7420.7,7413.1,7414.1,1082,4,0
2026-05-21 14:45:00,2026-05-21 12:45:00,7414.1,7420.3,7414.1,7415.2,980,4,0
2026-05-21 15:00:00,2026-05-21 13:00:00,7415.2,7417.8,7410.8,7412.4,1054,4,0
2026-05-21 15:15:00,2026-05-21 13:15:00,7412.4,7415.2,7407.6,7410.7,1203,4,0
2026-05-21 15:30:00,2026-05-21 13:30:00,7410.7,7421.2,7408.1,7410.6,1973,4,0
2026-05-21 15:45:00,2026-05-21 13:45:00,7410.6,7413.0,7403.0,7404.6,1422,4,0
2026-05-21 16:00:00,2026-05-21 14:00:00,7404.6,7413.6,7402.8,7407.6,1466,4,0
2026-05-21 16:15:00,2026-05-21 14:15:00,7407.6,7408.6,7404.1,7408.3,1180,4,0
2026-05-21 16:30:00,2026-05-21 14:30:00,7408.6,7408.6,7396.9,7398.8,2370,4,0
2026-05-21 16:45:00,2026-05-21 14:45:00,7398.7,7423.8,7396.3,7420.3,2575,4,0
2026-05-21 17:00:00,2026-05-21 15:00:00,7420.6,7428.8,7414.8,7416.9,2175,4,0
2026-05-21 17:15:00,2026-05-21 15:15:00,7417.1,7417.6,7397.1,7407.6,2452,4,0
2026-05-21 17:30:00,2026-05-21 15:30:00,7407.6,7415.3,7402.3,7408.1,2101,4,0
2026-05-21 17:45:00,2026-05-21 15:45:00,7408.1,7415.1,7398.8,7412.1,2027,4,0
2026-05-21 18:00:00,2026-05-21 16:00:00,7412.1,7415.3,7394.1,7412.3,2117,4,0
2026-05-21 18:15:00,2026-05-21 16:15:00,7412.3,7416.1,7409.3,7410.3,1650,4,0
2026-05-21 18:30:00,2026-05-21 16:30:00,7410.6,7415.8,7400.3,7413.3,1497,4,0
2026-05-21 18:45:00,2026-05-21 16:45:00,7413.8,7420.3,7413.6,7415.3,1137,4,0
2026-05-21 19:00:00,2026-05-21 17:00:00,7415.3,7422.1,7415.1,7416.8,1290,4,0
2026-05-21 19:15:00,2026-05-21 17:15:00,7416.8,7417.8,7406.1,7410.3,1223,4,0
2026-05-21 19:30:00,2026-05-21 17:30:00,7410.3,7414.1,7406.1,7411.6,1064,4,0
2026-05-21 19:45:00,2026-05-21 17:45:00,7411.6,7414.1,7403.3,7411.3,965,4,0
2026-05-21 20:00:00,2026-05-21 18:00:00,7411.3,7434.3,7411.3,7427.3,1656,4,0
2026-05-21 20:15:00,2026-05-21 18:15:00,7427.3,7452.9,7426.1,7444.1,2591,4,0
2026-05-21 20:30:00,2026-05-21 18:30:00,7444.3,7459.1,7442.2,7458.2,1735,4,0
2026-05-21 20:45:00,2026-05-21 18:45:00,7458.3,7471.8,7454.7,7459.8,1578,4,0
2026-05-21 21:00:00,2026-05-21 19:00:00,7459.8,7463.8,7450.3,7451.2,1636,4,0
2026-05-21 21:15:00,2026-05-21 19:15:00,7451.3,7458.8,7448.3,7455.8,1336,4,0
2026-05-21 21:30:00,2026-05-21 19:30:00,7456.1,7459.7,7451.8,7457.6,1108,4,0
2026-05-21 21:45:00,2026-05-21 19:45:00,7457.6,7459.3,7423.3,7432.6,2402,4,0
2026-05-21 22:00:00,2026-05-21 20:00:00,7432.6,7448.3,7432.6,7447.8,1711,4,0
2026-05-21 22:15:00,2026-05-21 20:15:00,7447.9,7451.8,7446.8,7449.6,1117,4,0
2026-05-21 22:30:00,2026-05-21 20:30:00,7449.1,7452.8,7443.8,7446.6,964,4,0
2026-05-21 22:45:00,2026-05-21 20:45:00,7446.6,7454.6,7442.1,7450.3,1504,4,0
2026-05-21 23:00:00,2026-05-21 21:00:00,7450.3,7455.3,7448.5,7453.5,506,4,0
2026-05-21 23:15:00,2026-05-21 21:15:00,7453.5,7453.5,7449.3,7450.5,248,4,0
2026-05-21 23:30:00,2026-05-21 21:30:00,7450.5,7453.0,7450.3,7452.3,121,4,0
2026-05-21 23:45:00,2026-05-21 21:45:00,7452.3,7454.0,7452.3,7452.3,130,4,0
2026-05-22 01:00:00,2026-05-21 23:00:00,7454.0,7461.7,7452.9,7461.0,859,4,0
2026-05-22 01:15:00,2026-05-21 23:15:00,7461.1,7462.2,7456.7,7458.9,449,4,0
2026-05-22 01:30:00,2026-05-21 23:30:00,7458.9,7459.8,7455.9,7458.2,480,4,0
2026-05-22 01:45:00,2026-05-21 23:45:00,7458.2,7464.4,7458.2,7463.4,496,4,0
2026-05-22 02:00:00,2026-05-22 00:00:00,7463.5,7464.7,7462.4,7463.2,264,4,0
2026-05-22 02:15:00,2026-05-22 00:15:00,7463.2,7464.2,7462.4,7463.2,166,4,0
2026-05-22 02:30:00,2026-05-22 00:30:00,7463.2,7465.4,7461.9,7463.9,201,4,0
2026-05-22 02:45:00,2026-05-22 00:45:00,7463.9,7468.7,7463.7,7465.2,563,4,0
2026-05-22 03:00:00,2026-05-22 01:00:00,7465.0,7469.9,7462.2,7466.2,1211,4,0
2026-05-22 03:15:00,2026-05-22 01:15:00,7466.2,7473.4,7465.9,7470.2,934,4,0
2026-05-22 03:30:00,2026-05-22 01:30:00,7470.2,7473.9,7469.7,7469.9,732,4,0
2026-05-22 03:45:00,2026-05-22 01:45:00,7469.9,7472.4,7469.9,7469.9,438,4,0
2026-05-22 04:00:00,2026-05-22 02:00:00,7469.9,7470.7,7465.9,7470.2,708,4,0
2026-05-22 04:15:00,2026-05-22 02:15:00,7470.2,7470.3,7465.7,7466.9,681,4,0
2026-05-22 04:30:00,2026-05-22 02:30:00,7466.7,7467.4,7459.9,7464.9,731,4,0
2026-05-22 04:45:00,2026-05-22 02:45:00,7464.7,7469.7,7464.4,7466.2,554,4,0
2026-05-22 05:00:00,2026-05-22 03:00:00,7466.2,7468.4,7464.7,7467.4,535,4,0
2026-05-22 05:15:00,2026-05-22 03:15:00,7467.4,7469.2,7464.2,7464.9,530,4,0
2026-05-22 05:30:00,2026-05-22 03:30:00,7464.9,7470.2,7464.4,7468.6,447,4,0
2026-05-22 05:45:00,2026-05-22 03:45:00,7468.5,7470.4,7466.9,7468.9,440,4,0
2026-05-22 06:00:00,2026-05-22 04:00:00,7468.9,7469.6,7465.7,7467.2,386,4,0
2026-05-22 06:15:00,2026-05-22 04:15:00,7467.2,7468.9,7466.2,7468.7,449,4,0
2026-05-22 06:30:00,2026-05-22 04:30:00,7468.7,7472.2,7468.7,7472.2,341,4,0
2026-05-22 06:45:00,2026-05-22 04:45:00,7472.2,7474.2,7471.9,7474.2,272,4,0
2026-05-22 07:00:00,2026-05-22 05:00:00,7474.2,7478.4,7474.2,7477.7,258,4,0
2026-05-22 07:15:00,2026-05-22 05:15:00,7477.7,7478.7,7476.4,7478.2,207,4,0
2026-05-22 07:30:00,2026-05-22 05:30:00,7478.2,7478.2,7474.7,7475.7,339,4,0
2026-05-22 07:45:00,2026-05-22 05:45:00,7475.7,7479.2,7475.7,7478.8,283,4,0
2026-05-22 08:00:00,2026-05-22 06:00:00,7478.8,7480.2,7478.2,7478.7,432,4,0
2026-05-22 08:15:00,2026-05-22 06:15:00,7478.7,7479.4,7476.2,7477.9,372,4,0
2026-05-22 08:30:00,2026-05-22 06:30:00,7477.9,7478.9,7475.2,7477.4,550,4,0
2026-05-22 08:45:00,2026-05-22 06:45:00,7477.4,7478.9,7469.9,7470.9,736,4,0
2026-05-22 09:00:00,2026-05-22 07:00:00,7470.9,7475.1,7468.9,7475.0,1070,4,0
2026-05-22 09:15:00,2026-05-22 07:15:00,7475.0,7477.5,7472.2,7475.5,898,4,0
2026-05-22 09:30:00,2026-05-22 07:30:00,7475.3,7480.2,7473.1,7478.4,742,4,0
2026-05-22 09:45:00,2026-05-22 07:45:00,7478.5,7478.7,7473.7,7474.5,592,4,0
2026-05-22 10:00:00,2026-05-22 08:00:00,7474.5,7475.0,7467.2,7468.3,1008,4,0
2026-05-22 10:15:00,2026-05-22 08:15:00,7468.3,7475.3,7468.3,7474.7,582,4,0
2026-05-22 10:30:00,2026-05-22 08:30:00,7474.7,7475.0,7467.3,7471.2,872,4,0
2026-05-22 10:45:00,2026-05-22 08:45:00,7471.2,7474.5,7469.5,7474.3,600,4,0
2026-05-22 11:00:00,2026-05-22 09:00:00,7474.2,7477.7,7473.5,7475.0,902,4,0
2026-05-22 11:15:00,2026-05-22 09:15:00,7475.0,7486.1,7475.0,7479.5,1113,4,0
2026-05-22 11:30:00,2026-05-22 09:30:00,7479.7,7480.2,7469.5,7475.0,1116,4,0
2026-05-22 11:45:00,2026-05-22 09:45:00,7475.0,7478.1,7470.6,7471.0,640,4,0
2026-05-22 12:00:00,2026-05-22 10:00:00,7471.0,7471.0,7461.3,7462.3,803,4,0
2026-05-22 12:15:00,2026-05-22 10:15:00,7462.2,7465.8,7460.7,7462.0,750,4,0
2026-05-22 12:30:00,2026-05-22 10:30:00,7462.0,7468.0,7458.7,7467.5,730,4,0
2026-05-22 12:45:00,2026-05-22 10:45:00,7467.5,7471.2,7466.2,7469.0,540,4,0
2026-05-22 13:00:00,2026-05-22 11:00:00,7469.0,7469.0,7463.7,7464.2,696,4,0
2026-05-22 13:15:00,2026-05-22 11:15:00,7464.2,7465.2,7457.8,7458.7,748,4,0
2026-05-22 13:30:00,2026-05-22 11:30:00,7458.7,7460.0,7455.2,7458.2,684,4,0
2026-05-22 13:45:00,2026-05-22 11:45:00,7458.2,7461.5,7457.5,7460.2,677,4,0
2026-05-22 14:00:00,2026-05-22 12:00:00,7460.3,7464.2,7458.7,7459.7,664,4,0
2026-05-22 14:15:00,2026-05-22 12:15:00,7459.7,7461.8,7458.2,7460.2,590,4,0
2026-05-22 14:30:00,2026-05-22 12:30:00,7460.2,7465.0,7458.2,7464.7,597,4,0
2026-05-22 14:45:00,2026-05-22 12:45:00,7464.7,7471.6,7464.2,7466.5,898,4,0
2026-05-22 15:00:00,2026-05-22 13:00:00,7466.5,7484.7,7463.8,7481.0,1086,4,0
2026-05-22 15:15:00,2026-05-22 13:15:00,7481.1,7484.3,7471.5,7476.5,1839,4,0
2026-05-22 15:30:00,2026-05-22 13:30:00,7476.5,7481.0,7475.7,7480.0,652,4,0
2026-05-22 15:45:00,2026-05-22 13:45:00,7480.0,7488.7,7480.0,7488.7,567,4,0
2026-05-22 16:00:00,2026-05-22 14:00:00,7488.5,7493.1,7481.5,7488.2,1118,4,0
2026-05-22 16:15:00,2026-05-22 14:15:00,7488.4,7490.7,7480.5,7482.5,862,4,0
2026-05-22 16:30:00,2026-05-22 14:30:00,7482.5,7501.7,7477.0,7494.1,2085,4,0
2026-05-22 16:45:00,2026-05-22 14:45:00,7494.0,7501.0,7486.3,7495.3,1916,4,0
2026-05-22 17:00:00,2026-05-22 15:00:00,7495.3,7495.3,7474.1,7475.5,2162,4,0
2026-05-22 17:15:00,2026-05-22 15:15:00,7475.5,7480.5,7464.5,7476.7,1670,4,0
2026-05-22 17:30:00,2026-05-22 15:30:00,7476.7,7485.1,7474.2,7483.7,1114,4,0
2026-05-22 17:45:00,2026-05-22 15:45:00,7483.7,7487.2,7478.0,7485.0,1000,4,0
2026-05-22 18:00:00,2026-05-22 16:00:00,7485.0,7491.5,7484.5,7490.2,805,4,0
2026-05-22 18:15:00,2026-05-22 16:15:00,7490.2,7499.2,7489.0,7499.2,724,4,0
2026-05-22 18:30:00,2026-05-22 16:30:00,7499.2,7501.0,7494.7,7497.7,732,4,0
2026-05-22 18:45:00,2026-05-22 16:45:00,7497.7,7498.5,7493.5,7496.5,558,4,0
2026-05-22 19:00:00,2026-05-22 17:00:00,7496.2,7497.7,7492.0,7494.2,648,4,0
2026-05-22 19:15:00,2026-05-22 17:15:00,7494.0,7494.0,7488.5,7493.7,680,4,0
2026-05-22 19:30:00,2026-05-22 17:30:00,7493.7,7496.5,7488.5,7490.2,764,4,0
2026-05-22 19:45:00,2026-05-22 17:45:00,7490.2,7495.5,7490.2,7492.7,583,4,0
2026-05-22 20:00:00,2026-05-22 18:00:00,7492.7,7499.0,7492.7,7496.2,484,4,0
2026-05-22 20:15:00,2026-05-22 18:15:00,7496.2,7507.8,7487.6,7507.5,1091,4,0
2026-05-22 20:30:00,2026-05-22 18:30:00,7507.8,7509.2,7498.0,7500.2,1271,4,0
2026-05-22 20:45:00,2026-05-22 18:45:00,7500.2,7501.0,7491.2,7493.7,832,4,0
2026-05-22 21:00:00,2026-05-22 19:00:00,7493.7,7496.8,7488.8,7492.0,916,4,0
2026-05-22 21:15:00,2026-05-22 19:15:00,7492.0,7495.7,7489.7,7493.0,693,4,0
2026-05-22 21:30:00,2026-05-22 19:30:00,7493.0,7494.5,7488.0,7493.0,686,4,0
2026-05-22 21:45:00,2026-05-22 19:45:00,7493.2,7494.5,7489.2,7491.1,574,4,0
2026-05-22 22:00:00,2026-05-22 20:00:00,7491.1,7492.0,7481.2,7483.5,1084,4,0
2026-05-22 22:15:00,2026-05-22 20:15:00,7483.5,7484.2,7474.7,7475.5,835,4,0
2026-05-22 22:30:00,2026-05-22 20:30:00,7475.5,7481.0,7472.5,7476.2,869,4,0
2026-05-22 22:45:00,2026-05-22 20:45:00,7476.2,7482.5,7469.5,7475.7,1007,4,0
2026-05-22 23:00:00,2026-05-22 21:00:00,7475.9,7480.4,7472.9,7479.9,498,4,0
2026-05-22 23:15:00,2026-05-22 21:15:00,7479.9,7480.0,7476.7,7477.2,246,4,0
2026-05-22 23:30:00,2026-05-22 21:30:00,7477.2,7478.5,7470.7,7471.2,859,4,0
2026-05-22 23:45:00,2026-05-22 21:45:00,7470.9,7472.9,7468.7,7470.9,278,4,0
2026-05-25 01:00:00,2026-05-24 23:00:00,7511.4,7520.3,7510.1,7518.9,1436,4,0
2026-05-25 01:15:00,2026-05-24 23:15:00,7518.9,7520.3,7515.1,7516.1,728,4,0
2026-05-25 01:30:00,2026-05-24 23:30:00,7516.1,7521.9,7516.1,7520.6,634,4,0
2026-05-25 01:45:00,2026-05-24 23:45:00,7520.6,7524.6,7520.5,7521.1,435,4,0
2026-05-25 02:00:00,2026-05-25 00:00:00,7521.1,7526.4,7521.1,7526.1,394,4,0
2026-05-25 02:15:00,2026-05-25 00:15:00,7526.1,7526.4,7522.9,7523.9,173,4,0
2026-05-25 02:30:00,2026-05-25 00:30:00,7523.9,7531.9,7523.9,7528.5,574,4,0
2026-05-25 02:45:00,2026-05-25 00:45:00,7528.5,7529.4,7524.6,7525.4,495,4,0
2026-05-25 03:00:00,2026-05-25 01:00:00,7525.4,7531.4,7523.1,7529.9,917,4,0
2026-05-25 03:15:00,2026-05-25 01:15:00,7530.1,7533.1,7527.4,7531.6,653,4,0
2026-05-25 03:30:00,2026-05-25 01:30:00,7531.6,7533.6,7530.9,7532.4,391,4,0
2026-05-25 03:45:00,2026-05-25 01:45:00,7532.4,7535.6,7529.1,7530.4,500,4,0
2026-05-25 04:00:00,2026-05-25 02:00:00,7530.4,7532.8,7528.9,7532.6,626,4,0
2026-05-25 04:15:00,2026-05-25 02:15:00,7532.6,7535.6,7531.4,7534.9,516,4,0
2026-05-25 04:30:00,2026-05-25 02:30:00,7534.9,7537.4,7534.1,7535.6,452,4,0
2026-05-25 04:45:00,2026-05-25 02:45:00,7535.6,7535.9,7533.6,7534.1,187,4,0
2026-05-25 05:00:00,2026-05-25 03:00:00,7534.1,7537.1,7534.1,7535.9,222,4,0
2026-05-25 05:15:00,2026-05-25 03:15:00,7535.9,7535.9,7533.4,7534.6,250,4,0
2026-05-25 05:30:00,2026-05-25 03:30:00,7534.6,7535.9,7533.9,7535.9,195,4,0
2026-05-25 05:45:00,2026-05-25 03:45:00,7535.9,7540.1,7535.9,7539.9,196,4,0
2026-05-25 06:00:00,2026-05-25 04:00:00,7539.9,7546.4,7539.9,7543.9,398,4,0
2026-05-25 06:15:00,2026-05-25 04:15:00,7543.9,7547.1,7543.1,7544.4,331,4,0
2026-05-25 06:30:00,2026-05-25 04:30:00,7544.4,7546.6,7544.3,7544.9,463,4,0
2026-05-25 06:45:00,2026-05-25 04:45:00,7544.9,7545.6,7543.4,7543.6,314,4,0
2026-05-25 07:00:00,2026-05-25 05:00:00,7543.6,7546.4,7543.6,7545.6,197,4,0
2026-05-25 07:15:00,2026-05-25 05:15:00,7545.6,7546.4,7544.9,7545.7,135,4,0
2026-05-25 07:30:00,2026-05-25 05:30:00,7545.6,7546.1,7544.1,7545.9,171,4,0
2026-05-25 07:45:00,2026-05-25 05:45:00,7545.9,7549.4,7545.8,7547.1,177,4,0
2026-05-25 08:00:00,2026-05-25 06:00:00,7547.1,7549.9,7547.1,7549.5,214,4,0
2026-05-25 08:15:00,2026-05-25 06:15:00,7549.5,7551.9,7549.1,7550.6,153,4,0
2026-05-25 08:30:00,2026-05-25 06:30:00,7550.6,7552.9,7549.9,7552.4,160,4,0
2026-05-25 08:45:00,2026-05-25 06:45:00,7552.4,7552.4,7548.9,7549.1,145,4,0
2026-05-25 09:00:00,2026-05-25 07:00:00,7549.1,7550.1,7547.1,7548.7,298,4,0
2026-05-25 09:15:00,2026-05-25 07:15:00,7548.7,7548.7,7544.9,7548.2,227,4,0
2026-05-25 09:30:00,2026-05-25 07:30:00,7548.4,7548.9,7546.5,7546.9,245,4,0
2026-05-25 09:45:00,2026-05-25 07:45:00,7546.9,7550.5,7546.7,7547.7,319,4,0
2026-05-25 10:00:00,2026-05-25 08:00:00,7547.7,7548.9,7545.2,7545.2,417,4,0
2026-05-25 10:15:00,2026-05-25 08:15:00,7545.2,7546.6,7536.4,7543.9,884,4,0
2026-05-25 10:30:00,2026-05-25 08:30:00,7543.9,7554.0,7543.5,7548.7,908,4,0
2026-05-25 10:45:00,2026-05-25 08:45:00,7548.7,7549.8,7547.3,7549.2,389,4,0
2026-05-25 11:00:00,2026-05-25 09:00:00,7549.2,7549.7,7543.5,7545.9,494,4,0
2026-05-25 11:15:00,2026-05-25 09:15:00,7545.9,7546.2,7541.2,7541.9,429,4,0
2026-05-25 11:30:00,2026-05-25 09:30:00,7541.9,7546.7,7541.2,7546.3,361,4,0
2026-05-25 11:45:00,2026-05-25 09:45:00,7546.4,7548.2,7546.4,7547.9,226,4,0
2026-05-25 12:00:00,2026-05-25 10:00:00,7547.9,7550.0,7547.7,7547.7,216,4,0
2026-05-25 12:15:00,2026-05-25 10:15:00,7547.5,7548.4,7546.4,7547.1,136,4,0
2026-05-25 12:30:00,2026-05-25 10:30:00,7547.1,7549.2,7546.2,7548.4,198,4,0
2026-05-25 12:45:00,2026-05-25 10:45:00,7548.4,7549.2,7547.5,7547.7,176,4,0
2026-05-25 13:00:00,2026-05-25 11:00:00,7547.7,7549.7,7546.2,7549.5,178,4,0
2026-05-25 13:15:00,2026-05-25 11:15:00,7549.5,7551.4,7548.7,7549.4,193,4,0
2026-05-25 13:30:00,2026-05-25 11:30:00,7549.4,7550.7,7548.4,7550.4,175,4,0
2026-05-25 13:45:00,2026-05-25 11:45:00,7550.4,7550.7,7548.8,7549.7,110,4,0
2026-05-25 14:00:00,2026-05-25 12:00:00,7549.7,7549.9,7547.4,7549.4,191,4,0
2026-05-25 14:15:00,2026-05-25 12:15:00,7549.4,7550.7,7548.9,7549.9,146,4,0
2026-05-25 14:30:00,2026-05-25 12:30:00,7549.9,7552.2,7549.9,7551.9,199,4,0
2026-05-25 14:45:00,2026-05-25 12:45:00,7551.9,7554.2,7551.6,7552.2,258,4,0
2026-05-25 15:00:00,2026-05-25 13:00:00,7552.2,7553.4,7550.4,7551.2,281,4,0
2026-05-25 15:15:00,2026-05-25 13:15:00,7551.2,7556.2,7550.2,7551.9,348,4,0
2026-05-25 15:30:00,2026-05-25 13:30:00,7551.9,7552.4,7549.2,7549.4,203,4,0
2026-05-25 15:45:00,2026-05-25 13:45:00,7549.4,7549.9,7546.9,7547.2,249,4,0
2026-05-25 16:00:00,2026-05-25 14:00:00,7547.2,7547.9,7546.2,7547.4,198,4,0
2026-05-25 16:15:00,2026-05-25 14:15:00,7547.4,7547.4,7545.7,7546.7,186,4,0
2026-05-25 16:30:00,2026-05-25 14:30:00,7546.7,7552.9,7546.7,7552.2,231,4,0
2026-05-25 16:45:00,2026-05-25 14:45:00,7552.2,7553.7,7549.9,7553.2,250,4,0
2026-05-25 17:00:00,2026-05-25 15:00:00,7553.2,7553.4,7548.4,7548.4,233,4,0
2026-05-25 17:15:00,2026-05-25 15:15:00,7548.4,7549.4,7546.9,7547.4,205,4,0
2026-05-25 17:30:00,2026-05-25 15:30:00,7547.4,7547.4,7542.2,7542.7,221,4,0
2026-05-25 17:45:00,2026-05-25 15:45:00,7542.7,7545.9,7542.4,7543.7,259,4,0
2026-05-25 18:00:00,2026-05-25 16:00:00,7543.7,7557.4,7542.4,7551.9,634,4,0
2026-05-25 18:15:00,2026-05-25 16:15:00,7551.9,7553.7,7546.4,7546.4,546,4,0
2026-05-25 18:30:00,2026-05-25 16:30:00,7546.4,7548.4,7544.8,7547.4,347,4,0
2026-05-25 18:45:00,2026-05-25 16:45:00,7547.3,7548.7,7545.7,7546.9,211,4,0
2026-05-25 19:00:00,2026-05-25 17:00:00,7546.9,7547.4,7545.4,7546.9,173,4,0
2026-05-25 19:15:00,2026-05-25 17:15:00,7546.9,7547.7,7543.9,7543.9,153,4,0
2026-05-25 19:30:00,2026-05-25 17:30:00,7543.9,7546.7,7543.4,7546.7,173,4,0
2026-05-25 19:45:00,2026-05-25 17:45:00,7546.7,7552.7,7546.4,7552.7,580,4,0
2026-05-25 20:00:00,2026-05-25 18:00:00,7552.7,7552.7,7552.7,7552.7,1,4,0
2026-05-26 01:00:00,2026-05-25 23:00:00,7553.6,7553.6,7543.7,7544.2,1142,4,0
2026-05-26 01:15:00,2026-05-25 23:15:00,7544.2,7547.2,7543.0,7545.2,554,4,0
2026-05-26 01:30:00,2026-05-25 23:30:00,7545.2,7545.2,7537.5,7542.0,773,4,0
2026-05-26 01:45:00,2026-05-25 23:45:00,7542.0,7542.1,7536.4,7537.7,519,4,0
2026-05-26 02:00:00,2026-05-26 00:00:00,7537.7,7539.5,7534.5,7535.5,538,4,0
2026-05-26 02:15:00,2026-05-26 00:15:00,7535.5,7536.1,7531.0,7532.7,638,4,0
2026-05-26 02:30:00,2026-05-26 00:30:00,7532.7,7536.2,7532.0,7535.4,403,4,0
2026-05-26 02:45:00,2026-05-26 00:45:00,7535.4,7539.0,7535.2,7536.0,604,4,0
2026-05-26 03:00:00,2026-05-26 01:00:00,7536.0,7536.5,7524.2,7528.2,1582,4,0
2026-05-26 03:15:00,2026-05-26 01:15:00,7528.2,7530.7,7525.5,7530.2,877,4,0
2026-05-26 03:30:00,2026-05-26 01:30:00,7530.2,7533.7,7527.7,7528.4,661,4,0
2026-05-26 03:45:00,2026-05-26 01:45:00,7528.2,7529.7,7525.7,7528.2,679,4,0
2026-05-26 04:00:00,2026-05-26 02:00:00,7528.2,7529.5,7524.0,7529.2,1022,4,0
2026-05-26 04:15:00,2026-05-26 02:15:00,7529.2,7529.5,7523.0,7524.5,903,4,0
2026-05-26 04:30:00,2026-05-26 02:30:00,7524.5,7524.7,7520.1,7522.7,907,4,0
2026-05-26 04:45:00,2026-05-26 02:45:00,7522.7,7527.5,7522.5,7527.2,588,4,0
2026-05-26 05:00:00,2026-05-26 03:00:00,7527.2,7529.2,7526.2,7527.5,378,4,0
2026-05-26 05:15:00,2026-05-26 03:15:00,7527.5,7529.2,7523.5,7526.5,425,4,0
2026-05-26 05:30:00,2026-05-26 03:30:00,7526.6,7528.0,7524.5,7525.5,511,4,0
2026-05-26 05:45:00,2026-05-26 03:45:00,7525.5,7527.0,7525.0,7526.5,354,4,0
2026-05-26 06:00:00,2026-05-26 04:00:00,7526.5,7528.0,7524.9,7524.9,375,4,0
2026-05-26 06:15:00,2026-05-26 04:15:00,7524.9,7529.2,7524.7,7528.5,299,4,0
2026-05-26 06:30:00,2026-05-26 04:30:00,7528.5,7529.5,7527.7,7527.7,296,4,0
2026-05-26 06:45:00,2026-05-26 04:45:00,7527.7,7529.7,7527.0,7528.7,206,4,0
2026-05-26 07:00:00,2026-05-26 05:00:00,7528.7,7530.7,7526.2,7530.7,223,4,0
2026-05-26 07:15:00,2026-05-26 05:15:00,7530.7,7530.7,7528.5,7528.5,212,4,0
2026-05-26 07:30:00,2026-05-26 05:30:00,7528.4,7530.2,7527.7,7528.2,210,4,0
2026-05-26 07:45:00,2026-05-26 05:45:00,7528.2,7528.2,7525.7,7527.0,250,4,0
2026-05-26 08:00:00,2026-05-26 06:00:00,7527.0,7528.2,7524.0,7527.2,468,4,0
2026-05-26 08:15:00,2026-05-26 06:15:00,7527.2,7528.7,7526.8,7528.2,303,4,0
2026-05-26 08:30:00,2026-05-26 06:30:00,7528.2,7529.5,7525.9,7527.0,355,4,0
2026-05-26 08:45:00,2026-05-26 06:45:00,7527.0,7527.7,7524.5,7525.7,246,4,0
2026-05-26 09:00:00,2026-05-26 07:00:00,7525.7,7529.8,7524.5,7529.5,348,4,0
2026-05-26 09:15:00,2026-05-26 07:15:00,7529.5,7532.0,7524.5,7527.3,380,4,0
2026-05-26 09:30:00,2026-05-26 07:30:00,7527.3,7532.5,7526.4,7531.0,527,4,0
2026-05-26 09:45:00,2026-05-26 07:45:00,7531.0,7531.0,7527.0,7528.0,312,4,0
2026-05-26 10:00:00,2026-05-26 08:00:00,7528.0,7529.5,7518.0,7521.0,1035,4,0
2026-05-26 10:15:00,2026-05-26 08:15:00,7521.0,7522.0,7517.0,7519.3,764,4,0
2026-05-26 10:30:00,2026-05-26 08:30:00,7519.3,7521.5,7514.3,7521.3,757,4,0
2026-05-26 10:45:00,2026-05-26 08:45:00,7521.3,7523.3,7516.8,7519.5,558,4,0
2026-05-26 11:00:00,2026-05-26 09:00:00,7519.5,7521.4,7516.5,7518.5,715,4,0
2026-05-26 11:15:00,2026-05-26 09:15:00,7518.5,7521.0,7517.6,7519.5,546,4,0
2026-05-26 11:30:00,2026-05-26 09:30:00,7519.5,7520.8,7517.0,7520.0,468,4,0
2026-05-26 11:45:00,2026-05-26 09:45:00,7520.0,7521.8,7517.8,7521.0,355,4,0
2026-05-26 12:00:00,2026-05-26 10:00:00,7521.3,7522.5,7519.0,7519.3,451,4,0
2026-05-26 12:15:00,2026-05-26 10:15:00,7519.3,7526.0,7518.3,7525.5,471,4,0
2026-05-26 12:30:00,2026-05-26 10:30:00,7525.5,7527.3,7524.3,7524.5,332,4,0
2026-05-26 12:45:00,2026-05-26 10:45:00,7524.5,7527.0,7524.3,7526.0,309,4,0
2026-05-26 13:00:00,2026-05-26 11:00:00,7526.0,7530.3,7525.0,7530.0,308,4,0
2026-05-26 13:15:00,2026-05-26 11:15:00,7530.0,7535.3,7529.3,7534.5,403,4,0
2026-05-26 13:30:00,2026-05-26 11:30:00,7534.5,7539.5,7532.8,7533.5,647,4,0
2026-05-26 13:45:00,2026-05-26 11:45:00,7533.5,7533.5,7530.8,7530.8,409,4,0
2026-05-26 14:00:00,2026-05-26 12:00:00,7530.8,7532.5,7528.8,7528.8,385,4,0
2026-05-26 14:15:00,2026-05-26 12:15:00,7528.8,7532.3,7528.3,7529.5,323,4,0
2026-05-26 14:30:00,2026-05-26 12:30:00,7529.5,7531.8,7520.8,7529.3,840,4,0
2026-05-26 14:45:00,2026-05-26 12:45:00,7529.3,7530.3,7527.8,7528.5,338,4,0
2026-05-26 15:00:00,2026-05-26 13:00:00,7528.5,7530.5,7524.3,7529.4,491,4,0
2026-05-26 15:15:00,2026-05-26 13:15:00,7529.4,7533.8,7528.5,7533.5,254,4,0
2026-05-26 15:30:00,2026-05-26 13:30:00,7533.5,7536.5,7531.8,7533.8,334,4,0
2026-05-26 15:45:00,2026-05-26 13:45:00,7533.8,7534.3,7531.3,7532.3,353,4,0
2026-05-26 16:00:00,2026-05-26 14:00:00,7532.3,7533.0,7528.8,7531.0,299,4,0
2026-05-26 16:15:00,2026-05-26 14:15:00,7531.0,7532.0,7522.5,7522.8,346,4,0
2026-05-26 16:30:00,2026-05-26 14:30:00,7522.8,7529.0,7513.5,7528.5,1455,4,0
2026-05-26 16:45:00,2026-05-26 14:45:00,7528.5,7533.3,7518.3,7529.5,1386,4,0
2026-05-26 17:00:00,2026-05-26 15:00:00,7530.3,7536.8,7527.3,7536.5,1095,4,0
2026-05-26 17:15:00,2026-05-26 15:15:00,7536.5,7541.0,7534.0,7538.0,863,4,0
2026-05-26 17:30:00,2026-05-26 15:30:00,7538.0,7543.5,7535.8,7542.5,889,4,0
2026-05-26 17:45:00,2026-05-26 15:45:00,7542.5,7543.0,7534.0,7536.3,719,4,0
2026-05-26 18:00:00,2026-05-26 16:00:00,7536.3,7537.0,7525.8,7528.0,1010,4,0
2026-05-26 18:15:00,2026-05-26 16:15:00,7528.0,7528.0,7519.3,7520.3,954,4,0
2026-05-26 18:30:00,2026-05-26 16:30:00,7520.3,7522.0,7513.8,7515.5,1078,4,0
2026-05-26 18:45:00,2026-05-26 16:45:00,7515.8,7516.3,7505.5,7511.3,1327,4,0
2026-05-26 19:00:00,2026-05-26 17:00:00,7511.3,7516.0,7508.0,7511.0,827,4,0
2026-05-26 19:15:00,2026-05-26 17:15:00,7511.0,7519.5,7510.0,7519.3,597,4,0
2026-05-26 19:30:00,2026-05-26 17:30:00,7519.3,7522.3,7514.0,7514.5,661,4,0
2026-05-26 19:45:00,2026-05-26 17:45:00,7514.5,7516.3,7510.5,7511.9,681,4,0
2026-05-26 20:00:00,2026-05-26 18:00:00,7511.9,7516.3,7511.0,7514.8,646,4,0
2026-05-26 20:15:00,2026-05-26 18:15:00,7514.8,7515.0,7507.0,7508.3,613,4,0
2026-05-26 20:30:00,2026-05-26 18:30:00,7508.3,7513.3,7506.8,7510.3,627,4,0
2026-05-26 20:45:00,2026-05-26 18:45:00,7510.3,7515.3,7509.8,7512.3,457,4,0
2026-05-26 21:00:00,2026-05-26 19:00:00,7512.3,7519.0,7510.0,7518.5,475,4,0
2026-05-26 21:15:00,2026-05-26 19:15:00,7518.5,7522.0,7518.0,7518.5,466,4,0
2026-05-26 21:30:00,2026-05-26 19:30:00,7518.5,7522.0,7516.0,7516.0,396,4,0
2026-05-26 21:45:00,2026-05-26 19:45:00,7516.0,7517.8,7512.4,7513.0,424,4,0
2026-05-26 22:00:00,2026-05-26 20:00:00,7513.0,7516.3,7510.5,7513.8,500,4,0
2026-05-26 22:15:00,2026-05-26 20:15:00,7513.8,7517.8,7513.8,7517.0,307,4,0
2026-05-26 22:30:00,2026-05-26 20:30:00,7517.0,7527.4,7517.0,7527.0,399,4,0
2026-05-26 22:45:00,2026-05-26 20:45:00,7527.0,7530.8,7522.8,7527.5,633,4,0
2026-05-26 23:00:00,2026-05-26 21:00:00,7527.5,7529.0,7524.2,7524.2,308,4,0
2026-05-26 23:15:00,2026-05-26 21:15:00,7524.2,7527.2,7523.5,7523.7,125,4,0
2026-05-26 23:30:00,2026-05-26 21:30:00,7523.7,7525.7,7523.5,7524.2,75,4,0
2026-05-26 23:45:00,2026-05-26 21:45:00,7524.2,7524.5,7520.2,7521.5,180,4,0
2026-05-27 01:00:00,2026-05-26 23:00:00,7524.7,7526.8,7518.8,7521.1,684,4,0
2026-05-27 01:15:00,2026-05-26 23:15:00,7521.0,7523.7,7519.3,7522.0,395,4,0
2026-05-27 01:30:00,2026-05-26 23:30:00,7522.0,7524.7,7522.0,7522.6,229,4,0
2026-05-27 01:45:00,2026-05-26 23:45:00,7522.6,7523.5,7520.5,7522.5,310,4,0
2026-05-27 02:00:00,2026-05-27 00:00:00,7522.5,7525.0,7522.5,7523.0,296,4,0
2026-05-27 02:15:00,2026-05-27 00:15:00,7523.0,7528.0,7522.5,7528.0,300,4,0
2026-05-27 02:30:00,2026-05-27 00:30:00,7528.0,7531.0,7525.7,7531.0,340,4,0
2026-05-27 02:45:00,2026-05-27 00:45:00,7531.0,7533.7,7530.5,7532.7,589,4,0
2026-05-27 03:00:00,2026-05-27 01:00:00,7532.7,7534.2,7531.2,7532.8,967,4,0
2026-05-27 03:15:00,2026-05-27 01:15:00,7532.8,7532.8,7527.0,7531.5,745,4,0
2026-05-27 03:30:00,2026-05-27 01:30:00,7531.5,7535.2,7530.4,7533.0,671,4,0
2026-05-27 03:45:00,2026-05-27 01:45:00,7533.0,7536.0,7532.2,7534.8,636,4,0
2026-05-27 04:00:00,2026-05-27 02:00:00,7534.7,7537.7,7533.0,7537.0,709,4,0
2026-05-27 04:15:00,2026-05-27 02:15:00,7537.0,7537.7,7535.0,7536.2,336,4,0
2026-05-27 04:30:00,2026-05-27 02:30:00,7536.2,7536.5,7534.5,7534.5,462,4,0
2026-05-27 04:45:00,2026-05-27 02:45:00,7534.5,7534.7,7531.0,7531.5,416,4,0
2026-05-27 05:00:00,2026-05-27 03:00:00,7531.5,7534.0,7531.5,7533.2,426,4,0
2026-05-27 05:15:00,2026-05-27 03:15:00,7533.2,7535.7,7533.2,7534.6,289,4,0
2026-05-27 05:30:00,2026-05-27 03:30:00,7534.7,7535.7,7533.2,7534.2,227,4,0
2026-05-27 05:45:00,2026-05-27 03:45:00,7534.2,7536.0,7533.2,7533.2,243,4,0
2026-05-27 06:00:00,2026-05-27 04:00:00,7533.2,7535.7,7532.5,7532.7,282,4,0
2026-05-27 06:15:00,2026-05-27 04:15:00,7532.7,7533.2,7531.0,7532.0,171,4,0
2026-05-27 06:30:00,2026-05-27 04:30:00,7532.0,7532.5,7529.2,7530.9,315,4,0
2026-05-27 06:45:00,2026-05-27 04:45:00,7531.0,7531.0,7527.5,7528.0,322,4,0
2026-05-27 07:00:00,2026-05-27 05:00:00,7528.0,7531.5,7527.6,7529.7,411,4,0
2026-05-27 07:15:00,2026-05-27 05:15:00,7529.7,7530.0,7524.8,7525.2,516,4,0
2026-05-27 07:30:00,2026-05-27 05:30:00,7525.2,7530.0,7524.7,7530.0,533,4,0
2026-05-27 07:45:00,2026-05-27 05:45:00,7530.0,7532.2,7529.7,7530.5,353,4,0
2026-05-27 08:00:00,2026-05-27 06:00:00,7530.5,7532.7,7529.5,7531.1,684,4,0
2026-05-27 08:15:00,2026-05-27 06:15:00,7531.2,7531.7,7528.0,7531.5,582,4,0
2026-05-27 08:30:00,2026-05-27 06:30:00,7531.5,7532.2,7527.0,7531.7,680,4,0
2026-05-27 08:45:00,2026-05-27 06:45:00,7531.7,7534.0,7530.2,7533.0,542,4,0
2026-05-27 09:00:00,2026-05-27 07:00:00,7533.0,7534.5,7531.3,7532.5,729,4,0
2026-05-27 09:15:00,2026-05-27 07:15:00,7532.5,7533.2,7529.5,7530.5,473,4,0
2026-05-27 09:30:00,2026-05-27 07:30:00,7530.6,7531.0,7526.2,7528.7,466,4,0
2026-05-27 09:45:00,2026-05-27 07:45:00,7528.7,7530.5,7527.7,7529.1,376,4,0
2026-05-27 10:00:00,2026-05-27 08:00:00,7529.0,7534.5,7529.0,7534.5,616,4,0
2026-05-27 10:15:00,2026-05-27 08:15:00,7534.5,7536.2,7533.2,7535.5,417,4,0
2026-05-27 10:30:00,2026-05-27 08:30:00,7535.5,7537.2,7534.5,7536.5,361,4,0
2026-05-27 10:45:00,2026-05-27 08:45:00,7536.5,7537.5,7533.7,7537.0,287,4,0
2026-05-27 11:00:00,2026-05-27 09:00:00,7537.0,7541.0,7536.2,7540.7,596,4,0
2026-05-27 11:15:00,2026-05-27 09:15:00,7540.7,7547.7,7540.7,7546.2,546,4,0
2026-05-27 11:30:00,2026-05-27 09:30:00,7546.2,7548.0,7544.0,7548.0,470,4,0
2026-05-27 11:45:00,2026-05-27 09:45:00,7548.0,7548.5,7546.4,7546.7,318,4,0
2026-05-27 12:00:00,2026-05-27 10:00:00,7546.7,7547.7,7545.0,7547.0,392,4,0
2026-05-27 12:15:00,2026-05-27 10:15:00,7547.0,7548.0,7545.7,7546.2,328,4,0
2026-05-27 12:30:00,2026-05-27 10:30:00,7546.2,7549.7,7545.0,7547.2,316,4,0
2026-05-27 12:45:00,2026-05-27 10:45:00,7547.2,7550.2,7546.2,7549.1,230,4,0
2026-05-27 13:00:00,2026-05-27 11:00:00,7549.2,7554.0,7549.0,7553.7,339,4,0
2026-05-27 13:15:00,2026-05-27 11:15:00,7553.7,7554.0,7550.2,7550.7,210,4,0
2026-05-27 13:30:00,2026-05-27 11:30:00,7550.7,7550.7,7548.5,7549.5,263,4,0
2026-05-27 13:45:00,2026-05-27 11:45:00,7549.5,7552.0,7549.5,7550.7,203,4,0
2026-05-27 14:00:00,2026-05-27 12:00:00,7550.7,7555.5,7550.0,7552.2,505,4,0
2026-05-27 14:15:00,2026-05-27 12:15:00,7552.2,7554.1,7549.0,7549.1,489,4,0
2026-05-27 14:30:00,2026-05-27 12:30:00,7549.1,7549.7,7545.2,7545.7,394,4,0
2026-05-27 14:45:00,2026-05-27 12:45:00,7545.7,7546.0,7539.7,7540.2,415,4,0
2026-05-27 15:00:00,2026-05-27 13:00:00,7540.2,7540.5,7536.5,7537.7,438,4,0
2026-05-27 15:15:00,2026-05-27 13:15:00,7537.7,7559.5,7534.5,7556.0,1952,4,0
2026-05-27 15:30:00,2026-05-27 13:30:00,7556.1,7557.2,7547.2,7547.5,1190,4,0
2026-05-27 15:45:00,2026-05-27 13:45:00,7547.5,7547.5,7540.7,7542.0,633,4,0
2026-05-27 16:00:00,2026-05-27 14:00:00,7542.0,7542.7,7534.0,7536.5,735,4,0
2026-05-27 16:15:00,2026-05-27 14:15:00,7536.5,7537.5,7531.2,7531.2,640,4,0
2026-05-27 16:30:00,2026-05-27 14:30:00,7531.0,7535.0,7515.0,7517.3,1740,4,0
2026-05-27 16:45:00,2026-05-27 14:45:00,7517.0,7527.5,7515.5,7527.3,1875,4,0
2026-05-27 17:00:00,2026-05-27 15:00:00,7527.3,7535.3,7523.8,7530.5,1579,4,0
2026-05-27 17:15:00,2026-05-27 15:15:00,7530.5,7536.0,7518.0,7522.8,1863,4,0
2026-05-27 17:30:00,2026-05-27 15:30:00,7522.8,7532.7,7515.5,7526.5,1861,4,0
2026-05-27 17:45:00,2026-05-27 15:45:00,7526.8,7528.0,7517.3,7519.3,1373,4,0
2026-05-27 18:00:00,2026-05-27 16:00:00,7519.3,7523.8,7516.3,7520.5,1261,4,0
2026-05-27 18:15:00,2026-05-27 16:15:00,7520.5,7520.8,7511.3,7517.5,1134,4,0
2026-05-27 18:30:00,2026-05-27 16:30:00,7517.8,7524.0,7507.5,7508.3,1228,4,0
2026-05-27 18:45:00,2026-05-27 16:45:00,7508.4,7515.0,7505.8,7513.5,1231,4,0
2026-05-27 19:00:00,2026-05-27 17:00:00,7513.5,7519.5,7508.4,7518.0,1000,4,0
2026-05-27 19:15:00,2026-05-27 17:15:00,7518.0,7520.5,7516.0,7519.0,772,4,0
2026-05-27 19:30:00,2026-05-27 17:30:00,7519.0,7526.5,7517.3,7524.8,543,4,0
2026-05-27 19:45:00,2026-05-27 17:45:00,7525.0,7528.3,7518.5,7520.0,614,4,0
2026-05-27 20:00:00,2026-05-27 18:00:00,7520.0,7521.0,7504.3,7511.3,1065,4,0
2026-05-27 20:15:00,2026-05-27 18:15:00,7511.3,7517.3,7509.8,7513.8,618,4,0
2026-05-27 20:30:00,2026-05-27 18:30:00,7513.8,7521.5,7513.8,7516.5,613,4,0
2026-05-27 20:45:00,2026-05-27 18:45:00,7516.3,7523.0,7514.3,7519.8,534,4,0
2026-05-27 21:00:00,2026-05-27 19:00:00,7519.8,7523.0,7515.8,7522.8,544,4,0
2026-05-27 21:15:00,2026-05-27 19:15:00,7522.8,7530.5,7521.5,7529.8,509,4,0
2026-05-27 21:30:00,2026-05-27 19:30:00,7529.8,7531.8,7526.8,7531.0,412,4,0
2026-05-27 21:45:00,2026-05-27 19:45:00,7531.0,7533.5,7530.3,7531.0,350,4,0
2026-05-27 22:00:00,2026-05-27 20:00:00,7531.0,7534.3,7529.5,7532.0,410,4,0
2026-05-27 22:15:00,2026-05-27 20:15:00,7532.0,7533.0,7526.0,7528.5,371,4,0
2026-05-27 22:30:00,2026-05-27 20:30:00,7528.5,7531.8,7526.5,7531.8,442,4,0
2026-05-27 22:45:00,2026-05-27 20:45:00,7531.8,7531.8,7524.5,7528.5,642,4,0
2026-05-27 23:00:00,2026-05-27 21:00:00,7528.7,7533.0,7527.7,7532.2,303,4,0
2026-05-27 23:15:00,2026-05-27 21:15:00,7532.2,7538.2,7532.2,7535.2,255,4,0
2026-05-27 23:30:00,2026-05-27 21:30:00,7535.2,7538.2,7535.0,7538.0,124,4,0
2026-05-27 23:45:00,2026-05-27 21:45:00,7538.0,7543.0,7538.0,7543.0,93,4,0
2026-05-28 01:00:00,2026-05-27 23:00:00,7544.3,7547.3,7538.7,7539.8,723,4,0
2026-05-28 01:15:00,2026-05-27 23:15:00,7539.7,7541.7,7535.0,7535.2,483,4,0
2026-05-28 01:30:00,2026-05-27 23:30:00,7535.2,7537.5,7531.0,7534.3,711,4,0
2026-05-28 01:45:00,2026-05-27 23:45:00,7534.3,7536.7,7533.5,7535.8,378,4,0
2026-05-28 02:00:00,2026-05-28 00:00:00,7535.8,7537.7,7534.0,7535.2,371,4,0
2026-05-28 02:15:00,2026-05-28 00:15:00,7535.2,7539.0,7530.4,7533.5,728,4,0
2026-05-28 02:30:00,2026-05-28 00:30:00,7533.5,7533.5,7526.5,7527.5,549,4,0
2026-05-28 02:45:00,2026-05-28 00:45:00,7527.6,7527.7,7522.0,7524.2,834,4,0
2026-05-28 03:00:00,2026-05-28 01:00:00,7524.2,7529.7,7522.5,7523.8,1489,4,0
2026-05-28 03:15:00,2026-05-28 01:15:00,7523.9,7532.0,7523.5,7529.9,1111,4,0
2026-05-28 03:30:00,2026-05-28 01:30:00,7530.0,7532.2,7526.1,7531.2,1035,4,0
2026-05-28 03:45:00,2026-05-28 01:45:00,7531.2,7541.5,7531.0,7539.0,828,4,0
2026-05-28 04:00:00,2026-05-28 02:00:00,7539.0,7540.2,7534.0,7537.2,1015,4,0
2026-05-28 04:15:00,2026-05-28 02:15:00,7537.1,7538.2,7533.7,7536.2,945,4,0
2026-05-28 04:30:00,2026-05-28 02:30:00,7536.3,7539.0,7534.7,7535.1,936,4,0
2026-05-28 04:45:00,2026-05-28 02:45:00,7535.1,7540.2,7533.0,7539.2,815,4,0
2026-05-28 05:00:00,2026-05-28 03:00:00,7539.2,7540.5,7532.6,7532.7,833,4,0
2026-05-28 05:15:00,2026-05-28 03:15:00,7532.7,7533.2,7527.5,7527.5,511,4,0
2026-05-28 05:30:00,2026-05-28 03:30:00,7527.5,7529.2,7523.2,7524.2,629,4,0
2026-05-28 05:45:00,2026-05-28 03:45:00,7524.2,7527.5,7522.5,7524.0,529,4,0
2026-05-28 06:00:00,2026-05-28 04:00:00,7524.0,7526.2,7518.0,7520.0,845,4,0
2026-05-28 06:15:00,2026-05-28 04:15:00,7520.0,7522.7,7516.7,7517.2,769,4,0
2026-05-28 06:30:00,2026-05-28 04:30:00,7517.2,7517.2,7502.7,7503.0,1632,4,0
2026-05-28 06:45:00,2026-05-28 04:45:00,7502.8,7508.0,7501.3,7502.5,1432,4,0
2026-05-28 07:00:00,2026-05-28 05:00:00,7502.5,7504.5,7497.3,7499.5,1396,4,0
2026-05-28 07:15:00,2026-05-28 05:15:00,7499.5,7501.2,7495.7,7499.2,1320,4,0
2026-05-28 07:30:00,2026-05-28 05:30:00,7499.2,7504.7,7498.2,7501.5,836,4,0
2026-05-28 07:45:00,2026-05-28 05:45:00,7501.5,7502.7,7498.7,7499.8,698,4,0
2026-05-28 08:00:00,2026-05-28 06:00:00,7499.8,7504.5,7496.8,7504.0,1176,4,0
2026-05-28 08:15:00,2026-05-28 06:15:00,7504.0,7507.5,7502.1,7507.5,823,4,0
2026-05-28 08:30:00,2026-05-28 06:30:00,7507.5,7516.3,7507.0,7514.7,897,4,0
2026-05-28 08:45:00,2026-05-28 06:45:00,7514.7,7519.0,7514.7,7517.7,454,4,0
2026-05-28 09:00:00,2026-05-28 07:00:00,7517.7,7520.5,7517.5,7520.0,440,4,0
2026-05-28 09:15:00,2026-05-28 07:15:00,7520.0,7521.2,7517.9,7519.0,362,4,0
2026-05-28 09:30:00,2026-05-28 07:30:00,7519.0,7519.0,7514.2,7517.2,362,4,0
2026-05-28 09:45:00,2026-05-28 07:45:00,7517.2,7518.7,7513.5,7518.2,424,4,0
2026-05-28 10:00:00,2026-05-28 08:00:00,7518.2,7524.0,7518.2,7520.2,698,4,0
2026-05-28 10:15:00,2026-05-28 08:15:00,7520.2,7521.5,7518.5,7519.5,501,4,0
2026-05-28 10:30:00,2026-05-28 08:30:00,7519.5,7521.2,7517.7,7519.7,495,4,0
2026-05-28 10:45:00,2026-05-28 08:45:00,7519.7,7522.0,7515.2,7521.5,655,4,0
2026-05-28 11:00:00,2026-05-28 09:00:00,7521.5,7524.2,7519.5,7521.9,1017,4,0
2026-05-28 11:15:00,2026-05-28 09:15:00,7521.7,7524.2,7516.7,7519.7,674,4,0
2026-05-28 11:30:00,2026-05-28 09:30:00,7519.7,7523.0,7518.7,7520.2,507,4,0
2026-05-28 11:45:00,2026-05-28 09:45:00,7520.2,7523.2,7519.2,7523.0,355,4,0
2026-05-28 12:00:00,2026-05-28 10:00:00,7523.0,7525.5,7519.7,7521.0,367,4,0
2026-05-28 12:15:00,2026-05-28 10:15:00,7521.0,7524.2,7520.7,7521.5,312,4,0
2026-05-28 12:30:00,2026-05-28 10:30:00,7521.5,7521.5,7517.2,7519.0,367,4,0
2026-05-28 12:45:00,2026-05-28 10:45:00,7519.0,7523.5,7518.5,7522.2,382,4,0
2026-05-28 13:00:00,2026-05-28 11:00:00,7522.2,7522.2,7518.0,7518.5,369,4,0
2026-05-28 13:15:00,2026-05-28 11:15:00,7518.5,7520.0,7514.0,7517.0,450,4,0
2026-05-28 13:30:00,2026-05-28 11:30:00,7517.0,7517.5,7513.2,7513.5,434,4,0
2026-05-28 13:45:00,2026-05-28 11:45:00,7513.5,7516.2,7505.4,7509.1,944,4,0
2026-05-28 14:00:00,2026-05-28 12:00:00,7509.0,7512.6,7507.5,7508.2,983,4,0
2026-05-28 14:15:00,2026-05-28 12:15:00,7508.2,7512.2,7507.7,7508.4,624,4,0
2026-05-28 14:30:00,2026-05-28 12:30:00,7508.4,7514.5,7506.7,7514.2,713,4,0
2026-05-28 14:45:00,2026-05-28 12:45:00,7514.2,7514.5,7510.2,7511.7,519,4,0
2026-05-28 15:00:00,2026-05-28 13:00:00,7511.7,7515.7,7510.7,7515.0,645,4,0
2026-05-28 15:15:00,2026-05-28 13:15:00,7515.0,7515.5,7511.0,7514.5,592,4,0
2026-05-28 15:30:00,2026-05-28 13:30:00,7514.9,7525.5,7514.5,7525.5,962,4,0
2026-05-28 15:45:00,2026-05-28 13:45:00,7525.5,7529.2,7524.8,7528.1,701,4,0
2026-05-28 16:00:00,2026-05-28 14:00:00,7528.0,7533.2,7525.5,7525.5,592,4,0
2026-05-28 16:15:00,2026-05-28 14:15:00,7525.5,7528.5,7524.5,7525.0,440,4,0
2026-05-28 16:30:00,2026-05-28 14:30:00,7525.0,7527.2,7515.5,7518.7,1480,4,0
2026-05-28 16:45:00,2026-05-28 14:45:00,7518.5,7526.7,7516.2,7525.5,1294,4,0
2026-05-28 17:00:00,2026-05-28 15:00:00,7525.5,7563.5,7523.5,7554.4,1710,4,0
2026-05-28 17:15:00,2026-05-28 15:15:00,7554.4,7558.5,7543.2,7551.2,2289,4,0
2026-05-28 17:30:00,2026-05-28 15:30:00,7551.2,7553.6,7541.1,7548.5,1548,4,0
2026-05-28 17:45:00,2026-05-28 15:45:00,7548.2,7553.2,7542.2,7552.5,1338,4,0
2026-05-28 18:00:00,2026-05-28 16:00:00,7552.5,7563.2,7551.5,7557.0,1012,4,0
2026-05-28 18:15:00,2026-05-28 16:15:00,7557.0,7565.5,7555.0,7563.2,728,4,0
2026-05-28 18:30:00,2026-05-28 16:30:00,7563.2,7566.2,7561.7,7564.0,622,4,0
2026-05-28 18:45:00,2026-05-28 16:45:00,7564.0,7566.7,7562.2,7564.7,453,4,0
2026-05-28 19:00:00,2026-05-28 17:00:00,7564.7,7566.0,7561.0,7565.7,437,4,0
2026-05-28 19:15:00,2026-05-28 17:15:00,7565.7,7572.5,7564.0,7567.7,524,4,0
2026-05-28 19:30:00,2026-05-28 17:30:00,7567.7,7568.7,7564.5,7568.2,405,4,0
2026-05-28 19:45:00,2026-05-28 17:45:00,7568.2,7571.7,7566.5,7571.0,358,4,0
2026-05-28 20:00:00,2026-05-28 18:00:00,7571.0,7572.7,7566.5,7566.7,352,4,0
2026-05-28 20:15:00,2026-05-28 18:15:00,7566.7,7569.0,7565.0,7566.5,358,4,0
2026-05-28 20:30:00,2026-05-28 18:30:00,7566.5,7569.5,7565.0,7568.7,337,4,0
2026-05-28 20:45:00,2026-05-28 18:45:00,7568.7,7573.2,7568.2,7570.7,321,4,0
2026-05-28 21:00:00,2026-05-28 19:00:00,7570.7,7572.7,7568.7,7569.0,327,4,0
2026-05-28 21:15:00,2026-05-28 19:15:00,7569.0,7572.5,7568.2,7571.7,416,4,0
2026-05-28 21:30:00,2026-05-28 19:30:00,7571.7,7571.7,7566.7,7567.5,344,4,0
2026-05-28 21:45:00,2026-05-28 19:45:00,7567.5,7570.0,7566.0,7566.5,292,4,0
2026-05-28 22:00:00,2026-05-28 20:00:00,7566.5,7569.2,7565.2,7566.7,248,4,0
2026-05-28 22:15:00,2026-05-28 20:15:00,7566.7,7572.0,7566.0,7572.0,296,4,0
2026-05-28 22:30:00,2026-05-28 20:30:00,7572.0,7576.2,7571.5,7572.2,385,4,0
2026-05-28 22:45:00,2026-05-28 20:45:00,7572.0,7574.5,7570.0,7572.5,511,4,0
2026-05-28 23:00:00,2026-05-28 21:00:00,7572.0,7579.7,7570.5,7579.5,266,4,0
2026-05-28 23:15:00,2026-05-28 21:15:00,7579.5,7580.0,7577.0,7579.7,191,4,0
2026-05-28 23:30:00,2026-05-28 21:30:00,7579.7,7580.5,7577.5,7577.7,124,4,0
2026-05-28 23:45:00,2026-05-28 21:45:00,7577.7,7579.5,7577.5,7578.2,149,4,0
2026-05-29 01:00:00,2026-05-28 23:00:00,7578.6,7582.6,7576.1,7578.1,734,4,0
2026-05-29 01:15:00,2026-05-28 23:15:00,7578.1,7578.6,7575.3,7576.6,394,4,0
2026-05-29 01:30:00,2026-05-28 23:30:00,7576.6,7578.6,7575.3,7577.3,261,4,0
2026-05-29 01:45:00,2026-05-28 23:45:00,7577.3,7578.2,7575.6,7575.6,167,4,0
2026-05-29 02:00:00,2026-05-29 00:00:00,7575.6,7578.8,7575.6,7578.3,263,4,0
2026-05-29 02:15:00,2026-05-29 00:15:00,7578.3,7580.2,7578.1,7579.3,170,4,0
2026-05-29 02:30:00,2026-05-29 00:30:00,7579.1,7579.1,7577.1,7577.3,202,4,0
2026-05-29 02:45:00,2026-05-29 00:45:00,7577.3,7577.3,7574.6,7575.6,444,4,0
2026-05-29 03:00:00,2026-05-29 01:00:00,7575.6,7575.6,7572.3,7573.6,772,4,0
2026-05-29 03:15:00,2026-05-29 01:15:00,7573.6,7576.3,7572.8,7573.2,521,4,0
2026-05-29 03:30:00,2026-05-29 01:30:00,7573.2,7573.3,7567.3,7568.1,383,4,0
2026-05-29 03:45:00,2026-05-29 01:45:00,7568.1,7568.8,7566.1,7567.8,361,4,0
2026-05-29 04:00:00,2026-05-29 02:00:00,7567.8,7569.6,7564.5,7566.3,644,4,0
2026-05-29 04:15:00,2026-05-29 02:15:00,7566.3,7568.1,7564.6,7565.1,570,4,0
2026-05-29 04:30:00,2026-05-29 02:30:00,7565.1,7568.6,7563.1,7568.1,512,4,0
2026-05-29 04:45:00,2026-05-29 02:45:00,7568.1,7569.6,7564.8,7567.5,410,4,0
2026-05-29 05:00:00,2026-05-29 03:00:00,7567.3,7571.6,7566.3,7571.1,527,4,0
2026-05-29 05:15:00,2026-05-29 03:15:00,7571.1,7571.3,7564.6,7566.1,333,4,0
2026-05-29 05:30:00,2026-05-29 03:30:00,7566.1,7569.0,7565.3,7567.8,417,4,0
2026-05-29 05:45:00,2026-05-29 03:45:00,7567.9,7568.6,7565.6,7566.1,378,4,0
2026-05-29 06:00:00,2026-05-29 04:00:00,7566.1,7571.3,7565.9,7570.1,336,4,0
2026-05-29 06:15:00,2026-05-29 04:15:00,7570.1,7572.1,7569.6,7570.8,248,4,0
2026-05-29 06:30:00,2026-05-29 04:30:00,7570.8,7571.6,7569.3,7570.8,341,4,0
2026-05-29 06:45:00,2026-05-29 04:45:00,7570.8,7572.8,7568.6,7570.8,420,4,0
2026-05-29 07:00:00,2026-05-29 05:00:00,7570.8,7573.3,7570.8,7572.6,348,4,0
2026-05-29 07:15:00,2026-05-29 05:15:00,7572.6,7574.8,7572.6,7574.3,259,4,0
2026-05-29 07:30:00,2026-05-29 05:30:00,7574.3,7576.8,7573.6,7576.8,214,4,0
2026-05-29 07:45:00,2026-05-29 05:45:00,7576.8,7576.8,7574.8,7575.3,174,4,0
2026-05-29 08:00:00,2026-05-29 06:00:00,7575.3,7577.6,7574.7,7576.6,201,4,0
2026-05-29 08:15:00,2026-05-29 06:15:00,7576.6,7578.1,7575.6,7577.6,178,4,0
2026-05-29 08:30:00,2026-05-29 06:30:00,7577.6,7577.6,7574.1,7575.8,259,4,0
2026-05-29 08:45:00,2026-05-29 06:45:00,7575.8,7577.6,7575.3,7576.3,181,4,0
2026-05-29 09:00:00,2026-05-29 07:00:00,7576.3,7579.9,7576.1,7579.4,214,4,0
2026-05-29 09:15:00,2026-05-29 07:15:00,7579.4,7582.7,7577.9,7577.9,282,4,0
2026-05-29 09:30:00,2026-05-29 07:30:00,7577.9,7580.9,7577.2,7580.4,420,4,0
2026-05-29 09:45:00,2026-05-29 07:45:00,7580.4,7582.9,7579.9,7582.6,218,4,0
2026-05-29 10:00:00,2026-05-29 08:00:00,7582.6,7582.9,7579.9,7580.1,351,4,0
2026-05-29 10:15:00,2026-05-29 08:15:00,7580.1,7580.4,7574.4,7576.0,466,4,0
2026-05-29 10:30:00,2026-05-29 08:30:00,7576.0,7576.4,7570.4,7572.4,667,4,0
2026-05-29 10:45:00,2026-05-29 08:45:00,7572.4,7577.1,7572.1,7576.9,348,4,0
2026-05-29 11:00:00,2026-05-29 09:00:00,7576.9,7579.6,7574.9,7578.6,720,4,0
2026-05-29 11:15:00,2026-05-29 09:15:00,7578.4,7579.1,7575.0,7577.6,552,4,0
2026-05-29 11:30:00,2026-05-29 09:30:00,7577.6,7578.9,7575.9,7576.1,419,4,0
2026-05-29 11:45:00,2026-05-29 09:45:00,7576.1,7576.4,7572.4,7576.1,359,4,0
2026-05-29 12:00:00,2026-05-29 10:00:00,7576.1,7583.4,7575.4,7582.9,523,4,0
2026-05-29 12:15:00,2026-05-29 10:15:00,7582.9,7585.5,7579.9,7582.4,558,4,0
2026-05-29 12:30:00,2026-05-29 10:30:00,7582.4,7582.7,7580.1,7580.6,481,4,0
2026-05-29 12:45:00,2026-05-29 10:45:00,7580.6,7583.6,7579.9,7580.4,437,4,0
2026-05-29 13:00:00,2026-05-29 11:00:00,7580.6,7580.9,7575.1,7577.4,358,4,0
2026-05-29 13:15:00,2026-05-29 11:15:00,7577.4,7579.6,7575.9,7578.9,360,4,0
2026-05-29 13:30:00,2026-05-29 11:30:00,7578.9,7580.9,7577.4,7580.0,345,4,0
2026-05-29 13:45:00,2026-05-29 11:45:00,7580.0,7581.6,7579.5,7580.4,312,4,0
2026-05-29 14:00:00,2026-05-29 12:00:00,7580.6,7583.4,7580.4,7582.9,279,4,0
2026-05-29 14:15:00,2026-05-29 12:15:00,7582.9,7586.0,7580.1,7580.4,384,4,0
2026-05-29 14:30:00,2026-05-29 12:30:00,7580.4,7582.6,7576.6,7581.4,406,4,0
2026-05-29 14:45:00,2026-05-29 12:45:00,7581.4,7583.9,7574.6,7583.6,634,4,0
2026-05-29 15:00:00,2026-05-29 13:00:00,7583.6,7584.2,7579.9,7580.4,537,4,0
2026-05-29 15:15:00,2026-05-29 13:15:00,7580.4,7583.1,7579.6,7582.1,435,4,0
2026-05-29 15:30:00,2026-05-29 13:30:00,7582.1,7582.9,7576.4,7579.2,658,4,0
2026-05-29 15:45:00,2026-05-29 13:45:00,7579.1,7582.4,7576.6,7581.6,332,4,0
2026-05-29 16:00:00,2026-05-29 14:00:00,7581.6,7583.2,7579.1,7579.4,383,4,0
2026-05-29 16:15:00,2026-05-29 14:15:00,7579.5,7581.1,7577.6,7581.1,400,4,0
2026-05-29 16:30:00,2026-05-29 14:30:00,7581.1,7596.1,7577.1,7596.1,1232,4,0
2026-05-29 16:45:00,2026-05-29 14:45:00,7596.1,7600.1,7594.1,7599.4,892,4,0
2026-05-29 17:00:00,2026-05-29 15:00:00,7599.1,7601.8,7593.1,7594.4,1109,4,0
2026-05-29 17:15:00,2026-05-29 15:15:00,7594.4,7594.5,7579.6,7587.4,1588,4,0
2026-05-29 17:30:00,2026-05-29 15:30:00,7587.4,7590.4,7572.1,7572.9,1729,4,0
2026-05-29 17:45:00,2026-05-29 15:45:00,7572.6,7587.9,7567.9,7581.1,1993,4,0
2026-05-29 18:00:00,2026-05-29 16:00:00,7581.1,7593.9,7579.6,7593.6,1422,4,0
2026-05-29 18:15:00,2026-05-29 16:15:00,7593.6,7594.9,7583.9,7588.6,1232,4,0
2026-05-29 18:30:00,2026-05-29 16:30:00,7588.7,7594.1,7585.6,7587.6,1248,4,0
2026-05-29 18:45:00,2026-05-29 16:45:00,7587.6,7589.6,7583.6,7584.9,1018,4,0
2026-05-29 19:00:00,2026-05-29 17:00:00,7584.9,7595.4,7584.1,7593.6,688,4,0
2026-05-29 19:15:00,2026-05-29 17:15:00,7593.6,7594.4,7587.6,7588.1,555,4,0
2026-05-29 19:30:00,2026-05-29 17:30:00,7588.1,7598.9,7585.6,7595.4,818,4,0
2026-05-29 19:45:00,2026-05-29 17:45:00,7595.4,7596.1,7585.9,7588.4,692,4,0
2026-05-29 20:00:00,2026-05-29 18:00:00,7588.4,7590.6,7585.6,7587.9,531,4,0
2026-05-29 20:15:00,2026-05-29 18:15:00,7587.9,7590.4,7582.4,7586.4,680,4,0
2026-05-29 20:30:00,2026-05-29 18:30:00,7586.4,7587.4,7580.6,7581.1,575,4,0
2026-05-29 20:45:00,2026-05-29 18:45:00,7581.1,7583.4,7572.9,7573.6,685,4,0
2026-05-29 21:00:00,2026-05-29 19:00:00,7573.5,7581.9,7572.1,7578.1,716,4,0
2026-05-29 21:15:00,2026-05-29 19:15:00,7578.1,7584.9,7576.6,7583.9,482,4,0
2026-05-29 21:30:00,2026-05-29 19:30:00,7583.6,7588.4,7583.6,7584.9,418,4,0
2026-05-29 21:45:00,2026-05-29 19:45:00,7584.9,7584.9,7574.9,7575.6,895,4,0
2026-05-29 22:00:00,2026-05-29 20:00:00,7575.6,7585.9,7574.1,7584.6,528,4,0
2026-05-29 22:15:00,2026-05-29 20:15:00,7584.6,7589.6,7580.6,7589.4,430,4,0
2026-05-29 22:30:00,2026-05-29 20:30:00,7589.6,7597.1,7589.4,7592.9,516,4,0
2026-05-29 22:45:00,2026-05-29 20:45:00,7592.9,7594.4,7584.3,7584.8,1030,4,0
2026-05-29 23:00:00,2026-05-29 21:00:00,7584.1,7589.1,7583.3,7586.6,507,4,0
2026-05-29 23:15:00,2026-05-29 21:15:00,7586.6,7586.8,7579.6,7581.1,277,4,0
2026-05-29 23:30:00,2026-05-29 21:30:00,7581.1,7583.1,7580.1,7580.3,115,4,0
2026-05-29 23:45:00,2026-05-29 21:45:00,7580.3,7584.1,7579.6,7581.1,104,4,0
2026-06-01 01:00:00,2026-05-31 23:00:00,7587.2,7588.9,7577.6,7586.5,1163,4,0
2026-06-01 01:15:00,2026-05-31 23:15:00,7586.5,7589.5,7584.5,7587.7,544,4,0
2026-06-01 01:30:00,2026-05-31 23:30:00,7587.7,7591.7,7587.2,7591.7,507,4,0
2026-06-01 01:45:00,2026-05-31 23:45:00,7591.7,7595.2,7591.7,7593.7,433,4,0
2026-06-01 02:00:00,2026-06-01 00:00:00,7593.7,7596.0,7592.5,7595.0,356,4,0
2026-06-01 02:15:00,2026-06-01 00:15:00,7595.0,7596.6,7593.2,7596.0,337,4,0
2026-06-01 02:30:00,2026-06-01 00:30:00,7596.0,7597.5,7595.0,7595.7,352,4,0
2026-06-01 02:45:00,2026-06-01 00:45:00,7595.8,7598.5,7594.7,7597.2,474,4,0
2026-06-01 03:00:00,2026-06-01 01:00:00,7597.2,7604.0,7596.7,7601.2,828,4,0
2026-06-01 03:15:00,2026-06-01 01:15:00,7601.2,7604.0,7599.0,7603.7,508,4,0
2026-06-01 03:30:00,2026-06-01 01:30:00,7603.7,7605.2,7601.5,7603.5,386,4,0
2026-06-01 03:45:00,2026-06-01 01:45:00,7603.5,7606.0,7603.0,7603.5,374,4,0
2026-06-01 04:00:00,2026-06-01 02:00:00,7603.7,7605.0,7600.5,7602.2,573,4,0
2026-06-01 04:15:00,2026-06-01 02:15:00,7602.2,7605.2,7602.2,7603.0,428,4,0
2026-06-01 04:30:00,2026-06-01 02:30:00,7603.0,7605.0,7602.2,7604.7,304,4,0
2026-06-01 04:45:00,2026-06-01 02:45:00,7604.7,7606.5,7604.2,7606.0,208,4,0
2026-06-01 05:00:00,2026-06-01 03:00:00,7606.0,7609.5,7605.7,7609.0,214,4,0
2026-06-01 05:15:00,2026-06-01 03:15:00,7609.0,7609.7,7608.5,7609.0,155,4,0
2026-06-01 05:30:00,2026-06-01 03:30:00,7609.0,7609.2,7607.0,7607.2,247,4,0
2026-06-01 05:45:00,2026-06-01 03:45:00,7607.2,7607.8,7606.2,7607.5,197,4,0
2026-06-01 06:00:00,2026-06-01 04:00:00,7607.5,7609.2,7607.2,7607.2,129,4,0
2026-06-01 06:15:00,2026-06-01 04:15:00,7607.2,7610.0,7603.2,7609.5,396,4,0
2026-06-01 06:30:00,2026-06-01 04:30:00,7609.5,7611.7,7604.6,7604.7,264,4,0
2026-06-01 06:45:00,2026-06-01 04:45:00,7604.7,7606.5,7603.7,7604.5,361,4,0
2026-06-01 07:00:00,2026-06-01 05:00:00,7604.5,7607.2,7604.2,7606.2,278,4,0
2026-06-01 07:15:00,2026-06-01 05:15:00,7606.2,7607.6,7605.2,7607.0,166,4,0
2026-06-01 07:30:00,2026-06-01 05:30:00,7607.0,7610.0,7606.2,7609.8,197,4,0
2026-06-01 07:45:00,2026-06-01 05:45:00,7609.7,7609.9,7608.2,7609.5,163,4,0
2026-06-01 08:00:00,2026-06-01 06:00:00,7609.5,7609.7,7607.2,7608.5,156,4,0
2026-06-01 08:15:00,2026-06-01 06:15:00,7608.5,7609.2,7606.2,7606.5,184,4,0
2026-06-01 08:30:00,2026-06-01 06:30:00,7606.5,7609.5,7606.5,7609.2,339,4,0
2026-06-01 08:45:00,2026-06-01 06:45:00,7609.2,7611.2,7608.7,7610.0,249,4,0
2026-06-01 09:00:00,2026-06-01 07:00:00,7610.0,7611.0,7609.0,7609.5,336,4,0
2026-06-01 09:15:00,2026-06-01 07:15:00,7609.5,7609.7,7606.2,7606.2,212,4,0
2026-06-01 09:30:00,2026-06-01 07:30:00,7606.5,7609.5,7606.5,7608.7,231,4,0
2026-06-01 09:45:00,2026-06-01 07:45:00,7608.7,7610.7,7608.2,7609.7,318,4,0
2026-06-01 10:00:00,2026-06-01 08:00:00,7609.7,7612.5,7608.5,7610.9,427,4,0
2026-06-01 10:15:00,2026-06-01 08:15:00,7610.9,7611.5,7604.5,7605.2,508,4,0
2026-06-01 10:30:00,2026-06-01 08:30:00,7605.2,7606.7,7599.7,7601.2,538,4,0
2026-06-01 10:45:00,2026-06-01 08:45:00,7601.1,7604.0,7599.7,7603.5,498,4,0
2026-06-01 11:00:00,2026-06-01 09:00:00,7603.5,7604.7,7601.0,7601.7,624,4,0
2026-06-01 11:15:00,2026-06-01 09:15:00,7601.7,7602.7,7599.5,7599.7,499,4,0
2026-06-01 11:30:00,2026-06-01 09:30:00,7599.7,7601.7,7598.0,7601.7,544,4,0
2026-06-01 11:45:00,2026-06-01 09:45:00,7601.7,7606.2,7598.0,7606.2,340,4,0
2026-06-01 12:00:00,2026-06-01 10:00:00,7606.2,7608.5,7604.0,7604.0,286,4,0
2026-06-01 12:15:00,2026-06-01 10:15:00,7604.0,7606.0,7603.2,7604.2,387,4,0
2026-06-01 12:30:00,2026-06-01 10:30:00,7604.2,7605.0,7603.5,7604.2,356,4,0
2026-06-01 12:45:00,2026-06-01 10:45:00,7604.2,7604.5,7601.2,7602.0,249,4,0
2026-06-01 13:00:00,2026-06-01 11:00:00,7602.0,7606.7,7602.0,7606.2,339,4,0
2026-06-01 13:15:00,2026-06-01 11:15:00,7606.2,7607.2,7604.2,7606.7,322,4,0
2026-06-01 13:30:00,2026-06-01 11:30:00,7606.7,7610.0,7606.7,7609.0,270,4,0
2026-06-01 13:45:00,2026-06-01 11:45:00,7609.0,7609.2,7607.2,7608.5,210,4,0
2026-06-01 14:00:00,2026-06-01 12:00:00,7608.5,7609.5,7606.2,7607.2,398,4,0
2026-06-01 14:15:00,2026-06-01 12:15:00,7607.2,7609.2,7606.2,7609.0,368,4,0
2026-06-01 14:30:00,2026-06-01 12:30:00,7609.0,7614.2,7607.7,7611.5,366,4,0
2026-06-01 14:45:00,2026-06-01 12:45:00,7611.5,7612.2,7606.0,7606.2,322,4,0
2026-06-01 15:00:00,2026-06-01 13:00:00,7606.2,7606.5,7600.0,7600.5,548,4,0
2026-06-01 15:15:00,2026-06-01 13:15:00,7600.5,7603.5,7598.7,7602.5,444,4,0
2026-06-01 15:30:00,2026-06-01 13:30:00,7602.5,7606.5,7599.0,7606.0,403,4,0
2026-06-01 15:45:00,2026-06-01 13:45:00,7605.7,7607.7,7600.4,7600.7,340,4,0
2026-06-01 16:00:00,2026-06-01 14:00:00,7600.7,7602.1,7573.7,7580.8,1175,4,0
2026-06-01 16:15:00,2026-06-01 14:15:00,7580.7,7587.5,7569.2,7575.1,1989,4,0
2026-06-01 16:30:00,2026-06-01 14:30:00,7575.2,7587.0,7568.5,7583.5,2174,4,0
2026-06-01 16:45:00,2026-06-01 14:45:00,7583.5,7588.3,7576.4,7577.0,1904,4,0
2026-06-01 17:00:00,2026-06-01 15:00:00,7577.0,7584.8,7574.3,7580.0,1942,4,0
2026-06-01 17:15:00,2026-06-01 15:15:00,7580.0,7587.5,7577.5,7579.4,1548,4,0
2026-06-01 17:30:00,2026-06-01 15:30:00,7579.3,7582.0,7573.3,7578.5,1230,4,0
2026-06-01 17:45:00,2026-06-01 15:45:00,7578.5,7580.3,7573.3,7577.0,1038,4,0
2026-06-01 18:00:00,2026-06-01 16:00:00,7577.0,7583.1,7575.0,7579.8,1154,4,0
2026-06-01 18:15:00,2026-06-01 16:15:00,7579.8,7584.3,7578.5,7582.0,839,4,0
2026-06-01 18:30:00,2026-06-01 16:30:00,7582.0,7594.9,7582.0,7593.5,1186,4,0
2026-06-01 18:45:00,2026-06-01 16:45:00,7593.5,7593.8,7587.3,7587.8,653,4,0
2026-06-01 19:00:00,2026-06-01 17:00:00,7587.8,7592.6,7583.8,7585.8,747,4,0
2026-06-01 19:15:00,2026-06-01 17:15:00,7585.6,7588.5,7579.3,7588.0,713,4,0
2026-06-01 19:30:00,2026-06-01 17:30:00,7588.3,7593.0,7588.3,7591.0,579,4,0
2026-06-01 19:45:00,2026-06-01 17:45:00,7591.0,7601.0,7589.0,7600.0,764,4,0
2026-06-01 20:00:00,2026-06-01 18:00:00,7600.0,7600.5,7591.0,7593.5,644,4,0
2026-06-01 20:15:00,2026-06-01 18:15:00,7593.5,7606.0,7591.8,7605.3,435,4,0
2026-06-01 20:30:00,2026-06-01 18:30:00,7605.6,7623.6,7599.0,7615.5,1341,4,0
2026-06-01 20:45:00,2026-06-01 18:45:00,7615.5,7620.8,7615.5,7616.5,834,4,0
2026-06-01 21:00:00,2026-06-01 19:00:00,7616.5,7618.8,7614.3,7615.0,507,4,0
2026-06-01 21:15:00,2026-06-01 19:15:00,7615.0,7620.3,7614.5,7619.3,442,4,0
2026-06-01 21:30:00,2026-06-01 19:30:00,7619.3,7620.0,7616.5,7619.8,333,4,0
2026-06-01 21:45:00,2026-06-01 19:45:00,7619.8,7619.8,7615.8,7616.5,358,4,0
2026-06-01 22:00:00,2026-06-01 20:00:00,7616.5,7618.0,7615.0,7615.5,418,4,0
2026-06-01 22:15:00,2026-06-01 20:15:00,7615.5,7618.5,7615.0,7618.0,362,4,0
2026-06-01 22:30:00,2026-06-01 20:30:00,7617.8,7617.8,7610.0,7611.3,457,4,0
2026-06-01 22:45:00,2026-06-01 20:45:00,7611.0,7612.0,7602.8,7606.0,707,4,0
2026-06-01 23:00:00,2026-06-01 21:00:00,7605.7,7608.2,7605.2,7607.7,220,4,0
2026-06-01 23:15:00,2026-06-01 21:15:00,7607.7,7607.7,7603.0,7603.7,116,4,0
2026-06-01 23:30:00,2026-06-01 21:30:00,7603.7,7610.2,7602.7,7607.3,366,4,0
2026-06-01 23:45:00,2026-06-01 21:45:00,7607.2,7607.3,7598.7,7600.2,446,4,0
2026-06-02 01:00:00,2026-06-01 23:00:00,7602.3,7602.3,7588.3,7591.3,951,4,0
2026-06-02 01:15:00,2026-06-01 23:15:00,7591.3,7592.9,7586.7,7587.2,547,4,0
2026-06-02 01:30:00,2026-06-01 23:30:00,7587.2,7588.5,7583.8,7584.8,454,4,0
2026-06-02 01:45:00,2026-06-01 23:45:00,7584.8,7588.0,7584.0,7588.0,333,4,0
2026-06-02 02:00:00,2026-06-02 00:00:00,7588.0,7588.8,7586.3,7587.3,292,4,0
2026-06-02 02:15:00,2026-06-02 00:15:00,7587.3,7589.3,7586.9,7587.8,178,4,0
2026-06-02 02:30:00,2026-06-02 00:30:00,7587.8,7590.8,7586.5,7588.0,455,4,0
2026-06-02 02:45:00,2026-06-02 00:45:00,7588.0,7589.0,7584.8,7588.5,491,4,0
2026-06-02 03:00:00,2026-06-02 01:00:00,7588.5,7588.8,7579.5,7581.0,1117,4,0
2026-06-02 03:15:00,2026-06-02 01:15:00,7581.0,7583.8,7576.3,7579.5,932,4,0
2026-06-02 03:30:00,2026-06-02 01:30:00,7579.5,7582.5,7576.0,7577.9,878,4,0
2026-06-02 03:45:00,2026-06-02 01:45:00,7577.8,7578.3,7572.8,7574.3,728,4,0
2026-06-02 04:00:00,2026-06-02 02:00:00,7574.4,7578.5,7572.8,7578.0,1059,4,0
2026-06-02 04:15:00,2026-06-02 02:15:00,7578.1,7578.5,7571.7,7575.8,902,4,0
2026-06-02 04:30:00,2026-06-02 02:30:00,7575.7,7577.3,7572.0,7573.7,929,4,0
2026-06-02 04:45:00,2026-06-02 02:45:00,7573.7,7573.7,7570.3,7570.3,670,4,0
2026-06-02 05:00:00,2026-06-02 03:00:00,7570.3,7572.3,7569.8,7571.0,596,4,0
2026-06-02 05:15:00,2026-06-02 03:15:00,7571.0,7574.3,7570.0,7572.5,613,4,0
2026-06-02 05:30:00,2026-06-02 03:30:00,7572.5,7575.8,7572.5,7574.5,508,4,0
2026-06-02 05:45:00,2026-06-02 03:45:00,7574.5,7575.0,7572.5,7574.0,442,4,0
2026-06-02 06:00:00,2026-06-02 04:00:00,7574.0,7575.3,7570.3,7571.3,429,4,0
2026-06-02 06:15:00,2026-06-02 04:15:00,7571.3,7572.8,7569.0,7570.8,475,4,0
2026-06-02 06:30:00,2026-06-02 04:30:00,7570.8,7573.0,7569.8,7572.8,604,4,0
2026-06-02 06:45:00,2026-06-02 04:45:00,7572.8,7574.8,7572.5,7574.5,409,4,0
2026-06-02 07:00:00,2026-06-02 05:00:00,7574.5,7577.3,7574.0,7575.3,397,4,0
2026-06-02 07:15:00,2026-06-02 05:15:00,7575.3,7579.3,7574.2,7578.3,290,4,0
2026-06-02 07:30:00,2026-06-02 05:30:00,7578.3,7578.8,7576.5,7578.3,312,4,0
2026-06-02 07:45:00,2026-06-02 05:45:00,7578.3,7583.3,7578.0,7583.0,264,4,0
2026-06-02 08:00:00,2026-06-02 06:00:00,7583.0,7585.5,7581.0,7585.3,447,4,0
2026-06-02 08:15:00,2026-06-02 06:15:00,7585.3,7586.8,7584.3,7586.3,296,4,0
2026-06-02 08:30:00,2026-06-02 06:30:00,7586.3,7589.3,7586.3,7587.8,390,4,0
2026-06-02 08:45:00,2026-06-02 06:45:00,7587.8,7588.0,7584.8,7586.8,369,4,0
2026-06-02 09:00:00,2026-06-02 07:00:00,7586.8,7590.3,7586.3,7589.1,492,4,0
2026-06-02 09:15:00,2026-06-02 07:15:00,7589.1,7591.3,7588.8,7589.8,314,4,0
2026-06-02 09:30:00,2026-06-02 07:30:00,7590.1,7592.8,7587.8,7591.3,548,4,0
2026-06-02 09:45:00,2026-06-02 07:45:00,7591.3,7595.1,7591.1,7594.3,338,4,0
2026-06-02 10:00:00,2026-06-02 08:00:00,7594.3,7598.1,7594.2,7597.3,524,4,0
2026-06-02 10:15:00,2026-06-02 08:15:00,7597.3,7598.8,7595.8,7596.8,399,4,0
2026-06-02 10:30:00,2026-06-02 08:30:00,7596.8,7597.8,7595.1,7597.1,318,4,0
2026-06-02 10:45:00,2026-06-02 08:45:00,7597.1,7599.1,7595.1,7598.8,367,4,0
2026-06-02 11:00:00,2026-06-02 09:00:00,7598.8,7603.1,7598.3,7599.6,617,4,0
2026-06-02 11:15:00,2026-06-02 09:15:00,7599.6,7601.6,7596.1,7596.4,651,4,0
2026-06-02 11:30:00,2026-06-02 09:30:00,7596.3,7600.1,7596.1,7598.1,476,4,0
2026-06-02 11:45:00,2026-06-02 09:45:00,7598.1,7600.3,7597.6,7598.3,360,4,0
2026-06-02 12:00:00,2026-06-02 10:00:00,7598.3,7598.3,7594.6,7595.3,396,4,0
2026-06-02 12:15:00,2026-06-02 10:15:00,7595.3,7596.8,7591.7,7592.9,428,4,0
2026-06-02 12:30:00,2026-06-02 10:30:00,7592.9,7598.1,7591.8,7597.1,468,4,0
2026-06-02 12:45:00,2026-06-02 10:45:00,7597.1,7598.5,7593.8,7594.3,346,4,0
2026-06-02 13:00:00,2026-06-02 11:00:00,7594.3,7596.1,7592.3,7594.6,300,4,0
2026-06-02 13:15:00,2026-06-02 11:15:00,7594.6,7596.1,7593.6,7594.7,321,4,0
2026-06-02 13:30:00,2026-06-02 11:30:00,7594.8,7595.3,7591.8,7592.8,306,4,0
2026-06-02 13:45:00,2026-06-02 11:45:00,7592.8,7593.8,7591.6,7591.6,279,4,0
2026-06-02 14:00:00,2026-06-02 12:00:00,7591.4,7592.3,7588.1,7591.3,468,4,0
2026-06-02 14:15:00,2026-06-02 12:15:00,7591.3,7591.6,7588.8,7591.3,367,4,0
2026-06-02 14:30:00,2026-06-02 12:30:00,7591.3,7595.1,7591.2,7591.6,437,4,0
2026-06-02 14:45:00,2026-06-02 12:45:00,7591.6,7591.8,7588.8,7588.8,326,4,0
2026-06-02 15:00:00,2026-06-02 13:00:00,7588.8,7592.8,7587.8,7591.1,351,4,0
2026-06-02 15:15:00,2026-06-02 13:15:00,7591.1,7595.3,7589.8,7593.8,421,4,0
2026-06-02 15:30:00,2026-06-02 13:30:00,7593.8,7594.3,7590.1,7593.8,620,4,0
2026-06-02 15:45:00,2026-06-02 13:45:00,7593.8,7594.2,7589.3,7589.6,420,4,0
2026-06-02 16:00:00,2026-06-02 14:00:00,7589.6,7590.8,7580.6,7584.3,784,4,0
2026-06-02 16:15:00,2026-06-02 14:15:00,7584.3,7592.3,7583.6,7590.9,552,4,0
2026-06-02 16:30:00,2026-06-02 14:30:00,7590.8,7597.8,7588.3,7593.6,1553,4,0
2026-06-02 16:45:00,2026-06-02 14:45:00,7593.8,7598.1,7593.6,7596.4,1096,4,0
2026-06-02 17:00:00,2026-06-02 15:00:00,7596.4,7604.3,7592.8,7602.3,981,4,0
2026-06-02 17:15:00,2026-06-02 15:15:00,7602.1,7605.1,7595.8,7597.6,1099,4,0
2026-06-02 17:30:00,2026-06-02 15:30:00,7597.6,7609.8,7597.6,7609.6,944,4,0
2026-06-02 17:45:00,2026-06-02 15:45:00,7609.6,7618.1,7608.8,7617.8,690,4,0
2026-06-02 18:00:00,2026-06-02 16:00:00,7617.8,7622.6,7614.6,7620.6,589,4,0
2026-06-02 18:15:00,2026-06-02 16:15:00,7620.6,7624.6,7619.3,7619.8,516,4,0
2026-06-02 18:30:00,2026-06-02 16:30:00,7619.6,7621.1,7616.6,7617.3,541,4,0
2026-06-02 18:45:00,2026-06-02 16:45:00,7617.3,7619.8,7616.6,7617.3,495,4,0
2026-06-02 19:00:00,2026-06-02 17:00:00,7617.3,7620.6,7614.4,7619.3,524,4,0
2026-06-02 19:15:00,2026-06-02 17:15:00,7619.3,7619.3,7612.8,7613.8,503,4,0
2026-06-02 19:30:00,2026-06-02 17:30:00,7613.8,7615.8,7611.6,7613.6,471,4,0
2026-06-02 19:45:00,2026-06-02 17:45:00,7613.6,7619.8,7613.3,7619.1,407,4,0
2026-06-02 20:00:00,2026-06-02 18:00:00,7619.1,7620.1,7616.6,7619.3,428,4,0
2026-06-02 20:15:00,2026-06-02 18:15:00,7619.3,7619.3,7609.8,7610.8,534,4,0
2026-06-02 20:30:00,2026-06-02 18:30:00,7610.8,7613.8,7608.3,7611.3,554,4,0
2026-06-02 20:45:00,2026-06-02 18:45:00,7611.3,7613.6,7609.1,7609.3,425,4,0
2026-06-02 21:00:00,2026-06-02 19:00:00,7609.3,7613.8,7608.8,7611.3,392,4,0
2026-06-02 21:15:00,2026-06-02 19:15:00,7611.1,7611.6,7609.2,7610.1,415,4,0
2026-06-02 21:30:00,2026-06-02 19:30:00,7610.1,7612.8,7607.1,7609.3,420,4,0
2026-06-02 21:45:00,2026-06-02 19:45:00,7609.3,7612.6,7608.6,7611.6,305,4,0
2026-06-02 22:00:00,2026-06-02 20:00:00,7611.6,7615.3,7611.6,7613.3,307,4,0
2026-06-02 22:15:00,2026-06-02 20:15:00,7613.3,7616.3,7612.8,7614.1,259,4,0
2026-06-02 22:30:00,2026-06-02 20:30:00,7614.1,7615.8,7612.8,7612.8,262,4,0
2026-06-02 22:45:00,2026-06-02 20:45:00,7612.8,7618.1,7612.3,7615.8,527,4,0
2026-06-02 23:00:00,2026-06-02 21:00:00,7616.0,7622.5,7616.0,7619.5,280,4,0
2026-06-02 23:15:00,2026-06-02 21:15:00,7619.5,7622.0,7618.5,7618.8,161,4,0
2026-06-02 23:30:00,2026-06-02 21:30:00,7618.8,7621.0,7618.5,7620.8,74,4,0
2026-06-02 23:45:00,2026-06-02 21:45:00,7620.8,7621.5,7620.0,7621.3,59,4,0
2026-06-03 01:00:00,2026-06-02 23:00:00,7620.6,7620.6,7615.5,7616.7,749,4,0
2026-06-03 01:15:00,2026-06-02 23:15:00,7616.7,7619.2,7616.2,7618.5,399,4,0
2026-06-03 01:30:00,2026-06-02 23:30:00,7618.5,7620.2,7618.0,7618.7,221,4,0
2026-06-03 01:45:00,2026-06-02 23:45:00,7618.7,7619.7,7614.0,7614.7,513,4,0
2026-06-03 02:00:00,2026-06-03 00:00:00,7614.7,7615.5,7608.0,7609.1,672,4,0
2026-06-03 02:15:00,2026-06-03 00:15:00,7609.1,7609.5,7596.0,7603.6,1148,4,0
2026-06-03 02:30:00,2026-06-03 00:30:00,7603.7,7616.0,7601.3,7614.8,1186,4,0
2026-06-03 02:45:00,2026-06-03 00:45:00,7614.8,7619.2,7612.2,7617.7,1026,4,0
2026-06-03 03:00:00,2026-06-03 01:00:00,7617.7,7619.7,7614.0,7614.0,1030,4,0
2026-06-03 03:15:00,2026-06-03 01:15:00,7614.0,7617.7,7613.0,7615.7,791,4,0
2026-06-03 03:30:00,2026-06-03 01:30:00,7615.7,7619.0,7614.7,7619.0,584,4,0
2026-06-03 03:45:00,2026-06-03 01:45:00,7619.0,7620.5,7618.2,7618.7,409,4,0
2026-06-03 04:00:00,2026-06-03 02:00:00,7618.7,7619.5,7613.5,7613.7,769,4,0
2026-06-03 04:15:00,2026-06-03 02:15:00,7613.7,7615.5,7613.2,7614.7,441,4,0
2026-06-03 04:30:00,2026-06-03 02:30:00,7614.7,7616.7,7612.7,7614.0,653,4,0
2026-06-03 04:45:00,2026-06-03 02:45:00,7614.0,7615.7,7612.5,7615.1,398,4,0
2026-06-03 05:00:00,2026-06-03 03:00:00,7615.2,7616.2,7613.7,7616.0,432,4,0
2026-06-03 05:15:00,2026-06-03 03:15:00,7616.0,7616.5,7613.5,7614.7,274,4,0
2026-06-03 05:30:00,2026-06-03 03:30:00,7614.6,7616.0,7613.7,7614.8,291,4,0
2026-06-03 05:45:00,2026-06-03 03:45:00,7614.9,7615.0,7613.5,7614.7,243,4,0
2026-06-03 06:00:00,2026-06-03 04:00:00,7614.7,7616.0,7614.2,7616.0,228,4,0
2026-06-03 06:15:00,2026-06-03 04:15:00,7616.0,7617.7,7614.5,7614.7,182,4,0
2026-06-03 06:30:00,2026-06-03 04:30:00,7614.7,7617.0,7614.7,7616.5,286,4,0
2026-06-03 06:45:00,2026-06-03 04:45:00,7616.5,7617.2,7615.2,7617.0,198,4,0
2026-06-03 07:00:00,2026-06-03 05:00:00,7617.0,7619.0,7616.7,7618.5,137,4,0
2026-06-03 07:15:00,2026-06-03 05:15:00,7618.5,7619.2,7617.5,7618.0,97,4,0
2026-06-03 07:30:00,2026-06-03 05:30:00,7618.0,7619.0,7617.5,7618.2,120,4,0
2026-06-03 07:45:00,2026-06-03 05:45:00,7618.2,7618.5,7615.2,7615.7,175,4,0
2026-06-03 08:00:00,2026-06-03 06:00:00,7615.7,7617.5,7613.0,7616.7,321,4,0
2026-06-03 08:15:00,2026-06-03 06:15:00,7616.7,7617.7,7615.0,7615.2,167,4,0
2026-06-03 08:30:00,2026-06-03 06:30:00,7615.2,7615.5,7612.2,7612.7,357,4,0
2026-06-03 08:45:00,2026-06-03 06:45:00,7612.7,7613.2,7611.1,7612.2,379,4,0
2026-06-03 09:00:00,2026-06-03 07:00:00,7612.2,7615.0,7609.3,7611.3,657,4,0
2026-06-03 09:15:00,2026-06-03 07:15:00,7611.3,7612.5,7610.3,7612.0,485,4,0
2026-06-03 09:30:00,2026-06-03 07:30:00,7612.0,7614.5,7610.0,7613.0,647,4,0
2026-06-03 09:45:00,2026-06-03 07:45:00,7613.0,7613.1,7610.8,7612.5,446,4,0
2026-06-03 10:00:00,2026-06-03 08:00:00,7612.5,7617.0,7611.3,7615.8,657,4,0
2026-06-03 10:15:00,2026-06-03 08:15:00,7615.8,7616.8,7612.0,7612.4,566,4,0
2026-06-03 10:30:00,2026-06-03 08:30:00,7612.4,7613.6,7609.0,7611.0,604,4,0
2026-06-03 10:45:00,2026-06-03 08:45:00,7611.0,7613.8,7610.5,7613.5,394,4,0
2026-06-03 11:00:00,2026-06-03 09:00:00,7613.5,7615.3,7610.8,7613.0,633,4,0
2026-06-03 11:15:00,2026-06-03 09:15:00,7613.0,7614.8,7608.9,7614.8,582,4,0
2026-06-03 11:30:00,2026-06-03 09:30:00,7614.9,7615.4,7611.3,7612.3,589,4,0
2026-06-03 11:45:00,2026-06-03 09:45:00,7612.3,7613.3,7611.0,7612.0,338,4,0
2026-06-03 12:00:00,2026-06-03 10:00:00,7612.0,7615.0,7610.9,7612.3,284,4,0
2026-06-03 12:15:00,2026-06-03 10:15:00,7612.3,7613.4,7610.3,7612.1,499,4,0
2026-06-03 12:30:00,2026-06-03 10:30:00,7612.1,7612.5,7608.0,7609.0,256,4,0
2026-06-03 12:45:00,2026-06-03 10:45:00,7609.0,7609.1,7604.8,7605.3,337,4,0
2026-06-03 13:00:00,2026-06-03 11:00:00,7605.3,7615.3,7603.9,7609.9,1023,4,0
2026-06-03 13:15:00,2026-06-03 11:15:00,7610.0,7610.0,7607.0,7609.0,503,4,0
2026-06-03 13:30:00,2026-06-03 11:30:00,7609.0,7611.3,7604.5,7604.5,436,4,0
2026-06-03 13:45:00,2026-06-03 11:45:00,7604.5,7609.0,7604.3,7608.0,430,4,0
2026-06-03 14:00:00,2026-06-03 12:00:00,7608.0,7611.5,7608.0,7610.3,400,4,0
2026-06-03 14:15:00,2026-06-03 12:15:00,7610.3,7612.0,7609.3,7610.8,357,4,0
2026-06-03 14:30:00,2026-06-03 12:30:00,7610.8,7613.8,7610.8,7612.0,301,4,0
2026-06-03 14:45:00,2026-06-03 12:45:00,7612.0,7612.5,7609.8,7609.8,333,4,0
2026-06-03 15:00:00,2026-06-03 13:00:00,7609.8,7612.0,7609.3,7610.5,391,4,0
2026-06-03 15:15:00,2026-06-03 13:15:00,7610.5,7610.5,7604.8,7604.8,490,4,0
2026-06-03 15:30:00,2026-06-03 13:30:00,7604.8,7604.8,7597.5,7601.3,640,4,0
2026-06-03 15:45:00,2026-06-03 13:45:00,7601.3,7603.3,7597.3,7600.3,461,4,0
2026-06-03 16:00:00,2026-06-03 14:00:00,7600.3,7602.1,7599.0,7600.8,428,4,0
2026-06-03 16:15:00,2026-06-03 14:15:00,7600.8,7602.3,7599.0,7601.5,401,4,0
2026-06-03 16:30:00,2026-06-03 14:30:00,7602.0,7608.0,7585.5,7585.8,1340,4,0
2026-06-03 16:45:00,2026-06-03 14:45:00,7585.9,7587.8,7568.0,7579.9,1917,4,0
2026-06-03 17:00:00,2026-06-03 15:00:00,7579.8,7589.8,7579.1,7589.5,1455,4,0
2026-06-03 17:15:00,2026-06-03 15:15:00,7589.5,7590.3,7581.1,7588.3,1400,4,0
2026-06-03 17:30:00,2026-06-03 15:30:00,7588.3,7590.5,7584.3,7585.0,1049,4,0
2026-06-03 17:45:00,2026-06-03 15:45:00,7585.0,7585.5,7577.3,7582.3,1080,4,0
2026-06-03 18:00:00,2026-06-03 16:00:00,7582.3,7585.5,7579.0,7580.8,929,4,0
2026-06-03 18:15:00,2026-06-03 16:15:00,7580.8,7583.0,7574.0,7581.8,1056,4,0
2026-06-03 18:30:00,2026-06-03 16:30:00,7581.8,7583.3,7571.5,7572.5,1020,4,0
2026-06-03 18:45:00,2026-06-03 16:45:00,7572.5,7576.0,7568.3,7572.8,932,4,0
2026-06-03 19:00:00,2026-06-03 17:00:00,7572.8,7575.3,7570.3,7573.1,799,4,0
2026-06-03 19:15:00,2026-06-03 17:15:00,7573.0,7573.0,7559.3,7563.5,1047,4,0
2026-06-03 19:30:00,2026-06-03 17:30:00,7563.3,7566.3,7556.0,7561.0,1007,4,0
2026-06-03 19:45:00,2026-06-03 17:45:00,7561.0,7572.0,7560.8,7571.5,934,4,0
2026-06-03 20:00:00,2026-06-03 18:00:00,7571.5,7571.8,7561.5,7563.3,873,4,0
2026-06-03 20:15:00,2026-06-03 18:15:00,7563.3,7567.3,7560.5,7566.8,655,4,0
2026-06-03 20:30:00,2026-06-03 18:30:00,7566.5,7574.3,7562.3,7572.5,603,4,0
2026-06-03 20:45:00,2026-06-03 18:45:00,7572.5,7578.3,7571.3,7576.5,521,4,0
2026-06-03 21:00:00,2026-06-03 19:00:00,7576.5,7577.0,7572.5,7574.0,648,4,0
2026-06-03 21:15:00,2026-06-03 19:15:00,7574.0,7581.0,7570.8,7580.5,616,4,0
2026-06-03 21:30:00,2026-06-03 19:30:00,7580.5,7581.3,7576.3,7578.0,502,4,0
2026-06-03 21:45:00,2026-06-03 19:45:00,7577.8,7579.5,7576.0,7576.8,438,4,0
2026-06-03 22:00:00,2026-06-03 20:00:00,7576.8,7576.8,7567.8,7571.0,570,4,0
2026-06-03 22:15:00,2026-06-03 20:15:00,7571.0,7575.0,7566.8,7569.3,550,4,0
2026-06-03 22:30:00,2026-06-03 20:30:00,7569.3,7576.0,7567.0,7574.0,612,4,0
2026-06-03 22:45:00,2026-06-03 20:45:00,7574.0,7575.8,7562.0,7565.2,1018,4,0
2026-06-03 23:00:00,2026-06-03 21:00:00,7565.2,7566.2,7559.5,7560.5,725,4,0
2026-06-03 23:15:00,2026-06-03 21:15:00,7560.6,7561.2,7546.0,7552.0,1450,4,0
2026-06-03 23:30:00,2026-06-03 21:30:00,7551.8,7552.5,7536.5,7537.5,857,4,0
2026-06-03 23:45:00,2026-06-03 21:45:00,7537.5,7542.2,7535.2,7538.7,681,4,0
2026-06-04 01:00:00,2026-06-03 23:00:00,7526.6,7538.2,7526.6,7533.0,1327,4,0
2026-06-04 01:15:00,2026-06-03 23:15:00,7533.0,7533.4,7526.0,7530.7,984,4,0
2026-06-04 01:30:00,2026-06-03 23:30:00,7530.7,7534.1,7527.9,7530.2,839,4,0
2026-06-04 01:45:00,2026-06-03 23:45:00,7530.1,7538.9,7523.7,7536.2,1254,4,0
2026-06-04 02:00:00,2026-06-04 00:00:00,7536.5,7537.5,7527.5,7530.1,994,4,0
2026-06-04 02:15:00,2026-06-04 00:15:00,7530.1,7530.6,7524.7,7527.6,612,4,0
2026-06-04 02:30:00,2026-06-04 00:30:00,7527.6,7530.2,7522.2,7523.7,716,4,0
2026-06-04 02:45:00,2026-06-04 00:45:00,7523.7,7531.1,7522.1,7527.2,1054,4,0
2026-06-04 03:00:00,2026-06-04 01:00:00,7527.0,7536.2,7524.7,7532.7,1728,4,0
2026-06-04 03:15:00,2026-06-04 01:15:00,7532.7,7536.9,7528.4,7533.2,1352,4,0
2026-06-04 03:30:00,2026-06-04 01:30:00,7533.2,7541.5,7533.0,7539.5,1211,4,0
2026-06-04 03:45:00,2026-06-04 01:45:00,7539.5,7539.7,7535.2,7539.5,1063,4,0
2026-06-04 04:00:00,2026-06-04 02:00:00,7539.5,7544.0,7538.5,7542.2,1179,4,0
2026-06-04 04:15:00,2026-06-04 02:15:00,7542.2,7542.5,7535.7,7538.2,1117,4,0
2026-06-04 04:30:00,2026-06-04 02:30:00,7538.2,7543.7,7536.2,7537.5,1049,4,0
2026-06-04 04:45:00,2026-06-04 02:45:00,7537.5,7538.5,7529.9,7533.7,1154,4,0
2026-06-04 05:00:00,2026-06-04 03:00:00,7533.7,7534.2,7526.6,7526.7,1203,4,0
2026-06-04 05:15:00,2026-06-04 03:15:00,7526.7,7530.2,7520.5,7528.4,1217,4,0
2026-06-04 05:30:00,2026-06-04 03:30:00,7528.4,7529.0,7524.2,7527.7,919,4,0
2026-06-04 05:45:00,2026-06-04 03:45:00,7527.7,7532.0,7527.2,7527.9,756,4,0
2026-06-04 06:00:00,2026-06-04 04:00:00,7528.0,7533.2,7527.1,7531.0,761,4,0
2026-06-04 06:15:00,2026-06-04 04:15:00,7531.0,7535.5,7530.9,7535.2,555,4,0
2026-06-04 06:30:00,2026-06-04 04:30:00,7535.2,7537.5,7532.2,7532.7,736,4,0
2026-06-04 06:45:00,2026-06-04 04:45:00,7532.7,7536.7,7531.2,7536.5,667,4,0
2026-06-04 07:00:00,2026-06-04 05:00:00,7536.5,7539.0,7534.4,7539.0,572,4,0
2026-06-04 07:15:00,2026-06-04 05:15:00,7539.0,7539.7,7536.7,7538.1,508,4,0
2026-06-04 07:30:00,2026-06-04 05:30:00,7538.1,7540.7,7536.7,7540.2,668,4,0
2026-06-04 07:45:00,2026-06-04 05:45:00,7540.2,7540.5,7537.5,7539.0,392,4,0
2026-06-04 08:00:00,2026-06-04 06:00:00,7539.0,7539.5,7531.4,7534.7,834,4,0
2026-06-04 08:15:00,2026-06-04 06:15:00,7534.7,7537.0,7532.2,7533.0,819,4,0
2026-06-04 08:30:00,2026-06-04 06:30:00,7533.0,7538.0,7532.2,7537.5,952,4,0
2026-06-04 08:45:00,2026-06-04 06:45:00,7537.5,7537.5,7532.5,7536.7,740,4,0
2026-06-04 09:00:00,2026-06-04 07:00:00,7536.7,7540.3,7535.6,7538.0,757,4,0
2026-06-04 09:15:00,2026-06-04 07:15:00,7538.0,7538.8,7535.0,7538.8,655,4,0
2026-06-04 09:30:00,2026-06-04 07:30:00,7538.8,7543.8,7536.3,7543.5,749,4,0
2026-06-04 09:45:00,2026-06-04 07:45:00,7543.6,7545.8,7540.8,7545.5,536,4,0
2026-06-04 10:00:00,2026-06-04 08:00:00,7545.5,7550.3,7543.8,7548.8,698,4,0
2026-06-04 10:15:00,2026-06-04 08:15:00,7548.8,7549.3,7543.8,7549.0,624,4,0
2026-06-04 10:30:00,2026-06-04 08:30:00,7549.0,7550.8,7546.5,7547.1,577,4,0
2026-06-04 10:45:00,2026-06-04 08:45:00,7547.1,7548.3,7545.3,7546.5,529,4,0
2026-06-04 11:00:00,2026-06-04 09:00:00,7546.5,7546.5,7536.0,7536.3,1081,4,0
2026-06-04 11:15:00,2026-06-04 09:15:00,7536.3,7538.8,7530.3,7536.5,1339,4,0
2026-06-04 11:30:00,2026-06-04 09:30:00,7536.5,7542.6,7534.6,7536.5,1436,4,0
2026-06-04 11:45:00,2026-06-04 09:45:00,7536.5,7538.3,7531.0,7533.4,1039,4,0
2026-06-04 12:00:00,2026-06-04 10:00:00,7533.4,7533.5,7525.8,7526.1,1424,4,0
2026-06-04 12:15:00,2026-06-04 10:15:00,7526.1,7533.8,7525.5,7533.3,1185,4,0
2026-06-04 12:30:00,2026-06-04 10:30:00,7533.3,7540.0,7531.8,7536.9,1141,4,0
2026-06-04 12:45:00,2026-06-04 10:45:00,7536.9,7542.5,7536.8,7540.8,918,4,0
2026-06-04 13:00:00,2026-06-04 11:00:00,7540.6,7540.8,7534.5,7536.1,846,4,0
2026-06-04 13:15:00,2026-06-04 11:15:00,7536.1,7536.3,7530.3,7530.6,864,4,0
2026-06-04 13:30:00,2026-06-04 11:30:00,7530.6,7532.9,7527.8,7528.1,801,4,0
2026-06-04 13:45:00,2026-06-04 11:45:00,7528.1,7529.3,7521.0,7526.3,973,4,0
2026-06-04 14:00:00,2026-06-04 12:00:00,7526.4,7530.8,7525.8,7529.8,963,4,0
2026-06-04 14:15:00,2026-06-04 12:15:00,7529.8,7536.8,7528.3,7533.3,1309,4,0
2026-06-04 14:30:00,2026-06-04 12:30:00,7533.3,7535.5,7517.8,7525.8,1604,4,0
2026-06-04 14:45:00,2026-06-04 12:45:00,7525.8,7538.0,7523.8,7536.9,1459,4,0
2026-06-04 15:00:00,2026-06-04 13:00:00,7536.9,7540.3,7529.6,7531.3,1619,4,0
2026-06-04 15:15:00,2026-06-04 13:15:00,7531.4,7536.5,7530.5,7534.8,1296,4,0
2026-06-04 15:30:00,2026-06-04 13:30:00,7534.8,7543.0,7534.8,7542.6,1120,4,0
2026-06-04 15:45:00,2026-06-04 13:45:00,7542.5,7545.1,7538.3,7543.0,821,4,0
2026-06-04 16:00:00,2026-06-04 14:00:00,7543.0,7544.8,7540.3,7542.5,740,4,0
2026-06-04 16:15:00,2026-06-04 14:15:00,7542.5,7547.8,7538.5,7541.3,880,4,0
2026-06-04 16:30:00,2026-06-04 14:30:00,7541.3,7554.3,7535.0,7540.8,2007,4,0
2026-06-04 16:45:00,2026-06-04 14:45:00,7541.0,7557.5,7536.5,7552.3,2062,4,0
2026-06-04 17:00:00,2026-06-04 15:00:00,7552.4,7557.0,7542.8,7554.5,1957,4,0
2026-06-04 17:15:00,2026-06-04 15:15:00,7554.5,7563.3,7551.3,7560.8,1465,4,0
2026-06-04 17:30:00,2026-06-04 15:30:00,7560.8,7562.3,7555.4,7558.8,1327,4,0
2026-06-04 17:45:00,2026-06-04 15:45:00,7558.8,7562.8,7554.3,7562.5,1127,4,0
2026-06-04 18:00:00,2026-06-04 16:00:00,7562.5,7576.8,7562.5,7576.3,835,4,0
2026-06-04 18:15:00,2026-06-04 16:15:00,7576.3,7580.3,7574.3,7579.3,711,4,0
2026-06-04 18:30:00,2026-06-04 16:30:00,7579.3,7580.3,7572.5,7573.4,684,4,0
2026-06-04 18:45:00,2026-06-04 16:45:00,7573.5,7575.3,7568.5,7574.0,876,4,0
2026-06-04 19:00:00,2026-06-04 17:00:00,7574.0,7584.8,7572.5,7583.0,671,4,0
2026-06-04 19:15:00,2026-06-04 17:15:00,7583.0,7587.8,7583.0,7586.3,506,4,0
2026-06-04 19:30:00,2026-06-04 17:30:00,7586.3,7589.5,7581.5,7588.8,597,4,0
2026-06-04 19:45:00,2026-06-04 17:45:00,7588.8,7590.3,7586.5,7589.3,454,4,0
2026-06-04 20:00:00,2026-06-04 18:00:00,7589.3,7590.8,7587.0,7589.3,460,4,0
2026-06-04 20:15:00,2026-06-04 18:15:00,7589.3,7592.8,7587.3,7592.3,358,4,0
2026-06-04 20:30:00,2026-06-04 18:30:00,7592.3,7595.3,7591.3,7593.5,444,4,0
2026-06-04 20:45:00,2026-06-04 18:45:00,7593.5,7598.3,7592.3,7597.8,315,4,0
2026-06-04 21:00:00,2026-06-04 19:00:00,7597.8,7599.5,7596.8,7597.8,403,4,0
2026-06-04 21:15:00,2026-06-04 19:15:00,7597.8,7600.3,7596.5,7599.0,321,4,0
2026-06-04 21:30:00,2026-06-04 19:30:00,7599.0,7600.3,7597.3,7598.8,327,4,0
2026-06-04 21:45:00,2026-06-04 19:45:00,7598.8,7600.8,7596.1,7597.3,262,4,0
2026-06-04 22:00:00,2026-06-04 20:00:00,7597.3,7601.8,7597.3,7598.8,318,4,0
2026-06-04 22:15:00,2026-06-04 20:15:00,7599.0,7604.3,7597.0,7603.8,342,4,0
2026-06-04 22:30:00,2026-06-04 20:30:00,7603.8,7604.3,7599.0,7599.3,384,4,0
2026-06-04 22:45:00,2026-06-04 20:45:00,7599.3,7600.5,7591.3,7592.7,828,4,0
2026-06-04 23:00:00,2026-06-04 21:00:00,7592.5,7594.7,7586.0,7586.7,617,4,0
2026-06-04 23:15:00,2026-06-04 21:15:00,7586.7,7587.7,7580.2,7581.7,450,4,0
2026-06-04 23:30:00,2026-06-04 21:30:00,7581.7,7584.0,7581.2,7581.5,364,4,0
2026-06-04 23:45:00,2026-06-04 21:45:00,7581.7,7582.8,7580.2,7582.1,250,4,0
2026-06-05 01:00:00,2026-06-04 23:00:00,7581.4,7583.1,7576.3,7576.8,860,4,0
2026-06-05 01:15:00,2026-06-04 23:15:00,7576.8,7578.8,7571.0,7574.0,663,4,0
2026-06-05 01:30:00,2026-06-04 23:30:00,7574.3,7576.4,7573.0,7574.8,501,4,0
2026-06-05 01:45:00,2026-06-04 23:45:00,7574.8,7579.0,7574.5,7578.5,327,4,0
2026-06-05 02:00:00,2026-06-05 00:00:00,7578.5,7579.3,7573.0,7573.3,425,4,0
2026-06-05 02:15:00,2026-06-05 00:15:00,7573.3,7573.8,7569.0,7572.0,497,4,0
2026-06-05 02:30:00,2026-06-05 00:30:00,7572.0,7572.3,7568.8,7569.3,446,4,0
2026-06-05 02:45:00,2026-06-05 00:45:00,7569.3,7569.3,7566.0,7566.3,676,4,0
2026-06-05 03:00:00,2026-06-05 01:00:00,7566.0,7566.0,7555.8,7556.5,1381,4,0
2026-06-05 03:15:00,2026-06-05 01:15:00,7556.5,7559.5,7554.3,7557.0,1264,4,0
2026-06-05 03:30:00,2026-06-05 01:30:00,7557.0,7559.3,7553.8,7554.8,1129,4,0
2026-06-05 03:45:00,2026-06-05 01:45:00,7554.9,7557.3,7549.4,7551.8,1210,4,0
2026-06-05 04:00:00,2026-06-05 02:00:00,7551.8,7553.0,7548.5,7550.0,1176,4,0
2026-06-05 04:15:00,2026-06-05 02:15:00,7550.0,7551.0,7539.5,7543.5,1241,4,0
2026-06-05 04:30:00,2026-06-05 02:30:00,7543.5,7549.3,7543.3,7547.5,1177,4,0
2026-06-05 04:45:00,2026-06-05 02:45:00,7547.4,7553.5,7544.8,7553.3,1030,4,0
2026-06-05 05:00:00,2026-06-05 03:00:00,7553.3,7557.1,7551.0,7555.9,913,4,0
2026-06-05 05:15:00,2026-06-05 03:15:00,7555.9,7559.0,7554.4,7557.5,738,4,0
2026-06-05 05:30:00,2026-06-05 03:30:00,7557.5,7558.8,7554.5,7554.9,798,4,0
2026-06-05 05:45:00,2026-06-05 03:45:00,7555.0,7556.5,7552.5,7553.9,942,4,0
2026-06-05 06:00:00,2026-06-05 04:00:00,7553.9,7554.8,7549.7,7553.6,1032,4,0
2026-06-05 06:15:00,2026-06-05 04:15:00,7553.8,7556.8,7551.0,7551.5,803,4,0
2026-06-05 06:30:00,2026-06-05 04:30:00,7551.5,7553.8,7550.3,7551.7,1113,4,0
2026-06-05 06:45:00,2026-06-05 04:45:00,7551.6,7551.9,7546.3,7549.3,923,4,0
2026-06-05 07:00:00,2026-06-05 05:00:00,7549.3,7551.8,7548.0,7550.5,952,4,0
2026-06-05 07:15:00,2026-06-05 05:15:00,7550.5,7554.3,7550.0,7550.3,853,4,0
2026-06-05 07:30:00,2026-06-05 05:30:00,7550.3,7555.3,7548.9,7553.3,961,4,0
2026-06-05 07:45:00,2026-06-05 05:45:00,7553.3,7557.9,7552.5,7556.5,693,4,0
2026-06-05 08:00:00,2026-06-05 06:00:00,7556.4,7556.8,7551.6,7552.3,908,4,0
2026-06-05 08:15:00,2026-06-05 06:15:00,7552.5,7556.0,7551.3,7552.3,748,4,0
2026-06-05 08:30:00,2026-06-05 06:30:00,7552.3,7557.0,7552.3,7553.8,895,4,0
2026-06-05 08:45:00,2026-06-05 06:45:00,7553.8,7554.0,7549.5,7550.5,723,4,0
2026-06-05 09:00:00,2026-06-05 07:00:00,7550.5,7557.8,7550.3,7552.0,1002,4,0
2026-06-05 09:15:00,2026-06-05 07:15:00,7552.0,7552.2,7546.3,7548.0,888,4,0
2026-06-05 09:30:00,2026-06-05 07:30:00,7548.0,7549.3,7545.5,7545.5,793,4,0
2026-06-05 09:45:00,2026-06-05 07:45:00,7545.5,7548.7,7543.8,7546.7,769,4,0
2026-06-05 10:00:00,2026-06-05 08:00:00,7546.5,7548.0,7542.0,7542.5,1033,4,0
2026-06-05 10:15:00,2026-06-05 08:15:00,7542.5,7548.5,7539.8,7548.0,992,4,0
2026-06-05 10:30:00,2026-06-05 08:30:00,7548.0,7552.5,7547.3,7550.3,895,4,0
2026-06-05 10:45:00,2026-06-05 08:45:00,7550.4,7552.3,7548.5,7550.0,631,4,0
2026-06-05 11:00:00,2026-06-05 09:00:00,7550.0,7552.5,7547.3,7551.5,961,4,0
2026-06-05 11:15:00,2026-06-05 09:15:00,7551.5,7558.8,7549.6,7558.8,956,4,0
2026-06-05 11:30:00,2026-06-05 09:30:00,7559.0,7561.0,7554.0,7554.5,873,4,0
2026-06-05 11:45:00,2026-06-05 09:45:00,7554.3,7555.5,7552.0,7553.0,635,4,0
2026-06-05 12:00:00,2026-06-05 10:00:00,7553.0,7571.5,7552.4,7564.0,1025,4,0
2026-06-05 12:15:00,2026-06-05 10:15:00,7564.8,7566.8,7557.8,7558.9,1119,4,0
2026-06-05 12:30:00,2026-06-05 10:30:00,7558.8,7560.3,7556.5,7557.3,721,4,0
2026-06-05 12:45:00,2026-06-05 10:45:00,7557.3,7561.7,7557.3,7560.3,545,4,0
2026-06-05 13:00:00,2026-06-05 11:00:00,7560.3,7563.5,7559.8,7563.3,414,4,0
2026-06-05 13:15:00,2026-06-05 11:15:00,7563.3,7566.8,7562.3,7566.0,421,4,0
2026-06-05 13:30:00,2026-06-05 11:30:00,7566.0,7566.5,7563.3,7565.3,514,4,0
2026-06-05 13:45:00,2026-06-05 11:45:00,7565.3,7565.7,7560.8,7561.3,336,4,0
2026-06-05 14:00:00,2026-06-05 12:00:00,7560.8,7562.5,7559.8,7560.5,486,4,0
2026-06-05 14:15:00,2026-06-05 12:15:00,7560.5,7561.5,7552.3,7561.3,552,4,0
2026-06-05 14:30:00,2026-06-05 12:30:00,7561.3,7563.5,7559.3,7560.8,535,4,0
2026-06-05 14:45:00,2026-06-05 12:45:00,7560.8,7561.3,7555.5,7555.8,436,4,0
2026-06-05 15:00:00,2026-06-05 13:00:00,7555.8,7556.0,7550.3,7551.3,627,4,0
2026-06-05 15:15:00,2026-06-05 13:15:00,7551.3,7556.0,7550.5,7551.4,796,4,0
2026-06-05 15:30:00,2026-06-05 13:30:00,7551.4,7560.5,7539.0,7552.0,2012,4,0
2026-06-05 15:45:00,2026-06-05 13:45:00,7552.0,7554.5,7541.5,7542.3,1366,4,0
2026-06-05 16:00:00,2026-06-05 14:00:00,7542.3,7544.0,7536.8,7538.3,1306,4,0
2026-06-05 16:15:00,2026-06-05 14:15:00,7538.3,7542.3,7536.3,7540.7,998,4,0
2026-06-05 16:30:00,2026-06-05 14:30:00,7540.5,7545.3,7519.5,7520.0,2105,4,0
2026-06-05 16:45:00,2026-06-05 14:45:00,7520.0,7523.3,7503.4,7503.8,2095,4,0
2026-06-05 17:00:00,2026-06-05 15:00:00,7504.0,7519.0,7498.8,7517.5,2366,4,0
2026-06-05 17:15:00,2026-06-05 15:15:00,7517.5,7526.0,7505.5,7508.8,1778,4,0
2026-06-05 17:30:00,2026-06-05 15:30:00,7509.0,7524.0,7507.8,7512.3,1889,4,0
2026-06-05 17:45:00,2026-06-05 15:45:00,7512.3,7517.5,7508.0,7515.5,1771,4,0
2026-06-05 18:00:00,2026-06-05 16:00:00,7515.5,7518.8,7500.0,7500.0,1502,4,0
2026-06-05 18:15:00,2026-06-05 16:15:00,7500.0,7504.8,7492.5,7498.5,1531,4,0
2026-06-05 18:30:00,2026-06-05 16:30:00,7498.5,7501.3,7481.3,7482.8,1492,4,0
2026-06-05 18:45:00,2026-06-05 16:45:00,7482.8,7486.5,7479.0,7483.0,1400,4,0
2026-06-05 19:00:00,2026-06-05 17:00:00,7482.8,7483.0,7467.0,7471.8,1391,4,0
2026-06-05 19:15:00,2026-06-05 17:15:00,7471.8,7472.5,7463.0,7464.5,1516,4,0
2026-06-05 19:30:00,2026-06-05 17:30:00,7464.5,7465.0,7446.2,7449.5,1577,4,0
2026-06-05 19:45:00,2026-06-05 17:45:00,7449.3,7463.3,7442.0,7462.5,1931,4,0
2026-06-05 20:00:00,2026-06-05 18:00:00,7462.5,7462.8,7446.5,7451.3,1743,4,0
2026-06-05 20:15:00,2026-06-05 18:15:00,7451.0,7458.5,7445.0,7457.3,1623,4,0
2026-06-05 20:30:00,2026-06-05 18:30:00,7457.5,7470.3,7452.5,7455.3,1604,4,0
2026-06-05 20:45:00,2026-06-05 18:45:00,7455.3,7464.3,7453.3,7463.8,1361,4,0
2026-06-05 21:00:00,2026-06-05 19:00:00,7464.0,7465.0,7438.3,7438.8,1437,4,0
2026-06-05 21:15:00,2026-06-05 19:15:00,7438.5,7438.8,7422.3,7426.0,1970,4,0
2026-06-05 21:30:00,2026-06-05 19:30:00,7426.0,7428.5,7414.5,7417.8,1655,4,0
2026-06-05 21:45:00,2026-06-05 19:45:00,7417.5,7418.8,7401.8,7409.0,2244,4,0
2026-06-05 22:00:00,2026-06-05 20:00:00,7409.0,7410.5,7386.3,7389.3,2133,4,0
2026-06-05 22:15:00,2026-06-05 20:15:00,7389.5,7401.8,7372.8,7401.8,2287,4,0
2026-06-05 22:30:00,2026-06-05 20:30:00,7401.8,7405.8,7387.3,7395.5,2384,4,0
2026-06-05 22:45:00,2026-06-05 20:45:00,7395.5,7415.5,7390.0,7392.5,2496,4,0
2026-06-05 23:00:00,2026-06-05 21:00:00,7393.3,7394.0,7357.0,7360.8,2581,4,0
2026-06-05 23:15:00,2026-06-05 21:15:00,7361.0,7364.0,7353.3,7362.4,1910,4,0
2026-06-05 23:30:00,2026-06-05 21:30:00,7362.4,7362.4,7352.3,7357.0,1564,4,0
2026-06-05 23:45:00,2026-06-05 21:45:00,7357.0,7364.1,7353.8,7362.0,911,4,0
2026-06-08 01:00:00,2026-06-07 23:00:00,7369.4,7381.9,7351.5,7381.4,2347,4,0
2026-06-08 01:15:00,2026-06-07 23:15:00,7381.7,7390.9,7377.5,7378.9,1893,4,0
2026-06-08 01:30:00,2026-06-07 23:30:00,7378.9,7386.5,7376.8,7380.7,1326,4,0
2026-06-08 01:45:00,2026-06-07 23:45:00,7380.7,7382.8,7350.5,7362.7,1721,4,0
2026-06-08 02:00:00,2026-06-08 00:00:00,7362.7,7381.0,7362.7,7379.9,1544,4,0
2026-06-08 02:15:00,2026-06-08 00:15:00,7379.9,7380.2,7368.9,7376.2,1385,4,0
2026-06-08 02:30:00,2026-06-08 00:30:00,7376.2,7386.3,7375.7,7386.0,1147,4,0
2026-06-08 02:45:00,2026-06-08 00:45:00,7386.0,7399.0,7385.0,7395.3,1605,4,0
2026-06-08 03:00:00,2026-06-08 01:00:00,7395.5,7402.2,7390.8,7401.5,2040,4,0
2026-06-08 03:15:00,2026-06-08 01:15:00,7401.6,7410.8,7399.5,7409.8,1346,4,0
2026-06-08 03:30:00,2026-06-08 01:30:00,7409.8,7417.8,7407.3,7411.0,1478,4,0
2026-06-08 03:45:00,2026-06-08 01:45:00,7411.1,7412.3,7401.5,7410.4,1880,4,0
2026-06-08 04:00:00,2026-06-08 02:00:00,7410.3,7413.8,7400.9,7400.9,2227,4,0
2026-06-08 04:15:00,2026-06-08 02:15:00,7400.8,7402.2,7387.2,7387.9,2673,4,0
2026-06-08 04:30:00,2026-06-08 02:30:00,7387.8,7401.5,7379.3,7400.9,2849,4,0
2026-06-08 04:45:00,2026-06-08 02:45:00,7400.8,7404.4,7395.3,7400.7,2276,4,0
2026-06-08 05:00:00,2026-06-08 03:00:00,7400.8,7404.8,7396.0,7401.4,2189,4,0
2026-06-08 05:15:00,2026-06-08 03:15:00,7401.4,7404.9,7395.5,7403.2,1822,4,0
2026-06-08 05:30:00,2026-06-08 03:30:00,7403.3,7412.5,7396.5,7412.3,1797,4,0
2026-06-08 05:45:00,2026-06-08 03:45:00,7412.3,7414.0,7407.8,7409.5,1515,4,0
2026-06-08 06:00:00,2026-06-08 04:00:00,7409.5,7413.3,7408.0,7411.0,1385,4,0
2026-06-08 06:15:00,2026-06-08 04:15:00,7411.0,7413.0,7405.8,7411.7,1321,4,0
2026-06-08 06:30:00,2026-06-08 04:30:00,7411.8,7414.3,7410.3,7411.0,1255,4,0
2026-06-08 06:45:00,2026-06-08 04:45:00,7411.0,7413.6,7409.8,7411.5,1092,4,0
2026-06-08 07:00:00,2026-06-08 05:00:00,7411.5,7413.8,7405.7,7407.3,1406,4,0
2026-06-08 07:15:00,2026-06-08 05:15:00,7407.3,7411.3,7403.0,7406.5,1296,4,0
2026-06-08 07:30:00,2026-06-08 05:30:00,7406.5,7407.8,7396.3,7396.7,1495,4,0
2026-06-08 07:45:00,2026-06-08 05:45:00,7396.8,7403.3,7395.5,7396.5,1408,4,0
2026-06-08 08:00:00,2026-06-08 06:00:00,7396.2,7403.8,7392.3,7392.5,1719,4,0
2026-06-08 08:15:00,2026-06-08 06:15:00,7392.5,7398.7,7390.5,7397.0,1800,4,0
2026-06-08 08:30:00,2026-06-08 06:30:00,7397.0,7398.2,7381.5,7384.3,1861,4,0
2026-06-08 08:45:00,2026-06-08 06:45:00,7384.3,7387.5,7381.3,7386.5,1724,4,0
2026-06-08 09:00:00,2026-06-08 07:00:00,7386.5,7394.5,7384.8,7388.6,2055,4,0
2026-06-08 09:15:00,2026-06-08 07:15:00,7388.6,7402.8,7386.3,7402.1,1661,4,0
2026-06-08 09:30:00,2026-06-08 07:30:00,7402.2,7404.7,7391.8,7396.2,1719,4,0
2026-06-08 09:45:00,2026-06-08 07:45:00,7396.2,7397.6,7389.3,7397.6,1369,4,0
2026-06-08 10:00:00,2026-06-08 08:00:00,7397.6,7406.8,7395.4,7405.1,1967,4,0
2026-06-08 10:15:00,2026-06-08 08:15:00,7404.9,7418.6,7399.2,7415.8,1627,4,0
2026-06-08 10:30:00,2026-06-08 08:30:00,7415.8,7418.1,7411.8,7417.6,1317,4,0
2026-06-08 10:45:00,2026-06-08 08:45:00,7417.6,7423.8,7415.9,7418.1,1056,4,0
2026-06-08 11:00:00,2026-06-08 09:00:00,7418.1,7418.6,7411.8,7412.8,1363,4,0
2026-06-08 11:15:00,2026-06-08 09:15:00,7412.8,7415.9,7408.1,7412.1,1487,4,0
2026-06-08 11:30:00,2026-06-08 09:30:00,7412.1,7416.1,7405.6,7409.6,1290,4,0
2026-06-08 11:45:00,2026-06-08 09:45:00,7409.6,7412.3,7404.4,7408.6,1276,4,0
2026-06-08 12:00:00,2026-06-08 10:00:00,7408.6,7412.2,7402.1,7410.8,1054,4,0
2026-06-08 12:15:00,2026-06-08 10:15:00,7410.8,7415.1,7409.8,7411.6,861,4,0
2026-06-08 12:30:00,2026-06-08 10:30:00,7411.6,7425.5,7407.1,7418.1,1437,4,0
2026-06-08 12:45:00,2026-06-08 10:45:00,7418.2,7422.3,7417.1,7422.3,982,4,0
2026-06-08 13:00:00,2026-06-08 11:00:00,7422.3,7422.6,7411.8,7419.8,1030,4,0
2026-06-08 13:15:00,2026-06-08 11:15:00,7419.9,7420.3,7411.1,7415.2,909,4,0
2026-06-08 13:30:00,2026-06-08 11:30:00,7415.2,7430.5,7414.2,7424.1,1339,4,0
2026-06-08 13:45:00,2026-06-08 11:45:00,7424.1,7425.2,7419.8,7423.3,907,4,0
2026-06-08 14:00:00,2026-06-08 12:00:00,7423.3,7443.4,7417.6,7443.3,1313,4,0
2026-06-08 14:15:00,2026-06-08 12:15:00,7443.3,7448.6,7437.3,7447.1,1954,4,0
2026-06-08 14:30:00,2026-06-08 12:30:00,7446.9,7452.6,7445.8,7446.6,1260,4,0
2026-06-08 14:45:00,2026-06-08 12:45:00,7446.6,7447.6,7440.1,7441.9,1158,4,0
2026-06-08 15:00:00,2026-06-08 13:00:00,7441.9,7451.6,7441.1,7448.8,1428,4,0
2026-06-08 15:15:00,2026-06-08 13:15:00,7448.8,7453.6,7446.7,7453.1,1047,4,0
2026-06-08 15:30:00,2026-06-08 13:30:00,7453.1,7462.4,7452.9,7457.8,938,4,0
2026-06-08 15:45:00,2026-06-08 13:45:00,7458.1,7458.6,7452.3,7454.3,985,4,0
2026-06-08 16:00:00,2026-06-08 14:00:00,7454.3,7459.8,7454.3,7457.6,1049,4,0
2026-06-08 16:15:00,2026-06-08 14:15:00,7457.6,7466.3,7451.8,7452.3,1022,4,0
2026-06-08 16:30:00,2026-06-08 14:30:00,7451.8,7464.3,7433.1,7445.3,2751,4,0
2026-06-08 16:45:00,2026-06-08 14:45:00,7445.3,7455.3,7426.3,7426.6,2731,4,0
2026-06-08 17:00:00,2026-06-08 15:00:00,7426.3,7443.3,7424.3,7434.3,2703,4,0
2026-06-08 17:15:00,2026-06-08 15:15:00,7434.3,7448.1,7426.6,7442.6,2525,4,0
2026-06-08 17:30:00,2026-06-08 15:30:00,7442.6,7454.3,7437.1,7443.2,2146,4,0
2026-06-08 17:45:00,2026-06-08 15:45:00,7443.3,7468.3,7443.1,7468.1,1729,4,0
2026-06-08 18:00:00,2026-06-08 16:00:00,7468.1,7471.3,7463.7,7465.3,1267,4,0
2026-06-08 18:15:00,2026-06-08 16:15:00,7465.6,7469.6,7448.7,7450.1,1561,4,0
2026-06-08 18:30:00,2026-06-08 16:30:00,7450.1,7456.3,7435.8,7454.1,2019,4,0
2026-06-08 18:45:00,2026-06-08 16:45:00,7454.6,7460.8,7442.3,7445.1,1705,4,0
2026-06-08 19:00:00,2026-06-08 17:00:00,7444.8,7450.1,7439.1,7448.1,1798,4,0
2026-06-08 19:15:00,2026-06-08 17:15:00,7448.1,7457.1,7438.3,7438.6,1513,4,0
2026-06-08 19:30:00,2026-06-08 17:30:00,7438.6,7443.3,7432.3,7438.3,1867,4,0
2026-06-08 19:45:00,2026-06-08 17:45:00,7438.3,7447.1,7436.1,7436.3,1552,4,0
2026-06-08 20:00:00,2026-06-08 18:00:00,7436.3,7437.1,7418.1,7426.6,2026,4,0
2026-06-08 20:15:00,2026-06-08 18:15:00,7426.6,7437.8,7418.2,7437.6,1631,4,0
2026-06-08 20:30:00,2026-06-08 18:30:00,7437.6,7441.3,7421.1,7421.4,2067,4,0
2026-06-08 20:45:00,2026-06-08 18:45:00,7421.3,7434.8,7421.3,7428.6,1806,4,0
2026-06-08 21:00:00,2026-06-08 19:00:00,7428.6,7440.3,7427.8,7430.1,1706,4,0
2026-06-08 21:15:00,2026-06-08 19:15:00,7430.1,7438.3,7429.8,7436.8,1426,4,0
2026-06-08 21:30:00,2026-06-08 19:30:00,7436.9,7441.8,7425.1,7426.3,1390,4,0
2026-06-08 21:45:00,2026-06-08 19:45:00,7426.3,7432.8,7426.1,7426.8,1204,4,0
2026-06-08 22:00:00,2026-06-08 20:00:00,7426.8,7429.1,7409.8,7409.8,1507,4,0
2026-06-08 22:15:00,2026-06-08 20:15:00,7409.8,7414.3,7398.8,7409.3,1711,4,0
2026-06-08 22:30:00,2026-06-08 20:30:00,7409.3,7419.1,7406.3,7410.8,1713,4,0
2026-06-08 22:45:00,2026-06-08 20:45:00,7410.8,7417.1,7405.4,7411.0,1668,4,0
2026-06-08 23:00:00,2026-06-08 21:00:00,7411.0,7413.8,7406.3,7408.0,790,4,0
2026-06-08 23:15:00,2026-06-08 21:15:00,7408.0,7409.5,7402.3,7407.8,627,4,0
2026-06-08 23:30:00,2026-06-08 21:30:00,7407.8,7408.3,7405.8,7406.8,322,4,0
2026-06-08 23:45:00,2026-06-08 21:45:00,7406.8,7408.5,7404.3,7406.8,282,4,0
2026-06-09 01:00:00,2026-06-08 23:00:00,7409.0,7412.1,7391.1,7393.1,1561,4,0
2026-06-09 01:15:00,2026-06-08 23:15:00,7393.1,7396.3,7386.3,7391.3,1176,4,0
2026-06-09 01:30:00,2026-06-08 23:30:00,7391.2,7400.1,7391.1,7399.1,798,4,0
2026-06-09 01:45:00,2026-06-08 23:45:00,7399.0,7408.2,7397.3,7407.1,664,4,0
2026-06-09 02:00:00,2026-06-09 00:00:00,7407.2,7412.1,7404.5,7411.3,709,4,0
2026-06-09 02:15:00,2026-06-09 00:15:00,7411.3,7411.8,7406.7,7407.7,699,4,0
2026-06-09 02:30:00,2026-06-09 00:30:00,7407.7,7414.5,7406.1,7408.5,1015,4,0
2026-06-09 02:45:00,2026-06-09 00:45:00,7408.5,7408.6,7398.7,7406.0,1554,4,0
2026-06-09 03:00:00,2026-06-09 01:00:00,7406.0,7407.2,7389.8,7392.7,2570,4,0
2026-06-09 03:15:00,2026-06-09 01:15:00,7392.6,7396.1,7389.2,7395.1,2097,4,0
2026-06-09 03:30:00,2026-06-09 01:30:00,7394.9,7396.6,7386.6,7392.6,1957,4,0
2026-06-09 03:45:00,2026-06-09 01:45:00,7392.6,7393.1,7385.7,7390.8,1804,4,0
2026-06-09 04:00:00,2026-06-09 02:00:00,7390.7,7397.5,7388.8,7395.5,2113,4,0
2026-06-09 04:15:00,2026-06-09 02:15:00,7395.3,7413.1,7394.1,7409.1,2152,4,0
2026-06-09 04:30:00,2026-06-09 02:30:00,7409.1,7417.6,7407.7,7415.3,1999,4,0
2026-06-09 04:45:00,2026-06-09 02:45:00,7415.5,7423.3,7413.8,7415.2,1753,4,0
2026-06-09 05:00:00,2026-06-09 03:00:00,7415.2,7420.0,7414.8,7417.5,1659,4,0
2026-06-09 05:15:00,2026-06-09 03:15:00,7417.4,7418.1,7411.1,7415.6,1405,4,0
2026-06-09 05:30:00,2026-06-09 03:30:00,7415.6,7418.7,7412.8,7418.1,1576,4,0
2026-06-09 05:45:00,2026-06-09 03:45:00,7418.3,7420.6,7415.2,7418.8,1324,4,0
2026-06-09 06:00:00,2026-06-09 04:00:00,7418.8,7422.5,7416.8,7421.6,1181,4,0
2026-06-09 06:15:00,2026-06-09 04:15:00,7421.8,7424.3,7417.6,7420.7,1147,4,0
2026-06-09 06:30:00,2026-06-09 04:30:00,7420.8,7428.5,7420.0,7427.3,1207,4,0
2026-06-09 06:45:00,2026-06-09 04:45:00,7427.3,7428.5,7424.2,7425.8,928,4,0
2026-06-09 07:00:00,2026-06-09 05:00:00,7425.8,7429.1,7423.5,7426.8,872,4,0
2026-06-09 07:15:00,2026-06-09 05:15:00,7426.8,7430.8,7426.1,7429.0,818,4,0
2026-06-09 07:30:00,2026-06-09 05:30:00,7429.0,7432.7,7427.1,7431.0,880,4,0
2026-06-09 07:45:00,2026-06-09 05:45:00,7431.0,7432.3,7429.0,7429.3,670,4,0
2026-06-09 08:00:00,2026-06-09 06:00:00,7429.8,7432.6,7428.5,7429.6,938,4,0
2026-06-09 08:15:00,2026-06-09 06:15:00,7429.6,7431.8,7427.6,7427.8,964,4,0
2026-06-09 08:30:00,2026-06-09 06:30:00,7427.8,7435.5,7427.8,7432.1,1263,4,0
2026-06-09 08:45:00,2026-06-09 06:45:00,7432.1,7436.3,7429.8,7432.1,1100,4,0
2026-06-09 09:00:00,2026-06-09 07:00:00,7432.1,7434.6,7430.3,7434.1,1274,4,0
2026-06-09 09:15:00,2026-06-09 07:15:00,7434.2,7437.4,7431.4,7431.9,966,4,0
2026-06-09 09:30:00,2026-06-09 07:30:00,7432.0,7433.2,7429.1,7431.7,935,4,0
2026-06-09 09:45:00,2026-06-09 07:45:00,7431.7,7433.1,7425.9,7428.9,788,4,0
2026-06-09 10:00:00,2026-06-09 08:00:00,7428.9,7442.1,7427.0,7433.6,1327,4,0
2026-06-09 10:15:00,2026-06-09 08:15:00,7433.6,7436.1,7426.2,7428.9,1387,4,0
2026-06-09 10:30:00,2026-06-09 08:30:00,7428.9,7431.7,7426.4,7431.6,1357,4,0
2026-06-09 10:45:00,2026-06-09 08:45:00,7431.9,7434.1,7426.4,7428.0,1178,4,0
2026-06-09 11:00:00,2026-06-09 09:00:00,7428.0,7440.4,7423.7,7439.4,1859,4,0
2026-06-09 11:15:00,2026-06-09 09:15:00,7439.6,7441.1,7435.4,7438.5,1499,4,0
2026-06-09 11:30:00,2026-06-09 09:30:00,7438.6,7444.1,7436.6,7443.1,1197,4,0
2026-06-09 11:45:00,2026-06-09 09:45:00,7443.1,7444.4,7436.1,7437.6,827,4,0
2026-06-09 12:00:00,2026-06-09 10:00:00,7437.6,7443.6,7436.9,7443.4,775,4,0
2026-06-09 12:15:00,2026-06-09 10:15:00,7443.4,7446.1,7441.6,7444.9,692,4,0
2026-06-09 12:30:00,2026-06-09 10:30:00,7444.9,7445.4,7440.1,7443.9,806,4,0
2026-06-09 12:45:00,2026-06-09 10:45:00,7443.9,7446.6,7443.6,7444.1,585,4,0
2026-06-09 13:00:00,2026-06-09 11:00:00,7444.0,7447.2,7430.4,7444.5,1212,4,0
2026-06-09 13:15:00,2026-06-09 11:15:00,7444.6,7445.1,7440.4,7444.6,859,4,0
2026-06-09 13:30:00,2026-06-09 11:30:00,7444.6,7445.1,7440.9,7442.4,535,4,0
2026-06-09 13:45:00,2026-06-09 11:45:00,7442.3,7451.4,7441.4,7446.7,776,4,0
2026-06-09 14:00:00,2026-06-09 12:00:00,7446.7,7450.0,7444.6,7446.0,794,4,0
2026-06-09 14:15:00,2026-06-09 12:15:00,7446.1,7446.4,7440.2,7442.1,651,4,0
2026-06-09 14:30:00,2026-06-09 12:30:00,7442.1,7446.1,7440.6,7444.0,656,4,0
2026-06-09 14:45:00,2026-06-09 12:45:00,7444.0,7445.9,7438.6,7438.9,543,4,0
2026-06-09 15:00:00,2026-06-09 13:00:00,7438.9,7443.4,7438.2,7438.9,760,4,0
2026-06-09 15:15:00,2026-06-09 13:15:00,7438.9,7440.9,7437.1,7439.1,817,4,0
2026-06-09 15:30:00,2026-06-09 13:30:00,7439.1,7451.4,7439.1,7445.1,781,4,0
2026-06-09 15:45:00,2026-06-09 13:45:00,7445.1,7451.9,7441.9,7451.4,624,4,0
2026-06-09 16:00:00,2026-06-09 14:00:00,7451.5,7454.4,7446.6,7447.1,811,4,0
2026-06-09 16:15:00,2026-06-09 14:15:00,7447.1,7454.9,7444.6,7454.1,785,4,0
2026-06-09 16:30:00,2026-06-09 14:30:00,7454.4,7470.9,7450.1,7470.6,1871,4,0
2026-06-09 16:45:00,2026-06-09 14:45:00,7470.6,7486.4,7459.6,7460.6,2007,4,0
2026-06-09 17:00:00,2026-06-09 15:00:00,7460.9,7467.6,7431.6,7432.6,2596,4,0
2026-06-09 17:15:00,2026-06-09 15:15:00,7432.4,7438.6,7410.9,7429.1,2939,4,0
2026-06-09 17:30:00,2026-06-09 15:30:00,7428.6,7434.1,7401.1,7403.1,3020,4,0
2026-06-09 17:45:00,2026-06-09 15:45:00,7403.4,7405.9,7363.4,7394.6,3206,4,0
2026-06-09 18:00:00,2026-06-09 16:00:00,7394.6,7401.0,7379.9,7392.6,2869,4,0
2026-06-09 18:15:00,2026-06-09 16:15:00,7392.4,7394.4,7324.9,7327.1,2870,4,0
2026-06-09 18:30:00,2026-06-09 16:30:00,7327.1,7341.6,7322.1,7335.4,3263,4,0
2026-06-09 18:45:00,2026-06-09 16:45:00,7335.1,7344.4,7306.6,7308.4,2971,4,0
2026-06-09 19:00:00,2026-06-09 17:00:00,7307.9,7322.4,7295.1,7302.3,3091,4,0
2026-06-09 19:15:00,2026-06-09 17:15:00,7302.6,7302.6,7270.4,7290.9,3192,4,0
2026-06-09 19:30:00,2026-06-09 17:30:00,7290.6,7302.9,7243.1,7264.1,3554,4,0
2026-06-09 19:45:00,2026-06-09 17:45:00,7263.4,7283.6,7252.6,7282.7,3464,4,0
2026-06-09 20:00:00,2026-06-09 18:00:00,7282.9,7307.2,7281.0,7302.4,3417,4,0
2026-06-09 20:15:00,2026-06-09 18:15:00,7302.6,7329.9,7296.4,7324.5,3163,4,0
2026-06-09 20:30:00,2026-06-09 18:30:00,7324.6,7356.4,7319.1,7346.6,2641,4,0
2026-06-09 20:45:00,2026-06-09 18:45:00,7346.6,7349.1,7326.7,7342.7,2974,4,0
2026-06-09 21:00:00,2026-06-09 19:00:00,7343.3,7354.6,7338.4,7350.0,2782,4,0
2026-06-09 21:15:00,2026-06-09 19:15:00,7349.9,7369.0,7343.2,7368.4,2752,4,0
2026-06-09 21:30:00,2026-06-09 19:30:00,7368.4,7380.1,7360.6,7361.4,2414,4,0
2026-06-09 21:45:00,2026-06-09 19:45:00,7361.4,7388.9,7360.9,7384.9,2267,4,0
2026-06-09 22:00:00,2026-06-09 20:00:00,7384.9,7393.9,7368.9,7370.1,2389,4,0
2026-06-09 22:15:00,2026-06-09 20:15:00,7370.1,7371.4,7349.4,7363.4,2876,4,0
2026-06-09 22:30:00,2026-06-09 20:30:00,7363.2,7367.4,7343.4,7351.6,2944,4,0
2026-06-09 22:45:00,2026-06-09 20:45:00,7351.7,7390.7,7343.1,7387.3,2920,4,0
2026-06-09 23:00:00,2026-06-09 21:00:00,7387.3,7394.3,7379.1,7381.1,2079,4,0
2026-06-09 23:15:00,2026-06-09 21:15:00,7381.1,7387.1,7377.8,7385.3,1290,4,0
2026-06-09 23:30:00,2026-06-09 21:30:00,7385.3,7389.1,7381.8,7386.6,909,4,0
2026-06-09 23:45:00,2026-06-09 21:45:00,7386.6,7387.8,7381.1,7383.6,615,4,0
2026-06-10 01:00:00,2026-06-09 23:00:00,7379.0,7380.6,7370.8,7377.8,1657,4,0
2026-06-10 01:15:00,2026-06-09 23:15:00,7377.8,7382.5,7372.7,7374.3,1050,4,0
2026-06-10 01:30:00,2026-06-09 23:30:00,7374.3,7374.7,7362.7,7366.8,1300,4,0
2026-06-10 01:45:00,2026-06-09 23:45:00,7366.8,7367.8,7359.8,7366.3,1212,4,0
2026-06-10 02:00:00,2026-06-10 00:00:00,7366.3,7375.5,7364.7,7366.3,1167,4,0
2026-06-10 02:15:00,2026-06-10 00:15:00,7366.3,7368.1,7363.0,7363.3,887,4,0
2026-06-10 02:30:00,2026-06-10 00:30:00,7363.3,7367.0,7361.2,7366.0,1045,4,0
2026-06-10 02:45:00,2026-06-10 00:45:00,7366.0,7375.8,7364.7,7374.7,1548,4,0
2026-06-10 03:00:00,2026-06-10 01:00:00,7374.8,7389.2,7374.5,7380.6,2383,4,0
2026-06-10 03:15:00,2026-06-10 01:15:00,7380.8,7382.3,7373.3,7379.2,2230,4,0
2026-06-10 03:30:00,2026-06-10 01:30:00,7379.2,7380.1,7360.3,7364.4,2314,4,0
2026-06-10 03:45:00,2026-06-10 01:45:00,7364.3,7380.7,7363.2,7377.7,2290,4,0
2026-06-10 04:00:00,2026-06-10 02:00:00,7377.6,7384.3,7374.7,7380.8,2223,4,0
2026-06-10 04:15:00,2026-06-10 02:15:00,7380.8,7386.0,7377.0,7379.5,2050,4,0
2026-06-10 04:30:00,2026-06-10 02:30:00,7379.5,7384.7,7373.6,7375.7,2271,4,0
2026-06-10 04:45:00,2026-06-10 02:45:00,7375.5,7381.7,7372.5,7376.0,2263,4,0
2026-06-10 05:00:00,2026-06-10 03:00:00,7376.0,7377.5,7367.6,7371.6,1954,4,0
2026-06-10 05:15:00,2026-06-10 03:15:00,7371.7,7375.6,7368.7,7374.6,1816,4,0
2026-06-10 05:30:00,2026-06-10 03:30:00,7374.6,7377.3,7369.5,7372.8,1766,4,0
2026-06-10 05:45:00,2026-06-10 03:45:00,7372.8,7377.1,7365.7,7367.0,1648,4,0
2026-06-10 06:00:00,2026-06-10 04:00:00,7367.0,7376.0,7366.2,7373.4,1552,4,0
2026-06-10 06:15:00,2026-06-10 04:15:00,7373.5,7377.5,7370.5,7372.2,1529,4,0
2026-06-10 06:30:00,2026-06-10 04:30:00,7372.2,7374.0,7366.0,7366.3,1527,4,0
2026-06-10 06:45:00,2026-06-10 04:45:00,7366.3,7370.5,7365.7,7368.5,1353,4,0
2026-06-10 07:00:00,2026-06-10 05:00:00,7368.4,7369.8,7360.8,7361.8,1177,4,0
2026-06-10 07:15:00,2026-06-10 05:15:00,7361.7,7366.7,7359.7,7361.5,1571,4,0
2026-06-10 07:30:00,2026-06-10 05:30:00,7361.5,7361.7,7353.0,7353.2,1458,4,0
2026-06-10 07:45:00,2026-06-10 05:45:00,7353.2,7361.2,7352.1,7354.0,1577,4,0
2026-06-10 08:00:00,2026-06-10 06:00:00,7354.0,7361.5,7353.0,7356.6,1786,4,0
2026-06-10 08:15:00,2026-06-10 06:15:00,7356.6,7363.3,7350.0,7363.2,1640,4,0
2026-06-10 08:30:00,2026-06-10 06:30:00,7363.2,7364.8,7354.8,7360.1,2009,4,0
2026-06-10 08:45:00,2026-06-10 06:45:00,7360.0,7366.6,7355.8,7364.2,1733,4,0
2026-06-10 09:00:00,2026-06-10 07:00:00,7364.2,7371.5,7363.3,7368.5,1625,4,0
2026-06-10 09:15:00,2026-06-10 07:15:00,7368.5,7370.9,7363.1,7366.5,1178,4,0
2026-06-10 09:30:00,2026-06-10 07:30:00,7366.6,7371.7,7363.5,7367.6,1186,4,0
2026-06-10 09:45:00,2026-06-10 07:45:00,7367.5,7368.0,7362.9,7364.5,825,4,0
2026-06-10 10:00:00,2026-06-10 08:00:00,7364.5,7369.6,7360.7,7367.2,1662,4,0
2026-06-10 10:15:00,2026-06-10 08:15:00,7367.1,7369.2,7358.5,7360.5,1489,4,0
2026-06-10 10:30:00,2026-06-10 08:30:00,7360.5,7366.7,7358.7,7361.1,1473,4,0
2026-06-10 10:45:00,2026-06-10 08:45:00,7361.1,7364.1,7358.2,7363.5,1404,4,0
2026-06-10 11:00:00,2026-06-10 09:00:00,7363.5,7363.7,7349.0,7352.0,2005,4,0
2026-06-10 11:15:00,2026-06-10 09:15:00,7352.0,7354.2,7347.1,7349.5,1774,4,0
2026-06-10 11:30:00,2026-06-10 09:30:00,7349.1,7353.0,7334.7,7335.6,1619,4,0
2026-06-10 11:45:00,2026-06-10 09:45:00,7335.7,7340.9,7329.0,7332.4,2038,4,0
2026-06-10 12:00:00,2026-06-10 10:00:00,7332.2,7335.9,7320.1,7320.1,1907,4,0
2026-06-10 12:15:00,2026-06-10 10:15:00,7320.1,7333.5,7315.2,7332.7,1962,4,0
2026-06-10 12:30:00,2026-06-10 10:30:00,7332.7,7338.7,7325.7,7329.2,1793,4,0
2026-06-10 12:45:00,2026-06-10 10:45:00,7329.2,7335.5,7325.0,7333.7,1569,4,0
2026-06-10 13:00:00,2026-06-10 11:00:00,7333.7,7334.2,7326.7,7330.6,1539,4,0
2026-06-10 13:15:00,2026-06-10 11:15:00,7330.6,7333.1,7320.7,7332.2,1685,4,0
2026-06-10 13:30:00,2026-06-10 11:30:00,7332.2,7340.5,7329.9,7340.1,1554,4,0
2026-06-10 13:45:00,2026-06-10 11:45:00,7340.1,7342.7,7330.9,7340.1,1544,4,0
2026-06-10 14:00:00,2026-06-10 12:00:00,7340.1,7342.5,7303.4,7322.1,2698,4,0
2026-06-10 14:15:00,2026-06-10 12:15:00,7322.2,7330.0,7302.3,7313.0,2491,4,0
2026-06-10 14:30:00,2026-06-10 12:30:00,7313.0,7314.9,7302.7,7308.0,2319,4,0
2026-06-10 14:45:00,2026-06-10 12:45:00,7308.0,7322.7,7305.2,7318.2,1973,4,0
2026-06-10 15:00:00,2026-06-10 13:00:00,7318.3,7330.9,7315.7,7323.6,1880,4,0
2026-06-10 15:15:00,2026-06-10 13:15:00,7323.6,7334.6,7318.1,7333.8,2088,4,0
2026-06-10 15:30:00,2026-06-10 13:30:00,7333.6,7362.6,7331.9,7355.4,3203,4,0
2026-06-10 15:45:00,2026-06-10 13:45:00,7355.4,7362.6,7346.0,7346.5,2632,4,0
2026-06-10 16:00:00,2026-06-10 14:00:00,7346.5,7351.7,7342.7,7347.5,1981,4,0
2026-06-10 16:15:00,2026-06-10 14:15:00,7347.5,7352.0,7345.7,7351.1,1551,4,0
2026-06-10 16:30:00,2026-06-10 14:30:00,7351.1,7378.5,7331.5,7378.2,3314,4,0
2026-06-10 16:45:00,2026-06-10 14:45:00,7378.2,7386.2,7364.1,7374.2,3162,4,0
2026-06-10 17:00:00,2026-06-10 15:00:00,7374.1,7392.5,7367.0,7383.5,3024,4,0
2026-06-10 17:15:00,2026-06-10 15:15:00,7383.5,7400.7,7375.0,7388.9,2992,4,0
2026-06-10 17:30:00,2026-06-10 15:30:00,7389.0,7396.0,7372.7,7372.7,2992,4,0
2026-06-10 17:45:00,2026-06-10 15:45:00,7372.7,7377.7,7339.2,7345.0,3170,4,0
2026-06-10 18:00:00,2026-06-10 16:00:00,7345.2,7361.0,7323.0,7324.0,3151,4,0
2026-06-10 18:15:00,2026-06-10 16:15:00,7323.6,7342.2,7311.7,7330.7,3197,4,0
2026-06-10 18:30:00,2026-06-10 16:30:00,7331.0,7342.5,7317.2,7339.2,3020,4,0
2026-06-10 18:45:00,2026-06-10 16:45:00,7339.0,7344.4,7301.5,7336.2,3371,4,0
2026-06-10 19:00:00,2026-06-10 17:00:00,7336.2,7341.9,7315.7,7319.2,3088,4,0
2026-06-10 19:15:00,2026-06-10 17:15:00,7319.2,7327.0,7315.7,7323.2,2852,4,0
2026-06-10 19:30:00,2026-06-10 17:30:00,7323.4,7340.0,7316.7,7325.2,2783,4,0
2026-06-10 19:45:00,2026-06-10 17:45:00,7325.0,7327.0,7310.7,7319.9,2812,4,0
2026-06-10 20:00:00,2026-06-10 18:00:00,7320.2,7330.5,7303.5,7306.7,2779,4,0
2026-06-10 20:15:00,2026-06-10 18:15:00,7306.6,7315.0,7303.3,7313.0,2678,4,0
2026-06-10 20:30:00,2026-06-10 18:30:00,7313.0,7313.5,7295.2,7296.5,2401,4,0
2026-06-10 20:45:00,2026-06-10 18:45:00,7296.4,7325.0,7295.5,7323.2,2940,4,0
2026-06-10 21:00:00,2026-06-10 19:00:00,7323.4,7334.4,7321.2,7324.2,2568,4,0
2026-06-10 21:15:00,2026-06-10 19:15:00,7324.2,7329.2,7309.7,7312.5,2622,4,0
2026-06-10 21:30:00,2026-06-10 19:30:00,7312.5,7312.5,7298.0,7302.0,2427,4,0
2026-06-10 21:45:00,2026-06-10 19:45:00,7302.0,7302.2,7286.7,7291.0,2248,4,0
2026-06-10 22:00:00,2026-06-10 20:00:00,7291.1,7298.2,7284.9,7287.5,2407,4,0
2026-06-10 22:15:00,2026-06-10 20:15:00,7287.5,7289.2,7272.2,7277.2,2236,4,0
2026-06-10 22:30:00,2026-06-10 20:30:00,7277.2,7294.7,7274.1,7290.2,2497,4,0
2026-06-10 22:45:00,2026-06-10 20:45:00,7290.0,7296.5,7271.5,7271.7,2701,4,0
2026-06-10 23:00:00,2026-06-10 21:00:00,7272.0,7274.7,7257.5,7267.6,2137,4,0
2026-06-10 23:15:00,2026-06-10 21:15:00,7267.6,7271.5,7264.7,7266.2,1108,4,0
2026-06-10 23:30:00,2026-06-10 21:30:00,7266.2,7266.2,7257.9,7258.5,693,4,0
2026-06-10 23:45:00,2026-06-10 21:45:00,7258.5,7263.7,7252.3,7261.5,1048,4,0
2026-06-11 01:00:00,2026-06-10 23:00:00,7260.2,7261.3,7243.9,7251.9,1740,4,0
2026-06-11 01:15:00,2026-06-10 23:15:00,7251.9,7256.3,7249.9,7255.5,1306,4,0
2026-06-11 01:30:00,2026-06-10 23:30:00,7255.5,7263.4,7253.4,7257.0,1158,4,0
2026-06-11 01:45:00,2026-06-10 23:45:00,7257.0,7261.9,7240.0,7240.7,1576,4,0
2026-06-11 02:00:00,2026-06-11 00:00:00,7240.7,7247.9,7231.9,7232.9,1544,4,0
2026-06-11 02:15:00,2026-06-11 00:15:00,7232.9,7255.3,7229.3,7254.0,1902,4,0
2026-06-11 02:30:00,2026-06-11 00:30:00,7254.0,7260.0,7244.7,7256.3,1222,4,0
2026-06-11 02:45:00,2026-06-11 00:45:00,7256.3,7256.8,7244.0,7246.2,1477,4,0
2026-06-11 03:00:00,2026-06-11 01:00:00,7246.2,7255.5,7242.8,7251.4,2407,4,0
2026-06-11 03:15:00,2026-06-11 01:15:00,7251.7,7279.5,7251.7,7264.0,2899,4,0
2026-06-11 03:30:00,2026-06-11 01:30:00,7264.0,7269.2,7254.7,7259.9,2499,4,0
2026-06-11 03:45:00,2026-06-11 01:45:00,7259.9,7276.7,7259.8,7273.9,2325,4,0
2026-06-11 04:00:00,2026-06-11 02:00:00,7273.9,7300.2,7273.9,7299.7,2290,4,0
2026-06-11 04:15:00,2026-06-11 02:15:00,7299.5,7302.7,7294.2,7301.2,2242,4,0
2026-06-11 04:30:00,2026-06-11 02:30:00,7301.2,7302.0,7292.7,7293.7,2002,4,0
2026-06-11 04:45:00,2026-06-11 02:45:00,7293.7,7294.0,7282.4,7284.4,1787,4,0
2026-06-11 05:00:00,2026-06-11 03:00:00,7284.4,7293.9,7283.4,7283.9,2057,4,0
2026-06-11 05:15:00,2026-06-11 03:15:00,7283.9,7287.4,7273.4,7275.2,2072,4,0
2026-06-11 05:30:00,2026-06-11 03:30:00,7275.2,7280.3,7270.7,7276.2,2337,4,0
2026-06-11 05:45:00,2026-06-11 03:45:00,7276.2,7287.9,7275.0,7285.9,1955,4,0
2026-06-11 06:00:00,2026-06-11 04:00:00,7286.0,7291.2,7278.9,7281.3,1824,4,0
2026-06-11 06:15:00,2026-06-11 04:15:00,7281.4,7285.3,7277.9,7284.6,1912,4,0
2026-06-11 06:30:00,2026-06-11 04:30:00,7284.7,7295.4,7284.1,7294.9,1967,4,0
2026-06-11 06:45:00,2026-06-11 04:45:00,7294.9,7302.5,7292.9,7301.6,1473,4,0
2026-06-11 07:00:00,2026-06-11 05:00:00,7301.6,7302.4,7297.9,7300.2,1378,4,0
2026-06-11 07:15:00,2026-06-11 05:15:00,7299.9,7305.7,7297.4,7303.0,1528,4,0
2026-06-11 07:30:00,2026-06-11 05:30:00,7303.1,7314.2,7302.0,7312.3,1297,4,0
2026-06-11 07:45:00,2026-06-11 05:45:00,7312.4,7314.4,7307.2,7309.6,1211,4,0
2026-06-11 08:00:00,2026-06-11 06:00:00,7309.5,7310.4,7301.4,7302.5,1515,4,0
2026-06-11 08:15:00,2026-06-11 06:15:00,7302.4,7305.3,7299.7,7302.5,1470,4,0
2026-06-11 08:30:00,2026-06-11 06:30:00,7302.5,7305.7,7299.4,7304.7,1682,4,0
2026-06-11 08:45:00,2026-06-11 06:45:00,7304.6,7307.2,7302.5,7305.4,1469,4,0
2026-06-11 09:00:00,2026-06-11 07:00:00,7305.3,7305.5,7291.7,7303.1,1916,4,0
2026-06-11 09:15:00,2026-06-11 07:15:00,7303.1,7307.0,7301.7,7302.7,1503,4,0
2026-06-11 09:30:00,2026-06-11 07:30:00,7302.7,7309.5,7300.7,7307.2,1296,4,0
2026-06-11 09:45:00,2026-06-11 07:45:00,7307.2,7313.0,7305.8,7312.5,1010,4,0
2026-06-11 10:00:00,2026-06-11 08:00:00,7312.2,7316.5,7309.5,7314.2,1344,4,0
2026-06-11 10:15:00,2026-06-11 08:15:00,7314.2,7326.7,7313.0,7323.7,1130,4,0
2026-06-11 10:30:00,2026-06-11 08:30:00,7323.7,7328.0,7322.7,7326.7,1045,4,0
2026-06-11 10:45:00,2026-06-11 08:45:00,7326.7,7327.5,7321.2,7324.0,995,4,0
2026-06-11 11:00:00,2026-06-11 09:00:00,7324.0,7334.0,7324.0,7332.3,1289,4,0
2026-06-11 11:15:00,2026-06-11 09:15:00,7332.2,7333.3,7326.8,7329.5,1143,4,0
2026-06-11 11:30:00,2026-06-11 09:30:00,7329.2,7334.2,7328.1,7331.9,891,4,0
2026-06-11 11:45:00,2026-06-11 09:45:00,7332.0,7334.5,7330.0,7333.3,778,4,0
2026-06-11 12:00:00,2026-06-11 10:00:00,7333.3,7334.5,7328.6,7330.2,843,4,0
2026-06-11 12:15:00,2026-06-11 10:15:00,7330.2,7333.2,7328.5,7330.2,769,4,0
2026-06-11 12:30:00,2026-06-11 10:30:00,7330.2,7334.0,7329.0,7332.2,614,4,0
2026-06-11 12:45:00,2026-06-11 10:45:00,7332.2,7335.5,7330.4,7330.6,696,4,0
2026-06-11 13:00:00,2026-06-11 11:00:00,7330.6,7334.5,7327.5,7328.7,840,4,0
2026-06-11 13:15:00,2026-06-11 11:15:00,7328.7,7330.5,7325.7,7325.7,701,4,0
2026-06-11 13:30:00,2026-06-11 11:30:00,7325.7,7331.0,7325.7,7328.5,744,4,0
2026-06-11 13:45:00,2026-06-11 11:45:00,7328.5,7331.0,7325.5,7325.8,602,4,0
2026-06-11 14:00:00,2026-06-11 12:00:00,7325.7,7326.0,7314.5,7319.0,1214,4,0
2026-06-11 14:15:00,2026-06-11 12:15:00,7319.0,7322.3,7314.6,7319.6,1071,4,0
2026-06-11 14:30:00,2026-06-11 12:30:00,7319.6,7329.2,7318.7,7326.5,1442,4,0
2026-06-11 14:45:00,2026-06-11 12:45:00,7326.5,7330.7,7323.7,7329.0,803,4,0
2026-06-11 15:00:00,2026-06-11 13:00:00,7328.7,7330.8,7326.2,7329.0,937,4,0
2026-06-11 15:15:00,2026-06-11 13:15:00,7329.0,7329.0,7293.7,7303.3,2385,4,0
2026-06-11 15:30:00,2026-06-11 13:30:00,7302.6,7307.4,7285.5,7301.6,2842,4,0
2026-06-11 15:45:00,2026-06-11 13:45:00,7301.6,7316.2,7298.7,7313.2,2469,4,0
2026-06-11 16:00:00,2026-06-11 14:00:00,7313.1,7313.5,7302.2,7305.5,1660,4,0
2026-06-11 16:15:00,2026-06-11 14:15:00,7305.5,7308.5,7303.2,7305.2,1287,4,0
2026-06-11 16:30:00,2026-06-11 14:30:00,7305.0,7307.7,7280.0,7288.2,3035,4,0
2026-06-11 16:45:00,2026-06-11 14:45:00,7288.5,7332.0,7284.2,7313.2,3164,4,0
2026-06-11 17:00:00,2026-06-11 15:00:00,7313.7,7332.5,7294.3,7295.2,2980,4,0
2026-06-11 17:15:00,2026-06-11 15:15:00,7295.0,7314.0,7286.0,7304.3,3093,4,0
2026-06-11 17:30:00,2026-06-11 15:30:00,7304.7,7317.0,7293.4,7301.7,2993,4,0
2026-06-11 17:45:00,2026-06-11 15:45:00,7302.2,7306.3,7267.5,7272.5,3107,4,0
2026-06-11 18:00:00,2026-06-11 16:00:00,7272.2,7294.7,7260.0,7289.9,3269,4,0
2026-06-11 18:15:00,2026-06-11 16:15:00,7289.7,7303.5,7283.1,7288.5,3036,4,0
2026-06-11 18:30:00,2026-06-11 16:30:00,7288.0,7310.7,7283.2,7294.4,3050,4,0
2026-06-11 18:45:00,2026-06-11 16:45:00,7294.5,7300.5,7284.5,7296.8,2868,4,0
2026-06-11 19:00:00,2026-06-11 17:00:00,7296.7,7317.7,7291.7,7315.2,2666,4,0
2026-06-11 19:15:00,2026-06-11 17:15:00,7315.2,7319.0,7294.2,7294.8,2490,4,0
2026-06-11 19:30:00,2026-06-11 17:30:00,7295.0,7315.2,7290.5,7302.5,2618,4,0
2026-06-11 19:45:00,2026-06-11 17:45:00,7302.5,7305.4,7281.5,7281.5,2433,4,0
2026-06-11 20:00:00,2026-06-11 18:00:00,7281.7,7288.8,7272.0,7279.7,2583,4,0
2026-06-11 20:15:00,2026-06-11 18:15:00,7279.7,7343.1,7269.2,7341.8,2553,4,0
2026-06-11 20:30:00,2026-06-11 18:30:00,7342.8,7383.2,7339.1,7379.2,3702,4,0
2026-06-11 20:45:00,2026-06-11 18:45:00,7379.1,7382.2,7351.0,7366.0,3169,4,0
2026-06-11 21:00:00,2026-06-11 19:00:00,7366.0,7372.7,7342.5,7359.5,3203,4,0
2026-06-11 21:15:00,2026-06-11 19:15:00,7359.7,7374.5,7354.7,7361.5,2821,4,0
2026-06-11 21:30:00,2026-06-11 19:30:00,7361.5,7370.2,7357.2,7366.0,2371,4,0
2026-06-11 21:45:00,2026-06-11 19:45:00,7366.0,7380.0,7365.0,7374.5,2043,4,0
2026-06-11 22:00:00,2026-06-11 20:00:00,7374.5,7389.2,7370.2,7386.1,2233,4,0
2026-06-11 22:15:00,2026-06-11 20:15:00,7386.0,7398.7,7384.2,7395.7,1963,4,0
2026-06-11 22:30:00,2026-06-11 20:30:00,7395.7,7416.6,7395.7,7410.2,2407,4,0
2026-06-11 22:45:00,2026-06-11 20:45:00,7410.5,7410.5,7389.5,7391.9,2387,4,0
2026-06-11 23:00:00,2026-06-11 21:00:00,7391.7,7404.7,7387.4,7403.7,1627,4,0
2026-06-11 23:15:00,2026-06-11 21:15:00,7403.7,7406.2,7395.9,7398.4,886,4,0
2026-06-11 23:30:00,2026-06-11 21:30:00,7398.4,7400.8,7389.2,7389.7,628,4,0
2026-06-11 23:45:00,2026-06-11 21:45:00,7389.7,7395.4,7389.2,7394.6,461,4,0
2026-06-12 01:00:00,2026-06-11 23:00:00,7395.1,7410.4,7395.1,7409.9,1229,4,0
2026-06-12 01:15:00,2026-06-11 23:15:00,7409.9,7413.6,7406.6,7408.1,728,4,0
2026-06-12 01:30:00,2026-06-11 23:30:00,7408.1,7409.7,7405.4,7408.1,597,4,0
2026-06-12 01:45:00,2026-06-11 23:45:00,7408.1,7412.4,7407.9,7408.9,721,4,0
2026-06-12 02:00:00,2026-06-12 00:00:00,7408.9,7409.6,7403.9,7406.9,622,4,0
2026-06-12 02:15:00,2026-06-12 00:15:00,7406.9,7409.6,7400.0,7403.6,927,4,0
2026-06-12 02:30:00,2026-06-12 00:30:00,7403.6,7411.0,7403.5,7410.4,874,4,0
2026-06-12 02:45:00,2026-06-12 00:45:00,7410.4,7413.9,7409.4,7412.1,1249,4,0
2026-06-12 03:00:00,2026-06-12 01:00:00,7412.1,7413.9,7403.9,7409.9,2152,4,0
2026-06-12 03:15:00,2026-06-12 01:15:00,7409.9,7415.1,7404.7,7414.1,1656,4,0
2026-06-12 03:30:00,2026-06-12 01:30:00,7414.1,7418.6,7408.5,7409.2,1289,4,0
2026-06-12 03:45:00,2026-06-12 01:45:00,7409.2,7413.1,7406.0,7409.9,1553,4,0
2026-06-12 04:00:00,2026-06-12 02:00:00,7409.9,7410.0,7401.6,7405.9,1816,4,0
2026-06-12 04:15:00,2026-06-12 02:15:00,7405.9,7407.9,7394.1,7396.1,1686,4,0
2026-06-12 04:30:00,2026-06-12 02:30:00,7395.9,7400.7,7394.1,7397.6,1866,4,0
2026-06-12 04:45:00,2026-06-12 02:45:00,7397.5,7408.5,7397.0,7407.4,1240,4,0
2026-06-12 05:00:00,2026-06-12 03:00:00,7407.4,7412.1,7407.4,7409.6,1415,4,0
2026-06-12 05:15:00,2026-06-12 03:15:00,7409.6,7410.2,7402.6,7403.0,1273,4,0
2026-06-12 05:30:00,2026-06-12 03:30:00,7403.1,7408.1,7402.1,7407.5,1270,4,0
2026-06-12 05:45:00,2026-06-12 03:45:00,7407.5,7411.1,7407.1,7408.9,1020,4,0
2026-06-12 06:00:00,2026-06-12 04:00:00,7408.9,7409.2,7400.1,7401.7,1034,4,0
2026-06-12 06:15:00,2026-06-12 04:15:00,7401.7,7403.0,7396.9,7401.2,1045,4,0
2026-06-12 06:30:00,2026-06-12 04:30:00,7401.3,7406.9,7400.6,7404.1,1466,4,0
2026-06-12 06:45:00,2026-06-12 04:45:00,7404.1,7405.6,7399.4,7404.1,1222,4,0
2026-06-12 07:00:00,2026-06-12 05:00:00,7404.1,7404.4,7397.6,7401.4,1064,4,0
2026-06-12 07:15:00,2026-06-12 05:15:00,7401.4,7406.1,7397.6,7405.6,841,4,0
2026-06-12 07:30:00,2026-06-12 05:30:00,7405.6,7407.9,7404.1,7406.7,816,4,0
2026-06-12 07:45:00,2026-06-12 05:45:00,7406.9,7408.6,7405.4,7408.0,823,4,0
2026-06-12 08:00:00,2026-06-12 06:00:00,7407.9,7409.9,7401.2,7405.9,1179,4,0
2026-06-12 08:15:00,2026-06-12 06:15:00,7406.0,7408.9,7404.4,7407.9,1127,4,0
2026-06-12 08:30:00,2026-06-12 06:30:00,7407.9,7407.9,7395.6,7399.8,1875,4,0
2026-06-12 08:45:00,2026-06-12 06:45:00,7399.7,7400.3,7384.6,7390.4,1873,4,0
2026-06-12 09:00:00,2026-06-12 07:00:00,7390.4,7401.1,7388.9,7399.1,1921,4,0
2026-06-12 09:15:00,2026-06-12 07:15:00,7399.0,7399.1,7392.6,7393.6,1194,4,0
2026-06-12 09:30:00,2026-06-12 07:30:00,7393.7,7393.7,7385.4,7386.6,1225,4,0
2026-06-12 09:45:00,2026-06-12 07:45:00,7386.6,7388.6,7381.6,7385.4,915,4,0
2026-06-12 10:00:00,2026-06-12 08:00:00,7385.4,7386.9,7374.9,7375.1,1457,4,0
2026-06-12 10:15:00,2026-06-12 08:15:00,7375.1,7379.9,7372.1,7377.4,1265,4,0
2026-06-12 10:30:00,2026-06-12 08:30:00,7377.5,7390.1,7375.8,7389.3,1243,4,0
2026-06-12 10:45:00,2026-06-12 08:45:00,7389.3,7405.5,7386.8,7397.7,1319,4,0
2026-06-12 11:00:00,2026-06-12 09:00:00,7397.7,7411.6,7396.4,7408.7,1895,4,0
2026-06-12 11:15:00,2026-06-12 09:15:00,7409.0,7425.5,7405.5,7418.6,2148,4,0
2026-06-12 11:30:00,2026-06-12 09:30:00,7418.6,7421.0,7405.5,7409.1,1526,4,0
2026-06-12 11:45:00,2026-06-12 09:45:00,7409.1,7417.0,7405.6,7412.4,1217,4,0
2026-06-12 12:00:00,2026-06-12 10:00:00,7412.4,7423.1,7412.4,7423.1,1179,4,0
2026-06-12 12:15:00,2026-06-12 10:15:00,7423.1,7434.7,7422.1,7433.5,1497,4,0
2026-06-12 12:30:00,2026-06-12 10:30:00,7433.5,7448.3,7432.1,7443.4,1323,4,0
2026-06-12 12:45:00,2026-06-12 10:45:00,7443.4,7444.4,7435.9,7436.6,1116,4,0
2026-06-12 13:00:00,2026-06-12 11:00:00,7436.6,7441.9,7430.1,7433.8,1229,4,0
2026-06-12 13:15:00,2026-06-12 11:15:00,7433.8,7434.4,7416.8,7419.1,1641,4,0
2026-06-12 13:30:00,2026-06-12 11:30:00,7419.0,7426.9,7417.8,7423.8,1313,4,0
2026-06-12 13:45:00,2026-06-12 11:45:00,7423.8,7425.4,7418.1,7421.9,861,4,0
2026-06-12 14:00:00,2026-06-12 12:00:00,7421.9,7428.9,7419.6,7427.6,1199,4,0
2026-06-12 14:15:00,2026-06-12 12:15:00,7427.6,7437.1,7426.6,7435.4,1157,4,0
2026-06-12 14:30:00,2026-06-12 12:30:00,7435.4,7439.9,7429.8,7439.6,1432,4,0
2026-06-12 14:45:00,2026-06-12 12:45:00,7439.6,7445.0,7436.1,7440.4,1123,4,0
2026-06-12 15:00:00,2026-06-12 13:00:00,7440.3,7441.8,7430.1,7431.7,1550,4,0
2026-06-12 15:15:00,2026-06-12 13:15:00,7431.8,7433.8,7422.4,7422.6,1500,4,0
2026-06-12 15:30:00,2026-06-12 13:30:00,7422.6,7424.6,7410.1,7411.5,1469,4,0
2026-06-12 15:45:00,2026-06-12 13:45:00,7411.4,7415.0,7399.4,7401.5,1995,4,0
2026-06-12 16:00:00,2026-06-12 14:00:00,7401.6,7412.5,7394.3,7412.4,1471,4,0
2026-06-12 16:15:00,2026-06-12 14:15:00,7412.4,7420.9,7410.0,7420.9,1429,4,0
2026-06-12 16:30:00,2026-06-12 14:30:00,7420.9,7421.6,7371.7,7372.9,3422,4,0
2026-06-12 16:45:00,2026-06-12 14:45:00,7372.5,7387.7,7363.9,7380.3,3234,4,0
2026-06-12 17:00:00,2026-06-12 15:00:00,7380.3,7418.9,7379.5,7406.9,2598,4,0
2026-06-12 17:15:00,2026-06-12 15:15:00,7406.9,7424.9,7402.9,7409.7,2650,4,0
2026-06-12 17:30:00,2026-06-12 15:30:00,7409.9,7425.4,7393.2,7393.9,2949,4,0
2026-06-12 17:45:00,2026-06-12 15:45:00,7393.9,7440.5,7385.7,7437.7,3331,4,0
2026-06-12 18:00:00,2026-06-12 16:00:00,7437.9,7447.7,7430.7,7445.4,2811,4,0
2026-06-12 18:15:00,2026-06-12 16:15:00,7445.5,7458.7,7439.9,7456.2,2009,4,0
2026-06-12 18:30:00,2026-06-12 16:30:00,7456.2,7456.4,7422.2,7423.7,2530,4,0
2026-06-12 18:45:00,2026-06-12 16:45:00,7423.7,7432.9,7398.7,7402.9,2904,4,0
2026-06-12 19:00:00,2026-06-12 17:00:00,7403.0,7436.3,7395.9,7424.3,2987,4,0
2026-06-12 19:15:00,2026-06-12 17:15:00,7424.4,7436.2,7414.2,7420.4,2937,4,0
2026-06-12 19:30:00,2026-06-12 17:30:00,7420.4,7428.4,7416.9,7419.0,2342,4,0
2026-06-12 19:45:00,2026-06-12 17:45:00,7418.9,7430.4,7417.7,7429.4,2035,4,0
2026-06-12 20:00:00,2026-06-12 18:00:00,7429.4,7443.9,7426.4,7434.2,2248,4,0
2026-06-12 20:15:00,2026-06-12 18:15:00,7434.3,7441.7,7431.2,7435.7,1654,4,0
2026-06-12 20:30:00,2026-06-12 18:30:00,7435.7,7436.9,7427.9,7431.7,1763,4,0
2026-06-12 20:45:00,2026-06-12 18:45:00,7431.4,7435.9,7423.4,7427.4,1522,4,0
2026-06-12 21:00:00,2026-06-12 19:00:00,7427.7,7435.0,7419.9,7424.9,1478,4,0
2026-06-12 21:15:00,2026-06-12 19:15:00,7424.9,7428.4,7419.2,7427.4,1808,4,0
2026-06-12 21:30:00,2026-06-12 19:30:00,7427.4,7438.4,7426.9,7437.4,1372,4,0
2026-06-12 21:45:00,2026-06-12 19:45:00,7437.4,7437.9,7424.7,7425.4,1253,4,0
2026-06-12 22:00:00,2026-06-12 20:00:00,7425.2,7436.9,7424.7,7429.2,1311,4,0
2026-06-12 22:15:00,2026-06-12 20:15:00,7429.2,7434.9,7424.9,7429.4,1192,4,0
2026-06-12 22:30:00,2026-06-12 20:30:00,7429.3,7432.7,7416.0,7423.4,1900,4,0
2026-06-12 22:45:00,2026-06-12 20:45:00,7423.4,7434.4,7419.9,7431.9,1477,4,0
2026-06-12 23:00:00,2026-06-12 21:00:00,7431.4,7439.6,7430.4,7439.6,663,4,0
2026-06-12 23:15:00,2026-06-12 21:15:00,7439.6,7441.9,7437.4,7437.6,216,4,0
2026-06-12 23:30:00,2026-06-12 21:30:00,7437.6,7439.9,7435.6,7435.6,315,4,0
2026-06-12 23:45:00,2026-06-12 21:45:00,7435.6,7436.1,7433.4,7433.9,169,4,0
2026-06-15 01:00:00,2026-06-14 23:00:00,7489.5,7502.4,7484.4,7500.0,2061,4,0
2026-06-15 01:15:00,2026-06-14 23:15:00,7500.0,7503.6,7493.7,7494.9,1680,4,0
2026-06-15 01:30:00,2026-06-14 23:30:00,7494.9,7496.7,7490.0,7491.2,1426,4,0
2026-06-15 01:45:00,2026-06-14 23:45:00,7491.2,7498.1,7490.4,7493.9,1078,4,0
2026-06-15 02:00:00,2026-06-15 00:00:00,7493.9,7497.8,7489.0,7489.7,1186,4,0
2026-06-15 02:15:00,2026-06-15 00:15:00,7489.7,7491.7,7483.9,7490.7,1162,4,0
2026-06-15 02:30:00,2026-06-15 00:30:00,7490.7,7496.4,7490.4,7493.5,916,4,0
2026-06-15 02:45:00,2026-06-15 00:45:00,7493.6,7497.3,7489.4,7495.7,1529,4,0
2026-06-15 03:00:00,2026-06-15 01:00:00,7495.9,7510.9,7493.3,7507.6,2050,4,0
2026-06-15 03:15:00,2026-06-15 01:15:00,7507.6,7510.2,7504.0,7507.6,1529,4,0
2026-06-15 03:30:00,2026-06-15 01:30:00,7507.6,7508.9,7503.4,7505.4,1163,4,0
2026-06-15 03:45:00,2026-06-15 01:45:00,7505.4,7508.1,7503.7,7506.6,1361,4,0
2026-06-15 04:00:00,2026-06-15 02:00:00,7506.6,7510.6,7504.7,7509.0,1640,4,0
2026-06-15 04:15:00,2026-06-15 02:15:00,7509.0,7511.6,7507.1,7510.1,1450,4,0
2026-06-15 04:30:00,2026-06-15 02:30:00,7510.1,7513.6,7508.4,7512.7,1118,4,0
2026-06-15 04:45:00,2026-06-15 02:45:00,7512.7,7513.9,7509.2,7511.1,782,4,0
2026-06-15 05:00:00,2026-06-15 03:00:00,7511.3,7515.0,7510.9,7513.6,895,4,0
2026-06-15 05:15:00,2026-06-15 03:15:00,7513.6,7517.6,7513.4,7516.6,533,4,0
2026-06-15 05:30:00,2026-06-15 03:30:00,7516.6,7518.4,7515.4,7516.9,501,4,0
2026-06-15 05:45:00,2026-06-15 03:45:00,7516.9,7519.4,7516.6,7518.4,595,4,0
2026-06-15 06:00:00,2026-06-15 04:00:00,7518.4,7518.9,7516.0,7518.6,563,4,0
2026-06-15 06:15:00,2026-06-15 04:15:00,7518.6,7521.6,7518.6,7520.1,470,4,0
2026-06-15 06:30:00,2026-06-15 04:30:00,7520.1,7522.6,7517.9,7518.7,719,4,0
2026-06-15 06:45:00,2026-06-15 04:45:00,7518.8,7520.6,7517.1,7518.9,723,4,0
2026-06-15 07:00:00,2026-06-15 05:00:00,7518.9,7519.9,7516.4,7517.9,676,4,0
2026-06-15 07:15:00,2026-06-15 05:15:00,7517.9,7522.6,7517.9,7522.2,544,4,0
2026-06-15 07:30:00,2026-06-15 05:30:00,7522.4,7523.9,7521.1,7523.6,458,4,0
2026-06-15 07:45:00,2026-06-15 05:45:00,7523.6,7526.6,7522.4,7525.9,542,4,0
2026-06-15 08:00:00,2026-06-15 06:00:00,7525.9,7528.9,7525.1,7528.0,685,4,0
2026-06-15 08:15:00,2026-06-15 06:15:00,7528.0,7529.1,7526.6,7527.9,459,4,0
2026-06-15 08:30:00,2026-06-15 06:30:00,7527.9,7529.9,7525.1,7528.9,652,4,0
2026-06-15 08:45:00,2026-06-15 06:45:00,7528.9,7530.4,7526.9,7530.4,709,4,0
2026-06-15 09:00:00,2026-06-15 07:00:00,7530.4,7532.2,7528.1,7528.6,822,4,0
2026-06-15 09:15:00,2026-06-15 07:15:00,7528.6,7531.4,7525.1,7528.1,835,4,0
2026-06-15 09:30:00,2026-06-15 07:30:00,7528.1,7529.1,7522.4,7525.9,862,4,0
2026-06-15 09:45:00,2026-06-15 07:45:00,7525.9,7527.6,7522.6,7525.1,703,4,0
2026-06-15 10:00:00,2026-06-15 08:00:00,7525.1,7527.6,7520.8,7525.1,1309,4,0
2026-06-15 10:15:00,2026-06-15 08:15:00,7525.1,7531.1,7524.3,7527.8,1104,4,0
2026-06-15 10:30:00,2026-06-15 08:30:00,7527.8,7529.4,7525.1,7526.1,998,4,0
2026-06-15 10:45:00,2026-06-15 08:45:00,7526.1,7528.8,7521.6,7521.6,927,4,0
2026-06-15 11:00:00,2026-06-15 09:00:00,7521.6,7529.1,7521.1,7525.4,1389,4,0
2026-06-15 11:15:00,2026-06-15 09:15:00,7525.4,7529.1,7522.4,7528.6,1068,4,0
2026-06-15 11:30:00,2026-06-15 09:30:00,7528.8,7529.1,7525.4,7528.4,902,4,0
2026-06-15 11:45:00,2026-06-15 09:45:00,7528.4,7531.4,7525.0,7526.9,1040,4,0
2026-06-15 12:00:00,2026-06-15 10:00:00,7526.9,7530.6,7525.3,7526.1,1009,4,0
2026-06-15 12:15:00,2026-06-15 10:15:00,7526.0,7526.9,7520.3,7521.1,1098,4,0
2026-06-15 12:30:00,2026-06-15 10:30:00,7520.9,7522.5,7519.4,7519.6,950,4,0
2026-06-15 12:45:00,2026-06-15 10:45:00,7519.6,7523.6,7517.9,7522.1,873,4,0
2026-06-15 13:00:00,2026-06-15 11:00:00,7522.1,7526.0,7521.6,7525.2,773,4,0
2026-06-15 13:15:00,2026-06-15 11:15:00,7525.3,7526.6,7522.1,7525.9,666,4,0
2026-06-15 13:30:00,2026-06-15 11:30:00,7526.1,7526.1,7522.4,7525.1,725,4,0
2026-06-15 13:45:00,2026-06-15 11:45:00,7525.1,7527.5,7524.4,7527.1,727,4,0
2026-06-15 14:00:00,2026-06-15 12:00:00,7527.1,7533.1,7526.4,7532.4,805,4,0
2026-06-15 14:15:00,2026-06-15 12:15:00,7532.4,7536.1,7531.8,7534.6,775,4,0
2026-06-15 14:30:00,2026-06-15 12:30:00,7534.6,7536.9,7527.3,7528.0,1062,4,0
2026-06-15 14:45:00,2026-06-15 12:45:00,7528.0,7535.1,7527.0,7531.1,1185,4,0
2026-06-15 15:00:00,2026-06-15 13:00:00,7531.0,7534.3,7530.1,7530.5,1213,4,0
2026-06-15 15:15:00,2026-06-15 13:15:00,7530.4,7531.9,7523.1,7524.4,1331,4,0
2026-06-15 15:30:00,2026-06-15 13:30:00,7524.4,7530.3,7523.9,7526.9,1173,4,0
2026-06-15 15:45:00,2026-06-15 13:45:00,7526.9,7529.6,7522.6,7529.6,1072,4,0
2026-06-15 16:00:00,2026-06-15 14:00:00,7529.6,7531.9,7527.1,7531.8,786,4,0
2026-06-15 16:15:00,2026-06-15 14:15:00,7531.8,7535.6,7530.6,7534.1,754,4,0
2026-06-15 16:30:00,2026-06-15 14:30:00,7534.1,7550.4,7533.6,7544.1,1906,4,0
2026-06-15 16:45:00,2026-06-15 14:45:00,7544.1,7556.9,7544.1,7549.1,1429,4,0
2026-06-15 17:00:00,2026-06-15 15:00:00,7549.1,7555.6,7541.4,7546.1,2028,4,0
2026-06-15 17:15:00,2026-06-15 15:15:00,7546.1,7553.1,7542.1,7552.4,1985,4,0
2026-06-15 17:30:00,2026-06-15 15:30:00,7552.6,7553.6,7545.9,7548.9,1859,4,0
2026-06-15 17:45:00,2026-06-15 15:45:00,7548.9,7560.1,7548.9,7558.4,1518,4,0
2026-06-15 18:00:00,2026-06-15 16:00:00,7558.6,7564.1,7558.4,7563.1,1298,4,0
2026-06-15 18:15:00,2026-06-15 16:15:00,7563.0,7569.0,7561.1,7568.4,771,4,0
2026-06-15 18:30:00,2026-06-15 16:30:00,7568.4,7572.1,7564.6,7571.1,1181,4,0
2026-06-15 18:45:00,2026-06-15 16:45:00,7571.1,7579.1,7571.1,7578.1,846,4,0
2026-06-15 19:00:00,2026-06-15 17:00:00,7578.0,7583.4,7576.9,7578.1,858,4,0
2026-06-15 19:15:00,2026-06-15 17:15:00,7578.1,7582.1,7575.8,7581.4,797,4,0
2026-06-15 19:30:00,2026-06-15 17:30:00,7581.4,7582.9,7574.1,7575.6,754,4,0
2026-06-15 19:45:00,2026-06-15 17:45:00,7575.6,7576.1,7571.6,7574.6,854,4,0
2026-06-15 20:00:00,2026-06-15 18:00:00,7574.6,7576.6,7567.6,7574.1,1401,4,0
2026-06-15 20:15:00,2026-06-15 18:15:00,7574.1,7579.6,7573.4,7577.4,988,4,0
2026-06-15 20:30:00,2026-06-15 18:30:00,7577.4,7579.4,7573.4,7573.9,782,4,0
2026-06-15 20:45:00,2026-06-15 18:45:00,7573.9,7574.6,7566.9,7568.1,851,4,0
2026-06-15 21:00:00,2026-06-15 19:00:00,7568.1,7569.4,7562.9,7568.4,1299,4,0
2026-06-15 21:15:00,2026-06-15 19:15:00,7568.4,7570.3,7562.9,7563.6,1044,4,0
2026-06-15 21:30:00,2026-06-15 19:30:00,7563.6,7569.9,7560.6,7569.1,1059,4,0
2026-06-15 21:45:00,2026-06-15 19:45:00,7568.9,7570.9,7565.1,7566.4,693,4,0
2026-06-15 22:00:00,2026-06-15 20:00:00,7566.4,7567.4,7563.4,7566.6,904,4,0
2026-06-15 22:15:00,2026-06-15 20:15:00,7566.6,7568.9,7559.9,7559.9,873,4,0
2026-06-15 22:30:00,2026-06-15 20:30:00,7559.9,7562.9,7557.6,7560.1,1027,4,0
2026-06-15 22:45:00,2026-06-15 20:45:00,7560.0,7565.6,7550.9,7563.4,1429,4,0
2026-06-15 23:00:00,2026-06-15 21:00:00,7565.1,7565.4,7560.4,7562.1,843,4,0
2026-06-15 23:15:00,2026-06-15 21:15:00,7562.1,7562.6,7558.6,7559.9,352,4,0
2026-06-15 23:30:00,2026-06-15 21:30:00,7559.9,7562.4,7559.9,7560.6,324,4,0
2026-06-15 23:45:00,2026-06-15 21:45:00,7560.6,7563.1,7559.1,7559.4,349,4,0
2026-06-16 01:00:00,2026-06-15 23:00:00,7562.6,7564.8,7553.6,7555.8,857,4,0
2026-06-16 01:15:00,2026-06-15 23:15:00,7555.8,7556.1,7547.6,7551.9,741,4,0
2026-06-16 01:30:00,2026-06-15 23:30:00,7551.9,7553.6,7550.4,7551.1,501,4,0
2026-06-16 01:45:00,2026-06-15 23:45:00,7551.1,7554.5,7550.3,7552.5,458,4,0
2026-06-16 02:00:00,2026-06-16 00:00:00,7552.5,7553.6,7550.1,7550.6,356,4,0
2026-06-16 02:15:00,2026-06-16 00:15:00,7550.6,7556.8,7549.6,7556.1,442,4,0
2026-06-16 02:30:00,2026-06-16 00:30:00,7556.1,7556.2,7551.6,7553.9,384,4,0
2026-06-16 02:45:00,2026-06-16 00:45:00,7553.9,7556.6,7552.9,7555.5,654,4,0
2026-06-16 03:00:00,2026-06-16 01:00:00,7555.5,7557.3,7550.6,7555.6,1294,4,0
2026-06-16 03:15:00,2026-06-16 01:15:00,7555.6,7558.3,7552.6,7556.9,1136,4,0
2026-06-16 03:30:00,2026-06-16 01:30:00,7556.9,7560.1,7552.0,7552.8,1231,4,0
2026-06-16 03:45:00,2026-06-16 01:45:00,7552.6,7554.6,7547.9,7550.4,1186,4,0
2026-06-16 04:00:00,2026-06-16 02:00:00,7550.3,7553.9,7548.4,7550.1,1588,4,0
2026-06-16 04:15:00,2026-06-16 02:15:00,7550.1,7553.6,7549.5,7551.6,1157,4,0
2026-06-16 04:30:00,2026-06-16 02:30:00,7551.6,7552.9,7549.9,7551.0,1104,4,0
2026-06-16 04:45:00,2026-06-16 02:45:00,7551.0,7553.8,7549.1,7551.1,936,4,0
2026-06-16 05:00:00,2026-06-16 03:00:00,7551.1,7553.1,7548.9,7550.1,863,4,0
2026-06-16 05:15:00,2026-06-16 03:15:00,7550.1,7553.4,7550.1,7551.6,614,4,0
2026-06-16 05:30:00,2026-06-16 03:30:00,7551.6,7555.9,7551.4,7554.4,588,4,0
2026-06-16 05:45:00,2026-06-16 03:45:00,7554.4,7555.4,7550.9,7552.6,615,4,0
2026-06-16 06:00:00,2026-06-16 04:00:00,7552.6,7555.4,7551.9,7552.6,472,4,0
2026-06-16 06:15:00,2026-06-16 04:15:00,7552.6,7558.6,7552.4,7556.7,728,4,0
2026-06-16 06:30:00,2026-06-16 04:30:00,7556.6,7562.4,7555.9,7561.6,813,4,0
2026-06-16 06:45:00,2026-06-16 04:45:00,7561.6,7561.6,7556.1,7558.0,685,4,0
2026-06-16 07:00:00,2026-06-16 05:00:00,7558.0,7558.6,7555.6,7556.8,742,4,0
2026-06-16 07:15:00,2026-06-16 05:15:00,7556.8,7557.6,7554.1,7555.4,621,4,0
2026-06-16 07:30:00,2026-06-16 05:30:00,7555.4,7556.9,7554.4,7554.6,574,4,0
2026-06-16 07:45:00,2026-06-16 05:45:00,7554.6,7554.9,7550.4,7553.3,619,4,0
2026-06-16 08:00:00,2026-06-16 06:00:00,7553.4,7559.6,7553.4,7558.1,717,4,0
2026-06-16 08:15:00,2026-06-16 06:15:00,7558.1,7560.4,7556.4,7556.6,592,4,0
2026-06-16 08:30:00,2026-06-16 06:30:00,7556.6,7557.5,7551.1,7552.9,941,4,0
2026-06-16 08:45:00,2026-06-16 06:45:00,7552.9,7555.6,7552.4,7553.1,870,4,0
2026-06-16 09:00:00,2026-06-16 07:00:00,7553.1,7559.0,7551.9,7557.9,910,4,0
2026-06-16 09:15:00,2026-06-16 07:15:00,7557.9,7558.7,7554.9,7558.2,669,4,0
2026-06-16 09:30:00,2026-06-16 07:30:00,7558.2,7559.0,7555.9,7556.2,820,4,0
2026-06-16 09:45:00,2026-06-16 07:45:00,7556.2,7557.9,7554.9,7557.4,416,4,0
2026-06-16 10:00:00,2026-06-16 08:00:00,7557.4,7561.4,7557.0,7558.8,854,4,0
2026-06-16 10:15:00,2026-06-16 08:15:00,7558.8,7562.4,7558.5,7561.4,779,4,0
2026-06-16 10:30:00,2026-06-16 08:30:00,7561.5,7562.9,7557.2,7557.2,746,4,0
2026-06-16 10:45:00,2026-06-16 08:45:00,7557.2,7560.2,7555.3,7559.4,776,4,0
2026-06-16 11:00:00,2026-06-16 09:00:00,7559.4,7565.4,7557.7,7561.7,705,4,0
2026-06-16 11:15:00,2026-06-16 09:15:00,7561.7,7563.4,7559.2,7561.3,700,4,0
2026-06-16 11:30:00,2026-06-16 09:30:00,7561.4,7562.4,7555.7,7558.3,753,4,0
2026-06-16 11:45:00,2026-06-16 09:45:00,7558.3,7563.7,7555.9,7561.5,754,4,0
2026-06-16 12:00:00,2026-06-16 10:00:00,7561.4,7563.8,7560.2,7562.2,693,4,0
2026-06-16 12:15:00,2026-06-16 10:15:00,7562.2,7562.7,7557.2,7557.7,667,4,0
2026-06-16 12:30:00,2026-06-16 10:30:00,7557.9,7560.2,7555.4,7556.4,550,4,0
2026-06-16 12:45:00,2026-06-16 10:45:00,7556.4,7557.2,7553.9,7555.4,659,4,0
2026-06-16 13:00:00,2026-06-16 11:00:00,7555.4,7560.4,7555.4,7560.4,484,4,0
2026-06-16 13:15:00,2026-06-16 11:15:00,7560.4,7562.2,7557.9,7561.2,388,4,0
2026-06-16 13:30:00,2026-06-16 11:30:00,7561.2,7563.2,7559.6,7562.4,470,4,0
2026-06-16 13:45:00,2026-06-16 11:45:00,7562.4,7565.9,7561.2,7565.7,354,4,0
2026-06-16 14:00:00,2026-06-16 12:00:00,7565.7,7567.2,7563.7,7566.2,610,4,0
2026-06-16 14:15:00,2026-06-16 12:15:00,7566.2,7569.2,7564.2,7567.0,538,4,0
2026-06-16 14:30:00,2026-06-16 12:30:00,7567.0,7568.4,7563.9,7568.2,598,4,0
2026-06-16 14:45:00,2026-06-16 12:45:00,7568.2,7569.2,7565.4,7566.4,435,4,0
2026-06-16 15:00:00,2026-06-16 13:00:00,7566.4,7569.7,7565.4,7566.4,597,4,0
2026-06-16 15:15:00,2026-06-16 13:15:00,7566.4,7566.4,7556.9,7560.4,1151,4,0
2026-06-16 15:30:00,2026-06-16 13:30:00,7560.4,7561.9,7557.7,7558.9,1169,4,0
2026-06-16 15:45:00,2026-06-16 13:45:00,7558.9,7563.7,7557.5,7560.2,752,4,0
2026-06-16 16:00:00,2026-06-16 14:00:00,7560.2,7561.9,7555.9,7559.4,653,4,0
2026-06-16 16:15:00,2026-06-16 14:15:00,7559.4,7565.7,7557.2,7562.9,597,4,0
2026-06-16 16:30:00,2026-06-16 14:30:00,7562.9,7571.4,7559.7,7565.4,1782,4,0
2026-06-16 16:45:00,2026-06-16 14:45:00,7565.4,7571.2,7556.9,7557.7,1421,4,0
2026-06-16 17:00:00,2026-06-16 15:00:00,7557.7,7569.0,7557.7,7565.4,1599,4,0
2026-06-16 17:15:00,2026-06-16 15:15:00,7565.4,7567.7,7547.4,7547.4,1859,4,0
2026-06-16 17:30:00,2026-06-16 15:30:00,7547.2,7556.4,7539.2,7549.4,1989,4,0
2026-06-16 17:45:00,2026-06-16 15:45:00,7549.4,7553.9,7541.7,7546.2,1907,4,0
2026-06-16 18:00:00,2026-06-16 16:00:00,7546.2,7554.2,7545.2,7550.9,1606,4,0
2026-06-16 18:15:00,2026-06-16 16:15:00,7550.9,7553.4,7539.7,7543.4,1474,4,0
2026-06-16 18:30:00,2026-06-16 16:30:00,7543.4,7551.2,7540.9,7542.2,1570,4,0
2026-06-16 18:45:00,2026-06-16 16:45:00,7542.2,7551.7,7534.2,7544.9,1714,4,0
2026-06-16 19:00:00,2026-06-16 17:00:00,7544.9,7557.2,7544.7,7554.4,1363,4,0
2026-06-16 19:15:00,2026-06-16 17:15:00,7554.2,7556.7,7549.4,7551.4,1198,4,0
2026-06-16 19:30:00,2026-06-16 17:30:00,7551.4,7552.0,7541.9,7548.4,1404,4,0
2026-06-16 19:45:00,2026-06-16 17:45:00,7548.4,7550.0,7541.2,7545.4,1127,4,0
2026-06-16 20:00:00,2026-06-16 18:00:00,7545.4,7546.2,7540.2,7544.4,1154,4,0
2026-06-16 20:15:00,2026-06-16 18:15:00,7544.4,7545.7,7537.4,7540.7,1031,4,0
2026-06-16 20:30:00,2026-06-16 18:30:00,7540.7,7541.7,7533.9,7538.7,1040,4,0
2026-06-16 20:45:00,2026-06-16 18:45:00,7538.7,7546.4,7536.2,7540.9,822,4,0
2026-06-16 21:00:00,2026-06-16 19:00:00,7540.7,7542.7,7538.7,7539.7,769,4,0
2026-06-16 21:15:00,2026-06-16 19:15:00,7539.7,7542.4,7536.7,7540.4,795,4,0
2026-06-16 21:30:00,2026-06-16 19:30:00,7540.4,7541.4,7536.7,7540.2,751,4,0
2026-06-16 21:45:00,2026-06-16 19:45:00,7540.2,7541.7,7535.7,7537.2,643,4,0
2026-06-16 22:00:00,2026-06-16 20:00:00,7537.2,7537.9,7527.7,7528.9,995,4,0
2026-06-16 22:15:00,2026-06-16 20:15:00,7528.9,7535.2,7519.9,7531.4,1315,4,0
2026-06-16 22:30:00,2026-06-16 20:30:00,7531.2,7532.2,7522.7,7529.4,1432,4,0
2026-06-16 22:45:00,2026-06-16 20:45:00,7529.4,7531.9,7518.2,7522.9,1480,4,0
2026-06-16 23:00:00,2026-06-16 21:00:00,7522.9,7523.4,7516.4,7517.1,752,4,0
2026-06-16 23:15:00,2026-06-16 21:15:00,7517.1,7519.6,7513.1,7517.9,418,4,0
2026-06-16 23:30:00,2026-06-16 21:30:00,7517.9,7520.6,7516.9,7519.9,239,4,0
2026-06-16 23:45:00,2026-06-16 21:45:00,7519.9,7520.6,7516.4,7517.4,203,4,0
2026-06-17 01:00:00,2026-06-16 23:00:00,7522.3,7528.7,7521.9,7527.4,439,4,0
2026-06-17 01:15:00,2026-06-16 23:15:00,7527.4,7531.1,7525.9,7529.3,366,4,0
2026-06-17 01:30:00,2026-06-16 23:30:00,7529.3,7532.3,7526.7,7529.4,341,4,0
2026-06-17 01:45:00,2026-06-16 23:45:00,7529.4,7533.3,7528.7,7532.3,269,4,0
2026-06-17 02:00:00,2026-06-17 00:00:00,7532.4,7532.6,7526.4,7529.6,422,4,0
2026-06-17 02:15:00,2026-06-17 00:15:00,7529.6,7529.9,7526.9,7527.9,295,4,0
2026-06-17 02:30:00,2026-06-17 00:30:00,7527.9,7530.3,7526.2,7527.8,491,4,0
2026-06-17 02:45:00,2026-06-17 00:45:00,7527.8,7530.1,7524.9,7527.6,869,4,0
2026-06-17 03:00:00,2026-06-17 01:00:00,7527.7,7534.6,7527.7,7530.6,1559,4,0
2026-06-17 03:15:00,2026-06-17 01:15:00,7530.7,7534.9,7529.9,7533.2,1192,4,0
2026-06-17 03:30:00,2026-06-17 01:30:00,7533.1,7536.1,7532.1,7533.9,902,4,0
2026-06-17 03:45:00,2026-06-17 01:45:00,7533.9,7534.4,7531.2,7532.8,820,4,0
2026-06-17 04:00:00,2026-06-17 02:00:00,7532.8,7538.4,7531.2,7536.9,827,4,0
2026-06-17 04:15:00,2026-06-17 02:15:00,7536.9,7539.9,7535.7,7538.9,521,4,0
2026-06-17 04:30:00,2026-06-17 02:30:00,7538.9,7540.7,7537.9,7538.4,481,4,0
2026-06-17 04:45:00,2026-06-17 02:45:00,7538.4,7541.3,7538.4,7541.2,444,4,0
2026-06-17 05:00:00,2026-06-17 03:00:00,7541.1,7541.3,7538.9,7540.9,373,4,0
2026-06-17 05:15:00,2026-06-17 03:15:00,7540.9,7541.4,7539.4,7539.7,330,4,0
2026-06-17 05:30:00,2026-06-17 03:30:00,7539.7,7539.9,7537.4,7538.9,337,4,0
2026-06-17 05:45:00,2026-06-17 03:45:00,7539.2,7539.2,7537.0,7538.4,321,4,0
2026-06-17 06:00:00,2026-06-17 04:00:00,7538.4,7540.4,7536.9,7537.2,400,4,0
2026-06-17 06:15:00,2026-06-17 04:15:00,7537.2,7537.4,7534.7,7536.7,567,4,0
2026-06-17 06:30:00,2026-06-17 04:30:00,7536.7,7541.2,7535.9,7540.3,691,4,0
2026-06-17 06:45:00,2026-06-17 04:45:00,7540.2,7541.9,7539.9,7541.7,391,4,0
2026-06-17 07:00:00,2026-06-17 05:00:00,7541.6,7542.3,7540.3,7540.7,350,4,0
2026-06-17 07:15:00,2026-06-17 05:15:00,7540.7,7542.2,7540.4,7541.2,398,4,0
2026-06-17 07:30:00,2026-06-17 05:30:00,7541.2,7541.9,7536.9,7537.4,527,4,0
2026-06-17 07:45:00,2026-06-17 05:45:00,7537.4,7541.9,7537.2,7541.9,441,4,0
2026-06-17 08:00:00,2026-06-17 06:00:00,7541.9,7543.2,7540.9,7541.4,317,4,0
2026-06-17 08:15:00,2026-06-17 06:15:00,7541.4,7542.7,7539.9,7540.2,287,4,0
2026-06-17 08:30:00,2026-06-17 06:30:00,7540.2,7543.7,7539.7,7541.4,344,4,0
2026-06-17 08:45:00,2026-06-17 06:45:00,7541.4,7543.3,7538.9,7539.8,411,4,0
2026-06-17 09:00:00,2026-06-17 07:00:00,7539.8,7543.2,7538.8,7541.5,647,4,0
2026-06-17 09:15:00,2026-06-17 07:15:00,7541.5,7542.0,7538.0,7538.6,388,4,0
2026-06-17 09:30:00,2026-06-17 07:30:00,7538.7,7544.0,7537.2,7543.7,599,4,0
2026-06-17 09:45:00,2026-06-17 07:45:00,7543.7,7545.0,7542.7,7544.7,238,4,0
2026-06-17 10:00:00,2026-06-17 08:00:00,7544.7,7548.0,7544.2,7547.5,483,4,0
2026-06-17 10:15:00,2026-06-17 08:15:00,7547.5,7548.3,7539.2,7540.7,561,4,0
2026-06-17 10:30:00,2026-06-17 08:30:00,7540.7,7544.1,7539.0,7542.0,625,4,0
2026-06-17 10:45:00,2026-06-17 08:45:00,7542.0,7543.0,7540.1,7541.6,556,4,0
2026-06-17 11:00:00,2026-06-17 09:00:00,7541.6,7544.0,7533.7,7534.5,821,4,0
2026-06-17 11:15:00,2026-06-17 09:15:00,7534.5,7538.0,7533.7,7535.5,971,4,0
2026-06-17 11:30:00,2026-06-17 09:30:00,7535.5,7536.2,7529.2,7529.7,996,4,0
2026-06-17 11:45:00,2026-06-17 09:45:00,7529.7,7535.7,7527.5,7535.7,608,4,0
2026-06-17 12:00:00,2026-06-17 10:00:00,7535.7,7537.0,7532.2,7534.0,599,4,0
2026-06-17 12:15:00,2026-06-17 10:15:00,7534.0,7537.5,7533.1,7537.0,721,4,0
2026-06-17 12:30:00,2026-06-17 10:30:00,7537.0,7538.5,7532.0,7533.2,654,4,0
2026-06-17 12:45:00,2026-06-17 10:45:00,7533.2,7534.0,7526.2,7528.0,891,4,0
2026-06-17 13:00:00,2026-06-17 11:00:00,7528.0,7528.5,7521.5,7525.0,849,4,0
2026-06-17 13:15:00,2026-06-17 11:15:00,7525.0,7530.0,7522.5,7527.5,612,4,0
2026-06-17 13:30:00,2026-06-17 11:30:00,7527.5,7531.7,7526.5,7531.7,589,4,0
2026-06-17 13:45:00,2026-06-17 11:45:00,7531.7,7534.2,7526.2,7527.0,658,4,0
2026-06-17 14:00:00,2026-06-17 12:00:00,7527.0,7532.1,7525.5,7531.5,719,4,0
2026-06-17 14:15:00,2026-06-17 12:15:00,7531.5,7533.5,7529.3,7530.2,477,4,0
2026-06-17 14:30:00,2026-06-17 12:30:00,7530.2,7530.5,7524.7,7525.2,714,4,0
2026-06-17 14:45:00,2026-06-17 12:45:00,7525.2,7526.7,7518.7,7522.5,861,4,0
2026-06-17 15:00:00,2026-06-17 13:00:00,7522.5,7529.3,7522.2,7528.7,711,4,0
2026-06-17 15:15:00,2026-06-17 13:15:00,7528.6,7529.2,7525.4,7526.2,596,4,0
2026-06-17 15:30:00,2026-06-17 13:30:00,7526.0,7532.2,7526.0,7530.5,790,4,0
2026-06-17 15:45:00,2026-06-17 13:45:00,7530.5,7532.0,7529.2,7531.2,662,4,0
2026-06-17 16:00:00,2026-06-17 14:00:00,7531.2,7531.7,7527.0,7530.0,673,4,0
2026-06-17 16:15:00,2026-06-17 14:15:00,7530.0,7534.7,7527.7,7531.7,565,4,0
2026-06-17 16:30:00,2026-06-17 14:30:00,7531.7,7533.7,7520.2,7533.7,2022,4,0
2026-06-17 16:45:00,2026-06-17 14:45:00,7533.7,7536.0,7517.0,7517.2,1919,4,0
2026-06-17 17:00:00,2026-06-17 15:00:00,7517.0,7530.7,7514.5,7530.5,2027,4,0
2026-06-17 17:15:00,2026-06-17 15:15:00,7530.5,7540.0,7529.2,7535.2,1640,4,0
2026-06-17 17:30:00,2026-06-17 15:30:00,7535.2,7535.7,7510.0,7520.0,1977,4,0
2026-06-17 17:45:00,2026-06-17 15:45:00,7520.0,7524.5,7497.0,7508.4,2450,4,0
2026-06-17 18:00:00,2026-06-17 16:00:00,7508.2,7515.5,7504.0,7514.2,1873,4,0
2026-06-17 18:15:00,2026-06-17 16:15:00,7514.2,7520.5,7511.5,7518.2,1686,4,0
2026-06-17 18:30:00,2026-06-17 16:30:00,7518.2,7526.2,7516.0,7522.0,1204,4,0
2026-06-17 18:45:00,2026-06-17 16:45:00,7522.0,7527.0,7521.4,7524.7,954,4,0
2026-06-17 19:00:00,2026-06-17 17:00:00,7524.7,7527.7,7521.5,7524.5,854,4,0
2026-06-17 19:15:00,2026-06-17 17:15:00,7524.5,7529.0,7523.0,7526.0,761,4,0
2026-06-17 19:30:00,2026-06-17 17:30:00,7526.0,7527.0,7518.2,7520.7,747,4,0
2026-06-17 19:45:00,2026-06-17 17:45:00,7520.7,7521.2,7517.6,7518.5,787,4,0
2026-06-17 20:00:00,2026-06-17 18:00:00,7518.5,7518.5,7504.7,7511.0,1070,4,0
2026-06-17 20:15:00,2026-06-17 18:15:00,7511.0,7515.5,7508.0,7514.0,814,4,0
2026-06-17 20:30:00,2026-06-17 18:30:00,7514.0,7514.7,7508.5,7510.2,720,4,0
2026-06-17 20:45:00,2026-06-17 18:45:00,7510.2,7524.1,7509.0,7524.1,923,4,0
2026-06-17 21:00:00,2026-06-17 19:00:00,7524.1,7524.5,7450.7,7482.0,3390,4,0
2026-06-17 21:15:00,2026-06-17 19:15:00,7482.0,7496.2,7469.7,7478.7,2751,4,0
2026-06-17 21:30:00,2026-06-17 19:30:00,7478.5,7519.5,7471.7,7516.0,3602,4,0
2026-06-17 21:45:00,2026-06-17 19:45:00,7516.0,7516.0,7467.5,7476.5,3149,4,0
2026-06-17 22:00:00,2026-06-17 20:00:00,7476.5,7487.7,7460.5,7482.9,3476,4,0
2026-06-17 22:15:00,2026-06-17 20:15:00,7483.0,7484.2,7433.5,7437.0,3270,4,0
2026-06-17 22:30:00,2026-06-17 20:30:00,7436.5,7439.2,7408.5,7415.4,3378,4,0
2026-06-17 22:45:00,2026-06-17 20:45:00,7415.7,7434.2,7412.0,7427.5,3004,4,0
2026-06-17 23:00:00,2026-06-17 21:00:00,7427.7,7440.2,7426.2,7428.4,1502,4,0
2026-06-17 23:15:00,2026-06-17 21:15:00,7428.2,7445.4,7426.2,7443.9,1329,4,0
2026-06-17 23:30:00,2026-06-17 21:30:00,7443.9,7450.4,7441.7,7447.2,856,4,0
2026-06-17 23:45:00,2026-06-17 21:45:00,7447.3,7447.6,7443.2,7446.2,688,4,0
2026-06-18 01:00:00,2026-06-17 23:00:00,7451.4,7458.3,7441.1,7456.5,1250,4,0
2026-06-18 01:15:00,2026-06-17 23:15:00,7456.5,7463.5,7455.0,7460.0,843,4,0
2026-06-18 01:30:00,2026-06-17 23:30:00,7460.0,7463.6,7459.0,7460.8,482,4,0
2026-06-18 01:45:00,2026-06-17 23:45:00,7460.8,7464.4,7460.8,7462.3,430,4,0
2026-06-18 02:00:00,2026-06-18 00:00:00,7462.3,7468.3,7461.1,7468.3,436,4,0
2026-06-18 02:15:00,2026-06-18 00:15:00,7468.3,7475.5,7467.8,7474.5,328,4,0
2026-06-18 02:30:00,2026-06-18 00:30:00,7474.5,7476.0,7470.8,7472.0,518,4,0
2026-06-18 02:45:00,2026-06-18 00:45:00,7472.0,7477.5,7471.0,7477.5,720,4,0
2026-06-18 03:00:00,2026-06-18 01:00:00,7478.0,7495.9,7476.5,7495.4,1788,4,0
2026-06-18 03:15:00,2026-06-18 01:15:00,7495.4,7496.9,7485.5,7489.5,1421,4,0
2026-06-18 03:30:00,2026-06-18 01:30:00,7489.5,7494.9,7489.3,7492.8,1262,4,0
2026-06-18 03:45:00,2026-06-18 01:45:00,7492.8,7493.5,7484.8,7487.3,1493,4,0
2026-06-18 04:00:00,2026-06-18 02:00:00,7487.3,7497.3,7486.6,7496.0,1559,4,0
2026-06-18 04:15:00,2026-06-18 02:15:00,7496.0,7498.0,7491.5,7493.6,1140,4,0
2026-06-18 04:30:00,2026-06-18 02:30:00,7493.6,7495.8,7490.5,7491.3,951,4,0
2026-06-18 04:45:00,2026-06-18 02:45:00,7491.3,7493.0,7487.0,7489.5,1098,4,0
2026-06-18 05:00:00,2026-06-18 03:00:00,7489.5,7496.1,7488.8,7494.3,919,4,0
2026-06-18 05:15:00,2026-06-18 03:15:00,7494.1,7494.8,7491.0,7492.1,826,4,0
2026-06-18 05:30:00,2026-06-18 03:30:00,7492.1,7494.0,7490.0,7493.5,763,4,0
2026-06-18 05:45:00,2026-06-18 03:45:00,7493.5,7495.3,7491.8,7493.4,582,4,0
2026-06-18 06:00:00,2026-06-18 04:00:00,7493.3,7494.8,7489.3,7489.6,573,4,0
2026-06-18 06:15:00,2026-06-18 04:15:00,7489.6,7494.1,7488.8,7493.3,615,4,0
2026-06-18 06:30:00,2026-06-18 04:30:00,7493.3,7495.3,7487.1,7488.0,974,4,0
2026-06-18 06:45:00,2026-06-18 04:45:00,7488.0,7493.0,7487.9,7492.3,627,4,0
2026-06-18 07:00:00,2026-06-18 05:00:00,7492.3,7493.3,7485.9,7486.0,781,4,0
2026-06-18 07:15:00,2026-06-18 05:15:00,7486.2,7488.0,7481.5,7483.3,1013,4,0
2026-06-18 07:30:00,2026-06-18 05:30:00,7483.4,7483.4,7477.1,7477.5,997,4,0
2026-06-18 07:45:00,2026-06-18 05:45:00,7477.5,7482.8,7476.0,7481.8,987,4,0
2026-06-18 08:00:00,2026-06-18 06:00:00,7481.6,7484.5,7479.5,7481.3,938,4,0
2026-06-18 08:15:00,2026-06-18 06:15:00,7481.3,7486.0,7480.8,7485.0,842,4,0
2026-06-18 08:30:00,2026-06-18 06:30:00,7484.9,7487.3,7483.0,7484.3,939,4,0
2026-06-18 08:45:00,2026-06-18 06:45:00,7484.4,7484.6,7480.8,7483.0,887,4,0
2026-06-18 09:00:00,2026-06-18 07:00:00,7483.0,7485.3,7477.8,7481.2,1371,4,0
2026-06-18 09:15:00,2026-06-18 07:15:00,7481.1,7487.3,7477.7,7487.1,1173,4,0
2026-06-18 09:30:00,2026-06-18 07:30:00,7487.1,7487.1,7480.6,7483.3,931,4,0
2026-06-18 09:45:00,2026-06-18 07:45:00,7483.3,7493.8,7483.1,7493.3,715,4,0
2026-06-18 10:00:00,2026-06-18 08:00:00,7493.3,7495.3,7487.1,7488.1,1036,4,0
2026-06-18 10:15:00,2026-06-18 08:15:00,7488.1,7495.8,7487.3,7495.3,830,4,0
2026-06-18 10:30:00,2026-06-18 08:30:00,7495.3,7495.3,7490.1,7493.6,963,4,0
2026-06-18 10:45:00,2026-06-18 08:45:00,7493.6,7496.1,7490.8,7496.1,745,4,0
2026-06-18 11:00:00,2026-06-18 09:00:00,7496.1,7504.7,7496.1,7501.8,1117,4,0
2026-06-18 11:15:00,2026-06-18 09:15:00,7501.8,7502.8,7492.3,7493.1,891,4,0
2026-06-18 11:30:00,2026-06-18 09:30:00,7493.3,7496.8,7491.6,7494.1,966,4,0
2026-06-18 11:45:00,2026-06-18 09:45:00,7494.1,7495.1,7483.8,7484.6,935,4,0
2026-06-18 12:00:00,2026-06-18 10:00:00,7484.6,7490.3,7482.7,7489.8,1034,4,0
2026-06-18 12:15:00,2026-06-18 10:15:00,7489.8,7493.1,7488.6,7490.8,824,4,0
2026-06-18 12:30:00,2026-06-18 10:30:00,7490.8,7496.6,7489.3,7495.8,692,4,0
2026-06-18 12:45:00,2026-06-18 10:45:00,7495.8,7500.6,7495.8,7500.1,582,4,0
2026-06-18 13:00:00,2026-06-18 11:00:00,7499.8,7500.2,7495.6,7499.8,639,4,0
2026-06-18 13:15:00,2026-06-18 11:15:00,7499.9,7501.1,7496.6,7497.3,631,4,0
2026-06-18 13:30:00,2026-06-18 11:30:00,7497.4,7499.6,7488.8,7488.9,850,4,0
2026-06-18 13:45:00,2026-06-18 11:45:00,7488.8,7491.8,7488.3,7490.1,630,4,0
2026-06-18 14:00:00,2026-06-18 12:00:00,7490.1,7491.3,7477.0,7481.1,1328,4,0
2026-06-18 14:15:00,2026-06-18 12:15:00,7481.1,7481.6,7472.3,7478.1,1361,4,0
2026-06-18 14:30:00,2026-06-18 12:30:00,7478.1,7480.3,7468.1,7474.6,1258,4,0
2026-06-18 14:45:00,2026-06-18 12:45:00,7474.6,7480.3,7474.1,7479.7,943,4,0
2026-06-18 15:00:00,2026-06-18 13:00:00,7479.8,7484.6,7477.3,7483.3,1172,4,0
2026-06-18 15:15:00,2026-06-18 13:15:00,7483.3,7492.1,7480.8,7491.4,1031,4,0
2026-06-18 15:30:00,2026-06-18 13:30:00,7491.4,7496.1,7490.1,7492.1,1197,4,0
2026-06-18 15:45:00,2026-06-18 13:45:00,7492.1,7501.6,7491.6,7497.3,1003,4,0
2026-06-18 16:00:00,2026-06-18 14:00:00,7497.1,7499.3,7487.3,7498.4,970,4,0
2026-06-18 16:15:00,2026-06-18 14:15:00,7498.3,7516.3,7497.6,7514.6,1177,4,0
2026-06-18 16:30:00,2026-06-18 14:30:00,7514.1,7518.3,7474.1,7475.1,2639,4,0
2026-06-18 16:45:00,2026-06-18 14:45:00,7475.3,7491.3,7472.6,7480.8,2559,4,0
2026-06-18 17:00:00,2026-06-18 15:00:00,7480.8,7494.8,7477.6,7482.1,2518,4,0
2026-06-18 17:15:00,2026-06-18 15:15:00,7482.1,7502.7,7475.8,7487.3,2251,4,0
2026-06-18 17:30:00,2026-06-18 15:30:00,7487.3,7501.1,7478.1,7495.3,2321,4,0
2026-06-18 17:45:00,2026-06-18 15:45:00,7495.3,7507.3,7495.1,7503.1,1750,4,0
2026-06-18 18:00:00,2026-06-18 16:00:00,7503.1,7505.3,7494.1,7495.6,2007,4,0
2026-06-18 18:15:00,2026-06-18 16:15:00,7495.8,7498.1,7486.2,7488.6,1979,4,0
2026-06-18 18:30:00,2026-06-18 16:30:00,7488.3,7492.8,7477.8,7482.4,2098,4,0
2026-06-18 18:45:00,2026-06-18 16:45:00,7482.4,7499.8,7478.0,7497.3,1687,4,0
2026-06-18 19:00:00,2026-06-18 17:00:00,7497.1,7500.3,7492.6,7496.3,1500,4,0
2026-06-18 19:15:00,2026-06-18 17:15:00,7496.6,7503.3,7493.8,7500.8,1194,4,0
2026-06-18 19:30:00,2026-06-18 17:30:00,7500.8,7507.1,7497.3,7504.3,1073,4,0
2026-06-18 19:45:00,2026-06-18 17:45:00,7504.4,7505.1,7496.3,7500.6,1039,4,0
2026-06-18 20:00:00,2026-06-18 18:00:00,7500.8,7511.8,7498.3,7510.1,978,4,0
2026-06-18 20:15:00,2026-06-18 18:15:00,7510.1,7515.3,7507.8,7509.6,829,4,0
2026-06-18 20:30:00,2026-06-18 18:30:00,7509.6,7513.6,7506.3,7507.3,783,4,0
2026-06-18 20:45:00,2026-06-18 18:45:00,7507.3,7509.1,7503.6,7503.8,669,4,0
2026-06-18 21:00:00,2026-06-18 19:00:00,7503.8,7504.6,7498.8,7500.3,854,4,0
2026-06-18 21:15:00,2026-06-18 19:15:00,7500.3,7503.1,7497.6,7499.3,821,4,0
2026-06-18 21:30:00,2026-06-18 19:30:00,7499.3,7500.1,7496.1,7499.3,784,4,0
2026-06-18 21:45:00,2026-06-18 19:45:00,7499.3,7503.8,7497.2,7498.1,752,4,0
2026-06-18 22:00:00,2026-06-18 20:00:00,7498.1,7498.8,7485.8,7488.8,1082,4,0
2026-06-18 22:15:00,2026-06-18 20:15:00,7488.8,7496.6,7486.6,7494.6,929,4,0
2026-06-18 22:30:00,2026-06-18 20:30:00,7494.6,7508.3,7490.3,7507.8,1025,4,0
2026-06-18 22:45:00,2026-06-18 20:45:00,7507.8,7517.3,7502.3,7502.3,1600,4,0
2026-06-18 23:00:00,2026-06-18 21:00:00,7501.3,7514.0,7499.0,7513.3,874,4,0
2026-06-18 23:15:00,2026-06-18 21:15:00,7513.3,7519.5,7511.8,7514.3,310,4,0
2026-06-18 23:30:00,2026-06-18 21:30:00,7514.3,7516.0,7509.0,7509.8,204,4,0
2026-06-18 23:45:00,2026-06-18 21:45:00,7509.8,7510.5,7507.3,7510.5,206,4,0
2026-06-19 01:00:00,2026-06-18 23:00:00,7513.8,7517.6,7509.7,7510.8,692,4,0
2026-06-19 01:15:00,2026-06-18 23:15:00,7510.8,7510.8,7502.6,7503.8,633,4,0
2026-06-19 01:30:00,2026-06-18 23:30:00,7503.8,7504.0,7497.9,7499.2,481,4,0
2026-06-19 01:45:00,2026-06-18 23:45:00,7499.2,7501.3,7497.2,7498.7,434,4,0
2026-06-19 02:00:00,2026-06-19 00:00:00,7498.7,7501.7,7497.9,7499.1,479,4,0
2026-06-19 02:15:00,2026-06-19 00:15:00,7499.1,7503.4,7498.9,7501.9,485,4,0
2026-06-19 02:30:00,2026-06-19 00:30:00,7501.9,7504.5,7500.4,7503.2,443,4,0
2026-06-19 02:45:00,2026-06-19 00:45:00,7503.2,7505.7,7502.2,7503.2,756,4,0
2026-06-19 03:00:00,2026-06-19 01:00:00,7503.2,7503.4,7493.8,7494.9,1703,4,0
2026-06-19 03:15:00,2026-06-19 01:15:00,7494.9,7499.4,7494.3,7497.2,1284,4,0
2026-06-19 03:30:00,2026-06-19 01:30:00,7497.2,7498.9,7494.4,7496.7,1052,4,0
2026-06-19 03:45:00,2026-06-19 01:45:00,7496.7,7497.9,7494.7,7495.7,720,4,0
2026-06-19 04:00:00,2026-06-19 02:00:00,7495.7,7498.2,7488.7,7489.9,869,4,0
2026-06-19 04:15:00,2026-06-19 02:15:00,7489.9,7493.4,7489.9,7492.4,695,4,0
2026-06-19 04:30:00,2026-06-19 02:30:00,7492.4,7492.4,7487.7,7488.9,841,4,0
2026-06-19 04:45:00,2026-06-19 02:45:00,7488.9,7490.2,7484.9,7485.2,607,4,0
2026-06-19 05:00:00,2026-06-19 03:00:00,7485.2,7485.9,7481.4,7482.2,595,4,0
2026-06-19 05:15:00,2026-06-19 03:15:00,7482.2,7484.2,7479.4,7483.4,669,4,0
2026-06-19 05:30:00,2026-06-19 03:30:00,7483.4,7486.7,7483.2,7486.2,526,4,0
2026-06-19 05:45:00,2026-06-19 03:45:00,7486.2,7486.2,7481.9,7483.8,482,4,0
2026-06-19 06:00:00,2026-06-19 04:00:00,7483.9,7485.9,7481.7,7481.8,495,4,0
2026-06-19 06:15:00,2026-06-19 04:15:00,7481.8,7482.2,7475.4,7476.2,888,4,0
2026-06-19 06:30:00,2026-06-19 04:30:00,7476.2,7478.7,7473.7,7476.4,1309,4,0
2026-06-19 06:45:00,2026-06-19 04:45:00,7476.4,7477.3,7473.9,7476.2,977,4,0
2026-06-19 07:00:00,2026-06-19 05:00:00,7476.2,7477.2,7469.7,7475.9,1344,4,0
2026-06-19 07:15:00,2026-06-19 05:15:00,7475.9,7475.9,7471.7,7473.6,1103,4,0
2026-06-19 07:30:00,2026-06-19 05:30:00,7473.6,7473.9,7466.9,7468.7,1076,4,0
2026-06-19 07:45:00,2026-06-19 05:45:00,7468.7,7468.9,7459.1,7462.9,1237,4,0
2026-06-19 08:00:00,2026-06-19 06:00:00,7462.9,7464.4,7459.7,7463.8,1153,4,0
2026-06-19 08:15:00,2026-06-19 06:15:00,7463.9,7465.2,7458.3,7462.8,1020,4,0
2026-06-19 08:30:00,2026-06-19 06:30:00,7462.8,7465.9,7458.4,7459.9,1044,4,0
2026-06-19 08:45:00,2026-06-19 06:45:00,7459.9,7469.2,7459.9,7469.2,949,4,0
2026-06-19 09:00:00,2026-06-19 07:00:00,7468.9,7473.0,7468.4,7470.5,914,4,0
2026-06-19 09:15:00,2026-06-19 07:15:00,7470.5,7475.3,7467.7,7474.0,865,4,0
2026-06-19 09:30:00,2026-06-19 07:30:00,7474.0,7475.5,7471.5,7473.7,724,4,0
2026-06-19 09:45:00,2026-06-19 07:45:00,7473.7,7480.3,7472.0,7479.0,510,4,0
2026-06-19 10:00:00,2026-06-19 08:00:00,7479.0,7484.2,7478.7,7484.2,609,4,0
2026-06-19 10:15:00,2026-06-19 08:15:00,7484.2,7487.1,7482.7,7487.0,567,4,0
2026-06-19 10:30:00,2026-06-19 08:30:00,7487.1,7492.6,7486.1,7488.2,778,4,0
2026-06-19 10:45:00,2026-06-19 08:45:00,7488.3,7491.7,7486.2,7491.7,652,4,0
2026-06-19 11:00:00,2026-06-19 09:00:00,7491.7,7494.0,7488.2,7492.4,786,4,0
2026-06-19 11:15:00,2026-06-19 09:15:00,7492.2,7495.8,7491.8,7494.2,670,4,0
2026-06-19 11:30:00,2026-06-19 09:30:00,7494.6,7496.2,7490.7,7495.0,661,4,0
2026-06-19 11:45:00,2026-06-19 09:45:00,7495.0,7498.2,7493.3,7496.5,515,4,0
2026-06-19 12:00:00,2026-06-19 10:00:00,7496.5,7499.6,7492.5,7494.1,850,4,0
2026-06-19 12:15:00,2026-06-19 10:15:00,7494.0,7495.6,7491.2,7491.7,707,4,0
2026-06-19 12:30:00,2026-06-19 10:30:00,7491.7,7498.0,7491.7,7495.5,619,4,0
2026-06-19 12:45:00,2026-06-19 10:45:00,7495.5,7497.3,7492.2,7493.0,866,4,0
2026-06-19 13:00:00,2026-06-19 11:00:00,7492.8,7493.3,7489.2,7490.0,665,4,0
2026-06-19 13:15:00,2026-06-19 11:15:00,7489.8,7491.0,7482.5,7482.8,627,4,0
2026-06-19 13:30:00,2026-06-19 11:30:00,7482.8,7483.2,7475.5,7480.0,1051,4,0
2026-06-19 13:45:00,2026-06-19 11:45:00,7480.2,7484.7,7477.7,7481.3,886,4,0
2026-06-19 14:00:00,2026-06-19 12:00:00,7481.3,7481.3,7475.3,7478.5,1019,4,0
2026-06-19 14:15:00,2026-06-19 12:15:00,7478.5,7481.0,7474.7,7476.2,641,4,0
2026-06-19 14:30:00,2026-06-19 12:30:00,7476.2,7483.7,7476.0,7482.0,625,4,0
2026-06-19 14:45:00,2026-06-19 12:45:00,7482.0,7483.5,7477.8,7481.7,590,4,0
2026-06-19 15:00:00,2026-06-19 13:00:00,7481.7,7482.2,7479.1,7479.8,576,4,0
2026-06-19 15:15:00,2026-06-19 13:15:00,7479.8,7481.0,7477.7,7478.0,600,4,0
2026-06-19 15:30:00,2026-06-19 13:30:00,7478.1,7478.7,7472.4,7478.1,847,4,0
2026-06-19 15:45:00,2026-06-19 13:45:00,7478.1,7499.6,7476.0,7496.3,1754,4,0
2026-06-19 16:00:00,2026-06-19 14:00:00,7496.2,7499.6,7492.2,7496.0,1061,4,0
2026-06-19 16:15:00,2026-06-19 14:15:00,7496.0,7498.2,7493.0,7496.5,685,4,0
2026-06-19 16:30:00,2026-06-19 14:30:00,7496.5,7500.7,7493.7,7495.5,780,4,0
2026-06-19 16:45:00,2026-06-19 14:45:00,7495.2,7500.2,7494.7,7497.2,679,4,0
2026-06-19 17:00:00,2026-06-19 15:00:00,7497.0,7497.5,7491.6,7496.7,614,4,0
2026-06-19 17:15:00,2026-06-19 15:15:00,7496.7,7498.7,7493.7,7497.5,358,4,0
2026-06-19 17:30:00,2026-06-19 15:30:00,7497.5,7501.2,7495.0,7501.0,317,4,0
2026-06-19 17:45:00,2026-06-19 15:45:00,7501.0,7503.7,7500.5,7502.7,231,4,0
2026-06-19 18:00:00,2026-06-19 16:00:00,7502.7,7506.0,7502.0,7503.0,292,4,0
2026-06-19 18:15:00,2026-06-19 16:15:00,7503.0,7503.5,7501.0,7503.5,241,4,0
2026-06-19 18:30:00,2026-06-19 16:30:00,7503.5,7504.2,7496.0,7496.2,424,4,0
2026-06-19 18:45:00,2026-06-19 16:45:00,7496.2,7503.2,7496.2,7501.5,185,4,0
2026-06-19 19:00:00,2026-06-19 17:00:00,7501.5,7501.5,7497.2,7497.7,185,4,0
2026-06-19 19:15:00,2026-06-19 17:15:00,7497.7,7502.5,7497.7,7502.5,250,4,0
2026-06-19 19:30:00,2026-06-19 17:30:00,7502.5,7504.6,7501.5,7502.7,235,4,0
2026-06-19 19:45:00,2026-06-19 17:45:00,7502.7,7503.5,7492.4,7494.4,453,4,0
2026-06-19 20:00:00,2026-06-19 18:00:00,7494.4,7494.4,7494.2,7494.2,2,4,0
2026-06-22 01:00:00,2026-06-21 23:00:00,7480.6,7489.2,7468.2,7472.2,1495,4,0
2026-06-22 01:15:00,2026-06-21 23:15:00,7472.2,7483.3,7466.0,7481.0,1037,4,0
2026-06-22 01:30:00,2026-06-21 23:30:00,7481.0,7482.0,7476.3,7481.4,930,4,0
2026-06-22 01:45:00,2026-06-21 23:45:00,7481.4,7483.5,7476.8,7477.7,746,4,0
2026-06-22 02:00:00,2026-06-22 00:00:00,7477.8,7478.2,7465.0,7466.4,1441,4,0
2026-06-22 02:15:00,2026-06-22 00:15:00,7466.5,7468.9,7463.5,7466.0,1121,4,0
2026-06-22 02:30:00,2026-06-22 00:30:00,7466.0,7467.0,7455.5,7459.5,1313,4,0
2026-06-22 02:45:00,2026-06-22 00:45:00,7459.5,7461.0,7453.0,7455.7,1455,4,0
2026-06-22 03:00:00,2026-06-22 01:00:00,7455.8,7477.0,7454.4,7472.9,2369,4,0
2026-06-22 03:15:00,2026-06-22 01:15:00,7472.9,7483.8,7471.3,7483.5,1783,4,0
2026-06-22 03:30:00,2026-06-22 01:30:00,7483.5,7485.0,7480.3,7482.8,1211,4,0
2026-06-22 03:45:00,2026-06-22 01:45:00,7482.8,7489.8,7482.8,7488.8,1007,4,0
2026-06-22 04:00:00,2026-06-22 02:00:00,7488.8,7497.0,7488.8,7493.4,1270,4,0
2026-06-22 04:15:00,2026-06-22 02:15:00,7493.5,7495.8,7491.0,7494.5,989,4,0
2026-06-22 04:30:00,2026-06-22 02:30:00,7494.5,7495.5,7491.9,7494.0,903,4,0
2026-06-22 04:45:00,2026-06-22 02:45:00,7494.0,7494.8,7488.8,7489.5,1003,4,0
2026-06-22 05:00:00,2026-06-22 03:00:00,7489.5,7490.5,7484.0,7484.2,834,4,0
2026-06-22 05:15:00,2026-06-22 03:15:00,7484.3,7486.8,7482.3,7482.3,645,4,0
2026-06-22 05:30:00,2026-06-22 03:30:00,7482.3,7483.0,7478.5,7480.0,586,4,0
2026-06-22 05:45:00,2026-06-22 03:45:00,7480.0,7480.0,7477.3,7478.5,561,4,0
2026-06-22 06:00:00,2026-06-22 04:00:00,7478.5,7478.8,7474.5,7476.0,693,4,0
2026-06-22 06:15:00,2026-06-22 04:15:00,7476.0,7480.8,7475.8,7480.0,525,4,0
2026-06-22 06:30:00,2026-06-22 04:30:00,7480.0,7482.3,7479.0,7480.0,515,4,0
2026-06-22 06:45:00,2026-06-22 04:45:00,7480.0,7481.5,7473.5,7474.5,685,4,0
2026-06-22 07:00:00,2026-06-22 05:00:00,7474.5,7476.5,7472.8,7473.0,675,4,0
2026-06-22 07:15:00,2026-06-22 05:15:00,7473.0,7474.0,7470.0,7470.8,783,4,0
2026-06-22 07:30:00,2026-06-22 05:30:00,7470.8,7472.5,7468.3,7469.5,894,4,0
2026-06-22 07:45:00,2026-06-22 05:45:00,7469.5,7475.3,7469.2,7474.7,842,4,0
2026-06-22 08:00:00,2026-06-22 06:00:00,7474.7,7486.3,7474.0,7485.0,785,4,0
2026-06-22 08:15:00,2026-06-22 06:15:00,7485.0,7486.5,7482.5,7485.3,769,4,0
2026-06-22 08:30:00,2026-06-22 06:30:00,7485.3,7486.5,7481.3,7484.8,1026,4,0
2026-06-22 08:45:00,2026-06-22 06:45:00,7484.8,7487.5,7483.4,7486.3,630,4,0
2026-06-22 09:00:00,2026-06-22 07:00:00,7486.5,7493.3,7485.9,7492.8,602,4,0
2026-06-22 09:15:00,2026-06-22 07:15:00,7492.8,7500.1,7491.8,7498.7,563,4,0
2026-06-22 09:30:00,2026-06-22 07:30:00,7498.6,7501.7,7494.6,7500.8,632,4,0
2026-06-22 09:45:00,2026-06-22 07:45:00,7500.6,7502.6,7499.4,7501.8,537,4,0
2026-06-22 10:00:00,2026-06-22 08:00:00,7501.8,7506.1,7501.2,7504.1,922,4,0
2026-06-22 10:15:00,2026-06-22 08:15:00,7504.1,7507.3,7504.1,7506.6,637,4,0
2026-06-22 10:30:00,2026-06-22 08:30:00,7506.5,7507.3,7501.8,7502.3,596,4,0
2026-06-22 10:45:00,2026-06-22 08:45:00,7502.3,7504.8,7500.6,7502.6,531,4,0
2026-06-22 11:00:00,2026-06-22 09:00:00,7502.6,7503.6,7492.6,7496.3,1145,4,0
2026-06-22 11:15:00,2026-06-22 09:15:00,7496.3,7497.6,7492.6,7494.8,1141,4,0
2026-06-22 11:30:00,2026-06-22 09:30:00,7494.8,7499.8,7493.1,7499.8,983,4,0
2026-06-22 11:45:00,2026-06-22 09:45:00,7499.8,7500.2,7495.6,7499.3,697,4,0
2026-06-22 12:00:00,2026-06-22 10:00:00,7499.3,7504.3,7496.3,7502.8,982,4,0
2026-06-22 12:15:00,2026-06-22 10:15:00,7502.8,7502.9,7499.8,7500.3,718,4,0
2026-06-22 12:30:00,2026-06-22 10:30:00,7500.3,7501.8,7495.6,7496.3,819,4,0
2026-06-22 12:45:00,2026-06-22 10:45:00,7496.3,7498.1,7494.3,7494.8,780,4,0
2026-06-22 13:00:00,2026-06-22 11:00:00,7494.8,7504.6,7494.6,7502.9,812,4,0
2026-06-22 13:15:00,2026-06-22 11:15:00,7502.9,7504.6,7501.9,7502.9,578,4,0
2026-06-22 13:30:00,2026-06-22 11:30:00,7502.9,7502.9,7496.8,7499.1,701,4,0
2026-06-22 13:45:00,2026-06-22 11:45:00,7499.2,7502.4,7497.8,7498.5,677,4,0
2026-06-22 14:00:00,2026-06-22 12:00:00,7498.6,7517.4,7498.6,7502.6,1662,4,0
2026-06-22 14:15:00,2026-06-22 12:15:00,7502.6,7504.1,7500.8,7501.6,844,4,0
2026-06-22 14:30:00,2026-06-22 12:30:00,7501.6,7505.6,7500.8,7503.3,646,4,0
2026-06-22 14:45:00,2026-06-22 12:45:00,7503.3,7504.8,7499.1,7503.6,780,4,0
2026-06-22 15:00:00,2026-06-22 13:00:00,7503.6,7510.1,7503.6,7509.6,699,4,0
2026-06-22 15:15:00,2026-06-22 13:15:00,7509.6,7514.4,7507.8,7514.3,686,4,0
2026-06-22 15:30:00,2026-06-22 13:30:00,7514.1,7516.3,7510.3,7510.8,730,4,0
2026-06-22 15:45:00,2026-06-22 13:45:00,7510.8,7511.6,7507.6,7507.8,453,4,0
2026-06-22 16:00:00,2026-06-22 14:00:00,7507.8,7517.8,7507.8,7516.6,1136,4,0
2026-06-22 16:15:00,2026-06-22 14:15:00,7516.6,7518.8,7512.3,7513.1,754,4,0
2026-06-22 16:30:00,2026-06-22 14:30:00,7513.1,7536.1,7512.1,7518.8,2226,4,0
2026-06-22 16:45:00,2026-06-22 14:45:00,7518.7,7536.3,7516.8,7535.9,1961,4,0
2026-06-22 17:00:00,2026-06-22 15:00:00,7536.2,7538.8,7529.1,7529.8,1583,4,0
2026-06-22 17:15:00,2026-06-22 15:15:00,7529.8,7530.6,7500.6,7501.1,2016,4,0
2026-06-22 17:30:00,2026-06-22 15:30:00,7501.1,7502.3,7480.1,7481.1,2637,4,0
2026-06-22 17:45:00,2026-06-22 15:45:00,7480.8,7489.1,7467.3,7482.6,2412,4,0
2026-06-22 18:00:00,2026-06-22 16:00:00,7482.8,7489.9,7476.3,7480.6,1976,4,0
2026-06-22 18:15:00,2026-06-22 16:15:00,7480.6,7486.8,7474.8,7479.8,2182,4,0
2026-06-22 18:30:00,2026-06-22 16:30:00,7479.8,7497.8,7477.6,7494.8,1583,4,0
2026-06-22 18:45:00,2026-06-22 16:45:00,7494.8,7499.1,7479.3,7482.6,1808,4,0
2026-06-22 19:00:00,2026-06-22 17:00:00,7482.3,7486.3,7472.1,7486.3,1664,4,0
2026-06-22 19:15:00,2026-06-22 17:15:00,7486.1,7490.3,7479.8,7484.4,1263,4,0
2026-06-22 19:30:00,2026-06-22 17:30:00,7484.4,7485.3,7476.8,7479.8,1247,4,0
2026-06-22 19:45:00,2026-06-22 17:45:00,7480.1,7489.4,7477.8,7485.8,1141,4,0
2026-06-22 20:00:00,2026-06-22 18:00:00,7485.8,7486.8,7475.8,7482.1,1047,4,0
2026-06-22 20:15:00,2026-06-22 18:15:00,7482.1,7488.8,7482.1,7483.1,916,4,0
2026-06-22 20:30:00,2026-06-22 18:30:00,7483.1,7484.5,7475.6,7479.6,1010,4,0
2026-06-22 20:45:00,2026-06-22 18:45:00,7479.3,7489.3,7478.3,7482.8,767,4,0
2026-06-22 21:00:00,2026-06-22 19:00:00,7482.8,7486.6,7478.6,7485.6,786,4,0
2026-06-22 21:15:00,2026-06-22 19:15:00,7485.6,7493.6,7485.1,7487.1,663,4,0
2026-06-22 21:30:00,2026-06-22 19:30:00,7487.1,7491.3,7480.6,7480.8,738,4,0
2026-06-22 21:45:00,2026-06-22 19:45:00,7480.8,7484.3,7471.6,7472.8,974,4,0
2026-06-22 22:00:00,2026-06-22 20:00:00,7472.8,7479.3,7468.6,7475.3,924,4,0
2026-06-22 22:15:00,2026-06-22 20:15:00,7475.3,7478.1,7470.3,7470.3,890,4,0
2026-06-22 22:30:00,2026-06-22 20:30:00,7470.3,7476.3,7468.3,7469.3,839,4,0
2026-06-22 22:45:00,2026-06-22 20:45:00,7469.3,7485.1,7468.8,7479.3,1413,4,0
2026-06-22 23:00:00,2026-06-22 21:00:00,7480.1,7486.8,7479.3,7485.3,615,4,0
2026-06-22 23:15:00,2026-06-22 21:15:00,7485.3,7487.0,7481.0,7481.5,277,4,0
2026-06-22 23:30:00,2026-06-22 21:30:00,7481.5,7482.5,7480.8,7482.3,178,4,0
2026-06-22 23:45:00,2026-06-22 21:45:00,7482.3,7482.5,7479.8,7481.8,143,4,0
2026-06-23 01:00:00,2026-06-22 23:00:00,7484.1,7488.0,7479.5,7482.0,785,4,0
2026-06-23 01:15:00,2026-06-22 23:15:00,7482.0,7483.9,7479.9,7480.7,369,4,0
2026-06-23 01:30:00,2026-06-22 23:30:00,7480.7,7480.7,7470.6,7470.9,772,4,0
2026-06-23 01:45:00,2026-06-22 23:45:00,7470.9,7474.1,7470.1,7472.8,516,4,0
2026-06-23 02:00:00,2026-06-23 00:00:00,7472.8,7473.9,7468.8,7469.2,560,4,0
2026-06-23 02:15:00,2026-06-23 00:15:00,7469.3,7472.0,7466.9,7471.6,465,4,0
2026-06-23 02:30:00,2026-06-23 00:30:00,7471.6,7472.1,7469.1,7471.6,343,4,0
2026-06-23 02:45:00,2026-06-23 00:45:00,7471.6,7472.9,7467.4,7472.6,784,4,0
2026-06-23 03:00:00,2026-06-23 01:00:00,7472.6,7475.6,7465.0,7465.6,1608,4,0
2026-06-23 03:15:00,2026-06-23 01:15:00,7465.6,7469.9,7462.9,7466.0,1389,4,0
2026-06-23 03:30:00,2026-06-23 01:30:00,7466.2,7481.6,7464.6,7481.6,1392,4,0
2026-06-23 03:45:00,2026-06-23 01:45:00,7481.6,7486.1,7479.1,7480.9,1664,4,0
2026-06-23 04:00:00,2026-06-23 02:00:00,7480.9,7483.1,7477.1,7477.4,1692,4,0
2026-06-23 04:15:00,2026-06-23 02:15:00,7477.4,7478.4,7473.5,7476.2,1583,4,0
2026-06-23 04:30:00,2026-06-23 02:30:00,7476.4,7477.4,7461.9,7463.1,1686,4,0
2026-06-23 04:45:00,2026-06-23 02:45:00,7462.9,7466.1,7453.0,7463.1,1831,4,0
2026-06-23 05:00:00,2026-06-23 03:00:00,7463.1,7465.6,7454.6,7459.6,1871,4,0
2026-06-23 05:15:00,2026-06-23 03:15:00,7459.6,7463.1,7458.2,7460.6,1506,4,0
2026-06-23 05:30:00,2026-06-23 03:30:00,7460.6,7461.1,7456.4,7458.2,1205,4,0
2026-06-23 05:45:00,2026-06-23 03:45:00,7458.4,7458.9,7451.6,7453.4,1215,4,0
2026-06-23 06:00:00,2026-06-23 04:00:00,7453.4,7454.4,7445.7,7447.1,1253,4,0
2026-06-23 06:15:00,2026-06-23 04:15:00,7447.1,7449.5,7445.9,7448.4,1055,4,0
2026-06-23 06:30:00,2026-06-23 04:30:00,7448.4,7448.4,7437.4,7441.2,1201,4,0
2026-06-23 06:45:00,2026-06-23 04:45:00,7441.3,7449.7,7437.8,7449.6,1082,4,0
2026-06-23 07:00:00,2026-06-23 05:00:00,7449.9,7452.9,7440.9,7442.6,1159,4,0
2026-06-23 07:15:00,2026-06-23 05:15:00,7442.6,7442.6,7434.4,7437.4,1149,4,0
2026-06-23 07:30:00,2026-06-23 05:30:00,7437.4,7437.6,7431.4,7432.7,1118,4,0
2026-06-23 07:45:00,2026-06-23 05:45:00,7432.6,7433.9,7422.6,7424.1,1188,4,0
2026-06-23 08:00:00,2026-06-23 06:00:00,7424.1,7428.7,7423.6,7424.0,1621,4,0
2026-06-23 08:15:00,2026-06-23 06:15:00,7424.0,7425.4,7415.4,7417.6,1226,4,0
2026-06-23 08:30:00,2026-06-23 06:30:00,7417.6,7418.4,7408.1,7413.9,1650,4,0
2026-06-23 08:45:00,2026-06-23 06:45:00,7414.1,7416.6,7407.9,7409.4,1317,4,0
2026-06-23 09:00:00,2026-06-23 07:00:00,7409.4,7412.9,7403.9,7406.4,1795,4,0
2026-06-23 09:15:00,2026-06-23 07:15:00,7406.4,7409.2,7391.9,7395.3,1663,4,0
2026-06-23 09:30:00,2026-06-23 07:30:00,7395.7,7399.7,7388.9,7391.2,1652,4,0
2026-06-23 09:45:00,2026-06-23 07:45:00,7391.4,7396.2,7385.4,7388.2,1463,4,0
2026-06-23 10:00:00,2026-06-23 08:00:00,7388.2,7396.3,7382.9,7392.8,1890,4,0
2026-06-23 10:15:00,2026-06-23 08:15:00,7392.7,7393.9,7381.4,7387.3,1710,4,0
2026-06-23 10:30:00,2026-06-23 08:30:00,7387.3,7387.9,7378.7,7380.4,1839,4,0
2026-06-23 10:45:00,2026-06-23 08:45:00,7380.4,7382.0,7369.5,7374.5,1685,4,0
2026-06-23 11:00:00,2026-06-23 09:00:00,7374.3,7375.9,7364.0,7370.3,2253,4,0
2026-06-23 11:15:00,2026-06-23 09:15:00,7370.3,7371.4,7362.9,7365.3,2114,4,0
2026-06-23 11:30:00,2026-06-23 09:30:00,7365.2,7379.2,7365.2,7375.2,1840,4,0
2026-06-23 11:45:00,2026-06-23 09:45:00,7375.2,7375.2,7364.4,7371.3,1643,4,0
2026-06-23 12:00:00,2026-06-23 10:00:00,7371.3,7379.9,7370.2,7379.2,1503,4,0
2026-06-23 12:15:00,2026-06-23 10:15:00,7378.9,7386.9,7375.7,7385.8,1333,4,0
2026-06-23 12:30:00,2026-06-23 10:30:00,7385.8,7386.0,7379.2,7380.8,1391,4,0
2026-06-23 12:45:00,2026-06-23 10:45:00,7380.8,7386.7,7378.9,7384.9,1250,4,0
2026-06-23 13:00:00,2026-06-23 11:00:00,7384.9,7390.2,7381.7,7383.2,1102,4,0
2026-06-23 13:15:00,2026-06-23 11:15:00,7383.3,7390.2,7380.3,7380.7,1175,4,0
2026-06-23 13:30:00,2026-06-23 11:30:00,7380.7,7381.0,7368.2,7372.4,1343,4,0
2026-06-23 13:45:00,2026-06-23 11:45:00,7372.3,7378.7,7371.4,7377.7,1317,4,0
2026-06-23 14:00:00,2026-06-23 12:00:00,7377.5,7383.7,7373.4,7383.4,1544,4,0
2026-06-23 14:15:00,2026-06-23 12:15:00,7383.4,7388.8,7376.7,7380.9,1652,4,0
2026-06-23 14:30:00,2026-06-23 12:30:00,7380.9,7390.3,7378.9,7389.9,1363,4,0
2026-06-23 14:45:00,2026-06-23 12:45:00,7389.9,7394.4,7386.9,7391.7,957,4,0
2026-06-23 15:00:00,2026-06-23 13:00:00,7391.7,7395.2,7385.2,7387.4,1333,4,0
2026-06-23 15:15:00,2026-06-23 13:15:00,7387.4,7388.2,7373.9,7378.2,1326,4,0
2026-06-23 15:30:00,2026-06-23 13:30:00,7378.2,7381.2,7368.4,7374.4,1493,4,0
2026-06-23 15:45:00,2026-06-23 13:45:00,7374.2,7375.9,7370.7,7373.4,1311,4,0
2026-06-23 16:00:00,2026-06-23 14:00:00,7373.4,7376.9,7370.4,7374.7,1357,4,0
2026-06-23 16:15:00,2026-06-23 14:15:00,7374.7,7374.9,7364.9,7370.0,1368,4,0
2026-06-23 16:30:00,2026-06-23 14:30:00,7370.4,7387.4,7356.2,7383.4,3025,4,0
2026-06-23 16:45:00,2026-06-23 14:45:00,7382.8,7406.9,7379.8,7406.7,2526,4,0
2026-06-23 17:00:00,2026-06-23 15:00:00,7405.9,7425.9,7404.7,7424.8,2176,4,0
2026-06-23 17:15:00,2026-06-23 15:15:00,7424.7,7431.8,7416.7,7424.5,1970,4,0
2026-06-23 17:30:00,2026-06-23 15:30:00,7424.4,7426.7,7407.2,7409.2,2246,4,0
2026-06-23 17:45:00,2026-06-23 15:45:00,7409.2,7414.7,7400.7,7405.4,2376,4,0
2026-06-23 18:00:00,2026-06-23 16:00:00,7405.4,7409.4,7391.4,7396.4,2072,4,0
2026-06-23 18:15:00,2026-06-23 16:15:00,7396.4,7397.4,7377.2,7380.7,1625,4,0
2026-06-23 18:30:00,2026-06-23 16:30:00,7380.7,7389.9,7376.9,7384.4,1848,4,0
2026-06-23 18:45:00,2026-06-23 16:45:00,7384.7,7397.2,7382.7,7394.5,1595,4,0
2026-06-23 19:00:00,2026-06-23 17:00:00,7394.5,7411.9,7393.4,7410.2,1407,4,0
2026-06-23 19:15:00,2026-06-23 17:15:00,7410.2,7411.7,7401.4,7409.9,1321,4,0
2026-06-23 19:30:00,2026-06-23 17:30:00,7409.9,7415.9,7405.4,7414.7,1165,4,0
2026-06-23 19:45:00,2026-06-23 17:45:00,7414.9,7415.4,7405.4,7410.4,1286,4,0
2026-06-23 20:00:00,2026-06-23 18:00:00,7410.4,7413.7,7401.4,7409.7,1392,4,0
2026-06-23 20:15:00,2026-06-23 18:15:00,7409.7,7417.2,7405.7,7411.7,1169,4,0
2026-06-23 20:30:00,2026-06-23 18:30:00,7411.7,7416.7,7407.2,7407.9,1096,4,0
2026-06-23 20:45:00,2026-06-23 18:45:00,7407.9,7411.2,7393.4,7393.9,1265,4,0
2026-06-23 21:00:00,2026-06-23 19:00:00,7393.9,7401.9,7389.9,7394.4,1299,4,0
2026-06-23 21:15:00,2026-06-23 19:15:00,7394.4,7396.4,7388.7,7390.4,898,4,0
2026-06-23 21:30:00,2026-06-23 19:30:00,7390.4,7391.7,7373.9,7374.4,858,4,0
2026-06-23 21:45:00,2026-06-23 19:45:00,7374.4,7381.9,7369.9,7377.2,1458,4,0
2026-06-23 22:00:00,2026-06-23 20:00:00,7376.9,7392.9,7374.7,7381.9,1658,4,0
2026-06-23 22:15:00,2026-06-23 20:15:00,7381.7,7390.4,7374.4,7387.7,1652,4,0
2026-06-23 22:30:00,2026-06-23 20:30:00,7387.7,7389.9,7379.2,7382.9,1576,4,0
2026-06-23 22:45:00,2026-06-23 20:45:00,7382.9,7393.7,7374.4,7374.4,1915,4,0
2026-06-23 23:00:00,2026-06-23 21:00:00,7374.4,7382.6,7372.9,7379.6,871,4,0
2026-06-23 23:15:00,2026-06-23 21:15:00,7379.4,7382.6,7376.1,7381.6,342,4,0
2026-06-23 23:30:00,2026-06-23 21:30:00,7381.6,7383.6,7379.1,7381.1,325,4,0
2026-06-23 23:45:00,2026-06-23 21:45:00,7381.1,7386.6,7380.5,7386.4,246,4,0
2026-06-24 01:00:00,2026-06-23 23:00:00,7390.4,7393.9,7385.4,7390.7,939,4,0
2026-06-24 01:15:00,2026-06-23 23:15:00,7390.7,7393.5,7378.2,7378.4,1022,4,0
2026-06-24 01:30:00,2026-06-23 23:30:00,7378.4,7382.2,7370.7,7372.2,1192,4,0
2026-06-24 01:45:00,2026-06-23 23:45:00,7372.2,7377.7,7372.0,7376.5,825,4,0
2026-06-24 02:00:00,2026-06-24 00:00:00,7376.5,7377.2,7362.0,7374.7,1210,4,0
2026-06-24 02:15:00,2026-06-24 00:15:00,7374.7,7379.7,7374.1,7377.5,660,4,0
2026-06-24 02:30:00,2026-06-24 00:30:00,7377.5,7378.5,7369.2,7375.1,929,4,0
2026-06-24 02:45:00,2026-06-24 00:45:00,7375.1,7392.5,7374.7,7388.7,1771,4,0
2026-06-24 03:00:00,2026-06-24 01:00:00,7388.2,7401.2,7385.0,7395.7,2390,4,0
2026-06-24 03:15:00,2026-06-24 01:15:00,7395.7,7400.2,7390.2,7396.4,2091,4,0
2026-06-24 03:30:00,2026-06-24 01:30:00,7396.4,7400.0,7395.0,7398.0,1924,4,0
2026-06-24 03:45:00,2026-06-24 01:45:00,7398.0,7399.7,7390.5,7395.2,1886,4,0
2026-06-24 04:00:00,2026-06-24 02:00:00,7395.0,7396.1,7387.7,7393.4,2216,4,0
2026-06-24 04:15:00,2026-06-24 02:15:00,7393.2,7394.5,7384.0,7392.7,1993,4,0
2026-06-24 04:30:00,2026-06-24 02:30:00,7392.7,7396.0,7389.7,7393.5,1928,4,0
2026-06-24 04:45:00,2026-06-24 02:45:00,7393.6,7395.7,7390.5,7392.9,1668,4,0
2026-06-24 05:00:00,2026-06-24 03:00:00,7392.9,7394.8,7389.0,7393.0,1605,4,0
2026-06-24 05:15:00,2026-06-24 03:15:00,7393.0,7393.2,7384.4,7389.7,1344,4,0
2026-06-24 05:30:00,2026-06-24 03:30:00,7389.7,7392.0,7380.7,7382.0,1311,4,0
2026-06-24 05:45:00,2026-06-24 03:45:00,7382.0,7382.7,7371.5,7371.6,1568,4,0
2026-06-24 06:00:00,2026-06-24 04:00:00,7371.6,7387.7,7368.7,7386.5,1791,4,0
2026-06-24 06:15:00,2026-06-24 04:15:00,7386.5,7389.7,7378.0,7389.7,1644,4,0
2026-06-24 06:30:00,2026-06-24 04:30:00,7389.6,7393.5,7387.2,7389.0,1751,4,0
2026-06-24 06:45:00,2026-06-24 04:45:00,7389.0,7389.9,7385.0,7389.5,1511,4,0
2026-06-24 07:00:00,2026-06-24 05:00:00,7389.5,7390.0,7379.7,7381.5,1429,4,0
2026-06-24 07:15:00,2026-06-24 05:15:00,7381.5,7383.2,7376.5,7378.5,1526,4,0
2026-06-24 07:30:00,2026-06-24 05:30:00,7378.6,7392.2,7378.5,7389.9,1661,4,0
2026-06-24 07:45:00,2026-06-24 05:45:00,7389.8,7393.0,7389.2,7391.2,1402,4,0
2026-06-24 08:00:00,2026-06-24 06:00:00,7391.1,7394.7,7389.0,7393.2,1590,4,0
2026-06-24 08:15:00,2026-06-24 06:15:00,7393.2,7399.2,7391.7,7395.7,1414,4,0
2026-06-24 08:30:00,2026-06-24 06:30:00,7395.9,7401.0,7395.1,7395.7,1190,4,0
2026-06-24 08:45:00,2026-06-24 06:45:00,7395.7,7396.6,7391.2,7392.0,1103,4,0
2026-06-24 09:00:00,2026-06-24 07:00:00,7392.0,7395.3,7387.4,7393.6,1324,4,0
2026-06-24 09:15:00,2026-06-24 07:15:00,7393.6,7394.2,7386.9,7388.8,1092,4,0
2026-06-24 09:30:00,2026-06-24 07:30:00,7389.0,7395.3,7388.3,7391.8,965,4,0
2026-06-24 09:45:00,2026-06-24 07:45:00,7391.8,7393.5,7389.8,7390.5,751,4,0
2026-06-24 10:00:00,2026-06-24 08:00:00,7390.5,7392.5,7384.3,7389.5,1534,4,0
2026-06-24 10:15:00,2026-06-24 08:15:00,7389.5,7392.0,7386.0,7386.3,1251,4,0
2026-06-24 10:30:00,2026-06-24 08:30:00,7386.3,7392.5,7381.4,7391.8,1428,4,0
2026-06-24 10:45:00,2026-06-24 08:45:00,7391.8,7394.5,7383.5,7384.5,1135,4,0
2026-06-24 11:00:00,2026-06-24 09:00:00,7384.5,7394.0,7384.1,7393.6,1549,4,0
2026-06-24 11:15:00,2026-06-24 09:15:00,7393.5,7394.5,7387.3,7390.0,1297,4,0
2026-06-24 11:30:00,2026-06-24 09:30:00,7390.3,7394.7,7388.5,7390.5,1240,4,0
2026-06-24 11:45:00,2026-06-24 09:45:00,7390.5,7391.0,7386.5,7389.0,949,4,0
2026-06-24 12:00:00,2026-06-24 10:00:00,7389.0,7393.8,7386.0,7392.8,1050,4,0
2026-06-24 12:15:00,2026-06-24 10:15:00,7392.8,7393.3,7384.8,7388.6,964,4,0
2026-06-24 12:30:00,2026-06-24 10:30:00,7388.6,7390.0,7382.5,7383.0,942,4,0
2026-06-24 12:45:00,2026-06-24 10:45:00,7383.0,7390.3,7381.0,7389.5,924,4,0
2026-06-24 13:00:00,2026-06-24 11:00:00,7389.5,7389.5,7384.1,7389.3,1081,4,0
2026-06-24 13:15:00,2026-06-24 11:15:00,7389.3,7392.0,7388.8,7392.0,906,4,0
2026-06-24 13:30:00,2026-06-24 11:30:00,7392.0,7400.0,7391.3,7396.8,825,4,0
2026-06-24 13:45:00,2026-06-24 11:45:00,7396.8,7397.5,7389.0,7390.5,844,4,0
2026-06-24 14:00:00,2026-06-24 12:00:00,7390.5,7397.3,7389.5,7389.8,1002,4,0
2026-06-24 14:15:00,2026-06-24 12:15:00,7389.8,7390.8,7385.5,7389.3,999,4,0
2026-06-24 14:30:00,2026-06-24 12:30:00,7389.1,7400.5,7389.0,7396.8,996,4,0
2026-06-24 14:45:00,2026-06-24 12:45:00,7396.9,7406.5,7396.0,7405.5,1306,4,0
2026-06-24 15:00:00,2026-06-24 13:00:00,7405.5,7406.1,7400.0,7402.0,1166,4,0
2026-06-24 15:15:00,2026-06-24 13:15:00,7402.0,7408.3,7398.8,7406.5,1134,4,0
2026-06-24 15:30:00,2026-06-24 13:30:00,7406.5,7408.5,7394.5,7395.8,1047,4,0
2026-06-24 15:45:00,2026-06-24 13:45:00,7395.8,7397.0,7389.5,7392.0,828,4,0
2026-06-24 16:00:00,2026-06-24 14:00:00,7392.3,7397.3,7383.5,7384.5,1248,4,0
2026-06-24 16:15:00,2026-06-24 14:15:00,7384.5,7390.8,7380.8,7388.9,1292,4,0
2026-06-24 16:30:00,2026-06-24 14:30:00,7389.0,7409.8,7380.3,7394.3,2842,4,0
2026-06-24 16:45:00,2026-06-24 14:45:00,7394.7,7414.0,7379.8,7396.4,2934,4,0
2026-06-24 17:00:00,2026-06-24 15:00:00,7396.2,7402.0,7388.8,7393.0,2850,4,0
2026-06-24 17:15:00,2026-06-24 15:15:00,7393.0,7407.5,7378.0,7402.5,2462,4,0
2026-06-24 17:30:00,2026-06-24 15:30:00,7402.8,7415.0,7399.3,7414.5,2328,4,0
2026-06-24 17:45:00,2026-06-24 15:45:00,7414.5,7435.8,7413.5,7435.3,1948,4,0
2026-06-24 18:00:00,2026-06-24 16:00:00,7435.3,7438.0,7418.0,7423.5,1699,4,0
2026-06-24 18:15:00,2026-06-24 16:15:00,7423.4,7435.3,7420.0,7435.3,1766,4,0
2026-06-24 18:30:00,2026-06-24 16:30:00,7435.3,7438.0,7419.8,7423.3,1819,4,0
2026-06-24 18:45:00,2026-06-24 16:45:00,7423.3,7431.3,7416.7,7421.8,1757,4,0
2026-06-24 19:00:00,2026-06-24 17:00:00,7421.8,7427.0,7416.5,7422.8,1462,4,0
2026-06-24 19:15:00,2026-06-24 17:15:00,7423.0,7426.8,7418.3,7419.3,1451,4,0
2026-06-24 19:30:00,2026-06-24 17:30:00,7419.3,7419.3,7397.3,7401.3,1786,4,0
2026-06-24 19:45:00,2026-06-24 17:45:00,7401.3,7406.0,7392.3,7394.8,1553,4,0
2026-06-24 20:00:00,2026-06-24 18:00:00,7394.5,7402.8,7383.8,7385.7,1718,4,0
2026-06-24 20:15:00,2026-06-24 18:15:00,7385.8,7389.3,7357.5,7358.5,2075,4,0
2026-06-24 20:30:00,2026-06-24 18:30:00,7358.5,7366.0,7349.5,7356.5,2249,4,0
2026-06-24 20:45:00,2026-06-24 18:45:00,7356.3,7368.8,7352.2,7355.8,2094,4,0
2026-06-24 21:00:00,2026-06-24 19:00:00,7355.8,7371.3,7354.8,7366.3,2095,4,0
2026-06-24 21:15:00,2026-06-24 19:15:00,7366.5,7384.8,7366.3,7381.7,1871,4,0
2026-06-24 21:30:00,2026-06-24 19:30:00,7381.5,7383.8,7367.0,7371.0,1805,4,0
2026-06-24 21:45:00,2026-06-24 19:45:00,7370.8,7370.8,7350.0,7357.0,1852,4,0
2026-06-24 22:00:00,2026-06-24 20:00:00,7357.0,7366.5,7346.0,7353.8,2085,4,0
2026-06-24 22:15:00,2026-06-24 20:15:00,7354.0,7361.0,7349.5,7358.0,1963,4,0
2026-06-24 22:30:00,2026-06-24 20:30:00,7357.8,7360.0,7347.0,7352.8,1883,4,0
2026-06-24 22:45:00,2026-06-24 20:45:00,7352.8,7372.3,7352.0,7372.3,2119,4,0
2026-06-24 23:00:00,2026-06-24 21:00:00,7372.2,7406.7,7365.0,7405.2,2727,4,0
2026-06-24 23:15:00,2026-06-24 21:15:00,7405.2,7415.5,7402.5,7412.2,1719,4,0
2026-06-24 23:30:00,2026-06-24 21:30:00,7412.2,7421.7,7409.7,7421.0,1382,4,0
2026-06-24 23:45:00,2026-06-24 21:45:00,7421.0,7423.7,7416.2,7418.0,1266,4,0
2026-06-25 01:00:00,2026-06-24 23:00:00,7420.1,7428.9,7414.7,7415.2,1317,4,0
2026-06-25 01:15:00,2026-06-24 23:15:00,7415.3,7417.3,7410.6,7410.6,1018,4,0
2026-06-25 01:30:00,2026-06-24 23:30:00,7410.6,7413.6,7409.4,7412.8,869,4,0
2026-06-25 01:45:00,2026-06-24 23:45:00,7412.8,7413.2,7408.2,7408.6,663,4,0
2026-06-25 02:00:00,2026-06-25 00:00:00,7408.6,7410.6,7406.3,7407.3,615,4,0
2026-06-25 02:15:00,2026-06-25 00:15:00,7407.3,7413.1,7406.3,7410.5,536,4,0
2026-06-25 02:30:00,2026-06-25 00:30:00,7410.6,7417.6,7410.3,7416.5,583,4,0
2026-06-25 02:45:00,2026-06-25 00:45:00,7416.5,7420.6,7411.8,7413.9,1177,4,0
2026-06-25 03:00:00,2026-06-25 01:00:00,7413.9,7415.4,7407.1,7413.1,1962,4,0
2026-06-25 03:15:00,2026-06-25 01:15:00,7413.2,7414.4,7406.8,7408.1,1837,4,0
2026-06-25 03:30:00,2026-06-25 01:30:00,7408.4,7409.2,7396.3,7399.3,1692,4,0
2026-06-25 03:45:00,2026-06-25 01:45:00,7399.3,7402.6,7395.3,7397.1,1712,4,0
2026-06-25 04:00:00,2026-06-25 02:00:00,7397.0,7401.2,7394.6,7398.0,1865,4,0
2026-06-25 04:15:00,2026-06-25 02:15:00,7398.0,7402.1,7396.3,7398.6,1671,4,0
2026-06-25 04:30:00,2026-06-25 02:30:00,7398.7,7408.6,7398.2,7403.1,1743,4,0
2026-06-25 04:45:00,2026-06-25 02:45:00,7403.1,7407.3,7401.8,7402.3,1515,4,0
2026-06-25 05:00:00,2026-06-25 03:00:00,7402.3,7406.9,7396.6,7397.4,1614,4,0
2026-06-25 05:15:00,2026-06-25 03:15:00,7397.4,7405.1,7395.1,7403.4,1402,4,0
2026-06-25 05:30:00,2026-06-25 03:30:00,7403.4,7405.5,7400.8,7401.8,1100,4,0
2026-06-25 05:45:00,2026-06-25 03:45:00,7401.8,7406.1,7400.8,7405.7,947,4,0
2026-06-25 06:00:00,2026-06-25 04:00:00,7405.7,7409.4,7404.6,7406.2,1071,4,0
2026-06-25 06:15:00,2026-06-25 04:15:00,7406.2,7410.4,7402.7,7408.9,1104,4,0
2026-06-25 06:30:00,2026-06-25 04:30:00,7408.9,7411.4,7406.1,7407.3,997,4,0
2026-06-25 06:45:00,2026-06-25 04:45:00,7407.3,7411.8,7406.3,7411.4,865,4,0
2026-06-25 07:00:00,2026-06-25 05:00:00,7411.5,7412.1,7407.6,7407.6,730,4,0
2026-06-25 07:15:00,2026-06-25 05:15:00,7407.6,7409.2,7404.6,7406.1,871,4,0
2026-06-25 07:30:00,2026-06-25 05:30:00,7406.1,7408.8,7402.1,7408.8,865,4,0
2026-06-25 07:45:00,2026-06-25 05:45:00,7408.8,7410.1,7405.3,7406.6,690,4,0
2026-06-25 08:00:00,2026-06-25 06:00:00,7406.6,7412.6,7406.3,7411.7,883,4,0
2026-06-25 08:15:00,2026-06-25 06:15:00,7411.7,7416.3,7410.8,7415.6,807,4,0
2026-06-25 08:30:00,2026-06-25 06:30:00,7415.6,7418.6,7414.8,7416.6,878,4,0
2026-06-25 08:45:00,2026-06-25 06:45:00,7416.6,7416.8,7412.8,7414.1,745,4,0
2026-06-25 09:00:00,2026-06-25 07:00:00,7414.1,7420.9,7413.2,7419.6,889,4,0
2026-06-25 09:15:00,2026-06-25 07:15:00,7419.6,7424.3,7419.1,7422.4,814,4,0
2026-06-25 09:30:00,2026-06-25 07:30:00,7422.4,7424.4,7420.4,7421.4,767,4,0
2026-06-25 09:45:00,2026-06-25 07:45:00,7421.4,7423.6,7419.4,7420.0,634,4,0
2026-06-25 10:00:00,2026-06-25 08:00:00,7420.1,7426.1,7420.1,7423.9,1051,4,0
2026-06-25 10:15:00,2026-06-25 08:15:00,7423.9,7430.9,7423.9,7427.9,847,4,0
2026-06-25 10:30:00,2026-06-25 08:30:00,7428.0,7430.6,7425.5,7429.1,752,4,0
2026-06-25 10:45:00,2026-06-25 08:45:00,7429.1,7430.4,7426.6,7430.4,722,4,0
2026-06-25 11:00:00,2026-06-25 09:00:00,7430.4,7433.4,7425.9,7425.9,1102,4,0
2026-06-25 11:15:00,2026-06-25 09:15:00,7425.9,7427.5,7422.6,7425.9,1001,4,0
2026-06-25 11:30:00,2026-06-25 09:30:00,7425.9,7427.6,7423.5,7423.5,849,4,0
2026-06-25 11:45:00,2026-06-25 09:45:00,7423.6,7424.1,7417.9,7419.0,804,4,0
2026-06-25 12:00:00,2026-06-25 10:00:00,7419.0,7424.6,7418.4,7422.4,897,4,0
2026-06-25 12:15:00,2026-06-25 10:15:00,7422.4,7424.1,7418.9,7421.1,881,4,0
2026-06-25 12:30:00,2026-06-25 10:30:00,7421.1,7425.1,7420.9,7423.9,823,4,0
2026-06-25 12:45:00,2026-06-25 10:45:00,7423.9,7426.6,7422.0,7422.6,650,4,0
2026-06-25 13:00:00,2026-06-25 11:00:00,7422.9,7428.2,7422.2,7428.1,701,4,0
2026-06-25 13:15:00,2026-06-25 11:15:00,7428.1,7428.9,7425.6,7428.4,592,4,0
2026-06-25 13:30:00,2026-06-25 11:30:00,7428.4,7429.5,7424.1,7424.5,717,4,0
2026-06-25 13:45:00,2026-06-25 11:45:00,7424.5,7428.2,7422.4,7425.7,639,4,0
2026-06-25 14:00:00,2026-06-25 12:00:00,7425.7,7429.4,7422.6,7422.7,932,4,0
2026-06-25 14:15:00,2026-06-25 12:15:00,7422.6,7423.4,7414.7,7415.9,811,4,0
2026-06-25 14:30:00,2026-06-25 12:30:00,7415.9,7421.1,7414.4,7419.7,785,4,0
2026-06-25 14:45:00,2026-06-25 12:45:00,7419.7,7422.4,7415.5,7418.1,782,4,0
2026-06-25 15:00:00,2026-06-25 13:00:00,7418.1,7424.9,7416.9,7418.9,909,4,0
2026-06-25 15:15:00,2026-06-25 13:15:00,7418.9,7420.9,7414.8,7416.9,989,4,0
2026-06-25 15:30:00,2026-06-25 13:30:00,7416.7,7438.0,7416.5,7427.4,2229,4,0
2026-06-25 15:45:00,2026-06-25 13:45:00,7427.6,7434.8,7427.1,7429.1,1486,4,0
2026-06-25 16:00:00,2026-06-25 14:00:00,7429.0,7430.9,7422.7,7425.9,1119,4,0
2026-06-25 16:15:00,2026-06-25 14:15:00,7425.8,7430.4,7421.6,7427.9,1007,4,0
2026-06-25 16:30:00,2026-06-25 14:30:00,7427.9,7432.6,7378.6,7380.9,2575,4,0
2026-06-25 16:45:00,2026-06-25 14:45:00,7380.9,7386.1,7332.9,7335.6,3487,4,0
2026-06-25 17:00:00,2026-06-25 15:00:00,7335.1,7396.4,7335.1,7379.4,3290,4,0
2026-06-25 17:15:00,2026-06-25 15:15:00,7379.6,7404.0,7369.9,7393.1,3398,4,0
2026-06-25 17:30:00,2026-06-25 15:30:00,7393.1,7409.9,7386.6,7392.9,3296,4,0
2026-06-25 17:45:00,2026-06-25 15:45:00,7392.9,7417.6,7386.4,7391.5,3102,4,0
2026-06-25 18:00:00,2026-06-25 16:00:00,7391.6,7404.4,7365.1,7368.4,3169,4,0
2026-06-25 18:15:00,2026-06-25 16:15:00,7368.4,7387.1,7356.6,7381.6,3208,4,0
2026-06-25 18:30:00,2026-06-25 16:30:00,7381.5,7393.6,7377.6,7386.4,3064,4,0
2026-06-25 18:45:00,2026-06-25 16:45:00,7386.1,7396.6,7378.4,7379.9,2656,4,0
2026-06-25 19:00:00,2026-06-25 17:00:00,7379.9,7400.2,7375.1,7395.6,2659,4,0
2026-06-25 19:15:00,2026-06-25 17:15:00,7395.6,7400.6,7377.6,7379.9,2353,4,0
2026-06-25 19:30:00,2026-06-25 17:30:00,7379.9,7379.9,7358.4,7359.9,2460,4,0
2026-06-25 19:45:00,2026-06-25 17:45:00,7359.9,7367.9,7352.1,7362.5,2243,4,0
2026-06-25 20:00:00,2026-06-25 18:00:00,7362.5,7374.7,7358.6,7369.4,2329,4,0
2026-06-25 20:15:00,2026-06-25 18:15:00,7369.6,7380.1,7357.9,7369.9,2261,4,0
2026-06-25 20:30:00,2026-06-25 18:30:00,7369.9,7375.4,7362.4,7363.6,1952,4,0
2026-06-25 20:45:00,2026-06-25 18:45:00,7363.6,7373.4,7353.1,7371.9,2282,4,0
2026-06-25 21:00:00,2026-06-25 19:00:00,7371.9,7377.6,7350.7,7369.9,2625,4,0
2026-06-25 21:15:00,2026-06-25 19:15:00,7369.8,7398.9,7367.4,7396.1,2348,4,0
2026-06-25 21:30:00,2026-06-25 19:30:00,7396.6,7396.6,7373.6,7377.1,2355,4,0
2026-06-25 21:45:00,2026-06-25 19:45:00,7377.1,7381.6,7364.6,7376.2,2326,4,0
2026-06-25 22:00:00,2026-06-25 20:00:00,7376.7,7377.1,7360.9,7361.9,2328,4,0
2026-06-25 22:15:00,2026-06-25 20:15:00,7361.7,7366.9,7356.6,7361.9,2231,4,0
2026-06-25 22:30:00,2026-06-25 20:30:00,7361.9,7363.1,7354.0,7357.9,2096,4,0
2026-06-25 22:45:00,2026-06-25 20:45:00,7357.9,7365.9,7351.4,7365.9,2316,4,0
2026-06-25 23:00:00,2026-06-25 21:00:00,7366.1,7393.8,7366.1,7380.3,1590,4,0
2026-06-25 23:15:00,2026-06-25 21:15:00,7380.3,7395.6,7380.1,7389.1,887,4,0
2026-06-25 23:30:00,2026-06-25 21:30:00,7388.9,7389.3,7382.3,7382.8,610,4,0
2026-06-25 23:45:00,2026-06-25 21:45:00,7382.8,7383.3,7375.6,7377.2,362,4,0
2026-06-26 01:00:00,2026-06-25 23:00:00,7377.9,7378.4,7360.1,7363.4,1239,4,0
2026-06-26 01:15:00,2026-06-25 23:15:00,7363.4,7368.5,7360.0,7360.2,1044,4,0
2026-06-26 01:30:00,2026-06-25 23:30:00,7360.1,7365.8,7359.1,7365.2,873,4,0
2026-06-26 01:45:00,2026-06-25 23:45:00,7365.2,7369.1,7362.4,7368.3,669,4,0
2026-06-26 02:00:00,2026-06-26 00:00:00,7368.3,7376.4,7367.4,7376.2,697,4,0
2026-06-26 02:15:00,2026-06-26 00:15:00,7376.2,7396.9,7374.8,7392.7,1425,4,0
2026-06-26 02:30:00,2026-06-26 00:30:00,7392.7,7394.2,7373.1,7373.4,1076,4,0
2026-06-26 02:45:00,2026-06-26 00:45:00,7373.4,7373.4,7360.3,7366.6,1520,4,0
2026-06-26 03:00:00,2026-06-26 01:00:00,7366.8,7377.1,7362.7,7374.9,2152,4,0
2026-06-26 03:15:00,2026-06-26 01:15:00,7375.0,7377.4,7363.6,7372.3,2318,4,0
2026-06-26 03:30:00,2026-06-26 01:30:00,7372.3,7373.5,7364.8,7368.9,2302,4,0
2026-06-26 03:45:00,2026-06-26 01:45:00,7368.8,7372.2,7361.8,7364.2,2138,4,0
2026-06-26 04:00:00,2026-06-26 02:00:00,7364.3,7370.4,7354.6,7364.7,2427,4,0
2026-06-26 04:15:00,2026-06-26 02:15:00,7364.7,7370.8,7359.6,7360.4,2060,4,0
2026-06-26 04:30:00,2026-06-26 02:30:00,7360.4,7361.7,7345.2,7346.1,2262,4,0
2026-06-26 04:45:00,2026-06-26 02:45:00,7346.1,7350.3,7338.1,7342.7,2131,4,0
2026-06-26 05:00:00,2026-06-26 03:00:00,7342.7,7344.6,7335.1,7337.3,2021,4,0
2026-06-26 05:15:00,2026-06-26 03:15:00,7337.2,7339.9,7329.1,7331.8,2038,4,0
2026-06-26 05:30:00,2026-06-26 03:30:00,7331.8,7332.8,7321.2,7324.6,1865,4,0
2026-06-26 05:45:00,2026-06-26 03:45:00,7324.6,7324.6,7309.8,7313.9,2147,4,0
2026-06-26 06:00:00,2026-06-26 04:00:00,7313.9,7314.4,7308.3,7312.4,2008,4,0
2026-06-26 06:15:00,2026-06-26 04:15:00,7312.1,7313.9,7308.3,7311.4,1464,4,0
2026-06-26 06:30:00,2026-06-26 04:30:00,7311.4,7312.6,7300.2,7312.6,2124,4,0
2026-06-26 06:45:00,2026-06-26 04:45:00,7312.6,7326.3,7309.6,7325.8,2171,4,0
2026-06-26 07:00:00,2026-06-26 05:00:00,7325.9,7328.3,7321.3,7324.2,2174,4,0
2026-06-26 07:15:00,2026-06-26 05:15:00,7324.2,7328.1,7314.2,7319.5,1912,4,0
2026-06-26 07:30:00,2026-06-26 05:30:00,7319.5,7322.6,7311.9,7316.0,1695,4,0
2026-06-26 07:45:00,2026-06-26 05:45:00,7316.1,7316.2,7308.6,7310.6,1564,4,0
2026-06-26 08:00:00,2026-06-26 06:00:00,7310.6,7319.4,7307.5,7319.4,1986,4,0
2026-06-26 08:15:00,2026-06-26 06:15:00,7319.4,7323.1,7316.3,7321.6,1733,4,0
2026-06-26 08:30:00,2026-06-26 06:30:00,7321.8,7325.8,7310.7,7310.8,1650,4,0
2026-06-26 08:45:00,2026-06-26 06:45:00,7310.8,7318.7,7308.3,7315.1,1475,4,0
2026-06-26 09:00:00,2026-06-26 07:00:00,7315.1,7319.3,7312.1,7318.7,1639,4,0
2026-06-26 09:15:00,2026-06-26 07:15:00,7318.6,7330.0,7318.6,7329.5,1443,4,0
2026-06-26 09:30:00,2026-06-26 07:30:00,7329.3,7338.7,7327.0,7338.3,1361,4,0
2026-06-26 09:45:00,2026-06-26 07:45:00,7338.3,7352.3,7337.3,7347.0,1250,4,0
2026-06-26 10:00:00,2026-06-26 08:00:00,7347.0,7349.1,7337.8,7345.3,1573,4,0
2026-06-26 10:15:00,2026-06-26 08:15:00,7345.3,7352.6,7344.1,7352.3,1546,4,0
2026-06-26 10:30:00,2026-06-26 08:30:00,7352.3,7356.6,7349.3,7349.7,1305,4,0
2026-06-26 10:45:00,2026-06-26 08:45:00,7349.6,7355.0,7347.6,7353.6,1210,4,0
2026-06-26 11:00:00,2026-06-26 09:00:00,7353.7,7358.3,7344.1,7345.6,1751,4,0
2026-06-26 11:15:00,2026-06-26 09:15:00,7345.8,7352.0,7343.3,7350.7,1555,4,0
2026-06-26 11:30:00,2026-06-26 09:30:00,7350.3,7350.8,7340.3,7340.8,1423,4,0
2026-06-26 11:45:00,2026-06-26 09:45:00,7340.8,7341.5,7325.5,7331.5,1541,4,0
2026-06-26 12:00:00,2026-06-26 10:00:00,7331.5,7332.9,7325.3,7331.5,1687,4,0
2026-06-26 12:15:00,2026-06-26 10:15:00,7331.4,7332.8,7323.1,7326.6,1672,4,0
2026-06-26 12:30:00,2026-06-26 10:30:00,7326.5,7338.6,7322.8,7335.3,1450,4,0
2026-06-26 12:45:00,2026-06-26 10:45:00,7335.3,7339.3,7327.1,7328.3,1452,4,0
2026-06-26 13:00:00,2026-06-26 11:00:00,7328.3,7331.5,7319.8,7329.9,1564,4,0
2026-06-26 13:15:00,2026-06-26 11:15:00,7329.9,7332.1,7323.8,7329.2,1171,4,0
2026-06-26 13:30:00,2026-06-26 11:30:00,7329.3,7332.1,7326.8,7328.3,1311,4,0
2026-06-26 13:45:00,2026-06-26 11:45:00,7328.4,7331.6,7326.1,7329.5,1249,4,0
2026-06-26 14:00:00,2026-06-26 12:00:00,7329.5,7337.5,7326.6,7333.8,1603,4,0
2026-06-26 14:15:00,2026-06-26 12:15:00,7333.8,7333.8,7327.0,7329.3,1319,4,0
2026-06-26 14:30:00,2026-06-26 12:30:00,7329.3,7333.6,7327.8,7328.7,1288,4,0
2026-06-26 14:45:00,2026-06-26 12:45:00,7328.7,7331.8,7320.8,7327.7,1359,4,0
2026-06-26 15:00:00,2026-06-26 13:00:00,7327.7,7344.1,7326.0,7341.3,1488,4,0
2026-06-26 15:15:00,2026-06-26 13:15:00,7341.3,7346.8,7332.9,7337.8,1499,4,0
2026-06-26 15:30:00,2026-06-26 13:30:00,7337.8,7340.1,7326.6,7327.1,1387,4,0
2026-06-26 15:45:00,2026-06-26 13:45:00,7327.0,7329.5,7323.3,7326.8,1241,4,0
2026-06-26 16:00:00,2026-06-26 14:00:00,7326.8,7327.8,7316.3,7319.8,1285,4,0
2026-06-26 16:15:00,2026-06-26 14:15:00,7319.8,7325.3,7308.3,7323.6,2036,4,0
2026-06-26 16:30:00,2026-06-26 14:30:00,7323.8,7331.1,7303.1,7327.1,3319,4,0
2026-06-26 16:45:00,2026-06-26 14:45:00,7327.3,7348.3,7314.3,7344.0,3268,4,0
2026-06-26 17:00:00,2026-06-26 15:00:00,7344.4,7370.8,7342.0,7368.6,3020,4,0
2026-06-26 17:15:00,2026-06-26 15:15:00,7368.3,7378.8,7361.1,7371.6,2603,4,0
2026-06-26 17:30:00,2026-06-26 15:30:00,7371.7,7375.8,7352.3,7358.0,2481,4,0
2026-06-26 17:45:00,2026-06-26 15:45:00,7358.1,7370.3,7354.8,7361.1,2738,4,0
2026-06-26 18:00:00,2026-06-26 16:00:00,7361.1,7370.6,7356.1,7357.1,2359,4,0
2026-06-26 18:15:00,2026-06-26 16:15:00,7357.3,7383.3,7352.6,7383.1,2096,4,0
2026-06-26 18:30:00,2026-06-26 16:30:00,7383.3,7402.1,7380.6,7399.3,2107,4,0
2026-06-26 18:45:00,2026-06-26 16:45:00,7399.3,7401.6,7378.2,7390.6,2313,4,0
2026-06-26 19:00:00,2026-06-26 17:00:00,7390.6,7392.1,7374.6,7377.7,2136,4,0
2026-06-26 19:15:00,2026-06-26 17:15:00,7377.8,7383.1,7363.8,7370.6,2381,4,0
2026-06-26 19:30:00,2026-06-26 17:30:00,7370.3,7384.3,7370.3,7376.6,1924,4,0
2026-06-26 19:45:00,2026-06-26 17:45:00,7376.8,7385.6,7374.8,7381.1,1714,4,0
2026-06-26 20:00:00,2026-06-26 18:00:00,7381.1,7395.3,7378.1,7387.3,1793,4,0
2026-06-26 20:15:00,2026-06-26 18:15:00,7387.5,7388.1,7374.3,7383.8,1571,4,0
2026-06-26 20:30:00,2026-06-26 18:30:00,7383.8,7390.3,7372.5,7379.0,1913,4,0
2026-06-26 20:45:00,2026-06-26 18:45:00,7379.0,7380.6,7370.8,7373.1,1604,4,0
2026-06-26 21:00:00,2026-06-26 19:00:00,7373.1,7382.3,7372.6,7376.8,1842,4,0
2026-06-26 21:15:00,2026-06-26 19:15:00,7376.8,7378.6,7363.2,7364.3,1476,4,0
2026-06-26 21:30:00,2026-06-26 19:30:00,7364.6,7372.6,7363.6,7363.8,1349,4,0
2026-06-26 21:45:00,2026-06-26 19:45:00,7363.8,7363.8,7348.1,7351.8,1624,4,0
2026-06-26 22:00:00,2026-06-26 20:00:00,7351.8,7363.8,7349.6,7363.6,1753,4,0
2026-06-26 22:15:00,2026-06-26 20:15:00,7363.6,7365.8,7354.1,7358.1,1648,4,0
2026-06-26 22:30:00,2026-06-26 20:30:00,7357.8,7369.6,7353.6,7368.8,1775,4,0
2026-06-26 22:45:00,2026-06-26 20:45:00,7369.0,7374.8,7335.8,7335.8,2375,4,0
2026-06-26 23:00:00,2026-06-26 21:00:00,7334.3,7356.4,7317.1,7354.9,2536,4,0
2026-06-26 23:15:00,2026-06-26 21:15:00,7355.1,7363.3,7353.6,7358.8,1360,4,0
2026-06-26 23:30:00,2026-06-26 21:30:00,7358.6,7359.6,7340.4,7342.6,1888,4,0
2026-06-26 23:45:00,2026-06-26 21:45:00,7342.8,7347.1,7338.8,7345.6,846,4,0
2026-06-29 01:00:00,2026-06-28 23:00:00,7351.1,7382.9,7348.0,7380.9,1878,4,0
2026-06-29 01:15:00,2026-06-28 23:15:00,7381.0,7382.6,7372.7,7380.3,1321,4,0
2026-06-29 01:30:00,2026-06-28 23:30:00,7380.3,7383.7,7379.9,7383.3,1004,4,0
2026-06-29 01:45:00,2026-06-28 23:45:00,7383.3,7384.0,7379.8,7380.0,732,4,0
2026-06-29 02:00:00,2026-06-29 00:00:00,7380.0,7394.1,7378.5,7391.9,1234,4,0
2026-06-29 02:15:00,2026-06-29 00:15:00,7391.9,7397.1,7389.9,7395.3,778,4,0
2026-06-29 02:30:00,2026-06-29 00:30:00,7395.3,7399.0,7394.9,7397.8,618,4,0
2026-06-29 02:45:00,2026-06-29 00:45:00,7397.8,7401.3,7392.6,7393.0,1221,4,0
2026-06-29 03:00:00,2026-06-29 01:00:00,7393.0,7393.0,7378.3,7381.9,2584,4,0
2026-06-29 03:15:00,2026-06-29 01:15:00,7381.9,7384.0,7368.3,7368.8,2369,4,0
2026-06-29 03:30:00,2026-06-29 01:30:00,7368.6,7381.9,7368.0,7380.9,2435,4,0
2026-06-29 03:45:00,2026-06-29 01:45:00,7380.8,7385.5,7368.8,7384.3,2213,4,0
2026-06-29 04:00:00,2026-06-29 02:00:00,7384.3,7386.1,7376.4,7382.5,2293,4,0
2026-06-29 04:15:00,2026-06-29 02:15:00,7382.5,7382.9,7372.8,7375.0,2283,4,0
2026-06-29 04:30:00,2026-06-29 02:30:00,7375.0,7388.5,7372.5,7386.0,2330,4,0
2026-06-29 04:45:00,2026-06-29 02:45:00,7386.1,7387.5,7380.5,7384.3,2117,4,0
2026-06-29 05:00:00,2026-06-29 03:00:00,7384.4,7385.3,7367.5,7368.4,2099,4,0
2026-06-29 05:15:00,2026-06-29 03:15:00,7368.3,7386.6,7366.4,7385.6,1998,4,0
2026-06-29 05:30:00,2026-06-29 03:30:00,7385.5,7389.3,7383.8,7387.1,1556,4,0
2026-06-29 05:45:00,2026-06-29 03:45:00,7387.0,7388.8,7385.6,7386.3,1291,4,0
2026-06-29 06:00:00,2026-06-29 04:00:00,7386.3,7395.5,7386.3,7390.3,1100,4,0
2026-06-29 06:15:00,2026-06-29 04:15:00,7390.3,7392.0,7388.8,7390.3,1050,4,0
2026-06-29 06:30:00,2026-06-29 04:30:00,7390.2,7391.6,7379.8,7382.5,1547,4,0
2026-06-29 06:45:00,2026-06-29 04:45:00,7382.5,7398.3,7381.5,7395.9,1562,4,0
2026-06-29 07:00:00,2026-06-29 05:00:00,7396.0,7396.0,7390.3,7390.8,1202,4,0
2026-06-29 07:15:00,2026-06-29 05:15:00,7390.8,7393.5,7387.3,7390.0,1140,4,0
2026-06-29 07:30:00,2026-06-29 05:30:00,7389.9,7391.5,7385.3,7387.1,1333,4,0
2026-06-29 07:45:00,2026-06-29 05:45:00,7387.0,7390.9,7385.5,7387.6,1367,4,0
2026-06-29 08:00:00,2026-06-29 06:00:00,7387.6,7390.5,7384.6,7390.5,1734,4,0
2026-06-29 08:15:00,2026-06-29 06:15:00,7390.5,7392.5,7386.1,7388.6,1525,4,0
2026-06-29 08:30:00,2026-06-29 06:30:00,7388.3,7399.5,7387.5,7398.8,1419,4,0
2026-06-29 08:45:00,2026-06-29 06:45:00,7398.6,7403.8,7395.5,7402.8,1340,4,0
2026-06-29 09:00:00,2026-06-29 07:00:00,7402.8,7403.3,7391.0,7393.3,1491,4,0
2026-06-29 09:15:00,2026-06-29 07:15:00,7393.3,7398.0,7392.3,7396.2,1131,4,0
2026-06-29 09:30:00,2026-06-29 07:30:00,7396.3,7400.3,7395.2,7397.5,1040,4,0
2026-06-29 09:45:00,2026-06-29 07:45:00,7397.5,7397.7,7389.9,7392.0,783,4,0
2026-06-29 10:00:00,2026-06-29 08:00:00,7392.0,7392.4,7382.3,7388.7,1522,4,0
2026-06-29 10:15:00,2026-06-29 08:15:00,7388.5,7397.5,7388.5,7395.9,1302,4,0
2026-06-29 10:30:00,2026-06-29 08:30:00,7396.0,7399.0,7392.3,7396.5,1175,4,0
2026-06-29 10:45:00,2026-06-29 08:45:00,7396.4,7398.3,7394.0,7396.9,1156,4,0
2026-06-29 11:00:00,2026-06-29 09:00:00,7396.9,7405.3,7395.9,7403.5,1694,4,0
2026-06-29 11:15:00,2026-06-29 09:15:00,7403.5,7409.4,7400.8,7402.2,1450,4,0
2026-06-29 11:30:00,2026-06-29 09:30:00,7401.9,7407.5,7399.7,7400.5,1323,4,0
2026-06-29 11:45:00,2026-06-29 09:45:00,7400.5,7403.3,7396.3,7397.2,1052,4,0
2026-06-29 12:00:00,2026-06-29 10:00:00,7397.2,7400.3,7396.3,7399.3,1159,4,0
2026-06-29 12:15:00,2026-06-29 10:15:00,7399.3,7404.3,7397.8,7403.5,1024,4,0
2026-06-29 12:30:00,2026-06-29 10:30:00,7403.5,7404.8,7399.3,7401.2,941,4,0
2026-06-29 12:45:00,2026-06-29 10:45:00,7401.2,7402.0,7393.1,7400.3,1202,4,0
2026-06-29 13:00:00,2026-06-29 11:00:00,7400.3,7406.8,7400.3,7402.4,1045,4,0
2026-06-29 13:15:00,2026-06-29 11:15:00,7402.4,7405.8,7398.3,7405.8,871,4,0
2026-06-29 13:30:00,2026-06-29 11:30:00,7405.8,7410.5,7404.8,7407.5,922,4,0
2026-06-29 13:45:00,2026-06-29 11:45:00,7407.5,7412.3,7402.5,7411.5,814,4,0
2026-06-29 14:00:00,2026-06-29 12:00:00,7411.5,7416.3,7408.3,7409.0,979,4,0
2026-06-29 14:15:00,2026-06-29 12:15:00,7409.0,7409.9,7403.8,7407.5,1029,4,0
2026-06-29 14:30:00,2026-06-29 12:30:00,7407.5,7418.7,7406.3,7410.3,1347,4,0
2026-06-29 14:45:00,2026-06-29 12:45:00,7410.3,7414.4,7408.3,7409.3,956,4,0
2026-06-29 15:00:00,2026-06-29 13:00:00,7409.3,7413.3,7407.2,7411.8,1130,4,0
2026-06-29 15:15:00,2026-06-29 13:15:00,7411.8,7414.0,7409.5,7411.3,955,4,0
2026-06-29 15:30:00,2026-06-29 13:30:00,7411.3,7413.5,7400.9,7404.9,1211,4,0
2026-06-29 15:45:00,2026-06-29 13:45:00,7404.9,7409.8,7403.3,7409.8,1035,4,0
2026-06-29 16:00:00,2026-06-29 14:00:00,7409.8,7414.0,7408.8,7413.3,812,4,0
2026-06-29 16:15:00,2026-06-29 14:15:00,7413.3,7414.5,7400.5,7403.2,827,4,0
2026-06-29 16:30:00,2026-06-29 14:30:00,7403.0,7429.3,7390.3,7429.1,2910,4,0
2026-06-29 16:45:00,2026-06-29 14:45:00,7429.1,7435.2,7399.6,7404.1,2655,4,0
2026-06-29 17:00:00,2026-06-29 15:00:00,7404.3,7405.8,7361.3,7361.6,3089,4,0
2026-06-29 17:15:00,2026-06-29 15:15:00,7361.4,7396.3,7355.1,7395.2,3087,4,0
2026-06-29 17:30:00,2026-06-29 15:30:00,7395.1,7412.8,7393.8,7405.6,2637,4,0
2026-06-29 17:45:00,2026-06-29 15:45:00,7405.6,7418.1,7393.6,7413.6,2625,4,0
2026-06-29 18:00:00,2026-06-29 16:00:00,7413.6,7414.8,7400.3,7409.4,2230,4,0
2026-06-29 18:15:00,2026-06-29 16:15:00,7409.8,7413.3,7399.4,7412.8,2008,4,0
2026-06-29 18:30:00,2026-06-29 16:30:00,7412.8,7420.3,7407.2,7420.1,1558,4,0
2026-06-29 18:45:00,2026-06-29 16:45:00,7420.1,7421.3,7413.3,7420.8,1130,4,0
2026-06-29 19:00:00,2026-06-29 17:00:00,7420.8,7427.3,7420.3,7421.3,979,4,0
2026-06-29 19:15:00,2026-06-29 17:15:00,7421.1,7424.6,7418.8,7419.6,816,4,0
2026-06-29 19:30:00,2026-06-29 17:30:00,7419.6,7421.8,7415.8,7421.1,761,4,0
2026-06-29 19:45:00,2026-06-29 17:45:00,7421.1,7425.6,7417.8,7423.1,701,4,0
2026-06-29 20:00:00,2026-06-29 18:00:00,7423.1,7438.3,7423.1,7436.1,696,4,0
2026-06-29 20:15:00,2026-06-29 18:15:00,7436.1,7440.3,7430.8,7437.3,785,4,0
2026-06-29 20:30:00,2026-06-29 18:30:00,7437.3,7442.3,7435.8,7438.8,654,4,0
2026-06-29 20:45:00,2026-06-29 18:45:00,7438.8,7444.1,7437.1,7439.8,508,4,0
2026-06-29 21:00:00,2026-06-29 19:00:00,7439.8,7443.6,7438.3,7441.3,576,4,0
2026-06-29 21:15:00,2026-06-29 19:15:00,7441.3,7441.8,7437.1,7437.8,569,4,0
2026-06-29 21:30:00,2026-06-29 19:30:00,7437.8,7446.3,7437.3,7445.6,579,4,0
2026-06-29 21:45:00,2026-06-29 19:45:00,7445.6,7447.6,7441.6,7442.6,487,4,0
2026-06-29 22:00:00,2026-06-29 20:00:00,7442.6,7444.8,7440.6,7441.1,601,4,0
2026-06-29 22:15:00,2026-06-29 20:15:00,7441.1,7446.1,7438.8,7443.6,563,4,0
2026-06-29 22:30:00,2026-06-29 20:30:00,7443.6,7444.3,7439.1,7440.8,501,4,0
2026-06-29 22:45:00,2026-06-29 20:45:00,7440.8,7450.6,7437.3,7443.0,1031,4,0
2026-06-29 23:00:00,2026-06-29 21:00:00,7442.5,7444.5,7437.5,7443.3,762,4,0
2026-06-29 23:15:00,2026-06-29 21:15:00,7443.3,7445.5,7442.3,7442.8,249,4,0
2026-06-29 23:30:00,2026-06-29 21:30:00,7442.8,7443.0,7438.3,7439.5,156,4,0
2026-06-29 23:45:00,2026-06-29 21:45:00,7439.5,7441.0,7436.8,7440.3,183,4,0
2026-06-30 01:00:00,2026-06-29 23:00:00,7440.5,7442.9,7436.5,7439.8,995,4,0
2026-06-30 01:15:00,2026-06-29 23:15:00,7439.8,7442.7,7438.7,7439.8,432,4,0
2026-06-30 01:30:00,2026-06-29 23:30:00,7439.8,7442.7,7437.2,7441.7,436,4,0
2026-06-30 01:45:00,2026-06-29 23:45:00,7441.7,7441.9,7439.1,7440.4,295,4,0
2026-06-30 02:00:00,2026-06-30 00:00:00,7440.4,7444.5,7439.7,7441.9,436,4,0
2026-06-30 02:15:00,2026-06-30 00:15:00,7441.9,7443.2,7440.9,7441.9,329,4,0
2026-06-30 02:30:00,2026-06-30 00:30:00,7441.9,7444.3,7440.9,7441.9,356,4,0
2026-06-30 02:45:00,2026-06-30 00:45:00,7441.9,7442.7,7437.4,7441.1,727,4,0
2026-06-30 03:00:00,2026-06-30 01:00:00,7441.0,7446.7,7437.0,7445.2,1943,4,0
2026-06-30 03:15:00,2026-06-30 01:15:00,7445.2,7446.9,7434.9,7436.5,1634,4,0
2026-06-30 03:30:00,2026-06-30 01:30:00,7436.4,7437.2,7427.7,7430.4,1970,4,0
2026-06-30 03:45:00,2026-06-30 01:45:00,7430.4,7438.9,7429.7,7438.4,1720,4,0
2026-06-30 04:00:00,2026-06-30 02:00:00,7438.4,7439.7,7429.9,7431.9,1691,4,0
2026-06-30 04:15:00,2026-06-30 02:15:00,7431.9,7444.7,7430.9,7444.7,1518,4,0
2026-06-30 04:30:00,2026-06-30 02:30:00,7444.7,7446.9,7437.9,7443.4,1646,4,0
2026-06-30 04:45:00,2026-06-30 02:45:00,7443.4,7444.5,7439.4,7443.9,1347,4,0
2026-06-30 05:00:00,2026-06-30 03:00:00,7444.0,7444.2,7437.2,7437.9,1125,4,0
2026-06-30 05:15:00,2026-06-30 03:15:00,7437.9,7441.4,7433.9,7439.9,1133,4,0
2026-06-30 05:30:00,2026-06-30 03:30:00,7439.9,7441.9,7437.7,7438.4,935,4,0
2026-06-30 05:45:00,2026-06-30 03:45:00,7438.4,7440.7,7436.4,7436.9,757,4,0
2026-06-30 06:00:00,2026-06-30 04:00:00,7436.9,7440.7,7436.0,7439.0,705,4,0
2026-06-30 06:15:00,2026-06-30 04:15:00,7439.2,7442.9,7439.2,7442.2,606,4,0
2026-06-30 06:30:00,2026-06-30 04:30:00,7442.2,7450.4,7441.2,7449.7,909,4,0
2026-06-30 06:45:00,2026-06-30 04:45:00,7449.7,7452.5,7447.3,7447.4,788,4,0
2026-06-30 07:00:00,2026-06-30 05:00:00,7447.4,7453.5,7447.2,7452.4,734,4,0
2026-06-30 07:15:00,2026-06-30 05:15:00,7452.4,7454.7,7451.4,7454.7,525,4,0
2026-06-30 07:30:00,2026-06-30 05:30:00,7454.7,7458.9,7453.7,7458.7,610,4,0
2026-06-30 07:45:00,2026-06-30 05:45:00,7458.6,7459.2,7455.9,7456.7,720,4,0
2026-06-30 08:00:00,2026-06-30 06:00:00,7456.7,7459.9,7456.4,7458.4,822,4,0
2026-06-30 08:15:00,2026-06-30 06:15:00,7458.4,7459.2,7453.7,7454.4,813,4,0
2026-06-30 08:30:00,2026-06-30 06:30:00,7454.4,7454.7,7449.4,7452.4,1028,4,0
2026-06-30 08:45:00,2026-06-30 06:45:00,7452.4,7456.7,7452.0,7456.2,854,4,0
2026-06-30 09:00:00,2026-06-30 07:00:00,7456.2,7457.2,7452.9,7454.2,907,4,0
2026-06-30 09:15:00,2026-06-30 07:15:00,7454.2,7454.7,7448.6,7453.9,805,4,0
2026-06-30 09:30:00,2026-06-30 07:30:00,7453.9,7454.2,7447.4,7448.7,885,4,0
2026-06-30 09:45:00,2026-06-30 07:45:00,7448.7,7454.7,7448.6,7454.4,583,4,0
2026-06-30 10:00:00,2026-06-30 08:00:00,7454.4,7458.4,7451.2,7451.7,1076,4,0
2026-06-30 10:15:00,2026-06-30 08:15:00,7451.8,7455.2,7450.2,7453.4,769,4,0
2026-06-30 10:30:00,2026-06-30 08:30:00,7453.4,7455.9,7452.6,7452.9,764,4,0
2026-06-30 10:45:00,2026-06-30 08:45:00,7452.9,7452.9,7446.7,7447.7,855,4,0
2026-06-30 11:00:00,2026-06-30 09:00:00,7447.7,7454.4,7447.2,7448.7,1228,4,0
2026-06-30 11:15:00,2026-06-30 09:15:00,7448.7,7454.9,7445.2,7454.4,947,4,0
2026-06-30 11:30:00,2026-06-30 09:30:00,7454.4,7455.9,7440.7,7444.4,1298,4,0
2026-06-30 11:45:00,2026-06-30 09:45:00,7444.4,7448.4,7439.9,7447.7,959,4,0
2026-06-30 12:00:00,2026-06-30 10:00:00,7447.7,7450.4,7446.4,7449.6,828,4,0
2026-06-30 12:15:00,2026-06-30 10:15:00,7449.6,7451.6,7448.3,7448.6,798,4,0
2026-06-30 12:30:00,2026-06-30 10:30:00,7448.4,7451.4,7444.4,7450.4,887,4,0
2026-06-30 12:45:00,2026-06-30 10:45:00,7450.4,7453.9,7450.4,7451.9,752,4,0
2026-06-30 13:00:00,2026-06-30 11:00:00,7451.9,7454.4,7449.7,7452.7,708,4,0
2026-06-30 13:15:00,2026-06-30 11:15:00,7452.8,7454.7,7451.9,7453.9,575,4,0
2026-06-30 13:30:00,2026-06-30 11:30:00,7453.9,7454.8,7450.2,7452.7,674,4,0
2026-06-30 13:45:00,2026-06-30 11:45:00,7452.9,7460.7,7451.2,7458.9,583,4,0
2026-06-30 14:00:00,2026-06-30 12:00:00,7458.7,7462.7,7456.9,7462.4,666,4,0
2026-06-30 14:15:00,2026-06-30 12:15:00,7462.4,7463.2,7454.9,7457.4,748,4,0
2026-06-30 14:30:00,2026-06-30 12:30:00,7457.4,7460.9,7455.7,7460.2,744,4,0
2026-06-30 14:45:00,2026-06-30 12:45:00,7460.2,7463.2,7456.2,7456.4,657,4,0
2026-06-30 15:00:00,2026-06-30 13:00:00,7456.4,7456.9,7447.4,7448.4,956,4,0
2026-06-30 15:15:00,2026-06-30 13:15:00,7448.4,7449.1,7441.7,7441.9,1040,4,0
2026-06-30 15:30:00,2026-06-30 13:30:00,7441.9,7446.7,7437.6,7445.2,1130,4,0
2026-06-30 15:45:00,2026-06-30 13:45:00,7445.2,7447.7,7442.4,7442.7,881,4,0
2026-06-30 16:00:00,2026-06-30 14:00:00,7442.7,7445.4,7439.9,7442.2,696,4,0
2026-06-30 16:15:00,2026-06-30 14:15:00,7442.3,7446.3,7438.2,7445.9,768,4,0
2026-06-30 16:30:00,2026-06-30 14:30:00,7446.2,7455.9,7441.7,7452.1,2339,4,0
2026-06-30 16:45:00,2026-06-30 14:45:00,7451.7,7472.6,7449.4,7472.1,1921,4,0
2026-06-30 17:00:00,2026-06-30 15:00:00,7472.6,7478.4,7461.7,7469.2,1830,4,0
2026-06-30 17:15:00,2026-06-30 15:15:00,7469.4,7479.2,7466.4,7478.4,1403,4,0
2026-06-30 17:30:00,2026-06-30 15:30:00,7478.2,7487.4,7474.9,7481.4,1110,4,0
2026-06-30 17:45:00,2026-06-30 15:45:00,7481.4,7481.4,7462.7,7466.2,1576,4,0
2026-06-30 18:00:00,2026-06-30 16:00:00,7466.2,7482.4,7465.9,7481.4,1099,4,0
2026-06-30 18:15:00,2026-06-30 16:15:00,7481.4,7487.2,7476.9,7486.4,893,4,0
2026-06-30 18:30:00,2026-06-30 16:30:00,7486.4,7488.4,7481.4,7483.4,684,4,0
2026-06-30 18:45:00,2026-06-30 16:45:00,7483.4,7493.4,7483.4,7491.4,544,4,0
2026-06-30 19:00:00,2026-06-30 17:00:00,7491.4,7497.9,7491.2,7496.2,475,4,0
2026-06-30 19:15:00,2026-06-30 17:15:00,7496.2,7499.4,7495.4,7496.4,368,4,0
2026-06-30 19:30:00,2026-06-30 17:30:00,7496.2,7499.4,7494.7,7498.9,373,4,0
2026-06-30 19:45:00,2026-06-30 17:45:00,7498.9,7503.9,7498.2,7501.4,373,4,0
2026-06-30 20:00:00,2026-06-30 18:00:00,7501.4,7504.9,7499.2,7499.4,272,4,0
2026-06-30 20:15:00,2026-06-30 18:15:00,7499.4,7501.9,7496.7,7498.2,343,4,0
2026-06-30 20:30:00,2026-06-30 18:30:00,7498.2,7499.7,7494.7,7499.2,329,4,0
2026-06-30 20:45:00,2026-06-30 18:45:00,7499.2,7499.7,7496.2,7497.9,257,4,0
2026-06-30 21:00:00,2026-06-30 19:00:00,7497.9,7501.7,7496.4,7500.9,433,4,0
2026-06-30 21:15:00,2026-06-30 19:15:00,7500.9,7503.9,7500.2,7501.2,382,4,0
2026-06-30 21:30:00,2026-06-30 19:30:00,7501.2,7503.9,7499.2,7503.2,367,4,0
2026-06-30 21:45:00,2026-06-30 19:45:00,7502.9,7507.4,7501.7,7504.7,388,4,0
2026-06-30 22:00:00,2026-06-30 20:00:00,7504.7,7510.7,7504.2,7510.4,369,4,0
2026-06-30 22:15:00,2026-06-30 20:15:00,7510.4,7513.4,7506.2,7507.2,443,4,0
2026-06-30 22:30:00,2026-06-30 20:30:00,7507.4,7507.7,7500.2,7503.7,546,4,0
2026-06-30 22:45:00,2026-06-30 20:45:00,7503.7,7509.7,7491.7,7493.3,1040,4,0
2026-06-30 23:00:00,2026-06-30 21:00:00,7492.2,7498.9,7487.9,7491.2,955,4,0
2026-06-30 23:15:00,2026-06-30 21:15:00,7491.2,7492.8,7486.9,7488.4,364,4,0
2026-06-30 23:30:00,2026-06-30 21:30:00,7488.4,7489.4,7486.4,7486.4,141,4,0
2026-06-30 23:45:00,2026-06-30 21:45:00,7486.4,7487.7,7484.2,7487.2,168,4,0
2026-07-01 01:00:00,2026-06-30 23:00:00,7489.8,7493.8,7489.6,7492.8,735,4,0
2026-07-01 01:15:00,2026-06-30 23:15:00,7492.8,7497.1,7492.8,7496.6,364,4,0
2026-07-01 01:30:00,2026-06-30 23:30:00,7496.6,7496.6,7493.1,7493.8,315,4,0
2026-07-01 01:45:00,2026-06-30 23:45:00,7493.8,7493.8,7488.3,7489.8,261,4,0
2026-07-01 02:00:00,2026-07-01 00:00:00,7489.8,7492.3,7488.6,7490.2,372,4,0
2026-07-01 02:15:00,2026-07-01 00:15:00,7490.2,7492.6,7489.1,7490.6,265,4,0
2026-07-01 02:30:00,2026-07-01 00:30:00,7490.6,7493.3,7490.1,7491.3,387,4,0
2026-07-01 02:45:00,2026-07-01 00:45:00,7491.3,7493.6,7488.3,7491.3,673,4,0
2026-07-01 03:00:00,2026-07-01 01:00:00,7491.1,7493.8,7489.8,7490.7,1489,4,0
2026-07-01 03:15:00,2026-07-01 01:15:00,7490.8,7492.3,7488.6,7492.1,1111,4,0
2026-07-01 03:30:00,2026-07-01 01:30:00,7492.1,7495.1,7491.8,7493.8,841,4,0
2026-07-01 03:45:00,2026-07-01 01:45:00,7493.8,7495.6,7491.3,7491.3,859,4,0
2026-07-01 04:00:00,2026-07-01 02:00:00,7491.3,7492.1,7481.3,7485.8,919,4,0
2026-07-01 04:15:00,2026-07-01 02:15:00,7485.8,7487.1,7481.1,7483.1,1421,4,0
2026-07-01 04:30:00,2026-07-01 02:30:00,7483.1,7485.3,7480.6,7481.6,1182,4,0
2026-07-01 04:45:00,2026-07-01 02:45:00,7481.6,7482.8,7478.3,7479.1,860,4,0
2026-07-01 05:00:00,2026-07-01 03:00:00,7479.1,7479.6,7468.6,7470.3,1042,4,0
2026-07-01 05:15:00,2026-07-01 03:15:00,7470.3,7474.6,7464.1,7474.6,917,4,0
2026-07-01 05:30:00,2026-07-01 03:30:00,7474.6,7477.3,7472.6,7476.7,581,4,0
2026-07-01 05:45:00,2026-07-01 03:45:00,7476.7,7477.1,7473.8,7475.3,649,4,0
2026-07-01 06:00:00,2026-07-01 04:00:00,7475.3,7479.6,7474.8,7479.1,474,4,0
2026-07-01 06:15:00,2026-07-01 04:15:00,7479.1,7479.6,7473.3,7473.9,602,4,0
2026-07-01 06:30:00,2026-07-01 04:30:00,7473.9,7478.3,7472.8,7475.8,829,4,0
2026-07-01 06:45:00,2026-07-01 04:45:00,7475.8,7480.3,7475.7,7479.1,483,4,0
2026-07-01 07:00:00,2026-07-01 05:00:00,7479.0,7479.1,7474.3,7474.6,717,4,0
2026-07-01 07:15:00,2026-07-01 05:15:00,7474.6,7477.1,7473.6,7476.6,601,4,0
2026-07-01 07:30:00,2026-07-01 05:30:00,7476.6,7478.1,7474.1,7477.3,602,4,0
2026-07-01 07:45:00,2026-07-01 05:45:00,7477.3,7481.3,7476.1,7476.9,463,4,0
2026-07-01 08:00:00,2026-07-01 06:00:00,7476.9,7478.9,7475.2,7476.8,821,4,0
2026-07-01 08:15:00,2026-07-01 06:15:00,7476.8,7477.6,7474.1,7474.8,684,4,0
2026-07-01 08:30:00,2026-07-01 06:30:00,7474.8,7476.6,7472.8,7474.9,788,4,0
2026-07-01 08:45:00,2026-07-01 06:45:00,7474.9,7476.3,7472.3,7473.8,745,4,0
2026-07-01 09:00:00,2026-07-01 07:00:00,7473.8,7476.3,7471.3,7473.0,848,4,0
2026-07-01 09:15:00,2026-07-01 07:15:00,7473.1,7474.4,7468.4,7472.1,510,4,0
2026-07-01 09:30:00,2026-07-01 07:30:00,7472.4,7473.6,7470.9,7473.1,716,4,0
2026-07-01 09:45:00,2026-07-01 07:45:00,7473.4,7475.6,7469.4,7470.9,417,4,0
2026-07-01 10:00:00,2026-07-01 08:00:00,7470.9,7471.9,7460.6,7462.1,773,4,0
2026-07-01 10:15:00,2026-07-01 08:15:00,7462.1,7466.6,7457.1,7465.0,1067,4,0
2026-07-01 10:30:00,2026-07-01 08:30:00,7465.0,7468.4,7464.1,7466.0,664,4,0
2026-07-01 10:45:00,2026-07-01 08:45:00,7466.0,7470.6,7464.9,7469.4,682,4,0
2026-07-01 11:00:00,2026-07-01 09:00:00,7469.4,7471.6,7465.7,7470.9,968,4,0
2026-07-01 11:15:00,2026-07-01 09:15:00,7470.6,7472.9,7469.2,7470.2,918,4,0
2026-07-01 11:30:00,2026-07-01 09:30:00,7470.4,7474.7,7468.9,7474.1,821,4,0
2026-07-01 11:45:00,2026-07-01 09:45:00,7474.1,7475.6,7471.6,7475.4,622,4,0
2026-07-01 12:00:00,2026-07-01 10:00:00,7475.4,7475.4,7468.6,7472.1,822,4,0
2026-07-01 12:15:00,2026-07-01 10:15:00,7472.1,7473.1,7469.6,7472.2,615,4,0
2026-07-01 12:30:00,2026-07-01 10:30:00,7472.1,7474.4,7471.1,7473.6,487,4,0
2026-07-01 12:45:00,2026-07-01 10:45:00,7473.6,7477.7,7473.6,7477.4,517,4,0
2026-07-01 13:00:00,2026-07-01 11:00:00,7477.4,7478.4,7472.6,7474.6,495,4,0
2026-07-01 13:15:00,2026-07-01 11:15:00,7474.9,7481.6,7474.9,7481.1,357,4,0
2026-07-01 13:30:00,2026-07-01 11:30:00,7481.1,7483.1,7477.8,7480.9,357,4,0
2026-07-01 13:45:00,2026-07-01 11:45:00,7480.9,7484.1,7479.9,7482.6,256,4,0
2026-07-01 14:00:00,2026-07-01 12:00:00,7482.6,7486.4,7482.6,7483.9,435,4,0
2026-07-01 14:15:00,2026-07-01 12:15:00,7483.9,7485.4,7482.1,7482.6,459,4,0
2026-07-01 14:30:00,2026-07-01 12:30:00,7482.6,7482.9,7478.6,7481.9,550,4,0
2026-07-01 14:45:00,2026-07-01 12:45:00,7481.9,7482.9,7476.6,7477.4,497,4,0
2026-07-01 15:00:00,2026-07-01 13:00:00,7477.4,7480.0,7473.9,7479.1,836,4,0
2026-07-01 15:15:00,2026-07-01 13:15:00,7479.1,7484.1,7479.1,7482.4,823,4,0
2026-07-01 15:30:00,2026-07-01 13:30:00,7482.4,7485.1,7471.4,7474.6,1770,4,0
2026-07-01 15:45:00,2026-07-01 13:45:00,7474.6,7478.4,7472.1,7475.1,1550,4,0
2026-07-01 16:00:00,2026-07-01 14:00:00,7475.1,7481.2,7470.6,7473.6,1389,4,0
2026-07-01 16:15:00,2026-07-01 14:15:00,7473.7,7485.9,7473.6,7478.6,1467,4,0
2026-07-01 16:30:00,2026-07-01 14:30:00,7478.6,7480.6,7452.6,7461.6,2864,4,0
2026-07-01 16:45:00,2026-07-01 14:45:00,7461.5,7483.0,7458.0,7482.7,2077,4,0
2026-07-01 17:00:00,2026-07-01 15:00:00,7483.1,7498.9,7479.6,7496.4,1459,4,0
2026-07-01 17:15:00,2026-07-01 15:15:00,7496.4,7500.1,7493.4,7498.4,1035,4,0
2026-07-01 17:30:00,2026-07-01 15:30:00,7498.1,7500.9,7489.9,7496.6,1222,4,0
2026-07-01 17:45:00,2026-07-01 15:45:00,7496.6,7500.4,7486.9,7499.9,1441,4,0
2026-07-01 18:00:00,2026-07-01 16:00:00,7499.9,7510.9,7499.1,7510.9,1101,4,0
2026-07-01 18:15:00,2026-07-01 16:15:00,7510.9,7524.1,7510.6,7523.9,944,4,0
2026-07-01 18:30:00,2026-07-01 16:30:00,7523.9,7524.6,7514.1,7519.1,863,4,0
2026-07-01 18:45:00,2026-07-01 16:45:00,7518.9,7520.1,7514.6,7518.9,815,4,0
2026-07-01 19:00:00,2026-07-01 17:00:00,7519.1,7522.6,7517.6,7522.4,707,4,0
2026-07-01 19:15:00,2026-07-01 17:15:00,7522.1,7525.4,7519.6,7520.9,630,4,0
2026-07-01 19:30:00,2026-07-01 17:30:00,7520.9,7523.1,7513.9,7517.1,641,4,0
2026-07-01 19:45:00,2026-07-01 17:45:00,7517.1,7519.1,7504.1,7506.1,843,4,0
2026-07-01 20:00:00,2026-07-01 18:00:00,7506.1,7510.1,7501.4,7509.1,999,4,0
2026-07-01 20:15:00,2026-07-01 18:15:00,7509.1,7514.9,7508.1,7510.4,684,4,0
2026-07-01 20:30:00,2026-07-01 18:30:00,7510.4,7512.9,7505.9,7505.9,661,4,0
2026-07-01 20:45:00,2026-07-01 18:45:00,7505.9,7508.4,7502.9,7503.2,695,4,0
2026-07-01 21:00:00,2026-07-01 19:00:00,7503.1,7507.9,7502.1,7502.1,668,4,0
2026-07-01 21:15:00,2026-07-01 19:15:00,7502.1,7506.6,7498.1,7502.6,635,4,0
2026-07-01 21:30:00,2026-07-01 19:30:00,7502.6,7504.9,7501.4,7503.1,477,4,0
2026-07-01 21:45:00,2026-07-01 19:45:00,7503.1,7503.4,7495.9,7499.9,631,4,0
2026-07-01 22:00:00,2026-07-01 20:00:00,7499.9,7508.1,7499.4,7504.9,734,4,0
2026-07-01 22:15:00,2026-07-01 20:15:00,7504.9,7507.4,7500.4,7500.4,550,4,0
2026-07-01 22:30:00,2026-07-01 20:30:00,7500.4,7503.9,7495.1,7497.1,724,4,0
2026-07-01 22:45:00,2026-07-01 20:45:00,7497.1,7498.6,7483.4,7489.1,1086,4,0
2026-07-01 23:00:00,2026-07-01 21:00:00,7488.3,7489.1,7475.6,7481.6,1075,4,0
2026-07-01 23:15:00,2026-07-01 21:15:00,7481.8,7481.8,7477.6,7478.6,401,4,0
2026-07-01 23:30:00,2026-07-01 21:30:00,7478.6,7479.3,7472.3,7476.8,398,4,0
2026-07-01 23:45:00,2026-07-01 21:45:00,7476.8,7478.8,7475.3,7478.8,278,4,0
2026-07-02 01:00:00,2026-07-01 23:00:00,7484.3,7485.7,7478.9,7479.2,850,4,0
2026-07-02 01:15:00,2026-07-01 23:15:00,7479.2,7485.7,7478.9,7485.0,441,4,0
2026-07-02 01:30:00,2026-07-01 23:30:00,7485.0,7486.9,7484.4,7485.9,357,4,0
2026-07-02 01:45:00,2026-07-01 23:45:00,7485.9,7488.0,7482.9,7487.2,412,4,0
2026-07-02 02:00:00,2026-07-02 00:00:00,7487.2,7487.4,7482.9,7483.4,416,4,0
2026-07-02 02:15:00,2026-07-02 00:15:00,7483.4,7484.7,7482.4,7484.3,335,4,0
2026-07-02 02:30:00,2026-07-02 00:30:00,7484.4,7484.9,7481.5,7484.7,394,4,0
2026-07-02 02:45:00,2026-07-02 00:45:00,7484.7,7484.7,7476.2,7481.7,1234,4,0
2026-07-02 03:00:00,2026-07-02 01:00:00,7481.8,7481.8,7469.9,7476.2,2257,4,0
2026-07-02 03:15:00,2026-07-02 01:15:00,7476.2,7483.9,7473.9,7483.4,1826,4,0
2026-07-02 03:30:00,2026-07-02 01:30:00,7483.4,7485.7,7476.9,7477.4,1510,4,0
2026-07-02 03:45:00,2026-07-02 01:45:00,7477.4,7488.9,7477.0,7487.9,1663,4,0
2026-07-02 04:00:00,2026-07-02 02:00:00,7488.0,7496.7,7486.9,7496.4,1146,4,0
2026-07-02 04:15:00,2026-07-02 02:15:00,7496.4,7497.7,7493.4,7496.9,995,4,0
2026-07-02 04:30:00,2026-07-02 02:30:00,7496.9,7501.9,7496.4,7500.9,1097,4,0
2026-07-02 04:45:00,2026-07-02 02:45:00,7500.9,7503.4,7499.2,7499.8,1035,4,0
2026-07-02 05:00:00,2026-07-02 03:00:00,7499.8,7503.9,7498.4,7503.9,997,4,0
2026-07-02 05:15:00,2026-07-02 03:15:00,7503.9,7505.2,7500.4,7501.4,821,4,0
2026-07-02 05:30:00,2026-07-02 03:30:00,7501.5,7503.9,7500.2,7503.2,938,4,0
2026-07-02 05:45:00,2026-07-02 03:45:00,7503.2,7504.7,7502.2,7504.2,734,4,0
2026-07-02 06:00:00,2026-07-02 04:00:00,7504.2,7504.9,7499.2,7501.2,677,4,0
2026-07-02 06:15:00,2026-07-02 04:15:00,7501.2,7501.9,7496.9,7499.1,702,4,0
2026-07-02 06:30:00,2026-07-02 04:30:00,7499.1,7504.4,7498.5,7500.2,1204,4,0
2026-07-02 06:45:00,2026-07-02 04:45:00,7500.2,7503.3,7498.2,7501.7,1007,4,0
2026-07-02 07:00:00,2026-07-02 05:00:00,7501.7,7503.2,7496.2,7496.2,999,4,0
2026-07-02 07:15:00,2026-07-02 05:15:00,7496.2,7497.9,7493.9,7496.7,872,4,0
2026-07-02 07:30:00,2026-07-02 05:30:00,7496.7,7496.9,7489.3,7489.7,917,4,0
2026-07-02 07:45:00,2026-07-02 05:45:00,7489.7,7496.4,7488.9,7495.4,946,4,0
2026-07-02 08:00:00,2026-07-02 06:00:00,7495.4,7500.4,7493.2,7499.5,1139,4,0
2026-07-02 08:15:00,2026-07-02 06:15:00,7499.5,7501.9,7496.4,7496.7,1023,4,0
2026-07-02 08:30:00,2026-07-02 06:30:00,7496.7,7496.9,7488.8,7489.9,1364,4,0
2026-07-02 08:45:00,2026-07-02 06:45:00,7489.9,7491.9,7488.2,7489.7,1100,4,0
2026-07-02 09:00:00,2026-07-02 07:00:00,7489.7,7491.7,7480.5,7481.0,1153,4,0
2026-07-02 09:15:00,2026-07-02 07:15:00,7481.0,7485.5,7480.5,7481.0,1160,4,0
2026-07-02 09:30:00,2026-07-02 07:30:00,7480.7,7487.0,7480.7,7482.5,872,4,0
2026-07-02 09:45:00,2026-07-02 07:45:00,7482.6,7483.0,7473.6,7477.5,1148,4,0
2026-07-02 10:00:00,2026-07-02 08:00:00,7477.7,7479.2,7467.2,7468.2,1392,4,0
2026-07-02 10:15:00,2026-07-02 08:15:00,7468.2,7473.0,7467.3,7472.2,1431,4,0
2026-07-02 10:30:00,2026-07-02 08:30:00,7472.2,7484.0,7471.6,7483.0,1137,4,0
2026-07-02 10:45:00,2026-07-02 08:45:00,7483.0,7483.2,7477.7,7478.3,1147,4,0
2026-07-02 11:00:00,2026-07-02 09:00:00,7478.2,7481.2,7469.5,7471.5,1694,4,0
2026-07-02 11:15:00,2026-07-02 09:15:00,7471.5,7485.0,7471.0,7483.0,1278,4,0
2026-07-02 11:30:00,2026-07-02 09:30:00,7483.0,7490.0,7481.7,7486.5,1183,4,0
2026-07-02 11:45:00,2026-07-02 09:45:00,7486.5,7492.0,7485.7,7489.3,993,4,0
2026-07-02 12:00:00,2026-07-02 10:00:00,7489.2,7489.3,7481.7,7484.5,1087,4,0
2026-07-02 12:15:00,2026-07-02 10:15:00,7484.5,7485.5,7482.2,7484.8,915,4,0
2026-07-02 12:30:00,2026-07-02 10:30:00,7484.8,7489.5,7484.5,7487.7,964,4,0
2026-07-02 12:45:00,2026-07-02 10:45:00,7487.7,7487.7,7483.2,7484.2,810,4,0
2026-07-02 13:00:00,2026-07-02 11:00:00,7484.2,7484.3,7479.0,7481.2,936,4,0
2026-07-02 13:15:00,2026-07-02 11:15:00,7481.2,7485.5,7480.5,7484.7,797,4,0
2026-07-02 13:30:00,2026-07-02 11:30:00,7484.7,7491.0,7484.7,7488.7,791,4,0
2026-07-02 13:45:00,2026-07-02 11:45:00,7488.6,7491.0,7486.2,7489.8,550,4,0
2026-07-02 14:00:00,2026-07-02 12:00:00,7489.8,7491.3,7485.7,7490.2,979,4,0
2026-07-02 14:15:00,2026-07-02 12:15:00,7490.2,7491.2,7486.2,7490.0,735,4,0
2026-07-02 14:30:00,2026-07-02 12:30:00,7490.0,7495.0,7488.7,7494.3,840,4,0
2026-07-02 14:45:00,2026-07-02 12:45:00,7494.4,7496.6,7490.7,7490.7,691,4,0
2026-07-02 15:00:00,2026-07-02 13:00:00,7490.5,7498.7,7488.2,7497.6,961,4,0
2026-07-02 15:15:00,2026-07-02 13:15:00,7497.7,7503.5,7496.7,7502.9,1107,4,0
2026-07-02 15:30:00,2026-07-02 13:30:00,7502.9,7523.5,7502.7,7517.2,2594,4,0
2026-07-02 15:45:00,2026-07-02 13:45:00,7517.2,7520.7,7504.7,7509.0,1776,4,0
2026-07-02 16:00:00,2026-07-02 14:00:00,7508.7,7512.5,7499.7,7501.5,1601,4,0
2026-07-02 16:15:00,2026-07-02 14:15:00,7501.5,7508.5,7499.7,7502.1,1284,4,0
2026-07-02 16:30:00,2026-07-02 14:30:00,7502.2,7530.5,7499.0,7526.2,2674,4,0
2026-07-02 16:45:00,2026-07-02 14:45:00,7525.5,7541.0,7523.2,7535.7,2032,4,0
2026-07-02 17:00:00,2026-07-02 15:00:00,7535.6,7540.5,7524.7,7538.0,1750,4,0
2026-07-02 17:15:00,2026-07-02 15:15:00,7538.0,7540.0,7503.7,7506.7,2407,4,0
2026-07-02 17:30:00,2026-07-02 15:30:00,7507.0,7521.5,7491.0,7496.2,2775,4,0
2026-07-02 17:45:00,2026-07-02 15:45:00,7496.5,7504.6,7487.5,7504.2,2740,4,0
2026-07-02 18:00:00,2026-07-02 16:00:00,7504.2,7506.0,7470.0,7488.7,2744,4,0
2026-07-02 18:15:00,2026-07-02 16:15:00,7488.2,7491.5,7471.2,7476.5,2600,4,0
2026-07-02 18:30:00,2026-07-02 16:30:00,7476.5,7494.5,7476.2,7481.2,2221,4,0
2026-07-02 18:45:00,2026-07-02 16:45:00,7480.7,7484.7,7468.0,7474.0,2152,4,0
2026-07-02 19:00:00,2026-07-02 17:00:00,7474.0,7476.5,7464.5,7472.2,1889,4,0
2026-07-02 19:15:00,2026-07-02 17:15:00,7472.2,7473.5,7461.0,7463.0,1726,4,0
2026-07-02 19:30:00,2026-07-02 17:30:00,7463.0,7463.2,7448.5,7459.7,1687,4,0
2026-07-02 19:45:00,2026-07-02 17:45:00,7459.7,7460.5,7445.2,7448.7,1570,4,0
2026-07-02 20:00:00,2026-07-02 18:00:00,7448.7,7449.7,7430.2,7444.5,1891,4,0
2026-07-02 20:15:00,2026-07-02 18:15:00,7444.5,7448.5,7438.5,7442.0,1541,4,0
2026-07-02 20:30:00,2026-07-02 18:30:00,7442.1,7447.7,7431.0,7437.7,1711,4,0
2026-07-02 20:45:00,2026-07-02 18:45:00,7437.7,7438.0,7427.0,7429.2,1494,4,0
2026-07-02 21:00:00,2026-07-02 19:00:00,7429.2,7455.7,7427.2,7449.0,1587,4,0
2026-07-02 21:15:00,2026-07-02 19:15:00,7449.0,7453.7,7440.7,7453.7,1448,4,0
2026-07-02 21:30:00,2026-07-02 19:30:00,7453.7,7460.0,7453.0,7457.5,1213,4,0
2026-07-02 21:45:00,2026-07-02 19:45:00,7457.5,7461.5,7452.2,7456.2,1273,4,0
2026-07-02 22:00:00,2026-07-02 20:00:00,7456.2,7457.7,7439.0,7446.7,1687,4,0
2026-07-02 22:15:00,2026-07-02 20:15:00,7446.7,7452.5,7440.7,7449.2,1320,4,0
2026-07-02 22:30:00,2026-07-02 20:30:00,7449.4,7460.0,7447.9,7459.0,1145,4,0
2026-07-02 22:45:00,2026-07-02 20:45:00,7459.0,7481.0,7456.0,7472.8,1652,4,0
2026-07-02 23:00:00,2026-07-02 21:00:00,7473.4,7474.2,7464.9,7471.2,901,4,0
2026-07-02 23:15:00,2026-07-02 21:15:00,7471.2,7471.9,7466.9,7468.0,375,4,0
2026-07-02 23:30:00,2026-07-02 21:30:00,7468.2,7471.7,7466.4,7466.7,336,4,0
2026-07-02 23:45:00,2026-07-02 21:45:00,7466.7,7471.0,7466.4,7470.8,285,4,0
2026-07-03 01:00:00,2026-07-02 23:00:00,7474.7,7477.1,7472.2,7476.6,490,4,0
2026-07-03 01:15:00,2026-07-02 23:15:00,7476.6,7479.3,7476.6,7477.0,306,4,0
2026-07-03 01:30:00,2026-07-02 23:30:00,7477.0,7483.5,7475.5,7483.3,415,4,0
2026-07-03 01:45:00,2026-07-02 23:45:00,7483.3,7483.7,7480.6,7483.3,317,4,0
2026-07-03 02:00:00,2026-07-03 00:00:00,7483.3,7483.8,7477.5,7477.6,549,4,0
2026-07-03 02:15:00,2026-07-03 00:15:00,7477.8,7484.8,7477.7,7484.0,627,4,0
2026-07-03 02:30:00,2026-07-03 00:30:00,7484.0,7485.7,7481.1,7481.3,635,4,0
2026-07-03 02:45:00,2026-07-03 00:45:00,7481.3,7485.1,7480.7,7484.2,1088,4,0
2026-07-03 03:00:00,2026-07-03 01:00:00,7483.5,7488.2,7475.3,7485.0,2196,4,0
2026-07-03 03:15:00,2026-07-03 01:15:00,7485.0,7485.6,7478.1,7478.8,2067,4,0
2026-07-03 03:30:00,2026-07-03 01:30:00,7478.7,7485.0,7475.3,7479.1,2071,4,0
2026-07-03 03:45:00,2026-07-03 01:45:00,7479.1,7481.3,7475.6,7478.0,1861,4,0
2026-07-03 04:00:00,2026-07-03 02:00:00,7478.0,7497.8,7477.3,7495.3,2051,4,0
2026-07-03 04:15:00,2026-07-03 02:15:00,7495.3,7497.8,7492.6,7495.6,1556,4,0
2026-07-03 04:30:00,2026-07-03 02:30:00,7495.6,7498.7,7494.1,7497.8,1347,4,0
2026-07-03 04:45:00,2026-07-03 02:45:00,7497.8,7498.6,7495.8,7497.2,1102,4,0
2026-07-03 05:00:00,2026-07-03 03:00:00,7497.3,7500.6,7496.8,7497.1,967,4,0
2026-07-03 05:15:00,2026-07-03 03:15:00,7497.1,7500.6,7496.8,7500.3,790,4,0
2026-07-03 05:30:00,2026-07-03 03:30:00,7500.3,7500.8,7496.3,7497.8,754,4,0
2026-07-03 05:45:00,2026-07-03 03:45:00,7497.8,7501.3,7497.8,7500.6,573,4,0
2026-07-03 06:00:00,2026-07-03 04:00:00,7500.6,7500.6,7497.6,7499.6,668,4,0
2026-07-03 06:15:00,2026-07-03 04:15:00,7499.6,7502.1,7499.1,7501.8,430,4,0
2026-07-03 06:30:00,2026-07-03 04:30:00,7501.8,7503.3,7496.3,7496.5,906,4,0
2026-07-03 06:45:00,2026-07-03 04:45:00,7496.5,7502.3,7495.8,7502.0,760,4,0
2026-07-03 07:00:00,2026-07-03 05:00:00,7502.1,7503.1,7501.2,7502.8,597,4,0
2026-07-03 07:15:00,2026-07-03 05:15:00,7502.8,7504.0,7502.3,7503.8,459,4,0
2026-07-03 07:30:00,2026-07-03 05:30:00,7503.8,7504.6,7501.8,7504.1,525,4,0
2026-07-03 07:45:00,2026-07-03 05:45:00,7504.1,7505.1,7502.1,7502.7,575,4,0
2026-07-03 08:00:00,2026-07-03 06:00:00,7502.6,7503.6,7498.6,7500.8,867,4,0
2026-07-03 08:15:00,2026-07-03 06:15:00,7500.8,7501.1,7498.3,7500.8,580,4,0
2026-07-03 08:30:00,2026-07-03 06:30:00,7500.7,7503.6,7499.8,7500.1,729,4,0
2026-07-03 08:45:00,2026-07-03 06:45:00,7500.1,7502.8,7499.3,7502.3,651,4,0
2026-07-03 09:00:00,2026-07-03 07:00:00,7502.3,7509.1,7501.8,7507.4,734,4,0
2026-07-03 09:15:00,2026-07-03 07:15:00,7507.4,7507.9,7504.1,7506.2,486,4,0
2026-07-03 09:30:00,2026-07-03 07:30:00,7506.2,7513.1,7505.4,7511.1,536,4,0
2026-07-03 09:45:00,2026-07-03 07:45:00,7511.1,7511.4,7506.1,7506.4,333,4,0
2026-07-03 10:00:00,2026-07-03 08:00:00,7506.4,7508.6,7504.8,7505.4,704,4,0
2026-07-03 10:15:00,2026-07-03 08:15:00,7505.4,7506.4,7503.4,7504.7,591,4,0
2026-07-03 10:30:00,2026-07-03 08:30:00,7504.7,7505.4,7501.1,7501.1,428,4,0
2026-07-03 10:45:00,2026-07-03 08:45:00,7501.1,7502.2,7499.6,7499.9,482,4,0
2026-07-03 11:00:00,2026-07-03 09:00:00,7499.9,7501.3,7498.2,7499.2,625,4,0
2026-07-03 11:15:00,2026-07-03 09:15:00,7499.2,7500.5,7497.5,7498.5,693,4,0
2026-07-03 11:30:00,2026-07-03 09:30:00,7498.6,7500.9,7497.1,7499.9,623,4,0
2026-07-03 11:45:00,2026-07-03 09:45:00,7499.9,7500.1,7494.4,7495.4,605,4,0
2026-07-03 12:00:00,2026-07-03 10:00:00,7495.4,7499.0,7493.9,7499.0,578,4,0
2026-07-03 12:15:00,2026-07-03 10:15:00,7498.9,7500.1,7497.4,7498.9,604,4,0
2026-07-03 12:30:00,2026-07-03 10:30:00,7498.9,7501.1,7497.2,7500.1,460,4,0
2026-07-03 12:45:00,2026-07-03 10:45:00,7500.1,7500.9,7496.4,7496.6,504,4,0
2026-07-03 13:00:00,2026-07-03 11:00:00,7496.6,7499.1,7495.1,7498.6,446,4,0
2026-07-03 13:15:00,2026-07-03 11:15:00,7498.6,7500.0,7497.1,7499.1,290,4,0
2026-07-03 13:30:00,2026-07-03 11:30:00,7499.1,7501.5,7498.9,7501.4,364,4,0
2026-07-03 13:45:00,2026-07-03 11:45:00,7501.4,7501.9,7499.4,7499.9,338,4,0
2026-07-03 14:00:00,2026-07-03 12:00:00,7499.9,7499.9,7496.2,7497.4,387,4,0
2026-07-03 14:15:00,2026-07-03 12:15:00,7497.4,7498.0,7494.6,7495.6,288,4,0
2026-07-03 14:30:00,2026-07-03 12:30:00,7495.9,7497.6,7494.9,7496.6,398,4,0
2026-07-03 14:45:00,2026-07-03 12:45:00,7496.6,7500.6,7496.4,7500.4,354,4,0
2026-07-03 15:00:00,2026-07-03 13:00:00,7500.4,7504.5,7498.6,7499.4,451,4,0
2026-07-03 15:15:00,2026-07-03 13:15:00,7499.4,7500.0,7497.1,7498.9,395,4,0
2026-07-03 15:30:00,2026-07-03 13:30:00,7499.0,7500.6,7498.1,7499.4,368,4,0
2026-07-03 15:45:00,2026-07-03 13:45:00,7499.4,7501.1,7499.4,7500.6,261,4,0
2026-07-03 16:00:00,2026-07-03 14:00:00,7500.6,7502.4,7499.1,7499.6,274,4,0
2026-07-03 16:15:00,2026-07-03 14:15:00,7499.6,7503.1,7499.6,7502.5,246,4,0
2026-07-03 16:30:00,2026-07-03 14:30:00,7502.6,7507.1,7500.4,7500.9,522,4,0
2026-07-03 16:45:00,2026-07-03 14:45:00,7500.9,7502.6,7497.4,7502.1,429,4,0
2026-07-03 17:00:00,2026-07-03 15:00:00,7502.1,7502.6,7498.4,7499.1,357,4,0
2026-07-03 17:15:00,2026-07-03 15:15:00,7499.1,7503.9,7499.0,7502.6,357,4,0
2026-07-03 17:30:00,2026-07-03 15:30:00,7502.6,7509.6,7502.4,7506.6,238,4,0
2026-07-03 17:45:00,2026-07-03 15:45:00,7506.6,7509.1,7505.9,7508.1,280,4,0
2026-07-03 18:00:00,2026-07-03 16:00:00,7508.1,7508.4,7505.1,7506.4,249,4,0
2026-07-03 18:15:00,2026-07-03 16:15:00,7506.4,7508.4,7503.1,7503.4,219,4,0
2026-07-03 18:30:00,2026-07-03 16:30:00,7503.4,7506.1,7502.4,7505.6,237,4,0
2026-07-03 18:45:00,2026-07-03 16:45:00,7505.7,7508.1,7505.4,7506.9,108,4,0
2026-07-03 19:00:00,2026-07-03 17:00:00,7506.9,7506.9,7504.8,7505.1,89,4,0
2026-07-03 19:15:00,2026-07-03 17:15:00,7505.1,7506.6,7502.6,7502.9,147,4,0
2026-07-03 19:30:00,2026-07-03 17:30:00,7502.9,7506.9,7501.9,7506.4,121,4,0
2026-07-03 19:45:00,2026-07-03 17:45:00,7506.5,7507.1,7503.0,7505.1,317,4,0
2026-07-03 20:00:00,2026-07-03 18:00:00,7505.0,7505.0,7504.6,7504.6,2,4,0
2026-07-06 01:00:00,2026-07-05 23:00:00,7515.9,7515.9,7501.7,7507.2,1280,4,0
2026-07-06 01:15:00,2026-07-05 23:15:00,7507.2,7512.2,7506.0,7511.3,833,4,0
2026-07-06 01:30:00,2026-07-05 23:30:00,7511.5,7516.1,7511.5,7515.6,617,4,0
2026-07-06 01:45:00,2026-07-05 23:45:00,7515.6,7517.8,7511.8,7512.6,492,4,0
2026-07-06 02:00:00,2026-07-06 00:00:00,7512.6,7518.3,7510.8,7518.0,796,4,0
2026-07-06 02:15:00,2026-07-06 00:15:00,7518.1,7518.8,7514.6,7515.3,466,4,0
2026-07-06 02:30:00,2026-07-06 00:30:00,7515.3,7518.3,7514.6,7515.3,418,4,0
2026-07-06 02:45:00,2026-07-06 00:45:00,7515.3,7520.6,7514.0,7519.7,1138,4,0
2026-07-06 03:00:00,2026-07-06 01:00:00,7519.8,7520.3,7509.7,7520.0,2029,4,0
2026-07-06 03:15:00,2026-07-06 01:15:00,7520.0,7523.8,7509.6,7509.8,1811,4,0
2026-07-06 03:30:00,2026-07-06 01:30:00,7509.8,7517.3,7507.1,7516.1,1888,4,0
2026-07-06 03:45:00,2026-07-06 01:45:00,7516.2,7520.6,7514.5,7515.8,1500,4,0
2026-07-06 04:00:00,2026-07-06 02:00:00,7515.7,7516.3,7510.1,7512.9,1715,4,0
2026-07-06 04:15:00,2026-07-06 02:15:00,7513.0,7514.1,7502.6,7506.2,1690,4,0
2026-07-06 04:30:00,2026-07-06 02:30:00,7506.3,7511.6,7506.1,7507.5,1822,4,0
2026-07-06 04:45:00,2026-07-06 02:45:00,7507.5,7507.5,7499.8,7503.3,1743,4,0
2026-07-06 05:00:00,2026-07-06 03:00:00,7503.3,7505.6,7498.1,7498.8,1519,4,0
2026-07-06 05:15:00,2026-07-06 03:15:00,7498.8,7500.6,7496.5,7497.1,1467,4,0
2026-07-06 05:30:00,2026-07-06 03:30:00,7497.1,7498.1,7491.1,7491.8,1411,4,0
2026-07-06 05:45:00,2026-07-06 03:45:00,7491.8,7495.1,7490.3,7494.1,1159,4,0
2026-07-06 06:00:00,2026-07-06 04:00:00,7494.1,7497.0,7491.5,7494.2,1059,4,0
2026-07-06 06:15:00,2026-07-06 04:15:00,7494.2,7496.1,7492.6,7495.8,1017,4,0
2026-07-06 06:30:00,2026-07-06 04:30:00,7495.8,7497.7,7491.6,7491.6,1271,4,0
2026-07-06 06:45:00,2026-07-06 04:45:00,7491.6,7493.1,7488.1,7492.2,1269,4,0
2026-07-06 07:00:00,2026-07-06 05:00:00,7492.2,7496.8,7489.7,7496.6,1032,4,0
2026-07-06 07:15:00,2026-07-06 05:15:00,7496.6,7498.2,7495.6,7497.8,725,4,0
2026-07-06 07:30:00,2026-07-06 05:30:00,7497.8,7501.6,7497.1,7500.8,759,4,0
2026-07-06 07:45:00,2026-07-06 05:45:00,7500.8,7502.8,7499.3,7502.2,866,4,0
2026-07-06 08:00:00,2026-07-06 06:00:00,7502.2,7504.1,7499.3,7502.8,1014,4,0
2026-07-06 08:15:00,2026-07-06 06:15:00,7502.8,7504.6,7498.6,7498.8,915,4,0
2026-07-06 08:30:00,2026-07-06 06:30:00,7498.8,7501.8,7495.0,7500.6,1183,4,0
2026-07-06 08:45:00,2026-07-06 06:45:00,7500.6,7502.3,7498.1,7499.8,983,4,0
2026-07-06 09:00:00,2026-07-06 07:00:00,7499.8,7502.1,7496.4,7496.9,1051,4,0
2026-07-06 09:15:00,2026-07-06 07:15:00,7496.9,7501.9,7496.4,7500.9,775,4,0
2026-07-06 09:30:00,2026-07-06 07:30:00,7501.1,7505.6,7500.2,7504.7,657,4,0
2026-07-06 09:45:00,2026-07-06 07:45:00,7504.7,7504.9,7502.5,7504.4,468,4,0
2026-07-06 10:00:00,2026-07-06 08:00:00,7504.4,7507.9,7502.5,7506.4,865,4,0
2026-07-06 10:15:00,2026-07-06 08:15:00,7506.4,7508.9,7504.6,7505.4,652,4,0
2026-07-06 10:30:00,2026-07-06 08:30:00,7505.4,7512.7,7504.7,7512.6,599,4,0
2026-07-06 10:45:00,2026-07-06 08:45:00,7512.6,7513.4,7511.1,7512.9,468,4,0
2026-07-06 11:00:00,2026-07-06 09:00:00,7512.9,7516.6,7508.6,7510.4,847,4,0
2026-07-06 11:15:00,2026-07-06 09:15:00,7510.4,7512.6,7506.4,7512.1,771,4,0
2026-07-06 11:30:00,2026-07-06 09:30:00,7512.1,7512.4,7507.9,7511.6,690,4,0
2026-07-06 11:45:00,2026-07-06 09:45:00,7511.6,7513.4,7509.9,7512.9,602,4,0
2026-07-06 12:00:00,2026-07-06 10:00:00,7512.9,7513.1,7508.9,7509.9,702,4,0
2026-07-06 12:15:00,2026-07-06 10:15:00,7509.9,7512.6,7508.9,7512.4,643,4,0
2026-07-06 12:30:00,2026-07-06 10:30:00,7512.4,7512.6,7508.9,7510.1,542,4,0
2026-07-06 12:45:00,2026-07-06 10:45:00,7510.1,7515.4,7507.4,7515.0,648,4,0
2026-07-06 13:00:00,2026-07-06 11:00:00,7515.0,7516.4,7510.6,7514.9,580,4,0
2026-07-06 13:15:00,2026-07-06 11:15:00,7514.9,7515.7,7512.4,7512.6,385,4,0
2026-07-06 13:30:00,2026-07-06 11:30:00,7512.6,7515.6,7510.9,7510.9,387,4,0
2026-07-06 13:45:00,2026-07-06 11:45:00,7510.9,7513.1,7509.4,7513.1,567,4,0
2026-07-06 14:00:00,2026-07-06 12:00:00,7513.1,7515.1,7508.1,7509.9,795,4,0
2026-07-06 14:15:00,2026-07-06 12:15:00,7509.9,7513.1,7509.4,7510.1,585,4,0
2026-07-06 14:30:00,2026-07-06 12:30:00,7510.0,7512.5,7509.4,7510.9,544,4,0
2026-07-06 14:45:00,2026-07-06 12:45:00,7510.9,7512.9,7506.3,7506.6,566,4,0
2026-07-06 15:00:00,2026-07-06 13:00:00,7506.6,7513.2,7505.4,7512.6,847,4,0
2026-07-06 15:15:00,2026-07-06 13:15:00,7512.6,7514.4,7506.1,7508.4,711,4,0
2026-07-06 15:30:00,2026-07-06 13:30:00,7508.2,7513.4,7506.6,7509.1,612,4,0
2026-07-06 15:45:00,2026-07-06 13:45:00,7509.1,7512.6,7509.0,7512.6,380,4,0
2026-07-06 16:00:00,2026-07-06 14:00:00,7512.6,7513.6,7504.9,7505.4,422,4,0
2026-07-06 16:15:00,2026-07-06 14:15:00,7505.4,7514.6,7502.1,7514.6,615,4,0
2026-07-06 16:30:00,2026-07-06 14:30:00,7513.9,7522.9,7502.4,7515.0,2447,4,0
2026-07-06 16:45:00,2026-07-06 14:45:00,7515.0,7523.9,7510.9,7514.2,2160,4,0
2026-07-06 17:00:00,2026-07-06 15:00:00,7514.0,7523.4,7509.0,7523.0,1975,4,0
2026-07-06 17:15:00,2026-07-06 15:15:00,7522.9,7528.9,7518.6,7528.6,1320,4,0
2026-07-06 17:30:00,2026-07-06 15:30:00,7528.6,7530.9,7520.4,7525.9,1213,4,0
2026-07-06 17:45:00,2026-07-06 15:45:00,7525.9,7532.4,7523.9,7532.1,995,4,0
2026-07-06 18:00:00,2026-07-06 16:00:00,7532.1,7533.4,7527.9,7530.6,1014,4,0
2026-07-06 18:15:00,2026-07-06 16:15:00,7530.6,7537.1,7525.4,7537.1,1001,4,0
2026-07-06 18:30:00,2026-07-06 16:30:00,7537.1,7538.9,7532.9,7537.4,747,4,0
2026-07-06 18:45:00,2026-07-06 16:45:00,7537.4,7538.9,7535.4,7537.6,442,4,0
2026-07-06 19:00:00,2026-07-06 17:00:00,7537.6,7540.1,7535.6,7538.9,374,4,0
2026-07-06 19:15:00,2026-07-06 17:15:00,7538.9,7540.4,7534.9,7535.6,396,4,0
2026-07-06 19:30:00,2026-07-06 17:30:00,7535.6,7536.9,7533.1,7536.4,439,4,0
2026-07-06 19:45:00,2026-07-06 17:45:00,7536.4,7540.1,7532.9,7533.9,479,4,0
2026-07-06 20:00:00,2026-07-06 18:00:00,7533.9,7544.6,7533.1,7542.9,577,4,0
2026-07-06 20:15:00,2026-07-06 18:15:00,7542.9,7543.6,7535.4,7536.1,500,4,0
2026-07-06 20:30:00,2026-07-06 18:30:00,7536.1,7536.6,7525.4,7529.6,860,4,0
2026-07-06 20:45:00,2026-07-06 18:45:00,7529.6,7534.1,7527.4,7529.9,629,4,0
2026-07-06 21:00:00,2026-07-06 19:00:00,7530.0,7539.9,7530.0,7539.1,596,4,0
2026-07-06 21:15:00,2026-07-06 19:15:00,7539.1,7544.9,7539.1,7542.1,423,4,0
2026-07-06 21:30:00,2026-07-06 19:30:00,7542.1,7543.9,7538.9,7540.9,397,4,0
2026-07-06 21:45:00,2026-07-06 19:45:00,7541.1,7548.9,7540.9,7548.1,450,4,0
2026-07-06 22:00:00,2026-07-06 20:00:00,7548.1,7549.9,7545.1,7546.1,525,4,0
2026-07-06 22:15:00,2026-07-06 20:15:00,7546.1,7552.4,7545.1,7550.9,469,4,0
2026-07-06 22:30:00,2026-07-06 20:30:00,7550.9,7551.1,7545.9,7548.4,538,4,0
2026-07-06 22:45:00,2026-07-06 20:45:00,7548.4,7550.4,7537.9,7542.6,1105,4,0
2026-07-06 23:00:00,2026-07-06 21:00:00,7542.6,7547.3,7541.3,7546.3,576,4,0
2026-07-06 23:15:00,2026-07-06 21:15:00,7546.3,7548.1,7544.3,7545.6,282,4,0
2026-07-06 23:30:00,2026-07-06 21:30:00,7545.6,7546.8,7545.1,7546.6,106,4,0
2026-07-06 23:45:00,2026-07-06 21:45:00,7546.6,7546.8,7544.1,7546.3,170,4,0
2026-07-07 01:00:00,2026-07-06 23:00:00,7548.2,7550.3,7546.9,7550.2,442,4,0
2026-07-07 01:15:00,2026-07-06 23:15:00,7550.2,7551.7,7549.3,7549.5,284,4,0
2026-07-07 01:30:00,2026-07-06 23:30:00,7549.5,7551.5,7548.4,7549.7,299,4,0
2026-07-07 01:45:00,2026-07-06 23:45:00,7549.7,7549.7,7543.7,7545.0,488,4,0
2026-07-07 02:00:00,2026-07-07 00:00:00,7544.7,7548.7,7544.5,7546.6,402,4,0
2026-07-07 02:15:00,2026-07-07 00:15:00,7546.6,7546.7,7542.5,7543.7,460,4,0
2026-07-07 02:30:00,2026-07-07 00:30:00,7543.7,7544.7,7540.7,7541.0,365,4,0
2026-07-07 02:45:00,2026-07-07 00:45:00,7541.0,7541.1,7535.2,7536.5,824,4,0
2026-07-07 03:00:00,2026-07-07 01:00:00,7536.6,7541.2,7534.3,7537.1,1543,4,0
2026-07-07 03:15:00,2026-07-07 01:15:00,7537.1,7545.7,7536.0,7541.0,1347,4,0
2026-07-07 03:30:00,2026-07-07 01:30:00,7541.0,7541.8,7534.5,7537.7,1278,4,0
2026-07-07 03:45:00,2026-07-07 01:45:00,7538.0,7540.2,7535.7,7535.8,1246,4,0
2026-07-07 04:00:00,2026-07-07 02:00:00,7536.0,7538.2,7534.7,7535.8,1273,4,0
2026-07-07 04:15:00,2026-07-07 02:15:00,7535.8,7537.0,7531.7,7532.6,866,4,0
2026-07-07 04:30:00,2026-07-07 02:30:00,7532.6,7537.0,7530.0,7536.7,1273,4,0
2026-07-07 04:45:00,2026-07-07 02:45:00,7536.7,7539.5,7533.7,7534.2,975,4,0
2026-07-07 05:00:00,2026-07-07 03:00:00,7534.2,7538.1,7533.2,7536.7,1178,4,0
2026-07-07 05:15:00,2026-07-07 03:15:00,7536.7,7538.0,7533.2,7533.2,858,4,0
2026-07-07 05:30:00,2026-07-07 03:30:00,7533.2,7534.0,7530.7,7533.2,825,4,0
2026-07-07 05:45:00,2026-07-07 03:45:00,7533.2,7533.2,7529.5,7530.0,701,4,0
2026-07-07 06:00:00,2026-07-07 04:00:00,7530.0,7534.1,7529.7,7530.7,771,4,0
2026-07-07 06:15:00,2026-07-07 04:15:00,7530.7,7531.0,7525.7,7526.0,613,4,0
2026-07-07 06:30:00,2026-07-07 04:30:00,7526.0,7527.8,7524.2,7525.5,971,4,0
2026-07-07 06:45:00,2026-07-07 04:45:00,7525.5,7525.5,7521.5,7524.7,839,4,0
2026-07-07 07:00:00,2026-07-07 05:00:00,7524.9,7525.7,7522.5,7522.5,945,4,0
2026-07-07 07:15:00,2026-07-07 05:15:00,7522.5,7523.2,7520.2,7522.0,637,4,0
2026-07-07 07:30:00,2026-07-07 05:30:00,7522.0,7524.0,7518.5,7519.6,666,4,0
2026-07-07 07:45:00,2026-07-07 05:45:00,7519.6,7520.2,7517.6,7519.5,348,4,0
2026-07-07 08:00:00,2026-07-07 06:00:00,7519.5,7519.5,7515.7,7516.2,348,4,0
2026-07-07 08:15:00,2026-07-07 06:15:00,7516.2,7517.5,7514.0,7516.7,729,4,0
2026-07-07 08:30:00,2026-07-07 06:30:00,7516.7,7523.2,7516.7,7521.6,1137,4,0
2026-07-07 08:45:00,2026-07-07 06:45:00,7521.7,7525.7,7519.5,7524.2,731,4,0
2026-07-07 09:00:00,2026-07-07 07:00:00,7524.2,7525.5,7517.7,7518.5,749,4,0
2026-07-07 09:15:00,2026-07-07 07:15:00,7518.5,7522.7,7518.2,7521.5,779,4,0
2026-07-07 09:30:00,2026-07-07 07:30:00,7521.5,7524.2,7519.9,7524.2,612,4,0
2026-07-07 09:45:00,2026-07-07 07:45:00,7524.2,7525.2,7521.2,7524.5,320,4,0
2026-07-07 10:00:00,2026-07-07 08:00:00,7524.5,7528.5,7522.2,7527.5,783,4,0
2026-07-07 10:15:00,2026-07-07 08:15:00,7527.2,7530.7,7527.2,7530.0,625,4,0
2026-07-07 10:30:00,2026-07-07 08:30:00,7530.0,7530.2,7527.5,7527.7,536,4,0
2026-07-07 10:45:00,2026-07-07 08:45:00,7527.7,7528.9,7522.7,7523.0,406,4,0
2026-07-07 11:00:00,2026-07-07 09:00:00,7523.0,7529.2,7522.0,7528.6,832,4,0
2026-07-07 11:15:00,2026-07-07 09:15:00,7528.6,7532.5,7528.0,7532.5,616,4,0
2026-07-07 11:30:00,2026-07-07 09:30:00,7532.5,7533.7,7530.7,7531.9,462,4,0
2026-07-07 11:45:00,2026-07-07 09:45:00,7532.0,7533.2,7529.2,7529.7,402,4,0
2026-07-07 12:00:00,2026-07-07 10:00:00,7529.7,7533.5,7527.2,7533.2,600,4,0
2026-07-07 12:15:00,2026-07-07 10:15:00,7533.2,7534.1,7531.0,7531.2,408,4,0
2026-07-07 12:30:00,2026-07-07 10:30:00,7531.2,7533.2,7529.0,7532.5,586,4,0
2026-07-07 12:45:00,2026-07-07 10:45:00,7532.5,7533.5,7530.7,7532.7,517,4,0
2026-07-07 13:00:00,2026-07-07 11:00:00,7532.7,7535.2,7529.5,7530.0,584,4,0
2026-07-07 13:15:00,2026-07-07 11:15:00,7530.0,7534.2,7529.7,7532.2,528,4,0
2026-07-07 13:30:00,2026-07-07 11:30:00,7532.2,7532.2,7529.2,7529.7,483,4,0
2026-07-07 13:45:00,2026-07-07 11:45:00,7529.7,7530.4,7524.2,7528.2,521,4,0
2026-07-07 14:00:00,2026-07-07 12:00:00,7528.2,7528.9,7523.0,7524.7,887,4,0
2026-07-07 14:15:00,2026-07-07 12:15:00,7524.7,7529.0,7524.5,7526.5,436,4,0
2026-07-07 14:30:00,2026-07-07 12:30:00,7526.5,7526.7,7523.2,7526.0,609,4,0
2026-07-07 14:45:00,2026-07-07 12:45:00,7526.0,7530.2,7524.2,7529.7,490,4,0
2026-07-07 15:00:00,2026-07-07 13:00:00,7529.7,7536.5,7529.0,7534.5,625,4,0
2026-07-07 15:15:00,2026-07-07 13:15:00,7534.5,7535.0,7529.7,7534.4,710,4,0
2026-07-07 15:30:00,2026-07-07 13:30:00,7534.4,7537.7,7531.7,7536.5,551,4,0
2026-07-07 15:45:00,2026-07-07 13:45:00,7536.5,7537.0,7529.7,7531.7,455,4,0
2026-07-07 16:00:00,2026-07-07 14:00:00,7531.7,7532.2,7526.5,7531.5,609,4,0
2026-07-07 16:15:00,2026-07-07 14:15:00,7531.5,7534.0,7529.2,7531.5,773,4,0
2026-07-07 16:30:00,2026-07-07 14:30:00,7531.5,7538.4,7521.0,7531.0,2218,4,0
2026-07-07 16:45:00,2026-07-07 14:45:00,7530.8,7531.3,7511.5,7517.3,2144,4,0
2026-07-07 17:00:00,2026-07-07 15:00:00,7517.3,7520.8,7498.5,7499.0,2131,4,0
2026-07-07 17:15:00,2026-07-07 15:15:00,7498.9,7506.0,7489.5,7495.8,2162,4,0
2026-07-07 17:30:00,2026-07-07 15:30:00,7495.3,7498.5,7480.5,7485.5,2043,4,0
2026-07-07 17:45:00,2026-07-07 15:45:00,7486.0,7497.3,7485.3,7492.8,1767,4,0
2026-07-07 18:00:00,2026-07-07 16:00:00,7492.8,7495.0,7487.5,7488.8,1617,4,0
2026-07-07 18:15:00,2026-07-07 16:15:00,7488.8,7491.5,7485.5,7491.5,1454,4,0
2026-07-07 18:30:00,2026-07-07 16:30:00,7491.5,7492.5,7482.5,7492.3,1219,4,0
2026-07-07 18:45:00,2026-07-07 16:45:00,7492.3,7502.0,7492.0,7501.8,1123,4,0
2026-07-07 19:00:00,2026-07-07 17:00:00,7501.8,7510.0,7500.8,7508.8,984,4,0
2026-07-07 19:15:00,2026-07-07 17:15:00,7508.8,7518.0,7506.8,7516.3,957,4,0
2026-07-07 19:30:00,2026-07-07 17:30:00,7516.0,7518.5,7510.8,7517.0,759,4,0
2026-07-07 19:45:00,2026-07-07 17:45:00,7517.0,7519.5,7513.8,7518.3,612,4,0
2026-07-07 20:00:00,2026-07-07 18:00:00,7518.3,7521.8,7516.0,7516.5,656,4,0
2026-07-07 20:15:00,2026-07-07 18:15:00,7516.5,7520.3,7512.8,7517.0,792,4,0
2026-07-07 20:30:00,2026-07-07 18:30:00,7517.0,7521.0,7516.8,7519.5,629,4,0
2026-07-07 20:45:00,2026-07-07 18:45:00,7519.5,7520.3,7515.0,7520.3,589,4,0
2026-07-07 21:00:00,2026-07-07 19:00:00,7520.3,7521.0,7516.5,7518.0,644,4,0
2026-07-07 21:15:00,2026-07-07 19:15:00,7518.3,7521.3,7517.3,7518.3,545,4,0
2026-07-07 21:30:00,2026-07-07 19:30:00,7518.3,7519.0,7512.5,7515.5,673,4,0
2026-07-07 21:45:00,2026-07-07 19:45:00,7515.5,7516.8,7502.5,7503.3,1206,4,0
2026-07-07 22:00:00,2026-07-07 20:00:00,7503.3,7505.0,7493.3,7496.0,1274,4,0
2026-07-07 22:15:00,2026-07-07 20:15:00,7496.0,7498.8,7487.8,7495.0,1347,4,0
2026-07-07 22:30:00,2026-07-07 20:30:00,7495.0,7500.7,7492.3,7493.8,1073,4,0
2026-07-07 22:45:00,2026-07-07 20:45:00,7493.8,7507.8,7493.5,7504.3,1272,4,0
2026-07-07 23:00:00,2026-07-07 21:00:00,7504.2,7505.2,7500.2,7503.0,747,4,0
2026-07-07 23:15:00,2026-07-07 21:15:00,7503.0,7503.2,7499.2,7501.5,342,4,0
2026-07-07 23:30:00,2026-07-07 21:30:00,7501.5,7504.0,7501.0,7502.7,158,4,0
2026-07-07 23:45:00,2026-07-07 21:45:00,7502.7,7503.7,7501.7,7502.5,105,4,0
2026-07-08 01:00:00,2026-07-07 23:00:00,7494.2,7499.2,7489.2,7497.5,1007,4,0
2026-07-08 01:15:00,2026-07-07 23:15:00,7497.5,7499.2,7496.3,7498.1,460,4,0
2026-07-08 01:30:00,2026-07-07 23:30:00,7498.1,7500.1,7496.6,7497.4,408,4,0
2026-07-08 01:45:00,2026-07-07 23:45:00,7497.4,7500.6,7496.0,7499.1,414,4,0
2026-07-08 02:00:00,2026-07-08 00:00:00,7499.1,7500.9,7496.4,7499.2,627,4,0
2026-07-08 02:15:00,2026-07-08 00:15:00,7499.2,7504.5,7498.7,7503.4,408,4,0
2026-07-08 02:30:00,2026-07-08 00:30:00,7503.4,7504.4,7495.6,7496.0,626,4,0
2026-07-08 02:45:00,2026-07-08 00:45:00,7496.0,7498.4,7489.7,7490.7,1196,4,0
2026-07-08 03:00:00,2026-07-08 01:00:00,7490.9,7501.1,7485.3,7499.4,2235,4,0
2026-07-08 03:15:00,2026-07-08 01:15:00,7499.5,7507.6,7497.1,7504.2,1958,4,0
2026-07-08 03:30:00,2026-07-08 01:30:00,7504.2,7511.2,7499.9,7510.9,1611,4,0
2026-07-08 03:45:00,2026-07-08 01:45:00,7510.9,7513.6,7509.2,7513.2,1362,4,0
2026-07-08 04:00:00,2026-07-08 02:00:00,7513.2,7514.9,7508.6,7514.1,1381,4,0
2026-07-08 04:15:00,2026-07-08 02:15:00,7514.1,7514.4,7507.4,7508.4,1159,4,0
2026-07-08 04:30:00,2026-07-08 02:30:00,7508.4,7509.6,7502.4,7505.7,1522,4,0
2026-07-08 04:45:00,2026-07-08 02:45:00,7505.7,7509.9,7503.6,7504.7,1624,4,0
2026-07-08 05:00:00,2026-07-08 03:00:00,7504.7,7505.4,7499.1,7499.6,1510,4,0
2026-07-08 05:15:00,2026-07-08 03:15:00,7499.6,7504.9,7498.4,7500.4,1321,4,0
2026-07-08 05:30:00,2026-07-08 03:30:00,7500.4,7504.1,7498.1,7504.1,1307,4,0
2026-07-08 05:45:00,2026-07-08 03:45:00,7504.1,7506.9,7503.4,7504.8,1133,4,0
2026-07-08 06:00:00,2026-07-08 04:00:00,7504.8,7509.4,7504.8,7508.1,891,4,0
2026-07-08 06:15:00,2026-07-08 04:15:00,7508.1,7512.0,7506.6,7511.6,620,4,0
2026-07-08 06:30:00,2026-07-08 04:30:00,7511.5,7513.1,7506.9,7507.4,881,4,0
2026-07-08 06:45:00,2026-07-08 04:45:00,7507.4,7508.2,7505.7,7506.2,933,4,0
2026-07-08 07:00:00,2026-07-08 05:00:00,7506.1,7506.6,7502.6,7503.9,918,4,0
2026-07-08 07:15:00,2026-07-08 05:15:00,7503.9,7507.6,7502.9,7505.6,987,4,0
2026-07-08 07:30:00,2026-07-08 05:30:00,7505.6,7506.1,7500.4,7503.1,1178,4,0
2026-07-08 07:45:00,2026-07-08 05:45:00,7502.9,7504.9,7498.9,7503.1,1214,4,0
2026-07-08 08:00:00,2026-07-08 06:00:00,7503.1,7506.6,7501.4,7502.4,1419,4,0
2026-07-08 08:15:00,2026-07-08 06:15:00,7502.2,7504.9,7499.0,7499.7,1272,4,0
2026-07-08 08:30:00,2026-07-08 06:30:00,7499.8,7499.9,7494.7,7496.0,1224,4,0
2026-07-08 08:45:00,2026-07-08 06:45:00,7496.0,7497.4,7490.6,7495.4,1132,4,0
2026-07-08 09:00:00,2026-07-08 07:00:00,7495.4,7496.0,7492.0,7493.4,1099,4,0
2026-07-08 09:15:00,2026-07-08 07:15:00,7493.4,7496.6,7490.9,7492.1,977,4,0
2026-07-08 09:30:00,2026-07-08 07:30:00,7491.9,7493.1,7485.6,7485.9,827,4,0
2026-07-08 09:45:00,2026-07-08 07:45:00,7485.9,7493.4,7484.5,7490.9,778,4,0
2026-07-08 10:00:00,2026-07-08 08:00:00,7491.0,7491.9,7483.9,7487.3,1426,4,0
2026-07-08 10:15:00,2026-07-08 08:15:00,7487.3,7493.6,7484.4,7493.1,1443,4,0
2026-07-08 10:30:00,2026-07-08 08:30:00,7493.1,7499.4,7491.9,7496.6,1089,4,0
2026-07-08 10:45:00,2026-07-08 08:45:00,7496.6,7497.3,7492.4,7493.1,931,4,0
2026-07-08 11:00:00,2026-07-08 09:00:00,7493.1,7498.6,7488.6,7497.4,1350,4,0
2026-07-08 11:15:00,2026-07-08 09:15:00,7497.5,7498.3,7448.4,7449.1,3128,4,0
2026-07-08 11:30:00,2026-07-08 09:30:00,7449.0,7450.6,7429.6,7438.2,2970,4,0
2026-07-08 11:45:00,2026-07-08 09:45:00,7438.1,7446.1,7431.1,7432.4,2382,4,0
2026-07-08 12:00:00,2026-07-08 10:00:00,7432.4,7435.1,7420.5,7420.7,2316,4,0
2026-07-08 12:15:00,2026-07-08 10:15:00,7420.6,7429.2,7420.6,7426.5,2095,4,0
2026-07-08 12:30:00,2026-07-08 10:30:00,7426.5,7435.6,7425.3,7431.1,1740,4,0
2026-07-08 12:45:00,2026-07-08 10:45:00,7431.0,7431.9,7424.9,7426.3,1568,4,0
2026-07-08 13:00:00,2026-07-08 11:00:00,7426.4,7429.9,7420.8,7424.9,1541,4,0
2026-07-08 13:15:00,2026-07-08 11:15:00,7425.0,7433.0,7422.3,7432.7,1485,4,0
2026-07-08 13:30:00,2026-07-08 11:30:00,7432.6,7440.4,7429.0,7439.6,1494,4,0
2026-07-08 13:45:00,2026-07-08 11:45:00,7439.6,7442.0,7436.4,7437.5,1125,4,0
2026-07-08 14:00:00,2026-07-08 12:00:00,7437.5,7440.6,7433.1,7436.8,1424,4,0
2026-07-08 14:15:00,2026-07-08 12:15:00,7436.8,7438.7,7431.4,7433.9,1186,4,0
2026-07-08 14:30:00,2026-07-08 12:30:00,7434.6,7457.9,7432.4,7449.5,1491,4,0
2026-07-08 14:45:00,2026-07-08 12:45:00,7449.5,7456.0,7445.4,7450.3,1882,4,0
2026-07-08 15:00:00,2026-07-08 13:00:00,7450.3,7463.6,7444.6,7459.6,1678,4,0
2026-07-08 15:15:00,2026-07-08 13:15:00,7459.6,7464.6,7456.1,7463.8,1277,4,0
2026-07-08 15:30:00,2026-07-08 13:30:00,7463.8,7466.4,7459.6,7463.9,1133,4,0
2026-07-08 15:45:00,2026-07-08 13:45:00,7463.9,7470.1,7456.4,7456.9,1405,4,0
2026-07-08 16:00:00,2026-07-08 14:00:00,7457.0,7467.4,7456.6,7465.4,1448,4,0
2026-07-08 16:15:00,2026-07-08 14:15:00,7465.4,7466.1,7455.6,7458.6,1390,4,0
2026-07-08 16:30:00,2026-07-08 14:30:00,7459.6,7474.9,7453.6,7470.4,3015,4,0
2026-07-08 16:45:00,2026-07-08 14:45:00,7470.6,7476.4,7459.3,7467.9,2772,4,0
2026-07-08 17:00:00,2026-07-08 15:00:00,7467.6,7474.1,7457.8,7459.4,2664,4,0
2026-07-08 17:15:00,2026-07-08 15:15:00,7459.4,7472.4,7453.6,7458.1,2568,4,0
2026-07-08 17:30:00,2026-07-08 15:30:00,7457.9,7463.6,7446.6,7451.4,2531,4,0
2026-07-08 17:45:00,2026-07-08 15:45:00,7451.1,7454.6,7436.3,7445.1,2386,4,0
2026-07-08 18:00:00,2026-07-08 16:00:00,7445.1,7446.9,7436.3,7437.6,2044,4,0
2026-07-08 18:15:00,2026-07-08 16:15:00,7437.6,7442.4,7421.9,7425.9,1990,4,0
2026-07-08 18:30:00,2026-07-08 16:30:00,7425.6,7439.4,7421.1,7433.9,1936,4,0
2026-07-08 18:45:00,2026-07-08 16:45:00,7433.9,7436.6,7426.6,7432.8,1649,4,0
2026-07-08 19:00:00,2026-07-08 17:00:00,7432.6,7450.1,7432.6,7449.4,1814,4,0
2026-07-08 19:15:00,2026-07-08 17:15:00,7449.5,7461.4,7446.9,7458.1,1581,4,0
2026-07-08 19:30:00,2026-07-08 17:30:00,7458.0,7468.9,7451.4,7466.1,1895,4,0
2026-07-08 19:45:00,2026-07-08 17:45:00,7466.1,7474.4,7462.6,7473.9,1382,4,0
2026-07-08 20:00:00,2026-07-08 18:00:00,7473.6,7474.4,7466.9,7469.9,1308,4,0
2026-07-08 20:15:00,2026-07-08 18:15:00,7469.9,7484.6,7469.9,7484.1,1101,4,0
2026-07-08 20:30:00,2026-07-08 18:30:00,7484.4,7487.9,7475.4,7476.6,989,4,0
2026-07-08 20:45:00,2026-07-08 18:45:00,7476.6,7476.9,7466.4,7471.3,1027,4,0
2026-07-08 21:00:00,2026-07-08 19:00:00,7471.1,7481.6,7467.4,7479.6,1598,4,0
2026-07-08 21:15:00,2026-07-08 19:15:00,7479.6,7480.9,7473.4,7473.4,912,4,0
2026-07-08 21:30:00,2026-07-08 19:30:00,7473.4,7479.6,7469.4,7477.4,1034,4,0
2026-07-08 21:45:00,2026-07-08 19:45:00,7477.4,7481.9,7474.6,7480.1,957,4,0
2026-07-08 22:00:00,2026-07-08 20:00:00,7480.1,7484.1,7474.8,7475.4,1011,4,0
2026-07-08 22:15:00,2026-07-08 20:15:00,7475.4,7480.1,7473.6,7478.4,865,4,0
2026-07-08 22:30:00,2026-07-08 20:30:00,7478.4,7480.1,7474.9,7479.6,967,4,0
2026-07-08 22:45:00,2026-07-08 20:45:00,7479.6,7488.1,7470.3,7478.6,1404,4,0
2026-07-08 23:00:00,2026-07-08 21:00:00,7478.6,7481.1,7471.1,7475.6,887,4,0
2026-07-08 23:15:00,2026-07-08 21:15:00,7475.6,7475.6,7468.4,7469.6,545,4,0
2026-07-08 23:30:00,2026-07-08 21:30:00,7469.6,7470.5,7460.1,7466.4,710,4,0
2026-07-08 23:45:00,2026-07-08 21:45:00,7466.5,7470.4,7465.9,7468.5,449,4,0
2026-07-09 01:00:00,2026-07-08 23:00:00,7470.7,7475.4,7469.6,7473.0,769,4,0
2026-07-09 01:15:00,2026-07-08 23:15:00,7473.0,7475.0,7469.5,7471.6,556,4,0
2026-07-09 01:30:00,2026-07-08 23:30:00,7471.8,7475.1,7469.4,7469.5,574,4,0
2026-07-09 01:45:00,2026-07-08 23:45:00,7469.4,7471.9,7469.2,7471.4,371,4,0
2026-07-09 02:00:00,2026-07-09 00:00:00,7471.4,7474.9,7471.1,7474.5,477,4,0
2026-07-09 02:15:00,2026-07-09 00:15:00,7474.5,7474.6,7468.8,7472.7,602,4,0
2026-07-09 02:30:00,2026-07-09 00:30:00,7472.6,7477.5,7470.0,7476.6,650,4,0
2026-07-09 02:45:00,2026-07-09 00:45:00,7476.6,7480.8,7475.8,7479.5,1212,4,0
2026-07-09 03:00:00,2026-07-09 01:00:00,7479.5,7486.3,7478.0,7485.8,1679,4,0
2026-07-09 03:15:00,2026-07-09 01:15:00,7485.8,7486.5,7479.3,7485.8,1204,4,0
2026-07-09 03:30:00,2026-07-09 01:30:00,7485.8,7489.0,7483.5,7484.1,1304,4,0
2026-07-09 03:45:00,2026-07-09 01:45:00,7484.0,7488.6,7481.1,7484.5,1311,4,0
2026-07-09 04:00:00,2026-07-09 02:00:00,7484.5,7487.9,7480.3,7485.3,1401,4,0
2026-07-09 04:15:00,2026-07-09 02:15:00,7485.3,7489.5,7483.3,7486.1,1159,4,0
2026-07-09 04:30:00,2026-07-09 02:30:00,7486.1,7488.8,7483.9,7488.3,1381,4,0
2026-07-09 04:45:00,2026-07-09 02:45:00,7488.3,7490.3,7481.4,7482.4,1334,4,0
2026-07-09 05:00:00,2026-07-09 03:00:00,7482.3,7491.0,7479.5,7490.8,1557,4,0
2026-07-09 05:15:00,2026-07-09 03:15:00,7490.8,7495.5,7489.3,7491.8,1214,4,0
2026-07-09 05:30:00,2026-07-09 03:30:00,7491.8,7493.0,7483.8,7484.0,1115,4,0
2026-07-09 05:45:00,2026-07-09 03:45:00,7484.0,7484.8,7479.3,7481.0,1230,4,0
2026-07-09 06:00:00,2026-07-09 04:00:00,7481.0,7482.6,7477.8,7480.1,1297,4,0
2026-07-09 06:15:00,2026-07-09 04:15:00,7480.0,7487.5,7477.3,7487.5,1222,4,0
2026-07-09 06:30:00,2026-07-09 04:30:00,7487.5,7492.0,7486.8,7491.8,1348,4,0
2026-07-09 06:45:00,2026-07-09 04:45:00,7491.8,7492.3,7489.8,7491.5,1029,4,0
2026-07-09 07:00:00,2026-07-09 05:00:00,7491.4,7493.0,7490.3,7490.5,832,4,0
2026-07-09 07:15:00,2026-07-09 05:15:00,7490.5,7493.0,7487.5,7488.6,840,4,0
2026-07-09 07:30:00,2026-07-09 05:30:00,7488.6,7496.3,7488.6,7495.9,923,4,0
2026-07-09 07:45:00,2026-07-09 05:45:00,7495.9,7499.1,7494.3,7498.3,743,4,0
2026-07-09 08:00:00,2026-07-09 06:00:00,7498.3,7506.1,7493.0,7501.5,1254,4,0
2026-07-09 08:15:00,2026-07-09 06:15:00,7501.5,7502.5,7493.0,7493.8,1258,4,0
2026-07-09 08:30:00,2026-07-09 06:30:00,7493.8,7497.3,7488.3,7497.3,1381,4,0
2026-07-09 08:45:00,2026-07-09 06:45:00,7497.3,7505.0,7496.5,7504.8,932,4,0
2026-07-09 09:00:00,2026-07-09 07:00:00,7504.8,7505.8,7499.6,7502.6,1061,4,0
2026-07-09 09:15:00,2026-07-09 07:15:00,7502.6,7505.8,7502.3,7504.0,666,4,0
2026-07-09 09:30:00,2026-07-09 07:30:00,7503.8,7504.8,7500.6,7504.3,912,4,0
2026-07-09 09:45:00,2026-07-09 07:45:00,7504.3,7504.3,7500.6,7502.1,388,4,0
2026-07-09 10:00:00,2026-07-09 08:00:00,7502.1,7505.6,7500.6,7505.6,1067,4,0
2026-07-09 10:15:00,2026-07-09 08:15:00,7505.6,7506.6,7501.8,7504.1,767,4,0
2026-07-09 10:30:00,2026-07-09 08:30:00,7504.1,7509.1,7501.8,7508.8,627,4,0
2026-07-09 10:45:00,2026-07-09 08:45:00,7508.8,7509.9,7503.6,7505.8,651,4,0
2026-07-09 11:00:00,2026-07-09 09:00:00,7505.8,7510.3,7503.8,7505.3,1086,4,0
2026-07-09 11:15:00,2026-07-09 09:15:00,7505.3,7509.3,7502.8,7505.7,926,4,0
2026-07-09 11:30:00,2026-07-09 09:30:00,7505.7,7506.1,7498.1,7499.7,987,4,0
2026-07-09 11:45:00,2026-07-09 09:45:00,7499.7,7500.3,7494.4,7498.1,918,4,0
2026-07-09 12:00:00,2026-07-09 10:00:00,7498.1,7499.1,7493.6,7495.1,910,4,0
2026-07-09 12:15:00,2026-07-09 10:15:00,7495.1,7496.3,7492.8,7494.6,803,4,0
2026-07-09 12:30:00,2026-07-09 10:30:00,7494.8,7495.8,7486.3,7489.1,1013,4,0
2026-07-09 12:45:00,2026-07-09 10:45:00,7489.1,7494.3,7488.8,7494.3,780,4,0
2026-07-09 13:00:00,2026-07-09 11:00:00,7494.2,7495.3,7491.8,7494.1,811,4,0
2026-07-09 13:15:00,2026-07-09 11:15:00,7494.1,7496.3,7491.6,7492.9,594,4,0
2026-07-09 13:30:00,2026-07-09 11:30:00,7492.8,7493.8,7489.1,7492.3,725,4,0
2026-07-09 13:45:00,2026-07-09 11:45:00,7492.3,7493.3,7479.3,7486.8,1327,4,0
2026-07-09 14:00:00,2026-07-09 12:00:00,7487.0,7491.1,7483.7,7489.8,1177,4,0
2026-07-09 14:15:00,2026-07-09 12:15:00,7489.8,7492.1,7487.1,7490.8,1009,4,0
2026-07-09 14:30:00,2026-07-09 12:30:00,7490.8,7494.3,7488.6,7493.6,932,4,0
2026-07-09 14:45:00,2026-07-09 12:45:00,7493.6,7498.8,7492.8,7495.8,1049,4,0
2026-07-09 15:00:00,2026-07-09 13:00:00,7495.8,7502.1,7494.8,7498.8,1221,4,0
2026-07-09 15:15:00,2026-07-09 13:15:00,7498.8,7503.0,7497.6,7502.9,912,4,0
2026-07-09 15:30:00,2026-07-09 13:30:00,7502.9,7506.8,7500.1,7500.1,988,4,0
2026-07-09 15:45:00,2026-07-09 13:45:00,7500.3,7500.3,7496.1,7496.9,878,4,0
2026-07-09 16:00:00,2026-07-09 14:00:00,7497.1,7500.8,7496.6,7499.8,558,4,0
2026-07-09 16:15:00,2026-07-09 14:15:00,7499.8,7502.8,7497.1,7498.8,704,4,0
2026-07-09 16:30:00,2026-07-09 14:30:00,7498.8,7511.6,7482.8,7510.6,2142,4,0
2026-07-09 16:45:00,2026-07-09 14:45:00,7510.3,7518.8,7503.8,7513.3,1605,4,0
2026-07-09 17:00:00,2026-07-09 15:00:00,7514.3,7516.8,7498.8,7502.1,1855,4,0
2026-07-09 17:15:00,2026-07-09 15:15:00,7501.8,7508.3,7482.3,7504.9,2382,4,0
2026-07-09 17:30:00,2026-07-09 15:30:00,7505.1,7511.3,7497.3,7505.3,1908,4,0
2026-07-09 17:45:00,2026-07-09 15:45:00,7505.6,7516.1,7499.3,7514.3,1755,4,0
2026-07-09 18:00:00,2026-07-09 16:00:00,7514.3,7523.1,7513.1,7519.3,1135,4,0
2026-07-09 18:15:00,2026-07-09 16:15:00,7519.3,7527.3,7517.1,7525.3,905,4,0
2026-07-09 18:30:00,2026-07-09 16:30:00,7525.3,7530.1,7522.3,7528.8,840,4,0
2026-07-09 18:45:00,2026-07-09 16:45:00,7529.1,7530.3,7525.8,7526.1,623,4,0
2026-07-09 19:00:00,2026-07-09 17:00:00,7526.3,7533.6,7526.3,7533.1,491,4,0
2026-07-09 19:15:00,2026-07-09 17:15:00,7533.1,7536.1,7531.8,7534.1,443,4,0
2026-07-09 19:30:00,2026-07-09 17:30:00,7534.1,7536.6,7530.9,7534.6,474,4,0
2026-07-09 19:45:00,2026-07-09 17:45:00,7534.6,7535.1,7530.1,7532.1,391,4,0
2026-07-09 20:00:00,2026-07-09 18:00:00,7532.1,7541.8,7531.8,7539.8,471,4,0
2026-07-09 20:15:00,2026-07-09 18:15:00,7539.8,7545.8,7539.8,7545.6,386,4,0
2026-07-09 20:30:00,2026-07-09 18:30:00,7545.6,7546.6,7542.6,7544.8,351,4,0
2026-07-09 20:45:00,2026-07-09 18:45:00,7544.8,7547.4,7541.1,7543.8,287,4,0
2026-07-09 21:00:00,2026-07-09 19:00:00,7543.8,7545.8,7542.1,7544.8,408,4,0
2026-07-09 21:15:00,2026-07-09 19:15:00,7544.8,7546.3,7539.6,7541.8,402,4,0
2026-07-09 21:30:00,2026-07-09 19:30:00,7541.8,7543.1,7537.8,7540.3,388,4,0
2026-07-09 21:45:00,2026-07-09 19:45:00,7540.3,7540.3,7535.8,7537.6,376,4,0
2026-07-09 22:00:00,2026-07-09 20:00:00,7537.6,7537.8,7533.6,7535.8,470,4,0
2026-07-09 22:15:00,2026-07-09 20:15:00,7535.8,7540.8,7535.3,7537.6,397,4,0
2026-07-09 22:30:00,2026-07-09 20:30:00,7537.6,7541.1,7535.8,7540.6,416,4,0
2026-07-09 22:45:00,2026-07-09 20:45:00,7540.6,7542.8,7535.3,7542.8,687,4,0
2026-07-09 23:00:00,2026-07-09 21:00:00,7542.8,7544.3,7538.3,7543.0,351,4,0
2026-07-09 23:15:00,2026-07-09 21:15:00,7543.0,7544.0,7538.8,7539.3,196,4,0
2026-07-09 23:30:00,2026-07-09 21:30:00,7539.3,7542.3,7539.0,7540.0,152,4,0
2026-07-09 23:45:00,2026-07-09 21:45:00,7540.0,7540.3,7537.0,7538.8,129,4,0
2026-07-10 01:00:00,2026-07-09 23:00:00,7539.0,7541.4,7536.9,7537.7,655,4,0
2026-07-10 01:15:00,2026-07-09 23:15:00,7537.7,7539.1,7536.3,7537.1,388,4,0
2026-07-10 01:30:00,2026-07-09 23:30:00,7537.1,7538.7,7536.9,7538.3,285,4,0
2026-07-10 01:45:00,2026-07-09 23:45:00,7538.3,7539.6,7538.1,7539.3,233,4,0
2026-07-10 02:00:00,2026-07-10 00:00:00,7539.3,7542.2,7537.6,7541.9,342,4,0
2026-07-10 02:15:00,2026-07-10 00:15:00,7541.9,7544.2,7540.7,7543.9,315,4,0
2026-07-10 02:30:00,2026-07-10 00:30:00,7543.9,7544.2,7541.9,7542.3,270,4,0
2026-07-10 02:45:00,2026-07-10 00:45:00,7542.3,7543.8,7539.2,7541.2,707,4,0
2026-07-10 03:00:00,2026-07-10 01:00:00,7541.2,7542.2,7533.2,7536.2,1515,4,0
2026-07-10 03:15:00,2026-07-10 01:15:00,7536.2,7536.9,7530.2,7532.2,917,4,0
2026-07-10 03:30:00,2026-07-10 01:30:00,7532.2,7532.7,7528.2,7529.7,823,4,0
2026-07-10 03:45:00,2026-07-10 01:45:00,7529.7,7533.2,7527.4,7533.2,571,4,0
2026-07-10 04:00:00,2026-07-10 02:00:00,7533.2,7533.9,7528.4,7530.2,800,4,0
2026-07-10 04:15:00,2026-07-10 02:15:00,7530.2,7532.4,7529.7,7531.9,710,4,0
2026-07-10 04:30:00,2026-07-10 02:30:00,7531.9,7533.9,7530.2,7532.2,612,4,0
2026-07-10 04:45:00,2026-07-10 02:45:00,7532.2,7536.2,7531.6,7532.7,562,4,0
2026-07-10 05:00:00,2026-07-10 03:00:00,7532.7,7534.7,7529.7,7532.7,905,4,0
2026-07-10 05:15:00,2026-07-10 03:15:00,7532.7,7532.9,7529.4,7531.8,759,4,0
2026-07-10 05:30:00,2026-07-10 03:30:00,7531.8,7534.9,7530.6,7534.1,510,4,0
2026-07-10 05:45:00,2026-07-10 03:45:00,7534.1,7538.7,7533.5,7538.7,443,4,0
2026-07-10 06:00:00,2026-07-10 04:00:00,7538.7,7541.1,7538.2,7539.4,270,4,0
2026-07-10 06:15:00,2026-07-10 04:15:00,7539.4,7539.4,7535.9,7536.2,219,4,0
2026-07-10 06:30:00,2026-07-10 04:30:00,7536.2,7536.4,7534.7,7535.4,526,4,0
2026-07-10 06:45:00,2026-07-10 04:45:00,7535.4,7536.4,7534.2,7535.9,481,4,0
2026-07-10 07:00:00,2026-07-10 05:00:00,7535.9,7536.7,7534.9,7536.4,428,4,0
2026-07-10 07:15:00,2026-07-10 05:15:00,7536.4,7536.4,7533.2,7533.7,339,4,0
2026-07-10 07:30:00,2026-07-10 05:30:00,7533.7,7534.2,7532.4,7533.2,424,4,0
2026-07-10 07:45:00,2026-07-10 05:45:00,7533.2,7533.4,7529.7,7530.2,312,4,0
2026-07-10 08:00:00,2026-07-10 06:00:00,7530.2,7530.9,7528.9,7530.7,426,4,0
2026-07-10 08:15:00,2026-07-10 06:15:00,7530.7,7532.2,7529.3,7530.7,467,4,0
2026-07-10 08:30:00,2026-07-10 06:30:00,7530.7,7531.2,7529.2,7531.1,394,4,0
2026-07-10 08:45:00,2026-07-10 06:45:00,7531.2,7531.7,7528.2,7528.9,481,4,0
2026-07-10 09:00:00,2026-07-10 07:00:00,7528.9,7532.0,7528.5,7528.7,595,4,0
2026-07-10 09:15:00,2026-07-10 07:15:00,7528.7,7529.0,7523.2,7524.5,459,4,0
2026-07-10 09:30:00,2026-07-10 07:30:00,7524.3,7529.5,7523.2,7525.5,478,4,0
2026-07-10 09:45:00,2026-07-10 07:45:00,7525.5,7527.7,7525.2,7526.5,335,4,0
2026-07-10 10:00:00,2026-07-10 08:00:00,7526.5,7530.2,7524.5,7530.2,600,4,0
2026-07-10 10:15:00,2026-07-10 08:15:00,7530.2,7532.0,7528.0,7531.5,633,4,0
2026-07-10 10:30:00,2026-07-10 08:30:00,7531.5,7531.5,7528.2,7528.2,572,4,0
2026-07-10 10:45:00,2026-07-10 08:45:00,7528.2,7528.5,7522.5,7524.7,518,4,0
2026-07-10 11:00:00,2026-07-10 09:00:00,7524.7,7531.2,7522.2,7531.0,786,4,0
2026-07-10 11:15:00,2026-07-10 09:15:00,7531.0,7531.7,7527.2,7528.0,604,4,0
2026-07-10 11:30:00,2026-07-10 09:30:00,7528.0,7528.7,7525.5,7528.1,743,4,0
2026-07-10 11:45:00,2026-07-10 09:45:00,7528.1,7529.5,7526.5,7527.0,539,4,0
2026-07-10 12:00:00,2026-07-10 10:00:00,7527.0,7533.0,7521.2,7532.6,873,4,0
2026-07-10 12:15:00,2026-07-10 10:15:00,7532.7,7534.7,7532.6,7533.5,467,4,0
2026-07-10 12:30:00,2026-07-10 10:30:00,7533.5,7535.0,7532.1,7533.2,338,4,0
2026-07-10 12:45:00,2026-07-10 10:45:00,7533.2,7534.5,7532.7,7533.6,421,4,0
2026-07-10 13:00:00,2026-07-10 11:00:00,7533.6,7538.5,7533.6,7537.5,286,4,0
2026-07-10 13:15:00,2026-07-10 11:15:00,7537.5,7539.2,7534.5,7538.7,353,4,0
2026-07-10 13:30:00,2026-07-10 11:30:00,7538.7,7543.2,7538.7,7543.0,315,4,0
2026-07-10 13:45:00,2026-07-10 11:45:00,7543.0,7543.2,7540.0,7543.0,303,4,0
2026-07-10 14:00:00,2026-07-10 12:00:00,7543.0,7544.7,7542.0,7542.7,349,4,0
2026-07-10 14:15:00,2026-07-10 12:15:00,7542.7,7544.0,7539.2,7539.4,377,4,0
2026-07-10 14:30:00,2026-07-10 12:30:00,7539.4,7539.5,7533.5,7537.2,721,4,0
2026-07-10 14:45:00,2026-07-10 12:45:00,7537.2,7538.5,7535.0,7536.0,438,4,0
2026-07-10 15:00:00,2026-07-10 13:00:00,7536.0,7547.7,7529.7,7541.7,909,4,0
2026-07-10 15:15:00,2026-07-10 13:15:00,7541.7,7542.8,7538.0,7540.2,1163,4,0
2026-07-10 15:30:00,2026-07-10 13:30:00,7540.2,7545.0,7537.0,7541.5,845,4,0
2026-07-10 15:45:00,2026-07-10 13:45:00,7541.2,7544.7,7540.5,7540.7,574,4,0
2026-07-10 16:00:00,2026-07-10 14:00:00,7540.7,7543.7,7539.5,7543.5,399,4,0
2026-07-10 16:15:00,2026-07-10 14:15:00,7543.5,7546.7,7542.5,7544.7,402,4,0
2026-07-10 16:30:00,2026-07-10 14:30:00,7544.7,7556.7,7542.7,7547.0,1727,4,0
2026-07-10 16:45:00,2026-07-10 14:45:00,7547.0,7557.0,7545.5,7554.2,1509,4,0
2026-07-10 17:00:00,2026-07-10 15:00:00,7554.2,7558.2,7549.5,7551.7,1413,4,0
2026-07-10 17:15:00,2026-07-10 15:15:00,7551.7,7556.0,7546.0,7550.5,1589,4,0
2026-07-10 17:30:00,2026-07-10 15:30:00,7550.5,7555.2,7505.6,7545.9,2640,4,0
2026-07-10 17:45:00,2026-07-10 15:45:00,7546.0,7550.7,7535.5,7536.7,2098,4,0
2026-07-10 18:00:00,2026-07-10 16:00:00,7536.7,7545.2,7531.2,7544.4,1991,4,0
2026-07-10 18:15:00,2026-07-10 16:15:00,7544.5,7559.2,7544.2,7557.7,1498,4,0
2026-07-10 18:30:00,2026-07-10 16:30:00,7557.7,7559.0,7538.5,7545.2,1548,4,0
2026-07-10 18:45:00,2026-07-10 16:45:00,7545.2,7554.0,7540.7,7553.0,1340,4,0
2026-07-10 19:00:00,2026-07-10 17:00:00,7553.0,7558.0,7553.0,7556.7,942,4,0
2026-07-10 19:15:00,2026-07-10 17:15:00,7556.7,7561.7,7556.2,7556.5,736,4,0
2026-07-10 19:30:00,2026-07-10 17:30:00,7556.6,7561.5,7555.2,7561.0,573,4,0
2026-07-10 19:45:00,2026-07-10 17:45:00,7561.0,7566.5,7561.0,7565.2,598,4,0
2026-07-10 20:00:00,2026-07-10 18:00:00,7565.2,7565.5,7560.0,7563.0,488,4,0
2026-07-10 20:15:00,2026-07-10 18:15:00,7563.0,7565.7,7562.7,7565.5,356,4,0
2026-07-10 20:30:00,2026-07-10 18:30:00,7565.5,7569.5,7564.2,7566.5,457,4,0
2026-07-10 20:45:00,2026-07-10 18:45:00,7566.5,7569.2,7564.7,7565.2,333,4,0
2026-07-10 21:00:00,2026-07-10 19:00:00,7565.2,7571.0,7564.7,7568.5,458,4,0
2026-07-10 21:15:00,2026-07-10 19:15:00,7568.5,7572.4,7566.5,7570.0,427,4,0
2026-07-10 21:30:00,2026-07-10 19:30:00,7570.0,7572.0,7569.0,7571.0,330,4,0
2026-07-10 21:45:00,2026-07-10 19:45:00,7571.0,7572.7,7570.7,7571.2,254,4,0
2026-07-10 22:00:00,2026-07-10 20:00:00,7571.2,7578.0,7570.7,7577.2,391,4,0
2026-07-10 22:15:00,2026-07-10 20:15:00,7577.2,7577.7,7574.8,7575.5,324,4,0
2026-07-10 22:30:00,2026-07-10 20:30:00,7575.5,7577.7,7573.7,7576.0,390,4,0
2026-07-10 22:45:00,2026-07-10 20:45:00,7576.0,7579.5,7570.9,7574.2,600,4,0
2026-07-10 23:00:00,2026-07-10 21:00:00,7573.4,7577.1,7570.8,7575.2,320,4,0
2026-07-10 23:15:00,2026-07-10 21:15:00,7575.2,7577.7,7574.4,7577.2,169,4,0
2026-07-10 23:30:00,2026-07-10 21:30:00,7577.4,7578.7,7576.7,7578.4,75,4,0
2026-07-10 23:45:00,2026-07-10 21:45:00,7578.2,7579.9,7577.9,7579.9,78,4,0
2026-07-13 01:00:00,2026-07-12 23:00:00,7559.6,7567.0,7548.6,7548.7,1588,4,0
2026-07-13 01:15:00,2026-07-12 23:15:00,7548.7,7553.2,7547.4,7551.6,807,4,0
2026-07-13 01:30:00,2026-07-12 23:30:00,7551.6,7555.5,7551.2,7555.0,508,4,0
2026-07-13 01:45:00,2026-07-12 23:45:00,7555.0,7557.0,7552.4,7556.2,396,4,0
2026-07-13 02:00:00,2026-07-13 00:00:00,7556.2,7556.4,7553.5,7554.2,425,4,0
2026-07-13 02:15:00,2026-07-13 00:15:00,7554.2,7554.4,7552.0,7553.2,271,4,0
2026-07-13 02:30:00,2026-07-13 00:30:00,7553.2,7553.8,7551.4,7552.5,296,4,0
2026-07-13 02:45:00,2026-07-13 00:45:00,7552.5,7554.7,7548.4,7554.5,1098,4,0
2026-07-13 03:00:00,2026-07-13 01:00:00,7554.5,7570.7,7551.5,7568.2,1873,4,0
2026-07-13 03:15:00,2026-07-13 01:15:00,7568.2,7570.0,7562.2,7563.2,1522,4,0
2026-07-13 03:30:00,2026-07-13 01:30:00,7563.2,7563.6,7552.0,7556.0,1394,4,0
2026-07-13 03:45:00,2026-07-13 01:45:00,7556.2,7558.5,7548.2,7552.5,1553,4,0
2026-07-13 04:00:00,2026-07-13 02:00:00,7552.5,7553.2,7546.0,7549.0,1617,4,0
2026-07-13 04:15:00,2026-07-13 02:15:00,7549.0,7554.6,7547.2,7550.0,1467,4,0
2026-07-13 04:30:00,2026-07-13 02:30:00,7550.0,7554.1,7548.2,7550.0,1525,4,0
2026-07-13 04:45:00,2026-07-13 02:45:00,7550.0,7550.2,7544.0,7547.5,1435,4,0
2026-07-13 05:00:00,2026-07-13 03:00:00,7547.5,7548.7,7543.2,7544.9,1381,4,0
2026-07-13 05:15:00,2026-07-13 03:15:00,7544.9,7549.5,7544.0,7548.1,1052,4,0
2026-07-13 05:30:00,2026-07-13 03:30:00,7548.2,7548.2,7544.0,7545.5,1005,4,0
2026-07-13 05:45:00,2026-07-13 03:45:00,7545.5,7546.0,7541.2,7541.5,719,4,0
2026-07-13 06:00:00,2026-07-13 04:00:00,7541.5,7541.7,7538.7,7540.0,671,4,0
2026-07-13 06:15:00,2026-07-13 04:15:00,7540.0,7542.0,7538.7,7541.2,494,4,0
2026-07-13 06:30:00,2026-07-13 04:30:00,7541.2,7542.2,7538.5,7539.7,802,4,0
2026-07-13 06:45:00,2026-07-13 04:45:00,7539.7,7541.4,7538.0,7538.5,566,4,0
2026-07-13 07:00:00,2026-07-13 05:00:00,7538.5,7538.7,7534.5,7535.7,685,4,0
2026-07-13 07:15:00,2026-07-13 05:15:00,7535.7,7538.6,7534.8,7536.0,529,4,0
2026-07-13 07:30:00,2026-07-13 05:30:00,7536.0,7536.7,7531.5,7532.2,370,4,0
2026-07-13 07:45:00,2026-07-13 05:45:00,7532.2,7533.7,7531.0,7532.7,274,4,0
2026-07-13 08:00:00,2026-07-13 06:00:00,7532.7,7539.5,7530.5,7539.0,876,4,0
2026-07-13 08:15:00,2026-07-13 06:15:00,7539.0,7539.1,7526.2,7526.7,876,4,0
2026-07-13 08:30:00,2026-07-13 06:30:00,7526.9,7534.2,7521.7,7530.7,1209,4,0
2026-07-13 08:45:00,2026-07-13 06:45:00,7530.7,7533.6,7526.6,7533.6,1192,4,0
2026-07-13 09:00:00,2026-07-13 07:00:00,7533.5,7536.1,7529.5,7530.5,1161,4,0
2026-07-13 09:15:00,2026-07-13 07:15:00,7530.5,7538.8,7530.3,7538.8,918,4,0
2026-07-13 09:30:00,2026-07-13 07:30:00,7539.0,7540.0,7534.0,7538.0,725,4,0
2026-07-13 09:45:00,2026-07-13 07:45:00,7538.0,7540.0,7536.3,7539.5,563,4,0
2026-07-13 10:00:00,2026-07-13 08:00:00,7539.5,7546.5,7537.0,7546.0,975,4,0
2026-07-13 10:15:00,2026-07-13 08:15:00,7546.0,7546.5,7540.9,7542.0,687,4,0
2026-07-13 10:30:00,2026-07-13 08:30:00,7542.0,7544.3,7537.5,7542.4,708,4,0
2026-07-13 10:45:00,2026-07-13 08:45:00,7542.4,7544.5,7539.8,7543.0,576,4,0
2026-07-13 11:00:00,2026-07-13 09:00:00,7543.3,7551.4,7542.3,7551.4,1197,4,0
2026-07-13 11:15:00,2026-07-13 09:15:00,7551.4,7554.0,7550.8,7551.0,704,4,0
2026-07-13 11:30:00,2026-07-13 09:30:00,7551.0,7552.8,7548.5,7551.8,505,4,0
2026-07-13 11:45:00,2026-07-13 09:45:00,7551.8,7554.8,7550.8,7553.9,385,4,0
2026-07-13 12:00:00,2026-07-13 10:00:00,7553.9,7554.3,7550.4,7552.4,421,4,0
2026-07-13 12:15:00,2026-07-13 10:15:00,7552.4,7558.5,7552.0,7558.1,362,4,0
2026-07-13 12:30:00,2026-07-13 10:30:00,7558.0,7559.3,7556.4,7558.0,381,4,0
2026-07-13 12:45:00,2026-07-13 10:45:00,7558.0,7558.0,7555.5,7557.0,369,4,0
2026-07-13 13:00:00,2026-07-13 11:00:00,7557.0,7557.8,7553.5,7554.5,411,4,0
2026-07-13 13:15:00,2026-07-13 11:15:00,7554.5,7556.8,7552.8,7553.3,390,4,0
2026-07-13 13:30:00,2026-07-13 11:30:00,7553.3,7554.8,7552.4,7552.8,350,4,0
2026-07-13 13:45:00,2026-07-13 11:45:00,7552.8,7555.3,7552.4,7553.3,350,4,0
2026-07-13 14:00:00,2026-07-13 12:00:00,7553.3,7559.8,7551.8,7553.1,721,4,0
2026-07-13 14:15:00,2026-07-13 12:15:00,7553.1,7556.0,7550.5,7555.0,566,4,0
2026-07-13 14:30:00,2026-07-13 12:30:00,7555.0,7557.4,7553.3,7553.4,608,4,0
2026-07-13 14:45:00,2026-07-13 12:45:00,7553.4,7553.5,7547.5,7549.5,511,4,0
2026-07-13 15:00:00,2026-07-13 13:00:00,7549.5,7553.5,7542.8,7547.8,1002,4,0
2026-07-13 15:15:00,2026-07-13 13:15:00,7547.8,7548.8,7544.5,7545.0,740,4,0
2026-07-13 15:30:00,2026-07-13 13:30:00,7545.0,7546.8,7541.3,7546.1,666,4,0
2026-07-13 15:45:00,2026-07-13 13:45:00,7546.1,7552.5,7546.0,7552.3,549,4,0
2026-07-13 16:00:00,2026-07-13 14:00:00,7552.3,7555.0,7550.5,7551.8,475,4,0
2026-07-13 16:15:00,2026-07-13 14:15:00,7551.8,7551.8,7548.5,7550.8,552,4,0
2026-07-13 16:30:00,2026-07-13 14:30:00,7550.8,7565.0,7550.0,7556.3,2127,4,0
2026-07-13 16:45:00,2026-07-13 14:45:00,7556.3,7564.0,7545.5,7562.8,2215,4,0
2026-07-13 17:00:00,2026-07-13 15:00:00,7562.8,7565.8,7549.3,7559.0,1924,4,0
2026-07-13 17:15:00,2026-07-13 15:15:00,7559.0,7560.0,7529.3,7557.0,2552,4,0
2026-07-13 17:30:00,2026-07-13 15:30:00,7557.3,7559.0,7538.8,7541.3,1699,4,0
2026-07-13 17:45:00,2026-07-13 15:45:00,7541.3,7554.3,7536.3,7553.8,1516,4,0
2026-07-13 18:00:00,2026-07-13 16:00:00,7553.8,7556.9,7545.8,7547.4,1375,4,0
2026-07-13 18:15:00,2026-07-13 16:15:00,7547.5,7552.3,7545.3,7550.0,1088,4,0
2026-07-13 18:30:00,2026-07-13 16:30:00,7549.8,7551.8,7543.3,7543.5,1084,4,0
2026-07-13 18:45:00,2026-07-13 16:45:00,7543.5,7544.3,7537.3,7538.8,1001,4,0
2026-07-13 19:00:00,2026-07-13 17:00:00,7538.8,7544.3,7535.8,7540.8,955,4,0
2026-07-13 19:15:00,2026-07-13 17:15:00,7540.8,7540.8,7525.8,7529.3,1067,4,0
2026-07-13 19:30:00,2026-07-13 17:30:00,7529.3,7531.5,7515.5,7530.3,1551,4,0
2026-07-13 19:45:00,2026-07-13 17:45:00,7530.3,7533.3,7519.3,7525.5,1511,4,0
2026-07-13 20:00:00,2026-07-13 18:00:00,7525.5,7533.3,7524.3,7527.5,1076,4,0
2026-07-13 20:15:00,2026-07-13 18:15:00,7527.3,7530.4,7522.3,7525.0,969,4,0
2026-07-13 20:30:00,2026-07-13 18:30:00,7525.0,7528.0,7521.5,7526.8,999,4,0
2026-07-13 20:45:00,2026-07-13 18:45:00,7527.0,7529.5,7518.8,7519.0,991,4,0
2026-07-13 21:00:00,2026-07-13 19:00:00,7519.3,7528.8,7518.3,7524.5,1083,4,0
2026-07-13 21:15:00,2026-07-13 19:15:00,7524.5,7525.0,7517.3,7519.0,954,4,0
2026-07-13 21:30:00,2026-07-13 19:30:00,7519.0,7527.3,7516.5,7525.3,869,4,0
2026-07-13 21:45:00,2026-07-13 19:45:00,7525.5,7527.5,7521.5,7522.5,856,4,0
2026-07-13 22:00:00,2026-07-13 20:00:00,7522.5,7526.5,7517.5,7519.5,818,4,0
2026-07-13 22:15:00,2026-07-13 20:15:00,7519.5,7521.0,7509.3,7510.3,901,4,0
2026-07-13 22:30:00,2026-07-13 20:30:00,7510.3,7516.8,7507.0,7516.5,1016,4,0
2026-07-13 22:45:00,2026-07-13 20:45:00,7516.5,7523.5,7513.0,7518.2,1094,4,0
2026-07-13 23:00:00,2026-07-13 21:00:00,7518.2,7518.7,7513.0,7514.7,604,4,0
2026-07-13 23:15:00,2026-07-13 21:15:00,7514.7,7515.0,7503.0,7511.0,466,4,0
2026-07-13 23:30:00,2026-07-13 21:30:00,7511.0,7511.0,7508.2,7509.5,167,4,0
2026-07-13 23:45:00,2026-07-13 21:45:00,7509.5,7510.5,7507.5,7510.2,204,4,0
2026-07-14 01:00:00,2026-07-13 23:00:00,7514.1,7519.1,7513.5,7513.8,916,4,0
2026-07-14 01:15:00,2026-07-13 23:15:00,7513.8,7516.4,7511.5,7511.8,448,4,0
2026-07-14 01:30:00,2026-07-13 23:30:00,7511.8,7513.6,7510.8,7513.3,332,4,0
2026-07-14 01:45:00,2026-07-13 23:45:00,7513.3,7515.4,7507.1,7508.1,508,4,0
2026-07-14 02:00:00,2026-07-14 00:00:00,7508.1,7508.4,7502.5,7503.9,602,4,0
2026-07-14 02:15:00,2026-07-14 00:15:00,7503.9,7507.1,7503.1,7503.6,401,4,0
2026-07-14 02:30:00,2026-07-14 00:30:00,7503.6,7504.4,7498.5,7498.8,588,4,0
2026-07-14 02:45:00,2026-07-14 00:45:00,7498.8,7509.8,7497.9,7509.5,1508,4,0
2026-07-14 03:00:00,2026-07-14 01:00:00,7509.5,7513.1,7496.1,7512.3,2721,4,0
2026-07-14 03:15:00,2026-07-14 01:15:00,7512.1,7513.6,7496.4,7501.9,2783,4,0
2026-07-14 03:30:00,2026-07-14 01:30:00,7502.0,7510.9,7498.0,7500.4,2420,4,0
2026-07-14 03:45:00,2026-07-14 01:45:00,7500.6,7516.9,7500.4,7514.9,2100,4,0
2026-07-14 04:00:00,2026-07-14 02:00:00,7514.8,7516.6,7510.4,7511.0,1987,4,0
2026-07-14 04:15:00,2026-07-14 02:15:00,7511.0,7516.1,7510.0,7512.4,1785,4,0
2026-07-14 04:30:00,2026-07-14 02:30:00,7512.4,7513.5,7503.4,7507.6,1888,4,0
2026-07-14 04:45:00,2026-07-14 02:45:00,7507.6,7512.0,7502.4,7504.4,1643,4,0
2026-07-14 05:00:00,2026-07-14 03:00:00,7504.6,7510.9,7502.1,7502.4,1727,4,0
2026-07-14 05:15:00,2026-07-14 03:15:00,7502.4,7504.1,7495.9,7499.4,1600,4,0
2026-07-14 05:30:00,2026-07-14 03:30:00,7499.4,7505.9,7495.4,7504.6,1505,4,0
2026-07-14 05:45:00,2026-07-14 03:45:00,7504.6,7505.6,7496.0,7496.8,1155,4,0
2026-07-14 06:00:00,2026-07-14 04:00:00,7496.8,7497.3,7490.6,7491.4,878,4,0
2026-07-14 06:15:00,2026-07-14 04:15:00,7491.4,7496.6,7488.4,7496.6,1119,4,0
2026-07-14 06:30:00,2026-07-14 04:30:00,7496.6,7500.4,7491.1,7492.3,1654,4,0
2026-07-14 06:45:00,2026-07-14 04:45:00,7492.3,7501.0,7491.5,7500.3,1382,4,0
2026-07-14 07:00:00,2026-07-14 05:00:00,7500.4,7503.9,7494.6,7497.1,1037,4,0
2026-07-14 07:15:00,2026-07-14 05:15:00,7497.3,7506.1,7495.6,7504.9,1172,4,0
2026-07-14 07:30:00,2026-07-14 05:30:00,7504.9,7513.4,7504.1,7512.1,1186,4,0
2026-07-14 07:45:00,2026-07-14 05:45:00,7512.4,7517.6,7511.9,7516.6,890,4,0
2026-07-14 08:00:00,2026-07-14 06:00:00,7516.6,7519.4,7514.2,7518.9,950,4,0
2026-07-14 08:15:00,2026-07-14 06:15:00,7518.9,7526.1,7517.9,7526.0,945,4,0
2026-07-14 08:30:00,2026-07-14 06:30:00,7526.1,7529.9,7523.5,7525.0,1005,4,0
2026-07-14 08:45:00,2026-07-14 06:45:00,7525.0,7526.5,7523.9,7524.5,943,4,0
2026-07-14 09:00:00,2026-07-14 07:00:00,7524.5,7529.9,7524.0,7529.7,783,4,0
2026-07-14 09:15:00,2026-07-14 07:15:00,7529.7,7531.4,7522.3,7523.4,609,4,0
2026-07-14 09:30:00,2026-07-14 07:30:00,7523.7,7526.7,7519.7,7520.1,783,4,0
2026-07-14 09:45:00,2026-07-14 07:45:00,7520.2,7520.2,7515.2,7515.4,502,4,0
2026-07-14 10:00:00,2026-07-14 08:00:00,7515.4,7522.2,7511.9,7519.4,1328,4,0
2026-07-14 10:15:00,2026-07-14 08:15:00,7519.4,7519.9,7513.7,7516.7,1202,4,0
2026-07-14 10:30:00,2026-07-14 08:30:00,7516.9,7517.9,7511.4,7512.0,1370,4,0
2026-07-14 10:45:00,2026-07-14 08:45:00,7512.0,7518.7,7508.7,7515.0,1369,4,0
2026-07-14 11:00:00,2026-07-14 09:00:00,7515.0,7517.2,7508.7,7513.7,1579,4,0
2026-07-14 11:15:00,2026-07-14 09:15:00,7513.7,7520.4,7513.7,7518.9,1278,4,0
2026-07-14 11:30:00,2026-07-14 09:30:00,7518.9,7520.4,7514.9,7516.0,1010,4,0
2026-07-14 11:45:00,2026-07-14 09:45:00,7516.1,7516.2,7509.0,7510.8,947,4,0
2026-07-14 12:00:00,2026-07-14 10:00:00,7510.8,7520.0,7507.8,7519.2,1172,4,0
2026-07-14 12:15:00,2026-07-14 10:15:00,7519.2,7520.0,7510.4,7510.4,1056,4,0
2026-07-14 12:30:00,2026-07-14 10:30:00,7510.7,7515.4,7510.5,7513.7,759,4,0
2026-07-14 12:45:00,2026-07-14 10:45:00,7513.7,7517.9,7513.0,7513.7,787,4,0
2026-07-14 13:00:00,2026-07-14 11:00:00,7513.7,7517.2,7512.7,7513.9,651,4,0
2026-07-14 13:15:00,2026-07-14 11:15:00,7513.9,7515.2,7511.9,7514.5,772,4,0
2026-07-14 13:30:00,2026-07-14 11:30:00,7514.4,7522.2,7510.4,7513.2,1245,4,0
2026-07-14 13:45:00,2026-07-14 11:45:00,7513.2,7516.4,7509.7,7513.4,829,4,0
2026-07-14 14:00:00,2026-07-14 12:00:00,7513.3,7514.2,7500.2,7509.2,1834,4,0
2026-07-14 14:15:00,2026-07-14 12:15:00,7509.2,7520.4,7508.7,7514.7,1742,4,0
2026-07-14 14:30:00,2026-07-14 12:30:00,7514.7,7518.9,7509.2,7510.2,1140,4,0
2026-07-14 14:45:00,2026-07-14 12:45:00,7510.2,7516.2,7509.7,7511.7,915,4,0
2026-07-14 15:00:00,2026-07-14 13:00:00,7511.9,7512.2,7501.2,7503.9,1047,4,0
2026-07-14 15:15:00,2026-07-14 13:15:00,7503.9,7517.1,7501.7,7516.9,1187,4,0
2026-07-14 15:30:00,2026-07-14 13:30:00,7517.7,7569.5,7516.5,7544.4,2913,4,0
2026-07-14 15:45:00,2026-07-14 13:45:00,7544.3,7546.2,7531.9,7535.8,1875,4,0
2026-07-14 16:00:00,2026-07-14 14:00:00,7535.8,7540.2,7533.5,7535.4,1424,4,0
2026-07-14 16:15:00,2026-07-14 14:15:00,7535.4,7541.2,7527.9,7535.7,1311,4,0
2026-07-14 16:30:00,2026-07-14 14:30:00,7535.7,7541.7,7520.9,7539.7,2695,4,0
2026-07-14 16:45:00,2026-07-14 14:45:00,7539.7,7544.4,7532.4,7539.7,2273,4,0
2026-07-14 17:00:00,2026-07-14 15:00:00,7539.9,7541.4,7524.2,7530.9,2576,4,0
2026-07-14 17:15:00,2026-07-14 15:15:00,7530.9,7539.0,7512.9,7533.7,2381,4,0
2026-07-14 17:30:00,2026-07-14 15:30:00,7533.7,7559.7,7531.4,7537.8,2424,4,0
2026-07-14 17:45:00,2026-07-14 15:45:00,7537.7,7546.7,7531.7,7544.1,1985,4,0
2026-07-14 18:00:00,2026-07-14 16:00:00,7543.9,7557.7,7539.7,7552.4,2187,4,0
2026-07-14 18:15:00,2026-07-14 16:15:00,7552.4,7554.2,7543.2,7553.7,1342,4,0
2026-07-14 18:30:00,2026-07-14 16:30:00,7553.4,7555.4,7534.2,7542.7,1627,4,0
2026-07-14 18:45:00,2026-07-14 16:45:00,7542.4,7546.2,7532.9,7536.2,1671,4,0
2026-07-14 19:00:00,2026-07-14 17:00:00,7536.2,7537.0,7526.4,7531.7,1704,4,0
2026-07-14 19:15:00,2026-07-14 17:15:00,7531.7,7535.4,7526.4,7534.4,1464,4,0
2026-07-14 19:30:00,2026-07-14 17:30:00,7534.4,7543.9,7532.7,7541.4,1078,4,0
2026-07-14 19:45:00,2026-07-14 17:45:00,7541.4,7545.4,7536.4,7545.4,903,4,0
2026-07-14 20:00:00,2026-07-14 18:00:00,7545.4,7548.9,7542.2,7544.9,623,4,0
2026-07-14 20:15:00,2026-07-14 18:15:00,7544.9,7552.9,7542.7,7550.2,682,4,0
2026-07-14 20:30:00,2026-07-14 18:30:00,7550.2,7551.7,7544.9,7546.9,487,4,0
2026-07-14 20:45:00,2026-07-14 18:45:00,7546.9,7549.9,7544.2,7549.7,418,4,0
2026-07-14 21:00:00,2026-07-14 19:00:00,7549.7,7552.9,7546.2,7552.7,474,4,0
2026-07-14 21:15:00,2026-07-14 19:15:00,7552.7,7554.7,7549.7,7551.7,446,4,0
2026-07-14 21:30:00,2026-07-14 19:30:00,7551.7,7552.4,7544.2,7546.7,749,4,0
2026-07-14 21:45:00,2026-07-14 19:45:00,7546.7,7549.5,7545.2,7548.3,532,4,0
2026-07-14 22:00:00,2026-07-14 20:00:00,7548.3,7548.9,7543.9,7546.4,603,4,0
2026-07-14 22:15:00,2026-07-14 20:15:00,7546.4,7550.7,7544.9,7547.7,540,4,0
2026-07-14 22:30:00,2026-07-14 20:30:00,7547.7,7550.2,7543.4,7549.4,824,4,0
2026-07-14 22:45:00,2026-07-14 20:45:00,7549.4,7552.2,7545.6,7546.4,953,4,0
2026-07-14 23:00:00,2026-07-14 21:00:00,7546.4,7548.6,7544.1,7545.6,522,4,0
2026-07-14 23:15:00,2026-07-14 21:15:00,7545.6,7546.1,7542.1,7542.4,217,4,0
2026-07-14 23:30:00,2026-07-14 21:30:00,7542.4,7545.6,7541.9,7544.9,170,4,0
2026-07-14 23:45:00,2026-07-14 21:45:00,7545.0,7547.6,7543.3,7547.6,139,4,0
2026-07-15 01:00:00,2026-07-14 23:00:00,7547.4,7547.7,7539.5,7540.5,624,4,0
2026-07-15 01:15:00,2026-07-14 23:15:00,7540.6,7548.5,7540.6,7547.0,410,4,0
2026-07-15 01:30:00,2026-07-14 23:30:00,7547.0,7548.8,7547.0,7547.3,219,4,0
2026-07-15 01:45:00,2026-07-14 23:45:00,7547.3,7547.6,7544.8,7545.6,267,4,0
2026-07-15 02:00:00,2026-07-15 00:00:00,7545.6,7549.0,7544.3,7548.8,293,4,0
2026-07-15 02:15:00,2026-07-15 00:15:00,7548.8,7556.6,7547.6,7556.3,441,4,0
2026-07-15 02:30:00,2026-07-15 00:30:00,7556.3,7559.8,7556.3,7557.7,536,4,0
2026-07-15 02:45:00,2026-07-15 00:45:00,7557.7,7560.8,7557.0,7559.3,764,4,0
2026-07-15 03:00:00,2026-07-15 01:00:00,7559.3,7561.1,7554.5,7559.7,1339,4,0
2026-07-15 03:15:00,2026-07-15 01:15:00,7559.7,7561.1,7557.6,7559.0,928,4,0
2026-07-15 03:30:00,2026-07-15 01:30:00,7559.0,7559.5,7549.3,7550.8,835,4,0
2026-07-15 03:45:00,2026-07-15 01:45:00,7550.6,7560.0,7549.5,7558.5,899,4,0
2026-07-15 04:00:00,2026-07-15 02:00:00,7558.5,7559.8,7552.5,7555.3,1137,4,0
2026-07-15 04:15:00,2026-07-15 02:15:00,7555.2,7560.3,7555.0,7558.3,985,4,0
2026-07-15 04:30:00,2026-07-15 02:30:00,7558.3,7559.9,7554.0,7554.3,1044,4,0
2026-07-15 04:45:00,2026-07-15 02:45:00,7554.3,7561.0,7554.3,7561.0,856,4,0
2026-07-15 05:00:00,2026-07-15 03:00:00,7561.0,7562.0,7559.3,7560.3,594,4,0
2026-07-15 05:15:00,2026-07-15 03:15:00,7560.3,7562.3,7559.9,7561.3,470,4,0
2026-07-15 05:30:00,2026-07-15 03:30:00,7561.3,7563.5,7560.8,7563.3,332,4,0
2026-07-15 05:45:00,2026-07-15 03:45:00,7563.3,7563.5,7559.8,7559.8,301,4,0
2026-07-15 06:00:00,2026-07-15 04:00:00,7559.8,7560.5,7558.0,7559.0,381,4,0
2026-07-15 06:15:00,2026-07-15 04:15:00,7559.0,7562.0,7558.8,7561.3,425,4,0
2026-07-15 06:30:00,2026-07-15 04:30:00,7561.3,7563.3,7561.0,7561.5,379,4,0
2026-07-15 06:45:00,2026-07-15 04:45:00,7561.5,7565.0,7561.5,7563.8,248,4,0
2026-07-15 07:00:00,2026-07-15 05:00:00,7563.8,7564.3,7562.3,7563.3,310,4,0
2026-07-15 07:15:00,2026-07-15 05:15:00,7563.3,7564.8,7562.8,7563.5,181,4,0
2026-07-15 07:30:00,2026-07-15 05:30:00,7563.5,7564.5,7562.9,7563.5,251,4,0
2026-07-15 07:45:00,2026-07-15 05:45:00,7563.5,7565.0,7563.4,7565.0,225,4,0
2026-07-15 08:00:00,2026-07-15 06:00:00,7565.0,7570.0,7559.8,7561.5,1119,4,0
2026-07-15 08:15:00,2026-07-15 06:15:00,7561.5,7564.5,7559.5,7560.3,650,4,0
2026-07-15 08:30:00,2026-07-15 06:30:00,7560.3,7564.8,7559.3,7562.5,708,4,0
2026-07-15 08:45:00,2026-07-15 06:45:00,7562.5,7565.8,7561.9,7565.8,499,4,0
2026-07-15 09:00:00,2026-07-15 07:00:00,7565.8,7566.3,7563.8,7564.8,448,4,0
2026-07-15 09:15:00,2026-07-15 07:15:00,7564.8,7566.8,7563.1,7566.6,375,4,0
2026-07-15 09:30:00,2026-07-15 07:30:00,7566.8,7567.3,7563.3,7564.1,336,4,0
2026-07-15 09:45:00,2026-07-15 07:45:00,7564.1,7565.3,7563.3,7564.3,442,4,0
2026-07-15 10:00:00,2026-07-15 08:00:00,7564.6,7565.8,7561.3,7563.8,650,4,0
2026-07-15 10:15:00,2026-07-15 08:15:00,7563.8,7564.3,7550.3,7555.6,681,4,0
2026-07-15 10:30:00,2026-07-15 08:30:00,7555.6,7559.1,7553.6,7558.6,782,4,0
2026-07-15 10:45:00,2026-07-15 08:45:00,7558.6,7563.1,7557.3,7561.1,482,4,0
2026-07-15 11:00:00,2026-07-15 09:00:00,7561.2,7561.8,7554.1,7556.8,715,4,0
2026-07-15 11:15:00,2026-07-15 09:15:00,7556.8,7559.1,7552.6,7557.7,849,4,0
2026-07-15 11:30:00,2026-07-15 09:30:00,7557.8,7561.3,7556.6,7560.7,591,4,0
2026-07-15 11:45:00,2026-07-15 09:45:00,7560.8,7564.1,7560.3,7563.3,527,4,0
2026-07-15 12:00:00,2026-07-15 10:00:00,7563.3,7567.3,7563.3,7566.3,410,4,0
2026-07-15 12:15:00,2026-07-15 10:15:00,7566.3,7567.1,7564.3,7565.1,346,4,0
2026-07-15 12:30:00,2026-07-15 10:30:00,7565.1,7566.8,7563.6,7566.3,400,4,0
2026-07-15 12:45:00,2026-07-15 10:45:00,7566.3,7566.6,7560.5,7561.3,336,4,0
2026-07-15 13:00:00,2026-07-15 11:00:00,7561.3,7562.9,7560.3,7562.6,432,4,0
2026-07-15 13:15:00,2026-07-15 11:15:00,7562.6,7563.3,7553.8,7554.9,738,4,0
2026-07-15 13:30:00,2026-07-15 11:30:00,7554.9,7558.8,7554.6,7556.3,555,4,0
2026-07-15 13:45:00,2026-07-15 11:45:00,7556.3,7558.8,7556.1,7557.9,417,4,0
2026-07-15 14:00:00,2026-07-15 12:00:00,7557.9,7560.3,7556.1,7556.9,707,4,0
2026-07-15 14:15:00,2026-07-15 12:15:00,7556.9,7559.1,7556.6,7557.3,482,4,0
2026-07-15 14:30:00,2026-07-15 12:30:00,7557.3,7560.1,7554.6,7558.6,468,4,0
2026-07-15 14:45:00,2026-07-15 12:45:00,7558.6,7558.6,7555.3,7556.6,645,4,0
2026-07-15 15:00:00,2026-07-15 13:00:00,7556.8,7557.3,7551.3,7552.6,676,4,0
2026-07-15 15:15:00,2026-07-15 13:15:00,7552.6,7554.3,7549.1,7551.6,550,4,0
2026-07-15 15:30:00,2026-07-15 13:30:00,7551.6,7570.1,7550.9,7567.3,1498,4,0
2026-07-15 15:45:00,2026-07-15 13:45:00,7567.3,7571.3,7564.8,7568.1,687,4,0
2026-07-15 16:00:00,2026-07-15 14:00:00,7568.1,7571.8,7563.3,7563.8,528,4,0
2026-07-15 16:15:00,2026-07-15 14:15:00,7563.8,7569.1,7562.6,7568.8,415,4,0
2026-07-15 16:30:00,2026-07-15 14:30:00,7569.1,7582.8,7568.8,7570.1,1864,4,0
2026-07-15 16:45:00,2026-07-15 14:45:00,7570.1,7572.6,7558.1,7571.1,1941,4,0
2026-07-15 17:00:00,2026-07-15 15:00:00,7571.3,7580.1,7571.3,7574.6,1609,4,0
2026-07-15 17:15:00,2026-07-15 15:15:00,7574.3,7582.6,7560.1,7572.8,2026,4,0
2026-07-15 17:30:00,2026-07-15 15:30:00,7572.8,7575.6,7554.6,7561.8,2227,4,0
2026-07-15 17:45:00,2026-07-15 15:45:00,7561.8,7564.8,7554.1,7561.4,1866,4,0
2026-07-15 18:00:00,2026-07-15 16:00:00,7561.3,7568.1,7556.3,7557.8,1777,4,0
2026-07-15 18:15:00,2026-07-15 16:15:00,7557.8,7562.8,7549.1,7562.8,1721,4,0
2026-07-15 18:30:00,2026-07-15 16:30:00,7562.6,7565.1,7557.1,7558.1,1326,4,0
2026-07-15 18:45:00,2026-07-15 16:45:00,7558.1,7559.1,7549.3,7553.1,1275,4,0
2026-07-15 19:00:00,2026-07-15 17:00:00,7552.8,7554.6,7537.8,7538.3,1392,4,0
2026-07-15 19:15:00,2026-07-15 17:15:00,7538.1,7539.8,7530.6,7534.8,1313,4,0
2026-07-15 19:30:00,2026-07-15 17:30:00,7534.6,7538.3,7528.6,7535.6,1186,4,0
2026-07-15 19:45:00,2026-07-15 17:45:00,7535.6,7550.1,7533.7,7543.3,1342,4,0
2026-07-15 20:00:00,2026-07-15 18:00:00,7543.6,7550.6,7542.6,7544.8,878,4,0
2026-07-15 20:15:00,2026-07-15 18:15:00,7544.8,7555.3,7544.3,7555.1,688,4,0
2026-07-15 20:30:00,2026-07-15 18:30:00,7555.1,7561.3,7555.1,7560.1,752,4,0
2026-07-15 20:45:00,2026-07-15 18:45:00,7560.1,7572.6,7559.6,7569.1,715,4,0
2026-07-15 21:00:00,2026-07-15 19:00:00,7569.1,7574.8,7568.6,7572.8,577,4,0
2026-07-15 21:15:00,2026-07-15 19:15:00,7572.8,7575.6,7569.6,7573.3,464,4,0
2026-07-15 21:30:00,2026-07-15 19:30:00,7573.3,7576.3,7567.1,7567.3,484,4,0
2026-07-15 21:45:00,2026-07-15 19:45:00,7567.3,7567.4,7557.8,7558.8,1039,4,0
2026-07-15 22:00:00,2026-07-15 20:00:00,7558.6,7565.6,7557.3,7564.6,870,4,0
2026-07-15 22:15:00,2026-07-15 20:15:00,7564.6,7565.3,7558.3,7562.8,839,4,0
2026-07-15 22:30:00,2026-07-15 20:30:00,7563.1,7569.3,7558.1,7568.1,1056,4,0
2026-07-15 22:45:00,2026-07-15 20:45:00,7568.1,7574.1,7562.1,7573.9,957,4,0
2026-07-15 23:00:00,2026-07-15 21:00:00,7573.8,7575.8,7566.1,7571.3,408,4,0
2026-07-15 23:15:00,2026-07-15 21:15:00,7571.3,7574.6,7570.1,7573.6,214,4,0
2026-07-15 23:30:00,2026-07-15 21:30:00,7573.6,7573.8,7571.6,7573.3,107,4,0
2026-07-15 23:45:00,2026-07-15 21:45:00,7573.3,7574.3,7572.1,7572.8,83,4,0
2026-07-16 01:00:00,2026-07-15 23:00:00,7573.3,7579.7,7573.2,7576.5,531,4,0
2026-07-16 01:15:00,2026-07-15 23:15:00,7576.5,7576.6,7574.0,7574.5,242,4,0
2026-07-16 01:30:00,2026-07-15 23:30:00,7574.5,7575.0,7572.7,7573.2,262,4,0
2026-07-16 01:45:00,2026-07-15 23:45:00,7573.2,7576.5,7572.0,7576.0,418,4,0
2026-07-16 02:00:00,2026-07-16 00:00:00,7576.0,7577.2,7575.0,7576.2,328,4,0
2026-07-16 02:15:00,2026-07-16 00:15:00,7576.2,7577.7,7575.0,7577.2,268,4,0
2026-07-16 02:30:00,2026-07-16 00:30:00,7577.2,7579.5,7576.2,7577.8,260,4,0
2026-07-16 02:45:00,2026-07-16 00:45:00,7577.8,7578.5,7573.2,7574.0,687,4,0
2026-07-16 03:00:00,2026-07-16 01:00:00,7574.0,7584.3,7573.4,7584.2,1481,4,0
2026-07-16 03:15:00,2026-07-16 01:15:00,7584.2,7585.2,7575.7,7576.7,1113,4,0
2026-07-16 03:30:00,2026-07-16 01:30:00,7576.7,7579.5,7573.0,7573.1,983,4,0
2026-07-16 03:45:00,2026-07-16 01:45:00,7573.0,7578.0,7572.0,7574.2,1032,4,0
2026-07-16 04:00:00,2026-07-16 02:00:00,7574.2,7575.5,7571.0,7572.5,1239,4,0
2026-07-16 04:15:00,2026-07-16 02:15:00,7572.5,7572.8,7568.0,7569.0,965,4,0
2026-07-16 04:30:00,2026-07-16 02:30:00,7569.0,7573.2,7568.6,7570.0,1134,4,0
2026-07-16 04:45:00,2026-07-16 02:45:00,7570.0,7576.3,7569.7,7572.2,1054,4,0
2026-07-16 05:00:00,2026-07-16 03:00:00,7572.2,7572.5,7568.7,7570.7,727,4,0
2026-07-16 05:15:00,2026-07-16 03:15:00,7570.7,7578.0,7570.5,7577.2,683,4,0
2026-07-16 05:30:00,2026-07-16 03:30:00,7577.2,7578.5,7575.6,7576.2,596,4,0
2026-07-16 05:45:00,2026-07-16 03:45:00,7576.2,7581.2,7576.0,7580.5,519,4,0
2026-07-16 06:00:00,2026-07-16 04:00:00,7580.5,7582.5,7579.5,7581.5,365,4,0
2026-07-16 06:15:00,2026-07-16 04:15:00,7581.5,7581.5,7578.5,7579.3,406,4,0
2026-07-16 06:30:00,2026-07-16 04:30:00,7579.5,7582.7,7579.0,7580.5,718,4,0
2026-07-16 06:45:00,2026-07-16 04:45:00,7580.5,7582.0,7579.7,7582.0,495,4,0
2026-07-16 07:00:00,2026-07-16 05:00:00,7582.0,7584.0,7581.5,7583.7,408,4,0
2026-07-16 07:15:00,2026-07-16 05:15:00,7583.7,7583.7,7579.7,7580.2,319,4,0
2026-07-16 07:30:00,2026-07-16 05:30:00,7580.2,7580.8,7578.3,7579.0,339,4,0
2026-07-16 07:45:00,2026-07-16 05:45:00,7579.0,7580.7,7578.2,7579.5,447,4,0
2026-07-16 08:00:00,2026-07-16 06:00:00,7579.5,7584.2,7579.3,7584.2,610,4,0
2026-07-16 08:15:00,2026-07-16 06:15:00,7584.2,7587.2,7583.7,7585.2,409,4,0
2026-07-16 08:30:00,2026-07-16 06:30:00,7585.2,7589.5,7574.2,7577.7,1155,4,0
2026-07-16 08:45:00,2026-07-16 06:45:00,7577.7,7578.5,7573.0,7574.7,663,4,0
2026-07-16 09:00:00,2026-07-16 07:00:00,7574.7,7582.3,7571.0,7579.3,1386,4,0
2026-07-16 09:15:00,2026-07-16 07:15:00,7579.5,7581.2,7574.7,7575.5,824,4,0
2026-07-16 09:30:00,2026-07-16 07:30:00,7575.5,7576.0,7568.7,7573.0,507,4,0
2026-07-16 09:45:00,2026-07-16 07:45:00,7573.0,7576.7,7571.5,7576.0,369,4,0
2026-07-16 10:00:00,2026-07-16 08:00:00,7576.0,7576.3,7567.7,7567.7,918,4,0
2026-07-16 10:15:00,2026-07-16 08:15:00,7567.7,7570.7,7566.0,7568.2,842,4,0
2026-07-16 10:30:00,2026-07-16 08:30:00,7568.2,7569.2,7563.5,7563.8,646,4,0
2026-07-16 10:45:00,2026-07-16 08:45:00,7563.8,7564.2,7557.7,7559.5,557,4,0
2026-07-16 11:00:00,2026-07-16 09:00:00,7559.2,7560.5,7551.2,7551.7,989,4,0
2026-07-16 11:15:00,2026-07-16 09:15:00,7551.7,7561.3,7551.2,7559.0,890,4,0
2026-07-16 11:30:00,2026-07-16 09:30:00,7559.2,7563.7,7558.0,7561.5,743,4,0
2026-07-16 11:45:00,2026-07-16 09:45:00,7561.5,7567.7,7561.5,7567.2,673,4,0
2026-07-16 12:00:00,2026-07-16 10:00:00,7567.2,7571.2,7567.2,7570.7,569,4,0
2026-07-16 12:15:00,2026-07-16 10:15:00,7570.7,7573.0,7568.0,7568.4,364,4,0
2026-07-16 12:30:00,2026-07-16 10:30:00,7568.4,7570.5,7566.3,7566.3,506,4,0
2026-07-16 12:45:00,2026-07-16 10:45:00,7566.3,7567.5,7562.5,7562.7,744,4,0
2026-07-16 13:00:00,2026-07-16 11:00:00,7562.7,7565.3,7560.0,7563.8,689,4,0
2026-07-16 13:15:00,2026-07-16 11:15:00,7563.8,7563.8,7559.0,7562.2,555,4,0
2026-07-16 13:30:00,2026-07-16 11:30:00,7562.2,7564.7,7559.7,7561.2,641,4,0
2026-07-16 13:45:00,2026-07-16 11:45:00,7561.2,7562.0,7558.5,7560.5,509,4,0
2026-07-16 14:00:00,2026-07-16 12:00:00,7560.5,7560.7,7553.6,7558.3,735,4,0
2026-07-16 14:15:00,2026-07-16 12:15:00,7558.3,7561.0,7553.5,7557.5,758,4,0
2026-07-16 14:30:00,2026-07-16 12:30:00,7557.5,7557.7,7552.5,7554.2,796,4,0
2026-07-16 14:45:00,2026-07-16 12:45:00,7554.2,7555.7,7539.1,7554.7,1296,4,0
2026-07-16 15:00:00,2026-07-16 13:00:00,7554.7,7556.5,7546.2,7548.7,881,4,0
2026-07-16 15:15:00,2026-07-16 13:15:00,7548.7,7552.0,7541.7,7544.6,1085,4,0
2026-07-16 15:30:00,2026-07-16 13:30:00,7544.6,7547.0,7538.2,7540.5,1369,4,0
2026-07-16 15:45:00,2026-07-16 13:45:00,7540.5,7547.0,7539.3,7544.2,797,4,0
2026-07-16 16:00:00,2026-07-16 14:00:00,7544.2,7553.7,7543.5,7553.2,783,4,0
2026-07-16 16:15:00,2026-07-16 14:15:00,7553.2,7555.5,7552.0,7554.2,659,4,0
2026-07-16 16:30:00,2026-07-16 14:30:00,7554.0,7561.5,7537.5,7539.2,2224,4,0
2026-07-16 16:45:00,2026-07-16 14:45:00,7539.5,7549.0,7533.0,7545.5,2377,4,0
2026-07-16 17:00:00,2026-07-16 15:00:00,7545.5,7563.0,7543.2,7560.2,1854,4,0
2026-07-16 17:15:00,2026-07-16 15:15:00,7560.5,7570.7,7557.7,7570.2,1666,4,0
2026-07-16 17:30:00,2026-07-16 15:30:00,7570.2,7571.0,7564.2,7570.5,1361,4,0
2026-07-16 17:45:00,2026-07-16 15:45:00,7570.5,7572.2,7560.5,7568.7,1432,4,0
2026-07-16 18:00:00,2026-07-16 16:00:00,7568.7,7570.7,7557.5,7560.0,1401,4,0
2026-07-16 18:15:00,2026-07-16 16:15:00,7560.0,7571.2,7556.5,7564.5,1383,4,0
2026-07-16 18:30:00,2026-07-16 16:30:00,7564.7,7570.7,7559.2,7563.2,1185,4,0
2026-07-16 18:45:00,2026-07-16 16:45:00,7563.2,7567.7,7556.8,7562.5,1198,4,0
2026-07-16 19:00:00,2026-07-16 17:00:00,7562.5,7563.0,7546.2,7546.7,1328,4,0
2026-07-16 19:15:00,2026-07-16 17:15:00,7546.7,7551.7,7540.7,7545.8,1420,4,0
2026-07-16 19:30:00,2026-07-16 17:30:00,7545.7,7551.7,7544.5,7546.2,1144,4,0
2026-07-16 19:45:00,2026-07-16 17:45:00,7546.2,7556.7,7543.5,7555.7,1233,4,0
2026-07-16 20:00:00,2026-07-16 18:00:00,7555.7,7556.2,7548.2,7548.7,1045,4,0
2026-07-16 20:15:00,2026-07-16 18:15:00,7548.7,7555.0,7547.0,7553.7,1042,4,0
2026-07-16 20:30:00,2026-07-16 18:30:00,7553.7,7554.7,7537.2,7540.5,1128,4,0
2026-07-16 20:45:00,2026-07-16 18:45:00,7540.7,7545.5,7537.2,7539.7,986,4,0
2026-07-16 21:00:00,2026-07-16 19:00:00,7540.0,7541.5,7531.5,7534.0,1342,4,0
2026-07-16 21:15:00,2026-07-16 19:15:00,7534.0,7544.0,7531.7,7536.2,1187,4,0
2026-07-16 21:30:00,2026-07-16 19:30:00,7536.0,7536.0,7526.2,7532.2,1135,4,0
2026-07-16 21:45:00,2026-07-16 19:45:00,7532.1,7536.2,7528.2,7529.0,941,4,0
2026-07-16 22:00:00,2026-07-16 20:00:00,7529.0,7533.7,7522.5,7524.5,1103,4,0
2026-07-16 22:15:00,2026-07-16 20:15:00,7524.2,7527.0,7515.7,7518.1,1119,4,0
2026-07-16 22:30:00,2026-07-16 20:30:00,7518.0,7518.7,7511.0,7512.5,1165,4,0
2026-07-16 22:45:00,2026-07-16 20:45:00,7512.2,7537.0,7506.0,7536.2,1442,4,0
2026-07-16 23:00:00,2026-07-16 21:00:00,7534.2,7535.0,7524.7,7525.0,919,4,0
2026-07-16 23:15:00,2026-07-16 21:15:00,7525.0,7531.0,7524.0,7526.7,474,4,0
2026-07-16 23:30:00,2026-07-16 21:30:00,7526.7,7528.0,7524.2,7526.2,340,4,0
2026-07-16 23:45:00,2026-07-16 21:45:00,7526.2,7527.7,7524.8,7526.2,237,4,0
2026-07-17 01:00:00,2026-07-16 23:00:00,7531.2,7533.1,7528.1,7528.8,684,4,0
2026-07-17 01:15:00,2026-07-16 23:15:00,7528.8,7529.0,7525.1,7525.6,382,4,0
2026-07-17 01:30:00,2026-07-16 23:30:00,7525.6,7526.6,7523.6,7525.7,358,4,0
2026-07-17 01:45:00,2026-07-16 23:45:00,7525.7,7525.8,7522.3,7524.3,429,4,0
2026-07-17 02:00:00,2026-07-17 00:00:00,7524.4,7525.4,7519.9,7523.1,455,4,0
2026-07-17 02:15:00,2026-07-17 00:15:00,7523.1,7523.3,7517.1,7519.4,436,4,0
2026-07-17 02:30:00,2026-07-17 00:30:00,7519.3,7522.5,7515.6,7520.7,590,4,0
2026-07-17 02:45:00,2026-07-17 00:45:00,7520.7,7521.6,7517.2,7518.8,1043,4,0
2026-07-17 03:00:00,2026-07-17 01:00:00,7518.9,7522.1,7510.6,7511.6,1590,4,0
2026-07-17 03:15:00,2026-07-17 01:15:00,7511.6,7515.8,7507.8,7508.6,1294,4,0
2026-07-17 03:30:00,2026-07-17 01:30:00,7508.7,7509.3,7504.7,7506.8,957,4,0
2026-07-17 03:45:00,2026-07-17 01:45:00,7506.8,7513.8,7506.3,7510.6,1192,4,0
2026-07-17 04:00:00,2026-07-17 02:00:00,7510.8,7514.6,7503.8,7504.4,1547,4,0
2026-07-17 04:15:00,2026-07-17 02:15:00,7504.4,7506.8,7502.1,7506.6,1156,4,0
2026-07-17 04:30:00,2026-07-17 02:30:00,7506.8,7507.1,7496.6,7497.2,1160,4,0
2026-07-17 04:45:00,2026-07-17 02:45:00,7497.2,7498.8,7493.8,7496.4,1051,4,0
2026-07-17 05:00:00,2026-07-17 03:00:00,7496.4,7497.8,7492.3,7493.4,961,4,0
2026-07-17 05:15:00,2026-07-17 03:15:00,7493.4,7493.7,7488.6,7489.8,579,4,0
2026-07-17 05:30:00,2026-07-17 03:30:00,7489.8,7490.8,7487.1,7490.8,675,4,0
2026-07-17 05:45:00,2026-07-17 03:45:00,7490.8,7491.5,7484.1,7488.3,631,4,0
2026-07-17 06:00:00,2026-07-17 04:00:00,7488.6,7493.4,7486.9,7492.6,579,4,0
2026-07-17 06:15:00,2026-07-17 04:15:00,7492.6,7499.6,7492.6,7497.9,553,4,0
2026-07-17 06:30:00,2026-07-17 04:30:00,7497.9,7498.3,7486.8,7488.7,844,4,0
2026-07-17 06:45:00,2026-07-17 04:45:00,7488.7,7489.1,7482.8,7482.8,758,4,0
2026-07-17 07:00:00,2026-07-17 05:00:00,7482.8,7483.1,7476.3,7477.2,958,4,0
2026-07-17 07:15:00,2026-07-17 05:15:00,7477.1,7477.8,7471.1,7472.8,788,4,0
2026-07-17 07:30:00,2026-07-17 05:30:00,7472.7,7474.3,7467.8,7472.5,1058,4,0
2026-07-17 07:45:00,2026-07-17 05:45:00,7472.6,7477.6,7472.1,7472.3,937,4,0
2026-07-17 08:00:00,2026-07-17 06:00:00,7472.3,7474.1,7469.6,7470.6,1018,4,0
2026-07-17 08:15:00,2026-07-17 06:15:00,7470.6,7473.2,7468.4,7470.1,916,4,0
2026-07-17 08:30:00,2026-07-17 06:30:00,7470.1,7472.6,7461.7,7466.6,1094,4,0
2026-07-17 08:45:00,2026-07-17 06:45:00,7466.6,7470.1,7463.8,7469.7,1116,4,0
2026-07-17 09:00:00,2026-07-17 07:00:00,7469.6,7474.3,7467.6,7472.4,1198,4,0
2026-07-17 09:15:00,2026-07-17 07:15:00,7472.4,7481.6,7471.6,7480.4,693,4,0
2026-07-17 09:30:00,2026-07-17 07:30:00,7480.6,7481.8,7472.8,7474.1,803,4,0
2026-07-17 09:45:00,2026-07-17 07:45:00,7474.1,7474.1,7467.3,7470.3,864,4,0
2026-07-17 10:00:00,2026-07-17 08:00:00,7470.4,7474.8,7468.6,7472.9,1367,4,0
2026-07-17 10:15:00,2026-07-17 08:15:00,7473.1,7475.3,7468.8,7475.2,1127,4,0
2026-07-17 10:30:00,2026-07-17 08:30:00,7475.1,7477.3,7471.1,7473.8,987,4,0
2026-07-17 10:45:00,2026-07-17 08:45:00,7473.8,7474.6,7469.3,7470.1,924,4,0
2026-07-17 11:00:00,2026-07-17 09:00:00,7470.1,7475.1,7464.8,7465.8,1542,4,0
2026-07-17 11:15:00,2026-07-17 09:15:00,7466.1,7466.6,7453.8,7458.6,1753,4,0
2026-07-17 11:30:00,2026-07-17 09:30:00,7458.6,7460.8,7450.1,7453.4,1339,4,0
2026-07-17 11:45:00,2026-07-17 09:45:00,7453.3,7462.6,7452.3,7457.8,1131,4,0
2026-07-17 12:00:00,2026-07-17 10:00:00,7457.9,7464.3,7455.3,7463.9,1194,4,0
2026-07-17 12:15:00,2026-07-17 10:15:00,7464.1,7468.8,7460.4,7468.6,1043,4,0
2026-07-17 12:30:00,2026-07-17 10:30:00,7468.7,7468.8,7461.5,7462.1,833,4,0
2026-07-17 12:45:00,2026-07-17 10:45:00,7462.1,7468.9,7462.1,7468.6,1000,4,0
2026-07-17 13:00:00,2026-07-17 11:00:00,7468.7,7475.6,7465.4,7474.8,1158,4,0
2026-07-17 13:15:00,2026-07-17 11:15:00,7474.8,7476.1,7469.6,7474.1,895,4,0
2026-07-17 13:30:00,2026-07-17 11:30:00,7473.9,7480.3,7473.8,7477.7,673,4,0
2026-07-17 13:45:00,2026-07-17 11:45:00,7477.6,7478.8,7474.8,7476.4,603,4,0
2026-07-17 14:00:00,2026-07-17 12:00:00,7476.6,7480.1,7470.8,7471.3,970,4,0
2026-07-17 14:15:00,2026-07-17 12:15:00,7471.3,7475.3,7468.1,7475.3,839,4,0
2026-07-17 14:30:00,2026-07-17 12:30:00,7475.6,7476.8,7471.7,7472.4,919,4,0
2026-07-17 14:45:00,2026-07-17 12:45:00,7472.4,7478.9,7470.8,7477.3,910,4,0
2026-07-17 15:00:00,2026-07-17 13:00:00,7477.3,7477.9,7467.8,7468.8,1036,4,0
2026-07-17 15:15:00,2026-07-17 13:15:00,7468.8,7470.8,7466.1,7467.8,860,4,0
2026-07-17 15:30:00,2026-07-17 13:30:00,7467.8,7468.3,7463.6,7466.3,1018,4,0
2026-07-17 15:45:00,2026-07-17 13:45:00,7466.3,7468.3,7461.3,7462.8,866,4,0
2026-07-17 16:00:00,2026-07-17 14:00:00,7462.8,7463.1,7451.3,7451.8,853,4,0
2026-07-17 16:15:00,2026-07-17 14:15:00,7451.7,7454.8,7441.8,7444.1,1244,4,0
2026-07-17 16:30:00,2026-07-17 14:30:00,7443.7,7450.6,7431.6,7434.3,2595,4,0
2026-07-17 16:45:00,2026-07-17 14:45:00,7434.1,7472.3,7433.6,7472.2,2339,4,0
2026-07-17 17:00:00,2026-07-17 15:00:00,7472.1,7491.8,7470.8,7486.8,2295,4,0
2026-07-17 17:15:00,2026-07-17 15:15:00,7487.1,7497.3,7486.1,7487.8,2028,4,0
2026-07-17 17:30:00,2026-07-17 15:30:00,7487.8,7492.1,7480.3,7482.9,2049,4,0
2026-07-17 17:45:00,2026-07-17 15:45:00,7483.1,7489.6,7472.8,7474.8,1945,4,0
2026-07-17 18:00:00,2026-07-17 16:00:00,7474.6,7476.3,7465.1,7467.6,1922,4,0
2026-07-17 18:15:00,2026-07-17 16:15:00,7467.6,7479.8,7463.6,7478.3,1938,4,0
2026-07-17 18:30:00,2026-07-17 16:30:00,7478.6,7483.1,7468.6,7479.1,2006,4,0
2026-07-17 18:45:00,2026-07-17 16:45:00,7479.1,7494.8,7473.1,7492.8,1614,4,0
2026-07-17 19:00:00,2026-07-17 17:00:00,7492.8,7495.1,7472.3,7486.8,1898,4,0
2026-07-17 19:15:00,2026-07-17 17:15:00,7486.7,7489.3,7475.1,7483.3,1653,4,0
2026-07-17 19:30:00,2026-07-17 17:30:00,7483.3,7488.6,7479.3,7488.1,1544,4,0
2026-07-17 19:45:00,2026-07-17 17:45:00,7488.2,7496.8,7485.7,7487.6,1289,4,0
2026-07-17 20:00:00,2026-07-17 18:00:00,7487.6,7495.6,7486.3,7488.3,1118,4,0
2026-07-17 20:15:00,2026-07-17 18:15:00,7488.3,7494.3,7483.8,7492.8,1003,4,0
2026-07-17 20:30:00,2026-07-17 18:30:00,7492.8,7493.8,7478.8,7479.8,1135,4,0
2026-07-17 20:45:00,2026-07-17 18:45:00,7479.8,7482.8,7467.3,7469.3,1066,4,0
2026-07-17 21:00:00,2026-07-17 19:00:00,7469.3,7474.9,7464.6,7464.8,1285,4,0
2026-07-17 21:15:00,2026-07-17 19:15:00,7464.8,7465.6,7456.1,7460.6,1246,4,0
2026-07-17 21:30:00,2026-07-17 19:30:00,7460.6,7467.1,7454.3,7456.1,1242,4,0
2026-07-17 21:45:00,2026-07-17 19:45:00,7455.8,7470.1,7454.1,7467.3,1332,4,0
2026-07-17 22:00:00,2026-07-17 20:00:00,7467.3,7468.3,7450.8,7451.3,1186,4,0
2026-07-17 22:15:00,2026-07-17 20:15:00,7451.3,7456.3,7444.8,7455.1,1456,4,0
2026-07-17 22:30:00,2026-07-17 20:30:00,7455.1,7459.8,7449.8,7458.6,1636,4,0
2026-07-17 22:45:00,2026-07-17 20:45:00,7458.6,7467.6,7452.8,7456.6,1727,4,0
2026-07-17 23:00:00,2026-07-17 21:00:00,7457.2,7457.2,7443.3,7447.1,1188,4,0
2026-07-17 23:15:00,2026-07-17 21:15:00,7447.1,7452.1,7445.8,7451.3,374,4,0
2026-07-17 23:30:00,2026-07-17 21:30:00,7451.3,7454.6,7451.1,7454.6,310,4,0
2026-07-17 23:45:00,2026-07-17 21:45:00,7454.6,7455.8,7451.9,7455.3,172,4,0
2026-07-20 01:00:00,2026-07-19 23:00:00,7450.1,7458.0,7443.1,7444.7,1666,4,0
2026-07-20 01:15:00,2026-07-19 23:15:00,7444.8,7457.6,7444.7,7448.2,1077,4,0
2026-07-20 01:30:00,2026-07-19 23:30:00,7448.1,7463.3,7447.2,7461.3,1070,4,0
2026-07-20 01:45:00,2026-07-19 23:45:00,7461.5,7463.1,7455.7,7456.8,799,4,0
2026-07-20 02:00:00,2026-07-20 00:00:00,7456.8,7459.3,7453.1,7456.5,875,4,0
2026-07-20 02:15:00,2026-07-20 00:15:00,7456.5,7459.1,7453.0,7454.3,668,4,0
2026-07-20 02:30:00,2026-07-20 00:30:00,7454.3,7463.0,7452.1,7462.8,834,4,0
2026-07-20 02:45:00,2026-07-20 00:45:00,7462.8,7466.1,7455.7,7465.2,1459,4,0
2026-07-20 03:00:00,2026-07-20 01:00:00,7465.2,7478.3,7457.8,7475.7,1843,4,0
2026-07-20 03:15:00,2026-07-20 01:15:00,7475.6,7478.1,7471.3,7472.6,1473,4,0
2026-07-20 03:30:00,2026-07-20 01:30:00,7472.5,7473.0,7464.6,7465.5,1565,4,0
2026-07-20 03:45:00,2026-07-20 01:45:00,7465.3,7467.6,7463.1,7464.3,1524,4,0
2026-07-20 04:00:00,2026-07-20 02:00:00,7464.3,7472.6,7464.1,7464.6,1966,4,0
2026-07-20 04:15:00,2026-07-20 02:15:00,7464.6,7468.3,7459.3,7460.1,1766,4,0
2026-07-20 04:30:00,2026-07-20 02:30:00,7460.1,7461.8,7454.0,7456.2,1770,4,0
2026-07-20 04:45:00,2026-07-20 02:45:00,7456.2,7459.3,7451.1,7455.6,1441,4,0
2026-07-20 05:00:00,2026-07-20 03:00:00,7455.6,7467.6,7455.5,7460.6,1642,4,0
2026-07-20 05:15:00,2026-07-20 03:15:00,7460.6,7461.1,7454.6,7457.6,1428,4,0
2026-07-20 05:30:00,2026-07-20 03:30:00,7457.6,7470.1,7457.3,7467.6,1561,4,0
2026-07-20 05:45:00,2026-07-20 03:45:00,7467.7,7471.6,7466.3,7466.6,1219,4,0
2026-07-20 06:00:00,2026-07-20 04:00:00,7466.6,7468.8,7462.1,7464.6,1126,4,0
2026-07-20 06:15:00,2026-07-20 04:15:00,7464.6,7468.6,7463.6,7465.1,1379,4,0
2026-07-20 06:30:00,2026-07-20 04:30:00,7465.2,7469.1,7463.3,7468.6,1360,4,0
2026-07-20 06:45:00,2026-07-20 04:45:00,7468.5,7471.3,7464.8,7466.6,1062,4,0
2026-07-20 07:00:00,2026-07-20 05:00:00,7466.6,7468.6,7462.3,7462.8,1108,4,0
2026-07-20 07:15:00,2026-07-20 05:15:00,7462.8,7469.3,7460.1,7468.8,1085,4,0
2026-07-20 07:30:00,2026-07-20 05:30:00,7468.6,7474.3,7467.3,7473.1,1178,4,0
2026-07-20 07:45:00,2026-07-20 05:45:00,7473.3,7476.1,7469.8,7470.2,903,4,0
2026-07-20 08:00:00,2026-07-20 06:00:00,7470.1,7471.3,7458.8,7464.2,1104,4,0
2026-07-20 08:15:00,2026-07-20 06:15:00,7464.2,7464.2,7460.1,7461.3,1369,4,0
2026-07-20 08:30:00,2026-07-20 06:30:00,7461.3,7461.6,7458.3,7458.3,1230,4,0
2026-07-20 08:45:00,2026-07-20 06:45:00,7458.3,7460.6,7455.1,7457.1,950,4,0
2026-07-20 09:00:00,2026-07-20 07:00:00,7457.1,7460.6,7455.6,7456.1,1109,4,0
2026-07-20 09:15:00,2026-07-20 07:15:00,7456.1,7459.1,7453.8,7455.8,905,4,0
2026-07-20 09:30:00,2026-07-20 07:30:00,7455.8,7459.3,7452.1,7457.3,918,4,0
2026-07-20 09:45:00,2026-07-20 07:45:00,7457.3,7458.6,7454.6,7458.1,767,4,0
2026-07-20 10:00:00,2026-07-20 08:00:00,7458.1,7463.6,7458.1,7460.6,1173,4,0
2026-07-20 10:15:00,2026-07-20 08:15:00,7460.6,7470.8,7457.7,7470.5,1253,4,0
2026-07-20 10:30:00,2026-07-20 08:30:00,7470.6,7480.2,7470.3,7478.1,1387,4,0
2026-07-20 10:45:00,2026-07-20 08:45:00,7478.1,7479.6,7472.6,7476.8,986,4,0
2026-07-20 11:00:00,2026-07-20 09:00:00,7476.8,7481.7,7475.1,7480.8,1104,4,0
2026-07-20 11:15:00,2026-07-20 09:15:00,7480.8,7482.6,7478.1,7478.6,767,4,0
2026-07-20 11:30:00,2026-07-20 09:30:00,7478.6,7479.3,7473.1,7473.8,762,4,0
2026-07-20 11:45:00,2026-07-20 09:45:00,7473.8,7476.8,7473.2,7475.1,717,4,0
2026-07-20 12:00:00,2026-07-20 10:00:00,7475.1,7476.7,7471.8,7473.9,809,4,0
2026-07-20 12:15:00,2026-07-20 10:15:00,7473.9,7479.2,7473.8,7478.1,666,4,0
2026-07-20 12:30:00,2026-07-20 10:30:00,7478.1,7481.9,7477.1,7481.6,728,4,0
2026-07-20 12:45:00,2026-07-20 10:45:00,7481.6,7488.3,7481.3,7482.6,606,4,0
2026-07-20 13:00:00,2026-07-20 11:00:00,7482.6,7483.3,7478.8,7479.3,630,4,0
2026-07-20 13:15:00,2026-07-20 11:15:00,7479.3,7481.8,7477.8,7480.8,634,4,0
2026-07-20 13:30:00,2026-07-20 11:30:00,7480.8,7484.0,7478.3,7480.6,741,4,0
2026-07-20 13:45:00,2026-07-20 11:45:00,7480.6,7485.1,7479.4,7482.8,600,4,0
2026-07-20 14:00:00,2026-07-20 12:00:00,7482.8,7490.3,7481.6,7488.3,890,4,0
2026-07-20 14:15:00,2026-07-20 12:15:00,7488.3,7489.2,7483.8,7484.6,499,4,0
2026-07-20 14:30:00,2026-07-20 12:30:00,7484.6,7506.3,7484.1,7500.1,1930,4,0
2026-07-20 14:45:00,2026-07-20 12:45:00,7500.1,7501.8,7493.6,7496.6,1018,4,0
2026-07-20 15:00:00,2026-07-20 13:00:00,7496.5,7497.0,7482.1,7487.1,1657,4,0
2026-07-20 15:15:00,2026-07-20 13:15:00,7487.1,7491.1,7484.3,7491.1,843,4,0
2026-07-20 15:30:00,2026-07-20 13:30:00,7491.1,7492.3,7485.3,7486.1,779,4,0
2026-07-20 15:45:00,2026-07-20 13:45:00,7486.1,7491.6,7483.6,7488.1,636,4,0
2026-07-20 16:00:00,2026-07-20 14:00:00,7488.1,7492.3,7487.6,7488.3,658,4,0
2026-07-20 16:15:00,2026-07-20 14:15:00,7488.3,7497.1,7487.1,7495.1,666,4,0
2026-07-20 16:30:00,2026-07-20 14:30:00,7495.3,7512.3,7493.8,7511.1,1555,4,0
2026-07-20 16:45:00,2026-07-20 14:45:00,7511.1,7512.8,7480.1,7481.3,1829,4,0
2026-07-20 17:00:00,2026-07-20 15:00:00,7481.6,7488.3,7472.3,7474.7,1976,4,0
2026-07-20 17:15:00,2026-07-20 15:15:00,7474.8,7482.1,7467.1,7481.6,1812,4,0
2026-07-20 17:30:00,2026-07-20 15:30:00,7481.6,7483.8,7472.3,7473.6,1948,4,0
2026-07-20 17:45:00,2026-07-20 15:45:00,7473.8,7482.3,7461.8,7466.1,1930,4,0
2026-07-20 18:00:00,2026-07-20 16:00:00,7466.1,7479.8,7463.1,7473.1,1965,4,0
2026-07-20 18:15:00,2026-07-20 16:15:00,7472.8,7484.6,7471.1,7483.5,1518,4,0
2026-07-20 18:30:00,2026-07-20 16:30:00,7483.6,7485.1,7477.6,7484.3,1353,4,0
2026-07-20 18:45:00,2026-07-20 16:45:00,7484.6,7489.1,7475.6,7484.6,1263,4,0
2026-07-20 19:00:00,2026-07-20 17:00:00,7484.6,7494.8,7480.6,7492.8,983,4,0
2026-07-20 19:15:00,2026-07-20 17:15:00,7492.8,7493.6,7486.6,7489.6,888,4,0
2026-07-20 19:30:00,2026-07-20 17:30:00,7489.6,7492.5,7470.2,7478.8,1318,4,0
2026-07-20 19:45:00,2026-07-20 17:45:00,7478.8,7486.8,7472.1,7474.6,1298,4,0
2026-07-20 20:00:00,2026-07-20 18:00:00,7474.6,7476.8,7463.1,7463.6,1016,4,0
2026-07-20 20:15:00,2026-07-20 18:15:00,7463.6,7469.3,7460.1,7465.8,960,4,0
2026-07-20 20:30:00,2026-07-20 18:30:00,7466.1,7470.1,7460.3,7462.1,1028,4,0
2026-07-20 20:45:00,2026-07-20 18:45:00,7462.1,7473.3,7461.8,7470.1,955,4,0
2026-07-20 21:00:00,2026-07-20 19:00:00,7470.1,7476.6,7469.8,7475.1,822,4,0
2026-07-20 21:15:00,2026-07-20 19:15:00,7475.1,7478.6,7466.1,7469.3,943,4,0
2026-07-20 21:30:00,2026-07-20 19:30:00,7469.3,7469.3,7449.8,7449.8,1245,4,0
2026-07-20 21:45:00,2026-07-20 19:45:00,7449.6,7456.6,7448.7,7451.6,1135,4,0
2026-07-20 22:00:00,2026-07-20 20:00:00,7451.6,7456.1,7441.3,7441.3,1200,4,0
2026-07-20 22:15:00,2026-07-20 20:15:00,7441.1,7453.3,7439.3,7451.3,1257,4,0
2026-07-20 22:30:00,2026-07-20 20:30:00,7451.5,7458.1,7447.8,7454.8,1291,4,0
2026-07-20 22:45:00,2026-07-20 20:45:00,7454.8,7457.3,7441.6,7446.6,1517,4,0
2026-07-20 23:00:00,2026-07-20 21:00:00,7446.6,7454.1,7442.0,7442.8,596,4,0
2026-07-20 23:15:00,2026-07-20 21:15:00,7442.6,7443.1,7437.8,7440.1,292,4,0
2026-07-20 23:30:00,2026-07-20 21:30:00,7440.1,7444.3,7439.8,7442.8,187,4,0
2026-07-20 23:45:00,2026-07-20 21:45:00,7442.8,7444.8,7441.8,7444.3,165,4,0
2026-07-21 01:00:00,2026-07-20 23:00:00,7447.5,7447.5,7435.2,7438.0,697,4,0
2026-07-21 01:15:00,2026-07-20 23:15:00,7437.8,7439.2,7436.7,7437.7,413,4,0
2026-07-21 01:30:00,2026-07-20 23:30:00,7437.7,7438.8,7435.0,7438.0,342,4,0
2026-07-21 01:45:00,2026-07-20 23:45:00,7438.0,7438.7,7435.7,7437.2,283,4,0
2026-07-21 02:00:00,2026-07-21 00:00:00,7437.2,7445.0,7436.6,7444.7,448,4,0
2026-07-21 02:15:00,2026-07-21 00:15:00,7444.7,7451.7,7444.5,7451.5,464,4,0
2026-07-21 02:30:00,2026-07-21 00:30:00,7451.5,7452.7,7449.7,7450.7,303,4,0
2026-07-21 02:45:00,2026-07-21 00:45:00,7450.7,7452.7,7442.5,7447.0,1227,4,0
2026-07-21 03:00:00,2026-07-21 01:00:00,7447.0,7447.0,7436.2,7439.5,2218,4,0
2026-07-21 03:15:00,2026-07-21 01:15:00,7439.5,7450.2,7435.7,7448.0,1968,4,0
2026-07-21 03:30:00,2026-07-21 01:30:00,7448.0,7456.0,7447.7,7454.2,1370,4,0
2026-07-21 03:45:00,2026-07-21 01:45:00,7454.2,7457.6,7452.6,7454.0,1104,4,0
2026-07-21 04:00:00,2026-07-21 02:00:00,7454.0,7460.5,7451.2,7459.7,1282,4,0
2026-07-21 04:15:00,2026-07-21 02:15:00,7459.7,7461.2,7456.5,7457.5,1272,4,0
2026-07-21 04:30:00,2026-07-21 02:30:00,7457.5,7460.0,7452.8,7453.5,1057,4,0
2026-07-21 04:45:00,2026-07-21 02:45:00,7453.6,7457.7,7452.7,7454.6,1144,4,0
2026-07-21 05:00:00,2026-07-21 03:00:00,7454.7,7461.5,7454.0,7454.7,1160,4,0
2026-07-21 05:15:00,2026-07-21 03:15:00,7454.7,7459.2,7450.5,7455.8,1010,4,0
2026-07-21 05:30:00,2026-07-21 03:30:00,7455.7,7463.3,7455.7,7462.5,750,4,0
2026-07-21 05:45:00,2026-07-21 03:45:00,7462.5,7463.7,7460.0,7463.5,569,4,0
2026-07-21 06:00:00,2026-07-21 04:00:00,7463.5,7466.2,7463.5,7465.5,302,4,0
2026-07-21 06:15:00,2026-07-21 04:15:00,7465.5,7469.7,7465.2,7469.7,279,4,0
2026-07-21 06:30:00,2026-07-21 04:30:00,7469.7,7473.0,7469.2,7471.2,402,4,0
2026-07-21 06:45:00,2026-07-21 04:45:00,7471.2,7474.8,7471.2,7474.6,335,4,0
2026-07-21 07:00:00,2026-07-21 05:00:00,7474.6,7478.5,7474.5,7476.1,458,4,0
2026-07-21 07:15:00,2026-07-21 05:15:00,7476.0,7476.7,7475.0,7475.7,414,4,0
2026-07-21 07:30:00,2026-07-21 05:30:00,7475.7,7478.0,7475.2,7476.5,439,4,0
2026-07-21 07:45:00,2026-07-21 05:45:00,7476.5,7477.5,7475.0,7476.1,447,4,0
2026-07-21 08:00:00,2026-07-21 06:00:00,7476.1,7476.5,7473.2,7473.7,531,4,0
2026-07-21 08:15:00,2026-07-21 06:15:00,7473.7,7478.7,7472.0,7478.5,545,4,0
2026-07-21 08:30:00,2026-07-21 06:30:00,7478.5,7483.6,7476.3,7483.0,521,4,0
2026-07-21 08:45:00,2026-07-21 06:45:00,7483.0,7484.6,7480.7,7482.7,671,4,0
2026-07-21 09:00:00,2026-07-21 07:00:00,7482.7,7484.5,7481.3,7483.0,578,4,0
2026-07-21 09:15:00,2026-07-21 07:15:00,7483.0,7484.5,7480.0,7481.5,483,4,0
2026-07-21 09:30:00,2026-07-21 07:30:00,7481.5,7489.3,7481.5,7487.1,681,4,0
2026-07-21 09:45:00,2026-07-21 07:45:00,7487.1,7487.5,7484.1,7485.7,331,4,0
2026-07-21 10:00:00,2026-07-21 08:00:00,7486.0,7489.7,7482.7,7484.7,773,4,0
2026-07-21 10:15:00,2026-07-21 08:15:00,7484.7,7484.7,7477.7,7478.7,584,4,0
2026-07-21 10:30:00,2026-07-21 08:30:00,7478.7,7482.2,7475.7,7479.2,610,4,0
2026-07-21 10:45:00,2026-07-21 08:45:00,7479.2,7480.0,7476.5,7479.7,578,4,0
2026-07-21 11:00:00,2026-07-21 09:00:00,7479.7,7485.0,7477.7,7484.7,911,4,0
2026-07-21 11:15:00,2026-07-21 09:15:00,7484.7,7486.2,7483.2,7485.2,749,4,0
2026-07-21 11:30:00,2026-07-21 09:30:00,7485.2,7487.5,7484.2,7486.5,726,4,0
2026-07-21 11:45:00,2026-07-21 09:45:00,7486.5,7486.5,7483.2,7485.2,537,4,0
2026-07-21 12:00:00,2026-07-21 10:00:00,7485.2,7488.2,7484.7,7487.2,431,4,0
2026-07-21 12:15:00,2026-07-21 10:15:00,7487.2,7490.0,7484.7,7485.0,449,4,0
2026-07-21 12:30:00,2026-07-21 10:30:00,7485.0,7487.2,7483.2,7484.7,481,4,0
2026-07-21 12:45:00,2026-07-21 10:45:00,7484.7,7489.0,7483.7,7484.2,438,4,0
2026-07-21 13:00:00,2026-07-21 11:00:00,7484.3,7489.7,7482.7,7485.2,939,4,0
2026-07-21 13:15:00,2026-07-21 11:15:00,7485.2,7488.0,7484.5,7485.7,633,4,0
2026-07-21 13:30:00,2026-07-21 11:30:00,7485.7,7490.6,7483.2,7485.0,620,4,0
2026-07-21 13:45:00,2026-07-21 11:45:00,7485.0,7486.7,7481.6,7484.0,658,4,0
2026-07-21 14:00:00,2026-07-21 12:00:00,7484.0,7485.5,7477.7,7481.0,683,4,0
2026-07-21 14:15:00,2026-07-21 12:15:00,7481.0,7481.1,7475.0,7476.3,711,4,0
2026-07-21 14:30:00,2026-07-21 12:30:00,7476.2,7482.7,7476.1,7478.9,716,4,0
2026-07-21 14:45:00,2026-07-21 12:45:00,7478.7,7480.5,7475.5,7476.7,607,4,0
2026-07-21 15:00:00,2026-07-21 13:00:00,7476.7,7483.1,7475.3,7480.0,751,4,0
2026-07-21 15:15:00,2026-07-21 13:15:00,7480.0,7480.0,7472.3,7472.7,949,4,0
2026-07-21 15:30:00,2026-07-21 13:30:00,7472.7,7474.5,7467.6,7471.6,786,4,0
2026-07-21 15:45:00,2026-07-21 13:45:00,7471.6,7479.2,7471.5,7477.5,811,4,0
2026-07-21 16:00:00,2026-07-21 14:00:00,7477.5,7478.2,7473.7,7476.0,543,4,0
2026-07-21 16:15:00,2026-07-21 14:15:00,7476.0,7487.7,7475.5,7487.7,685,4,0
2026-07-21 16:30:00,2026-07-21 14:30:00,7487.7,7492.0,7467.5,7469.7,2007,4,0
2026-07-21 16:45:00,2026-07-21 14:45:00,7469.7,7478.2,7466.5,7478.2,2171,4,0
2026-07-21 17:00:00,2026-07-21 15:00:00,7478.2,7483.5,7474.5,7482.2,1980,4,0
2026-07-21 17:15:00,2026-07-21 15:15:00,7482.2,7495.0,7472.7,7493.7,1695,4,0
2026-07-21 17:30:00,2026-07-21 15:30:00,7493.7,7497.5,7483.0,7491.2,1317,4,0
2026-07-21 17:45:00,2026-07-21 15:45:00,7491.2,7498.0,7488.5,7493.0,1251,4,0
2026-07-21 18:00:00,2026-07-21 16:00:00,7493.0,7500.5,7483.5,7497.2,1137,4,0
2026-07-21 18:15:00,2026-07-21 16:15:00,7497.5,7505.7,7496.7,7505.5,889,4,0
2026-07-21 18:30:00,2026-07-21 16:30:00,7505.5,7505.6,7499.5,7501.2,741,4,0
2026-07-21 18:45:00,2026-07-21 16:45:00,7501.2,7505.2,7500.0,7500.5,534,4,0
2026-07-21 19:00:00,2026-07-21 17:00:00,7500.5,7508.2,7500.2,7507.5,445,4,0
2026-07-21 19:15:00,2026-07-21 17:15:00,7507.5,7512.5,7507.2,7511.5,422,4,0
2026-07-21 19:30:00,2026-07-21 17:30:00,7511.5,7513.0,7510.0,7511.5,351,4,0
2026-07-21 19:45:00,2026-07-21 17:45:00,7511.5,7515.7,7509.5,7512.2,384,4,0
2026-07-21 20:00:00,2026-07-21 18:00:00,7512.2,7513.7,7510.5,7511.0,365,4,0
2026-07-21 20:15:00,2026-07-21 18:15:00,7511.2,7511.5,7507.5,7508.7,383,4,0
2026-07-21 20:30:00,2026-07-21 18:30:00,7508.7,7512.2,7507.2,7511.7,397,4,0
2026-07-21 20:45:00,2026-07-21 18:45:00,7511.7,7514.2,7510.0,7511.0,340,4,0
2026-07-21 21:00:00,2026-07-21 19:00:00,7511.0,7512.5,7506.5,7506.5,398,4,0
2026-07-21 21:15:00,2026-07-21 19:15:00,7506.5,7508.7,7505.5,7507.0,315,4,0
2026-07-21 21:30:00,2026-07-21 19:30:00,7507.0,7511.0,7504.2,7510.5,316,4,0
2026-07-21 21:45:00,2026-07-21 19:45:00,7510.3,7511.2,7507.2,7508.7,302,4,0
2026-07-21 22:00:00,2026-07-21 20:00:00,7508.7,7509.5,7506.2,7507.7,393,4,0
2026-07-21 22:15:00,2026-07-21 20:15:00,7507.7,7509.7,7507.0,7507.5,317,4,0
2026-07-21 22:30:00,2026-07-21 20:30:00,7507.5,7510.5,7506.0,7509.7,376,4,0
2026-07-21 22:45:00,2026-07-21 20:45:00,7509.9,7511.0,7505.5,7508.0,791,4,0
2026-07-21 23:00:00,2026-07-21 21:00:00,7508.0,7508.7,7503.0,7506.2,359,4,0
2026-07-21 23:15:00,2026-07-21 21:15:00,7506.2,7506.2,7502.7,7503.2,125,4,0
2026-07-21 23:30:00,2026-07-21 21:30:00,7503.2,7505.5,7503.2,7504.2,78,4,0
2026-07-21 23:45:00,2026-07-21 21:45:00,7504.2,7504.5,7502.5,7503.7,97,4,0
2026-07-22 01:00:00,2026-07-21 23:00:00,7506.7,7507.0,7503.7,7507.0,488,4,0
2026-07-22 01:15:00,2026-07-21 23:15:00,7507.0,7508.0,7503.5,7504.3,299,4,0
2026-07-22 01:30:00,2026-07-21 23:30:00,7504.3,7505.0,7502.8,7503.5,262,4,0
2026-07-22 01:45:00,2026-07-21 23:45:00,7503.5,7503.5,7501.0,7503.3,265,4,0
2026-07-22 02:00:00,2026-07-22 00:00:00,7503.3,7504.7,7502.3,7504.3,246,4,0
2026-07-22 02:15:00,2026-07-22 00:15:00,7504.3,7506.5,7502.8,7505.5,271,4,0
2026-07-22 02:30:00,2026-07-22 00:30:00,7505.5,7506.5,7502.3,7503.0,278,4,0
2026-07-22 02:45:00,2026-07-22 00:45:00,7503.0,7506.5,7502.5,7505.8,819,4,0
2026-07-22 03:00:00,2026-07-22 01:00:00,7505.7,7509.5,7504.5,7507.5,1405,4,0
2026-07-22 03:15:00,2026-07-22 01:15:00,7507.5,7508.2,7503.3,7504.4,1169,4,0
2026-07-22 03:30:00,2026-07-22 01:30:00,7504.5,7505.5,7501.7,7503.4,1147,4,0
2026-07-22 03:45:00,2026-07-22 01:45:00,7503.3,7505.0,7500.5,7504.5,948,4,0
2026-07-22 04:00:00,2026-07-22 02:00:00,7504.5,7505.5,7498.8,7500.8,976,4,0
2026-07-22 04:15:00,2026-07-22 02:15:00,7500.8,7501.8,7497.5,7498.8,786,4,0
2026-07-22 04:30:00,2026-07-22 02:30:00,7498.8,7501.0,7497.0,7500.9,873,4,0
2026-07-22 04:45:00,2026-07-22 02:45:00,7500.9,7507.0,7500.2,7503.5,638,4,0
2026-07-22 05:00:00,2026-07-22 03:00:00,7503.5,7504.5,7499.0,7502.3,910,4,0
2026-07-22 05:15:00,2026-07-22 03:15:00,7502.3,7505.3,7501.0,7504.0,744,4,0
2026-07-22 05:30:00,2026-07-22 03:30:00,7504.0,7504.5,7500.8,7504.0,924,4,0
2026-07-22 05:45:00,2026-07-22 03:45:00,7504.0,7505.8,7502.3,7503.8,651,4,0
2026-07-22 06:00:00,2026-07-22 04:00:00,7503.9,7505.2,7500.5,7501.3,716,4,0
2026-07-22 06:15:00,2026-07-22 04:15:00,7501.3,7507.3,7501.0,7506.8,661,4,0
2026-07-22 06:30:00,2026-07-22 04:30:00,7506.8,7507.3,7501.3,7501.8,914,4,0
2026-07-22 06:45:00,2026-07-22 04:45:00,7501.8,7503.3,7497.0,7498.0,799,4,0
2026-07-22 07:00:00,2026-07-22 05:00:00,7498.0,7501.2,7496.8,7500.0,747,4,0
2026-07-22 07:15:00,2026-07-22 05:15:00,7500.0,7502.0,7500.0,7501.3,432,4,0
2026-07-22 07:30:00,2026-07-22 05:30:00,7501.3,7501.3,7498.5,7500.4,547,4,0
2026-07-22 07:45:00,2026-07-22 05:45:00,7500.4,7501.0,7497.8,7501.0,589,4,0
2026-07-22 08:00:00,2026-07-22 06:00:00,7501.0,7501.5,7497.3,7498.0,878,4,0
2026-07-22 08:15:00,2026-07-22 06:15:00,7498.0,7499.2,7496.5,7497.3,1022,4,0
2026-07-22 08:30:00,2026-07-22 06:30:00,7497.2,7499.0,7495.3,7495.8,961,4,0
2026-07-22 08:45:00,2026-07-22 06:45:00,7495.8,7499.5,7494.8,7499.0,823,4,0
2026-07-22 09:00:00,2026-07-22 07:00:00,7499.0,7499.3,7495.3,7496.8,854,4,0
2026-07-22 09:15:00,2026-07-22 07:15:00,7496.8,7496.8,7486.0,7487.3,579,4,0
2026-07-22 09:30:00,2026-07-22 07:30:00,7487.3,7492.0,7487.0,7488.2,578,4,0
2026-07-22 09:45:00,2026-07-22 07:45:00,7488.2,7488.8,7483.8,7485.3,576,4,0
2026-07-22 10:00:00,2026-07-22 08:00:00,7485.3,7486.0,7478.9,7485.8,968,4,0
2026-07-22 10:15:00,2026-07-22 08:15:00,7485.8,7489.3,7484.0,7487.9,722,4,0
2026-07-22 10:30:00,2026-07-22 08:30:00,7487.8,7489.0,7474.8,7479.5,1134,4,0
2026-07-22 10:45:00,2026-07-22 08:45:00,7479.5,7481.2,7475.5,7478.8,923,4,0
2026-07-22 11:00:00,2026-07-22 09:00:00,7478.8,7485.3,7477.5,7479.0,1258,4,0
2026-07-22 11:15:00,2026-07-22 09:15:00,7479.0,7486.3,7478.8,7486.0,1117,4,0
2026-07-22 11:30:00,2026-07-22 09:30:00,7486.0,7489.0,7483.8,7484.9,889,4,0
2026-07-22 11:45:00,2026-07-22 09:45:00,7484.9,7488.8,7484.9,7487.8,757,4,0
2026-07-22 12:00:00,2026-07-22 10:00:00,7487.8,7494.3,7487.3,7490.8,644,4,0
2026-07-22 12:15:00,2026-07-22 10:15:00,7490.8,7493.8,7489.8,7489.8,483,4,0
2026-07-22 12:30:00,2026-07-22 10:30:00,7489.8,7490.0,7485.0,7487.4,806,4,0
2026-07-22 12:45:00,2026-07-22 10:45:00,7487.4,7489.0,7483.2,7489.0,638,4,0
2026-07-22 13:00:00,2026-07-22 11:00:00,7489.0,7493.3,7488.0,7488.0,586,4,0
2026-07-22 13:15:00,2026-07-22 11:15:00,7488.0,7495.5,7487.0,7494.3,966,4,0
2026-07-22 13:30:00,2026-07-22 11:30:00,7494.3,7495.3,7488.9,7489.0,828,4,0
2026-07-22 13:45:00,2026-07-22 11:45:00,7488.8,7494.5,7488.5,7492.8,659,4,0
2026-07-22 14:00:00,2026-07-22 12:00:00,7492.8,7492.8,7487.9,7488.0,926,4,0
2026-07-22 14:15:00,2026-07-22 12:15:00,7488.0,7489.8,7485.3,7485.8,554,4,0
2026-07-22 14:30:00,2026-07-22 12:30:00,7485.8,7489.0,7474.3,7478.9,922,4,0
2026-07-22 14:45:00,2026-07-22 12:45:00,7478.8,7485.8,7478.2,7479.9,862,4,0
2026-07-22 15:00:00,2026-07-22 13:00:00,7480.0,7482.8,7476.5,7481.3,845,4,0
2026-07-22 15:15:00,2026-07-22 13:15:00,7481.3,7481.8,7474.8,7479.0,694,4,0
2026-07-22 15:30:00,2026-07-22 13:30:00,7479.0,7485.8,7478.9,7484.4,945,4,0
2026-07-22 15:45:00,2026-07-22 13:45:00,7484.4,7484.5,7467.8,7477.3,927,4,0
2026-07-22 16:00:00,2026-07-22 14:00:00,7477.3,7483.8,7477.3,7481.8,690,4,0
2026-07-22 16:15:00,2026-07-22 14:15:00,7481.8,7491.3,7481.5,7490.5,667,4,0
2026-07-22 16:30:00,2026-07-22 14:30:00,7490.3,7501.3,7488.0,7500.0,1467,4,0
2026-07-22 16:45:00,2026-07-22 14:45:00,7500.0,7512.5,7498.3,7512.5,1271,4,0
2026-07-22 17:00:00,2026-07-22 15:00:00,7512.5,7518.8,7506.0,7507.3,1176,4,0
2026-07-22 17:15:00,2026-07-22 15:15:00,7507.3,7508.8,7495.5,7497.3,1311,4,0
2026-07-22 17:30:00,2026-07-22 15:30:00,7497.3,7502.5,7492.2,7492.5,1426,4,0
2026-07-22 17:45:00,2026-07-22 15:45:00,7492.3,7504.8,7491.5,7504.5,1153,4,0
2026-07-22 18:00:00,2026-07-22 16:00:00,7504.5,7515.3,7504.0,7513.8,839,4,0
2026-07-22 18:15:00,2026-07-22 16:15:00,7513.8,7522.3,7510.3,7519.5,736,4,0
2026-07-22 18:30:00,2026-07-22 16:30:00,7519.5,7520.3,7512.8,7515.0,722,4,0
2026-07-22 18:45:00,2026-07-22 16:45:00,7515.0,7522.8,7515.0,7522.8,511,4,0
2026-07-22 19:00:00,2026-07-22 17:00:00,7522.8,7524.3,7520.0,7522.3,421,4,0
2026-07-22 19:15:00,2026-07-22 17:15:00,7522.3,7525.5,7522.0,7524.0,406,4,0
2026-07-22 19:30:00,2026-07-22 17:30:00,7524.0,7525.3,7522.0,7523.0,392,4,0
2026-07-22 19:45:00,2026-07-22 17:45:00,7523.0,7525.0,7520.3,7523.8,400,4,0
2026-07-22 20:00:00,2026-07-22 18:00:00,7523.8,7525.0,7517.7,7518.3,437,4,0
2026-07-22 20:15:00,2026-07-22 18:15:00,7518.3,7519.5,7514.8,7515.5,434,4,0
2026-07-22 20:30:00,2026-07-22 18:30:00,7515.5,7518.8,7513.5,7516.3,419,4,0
2026-07-22 20:45:00,2026-07-22 18:45:00,7516.3,7517.3,7508.8,7510.3,508,4,0
2026-07-22 21:00:00,2026-07-22 19:00:00,7510.0,7512.3,7505.0,7505.5,590,4,0
2026-07-22 21:15:00,2026-07-22 19:15:00,7505.3,7510.5,7505.3,7509.8,502,4,0
2026-07-22 21:30:00,2026-07-22 19:30:00,7509.8,7509.8,7505.5,7508.0,439,4,0
2026-07-22 21:45:00,2026-07-22 19:45:00,7508.0,7511.0,7506.3,7509.5,378,4,0
2026-07-22 22:00:00,2026-07-22 20:00:00,7509.5,7510.0,7503.8,7504.3,422,4,0
2026-07-22 22:15:00,2026-07-22 20:15:00,7504.3,7507.3,7501.8,7505.3,429,4,0
2026-07-22 22:30:00,2026-07-22 20:30:00,7505.3,7505.3,7498.8,7503.3,602,4,0
2026-07-22 22:45:00,2026-07-22 20:45:00,7503.3,7508.5,7498.8,7498.8,855,4,0
2026-07-22 23:00:00,2026-07-22 21:00:00,7498.8,7515.3,7494.7,7515.0,2215,4,0
2026-07-22 23:15:00,2026-07-22 21:15:00,7515.5,7516.4,7509.0,7511.0,1280,4,0
2026-07-22 23:30:00,2026-07-22 21:30:00,7511.0,7511.8,7505.8,7507.3,775,4,0
2026-07-22 23:45:00,2026-07-22 21:45:00,7507.3,7511.3,7506.5,7506.5,480,4,0
2026-07-23 01:00:00,2026-07-22 23:00:00,7496.2,7499.2,7486.3,7488.8,983,4,0
2026-07-23 01:15:00,2026-07-22 23:15:00,7488.8,7490.5,7485.3,7485.8,567,4,0
2026-07-23 01:30:00,2026-07-22 23:30:00,7485.8,7486.5,7479.4,7480.8,409,4,0
2026-07-23 01:45:00,2026-07-22 23:45:00,7480.8,7487.8,7479.9,7485.8,442,4,0
2026-07-23 02:00:00,2026-07-23 00:00:00,7485.8,7486.1,7480.5,7484.5,566,4,0
2026-07-23 02:15:00,2026-07-23 00:15:00,7484.5,7484.5,7480.8,7482.9,313,4,0
2026-07-23 02:30:00,2026-07-23 00:30:00,7482.9,7486.8,7482.9,7486.5,316,4,0
2026-07-23 02:45:00,2026-07-23 00:45:00,7486.5,7493.8,7486.0,7493.8,702,4,0
2026-07-23 03:00:00,2026-07-23 01:00:00,7493.8,7496.8,7491.2,7495.0,1304,4,0
2026-07-23 03:15:00,2026-07-23 01:15:00,7495.0,7508.3,7493.5,7504.0,1015,4,0
2026-07-23 03:30:00,2026-07-23 01:30:00,7504.0,7509.5,7503.9,7508.0,919,4,0
2026-07-23 03:45:00,2026-07-23 01:45:00,7508.0,7512.8,7506.8,7510.3,788,4,0
2026-07-23 04:00:00,2026-07-23 02:00:00,7510.0,7513.0,7508.0,7510.8,1149,4,0
2026-07-23 04:15:00,2026-07-23 02:15:00,7510.8,7511.4,7506.8,7507.3,879,4,0
2026-07-23 04:30:00,2026-07-23 02:30:00,7507.3,7509.3,7502.3,7502.5,1290,4,0
2026-07-23 04:45:00,2026-07-23 02:45:00,7502.5,7505.8,7501.8,7502.0,1095,4,0
2026-07-23 05:00:00,2026-07-23 03:00:00,7502.0,7505.0,7499.3,7499.7,1077,4,0
2026-07-23 05:15:00,2026-07-23 03:15:00,7499.7,7500.5,7493.0,7494.3,919,4,0
2026-07-23 05:30:00,2026-07-23 03:30:00,7494.3,7497.5,7490.3,7491.4,827,4,0
2026-07-23 05:45:00,2026-07-23 03:45:00,7491.4,7495.0,7490.8,7494.3,835,4,0
2026-07-23 06:00:00,2026-07-23 04:00:00,7494.3,7494.8,7485.0,7487.2,751,4,0
2026-07-23 06:15:00,2026-07-23 04:15:00,7487.2,7489.0,7484.3,7488.5,889,4,0
2026-07-23 06:30:00,2026-07-23 04:30:00,7488.5,7491.4,7486.0,7491.3,1205,4,0
2026-07-23 06:45:00,2026-07-23 04:45:00,7491.3,7492.4,7489.3,7490.3,739,4,0
2026-07-23 07:00:00,2026-07-23 05:00:00,7490.3,7492.3,7484.8,7492.2,910,4,0
2026-07-23 07:15:00,2026-07-23 05:15:00,7492.3,7497.0,7490.5,7495.8,883,4,0
2026-07-23 07:30:00,2026-07-23 05:30:00,7495.6,7496.5,7493.3,7493.4,907,4,0
2026-07-23 07:45:00,2026-07-23 05:45:00,7493.3,7495.0,7489.2,7490.8,914,4,0
2026-07-23 08:00:00,2026-07-23 06:00:00,7490.8,7491.5,7487.5,7490.4,1042,4,0
2026-07-23 08:15:00,2026-07-23 06:15:00,7490.4,7497.0,7487.8,7497.0,1051,4,0
2026-07-23 08:30:00,2026-07-23 06:30:00,7497.0,7499.0,7491.6,7493.3,1028,4,0
2026-07-23 08:45:00,2026-07-23 06:45:00,7493.3,7493.4,7484.8,7486.0,921,4,0
2026-07-23 09:00:00,2026-07-23 07:00:00,7486.0,7489.8,7485.3,7487.8,1046,4,0
2026-07-23 09:15:00,2026-07-23 07:15:00,7487.8,7490.0,7485.9,7489.0,876,4,0
2026-07-23 09:30:00,2026-07-23 07:30:00,7489.3,7489.8,7483.5,7483.5,606,4,0
2026-07-23 09:45:00,2026-07-23 07:45:00,7483.5,7488.8,7482.8,7483.1,513,4,0
2026-07-23 10:00:00,2026-07-23 08:00:00,7483.3,7484.0,7462.0,7468.4,1468,4,0
2026-07-23 10:15:00,2026-07-23 08:15:00,7468.4,7476.5,7468.4,7472.8,1320,4,0
2026-07-23 10:30:00,2026-07-23 08:30:00,7472.8,7473.5,7461.2,7461.8,1288,4,0
2026-07-23 10:45:00,2026-07-23 08:45:00,7461.9,7467.8,7458.8,7467.8,1429,4,0
2026-07-23 11:00:00,2026-07-23 09:00:00,7467.8,7476.2,7462.2,7474.3,1371,4,0
2026-07-23 11:15:00,2026-07-23 09:15:00,7474.5,7478.7,7472.0,7476.8,1161,4,0
2026-07-23 11:30:00,2026-07-23 09:30:00,7476.9,7477.8,7471.3,7471.5,930,4,0
2026-07-23 11:45:00,2026-07-23 09:45:00,7471.5,7482.9,7471.0,7482.0,773,4,0
2026-07-23 12:00:00,2026-07-23 10:00:00,7482.0,7489.3,7478.7,7478.7,986,4,0
2026-07-23 12:15:00,2026-07-23 10:15:00,7478.7,7480.5,7476.3,7477.0,722,4,0
2026-07-23 12:30:00,2026-07-23 10:30:00,7477.2,7477.3,7473.5,7476.8,785,4,0
2026-07-23 12:45:00,2026-07-23 10:45:00,7476.8,7478.5,7472.8,7474.5,856,4,0
2026-07-23 13:00:00,2026-07-23 11:00:00,7474.5,7477.8,7471.8,7472.6,895,4,0
2026-07-23 13:15:00,2026-07-23 11:15:00,7472.6,7477.8,7472.1,7475.8,1028,4,0
2026-07-23 13:30:00,2026-07-23 11:30:00,7475.8,7487.3,7475.0,7484.0,1051,4,0
2026-07-23 13:45:00,2026-07-23 11:45:00,7484.0,7485.8,7483.0,7483.8,712,4,0
2026-07-23 14:00:00,2026-07-23 12:00:00,7483.8,7485.0,7473.8,7477.3,1086,4,0
2026-07-23 14:15:00,2026-07-23 12:15:00,7477.3,7479.3,7466.7,7468.0,928,4,0
2026-07-23 14:30:00,2026-07-23 12:30:00,7468.0,7469.0,7453.5,7456.3,1337,4,0
2026-07-23 14:45:00,2026-07-23 12:45:00,7456.3,7465.9,7454.2,7463.5,1216,4,0
2026-07-23 15:00:00,2026-07-23 13:00:00,7463.5,7464.8,7455.8,7455.9,884,4,0
2026-07-23 15:15:00,2026-07-23 13:15:00,7455.9,7460.3,7443.0,7444.9,1419,4,0
2026-07-23 15:30:00,2026-07-23 13:30:00,7444.9,7445.7,7430.3,7434.0,1573,4,0
2026-07-23 15:45:00,2026-07-23 13:45:00,7434.0,7435.0,7425.8,7429.3,1607,4,0
2026-07-23 16:00:00,2026-07-23 14:00:00,7429.4,7431.3,7417.8,7421.8,1573,4,0
2026-07-23 16:15:00,2026-07-23 14:15:00,7421.8,7422.0,7413.0,7417.0,1283,4,0
2026-07-23 16:30:00,2026-07-23 14:30:00,7416.7,7449.8,7408.5,7442.3,2169,4,0
2026-07-23 16:45:00,2026-07-23 14:45:00,7442.4,7444.0,7416.5,7418.9,2347,4,0
2026-07-23 17:00:00,2026-07-23 15:00:00,7419.3,7433.0,7412.3,7420.4,2751,4,0
2026-07-23 17:15:00,2026-07-23 15:15:00,7420.3,7428.0,7413.5,7421.5,2607,4,0
2026-07-23 17:30:00,2026-07-23 15:30:00,7421.2,7429.8,7409.5,7412.3,2386,4,0
2026-07-23 17:45:00,2026-07-23 15:45:00,7412.3,7418.3,7403.5,7407.0,1984,4,0
2026-07-23 18:00:00,2026-07-23 16:00:00,7407.2,7408.5,7387.8,7389.9,1718,4,0
2026-07-23 18:15:00,2026-07-23 16:15:00,7389.8,7400.3,7381.5,7382.3,1754,4,0
2026-07-23 18:30:00,2026-07-23 16:30:00,7382.5,7400.3,7375.3,7390.3,1838,4,0
2026-07-23 18:45:00,2026-07-23 16:45:00,7390.0,7402.5,7387.3,7401.9,1442,4,0
2026-07-23 19:00:00,2026-07-23 17:00:00,7401.8,7411.8,7398.8,7409.5,1340,4,0
2026-07-23 19:15:00,2026-07-23 17:15:00,7409.5,7420.3,7405.5,7418.0,1060,4,0
2026-07-23 19:30:00,2026-07-23 17:30:00,7418.3,7420.8,7413.3,7413.3,1149,4,0
2026-07-23 19:45:00,2026-07-23 17:45:00,7413.3,7413.3,7401.3,7410.3,1279,4,0
2026-07-23 20:00:00,2026-07-23 18:00:00,7410.3,7413.0,7401.5,7409.5,1416,4,0
2026-07-23 20:15:00,2026-07-23 18:15:00,7409.5,7415.3,7405.0,7411.0,1288,4,0
2026-07-23 20:30:00,2026-07-23 18:30:00,7411.0,7411.5,7396.3,7400.8,1386,4,0
2026-07-23 20:45:00,2026-07-23 18:45:00,7400.8,7406.8,7395.0,7395.5,1251,4,0
2026-07-23 21:00:00,2026-07-23 19:00:00,7395.3,7397.5,7391.8,7393.5,1198,4,0
2026-07-23 21:15:00,2026-07-23 19:15:00,7393.5,7398.5,7392.0,7398.3,1124,4,0
2026-07-23 21:30:00,2026-07-23 19:30:00,7398.3,7401.0,7390.3,7392.5,987,4,0
2026-07-23 21:45:00,2026-07-23 19:45:00,7392.5,7398.8,7390.5,7394.8,913,4,0
2026-07-23 22:00:00,2026-07-23 20:00:00,7394.8,7398.3,7389.3,7390.8,748,4,0
2026-07-23 22:15:00,2026-07-23 20:15:00,7390.8,7404.0,7390.5,7399.5,921,4,0
2026-07-23 22:30:00,2026-07-23 20:30:00,7399.5,7402.0,7387.5,7387.5,927,4,0
2026-07-23 22:45:00,2026-07-23 20:45:00,7387.5,7411.0,7382.0,7405.5,1466,4,0
2026-07-23 23:00:00,2026-07-23 21:00:00,7406.0,7419.3,7406.0,7416.5,1605,4,0
2026-07-23 23:15:00,2026-07-23 21:15:00,7416.5,7421.3,7416.0,7418.8,793,4,0
2026-07-23 23:30:00,2026-07-23 21:30:00,7418.7,7421.5,7416.0,7416.8,535,4,0
2026-07-23 23:45:00,2026-07-23 21:45:00,7416.8,7419.4,7415.8,7418.0,337,4,0
2026-07-24 01:00:00,2026-07-23 23:00:00,7415.2,7415.4,7406.8,7408.6,916,4,0
2026-07-24 01:15:00,2026-07-23 23:15:00,7408.6,7413.4,7407.1,7410.4,664,4,0
2026-07-24 01:30:00,2026-07-23 23:30:00,7410.6,7413.7,7410.1,7412.3,494,4,0
2026-07-24 01:45:00,2026-07-23 23:45:00,7412.3,7417.6,7412.1,7417.1,482,4,0
2026-07-24 02:00:00,2026-07-24 00:00:00,7417.1,7417.6,7411.6,7413.1,538,4,0
2026-07-24 02:15:00,2026-07-24 00:15:00,7413.1,7414.7,7411.9,7413.9,393,4,0
2026-07-24 02:30:00,2026-07-24 00:30:00,7413.9,7414.2,7408.3,7412.6,551,4,0
2026-07-24 02:45:00,2026-07-24 00:45:00,7412.6,7415.9,7408.8,7412.7,1348,4,0
2026-07-24 03:00:00,2026-07-24 01:00:00,7412.7,7418.9,7407.3,7411.1,2018,4,0
2026-07-24 03:15:00,2026-07-24 01:15:00,7411.1,7418.8,7408.3,7414.6,1870,4,0
2026-07-24 03:30:00,2026-07-24 01:30:00,7414.6,7419.6,7410.8,7418.1,1474,4,0
2026-07-24 03:45:00,2026-07-24 01:45:00,7418.1,7420.6,7412.3,7418.1,1421,4,0
2026-07-24 04:00:00,2026-07-24 02:00:00,7418.1,7420.9,7416.3,7416.8,1562,4,0
2026-07-24 04:15:00,2026-07-24 02:15:00,7416.8,7421.3,7414.8,7417.1,1418,4,0
2026-07-24 04:30:00,2026-07-24 02:30:00,7416.9,7422.8,7416.1,7420.6,1476,4,0
2026-07-24 04:45:00,2026-07-24 02:45:00,7420.7,7420.8,7414.1,7414.6,1234,4,0
2026-07-24 05:00:00,2026-07-24 03:00:00,7414.6,7417.1,7412.1,7415.3,1321,4,0
2026-07-24 05:15:00,2026-07-24 03:15:00,7415.3,7416.3,7411.7,7413.8,1072,4,0
2026-07-24 05:30:00,2026-07-24 03:30:00,7413.8,7413.8,7406.3,7406.3,955,4,0
2026-07-24 05:45:00,2026-07-24 03:45:00,7406.3,7406.6,7403.1,7403.2,999,4,0
2026-07-24 06:00:00,2026-07-24 04:00:00,7403.1,7406.6,7403.0,7405.3,979,4,0
2026-07-24 06:15:00,2026-07-24 04:15:00,7405.3,7407.6,7403.8,7405.8,1092,4,0
2026-07-24 06:30:00,2026-07-24 04:30:00,7405.8,7407.1,7401.9,7402.6,1277,4,0
2026-07-24 06:45:00,2026-07-24 04:45:00,7402.6,7405.1,7400.6,7401.1,959,4,0
2026-07-24 07:00:00,2026-07-24 05:00:00,7401.1,7404.8,7399.1,7400.8,869,4,0
2026-07-24 07:15:00,2026-07-24 05:15:00,7400.8,7408.3,7400.5,7408.1,974,4,0
2026-07-24 07:30:00,2026-07-24 05:30:00,7407.9,7408.3,7401.2,7403.6,942,4,0
2026-07-24 07:45:00,2026-07-24 05:45:00,7403.6,7407.3,7402.1,7407.0,1007,4,0
2026-07-24 08:00:00,2026-07-24 06:00:00,7407.0,7411.8,7405.1,7409.6,1136,4,0
2026-07-24 08:15:00,2026-07-24 06:15:00,7409.6,7412.3,7408.1,7410.6,1188,4,0
2026-07-24 08:30:00,2026-07-24 06:30:00,7410.5,7411.8,7408.3,7411.4,1136,4,0
2026-07-24 08:45:00,2026-07-24 06:45:00,7411.4,7413.8,7405.8,7405.8,898,4,0
2026-07-24 09:00:00,2026-07-24 07:00:00,7405.8,7406.4,7400.3,7401.2,1019,4,0
2026-07-24 09:15:00,2026-07-24 07:15:00,7401.2,7411.1,7400.8,7405.2,1063,4,0
2026-07-24 09:30:00,2026-07-24 07:30:00,7405.3,7408.6,7401.1,7401.3,932,4,0
2026-07-24 09:45:00,2026-07-24 07:45:00,7401.3,7407.2,7397.6,7406.2,957,4,0
2026-07-24 10:00:00,2026-07-24 08:00:00,7406.3,7419.8,7405.7,7419.6,1258,4,0
2026-07-24 10:15:00,2026-07-24 08:15:00,7419.6,7426.3,7418.1,7425.4,1145,4,0
2026-07-24 10:30:00,2026-07-24 08:30:00,7425.5,7426.8,7418.3,7420.6,1017,4,0
2026-07-24 10:45:00,2026-07-24 08:45:00,7420.5,7422.3,7419.3,7420.1,859,4,0
2026-07-24 11:00:00,2026-07-24 09:00:00,7420.1,7420.3,7413.1,7415.1,1297,4,0
2026-07-24 11:15:00,2026-07-24 09:15:00,7415.1,7422.7,7414.6,7422.3,1249,4,0
2026-07-24 11:30:00,2026-07-24 09:30:00,7422.6,7425.6,7420.9,7423.1,1055,4,0
2026-07-24 11:45:00,2026-07-24 09:45:00,7422.9,7423.3,7419.8,7421.1,742,4,0
2026-07-24 12:00:00,2026-07-24 10:00:00,7421.1,7428.8,7419.9,7423.3,898,4,0
2026-07-24 12:15:00,2026-07-24 10:15:00,7423.3,7428.6,7421.5,7427.3,850,4,0
2026-07-24 12:30:00,2026-07-24 10:30:00,7427.3,7430.7,7425.8,7429.8,637,4,0
2026-07-24 12:45:00,2026-07-24 10:45:00,7429.8,7431.1,7427.6,7429.6,581,4,0
2026-07-24 13:00:00,2026-07-24 11:00:00,7429.6,7430.6,7423.8,7425.1,493,4,0
2026-07-24 13:15:00,2026-07-24 11:15:00,7425.1,7426.6,7422.8,7425.3,542,4,0
2026-07-24 13:30:00,2026-07-24 11:30:00,7425.3,7428.1,7422.6,7424.4,607,4,0
2026-07-24 13:45:00,2026-07-24 11:45:00,7424.4,7425.3,7421.8,7422.1,587,4,0
2026-07-24 14:00:00,2026-07-24 12:00:00,7422.1,7426.6,7421.8,7424.6,931,4,0
2026-07-24 14:15:00,2026-07-24 12:15:00,7424.6,7426.1,7422.3,7423.3,701,4,0
2026-07-24 14:30:00,2026-07-24 12:30:00,7423.3,7424.3,7418.8,7418.8,856,4,0
2026-07-24 14:45:00,2026-07-24 12:45:00,7418.8,7432.4,7416.9,7428.9,939,4,0
2026-07-24 15:00:00,2026-07-24 13:00:00,7428.8,7431.3,7421.2,7430.3,1312,4,0
2026-07-24 15:15:00,2026-07-24 13:15:00,7430.3,7431.3,7424.4,7429.6,898,4,0
2026-07-24 15:30:00,2026-07-24 13:30:00,7429.6,7430.1,7418.8,7419.3,846,4,0
2026-07-24 15:45:00,2026-07-24 13:45:00,7419.3,7420.1,7413.1,7413.8,621,4,0
2026-07-24 16:00:00,2026-07-24 14:00:00,7413.8,7415.3,7410.3,7413.6,573,4,0
2026-07-24 16:15:00,2026-07-24 14:15:00,7413.8,7416.8,7407.6,7407.6,711,4,0
2026-07-24 16:30:00,2026-07-24 14:30:00,7407.6,7418.6,7406.1,7410.2,2259,4,0
2026-07-24 16:45:00,2026-07-24 14:45:00,7410.2,7420.8,7396.3,7397.2,2332,4,0
2026-07-24 17:00:00,2026-07-24 15:00:00,7396.9,7421.3,7395.6,7417.6,2162,4,0
2026-07-24 17:15:00,2026-07-24 15:15:00,7417.8,7421.8,7402.1,7413.9,2106,4,0
2026-07-24 17:30:00,2026-07-24 15:30:00,7413.8,7414.6,7400.8,7401.3,2047,4,0
2026-07-24 17:45:00,2026-07-24 15:45:00,7401.3,7429.3,7396.6,7429.1,1736,4,0
2026-07-24 18:00:00,2026-07-24 16:00:00,7428.6,7444.8,7418.6,7441.8,2081,4,0
2026-07-24 18:15:00,2026-07-24 16:15:00,7441.6,7454.4,7436.4,7449.1,2367,4,0
2026-07-24 18:30:00,2026-07-24 16:30:00,7448.8,7455.6,7443.3,7445.6,1696,4,0
2026-07-24 18:45:00,2026-07-24 16:45:00,7445.6,7453.8,7443.3,7453.3,1270,4,0
2026-07-24 19:00:00,2026-07-24 17:00:00,7453.3,7460.2,7449.6,7452.8,1057,4,0
2026-07-24 19:15:00,2026-07-24 17:15:00,7452.8,7458.8,7451.3,7455.1,898,4,0
2026-07-24 19:30:00,2026-07-24 17:30:00,7454.8,7455.3,7439.3,7439.6,1161,4,0
2026-07-24 19:45:00,2026-07-24 17:45:00,7439.3,7441.1,7430.1,7437.3,1342,4,0
2026-07-24 20:00:00,2026-07-24 18:00:00,7437.3,7438.6,7425.1,7432.1,1315,4,0
2026-07-24 20:15:00,2026-07-24 18:15:00,7432.1,7441.1,7429.3,7440.1,1130,4,0
2026-07-24 20:30:00,2026-07-24 18:30:00,7440.1,7444.3,7433.6,7433.6,995,4,0
2026-07-24 20:45:00,2026-07-24 18:45:00,7433.6,7438.3,7432.1,7432.6,1012,4,0
2026-07-24 21:00:00,2026-07-24 19:00:00,7432.6,7435.6,7427.6,7428.8,915,4,0
2026-07-24 21:15:00,2026-07-24 19:15:00,7428.8,7429.3,7412.6,7413.1,1099,4,0
2026-07-24 21:30:00,2026-07-24 19:30:00,7413.1,7414.1,7399.3,7401.3,1517,4,0
2026-07-24 21:45:00,2026-07-24 19:45:00,7401.3,7409.8,7400.6,7406.8,1318,4,0
2026-07-24 22:00:00,2026-07-24 20:00:00,7406.8,7412.1,7397.8,7399.1,1249,4,0
2026-07-24 22:15:00,2026-07-24 20:15:00,7399.1,7403.1,7396.1,7399.3,1190,4,0
2026-07-24 22:30:00,2026-07-24 20:30:00,7399.3,7409.3,7399.3,7405.8,1386,4,0
2026-07-24 22:45:00,2026-07-24 20:45:00,7405.8,7413.8,7399.3,7411.8,1252,4,0
2026-07-24 23:00:00,2026-07-24 21:00:00,7411.6,7412.6,7405.6,7408.6,740,4,0
2026-07-24 23:15:00,2026-07-24 21:15:00,7408.6,7413.8,7407.3,7407.3,355,4,0
2026-07-24 23:30:00,2026-07-24 21:30:00,7407.3,7408.1,7403.1,7408.1,403,4,0
2026-07-24 23:45:00,2026-07-24 21:45:00,7408.1,7409.6,7406.1,7408.8,142,4,0
2026-07-27 01:00:00,2026-07-26 23:00:00,7471.0,7475.8,7456.6,7460.6,1134,4,0
2026-07-27 01:15:00,2026-07-26 23:15:00,7460.5,7463.1,7458.3,7461.1,792,4,0
2026-07-27 01:30:00,2026-07-26 23:30:00,7461.1,7464.9,7460.5,7461.8,597,4,0
2026-07-27 01:45:00,2026-07-26 23:45:00,7461.8,7461.8,7457.8,7458.3,481,4,0
2026-07-27 02:00:00,2026-07-27 00:00:00,7458.3,7465.3,7457.6,7465.0,567,4,0
2026-07-27 02:15:00,2026-07-27 00:15:00,7465.0,7466.4,7463.8,7465.2,402,4,0
2026-07-27 02:30:00,2026-07-27 00:30:00,7465.1,7471.8,7465.1,7470.8,337,4,0
2026-07-27 02:45:00,2026-07-27 00:45:00,7470.8,7478.4,7468.3,7477.5,945,4,0
2026-07-27 03:00:00,2026-07-27 01:00:00,7477.5,7478.5,7467.3,7475.5,1719,4,0
2026-07-27 03:15:00,2026-07-27 01:15:00,7475.5,7475.6,7462.8,7466.3,1468,4,0
2026-07-27 03:30:00,2026-07-27 01:30:00,7466.3,7468.5,7461.0,7461.1,1266,4,0
2026-07-27 03:45:00,2026-07-27 01:45:00,7461.0,7465.8,7458.8,7459.0,1181,4,0
2026-07-27 04:00:00,2026-07-27 02:00:00,7459.0,7463.0,7456.5,7457.5,1260,4,0
2026-07-27 04:15:00,2026-07-27 02:15:00,7457.5,7459.0,7453.5,7456.0,1055,4,0
2026-07-27 04:30:00,2026-07-27 02:30:00,7456.0,7465.8,7455.8,7462.3,1448,4,0
2026-07-27 04:45:00,2026-07-27 02:45:00,7462.3,7464.5,7459.9,7464.5,1422,4,0
2026-07-27 05:00:00,2026-07-27 03:00:00,7464.5,7466.3,7462.3,7464.9,1311,4,0
2026-07-27 05:15:00,2026-07-27 03:15:00,7464.8,7468.3,7463.8,7466.6,867,4,0
2026-07-27 05:30:00,2026-07-27 03:30:00,7466.6,7468.5,7463.0,7467.5,889,4,0
2026-07-27 05:45:00,2026-07-27 03:45:00,7467.5,7468.8,7464.5,7465.8,629,4,0
2026-07-27 06:00:00,2026-07-27 04:00:00,7465.8,7469.5,7465.3,7469.3,722,4,0
2026-07-27 06:15:00,2026-07-27 04:15:00,7469.3,7469.8,7466.9,7467.0,564,4,0
2026-07-27 06:30:00,2026-07-27 04:30:00,7467.0,7468.6,7464.8,7466.8,859,4,0
2026-07-27 06:45:00,2026-07-27 04:45:00,7466.8,7467.5,7464.3,7466.0,748,4,0
2026-07-27 07:00:00,2026-07-27 05:00:00,7466.0,7468.3,7465.3,7468.1,965,4,0
2026-07-27 07:15:00,2026-07-27 05:15:00,7468.1,7470.1,7466.0,7467.8,716,4,0
2026-07-27 07:30:00,2026-07-27 05:30:00,7467.8,7472.0,7466.3,7471.8,617,4,0
2026-07-27 07:45:00,2026-07-27 05:45:00,7471.8,7473.3,7470.5,7471.0,425,4,0
2026-07-27 08:00:00,2026-07-27 06:00:00,7471.0,7476.0,7470.5,7475.3,523,4,0
2026-07-27 08:15:00,2026-07-27 06:15:00,7475.3,7476.8,7474.5,7476.8,402,4,0
2026-07-27 08:30:00,2026-07-27 06:30:00,7476.8,7480.8,7475.8,7478.8,515,4,0
2026-07-27 08:45:00,2026-07-27 06:45:00,7478.8,7481.5,7478.5,7480.8,356,4,0
2026-07-27 09:00:00,2026-07-27 07:00:00,7480.8,7486.3,7480.8,7483.8,512,4,0
2026-07-27 09:15:00,2026-07-27 07:15:00,7483.8,7484.5,7480.5,7481.3,371,4,0
2026-07-27 09:30:00,2026-07-27 07:30:00,7481.3,7483.3,7479.3,7480.0,464,4,0
2026-07-27 09:45:00,2026-07-27 07:45:00,7480.0,7480.3,7477.1,7478.3,440,4,0
2026-07-27 10:00:00,2026-07-27 08:00:00,7478.3,7483.5,7477.3,7483.1,876,4,0
2026-07-27 10:15:00,2026-07-27 08:15:00,7483.3,7483.6,7479.1,7479.3,681,4,0
2026-07-27 10:30:00,2026-07-27 08:30:00,7479.3,7479.5,7475.1,7477.8,569,4,0
2026-07-27 10:45:00,2026-07-27 08:45:00,7477.9,7478.5,7472.0,7472.1,780,4,0
2026-07-27 11:00:00,2026-07-27 09:00:00,7472.1,7478.5,7471.8,7478.5,1038,4,0
2026-07-27 11:15:00,2026-07-27 09:15:00,7478.5,7481.8,7476.3,7481.3,681,4,0
2026-07-27 11:30:00,2026-07-27 09:30:00,7481.3,7486.0,7479.3,7485.3,619,4,0
2026-07-27 11:45:00,2026-07-27 09:45:00,7485.4,7486.5,7483.5,7485.5,524,4,0
2026-07-27 12:00:00,2026-07-27 10:00:00,7485.5,7485.5,7482.8,7483.4,412,4,0
2026-07-27 12:15:00,2026-07-27 10:15:00,7483.4,7486.4,7482.9,7484.0,404,4,0
2026-07-27 12:30:00,2026-07-27 10:30:00,7484.0,7488.5,7483.5,7488.3,423,4,0
2026-07-27 12:45:00,2026-07-27 10:45:00,7488.3,7491.0,7488.0,7488.8,325,4,0
2026-07-27 13:00:00,2026-07-27 11:00:00,7488.8,7489.8,7484.8,7487.1,519,4,0
2026-07-27 13:15:00,2026-07-27 11:15:00,7487.1,7488.3,7486.3,7487.3,362,4,0
2026-07-27 13:30:00,2026-07-27 11:30:00,7487.3,7489.0,7486.0,7488.8,270,4,0
2026-07-27 13:45:00,2026-07-27 11:45:00,7488.8,7490.8,7488.0,7488.3,238,4,0
2026-07-27 14:00:00,2026-07-27 12:00:00,7488.3,7488.5,7483.3,7484.0,422,4,0
2026-07-27 14:15:00,2026-07-27 12:15:00,7484.0,7485.5,7475.3,7475.3,414,4,0
2026-07-27 14:30:00,2026-07-27 12:30:00,7475.0,7481.5,7474.5,7478.6,709,4,0
2026-07-27 14:45:00,2026-07-27 12:45:00,7478.6,7479.8,7477.8,7478.3,539,4,0
2026-07-27 15:00:00,2026-07-27 13:00:00,7478.3,7481.5,7471.0,7471.7,813,4,0
2026-07-27 15:15:00,2026-07-27 13:15:00,7471.8,7475.5,7471.5,7474.5,700,4,0
2026-07-27 15:30:00,2026-07-27 13:30:00,7474.5,7478.0,7472.8,7478.0,750,4,0
2026-07-27 15:45:00,2026-07-27 13:45:00,7478.0,7480.8,7477.3,7479.8,517,4,0
2026-07-27 16:00:00,2026-07-27 14:00:00,7479.8,7481.5,7476.5,7478.8,584,4,0
2026-07-27 16:15:00,2026-07-27 14:15:00,7478.8,7480.3,7473.5,7473.8,608,4,0
2026-07-27 16:30:00,2026-07-27 14:30:00,7473.8,7480.3,7459.3,7459.5,2264,4,0
2026-07-27 16:45:00,2026-07-27 14:45:00,7459.8,7466.3,7440.3,7440.3,2106,4,0
2026-07-27 17:00:00,2026-07-27 15:00:00,7440.3,7445.5,7429.0,7433.8,2146,4,0
2026-07-27 17:15:00,2026-07-27 15:15:00,7433.8,7439.8,7406.1,7406.8,2055,4,0
2026-07-27 17:30:00,2026-07-27 15:30:00,7407.0,7409.5,7389.8,7392.3,2512,4,0
2026-07-27 17:45:00,2026-07-27 15:45:00,7392.3,7423.5,7392.3,7421.8,2222,4,0
2026-07-27 18:00:00,2026-07-27 16:00:00,7422.0,7428.0,7416.0,7418.8,2233,4,0
2026-07-27 18:15:00,2026-07-27 16:15:00,7418.8,7419.8,7403.5,7407.5,2233,4,0
2026-07-27 18:30:00,2026-07-27 16:30:00,7407.3,7407.5,7387.8,7399.0,1935,4,0
2026-07-27 18:45:00,2026-07-27 16:45:00,7399.0,7400.8,7391.3,7399.3,1794,4,0
2026-07-27 19:00:00,2026-07-27 17:00:00,7399.3,7411.3,7398.3,7399.0,1617,4,0
2026-07-27 19:15:00,2026-07-27 17:15:00,7399.0,7421.6,7393.1,7411.3,2131,4,0
2026-07-27 19:30:00,2026-07-27 17:30:00,7411.3,7418.0,7405.0,7407.8,1796,4,0
2026-07-27 19:45:00,2026-07-27 17:45:00,7407.8,7412.3,7390.8,7394.5,1549,4,0
2026-07-27 20:00:00,2026-07-27 18:00:00,7394.5,7395.3,7385.0,7390.8,1518,4,0
2026-07-27 20:15:00,2026-07-27 18:15:00,7390.8,7391.9,7382.9,7386.3,1354,4,0
2026-07-27 20:30:00,2026-07-27 18:30:00,7386.5,7397.0,7386.3,7392.4,1298,4,0
2026-07-27 20:45:00,2026-07-27 18:45:00,7392.4,7402.8,7389.8,7402.5,1191,4,0
2026-07-27 21:00:00,2026-07-27 19:00:00,7402.5,7403.8,7399.5,7402.0,1187,4,0
2026-07-27 21:15:00,2026-07-27 19:15:00,7401.8,7402.8,7394.5,7400.6,1157,4,0
2026-07-27 21:30:00,2026-07-27 19:30:00,7400.8,7400.8,7390.5,7398.9,1112,4,0
2026-07-27 21:45:00,2026-07-27 19:45:00,7399.0,7416.8,7397.8,7415.0,1300,4,0
2026-07-27 22:00:00,2026-07-27 20:00:00,7415.0,7420.3,7409.3,7415.3,1089,4,0
2026-07-27 22:15:00,2026-07-27 20:15:00,7415.3,7422.0,7415.3,7421.0,817,4,0
2026-07-27 22:30:00,2026-07-27 20:30:00,7420.8,7423.0,7413.0,7414.5,1033,4,0
2026-07-27 22:45:00,2026-07-27 20:45:00,7414.5,7416.4,7410.3,7415.5,1136,4,0
2026-07-27 23:00:00,2026-07-27 21:00:00,7415.8,7420.5,7411.5,7414.5,517,4,0
2026-07-27 23:15:00,2026-07-27 21:15:00,7414.5,7415.5,7412.5,7415.0,225,4,0
2026-07-27 23:30:00,2026-07-27 21:30:00,7415.0,7422.8,7414.3,7419.0,276,4,0
2026-07-27 23:45:00,2026-07-27 21:45:00,7419.0,7419.5,7416.3,7417.8,192,4,0
2026-07-28 01:00:00,2026-07-27 23:00:00,7422.2,7422.7,7413.9,7414.4,601,4,0
2026-07-28 01:15:00,2026-07-27 23:15:00,7414.4,7415.9,7411.4,7411.9,424,4,0
2026-07-28 01:30:00,2026-07-27 23:30:00,7411.9,7415.6,7411.9,7412.6,329,4,0
2026-07-28 01:45:00,2026-07-27 23:45:00,7412.6,7414.2,7411.4,7411.7,282,4,0
2026-07-28 02:00:00,2026-07-28 00:00:00,7411.7,7414.4,7407.4,7410.9,493,4,0
2026-07-28 02:15:00,2026-07-28 00:15:00,7410.9,7416.0,7409.1,7415.9,481,4,0
2026-07-28 02:30:00,2026-07-28 00:30:00,7415.9,7415.9,7412.1,7412.6,328,4,0
2026-07-28 02:45:00,2026-07-28 00:45:00,7412.5,7417.2,7409.1,7415.1,1425,4,0
2026-07-28 03:00:00,2026-07-28 01:00:00,7415.1,7419.0,7405.5,7408.7,2179,4,0
2026-07-28 03:15:00,2026-07-28 01:15:00,7408.7,7411.2,7403.6,7407.6,1962,4,0
2026-07-28 03:30:00,2026-07-28 01:30:00,7407.6,7412.4,7401.6,7410.6,1983,4,0
2026-07-28 03:45:00,2026-07-28 01:45:00,7410.6,7410.6,7402.9,7404.4,1524,4,0
2026-07-28 04:00:00,2026-07-28 02:00:00,7404.4,7406.1,7392.1,7394.9,1785,4,0
2026-07-28 04:15:00,2026-07-28 02:15:00,7394.9,7408.4,7393.6,7405.2,1451,4,0
2026-07-28 04:30:00,2026-07-28 02:30:00,7405.1,7410.6,7403.9,7408.6,1520,4,0
2026-07-28 04:45:00,2026-07-28 02:45:00,7408.5,7410.9,7399.4,7401.6,1477,4,0
2026-07-28 05:00:00,2026-07-28 03:00:00,7401.6,7402.4,7396.5,7397.9,1288,4,0
2026-07-28 05:15:00,2026-07-28 03:15:00,7397.9,7402.9,7395.4,7397.5,1430,4,0
2026-07-28 05:30:00,2026-07-28 03:30:00,7397.6,7398.4,7394.1,7395.4,1268,4,0
2026-07-28 05:45:00,2026-07-28 03:45:00,7395.4,7400.6,7394.1,7397.6,1222,4,0
2026-07-28 06:00:00,2026-07-28 04:00:00,7397.6,7398.2,7391.5,7395.9,1071,4,0
2026-07-28 06:15:00,2026-07-28 04:15:00,7395.9,7405.1,7394.9,7397.0,1252,4,0
2026-07-28 06:30:00,2026-07-28 04:30:00,7397.0,7409.0,7393.1,7407.6,1681,4,0
2026-07-28 06:45:00,2026-07-28 04:45:00,7407.6,7409.1,7404.9,7407.5,1339,4,0
2026-07-28 07:00:00,2026-07-28 05:00:00,7407.5,7407.5,7397.4,7398.1,1332,4,0
2026-07-28 07:15:00,2026-07-28 05:15:00,7398.0,7402.6,7397.0,7397.5,1193,4,0
2026-07-28 07:30:00,2026-07-28 05:30:00,7397.5,7399.1,7395.9,7397.9,1146,4,0
2026-07-28 07:45:00,2026-07-28 05:45:00,7397.9,7401.7,7393.6,7394.5,1089,4,0
2026-07-28 08:00:00,2026-07-28 06:00:00,7394.5,7398.6,7393.7,7394.4,1508,4,0
2026-07-28 08:15:00,2026-07-28 06:15:00,7394.4,7396.4,7391.1,7392.0,882,4,0
2026-07-28 08:30:00,2026-07-28 06:30:00,7391.9,7392.4,7386.1,7389.1,1125,4,0
2026-07-28 08:45:00,2026-07-28 06:45:00,7389.1,7392.6,7386.9,7388.1,986,4,0
2026-07-28 09:00:00,2026-07-28 07:00:00,7388.1,7391.7,7386.6,7390.1,1179,4,0
2026-07-28 09:15:00,2026-07-28 07:15:00,7390.1,7393.6,7387.5,7392.6,1199,4,0
2026-07-28 09:30:00,2026-07-28 07:30:00,7392.7,7396.6,7390.9,7394.4,1143,4,0
2026-07-28 09:45:00,2026-07-28 07:45:00,7394.4,7398.1,7391.8,7397.0,937,4,0
2026-07-28 10:00:00,2026-07-28 08:00:00,7396.9,7404.1,7396.3,7403.0,1365,4,0
2026-07-28 10:15:00,2026-07-28 08:15:00,7403.0,7405.9,7401.4,7402.4,1143,4,0
2026-07-28 10:30:00,2026-07-28 08:30:00,7402.4,7404.6,7400.4,7401.6,1067,4,0
2026-07-28 10:45:00,2026-07-28 08:45:00,7401.6,7403.9,7396.7,7400.4,1109,4,0
2026-07-28 11:00:00,2026-07-28 09:00:00,7400.5,7403.6,7392.7,7393.6,1426,4,0
2026-07-28 11:15:00,2026-07-28 09:15:00,7393.6,7411.6,7392.9,7409.7,1628,4,0
2026-07-28 11:30:00,2026-07-28 09:30:00,7410.1,7413.6,7406.0,7411.9,1347,4,0
2026-07-28 11:45:00,2026-07-28 09:45:00,7411.9,7416.4,7407.6,7409.1,1032,4,0
2026-07-28 12:00:00,2026-07-28 10:00:00,7409.1,7412.4,7407.5,7408.9,1174,4,0
2026-07-28 12:15:00,2026-07-28 10:15:00,7408.9,7413.1,7408.9,7412.6,889,4,0
2026-07-28 12:30:00,2026-07-28 10:30:00,7412.7,7412.7,7408.6,7409.5,756,4,0
2026-07-28 12:45:00,2026-07-28 10:45:00,7409.5,7411.9,7405.4,7406.9,715,4,0
2026-07-28 13:00:00,2026-07-28 11:00:00,7406.9,7408.4,7405.1,7406.4,882,4,0
2026-07-28 13:15:00,2026-07-28 11:15:00,7406.4,7409.6,7404.1,7409.6,817,4,0
2026-07-28 13:30:00,2026-07-28 11:30:00,7409.6,7411.6,7401.1,7404.1,1231,4,0
2026-07-28 13:45:00,2026-07-28 11:45:00,7404.1,7409.6,7403.6,7409.5,953,4,0
2026-07-28 14:00:00,2026-07-28 12:00:00,7409.4,7413.5,7399.9,7400.9,1452,4,0
2026-07-28 14:15:00,2026-07-28 12:15:00,7400.6,7416.1,7400.5,7405.4,1690,4,0
2026-07-28 14:30:00,2026-07-28 12:30:00,7405.4,7416.9,7400.4,7405.7,1345,4,0
2026-07-28 14:45:00,2026-07-28 12:45:00,7404.7,7419.6,7404.4,7418.2,1263,4,0
2026-07-28 15:00:00,2026-07-28 13:00:00,7418.4,7422.1,7415.9,7417.9,1144,4,0
2026-07-28 15:15:00,2026-07-28 13:15:00,7417.9,7425.4,7415.7,7424.4,1219,4,0
2026-07-28 15:30:00,2026-07-28 13:30:00,7424.4,7427.6,7419.7,7426.7,1473,4,0
2026-07-28 15:45:00,2026-07-28 13:45:00,7426.6,7430.9,7422.6,7423.6,1178,4,0
2026-07-28 16:00:00,2026-07-28 14:00:00,7423.7,7426.4,7420.0,7423.4,839,4,0
2026-07-28 16:15:00,2026-07-28 14:15:00,7423.4,7429.5,7416.4,7417.1,1048,4,0
2026-07-28 16:30:00,2026-07-28 14:30:00,7417.4,7419.6,7390.4,7395.4,2499,4,0
2026-07-28 16:45:00,2026-07-28 14:45:00,7395.4,7406.6,7384.6,7389.0,2731,4,0
2026-07-28 17:00:00,2026-07-28 15:00:00,7389.2,7406.6,7387.4,7390.9,2693,4,0
2026-07-28 17:15:00,2026-07-28 15:15:00,7390.6,7403.4,7388.4,7401.9,2733,4,0
2026-07-28 17:30:00,2026-07-28 15:30:00,7401.9,7410.9,7396.3,7407.1,2621,4,0
2026-07-28 17:45:00,2026-07-28 15:45:00,7407.4,7422.6,7403.2,7411.4,1923,4,0
2026-07-28 18:00:00,2026-07-28 16:00:00,7411.1,7422.0,7404.9,7418.6,2236,4,0
2026-07-28 18:15:00,2026-07-28 16:15:00,7418.6,7443.9,7416.7,7436.6,2119,4,0
2026-07-28 18:30:00,2026-07-28 16:30:00,7436.6,7445.6,7434.6,7445.4,1472,4,0
2026-07-28 18:45:00,2026-07-28 16:45:00,7445.4,7449.4,7442.4,7446.9,1235,4,0
2026-07-28 19:00:00,2026-07-28 17:00:00,7446.9,7448.1,7439.6,7441.1,1004,4,0
2026-07-28 19:15:00,2026-07-28 17:15:00,7441.1,7445.7,7436.9,7436.9,905,4,0
2026-07-28 19:30:00,2026-07-28 17:30:00,7437.1,7446.4,7434.1,7444.4,1024,4,0
2026-07-28 19:45:00,2026-07-28 17:45:00,7444.4,7452.9,7438.7,7451.1,927,4,0
2026-07-28 20:00:00,2026-07-28 18:00:00,7451.1,7452.9,7436.9,7438.4,1252,4,0
2026-07-28 20:15:00,2026-07-28 18:15:00,7438.1,7446.6,7435.6,7437.9,1094,4,0
2026-07-28 20:30:00,2026-07-28 18:30:00,7437.9,7444.1,7431.4,7432.9,997,4,0
2026-07-28 20:45:00,2026-07-28 18:45:00,7432.9,7438.6,7430.0,7436.7,1061,4,0
2026-07-28 21:00:00,2026-07-28 19:00:00,7436.9,7440.1,7429.4,7429.6,947,4,0
2026-07-28 21:15:00,2026-07-28 19:15:00,7429.6,7434.6,7429.4,7431.1,954,4,0
2026-07-28 21:30:00,2026-07-28 19:30:00,7431.1,7436.4,7430.1,7432.6,989,4,0
2026-07-28 21:45:00,2026-07-28 19:45:00,7432.9,7441.1,7432.1,7439.6,825,4,0
2026-07-28 22:00:00,2026-07-28 20:00:00,7439.6,7444.9,7438.6,7439.9,847,4,0
2026-07-28 22:15:00,2026-07-28 20:15:00,7439.9,7443.9,7438.1,7442.4,661,4,0
2026-07-28 22:30:00,2026-07-28 20:30:00,7442.4,7442.6,7434.6,7438.4,736,4,0
2026-07-28 22:45:00,2026-07-28 20:45:00,7438.4,7441.9,7430.1,7433.6,1001,4,0
2026-07-28 23:00:00,2026-07-28 21:00:00,7433.6,7436.6,7426.0,7434.1,1188,4,0
2026-07-28 23:15:00,2026-07-28 21:15:00,7434.1,7441.4,7431.4,7439.6,528,4,0
2026-07-28 23:30:00,2026-07-28 21:30:00,7439.6,7440.6,7433.4,7434.8,453,4,0
2026-07-28 23:45:00,2026-07-28 21:45:00,7434.9,7436.4,7433.4,7435.6,243,4,0
2026-07-29 01:00:00,2026-07-28 23:00:00,7435.8,7442.3,7433.6,7435.1,794,4,0
2026-07-29 01:15:00,2026-07-28 23:15:00,7435.3,7436.5,7425.8,7430.5,892,4,0
2026-07-29 01:30:00,2026-07-28 23:30:00,7430.0,7431.0,7419.0,7421.4,980,4,0
2026-07-29 01:45:00,2026-07-28 23:45:00,7421.4,7425.1,7418.8,7420.0,1128,4,0
2026-07-29 02:00:00,2026-07-29 00:00:00,7420.0,7433.6,7417.6,7431.5,1166,4,0
2026-07-29 02:15:00,2026-07-29 00:15:00,7431.8,7438.8,7427.8,7436.9,876,4,0
2026-07-29 02:30:00,2026-07-29 00:30:00,7436.9,7452.0,7435.8,7451.3,944,4,0
2026-07-29 02:45:00,2026-07-29 00:45:00,7450.9,7463.3,7447.8,7462.8,1879,4,0
2026-07-29 03:00:00,2026-07-29 01:00:00,7462.8,7467.3,7458.5,7462.8,1914,4,0
2026-07-29 03:15:00,2026-07-29 01:15:00,7462.5,7468.5,7459.0,7461.3,1784,4,0
2026-07-29 03:30:00,2026-07-29 01:30:00,7461.1,7463.2,7455.8,7461.0,1623,4,0
2026-07-29 03:45:00,2026-07-29 01:45:00,7461.0,7462.8,7453.5,7454.8,1631,4,0
2026-07-29 04:00:00,2026-07-29 02:00:00,7454.8,7457.1,7439.5,7440.8,1801,4,0
2026-07-29 04:15:00,2026-07-29 02:15:00,7440.8,7449.0,7437.0,7446.3,1906,4,0
2026-07-29 04:30:00,2026-07-29 02:30:00,7446.3,7446.8,7435.3,7435.5,2010,4,0
2026-07-29 04:45:00,2026-07-29 02:45:00,7435.5,7436.8,7423.3,7423.5,1613,4,0
2026-07-29 05:00:00,2026-07-29 03:00:00,7423.3,7433.5,7421.3,7431.3,1957,4,0
2026-07-29 05:15:00,2026-07-29 03:15:00,7431.0,7434.5,7426.3,7434.5,1811,4,0
2026-07-29 05:30:00,2026-07-29 03:30:00,7434.5,7436.8,7431.5,7434.4,1753,4,0
2026-07-29 05:45:00,2026-07-29 03:45:00,7434.3,7434.8,7429.2,7431.5,1395,4,0
2026-07-29 06:00:00,2026-07-29 04:00:00,7431.5,7436.2,7425.5,7428.9,1572,4,0
2026-07-29 06:15:00,2026-07-29 04:15:00,7428.9,7430.3,7423.8,7423.8,1229,4,0
2026-07-29 06:30:00,2026-07-29 04:30:00,7423.8,7425.8,7419.5,7423.0,1312,4,0
2026-07-29 06:45:00,2026-07-29 04:45:00,7423.0,7424.8,7413.3,7415.6,1082,4,0
2026-07-29 07:00:00,2026-07-29 05:00:00,7415.7,7416.5,7411.9,7413.1,1575,4,0
2026-07-29 07:15:00,2026-07-29 05:15:00,7413.0,7416.0,7410.5,7413.0,1659,4,0
2026-07-29 07:30:00,2026-07-29 05:30:00,7413.0,7415.0,7408.3,7408.3,1734,4,0
2026-07-29 07:45:00,2026-07-29 05:45:00,7408.0,7418.8,7406.8,7418.8,1623,4,0
2026-07-29 08:00:00,2026-07-29 06:00:00,7418.8,7429.0,7416.8,7429.0,1709,4,0
2026-07-29 08:15:00,2026-07-29 06:15:00,7428.9,7429.5,7423.1,7427.8,1575,4,0
2026-07-29 08:30:00,2026-07-29 06:30:00,7427.8,7430.8,7425.0,7428.9,1467,4,0
2026-07-29 08:45:00,2026-07-29 06:45:00,7429.1,7430.3,7424.8,7425.5,1392,4,0
2026-07-29 09:00:00,2026-07-29 07:00:00,7425.5,7426.5,7419.5,7423.0,1370,4,0
2026-07-29 09:15:00,2026-07-29 07:15:00,7423.3,7429.3,7422.3,7429.3,1357,4,0
2026-07-29 09:30:00,2026-07-29 07:30:00,7429.3,7442.4,7429.3,7441.8,1278,4,0
2026-07-29 09:45:00,2026-07-29 07:45:00,7441.8,7447.9,7439.8,7446.9,941,4,0
2026-07-29 10:00:00,2026-07-29 08:00:00,7446.9,7451.5,7443.0,7447.5,1406,4,0
2026-07-29 10:15:00,2026-07-29 08:15:00,7447.5,7450.5,7444.8,7450.3,1050,4,0
2026-07-29 10:30:00,2026-07-29 08:30:00,7450.3,7453.0,7448.0,7450.5,1025,4,0
2026-07-29 10:45:00,2026-07-29 08:45:00,7450.5,7451.4,7446.5,7449.5,953,4,0
2026-07-29 11:00:00,2026-07-29 09:00:00,7449.5,7450.3,7442.5,7443.0,1399,4,0
2026-07-29 11:15:00,2026-07-29 09:15:00,7443.0,7445.8,7437.3,7439.4,1260,4,0
2026-07-29 11:30:00,2026-07-29 09:30:00,7439.3,7451.3,7438.0,7450.5,1345,4,0
2026-07-29 11:45:00,2026-07-29 09:45:00,7450.5,7453.8,7447.5,7448.9,980,4,0
2026-07-29 12:00:00,2026-07-29 10:00:00,7449.0,7451.8,7447.6,7450.8,1213,4,0
2026-07-29 12:15:00,2026-07-29 10:15:00,7450.6,7450.8,7447.0,7448.1,1150,4,0
2026-07-29 12:30:00,2026-07-29 10:30:00,7448.1,7452.3,7445.6,7451.0,1142,4,0
2026-07-29 12:45:00,2026-07-29 10:45:00,7451.0,7460.0,7450.9,7453.8,1145,4,0
2026-07-29 13:00:00,2026-07-29 11:00:00,7454.0,7456.8,7449.6,7451.6,1294,4,0
2026-07-29 13:15:00,2026-07-29 11:15:00,7451.8,7453.8,7449.3,7452.8,1008,4,0
2026-07-29 13:30:00,2026-07-29 11:30:00,7452.8,7454.3,7445.5,7448.8,1113,4,0
2026-07-29 13:45:00,2026-07-29 11:45:00,7448.8,7449.8,7444.3,7445.7,1120,4,0
2026-07-29 14:00:00,2026-07-29 12:00:00,7445.6,7452.3,7444.5,7449.5,1214,4,0
2026-07-29 14:15:00,2026-07-29 12:15:00,7449.5,7452.8,7448.3,7450.0,913,4,0
2026-07-29 14:30:00,2026-07-29 12:30:00,7450.0,7451.0,7445.0,7446.0,805,4,0
2026-07-29 14:45:00,2026-07-29 12:45:00,7446.0,7450.8,7445.0,7449.0,818,4,0
2026-07-29 15:00:00,2026-07-29 13:00:00,7449.0,7449.5,7438.9,7440.0,1077,4,0
2026-07-29 15:15:00,2026-07-29 13:15:00,7440.0,7441.0,7424.7,7427.3,2183,4,0
2026-07-29 15:30:00,2026-07-29 13:30:00,7427.0,7434.5,7423.5,7434.3,1469,4,0
2026-07-29 15:45:00,2026-07-29 13:45:00,7434.3,7435.0,7430.5,7431.5,833,4,0
2026-07-29 16:00:00,2026-07-29 14:00:00,7431.5,7432.5,7422.0,7422.5,857,4,0
2026-07-29 16:15:00,2026-07-29 14:15:00,7422.8,7432.8,7420.3,7425.0,1008,4,0
2026-07-29 16:30:00,2026-07-29 14:30:00,7424.5,7429.0,7412.5,7421.4,2775,4,0
2026-07-29 16:45:00,2026-07-29 14:45:00,7421.5,7426.8,7390.3,7397.9,2490,4,0
2026-07-29 17:00:00,2026-07-29 15:00:00,7398.3,7407.5,7374.5,7378.0,2474,4,0
2026-07-29 17:15:00,2026-07-29 15:15:00,7378.1,7388.5,7366.5,7373.0,2451,4,0
2026-07-29 17:30:00,2026-07-29 15:30:00,7373.0,7382.3,7362.1,7366.0,2211,4,0
2026-07-29 17:45:00,2026-07-29 15:45:00,7366.0,7376.8,7362.8,7372.0,2103,4,0
2026-07-29 18:00:00,2026-07-29 16:00:00,7372.0,7380.5,7368.3,7370.3,1983,4,0
2026-07-29 18:15:00,2026-07-29 16:15:00,7370.3,7378.8,7367.5,7368.3,1987,4,0
2026-07-29 18:30:00,2026-07-29 16:30:00,7368.0,7374.0,7361.3,7364.0,1825,4,0
2026-07-29 18:45:00,2026-07-29 16:45:00,7364.0,7369.3,7354.0,7361.0,1680,4,0
2026-07-29 19:00:00,2026-07-29 17:00:00,7361.3,7364.0,7343.8,7343.8,1473,4,0
2026-07-29 19:15:00,2026-07-29 17:15:00,7343.8,7362.8,7341.3,7362.3,1454,4,0
2026-07-29 19:30:00,2026-07-29 17:30:00,7362.0,7366.8,7352.5,7356.0,1539,4,0
2026-07-29 19:45:00,2026-07-29 17:45:00,7356.0,7372.5,7354.0,7372.5,1502,4,0
2026-07-29 20:00:00,2026-07-29 18:00:00,7372.5,7390.0,7371.0,7389.8,1437,4,0
2026-07-29 20:15:00,2026-07-29 18:15:00,7389.8,7396.5,7381.8,7382.1,1389,4,0
2026-07-29 20:30:00,2026-07-29 18:30:00,7381.3,7387.5,7376.8,7381.5,1406,4,0
2026-07-29 20:45:00,2026-07-29 18:45:00,7381.5,7388.0,7377.5,7387.1,1484,4,0
2026-07-29 21:00:00,2026-07-29 19:00:00,7386.8,7419.3,7386.8,7397.8,3414,4,0
2026-07-29 21:15:00,2026-07-29 19:15:00,7397.8,7406.3,7386.5,7396.5,2689,4,0
2026-07-29 21:30:00,2026-07-29 19:30:00,7396.5,7433.6,7383.1,7431.5,3411,4,0
2026-07-29 21:45:00,2026-07-29 19:45:00,7431.5,7450.5,7428.8,7443.5,2901,4,0
2026-07-29 22:00:00,2026-07-29 20:00:00,7443.5,7450.0,7402.3,7411.6,3029,4,0
2026-07-29 22:15:00,2026-07-29 20:15:00,7411.5,7420.3,7364.6,7373.3,2897,4,0
2026-07-29 22:30:00,2026-07-29 20:30:00,7373.8,7379.0,7330.5,7334.8,3066,4,0
2026-07-29 22:45:00,2026-07-29 20:45:00,7334.8,7343.0,7314.5,7317.5,3003,4,0
2026-07-29 23:00:00,2026-07-29 21:00:00,7318.8,7323.5,7294.9,7305.0,2904,4,0
2026-07-29 23:15:00,2026-07-29 21:15:00,7304.9,7311.5,7292.2,7299.0,1989,4,0
2026-07-29 23:30:00,2026-07-29 21:30:00,7299.1,7314.2,7292.8,7309.3,1606,4,0
2026-07-29 23:45:00,2026-07-29 21:45:00,7309.3,7311.8,7303.0,7306.6,1153,4,0
2026-07-30 01:00:00,2026-07-29 23:00:00,7307.0,7342.9,7300.4,7338.7,1686,4,0
2026-07-30 01:15:00,2026-07-29 23:15:00,7338.0,7344.9,7335.7,7340.3,1298,4,0
2026-07-30 01:30:00,2026-07-29 23:30:00,7340.3,7342.3,7336.7,7341.5,848,4,0
2026-07-30 01:45:00,2026-07-29 23:45:00,7341.5,7344.5,7336.5,7338.8,797,4,0
2026-07-30 02:00:00,2026-07-30 00:00:00,7338.9,7348.8,7338.8,7342.4,996,4,0
2026-07-30 02:15:00,2026-07-30 00:15:00,7342.4,7348.4,7341.4,7346.9,778,4,0
2026-07-30 02:30:00,2026-07-30 00:30:00,7346.9,7351.5,7344.2,7346.7,748,4,0
2026-07-30 02:45:00,2026-07-30 00:45:00,7346.7,7351.2,7343.8,7347.2,1985,4,0
2026-07-30 03:00:00,2026-07-30 01:00:00,7347.3,7356.9,7341.3,7353.4,2572,4,0
2026-07-30 03:15:00,2026-07-30 01:15:00,7353.5,7354.7,7343.8,7347.5,2387,4,0
2026-07-30 03:30:00,2026-07-30 01:30:00,7347.5,7350.4,7336.9,7339.7,1985,4,0
2026-07-30 03:45:00,2026-07-30 01:45:00,7339.7,7346.7,7338.4,7344.9,2179,4,0
2026-07-30 04:00:00,2026-07-30 02:00:00,7344.9,7357.8,7343.4,7347.2,2020,4,0
2026-07-30 04:15:00,2026-07-30 02:15:00,7347.0,7356.2,7346.2,7355.2,1950,4,0
2026-07-30 04:30:00,2026-07-30 02:30:00,7355.0,7361.2,7354.9,7359.9,1253,4,0
2026-07-30 04:45:00,2026-07-30 02:45:00,7359.9,7361.4,7357.2,7357.9,1323,4,0
2026-07-30 05:00:00,2026-07-30 03:00:00,7357.8,7361.7,7355.4,7356.2,1471,4,0
2026-07-30 05:15:00,2026-07-30 03:15:00,7356.0,7359.3,7353.9,7355.2,1400,4,0
2026-07-30 05:30:00,2026-07-30 03:30:00,7355.2,7356.5,7350.7,7356.2,1413,4,0
2026-07-30 05:45:00,2026-07-30 03:45:00,7356.2,7357.7,7346.7,7347.2,1383,4,0
2026-07-30 06:00:00,2026-07-30 04:00:00,7347.7,7352.9,7341.2,7342.9,1399,4,0
2026-07-30 06:15:00,2026-07-30 04:15:00,7342.9,7344.2,7339.7,7342.3,1473,4,0
2026-07-30 06:30:00,2026-07-30 04:30:00,7342.2,7347.3,7338.7,7344.2,1865,4,0
2026-07-30 06:45:00,2026-07-30 04:45:00,7344.2,7347.7,7341.8,7343.9,1668,4,0
2026-07-30 07:00:00,2026-07-30 05:00:00,7343.9,7345.4,7339.4,7339.6,1583,4,0
2026-07-30 07:15:00,2026-07-30 05:15:00,7339.7,7348.2,7337.9,7347.7,1552,4,0
2026-07-30 07:30:00,2026-07-30 05:30:00,7347.5,7347.8,7338.2,7338.7,1592,4,0
2026-07-30 07:45:00,2026-07-30 05:45:00,7338.7,7344.2,7335.4,7336.5,1567,4,0
2026-07-30 08:00:00,2026-07-30 06:00:00,7336.6,7337.7,7331.2,7334.8,1608,4,0
2026-07-30 08:15:00,2026-07-30 06:15:00,7334.8,7339.7,7334.4,7337.4,1718,4,0
2026-07-30 08:30:00,2026-07-30 06:30:00,7337.4,7342.2,7335.7,7341.3,1834,4,0
2026-07-30 08:45:00,2026-07-30 06:45:00,7341.3,7346.0,7334.2,7337.7,1520,4,0
2026-07-30 09:00:00,2026-07-30 07:00:00,7337.7,7338.3,7332.3,7333.0,1719,4,0
2026-07-30 09:15:00,2026-07-30 07:15:00,7333.2,7336.3,7328.5,7333.4,1266,4,0
2026-07-30 09:30:00,2026-07-30 07:30:00,7333.4,7333.7,7327.7,7327.9,1170,4,0
2026-07-30 09:45:00,2026-07-30 07:45:00,7327.9,7333.7,7327.4,7333.0,1071,4,0
2026-07-30 10:00:00,2026-07-30 08:00:00,7332.9,7351.2,7330.8,7344.4,2161,4,0
2026-07-30 10:15:00,2026-07-30 08:15:00,7344.7,7345.3,7331.5,7334.3,1811,4,0
2026-07-30 10:30:00,2026-07-30 08:30:00,7334.3,7337.2,7323.4,7334.9,1624,4,0
2026-07-30 10:45:00,2026-07-30 08:45:00,7334.8,7336.8,7328.0,7328.6,1344,4,0
2026-07-30 11:00:00,2026-07-30 09:00:00,7328.6,7340.4,7321.0,7337.2,1994,4,0
2026-07-30 11:15:00,2026-07-30 09:15:00,7337.2,7347.7,7335.4,7345.4,1662,4,0
2026-07-30 11:30:00,2026-07-30 09:30:00,7345.4,7347.9,7342.2,7343.2,1504,4,0
2026-07-30 11:45:00,2026-07-30 09:45:00,7343.2,7345.4,7337.7,7341.7,1139,4,0
2026-07-30 12:00:00,2026-07-30 10:00:00,7341.7,7352.7,7340.2,7349.2,1378,4,0
2026-07-30 12:15:00,2026-07-30 10:15:00,7349.0,7354.2,7347.2,7352.2,1497,4,0
2026-07-30 12:30:00,2026-07-30 10:30:00,7352.2,7356.9,7349.4,7351.8,1180,4,0
2026-07-30 12:45:00,2026-07-30 10:45:00,7351.8,7353.5,7343.2,7343.5,1053,4,0
2026-07-30 13:00:00,2026-07-30 11:00:00,7343.5,7351.2,7340.7,7346.4,1213,4,0
2026-07-30 13:15:00,2026-07-30 11:15:00,7346.4,7357.4,7346.2,7355.2,1321,4,0
2026-07-30 13:30:00,2026-07-30 11:30:00,7355.2,7360.7,7353.2,7358.7,1325,4,0
2026-07-30 13:45:00,2026-07-30 11:45:00,7358.7,7361.3,7352.7,7354.0,1151,4,0
2026-07-30 14:00:00,2026-07-30 12:00:00,7354.0,7361.9,7354.0,7359.7,1347,4,0
2026-07-30 14:15:00,2026-07-30 12:15:00,7359.5,7366.5,7358.9,7366.4,939,4,0
2026-07-30 14:30:00,2026-07-30 12:30:00,7366.5,7368.4,7363.2,7364.4,987,4,0
2026-07-30 14:45:00,2026-07-30 12:45:00,7364.3,7370.9,7364.3,7368.7,948,4,0
2026-07-30 15:00:00,2026-07-30 13:00:00,7368.7,7373.7,7364.9,7373.2,1044,4,0
2026-07-30 15:15:00,2026-07-30 13:15:00,7373.2,7373.7,7364.9,7368.5,923,4,0
2026-07-30 15:30:00,2026-07-30 13:30:00,7368.5,7374.8,7362.2,7364.2,1895,4,0
2026-07-30 15:45:00,2026-07-30 13:45:00,7364.2,7369.7,7361.9,7367.7,1543,4,0
2026-07-30 16:00:00,2026-07-30 14:00:00,7367.7,7378.9,7366.9,7371.7,1263,4,0
2026-07-30 16:15:00,2026-07-30 14:15:00,7371.7,7383.7,7370.4,7383.4,1291,4,0
2026-07-30 16:30:00,2026-07-30 14:30:00,7383.2,7390.4,7368.9,7386.4,2707,4,0
2026-07-30 16:45:00,2026-07-30 14:45:00,7386.2,7408.9,7386.2,7408.7,2167,4,0
2026-07-30 17:00:00,2026-07-30 15:00:00,7408.7,7412.4,7396.7,7402.0,2313,4,0
2026-07-30 17:15:00,2026-07-30 15:15:00,7401.9,7415.4,7395.9,7408.7,2066,4,0
2026-07-30 17:30:00,2026-07-30 15:30:00,7408.7,7413.7,7399.0,7400.7,1883,4,0
2026-07-30 17:45:00,2026-07-30 15:45:00,7400.7,7403.7,7377.9,7384.2,2092,4,0
2026-07-30 18:00:00,2026-07-30 16:00:00,7384.2,7390.2,7370.2,7370.9,2198,4,0
2026-07-30 18:15:00,2026-07-30 16:15:00,7370.7,7383.4,7368.2,7371.9,2187,4,0
2026-07-30 18:30:00,2026-07-30 16:30:00,7369.9,7391.7,7368.7,7388.2,2124,4,0
2026-07-30 18:45:00,2026-07-30 16:45:00,7388.4,7398.7,7385.5,7393.4,1651,4,0
2026-07-30 19:00:00,2026-07-30 17:00:00,7393.4,7412.2,7390.9,7410.9,1330,4,0
2026-07-30 19:15:00,2026-07-30 17:15:00,7410.9,7414.7,7407.9,7410.4,1111,4,0
2026-07-30 19:30:00,2026-07-30 17:30:00,7410.2,7413.2,7400.2,7403.3,1305,4,0
2026-07-30 19:45:00,2026-07-30 17:45:00,7403.2,7414.5,7402.9,7412.9,1079,4,0
2026-07-30 20:00:00,2026-07-30 18:00:00,7412.9,7424.4,7412.7,7419.9,1034,4,0
2026-07-30 20:15:00,2026-07-30 18:15:00,7419.9,7425.4,7419.4,7420.7,864,4,0
2026-07-30 20:30:00,2026-07-30 18:30:00,7420.7,7424.4,7414.9,7422.2,1115,4,0
2026-07-30 20:45:00,2026-07-30 18:45:00,7422.2,7426.7,7419.4,7420.7,776,4,0
2026-07-30 21:00:00,2026-07-30 19:00:00,7420.7,7425.7,7419.9,7424.9,749,4,0
2026-07-30 21:15:00,2026-07-30 19:15:00,7424.9,7426.9,7423.2,7426.4,628,4,0
2026-07-30 21:30:00,2026-07-30 19:30:00,7426.4,7428.4,7422.9,7425.9,701,4,0
2026-07-30 21:45:00,2026-07-30 19:45:00,7425.9,7431.4,7425.7,7430.4,572,4,0
2026-07-30 22:00:00,2026-07-30 20:00:00,7430.4,7445.7,7430.4,7443.4,773,4,0
2026-07-30 22:15:00,2026-07-30 20:15:00,7443.4,7447.4,7440.2,7440.4,707,4,0
2026-07-30 22:30:00,2026-07-30 20:30:00,7440.7,7442.4,7437.2,7440.7,773,4,0
2026-07-30 22:45:00,2026-07-30 20:45:00,7440.7,7445.4,7433.5,7439.7,1274,4,0
2026-07-30 23:00:00,2026-07-30 21:00:00,7440.7,7461.2,7437.7,7455.9,1896,4,0
2026-07-30 23:15:00,2026-07-30 21:15:00,7455.9,7461.2,7455.3,7459.3,1207,4,0
2026-07-30 23:30:00,2026-07-30 21:30:00,7459.3,7465.9,7445.5,7449.9,1448,4,0
2026-07-30 23:45:00,2026-07-30 21:45:00,7450.0,7450.9,7441.2,7445.4,788,4,0
2026-07-31 01:00:00,2026-07-30 23:00:00,7440.1,7449.6,7437.7,7445.9,993,4,0
2026-07-31 01:15:00,2026-07-30 23:15:00,7445.9,7450.0,7442.6,7444.5,800,4,0
2026-07-31 01:30:00,2026-07-30 23:30:00,7444.5,7451.9,7442.1,7451.9,786,4,0
2026-07-31 01:45:00,2026-07-30 23:45:00,7451.9,7454.9,7451.4,7454.1,418,4,0
2026-07-31 02:00:00,2026-07-31 00:00:00,7454.1,7458.9,7451.9,7452.4,566,4,0
2026-07-31 02:15:00,2026-07-31 00:15:00,7452.4,7453.4,7449.9,7452.2,499,4,0
2026-07-31 02:30:00,2026-07-31 00:30:00,7452.2,7457.4,7451.4,7457.1,643,4,0
2026-07-31 02:45:00,2026-07-31 00:45:00,7457.1,7461.1,7454.6,7457.5,1027,4,0
2026-07-31 03:00:00,2026-07-31 01:00:00,7457.2,7466.0,7454.1,7465.1,1556,4,0
2026-07-31 03:15:00,2026-07-31 01:15:00,7465.1,7467.4,7462.4,7463.7,1261,4,0
2026-07-31 03:30:00,2026-07-31 01:30:00,7463.6,7466.9,7463.1,7465.9,1026,4,0
2026-07-31 03:45:00,2026-07-31 01:45:00,7465.9,7466.1,7460.7,7464.6,953,4,0
2026-07-31 04:00:00,2026-07-31 02:00:00,7464.6,7471.4,7464.6,7469.4,681,4,0
2026-07-31 04:15:00,2026-07-31 02:15:00,7469.4,7473.9,7469.2,7471.7,635,4,0
2026-07-31 04:30:00,2026-07-31 02:30:00,7471.7,7472.1,7465.9,7466.6,1039,4,0
2026-07-31 04:45:00,2026-07-31 02:45:00,7466.6,7467.4,7463.9,7467.2,970,4,0
2026-07-31 05:00:00,2026-07-31 03:00:00,7467.4,7469.9,7463.9,7464.4,970,4,0
2026-07-31 05:15:00,2026-07-31 03:15:00,7464.4,7464.5,7461.0,7462.0,770,4,0
2026-07-31 05:30:00,2026-07-31 03:30:00,7462.0,7463.1,7458.1,7461.9,724,4,0
2026-07-31 05:45:00,2026-07-31 03:45:00,7461.9,7463.1,7458.9,7462.6,699,4,0
2026-07-31 06:00:00,2026-07-31 04:00:00,7462.6,7463.1,7458.1,7460.6,885,4,0
2026-07-31 06:15:00,2026-07-31 04:15:00,7460.6,7466.9,7460.6,7465.9,825,4,0
2026-07-31 06:30:00,2026-07-31 04:30:00,7465.9,7468.2,7465.4,7466.9,1119,4,0
2026-07-31 06:45:00,2026-07-31 04:45:00,7466.9,7467.4,7462.6,7466.4,1100,4,0
2026-07-31 07:00:00,2026-07-31 05:00:00,7466.4,7467.9,7461.9,7467.4,951,4,0
2026-07-31 07:15:00,2026-07-31 05:15:00,7467.4,7472.6,7466.1,7472.4,653,4,0
2026-07-31 07:30:00,2026-07-31 05:30:00,7472.4,7477.1,7471.9,7476.9,538,4,0
2026-07-31 07:45:00,2026-07-31 05:45:00,7476.9,7478.9,7475.9,7478.4,480,4,0
2026-07-31 08:00:00,2026-07-31 06:00:00,7478.4,7479.1,7476.6,7477.6,609,4,0
2026-07-31 08:15:00,2026-07-31 06:15:00,7477.6,7479.9,7476.9,7478.9,375,4,0
2026-07-31 08:30:00,2026-07-31 06:30:00,7478.7,7480.1,7475.1,7476.1,621,4,0
2026-07-31 08:45:00,2026-07-31 06:45:00,7476.1,7479.1,7475.4,7477.9,575,4,0
2026-07-31 09:00:00,2026-07-31 07:00:00,7477.9,7480.4,7476.9,7479.9,619,4,0
2026-07-31 09:15:00,2026-07-31 07:15:00,7479.9,7480.6,7476.1,7477.4,411,4,0
2026-07-31 09:30:00,2026-07-31 07:30:00,7477.4,7477.6,7463.0,7465.9,1113,4,0
2026-07-31 09:45:00,2026-07-31 07:45:00,7465.9,7467.9,7461.6,7465.9,929,4,0
2026-07-31 10:00:00,2026-07-31 08:00:00,7465.9,7476.9,7462.6,7475.4,1297,4,0
2026-07-31 10:15:00,2026-07-31 08:15:00,7475.4,7478.1,7470.6,7474.6,1097,4,0
2026-07-31 10:30:00,2026-07-31 08:30:00,7474.6,7476.9,7472.2,7476.1,914,4,0
2026-07-31 10:45:00,2026-07-31 08:45:00,7476.2,7477.6,7472.3,7476.1,855,4,0
2026-07-31 11:00:00,2026-07-31 09:00:00,7476.1,7479.9,7472.4,7479.9,1314,4,0
2026-07-31 11:15:00,2026-07-31 09:15:00,7479.9,7482.4,7477.6,7480.9,1056,4,0
2026-07-31 11:30:00,2026-07-31 09:30:00,7480.9,7481.6,7476.6,7477.9,967,4,0
2026-07-31 11:45:00,2026-07-31 09:45:00,7477.9,7483.4,7477.4,7482.4,871,4,0
2026-07-31 12:00:00,2026-07-31 10:00:00,7482.4,7487.1,7480.6,7485.6,939,4,0
2026-07-31 12:15:00,2026-07-31 10:15:00,7485.6,7486.4,7481.0,7481.4,655,4,0
2026-07-31 12:30:00,2026-07-31 10:30:00,7481.4,7481.9,7473.4,7475.9,894,4,0
2026-07-31 12:45:00,2026-07-31 10:45:00,7475.9,7477.6,7473.5,7473.6,728,4,0
2026-07-31 13:00:00,2026-07-31 11:00:00,7473.6,7477.9,7471.9,7476.9,952,4,0
2026-07-31 13:15:00,2026-07-31 11:15:00,7476.9,7481.6,7476.1,7479.1,600,4,0
2026-07-31 13:30:00,2026-07-31 11:30:00,7479.1,7480.1,7473.9,7477.6,832,4,0
2026-07-31 13:45:00,2026-07-31 11:45:00,7477.6,7478.9,7474.4,7476.2,758,4,0
2026-07-31 14:00:00,2026-07-31 12:00:00,7476.2,7480.9,7475.5,7476.4,1022,4,0
2026-07-31 14:15:00,2026-07-31 12:15:00,7476.4,7476.6,7468.9,7469.4,1327,4,0
2026-07-31 14:30:00,2026-07-31 12:30:00,7469.4,7469.6,7464.0,7465.6,1086,4,0
2026-07-31 14:45:00,2026-07-31 12:45:00,7465.6,7469.9,7465.1,7468.9,905,4,0
2026-07-31 15:00:00,2026-07-31 13:00:00,7468.9,7469.1,7459.6,7460.1,791,4,0
2026-07-31 15:15:00,2026-07-31 13:15:00,7459.9,7462.1,7455.4,7461.0,807,4,0
2026-07-31 15:30:00,2026-07-31 13:30:00,7460.8,7461.4,7449.1,7452.9,1209,4,0
2026-07-31 15:45:00,2026-07-31 13:45:00,7452.6,7456.4,7449.9,7452.6,815,4,0
2026-07-31 16:00:00,2026-07-31 14:00:00,7452.6,7460.6,7450.9,7459.6,697,4,0
2026-07-31 16:15:00,2026-07-31 14:15:00,7459.6,7468.9,7459.6,7468.0,952,4,0
2026-07-31 16:30:00,2026-07-31 14:30:00,7468.1,7484.6,7449.9,7452.4,2479,4,0
2026-07-31 16:45:00,2026-07-31 14:45:00,7452.4,7457.1,7436.4,7440.0,2998,4,0
2026-07-31 17:00:00,2026-07-31 15:00:00,7440.0,7444.6,7400.1,7405.2,2793,4,0
2026-07-31 17:15:00,2026-07-31 15:15:00,7405.1,7426.1,7397.1,7425.5,2750,4,0
2026-07-31 17:30:00,2026-07-31 15:30:00,7425.4,7437.6,7421.9,7437.1,2472,4,0
2026-07-31 17:45:00,2026-07-31 15:45:00,7437.1,7450.4,7435.9,7446.4,2119,4,0
2026-07-31 18:00:00,2026-07-31 16:00:00,7446.4,7449.1,7432.4,7442.6,2263,4,0
2026-07-31 18:15:00,2026-07-31 16:15:00,7442.6,7451.6,7422.1,7423.9,2347,4,0
2026-07-31 18:30:00,2026-07-31 16:30:00,7423.9,7444.9,7418.9,7438.9,2391,4,0
2026-07-31 18:45:00,2026-07-31 16:45:00,7439.4,7454.4,7432.4,7452.1,2097,4,0
2026-07-31 19:00:00,2026-07-31 17:00:00,7451.9,7457.4,7445.9,7456.1,1809,4,0
2026-07-31 19:15:00,2026-07-31 17:15:00,7456.1,7465.4,7448.6,7464.9,1594,4,0
2026-07-31 19:30:00,2026-07-31 17:30:00,7464.9,7470.6,7462.2,7462.9,1315,4,0
2026-07-31 19:45:00,2026-07-31 17:45:00,7462.9,7470.9,7461.1,7467.1,1162,4,0
2026-07-31 20:00:00,2026-07-31 18:00:00,7467.1,7474.4,7466.1,7473.4,878,4,0
2026-07-31 20:15:00,2026-07-31 18:15:00,7473.4,7485.2,7472.2,7484.1,804,4,0
2026-07-31 20:30:00,2026-07-31 18:30:00,7484.4,7486.1,7477.2,7479.4,948,4,0
2026-07-31 20:45:00,2026-07-31 18:45:00,7479.4,7482.1,7472.9,7475.4,1046,4,0
2026-07-31 21:00:00,2026-07-31 19:00:00,7475.4,7481.4,7473.9,7478.1,1102,4,0
2026-07-31 21:15:00,2026-07-31 19:15:00,7478.0,7485.6,7477.4,7481.4,824,4,0
2026-07-31 21:30:00,2026-07-31 19:30:00,7481.4,7483.9,7477.9,7481.6,705,4,0
2026-07-31 21:45:00,2026-07-31 19:45:00,7481.6,7486.2,7480.1,7482.4,625,4,0
2026-07-31 22:00:00,2026-07-31 20:00:00,7482.4,7486.6,7478.9,7484.1,757,4,0
2026-07-31 22:15:00,2026-07-31 20:15:00,7484.1,7500.4,7483.6,7495.9,868,4,0
2026-07-31 22:30:00,2026-07-31 20:30:00,7496.1,7502.5,7489.6,7502.4,917,4,0
2026-07-31 22:45:00,2026-07-31 20:45:00,7502.4,7510.4,7485.1,7487.4,1517,4,0
2026-07-31 23:00:00,2026-07-31 21:00:00,7487.1,7496.4,7486.6,7491.1,1163,4,0
2026-07-31 23:15:00,2026-07-31 21:15:00,7491.1,7491.1,7486.9,7488.4,374,4,0
2026-07-31 23:30:00,2026-07-31 21:30:00,7488.4,7490.4,7486.4,7487.9,368,4,0
2026-07-31 23:45:00,2026-07-31 21:45:00,7487.9,7489.2,7475.2,7480.4,498,4,0
2026-08-03 01:00:00,2026-08-02 23:00:00,7521.4,7529.3,7518.5,7527.3,1467,4,0
2026-08-03 01:15:00,2026-08-02 23:15:00,7527.2,7528.2,7521.4,7523.0,1057,4,0
2026-08-03 01:30:00,2026-08-02 23:30:00,7523.0,7524.4,7520.9,7520.9,539,4,0
2026-08-03 01:45:00,2026-08-02 23:45:00,7520.9,7522.2,7516.3,7517.5,496,4,0
2026-08-03 02:00:00,2026-08-03 00:00:00,7517.5,7521.8,7515.4,7516.9,661,4,0
2026-08-03 02:15:00,2026-08-03 00:15:00,7516.9,7521.7,7516.9,7520.5,449,4,0
2026-08-03 02:30:00,2026-08-03 00:30:00,7520.7,7523.2,7519.9,7522.0,469,4,0
2026-08-03 02:45:00,2026-08-03 00:45:00,7522.0,7526.8,7518.7,7523.4,1451,4,0
2026-08-03 03:00:00,2026-08-03 01:00:00,7523.3,7525.9,7517.9,7525.7,1954,4,0
2026-08-03 03:15:00,2026-08-03 01:15:00,7525.7,7528.4,7517.2,7518.8,1096,4,0
2026-08-03 03:30:00,2026-08-03 01:30:00,7518.8,7525.4,7518.2,7521.4,1271,4,0
2026-08-03 03:45:00,2026-08-03 01:45:00,7521.4,7526.2,7520.2,7526.0,1104,4,0
2026-08-03 04:00:00,2026-08-03 02:00:00,7526.1,7527.9,7522.7,7523.5,1087,4,0
2026-08-03 04:15:00,2026-08-03 02:15:00,7523.6,7527.4,7521.4,7526.9,933,4,0
2026-08-03 04:30:00,2026-08-03 02:30:00,7526.9,7528.9,7524.7,7528.7,877,4,0
2026-08-03 04:45:00,2026-08-03 02:45:00,7528.7,7530.4,7527.9,7529.9,601,4,0
2026-08-03 05:00:00,2026-08-03 03:00:00,7529.9,7531.7,7528.4,7530.9,321,4,0
2026-08-03 05:15:00,2026-08-03 03:15:00,7530.9,7533.4,7528.9,7528.9,305,4,0
2026-08-03 05:30:00,2026-08-03 03:30:00,7528.9,7532.2,7528.4,7530.4,489,4,0
2026-08-03 05:45:00,2026-08-03 03:45:00,7530.4,7532.7,7530.4,7532.2,281,4,0
2026-08-03 06:00:00,2026-08-03 04:00:00,7532.2,7533.7,7532.2,7533.4,245,4,0
2026-08-03 06:15:00,2026-08-03 04:15:00,7533.4,7534.2,7530.7,7530.7,252,4,0
2026-08-03 06:30:00,2026-08-03 04:30:00,7530.7,7534.3,7530.2,7534.2,450,4,0
2026-08-03 06:45:00,2026-08-03 04:45:00,7534.2,7536.2,7533.2,7533.7,260,4,0
2026-08-03 07:00:00,2026-08-03 05:00:00,7533.7,7534.9,7532.9,7534.2,331,4,0
2026-08-03 07:15:00,2026-08-03 05:15:00,7534.2,7536.7,7534.2,7536.4,143,4,0
2026-08-03 07:30:00,2026-08-03 05:30:00,7536.4,7536.9,7535.7,7536.9,156,4,0
2026-08-03 07:45:00,2026-08-03 05:45:00,7536.9,7538.7,7534.9,7535.2,175,4,0
2026-08-03 08:00:00,2026-08-03 06:00:00,7535.2,7537.2,7533.9,7535.4,203,4,0
2026-08-03 08:15:00,2026-08-03 06:15:00,7535.4,7536.4,7533.7,7535.2,246,4,0
2026-08-03 08:30:00,2026-08-03 06:30:00,7535.2,7535.8,7533.9,7534.7,309,4,0
2026-08-03 08:45:00,2026-08-03 06:45:00,7534.7,7535.4,7532.2,7534.9,239,4,0
2026-08-03 09:00:00,2026-08-03 07:00:00,7534.9,7537.7,7533.9,7535.4,549,4,0
2026-08-03 09:15:00,2026-08-03 07:15:00,7535.4,7535.7,7530.7,7531.4,490,4,0
2026-08-03 09:30:00,2026-08-03 07:30:00,7531.7,7533.7,7529.9,7529.9,443,4,0
2026-08-03 09:45:00,2026-08-03 07:45:00,7529.9,7530.9,7527.7,7528.7,436,4,0
2026-08-03 10:00:00,2026-08-03 08:00:00,7528.7,7532.9,7524.9,7531.9,1034,4,0
2026-08-03 10:15:00,2026-08-03 08:15:00,7531.9,7533.4,7524.7,7528.7,1298,4,0
2026-08-03 10:30:00,2026-08-03 08:30:00,7528.7,7531.6,7525.2,7525.7,817,4,0
2026-08-03 10:45:00,2026-08-03 08:45:00,7525.7,7531.9,7525.4,7531.5,741,4,0
2026-08-03 11:00:00,2026-08-03 09:00:00,7531.4,7531.7,7522.5,7526.9,1022,4,0
2026-08-03 11:15:00,2026-08-03 09:15:00,7526.9,7526.9,7519.4,7522.0,988,4,0
2026-08-03 11:30:00,2026-08-03 09:30:00,7522.2,7528.9,7519.7,7526.4,1008,4,0
2026-08-03 11:45:00,2026-08-03 09:45:00,7526.4,7531.2,7524.2,7531.2,693,4,0
2026-08-03 12:00:00,2026-08-03 10:00:00,7531.2,7532.2,7525.7,7527.7,740,4,0
2026-08-03 12:15:00,2026-08-03 10:15:00,7527.9,7530.4,7526.9,7528.0,619,4,0
2026-08-03 12:30:00,2026-08-03 10:30:00,7528.0,7531.4,7527.4,7528.2,768,4,0
2026-08-03 12:45:00,2026-08-03 10:45:00,7528.2,7530.4,7525.7,7529.2,636,4,0
2026-08-03 13:00:00,2026-08-03 11:00:00,7529.2,7531.7,7527.4,7530.2,612,4,0
2026-08-03 13:15:00,2026-08-03 11:15:00,7530.2,7532.2,7529.2,7531.9,667,4,0
2026-08-03 13:30:00,2026-08-03 11:30:00,7531.9,7534.3,7530.2,7534.2,534,4,0
2026-08-03 13:45:00,2026-08-03 11:45:00,7534.2,7534.9,7532.7,7534.7,384,4,0
2026-08-03 14:00:00,2026-08-03 12:00:00,7534.6,7535.2,7529.2,7531.8,844,4,0
2026-08-03 14:15:00,2026-08-03 12:15:00,7531.8,7535.9,7531.2,7533.3,659,4,0
2026-08-03 14:30:00,2026-08-03 12:30:00,7533.4,7539.4,7532.2,7535.7,703,4,0
2026-08-03 14:45:00,2026-08-03 12:45:00,7535.7,7536.2,7527.7,7529.2,738,4,0
2026-08-03 15:00:00,2026-08-03 13:00:00,7529.2,7529.2,7525.2,7528.2,778,4,0
2026-08-03 15:15:00,2026-08-03 13:15:00,7528.2,7530.7,7525.7,7529.9,724,4,0
2026-08-03 15:30:00,2026-08-03 13:30:00,7529.9,7537.4,7529.9,7537.4,549,4,0
2026-08-03 15:45:00,2026-08-03 13:45:00,7537.4,7538.2,7534.2,7535.2,458,4,0
2026-08-03 16:00:00,2026-08-03 14:00:00,7535.2,7536.9,7533.7,7534.4,476,4,0
2026-08-03 16:15:00,2026-08-03 14:15:00,7534.4,7537.4,7516.9,7517.7,739,4,0
2026-08-03 16:30:00,2026-08-03 14:30:00,7517.7,7542.7,7515.4,7538.9,2516,4,0
2026-08-03 16:45:00,2026-08-03 14:45:00,7539.2,7559.9,7536.9,7559.6,1993,4,0
2026-08-03 17:00:00,2026-08-03 15:00:00,7559.7,7564.2,7554.4,7562.7,1732,4,0
2026-08-03 17:15:00,2026-08-03 15:15:00,7562.8,7571.7,7561.9,7568.9,949,4,0
2026-08-03 17:30:00,2026-08-03 15:30:00,7568.9,7575.4,7566.9,7572.4,744,4,0
2026-08-03 17:45:00,2026-08-03 15:45:00,7572.7,7577.7,7570.7,7577.7,692,4,0
2026-08-03 18:00:00,2026-08-03 16:00:00,7577.7,7578.2,7571.7,7574.2,656,4,0
2026-08-03 18:15:00,2026-08-03 16:15:00,7574.2,7580.7,7573.9,7575.4,767,4,0
2026-08-03 18:30:00,2026-08-03 16:30:00,7575.4,7581.9,7574.7,7580.2,706,4,0
2026-08-03 18:45:00,2026-08-03 16:45:00,7580.2,7585.7,7580.2,7583.2,512,4,0
2026-08-03 19:00:00,2026-08-03 17:00:00,7583.2,7585.2,7581.2,7583.2,409,4,0
2026-08-03 19:15:00,2026-08-03 17:15:00,7583.2,7589.2,7582.9,7588.9,404,4,0
2026-08-03 19:30:00,2026-08-03 17:30:00,7588.9,7589.7,7585.7,7587.9,418,4,0
2026-08-03 19:45:00,2026-08-03 17:45:00,7588.2,7588.4,7583.4,7585.4,331,4,0
2026-08-03 20:00:00,2026-08-03 18:00:00,7585.7,7589.4,7583.2,7588.4,405,4,0
2026-08-03 20:15:00,2026-08-03 18:15:00,7588.4,7594.9,7588.4,7594.2,373,4,0
2026-08-03 20:30:00,2026-08-03 18:30:00,7594.2,7597.9,7593.7,7596.7,342,4,0
2026-08-03 20:45:00,2026-08-03 18:45:00,7596.9,7601.4,7596.7,7599.9,341,4,0
2026-08-03 21:00:00,2026-08-03 19:00:00,7599.9,7606.7,7599.9,7603.7,517,4,0
2026-08-03 21:15:00,2026-08-03 19:15:00,7603.4,7606.4,7598.2,7599.2,500,4,0
2026-08-03 21:30:00,2026-08-03 19:30:00,7599.2,7604.4,7596.9,7604.2,520,4,0
2026-08-03 21:45:00,2026-08-03 19:45:00,7604.2,7606.0,7600.9,7602.9,447,4,0
2026-08-03 22:00:00,2026-08-03 20:00:00,7602.9,7609.4,7602.9,7605.4,483,4,0
2026-08-03 22:15:00,2026-08-03 20:15:00,7605.4,7609.2,7605.4,7607.2,432,4,0
2026-08-03 22:30:00,2026-08-03 20:30:00,7607.2,7608.9,7602.4,7604.2,552,4,0
2026-08-03 22:45:00,2026-08-03 20:45:00,7604.2,7607.2,7598.2,7600.2,986,4,0
2026-08-03 23:00:00,2026-08-03 21:00:00,7600.3,7604.7,7597.2,7603.9,395,4,0
2026-08-03 23:15:00,2026-08-03 21:15:00,7603.9,7608.4,7603.9,7604.9,200,4,0
2026-08-03 23:30:00,2026-08-03 21:30:00,7604.9,7608.4,7604.7,7607.2,146,4,0
2026-08-03 23:45:00,2026-08-03 21:45:00,7607.2,7607.4,7602.6,7603.2,136,4,0
2026-08-04 01:00:00,2026-08-03 23:00:00,7603.4,7608.0,7603.0,7605.0,599,4,0
2026-08-04 01:15:00,2026-08-03 23:15:00,7605.0,7607.7,7605.0,7606.4,320,4,0
2026-08-04 01:30:00,2026-08-03 23:30:00,7606.4,7609.3,7605.8,7608.7,361,4,0
2026-08-04 01:45:00,2026-08-03 23:45:00,7608.7,7608.8,7607.0,7607.9,276,4,0
2026-08-04 02:00:00,2026-08-04 00:00:00,7607.9,7608.3,7606.3,7607.0,232,4,0
2026-08-04 02:15:00,2026-08-04 00:15:00,7607.0,7608.8,7606.8,7607.3,220,4,0
2026-08-04 02:30:00,2026-08-04 00:30:00,7607.3,7608.8,7605.4,7605.5,272,4,0
2026-08-04 02:45:00,2026-08-04 00:45:00,7605.5,7608.5,7605.3,7608.3,732,4,0
2026-08-04 03:00:00,2026-08-04 01:00:00,7608.3,7610.0,7604.8,7606.7,1307,4,0
2026-08-04 03:15:00,2026-08-04 01:15:00,7606.7,7606.8,7603.4,7603.9,969,4,0
2026-08-04 03:30:00,2026-08-04 01:30:00,7603.8,7607.8,7602.2,7607.3,993,4,0
2026-08-04 03:45:00,2026-08-04 01:45:00,7607.3,7608.5,7604.5,7605.8,1060,4,0
2026-08-04 04:00:00,2026-08-04 02:00:00,7605.5,7607.8,7602.3,7606.8,1037,4,0
2026-08-04 04:15:00,2026-08-04 02:15:00,7606.8,7609.0,7605.0,7608.8,693,4,0
2026-08-04 04:30:00,2026-08-04 02:30:00,7609.0,7612.5,7608.5,7612.5,590,4,0
2026-08-04 04:45:00,2026-08-04 02:45:00,7612.5,7620.0,7612.5,7619.0,430,4,0
2026-08-04 05:00:00,2026-08-04 03:00:00,7619.0,7620.0,7612.4,7613.5,818,4,0
2026-08-04 05:15:00,2026-08-04 03:15:00,7613.5,7615.0,7611.8,7612.8,938,4,0
2026-08-04 05:30:00,2026-08-04 03:30:00,7612.8,7616.5,7612.8,7616.5,873,4,0
2026-08-04 05:45:00,2026-08-04 03:45:00,7616.5,7617.0,7614.3,7615.0,654,4,0
2026-08-04 06:00:00,2026-08-04 04:00:00,7615.0,7616.8,7610.8,7612.3,684,4,0
2026-08-04 06:15:00,2026-08-04 04:15:00,7612.3,7616.8,7611.8,7616.0,826,4,0
2026-08-04 06:30:00,2026-08-04 04:30:00,7616.0,7618.0,7614.5,7615.4,813,4,0
2026-08-04 06:45:00,2026-08-04 04:45:00,7615.3,7617.8,7614.3,7617.3,588,4,0
2026-08-04 07:00:00,2026-08-04 05:00:00,7617.3,7618.0,7614.5,7615.5,684,4,0
2026-08-04 07:15:00,2026-08-04 05:15:00,7615.5,7618.5,7615.3,7618.0,432,4,0
2026-08-04 07:30:00,2026-08-04 05:30:00,7618.0,7618.5,7617.3,7617.8,488,4,0
2026-08-04 07:45:00,2026-08-04 05:45:00,7617.8,7619.0,7616.9,7618.0,453,4,0
2026-08-04 08:00:00,2026-08-04 06:00:00,7618.0,7618.4,7615.3,7616.0,723,4,0
2026-08-04 08:15:00,2026-08-04 06:15:00,7615.9,7618.5,7615.5,7618.0,587,4,0
2026-08-04 08:30:00,2026-08-04 06:30:00,7618.0,7621.5,7617.8,7619.8,382,4,0
2026-08-04 08:45:00,2026-08-04 06:45:00,7619.8,7620.5,7618.8,7620.3,479,4,0
2026-08-04 09:00:00,2026-08-04 07:00:00,7620.3,7622.5,7619.3,7622.5,426,4,0
2026-08-04 09:15:00,2026-08-04 07:15:00,7622.5,7622.5,7619.8,7620.0,295,4,0
2026-08-04 09:30:00,2026-08-04 07:30:00,7619.8,7620.9,7615.5,7616.5,317,4,0
2026-08-04 09:45:00,2026-08-04 07:45:00,7616.5,7617.3,7615.5,7617.0,269,4,0
2026-08-04 10:00:00,2026-08-04 08:00:00,7617.0,7620.0,7614.2,7615.5,795,4,0
2026-08-04 10:15:00,2026-08-04 08:15:00,7615.5,7618.8,7615.3,7617.5,551,4,0
2026-08-04 10:30:00,2026-08-04 08:30:00,7617.5,7620.5,7614.8,7615.3,558,4,0
2026-08-04 10:45:00,2026-08-04 08:45:00,7615.3,7619.3,7614.5,7616.0,435,4,0
2026-08-04 11:00:00,2026-08-04 09:00:00,7616.0,7617.8,7614.5,7616.4,913,4,0
2026-08-04 11:15:00,2026-08-04 09:15:00,7616.5,7618.5,7614.8,7616.0,639,4,0
2026-08-04 11:30:00,2026-08-04 09:30:00,7616.0,7616.0,7609.8,7611.0,767,4,0
2026-08-04 11:45:00,2026-08-04 09:45:00,7611.0,7611.1,7608.0,7609.9,584,4,0
2026-08-04 12:00:00,2026-08-04 10:00:00,7609.8,7609.8,7604.8,7606.5,679,4,0
2026-08-04 12:15:00,2026-08-04 10:15:00,7606.5,7607.0,7604.5,7607.0,656,4,0
2026-08-04 12:30:00,2026-08-04 10:30:00,7607.0,7611.0,7606.8,7610.3,406,4,0
2026-08-04 12:45:00,2026-08-04 10:45:00,7610.3,7611.3,7607.3,7610.3,524,4,0
2026-08-04 13:00:00,2026-08-04 11:00:00,7610.3,7612.3,7608.8,7611.2,477,4,0
2026-08-04 13:15:00,2026-08-04 11:15:00,7611.3,7611.3,7608.8,7609.0,511,4,0
2026-08-04 13:30:00,2026-08-04 11:30:00,7609.0,7617.4,7608.8,7616.5,904,4,0
2026-08-04 13:45:00,2026-08-04 11:45:00,7616.3,7620.3,7614.2,7615.8,1339,4,0
2026-08-04 14:00:00,2026-08-04 12:00:00,7615.8,7617.8,7614.3,7616.3,971,4,0
2026-08-04 14:15:00,2026-08-04 12:15:00,7616.3,7621.3,7615.5,7621.0,731,4,0
2026-08-04 14:30:00,2026-08-04 12:30:00,7621.0,7629.4,7617.9,7627.4,737,4,0
2026-08-04 14:45:00,2026-08-04 12:45:00,7627.5,7630.3,7624.8,7627.0,1416,4,0
2026-08-04 15:00:00,2026-08-04 13:00:00,7627.3,7628.0,7623.9,7624.5,736,4,0
2026-08-04 15:15:00,2026-08-04 13:15:00,7624.5,7628.3,7624.3,7627.3,600,4,0
2026-08-04 15:30:00,2026-08-04 13:30:00,7627.2,7628.5,7625.3,7627.8,598,4,0
2026-08-04 15:45:00,2026-08-04 13:45:00,7627.8,7627.8,7623.5,7623.8,364,4,0
2026-08-04 16:00:00,2026-08-04 14:00:00,7623.8,7627.3,7622.0,7626.8,428,4,0
2026-08-04 16:15:00,2026-08-04 14:15:00,7626.7,7636.8,7626.0,7630.3,1101,4,0
2026-08-04 16:30:00,2026-08-04 14:30:00,7630.3,7646.0,7629.3,7642.3,1526,4,0
2026-08-04 16:45:00,2026-08-04 14:45:00,7642.5,7659.0,7642.5,7657.8,1386,4,0
2026-08-04 17:00:00,2026-08-04 15:00:00,7658.2,7673.0,7655.3,7673.0,1155,4,0
2026-08-04 17:15:00,2026-08-04 15:15:00,7673.3,7678.8,7666.3,7669.5,1303,4,0
2026-08-04 17:30:00,2026-08-04 15:30:00,7669.5,7682.3,7665.8,7682.3,1411,4,0
2026-08-04 17:45:00,2026-08-04 15:45:00,7682.3,7689.0,7680.7,7687.8,1001,4,0
2026-08-04 18:00:00,2026-08-04 16:00:00,7688.0,7696.5,7686.8,7694.0,801,4,0
2026-08-04 18:15:00,2026-08-04 16:15:00,7694.0,7703.8,7693.8,7698.5,696,4,0
2026-08-04 18:30:00,2026-08-04 16:30:00,7698.5,7708.3,7696.8,7707.8,954,4,0
2026-08-04 18:45:00,2026-08-04 16:45:00,7707.8,7713.9,7706.5,7709.3,742,4,0
2026-08-04 19:00:00,2026-08-04 17:00:00,7709.3,7714.3,7706.0,7707.3,649,4,0
2026-08-04 19:15:00,2026-08-04 17:15:00,7707.3,7718.3,7707.3,7717.0,605,4,0
2026-08-04 19:30:00,2026-08-04 17:30:00,7717.0,7725.3,7715.0,7725.0,544,4,0
2026-08-04 19:45:00,2026-08-04 17:45:00,7725.0,7728.5,7724.9,7727.8,484,4,0
2026-08-04 20:00:00,2026-08-04 18:00:00,7727.8,7738.3,7726.8,7737.5,617,4,0
2026-08-04 20:15:00,2026-08-04 18:15:00,7737.5,7741.5,7734.8,7737.8,657,4,0
2026-08-04 20:30:00,2026-08-04 18:30:00,7738.0,7748.5,7734.8,7748.3,579,4,0
2026-08-04 20:45:00,2026-08-04 18:45:00,7748.5,7756.3,7740.8,7740.8,1057,4,0
2026-08-04 21:00:00,2026-08-04 19:00:00,7740.8,7747.3,7736.0,7746.8,1205,4,0
2026-08-04 21:15:00,2026-08-04 19:15:00,7746.9,7749.0,7744.5,7748.3,807,4,0
2026-08-04 21:30:00,2026-08-04 19:30:00,7748.5,7749.5,7738.8,7741.8,789,4,0
2026-08-04 21:45:00,2026-08-04 19:45:00,7742.0,7747.5,7742.0,7745.5,744,4,0
2026-08-04 22:00:00,2026-08-04 20:00:00,7745.5,7755.0,7745.3,7753.5,705,4,0
2026-08-04 22:15:00,2026-08-04 20:15:00,7753.5,7755.8,7745.8,7747.3,620,4,0
2026-08-04 22:30:00,2026-08-04 20:30:00,7747.5,7757.8,7745.8,7756.8,755,4,0
2026-08-04 22:45:00,2026-08-04 20:45:00,7756.8,7758.5,7735.8,7735.8,1243,4,0
2026-08-04 23:00:00,2026-08-04 21:00:00,7735.5,7753.7,7735.5,7746.2,1470,4,0
2026-08-04 23:15:00,2026-08-04 21:15:00,7746.2,7746.2,7734.0,7739.5,1740,4,0
2026-08-04 23:30:00,2026-08-04 21:30:00,7739.5,7745.5,7738.2,7743.8,1146,4,0
2026-08-04 23:45:00,2026-08-04 21:45:00,7743.8,7747.5,7743.0,7747.3,767,4,0
2026-08-05 01:00:00,2026-08-04 23:00:00,7747.1,7751.9,7744.7,7751.8,715,4,0
2026-08-05 01:15:00,2026-08-04 23:15:00,7751.8,7754.9,7750.9,7753.7,477,4,0
2026-08-05 01:30:00,2026-08-04 23:30:00,7753.7,7756.7,7751.3,7751.7,457,4,0
2026-08-05 01:45:00,2026-08-04 23:45:00,7751.7,7754.4,7751.2,7754.3,440,4,0
2026-08-05 02:00:00,2026-08-05 00:00:00,7754.3,7756.4,7752.2,7755.4,389,4,0
2026-08-05 02:15:00,2026-08-05 00:15:00,7755.4,7756.2,7752.7,7752.9,188,4,0
2026-08-05 02:30:00,2026-08-05 00:30:00,7752.9,7753.7,7749.6,7752.7,446,4,0
2026-08-05 02:45:00,2026-08-05 00:45:00,7752.8,7754.6,7750.9,7750.9,895,4,0
2026-08-05 03:00:00,2026-08-05 01:00:00,7750.9,7753.9,7749.8,7753.8,1395,4,0
2026-08-05 03:15:00,2026-08-05 01:15:00,7753.8,7757.2,7752.4,7756.9,760,4,0
2026-08-05 03:30:00,2026-08-05 01:30:00,7756.9,7758.9,7754.1,7754.2,685,4,0
2026-08-05 03:45:00,2026-08-05 01:45:00,7754.1,7757.9,7752.4,7757.9,858,4,0
2026-08-05 04:00:00,2026-08-05 02:00:00,7757.9,7757.9,7752.7,7755.7,794,4,0
2026-08-05 04:15:00,2026-08-05 02:15:00,7755.7,7756.2,7751.4,7752.7,754,4,0
2026-08-05 04:30:00,2026-08-05 02:30:00,7752.7,7757.2,7752.1,7755.7,626,4,0
2026-08-05 04:45:00,2026-08-05 02:45:00,7755.7,7758.4,7755.7,7757.9,493,4,0
2026-08-05 05:00:00,2026-08-05 03:00:00,7757.9,7760.4,7756.9,7759.2,625,4,0
2026-08-05 05:15:00,2026-08-05 03:15:00,7759.2,7760.5,7757.7,7758.7,438,4,0
2026-08-05 05:30:00,2026-08-05 03:30:00,7758.7,7760.1,7757.4,7760.0,449,4,0
2026-08-05 05:45:00,2026-08-05 03:45:00,7760.0,7762.2,7759.7,7760.4,328,4,0
2026-08-05 06:00:00,2026-08-05 04:00:00,7760.4,7765.4,7759.9,7764.4,396,4,0
2026-08-05 06:15:00,2026-08-05 04:15:00,7764.4,7765.7,7760.9,7760.9,376,4,0
2026-08-05 06:30:00,2026-08-05 04:30:00,7760.9,7765.1,7759.9,7764.7,451,4,0
2026-08-05 06:45:00,2026-08-05 04:45:00,7764.7,7765.7,7762.9,7765.4,286,4,0
2026-08-05 07:00:00,2026-08-05 05:00:00,7765.4,7766.3,7764.4,7764.7,307,4,0
2026-08-05 07:15:00,2026-08-05 05:15:00,7764.4,7764.4,7761.7,7762.9,324,4,0
2026-08-05 07:30:00,2026-08-05 05:30:00,7762.9,7765.4,7762.4,7764.9,304,4,0
2026-08-05 07:45:00,2026-08-05 05:45:00,7764.9,7765.9,7762.9,7764.9,289,4,0
2026-08-05 08:00:00,2026-08-05 06:00:00,7764.9,7768.4,7764.2,7768.2,385,4,0
2026-08-05 08:15:00,2026-08-05 06:15:00,7768.2,7769.7,7767.7,7767.7,253,4,0
2026-08-05 08:30:00,2026-08-05 06:30:00,7767.7,7769.7,7766.9,7769.7,348,4,0
2026-08-05 08:45:00,2026-08-05 06:45:00,7769.7,7773.2,7769.2,7772.2,218,4,0
2026-08-05 09:00:00,2026-08-05 07:00:00,7772.2,7773.1,7770.7,7772.4,314,4,0
2026-08-05 09:15:00,2026-08-05 07:15:00,7772.4,7772.4,7765.2,7766.4,402,4,0
2026-08-05 09:30:00,2026-08-05 07:30:00,7766.4,7769.7,7765.9,7767.9,363,4,0
2026-08-05 09:45:00,2026-08-05 07:45:00,7767.9,7771.7,7767.4,7771.7,283,4,0
2026-08-05 10:00:00,2026-08-05 08:00:00,7771.7,7772.9,7765.9,7767.2,920,4,0
2026-08-05 10:15:00,2026-08-05 08:15:00,7767.4,7768.2,7764.2,7764.4,648,4,0
2026-08-05 10:30:00,2026-08-05 08:30:00,7764.4,7765.7,7761.7,7764.6,530,4,0
2026-08-05 10:45:00,2026-08-05 08:45:00,7764.6,7766.6,7763.4,7766.2,360,4,0
2026-08-05 11:00:00,2026-08-05 09:00:00,7766.2,7770.2,7759.9,7761.4,745,4,0
2026-08-05 11:15:00,2026-08-05 09:15:00,7761.4,7762.7,7755.9,7758.6,880,4,0
2026-08-05 11:30:00,2026-08-05 09:30:00,7758.7,7759.0,7754.2,7756.1,862,4,0
2026-08-05 11:45:00,2026-08-05 09:45:00,7756.2,7758.7,7753.9,7757.7,704,4,0
2026-08-05 12:00:00,2026-08-05 10:00:00,7757.7,7760.9,7756.3,7759.4,644,4,0
2026-08-05 12:15:00,2026-08-05 10:15:00,7759.4,7762.4,7757.6,7762.4,537,4,0
2026-08-05 12:30:00,2026-08-05 10:30:00,7762.4,7765.7,7761.9,7763.7,364,4,0
2026-08-05 12:45:00,2026-08-05 10:45:00,7763.7,7764.2,7760.9,7761.9,440,4,0
2026-08-05 13:00:00,2026-08-05 11:00:00,7761.9,7763.7,7761.2,7762.4,407,4,0
2026-08-05 13:15:00,2026-08-05 11:15:00,7762.4,7766.9,7761.9,7766.7,486,4,0
2026-08-05 13:30:00,2026-08-05 11:30:00,7766.7,7768.4,7765.4,7766.7,414,4,0
2026-08-05 13:45:00,2026-08-05 11:45:00,7766.7,7771.4,7766.2,7771.2,593,4,0
2026-08-05 14:00:00,2026-08-05 12:00:00,7771.2,7772.5,7768.8,7771.2,704,4,0
2026-08-05 14:15:00,2026-08-05 12:15:00,7771.2,7773.2,7768.2,7768.2,381,4,0
2026-08-05 14:30:00,2026-08-05 12:30:00,7768.2,7771.4,7766.9,7768.2,506,4,0
2026-08-05 14:45:00,2026-08-05 12:45:00,7768.2,7771.9,7766.4,7771.7,650,4,0
2026-08-05 15:00:00,2026-08-05 13:00:00,7771.5,7775.6,7770.9,7774.3,679,4,0
2026-08-05 15:15:00,2026-08-05 13:15:00,7774.3,7778.9,7772.9,7776.8,690,4,0
2026-08-05 15:30:00,2026-08-05 13:30:00,7776.7,7777.9,7769.4,7775.9,847,4,0
2026-08-05 15:45:00,2026-08-05 13:45:00,7775.9,7776.8,7772.2,7773.2,499,4,0
2026-08-05 16:00:00,2026-08-05 14:00:00,7773.2,7781.9,7773.2,7779.9,512,4,0
2026-08-05 16:15:00,2026-08-05 14:15:00,7779.9,7783.2,7776.9,7782.9,639,4,0
2026-08-05 16:30:00,2026-08-05 14:30:00,7782.9,7793.7,7777.7,7790.4,2528,4,0
2026-08-05 16:45:00,2026-08-05 14:45:00,7790.3,7792.6,7768.9,7792.6,2346,4,0
2026-08-05 17:00:00,2026-08-05 15:00:00,7792.8,7792.8,7774.9,7787.4,2579,4,0
2026-08-05 17:15:00,2026-08-05 15:15:00,7787.2,7790.1,7772.9,7773.4,2158,4,0
2026-08-05 17:30:00,2026-08-05 15:30:00,7771.7,7775.9,7761.7,7765.7,2142,4,0
2026-08-05 17:45:00,2026-08-05 15:45:00,7765.7,7773.9,7751.7,7759.9,2014,4,0
2026-08-05 18:00:00,2026-08-05 16:00:00,7759.8,7764.7,7755.4,7755.9,2058,4,0
2026-08-05 18:15:00,2026-08-05 16:15:00,7755.9,7756.9,7738.2,7742.2,1872,4,0
2026-08-05 18:30:00,2026-08-05 16:30:00,7742.2,7750.4,7741.9,7744.9,1716,4,0
2026-08-05 18:45:00,2026-08-05 16:45:00,7745.2,7745.2,7728.4,7731.4,1509,4,0
2026-08-05 19:00:00,2026-08-05 17:00:00,7731.4,7735.2,7724.2,7729.7,1913,4,0
2026-08-05 19:15:00,2026-08-05 17:15:00,7729.7,7745.9,7727.4,7745.7,1329,4,0
2026-08-05 19:30:00,2026-08-05 17:30:00,7745.7,7746.9,7736.9,7740.9,1295,4,0
2026-08-05 19:45:00,2026-08-05 17:45:00,7740.7,7746.4,7737.7,7743.2,1125,4,0
2026-08-05 20:00:00,2026-08-05 18:00:00,7743.2,7746.4,7735.7,7739.9,1300,4,0
2026-08-05 20:15:00,2026-08-05 18:15:00,7739.9,7743.2,7735.4,7738.4,1186,4,0
2026-08-05 20:30:00,2026-08-05 18:30:00,7738.4,7745.2,7735.9,7742.4,1029,4,0
2026-08-05 20:45:00,2026-08-05 18:45:00,7742.4,7744.7,7738.7,7740.4,870,4,0
2026-08-05 21:00:00,2026-08-05 19:00:00,7740.7,7747.9,7740.4,7742.9,899,4,0
2026-08-05 21:15:00,2026-08-05 19:15:00,7742.9,7746.2,7741.9,7744.4,646,4,0
2026-08-05 21:30:00,2026-08-05 19:30:00,7744.4,7744.4,7737.2,7741.2,868,4,0
2026-08-05 21:45:00,2026-08-05 19:45:00,7741.2,7744.9,7738.7,7738.9,687,4,0
2026-08-05 22:00:00,2026-08-05 20:00:00,7738.9,7743.4,7737.4,7742.4,748,4,0
2026-08-05 22:15:00,2026-08-05 20:15:00,7742.4,7744.9,7741.4,7742.7,514,4,0
2026-08-05 22:30:00,2026-08-05 20:30:00,7742.7,7743.7,7737.2,7739.7,631,4,0
2026-08-05 22:45:00,2026-08-05 20:45:00,7739.7,7741.7,7719.4,7721.7,1027,4,0
2026-08-05 23:00:00,2026-08-05 21:00:00,7722.2,7733.9,7720.7,7733.2,1330,4,0
2026-08-05 23:15:00,2026-08-05 21:15:00,7733.2,7733.9,7728.4,7730.7,706,4,0
2026-08-05 23:30:00,2026-08-05 21:30:00,7730.7,7734.7,7730.2,7734.7,254,4,0
2026-08-05 23:45:00,2026-08-05 21:45:00,7734.7,7735.2,7731.6,7732.9,208,4,0
2026-08-06 01:00:00,2026-08-05 23:00:00,7733.7,7735.2,7731.5,7732.5,629,4,0
2026-08-06 01:15:00,2026-08-05 23:15:00,7732.5,7741.8,7732.3,7741.3,562,4,0
2026-08-06 01:30:00,2026-08-05 23:30:00,7741.3,7745.1,7740.5,7743.2,404,4,0
2026-08-06 01:45:00,2026-08-05 23:45:00,7743.2,7745.1,7738.6,7738.7,452,4,0
2026-08-06 02:00:00,2026-08-06 00:00:00,7738.7,7740.8,7737.5,7740.6,307,4,0
2026-08-06 02:15:00,2026-08-06 00:15:00,7740.6,7742.1,7739.3,7740.1,326,4,0
2026-08-06 02:30:00,2026-08-06 00:30:00,7740.1,7741.3,7736.3,7737.6,613,4,0
2026-08-06 02:45:00,2026-08-06 00:45:00,7737.6,7737.8,7734.8,7736.3,883,4,0
2026-08-06 03:00:00,2026-08-06 01:00:00,7736.3,7737.8,7732.1,7734.7,1463,4,0
2026-08-06 03:15:00,2026-08-06 01:15:00,7734.7,7737.1,7731.3,7732.6,1201,4,0
2026-08-06 03:30:00,2026-08-06 01:30:00,7732.6,7736.3,7732.3,7734.6,1121,4,0
2026-08-06 03:45:00,2026-08-06 01:45:00,7734.6,7735.8,7731.3,7731.6,946,4,0
2026-08-06 04:00:00,2026-08-06 02:00:00,7731.6,7732.1,7727.3,7729.6,866,4,0
2026-08-06 04:15:00,2026-08-06 02:15:00,7729.6,7729.6,7722.5,7724.3,702,4,0
2026-08-06 04:30:00,2026-08-06 02:30:00,7724.3,7728.8,7723.8,7725.2,1006,4,0
2026-08-06 04:45:00,2026-08-06 02:45:00,7725.1,7730.8,7724.8,7729.5,899,4,0
2026-08-06 05:00:00,2026-08-06 03:00:00,7729.5,7738.1,7729.2,7735.3,839,4,0
2026-08-06 05:15:00,2026-08-06 03:15:00,7735.4,7738.1,7734.1,7734.8,840,4,0
2026-08-06 05:30:00,2026-08-06 03:30:00,7734.8,7741.6,7733.1,7741.6,618,4,0
2026-08-06 05:45:00,2026-08-06 03:45:00,7741.6,7742.3,7738.3,7739.3,603,4,0
2026-08-06 06:00:00,2026-08-06 04:00:00,7739.3,7741.6,7738.6,7739.6,545,4,0
2026-08-06 06:15:00,2026-08-06 04:15:00,7739.6,7740.3,7734.3,7735.1,506,4,0
2026-08-06 06:30:00,2026-08-06 04:30:00,7735.1,7737.3,7733.7,7736.1,888,4,0
2026-08-06 06:45:00,2026-08-06 04:45:00,7736.1,7738.2,7733.8,7737.8,750,4,0
2026-08-06 07:00:00,2026-08-06 05:00:00,7737.8,7738.2,7734.1,7735.6,758,4,0
2026-08-06 07:15:00,2026-08-06 05:15:00,7735.6,7739.6,7735.5,7738.3,630,4,0
2026-08-06 07:30:00,2026-08-06 05:30:00,7738.3,7739.8,7734.3,7735.3,640,4,0
2026-08-06 07:45:00,2026-08-06 05:45:00,7735.3,7737.6,7734.3,7737.4,684,4,0
2026-08-06 08:00:00,2026-08-06 06:00:00,7737.3,7740.1,7735.8,7738.1,873,4,0
2026-08-06 08:15:00,2026-08-06 06:15:00,7738.1,7739.7,7735.8,7738.1,927,4,0
2026-08-06 08:30:00,2026-08-06 06:30:00,7738.1,7738.6,7735.6,7738.6,840,4,0
2026-08-06 08:45:00,2026-08-06 06:45:00,7738.6,7739.6,7735.1,7739.5,712,4,0
2026-08-06 09:00:00,2026-08-06 07:00:00,7739.3,7739.7,7730.0,7730.8,813,4,0
2026-08-06 09:15:00,2026-08-06 07:15:00,7730.8,7735.8,7728.6,7735.8,817,4,0
2026-08-06 09:30:00,2026-08-06 07:30:00,7735.8,7736.1,7729.8,7731.8,825,4,0
2026-08-06 09:45:00,2026-08-06 07:45:00,7731.8,7734.8,7729.8,7734.1,690,4,0
2026-08-06 10:00:00,2026-08-06 08:00:00,7734.2,7738.8,7732.3,7737.9,1035,4,0
2026-08-06 10:15:00,2026-08-06 08:15:00,7737.9,7738.7,7734.1,7734.6,716,4,0
2026-08-06 10:30:00,2026-08-06 08:30:00,7734.6,7734.8,7729.3,7730.6,612,4,0
2026-08-06 10:45:00,2026-08-06 08:45:00,7730.6,7733.6,7729.6,7732.8,638,4,0
2026-08-06 11:00:00,2026-08-06 09:00:00,7732.8,7733.3,7724.8,7727.8,1141,4,0
2026-08-06 11:15:00,2026-08-06 09:15:00,7727.8,7735.1,7726.1,7734.8,1060,4,0
2026-08-06 11:30:00,2026-08-06 09:30:00,7734.8,7738.1,7734.6,7735.8,753,4,0
2026-08-06 11:45:00,2026-08-06 09:45:00,7735.8,7739.8,7734.3,7739.3,573,4,0
2026-08-06 12:00:00,2026-08-06 10:00:00,7739.3,7739.3,7729.7,7730.8,776,4,0
2026-08-06 12:15:00,2026-08-06 10:15:00,7730.8,7736.1,7730.7,7734.8,613,4,0
2026-08-06 12:30:00,2026-08-06 10:30:00,7734.8,7736.6,7733.1,7735.3,621,4,0
2026-08-06 12:45:00,2026-08-06 10:45:00,7735.3,7741.8,7735.3,7741.6,473,4,0
2026-08-06 13:00:00,2026-08-06 11:00:00,7741.6,7741.6,7737.3,7737.9,505,4,0
2026-08-06 13:15:00,2026-08-06 11:15:00,7737.9,7740.6,7736.6,7739.7,457,4,0
2026-08-06 13:30:00,2026-08-06 11:30:00,7739.8,7739.8,7733.8,7734.4,518,4,0
2026-08-06 13:45:00,2026-08-06 11:45:00,7734.3,7736.3,7733.3,7736.3,644,4,0
2026-08-06 14:00:00,2026-08-06 12:00:00,7736.3,7736.3,7724.9,7730.6,1301,4,0
2026-08-06 14:15:00,2026-08-06 12:15:00,7730.6,7737.1,7730.3,7736.6,659,4,0
2026-08-06 14:30:00,2026-08-06 12:30:00,7736.6,7740.1,7736.1,7736.6,651,4,0
2026-08-06 14:45:00,2026-08-06 12:45:00,7736.6,7738.6,7729.1,7734.3,1016,4,0
2026-08-06 15:00:00,2026-08-06 13:00:00,7734.3,7735.1,7728.0,7728.6,1007,4,0
2026-08-06 15:15:00,2026-08-06 13:15:00,7728.6,7734.6,7726.3,7731.6,775,4,0
2026-08-06 15:30:00,2026-08-06 13:30:00,7731.5,7735.8,7729.2,7732.8,1015,4,0
2026-08-06 15:45:00,2026-08-06 13:45:00,7732.8,7734.1,7726.8,7728.8,670,4,0
2026-08-06 16:00:00,2026-08-06 14:00:00,7728.6,7729.3,7722.1,7723.6,675,4,0
2026-08-06 16:15:00,2026-08-06 14:15:00,7723.6,7728.6,7722.6,7726.1,782,4,0
2026-08-06 16:30:00,2026-08-06 14:30:00,7726.3,7733.3,7714.8,7729.8,2383,4,0
2026-08-06 16:45:00,2026-08-06 14:45:00,7729.6,7740.0,7729.6,7733.6,2070,4,0
2026-08-06 17:00:00,2026-08-06 15:00:00,7733.6,7742.1,7730.8,7740.1,1760,4,0
2026-08-06 17:15:00,2026-08-06 15:15:00,7740.1,7742.8,7725.3,7728.8,1538,4,0
2026-08-06 17:30:00,2026-08-06 15:30:00,7729.1,7734.1,7721.1,7726.1,1801,4,0
2026-08-06 17:45:00,2026-08-06 15:45:00,7726.1,7735.1,7720.1,7734.3,1567,4,0
2026-08-06 18:00:00,2026-08-06 16:00:00,7734.3,7736.6,7723.6,7724.1,1459,4,0
2026-08-06 18:15:00,2026-08-06 16:15:00,7723.8,7725.6,7710.6,7716.7,1694,4,0
2026-08-06 18:30:00,2026-08-06 16:30:00,7716.8,7718.6,7707.3,7707.6,1440,4,0
2026-08-06 18:45:00,2026-08-06 16:45:00,7707.3,7721.8,7703.8,7705.3,1579,4,0
2026-08-06 19:00:00,2026-08-06 17:00:00,7705.6,7709.3,7701.8,7703.8,1568,4,0
2026-08-06 19:15:00,2026-08-06 17:15:00,7704.1,7709.1,7699.0,7706.6,1459,4,0
2026-08-06 19:30:00,2026-08-06 17:30:00,7706.6,7713.1,7704.8,7704.8,1314,4,0
2026-08-06 19:45:00,2026-08-06 17:45:00,7704.8,7714.3,7703.3,7713.8,1069,4,0
2026-08-06 20:00:00,2026-08-06 18:00:00,7713.8,7715.8,7705.1,7705.6,1157,4,0
2026-08-06 20:15:00,2026-08-06 18:15:00,7705.3,7708.8,7702.1,7702.3,1030,4,0
2026-08-06 20:30:00,2026-08-06 18:30:00,7702.3,7706.8,7701.3,7705.4,945,4,0
2026-08-06 20:45:00,2026-08-06 18:45:00,7705.3,7710.6,7703.8,7710.6,749,4,0
2026-08-06 21:00:00,2026-08-06 19:00:00,7710.6,7716.6,7709.1,7716.1,769,4,0
2026-08-06 21:15:00,2026-08-06 19:15:00,7715.8,7721.6,7710.3,7718.3,790,4,0
2026-08-06 21:30:00,2026-08-06 19:30:00,7718.3,7718.8,7709.1,7711.8,674,4,0
2026-08-06 21:45:00,2026-08-06 19:45:00,7711.8,7715.6,7711.3,7714.1,531,4,0
2026-08-06 22:00:00,2026-08-06 20:00:00,7714.1,7722.3,7713.8,7717.8,593,4,0
2026-08-06 22:15:00,2026-08-06 20:15:00,7717.8,7719.1,7709.8,7711.1,739,4,0
2026-08-06 22:30:00,2026-08-06 20:30:00,7711.1,7714.3,7705.1,7707.1,824,4,0
2026-08-06 22:45:00,2026-08-06 20:45:00,7707.3,7713.6,7701.6,7710.1,1330,4,0
2026-08-06 23:00:00,2026-08-06 21:00:00,7710.1,7715.6,7710.1,7712.3,631,4,0
2026-08-06 23:15:00,2026-08-06 21:15:00,7712.3,7713.6,7703.3,7704.6,535,4,0
2026-08-06 23:30:00,2026-08-06 21:30:00,7704.6,7706.3,7703.1,7704.8,254,4,0
2026-08-06 23:45:00,2026-08-06 21:45:00,7704.8,7706.8,7704.3,7706.6,233,4,0
2026-08-07 01:00:00,2026-08-06 23:00:00,7707.8,7715.0,7704.6,7714.4,655,5,0
2026-08-07 01:15:00,2026-08-06 23:15:00,7714.2,7715.8,7711.0,7711.5,535,5,0
2026-08-07 01:30:00,2026-08-06 23:30:00,7711.5,7711.6,7708.0,7710.8,546,5,0
2026-08-07 01:45:00,2026-08-06 23:45:00,7710.9,7713.4,7710.5,7712.9,326,5,0
2026-08-07 02:00:00,2026-08-07 00:00:00,7712.8,7713.6,7711.5,7711.7,367,5,0
2026-08-07 02:15:00,2026-08-07 00:15:00,7712.0,7715.5,7711.9,7713.0,458,5,0
2026-08-07 02:30:00,2026-08-07 00:30:00,7713.0,7714.9,7712.2,7714.6,444,5,0
2026-08-07 02:45:00,2026-08-07 00:45:00,7714.6,7715.9,7713.3,7714.8,950,5,0
2026-08-07 03:00:00,2026-08-07 01:00:00,7714.9,7717.5,7711.3,7713.1,1706,5,0
2026-08-07 03:15:00,2026-08-07 01:15:00,7713.1,7713.3,7704.1,7705.2,1948,5,0
2026-08-07 03:30:00,2026-08-07 01:30:00,7705.3,7714.3,7704.7,7709.5,1823,5,0
2026-08-07 03:45:00,2026-08-07 01:45:00,7709.5,7712.0,7705.3,7710.7,1661,5,0
2026-08-07 04:00:00,2026-08-07 02:00:00,7710.6,7712.8,7705.7,7706.7,1708,5,0
2026-08-07 04:15:00,2026-08-07 02:15:00,7706.7,7709.2,7702.5,7708.5,1598,5,0
2026-08-07 04:30:00,2026-08-07 02:30:00,7708.5,7714.2,7704.5,7707.6,2051,5,0
2026-08-07 04:45:00,2026-08-07 02:45:00,7707.5,7709.6,7704.8,7707.7,1710,5,0
2026-08-07 05:00:00,2026-08-07 03:00:00,7707.7,7710.0,7704.1,7707.5,1582,5,0
2026-08-07 05:15:00,2026-08-07 03:15:00,7707.6,7709.3,7706.4,7707.5,1154,5,0
2026-08-07 05:30:00,2026-08-07 03:30:00,7707.5,7707.9,7701.8,7704.5,1139,5,0
2026-08-07 05:45:00,2026-08-07 03:45:00,7704.5,7708.3,7704.0,7707.1,781,5,0
2026-08-07 06:00:00,2026-08-07 04:00:00,7707.1,7709.0,7706.8,7707.0,733,5,0
2026-08-07 06:15:00,2026-08-07 04:15:00,7707.0,7707.6,7703.4,7705.6,928,5,0
2026-08-07 06:30:00,2026-08-07 04:30:00,7705.6,7707.3,7704.4,7705.3,1048,5,0
2026-08-07 06:45:00,2026-08-07 04:45:00,7705.3,7705.9,7703.6,7704.1,699,5,0
2026-08-07 07:00:00,2026-08-07 05:00:00,7704.1,7705.6,7702.6,7703.2,884,5,0
2026-08-07 07:15:00,2026-08-07 05:15:00,7703.2,7707.4,7700.3,7705.5,952,5,0
2026-08-07 07:30:00,2026-08-07 05:30:00,7705.6,7708.3,7704.3,7704.5,977,5,0
2026-08-07 07:45:00,2026-08-07 05:45:00,7704.5,7707.2,7703.9,7706.5,708,5,0
2026-08-07 08:00:00,2026-08-07 06:00:00,7706.6,7711.6,7706.1,7708.6,990,5,0
2026-08-07 08:15:00,2026-08-07 06:15:00,7708.7,7710.5,7708.6,7709.5,813,5,0
2026-08-07 08:30:00,2026-08-07 06:30:00,7709.5,7709.8,7706.4,7707.9,706,5,0
2026-08-07 08:45:00,2026-08-07 06:45:00,7707.9,7708.7,7706.6,7706.6,653,5,0
2026-08-07 09:00:00,2026-08-07 07:00:00,7706.6,7713.0,7706.6,7712.7,727,5,0
2026-08-07 09:15:00,2026-08-07 07:15:00,7712.7,7714.9,7711.2,7714.6,647,5,0
2026-08-07 09:30:00,2026-08-07 07:30:00,7714.2,7714.7,7709.1,7709.6,743,5,0
2026-08-07 09:45:00,2026-08-07 07:45:00,7709.6,7713.5,7709.2,7712.9,529,5,0
2026-08-07 10:00:00,2026-08-07 08:00:00,7712.9,7717.3,7710.8,7717.3,1132,5,0
2026-08-07 10:15:00,2026-08-07 08:15:00,7717.3,7717.3,7714.6,7716.5,745,5,0
2026-08-07 10:30:00,2026-08-07 08:30:00,7716.5,7717.6,7714.6,7715.7,696,5,0
2026-08-07 10:45:00,2026-08-07 08:45:00,7715.7,7716.3,7713.1,7715.3,608,5,0
2026-08-07 11:00:00,2026-08-07 09:00:00,7715.4,7721.6,7715.1,7721.1,898,5,0
2026-08-07 11:15:00,2026-08-07 09:15:00,7721.0,7721.4,7716.8,7718.8,766,5,0
2026-08-07 11:30:00,2026-08-07 09:30:00,7718.9,7722.2,7716.9,7718.8,749,5,0
2026-08-07 11:45:00,2026-08-07 09:45:00,7718.8,7721.3,7718.1,7720.3,707,5,0
2026-08-07 12:00:00,2026-08-07 10:00:00,7720.3,7722.8,7719.6,7722.1,692,5,0
2026-08-07 12:15:00,2026-08-07 10:15:00,7722.1,7723.6,7720.1,7721.8,602,5,0
2026-08-07 12:30:00,2026-08-07 10:30:00,7721.8,7723.6,7721.1,7722.1,542,5,0
2026-08-07 12:45:00,2026-08-07 10:45:00,7722.2,7723.2,7720.3,7720.8,664,5,0
2026-08-07 13:00:00,2026-08-07 11:00:00,7720.8,7722.2,7720.1,7720.1,584,5,0
2026-08-07 13:15:00,2026-08-07 11:15:00,7720.1,7722.1,7718.9,7721.8,434,5,0
2026-08-07 13:30:00,2026-08-07 11:30:00,7721.9,7723.9,7721.1,7723.8,394,5,0
2026-08-07 13:45:00,2026-08-07 11:45:00,7723.8,7724.2,7719.8,7721.5,379,5,0
2026-08-07 14:00:00,2026-08-07 12:00:00,7721.3,7726.6,7721.3,7724.8,713,5,0
2026-08-07 14:15:00,2026-08-07 12:15:00,7724.8,7729.7,7724.8,7728.3,547,5,0
2026-08-07 14:30:00,2026-08-07 12:30:00,7728.4,7731.6,7728.1,7730.8,480,5,0
2026-08-07 14:45:00,2026-08-07 12:45:00,7730.8,7730.8,7723.3,7723.6,592,5,0
2026-08-07 15:00:00,2026-08-07 13:00:00,7723.6,7730.7,7722.2,7727.8,868,5,0
2026-08-07 15:15:00,2026-08-07 13:15:00,7728.0,7733.7,7726.7,7731.5,976,5,0
2026-08-07 15:30:00,2026-08-07 13:30:00,7731.5,7751.2,7729.9,7747.3,2481,5,0
2026-08-07 15:45:00,2026-08-07 13:45:00,7747.3,7753.7,7747.3,7749.8,1516,5,0
2026-08-07 16:00:00,2026-08-07 14:00:00,7749.7,7750.9,7735.1,7736.3,1438,5,0
2026-08-07 16:15:00,2026-08-07 14:15:00,7736.3,7737.3,7728.6,7731.3,1428,5,0
2026-08-07 16:30:00,2026-08-07 14:30:00,7731.4,7743.3,7728.4,7742.2,3155,5,0
2026-08-07 16:45:00,2026-08-07 14:45:00,7742.1,7745.5,7726.8,7732.8,2953,5,0
2026-08-07 17:00:00,2026-08-07 15:00:00,7732.8,7738.2,7718.6,7720.8,3118,5,0
2026-08-07 17:15:00,2026-08-07 15:15:00,7720.8,7755.3,7719.2,7754.4,2812,5,0
2026-08-07 17:30:00,2026-08-07 15:30:00,7754.3,7756.0,7739.6,7742.1,2835,5,0
2026-08-07 17:45:00,2026-08-07 15:45:00,7742.1,7752.5,7741.4,7751.3,2645,5,0
2026-08-07 18:00:00,2026-08-07 16:00:00,7751.3,7756.5,7746.6,7753.6,1955,5,0
2026-08-07 18:15:00,2026-08-07 16:15:00,7753.6,7761.6,7750.3,7759.1,1722,5,0
2026-08-07 18:30:00,2026-08-07 16:30:00,7759.3,7761.7,7751.6,7754.3,1707,5,0
2026-08-07 18:45:00,2026-08-07 16:45:00,7754.3,7759.0,7750.8,7752.8,1532,5,0
2026-08-07 19:00:00,2026-08-07 17:00:00,7752.8,7756.3,7749.9,7752.6,1479,5,0
2026-08-07 19:15:00,2026-08-07 17:15:00,7752.6,7755.8,7735.7,7739.6,1975,5,0
2026-08-07 19:30:00,2026-08-07 17:30:00,7739.6,7748.7,7732.8,7748.3,1955,5,0
2026-08-07 19:45:00,2026-08-07 17:45:00,7748.3,7751.1,7741.7,7741.7,1569,5,0
2026-08-07 20:00:00,2026-08-07 18:00:00,7741.9,7746.1,7740.1,7742.8,1467,5,0
2026-08-07 20:15:00,2026-08-07 18:15:00,7742.8,7746.5,7740.1,7743.3,1239,5,0
2026-08-07 20:30:00,2026-08-07 18:30:00,7743.3,7746.3,7739.6,7743.8,1134,5,0
2026-08-07 20:45:00,2026-08-07 18:45:00,7744.0,7747.1,7742.1,7743.8,1042,5,0
2026-08-07 21:00:00,2026-08-07 19:00:00,7743.8,7745.2,7736.8,7738.1,1044,5,0
2026-08-07 21:15:00,2026-08-07 19:15:00,7738.1,7740.3,7736.8,7737.1,1185,5,0
2026-08-07 21:30:00,2026-08-07 19:30:00,7737.1,7738.8,7731.1,7732.0,1004,5,0
2026-08-07 21:45:00,2026-08-07 19:45:00,7732.1,7739.4,7731.3,7739.4,1037,5,0
2026-08-07 22:00:00,2026-08-07 20:00:00,7739.3,7753.1,7739.0,7751.6,1306,5,0
2026-08-07 22:15:00,2026-08-07 20:15:00,7751.6,7757.1,7750.6,7753.2,1235,5,0
2026-08-07 22:30:00,2026-08-07 20:30:00,7753.2,7753.8,7747.8,7748.3,1217,5,0
2026-08-07 22:45:00,2026-08-07 20:45:00,7748.3,7760.3,7748.1,7753.3,1700,5,0
2026-08-07 23:00:00,2026-08-07 21:00:00,7753.8,7755.8,7749.1,7750.3,756,5,0
2026-08-07 23:15:00,2026-08-07 21:15:00,7750.3,7751.8,7748.1,7748.3,308,5,0
2026-08-07 23:30:00,2026-08-07 21:30:00,7748.2,7752.1,7748.1,7750.9,238,5,0
2026-08-07 23:45:00,2026-08-07 21:45:00,7751.1,7751.6,7750.1,7751.3,172,5,0
2026-08-10 01:00:00,2026-08-09 23:00:00,7752.4,7754.7,7744.2,7745.2,1259,5,0
2026-08-10 01:15:00,2026-08-09 23:15:00,7745.3,7747.2,7740.7,7746.3,847,5,0
2026-08-10 01:30:00,2026-08-09 23:30:00,7746.3,7747.5,7743.6,7745.6,726,5,0
2026-08-10 01:45:00,2026-08-09 23:45:00,7745.6,7746.4,7744.6,7745.8,386,5,0
2026-08-10 02:00:00,2026-08-10 00:00:00,7745.8,7749.3,7744.5,7748.8,484,5,0
2026-08-10 02:15:00,2026-08-10 00:15:00,7748.8,7750.2,7748.1,7748.6,396,5,0
2026-08-10 02:30:00,2026-08-10 00:30:00,7748.6,7748.9,7744.8,7748.3,540,5,0
2026-08-10 02:45:00,2026-08-10 00:45:00,7748.4,7749.3,7743.8,7743.8,834,5,0
2026-08-10 03:00:00,2026-08-10 01:00:00,7743.8,7754.8,7742.7,7753.5,1528,5,0
2026-08-10 03:15:00,2026-08-10 01:15:00,7753.4,7753.5,7747.5,7747.9,1279,5,0
2026-08-10 03:30:00,2026-08-10 01:30:00,7747.9,7750.1,7745.9,7746.9,1379,5,0
2026-08-10 03:45:00,2026-08-10 01:45:00,7746.8,7749.8,7745.8,7747.6,1258,5,0
2026-08-10 04:00:00,2026-08-10 02:00:00,7747.6,7754.1,7746.6,7753.9,1297,5,0
2026-08-10 04:15:00,2026-08-10 02:15:00,7753.8,7757.5,7753.6,7756.3,1042,5,0
2026-08-10 04:30:00,2026-08-10 02:30:00,7756.2,7757.1,7753.1,7756.9,1278,5,0
2026-08-10 04:45:00,2026-08-10 02:45:00,7756.9,7758.5,7756.3,7757.5,773,5,0
2026-08-10 05:00:00,2026-08-10 03:00:00,7757.5,7758.6,7756.5,7756.6,759,5,0
2026-08-10 05:15:00,2026-08-10 03:15:00,7756.6,7756.9,7754.6,7756.7,619,5,0
2026-08-10 05:30:00,2026-08-10 03:30:00,7756.7,7759.8,7755.6,7759.8,536,5,0
2026-08-10 05:45:00,2026-08-10 03:45:00,7759.7,7760.0,7758.7,7759.1,390,5,0
2026-08-10 06:00:00,2026-08-10 04:00:00,7758.9,7760.0,7757.7,7758.1,426,5,0
2026-08-10 06:15:00,2026-08-10 04:15:00,7758.1,7760.2,7757.7,7759.7,490,5,0
2026-08-10 06:30:00,2026-08-10 04:30:00,7759.6,7762.8,7759.1,7762.8,652,5,0
2026-08-10 06:45:00,2026-08-10 04:45:00,7762.8,7763.2,7759.7,7760.7,352,5,0
2026-08-10 07:00:00,2026-08-10 05:00:00,7760.6,7763.2,7759.1,7762.9,583,5,0
2026-08-10 07:15:00,2026-08-10 05:15:00,7763.0,7764.9,7762.8,7764.3,400,5,0
2026-08-10 07:30:00,2026-08-10 05:30:00,7764.3,7764.3,7760.5,7763.1,595,5,0
2026-08-10 07:45:00,2026-08-10 05:45:00,7763.2,7765.8,7762.8,7764.2,493,5,0
2026-08-10 08:00:00,2026-08-10 06:00:00,7764.3,7767.7,7764.2,7767.4,619,5,0
2026-08-10 08:15:00,2026-08-10 06:15:00,7767.4,7767.6,7765.8,7766.1,401,5,0
2026-08-10 08:30:00,2026-08-10 06:30:00,7765.8,7767.2,7765.4,7766.1,477,5,0
2026-08-10 08:45:00,2026-08-10 06:45:00,7766.1,7768.3,7765.7,7767.7,385,5,0
2026-08-10 09:00:00,2026-08-10 07:00:00,7767.7,7769.9,7767.1,7768.5,469,5,0
2026-08-10 09:15:00,2026-08-10 07:15:00,7768.6,7769.2,7761.7,7762.3,516,5,0
2026-08-10 09:30:00,2026-08-10 07:30:00,7762.3,7764.1,7761.1,7762.7,633,5,0
2026-08-10 09:45:00,2026-08-10 07:45:00,7762.7,7765.1,7762.5,7764.1,398,5,0
2026-08-10 10:00:00,2026-08-10 08:00:00,7764.1,7765.8,7760.6,7762.3,861,5,0
2026-08-10 10:15:00,2026-08-10 08:15:00,7762.5,7769.4,7762.2,7769.3,602,5,0
2026-08-10 10:30:00,2026-08-10 08:30:00,7769.3,7771.1,7768.1,7770.8,441,5,0
2026-08-10 10:45:00,2026-08-10 08:45:00,7770.8,7773.2,7766.6,7769.1,676,5,0
2026-08-10 11:00:00,2026-08-10 09:00:00,7769.2,7770.7,7766.6,7768.1,802,5,0
2026-08-10 11:15:00,2026-08-10 09:15:00,7768.1,7769.7,7766.1,7767.8,729,5,0
2026-08-10 11:30:00,2026-08-10 09:30:00,7767.8,7770.1,7767.0,7768.3,516,5,0
2026-08-10 11:45:00,2026-08-10 09:45:00,7768.3,7769.1,7766.5,7768.8,502,5,0
2026-08-10 12:00:00,2026-08-10 10:00:00,7768.8,7769.3,7767.6,7768.9,434,5,0
2026-08-10 12:15:00,2026-08-10 10:15:00,7768.8,7770.1,7767.3,7769.3,469,5,0
2026-08-10 12:30:00,2026-08-10 10:30:00,7769.2,7770.3,7765.5,7766.6,418,5,0
2026-08-10 12:45:00,2026-08-10 10:45:00,7766.7,7767.0,7765.7,7766.1,376,5,0
2026-08-10 13:00:00,2026-08-10 11:00:00,7766.1,7767.8,7763.5,7763.9,475,5,0
2026-08-10 13:15:00,2026-08-10 11:15:00,7763.9,7767.9,7763.7,7767.2,395,5,0
2026-08-10 13:30:00,2026-08-10 11:30:00,7767.2,7767.3,7761.5,7762.9,587,5,0
2026-08-10 13:45:00,2026-08-10 11:45:00,7762.9,7764.9,7760.8,7762.3,411,5,0
2026-08-10 14:00:00,2026-08-10 12:00:00,7762.3,7763.3,7755.2,7757.3,870,5,0
2026-08-10 14:15:00,2026-08-10 12:15:00,7757.3,7762.8,7757.1,7762.6,731,5,0
2026-08-10 14:30:00,2026-08-10 12:30:00,7762.6,7764.2,7760.8,7760.8,740,5,0
2026-08-10 14:45:00,2026-08-10 12:45:00,7760.8,7762.1,7757.9,7759.3,750,5,0
2026-08-10 15:00:00,2026-08-10 13:00:00,7759.3,7762.6,7757.9,7758.3,784,5,0
2026-08-10 15:15:00,2026-08-10 13:15:00,7758.3,7758.6,7753.5,7755.8,753,5,0
2026-08-10 15:30:00,2026-08-10 13:30:00,7755.8,7756.2,7749.8,7751.3,948,5,0
2026-08-10 15:45:00,2026-08-10 13:45:00,7751.3,7752.7,7748.6,7750.6,711,5,0
2026-08-10 16:00:00,2026-08-10 14:00:00,7750.6,7754.2,7749.7,7753.3,791,5,0
2026-08-10 16:15:00,2026-08-10 14:15:00,7753.3,7754.7,7746.8,7749.6,979,5,0
2026-08-10 16:30:00,2026-08-10 14:30:00,7750.0,7760.2,7748.4,7749.9,2699,5,0
2026-08-10 16:45:00,2026-08-10 14:45:00,7749.9,7758.7,7748.3,7757.8,2409,5,0
2026-08-10 17:00:00,2026-08-10 15:00:00,7757.7,7766.3,7757.4,7765.8,1508,5,0
2026-08-10 17:15:00,2026-08-10 15:15:00,7765.8,7768.0,7761.4,7767.0,1480,5,0
2026-08-10 17:30:00,2026-08-10 15:30:00,7767.1,7770.4,7765.4,7769.3,1411,5,0
2026-08-10 17:45:00,2026-08-10 15:45:00,7769.3,7773.9,7758.3,7758.5,1642,5,0
2026-08-10 18:00:00,2026-08-10 16:00:00,7758.5,7763.8,7756.5,7761.6,1710,5,0
2026-08-10 18:15:00,2026-08-10 16:15:00,7761.7,7765.5,7757.7,7761.0,1461,5,0
2026-08-10 18:30:00,2026-08-10 16:30:00,7760.7,7762.2,7755.0,7761.3,1420,5,0
2026-08-10 18:45:00,2026-08-10 16:45:00,7761.5,7767.6,7758.3,7766.9,1109,5,0
2026-08-10 19:00:00,2026-08-10 17:00:00,7767.1,7768.1,7761.3,7761.3,1042,5,0
2026-08-10 19:15:00,2026-08-10 17:15:00,7761.3,7762.6,7757.2,7757.4,1099,5,0
2026-08-10 19:30:00,2026-08-10 17:30:00,7757.4,7758.2,7742.4,7745.0,1777,5,0
2026-08-10 19:45:00,2026-08-10 17:45:00,7744.9,7753.2,7742.8,7753.0,1252,5,0
2026-08-10 20:00:00,2026-08-10 18:00:00,7753.0,7755.9,7748.7,7754.6,974,5,0
2026-08-10 20:15:00,2026-08-10 18:15:00,7754.6,7756.6,7752.0,7754.6,737,5,0
2026-08-10 20:30:00,2026-08-10 18:30:00,7754.6,7756.2,7749.5,7749.8,841,5,0
2026-08-10 20:45:00,2026-08-10 18:45:00,7749.9,7751.7,7748.3,7750.8,786,5,0
2026-08-10 21:00:00,2026-08-10 19:00:00,7750.8,7754.1,7749.8,7750.3,731,5,0
2026-08-10 21:15:00,2026-08-10 19:15:00,7750.3,7751.0,7748.3,7748.6,565,5,0
2026-08-10 21:30:00,2026-08-10 19:30:00,7748.7,7752.6,7746.6,7752.3,703,5,0
2026-08-10 21:45:00,2026-08-10 19:45:00,7752.3,7756.6,7751.0,7755.6,539,5,0
2026-08-10 22:00:00,2026-08-10 20:00:00,7755.7,7757.7,7754.3,7756.6,703,5,0
2026-08-10 22:15:00,2026-08-10 20:15:00,7756.6,7758.3,7752.3,7752.8,572,5,0
2026-08-10 22:30:00,2026-08-10 20:30:00,7752.8,7756.4,7750.8,7754.6,814,5,0
2026-08-10 22:45:00,2026-08-10 20:45:00,7754.3,7755.7,7747.2,7755.0,1170,5,0
2026-08-10 23:00:00,2026-08-10 21:00:00,7754.7,7754.9,7752.0,7752.3,566,5,0
2026-08-10 23:15:00,2026-08-10 21:15:00,7752.2,7753.6,7750.1,7753.1,377,5,0
2026-08-10 23:30:00,2026-08-10 21:30:00,7753.1,7753.4,7751.8,7753.4,224,5,0
2026-08-10 23:45:00,2026-08-10 21:45:00,7753.4,7755.4,7753.3,7754.3,219,5,0
2026-08-11 01:00:00,2026-08-10 23:00:00,7758.0,7758.7,7754.4,7755.3,555,5,0
2026-08-11 01:15:00,2026-08-10 23:15:00,7755.4,7755.7,7751.1,7752.2,404,5,0
2026-08-11 01:30:00,2026-08-10 23:30:00,7752.2,7752.2,7749.1,7750.0,286,5,0
2026-08-11 01:45:00,2026-08-10 23:45:00,7749.9,7751.6,7749.6,7751.0,174,5,0
2026-08-11 02:00:00,2026-08-11 00:00:00,7751.2,7751.5,7749.5,7750.3,210,5,0
2026-08-11 02:15:00,2026-08-11 00:15:00,7750.3,7750.4,7746.8,7747.6,275,5,0
2026-08-11 02:30:00,2026-08-11 00:30:00,7747.6,7749.6,7746.5,7749.5,235,5,0
2026-08-11 02:45:00,2026-08-11 00:45:00,7749.4,7750.6,7744.3,7748.5,770,5,0
2026-08-11 03:00:00,2026-08-11 01:00:00,7748.4,7754.4,7745.5,7753.9,1457,5,0
2026-08-11 03:15:00,2026-08-11 01:15:00,7753.9,7755.8,7751.0,7755.5,1114,5,0
2026-08-11 03:30:00,2026-08-11 01:30:00,7755.5,7757.6,7754.4,7757.1,886,5,0
2026-08-11 03:45:00,2026-08-11 01:45:00,7757.3,7758.9,7756.8,7757.4,696,5,0
2026-08-11 04:00:00,2026-08-11 02:00:00,7757.4,7762.8,7755.9,7762.5,1060,5,0
2026-08-11 04:15:00,2026-08-11 02:15:00,7762.5,7764.0,7760.2,7762.5,825,5,0
2026-08-11 04:30:00,2026-08-11 02:30:00,7762.5,7763.3,7761.1,7761.8,1001,5,0
2026-08-11 04:45:00,2026-08-11 02:45:00,7761.8,7764.1,7760.8,7760.8,716,5,0
2026-08-11 05:00:00,2026-08-11 03:00:00,7760.8,7761.8,7760.2,7761.4,588,5,0
2026-08-11 05:15:00,2026-08-11 03:15:00,7761.5,7762.7,7760.6,7762.4,534,5,0
2026-08-11 05:30:00,2026-08-11 03:30:00,7762.4,7764.1,7762.3,7764.1,476,5,0
2026-08-11 05:45:00,2026-08-11 03:45:00,7764.0,7764.4,7761.7,7762.1,429,5,0
2026-08-11 06:00:00,2026-08-11 04:00:00,7762.1,7764.1,7761.9,7763.5,420,5,0
2026-08-11 06:15:00,2026-08-11 04:15:00,7763.5,7766.8,7763.1,7766.3,411,5,0
2026-08-11 06:30:00,2026-08-11 04:30:00,7766.3,7766.7,7764.3,7765.1,367,5,0
2026-08-11 06:45:00,2026-08-11 04:45:00,7765.1,7765.6,7764.0,7764.5,377,5,0
2026-08-11 07:00:00,2026-08-11 05:00:00,7764.5,7766.0,7764.3,7765.4,444,5,0
2026-08-11 07:15:00,2026-08-11 05:15:00,7765.6,7765.9,7764.3,7765.7,295,5,0
2026-08-11 07:30:00,2026-08-11 05:30:00,7765.7,7767.2,7764.6,7765.0,450,5,0
2026-08-11 07:45:00,2026-08-11 05:45:00,7765.0,7765.9,7764.6,7764.8,273,5,0
2026-08-11 08:00:00,2026-08-11 06:00:00,7764.8,7766.3,7763.8,7766.2,344,5,0
2026-08-11 08:15:00,2026-08-11 06:15:00,7766.3,7766.5,7762.5,7762.6,356,5,0
2026-08-11 08:30:00,2026-08-11 06:30:00,7762.6,7764.0,7760.8,7763.0,593,5,0
2026-08-11 08:45:00,2026-08-11 06:45:00,7763.0,7763.4,7758.2,7758.2,625,5,0
2026-08-11 09:00:00,2026-08-11 07:00:00,7758.2,7762.2,7757.8,7761.1,685,5,0
2026-08-11 09:15:00,2026-08-11 07:15:00,7761.1,7761.6,7752.4,7753.0,705,5,0
2026-08-11 09:30:00,2026-08-11 07:30:00,7753.0,7756.3,7748.2,7754.8,904,5,0
2026-08-11 09:45:00,2026-08-11 07:45:00,7754.8,7755.3,7750.5,7752.3,766,5,0
2026-08-11 10:00:00,2026-08-11 08:00:00,7752.8,7754.7,7749.3,7751.8,1001,5,0
2026-08-11 10:15:00,2026-08-11 08:15:00,7751.5,7752.5,7748.5,7750.5,815,5,0
2026-08-11 10:30:00,2026-08-11 08:30:00,7750.5,7755.2,7750.5,7753.5,690,5,0
2026-08-11 10:45:00,2026-08-11 08:45:00,7753.4,7754.4,7751.2,7753.7,681,5,0
2026-08-11 11:00:00,2026-08-11 09:00:00,7753.8,7758.2,7748.5,7748.9,1032,5,0
2026-08-11 11:15:00,2026-08-11 09:15:00,7748.9,7752.3,7747.6,7750.5,967,5,0
2026-08-11 11:30:00,2026-08-11 09:30:00,7750.4,7753.8,7748.7,7753.8,853,5,0
2026-08-11 11:45:00,2026-08-11 09:45:00,7753.8,7754.6,7751.7,7752.8,542,5,0
2026-08-11 12:00:00,2026-08-11 10:00:00,7752.8,7753.9,7749.0,7751.8,847,5,0
2026-08-11 12:15:00,2026-08-11 10:15:00,7751.5,7755.8,7751.4,7754.3,737,5,0
2026-08-11 12:30:00,2026-08-11 10:30:00,7754.3,7758.1,7754.2,7755.8,607,5,0
2026-08-11 12:45:00,2026-08-11 10:45:00,7755.8,7757.4,7755.0,7755.4,441,5,0
2026-08-11 13:00:00,2026-08-11 11:00:00,7755.5,7756.2,7753.5,7753.5,547,5,0
2026-08-11 13:15:00,2026-08-11 11:15:00,7753.5,7765.2,7753.0,7763.6,889,5,0
2026-08-11 13:30:00,2026-08-11 11:30:00,7763.6,7763.9,7760.0,7762.3,641,5,0
2026-08-11 13:45:00,2026-08-11 11:45:00,7762.4,7763.8,7761.8,7762.8,442,5,0
2026-08-11 14:00:00,2026-08-11 12:00:00,7762.9,7773.6,7762.5,7771.3,1678,5,0
2026-08-11 14:15:00,2026-08-11 12:15:00,7771.3,7771.9,7764.7,7765.9,761,5,0
2026-08-11 14:30:00,2026-08-11 12:30:00,7766.0,7766.7,7763.4,7765.8,648,5,0
2026-08-11 14:45:00,2026-08-11 12:45:00,7765.9,7768.3,7764.6,7766.9,527,5,0
2026-08-11 15:00:00,2026-08-11 13:00:00,7766.9,7770.1,7765.7,7770.1,710,5,0
2026-08-11 15:15:00,2026-08-11 13:15:00,7770.1,7772.7,7762.8,7765.8,995,5,0
2026-08-11 15:30:00,2026-08-11 13:30:00,7765.5,7769.0,7763.9,7767.3,556,5,0
2026-08-11 15:45:00,2026-08-11 13:45:00,7767.3,7767.8,7764.5,7765.3,479,5,0
2026-08-11 16:00:00,2026-08-11 14:00:00,7765.3,7769.4,7764.5,7765.5,567,5,0
2026-08-11 16:15:00,2026-08-11 14:15:00,7765.5,7771.3,7764.1,7769.3,765,5,0
2026-08-11 16:30:00,2026-08-11 14:30:00,7769.3,7769.5,7752.6,7756.6,2305,5,0
2026-08-11 16:45:00,2026-08-11 14:45:00,7756.6,7759.7,7749.5,7759.5,2282,5,0
2026-08-11 17:00:00,2026-08-11 15:00:00,7759.5,7764.5,7758.1,7761.6,1836,5,0
2026-08-11 17:15:00,2026-08-11 15:15:00,7761.6,7763.0,7757.0,7762.4,1814,5,0
2026-08-11 17:30:00,2026-08-11 15:30:00,7762.4,7762.9,7755.6,7757.3,1666,5,0
2026-08-11 17:45:00,2026-08-11 15:45:00,7757.0,7764.0,7757.0,7759.7,1356,5,0
2026-08-11 18:00:00,2026-08-11 16:00:00,7759.7,7761.6,7748.7,7749.8,1519,5,0
2026-08-11 18:15:00,2026-08-11 16:15:00,7749.8,7751.6,7745.4,7747.4,1372,5,0
2026-08-11 18:30:00,2026-08-11 16:30:00,7747.4,7748.8,7741.0,7744.8,1420,5,0
2026-08-11 18:45:00,2026-08-11 16:45:00,7744.8,7745.5,7740.7,7743.0,1156,5,0
2026-08-11 19:00:00,2026-08-11 17:00:00,7743.2,7747.1,7742.6,7742.9,988,5,0
2026-08-11 19:15:00,2026-08-11 17:15:00,7742.9,7747.5,7736.7,7741.0,1061,5,0
2026-08-11 19:30:00,2026-08-11 17:30:00,7740.8,7743.0,7737.8,7739.0,838,5,0
2026-08-11 19:45:00,2026-08-11 17:45:00,7739.0,7739.1,7733.3,7734.3,936,5,0
2026-08-11 20:00:00,2026-08-11 18:00:00,7734.4,7735.6,7726.1,7726.4,986,5,0
2026-08-11 20:15:00,2026-08-11 18:15:00,7726.1,7733.1,7725.6,7731.3,960,5,0
2026-08-11 20:30:00,2026-08-11 18:30:00,7731.3,7736.0,7730.1,7735.5,808,5,0
2026-08-11 20:45:00,2026-08-11 18:45:00,7735.5,7736.6,7733.9,7735.3,694,5,0
2026-08-11 21:00:00,2026-08-11 19:00:00,7735.3,7735.3,7729.8,7731.5,884,5,0
2026-08-11 21:15:00,2026-08-11 19:15:00,7731.5,7732.5,7717.1,7718.1,1050,5,0
2026-08-11 21:30:00,2026-08-11 19:30:00,7718.1,7725.3,7718.1,7721.1,1003,5,0
2026-08-11 21:45:00,2026-08-11 19:45:00,7721.1,7727.9,7721.0,7723.9,830,5,0
2026-08-11 22:00:00,2026-08-11 20:00:00,7724.0,7726.8,7721.4,7725.5,819,5,0
2026-08-11 22:15:00,2026-08-11 20:15:00,7725.5,7729.9,7724.9,7729.3,798,5,0
2026-08-11 22:30:00,2026-08-11 20:30:00,7729.4,7734.3,7728.8,7730.3,887,5,0
2026-08-11 22:45:00,2026-08-11 20:45:00,7730.4,7730.6,7721.2,7727.3,1414,5,0
2026-08-11 23:00:00,2026-08-11 21:00:00,7727.5,7730.5,7724.6,7729.8,667,5,0
2026-08-11 23:15:00,2026-08-11 21:15:00,7729.8,7734.6,7729.2,7734.3,300,5,0
2026-08-11 23:30:00,2026-08-11 21:30:00,7734.4,7735.4,7733.4,7734.2,182,5,0
2026-08-11 23:45:00,2026-08-11 21:45:00,7734.2,7734.2,7730.2,7730.8,254,5,0
2026-08-12 01:00:00,2026-08-11 23:00:00,7732.9,7734.5,7729.9,7733.8,548,4,0
2026-08-12 01:15:00,2026-08-11 23:15:00,7733.8,7734.1,7732.5,7732.8,287,4,0
2026-08-12 01:30:00,2026-08-11 23:30:00,7732.8,7733.6,7730.0,7730.2,408,4,0
2026-08-12 01:45:00,2026-08-11 23:45:00,7730.0,7731.9,7728.9,7731.3,292,4,0
2026-08-12 02:00:00,2026-08-12 00:00:00,7731.2,7732.4,7730.1,7730.8,343,4,0
2026-08-12 02:15:00,2026-08-12 00:15:00,7730.7,7732.5,7730.6,7732.3,187,4,0
2026-08-12 02:30:00,2026-08-12 00:30:00,7732.3,7732.3,7730.3,7731.3,206,4,0
2026-08-12 02:45:00,2026-08-12 00:45:00,7731.3,7734.1,7730.4,7733.7,744,4,0
2026-08-12 03:00:00,2026-08-12 01:00:00,7733.7,7733.7,7727.3,7730.4,1594,4,0
2026-08-12 03:15:00,2026-08-12 01:15:00,7730.5,7733.0,7728.9,7730.9,1225,4,0
2026-08-12 03:30:00,2026-08-12 01:30:00,7730.9,7732.3,7729.7,7730.6,926,4,0
2026-08-12 03:45:00,2026-08-12 01:45:00,7730.6,7731.4,7729.1,7730.8,829,4,0
2026-08-12 04:00:00,2026-08-12 02:00:00,7730.8,7732.1,7729.7,7730.6,1089,4,0
2026-08-12 04:15:00,2026-08-12 02:15:00,7730.6,7730.8,7726.9,7729.1,778,4,0
2026-08-12 04:30:00,2026-08-12 02:30:00,7729.3,7730.9,7727.7,7730.7,775,4,0
2026-08-12 04:45:00,2026-08-12 02:45:00,7730.7,7731.1,7727.0,7727.9,707,4,0
2026-08-12 05:00:00,2026-08-12 03:00:00,7728.0,7730.0,7728.0,7729.7,784,4,0
2026-08-12 05:15:00,2026-08-12 03:15:00,7729.7,7731.3,7729.0,7731.2,478,4,0
2026-08-12 05:30:00,2026-08-12 03:30:00,7731.2,7732.5,7731.1,7732.2,379,4,0
2026-08-12 05:45:00,2026-08-12 03:45:00,7732.2,7733.9,7732.1,7733.8,294,4,0
2026-08-12 06:00:00,2026-08-12 04:00:00,7733.8,7734.9,7733.6,7734.5,270,4,0
2026-08-12 06:15:00,2026-08-12 04:15:00,7734.5,7734.8,7733.0,7734.3,281,4,0
2026-08-12 06:30:00,2026-08-12 04:30:00,7734.1,7734.4,7732.2,7732.4,654,4,0
2026-08-12 06:45:00,2026-08-12 04:45:00,7732.5,7733.9,7732.4,7733.7,471,4,0
2026-08-12 07:00:00,2026-08-12 05:00:00,7733.9,7734.5,7732.6,7733.8,417,4,0
2026-08-12 07:15:00,2026-08-12 05:15:00,7733.8,7734.9,7733.0,7734.5,262,4,0
2026-08-12 07:30:00,2026-08-12 05:30:00,7734.5,7734.8,7732.9,7733.6,325,4,0
2026-08-12 07:45:00,2026-08-12 05:45:00,7733.6,7736.2,7732.9,7735.9,227,4,0
2026-08-12 08:00:00,2026-08-12 06:00:00,7735.8,7736.1,7733.5,7733.5,401,4,0
2026-08-12 08:15:00,2026-08-12 06:15:00,7733.4,7733.9,7731.1,7733.9,464,4,0
2026-08-12 08:30:00,2026-08-12 06:30:00,7733.9,7735.9,7733.7,7734.0,501,4,0
2026-08-12 08:45:00,2026-08-12 06:45:00,7733.9,7736.0,7733.8,7735.2,485,4,0
2026-08-12 09:00:00,2026-08-12 07:00:00,7735.3,7736.1,7732.7,7733.5,465,4,0
2026-08-12 09:15:00,2026-08-12 07:15:00,7733.5,7734.7,7732.4,7734.3,573,4,0
2026-08-12 09:30:00,2026-08-12 07:30:00,7734.3,7737.0,7733.9,7735.0,496,4,0
2026-08-12 09:45:00,2026-08-12 07:45:00,7734.9,7738.1,7734.9,7738.1,311,4,0
2026-08-12 10:00:00,2026-08-12 08:00:00,7738.0,7739.8,7737.4,7738.5,559,4,0
2026-08-12 10:15:00,2026-08-12 08:15:00,7738.4,7739.3,7735.7,7737.0,337,4,0
2026-08-12 10:30:00,2026-08-12 08:30:00,7737.0,7738.7,7736.5,7738.6,399,4,0
2026-08-12 10:45:00,2026-08-12 08:45:00,7738.7,7738.8,7735.7,7737.8,316,4,0
2026-08-12 11:00:00,2026-08-12 09:00:00,7737.9,7741.0,7737.6,7740.0,631,4,0
2026-08-12 11:15:00,2026-08-12 09:15:00,7740.0,7741.2,7739.2,7740.2,440,4,0
2026-08-12 11:30:00,2026-08-12 09:30:00,7740.2,7740.2,7736.6,7738.8,414,4,0
2026-08-12 11:45:00,2026-08-12 09:45:00,7738.7,7741.9,7738.2,7740.7,250,4,0
2026-08-12 12:00:00,2026-08-12 10:00:00,7740.8,7743.6,7740.5,7743.2,330,4,0
2026-08-12 12:15:00,2026-08-12 10:15:00,7743.2,7751.9,7742.6,7746.5,883,4,0
2026-08-12 12:30:00,2026-08-12 10:30:00,7746.6,7749.0,7746.6,7747.5,517,4,0
2026-08-12 12:45:00,2026-08-12 10:45:00,7747.5,7749.5,7743.2,7744.9,736,4,0
2026-08-12 13:00:00,2026-08-12 11:00:00,7744.8,7748.1,7744.5,7747.7,343,4,0
2026-08-12 13:15:00,2026-08-12 11:15:00,7747.7,7748.5,7746.4,7746.4,422,4,0
2026-08-12 13:30:00,2026-08-12 11:30:00,7746.4,7748.5,7746.0,7747.7,319,4,0
2026-08-12 13:45:00,2026-08-12 11:45:00,7747.7,7748.1,7737.5,7744.7,794,4,0
2026-08-12 14:00:00,2026-08-12 12:00:00,7744.9,7747.7,7744.3,7745.0,549,4,0
2026-08-12 14:15:00,2026-08-12 12:15:00,7745.0,7745.2,7743.0,7744.2,460,4,0
2026-08-12 14:30:00,2026-08-12 12:30:00,7744.2,7747.5,7743.7,7746.9,503,4,0
2026-08-12 14:45:00,2026-08-12 12:45:00,7746.9,7749.8,7746.0,7749.0,449,4,0
2026-08-12 15:00:00,2026-08-12 13:00:00,7749.0,7750.4,7746.6,7748.0,558,4,0
2026-08-12 15:15:00,2026-08-12 13:15:00,7748.1,7758.2,7747.2,7758.2,824,4,0
2026-08-12 15:30:00,2026-08-12 13:30:00,7758.2,7765.4,7746.4,7761.4,2357,4,0
2026-08-12 15:45:00,2026-08-12 13:45:00,7761.4,7763.3,7757.7,7763.2,1359,4,0
2026-08-12 16:00:00,2026-08-12 14:00:00,7762.9,7765.8,7761.5,7764.1,1038,4,0
2026-08-12 16:15:00,2026-08-12 14:15:00,7764.1,7770.8,7763.6,7770.0,914,4,0
2026-08-12 16:30:00,2026-08-12 14:30:00,7770.9,7771.9,7747.6,7750.9,2665,4,0
2026-08-12 16:45:00,2026-08-12 14:45:00,7751.0,7759.5,7743.9,7749.1,2363,4,0
2026-08-12 17:00:00,2026-08-12 15:00:00,7748.9,7751.0,7741.9,7746.7,2121,4,0
2026-08-12 17:15:00,2026-08-12 15:15:00,7746.7,7755.9,7744.8,7750.7,1859,4,0
2026-08-12 17:30:00,2026-08-12 15:30:00,7750.7,7753.7,7737.2,7753.6,2249,4,0
2026-08-12 17:45:00,2026-08-12 15:45:00,7753.6,7755.0,7741.1,7745.2,1936,4,0
2026-08-12 18:00:00,2026-08-12 16:00:00,7745.1,7747.1,7740.1,7744.6,1818,4,0
2026-08-12 18:15:00,2026-08-12 16:15:00,7744.5,7746.7,7740.1,7746.7,1507,4,0
2026-08-12 18:30:00,2026-08-12 16:30:00,7746.8,7747.6,7738.6,7741.0,1380,4,0
2026-08-12 18:45:00,2026-08-12 16:45:00,7741.0,7744.7,7740.5,7743.1,1107,4,0
2026-08-12 19:00:00,2026-08-12 17:00:00,7743.0,7749.0,7742.6,7748.0,905,4,0
2026-08-12 19:15:00,2026-08-12 17:15:00,7748.1,7749.5,7746.2,7747.2,800,4,0
2026-08-12 19:30:00,2026-08-12 17:30:00,7747.2,7751.8,7744.5,7750.0,801,4,0
2026-08-12 19:45:00,2026-08-12 17:45:00,7750.2,7754.5,7748.3,7751.6,772,4,0
2026-08-12 20:00:00,2026-08-12 18:00:00,7751.8,7755.7,7750.4,7752.9,648,4,0
2026-08-12 20:15:00,2026-08-12 18:15:00,7752.9,7752.9,7748.6,7750.8,718,4,0
2026-08-12 20:30:00,2026-08-12 18:30:00,7750.9,7752.5,7749.7,7751.5,643,4,0
2026-08-12 20:45:00,2026-08-12 18:45:00,7751.5,7752.6,7749.1,7750.6,649,4,0
2026-08-12 21:00:00,2026-08-12 19:00:00,7750.6,7755.1,7750.4,7754.0,573,4,0
2026-08-12 21:15:00,2026-08-12 19:15:00,7754.0,7755.8,7752.5,7753.6,572,4,0
2026-08-12 21:30:00,2026-08-12 19:30:00,7753.7,7759.3,7753.7,7758.1,576,4,0
2026-08-12 21:45:00,2026-08-12 19:45:00,7758.1,7759.2,7753.2,7753.2,531,4,0
2026-08-12 22:00:00,2026-08-12 20:00:00,7753.1,7757.0,7753.1,7753.9,548,4,0
2026-08-12 22:15:00,2026-08-12 20:15:00,7753.9,7755.3,7751.1,7753.0,577,4,0
2026-08-12 22:30:00,2026-08-12 20:30:00,7752.8,7753.3,7748.6,7751.7,757,4,0
2026-08-12 22:45:00,2026-08-12 20:45:00,7751.7,7753.0,7743.1,7748.4,1216,4,0
2026-08-12 23:00:00,2026-08-12 21:00:00,7748.2,7756.1,7747.1,7750.7,890,4,0
2026-08-12 23:15:00,2026-08-12 21:15:00,7750.7,7751.8,7745.3,7746.4,439,4,0
2026-08-12 23:30:00,2026-08-12 21:30:00,7746.4,7747.2,7745.7,7746.5,292,4,0
2026-08-12 23:45:00,2026-08-12 21:45:00,7746.5,7747.2,7744.9,7744.9,285,4,0
2026-08-13 01:00:00,2026-08-12 23:00:00,7748.3,7750.2,7747.3,7748.2,713,4,0
2026-08-13 01:15:00,2026-08-12 23:15:00,7748.2,7748.9,7746.8,7747.9,437,4,0
2026-08-13 01:30:00,2026-08-12 23:30:00,7747.8,7747.8,7745.9,7747.3,380,4,0
2026-08-13 01:45:00,2026-08-12 23:45:00,7747.2,7748.1,7747.0,7747.7,193,4,0
2026-08-13 02:00:00,2026-08-13 00:00:00,7747.8,7750.5,7747.5,7750.2,273,4,0
2026-08-13 02:15:00,2026-08-13 00:15:00,7750.1,7750.9,7749.7,7750.0,182,4,0
2026-08-13 02:30:00,2026-08-13 00:30:00,7750.0,7750.7,7748.5,7750.1,300,4,0
2026-08-13 02:45:00,2026-08-13 00:45:00,7750.1,7750.1,7746.6,7747.4,629,4,0
2026-08-13 03:00:00,2026-08-13 01:00:00,7747.4,7752.5,7746.5,7749.5,1222,4,0
2026-08-13 03:15:00,2026-08-13 01:15:00,7749.5,7751.8,7747.8,7747.9,1041,4,0
2026-08-13 03:30:00,2026-08-13 01:30:00,7748.0,7749.8,7746.7,7748.5,1012,4,0
2026-08-13 03:45:00,2026-08-13 01:45:00,7748.7,7749.8,7747.3,7749.4,897,4,0
2026-08-13 04:00:00,2026-08-13 02:00:00,7749.4,7749.9,7745.0,7745.2,1092,4,0
2026-08-13 04:15:00,2026-08-13 02:15:00,7745.2,7746.1,7743.6,7744.5,829,4,0
2026-08-13 04:30:00,2026-08-13 02:30:00,7744.4,7747.2,7744.3,7746.1,784,4,0
2026-08-13 04:45:00,2026-08-13 02:45:00,7746.0,7750.2,7745.5,7749.3,648,4,0
2026-08-13 05:00:00,2026-08-13 03:00:00,7749.3,7751.3,7749.0,7751.0,605,4,0
2026-08-13 05:15:00,2026-08-13 03:15:00,7751.0,7752.2,7749.6,7750.0,473,4,0
2026-08-13 05:30:00,2026-08-13 03:30:00,7750.0,7752.7,7747.2,7752.4,758,4,0
2026-08-13 05:45:00,2026-08-13 03:45:00,7752.4,7752.6,7751.7,7752.0,401,4,0
2026-08-13 06:00:00,2026-08-13 04:00:00,7751.7,7752.5,7751.2,7752.3,359,4,0
2026-08-13 06:15:00,2026-08-13 04:15:00,7752.4,7753.2,7751.8,7752.5,240,4,0
2026-08-13 06:30:00,2026-08-13 04:30:00,7752.8,7753.8,7751.7,7753.5,371,4,0
2026-08-13 06:45:00,2026-08-13 04:45:00,7753.5,7754.5,7753.4,7754.0,214,4,0
2026-08-13 07:00:00,2026-08-13 05:00:00,7754.0,7755.8,7752.7,7752.8,302,4,0
2026-08-13 07:15:00,2026-08-13 05:15:00,7752.8,7754.4,7751.0,7753.8,511,4,0
2026-08-13 07:30:00,2026-08-13 05:30:00,7753.7,7755.5,7753.6,7754.2,394,4,0
2026-08-13 07:45:00,2026-08-13 05:45:00,7754.2,7756.6,7753.6,7754.8,401,4,0
2026-08-13 08:00:00,2026-08-13 06:00:00,7754.8,7758.9,7754.3,7758.8,361,4,0
2026-08-13 08:15:00,2026-08-13 06:15:00,7758.7,7759.1,7757.6,7758.8,358,4,0
2026-08-13 08:30:00,2026-08-13 06:30:00,7758.9,7759.6,7757.3,7757.5,441,4,0
2026-08-13 08:45:00,2026-08-13 06:45:00,7757.2,7757.8,7755.6,7755.6,386,4,0
2026-08-13 09:00:00,2026-08-13 07:00:00,7755.6,7757.8,7754.9,7757.3,626,4,0
2026-08-13 09:15:00,2026-08-13 07:15:00,7757.3,7758.9,7756.8,7757.5,482,4,0
2026-08-13 09:30:00,2026-08-13 07:30:00,7757.5,7758.1,7753.3,7754.1,650,4,0
2026-08-13 09:45:00,2026-08-13 07:45:00,7754.0,7757.2,7752.9,7757.0,453,4,0
2026-08-13 10:00:00,2026-08-13 08:00:00,7756.9,7757.9,7752.9,7754.0,774,4,0
2026-08-13 10:15:00,2026-08-13 08:15:00,7754.0,7756.8,7753.2,7756.8,481,4,0
2026-08-13 10:30:00,2026-08-13 08:30:00,7756.8,7758.5,7755.9,7758.5,528,4,0
2026-08-13 10:45:00,2026-08-13 08:45:00,7758.5,7759.0,7756.8,7756.9,466,4,0
2026-08-13 11:00:00,2026-08-13 09:00:00,7757.0,7759.4,7754.3,7758.7,857,4,0
2026-08-13 11:15:00,2026-08-13 09:15:00,7758.7,7761.3,7756.2,7760.5,692,4,0
2026-08-13 11:30:00,2026-08-13 09:30:00,7760.6,7761.3,7759.4,7760.8,642,4,0
2026-08-13 11:45:00,2026-08-13 09:45:00,7760.6,7762.0,7759.9,7760.7,382,4,0
2026-08-13 12:00:00,2026-08-13 10:00:00,7760.6,7761.5,7758.5,7758.5,556,4,0
2026-08-13 12:15:00,2026-08-13 10:15:00,7758.5,7761.0,7757.0,7759.5,505,4,0
2026-08-13 12:30:00,2026-08-13 10:30:00,7759.5,7762.5,7759.5,7762.5,287,4,0
2026-08-13 12:45:00,2026-08-13 10:45:00,7762.5,7763.9,7761.8,7763.5,314,4,0
2026-08-13 13:00:00,2026-08-13 11:00:00,7763.5,7763.9,7762.0,7762.5,318,4,0
2026-08-13 13:15:00,2026-08-13 11:15:00,7762.5,7763.9,7761.9,7762.8,276,4,0
2026-08-13 13:30:00,2026-08-13 11:30:00,7762.9,7763.9,7762.5,7763.7,275,4,0
2026-08-13 13:45:00,2026-08-13 11:45:00,7763.7,7764.6,7763.3,7764.0,220,4,0
2026-08-13 14:00:00,2026-08-13 12:00:00,7764.1,7765.1,7763.2,7764.0,453,4,0
2026-08-13 14:15:00,2026-08-13 12:15:00,7764.0,7764.0,7761.9,7763.0,283,4,0
2026-08-13 14:30:00,2026-08-13 12:30:00,7763.0,7767.6,7762.5,7767.4,372,4,0
2026-08-13 14:45:00,2026-08-13 12:45:00,7767.4,7768.1,7762.9,7763.0,424,4,0
2026-08-13 15:00:00,2026-08-13 13:00:00,7763.1,7763.6,7760.0,7761.2,844,4,0
2026-08-13 15:15:00,2026-08-13 13:15:00,7761.1,7762.0,7757.7,7762.0,632,4,0
2026-08-13 15:30:00,2026-08-13 13:30:00,7762.1,7766.0,7757.4,7763.3,1327,4,0
2026-08-13 15:45:00,2026-08-13 13:45:00,7763.2,7767.5,7762.8,7767.5,661,4,0
2026-08-13 16:00:00,2026-08-13 14:00:00,7767.5,7770.8,7767.3,7770.0,789,4,0
2026-08-13 16:15:00,2026-08-13 14:15:00,7770.0,7772.6,7769.0,7772.3,651,4,0
2026-08-13 16:30:00,2026-08-13 14:30:00,7772.3,7788.3,7764.5,7780.5,2084,4,0
2026-08-13 16:45:00,2026-08-13 14:45:00,7780.8,7800.4,7779.8,7799.8,1653,4,0
2026-08-13 17:00:00,2026-08-13 15:00:00,7799.8,7809.3,7798.9,7808.8,1423,4,0
2026-08-13 17:15:00,2026-08-13 15:15:00,7808.8,7816.2,7803.7,7815.3,1318,4,0
2026-08-13 17:30:00,2026-08-13 15:30:00,7815.6,7817.6,7809.4,7809.5,1170,4,0
2026-08-13 17:45:00,2026-08-13 15:45:00,7809.6,7809.6,7797.2,7801.3,1736,4,0
2026-08-13 18:00:00,2026-08-13 16:00:00,7801.3,7805.7,7792.9,7794.8,1736,4,0
2026-08-13 18:15:00,2026-08-13 16:15:00,7794.8,7796.1,7782.5,7785.0,1641,4,0
2026-08-13 18:30:00,2026-08-13 16:30:00,7785.0,7787.1,7779.2,7782.7,1787,4,0
2026-08-13 18:45:00,2026-08-13 16:45:00,7782.5,7784.6,7777.1,7778.1,1478,4,0
2026-08-13 19:00:00,2026-08-13 17:00:00,7778.4,7786.0,7777.8,7780.2,1196,4,0
2026-08-13 19:15:00,2026-08-13 17:15:00,7780.2,7788.6,7778.9,7788.6,1057,4,0
2026-08-13 19:30:00,2026-08-13 17:30:00,7788.6,7790.4,7785.2,7787.5,923,4,0
2026-08-13 19:45:00,2026-08-13 17:45:00,7787.5,7791.3,7787.4,7790.4,797,4,0
2026-08-13 20:00:00,2026-08-13 18:00:00,7790.4,7797.0,7790.4,7795.3,761,4,0
2026-08-13 20:15:00,2026-08-13 18:15:00,7795.3,7798.3,7794.2,7794.5,648,4,0
2026-08-13 20:30:00,2026-08-13 18:30:00,7794.5,7795.9,7789.7,7789.7,778,4,0
2026-08-13 20:45:00,2026-08-13 18:45:00,7789.4,7792.8,7789.4,7791.0,706,4,0
2026-08-13 21:00:00,2026-08-13 19:00:00,7790.9,7795.1,7790.2,7794.4,653,4,0
2026-08-13 21:15:00,2026-08-13 19:15:00,7794.5,7795.3,7790.2,7793.5,686,4,0
2026-08-13 21:30:00,2026-08-13 19:30:00,7793.5,7800.7,7793.5,7799.5,712,4,0
2026-08-13 21:45:00,2026-08-13 19:45:00,7799.5,7802.8,7799.5,7801.0,579,4,0
2026-08-13 22:00:00,2026-08-13 20:00:00,7801.0,7807.8,7800.8,7803.3,720,4,0
2026-08-13 22:15:00,2026-08-13 20:15:00,7803.3,7807.5,7801.8,7804.3,763,4,0
2026-08-13 22:30:00,2026-08-13 20:30:00,7804.3,7806.3,7800.9,7801.0,797,4,0
2026-08-13 22:45:00,2026-08-13 20:45:00,7800.9,7803.8,7797.3,7802.2,1143,4,0
2026-08-13 23:00:00,2026-08-13 21:00:00,7802.6,7804.3,7797.7,7801.6,792,4,0
2026-08-13 23:15:00,2026-08-13 21:15:00,7801.5,7802.3,7799.3,7799.4,262,4,0
2026-08-13 23:30:00,2026-08-13 21:30:00,7799.4,7802.8,7799.4,7802.8,222,4,0
2026-08-13 23:45:00,2026-08-13 21:45:00,7802.8,7804.5,7802.7,7804.3,155,4,0
2026-08-14 01:00:00,2026-08-13 23:00:00,7804.0,7806.1,7802.7,7803.2,582,4,0
2026-08-14 01:15:00,2026-08-13 23:15:00,7803.2,7805.1,7802.1,7803.4,333,4,0
2026-08-14 01:30:00,2026-08-13 23:30:00,7803.4,7804.0,7803.0,7803.7,198,4,0
2026-08-14 01:45:00,2026-08-13 23:45:00,7803.7,7803.7,7802.6,7803.1,130,4,0
2026-08-14 02:00:00,2026-08-14 00:00:00,7803.1,7806.4,7802.7,7806.4,225,4,0
2026-08-14 02:15:00,2026-08-14 00:15:00,7806.4,7806.6,7804.0,7804.8,279,4,0
2026-08-14 02:30:00,2026-08-14 00:30:00,7804.8,7805.7,7804.2,7804.9,247,4,0
2026-08-14 02:45:00,2026-08-14 00:45:00,7805.0,7806.1,7804.2,7804.8,483,4,0
2026-08-14 03:00:00,2026-08-14 01:00:00,7804.8,7807.7,7804.2,7804.6,924,4,0
2026-08-14 03:15:00,2026-08-14 01:15:00,7804.6,7805.2,7803.1,7803.2,618,4,0
2026-08-14 03:30:00,2026-08-14 01:30:00,7803.2,7804.0,7802.6,7802.7,392,4,0
2026-08-14 03:45:00,2026-08-14 01:45:00,7802.7,7803.7,7802.1,7803.2,383,4,0
2026-08-14 04:00:00,2026-08-14 02:00:00,7803.2,7803.2,7799.2,7799.7,600,4,0
2026-08-14 04:15:00,2026-08-14 02:15:00,7799.7,7801.7,7799.5,7801.6,500,4,0
2026-08-14 04:30:00,2026-08-14 02:30:00,7801.5,7803.3,7801.0,7802.8,358,4,0
2026-08-14 04:45:00,2026-08-14 02:45:00,7802.8,7803.7,7802.1,7802.5,350,4,0
2026-08-14 05:00:00,2026-08-14 03:00:00,7802.5,7805.3,7802.5,7805.1,331,4,0
2026-08-14 05:15:00,2026-08-14 03:15:00,7805.2,7805.4,7804.1,7805.1,270,4,0
2026-08-14 05:30:00,2026-08-14 03:30:00,7805.1,7805.9,7805.0,7805.4,216,4,0
2026-08-14 05:45:00,2026-08-14 03:45:00,7805.6,7806.1,7803.3,7803.9,284,4,0
2026-08-14 06:00:00,2026-08-14 04:00:00,7804.0,7805.2,7803.7,7804.9,219,4,0
2026-08-14 06:15:00,2026-08-14 04:15:00,7805.1,7806.8,7804.9,7806.5,162,4,0
2026-08-14 06:30:00,2026-08-14 04:30:00,7806.6,7806.6,7804.3,7804.4,275,4,0
2026-08-14 06:45:00,2026-08-14 04:45:00,7804.4,7804.7,7803.2,7803.4,240,4,0
2026-08-14 07:00:00,2026-08-14 05:00:00,7803.4,7804.5,7803.1,7804.2,298,4,0
2026-08-14 07:15:00,2026-08-14 05:15:00,7804.2,7804.5,7803.4,7803.7,285,4,0
2026-08-14 07:30:00,2026-08-14 05:30:00,7803.7,7804.1,7801.6,7802.9,240,4,0
2026-08-14 07:45:00,2026-08-14 05:45:00,7803.1,7803.1,7801.8,7802.2,201,4,0
2026-08-14 08:00:00,2026-08-14 06:00:00,7802.3,7802.8,7800.6,7802.2,359,4,0
2026-08-14 08:15:00,2026-08-14 06:15:00,7802.3,7802.9,7801.2,7802.8,257,4,0
2026-08-14 08:30:00,2026-08-14 06:30:00,7802.8,7803.6,7801.7,7803.4,258,4,0
2026-08-14 08:45:00,2026-08-14 06:45:00,7803.4,7805.1,7803.2,7803.7,213,4,0
2026-08-14 09:00:00,2026-08-14 07:00:00,7803.7,7803.9,7800.3,7800.6,363,4,0
2026-08-14 09:15:00,2026-08-14 07:15:00,7800.6,7801.3,7800.4,7801.1,284,4,0
2026-08-14 09:30:00,2026-08-14 07:30:00,7801.0,7801.3,7799.6,7800.5,241,4,0
2026-08-14 09:45:00,2026-08-14 07:45:00,7800.5,7801.4,7800.3,7800.7,173,4,0
2026-08-14 10:00:00,2026-08-14 08:00:00,7800.7,7802.2,7799.1,7799.4,492,4,0
2026-08-14 10:15:00,2026-08-14 08:15:00,7799.4,7801.2,7799.4,7800.4,415,4,0
2026-08-14 10:30:00,2026-08-14 08:30:00,7800.6,7803.2,7800.1,7803.0,312,4,0
2026-08-14 10:45:00,2026-08-14 08:45:00,7803.0,7803.8,7801.9,7802.4,291,4,0
2026-08-14 11:00:00,2026-08-14 09:00:00,7802.4,7805.1,7801.2,7802.6,770,4,0
2026-08-14 11:15:00,2026-08-14 09:15:00,7802.7,7804.9,7801.8,7804.9,495,4,0
2026-08-14 11:30:00,2026-08-14 09:30:00,7804.9,7807.4,7804.6,7805.8,417,4,0
2026-08-14 11:45:00,2026-08-14 09:45:00,7805.8,7807.8,7805.4,7805.4,295,4,0
2026-08-14 12:00:00,2026-08-14 10:00:00,7805.3,7805.4,7803.3,7804.9,332,4,0
2026-08-14 12:15:00,2026-08-14 10:15:00,7804.8,7806.8,7804.1,7805.1,274,4,0
2026-08-14 12:30:00,2026-08-14 10:30:00,7805.1,7805.3,7802.9,7803.9,261,4,0
2026-08-14 12:45:00,2026-08-14 10:45:00,7804.0,7806.7,7803.8,7806.6,375,4,0
2026-08-14 13:00:00,2026-08-14 11:00:00,7806.4,7808.4,7806.1,7807.4,381,4,0
2026-08-14 13:15:00,2026-08-14 11:15:00,7807.4,7807.4,7805.3,7805.9,188,4,0
2026-08-14 13:30:00,2026-08-14 11:30:00,7805.9,7807.3,7804.6,7806.3,260,4,0
2026-08-14 13:45:00,2026-08-14 11:45:00,7806.3,7807.7,7805.4,7807.6,252,4,0
2026-08-14 14:00:00,2026-08-14 12:00:00,7807.7,7808.4,7805.9,7806.2,328,4,0
2026-08-14 14:15:00,2026-08-14 12:15:00,7806.2,7806.8,7805.4,7806.0,244,4,0
2026-08-14 14:30:00,2026-08-14 12:30:00,7806.1,7808.8,7805.8,7807.9,365,4,0
2026-08-14 14:45:00,2026-08-14 12:45:00,7807.8,7809.5,7807.2,7808.4,261,4,0
2026-08-14 15:00:00,2026-08-14 13:00:00,7808.4,7808.9,7800.4,7805.8,548,4,0
2026-08-14 15:15:00,2026-08-14 13:15:00,7805.5,7807.4,7804.0,7806.9,556,4,0
2026-08-14 15:30:00,2026-08-14 13:30:00,7806.7,7810.5,7806.7,7807.9,720,4,0
2026-08-14 15:45:00,2026-08-14 13:45:00,7807.9,7810.3,7807.4,7809.3,426,4,0
2026-08-14 16:00:00,2026-08-14 14:00:00,7809.2,7809.6,7804.8,7805.1,480,4,0
2026-08-14 16:15:00,2026-08-14 14:15:00,7805.1,7808.5,7805.1,7806.4,732,4,0
2026-08-14 16:30:00,2026-08-14 14:30:00,7806.9,7806.9,7798.3,7805.4,1957,4,0
2026-08-14 16:45:00,2026-08-14 14:45:00,7805.4,7807.5,7799.4,7804.3,1771,4,0
2026-08-14 17:00:00,2026-08-14 15:00:00,7804.1,7809.6,7803.1,7804.5,1543,4,0
2026-08-14 17:15:00,2026-08-14 15:15:00,7804.4,7804.9,7792.8,7795.7,1775,4,0
2026-08-14 17:30:00,2026-08-14 15:30:00,7795.7,7796.5,7789.6,7792.7,1532,4,0
2026-08-14 17:45:00,2026-08-14 15:45:00,7792.7,7795.8,7788.6,7788.6,1215,4,0
2026-08-14 18:00:00,2026-08-14 16:00:00,7788.6,7792.5,7785.6,7785.8,1342,4,0
2026-08-14 18:15:00,2026-08-14 16:15:00,7785.9,7788.5,7780.3,7784.1,1312,4,0
2026-08-14 18:30:00,2026-08-14 16:30:00,7784.2,7785.9,7779.6,7781.8,1219,4,0
2026-08-14 18:45:00,2026-08-14 16:45:00,7781.8,7784.8,7779.1,7783.4,974,4,0
2026-08-14 19:00:00,2026-08-14 17:00:00,7783.6,7786.9,7782.1,7786.5,902,4,0
2026-08-14 19:15:00,2026-08-14 17:15:00,7786.7,7789.3,7785.6,7787.9,616,4,0
2026-08-14 19:30:00,2026-08-14 17:30:00,7787.9,7788.4,7782.3,7782.4,884,4,0
2026-08-14 19:45:00,2026-08-14 17:45:00,7782.4,7783.2,7777.6,7778.1,755,4,0
2026-08-14 20:00:00,2026-08-14 18:00:00,7778.2,7782.2,7777.3,7781.7,850,4,0
2026-08-14 20:15:00,2026-08-14 18:15:00,7781.7,7782.6,7777.9,7779.0,743,4,0
2026-08-14 20:30:00,2026-08-14 18:30:00,7779.0,7781.1,7775.5,7777.2,740,4,0
2026-08-14 20:45:00,2026-08-14 18:45:00,7777.3,7780.5,7775.9,7779.5,643,4,0
2026-08-14 21:00:00,2026-08-14 19:00:00,7779.6,7784.4,7778.7,7783.2,699,4,0
2026-08-14 21:15:00,2026-08-14 19:15:00,7783.2,7784.9,7780.4,7780.9,549,4,0
2026-08-14 21:30:00,2026-08-14 19:30:00,7781.1,7784.3,7779.8,7783.7,603,4,0
2026-08-14 21:45:00,2026-08-14 19:45:00,7783.4,7786.4,7781.9,7783.4,502,4,0
2026-08-14 22:00:00,2026-08-14 20:00:00,7783.6,7783.7,7780.7,7782.2,546,4,0
2026-08-14 22:15:00,2026-08-14 20:15:00,7782.2,7784.9,7780.4,7783.1,553,4,0
2026-08-14 22:30:00,2026-08-14 20:30:00,7783.1,7784.8,7781.7,7783.2,603,4,0
2026-08-14 22:45:00,2026-08-14 20:45:00,7783.2,7785.4,7780.8,7784.8,868,4,0
2026-08-14 23:00:00,2026-08-14 21:00:00,7784.4,7784.7,7779.2,7780.0,471,4,0
2026-08-14 23:15:00,2026-08-14 21:15:00,7780.2,7780.8,7778.8,7779.7,151,4,0
2026-08-14 23:30:00,2026-08-14 21:30:00,7779.7,7782.3,7779.2,7781.8,168,4,0
2026-08-14 23:45:00,2026-08-14 21:45:00,7781.8,7782.0,7780.9,7781.0,67,4,0
2026-08-17 01:00:00,2026-08-16 23:00:00,7787.3,7791.9,7785.1,7791.5,674,4,0
2026-08-17 01:15:00,2026-08-16 23:15:00,7791.4,7792.0,7790.5,7790.8,232,4,0
2026-08-17 01:30:00,2026-08-16 23:30:00,7790.5,7791.0,7789.4,7790.3,159,4,0
2026-08-17 01:45:00,2026-08-16 23:45:00,7790.3,7791.9,7790.0,7791.3,202,4,0
2026-08-17 02:00:00,2026-08-17 00:00:00,7791.3,7791.4,7790.0,7790.2,156,4,0
2026-08-17 02:15:00,2026-08-17 00:15:00,7790.2,7791.1,7789.8,7790.5,159,4,0
2026-08-17 02:30:00,2026-08-17 00:30:00,7790.5,7792.2,7789.8,7792.0,193,4,0
2026-08-17 02:45:00,2026-08-17 00:45:00,7792.0,7794.3,7791.6,7793.3,295,4,0
2026-08-17 03:00:00,2026-08-17 01:00:00,7793.3,7794.9,7792.5,7793.5,664,4,0
2026-08-17 03:15:00,2026-08-17 01:15:00,7793.5,7793.5,7789.2,7790.2,378,4,0
2026-08-17 03:30:00,2026-08-17 01:30:00,7790.2,7790.9,7788.9,7789.9,346,4,0
2026-08-17 03:45:00,2026-08-17 01:45:00,7789.9,7791.8,7789.7,7791.7,301,4,0
2026-08-17 04:00:00,2026-08-17 02:00:00,7791.8,7793.4,7791.5,7791.5,538,4,0
2026-08-17 04:15:00,2026-08-17 02:15:00,7791.5,7794.2,7791.2,7794.0,361,4,0
2026-08-17 04:30:00,2026-08-17 02:30:00,7794.0,7794.2,7789.4,7790.3,555,4,0
2026-08-17 04:45:00,2026-08-17 02:45:00,7790.4,7790.4,7788.0,7788.5,323,4,0
2026-08-17 05:00:00,2026-08-17 03:00:00,7788.6,7788.9,7787.1,7788.4,280,4,0
2026-08-17 05:15:00,2026-08-17 03:15:00,7788.5,7791.0,7788.2,7790.1,246,4,0
2026-08-17 05:30:00,2026-08-17 03:30:00,7790.3,7790.6,7789.2,7789.9,250,4,0
2026-08-17 05:45:00,2026-08-17 03:45:00,7790.0,7790.7,7789.4,7789.6,200,4,0
2026-08-17 06:00:00,2026-08-17 04:00:00,7789.5,7790.4,7789.0,7789.5,225,4,0
2026-08-17 06:15:00,2026-08-17 04:15:00,7789.5,7791.1,7789.4,7791.1,126,4,0
2026-08-17 06:30:00,2026-08-17 04:30:00,7791.1,7792.1,7790.1,7792.0,203,4,0
2026-08-17 06:45:00,2026-08-17 04:45:00,7792.0,7793.4,7792.0,7793.4,177,4,0
2026-08-17 07:00:00,2026-08-17 05:00:00,7793.4,7794.4,7793.4,7794.0,230,4,0
2026-08-17 07:15:00,2026-08-17 05:15:00,7794.0,7794.2,7793.2,7793.3,153,4,0
2026-08-17 07:30:00,2026-08-17 05:30:00,7793.1,7794.1,7792.3,7794.1,124,4,0
2026-08-17 07:45:00,2026-08-17 05:45:00,7794.1,7794.2,7793.0,7793.2,172,4,0
2026-08-17 08:00:00,2026-08-17 06:00:00,7793.2,7794.8,7793.1,7794.5,220,4,0
2026-08-17 08:15:00,2026-08-17 06:15:00,7794.5,7794.7,7793.1,7794.5,181,4,0
2026-08-17 08:30:00,2026-08-17 06:30:00,7794.5,7797.0,7794.5,7797.0,332,4,0
2026-08-17 08:45:00,2026-08-17 06:45:00,7797.0,7798.3,7796.7,7798.2,219,4,0
2026-08-17 09:00:00,2026-08-17 07:00:00,7798.2,7800.1,7797.6,7799.3,336,4,0
2026-08-17 09:15:00,2026-08-17 07:15:00,7799.3,7799.7,7797.4,7799.5,226,4,0
2026-08-17 09:30:00,2026-08-17 07:30:00,7799.5,7800.9,7798.6,7799.5,289,4,0
2026-08-17 09:45:00,2026-08-17 07:45:00,7799.5,7801.0,7799.0,7800.6,258,4,0
2026-08-17 10:00:00,2026-08-17 08:00:00,7800.8,7802.2,7796.4,7796.6,512,4,0
2026-08-17 10:15:00,2026-08-17 08:15:00,7796.5,7798.0,7794.2,7798.0,469,4,0
2026-08-17 10:30:00,2026-08-17 08:30:00,7798.0,7800.2,7796.7,7799.9,462,4,0
2026-08-17 10:45:00,2026-08-17 08:45:00,7799.9,7801.0,7799.0,7800.0,366,4,0
2026-08-17 11:00:00,2026-08-17 09:00:00,7799.7,7800.2,7796.1,7796.6,537,4,0
2026-08-17 11:15:00,2026-08-17 09:15:00,7796.6,7797.6,7795.7,7797.2,380,4,0
2026-08-17 11:30:00,2026-08-17 09:30:00,7797.2,7797.7,7795.0,7795.2,343,4,0
2026-08-17 11:45:00,2026-08-17 09:45:00,7795.1,7797.2,7794.5,7796.9,346,4,0
2026-08-17 12:00:00,2026-08-17 10:00:00,7796.9,7798.7,7796.4,7798.5,370,4,0
2026-08-17 12:15:00,2026-08-17 10:15:00,7798.5,7798.5,7795.9,7796.2,255,4,0
2026-08-17 12:30:00,2026-08-17 10:30:00,7796.4,7796.6,7794.7,7796.5,284,4,0
2026-08-17 12:45:00,2026-08-17 10:45:00,7796.2,7798.0,7795.2,7795.7,346,4,0
2026-08-17 13:00:00,2026-08-17 11:00:00,7795.7,7797.6,7795.6,7797.5,286,4,0
2026-08-17 13:15:00,2026-08-17 11:15:00,7797.6,7805.4,7793.7,7805.0,470,4,0
2026-08-17 13:30:00,2026-08-17 11:30:00,7804.9,7805.2,7796.1,7798.0,973,4,0
2026-08-17 13:45:00,2026-08-17 11:45:00,7797.9,7798.3,7796.7,7797.2,305,4,0
2026-08-17 14:00:00,2026-08-17 12:00:00,7797.1,7799.3,7796.0,7796.9,477,4,0
2026-08-17 14:15:00,2026-08-17 12:15:00,7796.9,7797.0,7794.2,7796.2,386,4,0
2026-08-17 14:30:00,2026-08-17 12:30:00,7796.2,7798.0,7795.7,7796.5,370,4,0
2026-08-17 14:45:00,2026-08-17 12:45:00,7796.4,7796.7,7793.9,7794.2,265,4,0
2026-08-17 15:00:00,2026-08-17 13:00:00,7794.3,7795.1,7790.1,7794.5,561,4,0
2026-08-17 15:15:00,2026-08-17 13:15:00,7794.6,7795.7,7786.7,7788.6,757,4,0
2026-08-17 15:30:00,2026-08-17 13:30:00,7788.5,7790.6,7783.7,7785.0,1030,4,0
2026-08-17 15:45:00,2026-08-17 13:45:00,7785.0,7785.6,7782.2,7784.5,579,4,0
2026-08-17 16:00:00,2026-08-17 14:00:00,7784.5,7787.3,7784.2,7786.7,540,4,0
2026-08-17 16:15:00,2026-08-17 14:15:00,7786.7,7788.8,7783.7,7783.7,589,4,0
2026-08-17 16:30:00,2026-08-17 14:30:00,7784.7,7790.2,7775.7,7778.2,2144,4,0
2026-08-17 16:45:00,2026-08-17 14:45:00,7778.1,7782.8,7773.9,7775.1,1780,4,0
2026-08-17 17:00:00,2026-08-17 15:00:00,7775.3,7779.7,7772.4,7778.8,1570,4,0
2026-08-17 17:15:00,2026-08-17 15:15:00,7778.8,7778.8,7772.1,7776.6,1360,4,0
2026-08-17 17:30:00,2026-08-17 15:30:00,7776.7,7778.0,7771.4,7773.5,1072,4,0
2026-08-17 17:45:00,2026-08-17 15:45:00,7773.5,7776.9,7770.9,7774.7,872,4,0
2026-08-17 18:00:00,2026-08-17 16:00:00,7774.7,7778.1,7773.4,7775.5,869,4,0
2026-08-17 18:15:00,2026-08-17 16:15:00,7775.5,7780.8,7775.1,7779.4,786,4,0
2026-08-17 18:30:00,2026-08-17 16:30:00,7779.4,7780.3,7769.2,7773.1,985,4,0
2026-08-17 18:45:00,2026-08-17 16:45:00,7772.8,7776.4,7772.1,7775.0,667,4,0
2026-08-17 19:00:00,2026-08-17 17:00:00,7775.0,7776.8,7772.6,7776.0,698,4,0
2026-08-17 19:15:00,2026-08-17 17:15:00,7776.0,7778.3,7774.2,7775.0,624,4,0
2026-08-17 19:30:00,2026-08-17 17:30:00,7775.0,7776.1,7771.4,7771.6,564,4,0
2026-08-17 19:45:00,2026-08-17 17:45:00,7771.7,7772.7,7768.1,7768.9,614,4,0
2026-08-17 20:00:00,2026-08-17 18:00:00,7768.7,7769.8,7764.9,7764.9,759,4,0
2026-08-17 20:15:00,2026-08-17 18:15:00,7765.1,7766.6,7756.6,7757.7,1231,4,0
2026-08-17 20:30:00,2026-08-17 18:30:00,7757.7,7760.5,7752.9,7759.5,1133,4,0
2026-08-17 20:45:00,2026-08-17 18:45:00,7759.5,7760.5,7754.9,7756.0,908,4,0
2026-08-17 21:00:00,2026-08-17 19:00:00,7756.0,7759.3,7754.4,7758.8,1005,4,0
2026-08-17 21:15:00,2026-08-17 19:15:00,7758.8,7759.8,7755.7,7757.6,819,4,0
2026-08-17 21:30:00,2026-08-17 19:30:00,7757.7,7758.6,7754.1,7757.5,706,4,0
2026-08-17 21:45:00,2026-08-17 19:45:00,7757.5,7759.8,7756.4,7757.0,536,4,0
2026-08-17 22:00:00,2026-08-17 20:00:00,7756.9,7757.5,7752.9,7753.5,596,4,0
2026-08-17 22:15:00,2026-08-17 20:15:00,7753.5,7756.5,7753.0,7753.0,536,4,0
2026-08-17 22:30:00,2026-08-17 20:30:00,7753.0,7753.3,7748.7,7751.5,810,4,0
2026-08-17 22:45:00,2026-08-17 20:45:00,7751.6,7755.0,7747.1,7749.1,1151,4,0
2026-08-17 23:00:00,2026-08-17 21:00:00,7749.0,7750.3,7746.2,7748.0,570,4,0
2026-08-17 23:15:00,2026-08-17 21:15:00,7748.0,7748.3,7745.7,7746.6,223,4,0
2026-08-17 23:30:00,2026-08-17 21:30:00,7746.5,7746.7,7745.2,7745.5,231,4,0
2026-08-17 23:45:00,2026-08-17 21:45:00,7745.2,7747.2,7744.1,7746.0,276,4,0
2026-08-18 01:00:00,2026-08-17 23:00:00,7747.8,7750.1,7747.1,7747.6,615,4,0
2026-08-18 01:15:00,2026-08-17 23:15:00,7747.6,7747.9,7744.1,7746.7,482,4,0
2026-08-18 01:30:00,2026-08-17 23:30:00,7746.7,7747.1,7745.8,7746.4,223,4,0
2026-08-18 01:45:00,2026-08-17 23:45:00,7746.4,7747.8,7746.2,7746.9,220,4,0
2026-08-18 02:00:00,2026-08-18 00:00:00,7746.9,7747.7,7744.9,7746.8,268,4,0
2026-08-18 02:15:00,2026-08-18 00:15:00,7746.8,7747.1,7745.3,7747.1,219,4,0
2026-08-18 02:30:00,2026-08-18 00:30:00,7746.9,7749.8,7746.8,7749.0,356,4,0
2026-08-18 02:45:00,2026-08-18 00:45:00,7749.0,7750.0,7746.1,7749.9,721,4,0
2026-08-18 03:00:00,2026-08-18 01:00:00,7749.9,7751.3,7748.5,7751.2,866,4,0
2026-08-18 03:15:00,2026-08-18 01:15:00,7751.2,7752.2,7749.1,7749.2,419,4,0
2026-08-18 03:30:00,2026-08-18 01:30:00,7749.2,7750.2,7747.8,7749.3,380,4,0
2026-08-18 03:45:00,2026-08-18 01:45:00,7749.2,7750.9,7747.8,7748.5,438,4,0
2026-08-18 04:00:00,2026-08-18 02:00:00,7748.6,7749.5,7747.0,7749.1,555,4,0
2026-08-18 04:15:00,2026-08-18 02:15:00,7749.0,7749.8,7747.2,7747.6,496,4,0
2026-08-18 04:30:00,2026-08-18 02:30:00,7747.6,7748.6,7743.4,7744.2,634,4,0
2026-08-18 04:45:00,2026-08-18 02:45:00,7744.2,7744.6,7736.9,7742.9,1143,4,0
2026-08-18 05:00:00,2026-08-18 03:00:00,7742.9,7743.5,7736.2,7736.6,822,4,0
2026-08-18 05:15:00,2026-08-18 03:15:00,7736.6,7737.1,7729.9,7730.9,1149,4,0
2026-08-18 05:30:00,2026-08-18 03:30:00,7731.0,7734.8,7728.8,7729.1,969,4,0
2026-08-18 05:45:00,2026-08-18 03:45:00,7729.0,7731.4,7724.7,7730.7,985,4,0
2026-08-18 06:00:00,2026-08-18 04:00:00,7730.8,7731.3,7728.4,7729.0,718,4,0
2026-08-18 06:15:00,2026-08-18 04:15:00,7729.0,7729.2,7723.9,7726.0,666,4,0
2026-08-18 06:30:00,2026-08-18 04:30:00,7725.9,7727.7,7722.7,7726.8,970,4,0
2026-08-18 06:45:00,2026-08-18 04:45:00,7726.7,7728.1,7724.7,7725.2,768,4,0
2026-08-18 07:00:00,2026-08-18 05:00:00,7725.2,7726.0,7722.8,7724.7,880,4,0
2026-08-18 07:15:00,2026-08-18 05:15:00,7724.5,7725.7,7721.4,7725.4,670,4,0
2026-08-18 07:30:00,2026-08-18 05:30:00,7725.4,7726.5,7722.7,7723.3,724,4,0
2026-08-18 07:45:00,2026-08-18 05:45:00,7723.4,7726.1,7722.9,7725.1,470,4,0
2026-08-18 08:00:00,2026-08-18 06:00:00,7725.1,7725.2,7718.9,7720.0,777,4,0
2026-08-18 08:15:00,2026-08-18 06:15:00,7720.1,7722.1,7719.7,7719.8,624,4,0
2026-08-18 08:30:00,2026-08-18 06:30:00,7719.8,7720.2,7717.8,7718.1,629,4,0
2026-08-18 08:45:00,2026-08-18 06:45:00,7718.1,7720.2,7715.7,7716.7,680,4,0
2026-08-18 09:00:00,2026-08-18 07:00:00,7716.8,7717.8,7708.1,7717.1,1274,4,0
2026-08-18 09:15:00,2026-08-18 07:15:00,7716.9,7719.9,7714.6,7717.8,1123,4,0
2026-08-18 09:30:00,2026-08-18 07:30:00,7717.8,7719.5,7715.9,7718.7,852,4,0
2026-08-18 09:45:00,2026-08-18 07:45:00,7718.7,7723.8,7718.4,7723.7,627,4,0
2026-08-18 10:00:00,2026-08-18 08:00:00,7723.8,7723.8,7718.5,7718.5,1196,4,0
2026-08-18 10:15:00,2026-08-18 08:15:00,7718.5,7720.5,7717.0,7717.1,786,4,0
2026-08-18 10:30:00,2026-08-18 08:30:00,7717.3,7718.0,7712.2,7712.2,886,4,0
2026-08-18 10:45:00,2026-08-18 08:45:00,7712.3,7713.8,7707.7,7707.9,959,4,0
2026-08-18 11:00:00,2026-08-18 09:00:00,7708.1,7709.1,7701.2,7707.5,1830,4,0
2026-08-18 11:15:00,2026-08-18 09:15:00,7707.4,7710.0,7704.5,7707.7,1341,4,0
2026-08-18 11:30:00,2026-08-18 09:30:00,7707.7,7713.5,7706.9,7712.5,1065,4,0
2026-08-18 11:45:00,2026-08-18 09:45:00,7712.5,7712.5,7707.4,7711.5,885,4,0
2026-08-18 12:00:00,2026-08-18 10:00:00,7711.4,7713.1,7708.6,7709.0,1182,4,0
2026-08-18 12:15:00,2026-08-18 10:15:00,7709.0,7709.8,7705.3,7708.0,1055,4,0
2026-08-18 12:30:00,2026-08-18 10:30:00,7708.0,7710.6,7704.2,7707.0,1109,4,0
2026-08-18 12:45:00,2026-08-18 10:45:00,7707.0,7712.3,7704.7,7711.3,1004,4,0
2026-08-18 13:00:00,2026-08-18 11:00:00,7711.3,7713.8,7710.3,7711.9,948,4,0
2026-08-18 13:15:00,2026-08-18 11:15:00,7711.9,7713.5,7709.9,7712.6,691,4,0
2026-08-18 13:30:00,2026-08-18 11:30:00,7712.6,7715.4,7711.2,7711.5,606,4,0
2026-08-18 13:45:00,2026-08-18 11:45:00,7711.4,7716.0,7711.0,7713.3,539,4,0
2026-08-18 14:00:00,2026-08-18 12:00:00,7713.4,7717.8,7712.4,7717.3,792,4,0
2026-08-18 14:15:00,2026-08-18 12:15:00,7717.3,7718.3,7716.1,7716.9,722,4,0
2026-08-18 14:30:00,2026-08-18 12:30:00,7716.9,7718.3,7713.7,7717.8,717,4,0
2026-08-18 14:45:00,2026-08-18 12:45:00,7717.8,7720.0,7715.5,7716.5,850,4,0
2026-08-18 15:00:00,2026-08-18 13:00:00,7716.4,7720.4,7714.5,7715.1,1041,4,0
2026-08-18 15:15:00,2026-08-18 13:15:00,7715.1,7720.7,7713.9,7714.3,925,4,0
2026-08-18 15:30:00,2026-08-18 13:30:00,7714.4,7715.9,7710.4,7711.4,903,4,0
2026-08-18 15:45:00,2026-08-18 13:45:00,7711.4,7717.5,7710.8,7717.3,653,4,0
2026-08-18 16:00:00,2026-08-18 14:00:00,7717.2,7718.0,7711.8,7712.0,704,4,0
2026-08-18 16:15:00,2026-08-18 14:15:00,7712.0,7713.8,7705.9,7707.8,1023,4,0
2026-08-18 16:30:00,2026-08-18 14:30:00,7708.4,7716.8,7700.9,7709.3,3039,4,0
2026-08-18 16:45:00,2026-08-18 14:45:00,7708.9,7712.8,7702.9,7706.1,2526,4,0
2026-08-18 17:00:00,2026-08-18 15:00:00,7706.1,7714.2,7698.2,7702.9,2407,4,0
2026-08-18 17:15:00,2026-08-18 15:15:00,7703.1,7712.4,7701.9,7708.1,2232,4,0
2026-08-18 17:30:00,2026-08-18 15:30:00,7708.0,7713.9,7705.4,7705.8,1990,4,0
2026-08-18 17:45:00,2026-08-18 15:45:00,7705.7,7709.8,7699.0,7701.1,1955,4,0
2026-08-18 18:00:00,2026-08-18 16:00:00,7701.3,7705.9,7696.0,7699.1,1871,4,0
2026-08-18 18:15:00,2026-08-18 16:15:00,7699.0,7701.9,7694.9,7700.0,1624,4,0
2026-08-18 18:30:00,2026-08-18 16:30:00,7699.9,7704.1,7697.7,7702.0,1506,4,0
2026-08-18 18:45:00,2026-08-18 16:45:00,7702.2,7708.0,7702.0,7704.8,1323,4,0
2026-08-18 19:00:00,2026-08-18 17:00:00,7704.8,7708.9,7703.8,7706.7,1189,4,0
2026-08-18 19:15:00,2026-08-18 17:15:00,7706.9,7710.4,7703.0,7703.5,1016,4,0
2026-08-18 19:30:00,2026-08-18 17:30:00,7703.5,7707.4,7702.3,7705.0,1080,4,0
2026-08-18 19:45:00,2026-08-18 17:45:00,7705.0,7710.0,7703.2,7707.6,957,4,0
2026-08-18 20:00:00,2026-08-18 18:00:00,7707.5,7709.6,7704.9,7707.7,900,4,0
2026-08-18 20:15:00,2026-08-18 18:15:00,7707.6,7707.8,7702.4,7704.4,740,4,0
2026-08-18 20:30:00,2026-08-18 18:30:00,7704.4,7705.6,7701.6,7702.3,780,4,0
2026-08-18 20:45:00,2026-08-18 18:45:00,7702.3,7703.5,7697.6,7697.6,632,4,0
2026-08-18 21:00:00,2026-08-18 19:00:00,7697.6,7702.9,7696.0,7702.2,834,4,0
2026-08-18 21:15:00,2026-08-18 19:15:00,7702.2,7707.4,7702.0,7705.4,891,4,0
2026-08-18 21:30:00,2026-08-18 19:30:00,7705.2,7706.1,7702.7,7702.9,596,4,0
2026-08-18 21:45:00,2026-08-18 19:45:00,7702.8,7703.9,7698.5,7698.8,669,4,0
2026-08-18 22:00:00,2026-08-18 20:00:00,7698.8,7701.0,7697.3,7698.0,674,4,0
2026-08-18 22:15:00,2026-08-18 20:15:00,7698.0,7703.8,7697.8,7702.2,646,4,0
2026-08-18 22:30:00,2026-08-18 20:30:00,7702.2,7704.4,7699.5,7701.0,710,4,0
2026-08-18 22:45:00,2026-08-18 20:45:00,7701.0,7701.9,7692.1,7696.7,1190,4,0
2026-08-18 23:00:00,2026-08-18 21:00:00,7696.6,7697.6,7694.5,7696.0,585,4,0
2026-08-18 23:15:00,2026-08-18 21:15:00,7696.0,7696.9,7693.9,7695.9,219,4,0
2026-08-18 23:30:00,2026-08-18 21:30:00,7695.9,7697.6,7695.6,7696.3,196,4,0
2026-08-18 23:45:00,2026-08-18 21:45:00,7696.3,7696.8,7693.0,7694.8,340,4,0
2026-08-19 01:00:00,2026-08-18 23:00:00,7695.5,7697.9,7694.4,7695.3,668,4,0
2026-08-19 01:15:00,2026-08-18 23:15:00,7695.3,7699.4,7693.2,7693.2,546,4,0
2026-08-19 01:30:00,2026-08-18 23:30:00,7693.2,7694.4,7691.6,7692.9,544,4,0
2026-08-19 01:45:00,2026-08-18 23:45:00,7692.9,7692.9,7689.3,7689.6,416,4,0
2026-08-19 02:00:00,2026-08-19 00:00:00,7689.6,7693.5,7688.7,7692.7,453,4,0
2026-08-19 02:15:00,2026-08-19 00:15:00,7692.7,7696.1,7691.1,7693.3,440,4,0
2026-08-19 02:30:00,2026-08-19 00:30:00,7693.4,7694.1,7692.7,7693.5,402,4,0
2026-08-19 02:45:00,2026-08-19 00:45:00,7693.1,7696.0,7692.6,7692.6,925,4,0
2026-08-19 03:00:00,2026-08-19 01:00:00,7692.6,7692.6,7684.0,7685.4,1657,4,0
2026-08-19 03:15:00,2026-08-19 01:15:00,7685.3,7692.9,7684.2,7692.9,1281,4,0
2026-08-19 03:30:00,2026-08-19 01:30:00,7692.9,7697.7,7692.8,7696.6,1044,4,0
2026-08-19 03:45:00,2026-08-19 01:45:00,7696.6,7697.4,7692.3,7692.8,993,4,0
2026-08-19 04:00:00,2026-08-19 02:00:00,7692.7,7697.2,7691.3,7695.9,1051,4,0
2026-08-19 04:15:00,2026-08-19 02:15:00,7695.9,7698.9,7693.7,7697.7,1116,4,0
2026-08-19 04:30:00,2026-08-19 02:30:00,7697.7,7697.8,7692.2,7693.0,1024,4,0
2026-08-19 04:45:00,2026-08-19 02:45:00,7692.9,7694.9,7691.6,7693.3,981,4,0
2026-08-19 05:00:00,2026-08-19 03:00:00,7693.5,7694.0,7687.9,7688.7,778,4,0
2026-08-19 05:15:00,2026-08-19 03:15:00,7688.7,7693.2,7688.2,7691.3,1132,4,0
2026-08-19 05:30:00,2026-08-19 03:30:00,7691.4,7691.7,7688.3,7689.8,856,4,0
2026-08-19 05:45:00,2026-08-19 03:45:00,7689.7,7692.5,7689.5,7691.2,797,4,0
2026-08-19 06:00:00,2026-08-19 04:00:00,7691.2,7692.6,7688.9,7690.2,592,4,0
2026-08-19 06:15:00,2026-08-19 04:15:00,7690.2,7692.1,7689.4,7690.5,623,4,0
2026-08-19 06:30:00,2026-08-19 04:30:00,7690.5,7693.8,7689.7,7690.0,791,4,0
2026-08-19 06:45:00,2026-08-19 04:45:00,7689.6,7690.7,7687.6,7688.5,589,4,0
2026-08-19 07:00:00,2026-08-19 05:00:00,7688.5,7688.6,7686.6,7687.6,461,4,0
2026-08-19 07:15:00,2026-08-19 05:15:00,7687.6,7690.8,7686.7,7689.5,716,4,0
2026-08-19 07:30:00,2026-08-19 05:30:00,7689.5,7690.4,7685.6,7686.1,659,4,0
2026-08-19 07:45:00,2026-08-19 05:45:00,7686.1,7686.5,7681.3,7686.0,688,4,0
2026-08-19 08:00:00,2026-08-19 06:00:00,7686.0,7690.2,7684.1,7684.6,1070,4,0
2026-08-19 08:15:00,2026-08-19 06:15:00,7684.7,7686.5,7681.3,7686.1,1127,4,0
2026-08-19 08:30:00,2026-08-19 06:30:00,7686.1,7686.6,7680.9,7682.1,1078,4,0
2026-08-19 08:45:00,2026-08-19 06:45:00,7682.2,7683.1,7680.2,7681.6,797,4,0
2026-08-19 09:00:00,2026-08-19 07:00:00,7681.5,7683.1,7680.2,7680.8,1091,4,0
2026-08-19 09:15:00,2026-08-19 07:15:00,7680.6,7690.3,7680.6,7687.5,1135,4,0
2026-08-19 09:30:00,2026-08-19 07:30:00,7687.4,7689.7,7685.7,7689.2,1075,4,0
2026-08-19 09:45:00,2026-08-19 07:45:00,7689.3,7696.9,7689.3,7696.5,980,4,0
2026-08-19 10:00:00,2026-08-19 08:00:00,7696.5,7696.8,7691.3,7696.3,1219,4,0
2026-08-19 10:15:00,2026-08-19 08:15:00,7696.4,7697.6,7693.6,7697.6,827,4,0
2026-08-19 10:30:00,2026-08-19 08:30:00,7697.7,7700.8,7695.5,7697.3,746,4,0
2026-08-19 10:45:00,2026-08-19 08:45:00,7697.3,7700.6,7696.6,7700.3,747,4,0
2026-08-19 11:00:00,2026-08-19 09:00:00,7700.6,7702.6,7698.7,7700.8,1102,4,0
2026-08-19 11:15:00,2026-08-19 09:15:00,7700.8,7703.8,7699.8,7703.4,822,4,0
2026-08-19 11:30:00,2026-08-19 09:30:00,7703.5,7703.5,7700.7,7702.3,536,4,0
2026-08-19 11:45:00,2026-08-19 09:45:00,7702.3,7702.8,7699.5,7700.0,566,4,0
2026-08-19 12:00:00,2026-08-19 10:00:00,7700.0,7702.8,7698.3,7698.3,656,4,0
2026-08-19 12:15:00,2026-08-19 10:15:00,7698.6,7698.6,7696.0,7696.3,538,4,0
2026-08-19 12:30:00,2026-08-19 10:30:00,7696.3,7698.6,7695.5,7695.8,674,4,0
2026-08-19 12:45:00,2026-08-19 10:45:00,7695.7,7697.0,7693.6,7695.3,639,4,0
2026-08-19 13:00:00,2026-08-19 11:00:00,7695.4,7696.2,7692.2,7695.2,735,4,0
2026-08-19 13:15:00,2026-08-19 11:15:00,7695.2,7695.3,7691.5,7695.0,705,4,0
2026-08-19 13:30:00,2026-08-19 11:30:00,7695.1,7698.1,7694.1,7697.7,610,4,0
2026-08-19 13:45:00,2026-08-19 11:45:00,7697.9,7698.2,7695.0,7695.2,457,4,0
2026-08-19 14:00:00,2026-08-19 12:00:00,7695.2,7701.3,7695.1,7699.6,823,4,0
2026-08-19 14:15:00,2026-08-19 12:15:00,7699.7,7700.6,7698.3,7699.3,655,4,0
2026-08-19 14:30:00,2026-08-19 12:30:00,7699.3,7699.8,7695.3,7697.5,802,4,0
2026-08-19 14:45:00,2026-08-19 12:45:00,7697.5,7699.8,7697.1,7699.7,660,4,0
2026-08-19 15:00:00,2026-08-19 13:00:00,7699.7,7700.6,7696.8,7699.6,760,4,0
2026-08-19 15:15:00,2026-08-19 13:15:00,7699.6,7702.2,7698.1,7698.9,803,4,0
2026-08-19 15:30:00,2026-08-19 13:30:00,7698.9,7722.6,7696.7,7722.6,2166,4,0
2026-08-19 15:45:00,2026-08-19 13:45:00,7722.7,7740.1,7722.7,7730.2,2012,4,0
2026-08-19 16:00:00,2026-08-19 14:00:00,7730.1,7731.3,7722.3,7730.3,1530,4,0
2026-08-19 16:15:00,2026-08-19 14:15:00,7730.3,7732.6,7725.2,7725.3,1245,4,0
2026-08-19 16:30:00,2026-08-19 14:30:00,7725.4,7728.1,7714.0,7722.6,2784,4,0
2026-08-19 16:45:00,2026-08-19 14:45:00,7722.7,7727.5,7702.7,7721.6,2848,4,0
2026-08-19 17:00:00,2026-08-19 15:00:00,7721.6,7724.1,7709.2,7709.2,2711,4,0
2026-08-19 17:15:00,2026-08-19 15:15:00,7709.5,7723.3,7709.0,7721.4,2561,4,0
2026-08-19 17:30:00,2026-08-19 15:30:00,7721.1,7735.0,7719.6,7732.3,2015,4,0
2026-08-19 17:45:00,2026-08-19 15:45:00,7732.6,7744.1,7728.6,7743.7,1727,4,0
2026-08-19 18:00:00,2026-08-19 16:00:00,7743.7,7746.6,7736.6,7739.7,1515,4,0
2026-08-19 18:15:00,2026-08-19 16:15:00,7739.6,7740.0,7730.3,7732.3,1613,4,0
2026-08-19 18:30:00,2026-08-19 16:30:00,7732.5,7733.0,7722.0,7726.1,1624,4,0
2026-08-19 18:45:00,2026-08-19 16:45:00,7726.1,7730.1,7721.7,7727.5,1569,4,0
2026-08-19 19:00:00,2026-08-19 17:00:00,7727.5,7738.1,7725.2,7737.0,1357,4,0
2026-08-19 19:15:00,2026-08-19 17:15:00,7736.8,7741.3,7728.1,7728.1,1316,4,0
2026-08-19 19:30:00,2026-08-19 17:30:00,7728.0,7728.7,7723.6,7725.0,1337,4,0
2026-08-19 19:45:00,2026-08-19 17:45:00,7725.0,7725.7,7716.1,7717.9,1326,4,0
2026-08-19 20:00:00,2026-08-19 18:00:00,7718.0,7723.5,7715.7,7719.7,1399,4,0
2026-08-19 20:15:00,2026-08-19 18:15:00,7719.6,7721.1,7711.5,7717.1,1396,4,0
2026-08-19 20:30:00,2026-08-19 18:30:00,7716.8,7718.7,7712.8,7716.9,1235,4,0
2026-08-19 20:45:00,2026-08-19 18:45:00,7717.1,7720.3,7715.1,7716.3,1089,4,0
2026-08-19 21:00:00,2026-08-19 19:00:00,7716.2,7726.6,7711.1,7715.8,1869,4,0
2026-08-19 21:15:00,2026-08-19 19:15:00,7715.8,7717.2,7712.1,7717.1,1370,4,0
2026-08-19 21:30:00,2026-08-19 19:30:00,7717.0,7722.3,7716.8,7719.3,1256,4,0
2026-08-19 21:45:00,2026-08-19 19:45:00,7719.3,7720.0,7716.2,7716.6,1022,4,0
2026-08-19 22:00:00,2026-08-19 20:00:00,7716.7,7721.1,7715.6,7718.6,1088,4,0
2026-08-19 22:15:00,2026-08-19 20:15:00,7718.6,7721.7,7717.0,7717.7,1027,4,0
2026-08-19 22:30:00,2026-08-19 20:30:00,7717.9,7725.3,7711.2,7711.3,1272,4,0
2026-08-19 22:45:00,2026-08-19 20:45:00,7711.2,7713.3,7703.7,7713.3,1680,4,0
2026-08-19 23:00:00,2026-08-19 21:00:00,7713.3,7714.7,7708.2,7710.6,644,4,0
2026-08-19 23:15:00,2026-08-19 21:15:00,7710.6,7711.4,7708.3,7711.3,387,4,0
2026-08-19 23:30:00,2026-08-19 21:30:00,7711.3,7711.8,7709.6,7710.8,205,4,0
2026-08-19 23:45:00,2026-08-19 21:45:00,7711.1,7713.3,7710.9,7712.8,250,4,0
2026-08-20 01:00:00,2026-08-19 23:00:00,7715.3,7725.1,7713.3,7722.9,1218,4,0
2026-08-20 01:15:00,2026-08-19 23:15:00,7722.9,7723.0,7720.0,7720.8,458,4,0
2026-08-20 01:30:00,2026-08-19 23:30:00,7720.8,7723.6,7719.7,7722.6,414,4,0
2026-08-20 01:45:00,2026-08-19 23:45:00,7722.6,7724.4,7721.7,7724.1,292,4,0
2026-08-20 02:00:00,2026-08-20 00:00:00,7724.0,7727.9,7722.1,7723.9,870,4,0
2026-08-20 02:15:00,2026-08-20 00:15:00,7723.9,7725.1,7722.5,7723.5,351,4,0
2026-08-20 02:30:00,2026-08-20 00:30:00,7723.6,7725.7,7722.2,7724.8,402,4,0
2026-08-20 02:45:00,2026-08-20 00:45:00,7724.7,7725.6,7721.6,7722.1,756,4,0
2026-08-20 03:00:00,2026-08-20 01:00:00,7722.0,7722.0,7716.0,7721.2,1753,4,0
2026-08-20 03:15:00,2026-08-20 01:15:00,7721.2,7724.6,7720.5,7720.9,1274,4,0
2026-08-20 03:30:00,2026-08-20 01:30:00,7720.9,7724.0,7719.3,7722.5,1098,4,0
2026-08-20 03:45:00,2026-08-20 01:45:00,7722.5,7724.6,7721.5,7724.2,850,4,0
2026-08-20 04:00:00,2026-08-20 02:00:00,7724.2,7726.0,7721.1,7722.5,1133,4,0
2026-08-20 04:15:00,2026-08-20 02:15:00,7722.5,7725.2,7720.0,7721.5,1393,4,0
2026-08-20 04:30:00,2026-08-20 02:30:00,7721.4,7724.2,7719.5,7723.8,1534,4,0
2026-08-20 04:45:00,2026-08-20 02:45:00,7723.8,7724.4,7718.9,7720.5,1101,4,0
2026-08-20 05:00:00,2026-08-20 03:00:00,7720.6,7725.1,7720.2,7723.5,1096,4,0
2026-08-20 05:15:00,2026-08-20 03:15:00,7723.4,7723.6,7717.6,7718.6,1062,4,0
2026-08-20 05:30:00,2026-08-20 03:30:00,7718.6,7722.6,7716.8,7721.1,1055,4,0
2026-08-20 05:45:00,2026-08-20 03:45:00,7721.0,7721.7,7717.6,7719.6,899,4,0
2026-08-20 06:00:00,2026-08-20 04:00:00,7719.6,7723.3,7718.1,7720.6,841,4,0
2026-08-20 06:15:00,2026-08-20 04:15:00,7720.6,7723.8,7720.2,7721.6,644,4,0
2026-08-20 06:30:00,2026-08-20 04:30:00,7721.6,7722.0,7718.5,7721.3,939,4,0
2026-08-20 06:45:00,2026-08-20 04:45:00,7720.8,7722.5,7720.2,7721.3,704,4,0
2026-08-20 07:00:00,2026-08-20 05:00:00,7721.2,7724.6,7720.6,7724.5,464,4,0
2026-08-20 07:15:00,2026-08-20 05:15:00,7724.5,7724.6,7722.7,7723.1,454,4,0
2026-08-20 07:30:00,2026-08-20 05:30:00,7723.1,7723.2,7720.0,7722.4,633,4,0
2026-08-20 07:45:00,2026-08-20 05:45:00,7722.4,7723.7,7720.8,7721.4,554,4,0
2026-08-20 08:00:00,2026-08-20 06:00:00,7721.4,7721.4,7716.8,7717.3,590,4,0
2026-08-20 08:15:00,2026-08-20 06:15:00,7717.3,7722.6,7717.2,7719.5,813,4,0
2026-08-20 08:30:00,2026-08-20 06:30:00,7719.5,7721.5,7717.6,7718.6,874,4,0
2026-08-20 08:45:00,2026-08-20 06:45:00,7718.5,7718.9,7716.1,7716.8,655,4,0
2026-08-20 09:00:00,2026-08-20 07:00:00,7716.8,7725.2,7716.7,7723.2,1009,4,0
2026-08-20 09:15:00,2026-08-20 07:15:00,7723.2,7723.4,7719.9,7722.8,648,4,0
2026-08-20 09:30:00,2026-08-20 07:30:00,7722.8,7726.3,7721.8,7725.2,687,4,0
2026-08-20 09:45:00,2026-08-20 07:45:00,7725.3,7727.1,7724.1,7724.3,583,4,0
2026-08-20 10:00:00,2026-08-20 08:00:00,7724.3,7724.3,7717.6,7718.2,1205,4,0
2026-08-20 10:15:00,2026-08-20 08:15:00,7718.2,7719.1,7713.0,7714.8,1016,4,0
2026-08-20 10:30:00,2026-08-20 08:30:00,7715.1,7717.8,7711.8,7714.3,1219,4,0
2026-08-20 10:45:00,2026-08-20 08:45:00,7714.2,7717.3,7711.9,7712.1,792,4,0
2026-08-20 11:00:00,2026-08-20 09:00:00,7712.2,7715.5,7706.5,7708.7,1534,4,0
2026-08-20 11:15:00,2026-08-20 09:15:00,7708.6,7711.3,7703.7,7704.9,1329,4,0
2026-08-20 11:30:00,2026-08-20 09:30:00,7704.9,7706.6,7698.5,7702.6,1308,4,0
2026-08-20 11:45:00,2026-08-20 09:45:00,7702.6,7703.4,7697.4,7700.5,1351,4,0
2026-08-20 12:00:00,2026-08-20 10:00:00,7700.5,7709.1,7699.4,7706.7,1356,4,0
2026-08-20 12:15:00,2026-08-20 10:15:00,7706.5,7708.6,7704.7,7706.2,912,4,0
2026-08-20 12:30:00,2026-08-20 10:30:00,7706.5,7707.6,7703.8,7707.3,996,4,0
2026-08-20 12:45:00,2026-08-20 10:45:00,7707.2,7708.9,7704.1,7705.8,931,4,0
2026-08-20 13:00:00,2026-08-20 11:00:00,7705.8,7710.6,7703.7,7710.3,1046,4,0
2026-08-20 13:15:00,2026-08-20 11:15:00,7710.3,7710.8,7706.7,7709.3,792,4,0
2026-08-20 13:30:00,2026-08-20 11:30:00,7709.3,7711.1,7706.0,7707.6,941,4,0
2026-08-20 13:45:00,2026-08-20 11:45:00,7707.6,7712.6,7707.2,7712.5,665,4,0
2026-08-20 14:00:00,2026-08-20 12:00:00,7712.5,7715.2,7702.6,7706.1,1511,4,0
2026-08-20 14:15:00,2026-08-20 12:15:00,7706.2,7708.0,7696.2,7696.8,1154,4,0
2026-08-20 14:30:00,2026-08-20 12:30:00,7696.8,7701.1,7695.1,7695.7,1336,4,0
2026-08-20 14:45:00,2026-08-20 12:45:00,7695.7,7696.6,7685.3,7686.3,1608,4,0
2026-08-20 15:00:00,2026-08-20 13:00:00,7686.3,7686.6,7666.7,7669.4,2230,4,0
2026-08-20 15:15:00,2026-08-20 13:15:00,7669.1,7674.7,7667.8,7668.6,1893,4,0
2026-08-20 15:30:00,2026-08-20 13:30:00,7668.5,7670.7,7662.5,7670.6,1796,4,0
2026-08-20 15:45:00,2026-08-20 13:45:00,7670.6,7679.3,7669.8,7678.8,1120,4,0
2026-08-20 16:00:00,2026-08-20 14:00:00,7678.8,7683.7,7676.6,7677.1,1185,4,0
2026-08-20 16:15:00,2026-08-20 14:15:00,7677.1,7680.6,7674.5,7680.2,1362,4,0
2026-08-20 16:30:00,2026-08-20 14:30:00,7679.8,7698.2,7679.2,7694.1,2833,4,0
2026-08-20 16:45:00,2026-08-20 14:45:00,7694.2,7695.7,7682.1,7685.8,2911,4,0
2026-08-20 17:00:00,2026-08-20 15:00:00,7685.8,7689.9,7679.0,7680.0,2790,4,0
2026-08-20 17:15:00,2026-08-20 15:15:00,7680.0,7689.6,7673.7,7682.4,2656,4,0
2026-08-20 17:30:00,2026-08-20 15:30:00,7682.2,7693.2,7679.5,7691.8,2381,4,0
2026-08-20 17:45:00,2026-08-20 15:45:00,7691.8,7695.0,7685.4,7691.8,2142,4,0
2026-08-20 18:00:00,2026-08-20 16:00:00,7692.1,7701.7,7680.6,7687.9,2625,4,0
2026-08-20 18:15:00,2026-08-20 16:15:00,7687.9,7690.9,7680.0,7687.5,2195,4,0
2026-08-20 18:30:00,2026-08-20 16:30:00,7687.3,7688.8,7673.2,7673.5,2054,4,0
2026-08-20 18:45:00,2026-08-20 16:45:00,7673.5,7680.6,7672.5,7678.3,1685,4,0
2026-08-20 19:00:00,2026-08-20 17:00:00,7678.3,7680.9,7674.8,7675.2,1580,4,0
2026-08-20 19:15:00,2026-08-20 17:15:00,7675.1,7680.9,7674.6,7677.6,1336,4,0
2026-08-20 19:30:00,2026-08-20 17:30:00,7677.6,7686.6,7673.7,7686.5,1330,4,0
2026-08-20 19:45:00,2026-08-20 17:45:00,7686.5,7686.5,7680.2,7684.0,1241,4,0
2026-08-20 20:00:00,2026-08-20 18:00:00,7684.0,7684.2,7674.7,7675.0,1181,4,0
2026-08-20 20:15:00,2026-08-20 18:15:00,7675.0,7675.4,7667.1,7667.5,1272,4,0
2026-08-20 20:30:00,2026-08-20 18:30:00,7667.5,7668.7,7662.2,7664.4,1085,4,0
2026-08-20 20:45:00,2026-08-20 18:45:00,7664.6,7670.1,7664.1,7665.6,1032,4,0
2026-08-20 21:00:00,2026-08-20 19:00:00,7665.6,7665.6,7653.5,7655.8,1320,4,0
2026-08-20 21:15:00,2026-08-20 19:15:00,7655.8,7659.5,7651.3,7655.6,1211,4,0
2026-08-20 21:30:00,2026-08-20 19:30:00,7655.6,7656.6,7652.2,7655.9,962,4,0
2026-08-20 21:45:00,2026-08-20 19:45:00,7655.8,7658.6,7652.6,7652.6,929,4,0
2026-08-20 22:00:00,2026-08-20 20:00:00,7652.6,7657.2,7651.8,7655.5,987,4,0
2026-08-20 22:15:00,2026-08-20 20:15:00,7655.3,7658.3,7652.7,7655.3,903,4,0
2026-08-20 22:30:00,2026-08-20 20:30:00,7655.3,7656.8,7650.0,7651.3,1040,4,0
2026-08-20 22:45:00,2026-08-20 20:45:00,7651.3,7654.6,7641.1,7647.2,1667,4,0
2026-08-20 23:00:00,2026-08-20 21:00:00,7647.6,7649.3,7642.8,7643.6,673,4,0
2026-08-20 23:15:00,2026-08-20 21:15:00,7643.4,7646.6,7639.7,7644.7,370,4,0
2026-08-20 23:30:00,2026-08-20 21:30:00,7644.7,7649.2,7644.0,7648.1,316,4,0
2026-08-20 23:45:00,2026-08-20 21:45:00,7648.1,7649.8,7647.6,7649.1,207,4,0
2026-08-21 01:00:00,2026-08-20 23:00:00,7653.6,7654.2,7645.7,7646.5,930,4,0
2026-08-21 01:15:00,2026-08-20 23:15:00,7646.5,7648.8,7646.3,7648.1,498,4,0
2026-08-21 01:30:00,2026-08-20 23:30:00,7648.3,7650.0,7646.5,7649.5,436,4,0
2026-08-21 01:45:00,2026-08-20 23:45:00,7649.5,7652.1,7649.0,7651.9,309,4,0
2026-08-21 02:00:00,2026-08-21 00:00:00,7651.8,7651.9,7650.4,7650.7,284,4,0
2026-08-21 02:15:00,2026-08-21 00:15:00,7650.6,7651.7,7649.9,7650.2,248,4,0
2026-08-21 02:30:00,2026-08-21 00:30:00,7650.4,7651.1,7648.3,7650.3,371,4,0
2026-08-21 02:45:00,2026-08-21 00:45:00,7650.4,7650.4,7646.7,7648.7,962,4,0
2026-08-21 03:00:00,2026-08-21 01:00:00,7648.7,7655.5,7648.1,7655.0,1490,4,0
2026-08-21 03:15:00,2026-08-21 01:15:00,7655.0,7655.0,7648.0,7649.4,1226,4,0
2026-08-21 03:30:00,2026-08-21 01:30:00,7649.4,7652.2,7648.0,7650.9,1171,4,0
2026-08-21 03:45:00,2026-08-21 01:45:00,7650.9,7651.8,7646.9,7647.0,1171,4,0
2026-08-21 04:00:00,2026-08-21 02:00:00,7647.0,7649.0,7643.8,7647.6,1505,4,0
2026-08-21 04:15:00,2026-08-21 02:15:00,7647.7,7650.5,7645.8,7648.1,1407,4,0
2026-08-21 04:30:00,2026-08-21 02:30:00,7648.1,7650.0,7645.7,7648.9,1213,4,0
2026-08-21 04:45:00,2026-08-21 02:45:00,7648.9,7651.6,7646.9,7649.5,993,4,0
2026-08-21 05:00:00,2026-08-21 03:00:00,7649.6,7652.1,7649.1,7652.1,686,4,0
2026-08-21 05:15:00,2026-08-21 03:15:00,7652.1,7655.3,7651.4,7654.2,529,4,0
2026-08-21 05:30:00,2026-08-21 03:30:00,7654.2,7655.1,7652.6,7652.9,552,4,0
2026-08-21 05:45:00,2026-08-21 03:45:00,7653.0,7655.2,7652.4,7653.3,499,4,0
2026-08-21 06:00:00,2026-08-21 04:00:00,7653.4,7654.1,7650.2,7650.3,441,4,0
2026-08-21 06:15:00,2026-08-21 04:15:00,7650.4,7651.5,7649.3,7650.9,506,4,0
2026-08-21 06:30:00,2026-08-21 04:30:00,7650.9,7653.2,7650.4,7651.0,666,4,0
2026-08-21 06:45:00,2026-08-21 04:45:00,7651.0,7651.8,7649.0,7650.5,582,4,0
2026-08-21 07:00:00,2026-08-21 05:00:00,7650.5,7652.5,7650.2,7652.0,609,4,0
2026-08-21 07:15:00,2026-08-21 05:15:00,7652.1,7652.4,7648.2,7648.2,499,4,0
2026-08-21 07:30:00,2026-08-21 05:30:00,7648.2,7649.2,7646.8,7647.9,450,4,0
2026-08-21 07:45:00,2026-08-21 05:45:00,7647.9,7652.1,7647.9,7651.4,396,4,0
2026-08-21 08:00:00,2026-08-21 06:00:00,7651.4,7653.1,7650.6,7652.2,440,4,0
2026-08-21 08:15:00,2026-08-21 06:15:00,7652.2,7653.5,7649.5,7649.7,402,4,0
2026-08-21 08:30:00,2026-08-21 06:30:00,7649.7,7653.0,7649.1,7650.9,643,4,0
2026-08-21 08:45:00,2026-08-21 06:45:00,7650.9,7651.1,7648.2,7650.9,508,4,0
2026-08-21 09:00:00,2026-08-21 07:00:00,7650.9,7652.7,7649.5,7652.1,760,4,0
2026-08-21 09:15:00,2026-08-21 07:15:00,7652.1,7653.0,7651.1,7652.5,529,4,0
2026-08-21 09:30:00,2026-08-21 07:30:00,7652.6,7657.7,7652.4,7652.5,529,4,0
2026-08-21 09:45:00,2026-08-21 07:45:00,7652.5,7656.5,7651.6,7656.0,654,4,0
2026-08-21 10:00:00,2026-08-21 08:00:00,7656.0,7660.4,7653.6,7660.2,894,4,0
2026-08-21 10:15:00,2026-08-21 08:15:00,7660.2,7661.7,7658.6,7659.1,665,4,0
2026-08-21 10:30:00,2026-08-21 08:30:00,7658.9,7664.5,7658.6,7661.8,727,4,0
2026-08-21 10:45:00,2026-08-21 08:45:00,7661.8,7664.6,7661.1,7664.3,577,4,0
2026-08-21 11:00:00,2026-08-21 09:00:00,7664.4,7666.0,7660.3,7662.1,1096,4,0
2026-08-21 11:15:00,2026-08-21 09:15:00,7662.2,7666.7,7661.1,7666.0,940,4,0
2026-08-21 11:30:00,2026-08-21 09:30:00,7666.0,7669.1,7665.6,7668.8,781,4,0
2026-08-21 11:45:00,2026-08-21 09:45:00,7668.8,7672.3,7668.1,7670.0,574,4,0
2026-08-21 12:00:00,2026-08-21 10:00:00,7670.0,7670.4,7664.6,7668.5,913,4,0
2026-08-21 12:15:00,2026-08-21 10:15:00,7668.5,7669.3,7667.2,7667.5,542,4,0
2026-08-21 12:30:00,2026-08-21 10:30:00,7667.5,7670.8,7666.7,7669.8,519,4,0
2026-08-21 12:45:00,2026-08-21 10:45:00,7670.0,7671.3,7668.6,7670.4,507,4,0
2026-08-21 13:00:00,2026-08-21 11:00:00,7670.4,7674.5,7668.0,7669.3,706,4,0
2026-08-21 13:15:00,2026-08-21 11:15:00,7669.3,7671.3,7668.1,7671.2,571,4,0
2026-08-21 13:30:00,2026-08-21 11:30:00,7671.2,7671.5,7669.0,7669.3,457,4,0
2026-08-21 13:45:00,2026-08-21 11:45:00,7669.3,7671.4,7669.3,7670.8,420,4,0
2026-08-21 14:00:00,2026-08-21 12:00:00,7670.7,7671.8,7667.2,7670.0,720,4,0
2026-08-21 14:15:00,2026-08-21 12:15:00,7670.0,7680.7,7670.0,7679.1,1120,4,0
2026-08-21 14:30:00,2026-08-21 12:30:00,7679.1,7682.0,7676.9,7681.2,1241,4,0
2026-08-21 14:45:00,2026-08-21 12:45:00,7681.2,7681.3,7676.3,7677.4,585,4,0
2026-08-21 15:00:00,2026-08-21 13:00:00,7677.3,7679.2,7675.3,7676.6,643,4,0
2026-08-21 15:15:00,2026-08-21 13:15:00,7676.4,7683.4,7675.8,7683.4,615,4,0
2026-08-21 15:30:00,2026-08-21 13:30:00,7683.4,7686.8,7680.6,7686.7,747,4,0
2026-08-21 15:45:00,2026-08-21 13:45:00,7686.8,7686.9,7682.4,7683.3,515,4,0
2026-08-21 16:00:00,2026-08-21 14:00:00,7683.5,7684.8,7673.2,7674.2,801,4,0
2026-08-21 16:15:00,2026-08-21 14:15:00,7674.2,7678.8,7667.7,7678.6,1286,4,0
2026-08-21 16:30:00,2026-08-21 14:30:00,7677.7,7677.8,7663.7,7668.5,2686,4,0
2026-08-21 16:45:00,2026-08-21 14:45:00,7667.9,7671.2,7659.2,7663.4,2258,4,0
2026-08-21 17:00:00,2026-08-21 15:00:00,7663.2,7673.1,7663.1,7665.0,2294,4,0
2026-08-21 17:15:00,2026-08-21 15:15:00,7664.8,7669.9,7662.5,7664.0,2032,4,0
2026-08-21 17:30:00,2026-08-21 15:30:00,7664.0,7666.6,7659.9,7663.9,2004,4,0
2026-08-21 17:45:00,2026-08-21 15:45:00,7663.9,7676.3,7663.0,7676.1,1820,4,0
2026-08-21 18:00:00,2026-08-21 16:00:00,7676.1,7682.0,7674.8,7675.1,1671,4,0
2026-08-21 18:15:00,2026-08-21 16:15:00,7674.8,7677.8,7672.1,7677.2,1275,4,0
2026-08-21 18:30:00,2026-08-21 16:30:00,7677.3,7692.1,7676.1,7690.8,1392,4,0
2026-08-21 18:45:00,2026-08-21 16:45:00,7691.0,7696.4,7687.4,7689.9,1206,4,0
2026-08-21 19:00:00,2026-08-21 17:00:00,7689.9,7690.9,7680.0,7680.2,1254,4,0
2026-08-21 19:15:00,2026-08-21 17:15:00,7680.0,7687.8,7676.3,7682.8,1541,4,0
2026-08-21 19:30:00,2026-08-21 17:30:00,7682.8,7683.3,7677.8,7681.3,1008,4,0
2026-08-21 19:45:00,2026-08-21 17:45:00,7681.2,7682.0,7675.5,7681.4,979,4,0
2026-08-21 20:00:00,2026-08-21 18:00:00,7681.5,7683.2,7678.6,7679.8,995,4,0
2026-08-21 20:15:00,2026-08-21 18:15:00,7679.8,7680.6,7674.8,7676.0,1056,4,0
2026-08-21 20:30:00,2026-08-21 18:30:00,7676.1,7676.9,7672.5,7674.6,853,4,0
2026-08-21 20:45:00,2026-08-21 18:45:00,7674.7,7676.7,7672.1,7672.1,789,4,0
2026-08-21 21:00:00,2026-08-21 19:00:00,7672.2,7675.1,7670.5,7671.1,820,4,0
2026-08-21 21:15:00,2026-08-21 19:15:00,7671.1,7673.9,7670.2,7670.6,654,4,0
2026-08-21 21:30:00,2026-08-21 19:30:00,7670.6,7673.1,7668.2,7671.7,717,4,0
2026-08-21 21:45:00,2026-08-21 19:45:00,7671.6,7680.2,7671.0,7679.5,704,4,0
2026-08-21 22:00:00,2026-08-21 20:00:00,7679.6,7681.3,7676.2,7678.2,842,4,0
2026-08-21 22:15:00,2026-08-21 20:15:00,7678.1,7679.9,7676.1,7678.0,578,4,0
2026-08-21 22:30:00,2026-08-21 20:30:00,7678.0,7682.2,7677.3,7682.1,710,4,0
2026-08-21 22:45:00,2026-08-21 20:45:00,7681.9,7685.3,7671.6,7674.0,1186,4,0
2026-08-21 23:00:00,2026-08-21 21:00:00,7674.2,7674.5,7671.4,7673.3,531,4,0
2026-08-21 23:15:00,2026-08-21 21:15:00,7673.3,7674.3,7670.0,7670.1,297,4,0
2026-08-21 23:30:00,2026-08-21 21:30:00,7670.1,7672.4,7670.1,7672.1,174,4,0
2026-08-21 23:45:00,2026-08-21 21:45:00,7672.1,7672.4,7669.5,7670.2,140,4,0
2026-08-24 01:00:00,2026-08-23 23:00:00,7678.8,7679.0,7666.9,7669.2,1237,4,0
2026-08-24 01:15:00,2026-08-23 23:15:00,7669.2,7670.4,7666.8,7668.9,501,4,0
2026-08-24 01:30:00,2026-08-23 23:30:00,7668.9,7674.4,7668.4,7674.3,575,4,0
2026-08-24 01:45:00,2026-08-23 23:45:00,7674.3,7675.5,7674.1,7674.7,377,4,0
2026-08-24 02:00:00,2026-08-24 00:00:00,7674.7,7675.8,7674.1,7675.0,300,4,0
2026-08-24 02:15:00,2026-08-24 00:15:00,7674.9,7680.1,7674.5,7680.0,346,4,0
2026-08-24 02:30:00,2026-08-24 00:30:00,7680.0,7681.9,7679.6,7679.7,437,4,0
2026-08-24 02:45:00,2026-08-24 00:45:00,7679.7,7687.5,7679.7,7687.3,876,4,0
2026-08-24 03:00:00,2026-08-24 01:00:00,7687.3,7688.5,7682.2,7683.4,1806,4,0
2026-08-24 03:15:00,2026-08-24 01:15:00,7683.3,7683.4,7670.1,7674.2,1767,4,0
2026-08-24 03:30:00,2026-08-24 01:30:00,7674.2,7675.3,7672.1,7673.0,1554,4,0
2026-08-24 03:45:00,2026-08-24 01:45:00,7673.0,7682.9,7672.2,7682.4,1457,4,0
2026-08-24 04:00:00,2026-08-24 02:00:00,7682.6,7687.5,7681.2,7686.2,1558,4,0
2026-08-24 04:15:00,2026-08-24 02:15:00,7686.2,7687.6,7682.1,7682.4,1308,4,0
2026-08-24 04:30:00,2026-08-24 02:30:00,7682.5,7683.8,7679.5,7682.0,1460,4,0
2026-08-24 04:45:00,2026-08-24 02:45:00,7681.9,7684.5,7675.4,7675.6,1409,4,0
2026-08-24 05:00:00,2026-08-24 03:00:00,7675.4,7680.6,7672.1,7680.0,1656,4,0
2026-08-24 05:15:00,2026-08-24 03:15:00,7680.0,7681.5,7678.3,7680.1,1288,4,0
2026-08-24 05:30:00,2026-08-24 03:30:00,7680.0,7681.4,7679.1,7681.3,1139,4,0
2026-08-24 05:45:00,2026-08-24 03:45:00,7681.3,7682.5,7678.0,7681.7,1260,4,0
2026-08-24 06:00:00,2026-08-24 04:00:00,7681.7,7681.8,7673.2,7673.9,943,4,0
2026-08-24 06:15:00,2026-08-24 04:15:00,7674.0,7675.7,7673.3,7673.8,719,4,0
2026-08-24 06:30:00,2026-08-24 04:30:00,7673.8,7674.1,7670.3,7670.3,989,4,0
2026-08-24 06:45:00,2026-08-24 04:45:00,7670.2,7672.2,7667.4,7667.7,874,4,0
2026-08-24 07:00:00,2026-08-24 05:00:00,7667.9,7669.7,7666.9,7669.7,729,4,0
2026-08-24 07:15:00,2026-08-24 05:15:00,7669.7,7670.0,7665.7,7668.5,958,4,0
2026-08-24 07:30:00,2026-08-24 05:30:00,7668.5,7669.4,7665.6,7668.8,1112,4,0
2026-08-24 07:45:00,2026-08-24 05:45:00,7668.8,7669.0,7664.6,7664.8,897,4,0
2026-08-24 08:00:00,2026-08-24 06:00:00,7664.8,7670.6,7664.6,7670.4,1054,4,0
2026-08-24 08:15:00,2026-08-24 06:15:00,7670.4,7670.4,7665.5,7665.5,923,4,0
2026-08-24 08:30:00,2026-08-24 06:30:00,7665.5,7667.0,7660.4,7663.5,1112,4,0
2026-08-24 08:45:00,2026-08-24 06:45:00,7663.4,7664.2,7660.2,7661.7,1076,4,0
2026-08-24 09:00:00,2026-08-24 07:00:00,7661.6,7663.8,7657.0,7658.2,1283,4,0
2026-08-24 09:15:00,2026-08-24 07:15:00,7658.2,7661.3,7654.1,7658.2,1232,4,0
2026-08-24 09:30:00,2026-08-24 07:30:00,7658.3,7660.6,7656.2,7656.7,967,4,0
2026-08-24 09:45:00,2026-08-24 07:45:00,7656.7,7660.8,7655.9,7658.4,754,4,0
2026-08-24 10:00:00,2026-08-24 08:00:00,7658.5,7663.4,7656.9,7662.9,1347,4,0
2026-08-24 10:15:00,2026-08-24 08:15:00,7663.1,7664.3,7659.8,7660.2,1015,4,0
2026-08-24 10:30:00,2026-08-24 08:30:00,7660.2,7664.5,7657.4,7657.4,1071,4,0
2026-08-24 10:45:00,2026-08-24 08:45:00,7657.6,7659.9,7655.6,7655.9,1034,4,0
2026-08-24 11:00:00,2026-08-24 09:00:00,7656.1,7666.3,7653.6,7660.8,1713,4,0
2026-08-24 11:15:00,2026-08-24 09:15:00,7660.8,7664.8,7659.3,7662.2,1205,4,0
2026-08-24 11:30:00,2026-08-24 09:30:00,7662.2,7668.1,7661.5,7667.4,1034,4,0
2026-08-24 11:45:00,2026-08-24 09:45:00,7667.4,7669.2,7665.8,7665.8,759,4,0
2026-08-24 12:00:00,2026-08-24 10:00:00,7665.8,7669.5,7663.8,7667.2,770,4,0
2026-08-24 12:15:00,2026-08-24 10:15:00,7667.3,7667.6,7662.8,7663.6,567,4,0
2026-08-24 12:30:00,2026-08-24 10:30:00,7663.5,7667.0,7663.4,7665.9,757,4,0
2026-08-24 12:45:00,2026-08-24 10:45:00,7665.9,7667.8,7664.8,7665.5,555,4,0
2026-08-24 13:00:00,2026-08-24 11:00:00,7665.7,7666.9,7661.6,7661.9,632,4,0
2026-08-24 13:15:00,2026-08-24 11:15:00,7662.1,7664.9,7660.6,7661.2,615,4,0
2026-08-24 13:30:00,2026-08-24 11:30:00,7660.9,7665.2,7658.3,7659.6,748,4,0
2026-08-24 13:45:00,2026-08-24 11:45:00,7659.6,7659.9,7654.9,7655.4,666,4,0
2026-08-24 14:00:00,2026-08-24 12:00:00,7655.6,7656.6,7649.5,7652.7,1052,4,0
2026-08-24 14:15:00,2026-08-24 12:15:00,7652.7,7657.0,7652.4,7655.2,807,4,0
2026-08-24 14:30:00,2026-08-24 12:30:00,7655.2,7671.2,7655.2,7666.4,1893,4,0
2026-08-24 14:45:00,2026-08-24 12:45:00,7666.3,7666.3,7661.4,7664.9,1053,4,0
2026-08-24 15:00:00,2026-08-24 13:00:00,7664.9,7665.0,7660.9,7662.2,873,4,0
2026-08-24 15:15:00,2026-08-24 13:15:00,7661.9,7666.4,7660.9,7665.9,872,4,0
2026-08-24 15:30:00,2026-08-24 13:30:00,7665.9,7667.1,7654.9,7661.2,1383,4,0
2026-08-24 15:45:00,2026-08-24 13:45:00,7661.2,7664.8,7660.6,7662.9,932,4,0
2026-08-24 16:00:00,2026-08-24 14:00:00,7663.0,7665.0,7661.7,7662.1,922,4,0
2026-08-24 16:15:00,2026-08-24 14:15:00,7662.2,7667.0,7661.2,7666.7,1021,4,0
2026-08-24 16:30:00,2026-08-24 14:30:00,7666.3,7667.2,7641.1,7641.1,2710,4,0
2026-08-24 16:45:00,2026-08-24 14:45:00,7641.1,7656.0,7640.1,7653.7,2538,4,0
2026-08-24 17:00:00,2026-08-24 15:00:00,7653.9,7658.9,7644.3,7649.3,2253,4,0
2026-08-24 17:15:00,2026-08-24 15:15:00,7649.4,7654.3,7645.6,7648.3,1900,4,0
2026-08-24 17:30:00,2026-08-24 15:30:00,7648.4,7660.5,7646.9,7656.3,1824,4,0
2026-08-24 17:45:00,2026-08-24 15:45:00,7656.3,7658.8,7653.3,7655.8,1582,4,0
2026-08-24 18:00:00,2026-08-24 16:00:00,7655.8,7657.4,7645.8,7646.4,1413,4,0
2026-08-24 18:15:00,2026-08-24 16:15:00,7646.4,7659.0,7643.0,7656.2,1546,4,0
2026-08-24 18:30:00,2026-08-24 16:30:00,7656.4,7663.6,7653.1,7661.7,1581,4,0
2026-08-24 18:45:00,2026-08-24 16:45:00,7661.8,7666.5,7660.9,7664.4,1131,4,0
2026-08-24 19:00:00,2026-08-24 17:00:00,7664.4,7670.4,7663.4,7665.7,1238,4,0
2026-08-24 19:15:00,2026-08-24 17:15:00,7665.7,7671.4,7665.3,7668.1,962,4,0
2026-08-24 19:30:00,2026-08-24 17:30:00,7668.1,7669.3,7661.1,7662.2,838,4,0
2026-08-24 19:45:00,2026-08-24 17:45:00,7662.2,7663.7,7660.3,7661.2,812,4,0
2026-08-24 20:00:00,2026-08-24 18:00:00,7661.2,7666.9,7657.8,7664.2,1155,4,0
2026-08-24 20:15:00,2026-08-24 18:15:00,7664.2,7665.0,7652.5,7653.1,1274,4,0
2026-08-24 20:30:00,2026-08-24 18:30:00,7653.1,7654.6,7650.2,7650.3,1054,4,0
2026-08-24 20:45:00,2026-08-24 18:45:00,7650.3,7654.2,7649.6,7652.2,809,4,0
2026-08-24 21:00:00,2026-08-24 19:00:00,7651.9,7661.9,7651.9,7661.6,970,4,0
2026-08-24 21:15:00,2026-08-24 19:15:00,7661.6,7667.7,7660.4,7667.2,932,4,0
2026-08-24 21:30:00,2026-08-24 19:30:00,7667.3,7670.3,7660.5,7662.4,951,4,0
2026-08-24 21:45:00,2026-08-24 19:45:00,7662.6,7663.8,7658.9,7659.4,676,4,0
2026-08-24 22:00:00,2026-08-24 20:00:00,7659.3,7661.5,7657.4,7660.4,821,4,0
2026-08-24 22:15:00,2026-08-24 20:15:00,7660.4,7661.8,7658.4,7659.1,645,4,0
2026-08-24 22:30:00,2026-08-24 20:30:00,7659.1,7661.9,7655.2,7656.4,712,4,0
2026-08-24 22:45:00,2026-08-24 20:45:00,7656.4,7659.3,7653.4,7654.4,1237,4,0
2026-08-24 23:00:00,2026-08-24 21:00:00,7654.6,7658.3,7653.3,7655.9,506,4,0
2026-08-24 23:15:00,2026-08-24 21:15:00,7655.9,7656.2,7651.6,7651.9,294,4,0
2026-08-24 23:30:00,2026-08-24 21:30:00,7651.9,7656.4,7651.7,7656.2,192,4,0
2026-08-24 23:45:00,2026-08-24 21:45:00,7656.2,7660.0,7655.1,7659.3,222,4,0
2026-08-25 01:00:00,2026-08-24 23:00:00,7661.7,7662.8,7659.0,7659.7,699,4,0
2026-08-25 01:15:00,2026-08-24 23:15:00,7659.7,7660.8,7659.4,7659.8,330,4,0
2026-08-25 01:30:00,2026-08-24 23:30:00,7659.9,7660.3,7658.7,7659.1,267,4,0
2026-08-25 01:45:00,2026-08-24 23:45:00,7659.2,7660.3,7659.0,7660.0,159,4,0
2026-08-25 02:00:00,2026-08-25 00:00:00,7660.0,7660.9,7659.2,7660.8,150,4,0
2026-08-25 02:15:00,2026-08-25 00:15:00,7661.0,7661.1,7658.0,7658.1,259,4,0
2026-08-25 02:30:00,2026-08-25 00:30:00,7658.1,7658.2,7653.4,7654.7,451,4,0
2026-08-25 02:45:00,2026-08-25 00:45:00,7654.6,7656.6,7653.9,7656.1,713,4,0
2026-08-25 03:00:00,2026-08-25 01:00:00,7656.1,7656.6,7649.3,7649.9,1356,4,0
2026-08-25 03:15:00,2026-08-25 01:15:00,7649.9,7653.9,7645.8,7653.7,1506,4,0
2026-08-25 03:30:00,2026-08-25 01:30:00,7653.7,7659.6,7652.9,7658.8,1401,4,0
2026-08-25 03:45:00,2026-08-25 01:45:00,7658.8,7661.2,7657.0,7659.2,1213,4,0
2026-08-25 04:00:00,2026-08-25 02:00:00,7659.2,7660.9,7657.8,7659.7,1350,4,0
2026-08-25 04:15:00,2026-08-25 02:15:00,7659.7,7660.7,7656.2,7658.0,1193,4,0
2026-08-25 04:30:00,2026-08-25 02:30:00,7657.9,7662.4,7657.5,7660.2,1458,4,0
2026-08-25 04:45:00,2026-08-25 02:45:00,7660.3,7661.8,7658.7,7658.9,1088,4,0
2026-08-25 05:00:00,2026-08-25 03:00:00,7658.8,7660.7,7653.7,7655.2,978,4,0
2026-08-25 05:15:00,2026-08-25 03:15:00,7655.1,7658.0,7653.7,7657.4,992,4,0
2026-08-25 05:30:00,2026-08-25 03:30:00,7657.4,7661.0,7656.5,7657.7,1229,4,0
2026-08-25 05:45:00,2026-08-25 03:45:00,7657.8,7658.0,7652.2,7653.6,936,4,0
2026-08-25 06:00:00,2026-08-25 04:00:00,7653.6,7662.7,7653.5,7660.4,1176,4,0
2026-08-25 06:15:00,2026-08-25 04:15:00,7660.4,7663.2,7660.3,7663.0,881,4,0
2026-08-25 06:30:00,2026-08-25 04:30:00,7663.0,7664.3,7661.3,7661.7,706,4,0
2026-08-25 06:45:00,2026-08-25 04:45:00,7661.7,7661.8,7659.1,7660.7,536,4,0
2026-08-25 07:00:00,2026-08-25 05:00:00,7660.6,7663.9,7660.1,7663.8,714,4,0
2026-08-25 07:15:00,2026-08-25 05:15:00,7663.8,7664.1,7662.5,7663.3,501,4,0
2026-08-25 07:30:00,2026-08-25 05:30:00,7663.5,7665.1,7662.6,7664.0,696,4,0
2026-08-25 07:45:00,2026-08-25 05:45:00,7664.0,7664.7,7660.5,7662.4,626,4,0
2026-08-25 08:00:00,2026-08-25 06:00:00,7662.4,7665.4,7661.6,7663.4,864,4,0
2026-08-25 08:15:00,2026-08-25 06:15:00,7663.4,7665.4,7663.4,7664.5,657,4,0
2026-08-25 08:30:00,2026-08-25 06:30:00,7664.5,7666.1,7663.0,7663.2,698,4,0
2026-08-25 08:45:00,2026-08-25 06:45:00,7663.1,7666.7,7662.6,7665.7,704,4,0
2026-08-25 09:00:00,2026-08-25 07:00:00,7665.6,7668.7,7665.3,7667.0,793,4,0
2026-08-25 09:15:00,2026-08-25 07:15:00,7667.0,7672.6,7665.8,7670.8,631,4,0
2026-08-25 09:30:00,2026-08-25 07:30:00,7670.9,7673.4,7669.0,7673.3,687,4,0
2026-08-25 09:45:00,2026-08-25 07:45:00,7673.1,7675.0,7670.9,7675.0,595,4,0
2026-08-25 10:00:00,2026-08-25 08:00:00,7675.0,7678.1,7672.9,7673.3,862,4,0
2026-08-25 10:15:00,2026-08-25 08:15:00,7673.3,7675.2,7667.8,7670.5,868,4,0
2026-08-25 10:30:00,2026-08-25 08:30:00,7670.4,7672.2,7668.9,7671.3,750,4,0
2026-08-25 10:45:00,2026-08-25 08:45:00,7671.4,7671.8,7667.1,7668.2,648,4,0
2026-08-25 11:00:00,2026-08-25 09:00:00,7668.3,7670.8,7666.2,7666.9,989,4,0
2026-08-25 11:15:00,2026-08-25 09:15:00,7666.9,7685.3,7666.9,7677.0,1649,4,0
2026-08-25 11:30:00,2026-08-25 09:30:00,7676.9,7680.8,7674.6,7678.3,1270,4,0
2026-08-25 11:45:00,2026-08-25 09:45:00,7678.2,7683.0,7678.2,7682.5,957,4,0
2026-08-25 12:00:00,2026-08-25 10:00:00,7682.4,7686.4,7680.1,7684.7,1098,4,0
2026-08-25 12:15:00,2026-08-25 10:15:00,7684.6,7686.2,7683.0,7684.7,715,4,0
2026-08-25 12:30:00,2026-08-25 10:30:00,7684.7,7694.9,7684.3,7690.7,1487,4,0
2026-08-25 12:45:00,2026-08-25 10:45:00,7690.7,7698.9,7690.0,7695.1,1076,4,0
2026-08-25 13:00:00,2026-08-25 11:00:00,7695.0,7695.6,7690.6,7693.2,867,4,0
2026-08-25 13:15:00,2026-08-25 11:15:00,7693.2,7693.4,7688.8,7689.2,501,4,0
2026-08-25 13:30:00,2026-08-25 11:30:00,7689.2,7689.9,7685.6,7685.6,538,4,0
2026-08-25 13:45:00,2026-08-25 11:45:00,7685.6,7688.6,7685.4,7687.7,534,4,0
2026-08-25 14:00:00,2026-08-25 12:00:00,7687.6,7687.9,7679.1,7684.2,792,4,0
2026-08-25 14:15:00,2026-08-25 12:15:00,7684.2,7685.6,7682.2,7684.3,686,4,0
2026-08-25 14:30:00,2026-08-25 12:30:00,7684.3,7688.7,7684.2,7687.2,649,4,0
2026-08-25 14:45:00,2026-08-25 12:45:00,7687.2,7692.1,7686.9,7690.4,764,4,0
2026-08-25 15:00:00,2026-08-25 13:00:00,7690.3,7691.3,7686.8,7689.3,926,4,0
2026-08-25 15:15:00,2026-08-25 13:15:00,7689.3,7694.5,7689.0,7690.9,726,4,0
2026-08-25 15:30:00,2026-08-25 13:30:00,7690.8,7690.9,7680.3,7682.9,802,4,0
2026-08-25 15:45:00,2026-08-25 13:45:00,7682.9,7686.2,7681.9,7683.0,543,4,0
2026-08-25 16:00:00,2026-08-25 14:00:00,7682.9,7686.0,7680.9,7683.8,935,4,0
2026-08-25 16:15:00,2026-08-25 14:15:00,7683.7,7686.1,7680.8,7680.8,995,4,0
2026-08-25 16:30:00,2026-08-25 14:30:00,7680.7,7686.6,7677.8,7680.1,2620,4,0
2026-08-25 16:45:00,2026-08-25 14:45:00,7680.2,7686.0,7673.7,7675.0,2098,4,0
2026-08-25 17:00:00,2026-08-25 15:00:00,7674.9,7676.6,7669.8,7670.3,2011,4,0
2026-08-25 17:15:00,2026-08-25 15:15:00,7670.2,7675.0,7665.3,7665.4,1672,4,0
2026-08-25 17:30:00,2026-08-25 15:30:00,7665.8,7669.3,7650.5,7662.0,2012,4,0
2026-08-25 17:45:00,2026-08-25 15:45:00,7662.0,7667.1,7658.9,7665.9,1568,4,0
2026-08-25 18:00:00,2026-08-25 16:00:00,7665.8,7666.8,7661.8,7664.5,1696,4,0
2026-08-25 18:15:00,2026-08-25 16:15:00,7664.5,7672.5,7663.5,7671.8,1235,4,0
2026-08-25 18:30:00,2026-08-25 16:30:00,7671.8,7676.2,7667.6,7670.9,1415,4,0
2026-08-25 18:45:00,2026-08-25 16:45:00,7670.7,7674.7,7664.5,7673.2,1185,4,0
2026-08-25 19:00:00,2026-08-25 17:00:00,7673.3,7676.8,7671.8,7673.9,1019,4,0
2026-08-25 19:15:00,2026-08-25 17:15:00,7673.9,7676.7,7672.4,7676.3,724,4,0
2026-08-25 19:30:00,2026-08-25 17:30:00,7676.3,7678.1,7673.6,7674.2,725,4,0
2026-08-25 19:45:00,2026-08-25 17:45:00,7674.4,7677.6,7671.9,7676.1,835,4,0
2026-08-25 20:00:00,2026-08-25 18:00:00,7676.3,7677.2,7667.8,7671.3,1053,4,0
2026-08-25 20:15:00,2026-08-25 18:15:00,7671.3,7673.0,7664.9,7666.7,845,4,0
2026-08-25 20:30:00,2026-08-25 18:30:00,7666.7,7668.9,7666.0,7667.2,787,4,0
2026-08-25 20:45:00,2026-08-25 18:45:00,7667.2,7670.2,7666.9,7668.9,600,4,0
2026-08-25 21:00:00,2026-08-25 19:00:00,7668.9,7669.3,7666.4,7666.5,676,4,0
2026-08-25 21:15:00,2026-08-25 19:15:00,7666.5,7668.4,7665.8,7668.2,463,4,0
2026-08-25 21:30:00,2026-08-25 19:30:00,7668.3,7674.4,7668.3,7674.2,612,4,0
2026-08-25 21:45:00,2026-08-25 19:45:00,7674.3,7677.3,7673.9,7674.9,696,4,0
2026-08-25 22:00:00,2026-08-25 20:00:00,7675.1,7677.0,7669.3,7669.7,594,4,0
2026-08-25 22:15:00,2026-08-25 20:15:00,7669.7,7670.3,7667.4,7669.9,636,4,0
2026-08-25 22:30:00,2026-08-25 20:30:00,7669.9,7674.7,7668.8,7672.3,696,4,0
2026-08-25 22:45:00,2026-08-25 20:45:00,7672.3,7680.4,7670.8,7676.7,1181,4,0
2026-08-25 23:00:00,2026-08-25 21:00:00,7676.7,7678.8,7674.7,7677.7,524,4,0
2026-08-25 23:15:00,2026-08-25 21:15:00,7677.7,7681.5,7676.9,7679.8,327,4,0
2026-08-25 23:30:00,2026-08-25 21:30:00,7679.8,7680.9,7677.2,7677.2,229,4,0
2026-08-25 23:45:00,2026-08-25 21:45:00,7677.2,7677.4,7675.4,7676.6,245,4,0
2026-08-26 01:00:00,2026-08-25 23:00:00,7679.2,7680.1,7677.1,7678.2,572,4,0
2026-08-26 01:15:00,2026-08-25 23:15:00,7678.2,7679.6,7677.0,7679.4,254,4,0
2026-08-26 01:30:00,2026-08-25 23:30:00,7679.4,7679.8,7678.3,7679.1,152,4,0
2026-08-26 01:45:00,2026-08-25 23:45:00,7679.0,7679.3,7678.0,7678.5,118,4,0
2026-08-26 02:00:00,2026-08-26 00:00:00,7678.5,7679.1,7677.5,7677.8,162,4,0
2026-08-26 02:15:00,2026-08-26 00:15:00,7677.8,7677.9,7674.0,7674.0,299,4,0
2026-08-26 02:30:00,2026-08-26 00:30:00,7674.1,7674.4,7670.8,7671.3,370,4,0
2026-08-26 02:45:00,2026-08-26 00:45:00,7671.3,7671.3,7667.0,7668.4,665,4,0
2026-08-26 03:00:00,2026-08-26 01:00:00,7668.3,7670.7,7665.9,7667.7,1484,4,0
2026-08-26 03:15:00,2026-08-26 01:15:00,7667.7,7672.4,7665.7,7667.1,1094,4,0
2026-08-26 03:30:00,2026-08-26 01:30:00,7667.1,7667.5,7662.8,7664.2,1013,4,0
2026-08-26 03:45:00,2026-08-26 01:45:00,7664.1,7665.5,7660.1,7660.5,957,4,0
2026-08-26 04:00:00,2026-08-26 02:00:00,7660.5,7664.4,7660.1,7663.1,1094,4,0
2026-08-26 04:15:00,2026-08-26 02:15:00,7663.1,7663.6,7659.3,7659.7,873,4,0
2026-08-26 04:30:00,2026-08-26 02:30:00,7659.7,7661.1,7657.2,7659.6,1053,4,0
2026-08-26 04:45:00,2026-08-26 02:45:00,7659.7,7660.9,7658.3,7660.7,709,4,0
2026-08-26 05:00:00,2026-08-26 03:00:00,7660.7,7662.3,7658.6,7661.4,688,4,0
2026-08-26 05:15:00,2026-08-26 03:15:00,7661.4,7665.2,7661.1,7665.1,469,4,0
2026-08-26 05:30:00,2026-08-26 03:30:00,7665.0,7671.4,7665.0,7671.3,595,4,0
2026-08-26 05:45:00,2026-08-26 03:45:00,7671.3,7673.6,7670.5,7672.3,584,4,0
2026-08-26 06:00:00,2026-08-26 04:00:00,7672.2,7674.7,7671.3,7674.3,495,4,0
2026-08-26 06:15:00,2026-08-26 04:15:00,7674.3,7674.3,7671.7,7671.8,425,4,0
2026-08-26 06:30:00,2026-08-26 04:30:00,7671.9,7674.9,7670.9,7674.1,671,4,0
2026-08-26 06:45:00,2026-08-26 04:45:00,7674.1,7678.2,7673.7,7676.1,648,4,0
2026-08-26 07:00:00,2026-08-26 05:00:00,7676.2,7678.0,7675.4,7676.8,582,4,0
2026-08-26 07:15:00,2026-08-26 05:15:00,7676.8,7677.6,7675.8,7676.3,482,4,0
2026-08-26 07:30:00,2026-08-26 05:30:00,7676.3,7676.8,7673.6,7673.6,400,4,0
2026-08-26 07:45:00,2026-08-26 05:45:00,7673.7,7673.7,7668.6,7669.6,633,4,0
2026-08-26 08:00:00,2026-08-26 06:00:00,7669.6,7674.2,7669.5,7672.4,899,4,0
2026-08-26 08:15:00,2026-08-26 06:15:00,7672.4,7672.8,7670.3,7672.5,831,4,0
2026-08-26 08:30:00,2026-08-26 06:30:00,7672.5,7674.1,7671.5,7672.4,777,4,0
2026-08-26 08:45:00,2026-08-26 06:45:00,7672.4,7672.4,7670.3,7671.6,681,4,0
2026-08-26 09:00:00,2026-08-26 07:00:00,7671.6,7672.6,7667.1,7669.0,808,4,0
2026-08-26 09:15:00,2026-08-26 07:15:00,7669.0,7670.4,7667.0,7669.1,778,4,0
2026-08-26 09:30:00,2026-08-26 07:30:00,7669.0,7675.3,7667.7,7675.1,667,4,0
2026-08-26 09:45:00,2026-08-26 07:45:00,7675.1,7677.4,7672.0,7674.8,778,4,0
2026-08-26 10:00:00,2026-08-26 08:00:00,7674.5,7675.3,7668.8,7674.1,1094,4,0
2026-08-26 10:15:00,2026-08-26 08:15:00,7674.2,7675.1,7668.8,7669.3,901,4,0
2026-08-26 10:30:00,2026-08-26 08:30:00,7669.3,7670.8,7667.1,7669.8,903,4,0
2026-08-26 10:45:00,2026-08-26 08:45:00,7669.7,7672.8,7669.1,7672.4,766,4,0
2026-08-26 11:00:00,2026-08-26 09:00:00,7672.4,7676.5,7670.0,7671.4,1044,4,0
2026-08-26 11:15:00,2026-08-26 09:15:00,7671.4,7675.5,7669.3,7675.5,873,4,0
2026-08-26 11:30:00,2026-08-26 09:30:00,7675.5,7677.5,7672.3,7676.6,808,4,0
2026-08-26 11:45:00,2026-08-26 09:45:00,7676.6,7676.6,7672.1,7674.7,557,4,0
2026-08-26 12:00:00,2026-08-26 10:00:00,7675.0,7676.2,7672.4,7672.8,644,4,0
2026-08-26 12:15:00,2026-08-26 10:15:00,7673.1,7673.6,7669.5,7671.3,619,4,0
2026-08-26 12:30:00,2026-08-26 10:30:00,7671.3,7674.1,7671.3,7673.1,513,4,0
2026-08-26 12:45:00,2026-08-26 10:45:00,7673.1,7675.9,7672.8,7675.4,432,4,0
2026-08-26 13:00:00,2026-08-26 11:00:00,7675.3,7675.6,7670.6,7670.8,497,4,0
2026-08-26 13:15:00,2026-08-26 11:15:00,7671.1,7672.8,7670.1,7670.2,509,4,0
2026-08-26 13:30:00,2026-08-26 11:30:00,7670.2,7676.6,7668.2,7673.8,600,4,0
2026-08-26 13:45:00,2026-08-26 11:45:00,7673.8,7675.3,7672.6,7673.4,412,4,0
2026-08-26 14:00:00,2026-08-26 12:00:00,7673.4,7677.4,7673.3,7676.6,721,4,0
2026-08-26 14:15:00,2026-08-26 12:15:00,7676.6,7680.6,7674.2,7676.3,619,4,0
2026-08-26 14:30:00,2026-08-26 12:30:00,7676.4,7678.2,7670.3,7672.6,753,4,0
2026-08-26 14:45:00,2026-08-26 12:45:00,7672.7,7674.6,7669.2,7674.1,861,4,0
2026-08-26 15:00:00,2026-08-26 13:00:00,7674.2,7674.7,7671.7,7674.3,796,4,0
2026-08-26 15:15:00,2026-08-26 13:15:00,7674.3,7682.2,7671.6,7682.2,768,4,0
2026-08-26 15:30:00,2026-08-26 13:30:00,7682.2,7682.4,7666.4,7667.3,1851,4,0
2026-08-26 15:45:00,2026-08-26 13:45:00,7667.4,7670.7,7663.1,7665.8,1343,4,0
2026-08-26 16:00:00,2026-08-26 14:00:00,7665.7,7668.7,7663.3,7668.3,1045,4,0
2026-08-26 16:15:00,2026-08-26 14:15:00,7668.6,7668.8,7664.6,7665.2,980,4,0
2026-08-26 16:30:00,2026-08-26 14:30:00,7665.1,7684.1,7665.1,7682.2,2684,4,0
2026-08-26 16:45:00,2026-08-26 14:45:00,7681.9,7687.9,7674.8,7687.9,1991,4,0
2026-08-26 17:00:00,2026-08-26 15:00:00,7687.6,7688.5,7679.5,7680.5,1674,4,0
2026-08-26 17:15:00,2026-08-26 15:15:00,7680.6,7682.2,7666.9,7669.2,1815,4,0
2026-08-26 17:30:00,2026-08-26 15:30:00,7669.2,7674.6,7667.6,7672.3,1610,4,0
2026-08-26 17:45:00,2026-08-26 15:45:00,7672.3,7677.8,7669.2,7677.1,1264,4,0
2026-08-26 18:00:00,2026-08-26 16:00:00,7677.2,7683.3,7676.8,7681.4,1151,4,0
2026-08-26 18:15:00,2026-08-26 16:15:00,7681.3,7681.4,7674.2,7677.0,1286,4,0
2026-08-26 18:30:00,2026-08-26 16:30:00,7677.0,7680.2,7669.8,7679.3,1353,4,0
2026-08-26 18:45:00,2026-08-26 16:45:00,7679.2,7681.7,7671.6,7671.9,1500,4,0
2026-08-26 19:00:00,2026-08-26 17:00:00,7672.2,7672.9,7667.4,7668.7,1375,4,0
2026-08-26 19:15:00,2026-08-26 17:15:00,7668.7,7669.9,7665.8,7666.3,869,4,0
2026-08-26 19:30:00,2026-08-26 17:30:00,7666.2,7668.3,7657.5,7658.6,974,4,0
2026-08-26 19:45:00,2026-08-26 17:45:00,7658.6,7666.1,7657.8,7665.7,1063,4,0
2026-08-26 20:00:00,2026-08-26 18:00:00,7665.7,7670.2,7664.2,7670.0,824,4,0
2026-08-26 20:15:00,2026-08-26 18:15:00,7670.0,7676.0,7670.0,7675.1,848,4,0
2026-08-26 20:30:00,2026-08-26 18:30:00,7675.1,7677.0,7673.3,7675.3,705,4,0
2026-08-26 20:45:00,2026-08-26 18:45:00,7675.3,7677.4,7673.1,7675.3,621,4,0
2026-08-26 21:00:00,2026-08-26 19:00:00,7675.3,7677.2,7672.3,7672.8,602,4,0
2026-08-26 21:15:00,2026-08-26 19:15:00,7672.8,7678.4,7672.1,7674.6,606,4,0
2026-08-26 21:30:00,2026-08-26 19:30:00,7674.6,7677.4,7673.8,7677.1,505,4,0
2026-08-26 21:45:00,2026-08-26 19:45:00,7677.1,7684.9,7676.9,7683.9,815,4,0
2026-08-26 22:00:00,2026-08-26 20:00:00,7683.9,7691.9,7683.2,7688.3,990,4,0
2026-08-26 22:15:00,2026-08-26 20:15:00,7688.3,7691.2,7686.8,7687.7,674,4,0
2026-08-26 22:30:00,2026-08-26 20:30:00,7687.7,7688.1,7684.7,7685.8,735,4,0
2026-08-26 22:45:00,2026-08-26 20:45:00,7685.7,7690.0,7673.6,7679.0,1264,4,0
2026-08-26 23:00:00,2026-08-26 21:00:00,7678.6,7690.3,7677.1,7689.2,1352,4,0
2026-08-26 23:15:00,2026-08-26 21:15:00,7689.9,7693.0,7676.7,7684.1,2125,4,0
2026-08-26 23:30:00,2026-08-26 21:30:00,7684.1,7685.4,7679.5,7683.1,1155,4,0
2026-08-26 23:45:00,2026-08-26 21:45:00,7683.2,7695.6,7682.7,7695.6,841,4,0
2026-08-27 01:00:00,2026-08-26 23:00:00,7709.6,7722.2,7708.8,7720.6,1452,4,0
2026-08-27 01:15:00,2026-08-26 23:15:00,7720.5,7725.8,7718.8,7725.4,935,4,0
2026-08-27 01:30:00,2026-08-26 23:30:00,7725.4,7728.4,7724.7,7728.3,598,4,0
2026-08-27 01:45:00,2026-08-26 23:45:00,7728.3,7728.3,7723.0,7723.6,594,4,0
2026-08-27 02:00:00,2026-08-27 00:00:00,7723.6,7724.3,7721.4,7722.4,453,4,0
2026-08-27 02:15:00,2026-08-27 00:15:00,7722.4,7723.2,7720.5,7721.5,427,4,0
2026-08-27 02:30:00,2026-08-27 00:30:00,7721.5,7722.7,7720.8,7721.5,284,4,0
2026-08-27 02:45:00,2026-08-27 00:45:00,7721.5,7726.6,7721.1,7725.7,765,4,0
2026-08-27 03:00:00,2026-08-27 01:00:00,7725.7,7726.3,7718.3,7719.4,1422,4,0
2026-08-27 03:15:00,2026-08-27 01:15:00,7719.4,7719.9,7716.6,7719.5,1179,4,0
2026-08-27 03:30:00,2026-08-27 01:30:00,7719.5,7719.5,7707.9,7708.3,975,4,0
2026-08-27 03:45:00,2026-08-27 01:45:00,7708.2,7708.7,7701.9,7703.7,1615,4,0
2026-08-27 04:00:00,2026-08-27 02:00:00,7703.7,7708.4,7702.0,7704.9,1819,4,0
2026-08-27 04:15:00,2026-08-27 02:15:00,7704.9,7710.7,7704.6,7710.4,1184,4,0
2026-08-27 04:30:00,2026-08-27 02:30:00,7710.4,7713.7,7707.2,7707.2,939,4,0
2026-08-27 04:45:00,2026-08-27 02:45:00,7707.2,7714.0,7707.2,7711.7,944,4,0
2026-08-27 05:00:00,2026-08-27 03:00:00,7711.7,7715.1,7711.4,7714.2,871,4,0
2026-08-27 05:15:00,2026-08-27 03:15:00,7714.2,7714.8,7712.5,7713.8,780,4,0
2026-08-27 05:30:00,2026-08-27 03:30:00,7713.8,7715.9,7713.4,7714.9,547,4,0
2026-08-27 05:45:00,2026-08-27 03:45:00,7714.9,7717.1,7714.6,7715.5,446,4,0
2026-08-27 06:00:00,2026-08-27 04:00:00,7715.4,7716.5,7713.1,7714.4,499,4,0
2026-08-27 06:15:00,2026-08-27 04:15:00,7714.5,7718.0,7714.2,7717.1,485,4,0
2026-08-27 06:30:00,2026-08-27 04:30:00,7717.2,7718.0,7715.0,7715.0,544,4,0
2026-08-27 06:45:00,2026-08-27 04:45:00,7715.0,7716.2,7712.7,7713.4,679,4,0
2026-08-27 07:00:00,2026-08-27 05:00:00,7713.4,7714.4,7712.5,7713.6,533,4,0
2026-08-27 07:15:00,2026-08-27 05:15:00,7713.5,7715.0,7711.5,7711.5,515,4,0
2026-08-27 07:30:00,2026-08-27 05:30:00,7711.5,7711.6,7706.9,7707.8,634,4,0
2026-08-27 07:45:00,2026-08-27 05:45:00,7707.8,7709.7,7706.5,7707.1,630,4,0
2026-08-27 08:00:00,2026-08-27 06:00:00,7707.1,7707.9,7702.7,7704.1,858,4,0
2026-08-27 08:15:00,2026-08-27 06:15:00,7704.1,7704.1,7699.7,7701.5,870,4,0
2026-08-27 08:30:00,2026-08-27 06:30:00,7701.4,7701.9,7697.5,7697.7,857,4,0
2026-08-27 08:45:00,2026-08-27 06:45:00,7697.7,7700.4,7697.6,7699.4,750,4,0
2026-08-27 09:00:00,2026-08-27 07:00:00,7699.4,7699.6,7694.2,7698.0,1051,4,0
2026-08-27 09:15:00,2026-08-27 07:15:00,7698.0,7700.5,7697.9,7700.0,706,4,0
2026-08-27 09:30:00,2026-08-27 07:30:00,7700.0,7703.7,7699.8,7703.6,585,4,0
2026-08-27 09:45:00,2026-08-27 07:45:00,7703.6,7705.5,7702.2,7705.3,658,4,0
2026-08-27 10:00:00,2026-08-27 08:00:00,7705.3,7708.0,7701.0,7708.0,1062,4,0
2026-08-27 10:15:00,2026-08-27 08:15:00,7708.0,7708.7,7705.4,7708.7,764,4,0
2026-08-27 10:30:00,2026-08-27 08:30:00,7708.7,7709.6,7703.3,7704.3,990,4,0
2026-08-27 10:45:00,2026-08-27 08:45:00,7704.3,7709.3,7703.9,7707.9,691,4,0
2026-08-27 11:00:00,2026-08-27 09:00:00,7707.9,7720.0,7707.9,7719.0,1071,4,0
2026-08-27 11:15:00,2026-08-27 09:15:00,7719.2,7722.0,7714.1,7721.6,950,4,0
2026-08-27 11:30:00,2026-08-27 09:30:00,7721.5,7721.6,7716.0,7717.4,985,4,0
2026-08-27 11:45:00,2026-08-27 09:45:00,7717.3,7721.3,7715.0,7715.4,824,4,0
2026-08-27 12:00:00,2026-08-27 10:00:00,7715.4,7716.2,7708.2,7708.4,1348,4,0
2026-08-27 12:15:00,2026-08-27 10:15:00,7708.4,7713.5,7706.1,7712.2,984,4,0
2026-08-27 12:30:00,2026-08-27 10:30:00,7712.2,7715.9,7712.1,7714.0,719,4,0
2026-08-27 12:45:00,2026-08-27 10:45:00,7714.1,7716.0,7711.0,7711.7,670,4,0
2026-08-27 13:00:00,2026-08-27 11:00:00,7711.7,7711.8,7708.0,7710.2,965,4,0
2026-08-27 13:15:00,2026-08-27 11:15:00,7710.5,7711.2,7707.0,7707.5,680,4,0
2026-08-27 13:30:00,2026-08-27 11:30:00,7707.5,7710.5,7705.4,7710.0,753,4,0
2026-08-27 13:45:00,2026-08-27 11:45:00,7710.0,7711.7,7707.0,7711.5,736,4,0
2026-08-27 14:00:00,2026-08-27 12:00:00,7711.3,7717.0,7709.2,7715.5,1093,4,0
2026-08-27 14:15:00,2026-08-27 12:15:00,7715.5,7716.5,7709.7,7709.7,795,4,0
2026-08-27 14:30:00,2026-08-27 12:30:00,7709.7,7712.3,7705.1,7708.5,1280,4,0
2026-08-27 14:45:00,2026-08-27 12:45:00,7708.3,7709.7,7702.4,7709.5,1089,4,0
2026-08-27 15:00:00,2026-08-27 13:00:00,7709.3,7713.8,7708.5,7713.1,992,4,0
2026-08-27 15:15:00,2026-08-27 13:15:00,7713.1,7713.1,7709.3,7710.4,913,4,0
2026-08-27 15:30:00,2026-08-27 13:30:00,7710.4,7710.5,7699.2,7699.5,1238,4,0
2026-08-27 15:45:00,2026-08-27 13:45:00,7699.6,7701.3,7698.2,7698.8,900,4,0
2026-08-27 16:00:00,2026-08-27 14:00:00,7698.6,7702.8,7697.6,7700.5,1015,4,0
2026-08-27 16:15:00,2026-08-27 14:15:00,7700.5,7704.8,7699.4,7703.9,993,4,0
2026-08-27 16:30:00,2026-08-27 14:30:00,7703.4,7710.8,7690.4,7710.8,2906,4,0
2026-08-27 16:45:00,2026-08-27 14:45:00,7711.1,7715.6,7694.8,7702.7,2888,4,0
2026-08-27 17:00:00,2026-08-27 15:00:00,7702.6,7709.5,7699.4,7705.3,2726,4,0
2026-08-27 17:15:00,2026-08-27 15:15:00,7705.3,7717.6,7705.3,7715.9,2017,4,0
2026-08-27 17:30:00,2026-08-27 15:30:00,7715.8,7719.1,7709.4,7715.0,2035,4,0
2026-08-27 17:45:00,2026-08-27 15:45:00,7715.0,7723.1,7712.1,7722.8,1843,4,0
2026-08-27 18:00:00,2026-08-27 16:00:00,7722.8,7727.5,7721.3,7727.3,1334,4,0
2026-08-27 18:15:00,2026-08-27 16:15:00,7727.3,7730.1,7721.3,7722.2,1377,4,0
2026-08-27 18:30:00,2026-08-27 16:30:00,7722.1,7725.1,7714.6,7715.3,1616,4,0
2026-08-27 18:45:00,2026-08-27 16:45:00,7715.3,7727.8,7712.6,7725.2,1556,4,0
2026-08-27 19:00:00,2026-08-27 17:00:00,7725.4,7728.6,7723.1,7725.2,1201,4,0
2026-08-27 19:15:00,2026-08-27 17:15:00,7725.1,7728.1,7722.4,7728.0,1103,4,0
2026-08-27 19:30:00,2026-08-27 17:30:00,7728.0,7736.8,7727.1,7735.9,987,4,0
2026-08-27 19:45:00,2026-08-27 17:45:00,7735.9,7739.5,7735.1,7739.0,924,4,0
2026-08-27 20:00:00,2026-08-27 18:00:00,7739.1,7742.8,7736.8,7741.0,915,4,0
2026-08-27 20:15:00,2026-08-27 18:15:00,7741.1,7742.0,7736.0,7736.4,798,4,0
2026-08-27 20:30:00,2026-08-27 18:30:00,7736.4,7739.6,7735.0,7735.1,805,4,0
2026-08-27 20:45:00,2026-08-27 18:45:00,7735.1,7735.5,7730.0,7731.0,1010,4,0
2026-08-27 21:00:00,2026-08-27 19:00:00,7731.1,7732.8,7718.6,7721.4,1460,4,0
2026-08-27 21:15:00,2026-08-27 19:15:00,7721.4,7723.6,7711.2,7713.1,1372,4,0
2026-08-27 21:30:00,2026-08-27 19:30:00,7713.1,7719.6,7712.8,7717.4,1264,4,0
2026-08-27 21:45:00,2026-08-27 19:45:00,7717.4,7719.5,7710.2,7715.0,1209,4,0
2026-08-27 22:00:00,2026-08-27 20:00:00,7715.0,7721.1,7713.8,7717.4,1107,4,0
2026-08-27 22:15:00,2026-08-27 20:15:00,7717.5,7721.2,7716.4,7718.0,986,4,0
2026-08-27 22:30:00,2026-08-27 20:30:00,7718.1,7725.5,7717.2,7725.2,944,4,0
2026-08-27 22:45:00,2026-08-27 20:45:00,7725.1,7732.0,7722.6,7729.1,1338,4,0
2026-08-27 23:00:00,2026-08-27 21:00:00,7728.5,7730.7,7722.7,7722.7,902,4,0
2026-08-27 23:15:00,2026-08-27 21:15:00,7722.7,7723.7,7719.2,7720.7,306,4,0
2026-08-27 23:30:00,2026-08-27 21:30:00,7720.7,7721.5,7719.7,7721.0,236,4,0
2026-08-27 23:45:00,2026-08-27 21:45:00,7721.0,7721.5,7719.2,7720.0,216,4,0
2026-08-28 01:00:00,2026-08-27 23:00:00,7720.9,7722.7,7715.6,7719.5,744,4,0
2026-08-28 01:15:00,2026-08-27 23:15:00,7719.6,7722.0,7719.0,7721.5,525,4,0
2026-08-28 01:30:00,2026-08-27 23:30:00,7721.5,7722.0,7720.3,7721.0,357,4,0
2026-08-28 01:45:00,2026-08-27 23:45:00,7721.0,7721.2,7719.6,7720.3,252,4,0
2026-08-28 02:00:00,2026-08-28 00:00:00,7720.3,7720.7,7717.7,7718.7,406,4,0
2026-08-28 02:15:00,2026-08-28 00:15:00,7718.6,7718.8,7717.7,7718.0,232,4,0
2026-08-28 02:30:00,2026-08-28 00:30:00,7718.0,7718.3,7716.9,7717.3,217,4,0
2026-08-28 02:45:00,2026-08-28 00:45:00,7717.3,7717.3,7715.4,7716.6,380,4,0
2026-08-28 03:00:00,2026-08-28 01:00:00,7716.6,7723.7,7715.8,7723.4,1166,4,0
2026-08-28 03:15:00,2026-08-28 01:15:00,7723.3,7723.9,7720.1,7723.8,961,4,0
2026-08-28 03:30:00,2026-08-28 01:30:00,7723.7,7725.0,7722.0,7724.5,651,4,0
2026-08-28 03:45:00,2026-08-28 01:45:00,7724.3,7725.4,7723.3,7723.8,596,4,0
2026-08-28 04:00:00,2026-08-28 02:00:00,7723.8,7728.3,7723.6,7727.4,637,4,0
2026-08-28 04:15:00,2026-08-28 02:15:00,7727.4,7727.9,7725.6,7726.1,493,4,0
2026-08-28 04:30:00,2026-08-28 02:30:00,7726.1,7728.5,7725.4,7726.6,675,4,0
2026-08-28 04:45:00,2026-08-28 02:45:00,7726.7,7730.8,7725.8,7730.8,596,4,0
2026-08-28 05:00:00,2026-08-28 03:00:00,7730.9,7734.6,7730.9,7733.8,566,4,0
2026-08-28 05:15:00,2026-08-28 03:15:00,7733.8,7735.3,7733.4,7733.5,463,4,0
2026-08-28 05:30:00,2026-08-28 03:30:00,7733.5,7733.5,7727.8,7728.0,469,4,0
2026-08-28 05:45:00,2026-08-28 03:45:00,7728.0,7729.3,7726.7,7728.7,387,4,0
2026-08-28 06:00:00,2026-08-28 04:00:00,7728.7,7734.2,7728.7,7733.2,378,4,0
2026-08-28 06:15:00,2026-08-28 04:15:00,7733.2,7735.5,7732.8,7734.7,258,4,0
2026-08-28 06:30:00,2026-08-28 04:30:00,7734.7,7734.9,7727.0,7727.2,448,4,0
2026-08-28 06:45:00,2026-08-28 04:45:00,7727.2,7730.1,7726.1,7729.3,558,4,0
2026-08-28 07:00:00,2026-08-28 05:00:00,7729.4,7729.5,7726.2,7728.3,467,4,0
2026-08-28 07:15:00,2026-08-28 05:15:00,7728.3,7729.2,7727.3,7727.8,405,4,0
2026-08-28 07:30:00,2026-08-28 05:30:00,7727.8,7727.9,7725.6,7726.1,381,4,0
2026-08-28 07:45:00,2026-08-28 05:45:00,7726.2,7726.7,7724.7,7725.6,319,4,0
2026-08-28 08:00:00,2026-08-28 06:00:00,7725.6,7726.0,7723.7,7724.0,542,4,0
2026-08-28 08:15:00,2026-08-28 06:15:00,7724.0,7724.3,7722.1,7723.1,415,4,0
2026-08-28 08:30:00,2026-08-28 06:30:00,7723.2,7723.4,7720.1,7722.1,515,4,0
2026-08-28 08:45:00,2026-08-28 06:45:00,7722.1,7722.1,7719.5,7719.7,348,4,0
2026-08-28 09:00:00,2026-08-28 07:00:00,7719.7,7723.1,7718.9,7721.6,630,4,0
2026-08-28 09:15:00,2026-08-28 07:15:00,7721.6,7725.1,7721.2,7721.4,601,4,0
2026-08-28 09:30:00,2026-08-28 07:30:00,7721.4,7727.5,7721.4,7726.9,733,4,0
2026-08-28 09:45:00,2026-08-28 07:45:00,7726.9,7731.5,7726.3,7731.4,616,4,0
2026-08-28 10:00:00,2026-08-28 08:00:00,7731.4,7732.4,7726.9,7728.4,988,4,0
2026-08-28 10:15:00,2026-08-28 08:15:00,7728.7,7731.2,7727.8,7729.9,689,4,0
2026-08-28 10:30:00,2026-08-28 08:30:00,7729.9,7731.2,7726.4,7727.4,616,4,0
2026-08-28 10:45:00,2026-08-28 08:45:00,7727.3,7731.4,7727.2,7728.3,696,4,0
2026-08-28 11:00:00,2026-08-28 09:00:00,7728.3,7729.2,7724.5,7726.2,1145,4,0
2026-08-28 11:15:00,2026-08-28 09:15:00,7726.2,7728.2,7724.7,7727.2,739,4,0
2026-08-28 11:30:00,2026-08-28 09:30:00,7727.3,7733.2,7726.7,7730.7,695,4,0
2026-08-28 11:45:00,2026-08-28 09:45:00,7730.7,7730.9,7726.1,7728.1,692,4,0
2026-08-28 12:00:00,2026-08-28 10:00:00,7727.8,7728.3,7725.8,7726.4,625,4,0
2026-08-28 12:15:00,2026-08-28 10:15:00,7726.7,7728.3,7724.3,7727.4,462,4,0
2026-08-28 12:30:00,2026-08-28 10:30:00,7727.4,7727.4,7725.4,7726.1,439,4,0
2026-08-28 12:45:00,2026-08-28 10:45:00,7725.8,7728.7,7725.5,7726.9,466,4,0
2026-08-28 13:00:00,2026-08-28 11:00:00,7726.9,7727.3,7725.1,7726.3,585,4,0
2026-08-28 13:15:00,2026-08-28 11:15:00,7726.3,7727.9,7725.3,7727.2,453,4,0
2026-08-28 13:30:00,2026-08-28 11:30:00,7727.2,7728.4,7724.8,7725.1,523,4,0
2026-08-28 13:45:00,2026-08-28 11:45:00,7724.8,7727.7,7724.3,7727.6,518,4,0
2026-08-28 14:00:00,2026-08-28 12:00:00,7727.6,7728.9,7725.1,7727.6,804,4,0
2026-08-28 14:15:00,2026-08-28 12:15:00,7727.7,7730.9,7727.6,7729.9,511,4,0
2026-08-28 14:30:00,2026-08-28 12:30:00,7729.9,7731.3,7726.6,7727.2,470,4,0
2026-08-28 14:45:00,2026-08-28 12:45:00,7727.0,7729.3,7726.7,7727.8,618,4,0
2026-08-28 15:00:00,2026-08-28 13:00:00,7727.8,7735.4,7727.3,7734.6,711,4,0
2026-08-28 15:15:00,2026-08-28 13:15:00,7734.6,7738.9,7734.2,7738.3,676,4,0
2026-08-28 15:30:00,2026-08-28 13:30:00,7738.2,7738.3,7731.7,7737.8,752,4,0
2026-08-28 15:45:00,2026-08-28 13:45:00,7737.8,7739.2,7737.2,7737.7,596,4,0
2026-08-28 16:00:00,2026-08-28 14:00:00,7737.8,7742.6,7736.7,7737.9,932,4,0
2026-08-28 16:15:00,2026-08-28 14:15:00,7737.9,7738.3,7730.9,7734.7,711,4,0
2026-08-28 16:30:00,2026-08-28 14:30:00,7734.6,7745.4,7731.9,7742.8,2348,4,0
2026-08-28 16:45:00,2026-08-28 14:45:00,7742.9,7745.7,7733.6,7733.7,2054,4,0
2026-08-28 17:00:00,2026-08-28 15:00:00,7733.7,7748.1,7714.6,7719.6,2948,4,0
2026-08-28 17:15:00,2026-08-28 15:15:00,7719.2,7739.3,7718.4,7729.8,2897,4,0
2026-08-28 17:30:00,2026-08-28 15:30:00,7730.0,7752.7,7726.2,7751.1,2659,4,0
2026-08-28 17:45:00,2026-08-28 15:45:00,7751.1,7767.8,7749.1,7767.2,2135,4,0
2026-08-28 18:00:00,2026-08-28 16:00:00,7767.2,7770.4,7755.3,7759.1,2047,4,0
2026-08-28 18:15:00,2026-08-28 16:15:00,7759.2,7769.3,7759.2,7767.0,1998,4,0
2026-08-28 18:30:00,2026-08-28 16:30:00,7767.2,7767.3,7743.6,7745.4,2177,4,0
2026-08-28 18:45:00,2026-08-28 16:45:00,7745.5,7747.4,7725.2,7727.6,2551,4,0
2026-08-28 19:00:00,2026-08-28 17:00:00,7727.7,7733.3,7721.8,7726.7,2430,4,0
2026-08-28 19:15:00,2026-08-28 17:15:00,7726.7,7729.2,7708.6,7712.9,2623,4,0
2026-08-28 19:30:00,2026-08-28 17:30:00,7713.0,7723.3,7712.3,7713.3,2290,4,0
2026-08-28 19:45:00,2026-08-28 17:45:00,7713.6,7723.9,7713.3,7713.7,2181,4,0
2026-08-28 20:00:00,2026-08-28 18:00:00,7713.6,7714.1,7699.8,7710.7,2356,4,0
2026-08-28 20:15:00,2026-08-28 18:15:00,7710.7,7711.1,7702.7,7705.1,2028,4,0
2026-08-28 20:30:00,2026-08-28 18:30:00,7705.1,7711.9,7702.9,7707.6,1895,4,0
2026-08-28 20:45:00,2026-08-28 18:45:00,7707.3,7714.3,7705.6,7712.4,1533,4,0
2026-08-28 21:00:00,2026-08-28 19:00:00,7712.4,7715.2,7708.8,7709.2,1707,4,0
2026-08-28 21:15:00,2026-08-28 19:15:00,7709.2,7712.6,7705.8,7707.7,1650,4,0
2026-08-28 21:30:00,2026-08-28 19:30:00,7707.7,7712.8,7706.9,7709.8,1422,4,0
2026-08-28 21:45:00,2026-08-28 19:45:00,7709.8,7710.2,7700.3,7703.9,1540,4,0
2026-08-28 22:00:00,2026-08-28 20:00:00,7704.2,7711.2,7701.9,7709.6,1518,4,0
2026-08-28 22:15:00,2026-08-28 20:15:00,7709.6,7713.2,7707.3,7712.6,1172,4,0
2026-08-28 22:30:00,2026-08-28 20:30:00,7712.3,7715.2,7708.6,7713.4,1259,4,0
2026-08-28 22:45:00,2026-08-28 20:45:00,7713.3,7716.1,7707.7,7710.3,1745,4,0
2026-08-28 23:00:00,2026-08-28 21:00:00,7710.8,7712.1,7707.1,7708.6,707,4,0
2026-08-28 23:15:00,2026-08-28 21:15:00,7708.3,7709.2,7707.6,7708.4,169,4,0
2026-08-28 23:30:00,2026-08-28 21:30:00,7708.4,7711.9,7707.2,7711.6,261,4,0
2026-08-28 23:45:00,2026-08-28 21:45:00,7711.6,7713.6,7710.8,7712.7,228,4,0
2026-08-31 01:00:00,2026-08-30 23:00:00,7708.4,7713.3,7695.0,7700.7,1571,4,0
2026-08-31 01:15:00,2026-08-30 23:15:00,7700.7,7705.0,7700.6,7701.6,681,4,0
2026-08-31 01:30:00,2026-08-30 23:30:00,7701.5,7702.4,7695.6,7696.7,875,4,0
2026-08-31 01:45:00,2026-08-30 23:45:00,7696.7,7699.5,7696.2,7699.4,469,4,0
2026-08-31 02:00:00,2026-08-31 00:00:00,7699.4,7699.7,7695.1,7695.3,569,4,0
2026-08-31 02:15:00,2026-08-31 00:15:00,7695.2,7697.0,7691.8,7692.0,760,4,0
2026-08-31 02:30:00,2026-08-31 00:30:00,7692.0,7692.1,7684.8,7689.2,1157,4,0
2026-08-31 02:45:00,2026-08-31 00:45:00,7689.4,7689.5,7678.9,7679.1,1793,4,0
2026-08-31 03:00:00,2026-08-31 01:00:00,7679.0,7685.3,7674.8,7683.9,2015,4,0
2026-08-31 03:15:00,2026-08-31 01:15:00,7683.8,7689.9,7683.8,7689.4,1302,4,0
2026-08-31 03:30:00,2026-08-31 01:30:00,7689.2,7694.1,7688.4,7692.2,1083,4,0
2026-08-31 03:45:00,2026-08-31 01:45:00,7692.2,7692.4,7686.3,7687.7,1083,4,0
2026-08-31 04:00:00,2026-08-31 02:00:00,7687.7,7687.9,7676.9,7681.5,1927,4,0
2026-08-31 04:15:00,2026-08-31 02:15:00,7681.6,7683.0,7677.1,7680.2,1936,4,0
2026-08-31 04:30:00,2026-08-31 02:30:00,7680.2,7682.0,7677.2,7678.9,1801,4,0
2026-08-31 04:45:00,2026-08-31 02:45:00,7678.9,7681.1,7677.6,7680.3,1657,4,0
2026-08-31 05:00:00,2026-08-31 03:00:00,7680.3,7687.1,7678.1,7686.3,1476,4,0
2026-08-31 05:15:00,2026-08-31 03:15:00,7686.3,7686.5,7677.1,7680.6,1556,4,0
2026-08-31 05:30:00,2026-08-31 03:30:00,7680.6,7681.4,7674.4,7676.3,1355,4,0
2026-08-31 05:45:00,2026-08-31 03:45:00,7676.4,7682.6,7675.1,7682.5,1063,4,0
2026-08-31 06:00:00,2026-08-31 04:00:00,7682.3,7686.2,7681.5,7684.3,758,4,0
2026-08-31 06:15:00,2026-08-31 04:15:00,7684.3,7685.2,7683.1,7683.5,673,4,0
2026-08-31 06:30:00,2026-08-31 04:30:00,7683.5,7684.1,7681.2,7682.5,901,4,0
2026-08-31 06:45:00,2026-08-31 04:45:00,7682.6,7683.4,7681.4,7683.2,579,4,0
2026-08-31 07:00:00,2026-08-31 05:00:00,7683.3,7683.6,7681.5,7683.2,558,4,0
2026-08-31 07:15:00,2026-08-31 05:15:00,7683.2,7683.6,7681.6,7682.9,492,4,0
2026-08-31 07:30:00,2026-08-31 05:30:00,7682.9,7686.9,7681.1,7686.7,713,4,0
2026-08-31 07:45:00,2026-08-31 05:45:00,7686.7,7692.6,7684.3,7691.1,588,4,0
2026-08-31 08:00:00,2026-08-31 06:00:00,7691.1,7696.3,7689.5,7696.0,813,4,0
2026-08-31 08:15:00,2026-08-31 06:15:00,7696.0,7700.9,7695.5,7698.7,840,4,0
2026-08-31 08:30:00,2026-08-31 06:30:00,7698.7,7699.0,7690.6,7693.2,1127,4,0
2026-08-31 08:45:00,2026-08-31 06:45:00,7693.3,7695.3,7692.6,7695.1,803,4,0
2026-08-31 09:00:00,2026-08-31 07:00:00,7695.1,7697.9,7693.0,7697.5,990,4,0
2026-08-31 09:15:00,2026-08-31 07:15:00,7697.5,7700.1,7697.5,7699.8,682,4,0
2026-08-31 09:30:00,2026-08-31 07:30:00,7700.0,7701.2,7697.7,7699.5,599,4,0
2026-08-31 09:45:00,2026-08-31 07:45:00,7699.5,7702.3,7699.1,7701.6,566,4,0
2026-08-31 10:00:00,2026-08-31 08:00:00,7701.6,7701.7,7698.5,7700.8,797,4,0
2026-08-31 10:15:00,2026-08-31 08:15:00,7700.8,7701.0,7698.3,7699.5,655,4,0
2026-08-31 10:30:00,2026-08-31 08:30:00,7699.6,7701.3,7698.6,7699.6,712,4,0
2026-08-31 10:45:00,2026-08-31 08:45:00,7699.5,7700.3,7697.6,7700.0,531,4,0
2026-08-31 11:00:00,2026-08-31 09:00:00,7700.1,7705.8,7698.1,7701.2,1307,4,0
2026-08-31 11:15:00,2026-08-31 09:15:00,7701.1,7703.3,7699.6,7702.8,985,4,0
2026-08-31 11:30:00,2026-08-31 09:30:00,7702.7,7703.3,7700.7,7702.0,851,4,0
2026-08-31 11:45:00,2026-08-31 09:45:00,7702.0,7704.8,7701.7,7703.1,590,4,0
2026-08-31 12:00:00,2026-08-31 10:00:00,7703.0,7705.1,7701.0,7704.1,663,4,0
2026-08-31 12:15:00,2026-08-31 10:15:00,7704.1,7706.3,7703.6,7703.8,510,4,0
2026-08-31 12:30:00,2026-08-31 10:30:00,7703.8,7703.9,7700.0,7700.6,396,4,0
2026-08-31 12:45:00,2026-08-31 10:45:00,7700.6,7700.8,7697.3,7697.8,443,4,0
2026-08-31 13:00:00,2026-08-31 11:00:00,7697.8,7700.1,7695.7,7699.3,640,4,0
2026-08-31 13:15:00,2026-08-31 11:15:00,7699.3,7700.1,7696.5,7698.8,629,4,0
2026-08-31 13:30:00,2026-08-31 11:30:00,7698.7,7699.3,7697.2,7698.8,543,4,0
2026-08-31 13:45:00,2026-08-31 11:45:00,7698.8,7701.4,7698.1,7700.1,499,4,0
2026-08-31 14:00:00,2026-08-31 12:00:00,7699.9,7701.3,7697.6,7697.7,761,4,0
2026-08-31 14:15:00,2026-08-31 12:15:00,7697.7,7701.5,7697.1,7701.0,685,4,0
2026-08-31 14:30:00,2026-08-31 12:30:00,7700.9,7701.0,7693.2,7693.3,718,4,0
2026-08-31 14:45:00,2026-08-31 12:45:00,7693.3,7695.1,7691.1,7692.8,529,4,0
2026-08-31 15:00:00,2026-08-31 13:00:00,7693.1,7698.6,7685.5,7695.5,1020,4,0
2026-08-31 15:15:00,2026-08-31 13:15:00,7695.5,7699.6,7686.0,7688.3,1125,4,0
2026-08-31 15:30:00,2026-08-31 13:30:00,7688.3,7692.1,7682.1,7683.5,1241,4,0
2026-08-31 15:45:00,2026-08-31 13:45:00,7683.2,7685.6,7682.1,7684.3,840,4,0
2026-08-31 16:00:00,2026-08-31 14:00:00,7684.2,7688.8,7683.0,7688.5,1000,4,0
2026-08-31 16:15:00,2026-08-31 14:15:00,7688.5,7692.8,7688.0,7691.9,1019,4,0
2026-08-31 16:30:00,2026-08-31 14:30:00,7691.8,7694.5,7675.8,7676.4,2812,4,0
2026-08-31 16:45:00,2026-08-31 14:45:00,7676.4,7685.4,7673.2,7680.2,2529,4,0
2026-08-31 17:00:00,2026-08-31 15:00:00,7680.1,7681.4,7671.7,7676.6,2201,4,0
2026-08-31 17:15:00,2026-08-31 15:15:00,7676.5,7678.7,7665.2,7667.1,1979,4,0
2026-08-31 17:30:00,2026-08-31 15:30:00,7667.1,7679.1,7666.0,7676.6,1916,4,0
2026-08-31 17:45:00,2026-08-31 15:45:00,7676.6,7682.3,7671.7,7678.0,1698,4,0
2026-08-31 18:00:00,2026-08-31 16:00:00,7677.8,7683.1,7673.7,7675.8,1838,4,0
2026-08-31 18:15:00,2026-08-31 16:15:00,7675.8,7680.1,7672.0,7678.0,1570,4,0
2026-08-31 18:30:00,2026-08-31 16:30:00,7677.8,7678.6,7672.3,7676.6,1650,4,0
2026-08-31 18:45:00,2026-08-31 16:45:00,7676.6,7681.6,7671.2,7672.2,1349,4,0
2026-08-31 19:00:00,2026-08-31 17:00:00,7672.2,7676.0,7667.8,7675.2,1476,4,0
2026-08-31 19:15:00,2026-08-31 17:15:00,7675.4,7677.5,7670.8,7677.3,1191,4,0
2026-08-31 19:30:00,2026-08-31 17:30:00,7677.2,7677.6,7670.0,7672.3,1286,4,0
2026-08-31 19:45:00,2026-08-31 17:45:00,7672.3,7678.1,7672.3,7676.7,981,4,0
2026-08-31 20:00:00,2026-08-31 18:00:00,7676.7,7677.6,7673.6,7677.6,1003,4,0
2026-08-31 20:15:00,2026-08-31 18:15:00,7677.6,7678.8,7672.1,7672.2,1015,4,0
2026-08-31 20:30:00,2026-08-31 18:30:00,7672.2,7680.7,7669.7,7680.7,906,4,0
2026-08-31 20:45:00,2026-08-31 18:45:00,7680.7,7686.6,7679.8,7683.6,1034,4,0
2026-08-31 21:00:00,2026-08-31 19:00:00,7683.6,7685.5,7680.0,7685.3,1060,4,0
2026-08-31 21:15:00,2026-08-31 19:15:00,7685.3,7686.2,7681.1,7681.2,883,4,0
2026-08-31 21:30:00,2026-08-31 19:30:00,7681.2,7682.4,7668.5,7671.6,1238,4,0
2026-08-31 21:45:00,2026-08-31 19:45:00,7671.8,7676.8,7670.0,7675.1,1020,4,0
2026-08-31 22:00:00,2026-08-31 20:00:00,7674.9,7680.5,7674.9,7680.2,939,4,0
2026-08-31 22:15:00,2026-08-31 20:15:00,7680.1,7685.7,7678.2,7684.5,796,4,0
2026-08-31 22:30:00,2026-08-31 20:30:00,7684.5,7690.5,7680.3,7688.6,918,4,0
2026-08-31 22:45:00,2026-08-31 20:45:00,7688.4,7698.7,7684.2,7687.2,1654,4,0
2026-08-31 23:00:00,2026-08-31 21:00:00,7688.2,7695.0,7688.2,7692.0,863,4,0
2026-08-31 23:15:00,2026-08-31 21:15:00,7692.0,7693.1,7691.2,7693.1,328,4,0
2026-08-31 23:30:00,2026-08-31 21:30:00,7692.9,7693.3,7691.6,7692.8,162,4,0
2026-08-31 23:45:00,2026-08-31 21:45:00,7692.8,7693.1,7690.7,7691.5,209,4,0
2026-09-01 01:00:00,2026-08-31 23:00:00,7691.2,7693.4,7690.9,7693.0,622,4,0
2026-09-01 01:15:00,2026-08-31 23:15:00,7693.0,7693.2,7691.5,7691.9,237,4,0
2026-09-01 01:30:00,2026-08-31 23:30:00,7692.0,7693.2,7692.0,7692.3,170,4,0
2026-09-01 01:45:00,2026-08-31 23:45:00,7692.3,7692.9,7691.1,7691.8,221,4,0
2026-09-01 02:00:00,2026-09-01 00:00:00,7691.8,7693.7,7691.4,7693.0,366,4,0
2026-09-01 02:15:00,2026-09-01 00:15:00,7693.0,7693.7,7691.1,7693.3,237,4,0
2026-09-01 02:30:00,2026-09-01 00:30:00,7693.3,7696.1,7692.7,7694.5,336,4,0
2026-09-01 02:45:00,2026-09-01 00:45:00,7694.6,7695.4,7692.5,7694.2,607,4,0
2026-09-01 03:00:00,2026-09-01 01:00:00,7694.3,7698.3,7691.0,7694.3,1579,4,0
2026-09-01 03:15:00,2026-09-01 01:15:00,7694.3,7698.9,7693.0,7696.6,1106,4,0
2026-09-01 03:30:00,2026-09-01 01:30:00,7696.7,7698.0,7694.0,7696.2,832,4,0
2026-09-01 03:45:00,2026-09-01 01:45:00,7696.3,7696.7,7694.5,7695.5,627,4,0
2026-09-01 04:00:00,2026-09-01 02:00:00,7695.5,7696.5,7692.7,7695.2,902,4,0
2026-09-01 04:15:00,2026-09-01 02:15:00,7695.3,7695.3,7689.7,7690.0,702,4,0
2026-09-01 04:30:00,2026-09-01 02:30:00,7689.9,7695.5,7688.5,7695.3,934,4,0
2026-09-01 04:45:00,2026-09-01 02:45:00,7695.2,7695.9,7692.9,7693.8,590,4,0
2026-09-01 05:00:00,2026-09-01 03:00:00,7693.8,7694.4,7688.8,7689.5,600,4,0
2026-09-01 05:15:00,2026-09-01 03:15:00,7689.4,7690.1,7686.0,7687.2,456,4,0
2026-09-01 05:30:00,2026-09-01 03:30:00,7687.2,7689.3,7684.4,7685.1,725,4,0
2026-09-01 05:45:00,2026-09-01 03:45:00,7685.1,7690.9,7684.5,7690.8,497,4,0
2026-09-01 06:00:00,2026-09-01 04:00:00,7690.9,7690.9,7686.9,7687.0,520,4,0
2026-09-01 06:15:00,2026-09-01 04:15:00,7687.0,7688.1,7686.3,7686.6,476,4,0
2026-09-01 06:30:00,2026-09-01 04:30:00,7686.6,7688.4,7685.9,7687.2,561,4,0
2026-09-01 06:45:00,2026-09-01 04:45:00,7686.9,7688.3,7686.5,7687.6,482,4,0
2026-09-01 07:00:00,2026-09-01 05:00:00,7687.6,7689.1,7686.4,7687.1,419,4,0
2026-09-01 07:15:00,2026-09-01 05:15:00,7687.1,7688.7,7685.7,7686.7,331,4,0
2026-09-01 07:30:00,2026-09-01 05:30:00,7686.8,7687.8,7684.3,7684.3,528,4,0
2026-09-01 07:45:00,2026-09-01 05:45:00,7684.3,7687.3,7682.6,7683.4,649,4,0
2026-09-01 08:00:00,2026-09-01 06:00:00,7683.4,7684.1,7681.3,7682.3,409,4,0
2026-09-01 08:15:00,2026-09-01 06:15:00,7682.3,7685.6,7680.4,7685.2,552,4,0
2026-09-01 08:30:00,2026-09-01 06:30:00,7685.0,7694.0,7684.5,7693.5,899,4,0
2026-09-01 08:45:00,2026-09-01 06:45:00,7693.5,7696.8,7691.8,7695.2,609,4,0
2026-09-01 09:00:00,2026-09-01 07:00:00,7695.2,7696.2,7690.5,7691.1,752,4,0
2026-09-01 09:15:00,2026-09-01 07:15:00,7691.0,7691.1,7687.2,7687.4,764,4,0
2026-09-01 09:30:00,2026-09-01 07:30:00,7687.4,7690.7,7686.6,7690.0,916,4,0
2026-09-01 09:45:00,2026-09-01 07:45:00,7689.9,7690.3,7687.8,7688.2,715,4,0
2026-09-01 10:00:00,2026-09-01 08:00:00,7688.2,7696.1,7687.1,7695.6,1286,4,0
2026-09-01 10:15:00,2026-09-01 08:15:00,7695.6,7695.8,7691.8,7693.7,926,4,0
2026-09-01 10:30:00,2026-09-01 08:30:00,7693.8,7693.8,7681.7,7681.9,1125,4,0
2026-09-01 10:45:00,2026-09-01 08:45:00,7681.8,7684.9,7677.9,7681.0,1105,4,0
2026-09-01 11:00:00,2026-09-01 09:00:00,7681.3,7683.6,7664.3,7667.3,2153,4,0
2026-09-01 11:15:00,2026-09-01 09:15:00,7667.4,7669.9,7655.3,7656.4,1797,4,0
2026-09-01 11:30:00,2026-09-01 09:30:00,7656.5,7659.6,7649.7,7651.7,1735,4,0
2026-09-01 11:45:00,2026-09-01 09:45:00,7651.7,7656.7,7649.3,7649.3,1466,4,0
2026-09-01 12:00:00,2026-09-01 10:00:00,7649.2,7650.6,7642.4,7642.8,1466,4,0
2026-09-01 12:15:00,2026-09-01 10:15:00,7642.8,7645.1,7639.4,7641.8,1434,4,0
2026-09-01 12:30:00,2026-09-01 10:30:00,7641.8,7644.4,7640.0,7643.3,1173,4,0
2026-09-01 12:45:00,2026-09-01 10:45:00,7643.4,7646.9,7643.0,7644.0,855,4,0
2026-09-01 13:00:00,2026-09-01 11:00:00,7644.0,7647.0,7641.4,7646.2,909,4,0
2026-09-01 13:15:00,2026-09-01 11:15:00,7646.1,7652.8,7643.5,7651.3,829,4,0
2026-09-01 13:30:00,2026-09-01 11:30:00,7651.3,7654.9,7649.6,7649.7,691,4,0
2026-09-01 13:45:00,2026-09-01 11:45:00,7649.6,7652.3,7644.9,7647.0,1078,4,0
2026-09-01 14:00:00,2026-09-01 12:00:00,7647.3,7647.8,7642.9,7646.5,1107,4,0
2026-09-01 14:15:00,2026-09-01 12:15:00,7646.4,7648.9,7645.2,7647.7,908,4,0
2026-09-01 14:30:00,2026-09-01 12:30:00,7647.6,7653.9,7647.4,7651.4,700,4,0
2026-09-01 14:45:00,2026-09-01 12:45:00,7651.4,7652.3,7641.8,7643.1,1004,4,0
2026-09-01 15:00:00,2026-09-01 13:00:00,7643.1,7643.9,7639.2,7642.7,1280,4,0
2026-09-01 15:15:00,2026-09-01 13:15:00,7642.7,7645.4,7639.4,7643.7,1088,4,0
2026-09-01 15:30:00,2026-09-01 13:30:00,7643.8,7643.8,7635.7,7638.2,1199,4,0
2026-09-01 15:45:00,2026-09-01 13:45:00,7638.2,7642.3,7637.2,7638.0,872,4,0
2026-09-01 16:00:00,2026-09-01 14:00:00,7638.0,7638.0,7631.9,7634.5,1087,4,0
2026-09-01 16:15:00,2026-09-01 14:15:00,7634.5,7639.3,7633.5,7637.5,937,4,0
2026-09-01 16:30:00,2026-09-01 14:30:00,7637.8,7641.6,7629.5,7636.9,2652,4,0
2026-09-01 16:45:00,2026-09-01 14:45:00,7637.0,7642.6,7632.2,7637.3,2277,4,0
2026-09-01 17:00:00,2026-09-01 15:00:00,7637.3,7648.6,7635.3,7647.8,2073,4,0
2026-09-01 17:15:00,2026-09-01 15:15:00,7647.7,7657.9,7647.4,7655.4,1694,4,0
2026-09-01 17:30:00,2026-09-01 15:30:00,7655.3,7663.6,7655.2,7659.3,1553,4,0
2026-09-01 17:45:00,2026-09-01 15:45:00,7659.1,7661.4,7650.9,7653.1,1421,4,0
2026-09-01 18:00:00,2026-09-01 16:00:00,7653.4,7654.1,7644.2,7647.0,1519,4,0
2026-09-01 18:15:00,2026-09-01 16:15:00,7647.0,7653.4,7646.0,7653.4,1399,4,0
2026-09-01 18:30:00,2026-09-01 16:30:00,7653.4,7660.1,7652.0,7659.8,1187,4,0
2026-09-01 18:45:00,2026-09-01 16:45:00,7659.8,7664.4,7658.7,7660.5,1115,4,0
2026-09-01 19:00:00,2026-09-01 17:00:00,7660.5,7661.3,7652.6,7652.7,1177,4,0
2026-09-01 19:15:00,2026-09-01 17:15:00,7652.8,7653.6,7640.2,7642.7,1935,4,0
2026-09-01 19:30:00,2026-09-01 17:30:00,7642.8,7643.8,7633.3,7634.4,1826,4,0
2026-09-01 19:45:00,2026-09-01 17:45:00,7634.4,7641.3,7633.8,7640.4,1287,4,0
2026-09-01 20:00:00,2026-09-01 18:00:00,7640.1,7640.1,7632.3,7636.9,1361,4,0
2026-09-01 20:15:00,2026-09-01 18:15:00,7636.9,7638.8,7626.0,7634.2,1491,4,0
2026-09-01 20:30:00,2026-09-01 18:30:00,7634.2,7639.8,7633.5,7638.0,1328,4,0
2026-09-01 20:45:00,2026-09-01 18:45:00,7637.9,7638.9,7632.0,7635.6,1076,4,0
2026-09-01 21:00:00,2026-09-01 19:00:00,7635.5,7637.4,7630.4,7631.1,1132,4,0
2026-09-01 21:15:00,2026-09-01 19:15:00,7631.1,7635.9,7627.9,7629.5,1116,4,0
2026-09-01 21:30:00,2026-09-01 19:30:00,7629.5,7630.0,7614.4,7614.4,1288,4,0
2026-09-01 21:45:00,2026-09-01 19:45:00,7614.8,7626.6,7612.2,7624.5,1507,4,0
2026-09-01 22:00:00,2026-09-01 20:00:00,7624.8,7632.3,7623.4,7632.1,1387,4,0
2026-09-01 22:15:00,2026-09-01 20:15:00,7632.1,7633.6,7628.3,7631.4,1137,4,0
2026-09-01 22:30:00,2026-09-01 20:30:00,7631.4,7631.4,7625.0,7628.3,1256,4,0
2026-09-01 22:45:00,2026-09-01 20:45:00,7628.3,7635.2,7623.8,7635.0,1719,4,0
2026-09-01 23:00:00,2026-09-01 21:00:00,7634.6,7637.7,7631.4,7635.0,774,4,0
2026-09-01 23:15:00,2026-09-01 21:15:00,7635.0,7639.3,7635.0,7637.4,299,4,0
2026-09-01 23:30:00,2026-09-01 21:30:00,7637.4,7639.5,7635.8,7638.0,285,4,0
2026-09-01 23:45:00,2026-09-01 21:45:00,7638.0,7638.7,7636.8,7637.5,283,4,0
2026-09-02 01:00:00,2026-09-01 23:00:00,7638.1,7639.3,7633.0,7633.8,645,4,0
2026-09-02 01:15:00,2026-09-01 23:15:00,7634.0,7635.3,7633.2,7634.6,314,4,0
2026-09-02 01:30:00,2026-09-01 23:30:00,7634.6,7635.7,7634.2,7635.1,267,4,0
2026-09-02 01:45:00,2026-09-01 23:45:00,7635.0,7638.4,7634.8,7636.6,292,4,0
2026-09-02 02:00:00,2026-09-02 00:00:00,7636.6,7637.6,7636.3,7637.0,226,4,0
2026-09-02 02:15:00,2026-09-02 00:15:00,7637.1,7637.4,7635.7,7637.2,249,4,0
2026-09-02 02:30:00,2026-09-02 00:30:00,7637.2,7638.1,7636.7,7637.9,233,4,0
2026-09-02 02:45:00,2026-09-02 00:45:00,7637.9,7638.5,7636.9,7637.8,606,4,0
2026-09-02 03:00:00,2026-09-02 01:00:00,7638.0,7638.3,7633.3,7636.0,1576,4,0
2026-09-02 03:15:00,2026-09-02 01:15:00,7636.0,7642.7,7635.5,7635.7,1518,4,0
2026-09-02 03:30:00,2026-09-02 01:30:00,7635.9,7638.4,7633.7,7636.9,1190,4,0
2026-09-02 03:45:00,2026-09-02 01:45:00,7636.9,7638.0,7631.5,7631.5,929,4,0
2026-09-02 04:00:00,2026-09-02 02:00:00,7631.5,7634.1,7628.5,7629.9,1265,4,0
2026-09-02 04:15:00,2026-09-02 02:15:00,7629.9,7634.3,7629.4,7632.4,1085,4,0
2026-09-02 04:30:00,2026-09-02 02:30:00,7632.4,7633.5,7627.6,7628.3,1085,4,0
2026-09-02 04:45:00,2026-09-02 02:45:00,7628.3,7628.8,7624.0,7628.4,993,4,0
2026-09-02 05:00:00,2026-09-02 03:00:00,7628.4,7628.6,7625.2,7628.1,1105,4,0
2026-09-02 05:15:00,2026-09-02 03:15:00,7628.0,7633.3,7628.0,7631.8,677,4,0
2026-09-02 05:30:00,2026-09-02 03:30:00,7631.8,7632.0,7629.6,7631.7,617,4,0
2026-09-02 05:45:00,2026-09-02 03:45:00,7631.9,7633.0,7631.0,7632.6,557,4,0
2026-09-02 06:00:00,2026-09-02 04:00:00,7632.9,7633.3,7629.5,7632.3,596,4,0
2026-09-02 06:15:00,2026-09-02 04:15:00,7632.3,7632.5,7629.4,7629.5,578,4,0
2026-09-02 06:30:00,2026-09-02 04:30:00,7629.5,7629.8,7627.2,7627.5,718,4,0
2026-09-02 06:45:00,2026-09-02 04:45:00,7627.4,7628.4,7625.7,7626.4,486,4,0
2026-09-02 07:00:00,2026-09-02 05:00:00,7626.4,7626.9,7624.2,7626.1,480,4,0
2026-09-02 07:15:00,2026-09-02 05:15:00,7626.1,7627.6,7625.5,7625.8,686,4,0
2026-09-02 07:30:00,2026-09-02 05:30:00,7625.9,7627.7,7625.5,7626.0,605,4,0
2026-09-02 07:45:00,2026-09-02 05:45:00,7626.0,7627.4,7625.8,7626.8,586,4,0
2026-09-02 08:00:00,2026-09-02 06:00:00,7627.0,7629.0,7624.4,7628.4,775,4,0
2026-09-02 08:15:00,2026-09-02 06:15:00,7628.4,7632.1,7628.2,7632.0,781,4,0
2026-09-02 08:30:00,2026-09-02 06:30:00,7632.1,7634.3,7628.4,7632.8,1031,4,0
2026-09-02 08:45:00,2026-09-02 06:45:00,7632.8,7633.2,7627.3,7628.9,842,4,0
2026-09-02 09:00:00,2026-09-02 07:00:00,7628.9,7630.5,7625.2,7627.4,1153,4,0
2026-09-02 09:15:00,2026-09-02 07:15:00,7627.5,7627.9,7623.2,7623.8,934,4,0
2026-09-02 09:30:00,2026-09-02 07:30:00,7623.9,7634.6,7623.2,7631.4,1312,4,0
2026-09-02 09:45:00,2026-09-02 07:45:00,7631.5,7632.9,7628.4,7632.5,1101,4,0
2026-09-02 10:00:00,2026-09-02 08:00:00,7632.5,7638.8,7630.8,7635.2,1177,4,0
2026-09-02 10:15:00,2026-09-02 08:15:00,7635.1,7637.8,7631.2,7634.3,1002,4,0
2026-09-02 10:30:00,2026-09-02 08:30:00,7634.2,7635.2,7630.2,7630.6,1007,4,0
2026-09-02 10:45:00,2026-09-02 08:45:00,7630.5,7631.6,7626.9,7628.8,929,4,0
2026-09-02 11:00:00,2026-09-02 09:00:00,7628.8,7634.4,7627.7,7631.6,1557,4,0
2026-09-02 11:15:00,2026-09-02 09:15:00,7631.5,7633.3,7626.8,7628.0,1309,4,0
2026-09-02 11:30:00,2026-09-02 09:30:00,7628.0,7630.6,7625.0,7625.7,1169,4,0
2026-09-02 11:45:00,2026-09-02 09:45:00,7625.8,7625.8,7614.8,7618.0,1233,4,0
2026-09-02 12:00:00,2026-09-02 10:00:00,7617.9,7624.5,7615.8,7616.2,1446,4,0
2026-09-02 12:15:00,2026-09-02 10:15:00,7616.2,7620.1,7614.8,7617.3,1017,4,0
2026-09-02 12:30:00,2026-09-02 10:30:00,7617.3,7617.7,7612.8,7614.6,830,4,0
2026-09-02 12:45:00,2026-09-02 10:45:00,7614.6,7617.3,7614.1,7617.1,791,4,0
2026-09-02 13:00:00,2026-09-02 11:00:00,7617.1,7617.8,7612.7,7617.3,804,4,0
2026-09-02 13:15:00,2026-09-02 11:15:00,7617.3,7619.7,7615.8,7618.4,808,4,0
2026-09-02 13:30:00,2026-09-02 11:30:00,7618.3,7618.8,7614.2,7614.8,604,4,0
2026-09-02 13:45:00,2026-09-02 11:45:00,7614.8,7618.3,7613.2,7618.1,626,4,0
2026-09-02 14:00:00,2026-09-02 12:00:00,7618.1,7627.0,7610.2,7626.3,1402,4,0
2026-09-02 14:15:00,2026-09-02 12:15:00,7625.8,7629.4,7621.1,7627.3,1383,4,0
2026-09-02 14:30:00,2026-09-02 12:30:00,7627.3,7633.2,7626.5,7629.3,1028,4,0
2026-09-02 14:45:00,2026-09-02 12:45:00,7629.3,7637.7,7628.5,7637.6,742,4,0
2026-09-02 15:00:00,2026-09-02 13:00:00,7637.3,7644.2,7636.2,7644.2,1278,4,0
2026-09-02 15:15:00,2026-09-02 13:15:00,7644.2,7650.2,7640.2,7641.6,1604,4,0
2026-09-02 15:30:00,2026-09-02 13:30:00,7641.4,7642.1,7635.8,7636.6,821,4,0
2026-09-02 15:45:00,2026-09-02 13:45:00,7636.6,7637.0,7630.7,7631.6,668,4,0
2026-09-02 16:00:00,2026-09-02 14:00:00,7631.6,7637.2,7631.3,7635.1,823,4,0
2026-09-02 16:15:00,2026-09-02 14:15:00,7635.1,7646.0,7634.3,7641.9,997,4,0
2026-09-02 16:30:00,2026-09-02 14:30:00,7642.1,7645.8,7634.5,7645.5,2587,4,0
2026-09-02 16:45:00,2026-09-02 14:45:00,7645.5,7647.9,7637.2,7647.8,2191,4,0
2026-09-02 17:00:00,2026-09-02 15:00:00,7647.8,7660.6,7646.1,7660.2,2038,4,0
2026-09-02 17:15:00,2026-09-02 15:15:00,7660.2,7673.7,7658.5,7670.7,1629,4,0
2026-09-02 17:30:00,2026-09-02 15:30:00,7670.8,7681.4,7667.2,7681.0,1580,4,0
2026-09-02 17:45:00,2026-09-02 15:45:00,7681.0,7681.2,7669.7,7671.1,1506,4,0
2026-09-02 18:00:00,2026-09-02 16:00:00,7671.1,7675.5,7669.1,7673.0,1794,4,0
2026-09-02 18:15:00,2026-09-02 16:15:00,7673.0,7681.7,7671.8,7681.0,1384,4,0
2026-09-02 18:30:00,2026-09-02 16:30:00,7681.0,7682.2,7674.2,7674.4,1362,4,0
2026-09-02 18:45:00,2026-09-02 16:45:00,7674.4,7677.6,7667.6,7677.1,1368,4,0
2026-09-02 19:00:00,2026-09-02 17:00:00,7677.1,7677.2,7673.2,7674.8,1272,4,0
2026-09-02 19:15:00,2026-09-02 17:15:00,7674.8,7674.8,7664.5,7666.4,1032,4,0
2026-09-02 19:30:00,2026-09-02 17:30:00,7666.3,7670.9,7664.9,7664.9,1088,4,0
2026-09-02 19:45:00,2026-09-02 17:45:00,7664.9,7670.0,7664.7,7666.8,990,4,0
2026-09-02 20:00:00,2026-09-02 18:00:00,7666.8,7672.7,7663.9,7667.1,1148,4,0
2026-09-02 20:15:00,2026-09-02 18:15:00,7667.1,7667.4,7662.2,7664.8,935,4,0
2026-09-02 20:30:00,2026-09-02 18:30:00,7665.0,7667.4,7661.5,7667.1,966,4,0
2026-09-02 20:45:00,2026-09-02 18:45:00,7667.1,7670.9,7665.5,7669.2,1071,4,0
2026-09-02 21:00:00,2026-09-02 19:00:00,7669.3,7672.1,7665.2,7669.7,1023,4,0
2026-09-02 21:15:00,2026-09-02 19:15:00,7669.6,7678.6,7669.2,7671.4,1228,4,0
2026-09-02 21:30:00,2026-09-02 19:30:00,7671.4,7673.2,7664.3,7665.2,739,4,0
2026-09-02 21:45:00,2026-09-02 19:45:00,7665.2,7667.9,7663.8,7665.8,784,4,0
2026-09-02 22:00:00,2026-09-02 20:00:00,7665.8,7672.8,7664.7,7671.8,768,4,0
2026-09-02 22:15:00,2026-09-02 20:15:00,7671.8,7673.2,7668.5,7672.6,671,4,0
2026-09-02 22:30:00,2026-09-02 20:30:00,7672.6,7672.7,7668.1,7671.3,777,4,0
2026-09-02 22:45:00,2026-09-02 20:45:00,7671.3,7672.7,7665.3,7669.2,1133,4,0
2026-09-02 23:00:00,2026-09-02 21:00:00,7669.5,7673.7,7668.9,7671.6,715,4,0
2026-09-02 23:15:00,2026-09-02 21:15:00,7671.6,7671.7,7658.8,7662.8,1024,4,0
2026-09-02 23:30:00,2026-09-02 21:30:00,7662.7,7663.7,7661.1,7661.1,471,4,0
2026-09-02 23:45:00,2026-09-02 21:45:00,7661.1,7664.0,7660.3,7660.9,283,4,0
2026-09-03 01:00:00,2026-09-02 23:00:00,7666.1,7669.1,7663.3,7668.8,618,4,0
2026-09-03 01:15:00,2026-09-02 23:15:00,7668.8,7671.8,7667.6,7670.1,435,4,0
2026-09-03 01:30:00,2026-09-02 23:30:00,7670.1,7670.6,7669.3,7669.9,238,4,0
2026-09-03 01:45:00,2026-09-02 23:45:00,7669.9,7670.0,7667.7,7668.0,221,4,0
2026-09-03 02:00:00,2026-09-03 00:00:00,7668.0,7669.5,7666.9,7667.2,360,4,0
2026-09-03 02:15:00,2026-09-03 00:15:00,7667.2,7668.6,7666.6,7668.5,220,4,0
2026-09-03 02:30:00,2026-09-03 00:30:00,7668.5,7669.8,7667.9,7669.6,323,4,0
2026-09-03 02:45:00,2026-09-03 00:45:00,7669.6,7673.2,7669.6,7671.6,667,4,0
2026-09-03 03:00:00,2026-09-03 01:00:00,7671.6,7671.6,7667.0,7667.5,1256,4,0
2026-09-03 03:15:00,2026-09-03 01:15:00,7667.5,7667.5,7663.5,7665.2,798,4,0
2026-09-03 03:30:00,2026-09-03 01:30:00,7665.1,7665.7,7664.0,7664.6,647,4,0
2026-09-03 03:45:00,2026-09-03 01:45:00,7664.7,7665.8,7664.0,7664.5,619,4,0
2026-09-03 04:00:00,2026-09-03 02:00:00,7664.4,7669.0,7663.6,7668.5,906,4,0
2026-09-03 04:15:00,2026-09-03 02:15:00,7668.5,7671.1,7665.2,7668.3,917,4,0
2026-09-03 04:30:00,2026-09-03 02:30:00,7668.2,7671.1,7667.2,7667.6,1184,4,0
2026-09-03 04:45:00,2026-09-03 02:45:00,7667.6,7668.9,7663.3,7663.6,1056,4,0
2026-09-03 05:00:00,2026-09-03 03:00:00,7663.5,7670.9,7663.1,7670.4,1021,4,0
2026-09-03 05:15:00,2026-09-03 03:15:00,7670.4,7671.4,7668.7,7670.4,629,4,0
2026-09-03 05:30:00,2026-09-03 03:30:00,7670.4,7672.2,7668.6,7668.7,523,4,0
2026-09-03 05:45:00,2026-09-03 03:45:00,7668.7,7671.5,7668.1,7670.4,628,4,0
2026-09-03 06:00:00,2026-09-03 04:00:00,7670.3,7672.3,7669.6,7672.1,511,4,0
2026-09-03 06:15:00,2026-09-03 04:15:00,7672.2,7675.3,7672.0,7673.0,593,4,0
2026-09-03 06:30:00,2026-09-03 04:30:00,7673.0,7674.6,7672.9,7673.9,578,4,0
2026-09-03 06:45:00,2026-09-03 04:45:00,7673.9,7675.4,7672.9,7674.7,447,4,0
2026-09-03 07:00:00,2026-09-03 05:00:00,7674.7,7676.2,7673.9,7675.2,448,4,0
2026-09-03 07:15:00,2026-09-03 05:15:00,7675.2,7675.7,7673.5,7673.6,349,4,0
2026-09-03 07:30:00,2026-09-03 05:30:00,7673.6,7675.4,7672.3,7673.0,427,4,0
2026-09-03 07:45:00,2026-09-03 05:45:00,7673.0,7673.7,7670.9,7671.5,374,4,0
2026-09-03 08:00:00,2026-09-03 06:00:00,7671.5,7671.7,7662.8,7663.7,999,4,0
2026-09-03 08:15:00,2026-09-03 06:15:00,7663.6,7663.9,7653.1,7656.8,1977,4,0
2026-09-03 08:30:00,2026-09-03 06:30:00,7656.7,7663.7,7656.4,7662.7,1710,4,0
2026-09-03 08:45:00,2026-09-03 06:45:00,7662.8,7670.8,7660.9,7670.7,1186,4,0
2026-09-03 09:00:00,2026-09-03 07:00:00,7670.7,7672.5,7667.4,7668.9,1303,4,0
2026-09-03 09:15:00,2026-09-03 07:15:00,7668.9,7670.6,7666.9,7668.7,1038,4,0
2026-09-03 09:30:00,2026-09-03 07:30:00,7668.5,7669.5,7666.0,7668.0,1107,4,0
2026-09-03 09:45:00,2026-09-03 07:45:00,7668.0,7668.0,7663.9,7666.4,746,4,0
2026-09-03 10:00:00,2026-09-03 08:00:00,7666.1,7675.4,7664.0,7671.2,1604,4,0
2026-09-03 10:15:00,2026-09-03 08:15:00,7671.3,7672.0,7666.8,7670.5,1203,4,0
2026-09-03 10:30:00,2026-09-03 08:30:00,7670.3,7677.6,7669.8,7676.7,1258,4,0
2026-09-03 10:45:00,2026-09-03 08:45:00,7676.7,7677.0,7668.1,7674.7,1097,4,0
2026-09-03 11:00:00,2026-09-03 09:00:00,7674.6,7686.3,7673.6,7679.2,2088,4,0
2026-09-03 11:15:00,2026-09-03 09:15:00,7679.2,7682.1,7676.9,7681.1,1397,4,0
2026-09-03 11:30:00,2026-09-03 09:30:00,7681.1,7681.1,7677.4,7677.7,1181,4,0
2026-09-03 11:45:00,2026-09-03 09:45:00,7677.7,7678.7,7675.0,7675.3,840,4,0
2026-09-03 12:00:00,2026-09-03 10:00:00,7675.4,7678.6,7675.1,7678.2,888,4,0
2026-09-03 12:15:00,2026-09-03 10:15:00,7678.5,7678.5,7673.7,7673.7,819,4,0
2026-09-03 12:30:00,2026-09-03 10:30:00,7673.6,7675.0,7670.9,7672.0,775,4,0
2026-09-03 12:45:00,2026-09-03 10:45:00,7671.8,7672.0,7663.9,7665.5,1037,4,0
2026-09-03 13:00:00,2026-09-03 11:00:00,7665.5,7669.0,7663.1,7664.2,1003,4,0
2026-09-03 13:15:00,2026-09-03 11:15:00,7664.1,7665.8,7661.6,7663.1,886,4,0
2026-09-03 13:30:00,2026-09-03 11:30:00,7663.4,7665.5,7660.9,7664.7,696,4,0
2026-09-03 13:45:00,2026-09-03 11:45:00,7664.7,7665.0,7661.2,7665.0,612,4,0
2026-09-03 14:00:00,2026-09-03 12:00:00,7665.1,7673.5,7662.4,7673.0,1225,4,0
2026-09-03 14:15:00,2026-09-03 12:15:00,7673.0,7677.2,7672.4,7674.2,925,4,0
2026-09-03 14:30:00,2026-09-03 12:30:00,7674.5,7675.8,7664.4,7670.6,1117,4,0
2026-09-03 14:45:00,2026-09-03 12:45:00,7670.5,7670.7,7664.6,7665.5,1144,4,0
2026-09-03 15:00:00,2026-09-03 13:00:00,7665.6,7672.7,7665.6,7669.0,1016,4,0
2026-09-03 15:15:00,2026-09-03 13:15:00,7669.1,7674.7,7666.3,7672.4,1095,4,0
2026-09-03 15:30:00,2026-09-03 13:30:00,7672.4,7691.2,7672.0,7682.6,2017,4,0
2026-09-03 15:45:00,2026-09-03 13:45:00,7682.5,7695.5,7682.0,7693.1,1445,4,0
2026-09-03 16:00:00,2026-09-03 14:00:00,7693.2,7695.5,7685.9,7694.0,1280,4,0
2026-09-03 16:15:00,2026-09-03 14:15:00,7694.0,7697.8,7689.0,7696.0,996,4,0
2026-09-03 16:30:00,2026-09-03 14:30:00,7696.0,7716.0,7696.0,7715.0,2551,4,0
2026-09-03 16:45:00,2026-09-03 14:45:00,7715.1,7718.3,7708.9,7713.4,2030,4,0
2026-09-03 17:00:00,2026-09-03 15:00:00,7713.3,7713.3,7692.4,7701.0,2448,4,0
2026-09-03 17:15:00,2026-09-03 15:15:00,7701.0,7708.0,7699.5,7703.9,1941,4,0
2026-09-03 17:30:00,2026-09-03 15:30:00,7703.9,7707.0,7695.6,7699.2,2280,4,0
2026-09-03 17:45:00,2026-09-03 15:45:00,7699.1,7710.8,7691.9,7710.1,2210,4,0
2026-09-03 18:00:00,2026-09-03 16:00:00,7710.0,7733.1,7709.9,7733.1,1931,4,0
2026-09-03 18:15:00,2026-09-03 16:15:00,7733.5,7747.8,7732.6,7747.3,1567,4,0
2026-09-03 18:30:00,2026-09-03 16:30:00,7747.3,7750.1,7740.9,7744.0,1417,4,0
2026-09-03 18:45:00,2026-09-03 16:45:00,7744.0,7751.3,7744.0,7751.1,1030,4,0
2026-09-03 19:00:00,2026-09-03 17:00:00,7751.1,7751.3,7741.5,7744.6,1208,4,0
2026-09-03 19:15:00,2026-09-03 17:15:00,7744.8,7746.4,7739.9,7742.2,1032,4,0
2026-09-03 19:30:00,2026-09-03 17:30:00,7742.0,7750.0,7740.7,7749.3,1008,4,0
2026-09-03 19:45:00,2026-09-03 17:45:00,7749.3,7750.0,7745.1,7746.7,872,4,0
2026-09-03 20:00:00,2026-09-03 18:00:00,7747.0,7748.0,7740.9,7742.0,824,4,0
2026-09-03 20:15:00,2026-09-03 18:15:00,7742.1,7744.5,7738.9,7744.5,805,4,0
2026-09-03 20:30:00,2026-09-03 18:30:00,7744.2,7749.6,7744.2,7748.2,859,4,0
2026-09-03 20:45:00,2026-09-03 18:45:00,7748.3,7752.8,7746.4,7750.4,855,4,0
2026-09-03 21:00:00,2026-09-03 19:00:00,7750.4,7757.3,7750.4,7755.9,954,4,0
2026-09-03 21:15:00,2026-09-03 19:15:00,7755.9,7758.1,7753.4,7755.0,790,4,0
2026-09-03 21:30:00,2026-09-03 19:30:00,7755.0,7756.7,7752.8,7753.7,584,4,0
2026-09-03 21:45:00,2026-09-03 19:45:00,7753.7,7756.0,7751.7,7753.9,551,4,0
2026-09-03 22:00:00,2026-09-03 20:00:00,7754.1,7754.5,7750.7,7751.2,590,4,0
2026-09-03 22:15:00,2026-09-03 20:15:00,7751.2,7753.5,7748.8,7751.6,730,4,0
2026-09-03 22:30:00,2026-09-03 20:30:00,7751.6,7752.7,7749.2,7749.5,699,4,0
2026-09-03 22:45:00,2026-09-03 20:45:00,7749.3,7751.2,7744.0,7748.6,1160,4,0
2026-09-03 23:00:00,2026-09-03 21:00:00,7748.0,7748.5,7743.0,7745.2,474,4,0
2026-09-03 23:15:00,2026-09-03 21:15:00,7745.5,7745.5,7742.0,7742.2,207,4,0
2026-09-03 23:30:00,2026-09-03 21:30:00,7742.2,7743.7,7742.0,7742.5,144,4,0
2026-09-03 23:45:00,2026-09-03 21:45:00,7742.5,7742.7,7740.0,7741.2,226,4,0
