timestamp_broker,date,currency,event,sector,impact,scheduled,actual,consensus,previous,source
2026-04-01 00:10,2026-04-01,USD,Fed Governor Bowman Speech,MONEY,MODERATE,Y,0.0,0.0,0.0,MT5 economic calendar (broker time UTC+3)
2026-04-01 00:45,2026-04-01,NZD,Building Consents m/m,HOUSING,LOW,Y,2.7,-1.7,1.9,MT5 economic calendar (broker time UTC+3)
2026-04-01 01:00,2026-04-01,AUD,Ai Group Construction Index,BUSINESS,LOW,Y,-31.4,0.0,-8.2,MT5 economic calendar (broker time UTC+3)
2026-04-01 01:00,2026-04-01,AUD,Ai Group Industry Index,BUSINESS,MODERATE,Y,-23.6,0.0,-1.5,MT5 economic calendar (broker time UTC+3)
2026-04-01 01:00,2026-04-01,AUD,Ai Group Manufacturing Index,BUSINESS,LOW,Y,-27.9,0.0,-15.6,MT5 economic calendar (broker time UTC+3)
2026-04-01 01:00,2026-04-01,AUD,S&P Global Manufacturing PMI,BUSINESS,LOW,Y,49.8,50.5,51.0,MT5 economic calendar (broker time UTC+3)
2026-04-01 02:50,2026-04-01,JPY,BoJ Tankan Large All Industry Capex,BUSINESS,MODERATE,Y,3.3,7.1,12.6,MT5 economic calendar (broker time UTC+3)
2026-04-01 02:50,2026-04-01,JPY,BoJ Tankan Large Manufacturing Index,BUSINESS,MODERATE,Y,17.0,14.0,15.0,MT5 economic calendar (broker time UTC+3)
2026-04-01 02:50,2026-04-01,JPY,BoJ Tankan Large Manufacturing Outlook,BUSINESS,MODERATE,Y,14.0,19.0,15.0,MT5 economic calendar (broker time UTC+3)
2026-04-01 02:50,2026-04-01,JPY,BoJ Tankan Large Non-Manufacturing Index,BUSINESS,MODERATE,Y,36.0,33.0,34.0,MT5 economic calendar (broker time UTC+3)
2026-04-01 02:50,2026-04-01,JPY,BoJ Tankan Large Non-Manufacturing Outlook,BUSINESS,LOW,Y,29.0,27.0,28.0,MT5 economic calendar (broker time UTC+3)
2026-04-01 02:50,2026-04-01,JPY,BoJ Tankan Small All Industry Capex,BUSINESS,LOW,Y,-8.1,-8.9,0.1,MT5 economic calendar (broker time UTC+3)
2026-04-01 02:50,2026-04-01,JPY,BoJ Tankan Small Manufacturing Index,BUSINESS,LOW,Y,7.0,5.0,6.0,MT5 economic calendar (broker time UTC+3)
2026-04-01 02:50,2026-04-01,JPY,BoJ Tankan Small Manufacturing Outlook,BUSINESS,LOW,Y,4.0,2.0,2.0,MT5 economic calendar (broker time UTC+3)
2026-04-01 02:50,2026-04-01,JPY,BoJ Tankan Small Non-Manufacturing Index,BUSINESS,LOW,Y,16.0,14.0,15.0,MT5 economic calendar (broker time UTC+3)
2026-04-01 02:50,2026-04-01,JPY,BoJ Tankan Small Non-Manufacturing Outlook,BUSINESS,LOW,Y,8.0,9.0,10.0,MT5 economic calendar (broker time UTC+3)
2026-04-01 03:00,2026-04-01,KRW,Exports y/y,TRADE,LOW,Y,48.3,52.4,28.7,MT5 economic calendar (broker time UTC+3)
2026-04-01 03:00,2026-04-01,KRW,Imports y/y,TRADE,LOW,Y,13.2,17.1,7.5,MT5 economic calendar (broker time UTC+3)
2026-04-01 03:00,2026-04-01,KRW,Trade Balance,TRADE,LOW,Y,25.737,12.169,15.376,MT5 economic calendar (broker time UTC+3)
2026-04-01 03:30,2026-04-01,AUD,Building Approvals m/m,BUSINESS,MODERATE,Y,29.7,9.8,-7.2,MT5 economic calendar (broker time UTC+3)
2026-04-01 03:30,2026-04-01,AUD,Private House Approvals m/m,BUSINESS,LOW,Y,0.2,0.0,1.1,MT5 economic calendar (broker time UTC+3)
2026-04-01 03:30,2026-04-01,JPY,au Jibun Bank Manufacturing PMI,BUSINESS,LOW,Y,51.6,51.5,52.8,MT5 economic calendar (broker time UTC+3)
2026-04-01 03:30,2026-04-01,KRW,S&P Global Manufacturing PMI,BUSINESS,LOW,Y,52.6,50.2,51.1,MT5 economic calendar (broker time UTC+3)
2026-04-01 03:30,2026-04-01,SGD,URA Property Price Index q/q,HOUSING,LOW,Y,0.3,0.8,0.6,MT5 economic calendar (broker time UTC+3)
2026-04-01 04:45,2026-04-01,CNY,Caixin Manufacturing PMI,BUSINESS,MODERATE,Y,50.8,50.6,52.1,MT5 economic calendar (broker time UTC+3)
2026-04-01 08:30,2026-04-01,AUD,RBA Index of Commodity Prices y/y,PRICES,LOW,Y,0.0,0.0,0.0,MT5 economic calendar (broker time UTC+3)
2026-04-01 09:30,2026-04-01,CHF,Retail Sales y/y,CONSUMER,LOW,Y,0.9,-0.3,-1.1,MT5 economic calendar (broker time UTC+3)
2026-04-01 09:30,2026-04-01,SEK,Silf/Swedbank Manufacturing PMI,BUSINESS,LOW,Y,56.3,55.8,56.1,MT5 economic calendar (broker time UTC+3)
2026-04-01 10:00,2026-04-01,EUR,New Car Registrations m/m,BUSINESS,LOW,Y,43.8,0.0,12.7,MT5 economic calendar (broker time UTC+3)
2026-04-01 10:00,2026-04-01,EUR,New Car Registrations y/y,BUSINESS,LOW,Y,12.9,0.0,-14.7,MT5 economic calendar (broker time UTC+3)
2026-04-01 10:15,2026-04-01,EUR,S&P Global Manufacturing PMI,BUSINESS,MODERATE,Y,48.7,50.0,49.2,MT5 economic calendar (broker time UTC+3)
2026-04-01 10:30,2026-04-01,CHF,procure.ch Manufacturing PMI,BUSINESS,MODERATE,Y,50.0,48.0,47.4,MT5 economic calendar (broker time UTC+3)
2026-04-01 10:45,2026-04-01,EUR,S&P Global Manufacturing PMI,BUSINESS,MODERATE,Y,51.3,50.6,50.6,MT5 economic calendar (broker time UTC+3)
2026-04-01 10:50,2026-04-01,EUR,S&P Global Manufacturing PMI,BUSINESS,MODERATE,Y,50.0,50.2,50.2,MT5 economic calendar (broker time UTC+3)
2026-04-01 10:55,2026-04-01,EUR,S&P Global Manufacturing PMI,BUSINESS,MODERATE,Y,52.2,51.7,51.7,MT5 economic calendar (broker time UTC+3)
2026-04-01 11:00,2026-04-01,EUR,S&P Global Manufacturing PMI,BUSINESS,MODERATE,Y,51.6,51.4,51.4,MT5 economic calendar (broker time UTC+3)
2026-04-01 11:00,2026-04-01,EUR,Unemployment Rate,JOBS,LOW,Y,5.3,5.6,5.1,MT5 economic calendar (broker time UTC+3)
2026-04-01 11:30,2026-04-01,GBP,S&P Global/CIPS Manufacturing PMI,BUSINESS,MODERATE,Y,51.0,51.4,51.4,MT5 economic calendar (broker time UTC+3)
2026-04-01 11:30,2026-04-01,HKD,Retail Sales y/y,CONSUMER,LOW,Y,19.3,9.0,5.5,MT5 economic calendar (broker time UTC+3)
2026-04-01 12:00,2026-04-01,EUR,Unemployment Rate,JOBS,MODERATE,Y,6.2,6.2,6.2,MT5 economic calendar (broker time UTC+3)
2026-04-01 12:00,2026-04-01,ZAR,Absa Manufacturing PMI,BUSINESS,LOW,Y,49.0,47.3,47.4,MT5 economic calendar (broker time UTC+3)
2026-04-01 15:00,2026-04-01,ZAR,Total New Vehicle Sales,BUSINESS,LOW,Y,58.06,0.0,53.455,MT5 economic calendar (broker time UTC+3)
2026-04-01 15:00,2026-04-01,ZAR,Total New Vehicle Sales m/m,BUSINESS,LOW,Y,8.8,0.0,5.8,MT5 economic calendar (broker time UTC+3)
2026-04-01 15:00,2026-04-01,ZAR,Total New Vehicle Sales y/y,BUSINESS,LOW,Y,17.3,9.4,11.4,MT5 economic calendar (broker time UTC+3)
2026-04-01 15:15,2026-04-01,USD,ADP Nonfarm Employment Change,JOBS,HIGH,Y,62.0,20.0,63.0,MT5 economic calendar (broker time UTC+3)
2026-04-01 15:30,2026-04-01,USD,Core Retail Sales m/m,CONSUMER,HIGH,Y,0.5,0.3,0.0,MT5 economic calendar (broker time UTC+3)
2026-04-01 15:30,2026-04-01,USD,Retail Control m/m,CONSUMER,MODERATE,Y,0.5,0.5,0.3,MT5 economic calendar (broker time UTC+3)
2026-04-01 15:30,2026-04-01,USD,Retail Sales excl. Autos and Gas m/m,CONSUMER,LOW,Y,0.4,0.2,0.3,MT5 economic calendar (broker time UTC+3)
2026-04-01 15:30,2026-04-01,USD,Retail Sales m/m,CONSUMER,HIGH,Y,0.6,0.3,-0.2,MT5 economic calendar (broker time UTC+3)
2026-04-01 15:30,2026-04-01,USD,Retail Sales y/y,CONSUMER,LOW,Y,3.7,2.7,3.2,MT5 economic calendar (broker time UTC+3)
2026-04-01 16:00,2026-04-01,BRL,S&P Global Manufacturing PMI,BUSINESS,LOW,Y,49.0,49.2,47.3,MT5 economic calendar (broker time UTC+3)
2026-04-01 16:10,2026-04-01,USD,Fed Vice Chair for Supervision Barr Speech,MONEY,MODERATE,Y,0.0,0.0,0.0,MT5 economic calendar (broker time UTC+3)
2026-04-01 16:30,2026-04-01,CAD,S&P Global Manufacturing PMI,BUSINESS,LOW,Y,50.0,50.2,51.0,MT5 economic calendar (broker time UTC+3)
2026-04-01 16:45,2026-04-01,USD,S&P Global Manufacturing PMI,BUSINESS,HIGH,Y,52.3,52.1,51.6,MT5 economic calendar (broker time UTC+3)
2026-04-01 17:00,2026-04-01,USD,Business Inventories m/m,BUSINESS,MODERATE,Y,-0.1,0.1,0.1,MT5 economic calendar (broker time UTC+3)
2026-04-01 17:00,2026-04-01,USD,ISM Manufacturing Employment,BUSINESS,MODERATE,Y,48.7,47.5,48.8,MT5 economic calendar (broker time UTC+3)
2026-04-01 17:00,2026-04-01,USD,ISM Manufacturing New Orders,BUSINESS,LOW,Y,53.5,54.2,55.8,MT5 economic calendar (broker time UTC+3)
2026-04-01 17:00,2026-04-01,USD,ISM Manufacturing PMI,BUSINESS,HIGH,Y,52.7,52.2,52.4,MT5 economic calendar (broker time UTC+3)
2026-04-01 17:00,2026-04-01,USD,ISM Manufacturing Prices Paid,BUSINESS,HIGH,Y,78.3,73.6,70.5,MT5 economic calendar (broker time UTC+3)
2026-04-01 17:00,2026-04-01,USD,Retail Inventories excl. Autos m/m,CONSUMER,MODERATE,Y,0.3,0.0,0.4,MT5 economic calendar (broker time UTC+3)
2026-04-01 17:00,2026-04-01,USD,Retail Inventories m/m,CONSUMER,MODERATE,Y,0.3,-0.2,0.1,MT5 economic calendar (broker time UTC+3)
2026-04-01 17:30,2026-04-01,USD,EIA Crude Oil Imports Change,BUSINESS,LOW,Y,-0.209,0.547,0.846,MT5 economic calendar (broker time UTC+3)
2026-04-01 17:30,2026-04-01,USD,EIA Crude Oil Stocks Change,BUSINESS,HIGH,Y,5.451,2.877,6.926,MT5 economic calendar (broker time UTC+3)
2026-04-01 17:30,2026-04-01,USD,EIA Cushing Crude Oil Stocks Change,BUSINESS,MODERATE,Y,0.52,1.367,3.421,MT5 economic calendar (broker time UTC+3)
2026-04-01 17:30,2026-04-01,USD,EIA Distillate Fuel Production Change,BUSINESS,LOW,Y,0.0,-0.001,0.157,MT5 economic calendar (broker time UTC+3)
2026-04-01 17:30,2026-04-01,USD,EIA Distillates Stocks Change,BUSINESS,LOW,Y,-2.111,0.13,3.032,MT5 economic calendar (broker time UTC+3)
2026-04-01 17:30,2026-04-01,USD,EIA Gasoline Production Change,BUSINESS,LOW,Y,-0.152,0.112,0.309,MT5 economic calendar (broker time UTC+3)
2026-04-01 17:30,2026-04-01,USD,EIA Gasoline Stocks Change,BUSINESS,LOW,Y,-0.586,-2.702,-2.593,MT5 economic calendar (broker time UTC+3)
2026-04-01 17:30,2026-04-01,USD,EIA Heating Oil Stocks Change,BUSINESS,LOW,Y,-0.809,0.137,-0.241,MT5 economic calendar (broker time UTC+3)
2026-04-01 17:30,2026-04-01,USD,EIA Refinery Crude Oil Daily Inputs Change,BUSINESS,LOW,Y,-0.219,0.0,0.366,MT5 economic calendar (broker time UTC+3)
2026-04-01 17:30,2026-04-01,USD,EIA Refinery Utilization Rate Change,BUSINESS,LOW,Y,-0.8,0.0,1.5,MT5 economic calendar (broker time UTC+3)
2026-04-01 18:00,2026-04-01,MXN,S&P Global Manufacturing PMI,BUSINESS,LOW,Y,48.9,47.0,47.1,MT5 economic calendar (broker time UTC+3)
2026-04-01 19:00,2026-04-01,EUR,New Car Registrations m/m,BUSINESS,LOW,Y,17.8,0.0,0.0,MT5 economic calendar (broker time UTC+3)
2026-04-01 19:00,2026-04-01,EUR,New Car Registrations y/y,BUSINESS,LOW,Y,7.6,0.0,14.0,MT5 economic calendar (broker time UTC+3)
2026-04-01 20:30,2026-04-01,BRL,Foreign Exchange Flows,MONEY,LOW,Y,1.597,-0.872,-0.119,MT5 economic calendar (broker time UTC+3)
2026-04-02 00:00,2026-04-02,EUR,Maundy Thursday,HOLIDAYS,NONE,Y,0.0,0.0,0.0,MT5 economic calendar (broker time UTC+3)
2026-04-02 00:00,2026-04-02,MXN,Maundy Thursday,HOLIDAYS,NONE,Y,0.0,0.0,0.0,MT5 economic calendar (broker time UTC+3)
2026-04-02 00:00,2026-04-02,NOK,Maundy Thursday,HOLIDAYS,NONE,Y,0.0,0.0,0.0,MT5 economic calendar (broker time UTC+3)
2026-04-02 02:00,2026-04-02,KRW,CPI m/m,PRICES,LOW,Y,0.0,0.2,0.3,MT5 economic calendar (broker time UTC+3)
2026-04-02 02:00,2026-04-02,KRW,CPI y/y,PRICES,LOW,Y,0.0,2.1,2.0,MT5 economic calendar (broker time UTC+3)
2026-04-02 02:50,2026-04-02,JPY,BoJ Monetary Base y/y,MONEY,LOW,Y,-11.6,-11.0,-10.6,MT5 economic calendar (broker time UTC+3)
2026-04-02 02:50,2026-04-02,JPY,Foreign Bond Investment,GOVERNMENT,LOW,Y,-945.4,0.0,-635.3,MT5 economic calendar (broker time UTC+3)
2026-04-02 02:50,2026-04-02,JPY,Foreign Investment in Japan Stocks,GOVERNMENT,LOW,Y,-4448.1,0.0,-2509.7,MT5 economic calendar (broker time UTC+3)
2026-04-02 03:30,2026-04-02,AUD,Exports m/m,TRADE,LOW,Y,4.9,0.0,-0.9,MT5 economic calendar (broker time UTC+3)
2026-04-02 03:30,2026-04-02,AUD,Imports m/m,TRADE,LOW,Y,-3.2,0.0,0.8,MT5 economic calendar (broker time UTC+3)
2026-04-02 03:30,2026-04-02,AUD,Trade Balance,TRADE,MODERATE,Y,5.686,3.003,2.631,MT5 economic calendar (broker time UTC+3)
2026-04-02 06:35,2026-04-02,JPY,10-Year JGB Auction,MARKET,MODERATE,Y,2.35,0.0,2.122,MT5 economic calendar (broker time UTC+3)
2026-04-02 08:00,2026-04-02,INR,S&P Global Manufacturing PMI,BUSINESS,LOW,Y,53.8,58.0,57.5,MT5 economic calendar (broker time UTC+3)
2026-04-02 09:30,2026-04-02,CHF,CPI m/m,PRICES,MODERATE,Y,0.2,0.1,0.6,MT5 economic calendar (broker time UTC+3)
2026-04-02 09:30,2026-04-02,CHF,CPI y/y,PRICES,LOW,Y,0.3,0.2,0.1,MT5 economic calendar (broker time UTC+3)
2026-04-02 09:45,2026-04-02,EUR,Government Budget Balance,GOVERNMENT,LOW,Y,-32.1,0.0,-9.7,MT5 economic calendar (broker time UTC+3)
2026-04-02 11:00,2026-04-02,BRL,FIPE CPI m/m,PRICES,MODERATE,Y,0.59,0.33,0.25,MT5 economic calendar (broker time UTC+3)
2026-04-02 11:00,2026-04-02,EUR,ECB Economic Bulletin,MONEY,MODERATE,Y,0.0,0.0,0.0,MT5 economic calendar (broker time UTC+3)
2026-04-02 12:00,2026-04-02,EUR,10-Year OAT Auction,MARKET,LOW,Y,3.73,0.0,3.46,MT5 economic calendar (broker time UTC+3)
2026-04-02 12:00,2026-04-02,EUR,Retail Sales m/m,CONSUMER,LOW,Y,0.0,-0.7,0.6,MT5 economic calendar (broker time UTC+3)
2026-04-02 12:00,2026-04-02,EUR,Retail Sales y/y,CONSUMER,LOW,Y,1.6,3.4,2.3,MT5 economic calendar (broker time UTC+3)
2026-04-02 15:00,2026-04-02,BRL,Industrial Production m/m,BUSINESS,LOW,Y,0.9,1.0,1.8,MT5 economic calendar (broker time UTC+3)
2026-04-02 15:00,2026-04-02,BRL,Industrial Production y/y,BUSINESS,MODERATE,Y,-0.7,-0.8,0.2,MT5 economic calendar (broker time UTC+3)
2026-04-02 15:30,2026-04-02,CAD,Exports,TRADE,LOW,Y,66.311,0.0,62.48,MT5 economic calendar (broker time UTC+3)
2026-04-02 15:30,2026-04-02,CAD,Imports,TRADE,LOW,Y,72.054,0.0,66.129,MT5 economic calendar (broker time UTC+3)
2026-04-02 15:30,2026-04-02,CAD,Trade Balance,TRADE,MODERATE,Y,-5.743,-5.088,-3.649,MT5 economic calendar (broker time UTC+3)
2026-04-02 15:30,2026-04-02,USD,Continuing Jobless Claims,JOBS,MODERATE,Y,1.841,1.852,1.819,MT5 economic calendar (broker time UTC+3)
2026-04-02 15:30,2026-04-02,USD,Exports,TRADE,MODERATE,Y,314.787,0.0,302.149,MT5 economic calendar (broker time UTC+3)
2026-04-02 15:30,2026-04-02,USD,Imports,TRADE,MODERATE,Y,372.135,0.0,356.604,MT5 economic calendar (broker time UTC+3)
2026-04-02 15:30,2026-04-02,USD,Initial Jobless Claims,JOBS,HIGH,Y,202.0,211.0,210.0,MT5 economic calendar (broker time UTC+3)
2026-04-02 15:30,2026-04-02,USD,Initial Jobless Claims 4-Week Average,JOBS,LOW,Y,207.75,212.734,210.5,MT5 economic calendar (broker time UTC+3)
2026-04-02 15:30,2026-04-02,USD,Trade Balance,TRADE,MODERATE,Y,-57.347,-62.538,-54.455,MT5 economic calendar (broker time UTC+3)
2026-04-02 16:00,2026-04-02,SGD,SIPMM PMI,BUSINESS,LOW,Y,50.5,50.1,50.6,MT5 economic calendar (broker time UTC+3)
2026-04-02 17:30,2026-04-02,USD,EIA Natural Gas Storage Change,BUSINESS,LOW,Y,36.0,-76.0,-54.0,MT5 economic calendar (broker time UTC+3)
2026-04-02 18:30,2026-04-02,USD,4-Week Bill Auction,MARKET,LOW,Y,3.62,0.0,3.62,MT5 economic calendar (broker time UTC+3)
2026-04-02 18:30,2026-04-02,USD,8-Week Bill Auction,MARKET,LOW,Y,3.62,0.0,3.63,MT5 economic calendar (broker time UTC+3)
2026-04-02 20:00,2026-04-02,USD,Baker Hughes US Oil Rig Count,BUSINESS,MODERATE,Y,411.0,0.0,409.0,MT5 economic calendar (broker time UTC+3)
2026-04-02 20:00,2026-04-02,USD,Baker Hughes US Total Rig Count,BUSINESS,MODERATE,Y,548.0,0.0,543.0,MT5 economic calendar (broker time UTC+3)
2026-04-03 00:00,2026-04-03,AUD,Good Friday,HOLIDAYS,NONE,Y,0.0,0.0,0.0,MT5 economic calendar (broker time UTC+3)
2026-04-03 00:00,2026-04-03,BRL,Good Friday,HOLIDAYS,NONE,Y,0.0,0.0,0.0,MT5 economic calendar (broker time UTC+3)
2026-04-03 00:00,2026-04-03,CAD,Good Friday,HOLIDAYS,NONE,Y,0.0,0.0,0.0,MT5 economic calendar (broker time UTC+3)
2026-04-03 00:00,2026-04-03,CHF,Good Friday,HOLIDAYS,NONE,Y,0.0,0.0,0.0,MT5 economic calendar (broker time UTC+3)
2026-04-03 00:00,2026-04-03,EUR,Good Friday,HOLIDAYS,NONE,Y,0.0,0.0,0.0,MT5 economic calendar (broker time UTC+3)
2026-04-03 00:00,2026-04-03,GBP,Good Friday,HOLIDAYS,NONE,Y,0.0,0.0,0.0,MT5 economic calendar (broker time UTC+3)
2026-04-03 00:00,2026-04-03,HKD,Good Friday,HOLIDAYS,NONE,Y,0.0,0.0,0.0,MT5 economic calendar (broker time UTC+3)
2026-04-03 00:00,2026-04-03,INR,Good Friday,HOLIDAYS,NONE,Y,0.0,0.0,0.0,MT5 economic calendar (broker time UTC+3)
2026-04-03 00:00,2026-04-03,KRW,Foreign Exchange Reserves,MONEY,LOW,Y,423.66,423.75,427.62,MT5 economic calendar (broker time UTC+3)
2026-04-03 00:00,2026-04-03,MXN,Good Friday,HOLIDAYS,NONE,Y,0.0,0.0,0.0,MT5 economic calendar (broker time UTC+3)
2026-04-03 00:00,2026-04-03,NOK,Good Friday,HOLIDAYS,NONE,Y,0.0,0.0,0.0,MT5 economic calendar (broker time UTC+3)
2026-04-03 00:00,2026-04-03,NZD,Good Friday,HOLIDAYS,NONE,Y,0.0,0.0,0.0,MT5 economic calendar (broker time UTC+3)
2026-04-03 00:00,2026-04-03,SEK,Good Friday,HOLIDAYS,NONE,Y,0.0,0.0,0.0,MT5 economic calendar (broker time UTC+3)
2026-04-03 00:00,2026-04-03,SGD,Good Friday,HOLIDAYS,NONE,Y,0.0,0.0,0.0,MT5 economic calendar (broker time UTC+3)
2026-04-03 00:00,2026-04-03,ZAR,Good Friday,HOLIDAYS,NONE,Y,0.0,0.0,0.0,MT5 economic calendar (broker time UTC+3)
2026-04-03 03:30,2026-04-03,JPY,au Jibun Bank Composite PMI,BUSINESS,LOW,Y,53.0,0.0,53.9,MT5 economic calendar (broker time UTC+3)
2026-04-03 03:30,2026-04-03,JPY,au Jibun Bank Services PMI,BUSINESS,MODERATE,Y,53.4,53.1,53.8,MT5 economic calendar (broker time UTC+3)
2026-04-03 04:45,2026-04-03,CNY,Caixin Composite PMI,BUSINESS,MODERATE,Y,51.5,0.0,55.4,MT5 economic calendar (broker time UTC+3)
2026-04-03 04:45,2026-04-03,CNY,Caixin Services PMI,BUSINESS,MODERATE,Y,56.7,55.2,56.7,MT5 economic calendar (broker time UTC+3)
2026-04-03 09:45,2026-04-03,EUR,Industrial Production m/m,BUSINESS,LOW,Y,0.2,0.2,-0.5,MT5 economic calendar (broker time UTC+3)
2026-04-03 12:00,2026-04-03,EUR,Government Deficit – GDP Ratio,GOVERNMENT,LOW,Y,-1.4,-7.2,3.4,MT5 economic calendar (broker time UTC+3)
2026-04-03 14:30,2026-04-03,INR,Bank Loan Growth y/y,MONEY,LOW,Y,13.8,15.2,14.5,MT5 economic calendar (broker time UTC+3)
2026-04-03 14:30,2026-04-03,INR,Deposit Growth y/y,MONEY,LOW,Y,10.8,10.8,11.9,MT5 economic calendar (broker time UTC+3)
2026-04-03 14:30,2026-04-03,INR,Foreign Exchange Reserves,MONEY,LOW,Y,688.058,691.62,698.346,MT5 economic calendar (broker time UTC+3)
2026-04-03 15:30,2026-04-03,USD,Average Hourly Earnings m/m,JOBS,HIGH,Y,0.2,0.3,0.4,MT5 economic calendar (broker time UTC+3)
2026-04-03 15:30,2026-04-03,USD,Average Hourly Earnings y/y,JOBS,MODERATE,Y,3.5,3.8,3.8,MT5 economic calendar (broker time UTC+3)
2026-04-03 15:30,2026-04-03,USD,Average Weekly Hours,JOBS,LOW,Y,34.2,34.2,34.3,MT5 economic calendar (broker time UTC+3)
2026-04-03 15:30,2026-04-03,USD,Government Payrolls,JOBS,LOW,Y,-8.0,0.0,-6.0,MT5 economic calendar (broker time UTC+3)
2026-04-03 15:30,2026-04-03,USD,Manufacturing Payrolls,JOBS,LOW,Y,15.0,-4.0,-12.0,MT5 economic calendar (broker time UTC+3)
2026-04-03 15:30,2026-04-03,USD,Nonfarm Payrolls,JOBS,HIGH,Y,178.0,-6.0,-92.0,MT5 economic calendar (broker time UTC+3)
2026-04-03 15:30,2026-04-03,USD,Participation Rate,JOBS,MODERATE,Y,61.9,62.1,62.0,MT5 economic calendar (broker time UTC+3)
2026-04-03 15:30,2026-04-03,USD,Private Nonfarm Payrolls,JOBS,MODERATE,Y,186.0,-45.0,-86.0,MT5 economic calendar (broker time UTC+3)
2026-04-03 15:30,2026-04-03,USD,U6 Unemployment Rate,JOBS,MODERATE,Y,8.0,7.7,7.9,MT5 economic calendar (broker time UTC+3)
2026-04-03 15:30,2026-04-03,USD,Unemployment Rate,JOBS,HIGH,Y,4.3,4.6,4.4,MT5 economic calendar (broker time UTC+3)
2026-04-03 16:45,2026-04-03,USD,S&P Global Composite PMI,BUSINESS,MODERATE,Y,51.4,54.7,52.3,MT5 economic calendar (broker time UTC+3)
2026-04-03 16:45,2026-04-03,USD,S&P Global Services PMI,BUSINESS,HIGH,Y,49.8,52.7,51.7,MT5 economic calendar (broker time UTC+3)
2026-04-03 17:00,2026-04-03,USD,ISM Non-Manufacturing Business Activity,BUSINESS,LOW,Y,53.9,56.7,59.9,MT5 economic calendar (broker time UTC+3)
2026-04-03 17:00,2026-04-03,USD,ISM Non-Manufacturing Employment,BUSINESS,MODERATE,Y,45.2,52.1,51.8,MT5 economic calendar (broker time UTC+3)
2026-04-03 17:00,2026-04-03,USD,ISM Non-Manufacturing New Orders,BUSINESS,LOW,Y,60.6,55.9,58.6,MT5 economic calendar (broker time UTC+3)
2026-04-03 17:00,2026-04-03,USD,ISM Non-Manufacturing PMI,BUSINESS,HIGH,Y,54.0,54.8,56.1,MT5 economic calendar (broker time UTC+3)
2026-04-03 17:00,2026-04-03,USD,ISM Non-Manufacturing Prices Paid,BUSINESS,HIGH,Y,70.7,65.7,63.0,MT5 economic calendar (broker time UTC+3)
2026-04-03 22:30,2026-04-03,AUD,CFTC AUD Non-Commercial Net Positions,MARKET,MODERATE,Y,81.5,0.0,70.9,MT5 economic calendar (broker time UTC+3)
2026-04-03 22:30,2026-04-03,BRL,CFTC BRL Non-Commercial Net Positions,MARKET,MODERATE,Y,52.7,0.0,49.2,MT5 economic calendar (broker time UTC+3)
2026-04-03 22:30,2026-04-03,CAD,CFTC CAD Non-Commercial Net Positions,MARKET,LOW,Y,-32.7,0.0,-1.6,MT5 economic calendar (broker time UTC+3)
2026-04-03 22:30,2026-04-03,CHF,CFTC CHF Non-Commercial Net Positions,MARKET,LOW,Y,-29.9,0.0,-27.1,MT5 economic calendar (broker time UTC+3)
2026-04-03 22:30,2026-04-03,EUR,CFTC EUR Non-Commercial Net Positions,MARKET,MODERATE,Y,0.5,0.0,9.3,MT5 economic calendar (broker time UTC+3)
2026-04-03 22:30,2026-04-03,GBP,CFTC GBP Non-Commercial Net Positions,MARKET,MODERATE,Y,-52.7,0.0,-58.4,MT5 economic calendar (broker time UTC+3)
2026-04-03 22:30,2026-04-03,JPY,CFTC JPY Non-Commercial Net Positions,MARKET,MODERATE,Y,-72.9,0.0,-62.8,MT5 economic calendar (broker time UTC+3)
2026-04-03 22:30,2026-04-03,MXN,CFTC MXN Non-Commercial Net Positions,MARKET,LOW,Y,57.7,0.0,74.1,MT5 economic calendar (broker time UTC+3)
2026-04-03 22:30,2026-04-03,NZD,CFTC NZD Non-Commercial Net Positions,MARKET,LOW,Y,-28.6,0.0,-27.0,MT5 economic calendar (broker time UTC+3)
2026-04-03 22:30,2026-04-03,USD,CFTC Aluminium Non-Commercial Net Positions,MARKET,LOW,Y,-0.9,0.0,-0.7,MT5 economic calendar (broker time UTC+3)
2026-04-03 22:30,2026-04-03,USD,CFTC Copper Non-Commercial Net Positions,MARKET,LOW,Y,40.1,0.0,37.5,MT5 economic calendar (broker time UTC+3)
2026-04-03 22:30,2026-04-03,USD,CFTC Corn Non-Commercial Net Positions,MARKET,LOW,Y,334.8,0.0,375.4,MT5 economic calendar (broker time UTC+3)
2026-04-03 22:30,2026-04-03,USD,CFTC Crude Oil Non-Commercial Net Positions,MARKET,MODERATE,Y,213.5,0.0,233.6,MT5 economic calendar (broker time UTC+3)
2026-04-03 22:30,2026-04-03,USD,CFTC Gold Non-Commercial Net Positions,MARKET,MODERATE,Y,163.2,0.0,168.3,MT5 economic calendar (broker time UTC+3)
2026-04-03 22:30,2026-04-03,USD,CFTC Nasdaq 100 Non-Commercial Net Positions,MARKET,MODERATE,Y,20.6,0.0,6.6,MT5 economic calendar (broker time UTC+3)
2026-04-03 22:30,2026-04-03,USD,CFTC Natural Gas Non-Commercial Net Positions,MARKET,LOW,Y,-167.5,0.0,-172.6,MT5 economic calendar (broker time UTC+3)
2026-04-03 22:30,2026-04-03,USD,CFTC S&P 500 Non-Commercial Net Positions,MARKET,MODERATE,Y,-42.5,0.0,-80.9,MT5 economic calendar (broker time UTC+3)
2026-04-03 22:30,2026-04-03,USD,CFTC Silver Non-Commercial Net Positions,MARKET,LOW,Y,23.9,0.0,24.7,MT5 economic calendar (broker time UTC+3)
2026-04-03 22:30,2026-04-03,USD,CFTC Soybeans Non-Commercial Net Positions,MARKET,LOW,Y,227.8,0.0,215.2,MT5 economic calendar (broker time UTC+3)
2026-04-03 22:30,2026-04-03,USD,CFTC Wheat Non-Commercial Net Positions,MARKET,LOW,Y,-9.4,0.0,-17.1,MT5 economic calendar (broker time UTC+3)
2026-04-03 22:30,2026-04-03,ZAR,CFTC ZAR Non-Commercial Net Positions,MARKET,LOW,Y,9.0,0.0,9.6,MT5 economic calendar (broker time UTC+3)
2026-04-04 00:00,2026-04-04,CNY,Ching Ming Festival,HOLIDAYS,NONE,Y,0.0,0.0,0.0,MT5 economic calendar (broker time UTC+3)
2026-04-04 00:00,2026-04-04,HKD,The Day Following Good Friday,HOLIDAYS,NONE,Y,0.0,0.0,0.0,MT5 economic calendar (broker time UTC+3)
2026-04-04 00:00,2026-04-04,SEK,Easter Eve,HOLIDAYS,NONE,Y,0.0,0.0,0.0,MT5 economic calendar (broker time UTC+3)
2026-04-05 00:00,2026-04-05,CNY,Ching Ming Festival,HOLIDAYS,NONE,Y,0.0,0.0,0.0,MT5 economic calendar (broker time UTC+3)
2026-04-05 00:00,2026-04-05,EUR,Easter Sunday,HOLIDAYS,NONE,Y,0.0,0.0,0.0,MT5 economic calendar (broker time UTC+3)
2026-04-05 00:00,2026-04-05,HKD,Ching Ming Festival,HOLIDAYS,NONE,Y,0.0,0.0,0.0,MT5 economic calendar (broker time UTC+3)
2026-04-05 00:00,2026-04-05,NOK,Easter Sunday,HOLIDAYS,NONE,Y,0.0,0.0,0.0,MT5 economic calendar (broker time UTC+3)
2026-04-05 00:00,2026-04-05,SEK,Easter Sunday,HOLIDAYS,NONE,Y,0.0,0.0,0.0,MT5 economic calendar (broker time UTC+3)
2026-04-06 00:00,2026-04-06,AUD,Easter Monday,HOLIDAYS,NONE,Y,0.0,0.0,0.0,MT5 economic calendar (broker time UTC+3)
2026-04-06 00:00,2026-04-06,CAD,Easter Monday,HOLIDAYS,NONE,Y,0.0,0.0,0.0,MT5 economic calendar (broker time UTC+3)
2026-04-06 00:00,2026-04-06,CHF,Easter Monday,HOLIDAYS,NONE,Y,0.0,0.0,0.0,MT5 economic calendar (broker time UTC+3)
2026-04-06 00:00,2026-04-06,CNY,Ching Ming Festival,HOLIDAYS,NONE,Y,0.0,0.0,0.0,MT5 economic calendar (broker time UTC+3)
2026-04-06 00:00,2026-04-06,EUR,Easter Monday,HOLIDAYS,NONE,Y,0.0,0.0,0.0,MT5 economic calendar (broker time UTC+3)
2026-04-06 00:00,2026-04-06,GBP,Easter Monday,HOLIDAYS,NONE,Y,0.0,0.0,0.0,MT5 economic calendar (broker time UTC+3)
2026-04-06 00:00,2026-04-06,HKD,Ching Ming Festival,HOLIDAYS,NONE,Y,0.0,0.0,0.0,MT5 economic calendar (broker time UTC+3)
2026-04-06 00:00,2026-04-06,HKD,Easter Monday,HOLIDAYS,NONE,Y,0.0,0.0,0.0,MT5 economic calendar (broker time UTC+3)
2026-04-06 00:00,2026-04-06,NOK,Easter Monday,HOLIDAYS,NONE,Y,0.0,0.0,0.0,MT5 economic calendar (broker time UTC+3)
2026-04-06 00:00,2026-04-06,NZD,Easter Monday,HOLIDAYS,NONE,Y,0.0,0.0,0.0,MT5 economic calendar (broker time UTC+3)
2026-04-06 00:00,2026-04-06,SEK,Easter Monday,HOLIDAYS,NONE,Y,0.0,0.0,0.0,MT5 economic calendar (broker time UTC+3)
2026-04-06 00:00,2026-04-06,ZAR,Family Day,HOLIDAYS,NONE,Y,0.0,0.0,0.0,MT5 economic calendar (broker time UTC+3)
2026-04-06 03:30,2026-04-06,SGD,S&P Global PMI,BUSINESS,LOW,Y,56.7,0.0,59.2,MT5 economic calendar (broker time UTC+3)
2026-04-06 08:00,2026-04-06,INR,S&P Global Composite PMI,BUSINESS,MODERATE,Y,57.0,0.0,58.9,MT5 economic calendar (broker time UTC+3)
2026-04-06 08:00,2026-04-06,INR,S&P Global Services PMI,BUSINESS,LOW,Y,57.5,58.2,58.1,MT5 economic calendar (broker time UTC+3)
2026-04-06 08:00,2026-04-06,SGD,Retail Sales m/m,CONSUMER,LOW,Y,-4.1,0.0,6.1,MT5 economic calendar (broker time UTC+3)
2026-04-06 08:00,2026-04-06,SGD,Retail Sales y/y,CONSUMER,LOW,Y,8.3,0.0,-0.4,MT5 economic calendar (broker time UTC+3)
2026-04-06 10:00,2026-04-06,EUR,Unemployment Change,JOBS,MODERATE,Y,0.0,2.646,3.584,MT5 economic calendar (broker time UTC+3)
2026-04-06 14:30,2026-04-06,BRL,BCB Focus Market Report,MONEY,MODERATE,Y,0.0,0.0,0.0,MT5 economic calendar (broker time UTC+3)
2026-04-06 15:00,2026-04-06,MXN,Gross Fixed Investments m/m,BUSINESS,LOW,Y,-1.1,-1.8,0.5,MT5 economic calendar (broker time UTC+3)
2026-04-06 15:00,2026-04-06,MXN,Gross Fixed Investments n.s.a. y/y,BUSINESS,LOW,Y,-2.2,-3.4,-1.6,MT5 economic calendar (broker time UTC+3)
2026-04-06 16:00,2026-04-06,BRL,S&P Global Composite PMI,BUSINESS,LOW,Y,49.9,49.2,51.3,MT5 economic calendar (broker time UTC+3)
2026-04-06 16:00,2026-04-06,BRL,S&P Global Services PMI,BUSINESS,LOW,Y,50.1,52.5,53.1,MT5 economic calendar (broker time UTC+3)
2026-04-06 17:00,2026-04-06,USD,CB Employment Trends Index,JOBS,LOW,Y,105.72,104.17,105.37,MT5 economic calendar (broker time UTC+3)
2026-04-06 18:30,2026-04-06,USD,3-Month Bill Auction,MARKET,LOW,Y,3.635,0.0,3.62,MT5 economic calendar (broker time UTC+3)
2026-04-06 18:30,2026-04-06,USD,6-Month Bill Auction,MARKET,LOW,Y,3.615,0.0,3.605,MT5 economic calendar (broker time UTC+3)
2026-04-07 00:00,2026-04-07,HKD,Easter Monday,HOLIDAYS,NONE,Y,0.0,0.0,0.0,MT5 economic calendar (broker time UTC+3)
2026-04-07 02:00,2026-04-07,AUD,S&P Global Composite PMI,BUSINESS,MODERATE,Y,46.6,0.0,52.4,MT5 economic calendar (broker time UTC+3)
2026-04-07 02:00,2026-04-07,AUD,S&P Global Services PMI,BUSINESS,MODERATE,Y,46.3,51.3,52.8,MT5 economic calendar (broker time UTC+3)
2026-04-07 02:30,2026-04-07,JPY,Household Spending m/m,CONSUMER,MODERATE,Y,1.5,0.2,-2.5,MT5 economic calendar (broker time UTC+3)
2026-04-07 02:30,2026-04-07,JPY,Household Spending y/y,CONSUMER,MODERATE,Y,-1.8,0.4,-1.0,MT5 economic calendar (broker time UTC+3)
2026-04-07 02:50,2026-04-07,JPY,International Reserves,MONEY,LOW,Y,1374.7,0.0,1410.7,MT5 economic calendar (broker time UTC+3)
2026-04-07 04:00,2026-04-07,NZD,ANZ Commodity Price Index m/m,PRICES,LOW,Y,4.1,1.4,4.2,MT5 economic calendar (broker time UTC+3)
2026-04-07 04:30,2026-04-07,AUD,ANZ Job Advertisements m/m,JOBS,LOW,Y,-3.1,0.6,3.2,MT5 economic calendar (broker time UTC+3)
2026-04-07 06:35,2026-04-07,JPY,30-Year JGB Auction,MARKET,LOW,Y,3.697,0.0,3.398,MT5 economic calendar (broker time UTC+3)
2026-04-07 08:00,2026-04-07,JPY,Coincident Index,BUSINESS,LOW,Y,116.3,119.3,117.9,MT5 economic calendar (broker time UTC+3)
2026-04-07 08:00,2026-04-07,JPY,Coincident Index m/m,BUSINESS,LOW,Y,-1.6,0.0,3.4,MT5 economic calendar (broker time UTC+3)
2026-04-07 08:00,2026-04-07,JPY,Leading Index,BUSINESS,LOW,Y,112.4,112.3,112.1,MT5 economic calendar (broker time UTC+3)
2026-04-07 08:00,2026-04-07,JPY,Leading Index m/m,BUSINESS,LOW,Y,0.3,0.0,1.7,MT5 economic calendar (broker time UTC+3)
2026-04-07 09:30,2026-04-07,SEK,Silf/Swedbank Composite PMI,BUSINESS,LOW,Y,55.9,0.0,50.5,MT5 economic calendar (broker time UTC+3)
2026-04-07 09:30,2026-04-07,SEK,Silf/Swedbank Services PMI,BUSINESS,LOW,Y,55.7,49.9,48.3,MT5 economic calendar (broker time UTC+3)
2026-04-07 10:00,2026-04-07,CHF,Foreign Currency Reserves,MONEY,LOW,Y,721.218,0.0,710.029,MT5 economic calendar (broker time UTC+3)
2026-04-07 10:15,2026-04-07,EUR,S&P Global Composite PMI,BUSINESS,MODERATE,Y,52.4,0.0,51.5,MT5 economic calendar (broker time UTC+3)
2026-04-07 10:15,2026-04-07,EUR,S&P Global Services PMI,BUSINESS,MODERATE,Y,53.3,54.4,51.9,MT5 economic calendar (broker time UTC+3)
2026-04-07 10:15,2026-04-07,ZAR,S&P Global PMI,BUSINESS,LOW,Y,50.8,50.2,50.0,MT5 economic calendar (broker time UTC+3)
2026-04-07 10:45,2026-04-07,EUR,S&P Global Composite PMI,BUSINESS,LOW,Y,49.2,0.0,52.1,MT5 economic calendar (broker time UTC+3)
2026-04-07 10:45,2026-04-07,EUR,S&P Global Services PMI,BUSINESS,MODERATE,Y,48.8,53.0,52.3,MT5 economic calendar (broker time UTC+3)
2026-04-07 10:50,2026-04-07,EUR,S&P Global Composite PMI,BUSINESS,LOW,Y,48.8,48.3,48.3,MT5 economic calendar (broker time UTC+3)
2026-04-07 10:50,2026-04-07,EUR,S&P Global Services PMI,BUSINESS,MODERATE,Y,48.8,48.3,48.3,MT5 economic calendar (broker time UTC+3)
2026-04-07 10:55,2026-04-07,EUR,S&P Global Composite PMI,BUSINESS,LOW,Y,51.9,51.9,51.9,MT5 economic calendar (broker time UTC+3)
2026-04-07 10:55,2026-04-07,EUR,S&P Global Services PMI,BUSINESS,MODERATE,Y,50.9,51.2,51.2,MT5 economic calendar (broker time UTC+3)
2026-04-07 11:00,2026-04-07,EUR,S&P Global Composite PMI,BUSINESS,MODERATE,Y,50.7,50.5,50.5,MT5 economic calendar (broker time UTC+3)
2026-04-07 11:00,2026-04-07,EUR,S&P Global Services PMI,BUSINESS,MODERATE,Y,50.2,50.1,50.1,MT5 economic calendar (broker time UTC+3)
2026-04-07 11:00,2026-04-07,GBP,New Car Registrations m/m,BUSINESS,LOW,Y,322.4,0.0,-37.5,MT5 economic calendar (broker time UTC+3)
2026-04-07 11:00,2026-04-07,GBP,New Car Registrations y/y,BUSINESS,LOW,Y,6.6,0.0,7.2,MT5 economic calendar (broker time UTC+3)
2026-04-07 11:23,2026-04-07,CNY,Foreign Exchange Reserves,MONEY,LOW,Y,3.342,3.458,3.428,MT5 economic calendar (broker time UTC+3)
2026-04-07 11:30,2026-04-07,EUR,Sentix Investor Confidence,BUSINESS,LOW,Y,-19.2,-5.4,-3.1,MT5 economic calendar (broker time UTC+3)
2026-04-07 11:30,2026-04-07,GBP,S&P Global/CIPS Composite PMI,BUSINESS,MODERATE,Y,50.3,0.0,51.0,MT5 economic calendar (broker time UTC+3)
2026-04-07 11:30,2026-04-07,GBP,S&P Global/CIPS Services PMI,BUSINESS,MODERATE,Y,50.5,51.2,51.2,MT5 economic calendar (broker time UTC+3)
2026-04-07 12:00,2026-04-07,SGD,Foreign Exchange Reserves,MONEY,LOW,Y,419.2,0.0,416.058,MT5 economic calendar (broker time UTC+3)
2026-04-07 12:03,2026-04-07,EUR,12-Month Letras Auction,MARKET,LOW,Y,2.611,0.0,2.121,MT5 economic calendar (broker time UTC+3)
2026-04-07 12:03,2026-04-07,EUR,6-Month Letras Auction,MARKET,LOW,Y,2.362,0.0,2.059,MT5 economic calendar (broker time UTC+3)
2026-04-07 12:30,2026-04-07,EUR,10-Year Bond Auction,MARKET,MODERATE,Y,2.93,0.0,2.89,MT5 economic calendar (broker time UTC+3)
2026-04-07 12:30,2026-04-07,EUR,30-Year Bond Auction,MARKET,LOW,Y,3.44,0.0,3.42,MT5 economic calendar (broker time UTC+3)
2026-04-07 13:00,2026-04-07,EUR,New Car Registrations m/m,BUSINESS,LOW,Y,39.2,0.0,8.9,MT5 economic calendar (broker time UTC+3)
2026-04-07 13:00,2026-04-07,EUR,New Car Registrations y/y,BUSINESS,LOW,Y,16.0,0.0,3.8,MT5 economic calendar (broker time UTC+3)
2026-04-07 15:30,2026-04-07,USD,Core Durable Goods Orders m/m,BUSINESS,MODERATE,Y,0.8,0.4,0.4,MT5 economic calendar (broker time UTC+3)
2026-04-07 15:30,2026-04-07,USD,Durable Goods Orders excl. Defense m/m,BUSINESS,LOW,Y,-1.2,1.3,0.5,MT5 economic calendar (broker time UTC+3)
2026-04-07 15:30,2026-04-07,USD,Durable Goods Orders m/m,BUSINESS,HIGH,Y,-1.4,-2.2,0.0,MT5 economic calendar (broker time UTC+3)
2026-04-07 15:30,2026-04-07,USD,Nondefense Capital Goods Orders excl. Aircraft m/m,BUSINESS,LOW,Y,0.6,1.0,0.0,MT5 economic calendar (broker time UTC+3)
2026-04-07 15:30,2026-04-07,USD,Nondefense Capital Goods Shipments excl. Aircraft m/m,BUSINESS,LOW,Y,0.9,-0.1,-0.1,MT5 economic calendar (broker time UTC+3)
2026-04-07 15:56,2026-04-07,EUR,12-Month BTF Auction,MARKET,LOW,Y,2.694,0.0,2.66,MT5 economic calendar (broker time UTC+3)
2026-04-07 15:56,2026-04-07,EUR,3-Month BTF Auction,MARKET,LOW,Y,2.253,0.0,2.238,MT5 economic calendar (broker time UTC+3)
2026-04-07 15:56,2026-04-07,EUR,6-Month BTF Auction,MARKET,LOW,Y,2.509,0.0,2.407,MT5 economic calendar (broker time UTC+3)
2026-04-07 17:36,2026-04-07,NZD,GDT Price Index,PRICES,LOW,Y,-3.4,4.4,0.1,MT5 economic calendar (broker time UTC+3)
2026-04-07 19:00,2026-04-07,USD,EIA Short-Term Energy Outlook,BUSINESS,MODERATE,Y,0.0,0.0,0.0,MT5 economic calendar (broker time UTC+3)
2026-04-07 20:00,2026-04-07,USD,3-Year Note Auction,MARKET,MODERATE,Y,3.897,0.0,3.579,MT5 economic calendar (broker time UTC+3)
2026-04-07 21:00,2026-04-07,BRL,Trade Balance,TRADE,LOW,Y,6.405,5.904,4.208,MT5 economic calendar (broker time UTC+3)
2026-04-07 22:00,2026-04-07,USD,Fed Consumer Credit m/m,CONSUMER,MODERATE,Y,9.48,11.2,8.05,MT5 economic calendar (broker time UTC+3)
2026-04-08 00:50,2026-04-08,USD,Fed Governor Jefferson Speech,MONEY,MODERATE,Y,0.0,0.0,0.0,MT5 economic calendar (broker time UTC+3)
2026-04-08 02:00,2026-04-08,KRW,Current Account,TRADE,LOW,Y,23.19,19.34,18.7,MT5 economic calendar (broker time UTC+3)
2026-04-08 02:50,2026-04-08,JPY,Adjusted Current Account,TRADE,MODERATE,Y,2709.0,3137.2,3145.0,MT5 economic calendar (broker time UTC+3)
2026-04-08 02:50,2026-04-08,JPY,Current Account n.s.a.,TRADE,MODERATE,Y,3932.7,-716.3,941.6,MT5 economic calendar (broker time UTC+3)
2026-04-08 02:50,2026-04-08,JPY,Goods Trade Balance,TRADE,LOW,Y,267.6,1663.8,-600.4,MT5 economic calendar (broker time UTC+3)
2026-04-08 03:30,2026-04-08,HKD,S&P Global PMI,BUSINESS,LOW,Y,49.3,52.4,53.3,MT5 economic calendar (broker time UTC+3)
2026-04-08 05:00,2026-04-08,NZD,RBNZ Interest Rate Decision,MONEY,HIGH,Y,2.25,0.0,2.25,MT5 economic calendar (broker time UTC+3)
2026-04-08 05:00,2026-04-08,NZD,RBNZ Rate Statement,MONEY,MODERATE,Y,0.0,0.0,0.0,MT5 economic calendar (broker time UTC+3)
2026-04-08 07:30,2026-04-08,INR,RBI Cash Reserve Ratio,MONEY,LOW,Y,3.0,0.0,3.0,MT5 economic calendar (broker time UTC+3)
2026-04-08 07:30,2026-04-08,INR,RBI Interest Rate Decision,MONEY,MODERATE,Y,5.25,0.0,5.25,MT5 economic calendar (broker time UTC+3)
2026-04-08 07:30,2026-04-08,INR,RBI Monetary Policy Report,MONEY,MODERATE,Y,0.0,0.0,0.0,MT5 economic calendar (broker time UTC+3)
2026-04-08 07:30,2026-04-08,INR,RBI Reverse REPO Rate Decision,MONEY,LOW,Y,3.35,0.0,3.35,MT5 economic calendar (broker time UTC+3)
2026-04-08 08:00,2026-04-08,JPY,Economy Watchers Index for Current Conditions,MONEY,LOW,Y,42.2,47.4,48.9,MT5 economic calendar (broker time UTC+3)
2026-04-08 08:00,2026-04-08,JPY,Economy Watchers Index for Future Conditions,MONEY,LOW,Y,38.7,48.2,50.0,MT5 economic calendar (broker time UTC+3)
2026-04-08 08:45,2026-04-08,CHF,Unemployment Rate,JOBS,LOW,Y,3.0,2.9,3.0,MT5 economic calendar (broker time UTC+3)
2026-04-08 08:45,2026-04-08,CHF,Unemployment Rate n.s.a.,JOBS,LOW,Y,3.1,3.1,3.2,MT5 economic calendar (broker time UTC+3)
2026-04-08 09:00,2026-04-08,EUR,Factory Orders m/m,BUSINESS,MODERATE,Y,0.9,0.0,0.0,MT5 economic calendar (broker time UTC+3)
2026-04-08 09:00,2026-04-08,EUR,Factory Orders y/y,BUSINESS,MODERATE,Y,3.5,0.0,0.0,MT5 economic calendar (broker time UTC+3)
2026-04-08 09:45,2026-04-08,EUR,Exports,TRADE,LOW,Y,52.013,0.0,53.43,MT5 economic calendar (broker time UTC+3)
2026-04-08 09:45,2026-04-08,EUR,Imports,TRADE,LOW,Y,57.791,0.0,55.273,MT5 economic calendar (broker time UTC+3)
2026-04-08 09:45,2026-04-08,EUR,Trade Balance,TRADE,LOW,Y,-5.778,-3.607,-1.843,MT5 economic calendar (broker time UTC+3)
2026-04-08 10:00,2026-04-08,GBP,Halifax HPI m/m,HOUSING,MODERATE,Y,-0.5,0.0,0.3,MT5 economic calendar (broker time UTC+3)
2026-04-08 10:00,2026-04-08,GBP,Halifax HPI y/y,HOUSING,MODERATE,Y,0.8,0.0,1.3,MT5 economic calendar (broker time UTC+3)
2026-04-08 10:30,2026-04-08,EUR,S&P Global Construction PMI,BUSINESS,LOW,Y,38.4,0.0,43.9,MT5 economic calendar (broker time UTC+3)
2026-04-08 11:30,2026-04-08,GBP,BoE Housing Equity Withdrawal q/q,MONEY,LOW,Y,-13.765,-15.74,-10.898,MT5 economic calendar (broker time UTC+3)
2026-04-08 11:30,2026-04-08,GBP,S&P Global/CIPS Construction PMI,BUSINESS,MODERATE,Y,45.6,49.9,44.5,MT5 economic calendar (broker time UTC+3)
2026-04-08 12:00,2026-04-08,EUR,PPI m/m,PRICES,LOW,Y,-0.7,0.0,0.7,MT5 economic calendar (broker time UTC+3)
2026-04-08 12:00,2026-04-08,EUR,PPI y/y,PRICES,LOW,Y,-3.0,-2.1,-2.1,MT5 economic calendar (broker time UTC+3)
2026-04-08 12:00,2026-04-08,EUR,Retail Sales m/m,CONSUMER,LOW,Y,-0.2,-0.3,-0.1,MT5 economic calendar (broker time UTC+3)
2026-04-08 12:00,2026-04-08,EUR,Retail Sales y/y,CONSUMER,LOW,Y,1.7,0.9,2.0,MT5 economic calendar (broker time UTC+3)
2026-04-08 12:00,2026-04-08,NOK,HPI n.s.a. m/m,HOUSING,LOW,Y,0.4,0.0,0.5,MT5 economic calendar (broker time UTC+3)
2026-04-08 12:00,2026-04-08,NOK,HPI s.a. m/m,HOUSING,LOW,Y,0.1,0.0,-0.3,MT5 economic calendar (broker time UTC+3)
2026-04-08 12:00,2026-04-08,NOK,HPI y/y,HOUSING,LOW,Y,3.0,1.9,3.0,MT5 economic calendar (broker time UTC+3)
2026-04-08 12:30,2026-04-08,EUR,10-Year Bond Auction,MARKET,MODERATE,Y,2.92,0.0,2.93,MT5 economic calendar (broker time UTC+3)
2026-04-08 14:00,2026-04-08,BRL,FGV IGP-DI Inflation Index m/m,PRICES,LOW,Y,1.14,-0.4,-0.84,MT5 economic calendar (broker time UTC+3)
2026-04-08 15:00,2026-04-08,MXN,Consumer Confidence Indicator,CONSUMER,LOW,Y,44.1,45.0,44.4,MT5 economic calendar (broker time UTC+3)
2026-04-08 15:00,2026-04-08,MXN,Consumer Confidence Indicator n.s.a.,CONSUMER,LOW,Y,44.1,0.0,44.5,MT5 economic calendar (broker time UTC+3)
2026-04-08 17:00,2026-04-08,BRL,ANFAVEA Auto Production m/m,BUSINESS,LOW,Y,27.6,0.0,24.9,MT5 economic calendar (broker time UTC+3)
2026-04-08 17:00,2026-04-08,BRL,ANFAVEA Auto Sales m/m,BUSINESS,LOW,Y,45.5,0.0,8.6,MT5 economic calendar (broker time UTC+3)
2026-04-08 17:30,2026-04-08,USD,EIA Crude Oil Imports Change,BUSINESS,LOW,Y,-0.758,-0.594,-0.209,MT5 economic calendar (broker time UTC+3)
2026-04-08 17:30,2026-04-08,USD,EIA Crude Oil Stocks Change,BUSINESS,HIGH,Y,3.081,3.234,5.451,MT5 economic calendar (broker time UTC+3)
2026-04-08 17:30,2026-04-08,USD,EIA Cushing Crude Oil Stocks Change,BUSINESS,MODERATE,Y,0.024,-0.078,0.52,MT5 economic calendar (broker time UTC+3)
2026-04-08 17:30,2026-04-08,USD,EIA Distillate Fuel Production Change,BUSINESS,LOW,Y,0.009,0.006,0.0,MT5 economic calendar (broker time UTC+3)
2026-04-08 17:30,2026-04-08,USD,EIA Distillates Stocks Change,BUSINESS,LOW,Y,-3.144,0.397,-2.111,MT5 economic calendar (broker time UTC+3)
2026-04-08 17:30,2026-04-08,USD,EIA Gasoline Production Change,BUSINESS,LOW,Y,-0.214,-0.154,-0.152,MT5 economic calendar (broker time UTC+3)
2026-04-08 17:30,2026-04-08,USD,EIA Gasoline Stocks Change,BUSINESS,LOW,Y,-1.589,-0.798,-0.586,MT5 economic calendar (broker time UTC+3)
2026-04-08 17:30,2026-04-08,USD,EIA Heating Oil Stocks Change,BUSINESS,LOW,Y,0.233,-0.228,-0.809,MT5 economic calendar (broker time UTC+3)
2026-04-08 17:30,2026-04-08,USD,EIA Refinery Crude Oil Daily Inputs Change,BUSINESS,LOW,Y,-0.129,0.0,-0.219,MT5 economic calendar (broker time UTC+3)
2026-04-08 17:30,2026-04-08,USD,EIA Refinery Utilization Rate Change,BUSINESS,LOW,Y,-0.1,0.0,-0.8,MT5 economic calendar (broker time UTC+3)
2026-04-08 20:00,2026-04-08,USD,10-Year Note Auction,MARKET,HIGH,Y,4.282,0.0,4.217,MT5 economic calendar (broker time UTC+3)
2026-04-08 20:30,2026-04-08,BRL,Foreign Exchange Flows,MONEY,LOW,Y,-2.655,2.744,1.597,MT5 economic calendar (broker time UTC+3)
2026-04-08 21:00,2026-04-08,USD,FOMC Minutes,MONEY,MODERATE,Y,0.0,0.0,0.0,MT5 economic calendar (broker time UTC+3)
2026-04-08 21:35,2026-04-08,USD,Fed Governor Waller Speech,MONEY,MODERATE,Y,0.0,0.0,0.0,MT5 economic calendar (broker time UTC+3)
2026-04-09 02:01,2026-04-09,GBP,RICS House Price Balance,HOUSING,MODERATE,Y,-23.0,-2.3,-12.0,MT5 economic calendar (broker time UTC+3)
2026-04-09 02:50,2026-04-09,JPY,Foreign Bond Investment,GOVERNMENT,LOW,Y,-2462.4,0.0,-945.4,MT5 economic calendar (broker time UTC+3)
2026-04-09 02:50,2026-04-09,JPY,Foreign Investment in Japan Stocks,GOVERNMENT,LOW,Y,2959.6,0.0,-4448.1,MT5 economic calendar (broker time UTC+3)
2026-04-09 09:00,2026-04-09,EUR,Exports m/m,TRADE,LOW,Y,3.6,-3.3,-2.3,MT5 economic calendar (broker time UTC+3)
2026-04-09 09:00,2026-04-09,EUR,Imports m/m,TRADE,LOW,Y,4.7,-3.5,-5.9,MT5 economic calendar (broker time UTC+3)
2026-04-09 09:00,2026-04-09,EUR,Industrial Production m/m,BUSINESS,MODERATE,Y,-0.3,2.4,-0.5,MT5 economic calendar (broker time UTC+3)
2026-04-09 09:00,2026-04-09,EUR,Industrial Production y/y,BUSINESS,LOW,Y,0.0,-0.6,-1.2,MT5 economic calendar (broker time UTC+3)
2026-04-09 09:00,2026-04-09,EUR,Trade Balance,TRADE,MODERATE,Y,19.8,18.0,21.3,MT5 economic calendar (broker time UTC+3)
2026-04-09 09:00,2026-04-09,EUR,Trade Balance n.s.a.,TRADE,LOW,Y,20.4,15.5,16.6,MT5 economic calendar (broker time UTC+3)
2026-04-09 09:00,2026-04-09,JPY,Machine Tool Orders y/y,BUSINESS,LOW,Y,28.1,0.0,24.2,MT5 economic calendar (broker time UTC+3)
2026-04-09 09:00,2026-04-09,NOK,PPI m/m,PRICES,LOW,Y,18.4,0.0,-0.7,MT5 economic calendar (broker time UTC+3)
2026-04-09 09:00,2026-04-09,NOK,PPI y/y,PRICES,LOW,Y,16.9,-12.2,-9.4,MT5 economic calendar (broker time UTC+3)
2026-04-09 09:00,2026-04-09,ZAR,Gross International Reserves,MONEY,LOW,Y,77.759,84.497,81.06,MT5 economic calendar (broker time UTC+3)
2026-04-09 09:00,2026-04-09,ZAR,Net International Reserves,MONEY,LOW,Y,73.187,77.206,75.835,MT5 economic calendar (broker time UTC+3)
2026-04-09 10:00,2026-04-09,EUR,Industrial Production y/y,BUSINESS,LOW,Y,-1.1,-1.1,0.3,MT5 economic calendar (broker time UTC+3)
2026-04-09 11:30,2026-04-09,GBP,BoE Bank Liabilities Survey,MONEY,MODERATE,Y,0.0,0.0,0.0,MT5 economic calendar (broker time UTC+3)
2026-04-09 11:30,2026-04-09,GBP,BoE Credit Conditions Survey,MONEY,MODERATE,Y,0.0,0.0,0.0,MT5 economic calendar (broker time UTC+3)
2026-04-09 11:30,2026-04-09,HKD,Foreign Exchange Reserves,MONEY,LOW,Y,430.8,428.1,439.2,MT5 economic calendar (broker time UTC+3)
2026-04-09 12:53,2026-04-09,EUR,12-Month BOT Auction,MARKET,LOW,Y,2.135,0.0,2.372,MT5 economic calendar (broker time UTC+3)
2026-04-09 12:54,2026-04-09,EUR,10-Year Obligacion Auction,MARKET,LOW,Y,3.435,0.0,3.476,MT5 economic calendar (broker time UTC+3)
2026-04-09 12:54,2026-04-09,EUR,3-Year Bonos Auction,MARKET,LOW,Y,2.734,0.0,2.398,MT5 economic calendar (broker time UTC+3)
2026-04-09 12:54,2026-04-09,EUR,5-Year Bonos Auction,MARKET,LOW,Y,2.915,0.0,2.934,MT5 economic calendar (broker time UTC+3)
2026-04-09 14:00,2026-04-09,ZAR,Manufacturing Production m/m,BUSINESS,LOW,Y,-2.2,0.2,1.5,MT5 economic calendar (broker time UTC+3)
2026-04-09 14:00,2026-04-09,ZAR,Manufacturing Production y/y,BUSINESS,LOW,Y,-2.8,0.4,-0.7,MT5 economic calendar (broker time UTC+3)
2026-04-09 15:00,2026-04-09,MXN,CPI m/m,PRICES,MODERATE,Y,0.86,0.33,0.5,MT5 economic calendar (broker time UTC+3)
2026-04-09 15:00,2026-04-09,MXN,CPI y/y,PRICES,MODERATE,Y,4.59,4.8,4.02,MT5 economic calendar (broker time UTC+3)
2026-04-09 15:00,2026-04-09,MXN,Core CPI m/m,PRICES,LOW,Y,0.38,0.55,0.46,MT5 economic calendar (broker time UTC+3)
2026-04-09 15:30,2026-04-09,USD,Continuing Jobless Claims,JOBS,MODERATE,Y,1.794,1.847,1.841,MT5 economic calendar (broker time UTC+3)
2026-04-09 15:30,2026-04-09,USD,Core PCE Price Index m/m,PRICES,HIGH,Y,0.4,0.4,0.4,MT5 economic calendar (broker time UTC+3)
2026-04-09 15:30,2026-04-09,USD,Core PCE Price Index q/q,PRICES,LOW,Y,2.7,2.7,2.7,MT5 economic calendar (broker time UTC+3)
2026-04-09 15:30,2026-04-09,USD,Core PCE Price Index y/y,PRICES,HIGH,Y,3.0,2.9,3.1,MT5 economic calendar (broker time UTC+3)
2026-04-09 15:30,2026-04-09,USD,Corporate Profits q/q,BUSINESS,LOW,Y,5.7,0.6,4.7,MT5 economic calendar (broker time UTC+3)
2026-04-09 15:30,2026-04-09,USD,GDP Price Index q/q,PRICES,LOW,Y,3.7,3.8,3.8,MT5 economic calendar (broker time UTC+3)
2026-04-09 15:30,2026-04-09,USD,GDP Sales q/q,GDP,HIGH,Y,0.3,0.4,0.4,MT5 economic calendar (broker time UTC+3)
2026-04-09 15:30,2026-04-09,USD,GDP q/q,GDP,HIGH,Y,0.5,0.7,0.7,MT5 economic calendar (broker time UTC+3)
2026-04-09 15:30,2026-04-09,USD,Initial Jobless Claims,JOBS,HIGH,Y,219.0,206.0,202.0,MT5 economic calendar (broker time UTC+3)
2026-04-09 15:30,2026-04-09,USD,Initial Jobless Claims 4-Week Average,JOBS,LOW,Y,209.5,205.037,207.75,MT5 economic calendar (broker time UTC+3)
2026-04-09 15:30,2026-04-09,USD,PCE Price Index m/m,PRICES,MODERATE,Y,0.4,0.2,0.3,MT5 economic calendar (broker time UTC+3)
2026-04-09 15:30,2026-04-09,USD,PCE Price Index q/q,PRICES,LOW,Y,2.9,2.9,2.9,MT5 economic calendar (broker time UTC+3)
2026-04-09 15:30,2026-04-09,USD,PCE Price Index y/y,PRICES,MODERATE,Y,2.8,2.8,2.8,MT5 economic calendar (broker time UTC+3)
2026-04-09 15:30,2026-04-09,USD,Personal Income m/m,CONSUMER,LOW,Y,-0.1,0.3,0.4,MT5 economic calendar (broker time UTC+3)
2026-04-09 15:30,2026-04-09,USD,Personal Spending m/m,CONSUMER,MODERATE,Y,0.5,0.3,0.4,MT5 economic calendar (broker time UTC+3)
2026-04-09 15:30,2026-04-09,USD,Real PCE m/m,CONSUMER,LOW,Y,0.1,0.3,0.1,MT5 economic calendar (broker time UTC+3)
2026-04-09 15:30,2026-04-09,USD,Real PCE q/q,CONSUMER,MODERATE,Y,1.9,2.0,2.0,MT5 economic calendar (broker time UTC+3)
2026-04-09 17:00,2026-04-09,USD,Wholesale Inventories m/m,BUSINESS,LOW,Y,0.8,-0.4,-0.5,MT5 economic calendar (broker time UTC+3)
2026-04-09 17:00,2026-04-09,USD,Wholesale Sales m/m,BUSINESS,LOW,Y,2.7,0.7,0.5,MT5 economic calendar (broker time UTC+3)
2026-04-09 17:30,2026-04-09,USD,EIA Natural Gas Storage Change,BUSINESS,LOW,Y,50.0,97.0,36.0,MT5 economic calendar (broker time UTC+3)
2026-04-09 18:00,2026-04-09,MXN,Bank of Mexico Monetary Policy Meeting Minutes,MONEY,MODERATE,Y,0.0,0.0,0.0,MT5 economic calendar (broker time UTC+3)
2026-04-09 18:30,2026-04-09,USD,4-Week Bill Auction,MARKET,LOW,Y,3.56,0.0,3.62,MT5 economic calendar (broker time UTC+3)
2026-04-09 18:30,2026-04-09,USD,8-Week Bill Auction,MARKET,LOW,Y,3.575,0.0,3.62,MT5 economic calendar (broker time UTC+3)
2026-04-09 19:00,2026-04-09,USD,WASDE Report,BUSINESS,MODERATE,Y,0.0,0.0,0.0,MT5 economic calendar (broker time UTC+3)
2026-04-09 20:00,2026-04-09,USD,30-Year Bond Auction,MARKET,HIGH,Y,4.876,0.0,4.871,MT5 economic calendar (broker time UTC+3)
2026-04-10 01:30,2026-04-10,NZD,BusinessNZ Manufacturing Index,BUSINESS,MODERATE,Y,53.2,58.0,55.0,MT5 economic calendar (broker time UTC+3)
2026-04-10 02:50,2026-04-10,JPY,BoJ Bank Lending y/y,GOVERNMENT,LOW,Y,4.8,4.3,4.5,MT5 economic calendar (broker time UTC+3)
2026-04-10 02:50,2026-04-10,JPY,BoJ Corporate Goods Price Index m/m,PRICES,LOW,Y,0.8,0.0,-0.1,MT5 economic calendar (broker time UTC+3)
2026-04-10 02:50,2026-04-10,JPY,BoJ Corporate Goods Price Index y/y,PRICES,LOW,Y,2.6,1.7,2.0,MT5 economic calendar (broker time UTC+3)
2026-04-10 04:00,2026-04-10,KRW,BOK Interest Rate Decision,MONEY,LOW,Y,2.5,0.0,2.5,MT5 economic calendar (broker time UTC+3)
2026-04-10 04:00,2026-04-10,KRW,BOK Monetary Policy Board Meeting,MONEY,MODERATE,Y,0.0,0.0,0.0,MT5 economic calendar (broker time UTC+3)
2026-04-10 04:30,2026-04-10,CNY,CPI m/m,PRICES,MODERATE,Y,-0.7,0.2,1.0,MT5 economic calendar (broker time UTC+3)
2026-04-10 04:30,2026-04-10,CNY,CPI y/y,PRICES,MODERATE,Y,1.0,0.8,1.3,MT5 economic calendar (broker time UTC+3)
2026-04-10 04:30,2026-04-10,CNY,PPI y/y,PRICES,MODERATE,Y,0.5,-0.6,-0.9,MT5 economic calendar (broker time UTC+3)
2026-04-10 09:00,2026-04-10,EUR,CPI m/m,PRICES,MODERATE,Y,1.1,1.1,1.1,MT5 economic calendar (broker time UTC+3)
2026-04-10 09:00,2026-04-10,EUR,CPI y/y,PRICES,MODERATE,Y,2.7,2.7,2.7,MT5 economic calendar (broker time UTC+3)
2026-04-10 09:00,2026-04-10,EUR,HICP m/m,PRICES,LOW,Y,1.2,1.2,1.2,MT5 economic calendar (broker time UTC+3)
2026-04-10 09:00,2026-04-10,EUR,HICP y/y,PRICES,LOW,Y,2.8,2.8,2.8,MT5 economic calendar (broker time UTC+3)
2026-04-10 09:00,2026-04-10,NOK,CPI m/m,PRICES,LOW,Y,0.2,0.0,0.6,MT5 economic calendar (broker time UTC+3)
2026-04-10 09:00,2026-04-10,NOK,CPI y/y,PRICES,LOW,Y,3.6,0.0,2.7,MT5 economic calendar (broker time UTC+3)
2026-04-10 09:00,2026-04-10,NOK,Core CPI m/m,PRICES,LOW,Y,0.1,0.0,0.7,MT5 economic calendar (broker time UTC+3)
2026-04-10 09:00,2026-04-10,NOK,Core CPI y/y,PRICES,LOW,Y,3.0,0.0,3.0,MT5 economic calendar (broker time UTC+3)
2026-04-10 09:00,2026-04-10,NOK,Industrial Production m/m,BUSINESS,LOW,Y,-0.7,0.0,1.0,MT5 economic calendar (broker time UTC+3)
2026-04-10 09:00,2026-04-10,NOK,Industrial Production y/y,BUSINESS,LOW,Y,3.3,6.9,6.3,MT5 economic calendar (broker time UTC+3)
2026-04-10 09:00,2026-04-10,NOK,Manufacturing Production m/m,BUSINESS,LOW,Y,-0.4,-0.5,-0.3,MT5 economic calendar (broker time UTC+3)
2026-04-10 09:00,2026-04-10,NOK,Manufacturing Production y/y,BUSINESS,LOW,Y,-0.1,3.1,2.2,MT5 economic calendar (broker time UTC+3)
2026-04-10 09:00,2026-04-10,SEK,Household Consumption m/m,CONSUMER,LOW,Y,0.1,0.0,0.7,MT5 economic calendar (broker time UTC+3)
2026-04-10 09:00,2026-04-10,SEK,Household Consumption y/y,CONSUMER,LOW,Y,1.8,0.0,2.8,MT5 economic calendar (broker time UTC+3)
2026-04-10 09:00,2026-04-10,SEK,Industrial New Orders m/m,BUSINESS,LOW,Y,-4.4,121.3,102.6,MT5 economic calendar (broker time UTC+3)
2026-04-10 09:00,2026-04-10,SEK,Industrial New Orders y/y,BUSINESS,LOW,Y,1.0,88.6,104.7,MT5 economic calendar (broker time UTC+3)
2026-04-10 09:00,2026-04-10,SEK,Industrial Production m/m,BUSINESS,LOW,Y,5.1,-0.7,-5.7,MT5 economic calendar (broker time UTC+3)
2026-04-10 09:00,2026-04-10,SEK,Industrial Production y/y,BUSINESS,LOW,Y,7.1,8.1,2.1,MT5 economic calendar (broker time UTC+3)
2026-04-10 09:00,2026-04-10,SEK,Private Sector Production m/m,BUSINESS,LOW,Y,0.1,0.0,-1.0,MT5 economic calendar (broker time UTC+3)
2026-04-10 09:00,2026-04-10,SEK,Private Sector Production y/y,BUSINESS,LOW,Y,3.6,0.0,3.1,MT5 economic calendar (broker time UTC+3)
2026-04-10 11:00,2026-04-10,EUR,Industrial Production m/m,BUSINESS,LOW,Y,0.1,0.0,-0.6,MT5 economic calendar (broker time UTC+3)
2026-04-10 11:00,2026-04-10,EUR,Industrial Production y/y,BUSINESS,LOW,Y,0.5,0.8,-0.6,MT5 economic calendar (broker time UTC+3)
2026-04-10 13:00,2026-04-10,EUR,ECB Vice President de Guindos Speech,MONEY,MODERATE,Y,0.0,0.0,0.0,MT5 economic calendar (broker time UTC+3)
2026-04-10 13:18,2026-04-10,EUR,3-Year BTP Auction,MARKET,LOW,Y,2.91,0.0,2.75,MT5 economic calendar (broker time UTC+3)
2026-04-10 13:18,2026-04-10,EUR,7-Year BTP Auction,MARKET,LOW,Y,3.51,0.0,3.34,MT5 economic calendar (broker time UTC+3)
2026-04-10 13:30,2026-04-10,INR,RBI M3 Money Supply y/y,MONEY,LOW,Y,13.0,0.0,10.7,MT5 economic calendar (broker time UTC+3)
2026-04-10 14:30,2026-04-10,INR,Foreign Exchange Reserves,MONEY,LOW,Y,697.121,678.554,688.058,MT5 economic calendar (broker time UTC+3)
2026-04-10 15:00,2026-04-10,BRL,CPI m/m,PRICES,LOW,Y,0.88,0.47,0.7,MT5 economic calendar (broker time UTC+3)
2026-04-10 15:00,2026-04-10,BRL,CPI s.a. m/m,PRICES,LOW,Y,0.82,0.0,0.0,MT5 economic calendar (broker time UTC+3)
2026-04-10 15:00,2026-04-10,BRL,CPI y/y,PRICES,MODERATE,Y,4.14,3.75,3.81,MT5 economic calendar (broker time UTC+3)
2026-04-10 15:00,2026-04-10,MXN,Industrial Production m/m,BUSINESS,LOW,Y,0.4,-0.1,-1.1,MT5 economic calendar (broker time UTC+3)
2026-04-10 15:00,2026-04-10,MXN,Industrial Production n.s.a. y/y,BUSINESS,LOW,Y,-1.3,0.6,-1.1,MT5 economic calendar (broker time UTC+3)
2026-04-10 15:30,2026-04-10,CAD,Employment Change,JOBS,MODERATE,Y,14.1,-56.5,-83.9,MT5 economic calendar (broker time UTC+3)
2026-04-10 15:30,2026-04-10,CAD,Full-Time Employment Change,JOBS,LOW,Y,-1.1,0.0,-108.4,MT5 economic calendar (broker time UTC+3)
2026-04-10 15:30,2026-04-10,CAD,Part-Time Employment Change,JOBS,LOW,Y,15.2,0.0,24.5,MT5 economic calendar (broker time UTC+3)
2026-04-10 15:30,2026-04-10,CAD,Participation Rate,JOBS,LOW,Y,64.9,65.1,64.9,MT5 economic calendar (broker time UTC+3)
2026-04-10 15:30,2026-04-10,CAD,Unemployment Rate,JOBS,MODERATE,Y,6.7,6.6,6.7,MT5 economic calendar (broker time UTC+3)
2026-04-10 15:30,2026-04-10,EUR,Current Account n.s.a.,TRADE,LOW,Y,22.0,19.3,17.1,MT5 economic calendar (broker time UTC+3)
2026-04-10 15:30,2026-04-10,USD,CPI,PRICES,HIGH,Y,330.293,327.824,327.46,MT5 economic calendar (broker time UTC+3)
2026-04-10 15:30,2026-04-10,USD,CPI m/m,PRICES,HIGH,Y,0.9,0.3,0.3,MT5 economic calendar (broker time UTC+3)
2026-04-10 15:30,2026-04-10,USD,CPI n.s.a.,PRICES,LOW,Y,330.213,326.894,326.785,MT5 economic calendar (broker time UTC+3)
2026-04-10 15:30,2026-04-10,USD,CPI n.s.a. m/m,PRICES,LOW,Y,1.0,0.0,0.5,MT5 economic calendar (broker time UTC+3)
2026-04-10 15:30,2026-04-10,USD,CPI y/y,PRICES,HIGH,Y,3.3,2.3,2.4,MT5 economic calendar (broker time UTC+3)
2026-04-10 15:30,2026-04-10,USD,Core CPI,PRICES,LOW,Y,334.165,333.934,333.512,MT5 economic calendar (broker time UTC+3)
2026-04-10 15:30,2026-04-10,USD,Core CPI m/m,PRICES,HIGH,Y,0.2,0.2,0.2,MT5 economic calendar (broker time UTC+3)
2026-04-10 15:30,2026-04-10,USD,Core CPI n.s.a.,PRICES,LOW,Y,334.391,0.0,333.242,MT5 economic calendar (broker time UTC+3)
2026-04-10 15:30,2026-04-10,USD,Core CPI n.s.a. m/m,PRICES,HIGH,Y,0.3,0.0,0.4,MT5 economic calendar (broker time UTC+3)
2026-04-10 15:30,2026-04-10,USD,Core CPI y/y,PRICES,MODERATE,Y,2.6,2.5,2.5,MT5 economic calendar (broker time UTC+3)
2026-04-10 15:30,2026-04-10,USD,Real Earnings m/m,JOBS,LOW,Y,-0.9,0.1,0.1,MT5 economic calendar (broker time UTC+3)
2026-04-10 17:00,2026-04-10,USD,Factory Orders excl. Transportation m/m,BUSINESS,LOW,Y,1.2,0.2,0.4,MT5 economic calendar (broker time UTC+3)
2026-04-10 17:00,2026-04-10,USD,Factory Orders m/m,BUSINESS,MODERATE,Y,0.0,-3.3,0.1,MT5 economic calendar (broker time UTC+3)
2026-04-10 17:00,2026-04-10,USD,Michigan 5-Year Inflation Expectations,PRICES,MODERATE,Y,3.4,3.2,3.2,MT5 economic calendar (broker time UTC+3)
2026-04-10 17:00,2026-04-10,USD,Michigan Consumer Expectations,CONSUMER,MODERATE,Y,46.1,51.4,51.7,MT5 economic calendar (broker time UTC+3)
2026-04-10 17:00,2026-04-10,USD,Michigan Consumer Sentiment,CONSUMER,MODERATE,Y,47.6,51.3,53.3,MT5 economic calendar (broker time UTC+3)
2026-04-10 17:00,2026-04-10,USD,Michigan Current Conditions,CONSUMER,LOW,Y,50.1,55.7,55.8,MT5 economic calendar (broker time UTC+3)
2026-04-10 17:00,2026-04-10,USD,Michigan Inflation Expectations,PRICES,MODERATE,Y,4.8,3.5,3.8,MT5 economic calendar (broker time UTC+3)
2026-04-10 17:00,2026-04-10,USD,Nondefense Capital Goods Shipments excl. Aircraft m/m,BUSINESS,LOW,Y,1.0,0.9,0.9,MT5 economic calendar (broker time UTC+3)
2026-04-10 18:00,2026-04-10,USD,Cleveland Fed Median CPI m/m,PRICES,LOW,Y,0.2,0.3,0.2,MT5 economic calendar (broker time UTC+3)
2026-04-10 20:00,2026-04-10,USD,Baker Hughes US Oil Rig Count,BUSINESS,MODERATE,Y,411.0,0.0,411.0,MT5 economic calendar (broker time UTC+3)
2026-04-10 20:00,2026-04-10,USD,Baker Hughes US Total Rig Count,BUSINESS,MODERATE,Y,545.0,0.0,548.0,MT5 economic calendar (broker time UTC+3)
2026-04-10 21:00,2026-04-10,USD,Federal Budget Balance,GOVERNMENT,MODERATE,Y,-164.1,-285.3,-307.5,MT5 economic calendar (broker time UTC+3)
2026-04-10 22:30,2026-04-10,AUD,CFTC AUD Non-Commercial Net Positions,MARKET,MODERATE,Y,70.8,0.0,81.5,MT5 economic calendar (broker time UTC+3)
2026-04-10 22:30,2026-04-10,BRL,CFTC BRL Non-Commercial Net Positions,MARKET,MODERATE,Y,40.1,0.0,52.7,MT5 economic calendar (broker time UTC+3)
2026-04-10 22:30,2026-04-10,CAD,CFTC CAD Non-Commercial Net Positions,MARKET,LOW,Y,-55.6,0.0,-32.7,MT5 economic calendar (broker time UTC+3)
2026-04-10 22:30,2026-04-10,CHF,CFTC CHF Non-Commercial Net Positions,MARKET,LOW,Y,-30.7,0.0,-29.9,MT5 economic calendar (broker time UTC+3)
2026-04-10 22:30,2026-04-10,EUR,CFTC EUR Non-Commercial Net Positions,MARKET,MODERATE,Y,-7.5,0.0,0.5,MT5 economic calendar (broker time UTC+3)
2026-04-10 22:30,2026-04-10,GBP,CFTC GBP Non-Commercial Net Positions,MARKET,MODERATE,Y,-56.4,0.0,-52.7,MT5 economic calendar (broker time UTC+3)
2026-04-10 22:30,2026-04-10,JPY,CFTC JPY Non-Commercial Net Positions,MARKET,MODERATE,Y,-93.7,0.0,-72.9,MT5 economic calendar (broker time UTC+3)
2026-04-10 22:30,2026-04-10,MXN,CFTC MXN Non-Commercial Net Positions,MARKET,LOW,Y,57.5,0.0,57.7,MT5 economic calendar (broker time UTC+3)
2026-04-10 22:30,2026-04-10,NZD,CFTC NZD Non-Commercial Net Positions,MARKET,LOW,Y,-36.1,0.0,-28.6,MT5 economic calendar (broker time UTC+3)
2026-04-10 22:30,2026-04-10,USD,CFTC Aluminium Non-Commercial Net Positions,MARKET,LOW,Y,0.3,0.0,-0.9,MT5 economic calendar (broker time UTC+3)
2026-04-10 22:30,2026-04-10,USD,CFTC Copper Non-Commercial Net Positions,MARKET,LOW,Y,40.2,0.0,40.1,MT5 economic calendar (broker time UTC+3)
2026-04-10 22:30,2026-04-10,USD,CFTC Corn Non-Commercial Net Positions,MARKET,LOW,Y,290.8,0.0,334.8,MT5 economic calendar (broker time UTC+3)
2026-04-10 22:30,2026-04-10,USD,CFTC Crude Oil Non-Commercial Net Positions,MARKET,MODERATE,Y,202.2,0.0,213.5,MT5 economic calendar (broker time UTC+3)
2026-04-10 22:30,2026-04-10,USD,CFTC Gold Non-Commercial Net Positions,MARKET,MODERATE,Y,156.3,0.0,163.2,MT5 economic calendar (broker time UTC+3)
2026-04-10 22:30,2026-04-10,USD,CFTC Nasdaq 100 Non-Commercial Net Positions,MARKET,MODERATE,Y,12.5,0.0,20.6,MT5 economic calendar (broker time UTC+3)
2026-04-10 22:30,2026-04-10,USD,CFTC Natural Gas Non-Commercial Net Positions,MARKET,LOW,Y,-184.0,0.0,-167.5,MT5 economic calendar (broker time UTC+3)
2026-04-10 22:30,2026-04-10,USD,CFTC S&P 500 Non-Commercial Net Positions,MARKET,MODERATE,Y,-45.7,0.0,-42.5,MT5 economic calendar (broker time UTC+3)
2026-04-10 22:30,2026-04-10,USD,CFTC Silver Non-Commercial Net Positions,MARKET,LOW,Y,23.4,0.0,23.9,MT5 economic calendar (broker time UTC+3)
2026-04-10 22:30,2026-04-10,USD,CFTC Soybeans Non-Commercial Net Positions,MARKET,LOW,Y,208.5,0.0,227.8,MT5 economic calendar (broker time UTC+3)
2026-04-10 22:30,2026-04-10,USD,CFTC Wheat Non-Commercial Net Positions,MARKET,LOW,Y,-18.7,0.0,-9.4,MT5 economic calendar (broker time UTC+3)
2026-04-10 22:30,2026-04-10,ZAR,CFTC ZAR Non-Commercial Net Positions,MARKET,LOW,Y,7.2,0.0,9.0,MT5 economic calendar (broker time UTC+3)
2026-04-13 01:30,2026-04-13,NZD,BusinessNZ Services Index,BUSINESS,LOW,Y,46.0,0.0,48.0,MT5 economic calendar (broker time UTC+3)
2026-04-13 02:50,2026-04-13,JPY,BoJ L Money Stock y/y,MONEY,HIGH,Y,2.8,3.0,2.7,MT5 economic calendar (broker time UTC+3)
2026-04-13 02:50,2026-04-13,JPY,BoJ M2 Money Stock y/y,MONEY,LOW,Y,2.0,1.9,1.7,MT5 economic calendar (broker time UTC+3)
2026-04-13 02:50,2026-04-13,JPY,BoJ M3 Money Stock y/y,MONEY,LOW,Y,1.4,0.0,1.2,MT5 economic calendar (broker time UTC+3)
2026-04-13 04:00,2026-04-13,CNY,PBC M2 Money Stock y/y,MONEY,LOW,Y,8.5,8.7,9.0,MT5 economic calendar (broker time UTC+3)
2026-04-13 04:00,2026-04-13,CNY,PBC New Loans,MONEY,MODERATE,Y,2.99,1.109,0.9,MT5 economic calendar (broker time UTC+3)
2026-04-13 04:00,2026-04-13,CNY,PBC Outstanding Loan Growth y/y,MONEY,LOW,Y,5.7,5.7,6.0,MT5 economic calendar (broker time UTC+3)
2026-04-13 14:30,2026-04-13,BRL,BCB Focus Market Report,MONEY,MODERATE,Y,0.0,0.0,0.0,MT5 economic calendar (broker time UTC+3)
2026-04-13 15:00,2026-04-13,INR,CFPI m/m,PRICES,LOW,Y,0.25,0.0,-0.15,MT5 economic calendar (broker time UTC+3)
2026-04-13 15:00,2026-04-13,INR,CFPI y/y,PRICES,LOW,Y,3.87,0.0,3.47,MT5 economic calendar (broker time UTC+3)
2026-04-13 15:00,2026-04-13,INR,CPI m/m,PRICES,LOW,Y,0.26,0.0,0.11,MT5 economic calendar (broker time UTC+3)
2026-04-13 15:00,2026-04-13,INR,CPI y/y,PRICES,MODERATE,Y,3.4,0.0,3.21,MT5 economic calendar (broker time UTC+3)
2026-04-13 15:15,2026-04-13,EUR,ECB Vice President de Guindos Speech,MONEY,MODERATE,Y,0.0,0.0,0.0,MT5 economic calendar (broker time UTC+3)
2026-04-13 15:30,2026-04-13,CAD,Building Permits m/m,BUSINESS,MODERATE,Y,-8.5,-3.9,4.8,MT5 economic calendar (broker time UTC+3)
2026-04-13 15:58,2026-04-13,EUR,12-Month BTF Auction,MARKET,LOW,Y,2.634,0.0,2.694,MT5 economic calendar (broker time UTC+3)
2026-04-13 15:58,2026-04-13,EUR,3-Month BTF Auction,MARKET,LOW,Y,2.248,0.0,2.253,MT5 economic calendar (broker time UTC+3)
2026-04-13 15:58,2026-04-13,EUR,6-Month BTF Auction,MARKET,LOW,Y,2.448,0.0,2.509,MT5 economic calendar (broker time UTC+3)
2026-04-13 17:00,2026-04-13,USD,Existing Home Sales,HOUSING,HIGH,Y,3.98,4.01,4.09,MT5 economic calendar (broker time UTC+3)
2026-04-13 17:00,2026-04-13,USD,Existing Home Sales m/m,HOUSING,MODERATE,Y,-3.6,4.3,1.7,MT5 economic calendar (broker time UTC+3)
2026-04-13 18:30,2026-04-13,USD,3-Month Bill Auction,MARKET,LOW,Y,3.62,0.0,3.635,MT5 economic calendar (broker time UTC+3)
2026-04-13 18:30,2026-04-13,USD,6-Month Bill Auction,MARKET,LOW,Y,3.61,0.0,3.615,MT5 economic calendar (broker time UTC+3)
2026-04-13 19:00,2026-04-13,EUR,Bbk Executive Board Member Balz Speech,MONEY,MODERATE,Y,0.0,0.0,0.0,MT5 economic calendar (broker time UTC+3)
2026-04-14 00:00,2026-04-14,INR,Ambedkar Jayanti,HOLIDAYS,NONE,Y,0.0,0.0,0.0,MT5 economic calendar (broker time UTC+3)
2026-04-14 01:45,2026-04-14,NZD,Net Permanent & Long-Term Migration,JOBS,LOW,Y,3.97,2.832,4.46,MT5 economic calendar (broker time UTC+3)
2026-04-14 01:45,2026-04-14,NZD,Visitor Arrivals m/m,JOBS,LOW,Y,1.7,-0.3,0.9,MT5 economic calendar (broker time UTC+3)
2026-04-14 01:45,2026-04-14,NZD,Visitor Arrivals y/y,JOBS,LOW,Y,15.2,6.5,4.1,MT5 economic calendar (broker time UTC+3)
2026-04-14 03:00,2026-04-14,SGD,GDP q/q,GDP,LOW,Y,-0.3,1.3,2.1,MT5 economic calendar (broker time UTC+3)
2026-04-14 03:00,2026-04-14,SGD,GDP y/y,GDP,LOW,Y,4.6,7.3,6.9,MT5 economic calendar (broker time UTC+3)
2026-04-14 07:30,2026-04-14,JPY,Capacity Utilization Rate,BUSINESS,LOW,Y,-0.1,-0.7,2.9,MT5 economic calendar (broker time UTC+3)
2026-04-14 07:30,2026-04-14,JPY,Industrial Production m/m,BUSINESS,MODERATE,Y,-2.0,-2.1,-2.1,MT5 economic calendar (broker time UTC+3)
2026-04-14 07:30,2026-04-14,JPY,Industrial Production y/y,BUSINESS,LOW,Y,0.4,0.3,0.3,MT5 economic calendar (broker time UTC+3)
2026-04-14 09:00,2026-04-14,EUR,Wholesale Price Index m/m,PRICES,LOW,Y,2.7,0.2,0.6,MT5 economic calendar (broker time UTC+3)
2026-04-14 09:00,2026-04-14,EUR,Wholesale Price Index y/y,PRICES,LOW,Y,4.1,1.2,1.2,MT5 economic calendar (broker time UTC+3)
2026-04-14 09:00,2026-04-14,SEK,CPI m/m,PRICES,MODERATE,Y,0.0,0.0,0.0,MT5 economic calendar (broker time UTC+3)
2026-04-14 09:00,2026-04-14,SEK,CPI y/y,PRICES,MODERATE,Y,0.0,0.0,0.0,MT5 economic calendar (broker time UTC+3)
2026-04-14 09:00,2026-04-14,SEK,CPIF m/m,PRICES,LOW,Y,0.0,0.0,0.0,MT5 economic calendar (broker time UTC+3)
2026-04-14 09:00,2026-04-14,SEK,CPIF y/y,PRICES,LOW,Y,0.0,0.0,0.0,MT5 economic calendar (broker time UTC+3)
2026-04-14 09:00,2026-04-14,SEK,HICP m/m,PRICES,LOW,Y,0.0,0.0,0.0,MT5 economic calendar (broker time UTC+3)
2026-04-14 09:00,2026-04-14,SEK,HICP y/y,PRICES,LOW,Y,0.0,0.0,0.0,MT5 economic calendar (broker time UTC+3)
2026-04-14 09:30,2026-04-14,INR,WPI Food y/y,PRICES,LOW,Y,1.9,-0.93,2.19,MT5 economic calendar (broker time UTC+3)
2026-04-14 09:30,2026-04-14,INR,WPI Fuel & Energy y/y,PRICES,LOW,Y,1.05,-3.15,-3.78,MT5 economic calendar (broker time UTC+3)
2026-04-14 09:30,2026-04-14,INR,WPI Manufactured Products y/y,PRICES,LOW,Y,3.39,3.83,2.92,MT5 economic calendar (broker time UTC+3)
2026-04-14 09:30,2026-04-14,INR,WPI y/y,PRICES,MODERATE,Y,3.88,0.39,2.13,MT5 economic calendar (broker time UTC+3)
2026-04-14 10:00,2026-04-14,EUR,CPI m/m,PRICES,LOW,Y,1.2,1.0,1.0,MT5 economic calendar (broker time UTC+3)
2026-04-14 10:00,2026-04-14,EUR,CPI y/y,PRICES,MODERATE,Y,3.4,3.3,3.3,MT5 economic calendar (broker time UTC+3)
2026-04-14 10:00,2026-04-14,EUR,HICP m/m,PRICES,LOW,Y,1.7,1.5,1.5,MT5 economic calendar (broker time UTC+3)
2026-04-14 10:00,2026-04-14,EUR,HICP y/y,PRICES,MODERATE,Y,3.4,3.3,3.3,MT5 economic calendar (broker time UTC+3)
2026-04-14 11:50,2026-04-14,GBP,BoE MPC Member Mann Speech,MONEY,MODERATE,Y,0.0,0.0,0.0,MT5 economic calendar (broker time UTC+3)
2026-04-14 11:59,2026-04-14,EUR,3-Month Letras Auction,MARKET,LOW,Y,2.111,0.0,1.964,MT5 economic calendar (broker time UTC+3)
2026-04-14 11:59,2026-04-14,EUR,9-Month Letras Auction,MARKET,LOW,Y,2.461,0.0,2.164,MT5 economic calendar (broker time UTC+3)
2026-04-14 12:30,2026-04-14,EUR,5-Year Note Auction,MARKET,LOW,Y,2.74,0.0,2.72,MT5 economic calendar (broker time UTC+3)
2026-04-14 12:30,2026-04-14,ZAR,Gold Production y/y,BUSINESS,LOW,Y,12.8,1.5,0.7,MT5 economic calendar (broker time UTC+3)
2026-04-14 12:30,2026-04-14,ZAR,Mining Production m/m,BUSINESS,LOW,Y,2.3,-1.2,2.9,MT5 economic calendar (broker time UTC+3)
2026-04-14 12:30,2026-04-14,ZAR,Mining Production y/y,BUSINESS,LOW,Y,9.7,12.3,4.6,MT5 economic calendar (broker time UTC+3)
2026-04-14 14:30,2026-04-14,AUD,Westpac-MI Consumer Sentiment m/m,CONSUMER,LOW,Y,-12.5,-4.0,1.2,MT5 economic calendar (broker time UTC+3)
2026-04-14 15:00,2026-04-14,BRL,Services Volume m/m,BUSINESS,LOW,Y,0.1,-0.1,0.3,MT5 economic calendar (broker time UTC+3)
2026-04-14 15:00,2026-04-14,BRL,Services Volume y/y,BUSINESS,LOW,Y,0.5,2.8,3.3,MT5 economic calendar (broker time UTC+3)
2026-04-14 15:30,2026-04-14,USD,Core PPI m/m,PRICES,MODERATE,Y,0.1,0.6,0.5,MT5 economic calendar (broker time UTC+3)
2026-04-14 15:30,2026-04-14,USD,Core PPI y/y,PRICES,LOW,Y,3.8,3.5,3.9,MT5 economic calendar (broker time UTC+3)
2026-04-14 15:30,2026-04-14,USD,PPI m/m,PRICES,HIGH,Y,0.5,0.9,0.7,MT5 economic calendar (broker time UTC+3)
2026-04-14 15:30,2026-04-14,USD,PPI y/y,PRICES,LOW,Y,4.0,3.6,3.4,MT5 economic calendar (broker time UTC+3)
2026-04-14 17:00,2026-04-14,EUR,ECB Executive Board Member Lane Speech,MONEY,MODERATE,Y,0.0,0.0,0.0,MT5 economic calendar (broker time UTC+3)
2026-04-14 18:30,2026-04-14,EUR,ECB Executive Board Member Lane Speech,MONEY,MODERATE,Y,0.0,0.0,0.0,MT5 economic calendar (broker time UTC+3)
2026-04-14 18:30,2026-04-14,USD,52-Week Bill Auction,MARKET,LOW,Y,3.56,0.0,3.485,MT5 economic calendar (broker time UTC+3)
2026-04-14 19:00,2026-04-14,USD,NFIB Small Business Optimism,BUSINESS,LOW,Y,95.8,99.2,98.8,MT5 economic calendar (broker time UTC+3)
2026-04-14 19:05,2026-04-14,GBP,BoE Governor Bailey Speech,MONEY,HIGH,Y,0.0,0.0,0.0,MT5 economic calendar (broker time UTC+3)
2026-04-14 19:45,2026-04-14,USD,Fed Vice Chair for Supervision Barr Speech,MONEY,MODERATE,Y,0.0,0.0,0.0,MT5 economic calendar (broker time UTC+3)
2026-04-14 20:00,2026-04-14,EUR,Bbk Executive Board Member Balz Speech,MONEY,MODERATE,Y,0.0,0.0,0.0,MT5 economic calendar (broker time UTC+3)
2026-04-15 00:00,2026-04-15,EUR,ECB President Lagarde Speech,MONEY,HIGH,Y,0.0,0.0,0.0,MT5 economic calendar (broker time UTC+3)
2026-04-15 00:00,2026-04-15,KRW,Export Price Index y/y,PRICES,LOW,Y,28.7,11.6,10.7,MT5 economic calendar (broker time UTC+3)
2026-04-15 00:00,2026-04-15,KRW,Import Price Index y/y,PRICES,LOW,Y,18.4,1.2,1.2,MT5 economic calendar (broker time UTC+3)
2026-04-15 02:00,2026-04-15,KRW,Unemployment Rate,JOBS,LOW,Y,2.7,3.0,2.9,MT5 economic calendar (broker time UTC+3)
2026-04-15 02:50,2026-04-15,JPY,Core Machinery Orders m/m,BUSINESS,LOW,Y,13.6,-5.0,-5.5,MT5 economic calendar (broker time UTC+3)
2026-04-15 02:50,2026-04-15,JPY,Core Machinery Orders y/y,BUSINESS,LOW,Y,24.7,1.3,13.7,MT5 economic calendar (broker time UTC+3)
2026-04-15 05:00,2026-04-15,KRW,Exports y/y,TRADE,LOW,Y,49.2,48.3,48.3,MT5 economic calendar (broker time UTC+3)
2026-04-15 05:00,2026-04-15,KRW,Imports y/y,TRADE,LOW,Y,13.2,13.2,13.2,MT5 economic calendar (broker time UTC+3)
2026-04-15 05:00,2026-04-15,KRW,Trade Balance,TRADE,LOW,Y,26.239,25.737,25.737,MT5 economic calendar (broker time UTC+3)
2026-04-15 06:00,2026-04-15,KRW,BOK M2 Money Supply y/y,MONEY,LOW,Y,8.0,7.1,7.1,MT5 economic calendar (broker time UTC+3)
2026-04-15 09:00,2026-04-15,NOK,Goods Trade Balance,TRADE,LOW,Y,97.455,57.171,44.763,MT5 economic calendar (broker time UTC+3)
2026-04-15 09:45,2026-04-15,EUR,CPI m/m,PRICES,MODERATE,Y,1.0,0.0,0.9,MT5 economic calendar (broker time UTC+3)
2026-04-15 09:45,2026-04-15,EUR,CPI y/y,PRICES,LOW,Y,1.7,1.7,1.7,MT5 economic calendar (broker time UTC+3)
2026-04-15 09:45,2026-04-15,EUR,HICP m/m,PRICES,MODERATE,Y,1.1,0.0,1.1,MT5 economic calendar (broker time UTC+3)
2026-04-15 09:45,2026-04-15,EUR,HICP y/y,PRICES,LOW,Y,2.0,1.9,1.9,MT5 economic calendar (broker time UTC+3)
2026-04-15 12:00,2026-04-15,EUR,Industrial Production m/m,BUSINESS,MODERATE,Y,0.4,0.0,-1.5,MT5 economic calendar (broker time UTC+3)
2026-04-15 12:00,2026-04-15,EUR,Industrial Production y/y,BUSINESS,LOW,Y,-0.6,0.2,-1.2,MT5 economic calendar (broker time UTC+3)
2026-04-15 12:30,2026-04-15,EUR,30-Year Bond Auction,MARKET,LOW,Y,3.57,0.0,3.44,MT5 economic calendar (broker time UTC+3)
2026-04-15 13:00,2026-04-15,EUR,Official Reserve Assets,MONEY,LOW,Y,1908.13,0.0,2046.0,MT5 economic calendar (broker time UTC+3)
2026-04-15 14:00,2026-04-15,INR,Exports,TRADE,LOW,Y,38.92,0.0,36.61,MT5 economic calendar (broker time UTC+3)
2026-04-15 14:00,2026-04-15,INR,Imports,TRADE,LOW,Y,59.59,0.0,63.71,MT5 economic calendar (broker time UTC+3)
2026-04-15 14:00,2026-04-15,INR,Trade Balance,TRADE,LOW,Y,-20.67,0.0,-27.1,MT5 economic calendar (broker time UTC+3)
2026-04-15 15:00,2026-04-15,BRL,Retail Sales m/m,CONSUMER,MODERATE,Y,0.6,0.1,0.4,MT5 economic calendar (broker time UTC+3)
2026-04-15 15:00,2026-04-15,BRL,Retail Sales y/y,CONSUMER,MODERATE,Y,0.2,2.3,2.8,MT5 economic calendar (broker time UTC+3)
2026-04-15 15:30,2026-04-15,CAD,Manufacturing Sales m/m,BUSINESS,LOW,Y,3.6,0.0,-3.0,MT5 economic calendar (broker time UTC+3)
2026-04-15 15:30,2026-04-15,CAD,Wholesale Trade m/m,BUSINESS,MODERATE,Y,2.0,-0.5,-1.0,MT5 economic calendar (broker time UTC+3)
2026-04-15 15:30,2026-04-15,USD,Export Price Index m/m,PRICES,MODERATE,Y,1.6,1.0,1.5,MT5 economic calendar (broker time UTC+3)
2026-04-15 15:30,2026-04-15,USD,Export Price Index y/y,PRICES,LOW,Y,5.6,4.8,3.5,MT5 economic calendar (broker time UTC+3)
2026-04-15 15:30,2026-04-15,USD,Fed Vice Chair for Supervision Barr Speech,MONEY,MODERATE,Y,0.0,0.0,0.0,MT5 economic calendar (broker time UTC+3)
2026-04-15 15:30,2026-04-15,USD,Import Price Index excl. Petroleum m/m,PRICES,LOW,Y,0.1,0.9,1.2,MT5 economic calendar (broker time UTC+3)
2026-04-15 15:30,2026-04-15,USD,Import Price Index m/m,PRICES,MODERATE,Y,0.8,0.8,1.3,MT5 economic calendar (broker time UTC+3)
2026-04-15 15:30,2026-04-15,USD,Import Price Index y/y,PRICES,LOW,Y,2.1,1.7,1.3,MT5 economic calendar (broker time UTC+3)
2026-04-15 15:30,2026-04-15,USD,NY Fed Empire State Manufacturing Index,BUSINESS,MODERATE,Y,11.0,-1.4,-0.2,MT5 economic calendar (broker time UTC+3)
2026-04-15 17:00,2026-04-15,USD,NAHB Housing Market Index,HOUSING,LOW,Y,34.0,34.0,38.0,MT5 economic calendar (broker time UTC+3)
2026-04-15 17:30,2026-04-15,USD,EIA Crude Oil Imports Change,BUSINESS,LOW,Y,-2.109,-0.278,-0.758,MT5 economic calendar (broker time UTC+3)
2026-04-15 17:30,2026-04-15,USD,EIA Crude Oil Stocks Change,BUSINESS,HIGH,Y,-0.913,9.761,3.081,MT5 economic calendar (broker time UTC+3)
2026-04-15 17:30,2026-04-15,USD,EIA Cushing Crude Oil Stocks Change,BUSINESS,MODERATE,Y,-1.727,0.119,0.024,MT5 economic calendar (broker time UTC+3)
2026-04-15 17:30,2026-04-15,USD,EIA Distillate Fuel Production Change,BUSINESS,LOW,Y,-0.169,-0.003,0.009,MT5 economic calendar (broker time UTC+3)
2026-04-15 17:30,2026-04-15,USD,EIA Distillates Stocks Change,BUSINESS,LOW,Y,-3.122,-0.029,-3.144,MT5 economic calendar (broker time UTC+3)
2026-04-15 17:30,2026-04-15,USD,EIA Gasoline Production Change,BUSINESS,LOW,Y,0.392,0.229,-0.214,MT5 economic calendar (broker time UTC+3)
2026-04-15 17:30,2026-04-15,USD,EIA Gasoline Stocks Change,BUSINESS,LOW,Y,-6.328,0.532,-1.589,MT5 economic calendar (broker time UTC+3)
2026-04-15 17:30,2026-04-15,USD,EIA Heating Oil Stocks Change,BUSINESS,LOW,Y,-0.463,-0.433,0.233,MT5 economic calendar (broker time UTC+3)
2026-04-15 17:30,2026-04-15,USD,EIA Refinery Crude Oil Daily Inputs Change,BUSINESS,LOW,Y,-0.208,0.0,-0.129,MT5 economic calendar (broker time UTC+3)
2026-04-15 17:30,2026-04-15,USD,EIA Refinery Utilization Rate Change,BUSINESS,LOW,Y,-2.4,0.0,-0.1,MT5 economic calendar (broker time UTC+3)
2026-04-15 18:50,2026-04-15,GBP,BoE Governor Bailey Speech,MONEY,HIGH,Y,0.0,0.0,0.0,MT5 economic calendar (broker time UTC+3)
2026-04-15 20:30,2026-04-15,BRL,Foreign Exchange Flows,MONEY,LOW,Y,-1.303,-2.391,-2.655,MT5 economic calendar (broker time UTC+3)
2026-04-15 20:45,2026-04-15,USD,Fed Governor Bowman Speech,MONEY,MODERATE,Y,0.0,0.0,0.0,MT5 economic calendar (broker time UTC+3)
2026-04-15 21:00,2026-04-15,USD,Fed Beige Book,MONEY,MODERATE,Y,0.0,0.0,0.0,MT5 economic calendar (broker time UTC+3)
2026-04-15 22:30,2026-04-15,EUR,ECB President Lagarde Speech,MONEY,HIGH,Y,0.0,0.0,0.0,MT5 economic calendar (broker time UTC+3)
2026-04-15 23:00,2026-04-15,EUR,ECB Executive Board Member Schnabel Speech,MONEY,MODERATE,Y,0.0,0.0,0.0,MT5 economic calendar (broker time UTC+3)
2026-04-15 23:00,2026-04-15,USD,TIC Net Foreign Purchases of Domestic Treasury Bonds & Notes,MONEY,LOW,Y,2.0,30.7,49.9,MT5 economic calendar (broker time UTC+3)
2026-04-15 23:00,2026-04-15,USD,TIC Net Long-Term Transactions,MONEY,MODERATE,Y,58.6,138.6,15.5,MT5 economic calendar (broker time UTC+3)
2026-04-15 23:00,2026-04-15,USD,TIC Net Long-Term Transactions incl. Swaps,MONEY,LOW,Y,58.6,194.0,15.5,MT5 economic calendar (broker time UTC+3)
2026-04-15 23:00,2026-04-15,USD,TIC Overall Net Capital Flow,MONEY,LOW,Y,184.5,185.5,-25.0,MT5 economic calendar (broker time UTC+3)
2026-04-16 02:50,2026-04-16,JPY,Foreign Bond Investment,GOVERNMENT,LOW,Y,696.2,0.0,-2462.4,MT5 economic calendar (broker time UTC+3)
2026-04-16 02:50,2026-04-16,JPY,Foreign Investment in Japan Stocks,GOVERNMENT,LOW,Y,3943.3,0.0,2959.6,MT5 economic calendar (broker time UTC+3)
2026-04-16 04:00,2026-04-16,AUD,MI Inflation Expectations,PRICES,LOW,Y,5.9,0.0,5.2,MT5 economic calendar (broker time UTC+3)
2026-04-16 04:30,2026-04-16,AUD,Employment Change,JOBS,MODERATE,Y,17.9,18.8,48.9,MT5 economic calendar (broker time UTC+3)
2026-04-16 04:30,2026-04-16,AUD,Full-Time Employment Change,JOBS,MODERATE,Y,52.5,0.0,-30.5,MT5 economic calendar (broker time UTC+3)
2026-04-16 04:30,2026-04-16,AUD,Participation Rate,JOBS,LOW,Y,66.8,66.7,66.9,MT5 economic calendar (broker time UTC+3)
2026-04-16 04:30,2026-04-16,AUD,Unemployment Rate,JOBS,MODERATE,Y,4.3,4.1,4.3,MT5 economic calendar (broker time UTC+3)
2026-04-16 05:00,2026-04-16,CNY,Fixed Asset Investment y/y,BUSINESS,MODERATE,Y,1.7,2.1,1.8,MT5 economic calendar (broker time UTC+3)
2026-04-16 05:00,2026-04-16,CNY,GDP YTD y/y,GDP,MODERATE,Y,5.0,0.0,4.8,MT5 economic calendar (broker time UTC+3)
2026-04-16 05:00,2026-04-16,CNY,GDP q/q,GDP,MODERATE,Y,1.3,1.2,1.2,MT5 economic calendar (broker time UTC+3)
2026-04-16 05:00,2026-04-16,CNY,GDP y/y,GDP,HIGH,Y,5.0,4.4,4.5,MT5 economic calendar (broker time UTC+3)
2026-04-16 05:00,2026-04-16,CNY,Industrial Production YTD y/y,BUSINESS,MODERATE,Y,6.1,0.0,6.3,MT5 economic calendar (broker time UTC+3)
2026-04-16 05:00,2026-04-16,CNY,Industrial Production y/y,BUSINESS,MODERATE,Y,5.7,5.4,6.3,MT5 economic calendar (broker time UTC+3)
2026-04-16 05:00,2026-04-16,CNY,NBS Press Conference on Economic Situation,MONEY,MODERATE,Y,0.0,0.0,0.0,MT5 economic calendar (broker time UTC+3)
2026-04-16 05:00,2026-04-16,CNY,Retail Sales YTD y/y,CONSUMER,LOW,Y,2.4,0.0,2.8,MT5 economic calendar (broker time UTC+3)
2026-04-16 05:00,2026-04-16,CNY,Retail Sales y/y,CONSUMER,LOW,Y,1.7,1.2,2.8,MT5 economic calendar (broker time UTC+3)
2026-04-16 05:00,2026-04-16,CNY,Unemployment Rate,JOBS,MODERATE,Y,5.4,5.2,5.3,MT5 economic calendar (broker time UTC+3)
2026-04-16 07:00,2026-04-16,SEK,Registered Unemployment Rate,JOBS,LOW,Y,6.6,6.8,6.8,MT5 economic calendar (broker time UTC+3)
2026-04-16 09:00,2026-04-16,GBP,Construction Output m/m,BUSINESS,LOW,Y,1.0,-0.1,0.2,MT5 economic calendar (broker time UTC+3)
2026-04-16 09:00,2026-04-16,GBP,Construction Output y/y,BUSINESS,LOW,Y,-1.0,-0.7,-0.2,MT5 economic calendar (broker time UTC+3)
2026-04-16 09:00,2026-04-16,GBP,GDP 3m/3m,GDP,MODERATE,Y,0.5,0.0,0.2,MT5 economic calendar (broker time UTC+3)
2026-04-16 09:00,2026-04-16,GBP,GDP m/m,GDP,HIGH,Y,0.5,0.0,0.0,MT5 economic calendar (broker time UTC+3)
2026-04-16 09:00,2026-04-16,GBP,Trade Balance,TRADE,MODERATE,Y,-18.791,-9.76,-14.449,MT5 economic calendar (broker time UTC+3)
2026-04-16 09:00,2026-04-16,GBP,Trade Balance Non-EU,TRADE,MODERATE,Y,-7.097,-5.725,-3.461,MT5 economic calendar (broker time UTC+3)
2026-04-16 09:30,2026-04-16,CHF,PPI m/m,PRICES,LOW,Y,0.2,-0.2,-0.3,MT5 economic calendar (broker time UTC+3)
2026-04-16 09:30,2026-04-16,CHF,PPI y/y,PRICES,LOW,Y,-2.7,-3.4,-2.7,MT5 economic calendar (broker time UTC+3)
2026-04-16 10:00,2026-04-16,GBP,Index of Services,CONSUMER,LOW,Y,0.5,0.0,0.2,MT5 economic calendar (broker time UTC+3)
2026-04-16 10:00,2026-04-16,GBP,Industrial Production m/m,BUSINESS,MODERATE,Y,0.5,0.0,-0.1,MT5 economic calendar (broker time UTC+3)
2026-04-16 10:00,2026-04-16,GBP,Industrial Production y/y,BUSINESS,LOW,Y,-0.4,0.0,0.4,MT5 economic calendar (broker time UTC+3)
2026-04-16 10:00,2026-04-16,GBP,Manufacturing Production m/m,BUSINESS,MODERATE,Y,-0.1,0.0,0.1,MT5 economic calendar (broker time UTC+3)
2026-04-16 10:00,2026-04-16,GBP,Manufacturing Production y/y,BUSINESS,LOW,Y,-0.5,0.0,1.3,MT5 economic calendar (broker time UTC+3)
2026-04-16 11:00,2026-04-16,ALL,IEA Monthly Oil Market Report,BUSINESS,MODERATE,Y,0.0,0.0,0.0,MT5 economic calendar (broker time UTC+3)
2026-04-16 11:00,2026-04-16,EUR,CPI FOI excl. Tobacco m/m,PRICES,LOW,Y,0.6,0.3,0.5,MT5 economic calendar (broker time UTC+3)
2026-04-16 11:00,2026-04-16,EUR,CPI FOI excl. Tobacco y/y,PRICES,LOW,Y,1.5,0.8,1.1,MT5 economic calendar (broker time UTC+3)
2026-04-16 11:00,2026-04-16,EUR,CPI m/m,PRICES,LOW,Y,0.5,0.5,0.5,MT5 economic calendar (broker time UTC+3)
2026-04-16 11:00,2026-04-16,EUR,CPI y/y,PRICES,LOW,Y,1.7,1.7,1.7,MT5 economic calendar (broker time UTC+3)
2026-04-16 11:00,2026-04-16,EUR,HICP m/m,PRICES,LOW,Y,1.7,1.6,1.6,MT5 economic calendar (broker time UTC+3)
2026-04-16 11:00,2026-04-16,EUR,HICP y/y,PRICES,LOW,Y,1.6,1.5,1.5,MT5 economic calendar (broker time UTC+3)
2026-04-16 12:00,2026-04-16,EUR,CPI,PRICES,LOW,Y,101.99,0.0,101.96,MT5 economic calendar (broker time UTC+3)
2026-04-16 12:00,2026-04-16,EUR,CPI excl. Energy and Unprocessed Food m/m,PRICES,LOW,Y,0.7,0.7,0.7,MT5 economic calendar (broker time UTC+3)
2026-04-16 12:00,2026-04-16,EUR,CPI excl. Energy and Unprocessed Food y/y,PRICES,LOW,Y,2.2,2.2,2.2,MT5 economic calendar (broker time UTC+3)
2026-04-16 12:00,2026-04-16,EUR,CPI excl. Tobacco m/m,PRICES,LOW,Y,1.3,0.4,0.6,MT5 economic calendar (broker time UTC+3)
2026-04-16 12:00,2026-04-16,EUR,CPI excl. Tobacco y/y,PRICES,LOW,Y,2.5,1.9,1.8,MT5 economic calendar (broker time UTC+3)
2026-04-16 12:00,2026-04-16,EUR,CPI m/m,PRICES,MODERATE,Y,1.3,1.9,1.9,MT5 economic calendar (broker time UTC+3)
2026-04-16 12:00,2026-04-16,EUR,CPI y/y,PRICES,HIGH,Y,2.6,1.7,1.7,MT5 economic calendar (broker time UTC+3)
2026-04-16 12:00,2026-04-16,EUR,Core CPI,PRICES,MODERATE,Y,101.41,0.0,101.38,MT5 economic calendar (broker time UTC+3)
2026-04-16 12:00,2026-04-16,EUR,Core CPI m/m,PRICES,LOW,Y,0.8,0.8,0.8,MT5 economic calendar (broker time UTC+3)
2026-04-16 12:00,2026-04-16,EUR,Core CPI y/y,PRICES,MODERATE,Y,2.3,2.3,2.3,MT5 economic calendar (broker time UTC+3)
2026-04-16 12:01,2026-04-16,EUR,3-Year OAT Auction,MARKET,LOW,Y,2.84,0.0,2.86,MT5 economic calendar (broker time UTC+3)
2026-04-16 12:01,2026-04-16,EUR,5-Year OAT Auction,MARKET,LOW,Y,3.03,0.0,3.04,MT5 economic calendar (broker time UTC+3)
2026-04-16 12:12,2026-04-16,EUR,15-Year Obligacion Auction,MARKET,MODERATE,Y,3.845,0.0,3.605,MT5 economic calendar (broker time UTC+3)
2026-04-16 12:15,2026-04-16,EUR,ECB Supervisory Board Member Tuominen Speech,MONEY,MODERATE,Y,0.0,0.0,0.0,MT5 economic calendar (broker time UTC+3)
2026-04-16 13:00,2026-04-16,EUR,Bbk Monthly Report,MONEY,LOW,Y,0.0,0.0,0.0,MT5 economic calendar (broker time UTC+3)
2026-04-16 13:45,2026-04-16,EUR,Bbk Executive Board Member Mauderer Speech,MONEY,MODERATE,Y,0.0,0.0,0.0,MT5 economic calendar (broker time UTC+3)
2026-04-16 14:30,2026-04-16,EUR,ECB Monetary Policy Meeting Accounts,MONEY,MODERATE,Y,0.0,0.0,0.0,MT5 economic calendar (broker time UTC+3)
2026-04-16 15:00,2026-04-16,BRL,BCB IBC-Br Economic Activity,BUSINESS,LOW,Y,0.6,0.18,0.78,MT5 economic calendar (broker time UTC+3)
2026-04-16 15:17,2026-04-16,GBP,NIESR GDP Estimate,GDP,LOW,Y,0.6,-3.1,0.3,MT5 economic calendar (broker time UTC+3)
2026-04-16 15:30,2026-04-16,USD,Continuing Jobless Claims,JOBS,MODERATE,Y,1.818,1.832,1.794,MT5 economic calendar (broker time UTC+3)
2026-04-16 15:30,2026-04-16,USD,Initial Jobless Claims,JOBS,HIGH,Y,207.0,212.0,219.0,MT5 economic calendar (broker time UTC+3)
2026-04-16 15:30,2026-04-16,USD,Initial Jobless Claims 4-Week Average,JOBS,LOW,Y,209.75,212.051,209.5,MT5 economic calendar (broker time UTC+3)
2026-04-16 15:30,2026-04-16,USD,Philadelphia Fed Business Conditions,BUSINESS,LOW,Y,40.8,28.5,40.0,MT5 economic calendar (broker time UTC+3)
2026-04-16 15:30,2026-04-16,USD,Philadelphia Fed Capex Index,BUSINESS,LOW,Y,35.2,21.7,25.8,MT5 economic calendar (broker time UTC+3)
2026-04-16 15:30,2026-04-16,USD,Philadelphia Fed Employment,BUSINESS,MODERATE,Y,-5.1,11.5,0.8,MT5 economic calendar (broker time UTC+3)
2026-04-16 15:30,2026-04-16,USD,Philadelphia Fed Manufacturing Index,BUSINESS,HIGH,Y,26.7,3.3,18.1,MT5 economic calendar (broker time UTC+3)
2026-04-16 15:30,2026-04-16,USD,Philadelphia Fed New Orders,BUSINESS,LOW,Y,33.0,6.0,8.6,MT5 economic calendar (broker time UTC+3)
2026-04-16 15:30,2026-04-16,USD,Philadelphia Fed Prices Paid,BUSINESS,LOW,Y,59.3,40.7,44.7,MT5 economic calendar (broker time UTC+3)
2026-04-16 16:15,2026-04-16,EUR,ECB Executive Board Member Schnabel Speech,MONEY,MODERATE,Y,0.0,0.0,0.0,MT5 economic calendar (broker time UTC+3)
2026-04-16 16:15,2026-04-16,USD,Fed Capacity Utilization Rate,BUSINESS,LOW,Y,75.7,76.3,76.3,MT5 economic calendar (broker time UTC+3)
2026-04-16 16:15,2026-04-16,USD,Fed Industrial Production m/m,BUSINESS,MODERATE,Y,-0.5,-0.1,0.2,MT5 economic calendar (broker time UTC+3)
2026-04-16 16:15,2026-04-16,USD,Fed Industrial Production y/y,BUSINESS,MODERATE,Y,0.7,2.1,1.4,MT5 economic calendar (broker time UTC+3)
2026-04-16 16:15,2026-04-16,USD,Fed Manufacturing Production m/m,BUSINESS,LOW,Y,-0.1,0.0,0.2,MT5 economic calendar (broker time UTC+3)
2026-04-16 17:30,2026-04-16,USD,EIA Natural Gas Storage Change,BUSINESS,LOW,Y,59.0,97.0,50.0,MT5 economic calendar (broker time UTC+3)
2026-04-16 18:30,2026-04-16,USD,4-Week Bill Auction,MARKET,LOW,Y,3.595,0.0,3.56,MT5 economic calendar (broker time UTC+3)
2026-04-16 18:30,2026-04-16,USD,8-Week Bill Auction,MARKET,LOW,Y,3.615,0.0,3.575,MT5 economic calendar (broker time UTC+3)
2026-04-16 18:40,2026-04-16,EUR,ECB Executive Board Member Lane Speech,MONEY,MODERATE,Y,0.0,0.0,0.0,MT5 economic calendar (broker time UTC+3)
2026-04-16 18:40,2026-04-16,GBP,BoE Deputy Governor for Prudential Regulation Woods Speech,MONEY,MODERATE,Y,0.0,0.0,0.0,MT5 economic calendar (broker time UTC+3)
2026-04-16 21:30,2026-04-16,EUR,ECB Executive Board Member Lane Speech,MONEY,MODERATE,Y,0.0,0.0,0.0,MT5 economic calendar (broker time UTC+3)
2026-04-17 01:45,2026-04-17,NZD,Electronic Card Retail Sales m/m,CONSUMER,MODERATE,Y,0.7,0.5,1.4,MT5 economic calendar (broker time UTC+3)
2026-04-17 01:45,2026-04-17,NZD,Electronic Card Retail Sales y/y,CONSUMER,LOW,Y,2.7,3.0,1.5,MT5 economic calendar (broker time UTC+3)
2026-04-17 01:45,2026-04-17,NZD,Food Price Index m/m,PRICES,LOW,Y,-0.6,0.5,-0.1,MT5 economic calendar (broker time UTC+3)
2026-04-17 03:30,2026-04-17,SGD,Non-Oil Domestic Exports m/m,TRADE,LOW,Y,3.0,4.9,3.9,MT5 economic calendar (broker time UTC+3)
2026-04-17 03:30,2026-04-17,SGD,Non-Oil Domestic Exports y/y,TRADE,LOW,Y,15.3,0.0,4.0,MT5 economic calendar (broker time UTC+3)
2026-04-17 03:30,2026-04-17,SGD,Trade Balance,TRADE,LOW,Y,11.218,6.292,4.538,MT5 economic calendar (broker time UTC+3)
2026-04-17 11:00,2026-04-17,EUR,Current Account,TRADE,LOW,Y,24.9,0.0,37.9,MT5 economic calendar (broker time UTC+3)
2026-04-17 11:00,2026-04-17,EUR,Current Account n.s.a.,TRADE,LOW,Y,21.1,0.0,13.0,MT5 economic calendar (broker time UTC+3)
2026-04-17 11:00,2026-04-17,EUR,Trade Balance,TRADE,LOW,Y,4.944,-1.259,1.089,MT5 economic calendar (broker time UTC+3)
2026-04-17 11:00,2026-04-17,EUR,Trade Balance EU,TRADE,LOW,Y,-0.652,0.0,-1.138,MT5 economic calendar (broker time UTC+3)
2026-04-17 12:00,2026-04-17,EUR,Trade Balance,TRADE,MODERATE,Y,7.0,13.0,12.1,MT5 economic calendar (broker time UTC+3)
2026-04-17 12:00,2026-04-17,EUR,Trade Balance n.s.a.,TRADE,MODERATE,Y,11.5,0.0,-1.9,MT5 economic calendar (broker time UTC+3)
2026-04-17 14:30,2026-04-17,INR,Bank Loan Growth y/y,MONEY,LOW,Y,16.1,14.9,13.8,MT5 economic calendar (broker time UTC+3)
2026-04-17 14:30,2026-04-17,INR,Deposit Growth y/y,MONEY,LOW,Y,13.5,10.3,10.8,MT5 economic calendar (broker time UTC+3)
2026-04-17 14:30,2026-04-17,INR,Foreign Exchange Reserves,MONEY,LOW,Y,700.946,689.697,697.121,MT5 economic calendar (broker time UTC+3)
2026-04-17 15:00,2026-04-17,GBP,BoE MPC Member Pill Speech,MONEY,MODERATE,Y,0.0,0.0,0.0,MT5 economic calendar (broker time UTC+3)
2026-04-17 15:15,2026-04-17,CAD,CMHC Housing Starts,HOUSING,MODERATE,Y,235.852,256.928,250.9,MT5 economic calendar (broker time UTC+3)
2026-04-17 15:30,2026-04-17,CAD,Foreign Securities Purchases,MARKET,MODERATE,Y,6.174,0.0,46.733,MT5 economic calendar (broker time UTC+3)
2026-04-17 15:30,2026-04-17,CAD,Foreign Securities Purchases by Canadians,MARKET,LOW,Y,25.362,0.0,11.388,MT5 economic calendar (broker time UTC+3)
2026-04-17 20:00,2026-04-17,USD,Baker Hughes US Oil Rig Count,BUSINESS,MODERATE,Y,410.0,0.0,411.0,MT5 economic calendar (broker time UTC+3)
2026-04-17 20:00,2026-04-17,USD,Baker Hughes US Total Rig Count,BUSINESS,MODERATE,Y,543.0,0.0,545.0,MT5 economic calendar (broker time UTC+3)
2026-04-17 21:00,2026-04-17,USD,Fed Governor Waller Speech,MONEY,MODERATE,Y,0.0,0.0,0.0,MT5 economic calendar (broker time UTC+3)
2026-04-17 22:30,2026-04-17,AUD,CFTC AUD Non-Commercial Net Positions,MARKET,MODERATE,Y,65.1,0.0,70.8,MT5 economic calendar (broker time UTC+3)
2026-04-17 22:30,2026-04-17,BRL,CFTC BRL Non-Commercial Net Positions,MARKET,MODERATE,Y,40.0,0.0,40.1,MT5 economic calendar (broker time UTC+3)
2026-04-17 22:30,2026-04-17,CAD,CFTC CAD Non-Commercial Net Positions,MARKET,LOW,Y,-78.3,0.0,-55.6,MT5 economic calendar (broker time UTC+3)
2026-04-17 22:30,2026-04-17,CHF,CFTC CHF Non-Commercial Net Positions,MARKET,LOW,Y,-34.1,0.0,-30.7,MT5 economic calendar (broker time UTC+3)
2026-04-17 22:30,2026-04-17,EUR,CFTC EUR Non-Commercial Net Positions,MARKET,MODERATE,Y,26.0,0.0,-7.5,MT5 economic calendar (broker time UTC+3)
2026-04-17 22:30,2026-04-17,GBP,CFTC GBP Non-Commercial Net Positions,MARKET,MODERATE,Y,-54.7,0.0,-56.4,MT5 economic calendar (broker time UTC+3)
2026-04-17 22:30,2026-04-17,JPY,CFTC JPY Non-Commercial Net Positions,MARKET,MODERATE,Y,-83.2,0.0,-93.7,MT5 economic calendar (broker time UTC+3)
2026-04-17 22:30,2026-04-17,MXN,CFTC MXN Non-Commercial Net Positions,MARKET,LOW,Y,59.0,0.0,57.5,MT5 economic calendar (broker time UTC+3)
2026-04-17 22:30,2026-04-17,NZD,CFTC NZD Non-Commercial Net Positions,MARKET,LOW,Y,-42.3,0.0,-36.1,MT5 economic calendar (broker time UTC+3)
2026-04-17 22:30,2026-04-17,USD,CFTC Aluminium Non-Commercial Net Positions,MARKET,LOW,Y,0.5,0.0,0.3,MT5 economic calendar (broker time UTC+3)
2026-04-17 22:30,2026-04-17,USD,CFTC Copper Non-Commercial Net Positions,MARKET,LOW,Y,55.1,0.0,40.2,MT5 economic calendar (broker time UTC+3)
2026-04-17 22:30,2026-04-17,USD,CFTC Corn Non-Commercial Net Positions,MARKET,LOW,Y,248.9,0.0,290.8,MT5 economic calendar (broker time UTC+3)
2026-04-17 22:30,2026-04-17,USD,CFTC Crude Oil Non-Commercial Net Positions,MARKET,MODERATE,Y,206.5,0.0,202.2,MT5 economic calendar (broker time UTC+3)
2026-04-17 22:30,2026-04-17,USD,CFTC Gold Non-Commercial Net Positions,MARKET,MODERATE,Y,162.5,0.0,156.3,MT5 economic calendar (broker time UTC+3)
2026-04-17 22:30,2026-04-17,USD,CFTC Nasdaq 100 Non-Commercial Net Positions,MARKET,MODERATE,Y,10.8,0.0,12.5,MT5 economic calendar (broker time UTC+3)
2026-04-17 22:30,2026-04-17,USD,CFTC Natural Gas Non-Commercial Net Positions,MARKET,LOW,Y,-186.9,0.0,-184.0,MT5 economic calendar (broker time UTC+3)
2026-04-17 22:30,2026-04-17,USD,CFTC S&P 500 Non-Commercial Net Positions,MARKET,MODERATE,Y,-115.8,0.0,-45.7,MT5 economic calendar (broker time UTC+3)
2026-04-17 22:30,2026-04-17,USD,CFTC Silver Non-Commercial Net Positions,MARKET,LOW,Y,23.6,0.0,23.4,MT5 economic calendar (broker time UTC+3)
2026-04-17 22:30,2026-04-17,USD,CFTC Soybeans Non-Commercial Net Positions,MARKET,LOW,Y,201.7,0.0,208.5,MT5 economic calendar (broker time UTC+3)
2026-04-17 22:30,2026-04-17,USD,CFTC Wheat Non-Commercial Net Positions,MARKET,LOW,Y,-18.4,0.0,-18.7,MT5 economic calendar (broker time UTC+3)
2026-04-17 22:30,2026-04-17,ZAR,CFTC ZAR Non-Commercial Net Positions,MARKET,LOW,Y,6.4,0.0,7.2,MT5 economic calendar (broker time UTC+3)
2026-04-20 01:45,2026-04-20,NZD,Exports,TRADE,LOW,Y,7.944,0.0,6.633,MT5 economic calendar (broker time UTC+3)
2026-04-20 01:45,2026-04-20,NZD,Imports,TRADE,LOW,Y,7.246,0.0,6.891,MT5 economic calendar (broker time UTC+3)
2026-04-20 01:45,2026-04-20,NZD,Trade Balance,TRADE,LOW,Y,0.698,0.972,-0.257,MT5 economic calendar (broker time UTC+3)
2026-04-20 01:45,2026-04-20,NZD,Trade Balance 12-Months,TRADE,MODERATE,Y,-3.191,-3.791,-2.998,MT5 economic calendar (broker time UTC+3)
2026-04-20 06:00,2026-04-20,NZD,RBNZ Non-Resident Debt Holdings,GOVERNMENT,LOW,Y,56.7,57.0,57.2,MT5 economic calendar (broker time UTC+3)
2026-04-20 07:30,2026-04-20,JPY,Tertiary Industry Activity Index m/m,BUSINESS,MODERATE,Y,-0.4,0.8,1.7,MT5 economic calendar (broker time UTC+3)
2026-04-20 09:00,2026-04-20,EUR,PPI m/m,PRICES,MODERATE,Y,2.5,0.0,-0.5,MT5 economic calendar (broker time UTC+3)
2026-04-20 09:00,2026-04-20,EUR,PPI y/y,PRICES,LOW,Y,-0.2,-3.7,-3.3,MT5 economic calendar (broker time UTC+3)
2026-04-20 12:00,2026-04-20,EUR,Construction Output m/m,BUSINESS,LOW,Y,-0.2,0.0,-0.1,MT5 economic calendar (broker time UTC+3)
2026-04-20 12:00,2026-04-20,EUR,Construction Output y/y,BUSINESS,LOW,Y,-1.9,-0.6,-1.9,MT5 economic calendar (broker time UTC+3)
2026-04-20 13:00,2026-04-20,EUR,Bbk Monthly Report,MONEY,LOW,Y,0.0,0.0,0.0,MT5 economic calendar (broker time UTC+3)
2026-04-20 14:30,2026-04-20,BRL,BCB Focus Market Report,MONEY,MODERATE,Y,0.0,0.0,0.0,MT5 economic calendar (broker time UTC+3)
2026-04-20 15:30,2026-04-20,CAD,CPI m/m,PRICES,MODERATE,Y,0.9,0.5,0.5,MT5 economic calendar (broker time UTC+3)
2026-04-20 15:30,2026-04-20,CAD,CPI y/y,PRICES,LOW,Y,2.4,2.1,1.8,MT5 economic calendar (broker time UTC+3)
2026-04-20 15:30,2026-04-20,CAD,Common CPI y/y,PRICES,LOW,Y,2.6,2.6,2.4,MT5 economic calendar (broker time UTC+3)
2026-04-20 15:30,2026-04-20,CAD,Core CPI m/m,PRICES,MODERATE,Y,0.2,0.2,0.4,MT5 economic calendar (broker time UTC+3)
2026-04-20 15:30,2026-04-20,CAD,Core CPI y/y,PRICES,MODERATE,Y,2.5,2.7,2.3,MT5 economic calendar (broker time UTC+3)
2026-04-20 15:30,2026-04-20,CAD,Median CPI y/y,PRICES,LOW,Y,2.3,2.1,2.3,MT5 economic calendar (broker time UTC+3)
2026-04-20 15:30,2026-04-20,CAD,Trimmed CPI y/y,PRICES,LOW,Y,2.2,2.1,2.3,MT5 economic calendar (broker time UTC+3)
2026-04-20 15:56,2026-04-20,EUR,12-Month BTF Auction,MARKET,LOW,Y,2.476,0.0,2.634,MT5 economic calendar (broker time UTC+3)
2026-04-20 15:56,2026-04-20,EUR,3-Month BTF Auction,MARKET,LOW,Y,2.159,0.0,2.248,MT5 economic calendar (broker time UTC+3)
2026-04-20 15:56,2026-04-20,EUR,6-Month BTF Auction,MARKET,LOW,Y,2.319,0.0,2.448,MT5 economic calendar (broker time UTC+3)
2026-04-20 18:30,2026-04-20,CAD,BoC Business Outlook Survey,MONEY,MODERATE,Y,0.0,0.0,0.0,MT5 economic calendar (broker time UTC+3)
2026-04-20 18:30,2026-04-20,USD,3-Month Bill Auction,MARKET,LOW,Y,3.61,0.0,3.62,MT5 economic calendar (broker time UTC+3)
2026-04-20 18:30,2026-04-20,USD,6-Month Bill Auction,MARKET,LOW,Y,3.59,0.0,3.61,MT5 economic calendar (broker time UTC+3)
2026-04-20 19:40,2026-04-20,EUR,ECB President Lagarde Speech,MONEY,HIGH,Y,0.0,0.0,0.0,MT5 economic calendar (broker time UTC+3)
2026-04-21 00:00,2026-04-21,BRL,Tiradentes Day,HOLIDAYS,NONE,Y,0.0,0.0,0.0,MT5 economic calendar (broker time UTC+3)
2026-04-21 01:00,2026-04-21,EUR,Trade Balance,TRADE,LOW,Y,-3.296,-5.074,-4.01,MT5 economic calendar (broker time UTC+3)
2026-04-21 01:45,2026-04-21,NZD,CPI q/q,PRICES,MODERATE,Y,0.9,0.9,0.6,MT5 economic calendar (broker time UTC+3)
2026-04-21 01:45,2026-04-21,NZD,CPI y/y,PRICES,MODERATE,Y,3.1,3.2,3.1,MT5 economic calendar (broker time UTC+3)
2026-04-21 09:00,2026-04-21,CHF,Exports,TRADE,LOW,Y,24.458,0.0,21.584,MT5 economic calendar (broker time UTC+3)
2026-04-21 09:00,2026-04-21,CHF,Imports,TRADE,LOW,Y,21.282,0.0,17.38,MT5 economic calendar (broker time UTC+3)
2026-04-21 09:00,2026-04-21,CHF,Trade Balance,TRADE,LOW,Y,0.0,4.142,4.204,MT5 economic calendar (broker time UTC+3)
2026-04-21 09:00,2026-04-21,GBP,"Average Weekly Earnings, Regular Pay y/y",JOBS,LOW,Y,3.6,0.0,3.8,MT5 economic calendar (broker time UTC+3)
2026-04-21 09:00,2026-04-21,GBP,"Average Weekly Earnings, Total Pay y/y",JOBS,MODERATE,Y,3.8,0.0,3.9,MT5 economic calendar (broker time UTC+3)
2026-04-21 09:00,2026-04-21,GBP,Claimant Count Change,JOBS,MODERATE,Y,26.8,0.0,24.7,MT5 economic calendar (broker time UTC+3)
2026-04-21 09:00,2026-04-21,GBP,Employment Change 3-months,JOBS,MODERATE,Y,25.0,0.0,84.0,MT5 economic calendar (broker time UTC+3)
2026-04-21 09:00,2026-04-21,GBP,Unemployment Rate,JOBS,MODERATE,Y,4.9,0.0,5.2,MT5 economic calendar (broker time UTC+3)
2026-04-21 10:00,2026-04-21,EUR,ECB Vice President de Guindos Speech,MONEY,MODERATE,Y,0.0,0.0,0.0,MT5 economic calendar (broker time UTC+3)
2026-04-21 12:30,2026-04-21,EUR,2-Year Note Auction,MARKET,LOW,Y,2.47,0.0,2.62,MT5 economic calendar (broker time UTC+3)
2026-04-21 13:00,2026-04-21,EUR,Bbk Monthly Report,MONEY,LOW,Y,0.0,0.0,0.0,MT5 economic calendar (broker time UTC+3)
2026-04-21 15:30,2026-04-21,USD,Core Retail Sales m/m,CONSUMER,HIGH,Y,1.9,0.4,0.5,MT5 economic calendar (broker time UTC+3)
2026-04-21 15:30,2026-04-21,USD,Retail Control m/m,CONSUMER,MODERATE,Y,0.7,0.5,0.5,MT5 economic calendar (broker time UTC+3)
2026-04-21 15:30,2026-04-21,USD,Retail Sales excl. Autos and Gas m/m,CONSUMER,LOW,Y,0.6,0.3,0.4,MT5 economic calendar (broker time UTC+3)
2026-04-21 15:30,2026-04-21,USD,Retail Sales m/m,CONSUMER,HIGH,Y,1.7,0.6,0.6,MT5 economic calendar (broker time UTC+3)
2026-04-21 15:30,2026-04-21,USD,Retail Sales y/y,CONSUMER,LOW,Y,4.0,3.0,3.7,MT5 economic calendar (broker time UTC+3)
2026-04-21 17:00,2026-04-21,USD,Business Inventories m/m,BUSINESS,MODERATE,Y,0.4,0.1,-0.1,MT5 economic calendar (broker time UTC+3)
2026-04-21 17:00,2026-04-21,USD,Pending Home Sales Index,HOUSING,LOW,Y,73.7,0.0,72.1,MT5 economic calendar (broker time UTC+3)
2026-04-21 17:00,2026-04-21,USD,Pending Home Sales m/m,HOUSING,MODERATE,Y,1.5,3.1,1.8,MT5 economic calendar (broker time UTC+3)
2026-04-21 17:00,2026-04-21,USD,Pending Home Sales y/y,HOUSING,LOW,Y,-1.1,-0.4,-0.8,MT5 economic calendar (broker time UTC+3)
2026-04-21 17:00,2026-04-21,USD,Retail Inventories excl. Autos m/m,CONSUMER,MODERATE,Y,0.3,0.0,0.3,MT5 economic calendar (broker time UTC+3)
2026-04-21 17:00,2026-04-21,USD,Retail Inventories m/m,CONSUMER,MODERATE,Y,0.2,0.1,0.3,MT5 economic calendar (broker time UTC+3)
2026-04-21 18:28,2026-04-21,NZD,GDT Price Index,PRICES,LOW,Y,-2.7,2.9,-3.4,MT5 economic calendar (broker time UTC+3)
2026-04-21 19:00,2026-04-21,ZAR,SARB Monetary Policy Review,MONEY,MODERATE,Y,0.0,0.0,0.0,MT5 economic calendar (broker time UTC+3)
2026-04-21 21:30,2026-04-21,USD,Fed Governor Waller Speech,MONEY,MODERATE,Y,0.0,0.0,0.0,MT5 economic calendar (broker time UTC+3)
2026-04-22 00:00,2026-04-22,KRW,PPI m/m,PRICES,LOW,Y,1.6,0.1,0.6,MT5 economic calendar (broker time UTC+3)
2026-04-22 00:00,2026-04-22,KRW,PPI y/y,PRICES,LOW,Y,4.1,2.2,2.4,MT5 economic calendar (broker time UTC+3)
2026-04-22 02:50,2026-04-22,JPY,Adjusted Trade Balance,TRADE,MODERATE,Y,90.7,-103.7,-374.2,MT5 economic calendar (broker time UTC+3)
2026-04-22 02:50,2026-04-22,JPY,Exports y/y,TRADE,MODERATE,Y,11.7,1.8,4.2,MT5 economic calendar (broker time UTC+3)
2026-04-22 02:50,2026-04-22,JPY,Imports y/y,TRADE,LOW,Y,10.9,0.7,10.2,MT5 economic calendar (broker time UTC+3)
2026-04-22 02:50,2026-04-22,JPY,Trade Balance,TRADE,MODERATE,Y,667.0,167.2,57.3,MT5 economic calendar (broker time UTC+3)
2026-04-22 09:00,2026-04-22,GBP,CPI,PRICES,LOW,Y,141.0,0.0,140.1,MT5 economic calendar (broker time UTC+3)
2026-04-22 09:00,2026-04-22,GBP,CPI m/m,PRICES,MODERATE,Y,0.7,0.0,0.4,MT5 economic calendar (broker time UTC+3)
2026-04-22 09:00,2026-04-22,GBP,CPI y/y,PRICES,HIGH,Y,3.3,0.0,3.0,MT5 economic calendar (broker time UTC+3)
2026-04-22 09:00,2026-04-22,GBP,CPIH,PRICES,LOW,Y,140.8,0.0,140.0,MT5 economic calendar (broker time UTC+3)
2026-04-22 09:00,2026-04-22,GBP,CPIH m/m,PRICES,MODERATE,Y,0.6,0.0,0.4,MT5 economic calendar (broker time UTC+3)
2026-04-22 09:00,2026-04-22,GBP,CPIH y/y,PRICES,MODERATE,Y,3.4,0.0,3.2,MT5 economic calendar (broker time UTC+3)
2026-04-22 09:00,2026-04-22,GBP,Core CPI m/m,PRICES,LOW,Y,0.4,0.0,0.6,MT5 economic calendar (broker time UTC+3)
2026-04-22 09:00,2026-04-22,GBP,Core CPI y/y,PRICES,LOW,Y,3.1,0.0,3.2,MT5 economic calendar (broker time UTC+3)
2026-04-22 09:00,2026-04-22,GBP,Core PPI Output m/m,PRICES,LOW,Y,0.2,0.0,-0.8,MT5 economic calendar (broker time UTC+3)
2026-04-22 09:00,2026-04-22,GBP,Core PPI Output y/y,PRICES,LOW,Y,2.0,0.0,1.9,MT5 economic calendar (broker time UTC+3)
2026-04-22 09:00,2026-04-22,GBP,Core RPI m/m,PRICES,LOW,Y,0.8,0.0,0.4,MT5 economic calendar (broker time UTC+3)
2026-04-22 09:00,2026-04-22,GBP,Core RPI y/y,PRICES,LOW,Y,4.0,0.0,3.5,MT5 economic calendar (broker time UTC+3)
2026-04-22 09:00,2026-04-22,GBP,PPI Input m/m,PRICES,MODERATE,Y,4.4,0.0,0.8,MT5 economic calendar (broker time UTC+3)
2026-04-22 09:00,2026-04-22,GBP,PPI Input y/y,PRICES,LOW,Y,5.4,0.0,0.5,MT5 economic calendar (broker time UTC+3)
2026-04-22 09:00,2026-04-22,GBP,PPI Output m/m,PRICES,LOW,Y,0.9,0.0,-0.5,MT5 economic calendar (broker time UTC+3)
2026-04-22 09:00,2026-04-22,GBP,PPI Output y/y,PRICES,LOW,Y,2.6,0.0,1.7,MT5 economic calendar (broker time UTC+3)
2026-04-22 09:00,2026-04-22,GBP,RPI m/m,PRICES,LOW,Y,0.8,0.0,0.4,MT5 economic calendar (broker time UTC+3)
2026-04-22 09:00,2026-04-22,GBP,RPI y/y,PRICES,LOW,Y,4.1,0.0,3.6,MT5 economic calendar (broker time UTC+3)
2026-04-22 09:00,2026-04-22,SEK,Unemployment Rate,JOBS,LOW,Y,9.7,9.1,8.8,MT5 economic calendar (broker time UTC+3)
2026-04-22 10:00,2026-04-22,EUR,ECB Executive Board Member Elderson Speech,MONEY,MODERATE,Y,0.0,0.0,0.0,MT5 economic calendar (broker time UTC+3)
2026-04-22 10:40,2026-04-22,EUR,ECB Executive Board Member Lane Speech,MONEY,MODERATE,Y,0.0,0.0,0.0,MT5 economic calendar (broker time UTC+3)
2026-04-22 11:00,2026-04-22,ZAR,CPI m/m,PRICES,LOW,Y,0.6,0.0,0.4,MT5 economic calendar (broker time UTC+3)
2026-04-22 11:00,2026-04-22,ZAR,CPI y/y,PRICES,LOW,Y,3.1,3.0,3.0,MT5 economic calendar (broker time UTC+3)
2026-04-22 11:00,2026-04-22,ZAR,Core CPI m/m,PRICES,LOW,Y,0.8,0.5,0.7,MT5 economic calendar (broker time UTC+3)
2026-04-22 11:00,2026-04-22,ZAR,Core CPI y/y,PRICES,LOW,Y,3.2,3.1,3.0,MT5 economic calendar (broker time UTC+3)
2026-04-22 11:30,2026-04-22,GBP,HPI y/y,HOUSING,LOW,Y,1.2,1.3,1.3,MT5 economic calendar (broker time UTC+3)
2026-04-22 13:00,2026-04-22,EUR,Bbk Monthly Report,MONEY,LOW,Y,0.0,0.0,0.0,MT5 economic calendar (broker time UTC+3)
2026-04-22 14:00,2026-04-22,ZAR,Retail Sales m/m,CONSUMER,LOW,Y,-1.0,-0.1,0.9,MT5 economic calendar (broker time UTC+3)
2026-04-22 14:00,2026-04-22,ZAR,Retail Sales y/y,CONSUMER,LOW,Y,1.6,3.3,4.2,MT5 economic calendar (broker time UTC+3)
2026-04-22 14:30,2026-04-22,INR,RBI MPC Meeting Minutes,MONEY,MODERATE,Y,0.0,0.0,0.0,MT5 economic calendar (broker time UTC+3)
2026-04-22 15:15,2026-04-22,EUR,ECB Executive Board Member Lane Speech,MONEY,MODERATE,Y,0.0,0.0,0.0,MT5 economic calendar (broker time UTC+3)
2026-04-22 15:30,2026-04-22,CAD,New Housing Price Index m/m,HOUSING,MODERATE,Y,-0.2,0.0,0.3,MT5 economic calendar (broker time UTC+3)
2026-04-22 17:00,2026-04-22,EUR,Consumer Confidence Index,CONSUMER,LOW,Y,-20.6,-17.2,-16.3,MT5 economic calendar (broker time UTC+3)
2026-04-22 17:30,2026-04-22,USD,EIA Crude Oil Imports Change,BUSINESS,LOW,Y,1.214,-0.713,-2.109,MT5 economic calendar (broker time UTC+3)
2026-04-22 17:30,2026-04-22,USD,EIA Crude Oil Stocks Change,BUSINESS,HIGH,Y,1.925,0.705,-0.913,MT5 economic calendar (broker time UTC+3)
2026-04-22 17:30,2026-04-22,USD,EIA Cushing Crude Oil Stocks Change,BUSINESS,MODERATE,Y,0.806,0.076,-1.727,MT5 economic calendar (broker time UTC+3)
2026-04-22 17:30,2026-04-22,USD,EIA Distillate Fuel Production Change,BUSINESS,LOW,Y,0.087,0.013,-0.169,MT5 economic calendar (broker time UTC+3)
2026-04-22 17:30,2026-04-22,USD,EIA Distillates Stocks Change,BUSINESS,LOW,Y,-3.427,1.674,-3.122,MT5 economic calendar (broker time UTC+3)
2026-04-22 17:30,2026-04-22,USD,EIA Gasoline Production Change,BUSINESS,LOW,Y,0.315,0.208,0.392,MT5 economic calendar (broker time UTC+3)
2026-04-22 17:30,2026-04-22,USD,EIA Gasoline Stocks Change,BUSINESS,LOW,Y,-4.57,-2.965,-6.328,MT5 economic calendar (broker time UTC+3)
2026-04-22 17:30,2026-04-22,USD,EIA Heating Oil Stocks Change,BUSINESS,LOW,Y,-0.328,-0.072,-0.463,MT5 economic calendar (broker time UTC+3)
2026-04-22 17:30,2026-04-22,USD,EIA Refinery Crude Oil Daily Inputs Change,BUSINESS,LOW,Y,-0.055,0.0,-0.208,MT5 economic calendar (broker time UTC+3)
2026-04-22 17:30,2026-04-22,USD,EIA Refinery Utilization Rate Change,BUSINESS,LOW,Y,-0.5,0.0,-2.4,MT5 economic calendar (broker time UTC+3)
2026-04-22 18:30,2026-04-22,EUR,Bbk Executive Board Member Balz Speech,MONEY,MODERATE,Y,0.0,0.0,0.0,MT5 economic calendar (broker time UTC+3)
2026-04-22 20:00,2026-04-22,USD,20-Year Bond Auction,MARKET,MODERATE,Y,4.883,0.0,4.817,MT5 economic calendar (broker time UTC+3)
2026-04-22 20:30,2026-04-22,BRL,Foreign Exchange Flows,MONEY,LOW,Y,-2.45,1.329,-1.303,MT5 economic calendar (broker time UTC+3)
2026-04-22 20:30,2026-04-22,EUR,ECB President Lagarde Speech,MONEY,HIGH,Y,0.0,0.0,0.0,MT5 economic calendar (broker time UTC+3)
2026-04-23 00:00,2026-04-23,BRL,BCB National Monetary Council Meeting,MONEY,MODERATE,Y,0.0,0.0,0.0,MT5 economic calendar (broker time UTC+3)
2026-04-23 00:00,2026-04-23,KRW,Consumer Confidence,CONSUMER,LOW,Y,99.2,98.8,107.0,MT5 economic calendar (broker time UTC+3)
2026-04-23 02:00,2026-04-23,KRW,GDP q/q,GDP,LOW,Y,1.7,-1.1,-0.3,MT5 economic calendar (broker time UTC+3)
2026-04-23 02:00,2026-04-23,KRW,GDP y/y,GDP,LOW,Y,3.6,2.0,1.5,MT5 economic calendar (broker time UTC+3)
2026-04-23 02:50,2026-04-23,JPY,Foreign Bond Investment,GOVERNMENT,LOW,Y,-12.8,0.0,696.2,MT5 economic calendar (broker time UTC+3)
2026-04-23 02:50,2026-04-23,JPY,Foreign Investment in Japan Stocks,GOVERNMENT,LOW,Y,2380.9,0.0,3943.3,MT5 economic calendar (broker time UTC+3)
2026-04-23 06:00,2026-04-23,NZD,RBNZ Credit Card Spending y/y,CONSUMER,LOW,Y,2.1,-0.4,-1.1,MT5 economic calendar (broker time UTC+3)
2026-04-23 08:00,2026-04-23,SGD,CPI y/y,PRICES,MODERATE,Y,1.8,0.0,1.2,MT5 economic calendar (broker time UTC+3)
2026-04-23 09:00,2026-04-23,NOK,Industrial Confidence,BUSINESS,LOW,Y,1.2,0.3,2.6,MT5 economic calendar (broker time UTC+3)
2026-04-23 09:00,2026-04-23,NOK,Unemployment Rate,JOBS,LOW,Y,4.9,4.9,4.9,MT5 economic calendar (broker time UTC+3)
2026-04-23 09:45,2026-04-23,EUR,Business Climate,BUSINESS,LOW,Y,100.0,100.0,99.0,MT5 economic calendar (broker time UTC+3)
2026-04-23 10:00,2026-04-23,EUR,ECB Non-monetary Policy Meeting,MONEY,MODERATE,Y,0.0,0.0,0.0,MT5 economic calendar (broker time UTC+3)
2026-04-23 10:00,2026-04-23,GBP,Public Sector Net Cash Requirement,GOVERNMENT,LOW,Y,28.519,0.0,7.61,MT5 economic calendar (broker time UTC+3)
2026-04-23 10:15,2026-04-23,EUR,S&P Global Composite PMI,BUSINESS,LOW,Y,47.6,47.4,48.8,MT5 economic calendar (broker time UTC+3)
2026-04-23 10:15,2026-04-23,EUR,S&P Global Manufacturing PMI,BUSINESS,MODERATE,Y,52.8,48.8,50.0,MT5 economic calendar (broker time UTC+3)
2026-04-23 10:15,2026-04-23,EUR,S&P Global Services PMI,BUSINESS,MODERATE,Y,46.5,48.1,48.8,MT5 economic calendar (broker time UTC+3)
2026-04-23 10:30,2026-04-23,EUR,S&P Global Composite PMI,BUSINESS,LOW,Y,48.3,51.9,51.9,MT5 economic calendar (broker time UTC+3)
2026-04-23 10:30,2026-04-23,EUR,S&P Global Manufacturing PMI,BUSINESS,MODERATE,Y,51.2,50.9,52.2,MT5 economic calendar (broker time UTC+3)
2026-04-23 10:30,2026-04-23,EUR,S&P Global Services PMI,BUSINESS,MODERATE,Y,46.9,51.0,50.9,MT5 economic calendar (broker time UTC+3)
2026-04-23 11:00,2026-04-23,EUR,S&P Global Composite PMI,BUSINESS,MODERATE,Y,48.6,50.2,50.7,MT5 economic calendar (broker time UTC+3)
2026-04-23 11:00,2026-04-23,EUR,S&P Global Manufacturing PMI,BUSINESS,MODERATE,Y,52.2,50.6,51.6,MT5 economic calendar (broker time UTC+3)
2026-04-23 11:00,2026-04-23,EUR,S&P Global Services PMI,BUSINESS,MODERATE,Y,47.4,50.1,50.2,MT5 economic calendar (broker time UTC+3)
2026-04-23 11:30,2026-04-23,GBP,S&P Global/CIPS Composite PMI,BUSINESS,MODERATE,Y,52.0,0.0,50.3,MT5 economic calendar (broker time UTC+3)
2026-04-23 11:30,2026-04-23,GBP,S&P Global/CIPS Manufacturing PMI,BUSINESS,MODERATE,Y,53.6,50.4,51.0,MT5 economic calendar (broker time UTC+3)
2026-04-23 11:30,2026-04-23,GBP,S&P Global/CIPS Services PMI,BUSINESS,MODERATE,Y,52.0,52.2,50.5,MT5 economic calendar (broker time UTC+3)
2026-04-23 11:30,2026-04-23,HKD,CPI y/y,PRICES,LOW,Y,1.7,1.5,1.7,MT5 economic calendar (broker time UTC+3)
2026-04-23 11:30,2026-04-23,HKD,Unemployment Rate 3-Months,JOBS,LOW,Y,3.7,3.8,3.8,MT5 economic calendar (broker time UTC+3)
2026-04-23 15:00,2026-04-23,MXN,First Half-Month CPI m/m,PRICES,LOW,Y,0.11,0.36,0.62,MT5 economic calendar (broker time UTC+3)
2026-04-23 15:00,2026-04-23,MXN,First Half-Month Core CPI m/m,PRICES,LOW,Y,0.18,0.37,0.22,MT5 economic calendar (broker time UTC+3)
2026-04-23 15:00,2026-04-23,MXN,Retail Sales m/m,CONSUMER,LOW,Y,-0.9,0.0,1.0,MT5 economic calendar (broker time UTC+3)
2026-04-23 15:00,2026-04-23,MXN,Retail Sales n.s.a. y/y,CONSUMER,LOW,Y,3.1,0.0,5.0,MT5 economic calendar (broker time UTC+3)
2026-04-23 15:30,2026-04-23,CAD,IPPI m/m,PRICES,LOW,Y,2.4,1.3,0.4,MT5 economic calendar (broker time UTC+3)
2026-04-23 15:30,2026-04-23,CAD,IPPI y/y,PRICES,LOW,Y,7.8,6.6,5.4,MT5 economic calendar (broker time UTC+3)
2026-04-23 15:30,2026-04-23,CAD,RMPI m/m,PRICES,MODERATE,Y,12.0,0.1,0.6,MT5 economic calendar (broker time UTC+3)
2026-04-23 15:30,2026-04-23,CAD,RMPI y/y,PRICES,LOW,Y,23.6,9.8,8.6,MT5 economic calendar (broker time UTC+3)
2026-04-23 15:30,2026-04-23,USD,Chicago Fed National Activity Index,BUSINESS,LOW,Y,-0.2,0.1,-0.11,MT5 economic calendar (broker time UTC+3)
2026-04-23 15:30,2026-04-23,USD,Continuing Jobless Claims,JOBS,MODERATE,Y,1.821,1.814,1.818,MT5 economic calendar (broker time UTC+3)
2026-04-23 15:30,2026-04-23,USD,Initial Jobless Claims,JOBS,HIGH,Y,214.0,211.0,207.0,MT5 economic calendar (broker time UTC+3)
2026-04-23 15:30,2026-04-23,USD,Initial Jobless Claims 4-Week Average,JOBS,LOW,Y,210.75,211.629,209.75,MT5 economic calendar (broker time UTC+3)
2026-04-23 15:30,2026-04-23,ZAR,Building Permits m/m,BUSINESS,LOW,Y,-3.7,-2.1,10.3,MT5 economic calendar (broker time UTC+3)
2026-04-23 15:30,2026-04-23,ZAR,Building Permits y/y,BUSINESS,LOW,Y,-11.0,-3.3,0.2,MT5 economic calendar (broker time UTC+3)
2026-04-23 17:30,2026-04-23,USD,EIA Natural Gas Storage Change,BUSINESS,LOW,Y,103.0,92.0,59.0,MT5 economic calendar (broker time UTC+3)
2026-04-23 18:00,2026-04-23,USD,Kansas City Fed Manufacturing Composite Index,BUSINESS,LOW,Y,10.0,12.0,11.0,MT5 economic calendar (broker time UTC+3)
2026-04-23 18:00,2026-04-23,USD,Kansas City Fed Manufacturing Production,BUSINESS,LOW,Y,19.0,1.0,11.0,MT5 economic calendar (broker time UTC+3)
2026-04-23 18:30,2026-04-23,USD,4-Week Bill Auction,MARKET,LOW,Y,3.595,0.0,3.595,MT5 economic calendar (broker time UTC+3)
2026-04-23 18:30,2026-04-23,USD,8-Week Bill Auction,MARKET,LOW,Y,3.605,0.0,3.615,MT5 economic calendar (broker time UTC+3)
2026-04-23 20:00,2026-04-23,USD,5-Year TIPS Auction,MARKET,MODERATE,Y,1.367,0.0,1.433,MT5 economic calendar (broker time UTC+3)
2026-04-24 02:01,2026-04-24,GBP,GfK Consumer Confidence,CONSUMER,LOW,Y,-25.0,-19.0,-21.0,MT5 economic calendar (broker time UTC+3)
2026-04-24 02:30,2026-04-24,JPY,CPI excl. Food and Energy y/y,PRICES,MODERATE,Y,2.4,2.4,2.5,MT5 economic calendar (broker time UTC+3)
2026-04-24 02:30,2026-04-24,JPY,CPI s.a. m/m,PRICES,LOW,Y,0.4,0.0,-0.2,MT5 economic calendar (broker time UTC+3)
2026-04-24 02:30,2026-04-24,JPY,CPI y/y,PRICES,LOW,Y,1.5,1.4,1.3,MT5 economic calendar (broker time UTC+3)
2026-04-24 02:30,2026-04-24,JPY,Core CPI y/y,PRICES,MODERATE,Y,1.8,1.3,1.6,MT5 economic calendar (broker time UTC+3)
2026-04-24 02:50,2026-04-24,JPY,BoJ Corporate Services Price Index y/y,PRICES,LOW,Y,3.1,2.5,2.7,MT5 economic calendar (broker time UTC+3)
2026-04-24 03:30,2026-04-24,SGD,URA Property Price Index q/q,HOUSING,LOW,Y,0.9,0.3,0.3,MT5 economic calendar (broker time UTC+3)
2026-04-24 09:00,2026-04-24,SEK,PPI m/m,PRICES,LOW,Y,0.6,-0.6,0.2,MT5 economic calendar (broker time UTC+3)
2026-04-24 09:00,2026-04-24,SEK,PPI y/y,PRICES,LOW,Y,2.0,0.2,-1.7,MT5 economic calendar (broker time UTC+3)
2026-04-24 09:45,2026-04-24,EUR,Consumer Confidence Index,CONSUMER,LOW,Y,84.0,92.0,89.0,MT5 economic calendar (broker time UTC+3)
2026-04-24 10:00,2026-04-24,EUR,PPI y/y,PRICES,LOW,Y,3.4,-6.7,-7.0,MT5 economic calendar (broker time UTC+3)
2026-04-24 10:00,2026-04-24,GBP,Core Retail Sales m/m,CONSUMER,MODERATE,Y,0.2,0.0,-0.4,MT5 economic calendar (broker time UTC+3)
2026-04-24 10:00,2026-04-24,GBP,Core Retail Sales y/y,CONSUMER,MODERATE,Y,1.7,0.0,3.4,MT5 economic calendar (broker time UTC+3)
2026-04-24 10:00,2026-04-24,GBP,Retail Sales m/m,CONSUMER,MODERATE,Y,0.7,0.0,-0.4,MT5 economic calendar (broker time UTC+3)
2026-04-24 10:00,2026-04-24,GBP,Retail Sales y/y,CONSUMER,MODERATE,Y,1.7,0.0,2.5,MT5 economic calendar (broker time UTC+3)
2026-04-24 11:00,2026-04-24,CHF,SNB Vice Chairman Schlegel Speech,MONEY,MODERATE,Y,0.0,0.0,0.0,MT5 economic calendar (broker time UTC+3)
2026-04-24 11:00,2026-04-24,EUR,Ifo Business Climate,BUSINESS,MODERATE,Y,84.4,0.0,86.4,MT5 economic calendar (broker time UTC+3)
2026-04-24 11:00,2026-04-24,EUR,Ifo Business Expectations,BUSINESS,MODERATE,Y,83.3,0.0,86.0,MT5 economic calendar (broker time UTC+3)
2026-04-24 11:00,2026-04-24,EUR,Ifo Current Business Situation,BUSINESS,MODERATE,Y,85.4,0.0,86.7,MT5 economic calendar (broker time UTC+3)
2026-04-24 12:04,2026-04-24,CNY,Foreign Direct Investment YTD y/y,MONEY,LOW,Y,-7.3,-8.5,-5.7,MT5 economic calendar (broker time UTC+3)
2026-04-24 12:51,2026-04-24,EUR,2-Year CTZ Auction,MARKET,LOW,Y,2.8,0.0,2.89,MT5 economic calendar (broker time UTC+3)
2026-04-24 13:30,2026-04-24,INR,RBI M3 Money Supply y/y,MONEY,LOW,Y,11.9,0.0,13.0,MT5 economic calendar (broker time UTC+3)
2026-04-24 14:00,2026-04-24,BRL,FGV Consumer Confidence,CONSUMER,LOW,Y,89.1,85.4,88.1,MT5 economic calendar (broker time UTC+3)
2026-04-24 14:30,2026-04-24,BRL,Current Account,TRADE,LOW,Y,-6.036,-9.686,-5.614,MT5 economic calendar (broker time UTC+3)
2026-04-24 14:30,2026-04-24,BRL,Foreign Direct Investment,MONEY,LOW,Y,6.037,5.739,6.754,MT5 economic calendar (broker time UTC+3)
2026-04-24 14:30,2026-04-24,INR,Foreign Exchange Reserves,MONEY,LOW,Y,703.308,708.849,700.946,MT5 economic calendar (broker time UTC+3)
2026-04-24 15:00,2026-04-24,MXN,Economic Activity m/m,BUSINESS,LOW,Y,0.1,0.1,-0.9,MT5 economic calendar (broker time UTC+3)
2026-04-24 15:00,2026-04-24,MXN,Economic Activity n.s.a. y/y,BUSINESS,LOW,Y,-0.3,-0.1,-0.3,MT5 economic calendar (broker time UTC+3)
2026-04-24 15:00,2026-04-24,MXN,Unemployment Rate,JOBS,LOW,Y,2.4,0.0,2.6,MT5 economic calendar (broker time UTC+3)
2026-04-24 15:00,2026-04-24,MXN,Unemployment Rate n.s.a.,JOBS,LOW,Y,2.8,0.0,2.7,MT5 economic calendar (broker time UTC+3)
2026-04-24 15:30,2026-04-24,CAD,Core Retail Sales m/m,CONSUMER,MODERATE,Y,0.5,0.2,0.8,MT5 economic calendar (broker time UTC+3)
2026-04-24 15:30,2026-04-24,CAD,Retail Sales m/m,CONSUMER,MODERATE,Y,0.7,0.3,1.1,MT5 economic calendar (broker time UTC+3)
2026-04-24 17:00,2026-04-24,USD,Michigan 5-Year Inflation Expectations,PRICES,MODERATE,Y,3.5,3.4,3.4,MT5 economic calendar (broker time UTC+3)
2026-04-24 17:00,2026-04-24,USD,Michigan Consumer Expectations,CONSUMER,MODERATE,Y,48.1,46.1,46.1,MT5 economic calendar (broker time UTC+3)
2026-04-24 17:00,2026-04-24,USD,Michigan Consumer Sentiment,CONSUMER,MODERATE,Y,49.8,47.6,47.6,MT5 economic calendar (broker time UTC+3)
2026-04-24 17:00,2026-04-24,USD,Michigan Current Conditions,CONSUMER,LOW,Y,52.5,50.1,50.1,MT5 economic calendar (broker time UTC+3)
2026-04-24 17:00,2026-04-24,USD,Michigan Inflation Expectations,PRICES,MODERATE,Y,4.7,4.8,4.8,MT5 economic calendar (broker time UTC+3)
2026-04-24 18:00,2026-04-24,CAD,Budget Balance,GOVERNMENT,LOW,Y,5.659,0.0,-5.068,MT5 economic calendar (broker time UTC+3)
2026-04-24 18:00,2026-04-24,CAD,"Budget Balance, Fiscal Year",GOVERNMENT,LOW,Y,-25.549,0.0,-31.209,MT5 economic calendar (broker time UTC+3)
2026-04-24 20:00,2026-04-24,USD,Baker Hughes US Oil Rig Count,BUSINESS,MODERATE,Y,407.0,0.0,410.0,MT5 economic calendar (broker time UTC+3)
2026-04-24 20:00,2026-04-24,USD,Baker Hughes US Total Rig Count,BUSINESS,MODERATE,Y,544.0,0.0,543.0,MT5 economic calendar (broker time UTC+3)
2026-04-24 22:30,2026-04-24,AUD,CFTC AUD Non-Commercial Net Positions,MARKET,MODERATE,Y,64.8,0.0,65.1,MT5 economic calendar (broker time UTC+3)
2026-04-24 22:30,2026-04-24,BRL,CFTC BRL Non-Commercial Net Positions,MARKET,MODERATE,Y,43.5,0.0,40.0,MT5 economic calendar (broker time UTC+3)
2026-04-24 22:30,2026-04-24,CAD,CFTC CAD Non-Commercial Net Positions,MARKET,LOW,Y,-58.8,0.0,-78.3,MT5 economic calendar (broker time UTC+3)
2026-04-24 22:30,2026-04-24,CHF,CFTC CHF Non-Commercial Net Positions,MARKET,LOW,Y,-33.3,0.0,-34.1,MT5 economic calendar (broker time UTC+3)
2026-04-24 22:30,2026-04-24,EUR,CFTC EUR Non-Commercial Net Positions,MARKET,MODERATE,Y,41.3,0.0,26.0,MT5 economic calendar (broker time UTC+3)
2026-04-24 22:30,2026-04-24,GBP,CFTC GBP Non-Commercial Net Positions,MARKET,MODERATE,Y,-52.0,0.0,-54.7,MT5 economic calendar (broker time UTC+3)
2026-04-24 22:30,2026-04-24,JPY,CFTC JPY Non-Commercial Net Positions,MARKET,MODERATE,Y,-94.5,0.0,-83.2,MT5 economic calendar (broker time UTC+3)
2026-04-24 22:30,2026-04-24,MXN,CFTC MXN Non-Commercial Net Positions,MARKET,LOW,Y,67.7,0.0,59.0,MT5 economic calendar (broker time UTC+3)
2026-04-24 22:30,2026-04-24,NZD,CFTC NZD Non-Commercial Net Positions,MARKET,LOW,Y,-48.5,0.0,-42.3,MT5 economic calendar (broker time UTC+3)
2026-04-24 22:30,2026-04-24,USD,CFTC Aluminium Non-Commercial Net Positions,MARKET,LOW,Y,0.4,0.0,0.5,MT5 economic calendar (broker time UTC+3)
2026-04-24 22:30,2026-04-24,USD,CFTC Copper Non-Commercial Net Positions,MARKET,LOW,Y,59.2,0.0,55.1,MT5 economic calendar (broker time UTC+3)
2026-04-24 22:30,2026-04-24,USD,CFTC Corn Non-Commercial Net Positions,MARKET,LOW,Y,263.7,0.0,248.9,MT5 economic calendar (broker time UTC+3)
2026-04-24 22:30,2026-04-24,USD,CFTC Crude Oil Non-Commercial Net Positions,MARKET,MODERATE,Y,192.3,0.0,206.5,MT5 economic calendar (broker time UTC+3)
2026-04-24 22:30,2026-04-24,USD,CFTC Gold Non-Commercial Net Positions,MARKET,MODERATE,Y,164.0,0.0,162.5,MT5 economic calendar (broker time UTC+3)
2026-04-24 22:30,2026-04-24,USD,CFTC Nasdaq 100 Non-Commercial Net Positions,MARKET,MODERATE,Y,9.4,0.0,10.8,MT5 economic calendar (broker time UTC+3)
2026-04-24 22:30,2026-04-24,USD,CFTC Natural Gas Non-Commercial Net Positions,MARKET,LOW,Y,-168.3,0.0,-186.9,MT5 economic calendar (broker time UTC+3)
2026-04-24 22:30,2026-04-24,USD,CFTC S&P 500 Non-Commercial Net Positions,MARKET,MODERATE,Y,-110.1,0.0,-115.8,MT5 economic calendar (broker time UTC+3)
2026-04-24 22:30,2026-04-24,USD,CFTC Silver Non-Commercial Net Positions,MARKET,LOW,Y,23.7,0.0,23.6,MT5 economic calendar (broker time UTC+3)
2026-04-24 22:30,2026-04-24,USD,CFTC Soybeans Non-Commercial Net Positions,MARKET,LOW,Y,211.1,0.0,201.7,MT5 economic calendar (broker time UTC+3)
2026-04-24 22:30,2026-04-24,USD,CFTC Wheat Non-Commercial Net Positions,MARKET,LOW,Y,-25.5,0.0,-18.4,MT5 economic calendar (broker time UTC+3)
2026-04-24 22:30,2026-04-24,ZAR,CFTC ZAR Non-Commercial Net Positions,MARKET,LOW,Y,6.4,0.0,6.4,MT5 economic calendar (broker time UTC+3)
2026-04-25 00:00,2026-04-25,AUD,ANZAC Day,HOLIDAYS,NONE,Y,0.0,0.0,0.0,MT5 economic calendar (broker time UTC+3)
2026-04-25 00:00,2026-04-25,EUR,Liberation Day,HOLIDAYS,NONE,Y,0.0,0.0,0.0,MT5 economic calendar (broker time UTC+3)
2026-04-25 00:00,2026-04-25,NZD,ANZAC Day,HOLIDAYS,NONE,Y,0.0,0.0,0.0,MT5 economic calendar (broker time UTC+3)
2026-04-27 00:00,2026-04-27,NZD,ANZAC Day,HOLIDAYS,NONE,Y,0.0,0.0,0.0,MT5 economic calendar (broker time UTC+3)
2026-04-27 00:00,2026-04-27,ZAR,Freedom Day,HOLIDAYS,NONE,Y,0.0,0.0,0.0,MT5 economic calendar (broker time UTC+3)
2026-04-27 04:30,2026-04-27,CNY,Industrial Profit YTD y/y,BUSINESS,LOW,Y,15.5,0.0,15.2,MT5 economic calendar (broker time UTC+3)
2026-04-27 08:00,2026-04-27,JPY,Coincident Index,BUSINESS,LOW,Y,116.3,116.3,116.3,MT5 economic calendar (broker time UTC+3)
2026-04-27 08:00,2026-04-27,JPY,Coincident Index m/m,BUSINESS,LOW,Y,-1.8,0.0,-1.6,MT5 economic calendar (broker time UTC+3)
2026-04-27 08:00,2026-04-27,JPY,Leading Index,BUSINESS,LOW,Y,113.3,112.4,112.4,MT5 economic calendar (broker time UTC+3)
2026-04-27 08:00,2026-04-27,JPY,Leading Index m/m,BUSINESS,LOW,Y,1.3,0.0,0.3,MT5 economic calendar (broker time UTC+3)
2026-04-27 08:00,2026-04-27,SGD,Industrial Production m/m,BUSINESS,LOW,Y,4.7,0.0,-7.2,MT5 economic calendar (broker time UTC+3)
2026-04-27 08:00,2026-04-27,SGD,Industrial Production y/y,BUSINESS,LOW,Y,10.1,0.0,-0.1,MT5 economic calendar (broker time UTC+3)
2026-04-27 09:00,2026-04-27,EUR,GfK Consumer Climate,CONSUMER,MODERATE,Y,-33.3,0.0,-28.0,MT5 economic calendar (broker time UTC+3)
2026-04-27 09:00,2026-04-27,NOK,General Public Domestic Loan Debt y/y,MONEY,LOW,Y,4.4,4.6,4.6,MT5 economic calendar (broker time UTC+3)
2026-04-27 14:30,2026-04-27,BRL,BCB Bank Lending m/m,MONEY,LOW,Y,0.9,0.6,0.4,MT5 economic calendar (broker time UTC+3)
2026-04-27 14:30,2026-04-27,BRL,BCB Focus Market Report,MONEY,MODERATE,Y,0.0,0.0,0.0,MT5 economic calendar (broker time UTC+3)
2026-04-27 15:00,2026-04-27,MXN,Trade Balance,TRADE,LOW,Y,2.499,0.0,-1.09,MT5 economic calendar (broker time UTC+3)
2026-04-27 15:00,2026-04-27,MXN,Trade Balance n.s.a.,TRADE,LOW,Y,5.932,-0.132,-0.463,MT5 economic calendar (broker time UTC+3)
2026-04-27 15:56,2026-04-27,EUR,12-Month BTF Auction,MARKET,LOW,Y,2.551,0.0,2.476,MT5 economic calendar (broker time UTC+3)
2026-04-27 15:56,2026-04-27,EUR,3-Month BTF Auction,MARKET,LOW,Y,2.192,0.0,2.159,MT5 economic calendar (broker time UTC+3)
2026-04-27 15:56,2026-04-27,EUR,6-Month BTF Auction,MARKET,LOW,Y,2.342,0.0,2.319,MT5 economic calendar (broker time UTC+3)
2026-04-27 17:30,2026-04-27,USD,Dallas Fed Manufacturing Index,BUSINESS,LOW,Y,-2.3,0.4,-0.2,MT5 economic calendar (broker time UTC+3)
2026-04-27 18:30,2026-04-27,USD,2-Year Note Auction,MARKET,MODERATE,Y,3.812,0.0,3.936,MT5 economic calendar (broker time UTC+3)
2026-04-27 18:30,2026-04-27,USD,6-Month Bill Auction,MARKET,LOW,Y,3.59,0.0,3.59,MT5 economic calendar (broker time UTC+3)
2026-04-27 19:30,2026-04-27,EUR,ECB Executive Board Member Schnabel Speech,MONEY,MODERATE,Y,0.0,0.0,0.0,MT5 economic calendar (broker time UTC+3)
2026-04-27 20:00,2026-04-27,USD,3-Month Bill Auction,MARKET,LOW,Y,3.59,0.0,3.61,MT5 economic calendar (broker time UTC+3)
2026-04-27 20:00,2026-04-27,USD,5-Year Note Auction,MARKET,MODERATE,Y,3.955,0.0,3.98,MT5 economic calendar (broker time UTC+3)
2026-04-28 00:00,2026-04-28,KRW,BOK Manufacturing BSI,BUSINESS,LOW,Y,0.0,0.0,0.0,MT5 economic calendar (broker time UTC+3)
2026-04-28 01:00,2026-04-28,EUR,Jobseekers Total,JOBS,MODERATE,Y,3109.1,0.0,3108.2,MT5 economic calendar (broker time UTC+3)
2026-04-28 02:30,2026-04-28,JPY,Jobs to Applicants Ratio,JOBS,LOW,Y,1.18,1.18,1.19,MT5 economic calendar (broker time UTC+3)
2026-04-28 02:30,2026-04-28,JPY,Unemployment Rate,JOBS,LOW,Y,2.7,2.6,2.6,MT5 economic calendar (broker time UTC+3)
2026-04-28 06:04,2026-04-28,JPY,BoJ Interest Rate Decision,MONEY,HIGH,Y,0.75,0.0,0.75,MT5 economic calendar (broker time UTC+3)
2026-04-28 06:04,2026-04-28,JPY,BoJ Monetary Policy Statement,MONEY,MODERATE,Y,0.0,0.0,0.0,MT5 economic calendar (broker time UTC+3)
2026-04-28 06:04,2026-04-28,JPY,BoJ Outlook Report,MONEY,MODERATE,Y,0.0,0.0,0.0,MT5 economic calendar (broker time UTC+3)
2026-04-28 08:00,2026-04-28,JPY,BoJ Trimmed Mean Core CPI y/y,PRICES,MODERATE,Y,2.5,2.6,2.2,MT5 economic calendar (broker time UTC+3)
2026-04-28 08:00,2026-04-28,JPY,BoJ Weighted Median Core CPI y/y,PRICES,MODERATE,Y,1.7,1.4,1.7,MT5 economic calendar (broker time UTC+3)
2026-04-28 09:00,2026-04-28,SEK,Goods Trade Balance,TRADE,LOW,Y,9.3,148.8,162.0,MT5 economic calendar (broker time UTC+3)
2026-04-28 09:30,2026-04-28,JPY,BoJ Press Conference,MONEY,HIGH,Y,0.0,0.0,0.0,MT5 economic calendar (broker time UTC+3)
2026-04-28 10:00,2026-04-28,EUR,Retail Sales y/y,CONSUMER,LOW,Y,4.1,0.0,0.0,MT5 economic calendar (broker time UTC+3)
2026-04-28 10:00,2026-04-28,EUR,Unemployment Rate,JOBS,LOW,Y,10.83,10.13,9.93,MT5 economic calendar (broker time UTC+3)
2026-04-28 11:00,2026-04-28,EUR,ECB Bank Lending Survey,MONEY,LOW,Y,0.0,0.0,0.0,MT5 economic calendar (broker time UTC+3)
2026-04-28 11:00,2026-04-28,EUR,Industrial Sales  y/y,BUSINESS,LOW,Y,0.5,2.6,-1.0,MT5 economic calendar (broker time UTC+3)
2026-04-28 11:00,2026-04-28,EUR,Industrial Sales m/m,BUSINESS,LOW,Y,0.6,-0.1,-0.3,MT5 economic calendar (broker time UTC+3)
2026-04-28 11:30,2026-04-28,HKD,Exports y/y,TRADE,LOW,Y,35.8,20.4,24.7,MT5 economic calendar (broker time UTC+3)
2026-04-28 11:30,2026-04-28,HKD,Imports y/y,TRADE,LOW,Y,41.2,28.1,29.9,MT5 economic calendar (broker time UTC+3)
2026-04-28 11:30,2026-04-28,HKD,Trade Balance,TRADE,LOW,Y,-89.1,-66.683,-64.2,MT5 economic calendar (broker time UTC+3)
2026-04-28 12:00,2026-04-28,EUR,PPI m/m,PRICES,LOW,Y,0.8,0.0,-0.4,MT5 economic calendar (broker time UTC+3)
2026-04-28 12:00,2026-04-28,EUR,PPI y/y,PRICES,LOW,Y,1.6,-3.8,-2.7,MT5 economic calendar (broker time UTC+3)
2026-04-28 12:42,2026-04-28,EUR,6-Month BOT Auction,MARKET,LOW,Y,2.161,0.0,2.482,MT5 economic calendar (broker time UTC+3)
2026-04-28 15:00,2026-04-28,BRL,Mid-Month CPI m/m,PRICES,LOW,Y,0.89,0.45,0.44,MT5 economic calendar (broker time UTC+3)
2026-04-28 15:00,2026-04-28,BRL,Mid-Month CPI y/y,PRICES,LOW,Y,4.37,3.83,3.9,MT5 economic calendar (broker time UTC+3)
2026-04-28 15:00,2026-04-28,INR,Industrial Production FYTD y/y,BUSINESS,LOW,Y,4.1,0.0,4.1,MT5 economic calendar (broker time UTC+3)
2026-04-28 15:00,2026-04-28,INR,Industrial Production y/y,BUSINESS,LOW,Y,4.1,0.0,5.2,MT5 economic calendar (broker time UTC+3)
2026-04-28 15:00,2026-04-28,INR,Manufacturing Production FYTD y/y,BUSINESS,LOW,Y,5.0,0.0,5.0,MT5 economic calendar (broker time UTC+3)
2026-04-28 15:00,2026-04-28,INR,Manufacturing Production y/y,BUSINESS,LOW,Y,4.3,0.0,6.0,MT5 economic calendar (broker time UTC+3)
2026-04-28 16:00,2026-04-28,USD,HPI,HOUSING,LOW,Y,441.4,441.7,441.0,MT5 economic calendar (broker time UTC+3)
2026-04-28 16:00,2026-04-28,USD,HPI m/m,HOUSING,LOW,Y,0.0,0.1,0.1,MT5 economic calendar (broker time UTC+3)
2026-04-28 16:00,2026-04-28,USD,HPI y/y,HOUSING,LOW,Y,1.7,1.1,1.6,MT5 economic calendar (broker time UTC+3)
2026-04-28 16:00,2026-04-28,USD,S&P/CS HPI Composite-20 n.s.a. m/m,HOUSING,MODERATE,Y,0.4,0.2,-0.1,MT5 economic calendar (broker time UTC+3)
2026-04-28 16:00,2026-04-28,USD,S&P/CS HPI Composite-20 s.a. m/m,HOUSING,LOW,Y,-0.1,0.0,0.2,MT5 economic calendar (broker time UTC+3)
2026-04-28 16:00,2026-04-28,USD,S&P/CS HPI Composite-20 y/y,HOUSING,MODERATE,Y,0.9,0.9,1.2,MT5 economic calendar (broker time UTC+3)
2026-04-28 17:00,2026-04-28,USD,CB Consumer Confidence Index,CONSUMER,HIGH,Y,92.8,99.0,91.8,MT5 economic calendar (broker time UTC+3)
2026-04-28 17:00,2026-04-28,USD,Richmond Fed Manufacturing Index,BUSINESS,LOW,Y,3.0,-5.0,0.0,MT5 economic calendar (broker time UTC+3)
2026-04-28 17:00,2026-04-28,USD,Richmond Fed Manufacturing Shipments,BUSINESS,LOW,Y,-2.0,0.0,-2.0,MT5 economic calendar (broker time UTC+3)
2026-04-28 17:00,2026-04-28,USD,Richmond Fed Services Revenues,BUSINESS,LOW,Y,9.0,8.0,9.0,MT5 economic calendar (broker time UTC+3)
2026-04-28 17:30,2026-04-28,USD,Dallas Fed Services Business Activity,BUSINESS,LOW,Y,-9.9,-26.5,-13.3,MT5 economic calendar (broker time UTC+3)
2026-04-28 17:30,2026-04-28,USD,Dallas Fed Services Revenues,BUSINESS,LOW,Y,4.3,4.0,1.3,MT5 economic calendar (broker time UTC+3)
2026-04-28 20:00,2026-04-28,USD,7-Year Note Auction,MARKET,MODERATE,Y,4.175,0.0,4.255,MT5 economic calendar (broker time UTC+3)
2026-04-28 20:30,2026-04-28,EUR,ECB President Lagarde Speech,MONEY,HIGH,Y,0.0,0.0,0.0,MT5 economic calendar (broker time UTC+3)
2026-04-29 00:00,2026-04-29,JPY,Shōwa Day,HOLIDAYS,NONE,Y,0.0,0.0,0.0,MT5 economic calendar (broker time UTC+3)
2026-04-29 03:30,2026-04-29,AUD,CPI,PRICES,MODERATE,Y,101.7,102.0,100.3,MT5 economic calendar (broker time UTC+3)
2026-04-29 03:30,2026-04-29,AUD,CPI q/q,PRICES,MODERATE,Y,1.4,1.1,0.6,MT5 economic calendar (broker time UTC+3)
2026-04-29 03:30,2026-04-29,AUD,CPI y/y,PRICES,MODERATE,Y,4.1,4.5,3.6,MT5 economic calendar (broker time UTC+3)
2026-04-29 03:30,2026-04-29,AUD,RBA Trimmed Mean CPI q/q,PRICES,MODERATE,Y,0.8,0.0,0.8,MT5 economic calendar (broker time UTC+3)
2026-04-29 03:30,2026-04-29,AUD,RBA Trimmed Mean CPI y/y,PRICES,LOW,Y,3.3,0.0,3.3,MT5 economic calendar (broker time UTC+3)
2026-04-29 03:30,2026-04-29,AUD,RBA Weighted Median CPI q/q,PRICES,LOW,Y,0.7,0.0,0.9,MT5 economic calendar (broker time UTC+3)
2026-04-29 03:30,2026-04-29,AUD,RBA Weighted Median CPI y/y,PRICES,MODERATE,Y,3.5,3.8,3.6,MT5 economic calendar (broker time UTC+3)
2026-04-29 09:00,2026-04-29,EUR,Bbk Executive Board Member Balz Speech,MONEY,MODERATE,Y,0.0,0.0,0.0,MT5 economic calendar (broker time UTC+3)
2026-04-29 09:00,2026-04-29,NOK,Retail Sales m/m,CONSUMER,LOW,Y,-0.1,0.6,-1.1,MT5 economic calendar (broker time UTC+3)
2026-04-29 09:00,2026-04-29,NOK,Retail Sales y/y,CONSUMER,LOW,Y,0.9,1.3,1.6,MT5 economic calendar (broker time UTC+3)
2026-04-29 09:00,2026-04-29,SEK,GDP q/q,GDP,MODERATE,Y,-0.2,0.1,0.5,MT5 economic calendar (broker time UTC+3)
2026-04-29 09:00,2026-04-29,SEK,GDP y/y,GDP,MODERATE,Y,1.6,1.7,2.1,MT5 economic calendar (broker time UTC+3)
2026-04-29 09:00,2026-04-29,SEK,Households Loans y/y,MONEY,LOW,Y,3.1,5.0,162000.0,MT5 economic calendar (broker time UTC+3)
2026-04-29 09:00,2026-04-29,SEK,M3 Money Supply y/y,MONEY,LOW,Y,4.5,0.0,5.0,MT5 economic calendar (broker time UTC+3)
2026-04-29 09:00,2026-04-29,SEK,Non-Financial Corporations Loans y/y,MONEY,LOW,Y,3.2,0.0,3.8,MT5 economic calendar (broker time UTC+3)
2026-04-29 09:00,2026-04-29,SEK,Retail Sales m/m,CONSUMER,LOW,Y,3.1,2.2,-0.6,MT5 economic calendar (broker time UTC+3)
2026-04-29 09:00,2026-04-29,SEK,Retail Sales y/y,CONSUMER,LOW,Y,6.2,2.0,2.4,MT5 economic calendar (broker time UTC+3)
2026-04-29 10:00,2026-04-29,EUR,CPI m/m,PRICES,LOW,Y,0.4,1.3,1.2,MT5 economic calendar (broker time UTC+3)
2026-04-29 10:00,2026-04-29,EUR,CPI y/y,PRICES,MODERATE,Y,3.2,3.5,3.4,MT5 economic calendar (broker time UTC+3)
2026-04-29 10:00,2026-04-29,EUR,HICP m/m,PRICES,LOW,Y,0.7,1.5,1.7,MT5 economic calendar (broker time UTC+3)
2026-04-29 10:00,2026-04-29,EUR,HICP y/y,PRICES,MODERATE,Y,3.5,3.0,3.4,MT5 economic calendar (broker time UTC+3)
2026-04-29 11:00,2026-04-29,CHF,Credit Suisse Economic Expectations,BUSINESS,LOW,Y,-35.0,1.9,-35.0,MT5 economic calendar (broker time UTC+3)
2026-04-29 11:00,2026-04-29,EUR,Business Confidence,BUSINESS,LOW,Y,87.9,89.4,88.8,MT5 economic calendar (broker time UTC+3)
2026-04-29 11:00,2026-04-29,EUR,Consumer Confidence,CONSUMER,LOW,Y,90.8,94.2,92.6,MT5 economic calendar (broker time UTC+3)
2026-04-29 11:00,2026-04-29,EUR,ECB Households Loans y/y,MONEY,MODERATE,Y,3.0,3.1,3.0,MT5 economic calendar (broker time UTC+3)
2026-04-29 11:00,2026-04-29,EUR,ECB M3 Money Supply y/y,MONEY,LOW,Y,3.2,3.4,3.0,MT5 economic calendar (broker time UTC+3)
2026-04-29 11:00,2026-04-29,EUR,ECB Non-Financial Corporations Loans y/y,MONEY,LOW,Y,3.2,2.7,2.9,MT5 economic calendar (broker time UTC+3)
2026-04-29 11:00,2026-04-29,EUR,ECB Private Sector Loans y/y,MONEY,LOW,Y,3.5,2.9,3.3,MT5 economic calendar (broker time UTC+3)
2026-04-29 12:00,2026-04-29,EUR,Business Climate Indicator,BUSINESS,LOW,Y,-0.28,-0.52,-0.27,MT5 economic calendar (broker time UTC+3)
2026-04-29 12:00,2026-04-29,EUR,Consumer Confidence Index,CONSUMER,LOW,Y,-20.6,-20.6,-20.6,MT5 economic calendar (broker time UTC+3)
2026-04-29 12:00,2026-04-29,EUR,Consumer Price Expectations,CONSUMER,HIGH,Y,49.1,39.5,43.4,MT5 economic calendar (broker time UTC+3)
2026-04-29 12:00,2026-04-29,EUR,Economic Sentiment Indicator,BUSINESS,MODERATE,Y,93.0,98.2,96.6,MT5 economic calendar (broker time UTC+3)
2026-04-29 12:00,2026-04-29,EUR,Industrial Confidence Indicator,BUSINESS,LOW,Y,-7.7,-7.3,-7.0,MT5 economic calendar (broker time UTC+3)
2026-04-29 12:00,2026-04-29,EUR,Industry Selling Price Expectations,BUSINESS,LOW,Y,31.1,15.7,19.7,MT5 economic calendar (broker time UTC+3)
2026-04-29 12:00,2026-04-29,EUR,Services Sentiment Indicator,BUSINESS,LOW,Y,0.9,5.0,4.9,MT5 economic calendar (broker time UTC+3)
2026-04-29 12:30,2026-04-29,EUR,10-Year Bond Auction,MARKET,MODERATE,Y,3.08,0.0,2.92,MT5 economic calendar (broker time UTC+3)
2026-04-29 12:54,2026-04-29,EUR,5-Year BTP Auction,MARKET,LOW,Y,3.32,0.0,3.48,MT5 economic calendar (broker time UTC+3)
2026-04-29 13:00,2026-04-29,EUR,Trade Balance Non-EU,TRADE,LOW,Y,5.643,0.0,5.529,MT5 economic calendar (broker time UTC+3)
2026-04-29 14:00,2026-04-29,BRL,FGV IGP-M Inflation Index m/m,PRICES,LOW,Y,2.73,-0.08,0.52,MT5 economic calendar (broker time UTC+3)
2026-04-29 15:00,2026-04-29,BRL,PPI m/m,PRICES,LOW,Y,2.37,-0.59,-0.25,MT5 economic calendar (broker time UTC+3)
2026-04-29 15:00,2026-04-29,BRL,PPI y/y,PRICES,LOW,Y,-1.54,-4.62,-4.47,MT5 economic calendar (broker time UTC+3)
2026-04-29 15:00,2026-04-29,EUR,CPI m/m,PRICES,MODERATE,Y,0.6,1.1,1.1,MT5 economic calendar (broker time UTC+3)
2026-04-29 15:00,2026-04-29,EUR,CPI y/y,PRICES,MODERATE,Y,2.9,2.6,2.7,MT5 economic calendar (broker time UTC+3)
2026-04-29 15:00,2026-04-29,EUR,HICP m/m,PRICES,LOW,Y,0.5,1.0,1.2,MT5 economic calendar (broker time UTC+3)
2026-04-29 15:00,2026-04-29,EUR,HICP y/y,PRICES,LOW,Y,2.9,3.0,2.8,MT5 economic calendar (broker time UTC+3)
2026-04-29 15:30,2026-04-29,USD,Building Permits,HOUSING,MODERATE,Y,1.538,1.446,1.376,MT5 economic calendar (broker time UTC+3)
2026-04-29 15:30,2026-04-29,USD,Building Permits m/m,HOUSING,LOW,Y,11.0,-0.9,-5.4,MT5 economic calendar (broker time UTC+3)
2026-04-29 15:30,2026-04-29,USD,Core Durable Goods Orders m/m,BUSINESS,MODERATE,Y,0.9,0.6,0.8,MT5 economic calendar (broker time UTC+3)
2026-04-29 15:30,2026-04-29,USD,Durable Goods Orders excl. Defense m/m,BUSINESS,LOW,Y,-0.3,0.7,-1.2,MT5 economic calendar (broker time UTC+3)
2026-04-29 15:30,2026-04-29,USD,Durable Goods Orders m/m,BUSINESS,HIGH,Y,0.8,4.7,-1.4,MT5 economic calendar (broker time UTC+3)
2026-04-29 15:30,2026-04-29,USD,Goods Trade Balance,TRADE,MODERATE,Y,-87.871,-92.53,-98.54,MT5 economic calendar (broker time UTC+3)
2026-04-29 15:30,2026-04-29,USD,Housing Starts,HOUSING,MODERATE,Y,1.356,1.436,1.487,MT5 economic calendar (broker time UTC+3)
2026-04-29 15:30,2026-04-29,USD,Housing Starts m/m,HOUSING,MODERATE,Y,-3.0,2.9,7.2,MT5 economic calendar (broker time UTC+3)
2026-04-29 15:30,2026-04-29,USD,Nondefense Capital Goods Orders excl. Aircraft m/m,BUSINESS,LOW,Y,3.3,0.5,0.6,MT5 economic calendar (broker time UTC+3)
2026-04-29 15:30,2026-04-29,USD,Nondefense Capital Goods Shipments excl. Aircraft m/m,BUSINESS,LOW,Y,1.2,0.9,1.0,MT5 economic calendar (broker time UTC+3)
2026-04-29 15:30,2026-04-29,USD,Retail Inventories excl. Autos m/m,CONSUMER,MODERATE,Y,0.5,0.0,0.3,MT5 economic calendar (broker time UTC+3)
2026-04-29 15:30,2026-04-29,USD,Retail Inventories m/m,CONSUMER,MODERATE,Y,0.7,0.1,0.2,MT5 economic calendar (broker time UTC+3)
2026-04-29 15:30,2026-04-29,USD,Wholesale Inventories m/m,BUSINESS,LOW,Y,1.4,0.6,0.8,MT5 economic calendar (broker time UTC+3)
2026-04-29 16:45,2026-04-29,CAD,BoC Interest Rate Decision,MONEY,HIGH,Y,2.0,0.0,2.0,MT5 economic calendar (broker time UTC+3)
2026-04-29 16:45,2026-04-29,CAD,BoC Monetary Policy Report,MONEY,MODERATE,Y,0.0,0.0,0.0,MT5 economic calendar (broker time UTC+3)
2026-04-29 16:45,2026-04-29,CAD,BoC Rate Statement,MONEY,MODERATE,Y,0.0,0.0,0.0,MT5 economic calendar (broker time UTC+3)
2026-04-29 17:30,2026-04-29,USD,EIA Crude Oil Imports Change,BUSINESS,LOW,Y,-1.968,-0.099,1.214,MT5 economic calendar (broker time UTC+3)
2026-04-29 17:30,2026-04-29,USD,EIA Crude Oil Stocks Change,BUSINESS,HIGH,Y,-6.234,-2.825,1.925,MT5 economic calendar (broker time UTC+3)
2026-04-29 17:30,2026-04-29,USD,EIA Cushing Crude Oil Stocks Change,BUSINESS,MODERATE,Y,-0.796,0.045,0.806,MT5 economic calendar (broker time UTC+3)
2026-04-29 17:30,2026-04-29,USD,EIA Distillate Fuel Production Change,BUSINESS,LOW,Y,-0.013,-0.044,0.087,MT5 economic calendar (broker time UTC+3)
2026-04-29 17:30,2026-04-29,USD,EIA Distillates Stocks Change,BUSINESS,LOW,Y,-4.494,1.077,-3.427,MT5 economic calendar (broker time UTC+3)
2026-04-29 17:30,2026-04-29,USD,EIA Gasoline Production Change,BUSINESS,LOW,Y,-0.238,0.1,0.315,MT5 economic calendar (broker time UTC+3)
2026-04-29 17:30,2026-04-29,USD,EIA Gasoline Stocks Change,BUSINESS,LOW,Y,-6.075,-3.488,-4.57,MT5 economic calendar (broker time UTC+3)
2026-04-29 17:30,2026-04-29,USD,EIA Heating Oil Stocks Change,BUSINESS,LOW,Y,-0.625,0.149,-0.328,MT5 economic calendar (broker time UTC+3)
2026-04-29 17:30,2026-04-29,USD,EIA Refinery Crude Oil Daily Inputs Change,BUSINESS,LOW,Y,0.084,0.0,-0.055,MT5 economic calendar (broker time UTC+3)
2026-04-29 17:30,2026-04-29,USD,EIA Refinery Utilization Rate Change,BUSINESS,LOW,Y,0.5,0.0,-0.5,MT5 economic calendar (broker time UTC+3)
2026-04-29 19:00,2026-04-29,SGD,Bank Loans,MONEY,LOW,Y,0.0,899.376,893.644,MT5 economic calendar (broker time UTC+3)
2026-04-29 20:30,2026-04-29,BRL,Foreign Exchange Flows,MONEY,LOW,Y,9.184,-2.839,-2.45,MT5 economic calendar (broker time UTC+3)
2026-04-29 21:00,2026-04-29,USD,FOMC Statement,MONEY,MODERATE,Y,0.0,0.0,0.0,MT5 economic calendar (broker time UTC+3)
2026-04-29 21:00,2026-04-29,USD,Fed Interest Rate Decision,MONEY,HIGH,Y,3.75,0.0,3.75,MT5 economic calendar (broker time UTC+3)
2026-04-29 21:30,2026-04-29,USD,FOMC Press Conference,MONEY,HIGH,Y,0.0,0.0,0.0,MT5 economic calendar (broker time UTC+3)
2026-04-30 00:00,2026-04-30,BRL,BCB Interest Rate Decision,MONEY,MODERATE,Y,14.5,0.0,14.75,MT5 economic calendar (broker time UTC+3)
2026-04-30 02:00,2026-04-30,KRW,Index of Services m/m,CONSUMER,LOW,Y,1.4,0.0,0.0,MT5 economic calendar (broker time UTC+3)
2026-04-30 02:00,2026-04-30,KRW,Industrial Production m/m,BUSINESS,LOW,Y,0.3,0.0,0.0,MT5 economic calendar (broker time UTC+3)
2026-04-30 02:00,2026-04-30,KRW,Industrial Production y/y,BUSINESS,LOW,Y,3.6,0.0,0.0,MT5 economic calendar (broker time UTC+3)
2026-04-30 02:00,2026-04-30,KRW,Retail Sales m/m,CONSUMER,LOW,Y,1.8,0.0,0.0,MT5 economic calendar (broker time UTC+3)
2026-04-30 02:50,2026-04-30,JPY,Industrial Production Forecast 1-month Ahead m/m,BUSINESS,LOW,Y,2.1,0.0,3.8,MT5 economic calendar (broker time UTC+3)
2026-04-30 02:50,2026-04-30,JPY,Industrial Production Forecast 2-month Ahead m/m,BUSINESS,LOW,Y,2.2,0.0,3.3,MT5 economic calendar (broker time UTC+3)
2026-04-30 02:50,2026-04-30,JPY,Industrial Production m/m,BUSINESS,MODERATE,Y,-0.5,2.5,-2.0,MT5 economic calendar (broker time UTC+3)
2026-04-30 02:50,2026-04-30,JPY,Industrial Production y/y,BUSINESS,LOW,Y,2.3,1.9,0.4,MT5 economic calendar (broker time UTC+3)
2026-04-30 02:50,2026-04-30,JPY,Large Retailer's Sales y/y,CONSUMER,MODERATE,Y,1.1,0.0,1.8,MT5 economic calendar (broker time UTC+3)
2026-04-30 02:50,2026-04-30,JPY,Retail Sales m/m,CONSUMER,HIGH,Y,1.3,0.0,-2.0,MT5 economic calendar (broker time UTC+3)
2026-04-30 02:50,2026-04-30,JPY,Retail Sales y/y,CONSUMER,LOW,Y,1.7,0.0,-0.2,MT5 economic calendar (broker time UTC+3)
2026-04-30 04:00,2026-04-30,CNY,Composite PMI,BUSINESS,MODERATE,Y,50.1,0.0,50.5,MT5 economic calendar (broker time UTC+3)
2026-04-30 04:00,2026-04-30,CNY,Manufacturing PMI,BUSINESS,HIGH,Y,50.3,49.5,50.4,MT5 economic calendar (broker time UTC+3)
2026-04-30 04:00,2026-04-30,CNY,Non-Manufacturing PMI,BUSINESS,MODERATE,Y,49.4,49.7,50.1,MT5 economic calendar (broker time UTC+3)
2026-04-30 04:00,2026-04-30,NZD,ANZ Activity Outlook,BUSINESS,LOW,Y,19.6,41.1,39.3,MT5 economic calendar (broker time UTC+3)
2026-04-30 04:00,2026-04-30,NZD,ANZ Business Confidence,BUSINESS,LOW,Y,-10.6,12.5,32.5,MT5 economic calendar (broker time UTC+3)
2026-04-30 04:30,2026-04-30,AUD,Export Price Index q/q,PRICES,LOW,Y,0.5,-0.4,3.2,MT5 economic calendar (broker time UTC+3)
2026-04-30 04:30,2026-04-30,AUD,Import Price Index q/q,PRICES,LOW,Y,0.1,0.5,0.9,MT5 economic calendar (broker time UTC+3)
2026-04-30 04:30,2026-04-30,AUD,RBA Housing Credit m/m,MONEY,LOW,Y,0.6,0.0,0.0,MT5 economic calendar (broker time UTC+3)
2026-04-30 04:30,2026-04-30,AUD,RBA Private Sector Credit m/m,MONEY,LOW,Y,0.7,0.0,0.0,MT5 economic calendar (broker time UTC+3)
2026-04-30 04:45,2026-04-30,CNY,Caixin Manufacturing PMI,BUSINESS,MODERATE,Y,52.2,50.4,50.8,MT5 economic calendar (broker time UTC+3)
2026-04-30 05:00,2026-04-30,SGD,Bank Loans,MONEY,LOW,Y,902.267,899.376,893.644,MT5 economic calendar (broker time UTC+3)
2026-04-30 05:30,2026-04-30,SGD,Unemployment Rate,JOBS,LOW,Y,2.1,2.0,2.0,MT5 economic calendar (broker time UTC+3)
2026-04-30 08:00,2026-04-30,JPY,Annualized Housing Starts,HOUSING,LOW,Y,0.736,0.0,0.751,MT5 economic calendar (broker time UTC+3)
2026-04-30 08:00,2026-04-30,JPY,Construction Orders y/y,BUSINESS,LOW,Y,-14.4,43.2,42.7,MT5 economic calendar (broker time UTC+3)
2026-04-30 08:00,2026-04-30,JPY,Housing Starts y/y,HOUSING,LOW,Y,-29.3,-30.1,-4.9,MT5 economic calendar (broker time UTC+3)
2026-04-30 08:30,2026-04-30,EUR,Consumer Spending m/m,CONSUMER,MODERATE,Y,0.7,-0.4,-1.4,MT5 economic calendar (broker time UTC+3)
2026-04-30 08:30,2026-04-30,EUR,GDP q/q,GDP,MODERATE,Y,0.0,0.0,0.2,MT5 economic calendar (broker time UTC+3)
2026-04-30 08:30,2026-04-30,EUR,GDP y/y,GDP,MODERATE,Y,1.1,1.3,1.2,MT5 economic calendar (broker time UTC+3)
2026-04-30 09:00,2026-04-30,EUR,Export Price Index m/m,PRICES,LOW,Y,1.1,0.0,0.1,MT5 economic calendar (broker time UTC+3)
2026-04-30 09:00,2026-04-30,EUR,Export Price Index y/y,PRICES,LOW,Y,1.5,-0.1,-0.1,MT5 economic calendar (broker time UTC+3)
2026-04-30 09:00,2026-04-30,EUR,GDP q/q,GDP,HIGH,Y,0.3,0.2,0.3,MT5 economic calendar (broker time UTC+3)
2026-04-30 09:00,2026-04-30,EUR,GDP y/y,GDP,MODERATE,Y,0.5,0.7,0.6,MT5 economic calendar (broker time UTC+3)
2026-04-30 09:00,2026-04-30,EUR,Import Price Index m/m,PRICES,LOW,Y,3.6,0.6,0.3,MT5 economic calendar (broker time UTC+3)
2026-04-30 09:00,2026-04-30,EUR,Import Price Index y/y,PRICES,LOW,Y,2.3,-1.8,-2.3,MT5 economic calendar (broker time UTC+3)
2026-04-30 09:00,2026-04-30,EUR,Retail Sales m/m,CONSUMER,MODERATE,Y,-0.3,-0.3,-1.1,MT5 economic calendar (broker time UTC+3)
2026-04-30 09:00,2026-04-30,EUR,Retail Sales y/y,CONSUMER,LOW,Y,0.9,0.8,1.0,MT5 economic calendar (broker time UTC+3)
2026-04-30 09:00,2026-04-30,ZAR,SARB M3 Money Supply y/y,MONEY,LOW,Y,8.96,0.0,8.39,MT5 economic calendar (broker time UTC+3)
2026-04-30 09:00,2026-04-30,ZAR,SARB Private Sector Credit y/y,MONEY,LOW,Y,8.5,0.0,10.5,MT5 economic calendar (broker time UTC+3)
2026-04-30 09:45,2026-04-30,EUR,CPI m/m,PRICES,MODERATE,Y,1.0,0.3,1.0,MT5 economic calendar (broker time UTC+3)
2026-04-30 09:45,2026-04-30,EUR,CPI y/y,PRICES,LOW,Y,2.2,1.9,1.7,MT5 economic calendar (broker time UTC+3)
2026-04-30 09:45,2026-04-30,EUR,HICP m/m,PRICES,MODERATE,Y,1.2,0.9,1.1,MT5 economic calendar (broker time UTC+3)
2026-04-30 09:45,2026-04-30,EUR,HICP y/y,PRICES,LOW,Y,2.5,2.2,2.0,MT5 economic calendar (broker time UTC+3)
2026-04-30 09:45,2026-04-30,EUR,Nonfarm Payrolls q/q,JOBS,LOW,Y,-0.1,0.2,-0.1,MT5 economic calendar (broker time UTC+3)
2026-04-30 09:45,2026-04-30,EUR,PPI m/m,PRICES,LOW,Y,-0.3,0.6,0.5,MT5 economic calendar (broker time UTC+3)
2026-04-30 10:00,2026-04-30,CHF,KOF Economic Barometer,BUSINESS,MODERATE,Y,97.9,100.1,96.1,MT5 economic calendar (broker time UTC+3)
2026-04-30 10:00,2026-04-30,EUR,GDP q/q,GDP,MODERATE,Y,0.6,0.9,0.8,MT5 economic calendar (broker time UTC+3)
2026-04-30 10:00,2026-04-30,EUR,GDP y/y,GDP,LOW,Y,2.7,2.7,2.6,MT5 economic calendar (broker time UTC+3)
2026-04-30 10:55,2026-04-30,EUR,Unemployment,JOBS,MODERATE,Y,3.006,2.988,2.977,MT5 economic calendar (broker time UTC+3)
2026-04-30 10:55,2026-04-30,EUR,Unemployment Change,JOBS,MODERATE,Y,20.0,7.0,0.0,MT5 economic calendar (broker time UTC+3)
2026-04-30 10:55,2026-04-30,EUR,Unemployment Rate,JOBS,MODERATE,Y,6.4,6.3,6.3,MT5 economic calendar (broker time UTC+3)
2026-04-30 10:55,2026-04-30,EUR,Unemployment n.s.a.,JOBS,LOW,Y,3.008,2.972,3.021,MT5 economic calendar (broker time UTC+3)
2026-04-30 11:00,2026-04-30,EUR,Current Account,TRADE,LOW,Y,4.04,1.245,2.73,MT5 economic calendar (broker time UTC+3)
2026-04-30 11:00,2026-04-30,EUR,GDP q/q,GDP,LOW,Y,0.2,0.1,0.3,MT5 economic calendar (broker time UTC+3)
2026-04-30 11:00,2026-04-30,EUR,GDP y/y,GDP,LOW,Y,0.7,0.8,0.8,MT5 economic calendar (broker time UTC+3)
2026-04-30 11:00,2026-04-30,NOK,NAV Unemployment Change,JOBS,LOW,Y,76.635,47.69,76.564,MT5 economic calendar (broker time UTC+3)
2026-04-30 11:00,2026-04-30,NOK,NAV Unemployment Rate n.s.a.,JOBS,LOW,Y,2.1,2.1,2.2,MT5 economic calendar (broker time UTC+3)
2026-04-30 11:30,2026-04-30,EUR,Unemployment Rate,JOBS,LOW,Y,5.2,5.6,5.3,MT5 economic calendar (broker time UTC+3)
2026-04-30 11:30,2026-04-30,HKD,HKMA M3 Money Supply y/y,MONEY,LOW,Y,1.2,1.8,2.1,MT5 economic calendar (broker time UTC+3)
2026-04-30 12:00,2026-04-30,EUR,CPI,PRICES,LOW,Y,103.05,0.0,101.99,MT5 economic calendar (broker time UTC+3)
2026-04-30 12:00,2026-04-30,EUR,CPI excl. Energy and Unprocessed Food m/m,PRICES,LOW,Y,0.8,0.2,0.7,MT5 economic calendar (broker time UTC+3)
2026-04-30 12:00,2026-04-30,EUR,CPI excl. Energy and Unprocessed Food y/y,PRICES,LOW,Y,2.1,2.2,2.2,MT5 economic calendar (broker time UTC+3)
2026-04-30 12:00,2026-04-30,EUR,CPI m/m,PRICES,LOW,Y,1.2,0.5,0.5,MT5 economic calendar (broker time UTC+3)
2026-04-30 12:00,2026-04-30,EUR,CPI y/y,PRICES,LOW,Y,2.8,1.9,1.7,MT5 economic calendar (broker time UTC+3)
2026-04-30 12:00,2026-04-30,EUR,Core CPI,PRICES,MODERATE,Y,102.34,0.0,101.41,MT5 economic calendar (broker time UTC+3)
2026-04-30 12:00,2026-04-30,EUR,Core CPI m/m,PRICES,LOW,Y,0.9,0.3,0.8,MT5 economic calendar (broker time UTC+3)
2026-04-30 12:00,2026-04-30,EUR,Core CPI y/y,PRICES,MODERATE,Y,2.2,2.4,2.3,MT5 economic calendar (broker time UTC+3)
2026-04-30 12:00,2026-04-30,EUR,GDP q/q,GDP,MODERATE,Y,0.1,0.2,0.3,MT5 economic calendar (broker time UTC+3)
2026-04-30 12:00,2026-04-30,EUR,GDP y/y,GDP,MODERATE,Y,0.8,1.3,1.3,MT5 economic calendar (broker time UTC+3)
2026-04-30 12:00,2026-04-30,EUR,HICP m/m,PRICES,LOW,Y,1.7,0.7,1.7,MT5 economic calendar (broker time UTC+3)
2026-04-30 12:00,2026-04-30,EUR,HICP y/y,PRICES,LOW,Y,2.9,1.6,1.6,MT5 economic calendar (broker time UTC+3)
2026-04-30 12:00,2026-04-30,EUR,Unemployment Rate,JOBS,MODERATE,Y,6.2,6.2,6.2,MT5 economic calendar (broker time UTC+3)
2026-04-30 12:30,2026-04-30,ZAR,PPI m/m,PRICES,LOW,Y,1.1,0.1,0.0,MT5 economic calendar (broker time UTC+3)
2026-04-30 12:30,2026-04-30,ZAR,PPI y/y,PRICES,LOW,Y,2.3,1.5,1.8,MT5 economic calendar (broker time UTC+3)
2026-04-30 14:00,2026-04-30,GBP,BoE Interest Rate Decision,MONEY,HIGH,Y,3.75,0.0,3.75,MT5 economic calendar (broker time UTC+3)
2026-04-30 14:00,2026-04-30,GBP,BoE MPC Meeting Minutes,MONEY,MODERATE,Y,0.0,0.0,0.0,MT5 economic calendar (broker time UTC+3)
2026-04-30 14:00,2026-04-30,GBP,BoE MPC Vote Cut,MONEY,MODERATE,Y,0.0,0.0,0.0,MT5 economic calendar (broker time UTC+3)
2026-04-30 14:00,2026-04-30,GBP,BoE MPC Vote Hike,MONEY,MODERATE,Y,1.0,0.0,0.0,MT5 economic calendar (broker time UTC+3)
2026-04-30 14:00,2026-04-30,GBP,BoE MPC Vote Unchanged,MONEY,MODERATE,Y,8.0,0.0,9.0,MT5 economic calendar (broker time UTC+3)
2026-04-30 14:00,2026-04-30,GBP,BoE Monetary Policy Report,MONEY,MODERATE,Y,0.0,0.0,0.0,MT5 economic calendar (broker time UTC+3)
2026-04-30 14:30,2026-04-30,BRL,Net Debt - GDP Ratio,GOVERNMENT,LOW,Y,66.8,65.7,65.5,MT5 economic calendar (broker time UTC+3)
2026-04-30 14:30,2026-04-30,BRL,Nominal Budget Balance,GOVERNMENT,LOW,Y,-199.539,60.391,-100.589,MT5 economic calendar (broker time UTC+3)
2026-04-30 14:30,2026-04-30,BRL,Primary Budget balance,GOVERNMENT,LOW,Y,-80.676,75.107,-16.388,MT5 economic calendar (broker time UTC+3)
2026-04-30 14:30,2026-04-30,INR,Infrastructure Output y/y,BUSINESS,LOW,Y,-0.4,2.1,2.3,MT5 economic calendar (broker time UTC+3)
2026-04-30 14:30,2026-04-30,INR,RBI Monetary and Credit Information Review,MONEY,MODERATE,Y,0.0,0.0,0.0,MT5 economic calendar (broker time UTC+3)
2026-04-30 15:00,2026-04-30,BRL,Unemployment Rate 3-months,JOBS,MODERATE,Y,6.1,6.0,5.8,MT5 economic calendar (broker time UTC+3)
2026-04-30 15:00,2026-04-30,MXN,GDP n.s.a. y/y,GDP,MODERATE,Y,0.1,0.7,1.8,MT5 economic calendar (broker time UTC+3)
2026-04-30 15:00,2026-04-30,MXN,GDP q/q,GDP,MODERATE,Y,-0.8,0.3,0.9,MT5 economic calendar (broker time UTC+3)
2026-04-30 15:15,2026-04-30,EUR,ECB Deposit Facility Rate Decision,MONEY,HIGH,Y,2.0,0.0,2.0,MT5 economic calendar (broker time UTC+3)
2026-04-30 15:15,2026-04-30,EUR,ECB Interest Rate Decision,MONEY,HIGH,Y,2.15,0.0,2.15,MT5 economic calendar (broker time UTC+3)
2026-04-30 15:15,2026-04-30,EUR,ECB Marginal Lending Facility Rate Decision,MONEY,MODERATE,Y,2.4,0.0,2.4,MT5 economic calendar (broker time UTC+3)
2026-04-30 15:15,2026-04-30,EUR,ECB Monetary Policy Statement,MONEY,MODERATE,Y,0.0,0.0,0.0,MT5 economic calendar (broker time UTC+3)
2026-04-30 15:30,2026-04-30,CAD,GDP m/m,GDP,MODERATE,Y,0.2,0.0,0.1,MT5 economic calendar (broker time UTC+3)
2026-04-30 15:30,2026-04-30,CAD,GDP y/y,GDP,MODERATE,Y,1.0,0.8,0.6,MT5 economic calendar (broker time UTC+3)
2026-04-30 15:30,2026-04-30,USD,Continuing Jobless Claims,JOBS,MODERATE,Y,1.785,1.825,1.821,MT5 economic calendar (broker time UTC+3)
2026-04-30 15:30,2026-04-30,USD,Core PCE Price Index m/m,PRICES,HIGH,Y,0.3,0.3,0.4,MT5 economic calendar (broker time UTC+3)
2026-04-30 15:30,2026-04-30,USD,Core PCE Price Index q/q,PRICES,LOW,Y,4.3,2.8,2.7,MT5 economic calendar (broker time UTC+3)
2026-04-30 15:30,2026-04-30,USD,Core PCE Price Index y/y,PRICES,HIGH,Y,3.2,3.1,3.0,MT5 economic calendar (broker time UTC+3)
2026-04-30 15:30,2026-04-30,USD,Employment Benefits q/q,JOBS,LOW,Y,1.2,0.9,0.7,MT5 economic calendar (broker time UTC+3)
2026-04-30 15:30,2026-04-30,USD,Employment Cost Index q/q,JOBS,MODERATE,Y,0.9,0.7,0.7,MT5 economic calendar (broker time UTC+3)
2026-04-30 15:30,2026-04-30,USD,Employment Wages q/q,JOBS,LOW,Y,0.8,0.8,0.7,MT5 economic calendar (broker time UTC+3)
2026-04-30 15:30,2026-04-30,USD,GDP Price Index q/q,PRICES,LOW,Y,3.6,3.7,3.7,MT5 economic calendar (broker time UTC+3)
2026-04-30 15:30,2026-04-30,USD,GDP Sales q/q,GDP,HIGH,Y,1.6,4.1,0.3,MT5 economic calendar (broker time UTC+3)
2026-04-30 15:30,2026-04-30,USD,GDP q/q,GDP,HIGH,Y,2.0,-0.2,0.5,MT5 economic calendar (broker time UTC+3)
2026-04-30 15:30,2026-04-30,USD,Initial Jobless Claims,JOBS,HIGH,Y,189.0,210.0,214.0,MT5 economic calendar (broker time UTC+3)
2026-04-30 15:30,2026-04-30,USD,Initial Jobless Claims 4-Week Average,JOBS,LOW,Y,207.5,212.333,210.75,MT5 economic calendar (broker time UTC+3)
2026-04-30 15:30,2026-04-30,USD,PCE Price Index m/m,PRICES,MODERATE,Y,0.7,0.2,0.4,MT5 economic calendar (broker time UTC+3)
2026-04-30 15:30,2026-04-30,USD,PCE Price Index q/q,PRICES,LOW,Y,4.5,2.3,2.9,MT5 economic calendar (broker time UTC+3)
2026-04-30 15:30,2026-04-30,USD,PCE Price Index y/y,PRICES,MODERATE,Y,3.5,3.0,2.8,MT5 economic calendar (broker time UTC+3)
2026-04-30 15:30,2026-04-30,USD,Personal Income m/m,CONSUMER,LOW,Y,0.6,0.1,-0.1,MT5 economic calendar (broker time UTC+3)
2026-04-30 15:30,2026-04-30,USD,Personal Spending m/m,CONSUMER,MODERATE,Y,0.9,0.5,0.5,MT5 economic calendar (broker time UTC+3)
2026-04-30 15:30,2026-04-30,USD,Real PCE m/m,CONSUMER,LOW,Y,0.2,-0.2,0.1,MT5 economic calendar (broker time UTC+3)
2026-04-30 15:30,2026-04-30,USD,Real PCE q/q,CONSUMER,MODERATE,Y,1.6,2.0,1.9,MT5 economic calendar (broker time UTC+3)
2026-04-30 15:45,2026-04-30,EUR,ECB Monetary Policy Press Conference,MONEY,HIGH,Y,0.0,0.0,0.0,MT5 economic calendar (broker time UTC+3)
2026-04-30 16:15,2026-04-30,GBP,BoE Governor Bailey Speech,MONEY,HIGH,Y,0.0,0.0,0.0,MT5 economic calendar (broker time UTC+3)
2026-04-30 16:45,2026-04-30,USD,MNI Chicago Business Barometer,BUSINESS,HIGH,Y,49.2,50.1,52.8,MT5 economic calendar (broker time UTC+3)
2026-04-30 17:00,2026-04-30,USD,CB Leading Economic Index m/m,BUSINESS,MODERATE,Y,-0.6,-0.4,-0.1,MT5 economic calendar (broker time UTC+3)
2026-04-30 17:15,2026-04-30,EUR,ECB President Lagarde Speech,MONEY,HIGH,Y,0.0,0.0,0.0,MT5 economic calendar (broker time UTC+3)
2026-04-30 17:30,2026-04-30,USD,EIA Natural Gas Storage Change,BUSINESS,LOW,Y,79.0,104.0,103.0,MT5 economic calendar (broker time UTC+3)
2026-04-30 18:00,2026-04-30,USD,Dallas Fed Trimmed Mean PCE Inflation Rate,PRICES,LOW,Y,2.9,2.3,1.8,MT5 economic calendar (broker time UTC+3)
2026-04-30 18:30,2026-04-30,USD,4-Week Bill Auction,MARKET,LOW,Y,3.6,0.0,3.595,MT5 economic calendar (broker time UTC+3)
2026-04-30 18:30,2026-04-30,USD,8-Week Bill Auction,MARKET,LOW,Y,3.62,0.0,3.605,MT5 economic calendar (broker time UTC+3)
2026-04-30 23:30,2026-04-30,MXN,Fiscal Balance,TRADE,LOW,Y,-110.096,-74.052,-50.733,MT5 economic calendar (broker time UTC+3)
2026-05-01 00:00,2026-05-01,BRL,Labor Day,HOLIDAYS,NONE,Y,0.0,0.0,0.0,MT5 economic calendar (broker time UTC+3)
2026-05-01 00:00,2026-05-01,CHF,Labor Day,HOLIDAYS,NONE,Y,0.0,0.0,0.0,MT5 economic calendar (broker time UTC+3)
2026-05-01 00:00,2026-05-01,CNY,Labor Day,HOLIDAYS,NONE,Y,0.0,0.0,0.0,MT5 economic calendar (broker time UTC+3)
2026-05-01 00:00,2026-05-01,EUR,Labor Day,HOLIDAYS,NONE,Y,0.0,0.0,0.0,MT5 economic calendar (broker time UTC+3)
2026-05-01 00:00,2026-05-01,HKD,Labor Day,HOLIDAYS,NONE,Y,0.0,0.0,0.0,MT5 economic calendar (broker time UTC+3)
2026-05-01 00:00,2026-05-01,INR,Buddha Purnima,HOLIDAYS,NONE,Y,0.0,0.0,0.0,MT5 economic calendar (broker time UTC+3)
2026-05-01 00:00,2026-05-01,MXN,Labor Day,HOLIDAYS,NONE,Y,0.0,0.0,0.0,MT5 economic calendar (broker time UTC+3)
2026-05-01 00:00,2026-05-01,NOK,Labor Day,HOLIDAYS,NONE,Y,0.0,0.0,0.0,MT5 economic calendar (broker time UTC+3)
2026-05-01 00:00,2026-05-01,SEK,Labor Day,HOLIDAYS,NONE,Y,0.0,0.0,0.0,MT5 economic calendar (broker time UTC+3)
2026-05-01 00:00,2026-05-01,SGD,Labor Day,HOLIDAYS,NONE,Y,0.0,0.0,0.0,MT5 economic calendar (broker time UTC+3)
2026-05-01 00:00,2026-05-01,ZAR,Workers’ Day,HOLIDAYS,NONE,Y,0.0,0.0,0.0,MT5 economic calendar (broker time UTC+3)
2026-05-01 01:45,2026-05-01,NZD,Building Consents m/m,HOUSING,LOW,Y,-1.3,-3.7,2.7,MT5 economic calendar (broker time UTC+3)
2026-05-01 02:00,2026-05-01,AUD,S&P Global Manufacturing PMI,BUSINESS,LOW,Y,49.8,50.0,49.8,MT5 economic calendar (broker time UTC+3)
2026-05-01 02:30,2026-05-01,JPY,Tokyo CPI excl. Food and Energy y/y,PRICES,HIGH,Y,1.9,2.2,2.3,MT5 economic calendar (broker time UTC+3)
2026-05-01 02:30,2026-05-01,JPY,Tokyo CPI s.a. m/m,PRICES,LOW,Y,0.5,0.0,0.1,MT5 economic calendar (broker time UTC+3)
2026-05-01 02:30,2026-05-01,JPY,Tokyo CPI y/y,PRICES,LOW,Y,1.5,1.1,1.4,MT5 economic calendar (broker time UTC+3)
2026-05-01 02:30,2026-05-01,JPY,Tokyo Core CPI y/y,PRICES,MODERATE,Y,1.5,0.9,1.7,MT5 economic calendar (broker time UTC+3)
2026-05-01 02:50,2026-05-01,JPY,Foreign Bond Investment,GOVERNMENT,LOW,Y,-887.7,0.0,-12.8,MT5 economic calendar (broker time UTC+3)
2026-05-01 02:50,2026-05-01,JPY,Foreign Investment in Japan Stocks,GOVERNMENT,LOW,Y,807.9,0.0,2380.9,MT5 economic calendar (broker time UTC+3)
2026-05-01 03:00,2026-05-01,KRW,Exports y/y,TRADE,LOW,Y,48.0,52.7,49.2,MT5 economic calendar (broker time UTC+3)
2026-05-01 03:00,2026-05-01,KRW,Imports y/y,TRADE,LOW,Y,16.7,15.2,13.2,MT5 economic calendar (broker time UTC+3)
2026-05-01 03:00,2026-05-01,KRW,Trade Balance,TRADE,LOW,Y,23.771,26.973,26.239,MT5 economic calendar (broker time UTC+3)
2026-05-01 03:30,2026-05-01,JPY,au Jibun Bank Manufacturing PMI,BUSINESS,LOW,Y,55.1,50.5,51.6,MT5 economic calendar (broker time UTC+3)
2026-05-01 04:30,2026-05-01,AUD,PPI q/q,PRICES,MODERATE,Y,0.4,0.8,0.8,MT5 economic calendar (broker time UTC+3)
2026-05-01 04:30,2026-05-01,AUD,PPI y/y,PRICES,MODERATE,Y,3.0,4.0,3.5,MT5 economic calendar (broker time UTC+3)
2026-05-01 09:00,2026-05-01,GBP,Nationwide HPI m/m,HOUSING,MODERATE,Y,0.4,0.2,0.9,MT5 economic calendar (broker time UTC+3)
2026-05-01 09:00,2026-05-01,GBP,Nationwide HPI y/y,HOUSING,MODERATE,Y,3.0,1.0,2.2,MT5 economic calendar (broker time UTC+3)
2026-05-01 09:30,2026-05-01,AUD,RBA Index of Commodity Prices y/y,PRICES,LOW,Y,15.7,0.0,0.0,MT5 economic calendar (broker time UTC+3)
2026-05-01 09:30,2026-05-01,CHF,Retail Sales y/y,CONSUMER,LOW,Y,0.5,0.4,0.9,MT5 economic calendar (broker time UTC+3)
2026-05-01 11:30,2026-05-01,GBP,BoE Consumer Credit m/m,CONSUMER,LOW,Y,1.895,1.562,1.935,MT5 economic calendar (broker time UTC+3)
2026-05-01 11:30,2026-05-01,GBP,BoE M4 Money Supply m/m,MONEY,LOW,Y,0.8,0.3,0.6,MT5 economic calendar (broker time UTC+3)
2026-05-01 11:30,2026-05-01,GBP,BoE Mortgage Approvals,HOUSING,LOW,Y,63.531,60.402,62.584,MT5 economic calendar (broker time UTC+3)
2026-05-01 11:30,2026-05-01,GBP,BoE Mortgage Lending m/m,HOUSING,LOW,Y,6.152,4.622,4.84,MT5 economic calendar (broker time UTC+3)
2026-05-01 11:30,2026-05-01,GBP,BoE Net Lending to Individuals m/m,CONSUMER,LOW,Y,8.047,6.271,6.775,MT5 economic calendar (broker time UTC+3)
2026-05-01 11:30,2026-05-01,GBP,S&P Global/CIPS Manufacturing PMI,BUSINESS,MODERATE,Y,53.7,53.6,53.6,MT5 economic calendar (broker time UTC+3)
2026-05-01 14:15,2026-05-01,GBP,BoE MPC Member Pill Speech,MONEY,MODERATE,Y,0.0,0.0,0.0,MT5 economic calendar (broker time UTC+3)
2026-05-01 14:30,2026-05-01,INR,Bank Loan Growth y/y,MONEY,LOW,Y,15.0,15.1,16.1,MT5 economic calendar (broker time UTC+3)
2026-05-01 14:30,2026-05-01,INR,Deposit Growth y/y,MONEY,LOW,Y,12.2,12.4,13.5,MT5 economic calendar (broker time UTC+3)
2026-05-01 14:30,2026-05-01,INR,Foreign Exchange Reserves,MONEY,LOW,Y,698.487,716.743,703.308,MT5 economic calendar (broker time UTC+3)
2026-05-01 16:30,2026-05-01,CAD,S&P Global Manufacturing PMI,BUSINESS,LOW,Y,53.3,51.4,50.0,MT5 economic calendar (broker time UTC+3)
2026-05-01 16:45,2026-05-01,USD,S&P Global Manufacturing PMI,BUSINESS,HIGH,Y,54.5,52.0,52.3,MT5 economic calendar (broker time UTC+3)
2026-05-01 17:00,2026-05-01,USD,ISM Manufacturing Employment,BUSINESS,MODERATE,Y,46.4,47.8,48.7,MT5 economic calendar (broker time UTC+3)
2026-05-01 17:00,2026-05-01,USD,ISM Manufacturing New Orders,BUSINESS,LOW,Y,54.1,49.0,53.5,MT5 economic calendar (broker time UTC+3)
2026-05-01 17:00,2026-05-01,USD,ISM Manufacturing PMI,BUSINESS,HIGH,Y,52.7,49.8,52.7,MT5 economic calendar (broker time UTC+3)
2026-05-01 17:00,2026-05-01,USD,ISM Manufacturing Prices Paid,BUSINESS,HIGH,Y,84.6,82.6,78.3,MT5 economic calendar (broker time UTC+3)
2026-05-01 20:00,2026-05-01,USD,Baker Hughes US Oil Rig Count,BUSINESS,MODERATE,Y,408.0,0.0,407.0,MT5 economic calendar (broker time UTC+3)
2026-05-01 20:00,2026-05-01,USD,Baker Hughes US Total Rig Count,BUSINESS,MODERATE,Y,547.0,0.0,544.0,MT5 economic calendar (broker time UTC+3)
2026-05-01 22:30,2026-05-01,AUD,CFTC AUD Non-Commercial Net Positions,MARKET,MODERATE,Y,71.9,0.0,64.8,MT5 economic calendar (broker time UTC+3)
2026-05-01 22:30,2026-05-01,BRL,CFTC BRL Non-Commercial Net Positions,MARKET,MODERATE,Y,46.4,0.0,43.5,MT5 economic calendar (broker time UTC+3)
2026-05-01 22:30,2026-05-01,CAD,CFTC CAD Non-Commercial Net Positions,MARKET,LOW,Y,-38.5,0.0,-58.8,MT5 economic calendar (broker time UTC+3)
2026-05-01 22:30,2026-05-01,CHF,CFTC CHF Non-Commercial Net Positions,MARKET,LOW,Y,-35.2,0.0,-33.3,MT5 economic calendar (broker time UTC+3)
2026-05-01 22:30,2026-05-01,EUR,CFTC EUR Non-Commercial Net Positions,MARKET,MODERATE,Y,35.7,0.0,41.3,MT5 economic calendar (broker time UTC+3)
2026-05-01 22:30,2026-05-01,GBP,CFTC GBP Non-Commercial Net Positions,MARKET,MODERATE,Y,-60.6,0.0,-52.0,MT5 economic calendar (broker time UTC+3)
2026-05-01 22:30,2026-05-01,JPY,CFTC JPY Non-Commercial Net Positions,MARKET,MODERATE,Y,-102.1,0.0,-94.5,MT5 economic calendar (broker time UTC+3)
2026-05-01 22:30,2026-05-01,MXN,CFTC MXN Non-Commercial Net Positions,MARKET,LOW,Y,67.8,0.0,67.7,MT5 economic calendar (broker time UTC+3)
2026-05-01 22:30,2026-05-01,NZD,CFTC NZD Non-Commercial Net Positions,MARKET,LOW,Y,-46.3,0.0,-48.5,MT5 economic calendar (broker time UTC+3)
2026-05-01 22:30,2026-05-01,USD,CFTC Aluminium Non-Commercial Net Positions,MARKET,LOW,Y,0.0,0.0,0.4,MT5 economic calendar (broker time UTC+3)
2026-05-01 22:30,2026-05-01,USD,CFTC Copper Non-Commercial Net Positions,MARKET,LOW,Y,63.3,0.0,59.2,MT5 economic calendar (broker time UTC+3)
2026-05-01 22:30,2026-05-01,USD,CFTC Corn Non-Commercial Net Positions,MARKET,LOW,Y,340.7,0.0,263.7,MT5 economic calendar (broker time UTC+3)
2026-05-01 22:30,2026-05-01,USD,CFTC Crude Oil Non-Commercial Net Positions,MARKET,MODERATE,Y,191.9,0.0,192.3,MT5 economic calendar (broker time UTC+3)
2026-05-01 22:30,2026-05-01,USD,CFTC Gold Non-Commercial Net Positions,MARKET,MODERATE,Y,159.6,0.0,164.0,MT5 economic calendar (broker time UTC+3)
2026-05-01 22:30,2026-05-01,USD,CFTC Nasdaq 100 Non-Commercial Net Positions,MARKET,MODERATE,Y,-2.3,0.0,9.4,MT5 economic calendar (broker time UTC+3)
2026-05-01 22:30,2026-05-01,USD,CFTC Natural Gas Non-Commercial Net Positions,MARKET,LOW,Y,-166.3,0.0,-168.3,MT5 economic calendar (broker time UTC+3)
2026-05-01 22:30,2026-05-01,USD,CFTC S&P 500 Non-Commercial Net Positions,MARKET,MODERATE,Y,-101.4,0.0,-110.1,MT5 economic calendar (broker time UTC+3)
2026-05-01 22:30,2026-05-01,USD,CFTC Silver Non-Commercial Net Positions,MARKET,LOW,Y,24.2,0.0,23.7,MT5 economic calendar (broker time UTC+3)
2026-05-01 22:30,2026-05-01,USD,CFTC Soybeans Non-Commercial Net Positions,MARKET,LOW,Y,193.9,0.0,211.1,MT5 economic calendar (broker time UTC+3)
2026-05-01 22:30,2026-05-01,USD,CFTC Wheat Non-Commercial Net Positions,MARKET,LOW,Y,0.9,0.0,-25.5,MT5 economic calendar (broker time UTC+3)
2026-05-01 22:30,2026-05-01,ZAR,CFTC ZAR Non-Commercial Net Positions,MARKET,LOW,Y,6.9,0.0,6.4,MT5 economic calendar (broker time UTC+3)
2026-05-02 00:00,2026-05-02,CNY,Labor Day,HOLIDAYS,NONE,Y,0.0,0.0,0.0,MT5 economic calendar (broker time UTC+3)
2026-05-02 16:00,2026-05-02,SGD,SIPMM PMI,BUSINESS,LOW,Y,50.7,50.4,50.5,MT5 economic calendar (broker time UTC+3)
2026-05-03 00:00,2026-05-03,CNY,Labor Day,HOLIDAYS,NONE,Y,0.0,0.0,0.0,MT5 economic calendar (broker time UTC+3)
2026-05-03 00:00,2026-05-03,JPY,Constitution Memorial Day,HOLIDAYS,NONE,Y,0.0,0.0,0.0,MT5 economic calendar (broker time UTC+3)
2026-05-04 00:00,2026-05-04,CNY,Labor Day,HOLIDAYS,NONE,Y,0.0,0.0,0.0,MT5 economic calendar (broker time UTC+3)
2026-05-04 00:00,2026-05-04,GBP,Early May Bank Holiday,HOLIDAYS,NONE,Y,0.0,0.0,0.0,MT5 economic calendar (broker time UTC+3)
2026-05-04 00:00,2026-05-04,JPY,Greenery Day,HOLIDAYS,NONE,Y,0.0,0.0,0.0,MT5 economic calendar (broker time UTC+3)
2026-05-04 03:30,2026-05-04,KRW,S&P Global Manufacturing PMI,BUSINESS,LOW,Y,53.6,51.9,52.6,MT5 economic calendar (broker time UTC+3)
2026-05-04 04:30,2026-05-04,AUD,ANZ Job Advertisements m/m,JOBS,LOW,Y,-0.8,-0.2,-3.1,MT5 economic calendar (broker time UTC+3)
2026-05-04 04:30,2026-05-04,AUD,Building Approvals m/m,BUSINESS,MODERATE,Y,-10.5,13.1,29.7,MT5 economic calendar (broker time UTC+3)
2026-05-04 04:30,2026-05-04,AUD,Private House Approvals m/m,BUSINESS,LOW,Y,0.9,0.0,0.2,MT5 economic calendar (broker time UTC+3)
2026-05-04 08:00,2026-05-04,INR,S&P Global Manufacturing PMI,BUSINESS,LOW,Y,54.7,56.1,53.8,MT5 economic calendar (broker time UTC+3)
2026-05-04 09:30,2026-05-04,SEK,Silf/Swedbank Manufacturing PMI,BUSINESS,LOW,Y,57.2,55.8,56.3,MT5 economic calendar (broker time UTC+3)
2026-05-04 10:00,2026-05-04,EUR,New Car Registrations m/m,BUSINESS,LOW,Y,-20.3,0.0,43.8,MT5 economic calendar (broker time UTC+3)
2026-05-04 10:00,2026-05-04,EUR,New Car Registrations y/y,BUSINESS,LOW,Y,-0.3,0.0,12.9,MT5 economic calendar (broker time UTC+3)
2026-05-04 10:15,2026-05-04,EUR,S&P Global Manufacturing PMI,BUSINESS,MODERATE,Y,51.7,49.2,48.7,MT5 economic calendar (broker time UTC+3)
2026-05-04 10:30,2026-05-04,CHF,procure.ch Manufacturing PMI,BUSINESS,MODERATE,Y,54.5,47.4,50.0,MT5 economic calendar (broker time UTC+3)
2026-05-04 10:45,2026-05-04,EUR,S&P Global Manufacturing PMI,BUSINESS,MODERATE,Y,52.1,50.9,51.3,MT5 economic calendar (broker time UTC+3)
2026-05-04 10:50,2026-05-04,EUR,S&P Global Manufacturing PMI,BUSINESS,MODERATE,Y,52.8,52.8,52.8,MT5 economic calendar (broker time UTC+3)
2026-05-04 10:55,2026-05-04,EUR,S&P Global Manufacturing PMI,BUSINESS,MODERATE,Y,51.4,51.2,51.2,MT5 economic calendar (broker time UTC+3)
2026-05-04 11:00,2026-05-04,EUR,S&P Global Manufacturing PMI,BUSINESS,MODERATE,Y,52.2,52.2,52.2,MT5 economic calendar (broker time UTC+3)
2026-05-04 11:00,2026-05-04,NOK,DNB/NIMA Manufacturing PMI,BUSINESS,LOW,Y,0.0,0.0,53.0,MT5 economic calendar (broker time UTC+3)
2026-05-04 11:30,2026-05-04,EUR,Sentix Investor Confidence,BUSINESS,LOW,Y,-16.4,-6.3,-19.2,MT5 economic calendar (broker time UTC+3)
2026-05-04 12:00,2026-05-04,ZAR,Absa Manufacturing PMI,BUSINESS,LOW,Y,52.6,53.4,49.0,MT5 economic calendar (broker time UTC+3)
2026-05-04 14:30,2026-05-04,BRL,BCB Focus Market Report,MONEY,MODERATE,Y,0.0,0.0,0.0,MT5 economic calendar (broker time UTC+3)
2026-05-04 15:00,2026-05-04,ZAR,Total New Vehicle Sales,BUSINESS,LOW,Y,47.979,0.0,58.06,MT5 economic calendar (broker time UTC+3)
2026-05-04 15:00,2026-05-04,ZAR,Total New Vehicle Sales m/m,BUSINESS,LOW,Y,-17.4,0.0,8.8,MT5 economic calendar (broker time UTC+3)
2026-05-04 15:00,2026-05-04,ZAR,Total New Vehicle Sales y/y,BUSINESS,LOW,Y,13.0,14.4,17.3,MT5 economic calendar (broker time UTC+3)
2026-05-04 15:30,2026-05-04,EUR,ECB Vice President de Guindos Speech,MONEY,MODERATE,Y,0.0,0.0,0.0,MT5 economic calendar (broker time UTC+3)
2026-05-04 15:55,2026-05-04,EUR,12-Month BTF Auction,MARKET,LOW,Y,2.67,0.0,2.551,MT5 economic calendar (broker time UTC+3)
2026-05-04 15:55,2026-05-04,EUR,3-Month BTF Auction,MARKET,LOW,Y,2.219,0.0,2.192,MT5 economic calendar (broker time UTC+3)
2026-05-04 15:55,2026-05-04,EUR,6-Month BTF Auction,MARKET,LOW,Y,2.476,0.0,2.342,MT5 economic calendar (broker time UTC+3)
2026-05-04 16:00,2026-05-04,BRL,S&P Global Manufacturing PMI,BUSINESS,LOW,Y,52.6,48.7,49.0,MT5 economic calendar (broker time UTC+3)
2026-05-04 17:00,2026-05-04,USD,Factory Orders excl. Transportation m/m,BUSINESS,LOW,Y,1.6,0.6,1.2,MT5 economic calendar (broker time UTC+3)
2026-05-04 17:00,2026-05-04,USD,Factory Orders m/m,BUSINESS,MODERATE,Y,1.5,1.7,0.0,MT5 economic calendar (broker time UTC+3)
2026-05-04 17:00,2026-05-04,USD,Nondefense Capital Goods Shipments excl. Aircraft m/m,BUSINESS,LOW,Y,1.2,1.2,1.2,MT5 economic calendar (broker time UTC+3)
2026-05-04 18:00,2026-05-04,MXN,S&P Global Manufacturing PMI,BUSINESS,LOW,Y,47.7,50.1,48.9,MT5 economic calendar (broker time UTC+3)
2026-05-04 18:30,2026-05-04,USD,3-Month Bill Auction,MARKET,LOW,Y,3.61,0.0,3.59,MT5 economic calendar (broker time UTC+3)
2026-05-04 18:30,2026-05-04,USD,6-Month Bill Auction,MARKET,LOW,Y,3.61,0.0,3.59,MT5 economic calendar (broker time UTC+3)
2026-05-04 19:00,2026-05-04,EUR,New Car Registrations m/m,BUSINESS,LOW,Y,-16.3,0.0,17.8,MT5 economic calendar (broker time UTC+3)
2026-05-04 19:00,2026-05-04,EUR,New Car Registrations y/y,BUSINESS,LOW,Y,11.6,0.0,7.6,MT5 economic calendar (broker time UTC+3)
2026-05-04 21:00,2026-05-04,USD,Fed Senior Loan Officer Opinion Survey on Bank Lending Practices,MONEY,LOW,Y,0.0,0.0,0.0,MT5 economic calendar (broker time UTC+3)
2026-05-05 00:00,2026-05-05,CNY,Labor Day,HOLIDAYS,NONE,Y,0.0,0.0,0.0,MT5 economic calendar (broker time UTC+3)
2026-05-05 00:00,2026-05-05,JPY,Children's Day,HOLIDAYS,NONE,Y,0.0,0.0,0.0,MT5 economic calendar (broker time UTC+3)
2026-05-05 00:00,2026-05-05,KRW,Children's Day,HOLIDAYS,NONE,Y,0.0,0.0,0.0,MT5 economic calendar (broker time UTC+3)
2026-05-05 00:00,2026-05-05,MXN,Anniversary of the Battle of Puebla,HOLIDAYS,NONE,Y,0.0,0.0,0.0,MT5 economic calendar (broker time UTC+3)
2026-05-05 02:00,2026-05-05,AUD,S&P Global Composite PMI,BUSINESS,MODERATE,Y,50.4,0.0,46.6,MT5 economic calendar (broker time UTC+3)
2026-05-05 02:00,2026-05-05,AUD,S&P Global Services PMI,BUSINESS,MODERATE,Y,50.7,48.8,46.3,MT5 economic calendar (broker time UTC+3)
2026-05-05 04:00,2026-05-05,NZD,ANZ Commodity Price Index m/m,PRICES,LOW,Y,-0.8,1.6,4.1,MT5 economic calendar (broker time UTC+3)
2026-05-05 07:30,2026-05-05,AUD,RBA Interest Rate Decision,MONEY,HIGH,Y,4.35,0.0,4.1,MT5 economic calendar (broker time UTC+3)
2026-05-05 07:30,2026-05-05,AUD,RBA Monetary Policy Statement,MONEY,MODERATE,Y,0.0,0.0,0.0,MT5 economic calendar (broker time UTC+3)
2026-05-05 07:30,2026-05-05,AUD,RBA Rate Statement,MONEY,MODERATE,Y,0.0,0.0,0.0,MT5 economic calendar (broker time UTC+3)
2026-05-05 08:00,2026-05-05,SGD,Retail Sales m/m,CONSUMER,LOW,Y,3.7,0.0,-4.1,MT5 economic calendar (broker time UTC+3)
2026-05-05 08:00,2026-05-05,SGD,Retail Sales y/y,CONSUMER,LOW,Y,4.8,0.0,8.3,MT5 economic calendar (broker time UTC+3)
2026-05-05 09:30,2026-05-05,CHF,CPI m/m,PRICES,MODERATE,Y,0.3,0.1,0.2,MT5 economic calendar (broker time UTC+3)
2026-05-05 09:30,2026-05-05,CHF,CPI y/y,PRICES,LOW,Y,0.6,0.4,0.3,MT5 economic calendar (broker time UTC+3)
2026-05-05 09:45,2026-05-05,EUR,Government Budget Balance,GOVERNMENT,LOW,Y,-42.9,0.0,-32.1,MT5 economic calendar (broker time UTC+3)
2026-05-05 10:00,2026-05-05,EUR,Unemployment Change,JOBS,MODERATE,Y,-62.668,0.0,0.0,MT5 economic calendar (broker time UTC+3)
2026-05-05 11:00,2026-05-05,BRL,FIPE CPI m/m,PRICES,MODERATE,Y,0.4,0.32,0.59,MT5 economic calendar (broker time UTC+3)
2026-05-05 11:00,2026-05-05,GBP,New Car Registrations m/m,BUSINESS,LOW,Y,0.0,0.0,322.4,MT5 economic calendar (broker time UTC+3)
2026-05-05 11:00,2026-05-05,GBP,New Car Registrations y/y,BUSINESS,LOW,Y,24.0,0.0,6.6,MT5 economic calendar (broker time UTC+3)
2026-05-05 11:30,2026-05-05,HKD,GDP q/q,GDP,LOW,Y,2.9,0.8,1.0,MT5 economic calendar (broker time UTC+3)
2026-05-05 11:30,2026-05-05,HKD,GDP y/y,GDP,LOW,Y,5.9,3.8,3.8,MT5 economic calendar (broker time UTC+3)
2026-05-05 12:07,2026-05-05,EUR,12-Month Letras Auction,MARKET,LOW,Y,2.635,0.0,2.611,MT5 economic calendar (broker time UTC+3)
2026-05-05 12:07,2026-05-05,EUR,6-Month Letras Auction,MARKET,LOW,Y,2.357,0.0,2.362,MT5 economic calendar (broker time UTC+3)
2026-05-05 12:30,2026-05-05,EUR,10-Year Bond Auction,MARKET,MODERATE,Y,3.0,0.0,3.08,MT5 economic calendar (broker time UTC+3)
2026-05-05 12:30,2026-05-05,EUR,5-Year Note Auction,MARKET,LOW,Y,2.68,0.0,2.74,MT5 economic calendar (broker time UTC+3)
2026-05-05 14:00,2026-05-05,BRL,BCB MPC (Copom) Minutes,MONEY,MODERATE,Y,0.0,0.0,0.0,MT5 economic calendar (broker time UTC+3)
2026-05-05 15:30,2026-05-05,CAD,Exports,TRADE,LOW,Y,72.773,0.0,66.311,MT5 economic calendar (broker time UTC+3)
2026-05-05 15:30,2026-05-05,CAD,Imports,TRADE,LOW,Y,70.994,0.0,72.054,MT5 economic calendar (broker time UTC+3)
2026-05-05 15:30,2026-05-05,CAD,Trade Balance,TRADE,MODERATE,Y,1.779,-4.981,-5.743,MT5 economic calendar (broker time UTC+3)
2026-05-05 15:30,2026-05-05,EUR,ECB President Lagarde Speech,MONEY,HIGH,Y,0.0,0.0,0.0,MT5 economic calendar (broker time UTC+3)
2026-05-05 15:30,2026-05-05,USD,Exports,TRADE,MODERATE,Y,320.859,0.0,314.787,MT5 economic calendar (broker time UTC+3)
2026-05-05 15:30,2026-05-05,USD,Imports,TRADE,MODERATE,Y,381.165,0.0,372.135,MT5 economic calendar (broker time UTC+3)
2026-05-05 15:30,2026-05-05,USD,Trade Balance,TRADE,MODERATE,Y,-60.307,-56.051,-57.347,MT5 economic calendar (broker time UTC+3)
2026-05-05 16:45,2026-05-05,USD,S&P Global Composite PMI,BUSINESS,MODERATE,Y,52.0,53.1,51.4,MT5 economic calendar (broker time UTC+3)
2026-05-05 16:45,2026-05-05,USD,S&P Global Services PMI,BUSINESS,HIGH,Y,51.0,50.6,49.8,MT5 economic calendar (broker time UTC+3)
2026-05-05 17:00,2026-05-05,USD,Fed Governor Bowman Speech,MONEY,MODERATE,Y,0.0,0.0,0.0,MT5 economic calendar (broker time UTC+3)
2026-05-05 17:00,2026-05-05,USD,ISM Non-Manufacturing Business Activity,BUSINESS,LOW,Y,55.9,53.4,53.9,MT5 economic calendar (broker time UTC+3)
2026-05-05 17:00,2026-05-05,USD,ISM Non-Manufacturing Employment,BUSINESS,MODERATE,Y,48.0,50.0,45.2,MT5 economic calendar (broker time UTC+3)
2026-05-05 17:00,2026-05-05,USD,ISM Non-Manufacturing New Orders,BUSINESS,LOW,Y,53.5,58.3,60.6,MT5 economic calendar (broker time UTC+3)
2026-05-05 17:00,2026-05-05,USD,ISM Non-Manufacturing PMI,BUSINESS,HIGH,Y,53.6,54.6,54.0,MT5 economic calendar (broker time UTC+3)
2026-05-05 17:00,2026-05-05,USD,ISM Non-Manufacturing Prices Paid,BUSINESS,HIGH,Y,70.7,67.4,70.7,MT5 economic calendar (broker time UTC+3)
2026-05-05 17:00,2026-05-05,USD,JOLTS Job Openings,JOBS,HIGH,Y,6.866,6.913,6.882,MT5 economic calendar (broker time UTC+3)
2026-05-05 17:00,2026-05-05,USD,New Home Sales,HOUSING,HIGH,Y,0.635,0.678,0.587,MT5 economic calendar (broker time UTC+3)
2026-05-05 17:00,2026-05-05,USD,New Home Sales m/m,HOUSING,MODERATE,Y,8.9,1.5,-17.6,MT5 economic calendar (broker time UTC+3)
2026-05-05 18:37,2026-05-05,NZD,GDT Price Index,PRICES,LOW,Y,1.5,0.1,-2.7,MT5 economic calendar (broker time UTC+3)
2026-05-05 18:40,2026-05-05,EUR,ECB Executive Board Member Lane Speech,MONEY,MODERATE,Y,0.0,0.0,0.0,MT5 economic calendar (broker time UTC+3)
2026-05-05 19:30,2026-05-05,GBP,BoE Deputy Governor for Prudential Regulation Woods Speech,MONEY,MODERATE,Y,0.0,0.0,0.0,MT5 economic calendar (broker time UTC+3)
2026-05-05 19:30,2026-05-05,USD,Fed Vice Chair for Supervision Barr Speech,MONEY,MODERATE,Y,0.0,0.0,0.0,MT5 economic calendar (broker time UTC+3)
2026-05-06 00:00,2026-05-06,JPY,Constitution Memorial Day,HOLIDAYS,NONE,Y,0.0,0.0,0.0,MT5 economic calendar (broker time UTC+3)
2026-05-06 00:00,2026-05-06,NZD,RBNZ Financial Stability Report,MONEY,MODERATE,Y,0.0,0.0,0.0,MT5 economic calendar (broker time UTC+3)
2026-05-06 01:45,2026-05-06,NZD,Employment Change q/q,JOBS,HIGH,Y,0.2,0.4,0.5,MT5 economic calendar (broker time UTC+3)
2026-05-06 01:45,2026-05-06,NZD,Labor Cost Index q/q,JOBS,LOW,Y,0.5,0.4,0.4,MT5 economic calendar (broker time UTC+3)
2026-05-06 01:45,2026-05-06,NZD,Labor Cost Index y/y,JOBS,LOW,Y,2.0,2.0,2.0,MT5 economic calendar (broker time UTC+3)
2026-05-06 01:45,2026-05-06,NZD,Participation Rate,JOBS,LOW,Y,70.4,70.6,70.5,MT5 economic calendar (broker time UTC+3)
2026-05-06 01:45,2026-05-06,NZD,Unemployment Rate,JOBS,LOW,Y,5.3,5.5,5.4,MT5 economic calendar (broker time UTC+3)
2026-05-06 02:00,2026-05-06,AUD,Ai Group Construction Index,BUSINESS,LOW,Y,-19.3,0.0,-31.4,MT5 economic calendar (broker time UTC+3)
2026-05-06 02:00,2026-05-06,AUD,Ai Group Industry Index,BUSINESS,MODERATE,Y,-24.4,0.0,-23.6,MT5 economic calendar (broker time UTC+3)
2026-05-06 02:00,2026-05-06,AUD,Ai Group Manufacturing Index,BUSINESS,LOW,Y,-27.9,0.0,-27.9,MT5 economic calendar (broker time UTC+3)
2026-05-06 02:00,2026-05-06,KRW,CPI m/m,PRICES,LOW,Y,0.5,0.0,0.0,MT5 economic calendar (broker time UTC+3)
2026-05-06 02:00,2026-05-06,KRW,CPI y/y,PRICES,LOW,Y,2.6,0.0,0.0,MT5 economic calendar (broker time UTC+3)
2026-05-06 02:00,2026-05-06,NZD,RBNZ Governor Orr Speech,MONEY,HIGH,Y,0.0,0.0,0.0,MT5 economic calendar (broker time UTC+3)
2026-05-06 03:30,2026-05-06,HKD,S&P Global PMI,BUSINESS,LOW,Y,48.6,50.7,49.3,MT5 economic calendar (broker time UTC+3)
2026-05-06 03:30,2026-05-06,SGD,S&P Global PMI,BUSINESS,LOW,Y,57.9,0.0,56.7,MT5 economic calendar (broker time UTC+3)
2026-05-06 04:30,2026-05-06,AUD,RBA Chart Pack,MONEY,LOW,Y,0.0,0.0,0.0,MT5 economic calendar (broker time UTC+3)
2026-05-06 04:45,2026-05-06,CNY,Caixin Composite PMI,BUSINESS,MODERATE,Y,53.1,0.0,51.5,MT5 economic calendar (broker time UTC+3)
2026-05-06 04:45,2026-05-06,CNY,Caixin Services PMI,BUSINESS,MODERATE,Y,52.6,55.8,56.7,MT5 economic calendar (broker time UTC+3)
2026-05-06 08:00,2026-05-06,INR,S&P Global Composite PMI,BUSINESS,MODERATE,Y,58.2,0.0,57.0,MT5 economic calendar (broker time UTC+3)
2026-05-06 08:00,2026-05-06,INR,S&P Global Services PMI,BUSINESS,LOW,Y,58.8,58.3,57.5,MT5 economic calendar (broker time UTC+3)
2026-05-06 09:30,2026-05-06,SEK,Silf/Swedbank Composite PMI,BUSINESS,LOW,Y,53.8,0.0,55.9,MT5 economic calendar (broker time UTC+3)
2026-05-06 09:30,2026-05-06,SEK,Silf/Swedbank Services PMI,BUSINESS,LOW,Y,52.5,50.5,55.7,MT5 economic calendar (broker time UTC+3)
2026-05-06 09:45,2026-05-06,EUR,Industrial Production m/m,BUSINESS,LOW,Y,-0.9,1.2,0.2,MT5 economic calendar (broker time UTC+3)
2026-05-06 10:15,2026-05-06,EUR,S&P Global Composite PMI,BUSINESS,MODERATE,Y,48.7,0.0,52.4,MT5 economic calendar (broker time UTC+3)
2026-05-06 10:15,2026-05-06,EUR,S&P Global Services PMI,BUSINESS,MODERATE,Y,47.9,53.7,53.3,MT5 economic calendar (broker time UTC+3)
2026-05-06 10:15,2026-05-06,ZAR,S&P Global PMI,BUSINESS,LOW,Y,51.6,50.8,50.8,MT5 economic calendar (broker time UTC+3)
2026-05-06 10:45,2026-05-06,EUR,S&P Global Composite PMI,BUSINESS,LOW,Y,50.5,0.0,49.2,MT5 economic calendar (broker time UTC+3)
2026-05-06 10:45,2026-05-06,EUR,S&P Global Services PMI,BUSINESS,MODERATE,Y,49.8,52.9,48.8,MT5 economic calendar (broker time UTC+3)
2026-05-06 10:50,2026-05-06,EUR,S&P Global Composite PMI,BUSINESS,LOW,Y,47.6,47.6,47.6,MT5 economic calendar (broker time UTC+3)
2026-05-06 10:50,2026-05-06,EUR,S&P Global Services PMI,BUSINESS,MODERATE,Y,46.5,46.5,46.5,MT5 economic calendar (broker time UTC+3)
2026-05-06 10:55,2026-05-06,EUR,S&P Global Composite PMI,BUSINESS,LOW,Y,48.4,48.3,48.3,MT5 economic calendar (broker time UTC+3)
2026-05-06 10:55,2026-05-06,EUR,S&P Global Services PMI,BUSINESS,MODERATE,Y,46.9,46.9,46.9,MT5 economic calendar (broker time UTC+3)
2026-05-06 11:00,2026-05-06,EUR,Retail Sales m/m,CONSUMER,LOW,Y,0.8,0.0,0.0,MT5 economic calendar (broker time UTC+3)
2026-05-06 11:00,2026-05-06,EUR,Retail Sales y/y,CONSUMER,LOW,Y,3.7,3.8,1.6,MT5 economic calendar (broker time UTC+3)
2026-05-06 11:00,2026-05-06,EUR,S&P Global Composite PMI,BUSINESS,MODERATE,Y,48.8,48.6,48.6,MT5 economic calendar (broker time UTC+3)
2026-05-06 11:00,2026-05-06,EUR,S&P Global Services PMI,BUSINESS,MODERATE,Y,47.6,47.4,47.4,MT5 economic calendar (broker time UTC+3)
2026-05-06 11:30,2026-05-06,GBP,S&P Global/CIPS Composite PMI,BUSINESS,MODERATE,Y,52.6,0.0,52.0,MT5 economic calendar (broker time UTC+3)
2026-05-06 11:30,2026-05-06,GBP,S&P Global/CIPS Services PMI,BUSINESS,MODERATE,Y,52.7,52.0,52.0,MT5 economic calendar (broker time UTC+3)
2026-05-06 11:30,2026-05-06,HKD,Retail Sales y/y,CONSUMER,LOW,Y,12.8,16.6,19.3,MT5 economic calendar (broker time UTC+3)
2026-05-06 12:00,2026-05-06,EUR,PPI m/m,PRICES,LOW,Y,3.4,-1.0,-0.7,MT5 economic calendar (broker time UTC+3)
2026-05-06 12:00,2026-05-06,EUR,PPI y/y,PRICES,LOW,Y,2.1,-3.8,-3.0,MT5 economic calendar (broker time UTC+3)
2026-05-06 12:00,2026-05-06,NOK,HPI n.s.a. m/m,HOUSING,LOW,Y,1.0,0.0,0.4,MT5 economic calendar (broker time UTC+3)
2026-05-06 12:00,2026-05-06,NOK,HPI s.a. m/m,HOUSING,LOW,Y,0.6,0.0,0.1,MT5 economic calendar (broker time UTC+3)
2026-05-06 12:00,2026-05-06,NOK,HPI y/y,HOUSING,LOW,Y,3.8,1.9,3.0,MT5 economic calendar (broker time UTC+3)
2026-05-06 15:00,2026-05-06,MXN,Gross Fixed Investments m/m,BUSINESS,LOW,Y,-0.8,0.4,-1.1,MT5 economic calendar (broker time UTC+3)
2026-05-06 15:00,2026-05-06,MXN,Gross Fixed Investments n.s.a. y/y,BUSINESS,LOW,Y,-3.6,-1.3,-2.2,MT5 economic calendar (broker time UTC+3)
2026-05-06 15:15,2026-05-06,USD,ADP Nonfarm Employment Change,JOBS,HIGH,Y,0.0,26.0,62.0,MT5 economic calendar (broker time UTC+3)
2026-05-06 16:00,2026-05-06,BRL,S&P Global Composite PMI,BUSINESS,LOW,Y,0.0,49.6,49.9,MT5 economic calendar (broker time UTC+3)
2026-05-06 16:00,2026-05-06,BRL,S&P Global Services PMI,BUSINESS,LOW,Y,52.3,53.5,50.1,MT5 economic calendar (broker time UTC+3)
2026-05-06 17:30,2026-05-06,USD,EIA Crude Oil Imports Change,BUSINESS,LOW,Y,1.415,1.527,-1.968,MT5 economic calendar (broker time UTC+3)
2026-05-06 17:30,2026-05-06,USD,EIA Crude Oil Stocks Change,BUSINESS,HIGH,Y,-2.313,3.891,-6.234,MT5 economic calendar (broker time UTC+3)
2026-05-06 17:30,2026-05-06,USD,EIA Cushing Crude Oil Stocks Change,BUSINESS,MODERATE,Y,-0.648,-0.452,-0.796,MT5 economic calendar (broker time UTC+3)
2026-05-06 17:30,2026-05-06,USD,EIA Distillate Fuel Production Change,BUSINESS,LOW,Y,-0.024,0.049,-0.013,MT5 economic calendar (broker time UTC+3)
2026-05-06 17:30,2026-05-06,USD,EIA Distillates Stocks Change,BUSINESS,LOW,Y,-1.294,-0.336,-4.494,MT5 economic calendar (broker time UTC+3)
2026-05-06 17:30,2026-05-06,USD,EIA Gasoline Production Change,BUSINESS,LOW,Y,-0.275,0.136,-0.238,MT5 economic calendar (broker time UTC+3)
2026-05-06 17:30,2026-05-06,USD,EIA Gasoline Stocks Change,BUSINESS,LOW,Y,-2.504,-5.46,-6.075,MT5 economic calendar (broker time UTC+3)
2026-05-06 17:30,2026-05-06,USD,EIA Heating Oil Stocks Change,BUSINESS,LOW,Y,-0.038,0.001,-0.625,MT5 economic calendar (broker time UTC+3)
2026-05-06 17:30,2026-05-06,USD,EIA Refinery Crude Oil Daily Inputs Change,BUSINESS,LOW,Y,-0.042,0.0,0.084,MT5 economic calendar (broker time UTC+3)
2026-05-06 17:30,2026-05-06,USD,EIA Refinery Utilization Rate Change,BUSINESS,LOW,Y,0.5,0.0,0.5,MT5 economic calendar (broker time UTC+3)
2026-05-06 20:30,2026-05-06,BRL,Foreign Exchange Flows,MONEY,LOW,Y,3.307,3.876,9.184,MT5 economic calendar (broker time UTC+3)
2026-05-07 00:00,2026-05-07,KRW,Foreign Exchange Reserves,MONEY,LOW,Y,427.88,424.37,423.66,MT5 economic calendar (broker time UTC+3)
2026-05-07 02:50,2026-05-07,JPY,BoJ Monetary Base y/y,MONEY,LOW,Y,-11.3,-11.1,-11.6,MT5 economic calendar (broker time UTC+3)
2026-05-07 02:50,2026-05-07,JPY,BoJ Monetary Policy Meeting Minutes,MONEY,MODERATE,Y,0.0,0.0,0.0,MT5 economic calendar (broker time UTC+3)
2026-05-07 04:30,2026-05-07,AUD,Exports m/m,TRADE,LOW,Y,-2.7,0.0,4.9,MT5 economic calendar (broker time UTC+3)
2026-05-07 04:30,2026-05-07,AUD,Imports m/m,TRADE,LOW,Y,14.1,0.0,-3.2,MT5 economic calendar (broker time UTC+3)
2026-05-07 04:30,2026-05-07,AUD,Trade Balance,TRADE,MODERATE,Y,-1.841,4.403,5.686,MT5 economic calendar (broker time UTC+3)
2026-05-07 08:45,2026-05-07,CHF,Unemployment Rate,JOBS,LOW,Y,3.0,3.0,3.0,MT5 economic calendar (broker time UTC+3)
2026-05-07 08:45,2026-05-07,CHF,Unemployment Rate n.s.a.,JOBS,LOW,Y,3.0,3.0,3.1,MT5 economic calendar (broker time UTC+3)
2026-05-07 09:00,2026-05-07,EUR,Factory Orders m/m,BUSINESS,MODERATE,Y,5.0,-9.6,0.9,MT5 economic calendar (broker time UTC+3)
2026-05-07 09:00,2026-05-07,EUR,Factory Orders y/y,BUSINESS,MODERATE,Y,6.3,4.3,3.5,MT5 economic calendar (broker time UTC+3)
2026-05-07 09:45,2026-05-07,EUR,Exports,TRADE,LOW,Y,52.459,0.0,52.013,MT5 economic calendar (broker time UTC+3)
2026-05-07 09:45,2026-05-07,EUR,Imports,TRADE,LOW,Y,59.323,0.0,57.791,MT5 economic calendar (broker time UTC+3)
2026-05-07 09:45,2026-05-07,EUR,Trade Balance,TRADE,LOW,Y,-6.864,-3.482,-5.778,MT5 economic calendar (broker time UTC+3)
2026-05-07 10:00,2026-05-07,CHF,Foreign Currency Reserves,MONEY,LOW,Y,715.734,0.0,721.218,MT5 economic calendar (broker time UTC+3)
2026-05-07 10:15,2026-05-07,EUR,ECB Vice President de Guindos Speech,MONEY,MODERATE,Y,0.0,0.0,0.0,MT5 economic calendar (broker time UTC+3)
2026-05-07 10:30,2026-05-07,EUR,S&P Global Construction PMI,BUSINESS,LOW,Y,38.1,0.0,38.4,MT5 economic calendar (broker time UTC+3)
2026-05-07 11:27,2026-05-07,CNY,Foreign Exchange Reserves,MONEY,LOW,Y,3.411,3.346,3.342,MT5 economic calendar (broker time UTC+3)
2026-05-07 11:30,2026-05-07,GBP,S&P Global/CIPS Construction PMI,BUSINESS,MODERATE,Y,39.7,45.4,45.6,MT5 economic calendar (broker time UTC+3)
2026-05-07 11:30,2026-05-07,HKD,Foreign Exchange Reserves,MONEY,LOW,Y,442.1,434.1,430.8,MT5 economic calendar (broker time UTC+3)
2026-05-07 11:59,2026-05-07,EUR,10-Year OAT Auction,MARKET,LOW,Y,3.61,0.0,3.73,MT5 economic calendar (broker time UTC+3)
2026-05-07 12:00,2026-05-07,EUR,Retail Sales m/m,CONSUMER,LOW,Y,-0.1,0.3,-0.2,MT5 economic calendar (broker time UTC+3)
2026-05-07 12:00,2026-05-07,EUR,Retail Sales y/y,CONSUMER,LOW,Y,1.2,2.3,1.7,MT5 economic calendar (broker time UTC+3)
2026-05-07 12:00,2026-05-07,SGD,Foreign Exchange Reserves,MONEY,LOW,Y,427.3,0.0,419.2,MT5 economic calendar (broker time UTC+3)
2026-05-07 12:43,2026-05-07,EUR,10-Year Obligacion Auction,MARKET,LOW,Y,3.392,0.0,3.435,MT5 economic calendar (broker time UTC+3)
2026-05-07 12:43,2026-05-07,EUR,3-Year Bonos Auction,MARKET,LOW,Y,2.675,0.0,2.734,MT5 economic calendar (broker time UTC+3)
2026-05-07 13:00,2026-05-07,EUR,New Car Registrations m/m,BUSINESS,LOW,Y,-15.3,0.0,39.2,MT5 economic calendar (broker time UTC+3)
2026-05-07 13:00,2026-05-07,EUR,New Car Registrations y/y,BUSINESS,LOW,Y,2.7,0.0,16.0,MT5 economic calendar (broker time UTC+3)
2026-05-07 15:00,2026-05-07,BRL,Industrial Production m/m,BUSINESS,LOW,Y,0.1,-0.4,0.9,MT5 economic calendar (broker time UTC+3)
2026-05-07 15:00,2026-05-07,BRL,Industrial Production y/y,BUSINESS,MODERATE,Y,4.3,-0.8,-0.7,MT5 economic calendar (broker time UTC+3)
2026-05-07 15:00,2026-05-07,EUR,ECB Executive Board Member Elderson Speech,MONEY,MODERATE,Y,0.0,0.0,0.0,MT5 economic calendar (broker time UTC+3)
2026-05-07 15:00,2026-05-07,MXN,CPI m/m,PRICES,MODERATE,Y,0.2,0.63,0.86,MT5 economic calendar (broker time UTC+3)
2026-05-07 15:00,2026-05-07,MXN,CPI y/y,PRICES,MODERATE,Y,4.45,5.25,4.59,MT5 economic calendar (broker time UTC+3)
2026-05-07 15:00,2026-05-07,MXN,Core CPI m/m,PRICES,LOW,Y,0.31,0.54,0.38,MT5 economic calendar (broker time UTC+3)
2026-05-07 15:30,2026-05-07,USD,Continuing Jobless Claims,JOBS,MODERATE,Y,1.766,1.82,1.785,MT5 economic calendar (broker time UTC+3)
2026-05-07 15:30,2026-05-07,USD,Initial Jobless Claims,JOBS,HIGH,Y,200.0,204.0,189.0,MT5 economic calendar (broker time UTC+3)
2026-05-07 15:30,2026-05-07,USD,Initial Jobless Claims 4-Week Average,JOBS,LOW,Y,203.25,208.96,207.5,MT5 economic calendar (broker time UTC+3)
2026-05-07 15:30,2026-05-07,USD,Nonfarm Productivity q/q,JOBS,MODERATE,Y,0.8,0.7,1.8,MT5 economic calendar (broker time UTC+3)
2026-05-07 15:30,2026-05-07,USD,Unit Labor Costs q/q,JOBS,MODERATE,Y,2.3,4.5,4.4,MT5 economic calendar (broker time UTC+3)
2026-05-07 17:00,2026-05-07,USD,Construction Spending m/m,HOUSING,MODERATE,Y,0.6,-0.4,-0.3,MT5 economic calendar (broker time UTC+3)
2026-05-07 17:30,2026-05-07,USD,EIA Natural Gas Storage Change,BUSINESS,LOW,Y,63.0,118.0,79.0,MT5 economic calendar (broker time UTC+3)
2026-05-07 18:30,2026-05-07,USD,4-Week Bill Auction,MARKET,LOW,Y,3.61,0.0,3.6,MT5 economic calendar (broker time UTC+3)
2026-05-07 18:30,2026-05-07,USD,8-Week Bill Auction,MARKET,LOW,Y,3.595,0.0,3.62,MT5 economic calendar (broker time UTC+3)
2026-05-07 20:00,2026-05-07,EUR,ECB Executive Board Member Schnabel Speech,MONEY,MODERATE,Y,0.0,0.0,0.0,MT5 economic calendar (broker time UTC+3)
2026-05-07 21:00,2026-05-07,BRL,Trade Balance,TRADE,LOW,Y,10.537,5.937,6.405,MT5 economic calendar (broker time UTC+3)
2026-05-07 22:00,2026-05-07,MXN,Bank of Mexico Interest Rate Decision,MONEY,MODERATE,Y,6.5,0.0,6.75,MT5 economic calendar (broker time UTC+3)
2026-05-07 22:00,2026-05-07,USD,Fed Consumer Credit m/m,CONSUMER,MODERATE,Y,24.86,11.12,9.48,MT5 economic calendar (broker time UTC+3)
2026-05-08 00:00,2026-05-08,EUR,Victory Day,HOLIDAYS,NONE,Y,0.0,0.0,0.0,MT5 economic calendar (broker time UTC+3)
2026-05-08 02:00,2026-05-08,KRW,Current Account,TRADE,LOW,Y,37.33,31.48,23.19,MT5 economic calendar (broker time UTC+3)
2026-05-08 03:30,2026-05-08,JPY,au Jibun Bank Composite PMI,BUSINESS,LOW,Y,52.2,0.0,53.0,MT5 economic calendar (broker time UTC+3)
2026-05-08 03:30,2026-05-08,JPY,au Jibun Bank Services PMI,BUSINESS,MODERATE,Y,51.0,53.1,53.4,MT5 economic calendar (broker time UTC+3)
2026-05-08 09:00,2026-05-08,EUR,Exports m/m,TRADE,LOW,Y,0.5,0.1,3.6,MT5 economic calendar (broker time UTC+3)
2026-05-08 09:00,2026-05-08,EUR,Imports m/m,TRADE,LOW,Y,5.1,2.3,4.7,MT5 economic calendar (broker time UTC+3)
2026-05-08 09:00,2026-05-08,EUR,Industrial Production m/m,BUSINESS,MODERATE,Y,-0.7,0.0,-0.3,MT5 economic calendar (broker time UTC+3)
2026-05-08 09:00,2026-05-08,EUR,Industrial Production y/y,BUSINESS,LOW,Y,-2.8,-0.8,0.0,MT5 economic calendar (broker time UTC+3)
2026-05-08 09:00,2026-05-08,EUR,Trade Balance,TRADE,MODERATE,Y,14.3,18.9,19.8,MT5 economic calendar (broker time UTC+3)
2026-05-08 09:00,2026-05-08,EUR,Trade Balance n.s.a.,TRADE,LOW,Y,19.9,16.1,20.4,MT5 economic calendar (broker time UTC+3)
2026-05-08 09:00,2026-05-08,NOK,Industrial Production m/m,BUSINESS,LOW,Y,-1.0,-0.8,-0.7,MT5 economic calendar (broker time UTC+3)
2026-05-08 09:00,2026-05-08,NOK,Industrial Production y/y,BUSINESS,LOW,Y,2.3,2.7,3.3,MT5 economic calendar (broker time UTC+3)
2026-05-08 09:00,2026-05-08,NOK,Manufacturing Production m/m,BUSINESS,LOW,Y,2.0,1.5,-0.4,MT5 economic calendar (broker time UTC+3)
2026-05-08 09:00,2026-05-08,NOK,Manufacturing Production y/y,BUSINESS,LOW,Y,3.2,9.6,-0.1,MT5 economic calendar (broker time UTC+3)
2026-05-08 09:00,2026-05-08,SEK,Household Consumption m/m,CONSUMER,LOW,Y,1.4,0.0,0.1,MT5 economic calendar (broker time UTC+3)
2026-05-08 09:00,2026-05-08,SEK,Household Consumption y/y,CONSUMER,LOW,Y,4.1,0.0,1.8,MT5 economic calendar (broker time UTC+3)
2026-05-08 09:00,2026-05-08,SEK,Industrial New Orders m/m,BUSINESS,LOW,Y,0.6,23.5,-4.4,MT5 economic calendar (broker time UTC+3)
2026-05-08 09:00,2026-05-08,SEK,Industrial New Orders y/y,BUSINESS,LOW,Y,-7.3,18.8,1.0,MT5 economic calendar (broker time UTC+3)
2026-05-08 09:00,2026-05-08,SEK,Industrial Production m/m,BUSINESS,LOW,Y,-2.0,6.3,5.1,MT5 economic calendar (broker time UTC+3)
2026-05-08 09:00,2026-05-08,SEK,Industrial Production y/y,BUSINESS,LOW,Y,3.4,10.5,7.1,MT5 economic calendar (broker time UTC+3)
2026-05-08 09:00,2026-05-08,SEK,Private Sector Production m/m,BUSINESS,LOW,Y,1.1,0.0,0.1,MT5 economic calendar (broker time UTC+3)
2026-05-08 09:00,2026-05-08,SEK,Private Sector Production y/y,BUSINESS,LOW,Y,4.9,0.0,3.6,MT5 economic calendar (broker time UTC+3)
2026-05-08 09:00,2026-05-08,ZAR,Gross International Reserves,MONEY,LOW,Y,77.089,83.004,77.759,MT5 economic calendar (broker time UTC+3)
2026-05-08 09:00,2026-05-08,ZAR,Net International Reserves,MONEY,LOW,Y,73.757,70.304,73.187,MT5 economic calendar (broker time UTC+3)
2026-05-08 10:00,2026-05-08,CHF,Consumer Climate,CONSUMER,LOW,Y,-40.0,-35.0,-30.0,MT5 economic calendar (broker time UTC+3)
2026-05-08 10:00,2026-05-08,EUR,ECB President Lagarde Speech,MONEY,HIGH,Y,0.0,0.0,0.0,MT5 economic calendar (broker time UTC+3)
2026-05-08 10:00,2026-05-08,EUR,Industrial Production y/y,BUSINESS,LOW,Y,1.8,-4.5,-1.1,MT5 economic calendar (broker time UTC+3)
2026-05-08 10:00,2026-05-08,GBP,Halifax HPI m/m,HOUSING,MODERATE,Y,-0.1,0.0,-0.5,MT5 economic calendar (broker time UTC+3)
2026-05-08 10:00,2026-05-08,GBP,Halifax HPI y/y,HOUSING,MODERATE,Y,0.4,0.0,0.8,MT5 economic calendar (broker time UTC+3)
2026-05-08 10:05,2026-05-08,EUR,ECB Vice President de Guindos Speech,MONEY,MODERATE,Y,0.0,0.0,0.0,MT5 economic calendar (broker time UTC+3)
2026-05-08 12:45,2026-05-08,USD,Fed Governor Cook Speech,MONEY,MODERATE,Y,0.0,0.0,0.0,MT5 economic calendar (broker time UTC+3)
2026-05-08 13:30,2026-05-08,INR,RBI M3 Money Supply y/y,MONEY,LOW,Y,12.0,13.8,11.9,MT5 economic calendar (broker time UTC+3)
2026-05-08 14:00,2026-05-08,BRL,FGV IGP-DI Inflation Index m/m,PRICES,LOW,Y,2.41,0.65,1.14,MT5 economic calendar (broker time UTC+3)
2026-05-08 14:30,2026-05-08,INR,Foreign Exchange Reserves,MONEY,LOW,Y,690.693,697.007,698.487,MT5 economic calendar (broker time UTC+3)
2026-05-08 15:00,2026-05-08,MXN,Consumer Confidence Indicator,CONSUMER,LOW,Y,44.4,44.5,44.1,MT5 economic calendar (broker time UTC+3)
2026-05-08 15:00,2026-05-08,MXN,Consumer Confidence Indicator n.s.a.,CONSUMER,LOW,Y,44.3,0.0,44.1,MT5 economic calendar (broker time UTC+3)
2026-05-08 15:30,2026-05-08,CAD,Employment Change,JOBS,MODERATE,Y,-17.7,59.9,14.1,MT5 economic calendar (broker time UTC+3)
2026-05-08 15:30,2026-05-08,CAD,Full-Time Employment Change,JOBS,LOW,Y,-46.7,0.0,-1.1,MT5 economic calendar (broker time UTC+3)
2026-05-08 15:30,2026-05-08,CAD,Part-Time Employment Change,JOBS,LOW,Y,29.0,0.0,15.2,MT5 economic calendar (broker time UTC+3)
2026-05-08 15:30,2026-05-08,CAD,Participation Rate,JOBS,LOW,Y,65.0,64.9,64.9,MT5 economic calendar (broker time UTC+3)
2026-05-08 15:30,2026-05-08,CAD,Unemployment Rate,JOBS,MODERATE,Y,6.9,6.9,6.7,MT5 economic calendar (broker time UTC+3)
2026-05-08 15:30,2026-05-08,USD,Average Hourly Earnings m/m,JOBS,HIGH,Y,0.2,0.3,0.2,MT5 economic calendar (broker time UTC+3)
2026-05-08 15:30,2026-05-08,USD,Average Hourly Earnings y/y,JOBS,MODERATE,Y,3.6,3.6,3.5,MT5 economic calendar (broker time UTC+3)
2026-05-08 15:30,2026-05-08,USD,Average Weekly Hours,JOBS,LOW,Y,34.3,34.3,34.2,MT5 economic calendar (broker time UTC+3)
2026-05-08 15:30,2026-05-08,USD,Government Payrolls,JOBS,LOW,Y,-8.0,7.0,-8.0,MT5 economic calendar (broker time UTC+3)
2026-05-08 15:30,2026-05-08,USD,Manufacturing Payrolls,JOBS,LOW,Y,-2.0,5.0,15.0,MT5 economic calendar (broker time UTC+3)
2026-05-08 15:30,2026-05-08,USD,Nonfarm Payrolls,JOBS,HIGH,Y,115.0,90.0,178.0,MT5 economic calendar (broker time UTC+3)
2026-05-08 15:30,2026-05-08,USD,Participation Rate,JOBS,MODERATE,Y,61.8,61.7,61.9,MT5 economic calendar (broker time UTC+3)
2026-05-08 15:30,2026-05-08,USD,Private Nonfarm Payrolls,JOBS,MODERATE,Y,123.0,68.0,186.0,MT5 economic calendar (broker time UTC+3)
2026-05-08 15:30,2026-05-08,USD,U6 Unemployment Rate,JOBS,MODERATE,Y,8.2,7.9,8.0,MT5 economic calendar (broker time UTC+3)
2026-05-08 15:30,2026-05-08,USD,Unemployment Rate,JOBS,HIGH,Y,4.3,4.3,4.3,MT5 economic calendar (broker time UTC+3)
2026-05-08 16:00,2026-05-08,BRL,ANFAVEA Auto Production m/m,BUSINESS,LOW,Y,-9.5,0.0,27.6,MT5 economic calendar (broker time UTC+3)
2026-05-08 16:00,2026-05-08,BRL,ANFAVEA Auto Sales m/m,BUSINESS,LOW,Y,-7.8,0.0,45.5,MT5 economic calendar (broker time UTC+3)
2026-05-08 17:00,2026-05-08,USD,Michigan 5-Year Inflation Expectations,PRICES,MODERATE,Y,3.4,3.6,3.5,MT5 economic calendar (broker time UTC+3)
2026-05-08 17:00,2026-05-08,USD,Michigan Consumer Expectations,CONSUMER,MODERATE,Y,48.5,45.6,48.1,MT5 economic calendar (broker time UTC+3)
2026-05-08 17:00,2026-05-08,USD,Michigan Consumer Sentiment,CONSUMER,MODERATE,Y,48.2,48.6,49.8,MT5 economic calendar (broker time UTC+3)
2026-05-08 17:00,2026-05-08,USD,Michigan Current Conditions,CONSUMER,LOW,Y,47.8,49.3,52.5,MT5 economic calendar (broker time UTC+3)
2026-05-08 17:00,2026-05-08,USD,Michigan Inflation Expectations,PRICES,MODERATE,Y,4.5,4.9,4.7,MT5 economic calendar (broker time UTC+3)
2026-05-08 17:00,2026-05-08,USD,Wholesale Inventories m/m,BUSINESS,LOW,Y,1.3,1.4,1.4,MT5 economic calendar (broker time UTC+3)
2026-05-08 17:00,2026-05-08,USD,Wholesale Sales m/m,BUSINESS,LOW,Y,2.8,1.5,2.7,MT5 economic calendar (broker time UTC+3)
2026-05-08 19:00,2026-05-08,EUR,ECB Executive Board Member Schnabel Speech,MONEY,MODERATE,Y,0.0,0.0,0.0,MT5 economic calendar (broker time UTC+3)
2026-05-08 20:00,2026-05-08,USD,Baker Hughes US Oil Rig Count,BUSINESS,MODERATE,Y,410.0,0.0,408.0,MT5 economic calendar (broker time UTC+3)
2026-05-08 20:00,2026-05-08,USD,Baker Hughes US Total Rig Count,BUSINESS,MODERATE,Y,548.0,0.0,547.0,MT5 economic calendar (broker time UTC+3)
2026-05-08 22:30,2026-05-08,AUD,CFTC AUD Non-Commercial Net Positions,MARKET,MODERATE,Y,78.7,0.0,71.9,MT5 economic calendar (broker time UTC+3)
2026-05-08 22:30,2026-05-08,BRL,CFTC BRL Non-Commercial Net Positions,MARKET,MODERATE,Y,66.8,0.0,46.4,MT5 economic calendar (broker time UTC+3)
2026-05-08 22:30,2026-05-08,CAD,CFTC CAD Non-Commercial Net Positions,MARKET,LOW,Y,-14.7,0.0,-38.5,MT5 economic calendar (broker time UTC+3)
2026-05-08 22:30,2026-05-08,CHF,CFTC CHF Non-Commercial Net Positions,MARKET,LOW,Y,-34.5,0.0,-35.2,MT5 economic calendar (broker time UTC+3)
2026-05-08 22:30,2026-05-08,EUR,CFTC EUR Non-Commercial Net Positions,MARKET,MODERATE,Y,32.2,0.0,35.7,MT5 economic calendar (broker time UTC+3)
2026-05-08 22:30,2026-05-08,GBP,CFTC GBP Non-Commercial Net Positions,MARKET,MODERATE,Y,-63.9,0.0,-60.6,MT5 economic calendar (broker time UTC+3)
2026-05-08 22:30,2026-05-08,JPY,CFTC JPY Non-Commercial Net Positions,MARKET,MODERATE,Y,-61.7,0.0,-102.1,MT5 economic calendar (broker time UTC+3)
2026-05-08 22:30,2026-05-08,MXN,CFTC MXN Non-Commercial Net Positions,MARKET,LOW,Y,62.1,0.0,67.8,MT5 economic calendar (broker time UTC+3)
2026-05-08 22:30,2026-05-08,NZD,CFTC NZD Non-Commercial Net Positions,MARKET,LOW,Y,-48.3,0.0,-46.3,MT5 economic calendar (broker time UTC+3)
2026-05-08 22:30,2026-05-08,USD,CFTC Aluminium Non-Commercial Net Positions,MARKET,LOW,Y,0.4,0.0,0.0,MT5 economic calendar (broker time UTC+3)
2026-05-08 22:30,2026-05-08,USD,CFTC Copper Non-Commercial Net Positions,MARKET,LOW,Y,62.8,0.0,63.3,MT5 economic calendar (broker time UTC+3)
2026-05-08 22:30,2026-05-08,USD,CFTC Corn Non-Commercial Net Positions,MARKET,LOW,Y,433.4,0.0,340.7,MT5 economic calendar (broker time UTC+3)
2026-05-08 22:30,2026-05-08,USD,CFTC Crude Oil Non-Commercial Net Positions,MARKET,MODERATE,Y,178.8,0.0,191.9,MT5 economic calendar (broker time UTC+3)
2026-05-08 22:30,2026-05-08,USD,CFTC Gold Non-Commercial Net Positions,MARKET,MODERATE,Y,163.3,0.0,159.6,MT5 economic calendar (broker time UTC+3)
2026-05-08 22:30,2026-05-08,USD,CFTC Nasdaq 100 Non-Commercial Net Positions,MARKET,MODERATE,Y,1.2,0.0,-2.3,MT5 economic calendar (broker time UTC+3)
2026-05-08 22:30,2026-05-08,USD,CFTC Natural Gas Non-Commercial Net Positions,MARKET,LOW,Y,-166.6,0.0,-166.3,MT5 economic calendar (broker time UTC+3)
2026-05-08 22:30,2026-05-08,USD,CFTC S&P 500 Non-Commercial Net Positions,MARKET,MODERATE,Y,-103.9,0.0,-101.4,MT5 economic calendar (broker time UTC+3)
2026-05-08 22:30,2026-05-08,USD,CFTC Silver Non-Commercial Net Positions,MARKET,LOW,Y,23.9,0.0,24.2,MT5 economic calendar (broker time UTC+3)
2026-05-08 22:30,2026-05-08,USD,CFTC Soybeans Non-Commercial Net Positions,MARKET,LOW,Y,232.2,0.0,193.9,MT5 economic calendar (broker time UTC+3)
2026-05-08 22:30,2026-05-08,USD,CFTC Wheat Non-Commercial Net Positions,MARKET,LOW,Y,-16.7,0.0,0.9,MT5 economic calendar (broker time UTC+3)
2026-05-08 22:30,2026-05-08,ZAR,CFTC ZAR Non-Commercial Net Positions,MARKET,LOW,Y,5.9,0.0,6.9,MT5 economic calendar (broker time UTC+3)
2026-05-09 02:30,2026-05-09,USD,Fed Governor Bowman Speech,MONEY,MODERATE,Y,0.0,0.0,0.0,MT5 economic calendar (broker time UTC+3)
2026-05-09 02:30,2026-05-09,USD,Fed Governor Waller Speech,MONEY,MODERATE,Y,0.0,0.0,0.0,MT5 economic calendar (broker time UTC+3)
2026-05-11 04:30,2026-05-11,CNY,CPI m/m,PRICES,MODERATE,Y,0.3,-0.1,-0.7,MT5 economic calendar (broker time UTC+3)
2026-05-11 04:30,2026-05-11,CNY,CPI y/y,PRICES,MODERATE,Y,1.2,0.9,1.0,MT5 economic calendar (broker time UTC+3)
2026-05-11 04:30,2026-05-11,CNY,PPI y/y,PRICES,MODERATE,Y,2.8,1.0,0.5,MT5 economic calendar (broker time UTC+3)
2026-05-11 09:00,2026-05-11,NOK,CPI m/m,PRICES,LOW,Y,0.4,0.0,0.2,MT5 economic calendar (broker time UTC+3)
2026-05-11 09:00,2026-05-11,NOK,CPI y/y,PRICES,LOW,Y,3.4,3.6,3.6,MT5 economic calendar (broker time UTC+3)
2026-05-11 09:00,2026-05-11,NOK,Core CPI m/m,PRICES,LOW,Y,0.7,0.6,0.1,MT5 economic calendar (broker time UTC+3)
2026-05-11 09:00,2026-05-11,NOK,Core CPI y/y,PRICES,LOW,Y,3.2,3.1,3.0,MT5 economic calendar (broker time UTC+3)
2026-05-11 09:00,2026-05-11,NOK,PPI m/m,PRICES,LOW,Y,-0.5,0.0,18.4,MT5 economic calendar (broker time UTC+3)
2026-05-11 09:00,2026-05-11,NOK,PPI y/y,PRICES,LOW,Y,22.7,22.9,16.9,MT5 economic calendar (broker time UTC+3)
2026-05-11 14:30,2026-05-11,BRL,BCB Focus Market Report,MONEY,MODERATE,Y,0.0,0.0,0.0,MT5 economic calendar (broker time UTC+3)
2026-05-11 15:56,2026-05-11,EUR,12-Month BTF Auction,MARKET,LOW,Y,2.613,0.0,2.67,MT5 economic calendar (broker time UTC+3)
2026-05-11 15:56,2026-05-11,EUR,3-Month BTF Auction,MARKET,LOW,Y,2.234,0.0,2.219,MT5 economic calendar (broker time UTC+3)
2026-05-11 15:56,2026-05-11,EUR,6-Month BTF Auction,MARKET,LOW,Y,2.421,0.0,2.476,MT5 economic calendar (broker time UTC+3)
2026-05-11 17:00,2026-05-11,USD,CB Employment Trends Index,JOBS,LOW,Y,105.77,105.19,105.72,MT5 economic calendar (broker time UTC+3)
2026-05-11 17:00,2026-05-11,USD,Existing Home Sales,HOUSING,HIGH,Y,4.02,3.96,3.98,MT5 economic calendar (broker time UTC+3)
2026-05-11 17:00,2026-05-11,USD,Existing Home Sales m/m,HOUSING,MODERATE,Y,0.2,-5.0,-3.6,MT5 economic calendar (broker time UTC+3)
2026-05-11 17:40,2026-05-11,GBP,BoE Deputy Governor for Prudential Regulation Woods Speech,MONEY,MODERATE,Y,0.0,0.0,0.0,MT5 economic calendar (broker time UTC+3)
2026-05-11 18:30,2026-05-11,USD,3-Month Bill Auction,MARKET,LOW,Y,3.61,0.0,3.61,MT5 economic calendar (broker time UTC+3)
2026-05-11 18:30,2026-05-11,USD,6-Month Bill Auction,MARKET,LOW,Y,3.615,0.0,3.61,MT5 economic calendar (broker time UTC+3)
2026-05-11 19:15,2026-05-11,EUR,Bbk Executive Board Member Mauderer Speech,MONEY,MODERATE,Y,0.0,0.0,0.0,MT5 economic calendar (broker time UTC+3)
2026-05-11 20:00,2026-05-11,USD,3-Year Note Auction,MARKET,MODERATE,Y,3.965,0.0,3.897,MT5 economic calendar (broker time UTC+3)
2026-05-12 02:30,2026-05-12,JPY,Household Spending m/m,CONSUMER,MODERATE,Y,-1.3,0.2,1.5,MT5 economic calendar (broker time UTC+3)
2026-05-12 02:30,2026-05-12,JPY,Household Spending y/y,CONSUMER,MODERATE,Y,-2.9,0.2,-1.8,MT5 economic calendar (broker time UTC+3)
2026-05-12 02:50,2026-05-12,JPY,BoJ Summary of Opinions,MONEY,MODERATE,Y,0.0,0.0,0.0,MT5 economic calendar (broker time UTC+3)
2026-05-12 02:50,2026-05-12,JPY,International Reserves,MONEY,LOW,Y,1383.0,0.0,1374.7,MT5 economic calendar (broker time UTC+3)
2026-05-12 06:35,2026-05-12,JPY,10-Year JGB Auction,MARKET,MODERATE,Y,2.54,0.0,2.35,MT5 economic calendar (broker time UTC+3)
2026-05-12 07:30,2026-05-12,NOK,Consumer Confidence,CONSUMER,LOW,Y,-20.0,-4.4,-9.4,MT5 economic calendar (broker time UTC+3)
2026-05-12 08:00,2026-05-12,JPY,Coincident Index,BUSINESS,LOW,Y,116.5,116.3,116.3,MT5 economic calendar (broker time UTC+3)
2026-05-12 08:00,2026-05-12,JPY,Coincident Index m/m,BUSINESS,LOW,Y,0.3,0.0,-1.8,MT5 economic calendar (broker time UTC+3)
2026-05-12 08:00,2026-05-12,JPY,Leading Index,BUSINESS,LOW,Y,114.5,112.8,113.3,MT5 economic calendar (broker time UTC+3)
2026-05-12 08:00,2026-05-12,JPY,Leading Index m/m,BUSINESS,LOW,Y,1.3,0.0,1.3,MT5 economic calendar (broker time UTC+3)
2026-05-12 09:00,2026-05-12,EUR,CPI m/m,PRICES,MODERATE,Y,0.6,0.6,0.6,MT5 economic calendar (broker time UTC+3)
2026-05-12 09:00,2026-05-12,EUR,CPI y/y,PRICES,MODERATE,Y,2.9,2.9,2.9,MT5 economic calendar (broker time UTC+3)
2026-05-12 09:00,2026-05-12,EUR,HICP m/m,PRICES,LOW,Y,0.5,0.5,0.5,MT5 economic calendar (broker time UTC+3)
2026-05-12 09:00,2026-05-12,EUR,HICP y/y,PRICES,LOW,Y,2.9,2.9,2.9,MT5 economic calendar (broker time UTC+3)
2026-05-12 09:30,2026-05-12,CHF,PPI m/m,PRICES,LOW,Y,0.8,0.2,0.2,MT5 economic calendar (broker time UTC+3)
2026-05-12 09:30,2026-05-12,CHF,PPI y/y,PRICES,LOW,Y,-2.0,-2.7,-2.7,MT5 economic calendar (broker time UTC+3)
2026-05-12 11:00,2026-05-12,EUR,Industrial Production m/m,BUSINESS,LOW,Y,0.7,0.0,0.1,MT5 economic calendar (broker time UTC+3)
2026-05-12 11:00,2026-05-12,EUR,Industrial Production y/y,BUSINESS,LOW,Y,1.5,0.2,0.5,MT5 economic calendar (broker time UTC+3)
2026-05-12 11:55,2026-05-12,EUR,3-Month Letras Auction,MARKET,LOW,Y,2.154,0.0,2.111,MT5 economic calendar (broker time UTC+3)
2026-05-12 11:55,2026-05-12,EUR,9-Month Letras Auction,MARKET,LOW,Y,2.514,0.0,2.461,MT5 economic calendar (broker time UTC+3)
2026-05-12 12:00,2026-05-12,ZAR,Unemployment,JOBS,LOW,Y,8.137,0.55,0.128,MT5 economic calendar (broker time UTC+3)
2026-05-12 12:00,2026-05-12,ZAR,Unemployment Rate,JOBS,LOW,Y,31.4,32.9,31.9,MT5 economic calendar (broker time UTC+3)
2026-05-12 12:30,2026-05-12,EUR,2-Year Note Auction,MARKET,LOW,Y,2.7,0.0,2.47,MT5 economic calendar (broker time UTC+3)
2026-05-12 12:36,2026-05-12,GBP,5-Year Treasury Gilt Auction,MARKET,LOW,Y,4.651,0.0,4.228,MT5 economic calendar (broker time UTC+3)
2026-05-12 12:57,2026-05-12,EUR,12-Month BOT Auction,MARKET,LOW,Y,2.699,0.0,2.135,MT5 economic calendar (broker time UTC+3)
2026-05-12 13:30,2026-05-12,INR,CFPI m/m,PRICES,LOW,Y,3.87,0.0,0.25,MT5 economic calendar (broker time UTC+3)
2026-05-12 13:30,2026-05-12,INR,CFPI y/y,PRICES,LOW,Y,0.0,0.0,3.87,MT5 economic calendar (broker time UTC+3)
2026-05-12 13:30,2026-05-12,INR,CPI m/m,PRICES,LOW,Y,3.4,0.0,0.26,MT5 economic calendar (broker time UTC+3)
2026-05-12 13:30,2026-05-12,INR,CPI y/y,PRICES,MODERATE,Y,3.48,3.42,3.4,MT5 economic calendar (broker time UTC+3)
2026-05-12 13:40,2026-05-12,EUR,ECB Executive Board Member Elderson Speech,MONEY,MODERATE,Y,0.0,0.0,0.0,MT5 economic calendar (broker time UTC+3)
2026-05-12 14:00,2026-05-12,ZAR,Manufacturing Production m/m,BUSINESS,LOW,Y,0.8,-0.6,-2.2,MT5 economic calendar (broker time UTC+3)
2026-05-12 14:00,2026-05-12,ZAR,Manufacturing Production y/y,BUSINESS,LOW,Y,0.9,-2.7,-2.8,MT5 economic calendar (broker time UTC+3)
2026-05-12 14:30,2026-05-12,AUD,Westpac-MI Consumer Sentiment m/m,CONSUMER,LOW,Y,0.0,-1.4,-12.5,MT5 economic calendar (broker time UTC+3)
2026-05-12 15:00,2026-05-12,BRL,CPI m/m,PRICES,LOW,Y,0.67,0.66,0.88,MT5 economic calendar (broker time UTC+3)
2026-05-12 15:00,2026-05-12,BRL,CPI s.a. m/m,PRICES,LOW,Y,0.63,0.0,0.82,MT5 economic calendar (broker time UTC+3)
2026-05-12 15:00,2026-05-12,BRL,CPI y/y,PRICES,MODERATE,Y,4.39,3.7,4.14,MT5 economic calendar (broker time UTC+3)
2026-05-12 15:00,2026-05-12,MXN,Industrial Production m/m,BUSINESS,LOW,Y,-0.6,0.0,0.4,MT5 economic calendar (broker time UTC+3)
2026-05-12 15:00,2026-05-12,MXN,Industrial Production n.s.a. y/y,BUSINESS,LOW,Y,-1.3,-0.6,-1.3,MT5 economic calendar (broker time UTC+3)
2026-05-12 15:30,2026-05-12,USD,CPI,PRICES,HIGH,Y,332.407,330.747,330.293,MT5 economic calendar (broker time UTC+3)
2026-05-12 15:30,2026-05-12,USD,CPI m/m,PRICES,HIGH,Y,0.6,0.7,0.9,MT5 economic calendar (broker time UTC+3)
2026-05-12 15:30,2026-05-12,USD,CPI n.s.a.,PRICES,LOW,Y,333.02,328.732,330.213,MT5 economic calendar (broker time UTC+3)
2026-05-12 15:30,2026-05-12,USD,CPI n.s.a. m/m,PRICES,LOW,Y,0.9,0.0,1.0,MT5 economic calendar (broker time UTC+3)
2026-05-12 15:30,2026-05-12,USD,CPI y/y,PRICES,HIGH,Y,3.8,3.7,3.3,MT5 economic calendar (broker time UTC+3)
2026-05-12 15:30,2026-05-12,USD,Core CPI,PRICES,LOW,Y,335.423,334.797,334.165,MT5 economic calendar (broker time UTC+3)
2026-05-12 15:30,2026-05-12,USD,Core CPI m/m,PRICES,HIGH,Y,0.4,0.1,0.2,MT5 economic calendar (broker time UTC+3)
2026-05-12 15:30,2026-05-12,USD,Core CPI n.s.a.,PRICES,LOW,Y,335.803,0.0,334.391,MT5 economic calendar (broker time UTC+3)
2026-05-12 15:30,2026-05-12,USD,Core CPI n.s.a. m/m,PRICES,HIGH,Y,0.4,0.0,0.3,MT5 economic calendar (broker time UTC+3)
2026-05-12 15:30,2026-05-12,USD,Core CPI y/y,PRICES,MODERATE,Y,2.8,2.7,2.6,MT5 economic calendar (broker time UTC+3)
2026-05-12 15:30,2026-05-12,USD,Real Earnings m/m,JOBS,LOW,Y,-0.2,-0.1,-0.9,MT5 economic calendar (broker time UTC+3)
2026-05-12 18:00,2026-05-12,USD,Cleveland Fed Median CPI m/m,PRICES,LOW,Y,0.4,0.2,0.2,MT5 economic calendar (broker time UTC+3)
2026-05-12 18:30,2026-05-12,USD,52-Week Bill Auction,MARKET,LOW,Y,3.65,0.0,3.56,MT5 economic calendar (broker time UTC+3)
2026-05-12 19:00,2026-05-12,USD,EIA Short-Term Energy Outlook,BUSINESS,MODERATE,Y,0.0,0.0,0.0,MT5 economic calendar (broker time UTC+3)
2026-05-12 19:00,2026-05-12,USD,NFIB Small Business Optimism,BUSINESS,LOW,Y,95.9,96.2,95.8,MT5 economic calendar (broker time UTC+3)
2026-05-12 19:00,2026-05-12,USD,WASDE Report,BUSINESS,MODERATE,Y,0.0,0.0,0.0,MT5 economic calendar (broker time UTC+3)
2026-05-12 20:00,2026-05-12,USD,10-Year Note Auction,MARKET,HIGH,Y,4.468,0.0,4.282,MT5 economic calendar (broker time UTC+3)
2026-05-12 20:30,2026-05-12,GBP,BoE Deputy Governor for Prudential Regulation Woods Speech,MONEY,MODERATE,Y,0.0,0.0,0.0,MT5 economic calendar (broker time UTC+3)
2026-05-12 21:00,2026-05-12,USD,Federal Budget Balance,GOVERNMENT,MODERATE,Y,0.0,-268.8,-164.1,MT5 economic calendar (broker time UTC+3)
2026-05-13 02:00,2026-05-13,KRW,Unemployment Rate,JOBS,LOW,Y,2.8,2.8,2.7,MT5 economic calendar (broker time UTC+3)
2026-05-13 02:50,2026-05-13,JPY,Adjusted Current Account,TRADE,MODERATE,Y,3900.6,2574.6,2709.0,MT5 economic calendar (broker time UTC+3)
2026-05-13 02:50,2026-05-13,JPY,BoJ Bank Lending y/y,GOVERNMENT,LOW,Y,5.4,5.0,4.8,MT5 economic calendar (broker time UTC+3)
2026-05-13 02:50,2026-05-13,JPY,Current Account n.s.a.,TRADE,MODERATE,Y,4681.5,4715.8,3932.7,MT5 economic calendar (broker time UTC+3)
2026-05-13 02:50,2026-05-13,JPY,Goods Trade Balance,TRADE,LOW,Y,830.5,-2087.6,267.6,MT5 economic calendar (broker time UTC+3)
2026-05-13 04:30,2026-05-13,AUD,Home Loans m/m,HOUSING,LOW,Y,-4.3,4.5,10.6,MT5 economic calendar (broker time UTC+3)
2026-05-13 04:30,2026-05-13,AUD,Investment Housing Loans m/m,HOUSING,LOW,Y,-3.0,0.0,7.9,MT5 economic calendar (broker time UTC+3)
2026-05-13 04:30,2026-05-13,AUD,Wage Price Index q/q,PRICES,MODERATE,Y,0.8,0.8,0.8,MT5 economic calendar (broker time UTC+3)
2026-05-13 04:30,2026-05-13,AUD,Wage Price Index y/y,PRICES,LOW,Y,3.3,3.6,3.4,MT5 economic calendar (broker time UTC+3)
2026-05-13 06:00,2026-05-13,KRW,BOK M2 Money Supply y/y,MONEY,LOW,Y,7.2,7.6,8.0,MT5 economic calendar (broker time UTC+3)
2026-05-13 06:00,2026-05-13,NZD,RBNZ 2-Year Inflation Expectations,PRICES,MODERATE,Y,2.53,0.0,2.37,MT5 economic calendar (broker time UTC+3)
2026-05-13 07:00,2026-05-13,SEK,Registered Unemployment Rate,JOBS,LOW,Y,6.5,6.8,6.6,MT5 economic calendar (broker time UTC+3)
2026-05-13 08:00,2026-05-13,JPY,Economy Watchers Index for Current Conditions,MONEY,LOW,Y,40.8,44.4,42.2,MT5 economic calendar (broker time UTC+3)
2026-05-13 08:00,2026-05-13,JPY,Economy Watchers Index for Future Conditions,MONEY,LOW,Y,39.4,39.7,38.7,MT5 economic calendar (broker time UTC+3)
2026-05-13 08:30,2026-05-13,EUR,Unemployment Rate,JOBS,LOW,Y,8.1,7.8,7.9,MT5 economic calendar (broker time UTC+3)
2026-05-13 09:00,2026-05-13,EUR,Wholesale Price Index m/m,PRICES,LOW,Y,2.0,1.6,2.7,MT5 economic calendar (broker time UTC+3)
2026-05-13 09:00,2026-05-13,EUR,Wholesale Price Index y/y,PRICES,LOW,Y,7.3,3.5,4.1,MT5 economic calendar (broker time UTC+3)
2026-05-13 09:00,2026-05-13,SEK,CPI m/m,PRICES,MODERATE,Y,0.0,0.0,0.0,MT5 economic calendar (broker time UTC+3)
2026-05-13 09:00,2026-05-13,SEK,CPI y/y,PRICES,MODERATE,Y,0.0,0.0,0.0,MT5 economic calendar (broker time UTC+3)
2026-05-13 09:00,2026-05-13,SEK,CPIF m/m,PRICES,LOW,Y,0.0,0.0,0.0,MT5 economic calendar (broker time UTC+3)
2026-05-13 09:00,2026-05-13,SEK,CPIF y/y,PRICES,LOW,Y,0.0,0.0,0.0,MT5 economic calendar (broker time UTC+3)
2026-05-13 09:00,2026-05-13,SEK,HICP m/m,PRICES,LOW,Y,0.0,0.0,0.0,MT5 economic calendar (broker time UTC+3)
2026-05-13 09:00,2026-05-13,SEK,HICP y/y,PRICES,LOW,Y,0.0,0.0,0.0,MT5 economic calendar (broker time UTC+3)
2026-05-13 09:45,2026-05-13,EUR,CPI m/m,PRICES,MODERATE,Y,1.0,1.0,1.0,MT5 economic calendar (broker time UTC+3)
2026-05-13 09:45,2026-05-13,EUR,CPI y/y,PRICES,LOW,Y,2.2,2.2,2.2,MT5 economic calendar (broker time UTC+3)
2026-05-13 09:45,2026-05-13,EUR,HICP m/m,PRICES,MODERATE,Y,1.2,1.2,1.2,MT5 economic calendar (broker time UTC+3)
2026-05-13 09:45,2026-05-13,EUR,HICP y/y,PRICES,LOW,Y,2.5,2.5,2.5,MT5 economic calendar (broker time UTC+3)
2026-05-13 10:30,2026-05-13,SEK,Riksbank Monetary Policy Meeting Minutes,MONEY,MODERATE,Y,0.0,0.0,0.0,MT5 economic calendar (broker time UTC+3)
2026-05-13 11:00,2026-05-13,ALL,IEA Monthly Oil Market Report,BUSINESS,MODERATE,Y,0.0,0.0,0.0,MT5 economic calendar (broker time UTC+3)
2026-05-13 12:00,2026-05-13,EUR,Employment Change q/q,JOBS,LOW,Y,0.1,0.2,0.2,MT5 economic calendar (broker time UTC+3)
2026-05-13 12:00,2026-05-13,EUR,Employment Change y/y,JOBS,LOW,Y,0.5,0.6,0.6,MT5 economic calendar (broker time UTC+3)
2026-05-13 12:00,2026-05-13,EUR,Employment Level,JOBS,MODERATE,Y,176.412,0.0,172.517,MT5 economic calendar (broker time UTC+3)
2026-05-13 12:00,2026-05-13,EUR,GDP q/q,GDP,MODERATE,Y,0.1,0.1,0.1,MT5 economic calendar (broker time UTC+3)
2026-05-13 12:00,2026-05-13,EUR,GDP y/y,GDP,MODERATE,Y,0.8,0.8,0.8,MT5 economic calendar (broker time UTC+3)
2026-05-13 12:00,2026-05-13,EUR,Industrial Production m/m,BUSINESS,MODERATE,Y,0.2,0.1,0.4,MT5 economic calendar (broker time UTC+3)
2026-05-13 12:00,2026-05-13,EUR,Industrial Production y/y,BUSINESS,LOW,Y,-2.1,0.7,-0.6,MT5 economic calendar (broker time UTC+3)
2026-05-13 12:30,2026-05-13,EUR,30-Year Bond Auction,MARKET,LOW,Y,3.62,0.0,3.57,MT5 economic calendar (broker time UTC+3)
2026-05-13 13:06,2026-05-13,EUR,3-Year BTP Auction,MARKET,LOW,Y,2.98,0.0,2.91,MT5 economic calendar (broker time UTC+3)
2026-05-13 13:06,2026-05-13,EUR,7-Year BTP Auction,MARKET,LOW,Y,3.55,0.0,3.51,MT5 economic calendar (broker time UTC+3)
2026-05-13 13:30,2026-05-13,EUR,Consumer Confidence,CONSUMER,LOW,Y,0.0,0.0,80.5,MT5 economic calendar (broker time UTC+3)
2026-05-13 15:00,2026-05-13,BRL,Retail Sales m/m,CONSUMER,MODERATE,Y,0.5,0.4,0.6,MT5 economic calendar (broker time UTC+3)
2026-05-13 15:00,2026-05-13,BRL,Retail Sales y/y,CONSUMER,MODERATE,Y,4.0,2.3,0.2,MT5 economic calendar (broker time UTC+3)
2026-05-13 15:30,2026-05-13,EUR,Current Account n.s.a.,TRADE,LOW,Y,23.6,28.2,22.0,MT5 economic calendar (broker time UTC+3)
2026-05-13 15:30,2026-05-13,USD,Core PPI m/m,PRICES,MODERATE,Y,1.0,0.5,0.1,MT5 economic calendar (broker time UTC+3)
2026-05-13 15:30,2026-05-13,USD,Core PPI y/y,PRICES,LOW,Y,5.2,3.5,3.8,MT5 economic calendar (broker time UTC+3)
2026-05-13 15:30,2026-05-13,USD,PPI m/m,PRICES,HIGH,Y,1.4,0.4,0.5,MT5 economic calendar (broker time UTC+3)
2026-05-13 15:30,2026-05-13,USD,PPI y/y,PRICES,LOW,Y,6.0,4.4,4.0,MT5 economic calendar (broker time UTC+3)
2026-05-13 16:00,2026-05-13,EUR,Bbk Executive Board Member Balz Speech,MONEY,MODERATE,Y,0.0,0.0,0.0,MT5 economic calendar (broker time UTC+3)
2026-05-13 17:00,2026-05-13,GBP,BoE MPC Member Mann Speech,MONEY,MODERATE,Y,0.0,0.0,0.0,MT5 economic calendar (broker time UTC+3)
2026-05-13 17:30,2026-05-13,USD,EIA Crude Oil Imports Change,BUSINESS,LOW,Y,-0.318,-0.337,1.415,MT5 economic calendar (broker time UTC+3)
2026-05-13 17:30,2026-05-13,USD,EIA Crude Oil Stocks Change,BUSINESS,HIGH,Y,-4.306,-5.433,-2.313,MT5 economic calendar (broker time UTC+3)
2026-05-13 17:30,2026-05-13,USD,EIA Cushing Crude Oil Stocks Change,BUSINESS,MODERATE,Y,-1.702,-0.338,-0.648,MT5 economic calendar (broker time UTC+3)
2026-05-13 17:30,2026-05-13,USD,EIA Distillate Fuel Production Change,BUSINESS,LOW,Y,-0.124,-0.028,-0.024,MT5 economic calendar (broker time UTC+3)
2026-05-13 17:30,2026-05-13,USD,EIA Distillates Stocks Change,BUSINESS,LOW,Y,0.19,-0.137,-1.294,MT5 economic calendar (broker time UTC+3)
2026-05-13 17:30,2026-05-13,USD,EIA Gasoline Production Change,BUSINESS,LOW,Y,0.222,0.038,-0.275,MT5 economic calendar (broker time UTC+3)
2026-05-13 17:30,2026-05-13,USD,EIA Gasoline Stocks Change,BUSINESS,LOW,Y,-4.084,-5.243,-2.504,MT5 economic calendar (broker time UTC+3)
2026-05-13 17:30,2026-05-13,USD,EIA Heating Oil Stocks Change,BUSINESS,LOW,Y,0.153,-0.236,-0.038,MT5 economic calendar (broker time UTC+3)
2026-05-13 17:30,2026-05-13,USD,EIA Refinery Crude Oil Daily Inputs Change,BUSINESS,LOW,Y,0.37,0.0,-0.042,MT5 economic calendar (broker time UTC+3)
2026-05-13 17:30,2026-05-13,USD,EIA Refinery Utilization Rate Change,BUSINESS,LOW,Y,1.6,0.0,0.5,MT5 economic calendar (broker time UTC+3)
2026-05-13 20:00,2026-05-13,GBP,BoE MPC Member Mann Speech,MONEY,MODERATE,Y,0.0,0.0,0.0,MT5 economic calendar (broker time UTC+3)
2026-05-13 20:00,2026-05-13,USD,30-Year Bond Auction,MARKET,HIGH,Y,5.046,0.0,4.876,MT5 economic calendar (broker time UTC+3)
2026-05-13 20:30,2026-05-13,BRL,Foreign Exchange Flows,MONEY,LOW,Y,-1.439,4.826,3.307,MT5 economic calendar (broker time UTC+3)
2026-05-13 22:00,2026-05-13,EUR,ECB Executive Board Member Lane Speech,MONEY,MODERATE,Y,0.0,0.0,0.0,MT5 economic calendar (broker time UTC+3)
2026-05-13 22:50,2026-05-13,EUR,ECB President Lagarde Speech,MONEY,HIGH,Y,0.0,0.0,0.0,MT5 economic calendar (broker time UTC+3)
2026-05-14 00:00,2026-05-14,CHF,Ascension Day,HOLIDAYS,NONE,Y,0.0,0.0,0.0,MT5 economic calendar (broker time UTC+3)
2026-05-14 00:00,2026-05-14,EUR,Ascension Day,HOLIDAYS,NONE,Y,0.0,0.0,0.0,MT5 economic calendar (broker time UTC+3)
2026-05-14 00:00,2026-05-14,NOK,Ascension Day,HOLIDAYS,NONE,Y,0.0,0.0,0.0,MT5 economic calendar (broker time UTC+3)
2026-05-14 00:00,2026-05-14,SEK,Ascension Day,HOLIDAYS,NONE,Y,0.0,0.0,0.0,MT5 economic calendar (broker time UTC+3)
2026-05-14 01:45,2026-05-14,NZD,Net Permanent & Long-Term Migration,JOBS,LOW,Y,3.37,2.126,3.97,MT5 economic calendar (broker time UTC+3)
2026-05-14 01:45,2026-05-14,NZD,Visitor Arrivals m/m,JOBS,LOW,Y,-3.0,0.0,1.7,MT5 economic calendar (broker time UTC+3)
2026-05-14 01:45,2026-05-14,NZD,Visitor Arrivals y/y,JOBS,LOW,Y,15.1,9.5,15.2,MT5 economic calendar (broker time UTC+3)
2026-05-14 02:01,2026-05-14,GBP,RICS House Price Balance,HOUSING,MODERATE,Y,-34.0,-3.1,-23.0,MT5 economic calendar (broker time UTC+3)
2026-05-14 02:50,2026-05-14,JPY,BoJ L Money Stock y/y,MONEY,HIGH,Y,2.8,3.3,2.8,MT5 economic calendar (broker time UTC+3)
2026-05-14 02:50,2026-05-14,JPY,BoJ M2 Money Stock y/y,MONEY,LOW,Y,2.3,2.1,2.0,MT5 economic calendar (broker time UTC+3)
2026-05-14 02:50,2026-05-14,JPY,BoJ M3 Money Stock y/y,MONEY,LOW,Y,1.6,0.0,1.4,MT5 economic calendar (broker time UTC+3)
2026-05-14 02:50,2026-05-14,JPY,Foreign Bond Investment,GOVERNMENT,LOW,Y,2406.4,0.0,-887.7,MT5 economic calendar (broker time UTC+3)
2026-05-14 02:50,2026-05-14,JPY,Foreign Investment in Japan Stocks,GOVERNMENT,LOW,Y,301.5,0.0,807.9,MT5 economic calendar (broker time UTC+3)
2026-05-14 06:35,2026-05-14,JPY,30-Year JGB Auction,MARKET,LOW,Y,3.842,0.0,3.697,MT5 economic calendar (broker time UTC+3)
2026-05-14 09:00,2026-05-14,GBP,Business Investment q/q,BUSINESS,MODERATE,Y,0.7,0.0,-2.5,MT5 economic calendar (broker time UTC+3)
2026-05-14 09:00,2026-05-14,GBP,Business Investment y/y,BUSINESS,LOW,Y,-1.8,0.0,2.0,MT5 economic calendar (broker time UTC+3)
2026-05-14 09:00,2026-05-14,GBP,Construction Output m/m,BUSINESS,LOW,Y,1.5,0.0,1.0,MT5 economic calendar (broker time UTC+3)
2026-05-14 09:00,2026-05-14,GBP,Construction Output y/y,BUSINESS,LOW,Y,-0.3,0.0,-1.0,MT5 economic calendar (broker time UTC+3)
2026-05-14 09:00,2026-05-14,GBP,GDP 3m/3m,GDP,MODERATE,Y,0.6,0.0,0.5,MT5 economic calendar (broker time UTC+3)
2026-05-14 09:00,2026-05-14,GBP,GDP m/m,GDP,HIGH,Y,0.3,0.0,0.5,MT5 economic calendar (broker time UTC+3)
2026-05-14 09:00,2026-05-14,GBP,GDP q/q,GDP,HIGH,Y,0.6,0.0,0.1,MT5 economic calendar (broker time UTC+3)
2026-05-14 09:00,2026-05-14,GBP,GDP y/y,GDP,HIGH,Y,1.1,0.0,1.0,MT5 economic calendar (broker time UTC+3)
2026-05-14 09:00,2026-05-14,GBP,Trade Balance,TRADE,MODERATE,Y,-27.22,0.0,-18.791,MT5 economic calendar (broker time UTC+3)
2026-05-14 09:00,2026-05-14,GBP,Trade Balance Non-EU,TRADE,MODERATE,Y,-15.19,0.0,-7.097,MT5 economic calendar (broker time UTC+3)
2026-05-14 09:30,2026-05-14,INR,WPI Food y/y,PRICES,LOW,Y,1.98,3.85,1.9,MT5 economic calendar (broker time UTC+3)
2026-05-14 09:30,2026-05-14,INR,WPI Fuel & Energy y/y,PRICES,LOW,Y,24.71,1.84,1.05,MT5 economic calendar (broker time UTC+3)
2026-05-14 09:30,2026-05-14,INR,WPI Manufactured Products y/y,PRICES,LOW,Y,4.62,2.39,3.39,MT5 economic calendar (broker time UTC+3)
2026-05-14 09:30,2026-05-14,INR,WPI y/y,PRICES,MODERATE,Y,8.3,2.87,3.88,MT5 economic calendar (broker time UTC+3)
2026-05-14 10:00,2026-05-14,EUR,CPI m/m,PRICES,LOW,Y,0.4,0.4,0.4,MT5 economic calendar (broker time UTC+3)
2026-05-14 10:00,2026-05-14,EUR,CPI y/y,PRICES,MODERATE,Y,3.2,3.2,3.2,MT5 economic calendar (broker time UTC+3)
2026-05-14 10:00,2026-05-14,EUR,HICP m/m,PRICES,LOW,Y,0.7,0.7,0.7,MT5 economic calendar (broker time UTC+3)
2026-05-14 10:00,2026-05-14,EUR,HICP y/y,PRICES,MODERATE,Y,3.5,3.5,3.5,MT5 economic calendar (broker time UTC+3)
2026-05-14 10:00,2026-05-14,GBP,Index of Services,CONSUMER,LOW,Y,0.8,0.0,0.5,MT5 economic calendar (broker time UTC+3)
2026-05-14 10:00,2026-05-14,GBP,Industrial Production m/m,BUSINESS,MODERATE,Y,-0.2,0.0,0.5,MT5 economic calendar (broker time UTC+3)
2026-05-14 10:00,2026-05-14,GBP,Industrial Production y/y,BUSINESS,LOW,Y,0.0,0.0,-0.4,MT5 economic calendar (broker time UTC+3)
2026-05-14 10:00,2026-05-14,GBP,Manufacturing Production m/m,BUSINESS,MODERATE,Y,1.2,0.0,-0.1,MT5 economic calendar (broker time UTC+3)
2026-05-14 10:00,2026-05-14,GBP,Manufacturing Production y/y,BUSINESS,LOW,Y,1.2,0.0,-0.5,MT5 economic calendar (broker time UTC+3)
2026-05-14 12:15,2026-05-14,EUR,ECB President Lagarde Speech,MONEY,HIGH,Y,0.0,0.0,0.0,MT5 economic calendar (broker time UTC+3)
2026-05-14 12:30,2026-05-14,ZAR,Gold Production y/y,BUSINESS,LOW,Y,17.1,17.6,12.8,MT5 economic calendar (broker time UTC+3)
2026-05-14 12:30,2026-05-14,ZAR,Mining Production m/m,BUSINESS,LOW,Y,-5.1,-0.8,2.3,MT5 economic calendar (broker time UTC+3)
2026-05-14 12:30,2026-05-14,ZAR,Mining Production y/y,BUSINESS,LOW,Y,2.5,6.6,9.7,MT5 economic calendar (broker time UTC+3)
2026-05-14 13:00,2026-05-14,EUR,Consumer Confidence,CONSUMER,LOW,Y,77.7,0.0,80.5,MT5 economic calendar (broker time UTC+3)
2026-05-14 15:15,2026-05-14,GBP,NIESR GDP Estimate,GDP,LOW,Y,0.8,0.4,0.6,MT5 economic calendar (broker time UTC+3)
2026-05-14 15:30,2026-05-14,CAD,Wholesale Trade m/m,BUSINESS,MODERATE,Y,1.9,0.9,2.0,MT5 economic calendar (broker time UTC+3)
2026-05-14 15:30,2026-05-14,USD,Continuing Jobless Claims,JOBS,MODERATE,Y,1.782,1.812,1.766,MT5 economic calendar (broker time UTC+3)
2026-05-14 15:30,2026-05-14,USD,Core Retail Sales m/m,CONSUMER,HIGH,Y,0.7,1.5,1.9,MT5 economic calendar (broker time UTC+3)
2026-05-14 15:30,2026-05-14,USD,Export Price Index m/m,PRICES,MODERATE,Y,3.3,1.0,1.6,MT5 economic calendar (broker time UTC+3)
2026-05-14 15:30,2026-05-14,USD,Export Price Index y/y,PRICES,LOW,Y,8.8,4.6,5.6,MT5 economic calendar (broker time UTC+3)
2026-05-14 15:30,2026-05-14,USD,Import Price Index excl. Petroleum m/m,PRICES,LOW,Y,0.7,0.3,0.1,MT5 economic calendar (broker time UTC+3)
2026-05-14 15:30,2026-05-14,USD,Import Price Index m/m,PRICES,MODERATE,Y,1.9,0.9,0.8,MT5 economic calendar (broker time UTC+3)
2026-05-14 15:30,2026-05-14,USD,Import Price Index y/y,PRICES,LOW,Y,4.2,2.5,2.1,MT5 economic calendar (broker time UTC+3)
2026-05-14 15:30,2026-05-14,USD,Initial Jobless Claims,JOBS,HIGH,Y,211.0,209.0,200.0,MT5 economic calendar (broker time UTC+3)
2026-05-14 15:30,2026-05-14,USD,Initial Jobless Claims 4-Week Average,JOBS,LOW,Y,203.75,201.455,203.25,MT5 economic calendar (broker time UTC+3)
2026-05-14 15:30,2026-05-14,USD,Retail Control m/m,CONSUMER,MODERATE,Y,0.5,0.0,0.7,MT5 economic calendar (broker time UTC+3)
2026-05-14 15:30,2026-05-14,USD,Retail Sales excl. Autos and Gas m/m,CONSUMER,LOW,Y,0.5,0.3,0.6,MT5 economic calendar (broker time UTC+3)
2026-05-14 15:30,2026-05-14,USD,Retail Sales m/m,CONSUMER,HIGH,Y,0.5,1.2,1.7,MT5 economic calendar (broker time UTC+3)
2026-05-14 15:30,2026-05-14,USD,Retail Sales y/y,CONSUMER,LOW,Y,4.9,3.4,4.0,MT5 economic calendar (broker time UTC+3)
2026-05-14 17:00,2026-05-14,USD,Business Inventories m/m,BUSINESS,MODERATE,Y,0.9,0.2,0.4,MT5 economic calendar (broker time UTC+3)
2026-05-14 17:00,2026-05-14,USD,Retail Inventories excl. Autos m/m,CONSUMER,MODERATE,Y,0.4,0.0,0.5,MT5 economic calendar (broker time UTC+3)
2026-05-14 17:00,2026-05-14,USD,Retail Inventories m/m,CONSUMER,MODERATE,Y,0.6,0.7,0.7,MT5 economic calendar (broker time UTC+3)
2026-05-14 17:30,2026-05-14,USD,EIA Natural Gas Storage Change,BUSINESS,LOW,Y,85.0,101.0,63.0,MT5 economic calendar (broker time UTC+3)
2026-05-14 18:10,2026-05-14,GBP,BoE MPC Member Pill Speech,MONEY,MODERATE,Y,0.0,0.0,0.0,MT5 economic calendar (broker time UTC+3)
2026-05-14 18:30,2026-05-14,USD,4-Week Bill Auction,MARKET,LOW,Y,3.605,0.0,3.61,MT5 economic calendar (broker time UTC+3)
2026-05-14 18:30,2026-05-14,USD,8-Week Bill Auction,MARKET,LOW,Y,3.61,0.0,3.595,MT5 economic calendar (broker time UTC+3)
2026-05-14 20:00,2026-05-14,USD,Fed Governor Bowman Speech,MONEY,MODERATE,Y,0.0,0.0,0.0,MT5 economic calendar (broker time UTC+3)
2026-05-15 00:00,2026-05-15,KRW,Export Price Index y/y,PRICES,LOW,Y,40.8,33.2,28.7,MT5 economic calendar (broker time UTC+3)
2026-05-15 00:00,2026-05-15,KRW,Import Price Index y/y,PRICES,LOW,Y,20.2,20.5,18.4,MT5 economic calendar (broker time UTC+3)
2026-05-15 01:30,2026-05-15,NZD,BusinessNZ Manufacturing Index,BUSINESS,MODERATE,Y,50.5,48.7,53.2,MT5 economic calendar (broker time UTC+3)
2026-05-15 01:45,2026-05-15,NZD,Food Price Index m/m,PRICES,LOW,Y,0.0,0.6,-0.6,MT5 economic calendar (broker time UTC+3)
2026-05-15 02:00,2026-05-15,USD,Fed Vice Chair for Supervision Barr Speech,MONEY,MODERATE,Y,0.0,0.0,0.0,MT5 economic calendar (broker time UTC+3)
2026-05-15 02:50,2026-05-15,JPY,BoJ Corporate Goods Price Index m/m,PRICES,LOW,Y,2.3,0.5,0.8,MT5 economic calendar (broker time UTC+3)
2026-05-15 02:50,2026-05-15,JPY,BoJ Corporate Goods Price Index y/y,PRICES,LOW,Y,4.9,2.2,2.6,MT5 economic calendar (broker time UTC+3)
2026-05-15 04:00,2026-05-15,CNY,PBC M2 Money Stock y/y,MONEY,LOW,Y,8.6,8.6,8.5,MT5 economic calendar (broker time UTC+3)
2026-05-15 04:00,2026-05-15,CNY,PBC New Loans,MONEY,MODERATE,Y,-0.01,2.053,2.99,MT5 economic calendar (broker time UTC+3)
2026-05-15 04:00,2026-05-15,CNY,PBC Outstanding Loan Growth y/y,MONEY,LOW,Y,5.6,5.5,5.7,MT5 economic calendar (broker time UTC+3)
2026-05-15 05:00,2026-05-15,KRW,Exports y/y,TRADE,LOW,Y,48.0,48.0,48.0,MT5 economic calendar (broker time UTC+3)
2026-05-15 05:00,2026-05-15,KRW,Imports y/y,TRADE,LOW,Y,16.7,16.7,16.7,MT5 economic calendar (broker time UTC+3)
2026-05-15 05:00,2026-05-15,KRW,Trade Balance,TRADE,LOW,Y,23.755,23.771,23.771,MT5 economic calendar (broker time UTC+3)
2026-05-15 09:00,2026-05-15,JPY,Machine Tool Orders y/y,BUSINESS,LOW,Y,45.1,0.0,28.1,MT5 economic calendar (broker time UTC+3)
2026-05-15 09:00,2026-05-15,NOK,Goods Trade Balance,TRADE,LOW,Y,84.219,78.887,97.455,MT5 economic calendar (broker time UTC+3)
2026-05-15 11:00,2026-05-15,EUR,CPI FOI excl. Tobacco m/m,PRICES,LOW,Y,1.0,0.5,0.6,MT5 economic calendar (broker time UTC+3)
2026-05-15 11:00,2026-05-15,EUR,CPI FOI excl. Tobacco y/y,PRICES,LOW,Y,2.6,1.2,1.5,MT5 economic calendar (broker time UTC+3)
2026-05-15 11:00,2026-05-15,EUR,CPI m/m,PRICES,LOW,Y,1.1,1.2,1.2,MT5 economic calendar (broker time UTC+3)
2026-05-15 11:00,2026-05-15,EUR,CPI y/y,PRICES,LOW,Y,2.7,2.8,2.8,MT5 economic calendar (broker time UTC+3)
2026-05-15 11:00,2026-05-15,EUR,ECB Economic Bulletin,MONEY,MODERATE,Y,0.0,0.0,0.0,MT5 economic calendar (broker time UTC+3)
2026-05-15 11:00,2026-05-15,EUR,HICP m/m,PRICES,LOW,Y,1.6,1.7,1.7,MT5 economic calendar (broker time UTC+3)
2026-05-15 11:00,2026-05-15,EUR,HICP y/y,PRICES,LOW,Y,2.8,2.9,2.9,MT5 economic calendar (broker time UTC+3)
2026-05-15 11:30,2026-05-15,HKD,GDP q/q,GDP,LOW,Y,2.9,2.9,2.9,MT5 economic calendar (broker time UTC+3)
2026-05-15 11:30,2026-05-15,HKD,GDP y/y,GDP,LOW,Y,5.9,5.9,5.9,MT5 economic calendar (broker time UTC+3)
2026-05-15 13:00,2026-05-15,EUR,Official Reserve Assets,MONEY,LOW,Y,1888.23,0.0,1908.13,MT5 economic calendar (broker time UTC+3)
2026-05-15 14:00,2026-05-15,INR,Exports,TRADE,LOW,Y,43.56,39.19,38.92,MT5 economic calendar (broker time UTC+3)
2026-05-15 14:00,2026-05-15,INR,Imports,TRADE,LOW,Y,71.94,64.61,59.59,MT5 economic calendar (broker time UTC+3)
2026-05-15 14:00,2026-05-15,INR,Trade Balance,TRADE,LOW,Y,-28.38,-18.96,-20.67,MT5 economic calendar (broker time UTC+3)
2026-05-15 14:30,2026-05-15,INR,Bank Loan Growth y/y,MONEY,LOW,Y,16.0,15.9,15.0,MT5 economic calendar (broker time UTC+3)
2026-05-15 14:30,2026-05-15,INR,Deposit Growth y/y,MONEY,LOW,Y,12.3,12.2,12.2,MT5 economic calendar (broker time UTC+3)
2026-05-15 14:30,2026-05-15,INR,Foreign Exchange Reserves,MONEY,LOW,Y,696.988,667.5,690.693,MT5 economic calendar (broker time UTC+3)
2026-05-15 15:00,2026-05-15,BRL,Services Volume m/m,BUSINESS,LOW,Y,-1.2,0.0,0.1,MT5 economic calendar (broker time UTC+3)
2026-05-15 15:00,2026-05-15,BRL,Services Volume y/y,BUSINESS,LOW,Y,3.0,1.6,0.5,MT5 economic calendar (broker time UTC+3)
2026-05-15 15:15,2026-05-15,CAD,CMHC Housing Starts,HOUSING,MODERATE,Y,279.317,257.192,235.852,MT5 economic calendar (broker time UTC+3)
2026-05-15 15:30,2026-05-15,CAD,Foreign Securities Purchases,MARKET,MODERATE,Y,4.623,0.0,6.174,MT5 economic calendar (broker time UTC+3)
2026-05-15 15:30,2026-05-15,CAD,Foreign Securities Purchases by Canadians,MARKET,LOW,Y,3.904,0.0,25.362,MT5 economic calendar (broker time UTC+3)
2026-05-15 15:30,2026-05-15,CAD,Manufacturing Sales m/m,BUSINESS,LOW,Y,3.0,1.3,3.6,MT5 economic calendar (broker time UTC+3)
2026-05-15 15:30,2026-05-15,USD,NY Fed Empire State Manufacturing Index,BUSINESS,MODERATE,Y,19.6,-3.4,11.0,MT5 economic calendar (broker time UTC+3)
2026-05-15 16:15,2026-05-15,USD,Fed Capacity Utilization Rate,BUSINESS,LOW,Y,76.1,75.7,75.7,MT5 economic calendar (broker time UTC+3)
2026-05-15 16:15,2026-05-15,USD,Fed Industrial Production m/m,BUSINESS,MODERATE,Y,0.7,-0.3,-0.5,MT5 economic calendar (broker time UTC+3)
2026-05-15 16:15,2026-05-15,USD,Fed Industrial Production y/y,BUSINESS,MODERATE,Y,1.4,1.5,0.7,MT5 economic calendar (broker time UTC+3)
2026-05-15 16:15,2026-05-15,USD,Fed Manufacturing Production m/m,BUSINESS,LOW,Y,0.6,0.1,-0.1,MT5 economic calendar (broker time UTC+3)
2026-05-15 20:00,2026-05-15,USD,Baker Hughes US Oil Rig Count,BUSINESS,MODERATE,Y,415.0,0.0,410.0,MT5 economic calendar (broker time UTC+3)
2026-05-15 20:00,2026-05-15,USD,Baker Hughes US Total Rig Count,BUSINESS,MODERATE,Y,551.0,0.0,548.0,MT5 economic calendar (broker time UTC+3)
2026-05-15 22:30,2026-05-15,AUD,CFTC AUD Non-Commercial Net Positions,MARKET,MODERATE,Y,85.0,0.0,78.7,MT5 economic calendar (broker time UTC+3)
2026-05-15 22:30,2026-05-15,BRL,CFTC BRL Non-Commercial Net Positions,MARKET,MODERATE,Y,68.6,0.0,66.8,MT5 economic calendar (broker time UTC+3)
2026-05-15 22:30,2026-05-15,CAD,CFTC CAD Non-Commercial Net Positions,MARKET,LOW,Y,-16.2,0.0,-14.7,MT5 economic calendar (broker time UTC+3)
2026-05-15 22:30,2026-05-15,CHF,CFTC CHF Non-Commercial Net Positions,MARKET,LOW,Y,-36.2,0.0,-34.5,MT5 economic calendar (broker time UTC+3)
2026-05-15 22:30,2026-05-15,EUR,CFTC EUR Non-Commercial Net Positions,MARKET,MODERATE,Y,40.2,0.0,32.2,MT5 economic calendar (broker time UTC+3)
2026-05-15 22:30,2026-05-15,GBP,CFTC GBP Non-Commercial Net Positions,MARKET,MODERATE,Y,-43.1,0.0,-63.9,MT5 economic calendar (broker time UTC+3)
2026-05-15 22:30,2026-05-15,JPY,CFTC JPY Non-Commercial Net Positions,MARKET,MODERATE,Y,-75.1,0.0,-61.7,MT5 economic calendar (broker time UTC+3)
2026-05-15 22:30,2026-05-15,MXN,CFTC MXN Non-Commercial Net Positions,MARKET,LOW,Y,64.1,0.0,62.1,MT5 economic calendar (broker time UTC+3)
2026-05-15 22:30,2026-05-15,NZD,CFTC NZD Non-Commercial Net Positions,MARKET,LOW,Y,-39.2,0.0,-48.3,MT5 economic calendar (broker time UTC+3)
2026-05-15 22:30,2026-05-15,USD,CFTC Aluminium Non-Commercial Net Positions,MARKET,LOW,Y,0.3,0.0,0.4,MT5 economic calendar (broker time UTC+3)
2026-05-15 22:30,2026-05-15,USD,CFTC Copper Non-Commercial Net Positions,MARKET,LOW,Y,76.3,0.0,62.8,MT5 economic calendar (broker time UTC+3)
2026-05-15 22:30,2026-05-15,USD,CFTC Corn Non-Commercial Net Positions,MARKET,LOW,Y,383.5,0.0,433.4,MT5 economic calendar (broker time UTC+3)
2026-05-15 22:30,2026-05-15,USD,CFTC Crude Oil Non-Commercial Net Positions,MARKET,MODERATE,Y,169.9,0.0,178.8,MT5 economic calendar (broker time UTC+3)
2026-05-15 22:30,2026-05-15,USD,CFTC Gold Non-Commercial Net Positions,MARKET,MODERATE,Y,171.6,0.0,163.3,MT5 economic calendar (broker time UTC+3)
2026-05-15 22:30,2026-05-15,USD,CFTC Nasdaq 100 Non-Commercial Net Positions,MARKET,MODERATE,Y,-16.0,0.0,1.2,MT5 economic calendar (broker time UTC+3)
2026-05-15 22:30,2026-05-15,USD,CFTC Natural Gas Non-Commercial Net Positions,MARKET,LOW,Y,-176.3,0.0,-166.6,MT5 economic calendar (broker time UTC+3)
2026-05-15 22:30,2026-05-15,USD,CFTC S&P 500 Non-Commercial Net Positions,MARKET,MODERATE,Y,-143.8,0.0,-103.9,MT5 economic calendar (broker time UTC+3)
2026-05-15 22:30,2026-05-15,USD,CFTC Silver Non-Commercial Net Positions,MARKET,LOW,Y,26.1,0.0,23.9,MT5 economic calendar (broker time UTC+3)
2026-05-15 22:30,2026-05-15,USD,CFTC Soybeans Non-Commercial Net Positions,MARKET,LOW,Y,224.0,0.0,232.2,MT5 economic calendar (broker time UTC+3)
2026-05-15 22:30,2026-05-15,USD,CFTC Wheat Non-Commercial Net Positions,MARKET,LOW,Y,-14.4,0.0,-16.7,MT5 economic calendar (broker time UTC+3)
2026-05-15 22:30,2026-05-15,ZAR,CFTC ZAR Non-Commercial Net Positions,MARKET,LOW,Y,7.1,0.0,5.9,MT5 economic calendar (broker time UTC+3)
2026-05-17 00:00,2026-05-17,NOK,Constitution Day,HOLIDAYS,NONE,Y,0.0,0.0,0.0,MT5 economic calendar (broker time UTC+3)
2026-05-18 00:00,2026-05-18,CAD,Victoria Day,HOLIDAYS,NONE,Y,0.0,0.0,0.0,MT5 economic calendar (broker time UTC+3)
2026-05-18 01:30,2026-05-18,NZD,BusinessNZ Services Index,BUSINESS,LOW,Y,48.9,0.0,46.0,MT5 economic calendar (broker time UTC+3)
2026-05-18 03:30,2026-05-18,SGD,Non-Oil Domestic Exports m/m,TRADE,LOW,Y,11.0,12.0,3.0,MT5 economic calendar (broker time UTC+3)
2026-05-18 03:30,2026-05-18,SGD,Non-Oil Domestic Exports y/y,TRADE,LOW,Y,24.5,-4.5,15.3,MT5 economic calendar (broker time UTC+3)
2026-05-18 03:30,2026-05-18,SGD,Trade Balance,TRADE,LOW,Y,13.069,6.497,11.218,MT5 economic calendar (broker time UTC+3)
2026-05-18 05:00,2026-05-18,CNY,Fixed Asset Investment y/y,BUSINESS,MODERATE,Y,-1.6,2.0,1.7,MT5 economic calendar (broker time UTC+3)
2026-05-18 05:00,2026-05-18,CNY,Industrial Production YTD y/y,BUSINESS,MODERATE,Y,5.6,0.0,6.1,MT5 economic calendar (broker time UTC+3)
2026-05-18 05:00,2026-05-18,CNY,Industrial Production y/y,BUSINESS,MODERATE,Y,4.1,6.3,5.7,MT5 economic calendar (broker time UTC+3)
2026-05-18 05:00,2026-05-18,CNY,NBS Press Conference on Economic Situation,MONEY,MODERATE,Y,0.0,0.0,0.0,MT5 economic calendar (broker time UTC+3)
2026-05-18 05:00,2026-05-18,CNY,Retail Sales YTD y/y,CONSUMER,LOW,Y,1.9,0.0,2.4,MT5 economic calendar (broker time UTC+3)
2026-05-18 05:00,2026-05-18,CNY,Retail Sales y/y,CONSUMER,LOW,Y,0.2,1.3,1.7,MT5 economic calendar (broker time UTC+3)
2026-05-18 05:00,2026-05-18,CNY,Unemployment Rate,JOBS,MODERATE,Y,5.2,5.3,5.4,MT5 economic calendar (broker time UTC+3)
2026-05-18 06:00,2026-05-18,NZD,RBNZ Non-Resident Debt Holdings,GOVERNMENT,LOW,Y,57.1,56.5,56.7,MT5 economic calendar (broker time UTC+3)
2026-05-18 10:30,2026-05-18,EUR,ECB Executive Board Member Elderson Speech,MONEY,MODERATE,Y,0.0,0.0,0.0,MT5 economic calendar (broker time UTC+3)
2026-05-18 11:00,2026-05-18,EUR,Trade Balance,TRADE,LOW,Y,4.709,7.797,4.944,MT5 economic calendar (broker time UTC+3)
2026-05-18 11:00,2026-05-18,EUR,Trade Balance EU,TRADE,LOW,Y,-1.08,0.0,-0.652,MT5 economic calendar (broker time UTC+3)
2026-05-18 11:30,2026-05-18,GBP,BoE MPC Member Mann Speech,MONEY,MODERATE,Y,0.0,0.0,0.0,MT5 economic calendar (broker time UTC+3)
2026-05-18 14:30,2026-05-18,BRL,BCB Focus Market Report,MONEY,MODERATE,Y,0.0,0.0,0.0,MT5 economic calendar (broker time UTC+3)
2026-05-18 15:00,2026-05-18,BRL,BCB IBC-Br Economic Activity,BUSINESS,LOW,Y,-0.67,0.38,0.6,MT5 economic calendar (broker time UTC+3)
2026-05-18 15:56,2026-05-18,EUR,12-Month BTF Auction,MARKET,LOW,Y,2.642,0.0,2.613,MT5 economic calendar (broker time UTC+3)
2026-05-18 15:56,2026-05-18,EUR,3-Month BTF Auction,MARKET,LOW,Y,2.25,0.0,2.234,MT5 economic calendar (broker time UTC+3)
2026-05-18 15:56,2026-05-18,EUR,6-Month BTF Auction,MARKET,LOW,Y,2.412,0.0,2.421,MT5 economic calendar (broker time UTC+3)
2026-05-18 17:00,2026-05-18,USD,NAHB Housing Market Index,HOUSING,LOW,Y,37.0,33.0,34.0,MT5 economic calendar (broker time UTC+3)
2026-05-18 18:30,2026-05-18,USD,3-Month Bill Auction,MARKET,LOW,Y,3.6,0.0,3.61,MT5 economic calendar (broker time UTC+3)
2026-05-18 18:30,2026-05-18,USD,6-Month Bill Auction,MARKET,LOW,Y,3.615,0.0,3.615,MT5 economic calendar (broker time UTC+3)
2026-05-18 23:00,2026-05-18,USD,TIC Net Foreign Purchases of Domestic Treasury Bonds & Notes,MONEY,LOW,Y,13.6,31.2,2.0,MT5 economic calendar (broker time UTC+3)
2026-05-18 23:00,2026-05-18,USD,TIC Net Long-Term Transactions,MONEY,MODERATE,Y,81.3,83.8,58.6,MT5 economic calendar (broker time UTC+3)
2026-05-18 23:00,2026-05-18,USD,TIC Net Long-Term Transactions incl. Swaps,MONEY,LOW,Y,81.3,-63.3,58.6,MT5 economic calendar (broker time UTC+3)
2026-05-18 23:00,2026-05-18,USD,TIC Overall Net Capital Flow,MONEY,LOW,Y,150.7,43.2,184.5,MT5 economic calendar (broker time UTC+3)
2026-05-19 01:00,2026-05-19,EUR,Trade Balance,TRADE,LOW,Y,-4.372,-4.812,-3.296,MT5 economic calendar (broker time UTC+3)
2026-05-19 01:45,2026-05-19,NZD,Electronic Card Retail Sales m/m,CONSUMER,MODERATE,Y,-1.3,-0.2,0.7,MT5 economic calendar (broker time UTC+3)
2026-05-19 01:45,2026-05-19,NZD,Electronic Card Retail Sales y/y,CONSUMER,LOW,Y,2.0,3.4,2.7,MT5 economic calendar (broker time UTC+3)
2026-05-19 01:45,2026-05-19,NZD,PPI Input q/q,PRICES,MODERATE,Y,1.4,1.1,-0.5,MT5 economic calendar (broker time UTC+3)
2026-05-19 01:45,2026-05-19,NZD,PPI Output q/q,PRICES,LOW,Y,0.8,1.1,0.1,MT5 economic calendar (broker time UTC+3)
2026-05-19 02:50,2026-05-19,JPY,GDP Price Index y/y,PRICES,MODERATE,Y,3.4,3.5,3.4,MT5 economic calendar (broker time UTC+3)
2026-05-19 02:50,2026-05-19,JPY,GDP q/q,GDP,HIGH,Y,0.5,0.4,0.3,MT5 economic calendar (broker time UTC+3)
2026-05-19 02:50,2026-05-19,JPY,GDP y/y,GDP,MODERATE,Y,2.1,2.0,1.3,MT5 economic calendar (broker time UTC+3)
2026-05-19 02:50,2026-05-19,JPY,Net Exports Contribution to GDP q/q,GDP,MODERATE,Y,0.3,-0.5,0.0,MT5 economic calendar (broker time UTC+3)
2026-05-19 02:50,2026-05-19,JPY,Private Consumption q/q,GDP,LOW,Y,0.3,0.0,0.3,MT5 economic calendar (broker time UTC+3)
2026-05-19 02:50,2026-05-19,JPY,Private Non-Residential Investment q/q,GDP,LOW,Y,0.3,0.8,1.3,MT5 economic calendar (broker time UTC+3)
2026-05-19 03:30,2026-05-19,AUD,Westpac-MI Consumer Sentiment m/m,CONSUMER,LOW,Y,3.5,-1.4,-12.5,MT5 economic calendar (broker time UTC+3)
2026-05-19 07:30,2026-05-19,JPY,Capacity Utilization Rate,BUSINESS,LOW,Y,-1.2,-0.4,-0.1,MT5 economic calendar (broker time UTC+3)
2026-05-19 07:30,2026-05-19,JPY,Industrial Production m/m,BUSINESS,MODERATE,Y,-0.4,-0.5,-0.5,MT5 economic calendar (broker time UTC+3)
2026-05-19 07:30,2026-05-19,JPY,Industrial Production y/y,BUSINESS,LOW,Y,2.4,2.3,2.3,MT5 economic calendar (broker time UTC+3)
2026-05-19 07:30,2026-05-19,JPY,Tertiary Industry Activity Index m/m,BUSINESS,MODERATE,Y,-0.2,0.1,-0.4,MT5 economic calendar (broker time UTC+3)
2026-05-19 09:00,2026-05-19,GBP,"Average Weekly Earnings, Regular Pay y/y",JOBS,LOW,Y,3.4,5.0,4.7,MT5 economic calendar (broker time UTC+3)
2026-05-19 09:00,2026-05-19,GBP,"Average Weekly Earnings, Total Pay y/y",JOBS,MODERATE,Y,4.1,5.2,5.0,MT5 economic calendar (broker time UTC+3)
2026-05-19 09:00,2026-05-19,GBP,Claimant Count Change,JOBS,MODERATE,Y,26.5,10.9,25.7,MT5 economic calendar (broker time UTC+3)
2026-05-19 09:00,2026-05-19,GBP,Employment Change 3-months,JOBS,MODERATE,Y,148.0,90.0,91.0,MT5 economic calendar (broker time UTC+3)
2026-05-19 09:00,2026-05-19,GBP,Unemployment Rate,JOBS,MODERATE,Y,5.0,4.9,4.8,MT5 economic calendar (broker time UTC+3)
2026-05-19 11:30,2026-05-19,GBP,Labour Productivity q/q,JOBS,MODERATE,Y,-0.6,0.0,0.7,MT5 economic calendar (broker time UTC+3)
2026-05-19 11:30,2026-05-19,GBP,Labour Productivity y/y,JOBS,MODERATE,Y,-0.5,0.0,-0.8,MT5 economic calendar (broker time UTC+3)
2026-05-19 11:30,2026-05-19,HKD,Unemployment Rate 3-Months,JOBS,LOW,Y,3.7,3.7,3.7,MT5 economic calendar (broker time UTC+3)
2026-05-19 12:00,2026-05-19,EUR,Trade Balance,TRADE,MODERATE,Y,3.5,10.5,7.0,MT5 economic calendar (broker time UTC+3)
2026-05-19 12:00,2026-05-19,EUR,Trade Balance n.s.a.,TRADE,MODERATE,Y,7.8,12.8,11.5,MT5 economic calendar (broker time UTC+3)
2026-05-19 12:30,2026-05-19,EUR,5-Year Note Auction,MARKET,LOW,Y,2.85,0.0,2.68,MT5 economic calendar (broker time UTC+3)
2026-05-19 15:00,2026-05-19,EUR,ECB Executive Board Member Lane Speech,MONEY,MODERATE,Y,0.0,0.0,0.0,MT5 economic calendar (broker time UTC+3)
2026-05-19 15:00,2026-05-19,USD,Fed Governor Waller Speech,MONEY,MODERATE,Y,0.0,0.0,0.0,MT5 economic calendar (broker time UTC+3)
2026-05-19 15:30,2026-05-19,CAD,Building Permits m/m,BUSINESS,MODERATE,Y,10.3,6.6,-8.5,MT5 economic calendar (broker time UTC+3)
2026-05-19 15:30,2026-05-19,CAD,CPI m/m,PRICES,MODERATE,Y,0.4,0.8,0.9,MT5 economic calendar (broker time UTC+3)
2026-05-19 15:30,2026-05-19,CAD,CPI y/y,PRICES,LOW,Y,2.8,2.3,2.4,MT5 economic calendar (broker time UTC+3)
2026-05-19 15:30,2026-05-19,CAD,Common CPI y/y,PRICES,LOW,Y,2.5,2.5,2.6,MT5 economic calendar (broker time UTC+3)
2026-05-19 15:30,2026-05-19,CAD,Core CPI m/m,PRICES,MODERATE,Y,0.2,0.2,0.2,MT5 economic calendar (broker time UTC+3)
2026-05-19 15:30,2026-05-19,CAD,Core CPI y/y,PRICES,MODERATE,Y,2.1,2.2,2.5,MT5 economic calendar (broker time UTC+3)
2026-05-19 15:30,2026-05-19,CAD,Median CPI y/y,PRICES,LOW,Y,2.1,2.2,2.3,MT5 economic calendar (broker time UTC+3)
2026-05-19 15:30,2026-05-19,CAD,New Housing Price Index m/m,HOUSING,MODERATE,Y,-0.4,-0.2,-0.2,MT5 economic calendar (broker time UTC+3)
2026-05-19 15:30,2026-05-19,CAD,Trimmed CPI y/y,PRICES,LOW,Y,2.0,2.0,2.2,MT5 economic calendar (broker time UTC+3)
2026-05-19 17:00,2026-05-19,USD,Pending Home Sales Index,HOUSING,LOW,Y,74.8,0.0,73.7,MT5 economic calendar (broker time UTC+3)
2026-05-19 17:00,2026-05-19,USD,Pending Home Sales m/m,HOUSING,MODERATE,Y,1.4,-2.3,1.5,MT5 economic calendar (broker time UTC+3)
2026-05-19 17:00,2026-05-19,USD,Pending Home Sales y/y,HOUSING,LOW,Y,3.2,0.0,-1.1,MT5 economic calendar (broker time UTC+3)
2026-05-19 17:53,2026-05-19,NZD,GDT Price Index,PRICES,LOW,Y,0.6,-0.3,1.5,MT5 economic calendar (broker time UTC+3)
2026-05-20 09:00,2026-05-20,EUR,PPI m/m,PRICES,MODERATE,Y,1.2,1.6,2.5,MT5 economic calendar (broker time UTC+3)
2026-05-20 09:00,2026-05-20,EUR,PPI y/y,PRICES,LOW,Y,1.7,-0.7,-0.2,MT5 economic calendar (broker time UTC+3)
2026-05-20 09:00,2026-05-20,GBP,CPI,PRICES,LOW,Y,142.1,0.0,140.1,MT5 economic calendar (broker time UTC+3)
2026-05-20 09:00,2026-05-20,GBP,CPI m/m,PRICES,MODERATE,Y,0.7,0.3,0.4,MT5 economic calendar (broker time UTC+3)
2026-05-20 09:00,2026-05-20,GBP,CPI y/y,PRICES,HIGH,Y,2.8,3.8,3.4,MT5 economic calendar (broker time UTC+3)
2026-05-20 09:00,2026-05-20,GBP,CPIH,PRICES,LOW,Y,141.8,0.0,139.9,MT5 economic calendar (broker time UTC+3)
2026-05-20 09:00,2026-05-20,GBP,CPIH m/m,PRICES,MODERATE,Y,0.8,0.5,0.4,MT5 economic calendar (broker time UTC+3)
2026-05-20 09:00,2026-05-20,GBP,CPIH y/y,PRICES,MODERATE,Y,3.0,3.9,3.6,MT5 economic calendar (broker time UTC+3)
2026-05-20 09:00,2026-05-20,GBP,Core CPI m/m,PRICES,LOW,Y,0.7,0.3,0.3,MT5 economic calendar (broker time UTC+3)
2026-05-20 09:00,2026-05-20,GBP,Core CPI y/y,PRICES,LOW,Y,2.5,3.4,3.2,MT5 economic calendar (broker time UTC+3)
2026-05-20 09:00,2026-05-20,GBP,Core PPI Output m/m,PRICES,LOW,Y,0.7,0.1,-0.1,MT5 economic calendar (broker time UTC+3)
2026-05-20 09:00,2026-05-20,GBP,Core PPI Output y/y,PRICES,LOW,Y,2.4,3.7,3.2,MT5 economic calendar (broker time UTC+3)
2026-05-20 09:00,2026-05-20,GBP,Core RPI m/m,PRICES,LOW,Y,0.8,0.4,0.7,MT5 economic calendar (broker time UTC+3)
2026-05-20 09:00,2026-05-20,GBP,Core RPI y/y,PRICES,LOW,Y,3.0,5.0,4.1,MT5 economic calendar (broker time UTC+3)
2026-05-20 09:00,2026-05-20,GBP,PPI Input m/m,PRICES,MODERATE,Y,2.4,-0.7,-0.2,MT5 economic calendar (broker time UTC+3)
2026-05-20 09:00,2026-05-20,GBP,PPI Input y/y,PRICES,LOW,Y,7.7,1.6,0.8,MT5 economic calendar (broker time UTC+3)
2026-05-20 09:00,2026-05-20,GBP,PPI Output m/m,PRICES,LOW,Y,1.4,0.0,0.0,MT5 economic calendar (broker time UTC+3)
2026-05-20 09:00,2026-05-20,GBP,PPI Output y/y,PRICES,LOW,Y,4.0,3.8,3.4,MT5 economic calendar (broker time UTC+3)
2026-05-20 09:00,2026-05-20,GBP,RPI m/m,PRICES,LOW,Y,0.7,0.3,0.7,MT5 economic calendar (broker time UTC+3)
2026-05-20 09:00,2026-05-20,GBP,RPI y/y,PRICES,LOW,Y,3.0,4.6,4.2,MT5 economic calendar (broker time UTC+3)
2026-05-20 10:00,2026-05-20,EUR,ECB Non-monetary Policy Meeting,MONEY,MODERATE,Y,0.0,0.0,0.0,MT5 economic calendar (broker time UTC+3)
2026-05-20 11:00,2026-05-20,ZAR,CPI m/m,PRICES,LOW,Y,1.1,1.1,0.6,MT5 economic calendar (broker time UTC+3)
2026-05-20 11:00,2026-05-20,ZAR,CPI y/y,PRICES,LOW,Y,4.0,3.2,3.1,MT5 economic calendar (broker time UTC+3)
2026-05-20 11:00,2026-05-20,ZAR,Core CPI m/m,PRICES,LOW,Y,0.5,0.6,0.8,MT5 economic calendar (broker time UTC+3)
2026-05-20 11:00,2026-05-20,ZAR,Core CPI y/y,PRICES,LOW,Y,3.6,3.2,3.2,MT5 economic calendar (broker time UTC+3)
2026-05-20 11:30,2026-05-20,GBP,HPI y/y,HOUSING,LOW,Y,0.0,0.0,1.2,MT5 economic calendar (broker time UTC+3)
2026-05-20 12:00,2026-05-20,EUR,CPI,PRICES,LOW,Y,103.04,0.0,103.05,MT5 economic calendar (broker time UTC+3)
2026-05-20 12:00,2026-05-20,EUR,CPI excl. Energy and Unprocessed Food m/m,PRICES,LOW,Y,0.8,0.8,0.8,MT5 economic calendar (broker time UTC+3)
2026-05-20 12:00,2026-05-20,EUR,CPI excl. Energy and Unprocessed Food y/y,PRICES,LOW,Y,2.1,2.1,2.1,MT5 economic calendar (broker time UTC+3)
2026-05-20 12:00,2026-05-20,EUR,CPI excl. Tobacco m/m,PRICES,LOW,Y,1.0,0.8,1.3,MT5 economic calendar (broker time UTC+3)
2026-05-20 12:00,2026-05-20,EUR,CPI excl. Tobacco y/y,PRICES,LOW,Y,3.0,2.0,2.5,MT5 economic calendar (broker time UTC+3)
2026-05-20 12:00,2026-05-20,EUR,CPI m/m,PRICES,MODERATE,Y,1.0,2.6,2.6,MT5 economic calendar (broker time UTC+3)
2026-05-20 12:00,2026-05-20,EUR,CPI y/y,PRICES,HIGH,Y,3.0,1.9,1.9,MT5 economic calendar (broker time UTC+3)
2026-05-20 12:00,2026-05-20,EUR,Core CPI,PRICES,MODERATE,Y,102.35,0.0,102.34,MT5 economic calendar (broker time UTC+3)
2026-05-20 12:00,2026-05-20,EUR,Core CPI m/m,PRICES,LOW,Y,0.9,0.9,0.9,MT5 economic calendar (broker time UTC+3)
2026-05-20 12:00,2026-05-20,EUR,Core CPI y/y,PRICES,MODERATE,Y,2.2,2.2,2.2,MT5 economic calendar (broker time UTC+3)
2026-05-20 12:30,2026-05-20,EUR,10-Year Bond Auction,MARKET,MODERATE,Y,3.16,0.0,3.0,MT5 economic calendar (broker time UTC+3)
2026-05-20 14:00,2026-05-20,ZAR,Retail Sales m/m,CONSUMER,LOW,Y,0.1,-0.6,-1.0,MT5 economic calendar (broker time UTC+3)
2026-05-20 14:00,2026-05-20,ZAR,Retail Sales y/y,CONSUMER,LOW,Y,2.6,2.6,1.6,MT5 economic calendar (broker time UTC+3)
2026-05-20 16:15,2026-05-20,GBP,BoE Governor Bailey Speech,MONEY,HIGH,Y,0.0,0.0,0.0,MT5 economic calendar (broker time UTC+3)
2026-05-20 16:15,2026-05-20,GBP,BoE MPC Member Dhingra Speech,MONEY,MODERATE,Y,0.0,0.0,0.0,MT5 economic calendar (broker time UTC+3)
2026-05-20 16:15,2026-05-20,GBP,BoE MPC Member Mann Speech,MONEY,MODERATE,Y,0.0,0.0,0.0,MT5 economic calendar (broker time UTC+3)
2026-05-20 16:15,2026-05-20,USD,Fed Vice Chair for Supervision Barr Speech,MONEY,MODERATE,Y,0.0,0.0,0.0,MT5 economic calendar (broker time UTC+3)
2026-05-20 17:30,2026-05-20,USD,EIA Crude Oil Imports Change,BUSINESS,LOW,Y,0.003,0.427,-0.318,MT5 economic calendar (broker time UTC+3)
2026-05-20 17:30,2026-05-20,USD,EIA Crude Oil Stocks Change,BUSINESS,HIGH,Y,-7.863,-17.631,-4.306,MT5 economic calendar (broker time UTC+3)
2026-05-20 17:30,2026-05-20,USD,EIA Cushing Crude Oil Stocks Change,BUSINESS,MODERATE,Y,-1.604,-0.628,-1.702,MT5 economic calendar (broker time UTC+3)
2026-05-20 17:30,2026-05-20,USD,EIA Distillate Fuel Production Change,BUSINESS,LOW,Y,0.214,0.01,-0.124,MT5 economic calendar (broker time UTC+3)
2026-05-20 17:30,2026-05-20,USD,EIA Distillates Stocks Change,BUSINESS,LOW,Y,0.372,-1.527,0.19,MT5 economic calendar (broker time UTC+3)
2026-05-20 17:30,2026-05-20,USD,EIA Gasoline Production Change,BUSINESS,LOW,Y,-0.446,-0.285,0.222,MT5 economic calendar (broker time UTC+3)
2026-05-20 17:30,2026-05-20,USD,EIA Gasoline Stocks Change,BUSINESS,LOW,Y,-1.548,-4.055,-4.084,MT5 economic calendar (broker time UTC+3)
2026-05-20 17:30,2026-05-20,USD,EIA Heating Oil Stocks Change,BUSINESS,LOW,Y,0.021,0.353,0.153,MT5 economic calendar (broker time UTC+3)
2026-05-20 17:30,2026-05-20,USD,EIA Refinery Crude Oil Daily Inputs Change,BUSINESS,LOW,Y,-0.08,0.0,0.37,MT5 economic calendar (broker time UTC+3)
2026-05-20 17:30,2026-05-20,USD,EIA Refinery Utilization Rate Change,BUSINESS,LOW,Y,-0.1,0.0,1.6,MT5 economic calendar (broker time UTC+3)
2026-05-20 20:00,2026-05-20,USD,20-Year Bond Auction,MARKET,MODERATE,Y,5.122,0.0,4.883,MT5 economic calendar (broker time UTC+3)
2026-05-20 20:30,2026-05-20,BRL,Foreign Exchange Flows,MONEY,LOW,Y,3.027,1.549,-1.439,MT5 economic calendar (broker time UTC+3)
2026-05-20 21:00,2026-05-20,USD,FOMC Minutes,MONEY,MODERATE,Y,0.0,0.0,0.0,MT5 economic calendar (broker time UTC+3)
2026-05-21 00:00,2026-05-21,BRL,BCB National Monetary Council Meeting,MONEY,MODERATE,Y,0.0,0.0,0.0,MT5 economic calendar (broker time UTC+3)
2026-05-21 00:00,2026-05-21,KRW,PPI m/m,PRICES,LOW,Y,2.5,1.0,1.6,MT5 economic calendar (broker time UTC+3)
2026-05-21 00:00,2026-05-21,KRW,PPI y/y,PRICES,LOW,Y,6.9,4.4,4.1,MT5 economic calendar (broker time UTC+3)
2026-05-21 01:45,2026-05-21,NZD,Exports,TRADE,LOW,Y,8.62,0.0,7.944,MT5 economic calendar (broker time UTC+3)
2026-05-21 01:45,2026-05-21,NZD,Imports,TRADE,LOW,Y,6.7,0.0,7.246,MT5 economic calendar (broker time UTC+3)
2026-05-21 01:45,2026-05-21,NZD,Trade Balance,TRADE,LOW,Y,1.92,0.811,0.698,MT5 economic calendar (broker time UTC+3)
2026-05-21 01:45,2026-05-21,NZD,Trade Balance 12-Months,TRADE,MODERATE,Y,-2.764,-3.803,-3.191,MT5 economic calendar (broker time UTC+3)
2026-05-21 02:50,2026-05-21,JPY,Adjusted Trade Balance,TRADE,MODERATE,Y,236.4,70.7,90.7,MT5 economic calendar (broker time UTC+3)
2026-05-21 02:50,2026-05-21,JPY,Core Machinery Orders m/m,BUSINESS,LOW,Y,-9.4,-2.4,13.6,MT5 economic calendar (broker time UTC+3)
2026-05-21 02:50,2026-05-21,JPY,Core Machinery Orders y/y,BUSINESS,LOW,Y,5.9,13.7,24.7,MT5 economic calendar (broker time UTC+3)
2026-05-21 02:50,2026-05-21,JPY,Exports y/y,TRADE,MODERATE,Y,14.8,9.2,11.7,MT5 economic calendar (broker time UTC+3)
2026-05-21 02:50,2026-05-21,JPY,Foreign Bond Investment,GOVERNMENT,LOW,Y,758.7,0.0,2406.4,MT5 economic calendar (broker time UTC+3)
2026-05-21 02:50,2026-05-21,JPY,Foreign Investment in Japan Stocks,GOVERNMENT,LOW,Y,949.6,0.0,301.5,MT5 economic calendar (broker time UTC+3)
2026-05-21 02:50,2026-05-21,JPY,Imports y/y,TRADE,LOW,Y,9.7,4.0,10.9,MT5 economic calendar (broker time UTC+3)
2026-05-21 02:50,2026-05-21,JPY,Trade Balance,TRADE,MODERATE,Y,301.9,33.6,667.0,MT5 economic calendar (broker time UTC+3)
2026-05-21 04:00,2026-05-21,AUD,MI Inflation Expectations,PRICES,LOW,Y,5.6,0.0,5.9,MT5 economic calendar (broker time UTC+3)
2026-05-21 04:30,2026-05-21,AUD,Employment Change,JOBS,MODERATE,Y,-18.6,17.4,17.9,MT5 economic calendar (broker time UTC+3)
2026-05-21 04:30,2026-05-21,AUD,Full-Time Employment Change,JOBS,MODERATE,Y,-10.7,0.0,52.5,MT5 economic calendar (broker time UTC+3)
2026-05-21 04:30,2026-05-21,AUD,Participation Rate,JOBS,LOW,Y,66.7,66.7,66.8,MT5 economic calendar (broker time UTC+3)
2026-05-21 04:30,2026-05-21,AUD,Unemployment Rate,JOBS,MODERATE,Y,4.5,4.3,4.3,MT5 economic calendar (broker time UTC+3)
2026-05-21 06:00,2026-05-21,NZD,RBNZ Credit Card Spending y/y,CONSUMER,LOW,Y,2.9,-0.7,2.1,MT5 economic calendar (broker time UTC+3)
2026-05-21 09:00,2026-05-21,SEK,Unemployment Rate,JOBS,LOW,Y,8.7,9.2,9.7,MT5 economic calendar (broker time UTC+3)
2026-05-21 09:30,2026-05-21,CHF,Industrial Production y/y,BUSINESS,LOW,Y,-7.1,0.0,-0.7,MT5 economic calendar (broker time UTC+3)
2026-05-21 10:15,2026-05-21,EUR,S&P Global Composite PMI,BUSINESS,LOW,Y,43.5,48.7,47.6,MT5 economic calendar (broker time UTC+3)
2026-05-21 10:15,2026-05-21,EUR,S&P Global Manufacturing PMI,BUSINESS,MODERATE,Y,48.9,50.4,52.8,MT5 economic calendar (broker time UTC+3)
2026-05-21 10:15,2026-05-21,EUR,S&P Global Services PMI,BUSINESS,MODERATE,Y,42.9,44.9,46.5,MT5 economic calendar (broker time UTC+3)
2026-05-21 10:30,2026-05-21,EUR,S&P Global Composite PMI,BUSINESS,LOW,Y,48.6,48.3,48.4,MT5 economic calendar (broker time UTC+3)
2026-05-21 10:30,2026-05-21,EUR,S&P Global Manufacturing PMI,BUSINESS,MODERATE,Y,49.9,51.2,51.4,MT5 economic calendar (broker time UTC+3)
2026-05-21 10:30,2026-05-21,EUR,S&P Global Services PMI,BUSINESS,MODERATE,Y,47.8,46.8,46.9,MT5 economic calendar (broker time UTC+3)
2026-05-21 11:00,2026-05-21,EUR,Current Account,TRADE,LOW,Y,14.9,19.2,24.9,MT5 economic calendar (broker time UTC+3)
2026-05-21 11:00,2026-05-21,EUR,Current Account n.s.a.,TRADE,LOW,Y,24.1,40.3,21.1,MT5 economic calendar (broker time UTC+3)
2026-05-21 11:00,2026-05-21,EUR,S&P Global Composite PMI,BUSINESS,MODERATE,Y,47.5,48.2,48.8,MT5 economic calendar (broker time UTC+3)
2026-05-21 11:00,2026-05-21,EUR,S&P Global Manufacturing PMI,BUSINESS,MODERATE,Y,51.4,52.1,52.2,MT5 economic calendar (broker time UTC+3)
2026-05-21 11:00,2026-05-21,EUR,S&P Global Services PMI,BUSINESS,MODERATE,Y,46.4,46.7,47.6,MT5 economic calendar (broker time UTC+3)
2026-05-21 11:30,2026-05-21,GBP,S&P Global/CIPS Composite PMI,BUSINESS,MODERATE,Y,48.5,0.0,52.6,MT5 economic calendar (broker time UTC+3)
2026-05-21 11:30,2026-05-21,GBP,S&P Global/CIPS Manufacturing PMI,BUSINESS,MODERATE,Y,53.7,53.8,53.7,MT5 economic calendar (broker time UTC+3)
2026-05-21 11:30,2026-05-21,GBP,S&P Global/CIPS Services PMI,BUSINESS,MODERATE,Y,47.9,51.8,52.7,MT5 economic calendar (broker time UTC+3)
2026-05-21 11:30,2026-05-21,HKD,CPI y/y,PRICES,LOW,Y,1.7,1.3,1.7,MT5 economic calendar (broker time UTC+3)
2026-05-21 11:58,2026-05-21,EUR,3-Year OAT Auction,MARKET,LOW,Y,2.94,0.0,2.84,MT5 economic calendar (broker time UTC+3)
2026-05-21 12:00,2026-05-21,EUR,Construction Output m/m,BUSINESS,LOW,Y,0.8,-0.1,-0.2,MT5 economic calendar (broker time UTC+3)
2026-05-21 12:00,2026-05-21,EUR,Construction Output y/y,BUSINESS,LOW,Y,-1.2,-1.3,-1.9,MT5 economic calendar (broker time UTC+3)
2026-05-21 12:04,2026-05-21,EUR,5-Year Bonos Auction,MARKET,LOW,Y,2.959,0.0,2.915,MT5 economic calendar (broker time UTC+3)
2026-05-21 12:29,2026-05-21,EUR,5-Year OAT Auction,MARKET,LOW,Y,3.25,0.0,3.03,MT5 economic calendar (broker time UTC+3)
2026-05-21 13:00,2026-05-21,EUR,Bbk Monthly Report,MONEY,LOW,Y,0.0,0.0,0.0,MT5 economic calendar (broker time UTC+3)
2026-05-21 13:30,2026-05-21,GBP,10-Year Treasury Gilt Auction,MARKET,LOW,Y,5.026,0.0,4.911,MT5 economic calendar (broker time UTC+3)
2026-05-21 15:00,2026-05-21,MXN,Retail Sales m/m,CONSUMER,LOW,Y,0.1,0.0,-0.9,MT5 economic calendar (broker time UTC+3)
2026-05-21 15:00,2026-05-21,MXN,Retail Sales n.s.a. y/y,CONSUMER,LOW,Y,2.9,2.4,3.1,MT5 economic calendar (broker time UTC+3)
2026-05-21 15:30,2026-05-21,USD,Building Permits,HOUSING,MODERATE,Y,1.442,1.371,1.372,MT5 economic calendar (broker time UTC+3)
2026-05-21 15:30,2026-05-21,USD,Building Permits m/m,HOUSING,LOW,Y,5.8,2.0,-10.8,MT5 economic calendar (broker time UTC+3)
2026-05-21 15:30,2026-05-21,USD,Continuing Jobless Claims,JOBS,MODERATE,Y,1.782,1.805,1.782,MT5 economic calendar (broker time UTC+3)
2026-05-21 15:30,2026-05-21,USD,Housing Starts,HOUSING,MODERATE,Y,1.465,1.553,1.502,MT5 economic calendar (broker time UTC+3)
2026-05-21 15:30,2026-05-21,USD,Housing Starts m/m,HOUSING,MODERATE,Y,-2.8,-1.0,10.8,MT5 economic calendar (broker time UTC+3)
2026-05-21 15:30,2026-05-21,USD,Initial Jobless Claims,JOBS,HIGH,Y,209.0,208.0,211.0,MT5 economic calendar (broker time UTC+3)
2026-05-21 15:30,2026-05-21,USD,Initial Jobless Claims 4-Week Average,JOBS,LOW,Y,202.5,202.183,203.75,MT5 economic calendar (broker time UTC+3)
2026-05-21 15:30,2026-05-21,USD,Philadelphia Fed Business Conditions,BUSINESS,LOW,Y,53.2,29.4,40.8,MT5 economic calendar (broker time UTC+3)
2026-05-21 15:30,2026-05-21,USD,Philadelphia Fed Capex Index,BUSINESS,LOW,Y,30.9,22.6,35.2,MT5 economic calendar (broker time UTC+3)
2026-05-21 15:30,2026-05-21,USD,Philadelphia Fed Employment,BUSINESS,MODERATE,Y,-2.8,-7.5,-5.1,MT5 economic calendar (broker time UTC+3)
2026-05-21 15:30,2026-05-21,USD,Philadelphia Fed Manufacturing Index,BUSINESS,HIGH,Y,-0.4,2.9,26.7,MT5 economic calendar (broker time UTC+3)
2026-05-21 15:30,2026-05-21,USD,Philadelphia Fed New Orders,BUSINESS,LOW,Y,-1.7,21.2,33.0,MT5 economic calendar (broker time UTC+3)
2026-05-21 15:30,2026-05-21,USD,Philadelphia Fed Prices Paid,BUSINESS,LOW,Y,47.9,48.1,59.3,MT5 economic calendar (broker time UTC+3)
2026-05-21 15:30,2026-05-21,ZAR,Building Permits m/m,BUSINESS,LOW,Y,10.4,-12.3,-3.7,MT5 economic calendar (broker time UTC+3)
2026-05-21 15:30,2026-05-21,ZAR,Building Permits y/y,BUSINESS,LOW,Y,16.9,-0.1,-11.0,MT5 economic calendar (broker time UTC+3)
2026-05-21 17:00,2026-05-21,EUR,Consumer Confidence Index,CONSUMER,LOW,Y,0.0,-20.2,-20.6,MT5 economic calendar (broker time UTC+3)
2026-05-21 17:30,2026-05-21,USD,EIA Natural Gas Storage Change,BUSINESS,LOW,Y,101.0,81.0,85.0,MT5 economic calendar (broker time UTC+3)
2026-05-21 18:00,2026-05-21,GBP,BoE Governor Bailey Speech,MONEY,HIGH,Y,0.0,0.0,0.0,MT5 economic calendar (broker time UTC+3)
2026-05-21 18:00,2026-05-21,MXN,Bank of Mexico Monetary Policy Meeting Minutes,MONEY,MODERATE,Y,0.0,0.0,0.0,MT5 economic calendar (broker time UTC+3)
2026-05-21 18:00,2026-05-21,USD,Kansas City Fed Manufacturing Composite Index,BUSINESS,LOW,Y,8.0,13.0,10.0,MT5 economic calendar (broker time UTC+3)
2026-05-21 18:00,2026-05-21,USD,Kansas City Fed Manufacturing Production,BUSINESS,LOW,Y,9.0,11.0,19.0,MT5 economic calendar (broker time UTC+3)
2026-05-21 18:30,2026-05-21,EUR,ECB Executive Board Member Elderson Speech,MONEY,MODERATE,Y,0.0,0.0,0.0,MT5 economic calendar (broker time UTC+3)
2026-05-21 18:30,2026-05-21,USD,4-Week Bill Auction,MARKET,LOW,Y,3.61,0.0,3.605,MT5 economic calendar (broker time UTC+3)
2026-05-21 18:30,2026-05-21,USD,8-Week Bill Auction,MARKET,LOW,Y,3.6,0.0,3.61,MT5 economic calendar (broker time UTC+3)
2026-05-21 20:00,2026-05-21,USD,10-Year TIPS Auction,MARKET,MODERATE,Y,2.169,0.0,1.896,MT5 economic calendar (broker time UTC+3)
2026-05-22 00:00,2026-05-22,KRW,Consumer Confidence,CONSUMER,LOW,Y,106.1,103.2,99.2,MT5 economic calendar (broker time UTC+3)
2026-05-22 01:45,2026-05-22,NZD,Core Retail Sales q/q,CONSUMER,MODERATE,Y,1.0,0.3,1.5,MT5 economic calendar (broker time UTC+3)
2026-05-22 01:45,2026-05-22,NZD,Retail Sales q/q,CONSUMER,MODERATE,Y,0.9,0.5,0.9,MT5 economic calendar (broker time UTC+3)
2026-05-22 01:45,2026-05-22,NZD,Retail Sales y/y,CONSUMER,MODERATE,Y,4.5,4.5,4.4,MT5 economic calendar (broker time UTC+3)
2026-05-22 02:01,2026-05-22,GBP,GfK Consumer Confidence,CONSUMER,LOW,Y,0.0,-23.0,-25.0,MT5 economic calendar (broker time UTC+3)
2026-05-22 02:30,2026-05-22,JPY,CPI excl. Food and Energy y/y,PRICES,MODERATE,Y,1.9,2.1,2.4,MT5 economic calendar (broker time UTC+3)
2026-05-22 02:30,2026-05-22,JPY,CPI s.a. m/m,PRICES,LOW,Y,0.1,0.0,0.4,MT5 economic calendar (broker time UTC+3)
2026-05-22 02:30,2026-05-22,JPY,CPI y/y,PRICES,LOW,Y,1.4,1.5,1.5,MT5 economic calendar (broker time UTC+3)
2026-05-22 02:30,2026-05-22,JPY,Core CPI y/y,PRICES,MODERATE,Y,1.4,1.4,1.8,MT5 economic calendar (broker time UTC+3)
2026-05-22 04:15,2026-05-22,EUR,ECB Executive Board Member Lane Speech,MONEY,MODERATE,Y,0.0,0.0,0.0,MT5 economic calendar (broker time UTC+3)
2026-05-22 09:00,2026-05-22,EUR,GDP q/q,GDP,HIGH,Y,0.3,0.3,0.3,MT5 economic calendar (broker time UTC+3)
2026-05-22 09:00,2026-05-22,EUR,GDP y/y,GDP,MODERATE,Y,0.5,0.5,0.5,MT5 economic calendar (broker time UTC+3)
2026-05-22 09:00,2026-05-22,EUR,GfK Consumer Climate,CONSUMER,MODERATE,Y,0.0,-35.0,-33.3,MT5 economic calendar (broker time UTC+3)
2026-05-22 09:45,2026-05-22,EUR,Business Climate,BUSINESS,LOW,Y,102.0,99.0,100.0,MT5 economic calendar (broker time UTC+3)
2026-05-22 10:00,2026-05-22,GBP,Core Retail Sales m/m,CONSUMER,MODERATE,Y,-0.4,0.0,0.2,MT5 economic calendar (broker time UTC+3)
2026-05-22 10:00,2026-05-22,GBP,Core Retail Sales y/y,CONSUMER,MODERATE,Y,1.1,0.0,1.7,MT5 economic calendar (broker time UTC+3)
2026-05-22 10:00,2026-05-22,GBP,Public Sector Net Cash Requirement,GOVERNMENT,LOW,Y,9.547,0.0,28.519,MT5 economic calendar (broker time UTC+3)
2026-05-22 10:00,2026-05-22,GBP,Retail Sales m/m,CONSUMER,MODERATE,Y,-1.3,0.0,0.7,MT5 economic calendar (broker time UTC+3)
2026-05-22 10:00,2026-05-22,GBP,Retail Sales y/y,CONSUMER,MODERATE,Y,0.0,0.0,1.7,MT5 economic calendar (broker time UTC+3)
2026-05-22 11:00,2026-05-22,EUR,Ifo Business Climate,BUSINESS,MODERATE,Y,84.9,0.0,84.4,MT5 economic calendar (broker time UTC+3)
2026-05-22 11:00,2026-05-22,EUR,Ifo Business Expectations,BUSINESS,MODERATE,Y,83.8,0.0,83.3,MT5 economic calendar (broker time UTC+3)
2026-05-22 11:00,2026-05-22,EUR,Ifo Current Business Situation,BUSINESS,MODERATE,Y,86.1,0.0,85.4,MT5 economic calendar (broker time UTC+3)
2026-05-22 11:30,2026-05-22,EUR,ECB President Lagarde Speech,MONEY,HIGH,Y,0.0,0.0,0.0,MT5 economic calendar (broker time UTC+3)
2026-05-22 14:30,2026-05-22,INR,Foreign Exchange Reserves,MONEY,LOW,Y,688.894,702.981,696.988,MT5 economic calendar (broker time UTC+3)
2026-05-22 15:00,2026-05-22,MXN,Economic Activity m/m,BUSINESS,LOW,Y,0.4,-0.1,0.1,MT5 economic calendar (broker time UTC+3)
2026-05-22 15:00,2026-05-22,MXN,Economic Activity n.s.a. y/y,BUSINESS,LOW,Y,1.4,0.4,-0.3,MT5 economic calendar (broker time UTC+3)
2026-05-22 15:00,2026-05-22,MXN,First Half-Month CPI m/m,PRICES,LOW,Y,-0.16,0.13,0.11,MT5 economic calendar (broker time UTC+3)
2026-05-22 15:00,2026-05-22,MXN,First Half-Month Core CPI m/m,PRICES,LOW,Y,0.13,0.18,0.18,MT5 economic calendar (broker time UTC+3)
2026-05-22 15:00,2026-05-22,MXN,GDP n.s.a. y/y,GDP,MODERATE,Y,0.2,0.1,0.1,MT5 economic calendar (broker time UTC+3)
2026-05-22 15:00,2026-05-22,MXN,GDP q/q,GDP,MODERATE,Y,-0.6,-0.8,-0.8,MT5 economic calendar (broker time UTC+3)
2026-05-22 15:30,2026-05-22,CAD,Core Retail Sales m/m,CONSUMER,MODERATE,Y,1.4,-0.1,0.5,MT5 economic calendar (broker time UTC+3)
2026-05-22 15:30,2026-05-22,CAD,IPPI m/m,PRICES,LOW,Y,2.0,1.2,2.4,MT5 economic calendar (broker time UTC+3)
2026-05-22 15:30,2026-05-22,CAD,IPPI y/y,PRICES,LOW,Y,11.4,8.7,7.8,MT5 economic calendar (broker time UTC+3)
2026-05-22 15:30,2026-05-22,CAD,RMPI m/m,PRICES,MODERATE,Y,2.6,2.6,12.0,MT5 economic calendar (broker time UTC+3)
2026-05-22 15:30,2026-05-22,CAD,RMPI y/y,PRICES,LOW,Y,31.6,29.6,23.6,MT5 economic calendar (broker time UTC+3)
2026-05-22 15:30,2026-05-22,CAD,Retail Sales m/m,CONSUMER,MODERATE,Y,0.9,0.0,0.7,MT5 economic calendar (broker time UTC+3)
2026-05-22 17:00,2026-05-22,USD,CB Leading Economic Index m/m,BUSINESS,MODERATE,Y,-0.1,-0.5,-0.6,MT5 economic calendar (broker time UTC+3)
2026-05-22 17:00,2026-05-22,USD,Fed Governor Waller Speech,MONEY,MODERATE,Y,0.0,0.0,0.0,MT5 economic calendar (broker time UTC+3)
2026-05-22 17:00,2026-05-22,USD,Michigan 5-Year Inflation Expectations,PRICES,MODERATE,Y,3.9,3.4,3.4,MT5 economic calendar (broker time UTC+3)
2026-05-22 17:00,2026-05-22,USD,Michigan Consumer Expectations,CONSUMER,MODERATE,Y,44.1,48.5,48.5,MT5 economic calendar (broker time UTC+3)
2026-05-22 17:00,2026-05-22,USD,Michigan Consumer Sentiment,CONSUMER,MODERATE,Y,44.8,48.2,48.2,MT5 economic calendar (broker time UTC+3)
2026-05-22 17:00,2026-05-22,USD,Michigan Current Conditions,CONSUMER,LOW,Y,45.8,47.8,47.8,MT5 economic calendar (broker time UTC+3)
2026-05-22 17:00,2026-05-22,USD,Michigan Inflation Expectations,PRICES,MODERATE,Y,4.8,4.5,4.5,MT5 economic calendar (broker time UTC+3)
2026-05-22 20:00,2026-05-22,USD,Baker Hughes US Oil Rig Count,BUSINESS,MODERATE,Y,425.0,0.0,415.0,MT5 economic calendar (broker time UTC+3)
2026-05-22 20:00,2026-05-22,USD,Baker Hughes US Total Rig Count,BUSINESS,MODERATE,Y,558.0,0.0,551.0,MT5 economic calendar (broker time UTC+3)
2026-05-22 22:30,2026-05-22,AUD,CFTC AUD Non-Commercial Net Positions,MARKET,MODERATE,Y,85.6,0.0,85.0,MT5 economic calendar (broker time UTC+3)
2026-05-22 22:30,2026-05-22,BRL,CFTC BRL Non-Commercial Net Positions,MARKET,MODERATE,Y,71.0,0.0,68.6,MT5 economic calendar (broker time UTC+3)
2026-05-22 22:30,2026-05-22,CAD,CFTC CAD Non-Commercial Net Positions,MARKET,LOW,Y,-31.2,0.0,-16.2,MT5 economic calendar (broker time UTC+3)
2026-05-22 22:30,2026-05-22,CHF,CFTC CHF Non-Commercial Net Positions,MARKET,LOW,Y,-36.9,0.0,-36.2,MT5 economic calendar (broker time UTC+3)
2026-05-22 22:30,2026-05-22,EUR,CFTC EUR Non-Commercial Net Positions,MARKET,MODERATE,Y,33.5,0.0,40.2,MT5 economic calendar (broker time UTC+3)
2026-05-22 22:30,2026-05-22,GBP,CFTC GBP Non-Commercial Net Positions,MARKET,MODERATE,Y,-64.3,0.0,-43.1,MT5 economic calendar (broker time UTC+3)
2026-05-22 22:30,2026-05-22,JPY,CFTC JPY Non-Commercial Net Positions,MARKET,MODERATE,Y,-93.9,0.0,-75.1,MT5 economic calendar (broker time UTC+3)
2026-05-22 22:30,2026-05-22,MXN,CFTC MXN Non-Commercial Net Positions,MARKET,LOW,Y,62.2,0.0,64.1,MT5 economic calendar (broker time UTC+3)
2026-05-22 22:30,2026-05-22,NZD,CFTC NZD Non-Commercial Net Positions,MARKET,LOW,Y,-40.6,0.0,-39.2,MT5 economic calendar (broker time UTC+3)
2026-05-22 22:30,2026-05-22,USD,CFTC Aluminium Non-Commercial Net Positions,MARKET,LOW,Y,0.5,0.0,0.3,MT5 economic calendar (broker time UTC+3)
2026-05-22 22:30,2026-05-22,USD,CFTC Copper Non-Commercial Net Positions,MARKET,LOW,Y,75.9,0.0,76.3,MT5 economic calendar (broker time UTC+3)
2026-05-22 22:30,2026-05-22,USD,CFTC Corn Non-Commercial Net Positions,MARKET,LOW,Y,358.1,0.0,383.5,MT5 economic calendar (broker time UTC+3)
2026-05-22 22:30,2026-05-22,USD,CFTC Crude Oil Non-Commercial Net Positions,MARKET,MODERATE,Y,172.6,0.0,169.9,MT5 economic calendar (broker time UTC+3)
2026-05-22 22:30,2026-05-22,USD,CFTC Gold Non-Commercial Net Positions,MARKET,MODERATE,Y,159.8,0.0,171.6,MT5 economic calendar (broker time UTC+3)
2026-05-22 22:30,2026-05-22,USD,CFTC Nasdaq 100 Non-Commercial Net Positions,MARKET,MODERATE,Y,-1.4,0.0,-16.0,MT5 economic calendar (broker time UTC+3)
2026-05-22 22:30,2026-05-22,USD,CFTC Natural Gas Non-Commercial Net Positions,MARKET,LOW,Y,-192.2,0.0,-176.3,MT5 economic calendar (broker time UTC+3)
2026-05-22 22:30,2026-05-22,USD,CFTC S&P 500 Non-Commercial Net Positions,MARKET,MODERATE,Y,-140.6,0.0,-143.8,MT5 economic calendar (broker time UTC+3)
2026-05-22 22:30,2026-05-22,USD,CFTC Silver Non-Commercial Net Positions,MARKET,LOW,Y,24.7,0.0,26.1,MT5 economic calendar (broker time UTC+3)
2026-05-22 22:30,2026-05-22,USD,CFTC Soybeans Non-Commercial Net Positions,MARKET,LOW,Y,212.2,0.0,224.0,MT5 economic calendar (broker time UTC+3)
2026-05-22 22:30,2026-05-22,USD,CFTC Wheat Non-Commercial Net Positions,MARKET,LOW,Y,0.3,0.0,-14.4,MT5 economic calendar (broker time UTC+3)
2026-05-22 22:30,2026-05-22,ZAR,CFTC ZAR Non-Commercial Net Positions,MARKET,LOW,Y,6.8,0.0,7.1,MT5 economic calendar (broker time UTC+3)
2026-05-24 00:00,2026-05-24,HKD,The Birthday of the Buddha,HOLIDAYS,NONE,Y,0.0,0.0,0.0,MT5 economic calendar (broker time UTC+3)
2026-05-24 00:00,2026-05-24,KRW,Buddha's Birthday,HOLIDAYS,NONE,Y,0.0,0.0,0.0,MT5 economic calendar (broker time UTC+3)
2026-05-24 00:00,2026-05-24,NOK,Whit Sunday,HOLIDAYS,NONE,Y,0.0,0.0,0.0,MT5 economic calendar (broker time UTC+3)
2026-05-25 00:00,2026-05-25,CHF,Whit Monday,HOLIDAYS,NONE,Y,0.0,0.0,0.0,MT5 economic calendar (broker time UTC+3)
2026-05-25 00:00,2026-05-25,EUR,Whit Monday,HOLIDAYS,NONE,Y,0.0,0.0,0.0,MT5 economic calendar (broker time UTC+3)
2026-05-25 00:00,2026-05-25,GBP,Spring Bank Holiday,HOLIDAYS,NONE,Y,0.0,0.0,0.0,MT5 economic calendar (broker time UTC+3)
2026-05-25 00:00,2026-05-25,HKD,The Birthday of the Buddha,HOLIDAYS,NONE,Y,0.0,0.0,0.0,MT5 economic calendar (broker time UTC+3)
2026-05-25 00:00,2026-05-25,KRW,Buddha's Birthday,HOLIDAYS,NONE,Y,0.0,0.0,0.0,MT5 economic calendar (broker time UTC+3)
2026-05-25 00:00,2026-05-25,NOK,Whit Monday,HOLIDAYS,NONE,Y,0.0,0.0,0.0,MT5 economic calendar (broker time UTC+3)
2026-05-25 00:00,2026-05-25,USD,Memorial Day,HOLIDAYS,NONE,Y,0.0,0.0,0.0,MT5 economic calendar (broker time UTC+3)
2026-05-25 00:30,2026-05-25,CNY,Foreign Direct Investment YTD y/y,MONEY,LOW,Y,-10.3,-5.7,-7.3,MT5 economic calendar (broker time UTC+3)
2026-05-25 03:00,2026-05-25,SGD,GDP q/q,GDP,LOW,Y,1.0,-0.3,-0.3,MT5 economic calendar (broker time UTC+3)
2026-05-25 03:00,2026-05-25,SGD,GDP y/y,GDP,LOW,Y,6.0,4.6,4.6,MT5 economic calendar (broker time UTC+3)
2026-05-25 08:00,2026-05-25,SGD,CPI y/y,PRICES,MODERATE,Y,0.0,2.0,1.8,MT5 economic calendar (broker time UTC+3)
2026-05-25 14:00,2026-05-25,BRL,FGV Consumer Confidence,CONSUMER,LOW,Y,88.8,90.3,89.1,MT5 economic calendar (broker time UTC+3)
2026-05-25 14:30,2026-05-25,BRL,BCB Focus Market Report,MONEY,MODERATE,Y,0.0,0.0,0.0,MT5 economic calendar (broker time UTC+3)
2026-05-25 15:00,2026-05-25,MXN,Trade Balance,TRADE,LOW,Y,3.351,1.987,2.499,MT5 economic calendar (broker time UTC+3)
2026-05-25 15:00,2026-05-25,MXN,Trade Balance n.s.a.,TRADE,LOW,Y,4.52,-0.062,5.932,MT5 economic calendar (broker time UTC+3)
2026-05-25 15:30,2026-05-25,CAD,Corporate Profits q/q,BUSINESS,LOW,Y,2.0,0.0,1.0,MT5 economic calendar (broker time UTC+3)
2026-05-25 18:00,2026-05-25,MXN,Current Account,TRADE,LOW,Y,-15.878,0.391,7.702,MT5 economic calendar (broker time UTC+3)
2026-05-25 18:00,2026-05-25,MXN,Current Account - GDP Ratio,TRADE,LOW,Y,-3.14,0.11,1.55,MT5 economic calendar (broker time UTC+3)
2026-05-26 03:00,2026-05-26,SGD,GDP q/q,GDP,LOW,Y,0.0,-0.3,-0.3,MT5 economic calendar (broker time UTC+3)
2026-05-26 03:00,2026-05-26,SGD,GDP y/y,GDP,LOW,Y,0.0,4.6,4.6,MT5 economic calendar (broker time UTC+3)
2026-05-26 08:00,2026-05-26,JPY,BoJ Trimmed Mean Core CPI y/y,PRICES,MODERATE,Y,2.8,2.1,2.5,MT5 economic calendar (broker time UTC+3)
2026-05-26 08:00,2026-05-26,JPY,BoJ Weighted Median Core CPI y/y,PRICES,MODERATE,Y,1.4,1.4,1.7,MT5 economic calendar (broker time UTC+3)
2026-05-26 08:00,2026-05-26,JPY,Coincident Index,BUSINESS,LOW,Y,116.4,116.5,116.5,MT5 economic calendar (broker time UTC+3)
2026-05-26 08:00,2026-05-26,JPY,Coincident Index m/m,BUSINESS,LOW,Y,0.2,0.0,0.3,MT5 economic calendar (broker time UTC+3)
2026-05-26 08:00,2026-05-26,JPY,Leading Index,BUSINESS,LOW,Y,114.0,114.5,114.5,MT5 economic calendar (broker time UTC+3)
2026-05-26 08:00,2026-05-26,JPY,Leading Index m/m,BUSINESS,LOW,Y,0.8,0.0,1.3,MT5 economic calendar (broker time UTC+3)
2026-05-26 08:00,2026-05-26,SGD,Industrial Production m/m,BUSINESS,LOW,Y,5.8,0.0,4.7,MT5 economic calendar (broker time UTC+3)
2026-05-26 08:00,2026-05-26,SGD,Industrial Production y/y,BUSINESS,LOW,Y,17.6,0.0,10.1,MT5 economic calendar (broker time UTC+3)
2026-05-26 09:00,2026-05-26,NOK,General Public Domestic Loan Debt y/y,MONEY,LOW,Y,4.4,4.2,4.4,MT5 economic calendar (broker time UTC+3)
2026-05-26 09:00,2026-05-26,NOK,Unemployment Rate,JOBS,LOW,Y,4.6,5.1,4.9,MT5 economic calendar (broker time UTC+3)
2026-05-26 09:00,2026-05-26,SEK,Business Inventories Change,BUSINESS,LOW,Y,11.67,0.0,-5.735,MT5 economic calendar (broker time UTC+3)
2026-05-26 09:00,2026-05-26,SEK,PPI m/m,PRICES,LOW,Y,1.1,0.4,0.6,MT5 economic calendar (broker time UTC+3)
2026-05-26 09:00,2026-05-26,SEK,PPI y/y,PRICES,LOW,Y,4.7,4.4,2.0,MT5 economic calendar (broker time UTC+3)
2026-05-26 10:00,2026-05-26,EUR,PPI y/y,PRICES,LOW,Y,8.3,2.4,3.4,MT5 economic calendar (broker time UTC+3)
2026-05-26 11:00,2026-05-26,EUR,ECB Financial Stability Review,MONEY,MODERATE,Y,0.0,0.0,0.0,MT5 economic calendar (broker time UTC+3)
2026-05-26 13:04,2026-05-26,EUR,2-Year CTZ Auction,MARKET,LOW,Y,2.73,0.0,2.8,MT5 economic calendar (broker time UTC+3)
2026-05-26 14:30,2026-05-26,BRL,Current Account,TRADE,LOW,Y,-1.765,-7.869,-6.036,MT5 economic calendar (broker time UTC+3)
2026-05-26 14:30,2026-05-26,BRL,Foreign Direct Investment,MONEY,LOW,Y,8.912,5.75,6.037,MT5 economic calendar (broker time UTC+3)
2026-05-26 15:30,2026-05-26,USD,Chicago Fed National Activity Index,BUSINESS,LOW,Y,0.14,0.08,-0.2,MT5 economic calendar (broker time UTC+3)
2026-05-26 15:56,2026-05-26,EUR,12-Month BTF Auction,MARKET,LOW,Y,2.577,0.0,2.642,MT5 economic calendar (broker time UTC+3)
2026-05-26 15:56,2026-05-26,EUR,3-Month BTF Auction,MARKET,LOW,Y,2.277,0.0,2.25,MT5 economic calendar (broker time UTC+3)
2026-05-26 15:56,2026-05-26,EUR,6-Month BTF Auction,MARKET,LOW,Y,2.385,0.0,2.412,MT5 economic calendar (broker time UTC+3)
2026-05-26 16:00,2026-05-26,USD,HPI,HOUSING,LOW,Y,441.5,441.5,441.4,MT5 economic calendar (broker time UTC+3)
2026-05-26 16:00,2026-05-26,USD,HPI m/m,HOUSING,LOW,Y,0.1,-0.4,0.0,MT5 economic calendar (broker time UTC+3)
2026-05-26 16:00,2026-05-26,USD,HPI y/y,HOUSING,LOW,Y,1.7,1.2,1.7,MT5 economic calendar (broker time UTC+3)
2026-05-26 16:00,2026-05-26,USD,S&P/CS HPI Composite-20 n.s.a. m/m,HOUSING,MODERATE,Y,0.0,0.4,0.4,MT5 economic calendar (broker time UTC+3)
2026-05-26 16:00,2026-05-26,USD,S&P/CS HPI Composite-20 s.a. m/m,HOUSING,LOW,Y,0.0,-0.4,-0.1,MT5 economic calendar (broker time UTC+3)
2026-05-26 16:00,2026-05-26,USD,S&P/CS HPI Composite-20 y/y,HOUSING,MODERATE,Y,0.0,0.5,0.9,MT5 economic calendar (broker time UTC+3)
2026-05-26 17:00,2026-05-26,USD,CB Consumer Confidence Index,CONSUMER,HIGH,Y,93.1,99.7,92.8,MT5 economic calendar (broker time UTC+3)
2026-05-26 17:30,2026-05-26,USD,Dallas Fed Manufacturing Index,BUSINESS,LOW,Y,0.4,-5.1,-2.3,MT5 economic calendar (broker time UTC+3)
2026-05-26 18:30,2026-05-26,USD,3-Month Bill Auction,MARKET,LOW,Y,3.595,0.0,3.6,MT5 economic calendar (broker time UTC+3)
2026-05-26 18:30,2026-05-26,USD,6-Month Bill Auction,MARKET,LOW,Y,3.65,0.0,3.615,MT5 economic calendar (broker time UTC+3)
2026-05-26 20:00,2026-05-26,USD,2-Year Note Auction,MARKET,MODERATE,Y,4.071,0.0,3.812,MT5 economic calendar (broker time UTC+3)
2026-05-27 00:00,2026-05-27,INR,Eid al Adha,HOLIDAYS,NONE,Y,0.0,0.0,0.0,MT5 economic calendar (broker time UTC+3)
2026-05-27 00:00,2026-05-27,KRW,BOK Manufacturing BSI,BUSINESS,LOW,Y,0.0,0.0,0.0,MT5 economic calendar (broker time UTC+3)
2026-05-27 00:00,2026-05-27,SGD,Hari Raya Haji,HOLIDAYS,NONE,Y,0.0,0.0,0.0,MT5 economic calendar (broker time UTC+3)
2026-05-27 02:50,2026-05-27,JPY,BoJ Corporate Services Price Index y/y,PRICES,LOW,Y,3.0,3.0,3.1,MT5 economic calendar (broker time UTC+3)
2026-05-27 04:30,2026-05-27,AUD,Construction Work Done q/q,BUSINESS,MODERATE,Y,3.4,0.3,-0.1,MT5 economic calendar (broker time UTC+3)
2026-05-27 04:30,2026-05-27,CNY,Industrial Profit YTD y/y,BUSINESS,LOW,Y,18.2,0.0,15.5,MT5 economic calendar (broker time UTC+3)
2026-05-27 05:00,2026-05-27,NZD,RBNZ Interest Rate Decision,MONEY,HIGH,Y,2.25,0.0,2.25,MT5 economic calendar (broker time UTC+3)
2026-05-27 05:00,2026-05-27,NZD,RBNZ Monetary Policy Statement,MONEY,MODERATE,Y,0.0,0.0,0.0,MT5 economic calendar (broker time UTC+3)
2026-05-27 05:00,2026-05-27,NZD,RBNZ Rate Statement,MONEY,MODERATE,Y,0.0,0.0,0.0,MT5 economic calendar (broker time UTC+3)
2026-05-27 09:45,2026-05-27,EUR,Consumer Confidence Index,CONSUMER,LOW,Y,82.0,87.0,84.0,MT5 economic calendar (broker time UTC+3)
2026-05-27 11:00,2026-05-27,CHF,Credit Suisse Economic Expectations,BUSINESS,LOW,Y,-11.1,-48.6,-35.0,MT5 economic calendar (broker time UTC+3)
2026-05-27 11:00,2026-05-27,EUR,ECB Financial Stability Review,MONEY,MODERATE,Y,0.0,0.0,0.0,MT5 economic calendar (broker time UTC+3)
2026-05-27 11:00,2026-05-27,EUR,Industrial Sales  y/y,BUSINESS,LOW,Y,4.4,2.3,0.5,MT5 economic calendar (broker time UTC+3)
2026-05-27 11:00,2026-05-27,EUR,Industrial Sales m/m,BUSINESS,LOW,Y,2.0,0.1,0.6,MT5 economic calendar (broker time UTC+3)
2026-05-27 12:30,2026-05-27,EUR,30-Year Bond Auction,MARKET,LOW,Y,3.5,0.0,3.62,MT5 economic calendar (broker time UTC+3)
2026-05-27 13:01,2026-05-27,EUR,6-Month BOT Auction,MARKET,LOW,Y,2.411,0.0,2.161,MT5 economic calendar (broker time UTC+3)
2026-05-27 13:30,2026-05-27,INR,RBI M3 Money Supply y/y,MONEY,LOW,Y,12.0,12.0,12.0,MT5 economic calendar (broker time UTC+3)
2026-05-27 15:00,2026-05-27,BRL,Mid-Month CPI m/m,PRICES,LOW,Y,0.0,0.44,0.89,MT5 economic calendar (broker time UTC+3)
2026-05-27 15:00,2026-05-27,BRL,Mid-Month CPI y/y,PRICES,LOW,Y,0.0,4.08,4.37,MT5 economic calendar (broker time UTC+3)
2026-05-27 17:00,2026-05-27,USD,Richmond Fed Manufacturing Index,BUSINESS,LOW,Y,13.0,3.0,3.0,MT5 economic calendar (broker time UTC+3)
2026-05-27 17:00,2026-05-27,USD,Richmond Fed Manufacturing Shipments,BUSINESS,LOW,Y,16.0,0.0,-2.0,MT5 economic calendar (broker time UTC+3)
2026-05-27 17:00,2026-05-27,USD,Richmond Fed Services Revenues,BUSINESS,LOW,Y,14.0,12.0,9.0,MT5 economic calendar (broker time UTC+3)
2026-05-27 17:30,2026-05-27,USD,Dallas Fed Services Business Activity,BUSINESS,LOW,Y,-7.7,-7.4,-9.9,MT5 economic calendar (broker time UTC+3)
2026-05-27 17:30,2026-05-27,USD,Dallas Fed Services Revenues,BUSINESS,LOW,Y,5.0,-2.0,4.3,MT5 economic calendar (broker time UTC+3)
2026-05-27 20:00,2026-05-27,USD,5-Year Note Auction,MARKET,MODERATE,Y,4.182,0.0,3.955,MT5 economic calendar (broker time UTC+3)
2026-05-27 20:30,2026-05-27,BRL,Foreign Exchange Flows,MONEY,LOW,Y,-3.65,0.085,3.027,MT5 economic calendar (broker time UTC+3)
2026-05-27 22:55,2026-05-27,USD,Fed Governor Cook Speech,MONEY,MODERATE,Y,0.0,0.0,0.0,MT5 economic calendar (broker time UTC+3)
2026-05-28 02:50,2026-05-28,JPY,Foreign Bond Investment,GOVERNMENT,LOW,Y,10.3,0.0,758.7,MT5 economic calendar (broker time UTC+3)
2026-05-28 02:50,2026-05-28,JPY,Foreign Investment in Japan Stocks,GOVERNMENT,LOW,Y,1080.4,0.0,949.6,MT5 economic calendar (broker time UTC+3)
2026-05-28 03:00,2026-05-28,EUR,ECB Executive Board Member Lane Speech,MONEY,MODERATE,Y,0.0,0.0,0.0,MT5 economic calendar (broker time UTC+3)
2026-05-28 03:00,2026-05-28,USD,Fed Governor Jefferson Speech,MONEY,MODERATE,Y,0.0,0.0,0.0,MT5 economic calendar (broker time UTC+3)
2026-05-28 04:00,2026-05-28,KRW,BOK Interest Rate Decision,MONEY,LOW,Y,2.5,0.0,2.5,MT5 economic calendar (broker time UTC+3)
2026-05-28 04:00,2026-05-28,KRW,BOK Monetary Policy Board Meeting,MONEY,MODERATE,Y,0.0,0.0,0.0,MT5 economic calendar (broker time UTC+3)
2026-05-28 04:00,2026-05-28,NZD,ANZ Activity Outlook,BUSINESS,LOW,Y,25.6,23.1,19.6,MT5 economic calendar (broker time UTC+3)
2026-05-28 04:00,2026-05-28,NZD,ANZ Business Confidence,BUSINESS,LOW,Y,10.0,-29.9,-10.6,MT5 economic calendar (broker time UTC+3)
2026-05-28 04:30,2026-05-28,AUD,Building Capital Expenditure q/q,BUSINESS,LOW,Y,-3.8,1.0,2.3,MT5 economic calendar (broker time UTC+3)
2026-05-28 04:30,2026-05-28,AUD,"Equipment, Plant and Machinery Capital Expenditure q/q",BUSINESS,LOW,Y,18.1,-0.7,-1.7,MT5 economic calendar (broker time UTC+3)
2026-05-28 04:30,2026-05-28,AUD,Private New Capital Expenditure q/q,BUSINESS,MODERATE,Y,6.5,0.2,0.4,MT5 economic calendar (broker time UTC+3)
2026-05-28 04:30,2026-05-28,AUD,RBA Bulletin,MONEY,MODERATE,Y,0.0,0.0,0.0,MT5 economic calendar (broker time UTC+3)
2026-05-28 05:00,2026-05-28,NZD,Budget Release,GOVERNMENT,HIGH,Y,0.0,0.0,0.0,MT5 economic calendar (broker time UTC+3)
2026-05-28 05:00,2026-05-28,NZD,"Net Debt Forecast, % GDP",GOVERNMENT,LOW,Y,0.0,42.7,42.7,MT5 economic calendar (broker time UTC+3)
2026-05-28 05:00,2026-05-28,NZD,OBEGAL Forecast,GOVERNMENT,LOW,Y,0.0,-14.74,-14.74,MT5 economic calendar (broker time UTC+3)
2026-05-28 09:00,2026-05-28,NOK,GDP Mainland q/q,GDP,LOW,Y,0.2,0.2,0.4,MT5 economic calendar (broker time UTC+3)
2026-05-28 09:00,2026-05-28,NOK,GDP q/q,GDP,LOW,Y,0.4,0.0,-0.3,MT5 economic calendar (broker time UTC+3)
2026-05-28 09:00,2026-05-28,NOK,GDP y/y,GDP,LOW,Y,1.7,1.7,2.2,MT5 economic calendar (broker time UTC+3)
2026-05-28 09:00,2026-05-28,SEK,Goods Trade Balance,TRADE,LOW,Y,-7.3,0.0,9.3,MT5 economic calendar (broker time UTC+3)
2026-05-28 09:30,2026-05-28,CHF,Employment Level,JOBS,MODERATE,Y,5.537,5.577,5.544,MT5 economic calendar (broker time UTC+3)
2026-05-28 09:45,2026-05-28,EUR,PPI m/m,PRICES,LOW,Y,1.9,0.3,-0.3,MT5 economic calendar (broker time UTC+3)
2026-05-28 10:00,2026-05-28,EUR,Retail Sales y/y,CONSUMER,LOW,Y,0.0,4.0,4.1,MT5 economic calendar (broker time UTC+3)
2026-05-28 10:10,2026-05-28,EUR,ECB President Lagarde Speech,MONEY,HIGH,Y,0.0,0.0,0.0,MT5 economic calendar (broker time UTC+3)
2026-05-28 10:15,2026-05-28,EUR,ECB Executive Board Member Lane Speech,MONEY,MODERATE,Y,0.0,0.0,0.0,MT5 economic calendar (broker time UTC+3)
2026-05-28 11:00,2026-05-28,EUR,Business Confidence,BUSINESS,LOW,Y,87.9,88.6,87.9,MT5 economic calendar (broker time UTC+3)
2026-05-28 11:00,2026-05-28,EUR,Consumer Confidence,CONSUMER,LOW,Y,93.4,92.3,90.8,MT5 economic calendar (broker time UTC+3)
2026-05-28 11:30,2026-05-28,HKD,Exports y/y,TRADE,LOW,Y,42.9,33.1,35.8,MT5 economic calendar (broker time UTC+3)
2026-05-28 11:30,2026-05-28,HKD,Imports y/y,TRADE,LOW,Y,44.4,35.1,41.2,MT5 economic calendar (broker time UTC+3)
2026-05-28 11:30,2026-05-28,HKD,Trade Balance,TRADE,LOW,Y,-29.5,-65.355,-89.1,MT5 economic calendar (broker time UTC+3)
2026-05-28 12:00,2026-05-28,EUR,Business Climate Indicator,BUSINESS,LOW,Y,-0.26,-0.53,-0.28,MT5 economic calendar (broker time UTC+3)
2026-05-28 12:00,2026-05-28,EUR,Consumer Confidence Index,CONSUMER,LOW,Y,-19.0,0.0,0.0,MT5 economic calendar (broker time UTC+3)
2026-05-28 12:00,2026-05-28,EUR,Consumer Price Expectations,CONSUMER,HIGH,Y,40.5,50.9,49.1,MT5 economic calendar (broker time UTC+3)
2026-05-28 12:00,2026-05-28,EUR,Economic Sentiment Indicator,BUSINESS,MODERATE,Y,93.5,95.4,93.0,MT5 economic calendar (broker time UTC+3)
2026-05-28 12:00,2026-05-28,EUR,Industrial Confidence Indicator,BUSINESS,LOW,Y,-8.0,-6.2,-7.7,MT5 economic calendar (broker time UTC+3)
2026-05-28 12:00,2026-05-28,EUR,Industry Selling Price Expectations,BUSINESS,LOW,Y,27.4,23.6,31.1,MT5 economic calendar (broker time UTC+3)
2026-05-28 12:00,2026-05-28,EUR,Services Sentiment Indicator,BUSINESS,LOW,Y,2.2,-1.4,0.9,MT5 economic calendar (broker time UTC+3)
2026-05-28 12:00,2026-05-28,EUR,Trade Balance Non-EU,TRADE,LOW,Y,3.846,0.0,5.643,MT5 economic calendar (broker time UTC+3)
2026-05-28 12:30,2026-05-28,GBP,5-Year Treasury Gilt Auction,MARKET,LOW,Y,0.0,0.0,4.651,MT5 economic calendar (broker time UTC+3)
2026-05-28 12:30,2026-05-28,ZAR,PPI m/m,PRICES,LOW,Y,3.0,0.7,1.1,MT5 economic calendar (broker time UTC+3)
2026-05-28 12:30,2026-05-28,ZAR,PPI y/y,PRICES,LOW,Y,4.8,2.7,2.3,MT5 economic calendar (broker time UTC+3)
2026-05-28 13:00,2026-05-28,EUR,PPI m/m,PRICES,LOW,Y,0.3,0.0,0.8,MT5 economic calendar (broker time UTC+3)
2026-05-28 13:00,2026-05-28,EUR,PPI y/y,PRICES,LOW,Y,6.8,0.0,1.6,MT5 economic calendar (broker time UTC+3)
2026-05-28 13:20,2026-05-28,EUR,10-Year BTP Auction,MARKET,LOW,Y,3.77,0.0,4.09,MT5 economic calendar (broker time UTC+3)
2026-05-28 13:20,2026-05-28,EUR,5-Year BTP Auction,MARKET,LOW,Y,3.16,0.0,3.32,MT5 economic calendar (broker time UTC+3)
2026-05-28 14:00,2026-05-28,BRL,FGV IGP-M Inflation Index m/m,PRICES,LOW,Y,0.84,2.12,2.73,MT5 economic calendar (broker time UTC+3)
2026-05-28 14:30,2026-05-28,BRL,BCB Bank Lending m/m,MONEY,LOW,Y,0.3,0.6,0.9,MT5 economic calendar (broker time UTC+3)
2026-05-28 14:30,2026-05-28,EUR,ECB Monetary Policy Meeting Accounts,MONEY,MODERATE,Y,0.0,0.0,0.0,MT5 economic calendar (broker time UTC+3)
2026-05-28 15:00,2026-05-28,BRL,PPI m/m,PRICES,LOW,Y,0.0,2.83,2.37,MT5 economic calendar (broker time UTC+3)
2026-05-28 15:00,2026-05-28,BRL,PPI y/y,PRICES,LOW,Y,0.0,-0.5,-1.54,MT5 economic calendar (broker time UTC+3)
2026-05-28 15:00,2026-05-28,BRL,Unemployment Rate 3-months,JOBS,MODERATE,Y,0.0,5.9,6.1,MT5 economic calendar (broker time UTC+3)
2026-05-28 15:00,2026-05-28,MXN,Unemployment Rate,JOBS,LOW,Y,2.5,2.5,2.4,MT5 economic calendar (broker time UTC+3)
2026-05-28 15:00,2026-05-28,MXN,Unemployment Rate n.s.a.,JOBS,LOW,Y,2.6,2.6,2.8,MT5 economic calendar (broker time UTC+3)
2026-05-28 15:30,2026-05-28,CAD,Current Account,TRADE,MODERATE,Y,-7.184,-3.956,-0.706,MT5 economic calendar (broker time UTC+3)
2026-05-28 15:30,2026-05-28,USD,Continuing Jobless Claims,JOBS,MODERATE,Y,1.786,1.764,1.782,MT5 economic calendar (broker time UTC+3)
2026-05-28 15:30,2026-05-28,USD,Core Durable Goods Orders m/m,BUSINESS,MODERATE,Y,1.1,0.5,0.9,MT5 economic calendar (broker time UTC+3)
2026-05-28 15:30,2026-05-28,USD,Core PCE Price Index m/m,PRICES,HIGH,Y,0.2,0.2,0.3,MT5 economic calendar (broker time UTC+3)
2026-05-28 15:30,2026-05-28,USD,Core PCE Price Index q/q,PRICES,LOW,Y,4.4,4.3,4.3,MT5 economic calendar (broker time UTC+3)
2026-05-28 15:30,2026-05-28,USD,Core PCE Price Index y/y,PRICES,HIGH,Y,3.3,3.1,3.2,MT5 economic calendar (broker time UTC+3)
2026-05-28 15:30,2026-05-28,USD,Corporate Profits q/q,BUSINESS,LOW,Y,-0.4,1.3,5.7,MT5 economic calendar (broker time UTC+3)
2026-05-28 15:30,2026-05-28,USD,Durable Goods Orders excl. Defense m/m,BUSINESS,LOW,Y,8.1,-2.1,-0.3,MT5 economic calendar (broker time UTC+3)
2026-05-28 15:30,2026-05-28,USD,Durable Goods Orders m/m,BUSINESS,HIGH,Y,7.9,-3.2,0.8,MT5 economic calendar (broker time UTC+3)
2026-05-28 15:30,2026-05-28,USD,GDP Price Index q/q,PRICES,LOW,Y,3.5,3.6,3.6,MT5 economic calendar (broker time UTC+3)
2026-05-28 15:30,2026-05-28,USD,GDP Sales q/q,GDP,HIGH,Y,1.5,1.6,1.6,MT5 economic calendar (broker time UTC+3)
2026-05-28 15:30,2026-05-28,USD,GDP q/q,GDP,HIGH,Y,1.6,2.0,2.0,MT5 economic calendar (broker time UTC+3)
2026-05-28 15:30,2026-05-28,USD,Initial Jobless Claims,JOBS,HIGH,Y,215.0,203.0,209.0,MT5 economic calendar (broker time UTC+3)
2026-05-28 15:30,2026-05-28,USD,Initial Jobless Claims 4-Week Average,JOBS,LOW,Y,209.0,205.682,202.5,MT5 economic calendar (broker time UTC+3)
2026-05-28 15:30,2026-05-28,USD,Nondefense Capital Goods Orders excl. Aircraft m/m,BUSINESS,LOW,Y,-1.1,3.2,3.3,MT5 economic calendar (broker time UTC+3)
2026-05-28 15:30,2026-05-28,USD,Nondefense Capital Goods Shipments excl. Aircraft m/m,BUSINESS,LOW,Y,0.4,0.8,1.2,MT5 economic calendar (broker time UTC+3)
2026-05-28 15:30,2026-05-28,USD,PCE Price Index m/m,PRICES,MODERATE,Y,0.4,0.6,0.7,MT5 economic calendar (broker time UTC+3)
2026-05-28 15:30,2026-05-28,USD,PCE Price Index q/q,PRICES,LOW,Y,4.5,4.5,4.5,MT5 economic calendar (broker time UTC+3)
2026-05-28 15:30,2026-05-28,USD,PCE Price Index y/y,PRICES,MODERATE,Y,3.8,3.8,3.5,MT5 economic calendar (broker time UTC+3)
2026-05-28 15:30,2026-05-28,USD,Personal Income m/m,CONSUMER,LOW,Y,0.0,0.3,0.6,MT5 economic calendar (broker time UTC+3)
2026-05-28 15:30,2026-05-28,USD,Personal Spending m/m,CONSUMER,MODERATE,Y,0.5,0.7,0.9,MT5 economic calendar (broker time UTC+3)
2026-05-28 15:30,2026-05-28,USD,Real PCE m/m,CONSUMER,LOW,Y,0.1,0.1,0.2,MT5 economic calendar (broker time UTC+3)
2026-05-28 15:30,2026-05-28,USD,Real PCE q/q,CONSUMER,MODERATE,Y,1.4,1.6,1.6,MT5 economic calendar (broker time UTC+3)
2026-05-28 16:00,2026-05-28,ZAR,SARB Interest Rate Decision,MONEY,MODERATE,Y,0.0,0.0,6.75,MT5 economic calendar (broker time UTC+3)
2026-05-28 16:00,2026-05-28,ZAR,SARB Prime Rate,MONEY,LOW,Y,0.0,0.0,10.25,MT5 economic calendar (broker time UTC+3)
2026-05-28 17:00,2026-05-28,USD,New Home Sales,HOUSING,HIGH,Y,0.622,0.713,0.682,MT5 economic calendar (broker time UTC+3)
2026-05-28 17:00,2026-05-28,USD,New Home Sales m/m,HOUSING,MODERATE,Y,-6.2,10.2,7.4,MT5 economic calendar (broker time UTC+3)
2026-05-28 17:30,2026-05-28,USD,EIA Natural Gas Storage Change,BUSINESS,LOW,Y,92.0,75.0,101.0,MT5 economic calendar (broker time UTC+3)
2026-05-28 18:30,2026-05-28,USD,4-Week Bill Auction,MARKET,LOW,Y,3.63,0.0,3.61,MT5 economic calendar (broker time UTC+3)
2026-05-28 18:30,2026-05-28,USD,8-Week Bill Auction,MARKET,LOW,Y,3.615,0.0,3.6,MT5 economic calendar (broker time UTC+3)
2026-05-28 18:35,2026-05-28,USD,Dallas Fed Trimmed Mean PCE Inflation Rate,PRICES,LOW,Y,2.6,2.3,2.9,MT5 economic calendar (broker time UTC+3)
2026-05-28 18:45,2026-05-28,EUR,ECB Executive Board Member Schnabel Speech,MONEY,MODERATE,Y,0.0,0.0,0.0,MT5 economic calendar (broker time UTC+3)
2026-05-28 19:00,2026-05-28,SGD,Bank Loans,MONEY,LOW,Y,0.0,0.0,0.0,MT5 economic calendar (broker time UTC+3)
2026-05-28 19:00,2026-05-28,USD,EIA Crude Oil Imports Change,BUSINESS,LOW,Y,0.36,-0.967,0.003,MT5 economic calendar (broker time UTC+3)
2026-05-28 19:00,2026-05-28,USD,EIA Crude Oil Stocks Change,BUSINESS,HIGH,Y,-3.327,-5.506,-7.863,MT5 economic calendar (broker time UTC+3)
2026-05-28 19:00,2026-05-28,USD,EIA Cushing Crude Oil Stocks Change,BUSINESS,MODERATE,Y,-2.794,-1.069,-1.604,MT5 economic calendar (broker time UTC+3)
2026-05-28 19:00,2026-05-28,USD,EIA Distillate Fuel Production Change,BUSINESS,LOW,Y,0.076,0.121,0.214,MT5 economic calendar (broker time UTC+3)
2026-05-28 19:00,2026-05-28,USD,EIA Distillates Stocks Change,BUSINESS,LOW,Y,-2.107,-1.098,0.372,MT5 economic calendar (broker time UTC+3)
2026-05-28 19:00,2026-05-28,USD,EIA Gasoline Production Change,BUSINESS,LOW,Y,0.6,0.293,-0.446,MT5 economic calendar (broker time UTC+3)
2026-05-28 19:00,2026-05-28,USD,EIA Gasoline Stocks Change,BUSINESS,LOW,Y,-2.572,-1.941,-1.548,MT5 economic calendar (broker time UTC+3)
2026-05-28 19:00,2026-05-28,USD,EIA Heating Oil Stocks Change,BUSINESS,LOW,Y,0.306,-0.33,0.021,MT5 economic calendar (broker time UTC+3)
2026-05-28 19:00,2026-05-28,USD,EIA Refinery Crude Oil Daily Inputs Change,BUSINESS,LOW,Y,0.652,0.0,-0.08,MT5 economic calendar (broker time UTC+3)
2026-05-28 19:00,2026-05-28,USD,EIA Refinery Utilization Rate Change,BUSINESS,LOW,Y,2.9,0.0,-0.1,MT5 economic calendar (broker time UTC+3)
2026-05-28 20:00,2026-05-28,USD,7-Year Note Auction,MARKET,MODERATE,Y,4.29,0.0,4.175,MT5 economic calendar (broker time UTC+3)
2026-05-29 01:00,2026-05-29,EUR,Jobseekers Total,JOBS,MODERATE,Y,3100.1,3167.5,3109.1,MT5 economic calendar (broker time UTC+3)
2026-05-29 02:00,2026-05-29,KRW,Index of Services m/m,CONSUMER,LOW,Y,0.0,-0.3,1.4,MT5 economic calendar (broker time UTC+3)
2026-05-29 02:00,2026-05-29,KRW,Industrial Production m/m,BUSINESS,LOW,Y,0.0,0.1,0.3,MT5 economic calendar (broker time UTC+3)
2026-05-29 02:00,2026-05-29,KRW,Industrial Production y/y,BUSINESS,LOW,Y,0.0,-3.1,3.6,MT5 economic calendar (broker time UTC+3)
2026-05-29 02:00,2026-05-29,KRW,Retail Sales m/m,CONSUMER,LOW,Y,0.0,-0.9,1.8,MT5 economic calendar (broker time UTC+3)
2026-05-29 02:30,2026-05-29,JPY,Jobs to Applicants Ratio,JOBS,LOW,Y,0.0,1.19,1.18,MT5 economic calendar (broker time UTC+3)
2026-05-29 02:30,2026-05-29,JPY,Tokyo CPI excl. Food and Energy y/y,PRICES,HIGH,Y,1.6,2.0,1.9,MT5 economic calendar (broker time UTC+3)
2026-05-29 02:30,2026-05-29,JPY,Tokyo CPI s.a. m/m,PRICES,LOW,Y,0.2,0.0,0.5,MT5 economic calendar (broker time UTC+3)
2026-05-29 02:30,2026-05-29,JPY,Tokyo CPI y/y,PRICES,LOW,Y,1.4,1.3,1.5,MT5 economic calendar (broker time UTC+3)
2026-05-29 02:30,2026-05-29,JPY,Tokyo Core CPI y/y,PRICES,MODERATE,Y,1.3,1.4,1.5,MT5 economic calendar (broker time UTC+3)
2026-05-29 02:30,2026-05-29,JPY,Unemployment Rate,JOBS,LOW,Y,2.5,2.7,2.7,MT5 economic calendar (broker time UTC+3)
2026-05-29 02:50,2026-05-29,JPY,Industrial Production Forecast 1-month Ahead m/m,BUSINESS,LOW,Y,5.1,0.0,2.1,MT5 economic calendar (broker time UTC+3)
2026-05-29 02:50,2026-05-29,JPY,Industrial Production Forecast 2-month Ahead m/m,BUSINESS,LOW,Y,-0.4,0.0,2.2,MT5 economic calendar (broker time UTC+3)
2026-05-29 02:50,2026-05-29,JPY,Industrial Production m/m,BUSINESS,MODERATE,Y,0.8,-0.2,-0.4,MT5 economic calendar (broker time UTC+3)
2026-05-29 02:50,2026-05-29,JPY,Industrial Production y/y,BUSINESS,LOW,Y,2.3,1.1,2.4,MT5 economic calendar (broker time UTC+3)
2026-05-29 02:50,2026-05-29,JPY,Large Retailer's Sales y/y,CONSUMER,MODERATE,Y,2.0,0.8,1.1,MT5 economic calendar (broker time UTC+3)
2026-05-29 02:50,2026-05-29,JPY,Retail Sales m/m,CONSUMER,HIGH,Y,1.3,-1.2,1.3,MT5 economic calendar (broker time UTC+3)
2026-05-29 02:50,2026-05-29,JPY,Retail Sales y/y,CONSUMER,LOW,Y,2.1,1.2,1.7,MT5 economic calendar (broker time UTC+3)
2026-05-29 04:00,2026-05-29,CNY,Foreign Direct Investment YTD y/y,MONEY,LOW,Y,0.0,-5.7,-7.3,MT5 economic calendar (broker time UTC+3)
2026-05-29 04:30,2026-05-29,AUD,RBA Housing Credit m/m,MONEY,LOW,Y,0.0,0.0,0.6,MT5 economic calendar (broker time UTC+3)
2026-05-29 04:30,2026-05-29,AUD,RBA Private Sector Credit m/m,MONEY,LOW,Y,0.0,0.7,0.7,MT5 economic calendar (broker time UTC+3)
2026-05-29 05:00,2026-05-29,SGD,Bank Loans,MONEY,LOW,Y,908.375,0.0,902.267,MT5 economic calendar (broker time UTC+3)
2026-05-29 09:00,2026-05-29,EUR,Export Price Index m/m,PRICES,LOW,Y,0.8,0.1,1.1,MT5 economic calendar (broker time UTC+3)
2026-05-29 09:00,2026-05-29,EUR,Export Price Index y/y,PRICES,LOW,Y,2.9,1.5,1.5,MT5 economic calendar (broker time UTC+3)
2026-05-29 09:00,2026-05-29,EUR,Import Price Index m/m,PRICES,LOW,Y,1.2,1.8,3.6,MT5 economic calendar (broker time UTC+3)
2026-05-29 09:00,2026-05-29,EUR,Import Price Index y/y,PRICES,LOW,Y,5.3,3.5,2.3,MT5 economic calendar (broker time UTC+3)
2026-05-29 09:00,2026-05-29,NOK,Retail Sales m/m,CONSUMER,LOW,Y,0.3,0.9,-0.1,MT5 economic calendar (broker time UTC+3)
2026-05-29 09:00,2026-05-29,NOK,Retail Sales y/y,CONSUMER,LOW,Y,0.9,-0.2,0.9,MT5 economic calendar (broker time UTC+3)
2026-05-29 09:00,2026-05-29,SEK,GDP q/q,GDP,MODERATE,Y,-0.2,-0.2,-0.2,MT5 economic calendar (broker time UTC+3)
2026-05-29 09:00,2026-05-29,SEK,GDP y/y,GDP,MODERATE,Y,2.0,1.6,1.6,MT5 economic calendar (broker time UTC+3)
2026-05-29 09:00,2026-05-29,SEK,Households Loans y/y,MONEY,LOW,Y,3.0,-1.6,3.1,MT5 economic calendar (broker time UTC+3)
2026-05-29 09:00,2026-05-29,SEK,M3 Money Supply y/y,MONEY,LOW,Y,3.3,0.0,4.5,MT5 economic calendar (broker time UTC+3)
2026-05-29 09:00,2026-05-29,SEK,Non-Financial Corporations Loans y/y,MONEY,LOW,Y,3.1,0.0,3.2,MT5 economic calendar (broker time UTC+3)
2026-05-29 09:00,2026-05-29,SEK,Retail Sales m/m,CONSUMER,LOW,Y,0.0,1.2,3.1,MT5 economic calendar (broker time UTC+3)
2026-05-29 09:00,2026-05-29,SEK,Retail Sales y/y,CONSUMER,LOW,Y,4.7,3.9,6.2,MT5 economic calendar (broker time UTC+3)
2026-05-29 09:00,2026-05-29,ZAR,SARB M3 Money Supply y/y,MONEY,LOW,Y,0.0,8.23,8.96,MT5 economic calendar (broker time UTC+3)
2026-05-29 09:00,2026-05-29,ZAR,SARB Private Sector Credit y/y,MONEY,LOW,Y,0.0,8.87,8.5,MT5 economic calendar (broker time UTC+3)
2026-05-29 09:45,2026-05-29,EUR,CPI m/m,PRICES,MODERATE,Y,0.1,0.7,1.0,MT5 economic calendar (broker time UTC+3)
2026-05-29 09:45,2026-05-29,EUR,CPI y/y,PRICES,LOW,Y,2.4,2.2,2.2,MT5 economic calendar (broker time UTC+3)
2026-05-29 09:45,2026-05-29,EUR,Consumer Spending m/m,CONSUMER,MODERATE,Y,-0.5,-0.4,0.7,MT5 economic calendar (broker time UTC+3)
2026-05-29 09:45,2026-05-29,EUR,GDP q/q,GDP,MODERATE,Y,-0.1,0.0,0.0,MT5 economic calendar (broker time UTC+3)
2026-05-29 09:45,2026-05-29,EUR,GDP y/y,GDP,MODERATE,Y,0.9,1.1,1.1,MT5 economic calendar (broker time UTC+3)
2026-05-29 09:45,2026-05-29,EUR,HICP m/m,PRICES,MODERATE,Y,0.1,0.2,1.2,MT5 economic calendar (broker time UTC+3)
2026-05-29 09:45,2026-05-29,EUR,HICP y/y,PRICES,LOW,Y,2.8,2.5,2.5,MT5 economic calendar (broker time UTC+3)
2026-05-29 10:00,2026-05-29,CHF,KOF Economic Barometer,BUSINESS,MODERATE,Y,98.0,100.8,97.9,MT5 economic calendar (broker time UTC+3)
2026-05-29 10:00,2026-05-29,EUR,CPI m/m,PRICES,LOW,Y,0.0,0.3,0.4,MT5 economic calendar (broker time UTC+3)
2026-05-29 10:00,2026-05-29,EUR,CPI y/y,PRICES,MODERATE,Y,0.0,3.0,3.2,MT5 economic calendar (broker time UTC+3)
2026-05-29 10:00,2026-05-29,EUR,HICP m/m,PRICES,LOW,Y,0.0,0.3,0.7,MT5 economic calendar (broker time UTC+3)
2026-05-29 10:00,2026-05-29,EUR,HICP y/y,PRICES,MODERATE,Y,0.0,3.5,3.5,MT5 economic calendar (broker time UTC+3)
2026-05-29 10:30,2026-05-29,SEK,Riksbank Financial Stability Report,MONEY,MODERATE,Y,0.0,0.0,0.0,MT5 economic calendar (broker time UTC+3)
2026-05-29 10:55,2026-05-29,EUR,Unemployment,JOBS,MODERATE,Y,2.987,3.008,3.006,MT5 economic calendar (broker time UTC+3)
2026-05-29 10:55,2026-05-29,EUR,Unemployment Change,JOBS,MODERATE,Y,-12.0,16.0,20.0,MT5 economic calendar (broker time UTC+3)
2026-05-29 10:55,2026-05-29,EUR,Unemployment Rate,JOBS,MODERATE,Y,6.3,6.4,6.4,MT5 economic calendar (broker time UTC+3)
2026-05-29 10:55,2026-05-29,EUR,Unemployment n.s.a.,JOBS,LOW,Y,2.95,3.017,3.008,MT5 economic calendar (broker time UTC+3)
2026-05-29 11:00,2026-05-29,EUR,Current Account,TRADE,LOW,Y,4.61,2.437,4.04,MT5 economic calendar (broker time UTC+3)
2026-05-29 11:00,2026-05-29,EUR,Unemployment Rate,JOBS,LOW,Y,5.1,5.4,5.2,MT5 economic calendar (broker time UTC+3)
2026-05-29 11:00,2026-05-29,NOK,NAV Unemployment Change,JOBS,LOW,Y,77.424,15.658,76.635,MT5 economic calendar (broker time UTC+3)
2026-05-29 11:00,2026-05-29,NOK,NAV Unemployment Rate n.s.a.,JOBS,LOW,Y,1.9,2.2,2.1,MT5 economic calendar (broker time UTC+3)
2026-05-29 11:00,2026-05-29,ZAR,SARB M3 Money Supply y/y,MONEY,LOW,Y,9.82,8.23,8.96,MT5 economic calendar (broker time UTC+3)
2026-05-29 11:00,2026-05-29,ZAR,SARB Private Sector Credit y/y,MONEY,LOW,Y,9.2,8.87,8.5,MT5 economic calendar (broker time UTC+3)
2026-05-29 11:30,2026-05-29,HKD,HKMA M3 Money Supply y/y,MONEY,LOW,Y,3.1,1.3,1.2,MT5 economic calendar (broker time UTC+3)
2026-05-29 12:00,2026-05-29,EUR,CPI m/m,PRICES,LOW,Y,0.4,0.8,1.1,MT5 economic calendar (broker time UTC+3)
2026-05-29 12:00,2026-05-29,EUR,CPI y/y,PRICES,LOW,Y,3.2,3.0,2.7,MT5 economic calendar (broker time UTC+3)
2026-05-29 12:00,2026-05-29,EUR,HICP m/m,PRICES,LOW,Y,0.4,0.8,1.6,MT5 economic calendar (broker time UTC+3)
2026-05-29 12:00,2026-05-29,EUR,HICP y/y,PRICES,LOW,Y,3.3,3.1,2.8,MT5 economic calendar (broker time UTC+3)
2026-05-29 12:10,2026-05-29,GBP,BoE Governor Bailey Speech,MONEY,HIGH,Y,0.0,0.0,0.0,MT5 economic calendar (broker time UTC+3)
2026-05-29 13:00,2026-05-29,EUR,GDP q/q,GDP,LOW,Y,0.3,0.2,0.2,MT5 economic calendar (broker time UTC+3)
2026-05-29 13:00,2026-05-29,EUR,GDP y/y,GDP,LOW,Y,0.8,0.7,0.7,MT5 economic calendar (broker time UTC+3)
2026-05-29 13:00,2026-05-29,INR,Fiscal Balance,GOVERNMENT,LOW,Y,0.0,0.0,-12.526,MT5 economic calendar (broker time UTC+3)
2026-05-29 13:30,2026-05-29,INR,Annual GDP y/y,GDP,LOW,Y,0.0,0.0,6.5,MT5 economic calendar (broker time UTC+3)
2026-05-29 13:30,2026-05-29,INR,GDP y/y,GDP,MODERATE,Y,0.0,6.8,5.4,MT5 economic calendar (broker time UTC+3)
2026-05-29 14:30,2026-05-29,BRL,Net Debt - GDP Ratio,GOVERNMENT,LOW,Y,67.4,66.4,66.8,MT5 economic calendar (broker time UTC+3)
2026-05-29 14:30,2026-05-29,BRL,Nominal Budget Balance,GOVERNMENT,LOW,Y,-60.139,-222.208,-199.539,MT5 economic calendar (broker time UTC+3)
2026-05-29 14:30,2026-05-29,BRL,Primary Budget balance,GOVERNMENT,LOW,Y,24.624,21.373,-80.676,MT5 economic calendar (broker time UTC+3)
2026-05-29 14:30,2026-05-29,INR,Bank Loan Growth y/y,MONEY,LOW,Y,16.2,15.8,16.0,MT5 economic calendar (broker time UTC+3)
2026-05-29 14:30,2026-05-29,INR,Deposit Growth y/y,MONEY,LOW,Y,12.2,12.3,12.3,MT5 economic calendar (broker time UTC+3)
2026-05-29 14:30,2026-05-29,INR,Foreign Exchange Reserves,MONEY,LOW,Y,681.384,680.269,688.894,MT5 economic calendar (broker time UTC+3)
2026-05-29 14:30,2026-05-29,INR,Infrastructure Output y/y,BUSINESS,LOW,Y,1.7,2.9,-0.4,MT5 economic calendar (broker time UTC+3)
2026-05-29 14:30,2026-05-29,INR,RBI Monetary and Credit Information Review,MONEY,MODERATE,Y,0.0,0.0,0.0,MT5 economic calendar (broker time UTC+3)
2026-05-29 15:00,2026-05-29,BRL,GDP q/q,GDP,MODERATE,Y,0.0,0.8,0.1,MT5 economic calendar (broker time UTC+3)
2026-05-29 15:00,2026-05-29,BRL,GDP y/y,GDP,MODERATE,Y,0.0,2.4,1.8,MT5 economic calendar (broker time UTC+3)
2026-05-29 15:00,2026-05-29,EUR,CPI m/m,PRICES,MODERATE,Y,-0.2,0.5,0.6,MT5 economic calendar (broker time UTC+3)
2026-05-29 15:00,2026-05-29,EUR,CPI y/y,PRICES,MODERATE,Y,2.6,2.1,2.9,MT5 economic calendar (broker time UTC+3)
2026-05-29 15:00,2026-05-29,EUR,HICP m/m,PRICES,LOW,Y,-0.1,0.5,0.5,MT5 economic calendar (broker time UTC+3)
2026-05-29 15:00,2026-05-29,EUR,HICP y/y,PRICES,LOW,Y,2.7,3.2,2.9,MT5 economic calendar (broker time UTC+3)
2026-05-29 15:30,2026-05-29,CAD,GDP Annualized q/q,GDP,MODERATE,Y,-0.1,0.7,-0.6,MT5 economic calendar (broker time UTC+3)
2026-05-29 15:30,2026-05-29,CAD,GDP Implicit Price Index q/q,GDP,LOW,Y,1.1,0.6,0.7,MT5 economic calendar (broker time UTC+3)
2026-05-29 15:30,2026-05-29,CAD,GDP m/m,GDP,MODERATE,Y,-0.1,0.0,0.2,MT5 economic calendar (broker time UTC+3)
2026-05-29 15:30,2026-05-29,CAD,GDP q/q,GDP,MODERATE,Y,0.0,0.0,-0.2,MT5 economic calendar (broker time UTC+3)
2026-05-29 15:30,2026-05-29,CAD,GDP y/y,GDP,MODERATE,Y,0.4,1.1,1.0,MT5 economic calendar (broker time UTC+3)
2026-05-29 15:30,2026-05-29,USD,Goods Trade Balance,TRADE,MODERATE,Y,-82.4,-93.515,-87.871,MT5 economic calendar (broker time UTC+3)
2026-05-29 15:30,2026-05-29,USD,Retail Inventories excl. Autos m/m,CONSUMER,MODERATE,Y,0.6,0.0,0.4,MT5 economic calendar (broker time UTC+3)
2026-05-29 15:30,2026-05-29,USD,Retail Inventories m/m,CONSUMER,MODERATE,Y,0.7,0.3,0.6,MT5 economic calendar (broker time UTC+3)
2026-05-29 15:30,2026-05-29,USD,Wholesale Inventories m/m,BUSINESS,LOW,Y,0.5,0.8,1.3,MT5 economic calendar (broker time UTC+3)
2026-05-29 16:10,2026-05-29,USD,Fed Governor Bowman Speech,MONEY,MODERATE,Y,0.0,0.0,0.0,MT5 economic calendar (broker time UTC+3)
2026-05-29 16:45,2026-05-29,USD,MNI Chicago Business Barometer,BUSINESS,HIGH,Y,62.7,44.0,49.2,MT5 economic calendar (broker time UTC+3)
2026-05-29 18:00,2026-05-29,CAD,Budget Balance,GOVERNMENT,LOW,Y,-29.727,11.321,5.659,MT5 economic calendar (broker time UTC+3)
2026-05-29 18:00,2026-05-29,CAD,"Budget Balance, Fiscal Year",GOVERNMENT,LOW,Y,-55.277,-14.937,-25.549,MT5 economic calendar (broker time UTC+3)
2026-05-29 20:00,2026-05-29,USD,Baker Hughes US Oil Rig Count,BUSINESS,MODERATE,Y,429.0,0.0,425.0,MT5 economic calendar (broker time UTC+3)
2026-05-29 20:00,2026-05-29,USD,Baker Hughes US Total Rig Count,BUSINESS,MODERATE,Y,562.0,0.0,558.0,MT5 economic calendar (broker time UTC+3)
2026-05-29 22:30,2026-05-29,AUD,CFTC AUD Non-Commercial Net Positions,MARKET,MODERATE,Y,60.2,0.0,85.6,MT5 economic calendar (broker time UTC+3)
2026-05-29 22:30,2026-05-29,BRL,CFTC BRL Non-Commercial Net Positions,MARKET,MODERATE,Y,71.7,0.0,71.0,MT5 economic calendar (broker time UTC+3)
2026-05-29 22:30,2026-05-29,CAD,CFTC CAD Non-Commercial Net Positions,MARKET,LOW,Y,-68.9,0.0,-31.2,MT5 economic calendar (broker time UTC+3)
2026-05-29 22:30,2026-05-29,CHF,CFTC CHF Non-Commercial Net Positions,MARKET,LOW,Y,-35.1,0.0,-36.9,MT5 economic calendar (broker time UTC+3)
2026-05-29 22:30,2026-05-29,EUR,CFTC EUR Non-Commercial Net Positions,MARKET,MODERATE,Y,29.4,0.0,33.5,MT5 economic calendar (broker time UTC+3)
2026-05-29 22:30,2026-05-29,GBP,CFTC GBP Non-Commercial Net Positions,MARKET,MODERATE,Y,-61.4,0.0,-64.3,MT5 economic calendar (broker time UTC+3)
2026-05-29 22:30,2026-05-29,JPY,CFTC JPY Non-Commercial Net Positions,MARKET,MODERATE,Y,-114.7,0.0,-93.9,MT5 economic calendar (broker time UTC+3)
2026-05-29 22:30,2026-05-29,MXN,CFTC MXN Non-Commercial Net Positions,MARKET,LOW,Y,58.2,0.0,62.2,MT5 economic calendar (broker time UTC+3)
2026-05-29 22:30,2026-05-29,NZD,CFTC NZD Non-Commercial Net Positions,MARKET,LOW,Y,-34.2,0.0,-40.6,MT5 economic calendar (broker time UTC+3)
2026-05-29 22:30,2026-05-29,USD,CFTC Aluminium Non-Commercial Net Positions,MARKET,LOW,Y,0.3,0.0,0.5,MT5 economic calendar (broker time UTC+3)
2026-05-29 22:30,2026-05-29,USD,CFTC Copper Non-Commercial Net Positions,MARKET,LOW,Y,73.0,0.0,75.9,MT5 economic calendar (broker time UTC+3)
2026-05-29 22:30,2026-05-29,USD,CFTC Corn Non-Commercial Net Positions,MARKET,LOW,Y,302.0,0.0,358.1,MT5 economic calendar (broker time UTC+3)
2026-05-29 22:30,2026-05-29,USD,CFTC Crude Oil Non-Commercial Net Positions,MARKET,MODERATE,Y,161.0,0.0,172.6,MT5 economic calendar (broker time UTC+3)
2026-05-29 22:30,2026-05-29,USD,CFTC Gold Non-Commercial Net Positions,MARKET,MODERATE,Y,154.3,0.0,159.8,MT5 economic calendar (broker time UTC+3)
2026-05-29 22:30,2026-05-29,USD,CFTC Nasdaq 100 Non-Commercial Net Positions,MARKET,MODERATE,Y,-6.1,0.0,-1.4,MT5 economic calendar (broker time UTC+3)
2026-05-29 22:30,2026-05-29,USD,CFTC Natural Gas Non-Commercial Net Positions,MARKET,LOW,Y,-203.2,0.0,-192.2,MT5 economic calendar (broker time UTC+3)
2026-05-29 22:30,2026-05-29,USD,CFTC S&P 500 Non-Commercial Net Positions,MARKET,MODERATE,Y,-165.8,0.0,-140.6,MT5 economic calendar (broker time UTC+3)
2026-05-29 22:30,2026-05-29,USD,CFTC Silver Non-Commercial Net Positions,MARKET,LOW,Y,22.2,0.0,24.7,MT5 economic calendar (broker time UTC+3)
2026-05-29 22:30,2026-05-29,USD,CFTC Soybeans Non-Commercial Net Positions,MARKET,LOW,Y,204.7,0.0,212.2,MT5 economic calendar (broker time UTC+3)
2026-05-29 22:30,2026-05-29,USD,CFTC Wheat Non-Commercial Net Positions,MARKET,LOW,Y,-9.5,0.0,0.3,MT5 economic calendar (broker time UTC+3)
2026-05-29 22:30,2026-05-29,ZAR,CFTC ZAR Non-Commercial Net Positions,MARKET,LOW,Y,7.0,0.0,6.8,MT5 economic calendar (broker time UTC+3)
2026-05-30 00:25,2026-05-30,MXN,Fiscal Balance,TRADE,LOW,Y,-37.148,-6.33,-110.096,MT5 economic calendar (broker time UTC+3)
2026-05-31 00:00,2026-05-31,SGD,Vesak Day,HOLIDAYS,NONE,Y,0.0,0.0,0.0,MT5 economic calendar (broker time UTC+3)
2026-05-31 04:00,2026-05-31,CNY,Composite PMI,BUSINESS,MODERATE,Y,50.5,0.0,50.1,MT5 economic calendar (broker time UTC+3)
2026-05-31 04:00,2026-05-31,CNY,Manufacturing PMI,BUSINESS,HIGH,Y,50.0,49.6,50.3,MT5 economic calendar (broker time UTC+3)
2026-05-31 04:00,2026-05-31,CNY,Non-Manufacturing PMI,BUSINESS,MODERATE,Y,50.1,49.6,49.4,MT5 economic calendar (broker time UTC+3)
2026-05-31 15:30,2026-05-31,USD,Fed Governor Waller Speech,MONEY,MODERATE,Y,0.0,0.0,0.0,MT5 economic calendar (broker time UTC+3)
2026-06-01 00:00,2026-06-01,NZD,,HOLIDAYS,NONE,Y,0.0,0.0,0.0,MT5 economic calendar (broker time UTC+3)
2026-06-01 00:00,2026-06-01,SGD,Vesak Day,HOLIDAYS,NONE,Y,0.0,0.0,0.0,MT5 economic calendar (broker time UTC+3)
2026-06-01 02:00,2026-06-01,AUD,S&P Global Manufacturing PMI,BUSINESS,LOW,Y,50.7,49.9,49.8,MT5 economic calendar (broker time UTC+3)
2026-06-01 02:50,2026-06-01,JPY,Capital Spending y/y,BUSINESS,MODERATE,Y,0.0,3.2,6.5,MT5 economic calendar (broker time UTC+3)
2026-06-01 03:00,2026-06-01,KRW,Exports y/y,TRADE,LOW,Y,53.2,50.4,48.0,MT5 economic calendar (broker time UTC+3)
2026-06-01 03:00,2026-06-01,KRW,Imports y/y,TRADE,LOW,Y,20.8,15.5,16.7,MT5 economic calendar (broker time UTC+3)
2026-06-01 03:00,2026-06-01,KRW,Trade Balance,TRADE,LOW,Y,26.949,23.462,23.755,MT5 economic calendar (broker time UTC+3)
2026-06-01 03:10,2026-06-01,EUR,ECB Executive Board Member Schnabel Speech,MONEY,MODERATE,Y,0.0,0.0,0.0,MT5 economic calendar (broker time UTC+3)
2026-06-01 03:30,2026-06-01,JPY,au Jibun Bank Manufacturing PMI,BUSINESS,LOW,Y,54.5,50.6,55.1,MT5 economic calendar (broker time UTC+3)
2026-06-01 03:30,2026-06-01,KRW,S&P Global Manufacturing PMI,BUSINESS,LOW,Y,54.8,53.6,53.6,MT5 economic calendar (broker time UTC+3)
2026-06-01 03:30,2026-06-01,USD,Fed Chair Powell Speech,MONEY,HIGH,Y,0.0,0.0,0.0,MT5 economic calendar (broker time UTC+3)
2026-06-01 04:30,2026-06-01,AUD,ANZ Job Advertisements m/m,JOBS,LOW,Y,1.8,-1.7,-0.8,MT5 economic calendar (broker time UTC+3)
2026-06-01 04:45,2026-06-01,CNY,Caixin Manufacturing PMI,BUSINESS,MODERATE,Y,51.8,51.5,52.2,MT5 economic calendar (broker time UTC+3)
2026-06-01 08:00,2026-06-01,INR,S&P Global Manufacturing PMI,BUSINESS,LOW,Y,55.0,56.9,54.7,MT5 economic calendar (broker time UTC+3)
2026-06-01 09:00,2026-06-01,EUR,Retail Sales m/m,CONSUMER,MODERATE,Y,-0.3,0.4,-0.3,MT5 economic calendar (broker time UTC+3)
2026-06-01 09:00,2026-06-01,EUR,Retail Sales y/y,CONSUMER,LOW,Y,-0.2,0.8,0.9,MT5 economic calendar (broker time UTC+3)
2026-06-01 09:00,2026-06-01,GBP,Nationwide HPI m/m,HOUSING,MODERATE,Y,-0.6,0.2,0.4,MT5 economic calendar (broker time UTC+3)
2026-06-01 09:00,2026-06-01,GBP,Nationwide HPI y/y,HOUSING,MODERATE,Y,1.7,3.1,3.0,MT5 economic calendar (broker time UTC+3)
2026-06-01 09:30,2026-06-01,AUD,RBA Index of Commodity Prices y/y,PRICES,LOW,Y,0.0,18.2,15.7,MT5 economic calendar (broker time UTC+3)
2026-06-01 09:30,2026-06-01,CHF,Retail Sales y/y,CONSUMER,LOW,Y,1.6,2.5,0.5,MT5 economic calendar (broker time UTC+3)
2026-06-01 09:30,2026-06-01,SEK,Silf/Swedbank Manufacturing PMI,BUSINESS,LOW,Y,57.3,56.4,57.2,MT5 economic calendar (broker time UTC+3)
2026-06-01 10:00,2026-06-01,CHF,GDP q/q,GDP,MODERATE,Y,0.0,-0.2,0.1,MT5 economic calendar (broker time UTC+3)
2026-06-01 10:00,2026-06-01,CHF,GDP y/y,GDP,MODERATE,Y,0.0,1.4,0.7,MT5 economic calendar (broker time UTC+3)
2026-06-01 10:00,2026-06-01,EUR,New Car Registrations m/m,BUSINESS,LOW,Y,-7.1,0.0,-20.3,MT5 economic calendar (broker time UTC+3)
2026-06-01 10:00,2026-06-01,EUR,New Car Registrations y/y,BUSINESS,LOW,Y,3.7,0.0,-0.3,MT5 economic calendar (broker time UTC+3)
2026-06-01 10:15,2026-06-01,EUR,S&P Global Manufacturing PMI,BUSINESS,MODERATE,Y,51.2,51.3,51.7,MT5 economic calendar (broker time UTC+3)
2026-06-01 10:30,2026-06-01,CHF,procure.ch Manufacturing PMI,BUSINESS,MODERATE,Y,57.3,52.0,54.5,MT5 economic calendar (broker time UTC+3)
2026-06-01 10:45,2026-06-01,EUR,S&P Global Manufacturing PMI,BUSINESS,MODERATE,Y,52.9,52.2,52.1,MT5 economic calendar (broker time UTC+3)
2026-06-01 10:50,2026-06-01,EUR,S&P Global Manufacturing PMI,BUSINESS,MODERATE,Y,49.7,48.9,48.9,MT5 economic calendar (broker time UTC+3)
2026-06-01 10:55,2026-06-01,EUR,S&P Global Manufacturing PMI,BUSINESS,MODERATE,Y,50.1,49.9,49.9,MT5 economic calendar (broker time UTC+3)
2026-06-01 11:00,2026-06-01,EUR,ECB Households Loans y/y,MONEY,MODERATE,Y,3.0,3.1,3.0,MT5 economic calendar (broker time UTC+3)
2026-06-01 11:00,2026-06-01,EUR,ECB M3 Money Supply y/y,MONEY,LOW,Y,2.7,3.0,3.2,MT5 economic calendar (broker time UTC+3)
2026-06-01 11:00,2026-06-01,EUR,ECB Non-Financial Corporations Loans y/y,MONEY,LOW,Y,3.4,3.0,3.2,MT5 economic calendar (broker time UTC+3)
2026-06-01 11:00,2026-06-01,EUR,ECB Private Sector Loans y/y,MONEY,LOW,Y,3.5,3.6,3.5,MT5 economic calendar (broker time UTC+3)
2026-06-01 11:00,2026-06-01,EUR,S&P Global Manufacturing PMI,BUSINESS,MODERATE,Y,51.6,51.4,51.4,MT5 economic calendar (broker time UTC+3)
2026-06-01 11:00,2026-06-01,NOK,DNB/NIMA Manufacturing PMI,BUSINESS,LOW,Y,0.0,0.0,0.0,MT5 economic calendar (broker time UTC+3)
2026-06-01 11:30,2026-06-01,GBP,S&P Global/CIPS Manufacturing PMI,BUSINESS,MODERATE,Y,53.9,53.7,53.7,MT5 economic calendar (broker time UTC+3)
2026-06-01 12:00,2026-06-01,EUR,Unemployment Rate,JOBS,MODERATE,Y,6.3,6.1,6.2,MT5 economic calendar (broker time UTC+3)
2026-06-01 12:00,2026-06-01,ZAR,Absa Manufacturing PMI,BUSINESS,LOW,Y,50.8,47.5,52.6,MT5 economic calendar (broker time UTC+3)
2026-06-01 14:30,2026-06-01,BRL,BCB Focus Market Report,MONEY,MODERATE,Y,0.0,0.0,0.0,MT5 economic calendar (broker time UTC+3)
2026-06-01 14:30,2026-06-01,INR,Fiscal Balance,GOVERNMENT,LOW,Y,-15.192,0.0,-12.526,MT5 economic calendar (broker time UTC+3)
2026-06-01 14:31,2026-06-01,INR,Fiscal Balance,GOVERNMENT,LOW,Y,-3.623,0.0,-15.192,MT5 economic calendar (broker time UTC+3)
2026-06-01 15:00,2026-06-01,ZAR,Total New Vehicle Sales,BUSINESS,LOW,Y,51.071,0.0,47.979,MT5 economic calendar (broker time UTC+3)
2026-06-01 15:00,2026-06-01,ZAR,Total New Vehicle Sales m/m,BUSINESS,LOW,Y,6.6,0.0,-17.4,MT5 economic calendar (broker time UTC+3)
2026-06-01 15:00,2026-06-01,ZAR,Total New Vehicle Sales y/y,BUSINESS,LOW,Y,12.8,5.8,13.0,MT5 economic calendar (broker time UTC+3)
2026-06-01 15:57,2026-06-01,EUR,12-Month BTF Auction,MARKET,LOW,Y,2.588,0.0,2.577,MT5 economic calendar (broker time UTC+3)
2026-06-01 15:57,2026-06-01,EUR,3-Month BTF Auction,MARKET,LOW,Y,2.289,0.0,2.277,MT5 economic calendar (broker time UTC+3)
2026-06-01 15:57,2026-06-01,EUR,6-Month BTF Auction,MARKET,LOW,Y,2.44,0.0,2.385,MT5 economic calendar (broker time UTC+3)
2026-06-01 16:00,2026-06-01,BRL,S&P Global Manufacturing PMI,BUSINESS,LOW,Y,49.1,50.4,52.6,MT5 economic calendar (broker time UTC+3)
2026-06-01 16:30,2026-06-01,CAD,S&P Global Manufacturing PMI,BUSINESS,LOW,Y,52.9,54.2,53.3,MT5 economic calendar (broker time UTC+3)
2026-06-01 16:45,2026-06-01,USD,S&P Global Manufacturing PMI,BUSINESS,HIGH,Y,55.1,53.2,54.5,MT5 economic calendar (broker time UTC+3)
2026-06-01 17:00,2026-06-01,USD,Construction Spending m/m,HOUSING,MODERATE,Y,0.4,0.3,0.6,MT5 economic calendar (broker time UTC+3)
2026-06-01 17:00,2026-06-01,USD,ISM Manufacturing Employment,BUSINESS,MODERATE,Y,0.0,46.7,46.4,MT5 economic calendar (broker time UTC+3)
2026-06-01 17:00,2026-06-01,USD,ISM Manufacturing New Orders,BUSINESS,LOW,Y,0.0,51.1,54.1,MT5 economic calendar (broker time UTC+3)
2026-06-01 17:00,2026-06-01,USD,ISM Manufacturing PMI,BUSINESS,HIGH,Y,0.0,50.3,52.7,MT5 economic calendar (broker time UTC+3)
2026-06-01 17:00,2026-06-01,USD,ISM Manufacturing Prices Paid,BUSINESS,HIGH,Y,0.0,87.9,84.6,MT5 economic calendar (broker time UTC+3)
2026-06-01 18:00,2026-06-01,MXN,S&P Global Manufacturing PMI,BUSINESS,LOW,Y,49.6,48.8,47.7,MT5 economic calendar (broker time UTC+3)
2026-06-01 18:30,2026-06-01,USD,3-Month Bill Auction,MARKET,LOW,Y,3.63,0.0,3.595,MT5 economic calendar (broker time UTC+3)
2026-06-01 18:30,2026-06-01,USD,6-Month Bill Auction,MARKET,LOW,Y,3.665,0.0,3.65,MT5 economic calendar (broker time UTC+3)
2026-06-01 19:00,2026-06-01,EUR,New Car Registrations m/m,BUSINESS,LOW,Y,-3.3,0.0,-16.3,MT5 economic calendar (broker time UTC+3)
2026-06-01 19:00,2026-06-01,EUR,New Car Registrations y/y,BUSINESS,LOW,Y,7.6,0.0,11.6,MT5 economic calendar (broker time UTC+3)
2026-06-02 00:00,2026-06-02,EUR,Republic Day,HOLIDAYS,NONE,Y,0.0,0.0,0.0,MT5 economic calendar (broker time UTC+3)
2026-06-02 02:00,2026-06-02,KRW,CPI m/m,PRICES,LOW,Y,0.0,0.2,0.5,MT5 economic calendar (broker time UTC+3)
2026-06-02 02:00,2026-06-02,KRW,CPI y/y,PRICES,LOW,Y,0.0,2.1,2.6,MT5 economic calendar (broker time UTC+3)
2026-06-02 02:50,2026-06-02,JPY,BoJ Monetary Base y/y,MONEY,LOW,Y,-12.2,-12.3,-11.3,MT5 economic calendar (broker time UTC+3)
2026-06-02 04:30,2026-06-02,AUD,Building Approvals m/m,BUSINESS,MODERATE,Y,-3.4,-6.5,-10.5,MT5 economic calendar (broker time UTC+3)
2026-06-02 04:30,2026-06-02,AUD,Business Inventories q/q,BUSINESS,LOW,Y,0.5,0.3,-0.1,MT5 economic calendar (broker time UTC+3)
2026-06-02 04:30,2026-06-02,AUD,Company Gross Operating Profits q/q,BUSINESS,MODERATE,Y,-1.3,1.6,5.8,MT5 economic calendar (broker time UTC+3)
2026-06-02 04:30,2026-06-02,AUD,Company Profits Before Income Tax q/q,BUSINESS,LOW,Y,-4.1,0.0,1.6,MT5 economic calendar (broker time UTC+3)
2026-06-02 04:30,2026-06-02,AUD,Current Account,TRADE,LOW,Y,-27.123,-20.144,-21.093,MT5 economic calendar (broker time UTC+3)
2026-06-02 04:30,2026-06-02,AUD,Net Exports Contribution,TRADE,LOW,Y,-0.8,-0.1,-0.1,MT5 economic calendar (broker time UTC+3)
2026-06-02 04:30,2026-06-02,AUD,Private House Approvals m/m,BUSINESS,LOW,Y,-1.0,0.0,0.9,MT5 economic calendar (broker time UTC+3)
2026-06-02 06:35,2026-06-02,JPY,10-Year JGB Auction,MARKET,MODERATE,Y,2.649,0.0,2.54,MT5 economic calendar (broker time UTC+3)
2026-06-02 09:00,2026-06-02,CHF,Trade Balance,TRADE,LOW,Y,3.098,0.0,3.177,MT5 economic calendar (broker time UTC+3)
2026-06-02 09:45,2026-06-02,EUR,Government Budget Balance,GOVERNMENT,LOW,Y,-69.6,0.0,-42.9,MT5 economic calendar (broker time UTC+3)
2026-06-02 10:00,2026-06-02,EUR,Unemployment Change,JOBS,MODERATE,Y,-36.323,-33.542,-62.668,MT5 economic calendar (broker time UTC+3)
2026-06-02 11:00,2026-06-02,BRL,FIPE CPI m/m,PRICES,MODERATE,Y,0.45,0.31,0.4,MT5 economic calendar (broker time UTC+3)
2026-06-02 11:30,2026-06-02,HKD,Retail Sales y/y,CONSUMER,LOW,Y,8.6,11.2,12.8,MT5 economic calendar (broker time UTC+3)
2026-06-02 12:00,2026-06-02,EUR,CPI,PRICES,LOW,Y,103.15,0.0,103.04,MT5 economic calendar (broker time UTC+3)
2026-06-02 12:00,2026-06-02,EUR,CPI excl. Energy and Unprocessed Food m/m,PRICES,LOW,Y,0.3,0.3,0.8,MT5 economic calendar (broker time UTC+3)
2026-06-02 12:00,2026-06-02,EUR,CPI excl. Energy and Unprocessed Food y/y,PRICES,LOW,Y,2.3,2.1,2.1,MT5 economic calendar (broker time UTC+3)
2026-06-02 12:00,2026-06-02,EUR,CPI m/m,PRICES,MODERATE,Y,3.0,1.7,1.0,MT5 economic calendar (broker time UTC+3)
2026-06-02 12:00,2026-06-02,EUR,CPI y/y,PRICES,HIGH,Y,2.6,2.6,3.0,MT5 economic calendar (broker time UTC+3)
2026-06-02 12:00,2026-06-02,EUR,Core CPI,PRICES,MODERATE,Y,102.67,0.0,102.35,MT5 economic calendar (broker time UTC+3)
2026-06-02 12:00,2026-06-02,EUR,Core CPI m/m,PRICES,LOW,Y,0.3,0.3,0.9,MT5 economic calendar (broker time UTC+3)
2026-06-02 12:00,2026-06-02,EUR,Core CPI y/y,PRICES,MODERATE,Y,2.5,2.3,2.2,MT5 economic calendar (broker time UTC+3)
2026-06-02 12:00,2026-06-02,ZAR,RMB/BER Business Confidence Index,BUSINESS,LOW,Y,39.0,0.0,47.0,MT5 economic calendar (broker time UTC+3)
2026-06-02 12:08,2026-06-02,EUR,12-Month Letras Auction,MARKET,LOW,Y,2.543,0.0,2.635,MT5 economic calendar (broker time UTC+3)
2026-06-02 12:08,2026-06-02,EUR,6-Month Letras Auction,MARKET,LOW,Y,2.376,0.0,2.357,MT5 economic calendar (broker time UTC+3)
2026-06-02 12:30,2026-06-02,EUR,2-Year Note Auction,MARKET,LOW,Y,2.59,0.0,2.7,MT5 economic calendar (broker time UTC+3)
2026-06-02 16:00,2026-06-02,SGD,SIPMM PMI,BUSINESS,LOW,Y,51.0,50.6,50.7,MT5 economic calendar (broker time UTC+3)
2026-06-02 17:00,2026-06-02,GBP,BoE Governor Bailey Speech,MONEY,HIGH,Y,0.0,0.0,0.0,MT5 economic calendar (broker time UTC+3)
2026-06-02 17:00,2026-06-02,USD,JOLTS Job Openings,JOBS,HIGH,Y,7.618,6.79,6.866,MT5 economic calendar (broker time UTC+3)
2026-06-02 18:06,2026-06-02,NZD,GDT Price Index,PRICES,LOW,Y,-0.6,-0.3,0.6,MT5 economic calendar (broker time UTC+3)
2026-06-03 01:45,2026-06-03,NZD,Building Consents m/m,HOUSING,LOW,Y,10.9,2.2,-1.3,MT5 economic calendar (broker time UTC+3)
2026-06-03 01:45,2026-06-03,NZD,Export Price Index q/q,PRICES,LOW,Y,-2.7,-0.5,5.3,MT5 economic calendar (broker time UTC+3)
2026-06-03 01:45,2026-06-03,NZD,Export Volume Index q/q,PRICES,LOW,Y,2.7,-2.7,-3.2,MT5 economic calendar (broker time UTC+3)
2026-06-03 01:45,2026-06-03,NZD,Import Price Index q/q,PRICES,LOW,Y,-0.7,1.1,1.5,MT5 economic calendar (broker time UTC+3)
2026-06-03 01:45,2026-06-03,NZD,Import Volume Index q/q,PRICES,LOW,Y,2.2,5.8,5.8,MT5 economic calendar (broker time UTC+3)
2026-06-03 01:45,2026-06-03,NZD,Terms of Trade Index q/q,PRICES,LOW,Y,-2.0,-0.8,3.7,MT5 economic calendar (broker time UTC+3)
2026-06-03 02:00,2026-06-03,AUD,Ai Group Construction Index,BUSINESS,LOW,Y,-9.9,0.0,-19.3,MT5 economic calendar (broker time UTC+3)
2026-06-03 02:00,2026-06-03,AUD,Ai Group Industry Index,BUSINESS,MODERATE,Y,-26.5,0.0,-24.4,MT5 economic calendar (broker time UTC+3)
2026-06-03 02:00,2026-06-03,AUD,Ai Group Manufacturing Index,BUSINESS,LOW,Y,-22.4,0.0,-27.9,MT5 economic calendar (broker time UTC+3)
2026-06-03 02:00,2026-06-03,AUD,S&P Global Composite PMI,BUSINESS,MODERATE,Y,48.7,0.0,50.4,MT5 economic calendar (broker time UTC+3)
2026-06-03 02:00,2026-06-03,AUD,S&P Global Services PMI,BUSINESS,MODERATE,Y,50.7,48.9,50.7,MT5 economic calendar (broker time UTC+3)
2026-06-03 03:30,2026-06-03,HKD,S&P Global PMI,BUSINESS,LOW,Y,50.4,48.4,48.6,MT5 economic calendar (broker time UTC+3)
2026-06-03 03:30,2026-06-03,JPY,au Jibun Bank Composite PMI,BUSINESS,LOW,Y,51.1,0.0,52.2,MT5 economic calendar (broker time UTC+3)
2026-06-03 03:30,2026-06-03,JPY,au Jibun Bank Services PMI,BUSINESS,MODERATE,Y,0.0,51.8,51.0,MT5 economic calendar (broker time UTC+3)
2026-06-03 04:30,2026-06-03,AUD,Final Consumption Expenditure q/q,GDP,LOW,Y,0.3,0.5,0.5,MT5 economic calendar (broker time UTC+3)
2026-06-03 04:30,2026-06-03,AUD,GDP Chain Price Index q/q,GDP,LOW,Y,-6.6,1.9,3.9,MT5 economic calendar (broker time UTC+3)
2026-06-03 04:30,2026-06-03,AUD,GDP q/q,GDP,MODERATE,Y,0.3,0.6,0.8,MT5 economic calendar (broker time UTC+3)
2026-06-03 04:30,2026-06-03,AUD,GDP y/y,GDP,MODERATE,Y,2.5,1.2,2.6,MT5 economic calendar (broker time UTC+3)
2026-06-03 04:30,2026-06-03,AUD,Gross Fixed Capital Formation q/q,GDP,LOW,Y,3.0,0.1,0.7,MT5 economic calendar (broker time UTC+3)
2026-06-03 04:30,2026-06-03,AUD,RBA Housing Credit m/m,MONEY,LOW,Y,0.6,0.0,0.6,MT5 economic calendar (broker time UTC+3)
2026-06-03 04:30,2026-06-03,AUD,RBA Private Sector Credit m/m,MONEY,LOW,Y,0.7,0.7,0.7,MT5 economic calendar (broker time UTC+3)
2026-06-03 04:45,2026-06-03,CNY,Caixin Composite PMI,BUSINESS,MODERATE,Y,54.0,0.0,53.1,MT5 economic calendar (broker time UTC+3)
2026-06-03 04:45,2026-06-03,CNY,Caixin Services PMI,BUSINESS,MODERATE,Y,54.4,54.3,52.6,MT5 economic calendar (broker time UTC+3)
2026-06-03 08:00,2026-06-03,INR,S&P Global Composite PMI,BUSINESS,MODERATE,Y,59.3,0.0,58.2,MT5 economic calendar (broker time UTC+3)
2026-06-03 08:00,2026-06-03,INR,S&P Global Services PMI,BUSINESS,LOW,Y,59.8,59.1,58.8,MT5 economic calendar (broker time UTC+3)
2026-06-03 09:00,2026-06-03,NOK,Current Account,TRADE,LOW,Y,266.83,165.545,153.109,MT5 economic calendar (broker time UTC+3)
2026-06-03 10:15,2026-06-03,EUR,S&P Global Composite PMI,BUSINESS,MODERATE,Y,50.2,0.0,48.7,MT5 economic calendar (broker time UTC+3)
2026-06-03 10:15,2026-06-03,EUR,S&P Global Services PMI,BUSINESS,MODERATE,Y,50.1,50.2,47.9,MT5 economic calendar (broker time UTC+3)
2026-06-03 10:15,2026-06-03,ZAR,S&P Global PMI,BUSINESS,LOW,Y,51.6,51.1,51.6,MT5 economic calendar (broker time UTC+3)
2026-06-03 10:45,2026-06-03,EUR,S&P Global Composite PMI,BUSINESS,LOW,Y,50.4,0.0,50.5,MT5 economic calendar (broker time UTC+3)
2026-06-03 10:45,2026-06-03,EUR,S&P Global Services PMI,BUSINESS,MODERATE,Y,49.4,52.3,49.8,MT5 economic calendar (broker time UTC+3)
2026-06-03 10:50,2026-06-03,EUR,S&P Global Composite PMI,BUSINESS,LOW,Y,44.9,43.5,43.5,MT5 economic calendar (broker time UTC+3)
2026-06-03 10:50,2026-06-03,EUR,S&P Global Services PMI,BUSINESS,MODERATE,Y,44.3,42.9,42.9,MT5 economic calendar (broker time UTC+3)
2026-06-03 10:55,2026-06-03,EUR,S&P Global Composite PMI,BUSINESS,LOW,Y,48.8,48.6,48.6,MT5 economic calendar (broker time UTC+3)
2026-06-03 10:55,2026-06-03,EUR,S&P Global Services PMI,BUSINESS,MODERATE,Y,48.8,47.8,47.8,MT5 economic calendar (broker time UTC+3)
2026-06-03 11:00,2026-06-03,EUR,S&P Global Composite PMI,BUSINESS,MODERATE,Y,48.5,47.5,47.5,MT5 economic calendar (broker time UTC+3)
2026-06-03 11:00,2026-06-03,EUR,S&P Global Services PMI,BUSINESS,MODERATE,Y,47.7,46.4,46.4,MT5 economic calendar (broker time UTC+3)
2026-06-03 11:30,2026-06-03,GBP,S&P Global/CIPS Composite PMI,BUSINESS,MODERATE,Y,49.7,0.0,48.5,MT5 economic calendar (broker time UTC+3)
2026-06-03 11:30,2026-06-03,GBP,S&P Global/CIPS Services PMI,BUSINESS,MODERATE,Y,49.3,47.9,47.9,MT5 economic calendar (broker time UTC+3)
2026-06-03 12:00,2026-06-03,EUR,PPI m/m,PRICES,LOW,Y,0.6,3.7,3.4,MT5 economic calendar (broker time UTC+3)
2026-06-03 12:00,2026-06-03,EUR,PPI y/y,PRICES,LOW,Y,4.9,1.4,2.1,MT5 economic calendar (broker time UTC+3)
2026-06-03 12:00,2026-06-03,NOK,HPI n.s.a. m/m,HOUSING,LOW,Y,0.3,0.0,1.0,MT5 economic calendar (broker time UTC+3)
2026-06-03 12:00,2026-06-03,NOK,HPI s.a. m/m,HOUSING,LOW,Y,0.1,0.0,0.6,MT5 economic calendar (broker time UTC+3)
2026-06-03 12:00,2026-06-03,NOK,HPI y/y,HOUSING,LOW,Y,3.8,3.9,3.8,MT5 economic calendar (broker time UTC+3)
2026-06-03 12:55,2026-06-03,EUR,ECB Executive Board Member Elderson Speech,MONEY,MODERATE,Y,0.0,0.0,0.0,MT5 economic calendar (broker time UTC+3)
2026-06-03 13:10,2026-06-03,EUR,New Car Registrations m/m,BUSINESS,LOW,Y,-3.9,0.0,-15.3,MT5 economic calendar (broker time UTC+3)
2026-06-03 13:10,2026-06-03,EUR,New Car Registrations y/y,BUSINESS,LOW,Y,0.1,0.0,2.7,MT5 economic calendar (broker time UTC+3)
2026-06-03 15:00,2026-06-03,BRL,Industrial Production m/m,BUSINESS,LOW,Y,0.0,-0.3,0.1,MT5 economic calendar (broker time UTC+3)
2026-06-03 15:00,2026-06-03,BRL,Industrial Production y/y,BUSINESS,MODERATE,Y,0.0,2.4,4.3,MT5 economic calendar (broker time UTC+3)
2026-06-03 15:15,2026-06-03,USD,ADP Nonfarm Employment Change,JOBS,HIGH,Y,0.0,0.0,0.0,MT5 economic calendar (broker time UTC+3)
2026-06-03 15:30,2026-06-03,CAD,Labor Productivity q/q,JOBS,MODERATE,Y,-0.5,0.2,-0.1,MT5 economic calendar (broker time UTC+3)
2026-06-03 16:00,2026-06-03,BRL,S&P Global Composite PMI,BUSINESS,LOW,Y,49.5,0.0,0.0,MT5 economic calendar (broker time UTC+3)
2026-06-03 16:00,2026-06-03,BRL,S&P Global Services PMI,BUSINESS,LOW,Y,50.4,51.2,52.3,MT5 economic calendar (broker time UTC+3)
2026-06-03 16:00,2026-06-03,USD,Fed Vice Chair for Supervision Barr Speech,MONEY,MODERATE,Y,0.0,0.0,0.0,MT5 economic calendar (broker time UTC+3)
2026-06-03 16:45,2026-06-03,USD,S&P Global Composite PMI,BUSINESS,MODERATE,Y,51.7,53.3,52.0,MT5 economic calendar (broker time UTC+3)
2026-06-03 16:45,2026-06-03,USD,S&P Global Services PMI,BUSINESS,HIGH,Y,50.7,53.7,51.0,MT5 economic calendar (broker time UTC+3)
2026-06-03 17:00,2026-06-03,USD,Factory Orders excl. Transportation m/m,BUSINESS,LOW,Y,1.3,0.9,1.6,MT5 economic calendar (broker time UTC+3)
2026-06-03 17:00,2026-06-03,USD,Factory Orders m/m,BUSINESS,MODERATE,Y,4.8,-0.8,1.5,MT5 economic calendar (broker time UTC+3)
2026-06-03 17:00,2026-06-03,USD,ISM Non-Manufacturing Business Activity,BUSINESS,LOW,Y,0.0,53.8,55.9,MT5 economic calendar (broker time UTC+3)
2026-06-03 17:00,2026-06-03,USD,ISM Non-Manufacturing Employment,BUSINESS,MODERATE,Y,0.0,49.2,48.0,MT5 economic calendar (broker time UTC+3)
2026-06-03 17:00,2026-06-03,USD,ISM Non-Manufacturing New Orders,BUSINESS,LOW,Y,0.0,57.7,53.5,MT5 economic calendar (broker time UTC+3)
2026-06-03 17:00,2026-06-03,USD,ISM Non-Manufacturing PMI,BUSINESS,HIGH,Y,0.0,53.6,53.6,MT5 economic calendar (broker time UTC+3)
2026-06-03 17:00,2026-06-03,USD,ISM Non-Manufacturing Prices Paid,BUSINESS,HIGH,Y,0.0,72.1,70.7,MT5 economic calendar (broker time UTC+3)
2026-06-03 17:00,2026-06-03,USD,Nondefense Capital Goods Shipments excl. Aircraft m/m,BUSINESS,LOW,Y,0.4,0.4,0.4,MT5 economic calendar (broker time UTC+3)
2026-06-03 17:30,2026-06-03,USD,EIA Crude Oil Imports Change,BUSINESS,LOW,Y,-0.249,0.736,0.36,MT5 economic calendar (broker time UTC+3)
2026-06-03 17:30,2026-06-03,USD,EIA Crude Oil Stocks Change,BUSINESS,HIGH,Y,-7.974,-6.013,-3.327,MT5 economic calendar (broker time UTC+3)
2026-06-03 17:30,2026-06-03,USD,EIA Cushing Crude Oil Stocks Change,BUSINESS,MODERATE,Y,-0.583,-0.582,-2.794,MT5 economic calendar (broker time UTC+3)
2026-06-03 17:30,2026-06-03,USD,EIA Distillate Fuel Production Change,BUSINESS,LOW,Y,0.098,0.046,0.076,MT5 economic calendar (broker time UTC+3)
2026-06-03 17:30,2026-06-03,USD,EIA Distillates Stocks Change,BUSINESS,LOW,Y,1.502,-0.736,-2.107,MT5 economic calendar (broker time UTC+3)
2026-06-03 17:30,2026-06-03,USD,EIA Gasoline Production Change,BUSINESS,LOW,Y,-0.515,0.176,0.6,MT5 economic calendar (broker time UTC+3)
2026-06-03 17:30,2026-06-03,USD,EIA Gasoline Stocks Change,BUSINESS,LOW,Y,3.364,-1.979,-2.572,MT5 economic calendar (broker time UTC+3)
2026-06-03 17:30,2026-06-03,USD,EIA Heating Oil Stocks Change,BUSINESS,LOW,Y,0.255,0.154,0.306,MT5 economic calendar (broker time UTC+3)
2026-06-03 17:30,2026-06-03,USD,EIA Refinery Crude Oil Daily Inputs Change,BUSINESS,LOW,Y,-0.09,0.0,0.652,MT5 economic calendar (broker time UTC+3)
2026-06-03 17:30,2026-06-03,USD,EIA Refinery Utilization Rate Change,BUSINESS,LOW,Y,0.2,0.0,2.9,MT5 economic calendar (broker time UTC+3)
2026-06-03 20:30,2026-06-03,BRL,Foreign Exchange Flows,MONEY,LOW,Y,2.805,0.414,-3.65,MT5 economic calendar (broker time UTC+3)
2026-06-03 21:00,2026-06-03,BRL,Trade Balance,TRADE,LOW,Y,7.823,6.132,10.537,MT5 economic calendar (broker time UTC+3)
2026-06-03 21:00,2026-06-03,USD,Fed Beige Book,MONEY,MODERATE,Y,0.0,0.0,0.0,MT5 economic calendar (broker time UTC+3)
2026-06-04 00:00,2026-06-04,BRL,Corpus Christi Day,HOLIDAYS,NONE,Y,0.0,0.0,0.0,MT5 economic calendar (broker time UTC+3)
2026-06-04 00:00,2026-06-04,KRW,Foreign Exchange Reserves,MONEY,LOW,Y,426.99,428.95,427.88,MT5 economic calendar (broker time UTC+3)
2026-06-04 02:50,2026-06-04,JPY,Foreign Bond Investment,GOVERNMENT,LOW,Y,-184.8,0.0,10.3,MT5 economic calendar (broker time UTC+3)
2026-06-04 02:50,2026-06-04,JPY,Foreign Investment in Japan Stocks,GOVERNMENT,LOW,Y,-491.2,0.0,1080.4,MT5 economic calendar (broker time UTC+3)
2026-06-04 03:30,2026-06-04,SGD,S&P Global PMI,BUSINESS,LOW,Y,56.7,0.0,57.9,MT5 economic calendar (broker time UTC+3)
2026-06-04 04:00,2026-06-04,NZD,ANZ Commodity Price Index m/m,PRICES,LOW,Y,0.7,0.2,-0.8,MT5 economic calendar (broker time UTC+3)
2026-06-04 04:30,2026-06-04,AUD,Exports m/m,TRADE,LOW,Y,7.2,0.0,-2.7,MT5 economic calendar (broker time UTC+3)
2026-06-04 04:30,2026-06-04,AUD,Imports m/m,TRADE,LOW,Y,0.8,0.0,14.1,MT5 economic calendar (broker time UTC+3)
2026-06-04 04:30,2026-06-04,AUD,Trade Balance,TRADE,MODERATE,Y,1.791,-0.312,-1.841,MT5 economic calendar (broker time UTC+3)
2026-06-04 08:45,2026-06-04,CHF,Unemployment Rate,JOBS,LOW,Y,0.0,3.1,3.0,MT5 economic calendar (broker time UTC+3)
2026-06-04 08:45,2026-06-04,CHF,Unemployment Rate n.s.a.,JOBS,LOW,Y,0.0,3.0,3.0,MT5 economic calendar (broker time UTC+3)
2026-06-04 09:30,2026-06-04,CHF,CPI m/m,PRICES,MODERATE,Y,0.2,0.1,0.3,MT5 economic calendar (broker time UTC+3)
2026-06-04 09:30,2026-06-04,CHF,CPI y/y,PRICES,LOW,Y,0.6,0.8,0.6,MT5 economic calendar (broker time UTC+3)
2026-06-04 10:00,2026-06-04,CHF,Unemployment Rate,JOBS,LOW,Y,3.0,3.1,3.0,MT5 economic calendar (broker time UTC+3)
2026-06-04 10:00,2026-06-04,CHF,Unemployment Rate n.s.a.,JOBS,LOW,Y,3.1,3.0,3.0,MT5 economic calendar (broker time UTC+3)
2026-06-04 10:00,2026-06-04,EUR,Industrial Production y/y,BUSINESS,LOW,Y,0.0,5.3,1.8,MT5 economic calendar (broker time UTC+3)
2026-06-04 10:30,2026-06-04,EUR,S&P Global Construction PMI,BUSINESS,LOW,Y,39.6,0.0,38.1,MT5 economic calendar (broker time UTC+3)
2026-06-04 11:00,2026-06-04,EUR,ECB President Lagarde Speech,MONEY,HIGH,Y,0.0,0.0,0.0,MT5 economic calendar (broker time UTC+3)
2026-06-04 11:00,2026-06-04,GBP,New Car Registrations m/m,BUSINESS,LOW,Y,7.6,0.0,0.0,MT5 economic calendar (broker time UTC+3)
2026-06-04 11:00,2026-06-04,GBP,New Car Registrations y/y,BUSINESS,LOW,Y,7.1,0.0,24.0,MT5 economic calendar (broker time UTC+3)
2026-06-04 11:30,2026-06-04,GBP,S&P Global/CIPS Construction PMI,BUSINESS,MODERATE,Y,38.2,37.2,39.7,MT5 economic calendar (broker time UTC+3)
2026-06-04 11:58,2026-06-04,EUR,10-Year OAT Auction,MARKET,LOW,Y,3.8,0.0,3.61,MT5 economic calendar (broker time UTC+3)
2026-06-04 12:00,2026-06-04,EUR,Retail Sales m/m,CONSUMER,LOW,Y,-0.4,-0.3,-0.1,MT5 economic calendar (broker time UTC+3)
2026-06-04 12:00,2026-06-04,EUR,Retail Sales y/y,CONSUMER,LOW,Y,1.0,0.6,1.2,MT5 economic calendar (broker time UTC+3)
2026-06-04 12:15,2026-06-04,EUR,3-Year Bonos Auction,MARKET,LOW,Y,2.772,0.0,2.675,MT5 economic calendar (broker time UTC+3)
2026-06-04 12:16,2026-06-04,EUR,15-Year Obligacion Auction,MARKET,MODERATE,Y,3.813,0.0,3.845,MT5 economic calendar (broker time UTC+3)
2026-06-04 15:00,2026-06-04,MXN,Gross Fixed Investments m/m,BUSINESS,LOW,Y,0.4,0.0,-0.8,MT5 economic calendar (broker time UTC+3)
2026-06-04 15:00,2026-06-04,MXN,Gross Fixed Investments n.s.a. y/y,BUSINESS,LOW,Y,-3.1,-0.5,-3.6,MT5 economic calendar (broker time UTC+3)
2026-06-04 15:30,2026-06-04,USD,Continuing Jobless Claims,JOBS,MODERATE,Y,1.777,1.775,1.786,MT5 economic calendar (broker time UTC+3)
2026-06-04 15:30,2026-06-04,USD,Initial Jobless Claims,JOBS,HIGH,Y,225.0,207.0,215.0,MT5 economic calendar (broker time UTC+3)
2026-06-04 15:30,2026-06-04,USD,Initial Jobless Claims 4-Week Average,JOBS,LOW,Y,214.75,213.247,209.0,MT5 economic calendar (broker time UTC+3)
2026-06-04 15:30,2026-06-04,USD,Nonfarm Productivity q/q,JOBS,MODERATE,Y,0.3,0.8,0.8,MT5 economic calendar (broker time UTC+3)
2026-06-04 15:30,2026-06-04,USD,Unit Labor Costs q/q,JOBS,MODERATE,Y,1.8,2.3,2.3,MT5 economic calendar (broker time UTC+3)
2026-06-04 17:00,2026-06-04,USD,Fed Governor Bowman Speech,MONEY,MODERATE,Y,0.0,0.0,0.0,MT5 economic calendar (broker time UTC+3)
2026-06-04 17:30,2026-06-04,USD,EIA Natural Gas Storage Change,BUSINESS,LOW,Y,95.0,78.0,92.0,MT5 economic calendar (broker time UTC+3)
2026-06-04 18:30,2026-06-04,USD,4-Week Bill Auction,MARKET,LOW,Y,3.615,0.0,3.63,MT5 economic calendar (broker time UTC+3)
2026-06-04 18:30,2026-06-04,USD,8-Week Bill Auction,MARKET,LOW,Y,3.61,0.0,3.615,MT5 economic calendar (broker time UTC+3)
2026-06-04 18:40,2026-06-04,GBP,BoE Governor Bailey Speech,MONEY,HIGH,Y,0.0,0.0,0.0,MT5 economic calendar (broker time UTC+3)
2026-06-05 02:00,2026-06-05,KRW,Current Account,TRADE,LOW,Y,28.29,36.6,37.33,MT5 economic calendar (broker time UTC+3)
2026-06-05 02:30,2026-06-05,JPY,Household Spending m/m,CONSUMER,MODERATE,Y,1.6,0.2,-1.3,MT5 economic calendar (broker time UTC+3)
2026-06-05 02:30,2026-06-05,JPY,Household Spending y/y,CONSUMER,MODERATE,Y,-0.5,-0.2,-2.9,MT5 economic calendar (broker time UTC+3)
2026-06-05 02:50,2026-06-05,JPY,International Reserves,MONEY,LOW,Y,1305.9,0.0,1383.0,MT5 economic calendar (broker time UTC+3)
2026-06-05 07:30,2026-06-05,INR,RBI Cash Reserve Ratio,MONEY,LOW,Y,3.0,0.0,3.0,MT5 economic calendar (broker time UTC+3)
2026-06-05 07:30,2026-06-05,INR,RBI Interest Rate Decision,MONEY,MODERATE,Y,5.25,0.0,5.25,MT5 economic calendar (broker time UTC+3)
2026-06-05 07:30,2026-06-05,INR,RBI Reverse REPO Rate Decision,MONEY,LOW,Y,3.35,0.0,3.35,MT5 economic calendar (broker time UTC+3)
2026-06-05 08:00,2026-06-05,JPY,Coincident Index,BUSINESS,LOW,Y,0.0,117.9,116.4,MT5 economic calendar (broker time UTC+3)
2026-06-05 08:00,2026-06-05,JPY,Coincident Index m/m,BUSINESS,LOW,Y,0.0,0.0,0.2,MT5 economic calendar (broker time UTC+3)
2026-06-05 08:00,2026-06-05,JPY,Leading Index,BUSINESS,LOW,Y,0.0,113.8,114.0,MT5 economic calendar (broker time UTC+3)
2026-06-05 08:00,2026-06-05,JPY,Leading Index m/m,BUSINESS,LOW,Y,0.0,0.0,0.8,MT5 economic calendar (broker time UTC+3)
2026-06-05 08:00,2026-06-05,SGD,Retail Sales m/m,CONSUMER,LOW,Y,0.3,0.0,3.7,MT5 economic calendar (broker time UTC+3)
2026-06-05 08:00,2026-06-05,SGD,Retail Sales y/y,CONSUMER,LOW,Y,5.4,0.0,4.8,MT5 economic calendar (broker time UTC+3)
2026-06-05 09:00,2026-06-05,NOK,Industrial Production m/m,BUSINESS,LOW,Y,0.6,0.4,-1.0,MT5 economic calendar (broker time UTC+3)
2026-06-05 09:00,2026-06-05,NOK,Industrial Production y/y,BUSINESS,LOW,Y,1.2,0.3,2.3,MT5 economic calendar (broker time UTC+3)
2026-06-05 09:00,2026-06-05,NOK,Manufacturing Production m/m,BUSINESS,LOW,Y,-0.9,-0.2,2.0,MT5 economic calendar (broker time UTC+3)
2026-06-05 09:00,2026-06-05,NOK,Manufacturing Production y/y,BUSINESS,LOW,Y,-0.6,1.3,3.2,MT5 economic calendar (broker time UTC+3)
2026-06-05 09:00,2026-06-05,SEK,Current Account,TRADE,LOW,Y,0.0,0.0,0.0,MT5 economic calendar (broker time UTC+3)
2026-06-05 09:00,2026-06-05,ZAR,Gross International Reserves,MONEY,LOW,Y,76.583,80.708,77.089,MT5 economic calendar (broker time UTC+3)
2026-06-05 09:00,2026-06-05,ZAR,Net International Reserves,MONEY,LOW,Y,73.467,75.64,73.757,MT5 economic calendar (broker time UTC+3)
2026-06-05 09:45,2026-06-05,EUR,Exports,TRADE,LOW,Y,54.585,0.0,52.459,MT5 economic calendar (broker time UTC+3)
2026-06-05 09:45,2026-06-05,EUR,Imports,TRADE,LOW,Y,60.225,0.0,59.323,MT5 economic calendar (broker time UTC+3)
2026-06-05 09:45,2026-06-05,EUR,Industrial Production m/m,BUSINESS,LOW,Y,1.4,-0.3,-0.9,MT5 economic calendar (broker time UTC+3)
2026-06-05 09:45,2026-06-05,EUR,Trade Balance,TRADE,LOW,Y,-5.64,-3.909,-6.864,MT5 economic calendar (broker time UTC+3)
2026-06-05 10:00,2026-06-05,GBP,Halifax HPI m/m,HOUSING,MODERATE,Y,-0.1,0.0,-0.1,MT5 economic calendar (broker time UTC+3)
2026-06-05 10:00,2026-06-05,GBP,Halifax HPI y/y,HOUSING,MODERATE,Y,0.5,0.0,0.4,MT5 economic calendar (broker time UTC+3)
2026-06-05 10:30,2026-06-05,EUR,ECB Supervisory Board Member Tuominen Speech,MONEY,MODERATE,Y,0.0,0.0,0.0,MT5 economic calendar (broker time UTC+3)
2026-06-05 11:30,2026-06-05,HKD,Foreign Exchange Reserves,MONEY,LOW,Y,446.5,433.2,442.1,MT5 economic calendar (broker time UTC+3)
2026-06-05 12:00,2026-06-05,EUR,Retail Sales m/m,CONSUMER,LOW,Y,0.0,0.4,0.8,MT5 economic calendar (broker time UTC+3)
2026-06-05 12:00,2026-06-05,EUR,Retail Sales y/y,CONSUMER,LOW,Y,1.6,0.2,3.7,MT5 economic calendar (broker time UTC+3)
2026-06-05 13:30,2026-06-05,INR,Annual GDP y/y,GDP,LOW,Y,7.7,0.0,6.5,MT5 economic calendar (broker time UTC+3)
2026-06-05 13:30,2026-06-05,INR,GDP y/y,GDP,MODERATE,Y,7.8,6.8,5.4,MT5 economic calendar (broker time UTC+3)
2026-06-05 14:30,2026-06-05,INR,Foreign Exchange Reserves,MONEY,LOW,Y,682.321,668.749,681.384,MT5 economic calendar (broker time UTC+3)
2026-06-05 15:00,2026-06-05,MXN,Consumer Confidence Indicator,CONSUMER,LOW,Y,43.5,44.8,44.4,MT5 economic calendar (broker time UTC+3)
2026-06-05 15:00,2026-06-05,MXN,Consumer Confidence Indicator n.s.a.,CONSUMER,LOW,Y,43.1,0.0,44.3,MT5 economic calendar (broker time UTC+3)
2026-06-05 15:30,2026-06-05,CAD,Employment Change,JOBS,MODERATE,Y,87.8,-114.1,-17.7,MT5 economic calendar (broker time UTC+3)
2026-06-05 15:30,2026-06-05,CAD,Full-Time Employment Change,JOBS,LOW,Y,154.0,0.0,-46.7,MT5 economic calendar (broker time UTC+3)
2026-06-05 15:30,2026-06-05,CAD,Part-Time Employment Change,JOBS,LOW,Y,-66.2,0.0,29.0,MT5 economic calendar (broker time UTC+3)
2026-06-05 15:30,2026-06-05,CAD,Participation Rate,JOBS,LOW,Y,65.0,64.8,65.0,MT5 economic calendar (broker time UTC+3)
2026-06-05 15:30,2026-06-05,CAD,Unemployment Rate,JOBS,MODERATE,Y,6.6,6.9,6.9,MT5 economic calendar (broker time UTC+3)
2026-06-05 15:30,2026-06-05,USD,Average Hourly Earnings m/m,JOBS,HIGH,Y,0.3,0.3,0.2,MT5 economic calendar (broker time UTC+3)
2026-06-05 15:30,2026-06-05,USD,Average Hourly Earnings y/y,JOBS,MODERATE,Y,3.4,3.6,3.6,MT5 economic calendar (broker time UTC+3)
2026-06-05 15:30,2026-06-05,USD,Average Weekly Hours,JOBS,LOW,Y,34.3,34.3,34.3,MT5 economic calendar (broker time UTC+3)
2026-06-05 15:30,2026-06-05,USD,Government Payrolls,JOBS,LOW,Y,52.0,-2.0,-8.0,MT5 economic calendar (broker time UTC+3)
2026-06-05 15:30,2026-06-05,USD,Manufacturing Payrolls,JOBS,LOW,Y,7.0,-2.0,-2.0,MT5 economic calendar (broker time UTC+3)
2026-06-05 15:30,2026-06-05,USD,Nonfarm Payrolls,JOBS,HIGH,Y,172.0,77.0,115.0,MT5 economic calendar (broker time UTC+3)
2026-06-05 15:30,2026-06-05,USD,Participation Rate,JOBS,MODERATE,Y,61.8,61.9,61.8,MT5 economic calendar (broker time UTC+3)
2026-06-05 15:30,2026-06-05,USD,Private Nonfarm Payrolls,JOBS,MODERATE,Y,120.0,91.0,123.0,MT5 economic calendar (broker time UTC+3)
2026-06-05 15:30,2026-06-05,USD,U6 Unemployment Rate,JOBS,MODERATE,Y,8.1,8.3,8.2,MT5 economic calendar (broker time UTC+3)
2026-06-05 15:30,2026-06-05,USD,Unemployment Rate,JOBS,HIGH,Y,4.3,4.2,4.3,MT5 economic calendar (broker time UTC+3)
2026-06-05 16:40,2026-06-05,GBP,BoE MPC Member Dhingra Speech,MONEY,MODERATE,Y,0.0,0.0,0.0,MT5 economic calendar (broker time UTC+3)
2026-06-05 20:00,2026-06-05,USD,Baker Hughes US Oil Rig Count,BUSINESS,MODERATE,Y,431.0,0.0,429.0,MT5 economic calendar (broker time UTC+3)
2026-06-05 20:00,2026-06-05,USD,Baker Hughes US Total Rig Count,BUSINESS,MODERATE,Y,563.0,0.0,562.0,MT5 economic calendar (broker time UTC+3)
2026-06-05 21:00,2026-06-05,GBP,BoE Governor Bailey Speech,MONEY,HIGH,Y,0.0,0.0,0.0,MT5 economic calendar (broker time UTC+3)
2026-06-05 22:00,2026-06-05,USD,Fed Consumer Credit m/m,CONSUMER,MODERATE,Y,20.73,11.3,24.86,MT5 economic calendar (broker time UTC+3)
2026-06-05 22:30,2026-06-05,AUD,CFTC AUD Non-Commercial Net Positions,MARKET,MODERATE,Y,41.8,0.0,60.2,MT5 economic calendar (broker time UTC+3)
2026-06-05 22:30,2026-06-05,BRL,CFTC BRL Non-Commercial Net Positions,MARKET,MODERATE,Y,47.0,0.0,71.7,MT5 economic calendar (broker time UTC+3)
2026-06-05 22:30,2026-06-05,CAD,CFTC CAD Non-Commercial Net Positions,MARKET,LOW,Y,-94.1,0.0,-68.9,MT5 economic calendar (broker time UTC+3)
2026-06-05 22:30,2026-06-05,CHF,CFTC CHF Non-Commercial Net Positions,MARKET,LOW,Y,-32.9,0.0,-35.1,MT5 economic calendar (broker time UTC+3)
2026-06-05 22:30,2026-06-05,EUR,CFTC EUR Non-Commercial Net Positions,MARKET,MODERATE,Y,48.9,0.0,29.4,MT5 economic calendar (broker time UTC+3)
2026-06-05 22:30,2026-06-05,GBP,CFTC GBP Non-Commercial Net Positions,MARKET,MODERATE,Y,-52.2,0.0,-61.4,MT5 economic calendar (broker time UTC+3)
2026-06-05 22:30,2026-06-05,JPY,CFTC JPY Non-Commercial Net Positions,MARKET,MODERATE,Y,-129.6,0.0,-114.7,MT5 economic calendar (broker time UTC+3)
2026-06-05 22:30,2026-06-05,MXN,CFTC MXN Non-Commercial Net Positions,MARKET,LOW,Y,54.7,0.0,58.2,MT5 economic calendar (broker time UTC+3)
2026-06-05 22:30,2026-06-05,NZD,CFTC NZD Non-Commercial Net Positions,MARKET,LOW,Y,-28.2,0.0,-34.2,MT5 economic calendar (broker time UTC+3)
2026-06-05 22:30,2026-06-05,USD,CFTC Aluminium Non-Commercial Net Positions,MARKET,LOW,Y,0.8,0.0,0.3,MT5 economic calendar (broker time UTC+3)
2026-06-05 22:30,2026-06-05,USD,CFTC Copper Non-Commercial Net Positions,MARKET,LOW,Y,78.8,0.0,73.0,MT5 economic calendar (broker time UTC+3)
2026-06-05 22:30,2026-06-05,USD,CFTC Corn Non-Commercial Net Positions,MARKET,LOW,Y,199.9,0.0,302.0,MT5 economic calendar (broker time UTC+3)
2026-06-05 22:30,2026-06-05,USD,CFTC Crude Oil Non-Commercial Net Positions,MARKET,MODERATE,Y,155.9,0.0,161.0,MT5 economic calendar (broker time UTC+3)
2026-06-05 22:30,2026-06-05,USD,CFTC Gold Non-Commercial Net Positions,MARKET,MODERATE,Y,176.0,0.0,154.3,MT5 economic calendar (broker time UTC+3)
2026-06-05 22:30,2026-06-05,USD,CFTC Nasdaq 100 Non-Commercial Net Positions,MARKET,MODERATE,Y,-14.9,0.0,-6.1,MT5 economic calendar (broker time UTC+3)
2026-06-05 22:30,2026-06-05,USD,CFTC Natural Gas Non-Commercial Net Positions,MARKET,LOW,Y,-186.1,0.0,-203.2,MT5 economic calendar (broker time UTC+3)
2026-06-05 22:30,2026-06-05,USD,CFTC S&P 500 Non-Commercial Net Positions,MARKET,MODERATE,Y,-220.8,0.0,-165.8,MT5 economic calendar (broker time UTC+3)
2026-06-05 22:30,2026-06-05,USD,CFTC Silver Non-Commercial Net Positions,MARKET,LOW,Y,23.9,0.0,22.2,MT5 economic calendar (broker time UTC+3)
2026-06-05 22:30,2026-06-05,USD,CFTC Soybeans Non-Commercial Net Positions,MARKET,LOW,Y,187.8,0.0,204.7,MT5 economic calendar (broker time UTC+3)
2026-06-05 22:30,2026-06-05,USD,CFTC Wheat Non-Commercial Net Positions,MARKET,LOW,Y,-40.8,0.0,-9.5,MT5 economic calendar (broker time UTC+3)
2026-06-05 22:30,2026-06-05,ZAR,CFTC ZAR Non-Commercial Net Positions,MARKET,LOW,Y,6.1,0.0,7.0,MT5 economic calendar (broker time UTC+3)
2026-06-06 00:00,2026-06-06,KRW,Memorial Day,HOLIDAYS,NONE,Y,0.0,0.0,0.0,MT5 economic calendar (broker time UTC+3)
2026-06-06 00:00,2026-06-06,SEK,National Day,HOLIDAYS,NONE,Y,0.0,0.0,0.0,MT5 economic calendar (broker time UTC+3)
2026-06-06 19:00,2026-06-06,USD,Fed Vice Chair for Supervision Barr Speech,MONEY,MODERATE,Y,0.0,0.0,0.0,MT5 economic calendar (broker time UTC+3)
2026-06-07 09:01,2026-06-07,CNY,Foreign Exchange Reserves,MONEY,LOW,Y,3.442,3.364,3.411,MT5 economic calendar (broker time UTC+3)
2026-06-08 00:00,2026-06-08,AUD,,HOLIDAYS,NONE,Y,0.0,0.0,0.0,MT5 economic calendar (broker time UTC+3)
2026-06-08 02:50,2026-06-08,JPY,Adjusted Current Account,TRADE,MODERATE,Y,4211.1,4101.5,3900.6,MT5 economic calendar (broker time UTC+3)
2026-06-08 02:50,2026-06-08,JPY,BoJ Bank Lending y/y,GOVERNMENT,LOW,Y,5.7,5.7,5.4,MT5 economic calendar (broker time UTC+3)
2026-06-08 02:50,2026-06-08,JPY,Current Account n.s.a.,TRADE,MODERATE,Y,3907.8,4758.3,4681.5,MT5 economic calendar (broker time UTC+3)
2026-06-08 02:50,2026-06-08,JPY,GDP Price Index y/y,PRICES,MODERATE,Y,0.0,3.4,3.4,MT5 economic calendar (broker time UTC+3)
2026-06-08 02:50,2026-06-08,JPY,GDP q/q,GDP,HIGH,Y,0.0,0.5,0.5,MT5 economic calendar (broker time UTC+3)
2026-06-08 02:50,2026-06-08,JPY,GDP y/y,GDP,MODERATE,Y,0.0,2.1,2.1,MT5 economic calendar (broker time UTC+3)
2026-06-08 02:50,2026-06-08,JPY,Goods Trade Balance,TRADE,LOW,Y,395.7,2216.0,830.5,MT5 economic calendar (broker time UTC+3)
2026-06-08 02:50,2026-06-08,JPY,Net Exports Contribution to GDP q/q,GDP,MODERATE,Y,0.0,0.3,0.3,MT5 economic calendar (broker time UTC+3)
2026-06-08 02:50,2026-06-08,JPY,Private Consumption q/q,GDP,LOW,Y,0.0,0.3,0.3,MT5 economic calendar (broker time UTC+3)
2026-06-08 02:50,2026-06-08,JPY,Private Non-Residential Investment q/q,GDP,LOW,Y,0.0,0.3,0.3,MT5 economic calendar (broker time UTC+3)
2026-06-08 08:00,2026-06-08,JPY,Economy Watchers Index for Current Conditions,MONEY,LOW,Y,0.0,39.8,40.8,MT5 economic calendar (broker time UTC+3)
2026-06-08 08:00,2026-06-08,JPY,Economy Watchers Index for Future Conditions,MONEY,LOW,Y,0.0,38.9,39.4,MT5 economic calendar (broker time UTC+3)
2026-06-08 09:00,2026-06-08,EUR,Factory Orders m/m,BUSINESS,MODERATE,Y,-3.8,0.1,5.0,MT5 economic calendar (broker time UTC+3)
2026-06-08 09:00,2026-06-08,EUR,Factory Orders y/y,BUSINESS,MODERATE,Y,1.6,-0.5,6.3,MT5 economic calendar (broker time UTC+3)
2026-06-08 10:00,2026-06-08,CHF,Foreign Currency Reserves,MONEY,LOW,Y,710.818,0.0,715.734,MT5 economic calendar (broker time UTC+3)
2026-06-08 10:00,2026-06-08,EUR,Bbk Executive Board Member Balz Speech,MONEY,MODERATE,Y,0.0,0.0,0.0,MT5 economic calendar (broker time UTC+3)
2026-06-08 11:30,2026-06-08,EUR,Sentix Investor Confidence,BUSINESS,LOW,Y,-13.4,-5.2,-16.4,MT5 economic calendar (broker time UTC+3)
2026-06-08 12:00,2026-06-08,SGD,Foreign Exchange Reserves,MONEY,LOW,Y,430.1,0.0,427.3,MT5 economic calendar (broker time UTC+3)
2026-06-08 14:30,2026-06-08,BRL,BCB Focus Market Report,MONEY,MODERATE,Y,0.0,0.0,0.0,MT5 economic calendar (broker time UTC+3)
2026-06-08 15:30,2026-06-08,INR,Current Account,TRADE,LOW,Y,7.1,-8.744,-13.2,MT5 economic calendar (broker time UTC+3)
2026-06-08 15:30,2026-06-08,INR,Current Account - GDP Ratio,TRADE,LOW,Y,0.7,0.1,-1.3,MT5 economic calendar (broker time UTC+3)
2026-06-08 15:30,2026-06-08,INR,Goods Trade Balance,TRADE,LOW,Y,-83.4,-77.777,-93.6,MT5 economic calendar (broker time UTC+3)
2026-06-08 15:30,2026-06-08,INR,Reserves Change,TRADE,LOW,Y,7.2,3.037,-24.409,MT5 economic calendar (broker time UTC+3)
2026-06-08 15:55,2026-06-08,EUR,12-Month BTF Auction,MARKET,LOW,Y,2.667,0.0,2.588,MT5 economic calendar (broker time UTC+3)
2026-06-08 15:55,2026-06-08,EUR,3-Month BTF Auction,MARKET,LOW,Y,2.361,0.0,2.289,MT5 economic calendar (broker time UTC+3)
2026-06-08 15:55,2026-06-08,EUR,6-Month BTF Auction,MARKET,LOW,Y,2.507,0.0,2.44,MT5 economic calendar (broker time UTC+3)
2026-06-08 17:00,2026-06-08,USD,CB Employment Trends Index,JOBS,LOW,Y,107.01,105.92,105.77,MT5 economic calendar (broker time UTC+3)
2026-06-08 18:30,2026-06-08,USD,3-Month Bill Auction,MARKET,LOW,Y,3.64,0.0,3.63,MT5 economic calendar (broker time UTC+3)
2026-06-08 18:30,2026-06-08,USD,6-Month Bill Auction,MARKET,LOW,Y,3.69,0.0,3.665,MT5 economic calendar (broker time UTC+3)
2026-06-09 01:45,2026-06-09,NZD,Manufacturing Sales Volume q/q,BUSINESS,LOW,Y,3.6,-1.2,-0.5,MT5 economic calendar (broker time UTC+3)
2026-06-09 01:45,2026-06-09,NZD,Manufacturing Sales q/q,BUSINESS,LOW,Y,2.8,-0.6,0.6,MT5 economic calendar (broker time UTC+3)
2026-06-09 02:50,2026-06-09,JPY,BoJ L Money Stock y/y,MONEY,HIGH,Y,4.7,3.1,2.8,MT5 economic calendar (broker time UTC+3)
2026-06-09 02:50,2026-06-09,JPY,BoJ M2 Money Stock y/y,MONEY,LOW,Y,2.5,2.4,2.3,MT5 economic calendar (broker time UTC+3)
2026-06-09 02:50,2026-06-09,JPY,BoJ M3 Money Stock y/y,MONEY,LOW,Y,1.7,0.0,1.6,MT5 economic calendar (broker time UTC+3)
2026-06-09 09:00,2026-06-09,EUR,Exports m/m,TRADE,LOW,Y,0.9,0.7,0.5,MT5 economic calendar (broker time UTC+3)
2026-06-09 09:00,2026-06-09,EUR,Imports m/m,TRADE,LOW,Y,1.2,-1.1,5.1,MT5 economic calendar (broker time UTC+3)
2026-06-09 09:00,2026-06-09,EUR,Industrial Production m/m,BUSINESS,MODERATE,Y,0.4,-1.8,-0.7,MT5 economic calendar (broker time UTC+3)
2026-06-09 09:00,2026-06-09,EUR,Industrial Production y/y,BUSINESS,LOW,Y,-0.5,-1.2,-2.8,MT5 economic calendar (broker time UTC+3)
2026-06-09 09:00,2026-06-09,EUR,Trade Balance,TRADE,MODERATE,Y,14.5,16.0,14.3,MT5 economic calendar (broker time UTC+3)
2026-06-09 09:00,2026-06-09,EUR,Trade Balance n.s.a.,TRADE,LOW,Y,14.2,15.8,19.9,MT5 economic calendar (broker time UTC+3)
2026-06-09 09:00,2026-06-09,JPY,Machine Tool Orders y/y,BUSINESS,LOW,Y,0.0,0.0,45.1,MT5 economic calendar (broker time UTC+3)
2026-06-09 09:00,2026-06-09,NOK,PPI m/m,PRICES,LOW,Y,-1.8,0.0,-0.5,MT5 economic calendar (broker time UTC+3)
2026-06-09 09:00,2026-06-09,NOK,PPI y/y,PRICES,LOW,Y,24.0,19.2,22.7,MT5 economic calendar (broker time UTC+3)
2026-06-09 11:56,2026-06-09,EUR,3-Month Letras Auction,MARKET,LOW,Y,2.239,0.0,2.154,MT5 economic calendar (broker time UTC+3)
2026-06-09 11:56,2026-06-09,EUR,9-Month Letras Auction,MARKET,LOW,Y,2.518,0.0,2.514,MT5 economic calendar (broker time UTC+3)
2026-06-09 12:00,2026-06-09,ZAR,GDP q/q,GDP,MODERATE,Y,0.5,0.4,0.4,MT5 economic calendar (broker time UTC+3)
2026-06-09 12:00,2026-06-09,ZAR,GDP y/y,GDP,LOW,Y,1.9,0.4,0.8,MT5 economic calendar (broker time UTC+3)
2026-06-09 12:30,2026-06-09,EUR,10-Year Bond Auction,MARKET,MODERATE,Y,2.98,0.0,3.16,MT5 economic calendar (broker time UTC+3)
2026-06-09 12:30,2026-06-09,EUR,30-Year Bond Auction,MARKET,LOW,Y,3.57,0.0,3.5,MT5 economic calendar (broker time UTC+3)
2026-06-09 14:00,2026-06-09,BRL,FGV IGP-DI Inflation Index m/m,PRICES,LOW,Y,0.87,0.02,2.41,MT5 economic calendar (broker time UTC+3)
2026-06-09 14:30,2026-06-09,AUD,Westpac-MI Consumer Sentiment m/m,CONSUMER,LOW,Y,-2.9,0.0,0.0,MT5 economic calendar (broker time UTC+3)
2026-06-09 15:00,2026-06-09,MXN,CPI m/m,PRICES,MODERATE,Y,-0.21,0.15,0.2,MT5 economic calendar (broker time UTC+3)
2026-06-09 15:00,2026-06-09,MXN,CPI y/y,PRICES,MODERATE,Y,3.94,3.47,4.45,MT5 economic calendar (broker time UTC+3)
2026-06-09 15:00,2026-06-09,MXN,Core CPI m/m,PRICES,LOW,Y,0.22,0.21,0.31,MT5 economic calendar (broker time UTC+3)
2026-06-09 15:30,2026-06-09,CAD,Exports,TRADE,LOW,Y,75.16,0.0,72.773,MT5 economic calendar (broker time UTC+3)
2026-06-09 15:30,2026-06-09,CAD,Imports,TRADE,LOW,Y,72.439,0.0,70.994,MT5 economic calendar (broker time UTC+3)
2026-06-09 15:30,2026-06-09,CAD,Trade Balance,TRADE,MODERATE,Y,2.721,1.931,1.779,MT5 economic calendar (broker time UTC+3)
2026-06-09 15:30,2026-06-09,USD,Exports,TRADE,MODERATE,Y,327.101,0.0,320.859,MT5 economic calendar (broker time UTC+3)
2026-06-09 15:30,2026-06-09,USD,Imports,TRADE,MODERATE,Y,382.982,0.0,381.165,MT5 economic calendar (broker time UTC+3)
2026-06-09 15:30,2026-06-09,USD,Trade Balance,TRADE,MODERATE,Y,-55.881,-59.013,-60.307,MT5 economic calendar (broker time UTC+3)
2026-06-09 17:00,2026-06-09,NZD,GDT Price Index,PRICES,LOW,Y,0.0,1.2,-0.6,MT5 economic calendar (broker time UTC+3)
2026-06-09 17:00,2026-06-09,USD,Existing Home Sales,HOUSING,HIGH,Y,4.17,3.99,4.02,MT5 economic calendar (broker time UTC+3)
2026-06-09 17:00,2026-06-09,USD,Existing Home Sales m/m,HOUSING,MODERATE,Y,3.2,1.0,0.2,MT5 economic calendar (broker time UTC+3)
2026-06-09 17:00,2026-06-09,USD,Wholesale Inventories m/m,BUSINESS,LOW,Y,0.6,0.5,0.5,MT5 economic calendar (broker time UTC+3)
2026-06-09 17:00,2026-06-09,USD,Wholesale Sales m/m,BUSINESS,LOW,Y,2.0,1.2,2.8,MT5 economic calendar (broker time UTC+3)
2026-06-09 18:30,2026-06-09,USD,52-Week Bill Auction,MARKET,LOW,Y,3.75,0.0,3.65,MT5 economic calendar (broker time UTC+3)
2026-06-09 19:00,2026-06-09,USD,EIA Short-Term Energy Outlook,BUSINESS,MODERATE,Y,0.0,0.0,0.0,MT5 economic calendar (broker time UTC+3)
2026-06-09 19:00,2026-06-09,USD,NFIB Small Business Optimism,BUSINESS,LOW,Y,95.3,96.7,95.9,MT5 economic calendar (broker time UTC+3)
2026-06-09 19:30,2026-06-09,EUR,ECB President Lagarde Speech,MONEY,HIGH,Y,0.0,0.0,0.0,MT5 economic calendar (broker time UTC+3)
2026-06-09 20:00,2026-06-09,USD,3-Year Note Auction,MARKET,MODERATE,Y,4.192,0.0,3.965,MT5 economic calendar (broker time UTC+3)
2026-06-10 02:50,2026-06-10,JPY,BoJ Corporate Goods Price Index m/m,PRICES,LOW,Y,0.9,2.0,2.3,MT5 economic calendar (broker time UTC+3)
2026-06-10 02:50,2026-06-10,JPY,BoJ Corporate Goods Price Index y/y,PRICES,LOW,Y,6.3,4.6,4.9,MT5 economic calendar (broker time UTC+3)
2026-06-10 04:30,2026-06-10,CNY,CPI m/m,PRICES,MODERATE,Y,-0.1,0.0,0.3,MT5 economic calendar (broker time UTC+3)
2026-06-10 04:30,2026-06-10,CNY,CPI y/y,PRICES,MODERATE,Y,1.2,1.6,1.2,MT5 economic calendar (broker time UTC+3)
2026-06-10 04:30,2026-06-10,CNY,PPI y/y,PRICES,MODERATE,Y,3.9,3.4,2.8,MT5 economic calendar (broker time UTC+3)
2026-06-10 06:35,2026-06-10,JPY,30-Year JGB Auction,MARKET,LOW,Y,3.86,0.0,3.842,MT5 economic calendar (broker time UTC+3)
2026-06-10 09:00,2026-06-10,NOK,CPI m/m,PRICES,LOW,Y,0.0,0.4,0.4,MT5 economic calendar (broker time UTC+3)
2026-06-10 09:00,2026-06-10,NOK,CPI y/y,PRICES,LOW,Y,0.0,3.6,3.4,MT5 economic calendar (broker time UTC+3)
2026-06-10 09:00,2026-06-10,NOK,Core CPI m/m,PRICES,LOW,Y,0.0,1.0,0.7,MT5 economic calendar (broker time UTC+3)
2026-06-10 09:00,2026-06-10,NOK,Core CPI y/y,PRICES,LOW,Y,0.0,3.1,3.2,MT5 economic calendar (broker time UTC+3)
2026-06-10 09:00,2026-06-10,SEK,Industrial New Orders m/m,BUSINESS,LOW,Y,-7.2,-1.9,0.6,MT5 economic calendar (broker time UTC+3)
2026-06-10 09:00,2026-06-10,SEK,Industrial New Orders y/y,BUSINESS,LOW,Y,6.3,17.2,-7.3,MT5 economic calendar (broker time UTC+3)
2026-06-10 09:00,2026-06-10,SEK,Industrial Production m/m,BUSINESS,LOW,Y,4.2,-6.4,-2.0,MT5 economic calendar (broker time UTC+3)
2026-06-10 09:00,2026-06-10,SEK,Industrial Production y/y,BUSINESS,LOW,Y,7.0,1.6,3.4,MT5 economic calendar (broker time UTC+3)
2026-06-10 09:00,2026-06-10,SEK,Private Sector Production m/m,BUSINESS,LOW,Y,1.7,0.0,1.1,MT5 economic calendar (broker time UTC+3)
2026-06-10 09:00,2026-06-10,SEK,Private Sector Production y/y,BUSINESS,LOW,Y,4.1,0.0,4.9,MT5 economic calendar (broker time UTC+3)
2026-06-10 11:00,2026-06-10,EUR,Industrial Production m/m,BUSINESS,LOW,Y,0.5,-1.7,0.7,MT5 economic calendar (broker time UTC+3)
2026-06-10 11:00,2026-06-10,EUR,Industrial Production y/y,BUSINESS,LOW,Y,1.3,0.1,1.5,MT5 economic calendar (broker time UTC+3)
2026-06-10 12:30,2026-06-10,EUR,10-Year Bond Auction,MARKET,MODERATE,Y,3.06,0.0,2.98,MT5 economic calendar (broker time UTC+3)
2026-06-10 12:42,2026-06-10,EUR,12-Month BOT Auction,MARKET,LOW,Y,2.695,0.0,2.699,MT5 economic calendar (broker time UTC+3)
2026-06-10 14:35,2026-06-10,INR,RBI M3 Money Supply y/y,MONEY,LOW,Y,12.0,13.1,12.0,MT5 economic calendar (broker time UTC+3)
2026-06-10 15:30,2026-06-10,USD,CPI,PRICES,HIGH,Y,333.979,333.233,332.407,MT5 economic calendar (broker time UTC+3)
2026-06-10 15:30,2026-06-10,USD,CPI m/m,PRICES,HIGH,Y,0.5,0.5,0.6,MT5 economic calendar (broker time UTC+3)
2026-06-10 15:30,2026-06-10,USD,CPI n.s.a.,PRICES,LOW,Y,335.123,330.553,333.02,MT5 economic calendar (broker time UTC+3)
2026-06-10 15:30,2026-06-10,USD,CPI n.s.a. m/m,PRICES,LOW,Y,0.6,0.0,0.9,MT5 economic calendar (broker time UTC+3)
2026-06-10 15:30,2026-06-10,USD,CPI y/y,PRICES,HIGH,Y,4.2,4.0,3.8,MT5 economic calendar (broker time UTC+3)
2026-06-10 15:30,2026-06-10,USD,Core CPI,PRICES,LOW,Y,336.121,336.037,335.423,MT5 economic calendar (broker time UTC+3)
2026-06-10 15:30,2026-06-10,USD,Core CPI m/m,PRICES,HIGH,Y,0.2,0.2,0.4,MT5 economic calendar (broker time UTC+3)
2026-06-10 15:30,2026-06-10,USD,Core CPI n.s.a.,PRICES,LOW,Y,336.846,0.0,335.803,MT5 economic calendar (broker time UTC+3)
2026-06-10 15:30,2026-06-10,USD,Core CPI n.s.a. m/m,PRICES,HIGH,Y,0.3,0.0,0.4,MT5 economic calendar (broker time UTC+3)
2026-06-10 15:30,2026-06-10,USD,Core CPI y/y,PRICES,MODERATE,Y,2.9,2.9,2.8,MT5 economic calendar (broker time UTC+3)
2026-06-10 15:30,2026-06-10,USD,Real Earnings m/m,JOBS,LOW,Y,-0.2,0.1,-0.2,MT5 economic calendar (broker time UTC+3)
2026-06-10 16:45,2026-06-10,CAD,BoC Interest Rate Decision,MONEY,HIGH,Y,2.0,0.0,2.0,MT5 economic calendar (broker time UTC+3)
2026-06-10 16:45,2026-06-10,CAD,BoC Rate Statement,MONEY,MODERATE,Y,0.0,0.0,0.0,MT5 economic calendar (broker time UTC+3)
2026-06-10 17:30,2026-06-10,USD,EIA Crude Oil Imports Change,BUSINESS,LOW,Y,0.525,-0.429,-0.249,MT5 economic calendar (broker time UTC+3)
2026-06-10 17:30,2026-06-10,USD,EIA Crude Oil Stocks Change,BUSINESS,HIGH,Y,-7.227,-7.304,-7.974,MT5 economic calendar (broker time UTC+3)
2026-06-10 17:30,2026-06-10,USD,EIA Cushing Crude Oil Stocks Change,BUSINESS,MODERATE,Y,-0.801,-1.357,-0.583,MT5 economic calendar (broker time UTC+3)
2026-06-10 17:30,2026-06-10,USD,EIA Distillate Fuel Production Change,BUSINESS,LOW,Y,0.024,0.013,0.098,MT5 economic calendar (broker time UTC+3)
2026-06-10 17:30,2026-06-10,USD,EIA Distillates Stocks Change,BUSINESS,LOW,Y,-0.2,-0.137,1.502,MT5 economic calendar (broker time UTC+3)
2026-06-10 17:30,2026-06-10,USD,EIA Gasoline Production Change,BUSINESS,LOW,Y,0.296,0.005,-0.515,MT5 economic calendar (broker time UTC+3)
2026-06-10 17:30,2026-06-10,USD,EIA Gasoline Stocks Change,BUSINESS,LOW,Y,0.186,0.94,3.364,MT5 economic calendar (broker time UTC+3)
2026-06-10 17:30,2026-06-10,USD,EIA Heating Oil Stocks Change,BUSINESS,LOW,Y,-0.246,0.01,0.255,MT5 economic calendar (broker time UTC+3)
2026-06-10 17:30,2026-06-10,USD,EIA Refinery Crude Oil Daily Inputs Change,BUSINESS,LOW,Y,0.081,0.0,-0.09,MT5 economic calendar (broker time UTC+3)
2026-06-10 17:30,2026-06-10,USD,EIA Refinery Utilization Rate Change,BUSINESS,LOW,Y,0.6,0.0,0.2,MT5 economic calendar (broker time UTC+3)
2026-06-10 18:00,2026-06-10,USD,Cleveland Fed Median CPI m/m,PRICES,LOW,Y,0.3,0.3,0.4,MT5 economic calendar (broker time UTC+3)
2026-06-10 20:00,2026-06-10,USD,10-Year Note Auction,MARKET,HIGH,Y,4.538,0.0,4.468,MT5 economic calendar (broker time UTC+3)
2026-06-10 20:30,2026-06-10,BRL,Foreign Exchange Flows,MONEY,LOW,Y,2.588,-0.049,2.805,MT5 economic calendar (broker time UTC+3)
2026-06-10 21:00,2026-06-10,USD,Federal Budget Balance,GOVERNMENT,MODERATE,Y,0.0,0.0,0.0,MT5 economic calendar (broker time UTC+3)
2026-06-11 02:00,2026-06-11,KRW,Unemployment Rate,JOBS,LOW,Y,2.8,2.7,2.8,MT5 economic calendar (broker time UTC+3)
2026-06-11 02:50,2026-06-11,JPY,BSI Large Manufacturing,BUSINESS,MODERATE,Y,-1.8,-0.5,3.8,MT5 economic calendar (broker time UTC+3)
2026-06-11 02:50,2026-06-11,JPY,Foreign Bond Investment,GOVERNMENT,LOW,Y,197.5,0.0,-184.8,MT5 economic calendar (broker time UTC+3)
2026-06-11 02:50,2026-06-11,JPY,Foreign Investment in Japan Stocks,GOVERNMENT,LOW,Y,-701.0,0.0,-491.2,MT5 economic calendar (broker time UTC+3)
2026-06-11 04:00,2026-06-11,AUD,MI Inflation Expectations,PRICES,LOW,Y,5.5,0.0,5.6,MT5 economic calendar (broker time UTC+3)
2026-06-11 07:00,2026-06-11,SEK,Registered Unemployment Rate,JOBS,LOW,Y,6.4,6.6,6.5,MT5 economic calendar (broker time UTC+3)
2026-06-11 09:00,2026-06-11,SEK,CPI m/m,PRICES,MODERATE,Y,0.0,0.0,0.0,MT5 economic calendar (broker time UTC+3)
2026-06-11 09:00,2026-06-11,SEK,CPI y/y,PRICES,MODERATE,Y,0.0,0.0,0.0,MT5 economic calendar (broker time UTC+3)
2026-06-11 09:00,2026-06-11,SEK,CPIF m/m,PRICES,LOW,Y,0.0,0.0,0.0,MT5 economic calendar (broker time UTC+3)
2026-06-11 09:00,2026-06-11,SEK,CPIF y/y,PRICES,LOW,Y,0.0,0.0,0.0,MT5 economic calendar (broker time UTC+3)
2026-06-11 09:00,2026-06-11,SEK,HICP m/m,PRICES,LOW,Y,0.0,0.0,0.0,MT5 economic calendar (broker time UTC+3)
2026-06-11 09:00,2026-06-11,SEK,HICP y/y,PRICES,LOW,Y,0.0,0.0,0.0,MT5 economic calendar (broker time UTC+3)
2026-06-11 12:00,2026-06-11,ZAR,Current Account,TRADE,LOW,Y,190.668,-3.956,50.169,MT5 economic calendar (broker time UTC+3)
2026-06-11 12:00,2026-06-11,ZAR,Current Account - GDP Ratio,TRADE,LOW,Y,2.4,-0.1,0.6,MT5 economic calendar (broker time UTC+3)
2026-06-11 12:30,2026-06-11,ZAR,Gold Production y/y,BUSINESS,LOW,Y,-0.2,7.5,17.1,MT5 economic calendar (broker time UTC+3)
2026-06-11 12:30,2026-06-11,ZAR,Mining Production m/m,BUSINESS,LOW,Y,3.3,0.0,-5.1,MT5 economic calendar (broker time UTC+3)
2026-06-11 12:30,2026-06-11,ZAR,Mining Production y/y,BUSINESS,LOW,Y,8.2,6.8,2.5,MT5 economic calendar (broker time UTC+3)
2026-06-11 12:42,2026-06-11,EUR,3-Year BTP Auction,MARKET,LOW,Y,3.03,0.0,2.98,MT5 economic calendar (broker time UTC+3)
2026-06-11 14:00,2026-06-11,ZAR,Manufacturing Production m/m,BUSINESS,LOW,Y,-2.7,-0.2,0.8,MT5 economic calendar (broker time UTC+3)
2026-06-11 14:00,2026-06-11,ZAR,Manufacturing Production y/y,BUSINESS,LOW,Y,-2.9,0.9,0.9,MT5 economic calendar (broker time UTC+3)
2026-06-11 15:00,2026-06-11,BRL,Services Volume m/m,BUSINESS,LOW,Y,1.2,-0.6,-1.2,MT5 economic calendar (broker time UTC+3)
2026-06-11 15:00,2026-06-11,BRL,Services Volume y/y,BUSINESS,LOW,Y,1.9,2.4,3.0,MT5 economic calendar (broker time UTC+3)
2026-06-11 15:00,2026-06-11,MXN,Industrial Production m/m,BUSINESS,LOW,Y,2.1,0.0,-0.6,MT5 economic calendar (broker time UTC+3)
2026-06-11 15:00,2026-06-11,MXN,Industrial Production n.s.a. y/y,BUSINESS,LOW,Y,2.3,-1.1,-1.3,MT5 economic calendar (broker time UTC+3)
2026-06-11 15:15,2026-06-11,EUR,ECB Deposit Facility Rate Decision,MONEY,HIGH,Y,2.25,0.0,2.0,MT5 economic calendar (broker time UTC+3)
2026-06-11 15:15,2026-06-11,EUR,ECB Interest Rate Decision,MONEY,HIGH,Y,2.4,0.0,2.15,MT5 economic calendar (broker time UTC+3)
2026-06-11 15:15,2026-06-11,EUR,ECB Marginal Lending Facility Rate Decision,MONEY,MODERATE,Y,2.65,0.0,2.4,MT5 economic calendar (broker time UTC+3)
2026-06-11 15:15,2026-06-11,EUR,ECB Monetary Policy Statement,MONEY,MODERATE,Y,0.0,0.0,0.0,MT5 economic calendar (broker time UTC+3)
2026-06-11 15:30,2026-06-11,CAD,Building Permits m/m,BUSINESS,MODERATE,Y,-7.6,-1.9,10.3,MT5 economic calendar (broker time UTC+3)
2026-06-11 15:30,2026-06-11,EUR,Current Account n.s.a.,TRADE,LOW,Y,13.8,18.1,23.6,MT5 economic calendar (broker time UTC+3)
2026-06-11 15:30,2026-06-11,USD,Continuing Jobless Claims,JOBS,MODERATE,Y,1.795,1.782,1.777,MT5 economic calendar (broker time UTC+3)
2026-06-11 15:30,2026-06-11,USD,Core PPI m/m,PRICES,MODERATE,Y,0.4,0.3,1.0,MT5 economic calendar (broker time UTC+3)
2026-06-11 15:30,2026-06-11,USD,Core PPI y/y,PRICES,LOW,Y,4.9,4.2,5.2,MT5 economic calendar (broker time UTC+3)
2026-06-11 15:30,2026-06-11,USD,Initial Jobless Claims,JOBS,HIGH,Y,229.0,226.0,225.0,MT5 economic calendar (broker time UTC+3)
2026-06-11 15:30,2026-06-11,USD,Initial Jobless Claims 4-Week Average,JOBS,LOW,Y,219.0,218.766,214.75,MT5 economic calendar (broker time UTC+3)
2026-06-11 15:30,2026-06-11,USD,PPI m/m,PRICES,HIGH,Y,1.1,1.0,1.4,MT5 economic calendar (broker time UTC+3)
2026-06-11 15:30,2026-06-11,USD,PPI y/y,PRICES,LOW,Y,6.5,4.5,6.0,MT5 economic calendar (broker time UTC+3)
2026-06-11 15:45,2026-06-11,EUR,ECB Monetary Policy Press Conference,MONEY,HIGH,Y,0.0,0.0,0.0,MT5 economic calendar (broker time UTC+3)
2026-06-11 17:15,2026-06-11,EUR,ECB President Lagarde Speech,MONEY,HIGH,Y,0.0,0.0,0.0,MT5 economic calendar (broker time UTC+3)
2026-06-11 17:30,2026-06-11,USD,EIA Natural Gas Storage Change,BUSINESS,LOW,Y,108.0,86.0,95.0,MT5 economic calendar (broker time UTC+3)
2026-06-11 18:30,2026-06-11,USD,4-Week Bill Auction,MARKET,LOW,Y,3.595,0.0,3.615,MT5 economic calendar (broker time UTC+3)
2026-06-11 18:30,2026-06-11,USD,8-Week Bill Auction,MARKET,LOW,Y,3.61,0.0,3.61,MT5 economic calendar (broker time UTC+3)
2026-06-11 19:00,2026-06-11,USD,WASDE Report,BUSINESS,MODERATE,Y,0.0,0.0,0.0,MT5 economic calendar (broker time UTC+3)
2026-06-11 20:00,2026-06-11,USD,30-Year Bond Auction,MARKET,HIGH,Y,5.02,0.0,5.046,MT5 economic calendar (broker time UTC+3)
2026-06-12 01:30,2026-06-12,NZD,BusinessNZ Manufacturing Index,BUSINESS,MODERATE,Y,49.9,52.7,50.5,MT5 economic calendar (broker time UTC+3)
2026-06-12 01:45,2026-06-12,NZD,Net Permanent & Long-Term Migration,JOBS,LOW,Y,3.09,2.074,3.37,MT5 economic calendar (broker time UTC+3)
2026-06-12 01:45,2026-06-12,NZD,Visitor Arrivals m/m,JOBS,LOW,Y,2.3,-1.2,-3.0,MT5 economic calendar (broker time UTC+3)
2026-06-12 01:45,2026-06-12,NZD,Visitor Arrivals y/y,JOBS,LOW,Y,8.0,10.9,15.1,MT5 economic calendar (broker time UTC+3)
2026-06-12 07:30,2026-06-12,JPY,Capacity Utilization Rate,BUSINESS,LOW,Y,-0.8,-3.5,-1.2,MT5 economic calendar (broker time UTC+3)
2026-06-12 07:30,2026-06-12,JPY,Industrial Production m/m,BUSINESS,MODERATE,Y,0.5,0.8,0.8,MT5 economic calendar (broker time UTC+3)
2026-06-12 07:30,2026-06-12,JPY,Industrial Production y/y,BUSINESS,LOW,Y,2.0,2.3,2.3,MT5 economic calendar (broker time UTC+3)
2026-06-12 09:00,2026-06-12,EUR,CPI m/m,PRICES,MODERATE,Y,-0.2,-0.2,-0.2,MT5 economic calendar (broker time UTC+3)
2026-06-12 09:00,2026-06-12,EUR,CPI y/y,PRICES,MODERATE,Y,2.6,2.6,2.6,MT5 economic calendar (broker time UTC+3)
2026-06-12 09:00,2026-06-12,EUR,HICP m/m,PRICES,LOW,Y,-0.1,-0.1,-0.1,MT5 economic calendar (broker time UTC+3)
2026-06-12 09:00,2026-06-12,EUR,HICP y/y,PRICES,LOW,Y,2.7,2.7,2.7,MT5 economic calendar (broker time UTC+3)
2026-06-12 09:00,2026-06-12,GBP,Construction Output m/m,BUSINESS,LOW,Y,0.1,-0.1,1.5,MT5 economic calendar (broker time UTC+3)
2026-06-12 09:00,2026-06-12,GBP,Construction Output y/y,BUSINESS,LOW,Y,-1.0,-1.1,-0.3,MT5 economic calendar (broker time UTC+3)
2026-06-12 09:00,2026-06-12,GBP,GDP 3m/3m,GDP,MODERATE,Y,0.7,0.0,0.6,MT5 economic calendar (broker time UTC+3)
2026-06-12 09:00,2026-06-12,GBP,GDP m/m,GDP,HIGH,Y,-0.1,-0.1,0.3,MT5 economic calendar (broker time UTC+3)
2026-06-12 09:00,2026-06-12,GBP,Trade Balance,TRADE,MODERATE,Y,-26.046,-28.286,-27.22,MT5 economic calendar (broker time UTC+3)
2026-06-12 09:00,2026-06-12,GBP,Trade Balance Non-EU,TRADE,MODERATE,Y,-13.05,-15.398,-15.19,MT5 economic calendar (broker time UTC+3)
2026-06-12 09:45,2026-06-12,EUR,CPI m/m,PRICES,MODERATE,Y,0.1,0.1,0.1,MT5 economic calendar (broker time UTC+3)
2026-06-12 09:45,2026-06-12,EUR,CPI y/y,PRICES,LOW,Y,2.4,2.4,2.4,MT5 economic calendar (broker time UTC+3)
2026-06-12 09:45,2026-06-12,EUR,HICP m/m,PRICES,MODERATE,Y,0.1,0.1,0.1,MT5 economic calendar (broker time UTC+3)
2026-06-12 09:45,2026-06-12,EUR,HICP y/y,PRICES,LOW,Y,2.8,2.8,2.8,MT5 economic calendar (broker time UTC+3)
2026-06-12 10:00,2026-06-12,EUR,CPI m/m,PRICES,LOW,Y,0.1,0.0,0.1,MT5 economic calendar (broker time UTC+3)
2026-06-12 10:00,2026-06-12,EUR,CPI y/y,PRICES,MODERATE,Y,3.2,0.0,3.2,MT5 economic calendar (broker time UTC+3)
2026-06-12 10:00,2026-06-12,EUR,HICP m/m,PRICES,LOW,Y,0.1,0.0,0.1,MT5 economic calendar (broker time UTC+3)
2026-06-12 10:00,2026-06-12,EUR,HICP y/y,PRICES,MODERATE,Y,3.6,0.0,3.6,MT5 economic calendar (broker time UTC+3)
2026-06-12 10:00,2026-06-12,GBP,Index of Services,CONSUMER,LOW,Y,0.8,0.6,0.8,MT5 economic calendar (broker time UTC+3)
2026-06-12 10:00,2026-06-12,GBP,Industrial Production m/m,BUSINESS,MODERATE,Y,0.0,0.1,-0.2,MT5 economic calendar (broker time UTC+3)
2026-06-12 10:00,2026-06-12,GBP,Industrial Production y/y,BUSINESS,LOW,Y,-0.2,0.2,0.0,MT5 economic calendar (broker time UTC+3)
2026-06-12 10:00,2026-06-12,GBP,Manufacturing Production m/m,BUSINESS,MODERATE,Y,0.4,-0.7,1.2,MT5 economic calendar (broker time UTC+3)
2026-06-12 10:00,2026-06-12,GBP,Manufacturing Production y/y,BUSINESS,LOW,Y,1.0,1.9,1.2,MT5 economic calendar (broker time UTC+3)
2026-06-12 11:00,2026-06-12,EUR,Quarterly Unemployment Rate,JOBS,LOW,Y,5.3,4.8,5.6,MT5 economic calendar (broker time UTC+3)
2026-06-12 12:00,2026-06-12,EUR,Bbk Monthly Report,MONEY,LOW,Y,0.0,0.0,0.0,MT5 economic calendar (broker time UTC+3)
2026-06-12 13:30,2026-06-12,INR,CFPI m/m,PRICES,LOW,Y,4.2,0.0,3.87,MT5 economic calendar (broker time UTC+3)
2026-06-12 13:30,2026-06-12,INR,CFPI y/y,PRICES,LOW,Y,4.78,0.0,4.2,MT5 economic calendar (broker time UTC+3)
2026-06-12 13:30,2026-06-12,INR,CPI m/m,PRICES,LOW,Y,3.48,0.0,3.4,MT5 economic calendar (broker time UTC+3)
2026-06-12 13:30,2026-06-12,INR,CPI y/y,PRICES,MODERATE,Y,3.94,3.14,3.48,MT5 economic calendar (broker time UTC+3)
2026-06-12 14:00,2026-06-12,GBP,NIESR GDP Estimate,GDP,LOW,Y,0.5,0.5,0.8,MT5 economic calendar (broker time UTC+3)
2026-06-12 14:30,2026-06-12,INR,Bank Loan Growth y/y,MONEY,LOW,Y,17.7,16.0,16.2,MT5 economic calendar (broker time UTC+3)
2026-06-12 14:30,2026-06-12,INR,Deposit Growth y/y,MONEY,LOW,Y,12.2,12.4,12.2,MT5 economic calendar (broker time UTC+3)
2026-06-12 14:30,2026-06-12,INR,Foreign Exchange Reserves,MONEY,LOW,Y,681.61,680.54,682.321,MT5 economic calendar (broker time UTC+3)
2026-06-12 15:00,2026-06-12,BRL,CPI m/m,PRICES,LOW,Y,0.58,0.45,0.67,MT5 economic calendar (broker time UTC+3)
2026-06-12 15:00,2026-06-12,BRL,CPI s.a. m/m,PRICES,LOW,Y,0.6,0.0,0.63,MT5 economic calendar (broker time UTC+3)
2026-06-12 15:00,2026-06-12,BRL,CPI y/y,PRICES,MODERATE,Y,4.72,3.96,4.39,MT5 economic calendar (broker time UTC+3)
2026-06-12 17:00,2026-06-12,BRL,ANFAVEA Auto Production m/m,BUSINESS,LOW,Y,6.3,0.0,-9.5,MT5 economic calendar (broker time UTC+3)
2026-06-12 17:00,2026-06-12,BRL,ANFAVEA Auto Sales m/m,BUSINESS,LOW,Y,10.6,0.0,-7.8,MT5 economic calendar (broker time UTC+3)
2026-06-12 17:00,2026-06-12,USD,Michigan 5-Year Inflation Expectations,PRICES,MODERATE,Y,3.4,4.1,3.9,MT5 economic calendar (broker time UTC+3)
2026-06-12 17:00,2026-06-12,USD,Michigan Consumer Expectations,CONSUMER,MODERATE,Y,49.3,45.8,44.1,MT5 economic calendar (broker time UTC+3)
2026-06-12 17:00,2026-06-12,USD,Michigan Consumer Sentiment,CONSUMER,MODERATE,Y,48.9,47.6,44.8,MT5 economic calendar (broker time UTC+3)
2026-06-12 17:00,2026-06-12,USD,Michigan Current Conditions,CONSUMER,LOW,Y,48.4,47.0,45.8,MT5 economic calendar (broker time UTC+3)
2026-06-12 17:00,2026-06-12,USD,Michigan Inflation Expectations,PRICES,MODERATE,Y,4.6,5.0,4.8,MT5 economic calendar (broker time UTC+3)
2026-06-12 17:30,2026-06-12,EUR,Bbk President Nagel Speech,MONEY,MODERATE,Y,0.0,0.0,0.0,MT5 economic calendar (broker time UTC+3)
2026-06-12 20:00,2026-06-12,USD,Baker Hughes US Oil Rig Count,BUSINESS,MODERATE,Y,433.0,0.0,431.0,MT5 economic calendar (broker time UTC+3)
2026-06-12 20:00,2026-06-12,USD,Baker Hughes US Total Rig Count,BUSINESS,MODERATE,Y,562.0,0.0,563.0,MT5 economic calendar (broker time UTC+3)
2026-06-12 22:30,2026-06-12,AUD,CFTC AUD Non-Commercial Net Positions,MARKET,MODERATE,Y,18.2,0.0,41.8,MT5 economic calendar (broker time UTC+3)
2026-06-12 22:30,2026-06-12,BRL,CFTC BRL Non-Commercial Net Positions,MARKET,MODERATE,Y,43.8,0.0,47.0,MT5 economic calendar (broker time UTC+3)
2026-06-12 22:30,2026-06-12,CAD,CFTC CAD Non-Commercial Net Positions,MARKET,LOW,Y,-120.0,0.0,-94.1,MT5 economic calendar (broker time UTC+3)
2026-06-12 22:30,2026-06-12,CHF,CFTC CHF Non-Commercial Net Positions,MARKET,LOW,Y,-36.7,0.0,-32.9,MT5 economic calendar (broker time UTC+3)
2026-06-12 22:30,2026-06-12,EUR,CFTC EUR Non-Commercial Net Positions,MARKET,MODERATE,Y,13.9,0.0,48.9,MT5 economic calendar (broker time UTC+3)
2026-06-12 22:30,2026-06-12,GBP,CFTC GBP Non-Commercial Net Positions,MARKET,MODERATE,Y,-64.2,0.0,-52.2,MT5 economic calendar (broker time UTC+3)
2026-06-12 22:30,2026-06-12,JPY,CFTC JPY Non-Commercial Net Positions,MARKET,MODERATE,Y,-145.8,0.0,-129.6,MT5 economic calendar (broker time UTC+3)
2026-06-12 22:30,2026-06-12,MXN,CFTC MXN Non-Commercial Net Positions,MARKET,LOW,Y,63.8,0.0,54.7,MT5 economic calendar (broker time UTC+3)
2026-06-12 22:30,2026-06-12,NZD,CFTC NZD Non-Commercial Net Positions,MARKET,LOW,Y,-31.6,0.0,-28.2,MT5 economic calendar (broker time UTC+3)
2026-06-12 22:30,2026-06-12,USD,CFTC Aluminium Non-Commercial Net Positions,MARKET,LOW,Y,0.4,0.0,0.8,MT5 economic calendar (broker time UTC+3)
2026-06-12 22:30,2026-06-12,USD,CFTC Copper Non-Commercial Net Positions,MARKET,LOW,Y,74.5,0.0,78.8,MT5 economic calendar (broker time UTC+3)
2026-06-12 22:30,2026-06-12,USD,CFTC Corn Non-Commercial Net Positions,MARKET,LOW,Y,103.6,0.0,199.9,MT5 economic calendar (broker time UTC+3)
2026-06-12 22:30,2026-06-12,USD,CFTC Crude Oil Non-Commercial Net Positions,MARKET,MODERATE,Y,130.3,0.0,155.9,MT5 economic calendar (broker time UTC+3)
2026-06-12 22:30,2026-06-12,USD,CFTC Gold Non-Commercial Net Positions,MARKET,MODERATE,Y,173.8,0.0,176.0,MT5 economic calendar (broker time UTC+3)
2026-06-12 22:30,2026-06-12,USD,CFTC Nasdaq 100 Non-Commercial Net Positions,MARKET,MODERATE,Y,-1.3,0.0,-14.9,MT5 economic calendar (broker time UTC+3)
2026-06-12 22:30,2026-06-12,USD,CFTC Natural Gas Non-Commercial Net Positions,MARKET,LOW,Y,-194.0,0.0,-186.1,MT5 economic calendar (broker time UTC+3)
2026-06-12 22:30,2026-06-12,USD,CFTC S&P 500 Non-Commercial Net Positions,MARKET,MODERATE,Y,-205.6,0.0,-220.8,MT5 economic calendar (broker time UTC+3)
2026-06-12 22:30,2026-06-12,USD,CFTC Silver Non-Commercial Net Positions,MARKET,LOW,Y,22.2,0.0,23.9,MT5 economic calendar (broker time UTC+3)
2026-06-12 22:30,2026-06-12,USD,CFTC Soybeans Non-Commercial Net Positions,MARKET,LOW,Y,150.5,0.0,187.8,MT5 economic calendar (broker time UTC+3)
2026-06-12 22:30,2026-06-12,USD,CFTC Wheat Non-Commercial Net Positions,MARKET,LOW,Y,-57.9,0.0,-40.8,MT5 economic calendar (broker time UTC+3)
2026-06-12 22:30,2026-06-12,ZAR,CFTC ZAR Non-Commercial Net Positions,MARKET,LOW,Y,6.5,0.0,6.1,MT5 economic calendar (broker time UTC+3)
2026-06-13 04:00,2026-06-13,CNY,PBC M2 Money Stock y/y,MONEY,LOW,Y,8.6,8.5,8.6,MT5 economic calendar (broker time UTC+3)
2026-06-13 04:00,2026-06-13,CNY,PBC New Loans,MONEY,MODERATE,Y,0.52,0.039,-0.01,MT5 economic calendar (broker time UTC+3)
2026-06-13 04:00,2026-06-13,CNY,PBC Outstanding Loan Growth y/y,MONEY,LOW,Y,5.5,5.4,5.6,MT5 economic calendar (broker time UTC+3)
2026-06-15 01:30,2026-06-15,NZD,BusinessNZ Services Index,BUSINESS,LOW,Y,47.5,0.0,48.9,MT5 economic calendar (broker time UTC+3)
2026-06-15 01:45,2026-06-15,NZD,Electronic Card Retail Sales m/m,CONSUMER,MODERATE,Y,1.7,-0.2,-1.3,MT5 economic calendar (broker time UTC+3)
2026-06-15 01:45,2026-06-15,NZD,Electronic Card Retail Sales y/y,CONSUMER,LOW,Y,3.3,2.1,2.0,MT5 economic calendar (broker time UTC+3)
2026-06-15 05:00,2026-06-15,KRW,Exports y/y,TRADE,LOW,Y,53.4,53.2,53.2,MT5 economic calendar (broker time UTC+3)
2026-06-15 05:00,2026-06-15,KRW,Imports y/y,TRADE,LOW,Y,20.7,20.8,20.8,MT5 economic calendar (broker time UTC+3)
2026-06-15 05:00,2026-06-15,KRW,Trade Balance,TRADE,LOW,Y,27.036,26.949,26.949,MT5 economic calendar (broker time UTC+3)
2026-06-15 05:30,2026-06-15,SGD,Unemployment Rate,JOBS,LOW,Y,2.1,2.1,2.1,MT5 economic calendar (broker time UTC+3)
2026-06-15 07:30,2026-06-15,JPY,Tertiary Industry Activity Index m/m,BUSINESS,MODERATE,Y,1.3,-0.4,-0.2,MT5 economic calendar (broker time UTC+3)
2026-06-15 09:00,2026-06-15,EUR,Wholesale Price Index m/m,PRICES,LOW,Y,-0.6,0.8,2.0,MT5 economic calendar (broker time UTC+3)
2026-06-15 09:00,2026-06-15,EUR,Wholesale Price Index y/y,PRICES,LOW,Y,5.9,8.8,7.3,MT5 economic calendar (broker time UTC+3)
2026-06-15 09:00,2026-06-15,NOK,Goods Trade Balance,TRADE,LOW,Y,62.602,84.848,84.219,MT5 economic calendar (broker time UTC+3)
2026-06-15 09:00,2026-06-15,SEK,Unemployment Rate,JOBS,LOW,Y,9.4,9.4,8.7,MT5 economic calendar (broker time UTC+3)
2026-06-15 09:30,2026-06-15,CHF,PPI m/m,PRICES,LOW,Y,-0.4,0.5,0.8,MT5 economic calendar (broker time UTC+3)
2026-06-15 09:30,2026-06-15,CHF,PPI y/y,PRICES,LOW,Y,-1.8,-1.7,-2.0,MT5 economic calendar (broker time UTC+3)
2026-06-15 09:30,2026-06-15,INR,WPI Food y/y,PRICES,LOW,Y,4.49,5.15,1.98,MT5 economic calendar (broker time UTC+3)
2026-06-15 09:30,2026-06-15,INR,WPI Fuel & Energy y/y,PRICES,LOW,Y,30.33,27.16,24.71,MT5 economic calendar (broker time UTC+3)
2026-06-15 09:30,2026-06-15,INR,WPI Manufactured Products y/y,PRICES,LOW,Y,7.48,5.67,4.62,MT5 economic calendar (broker time UTC+3)
2026-06-15 09:30,2026-06-15,INR,WPI y/y,PRICES,MODERATE,Y,9.68,7.82,8.3,MT5 economic calendar (broker time UTC+3)
2026-06-15 10:30,2026-06-15,EUR,ECB President Lagarde Speech,MONEY,HIGH,Y,0.0,0.0,0.0,MT5 economic calendar (broker time UTC+3)
2026-06-15 11:00,2026-06-15,EUR,Trade Balance,TRADE,LOW,Y,4.293,1.866,4.709,MT5 economic calendar (broker time UTC+3)
2026-06-15 11:00,2026-06-15,EUR,Trade Balance EU,TRADE,LOW,Y,0.316,0.0,-1.08,MT5 economic calendar (broker time UTC+3)
2026-06-15 12:00,2026-06-15,EUR,Industrial Production m/m,BUSINESS,MODERATE,Y,0.1,-0.1,0.2,MT5 economic calendar (broker time UTC+3)
2026-06-15 12:00,2026-06-15,EUR,Industrial Production y/y,BUSINESS,LOW,Y,0.3,0.4,-2.1,MT5 economic calendar (broker time UTC+3)
2026-06-15 12:00,2026-06-15,EUR,Trade Balance,TRADE,MODERATE,Y,1.3,7.4,3.5,MT5 economic calendar (broker time UTC+3)
2026-06-15 12:00,2026-06-15,EUR,Trade Balance n.s.a.,TRADE,MODERATE,Y,-1.0,12.0,7.8,MT5 economic calendar (broker time UTC+3)
2026-06-15 13:00,2026-06-15,EUR,Official Reserve Assets,MONEY,LOW,Y,1872.82,0.0,1888.23,MT5 economic calendar (broker time UTC+3)
2026-06-15 14:00,2026-06-15,INR,Exports,TRADE,LOW,Y,45.2,39.44,43.56,MT5 economic calendar (broker time UTC+3)
2026-06-15 14:00,2026-06-15,INR,Imports,TRADE,LOW,Y,73.41,66.13,71.94,MT5 economic calendar (broker time UTC+3)
2026-06-15 14:00,2026-06-15,INR,Trade Balance,TRADE,LOW,Y,-28.21,-22.99,-28.38,MT5 economic calendar (broker time UTC+3)
2026-06-15 14:30,2026-06-15,BRL,BCB Focus Market Report,MONEY,MODERATE,Y,0.0,0.0,0.0,MT5 economic calendar (broker time UTC+3)
2026-06-15 15:15,2026-06-15,CAD,CMHC Housing Starts,HOUSING,MODERATE,Y,261.377,258.257,279.317,MT5 economic calendar (broker time UTC+3)
2026-06-15 15:30,2026-06-15,CAD,Manufacturing Sales m/m,BUSINESS,LOW,Y,4.2,-0.2,3.0,MT5 economic calendar (broker time UTC+3)
2026-06-15 15:30,2026-06-15,CAD,Wholesale Trade m/m,BUSINESS,MODERATE,Y,0.6,-0.8,1.9,MT5 economic calendar (broker time UTC+3)
2026-06-15 15:30,2026-06-15,USD,NY Fed Empire State Manufacturing Index,BUSINESS,MODERATE,Y,5.7,16.0,19.6,MT5 economic calendar (broker time UTC+3)
2026-06-15 15:55,2026-06-15,EUR,12-Month BTF Auction,MARKET,LOW,Y,2.602,0.0,2.667,MT5 economic calendar (broker time UTC+3)
2026-06-15 15:55,2026-06-15,EUR,3-Month BTF Auction,MARKET,LOW,Y,2.352,0.0,2.361,MT5 economic calendar (broker time UTC+3)
2026-06-15 15:55,2026-06-15,EUR,6-Month BTF Auction,MARKET,LOW,Y,2.465,0.0,2.507,MT5 economic calendar (broker time UTC+3)
2026-06-15 16:15,2026-06-15,USD,Fed Capacity Utilization Rate,BUSINESS,LOW,Y,76.2,76.1,76.1,MT5 economic calendar (broker time UTC+3)
2026-06-15 16:15,2026-06-15,USD,Fed Industrial Production m/m,BUSINESS,MODERATE,Y,0.1,0.1,0.7,MT5 economic calendar (broker time UTC+3)
2026-06-15 16:15,2026-06-15,USD,Fed Industrial Production y/y,BUSINESS,MODERATE,Y,1.7,0.3,1.4,MT5 economic calendar (broker time UTC+3)
2026-06-15 16:15,2026-06-15,USD,Fed Manufacturing Production m/m,BUSINESS,LOW,Y,0.0,-0.1,0.6,MT5 economic calendar (broker time UTC+3)
2026-06-15 17:00,2026-06-15,USD,NAHB Housing Market Index,HOUSING,LOW,Y,35.0,34.0,37.0,MT5 economic calendar (broker time UTC+3)
2026-06-15 18:30,2026-06-15,USD,3-Month Bill Auction,MARKET,LOW,Y,3.64,0.0,3.64,MT5 economic calendar (broker time UTC+3)
2026-06-15 18:30,2026-06-15,USD,6-Month Bill Auction,MARKET,LOW,Y,3.68,0.0,3.69,MT5 economic calendar (broker time UTC+3)
2026-06-16 00:00,2026-06-16,KRW,Export Price Index y/y,PRICES,LOW,Y,46.9,48.1,40.8,MT5 economic calendar (broker time UTC+3)
2026-06-16 00:00,2026-06-16,KRW,Import Price Index y/y,PRICES,LOW,Y,24.8,24.9,20.2,MT5 economic calendar (broker time UTC+3)
2026-06-16 00:00,2026-06-16,NZD,Westpac McDermott Miller Consumer Confidence,CONSUMER,MODERATE,Y,80.4,91.2,94.7,MT5 economic calendar (broker time UTC+3)
2026-06-16 00:00,2026-06-16,ZAR,Youth Day,HOLIDAYS,NONE,Y,0.0,0.0,0.0,MT5 economic calendar (broker time UTC+3)
2026-06-16 01:45,2026-06-16,NZD,Food Price Index m/m,PRICES,LOW,Y,1.0,0.5,0.0,MT5 economic calendar (broker time UTC+3)
2026-06-16 05:00,2026-06-16,CNY,Fixed Asset Investment y/y,BUSINESS,MODERATE,Y,-4.1,-3.8,-1.6,MT5 economic calendar (broker time UTC+3)
2026-06-16 05:00,2026-06-16,CNY,Industrial Production YTD y/y,BUSINESS,MODERATE,Y,5.4,0.0,5.6,MT5 economic calendar (broker time UTC+3)
2026-06-16 05:00,2026-06-16,CNY,Industrial Production y/y,BUSINESS,MODERATE,Y,4.5,5.3,4.1,MT5 economic calendar (broker time UTC+3)
2026-06-16 05:00,2026-06-16,CNY,NBS Press Conference on Economic Situation,MONEY,MODERATE,Y,0.0,0.0,0.0,MT5 economic calendar (broker time UTC+3)
2026-06-16 05:00,2026-06-16,CNY,Retail Sales YTD y/y,CONSUMER,LOW,Y,1.4,0.0,1.9,MT5 economic calendar (broker time UTC+3)
2026-06-16 05:00,2026-06-16,CNY,Retail Sales y/y,CONSUMER,LOW,Y,-0.6,1.0,0.2,MT5 economic calendar (broker time UTC+3)
2026-06-16 05:00,2026-06-16,CNY,Unemployment Rate,JOBS,MODERATE,Y,5.1,5.2,5.2,MT5 economic calendar (broker time UTC+3)
2026-06-16 06:00,2026-06-16,KRW,BOK M2 Money Supply y/y,MONEY,LOW,Y,8.1,7.3,7.2,MT5 economic calendar (broker time UTC+3)
2026-06-16 06:19,2026-06-16,JPY,BoJ Interest Rate Decision,MONEY,HIGH,Y,1.0,0.0,0.75,MT5 economic calendar (broker time UTC+3)
2026-06-16 06:19,2026-06-16,JPY,BoJ Monetary Policy Statement,MONEY,MODERATE,Y,0.0,0.0,0.0,MT5 economic calendar (broker time UTC+3)
2026-06-16 07:30,2026-06-16,AUD,RBA Interest Rate Decision,MONEY,HIGH,Y,4.35,0.0,4.35,MT5 economic calendar (broker time UTC+3)
2026-06-16 07:30,2026-06-16,AUD,RBA Rate Statement,MONEY,MODERATE,Y,0.0,0.0,0.0,MT5 economic calendar (broker time UTC+3)
2026-06-16 09:30,2026-06-16,JPY,BoJ Press Conference,MONEY,HIGH,Y,0.0,0.0,0.0,MT5 economic calendar (broker time UTC+3)
2026-06-16 11:00,2026-06-16,EUR,CPI FOI excl. Tobacco m/m,PRICES,LOW,Y,0.3,0.5,1.0,MT5 economic calendar (broker time UTC+3)
2026-06-16 11:00,2026-06-16,EUR,CPI FOI excl. Tobacco y/y,PRICES,LOW,Y,3.0,2.7,2.6,MT5 economic calendar (broker time UTC+3)
2026-06-16 11:00,2026-06-16,EUR,CPI m/m,PRICES,LOW,Y,0.4,0.4,0.4,MT5 economic calendar (broker time UTC+3)
2026-06-16 11:00,2026-06-16,EUR,CPI y/y,PRICES,LOW,Y,3.2,3.2,3.2,MT5 economic calendar (broker time UTC+3)
2026-06-16 11:00,2026-06-16,EUR,HICP m/m,PRICES,LOW,Y,0.3,0.4,0.4,MT5 economic calendar (broker time UTC+3)
2026-06-16 11:00,2026-06-16,EUR,HICP y/y,PRICES,LOW,Y,3.2,3.3,3.3,MT5 economic calendar (broker time UTC+3)
2026-06-16 11:30,2026-06-16,HKD,Unemployment Rate 3-Months,JOBS,LOW,Y,3.7,3.6,3.7,MT5 economic calendar (broker time UTC+3)
2026-06-16 12:00,2026-06-16,EUR,Labour Cost Index,JOBS,LOW,Y,3.2,3.7,3.3,MT5 economic calendar (broker time UTC+3)
2026-06-16 12:00,2026-06-16,EUR,Wage Costs y/y,JOBS,MODERATE,Y,3.4,3.2,3.0,MT5 economic calendar (broker time UTC+3)
2026-06-16 12:30,2026-06-16,EUR,5-Year Note Auction,MARKET,LOW,Y,2.64,0.0,2.85,MT5 economic calendar (broker time UTC+3)
2026-06-16 13:30,2026-06-16,GBP,10-Year Treasury Gilt Auction,MARKET,LOW,Y,4.858,0.0,5.026,MT5 economic calendar (broker time UTC+3)
2026-06-16 15:00,2026-06-16,BRL,Retail Sales m/m,CONSUMER,MODERATE,Y,-1.5,-0.4,0.5,MT5 economic calendar (broker time UTC+3)
2026-06-16 15:00,2026-06-16,BRL,Retail Sales y/y,CONSUMER,MODERATE,Y,1.0,1.3,4.0,MT5 economic calendar (broker time UTC+3)
2026-06-16 15:30,2026-06-16,CAD,Foreign Securities Purchases,MARKET,MODERATE,Y,46.913,0.0,4.623,MT5 economic calendar (broker time UTC+3)
2026-06-16 15:30,2026-06-16,CAD,Foreign Securities Purchases by Canadians,MARKET,LOW,Y,-11.364,0.0,3.904,MT5 economic calendar (broker time UTC+3)
2026-06-16 15:30,2026-06-16,USD,Building Permits,HOUSING,MODERATE,Y,1.413,1.42,1.442,MT5 economic calendar (broker time UTC+3)
2026-06-16 15:30,2026-06-16,USD,Building Permits m/m,HOUSING,LOW,Y,-0.7,-5.4,5.8,MT5 economic calendar (broker time UTC+3)
2026-06-16 15:30,2026-06-16,USD,Export Price Index m/m,PRICES,MODERATE,Y,1.3,2.2,3.3,MT5 economic calendar (broker time UTC+3)
2026-06-16 15:30,2026-06-16,USD,Export Price Index y/y,PRICES,LOW,Y,11.2,7.5,8.8,MT5 economic calendar (broker time UTC+3)
2026-06-16 15:30,2026-06-16,USD,Housing Starts,HOUSING,MODERATE,Y,1.177,1.53,1.465,MT5 economic calendar (broker time UTC+3)
2026-06-16 15:30,2026-06-16,USD,Housing Starts m/m,HOUSING,MODERATE,Y,-15.4,1.8,-2.8,MT5 economic calendar (broker time UTC+3)
2026-06-16 15:30,2026-06-16,USD,Import Price Index excl. Petroleum m/m,PRICES,LOW,Y,0.8,0.6,0.7,MT5 economic calendar (broker time UTC+3)
2026-06-16 15:30,2026-06-16,USD,Import Price Index m/m,PRICES,MODERATE,Y,1.9,1.1,1.9,MT5 economic calendar (broker time UTC+3)
2026-06-16 15:30,2026-06-16,USD,Import Price Index y/y,PRICES,LOW,Y,6.7,5.5,4.2,MT5 economic calendar (broker time UTC+3)
2026-06-16 16:10,2026-06-16,EUR,ECB Executive Board Member Lane Speech,MONEY,MODERATE,Y,0.0,0.0,0.0,MT5 economic calendar (broker time UTC+3)
2026-06-16 18:14,2026-06-16,NZD,GDT Price Index,PRICES,LOW,Y,-2.8,0.0,-0.6,MT5 economic calendar (broker time UTC+3)
2026-06-16 20:00,2026-06-16,USD,20-Year Bond Auction,MARKET,MODERATE,Y,4.927,0.0,5.122,MT5 economic calendar (broker time UTC+3)
2026-06-17 01:45,2026-06-17,NZD,Current Account,TRADE,LOW,Y,-1.008,-3.484,-5.984,MT5 economic calendar (broker time UTC+3)
2026-06-17 01:45,2026-06-17,NZD,Current Account - GDP Ratio,TRADE,LOW,Y,-3.6,-2.6,-3.7,MT5 economic calendar (broker time UTC+3)
2026-06-17 01:45,2026-06-17,NZD,Current Account 12-Months,TRADE,MODERATE,Y,-16.3,-11.548,-16.347,MT5 economic calendar (broker time UTC+3)
2026-06-17 02:50,2026-06-17,JPY,Adjusted Trade Balance,TRADE,MODERATE,Y,-90.4,-183.2,236.4,MT5 economic calendar (broker time UTC+3)
2026-06-17 02:50,2026-06-17,JPY,Core Machinery Orders m/m,BUSINESS,LOW,Y,8.7,1.9,-9.4,MT5 economic calendar (broker time UTC+3)
2026-06-17 02:50,2026-06-17,JPY,Core Machinery Orders y/y,BUSINESS,LOW,Y,15.6,15.1,5.9,MT5 economic calendar (broker time UTC+3)
2026-06-17 02:50,2026-06-17,JPY,Exports y/y,TRADE,MODERATE,Y,17.0,15.4,14.8,MT5 economic calendar (broker time UTC+3)
2026-06-17 02:50,2026-06-17,JPY,Imports y/y,TRADE,LOW,Y,12.5,0.6,9.7,MT5 economic calendar (broker time UTC+3)
2026-06-17 02:50,2026-06-17,JPY,Trade Balance,TRADE,MODERATE,Y,-378.7,-154.7,301.9,MT5 economic calendar (broker time UTC+3)
2026-06-17 03:30,2026-06-17,SGD,Non-Oil Domestic Exports m/m,TRADE,LOW,Y,7.7,-5.2,11.0,MT5 economic calendar (broker time UTC+3)
2026-06-17 03:30,2026-06-17,SGD,Non-Oil Domestic Exports y/y,TRADE,LOW,Y,38.4,18.4,24.5,MT5 economic calendar (broker time UTC+3)
2026-06-17 03:30,2026-06-17,SGD,Trade Balance,TRADE,LOW,Y,5.574,6.812,13.069,MT5 economic calendar (broker time UTC+3)
2026-06-17 04:30,2026-06-17,AUD,RBA Chart Pack,MONEY,LOW,Y,0.0,0.0,0.0,MT5 economic calendar (broker time UTC+3)
2026-06-17 06:00,2026-06-17,NZD,RBNZ Non-Resident Debt Holdings,GOVERNMENT,LOW,Y,57.5,56.5,57.1,MT5 economic calendar (broker time UTC+3)
2026-06-17 09:00,2026-06-17,GBP,CPIH,PRICES,LOW,Y,142.1,0.0,141.8,MT5 economic calendar (broker time UTC+3)
2026-06-17 09:00,2026-06-17,GBP,CPIH m/m,PRICES,MODERATE,Y,0.2,0.6,0.8,MT5 economic calendar (broker time UTC+3)
2026-06-17 09:00,2026-06-17,GBP,CPIH y/y,PRICES,MODERATE,Y,3.0,3.0,3.0,MT5 economic calendar (broker time UTC+3)
2026-06-17 10:30,2026-06-17,SEK,Riksbank Interest Rate Decision,MONEY,MODERATE,Y,1.75,0.0,1.75,MT5 economic calendar (broker time UTC+3)
2026-06-17 10:30,2026-06-17,SEK,Riksbank Monetary Policy Report,MONEY,MODERATE,Y,0.0,0.0,0.0,MT5 economic calendar (broker time UTC+3)
2026-06-17 11:00,2026-06-17,ALL,IEA Monthly Oil Market Report,BUSINESS,MODERATE,Y,0.0,0.0,0.0,MT5 economic calendar (broker time UTC+3)
2026-06-17 11:00,2026-06-17,EUR,Bbk Executive Board Member Balz Speech,MONEY,MODERATE,Y,0.0,0.0,0.0,MT5 economic calendar (broker time UTC+3)
2026-06-17 11:00,2026-06-17,ZAR,CPI m/m,PRICES,LOW,Y,0.7,1.1,1.1,MT5 economic calendar (broker time UTC+3)
2026-06-17 11:00,2026-06-17,ZAR,CPI y/y,PRICES,LOW,Y,4.5,3.2,4.0,MT5 economic calendar (broker time UTC+3)
2026-06-17 11:00,2026-06-17,ZAR,Core CPI m/m,PRICES,LOW,Y,0.2,0.4,0.5,MT5 economic calendar (broker time UTC+3)
2026-06-17 11:00,2026-06-17,ZAR,Core CPI y/y,PRICES,LOW,Y,3.8,3.5,3.6,MT5 economic calendar (broker time UTC+3)
2026-06-17 12:00,2026-06-17,EUR,CPI,PRICES,LOW,Y,103.13,0.0,103.15,MT5 economic calendar (broker time UTC+3)
2026-06-17 12:00,2026-06-17,EUR,CPI excl. Energy and Unprocessed Food m/m,PRICES,LOW,Y,0.3,0.3,0.3,MT5 economic calendar (broker time UTC+3)
2026-06-17 12:00,2026-06-17,EUR,CPI excl. Energy and Unprocessed Food y/y,PRICES,LOW,Y,2.3,2.3,2.3,MT5 economic calendar (broker time UTC+3)
2026-06-17 12:00,2026-06-17,EUR,CPI excl. Tobacco m/m,PRICES,LOW,Y,0.1,0.4,1.0,MT5 economic calendar (broker time UTC+3)
2026-06-17 12:00,2026-06-17,EUR,CPI excl. Tobacco y/y,PRICES,LOW,Y,3.1,2.5,3.0,MT5 economic calendar (broker time UTC+3)
2026-06-17 12:00,2026-06-17,EUR,CPI m/m,PRICES,MODERATE,Y,0.1,3.0,3.0,MT5 economic calendar (broker time UTC+3)
2026-06-17 12:00,2026-06-17,EUR,CPI y/y,PRICES,HIGH,Y,3.2,2.6,2.6,MT5 economic calendar (broker time UTC+3)
2026-06-17 12:00,2026-06-17,EUR,Core CPI,PRICES,MODERATE,Y,102.68,0.0,102.67,MT5 economic calendar (broker time UTC+3)
2026-06-17 12:00,2026-06-17,EUR,Core CPI m/m,PRICES,LOW,Y,0.3,0.3,0.3,MT5 economic calendar (broker time UTC+3)
2026-06-17 12:00,2026-06-17,EUR,Core CPI y/y,PRICES,MODERATE,Y,2.6,2.5,2.5,MT5 economic calendar (broker time UTC+3)
2026-06-17 12:30,2026-06-17,EUR,30-Year Bond Auction,MARKET,LOW,Y,3.49,0.0,3.57,MT5 economic calendar (broker time UTC+3)
2026-06-17 13:50,2026-06-17,EUR,ECB President Lagarde Speech,MONEY,HIGH,Y,0.0,0.0,0.0,MT5 economic calendar (broker time UTC+3)
2026-06-17 14:00,2026-06-17,ZAR,Retail Sales m/m,CONSUMER,LOW,Y,0.9,1.3,0.1,MT5 economic calendar (broker time UTC+3)
2026-06-17 14:00,2026-06-17,ZAR,Retail Sales y/y,CONSUMER,LOW,Y,1.3,2.3,2.6,MT5 economic calendar (broker time UTC+3)
2026-06-17 15:00,2026-06-17,BRL,BCB IBC-Br Economic Activity,BUSINESS,LOW,Y,0.51,-0.5,-0.67,MT5 economic calendar (broker time UTC+3)
2026-06-17 15:30,2026-06-17,CAD,New Housing Price Index m/m,HOUSING,MODERATE,Y,-0.3,-0.1,-0.4,MT5 economic calendar (broker time UTC+3)
2026-06-17 15:30,2026-06-17,USD,Core Retail Sales m/m,CONSUMER,HIGH,Y,0.8,0.3,0.7,MT5 economic calendar (broker time UTC+3)
2026-06-17 15:30,2026-06-17,USD,Retail Control m/m,CONSUMER,MODERATE,Y,0.7,-0.2,0.5,MT5 economic calendar (broker time UTC+3)
2026-06-17 15:30,2026-06-17,USD,Retail Sales excl. Autos and Gas m/m,CONSUMER,LOW,Y,0.5,0.3,0.5,MT5 economic calendar (broker time UTC+3)
2026-06-17 15:30,2026-06-17,USD,Retail Sales m/m,CONSUMER,HIGH,Y,0.9,-0.1,0.5,MT5 economic calendar (broker time UTC+3)
2026-06-17 15:30,2026-06-17,USD,Retail Sales y/y,CONSUMER,LOW,Y,6.9,3.9,4.9,MT5 economic calendar (broker time UTC+3)
2026-06-17 17:00,2026-06-17,USD,Business Inventories m/m,BUSINESS,MODERATE,Y,0.5,0.6,0.9,MT5 economic calendar (broker time UTC+3)
2026-06-17 17:00,2026-06-17,USD,Pending Home Sales Index,HOUSING,LOW,Y,76.8,0.0,74.8,MT5 economic calendar (broker time UTC+3)
2026-06-17 17:00,2026-06-17,USD,Pending Home Sales m/m,HOUSING,MODERATE,Y,3.8,-1.0,1.4,MT5 economic calendar (broker time UTC+3)
2026-06-17 17:00,2026-06-17,USD,Pending Home Sales y/y,HOUSING,LOW,Y,4.8,0.2,3.2,MT5 economic calendar (broker time UTC+3)
2026-06-17 17:00,2026-06-17,USD,Retail Inventories excl. Autos m/m,CONSUMER,MODERATE,Y,0.6,0.0,0.6,MT5 economic calendar (broker time UTC+3)
2026-06-17 17:00,2026-06-17,USD,Retail Inventories m/m,CONSUMER,MODERATE,Y,0.7,0.7,0.7,MT5 economic calendar (broker time UTC+3)
2026-06-17 17:30,2026-06-17,USD,EIA Crude Oil Imports Change,BUSINESS,LOW,Y,-0.241,-0.292,0.525,MT5 economic calendar (broker time UTC+3)
2026-06-17 17:30,2026-06-17,USD,EIA Crude Oil Stocks Change,BUSINESS,HIGH,Y,-8.263,-5.391,-7.227,MT5 economic calendar (broker time UTC+3)
2026-06-17 17:30,2026-06-17,USD,EIA Cushing Crude Oil Stocks Change,BUSINESS,MODERATE,Y,-1.606,-0.879,-0.801,MT5 economic calendar (broker time UTC+3)
2026-06-17 17:30,2026-06-17,USD,EIA Distillate Fuel Production Change,BUSINESS,LOW,Y,-0.029,-0.022,0.024,MT5 economic calendar (broker time UTC+3)
2026-06-17 17:30,2026-06-17,USD,EIA Distillates Stocks Change,BUSINESS,LOW,Y,0.951,-0.909,-0.2,MT5 economic calendar (broker time UTC+3)
2026-06-17 17:30,2026-06-17,USD,EIA Gasoline Production Change,BUSINESS,LOW,Y,0.356,-0.065,0.296,MT5 economic calendar (broker time UTC+3)
2026-06-17 17:30,2026-06-17,USD,EIA Gasoline Stocks Change,BUSINESS,LOW,Y,-0.906,2.919,0.186,MT5 economic calendar (broker time UTC+3)
2026-06-17 17:30,2026-06-17,USD,EIA Heating Oil Stocks Change,BUSINESS,LOW,Y,-0.204,-0.001,-0.246,MT5 economic calendar (broker time UTC+3)
2026-06-17 17:30,2026-06-17,USD,EIA Refinery Crude Oil Daily Inputs Change,BUSINESS,LOW,Y,0.23,0.0,0.081,MT5 economic calendar (broker time UTC+3)
2026-06-17 17:30,2026-06-17,USD,EIA Refinery Utilization Rate Change,BUSINESS,LOW,Y,1.4,0.0,0.6,MT5 economic calendar (broker time UTC+3)
2026-06-17 20:30,2026-06-17,BRL,Foreign Exchange Flows,MONEY,LOW,Y,1.542,-0.149,2.588,MT5 economic calendar (broker time UTC+3)
2026-06-17 21:00,2026-06-17,USD,FOMC Economic Projections,MONEY,MODERATE,Y,0.0,0.0,0.0,MT5 economic calendar (broker time UTC+3)
2026-06-17 21:00,2026-06-17,USD,FOMC Statement,MONEY,MODERATE,Y,0.0,0.0,0.0,MT5 economic calendar (broker time UTC+3)
2026-06-17 21:00,2026-06-17,USD,Fed Interest Rate Decision,MONEY,HIGH,Y,3.75,0.0,3.75,MT5 economic calendar (broker time UTC+3)
2026-06-17 21:30,2026-06-17,USD,FOMC Press Conference,MONEY,HIGH,Y,0.0,0.0,0.0,MT5 economic calendar (broker time UTC+3)
2026-06-18 00:00,2026-06-18,BRL,BCB Interest Rate Decision,MONEY,MODERATE,Y,14.25,0.0,14.5,MT5 economic calendar (broker time UTC+3)
2026-06-18 01:45,2026-06-18,NZD,GDP Annual Change,GDP,MODERATE,Y,0.8,0.6,0.2,MT5 economic calendar (broker time UTC+3)
2026-06-18 01:45,2026-06-18,NZD,GDP Expenditures q/q,GDP,LOW,Y,1.0,-0.6,0.1,MT5 economic calendar (broker time UTC+3)
2026-06-18 01:45,2026-06-18,NZD,GDP q/q,GDP,MODERATE,Y,0.8,0.0,0.2,MT5 economic calendar (broker time UTC+3)
2026-06-18 01:45,2026-06-18,NZD,GDP y/y,GDP,LOW,Y,1.5,0.1,1.3,MT5 economic calendar (broker time UTC+3)
2026-06-18 02:50,2026-06-18,JPY,Foreign Bond Investment,GOVERNMENT,LOW,Y,382.6,0.0,197.5,MT5 economic calendar (broker time UTC+3)
2026-06-18 02:50,2026-06-18,JPY,Foreign Investment in Japan Stocks,GOVERNMENT,LOW,Y,-785.1,0.0,-701.0,MT5 economic calendar (broker time UTC+3)
2026-06-18 09:00,2026-06-18,CHF,Exports,TRADE,LOW,Y,25.129,0.0,24.458,MT5 economic calendar (broker time UTC+3)
2026-06-18 09:00,2026-06-18,CHF,Imports,TRADE,LOW,Y,19.018,0.0,21.282,MT5 economic calendar (broker time UTC+3)
2026-06-18 09:00,2026-06-18,CHF,Trade Balance,TRADE,LOW,Y,6.11,0.0,3.098,MT5 economic calendar (broker time UTC+3)
2026-06-18 09:00,2026-06-18,GBP,"Average Weekly Earnings, Regular Pay y/y",JOBS,LOW,Y,3.4,2.9,3.4,MT5 economic calendar (broker time UTC+3)
2026-06-18 09:00,2026-06-18,GBP,"Average Weekly Earnings, Total Pay y/y",JOBS,MODERATE,Y,4.4,4.5,4.1,MT5 economic calendar (broker time UTC+3)
2026-06-18 09:00,2026-06-18,GBP,Claimant Count Change,JOBS,MODERATE,Y,31.3,23.2,26.5,MT5 economic calendar (broker time UTC+3)
2026-06-18 09:00,2026-06-18,GBP,Employment Change 3-months,JOBS,MODERATE,Y,100.0,239.0,148.0,MT5 economic calendar (broker time UTC+3)
2026-06-18 09:00,2026-06-18,GBP,Unemployment Rate,JOBS,MODERATE,Y,4.9,5.3,5.0,MT5 economic calendar (broker time UTC+3)
2026-06-18 10:30,2026-06-18,CHF,SNB Interest Rate Decision,MONEY,HIGH,Y,0.0,0.0,0.0,MT5 economic calendar (broker time UTC+3)
2026-06-18 10:30,2026-06-18,CHF,SNB Monetary Policy Assessment,MONEY,MODERATE,Y,0.0,0.0,0.0,MT5 economic calendar (broker time UTC+3)
2026-06-18 11:00,2026-06-18,CHF,SNB Monetary Policy Assessment,MONEY,MODERATE,Y,0.0,0.0,0.0,MT5 economic calendar (broker time UTC+3)
2026-06-18 11:00,2026-06-18,EUR,Current Account,TRADE,LOW,Y,15.7,25.8,14.9,MT5 economic calendar (broker time UTC+3)
2026-06-18 11:00,2026-06-18,EUR,Current Account n.s.a.,TRADE,LOW,Y,14.9,10.1,24.1,MT5 economic calendar (broker time UTC+3)
2026-06-18 11:30,2026-06-18,CHF,SNB News Conference,MONEY,HIGH,Y,0.0,0.0,0.0,MT5 economic calendar (broker time UTC+3)
2026-06-18 11:59,2026-06-18,EUR,3-Year OAT Auction,MARKET,LOW,Y,2.85,0.0,2.94,MT5 economic calendar (broker time UTC+3)
2026-06-18 11:59,2026-06-18,EUR,5-Year OAT Auction,MARKET,LOW,Y,3.13,0.0,3.25,MT5 economic calendar (broker time UTC+3)
2026-06-18 12:00,2026-06-18,EUR,Construction Output m/m,BUSINESS,LOW,Y,0.6,0.1,0.8,MT5 economic calendar (broker time UTC+3)
2026-06-18 12:00,2026-06-18,EUR,Construction Output y/y,BUSINESS,LOW,Y,0.9,-1.5,-1.2,MT5 economic calendar (broker time UTC+3)
2026-06-18 12:04,2026-06-18,EUR,10-Year Obligacion Auction,MARKET,LOW,Y,3.383,0.0,3.392,MT5 economic calendar (broker time UTC+3)
2026-06-18 13:00,2026-06-18,EUR,Bbk Monthly Report,MONEY,LOW,Y,0.0,0.0,0.0,MT5 economic calendar (broker time UTC+3)
2026-06-18 13:10,2026-06-18,EUR,ECB Executive Board Member Elderson Speech,MONEY,MODERATE,Y,0.0,0.0,0.0,MT5 economic calendar (broker time UTC+3)
2026-06-18 14:00,2026-06-18,GBP,BoE Interest Rate Decision,MONEY,HIGH,Y,3.75,0.0,3.75,MT5 economic calendar (broker time UTC+3)
2026-06-18 14:00,2026-06-18,GBP,BoE MPC Meeting Minutes,MONEY,MODERATE,Y,0.0,0.0,0.0,MT5 economic calendar (broker time UTC+3)
2026-06-18 14:00,2026-06-18,GBP,BoE MPC Vote Cut,MONEY,MODERATE,Y,0.0,0.0,0.0,MT5 economic calendar (broker time UTC+3)
2026-06-18 14:00,2026-06-18,GBP,BoE MPC Vote Hike,MONEY,MODERATE,Y,2.0,0.0,1.0,MT5 economic calendar (broker time UTC+3)
2026-06-18 14:00,2026-06-18,GBP,BoE MPC Vote Unchanged,MONEY,MODERATE,Y,7.0,0.0,8.0,MT5 economic calendar (broker time UTC+3)
2026-06-18 15:00,2026-06-18,MXN,Aggregate Demand n.s.a. y/y,CONSUMER,LOW,Y,5.0,2.0,4.5,MT5 economic calendar (broker time UTC+3)
2026-06-18 15:00,2026-06-18,MXN,Aggregate Demand q/q,CONSUMER,LOW,Y,0.3,0.1,2.4,MT5 economic calendar (broker time UTC+3)
2026-06-18 15:00,2026-06-18,MXN,Private Spending n.s.a. y/y,CONSUMER,LOW,Y,2.2,1.2,4.0,MT5 economic calendar (broker time UTC+3)
2026-06-18 15:00,2026-06-18,MXN,Private Spending q/q,CONSUMER,LOW,Y,-0.8,0.4,1.0,MT5 economic calendar (broker time UTC+3)
2026-06-18 15:15,2026-06-18,EUR,ECB Executive Board Member Lane Speech,MONEY,MODERATE,Y,0.0,0.0,0.0,MT5 economic calendar (broker time UTC+3)
2026-06-18 15:30,2026-06-18,CAD,IPPI m/m,PRICES,LOW,Y,1.2,1.0,2.0,MT5 economic calendar (broker time UTC+3)
2026-06-18 15:30,2026-06-18,CAD,IPPI y/y,PRICES,LOW,Y,13.6,12.9,11.4,MT5 economic calendar (broker time UTC+3)
2026-06-18 15:30,2026-06-18,CAD,RMPI m/m,PRICES,MODERATE,Y,0.7,-1.5,2.6,MT5 economic calendar (broker time UTC+3)
2026-06-18 15:30,2026-06-18,CAD,RMPI y/y,PRICES,LOW,Y,33.4,36.3,31.6,MT5 economic calendar (broker time UTC+3)
2026-06-18 15:30,2026-06-18,USD,Continuing Jobless Claims,JOBS,MODERATE,Y,1.81,1.799,1.795,MT5 economic calendar (broker time UTC+3)
2026-06-18 15:30,2026-06-18,USD,Initial Jobless Claims,JOBS,HIGH,Y,226.0,237.0,229.0,MT5 economic calendar (broker time UTC+3)
2026-06-18 15:30,2026-06-18,USD,Initial Jobless Claims 4-Week Average,JOBS,LOW,Y,223.25,219.865,219.0,MT5 economic calendar (broker time UTC+3)
2026-06-18 15:30,2026-06-18,USD,Philadelphia Fed Business Conditions,BUSINESS,LOW,Y,50.2,31.7,53.2,MT5 economic calendar (broker time UTC+3)
2026-06-18 15:30,2026-06-18,USD,Philadelphia Fed Capex Index,BUSINESS,LOW,Y,41.2,30.4,30.9,MT5 economic calendar (broker time UTC+3)
2026-06-18 15:30,2026-06-18,USD,Philadelphia Fed Employment,BUSINESS,MODERATE,Y,7.9,-8.3,-2.8,MT5 economic calendar (broker time UTC+3)
2026-06-18 15:30,2026-06-18,USD,Philadelphia Fed Manufacturing Index,BUSINESS,HIGH,Y,10.3,3.0,-0.4,MT5 economic calendar (broker time UTC+3)
2026-06-18 15:30,2026-06-18,USD,Philadelphia Fed New Orders,BUSINESS,LOW,Y,27.3,6.0,-1.7,MT5 economic calendar (broker time UTC+3)
2026-06-18 15:30,2026-06-18,USD,Philadelphia Fed Prices Paid,BUSINESS,LOW,Y,53.2,45.2,47.9,MT5 economic calendar (broker time UTC+3)
2026-06-18 15:30,2026-06-18,ZAR,Building Permits m/m,BUSINESS,LOW,Y,4.9,-2.2,10.4,MT5 economic calendar (broker time UTC+3)
2026-06-18 15:30,2026-06-18,ZAR,Building Permits y/y,BUSINESS,LOW,Y,16.9,-0.3,16.9,MT5 economic calendar (broker time UTC+3)
2026-06-18 17:00,2026-06-18,USD,CB Leading Economic Index m/m,BUSINESS,MODERATE,Y,0.1,-0.3,0.1,MT5 economic calendar (broker time UTC+3)
2026-06-18 17:30,2026-06-18,USD,EIA Natural Gas Storage Change,BUSINESS,LOW,Y,73.0,91.0,108.0,MT5 economic calendar (broker time UTC+3)
2026-06-18 18:30,2026-06-18,USD,4-Week Bill Auction,MARKET,LOW,Y,3.58,0.0,3.595,MT5 economic calendar (broker time UTC+3)
2026-06-18 18:30,2026-06-18,USD,8-Week Bill Auction,MARKET,LOW,Y,3.64,0.0,3.61,MT5 economic calendar (broker time UTC+3)
2026-06-18 20:00,2026-06-18,USD,5-Year TIPS Auction,MARKET,MODERATE,Y,1.955,0.0,1.367,MT5 economic calendar (broker time UTC+3)
2026-06-18 20:00,2026-06-18,USD,Baker Hughes US Oil Rig Count,BUSINESS,MODERATE,Y,433.0,0.0,433.0,MT5 economic calendar (broker time UTC+3)
2026-06-18 20:00,2026-06-18,USD,Baker Hughes US Total Rig Count,BUSINESS,MODERATE,Y,563.0,0.0,562.0,MT5 economic calendar (broker time UTC+3)
2026-06-18 23:00,2026-06-18,USD,TIC Net Foreign Purchases of Domestic Treasury Bonds & Notes,MONEY,LOW,Y,50.5,30.7,13.6,MT5 economic calendar (broker time UTC+3)
2026-06-18 23:00,2026-06-18,USD,TIC Net Long-Term Transactions,MONEY,MODERATE,Y,103.1,88.3,81.3,MT5 economic calendar (broker time UTC+3)
2026-06-18 23:00,2026-06-18,USD,TIC Net Long-Term Transactions incl. Swaps,MONEY,LOW,Y,103.1,74.8,81.3,MT5 economic calendar (broker time UTC+3)
2026-06-18 23:00,2026-06-18,USD,TIC Overall Net Capital Flow,MONEY,LOW,Y,26.1,184.9,150.7,MT5 economic calendar (broker time UTC+3)
2026-06-19 00:00,2026-06-19,CNY,Dragon Boat Festival,HOLIDAYS,NONE,Y,0.0,0.0,0.0,MT5 economic calendar (broker time UTC+3)
2026-06-19 00:00,2026-06-19,HKD,Tuen Ng Festival,HOLIDAYS,NONE,Y,0.0,0.0,0.0,MT5 economic calendar (broker time UTC+3)
2026-06-19 00:00,2026-06-19,KRW,PPI m/m,PRICES,LOW,Y,0.8,1.8,2.5,MT5 economic calendar (broker time UTC+3)
2026-06-19 00:00,2026-06-19,KRW,PPI y/y,PRICES,LOW,Y,8.5,7.8,6.9,MT5 economic calendar (broker time UTC+3)
2026-06-19 00:00,2026-06-19,SEK,Midsummer Eve,HOLIDAYS,NONE,Y,0.0,0.0,0.0,MT5 economic calendar (broker time UTC+3)
2026-06-19 00:00,2026-06-19,USD,Juneteenth National Independence Day,HOLIDAYS,NONE,Y,0.0,0.0,0.0,MT5 economic calendar (broker time UTC+3)
2026-06-19 01:45,2026-06-19,NZD,Exports,TRADE,LOW,Y,8.877,0.0,8.62,MT5 economic calendar (broker time UTC+3)
2026-06-19 01:45,2026-06-19,NZD,Imports,TRADE,LOW,Y,8.077,0.0,6.7,MT5 economic calendar (broker time UTC+3)
2026-06-19 01:45,2026-06-19,NZD,Trade Balance,TRADE,LOW,Y,0.8,1.435,1.92,MT5 economic calendar (broker time UTC+3)
2026-06-19 01:45,2026-06-19,NZD,Trade Balance 12-Months,TRADE,MODERATE,Y,-3.367,-1.834,-2.764,MT5 economic calendar (broker time UTC+3)
2026-06-19 02:01,2026-06-19,GBP,GfK Consumer Confidence,CONSUMER,LOW,Y,-23.0,-18.0,-23.0,MT5 economic calendar (broker time UTC+3)
2026-06-19 02:30,2026-06-19,JPY,CPI excl. Food and Energy y/y,PRICES,MODERATE,Y,1.8,1.8,1.9,MT5 economic calendar (broker time UTC+3)
2026-06-19 02:30,2026-06-19,JPY,CPI s.a. m/m,PRICES,LOW,Y,0.4,0.0,0.1,MT5 economic calendar (broker time UTC+3)
2026-06-19 02:30,2026-06-19,JPY,CPI y/y,PRICES,LOW,Y,1.5,1.3,1.4,MT5 economic calendar (broker time UTC+3)
2026-06-19 02:30,2026-06-19,JPY,Core CPI y/y,PRICES,MODERATE,Y,1.4,1.2,1.4,MT5 economic calendar (broker time UTC+3)
2026-06-19 02:50,2026-06-19,JPY,BoJ Monetary Policy Meeting Minutes,MONEY,MODERATE,Y,0.0,0.0,0.0,MT5 economic calendar (broker time UTC+3)
2026-06-19 10:00,2026-06-19,EUR,ECB Executive Board Member Lane Speech,MONEY,MODERATE,Y,0.0,0.0,0.0,MT5 economic calendar (broker time UTC+3)
2026-06-19 13:30,2026-06-19,EUR,ECB Executive Board Member Elderson Speech,MONEY,MODERATE,Y,0.0,0.0,0.0,MT5 economic calendar (broker time UTC+3)
2026-06-19 14:30,2026-06-19,INR,Foreign Exchange Reserves,MONEY,LOW,Y,671.625,694.09,681.61,MT5 economic calendar (broker time UTC+3)
2026-06-19 14:30,2026-06-19,INR,RBI MPC Meeting Minutes,MONEY,MODERATE,Y,0.0,0.0,0.0,MT5 economic calendar (broker time UTC+3)
2026-06-19 15:30,2026-06-19,CAD,Core Retail Sales m/m,CONSUMER,MODERATE,Y,0.1,-0.1,1.4,MT5 economic calendar (broker time UTC+3)
2026-06-19 15:30,2026-06-19,CAD,Retail Sales m/m,CONSUMER,MODERATE,Y,0.5,-0.2,0.9,MT5 economic calendar (broker time UTC+3)
2026-06-19 17:30,2026-06-19,EUR,ECB Executive Board Member Lane Speech,MONEY,MODERATE,Y,0.0,0.0,0.0,MT5 economic calendar (broker time UTC+3)
2026-06-20 00:00,2026-06-20,CNY,Dragon Boat Festival,HOLIDAYS,NONE,Y,0.0,0.0,0.0,MT5 economic calendar (broker time UTC+3)
2026-06-20 00:00,2026-06-20,SEK,Midsummer Day,HOLIDAYS,NONE,Y,0.0,0.0,0.0,MT5 economic calendar (broker time UTC+3)
2026-06-21 00:00,2026-06-21,CNY,Dragon Boat Festival,HOLIDAYS,NONE,Y,0.0,0.0,0.0,MT5 economic calendar (broker time UTC+3)
2026-06-22 06:00,2026-06-22,NZD,RBNZ Credit Card Spending y/y,CONSUMER,LOW,Y,5.1,-0.2,2.9,MT5 economic calendar (broker time UTC+3)
2026-06-22 09:00,2026-06-22,NOK,General Public Domestic Loan Debt y/y,MONEY,LOW,Y,4.5,4.2,4.4,MT5 economic calendar (broker time UTC+3)
2026-06-22 12:11,2026-06-22,CNY,Foreign Direct Investment YTD y/y,MONEY,LOW,Y,-8.6,0.0,-10.3,MT5 economic calendar (broker time UTC+3)
2026-06-22 13:00,2026-06-22,EUR,ECB President Lagarde Speech,MONEY,HIGH,Y,0.0,0.0,0.0,MT5 economic calendar (broker time UTC+3)
2026-06-22 14:30,2026-06-22,BRL,BCB Focus Market Report,MONEY,MODERATE,Y,0.0,0.0,0.0,MT5 economic calendar (broker time UTC+3)
2026-06-22 14:30,2026-06-22,INR,Infrastructure Output y/y,BUSINESS,LOW,Y,0.5,0.0,1.7,MT5 economic calendar (broker time UTC+3)
2026-06-22 15:30,2026-06-22,CAD,CPI m/m,PRICES,MODERATE,Y,1.0,0.2,0.4,MT5 economic calendar (broker time UTC+3)
2026-06-22 15:30,2026-06-22,CAD,CPI y/y,PRICES,LOW,Y,3.2,2.4,2.8,MT5 economic calendar (broker time UTC+3)
2026-06-22 15:30,2026-06-22,CAD,Common CPI y/y,PRICES,LOW,Y,2.7,2.4,2.5,MT5 economic calendar (broker time UTC+3)
2026-06-22 15:30,2026-06-22,CAD,Core CPI m/m,PRICES,MODERATE,Y,0.6,0.4,0.2,MT5 economic calendar (broker time UTC+3)
2026-06-22 15:30,2026-06-22,CAD,Core CPI y/y,PRICES,MODERATE,Y,2.2,2.0,2.1,MT5 economic calendar (broker time UTC+3)
2026-06-22 15:30,2026-06-22,CAD,Median CPI y/y,PRICES,LOW,Y,2.1,2.2,2.1,MT5 economic calendar (broker time UTC+3)
2026-06-22 15:30,2026-06-22,CAD,Trimmed CPI y/y,PRICES,LOW,Y,2.0,1.9,2.0,MT5 economic calendar (broker time UTC+3)
2026-06-22 15:55,2026-06-22,EUR,12-Month BTF Auction,MARKET,LOW,Y,2.64,0.0,2.602,MT5 economic calendar (broker time UTC+3)
2026-06-22 15:55,2026-06-22,EUR,3-Month BTF Auction,MARKET,LOW,Y,2.388,0.0,2.352,MT5 economic calendar (broker time UTC+3)
2026-06-22 15:55,2026-06-22,EUR,6-Month BTF Auction,MARKET,LOW,Y,2.481,0.0,2.465,MT5 economic calendar (broker time UTC+3)
2026-06-22 16:00,2026-06-22,EUR,ECB President Lagarde Speech,MONEY,HIGH,Y,0.0,0.0,0.0,MT5 economic calendar (broker time UTC+3)
2026-06-22 16:00,2026-06-22,USD,Fed Governor Waller Speech,MONEY,MODERATE,Y,0.0,0.0,0.0,MT5 economic calendar (broker time UTC+3)
2026-06-22 17:00,2026-06-22,EUR,Consumer Confidence Index,CONSUMER,LOW,Y,-17.7,-19.5,-19.0,MT5 economic calendar (broker time UTC+3)
2026-06-22 17:10,2026-06-22,EUR,ECB Executive Board Member Lane Speech,MONEY,MODERATE,Y,0.0,0.0,0.0,MT5 economic calendar (broker time UTC+3)
2026-06-22 18:15,2026-06-22,EUR,ECB President Lagarde Speech,MONEY,HIGH,Y,0.0,0.0,0.0,MT5 economic calendar (broker time UTC+3)
2026-06-22 18:30,2026-06-22,USD,3-Month Bill Auction,MARKET,LOW,Y,3.695,0.0,3.64,MT5 economic calendar (broker time UTC+3)
2026-06-22 18:30,2026-06-22,USD,6-Month Bill Auction,MARKET,LOW,Y,3.84,0.0,3.68,MT5 economic calendar (broker time UTC+3)
2026-06-22 22:30,2026-06-22,AUD,CFTC AUD Non-Commercial Net Positions,MARKET,MODERATE,Y,-4.1,0.0,18.2,MT5 economic calendar (broker time UTC+3)
2026-06-22 22:30,2026-06-22,BRL,CFTC BRL Non-Commercial Net Positions,MARKET,MODERATE,Y,41.0,0.0,43.8,MT5 economic calendar (broker time UTC+3)
2026-06-22 22:30,2026-06-22,CAD,CFTC CAD Non-Commercial Net Positions,MARKET,LOW,Y,-132.9,0.0,-120.0,MT5 economic calendar (broker time UTC+3)
2026-06-22 22:30,2026-06-22,CHF,CFTC CHF Non-Commercial Net Positions,MARKET,LOW,Y,-40.1,0.0,-36.7,MT5 economic calendar (broker time UTC+3)
2026-06-22 22:30,2026-06-22,EUR,CFTC EUR Non-Commercial Net Positions,MARKET,MODERATE,Y,34.4,0.0,13.9,MT5 economic calendar (broker time UTC+3)
2026-06-22 22:30,2026-06-22,GBP,CFTC GBP Non-Commercial Net Positions,MARKET,MODERATE,Y,-71.6,0.0,-64.2,MT5 economic calendar (broker time UTC+3)
2026-06-22 22:30,2026-06-22,JPY,CFTC JPY Non-Commercial Net Positions,MARKET,MODERATE,Y,-150.1,0.0,-145.8,MT5 economic calendar (broker time UTC+3)
2026-06-22 22:30,2026-06-22,MXN,CFTC MXN Non-Commercial Net Positions,MARKET,LOW,Y,71.8,0.0,63.8,MT5 economic calendar (broker time UTC+3)
2026-06-22 22:30,2026-06-22,NZD,CFTC NZD Non-Commercial Net Positions,MARKET,LOW,Y,-45.2,0.0,-31.6,MT5 economic calendar (broker time UTC+3)
2026-06-22 22:30,2026-06-22,USD,CFTC Aluminium Non-Commercial Net Positions,MARKET,LOW,Y,0.1,0.0,0.4,MT5 economic calendar (broker time UTC+3)
2026-06-22 22:30,2026-06-22,USD,CFTC Copper Non-Commercial Net Positions,MARKET,LOW,Y,75.4,0.0,74.5,MT5 economic calendar (broker time UTC+3)
2026-06-22 22:30,2026-06-22,USD,CFTC Corn Non-Commercial Net Positions,MARKET,LOW,Y,77.8,0.0,103.6,MT5 economic calendar (broker time UTC+3)
2026-06-22 22:30,2026-06-22,USD,CFTC Crude Oil Non-Commercial Net Positions,MARKET,MODERATE,Y,124.5,0.0,130.3,MT5 economic calendar (broker time UTC+3)
2026-06-22 22:30,2026-06-22,USD,CFTC Gold Non-Commercial Net Positions,MARKET,MODERATE,Y,180.2,0.0,173.8,MT5 economic calendar (broker time UTC+3)
2026-06-22 22:30,2026-06-22,USD,CFTC Nasdaq 100 Non-Commercial Net Positions,MARKET,MODERATE,Y,-8.9,0.0,-1.3,MT5 economic calendar (broker time UTC+3)
2026-06-22 22:30,2026-06-22,USD,CFTC Natural Gas Non-Commercial Net Positions,MARKET,LOW,Y,-173.5,0.0,-194.0,MT5 economic calendar (broker time UTC+3)
2026-06-22 22:30,2026-06-22,USD,CFTC S&P 500 Non-Commercial Net Positions,MARKET,MODERATE,Y,-194.0,0.0,-205.6,MT5 economic calendar (broker time UTC+3)
2026-06-22 22:30,2026-06-22,USD,CFTC Silver Non-Commercial Net Positions,MARKET,LOW,Y,24.5,0.0,22.2,MT5 economic calendar (broker time UTC+3)
2026-06-22 22:30,2026-06-22,USD,CFTC Soybeans Non-Commercial Net Positions,MARKET,LOW,Y,117.6,0.0,150.5,MT5 economic calendar (broker time UTC+3)
2026-06-22 22:30,2026-06-22,USD,CFTC Wheat Non-Commercial Net Positions,MARKET,LOW,Y,-50.8,0.0,-57.9,MT5 economic calendar (broker time UTC+3)
2026-06-22 22:30,2026-06-22,ZAR,CFTC ZAR Non-Commercial Net Positions,MARKET,LOW,Y,8.1,0.0,6.5,MT5 economic calendar (broker time UTC+3)
2026-06-23 00:00,2026-06-23,KRW,Consumer Confidence,CONSUMER,LOW,Y,106.6,113.7,106.1,MT5 economic calendar (broker time UTC+3)
2026-06-23 01:00,2026-06-23,EUR,Trade Balance,TRADE,LOW,Y,-5.172,-4.863,-4.372,MT5 economic calendar (broker time UTC+3)
2026-06-23 08:00,2026-06-23,JPY,BoJ Trimmed Mean Core CPI y/y,PRICES,MODERATE,Y,2.7,2.9,2.8,MT5 economic calendar (broker time UTC+3)
2026-06-23 08:00,2026-06-23,JPY,BoJ Weighted Median Core CPI y/y,PRICES,MODERATE,Y,1.4,1.5,1.4,MT5 economic calendar (broker time UTC+3)
2026-06-23 08:00,2026-06-23,SGD,CPI y/y,PRICES,MODERATE,Y,1.8,0.0,1.8,MT5 economic calendar (broker time UTC+3)
2026-06-23 09:45,2026-06-23,EUR,Business Climate,BUSINESS,LOW,Y,100.0,101.0,102.0,MT5 economic calendar (broker time UTC+3)
2026-06-23 10:15,2026-06-23,EUR,S&P Global Composite PMI,BUSINESS,LOW,Y,47.6,46.8,44.9,MT5 economic calendar (broker time UTC+3)
2026-06-23 10:15,2026-06-23,EUR,S&P Global Manufacturing PMI,BUSINESS,MODERATE,Y,50.7,49.7,49.7,MT5 economic calendar (broker time UTC+3)
2026-06-23 10:15,2026-06-23,EUR,S&P Global Services PMI,BUSINESS,MODERATE,Y,47.4,43.8,44.3,MT5 economic calendar (broker time UTC+3)
2026-06-23 10:30,2026-06-23,EUR,S&P Global Composite PMI,BUSINESS,LOW,Y,48.0,51.3,48.8,MT5 economic calendar (broker time UTC+3)
2026-06-23 10:30,2026-06-23,EUR,S&P Global Manufacturing PMI,BUSINESS,MODERATE,Y,50.0,48.9,50.1,MT5 economic calendar (broker time UTC+3)
2026-06-23 10:30,2026-06-23,EUR,S&P Global Services PMI,BUSINESS,MODERATE,Y,46.8,52.2,48.8,MT5 economic calendar (broker time UTC+3)
2026-06-23 11:00,2026-06-23,EUR,S&P Global Composite PMI,BUSINESS,MODERATE,Y,49.5,48.4,48.5,MT5 economic calendar (broker time UTC+3)
2026-06-23 11:00,2026-06-23,EUR,S&P Global Manufacturing PMI,BUSINESS,MODERATE,Y,51.3,51.4,51.6,MT5 economic calendar (broker time UTC+3)
2026-06-23 11:00,2026-06-23,EUR,S&P Global Services PMI,BUSINESS,MODERATE,Y,48.9,47.7,47.7,MT5 economic calendar (broker time UTC+3)
2026-06-23 11:00,2026-06-23,ZAR,FNB/BER Consumer Confidence Index,CONSUMER,LOW,Y,-19.0,0.0,-7.0,MT5 economic calendar (broker time UTC+3)
2026-06-23 11:30,2026-06-23,EUR,ECB Executive Board Member Lane Speech,MONEY,MODERATE,Y,0.0,0.0,0.0,MT5 economic calendar (broker time UTC+3)
2026-06-23 11:30,2026-06-23,GBP,S&P Global/CIPS Composite PMI,BUSINESS,MODERATE,Y,49.4,0.0,49.7,MT5 economic calendar (broker time UTC+3)
2026-06-23 11:30,2026-06-23,GBP,S&P Global/CIPS Manufacturing PMI,BUSINESS,MODERATE,Y,53.1,54.3,53.9,MT5 economic calendar (broker time UTC+3)
2026-06-23 11:30,2026-06-23,GBP,S&P Global/CIPS Services PMI,BUSINESS,MODERATE,Y,48.7,51.2,49.3,MT5 economic calendar (broker time UTC+3)
2026-06-23 11:30,2026-06-23,HKD,CPI y/y,PRICES,LOW,Y,2.0,1.3,1.7,MT5 economic calendar (broker time UTC+3)
2026-06-23 11:35,2026-06-23,EUR,Bbk Executive Board Member Mauderer Speech,MONEY,MODERATE,Y,0.0,0.0,0.0,MT5 economic calendar (broker time UTC+3)
2026-06-23 12:30,2026-06-23,EUR,2-Year Note Auction,MARKET,LOW,Y,2.57,0.0,2.59,MT5 economic calendar (broker time UTC+3)
2026-06-23 15:00,2026-06-23,MXN,Economic Activity m/m,BUSINESS,LOW,Y,1.2,0.0,0.4,MT5 economic calendar (broker time UTC+3)
2026-06-23 15:00,2026-06-23,MXN,Economic Activity n.s.a. y/y,BUSINESS,LOW,Y,2.3,0.5,1.4,MT5 economic calendar (broker time UTC+3)
2026-06-23 15:00,2026-06-23,MXN,Retail Sales m/m,CONSUMER,LOW,Y,0.8,-0.1,0.1,MT5 economic calendar (broker time UTC+3)
2026-06-23 15:00,2026-06-23,MXN,Retail Sales n.s.a. y/y,CONSUMER,LOW,Y,4.4,3.0,2.9,MT5 economic calendar (broker time UTC+3)
2026-06-23 16:15,2026-06-23,EUR,ECB Executive Board Member Elderson Speech,MONEY,MODERATE,Y,0.0,0.0,0.0,MT5 economic calendar (broker time UTC+3)
2026-06-23 17:00,2026-06-23,USD,Richmond Fed Manufacturing Index,BUSINESS,LOW,Y,4.0,11.0,13.0,MT5 economic calendar (broker time UTC+3)
2026-06-23 17:00,2026-06-23,USD,Richmond Fed Manufacturing Shipments,BUSINESS,LOW,Y,3.0,0.0,16.0,MT5 economic calendar (broker time UTC+3)
2026-06-23 17:00,2026-06-23,USD,Richmond Fed Services Revenues,BUSINESS,LOW,Y,-1.0,13.0,14.0,MT5 economic calendar (broker time UTC+3)
2026-06-23 20:00,2026-06-23,USD,2-Year Note Auction,MARKET,MODERATE,Y,4.189,0.0,4.071,MT5 economic calendar (broker time UTC+3)
2026-06-23 20:30,2026-06-23,GBP,BoE MPC Member Dhingra Speech,MONEY,MODERATE,Y,0.0,0.0,0.0,MT5 economic calendar (broker time UTC+3)
2026-06-24 02:50,2026-06-24,JPY,BoJ Corporate Services Price Index y/y,PRICES,LOW,Y,3.3,2.9,3.0,MT5 economic calendar (broker time UTC+3)
2026-06-24 02:50,2026-06-24,JPY,BoJ Summary of Opinions,MONEY,MODERATE,Y,0.0,0.0,0.0,MT5 economic calendar (broker time UTC+3)
2026-06-24 09:00,2026-06-24,NOK,Unemployment Rate,JOBS,LOW,Y,4.4,4.7,4.6,MT5 economic calendar (broker time UTC+3)
2026-06-24 10:30,2026-06-24,SEK,Riksbank Monetary Policy Meeting Minutes,MONEY,MODERATE,Y,0.0,0.0,0.0,MT5 economic calendar (broker time UTC+3)
2026-06-24 11:00,2026-06-24,CHF,Credit Suisse Economic Expectations,BUSINESS,LOW,Y,-25.0,55.9,-11.1,MT5 economic calendar (broker time UTC+3)
2026-06-24 11:00,2026-06-24,EUR,Ifo Business Climate,BUSINESS,MODERATE,Y,85.6,0.0,84.9,MT5 economic calendar (broker time UTC+3)
2026-06-24 11:00,2026-06-24,EUR,Ifo Business Expectations,BUSINESS,MODERATE,Y,84.1,0.0,83.8,MT5 economic calendar (broker time UTC+3)
2026-06-24 11:00,2026-06-24,EUR,Ifo Current Business Situation,BUSINESS,MODERATE,Y,87.0,0.0,86.1,MT5 economic calendar (broker time UTC+3)
2026-06-24 12:30,2026-06-24,EUR,30-Year Bond Auction,MARKET,LOW,Y,2.96,0.0,3.49,MT5 economic calendar (broker time UTC+3)
2026-06-24 12:30,2026-06-24,GBP,5-Year Treasury Gilt Auction,MARKET,LOW,Y,4.284,0.0,4.277,MT5 economic calendar (broker time UTC+3)
2026-06-24 12:40,2026-06-24,EUR,10-Year Bond Auction,MARKET,MODERATE,Y,2.96,0.0,3.06,MT5 economic calendar (broker time UTC+3)
2026-06-24 13:26,2026-06-24,EUR,2-Year CTZ Auction,MARKET,LOW,Y,2.74,0.0,2.73,MT5 economic calendar (broker time UTC+3)
2026-06-24 14:00,2026-06-24,BRL,FGV Consumer Confidence,CONSUMER,LOW,Y,88.7,88.5,88.8,MT5 economic calendar (broker time UTC+3)
2026-06-24 14:30,2026-06-24,EUR,Bbk Executive Board Member Balz Speech,MONEY,MODERATE,Y,0.0,0.0,0.0,MT5 economic calendar (broker time UTC+3)
2026-06-24 15:00,2026-06-24,MXN,First Half-Month CPI m/m,PRICES,LOW,Y,-0.11,0.08,-0.16,MT5 economic calendar (broker time UTC+3)
2026-06-24 15:00,2026-06-24,MXN,First Half-Month Core CPI m/m,PRICES,LOW,Y,0.19,0.23,0.13,MT5 economic calendar (broker time UTC+3)
2026-06-24 15:30,2026-06-24,USD,Current Account,TRADE,MODERATE,Y,-226.828,-291.647,-190.745,MT5 economic calendar (broker time UTC+3)
2026-06-24 16:00,2026-06-24,CHF,SNB Quarterly Bulletin,MONEY,MODERATE,Y,0.0,0.0,0.0,MT5 economic calendar (broker time UTC+3)
2026-06-24 17:00,2026-06-24,USD,New Home Sales,HOUSING,HIGH,Y,0.58,0.71,0.622,MT5 economic calendar (broker time UTC+3)
2026-06-24 17:00,2026-06-24,USD,New Home Sales m/m,HOUSING,MODERATE,Y,-7.3,-3.0,-6.2,MT5 economic calendar (broker time UTC+3)
2026-06-24 17:30,2026-06-24,USD,EIA Crude Oil Imports Change,BUSINESS,LOW,Y,0.094,0.077,-0.241,MT5 economic calendar (broker time UTC+3)
2026-06-24 17:30,2026-06-24,USD,EIA Crude Oil Stocks Change,BUSINESS,HIGH,Y,-6.088,-4.715,-8.263,MT5 economic calendar (broker time UTC+3)
2026-06-24 17:30,2026-06-24,USD,EIA Cushing Crude Oil Stocks Change,BUSINESS,MODERATE,Y,-1.077,-0.499,-1.606,MT5 economic calendar (broker time UTC+3)
2026-06-24 17:30,2026-06-24,USD,EIA Distillate Fuel Production Change,BUSINESS,LOW,Y,0.055,-0.031,-0.029,MT5 economic calendar (broker time UTC+3)
2026-06-24 17:30,2026-06-24,USD,EIA Distillates Stocks Change,BUSINESS,LOW,Y,3.064,-0.323,0.951,MT5 economic calendar (broker time UTC+3)
2026-06-24 17:30,2026-06-24,USD,EIA Gasoline Production Change,BUSINESS,LOW,Y,-0.588,-0.417,0.356,MT5 economic calendar (broker time UTC+3)
2026-06-24 17:30,2026-06-24,USD,EIA Gasoline Stocks Change,BUSINESS,LOW,Y,2.064,0.443,-0.906,MT5 economic calendar (broker time UTC+3)
2026-06-24 17:30,2026-06-24,USD,EIA Heating Oil Stocks Change,BUSINESS,LOW,Y,0.722,0.138,-0.204,MT5 economic calendar (broker time UTC+3)
2026-06-24 17:30,2026-06-24,USD,EIA Refinery Crude Oil Daily Inputs Change,BUSINESS,LOW,Y,-0.081,0.0,0.23,MT5 economic calendar (broker time UTC+3)
2026-06-24 17:30,2026-06-24,USD,EIA Refinery Utilization Rate Change,BUSINESS,LOW,Y,-0.6,0.0,1.4,MT5 economic calendar (broker time UTC+3)
2026-06-24 18:00,2026-06-24,GBP,BoE MPC Member Dhingra Speech,MONEY,MODERATE,Y,0.0,0.0,0.0,MT5 economic calendar (broker time UTC+3)
2026-06-24 20:00,2026-06-24,USD,5-Year Note Auction,MARKET,MODERATE,Y,4.2,0.0,4.182,MT5 economic calendar (broker time UTC+3)
2026-06-24 20:30,2026-06-24,BRL,Foreign Exchange Flows,MONEY,LOW,Y,4.066,-0.099,1.542,MT5 economic calendar (broker time UTC+3)
2026-06-24 21:00,2026-06-24,USD,Fed Governor Cook Speech,MONEY,MODERATE,Y,0.0,0.0,0.0,MT5 economic calendar (broker time UTC+3)
2026-06-25 00:00,2026-06-25,BRL,BCB National Monetary Council Meeting,MONEY,MODERATE,Y,0.0,0.0,0.0,MT5 economic calendar (broker time UTC+3)
2026-06-25 00:00,2026-06-25,KRW,BOK Manufacturing BSI,BUSINESS,LOW,Y,79.0,0.0,80.0,MT5 economic calendar (broker time UTC+3)
2026-06-25 02:50,2026-06-25,JPY,Foreign Bond Investment,GOVERNMENT,LOW,Y,199.7,0.0,382.6,MT5 economic calendar (broker time UTC+3)
2026-06-25 02:50,2026-06-25,JPY,Foreign Investment in Japan Stocks,GOVERNMENT,LOW,Y,479.4,0.0,-785.1,MT5 economic calendar (broker time UTC+3)
2026-06-25 04:00,2026-06-25,JPY,BoJ Board Member Tamura Speech,MONEY,MODERATE,Y,0.0,0.0,0.0,MT5 economic calendar (broker time UTC+3)
2026-06-25 04:30,2026-06-25,AUD,Employment Change,JOBS,MODERATE,Y,40.3,15.8,-18.6,MT5 economic calendar (broker time UTC+3)
2026-06-25 04:30,2026-06-25,AUD,Full-Time Employment Change,JOBS,MODERATE,Y,5.2,0.0,-10.7,MT5 economic calendar (broker time UTC+3)
2026-06-25 04:30,2026-06-25,AUD,Participation Rate,JOBS,LOW,Y,66.7,66.7,66.7,MT5 economic calendar (broker time UTC+3)
2026-06-25 04:30,2026-06-25,AUD,Unemployment Rate,JOBS,MODERATE,Y,4.4,4.3,4.5,MT5 economic calendar (broker time UTC+3)
2026-06-25 08:00,2026-06-25,JPY,Coincident Index,BUSINESS,LOW,Y,118.1,0.0,117.9,MT5 economic calendar (broker time UTC+3)
2026-06-25 08:00,2026-06-25,JPY,Coincident Index m/m,BUSINESS,LOW,Y,1.3,0.0,1.1,MT5 economic calendar (broker time UTC+3)
2026-06-25 08:00,2026-06-25,JPY,Leading Index,BUSINESS,LOW,Y,116.1,0.0,115.9,MT5 economic calendar (broker time UTC+3)
2026-06-25 08:00,2026-06-25,JPY,Leading Index m/m,BUSINESS,LOW,Y,0.7,0.0,0.5,MT5 economic calendar (broker time UTC+3)
2026-06-25 09:00,2026-06-25,EUR,GfK Consumer Climate,CONSUMER,MODERATE,Y,-29.2,0.0,-29.8,MT5 economic calendar (broker time UTC+3)
2026-06-25 09:45,2026-06-25,EUR,Consumer Confidence Index,CONSUMER,LOW,Y,84.0,85.0,82.0,MT5 economic calendar (broker time UTC+3)
2026-06-25 10:00,2026-06-25,EUR,GDP q/q,GDP,MODERATE,Y,0.6,0.9,0.8,MT5 economic calendar (broker time UTC+3)
2026-06-25 10:00,2026-06-25,EUR,GDP y/y,GDP,LOW,Y,2.7,2.7,2.6,MT5 economic calendar (broker time UTC+3)
2026-06-25 10:00,2026-06-25,EUR,PPI y/y,PRICES,LOW,Y,10.5,12.0,8.3,MT5 economic calendar (broker time UTC+3)
2026-06-25 11:00,2026-06-25,EUR,ECB Economic Bulletin,MONEY,MODERATE,Y,0.0,0.0,0.0,MT5 economic calendar (broker time UTC+3)
2026-06-25 11:00,2026-06-25,EUR,Industrial Sales  y/y,BUSINESS,LOW,Y,3.2,0.8,4.4,MT5 economic calendar (broker time UTC+3)
2026-06-25 11:00,2026-06-25,EUR,Industrial Sales m/m,BUSINESS,LOW,Y,0.3,-0.4,2.0,MT5 economic calendar (broker time UTC+3)
2026-06-25 11:30,2026-06-25,HKD,Exports y/y,TRADE,LOW,Y,40.8,41.9,42.9,MT5 economic calendar (broker time UTC+3)
2026-06-25 11:30,2026-06-25,HKD,Imports y/y,TRADE,LOW,Y,42.0,38.4,44.4,MT5 economic calendar (broker time UTC+3)
2026-06-25 11:30,2026-06-25,HKD,Trade Balance,TRADE,LOW,Y,-44.2,-47.103,-29.5,MT5 economic calendar (broker time UTC+3)
2026-06-25 12:30,2026-06-25,EUR,6-Month BOT Auction,MARKET,LOW,Y,2.479,0.0,2.411,MT5 economic calendar (broker time UTC+3)
2026-06-25 12:30,2026-06-25,ZAR,PPI m/m,PRICES,LOW,Y,2.6,2.6,3.0,MT5 economic calendar (broker time UTC+3)
2026-06-25 12:30,2026-06-25,ZAR,PPI y/y,PRICES,LOW,Y,7.8,4.1,4.8,MT5 economic calendar (broker time UTC+3)
2026-06-25 13:00,2026-06-25,EUR,ECB Executive Board Member Lane Speech,MONEY,MODERATE,Y,0.0,0.0,0.0,MT5 economic calendar (broker time UTC+3)
2026-06-25 14:00,2026-06-25,BRL,BCB Inflation Report,PRICES,MODERATE,Y,0.0,0.0,0.0,MT5 economic calendar (broker time UTC+3)
2026-06-25 14:36,2026-06-25,INR,RBI M3 Money Supply y/y,MONEY,LOW,Y,11.9,13.1,12.0,MT5 economic calendar (broker time UTC+3)
2026-06-25 15:00,2026-06-25,BRL,Mid-Month CPI m/m,PRICES,LOW,Y,0.41,0.0,0.62,MT5 economic calendar (broker time UTC+3)
2026-06-25 15:00,2026-06-25,BRL,Mid-Month CPI y/y,PRICES,LOW,Y,4.8,0.0,4.64,MT5 economic calendar (broker time UTC+3)
2026-06-25 15:00,2026-06-25,MXN,Unemployment Rate,JOBS,LOW,Y,2.8,2.5,2.5,MT5 economic calendar (broker time UTC+3)
2026-06-25 15:00,2026-06-25,MXN,Unemployment Rate n.s.a.,JOBS,LOW,Y,2.7,2.8,2.6,MT5 economic calendar (broker time UTC+3)
2026-06-25 15:30,2026-06-25,USD,Chicago Fed National Activity Index,BUSINESS,LOW,Y,-0.1,0.05,0.14,MT5 economic calendar (broker time UTC+3)
2026-06-25 15:30,2026-06-25,USD,Continuing Jobless Claims,JOBS,MODERATE,Y,1.821,1.832,1.81,MT5 economic calendar (broker time UTC+3)
2026-06-25 15:30,2026-06-25,USD,Core Durable Goods Orders m/m,BUSINESS,MODERATE,Y,1.3,0.5,1.1,MT5 economic calendar (broker time UTC+3)
2026-06-25 15:30,2026-06-25,USD,Core PCE Price Index m/m,PRICES,HIGH,Y,0.3,0.1,0.2,MT5 economic calendar (broker time UTC+3)
2026-06-25 15:30,2026-06-25,USD,Core PCE Price Index q/q,PRICES,LOW,Y,4.4,4.4,4.4,MT5 economic calendar (broker time UTC+3)
2026-06-25 15:30,2026-06-25,USD,Core PCE Price Index y/y,PRICES,HIGH,Y,3.4,3.4,3.3,MT5 economic calendar (broker time UTC+3)
2026-06-25 15:30,2026-06-25,USD,Corporate Profits q/q,BUSINESS,LOW,Y,0.5,-0.4,-0.4,MT5 economic calendar (broker time UTC+3)
2026-06-25 15:30,2026-06-25,USD,Durable Goods Orders excl. Defense m/m,BUSINESS,LOW,Y,-4.6,5.2,8.1,MT5 economic calendar (broker time UTC+3)
2026-06-25 15:30,2026-06-25,USD,Durable Goods Orders m/m,BUSINESS,HIGH,Y,-4.5,0.6,7.9,MT5 economic calendar (broker time UTC+3)
2026-06-25 15:30,2026-06-25,USD,GDP Price Index q/q,PRICES,LOW,Y,3.6,3.5,3.5,MT5 economic calendar (broker time UTC+3)
2026-06-25 15:30,2026-06-25,USD,GDP Sales q/q,GDP,HIGH,Y,1.9,1.5,1.5,MT5 economic calendar (broker time UTC+3)
2026-06-25 15:30,2026-06-25,USD,GDP q/q,GDP,HIGH,Y,2.1,1.6,1.6,MT5 economic calendar (broker time UTC+3)
2026-06-25 15:30,2026-06-25,USD,Initial Jobless Claims,JOBS,HIGH,Y,215.0,222.0,226.0,MT5 economic calendar (broker time UTC+3)
2026-06-25 15:30,2026-06-25,USD,Initial Jobless Claims 4-Week Average,JOBS,LOW,Y,224.25,223.625,223.25,MT5 economic calendar (broker time UTC+3)
2026-06-25 15:30,2026-06-25,USD,Nondefense Capital Goods Orders excl. Aircraft m/m,BUSINESS,LOW,Y,1.6,-0.5,-1.1,MT5 economic calendar (broker time UTC+3)
2026-06-25 15:30,2026-06-25,USD,Nondefense Capital Goods Shipments excl. Aircraft m/m,BUSINESS,LOW,Y,0.3,-0.1,0.4,MT5 economic calendar (broker time UTC+3)
2026-06-25 15:30,2026-06-25,USD,PCE Price Index m/m,PRICES,MODERATE,Y,0.4,0.4,0.4,MT5 economic calendar (broker time UTC+3)
2026-06-25 15:30,2026-06-25,USD,PCE Price Index q/q,PRICES,LOW,Y,4.6,4.5,4.5,MT5 economic calendar (broker time UTC+3)
2026-06-25 15:30,2026-06-25,USD,PCE Price Index y/y,PRICES,MODERATE,Y,4.1,4.1,3.8,MT5 economic calendar (broker time UTC+3)
2026-06-25 15:30,2026-06-25,USD,Personal Income m/m,CONSUMER,LOW,Y,0.7,0.1,0.0,MT5 economic calendar (broker time UTC+3)
2026-06-25 15:30,2026-06-25,USD,Personal Spending m/m,CONSUMER,MODERATE,Y,0.7,0.5,0.5,MT5 economic calendar (broker time UTC+3)
2026-06-25 15:30,2026-06-25,USD,Real PCE m/m,CONSUMER,LOW,Y,0.3,0.2,0.1,MT5 economic calendar (broker time UTC+3)
2026-06-25 15:30,2026-06-25,USD,Real PCE q/q,CONSUMER,MODERATE,Y,0.5,1.4,1.4,MT5 economic calendar (broker time UTC+3)
2026-06-25 15:45,2026-06-25,USD,Fed Governor Bowman Speech,MONEY,MODERATE,Y,0.0,0.0,0.0,MT5 economic calendar (broker time UTC+3)
2026-06-25 17:30,2026-06-25,USD,EIA Natural Gas Storage Change,BUSINESS,LOW,Y,76.0,75.0,73.0,MT5 economic calendar (broker time UTC+3)
2026-06-25 18:00,2026-06-25,USD,Kansas City Fed Manufacturing Composite Index,BUSINESS,LOW,Y,11.0,5.0,8.0,MT5 economic calendar (broker time UTC+3)
2026-06-25 18:00,2026-06-25,USD,Kansas City Fed Manufacturing Production,BUSINESS,LOW,Y,19.0,12.0,9.0,MT5 economic calendar (broker time UTC+3)
2026-06-25 18:25,2026-06-25,USD,Dallas Fed Trimmed Mean PCE Inflation Rate,PRICES,LOW,Y,2.8,2.3,2.6,MT5 economic calendar (broker time UTC+3)
2026-06-25 18:30,2026-06-25,USD,4-Week Bill Auction,MARKET,LOW,Y,3.61,0.0,3.58,MT5 economic calendar (broker time UTC+3)
2026-06-25 18:30,2026-06-25,USD,8-Week Bill Auction,MARKET,LOW,Y,3.66,0.0,3.64,MT5 economic calendar (broker time UTC+3)
2026-06-25 20:00,2026-06-25,USD,7-Year Note Auction,MARKET,MODERATE,Y,4.26,0.0,4.29,MT5 economic calendar (broker time UTC+3)
2026-06-25 22:00,2026-06-25,MXN,Bank of Mexico Interest Rate Decision,MONEY,MODERATE,Y,6.5,0.0,6.5,MT5 economic calendar (broker time UTC+3)
2026-06-26 00:00,2026-06-26,INR,Muharram,HOLIDAYS,NONE,Y,0.0,0.0,0.0,MT5 economic calendar (broker time UTC+3)
2026-06-26 02:30,2026-06-26,JPY,Tokyo CPI excl. Food and Energy y/y,PRICES,HIGH,Y,1.9,1.8,1.6,MT5 economic calendar (broker time UTC+3)
2026-06-26 02:30,2026-06-26,JPY,Tokyo CPI s.a. m/m,PRICES,LOW,Y,0.3,0.0,0.2,MT5 economic calendar (broker time UTC+3)
2026-06-26 02:30,2026-06-26,JPY,Tokyo CPI y/y,PRICES,LOW,Y,1.7,1.1,1.4,MT5 economic calendar (broker time UTC+3)
2026-06-26 02:30,2026-06-26,JPY,Tokyo Core CPI y/y,PRICES,MODERATE,Y,1.6,1.7,1.3,MT5 economic calendar (broker time UTC+3)
2026-06-26 08:00,2026-06-26,SGD,Industrial Production m/m,BUSINESS,LOW,Y,-0.7,0.0,5.8,MT5 economic calendar (broker time UTC+3)
2026-06-26 08:00,2026-06-26,SGD,Industrial Production y/y,BUSINESS,LOW,Y,13.0,0.0,17.6,MT5 economic calendar (broker time UTC+3)
2026-06-26 09:00,2026-06-26,NOK,Retail Sales m/m,CONSUMER,LOW,Y,-2.1,0.2,0.3,MT5 economic calendar (broker time UTC+3)
2026-06-26 09:00,2026-06-26,NOK,Retail Sales y/y,CONSUMER,LOW,Y,-2.5,3.3,0.9,MT5 economic calendar (broker time UTC+3)
2026-06-26 09:00,2026-06-26,SEK,Households Loans y/y,MONEY,LOW,Y,3.1,0.0,3.0,MT5 economic calendar (broker time UTC+3)
2026-06-26 09:00,2026-06-26,SEK,M3 Money Supply y/y,MONEY,LOW,Y,3.9,0.0,3.3,MT5 economic calendar (broker time UTC+3)
2026-06-26 09:00,2026-06-26,SEK,Non-Financial Corporations Loans y/y,MONEY,LOW,Y,3.3,0.0,3.1,MT5 economic calendar (broker time UTC+3)
2026-06-26 09:00,2026-06-26,SEK,PPI m/m,PRICES,LOW,Y,1.3,-0.1,1.1,MT5 economic calendar (broker time UTC+3)
2026-06-26 09:00,2026-06-26,SEK,PPI y/y,PRICES,LOW,Y,6.6,7.0,4.7,MT5 economic calendar (broker time UTC+3)
2026-06-26 12:00,2026-06-26,EUR,Business Confidence,BUSINESS,LOW,Y,88.4,88.2,87.9,MT5 economic calendar (broker time UTC+3)
2026-06-26 12:00,2026-06-26,EUR,Consumer Confidence,CONSUMER,LOW,Y,92.4,95.5,93.4,MT5 economic calendar (broker time UTC+3)
2026-06-26 12:47,2026-06-26,EUR,10-Year BTP Auction,MARKET,LOW,Y,3.63,0.0,3.77,MT5 economic calendar (broker time UTC+3)
2026-06-26 12:47,2026-06-26,EUR,5-Year BTP Auction,MARKET,LOW,Y,3.03,0.0,3.16,MT5 economic calendar (broker time UTC+3)
2026-06-26 13:00,2026-06-26,EUR,Jobseekers Total,JOBS,MODERATE,Y,3115.6,3073.6,3100.1,MT5 economic calendar (broker time UTC+3)
2026-06-26 13:00,2026-06-26,EUR,Trade Balance Non-EU,TRADE,LOW,Y,3.843,0.0,3.846,MT5 economic calendar (broker time UTC+3)
2026-06-26 14:30,2026-06-26,BRL,Current Account,TRADE,LOW,Y,-3.185,-5.583,-1.765,MT5 economic calendar (broker time UTC+3)
2026-06-26 14:30,2026-06-26,BRL,Foreign Direct Investment,MONEY,LOW,Y,7.974,5.781,8.912,MT5 economic calendar (broker time UTC+3)
2026-06-26 14:30,2026-06-26,INR,Bank Loan Growth y/y,MONEY,LOW,Y,17.7,16.7,17.7,MT5 economic calendar (broker time UTC+3)
2026-06-26 14:30,2026-06-26,INR,Deposit Growth y/y,MONEY,LOW,Y,12.0,12.3,12.2,MT5 economic calendar (broker time UTC+3)
2026-06-26 14:30,2026-06-26,INR,Foreign Exchange Reserves,MONEY,LOW,Y,672.587,681.44,671.625,MT5 economic calendar (broker time UTC+3)
2026-06-26 15:00,2026-06-26,BRL,Unemployment Rate 3-months,JOBS,MODERATE,Y,5.6,0.0,5.8,MT5 economic calendar (broker time UTC+3)
2026-06-26 15:00,2026-06-26,MXN,Trade Balance,TRADE,LOW,Y,0.638,1.699,3.351,MT5 economic calendar (broker time UTC+3)
2026-06-26 15:00,2026-06-26,MXN,Trade Balance n.s.a.,TRADE,LOW,Y,2.259,2.034,4.52,MT5 economic calendar (broker time UTC+3)
2026-06-26 15:30,2026-06-26,USD,Goods Trade Balance,TRADE,MODERATE,Y,-105.755,-85.35,-82.4,MT5 economic calendar (broker time UTC+3)
2026-06-26 15:30,2026-06-26,USD,Retail Inventories excl. Autos m/m,CONSUMER,MODERATE,Y,0.4,0.0,0.6,MT5 economic calendar (broker time UTC+3)
2026-06-26 15:30,2026-06-26,USD,Retail Inventories m/m,CONSUMER,MODERATE,Y,0.6,0.4,0.7,MT5 economic calendar (broker time UTC+3)
2026-06-26 15:30,2026-06-26,USD,Wholesale Inventories m/m,BUSINESS,LOW,Y,0.3,0.7,0.6,MT5 economic calendar (broker time UTC+3)
2026-06-26 17:00,2026-06-26,USD,Michigan 5-Year Inflation Expectations,PRICES,MODERATE,Y,3.3,3.4,3.4,MT5 economic calendar (broker time UTC+3)
2026-06-26 17:00,2026-06-26,USD,Michigan Consumer Expectations,CONSUMER,MODERATE,Y,50.7,49.3,49.3,MT5 economic calendar (broker time UTC+3)
2026-06-26 17:00,2026-06-26,USD,Michigan Consumer Sentiment,CONSUMER,MODERATE,Y,49.5,48.9,48.9,MT5 economic calendar (broker time UTC+3)
2026-06-26 17:00,2026-06-26,USD,Michigan Current Conditions,CONSUMER,LOW,Y,47.7,48.4,48.4,MT5 economic calendar (broker time UTC+3)
2026-06-26 17:00,2026-06-26,USD,Michigan Inflation Expectations,PRICES,MODERATE,Y,4.6,4.6,4.6,MT5 economic calendar (broker time UTC+3)
2026-06-26 20:00,2026-06-26,USD,Baker Hughes US Oil Rig Count,BUSINESS,MODERATE,Y,440.0,0.0,433.0,MT5 economic calendar (broker time UTC+3)
2026-06-26 20:00,2026-06-26,USD,Baker Hughes US Total Rig Count,BUSINESS,MODERATE,Y,573.0,0.0,563.0,MT5 economic calendar (broker time UTC+3)
2026-06-26 22:30,2026-06-26,AUD,CFTC AUD Non-Commercial Net Positions,MARKET,MODERATE,Y,-13.0,0.0,-4.1,MT5 economic calendar (broker time UTC+3)
2026-06-26 22:30,2026-06-26,BRL,CFTC BRL Non-Commercial Net Positions,MARKET,MODERATE,Y,43.7,0.0,41.0,MT5 economic calendar (broker time UTC+3)
2026-06-26 22:30,2026-06-26,CAD,CFTC CAD Non-Commercial Net Positions,MARKET,LOW,Y,-146.8,0.0,-132.9,MT5 economic calendar (broker time UTC+3)
2026-06-26 22:30,2026-06-26,CHF,CFTC CHF Non-Commercial Net Positions,MARKET,LOW,Y,-41.1,0.0,-40.1,MT5 economic calendar (broker time UTC+3)
2026-06-26 22:30,2026-06-26,EUR,CFTC EUR Non-Commercial Net Positions,MARKET,MODERATE,Y,30.2,0.0,34.4,MT5 economic calendar (broker time UTC+3)
2026-06-26 22:30,2026-06-26,GBP,CFTC GBP Non-Commercial Net Positions,MARKET,MODERATE,Y,-105.7,0.0,-71.6,MT5 economic calendar (broker time UTC+3)
2026-06-26 22:30,2026-06-26,JPY,CFTC JPY Non-Commercial Net Positions,MARKET,MODERATE,Y,-146.1,0.0,-150.1,MT5 economic calendar (broker time UTC+3)
2026-06-26 22:30,2026-06-26,MXN,CFTC MXN Non-Commercial Net Positions,MARKET,LOW,Y,74.2,0.0,71.8,MT5 economic calendar (broker time UTC+3)
2026-06-26 22:30,2026-06-26,NZD,CFTC NZD Non-Commercial Net Positions,MARKET,LOW,Y,-54.8,0.0,-45.2,MT5 economic calendar (broker time UTC+3)
2026-06-26 22:30,2026-06-26,USD,CFTC Aluminium Non-Commercial Net Positions,MARKET,LOW,Y,0.8,0.0,0.1,MT5 economic calendar (broker time UTC+3)
2026-06-26 22:30,2026-06-26,USD,CFTC Copper Non-Commercial Net Positions,MARKET,LOW,Y,71.6,0.0,75.4,MT5 economic calendar (broker time UTC+3)
2026-06-26 22:30,2026-06-26,USD,CFTC Corn Non-Commercial Net Positions,MARKET,LOW,Y,58.3,0.0,77.8,MT5 economic calendar (broker time UTC+3)
2026-06-26 22:30,2026-06-26,USD,CFTC Crude Oil Non-Commercial Net Positions,MARKET,MODERATE,Y,114.6,0.0,124.5,MT5 economic calendar (broker time UTC+3)
2026-06-26 22:30,2026-06-26,USD,CFTC Gold Non-Commercial Net Positions,MARKET,MODERATE,Y,181.3,0.0,180.2,MT5 economic calendar (broker time UTC+3)
2026-06-26 22:30,2026-06-26,USD,CFTC Nasdaq 100 Non-Commercial Net Positions,MARKET,MODERATE,Y,-9.1,0.0,-8.9,MT5 economic calendar (broker time UTC+3)
2026-06-26 22:30,2026-06-26,USD,CFTC Natural Gas Non-Commercial Net Positions,MARKET,LOW,Y,-176.7,0.0,-173.5,MT5 economic calendar (broker time UTC+3)
2026-06-26 22:30,2026-06-26,USD,CFTC S&P 500 Non-Commercial Net Positions,MARKET,MODERATE,Y,-35.4,0.0,-194.0,MT5 economic calendar (broker time UTC+3)
2026-06-26 22:30,2026-06-26,USD,CFTC Silver Non-Commercial Net Positions,MARKET,LOW,Y,23.8,0.0,24.5,MT5 economic calendar (broker time UTC+3)
2026-06-26 22:30,2026-06-26,USD,CFTC Soybeans Non-Commercial Net Positions,MARKET,LOW,Y,100.8,0.0,117.6,MT5 economic calendar (broker time UTC+3)
2026-06-26 22:30,2026-06-26,USD,CFTC Wheat Non-Commercial Net Positions,MARKET,LOW,Y,-48.4,0.0,-50.8,MT5 economic calendar (broker time UTC+3)
2026-06-26 22:30,2026-06-26,ZAR,CFTC ZAR Non-Commercial Net Positions,MARKET,LOW,Y,9.8,0.0,8.1,MT5 economic calendar (broker time UTC+3)
2026-06-27 04:30,2026-06-27,CNY,Industrial Profit YTD y/y,BUSINESS,LOW,Y,18.8,0.0,18.2,MT5 economic calendar (broker time UTC+3)
2026-06-27 16:45,2026-06-27,EUR,ECB Executive Board Member Schnabel Speech,MONEY,MODERATE,Y,0.0,0.0,0.0,MT5 economic calendar (broker time UTC+3)
2026-06-29 02:50,2026-06-29,JPY,Large Retailer's Sales y/y,CONSUMER,MODERATE,Y,5.0,2.2,2.0,MT5 economic calendar (broker time UTC+3)
2026-06-29 02:50,2026-06-29,JPY,Retail Sales m/m,CONSUMER,HIGH,Y,1.9,-1.2,1.3,MT5 economic calendar (broker time UTC+3)
2026-06-29 02:50,2026-06-29,JPY,Retail Sales y/y,CONSUMER,LOW,Y,5.3,1.6,2.1,MT5 economic calendar (broker time UTC+3)
2026-06-29 08:00,2026-06-29,GBP,BoE MPC Member Pill Speech,MONEY,MODERATE,Y,0.0,0.0,0.0,MT5 economic calendar (broker time UTC+3)
2026-06-29 09:00,2026-06-29,SEK,Goods Trade Balance,TRADE,LOW,Y,2.9,0.0,-7.3,MT5 economic calendar (broker time UTC+3)
2026-06-29 10:00,2026-06-29,EUR,CPI m/m,PRICES,LOW,Y,0.6,0.4,0.1,MT5 economic calendar (broker time UTC+3)
2026-06-29 10:00,2026-06-29,EUR,CPI y/y,PRICES,MODERATE,Y,3.2,3.1,3.2,MT5 economic calendar (broker time UTC+3)
2026-06-29 10:00,2026-06-29,EUR,HICP m/m,PRICES,LOW,Y,0.6,-0.2,0.1,MT5 economic calendar (broker time UTC+3)
2026-06-29 10:00,2026-06-29,EUR,HICP y/y,PRICES,MODERATE,Y,3.6,3.6,3.6,MT5 economic calendar (broker time UTC+3)
2026-06-29 10:00,2026-06-29,EUR,Retail Sales y/y,CONSUMER,LOW,Y,1.3,0.0,0.8,MT5 economic calendar (broker time UTC+3)
2026-06-29 11:00,2026-06-29,EUR,ECB Households Loans y/y,MONEY,MODERATE,Y,3.1,3.0,3.0,MT5 economic calendar (broker time UTC+3)
2026-06-29 11:00,2026-06-29,EUR,ECB M3 Money Supply y/y,MONEY,LOW,Y,3.2,2.8,2.7,MT5 economic calendar (broker time UTC+3)
2026-06-29 11:00,2026-06-29,EUR,ECB Non-Financial Corporations Loans y/y,MONEY,LOW,Y,4.0,3.3,3.4,MT5 economic calendar (broker time UTC+3)
2026-06-29 11:00,2026-06-29,EUR,ECB Private Sector Loans y/y,MONEY,LOW,Y,3.9,3.5,3.5,MT5 economic calendar (broker time UTC+3)
2026-06-29 11:30,2026-06-29,GBP,BoE Consumer Credit m/m,CONSUMER,LOW,Y,1.662,1.642,1.895,MT5 economic calendar (broker time UTC+3)
2026-06-29 11:30,2026-06-29,GBP,BoE M4 Money Supply m/m,MONEY,LOW,Y,0.1,0.2,0.8,MT5 economic calendar (broker time UTC+3)
2026-06-29 11:30,2026-06-29,GBP,BoE Mortgage Approvals,HOUSING,LOW,Y,56.205,63.712,63.531,MT5 economic calendar (broker time UTC+3)
2026-06-29 11:30,2026-06-29,GBP,BoE Mortgage Lending m/m,HOUSING,LOW,Y,2.889,5.521,6.152,MT5 economic calendar (broker time UTC+3)
2026-06-29 11:30,2026-06-29,GBP,BoE Net Lending to Individuals m/m,CONSUMER,LOW,Y,4.551,6.993,8.047,MT5 economic calendar (broker time UTC+3)
2026-06-29 12:00,2026-06-29,EUR,Business Climate Indicator,BUSINESS,LOW,Y,-0.38,-0.24,-0.26,MT5 economic calendar (broker time UTC+3)
2026-06-29 12:00,2026-06-29,EUR,Consumer Confidence Index,CONSUMER,LOW,Y,-17.7,-17.7,-17.7,MT5 economic calendar (broker time UTC+3)
2026-06-29 12:00,2026-06-29,EUR,Consumer Price Expectations,CONSUMER,HIGH,Y,34.0,48.1,40.5,MT5 economic calendar (broker time UTC+3)
2026-06-29 12:00,2026-06-29,EUR,Economic Sentiment Indicator,BUSINESS,MODERATE,Y,95.0,93.8,93.5,MT5 economic calendar (broker time UTC+3)
2026-06-29 12:00,2026-06-29,EUR,Industrial Confidence Indicator,BUSINESS,LOW,Y,-7.7,-7.0,-8.0,MT5 economic calendar (broker time UTC+3)
2026-06-29 12:00,2026-06-29,EUR,Industry Selling Price Expectations,BUSINESS,LOW,Y,22.3,13.6,27.4,MT5 economic calendar (broker time UTC+3)
2026-06-29 12:00,2026-06-29,EUR,Services Sentiment Indicator,BUSINESS,LOW,Y,3.2,3.0,2.2,MT5 economic calendar (broker time UTC+3)
2026-06-29 14:00,2026-06-29,BRL,FGV IGP-M Inflation Index m/m,PRICES,LOW,Y,-0.5,2.33,0.84,MT5 economic calendar (broker time UTC+3)
2026-06-29 14:30,2026-06-29,BRL,BCB Focus Market Report,MONEY,MODERATE,Y,0.0,0.0,0.0,MT5 economic calendar (broker time UTC+3)
2026-06-29 15:55,2026-06-29,EUR,12-Month BTF Auction,MARKET,LOW,Y,2.579,0.0,2.64,MT5 economic calendar (broker time UTC+3)
2026-06-29 15:55,2026-06-29,EUR,3-Month BTF Auction,MARKET,LOW,Y,2.377,0.0,2.388,MT5 economic calendar (broker time UTC+3)
2026-06-29 15:55,2026-06-29,EUR,6-Month BTF Auction,MARKET,LOW,Y,2.483,0.0,2.481,MT5 economic calendar (broker time UTC+3)
2026-06-29 17:30,2026-06-29,USD,Dallas Fed Manufacturing Index,BUSINESS,LOW,Y,0.0,-4.2,0.4,MT5 economic calendar (broker time UTC+3)
2026-06-29 18:30,2026-06-29,USD,3-Month Bill Auction,MARKET,LOW,Y,3.74,0.0,3.695,MT5 economic calendar (broker time UTC+3)
2026-06-29 18:30,2026-06-29,USD,6-Month Bill Auction,MARKET,LOW,Y,3.84,0.0,3.84,MT5 economic calendar (broker time UTC+3)
2026-06-29 22:00,2026-06-29,EUR,ECB President Lagarde Speech,MONEY,HIGH,Y,0.0,0.0,0.0,MT5 economic calendar (broker time UTC+3)
2026-06-30 02:00,2026-06-30,KRW,Index of Services m/m,CONSUMER,LOW,Y,1.3,0.0,-1.0,MT5 economic calendar (broker time UTC+3)
2026-06-30 02:00,2026-06-30,KRW,Industrial Production m/m,BUSINESS,LOW,Y,-3.0,0.0,-0.7,MT5 economic calendar (broker time UTC+3)
2026-06-30 02:00,2026-06-30,KRW,Industrial Production y/y,BUSINESS,LOW,Y,-0.9,0.0,1.5,MT5 economic calendar (broker time UTC+3)
2026-06-30 02:00,2026-06-30,KRW,Retail Sales m/m,CONSUMER,LOW,Y,0.1,0.0,-3.6,MT5 economic calendar (broker time UTC+3)
2026-06-30 02:30,2026-06-30,JPY,Jobs to Applicants Ratio,JOBS,LOW,Y,1.17,0.0,1.18,MT5 economic calendar (broker time UTC+3)
2026-06-30 02:30,2026-06-30,JPY,Unemployment Rate,JOBS,LOW,Y,2.5,2.6,2.5,MT5 economic calendar (broker time UTC+3)
2026-06-30 02:50,2026-06-30,JPY,Industrial Production Forecast 1-month Ahead m/m,BUSINESS,LOW,Y,3.7,0.0,5.1,MT5 economic calendar (broker time UTC+3)
2026-06-30 02:50,2026-06-30,JPY,Industrial Production Forecast 2-month Ahead m/m,BUSINESS,LOW,Y,0.0,0.0,-0.4,MT5 economic calendar (broker time UTC+3)
2026-06-30 02:50,2026-06-30,JPY,Industrial Production m/m,BUSINESS,MODERATE,Y,0.5,0.7,0.5,MT5 economic calendar (broker time UTC+3)
2026-06-30 02:50,2026-06-30,JPY,Industrial Production y/y,BUSINESS,LOW,Y,-1.7,2.9,2.0,MT5 economic calendar (broker time UTC+3)
2026-06-30 04:00,2026-06-30,CNY,Composite PMI,BUSINESS,MODERATE,Y,50.6,0.0,50.5,MT5 economic calendar (broker time UTC+3)
2026-06-30 04:00,2026-06-30,CNY,Manufacturing PMI,BUSINESS,HIGH,Y,50.3,49.4,50.0,MT5 economic calendar (broker time UTC+3)
2026-06-30 04:00,2026-06-30,CNY,Non-Manufacturing PMI,BUSINESS,MODERATE,Y,50.2,49.7,50.1,MT5 economic calendar (broker time UTC+3)
2026-06-30 04:00,2026-06-30,NZD,ANZ Activity Outlook,BUSINESS,LOW,Y,36.9,18.4,25.6,MT5 economic calendar (broker time UTC+3)
2026-06-30 04:00,2026-06-30,NZD,ANZ Business Confidence,BUSINESS,LOW,Y,36.6,33.1,10.0,MT5 economic calendar (broker time UTC+3)
2026-06-30 04:30,2026-06-30,AUD,RBA Housing Credit m/m,MONEY,LOW,Y,0.5,0.0,0.6,MT5 economic calendar (broker time UTC+3)
2026-06-30 04:30,2026-06-30,AUD,RBA Private Sector Credit m/m,MONEY,LOW,Y,0.7,0.0,0.7,MT5 economic calendar (broker time UTC+3)
2026-06-30 09:00,2026-06-30,SEK,Retail Sales m/m,CONSUMER,LOW,Y,-0.2,0.0,0.0,MT5 economic calendar (broker time UTC+3)
2026-06-30 09:00,2026-06-30,SEK,Retail Sales y/y,CONSUMER,LOW,Y,8.0,5.5,4.7,MT5 economic calendar (broker time UTC+3)
2026-06-30 09:00,2026-06-30,ZAR,SARB M3 Money Supply y/y,MONEY,LOW,Y,9.59,0.0,9.82,MT5 economic calendar (broker time UTC+3)
2026-06-30 09:00,2026-06-30,ZAR,SARB Private Sector Credit y/y,MONEY,LOW,Y,8.57,0.0,9.2,MT5 economic calendar (broker time UTC+3)
2026-06-30 09:45,2026-06-30,EUR,CPI m/m,PRICES,MODERATE,Y,-0.2,0.2,0.1,MT5 economic calendar (broker time UTC+3)
2026-06-30 09:45,2026-06-30,EUR,CPI y/y,PRICES,LOW,Y,1.8,2.2,2.4,MT5 economic calendar (broker time UTC+3)
2026-06-30 09:45,2026-06-30,EUR,Consumer Spending m/m,CONSUMER,MODERATE,Y,0.5,0.5,-0.5,MT5 economic calendar (broker time UTC+3)
2026-06-30 09:45,2026-06-30,EUR,HICP m/m,PRICES,MODERATE,Y,-0.3,0.2,0.1,MT5 economic calendar (broker time UTC+3)
2026-06-30 09:45,2026-06-30,EUR,HICP y/y,PRICES,LOW,Y,2.0,2.8,2.8,MT5 economic calendar (broker time UTC+3)
2026-06-30 09:45,2026-06-30,EUR,PPI m/m,PRICES,LOW,Y,-2.0,0.1,1.9,MT5 economic calendar (broker time UTC+3)
2026-06-30 10:00,2026-06-30,CHF,KOF Economic Barometer,BUSINESS,MODERATE,Y,101.2,100.7,98.0,MT5 economic calendar (broker time UTC+3)
2026-06-30 10:00,2026-06-30,GBP,Current Account,TRADE,MODERATE,Y,-22.134,0.0,-18.392,MT5 economic calendar (broker time UTC+3)
2026-06-30 10:55,2026-06-30,EUR,Unemployment,JOBS,MODERATE,Y,2.984,2.993,2.987,MT5 economic calendar (broker time UTC+3)
2026-06-30 10:55,2026-06-30,EUR,Unemployment Change,JOBS,MODERATE,Y,-1.0,-7.0,-12.0,MT5 economic calendar (broker time UTC+3)
2026-06-30 10:55,2026-06-30,EUR,Unemployment Rate,JOBS,MODERATE,Y,6.3,6.3,6.3,MT5 economic calendar (broker time UTC+3)
2026-06-30 10:55,2026-06-30,EUR,Unemployment n.s.a.,JOBS,LOW,Y,2.936,2.941,2.95,MT5 economic calendar (broker time UTC+3)
2026-06-30 11:00,2026-06-30,EUR,Current Account,TRADE,LOW,Y,1.88,3.317,4.61,MT5 economic calendar (broker time UTC+3)
2026-06-30 11:00,2026-06-30,EUR,PPI m/m,PRICES,LOW,Y,-0.2,0.0,0.3,MT5 economic calendar (broker time UTC+3)
2026-06-30 11:00,2026-06-30,EUR,PPI y/y,PRICES,LOW,Y,7.3,5.2,6.8,MT5 economic calendar (broker time UTC+3)
2026-06-30 11:00,2026-06-30,ZAR,SARB Quarterly Bulletin,MONEY,MODERATE,Y,0.0,0.0,0.0,MT5 economic calendar (broker time UTC+3)
2026-06-30 11:30,2026-06-30,HKD,HKMA M3 Money Supply y/y,MONEY,LOW,Y,1.0,2.4,3.1,MT5 economic calendar (broker time UTC+3)
2026-06-30 11:40,2026-06-30,EUR,ECB Executive Board Member Elderson Speech,MONEY,MODERATE,Y,0.0,0.0,0.0,MT5 economic calendar (broker time UTC+3)
2026-06-30 12:00,2026-06-30,EUR,CPI m/m,PRICES,LOW,Y,0.0,0.8,0.4,MT5 economic calendar (broker time UTC+3)
2026-06-30 12:00,2026-06-30,EUR,CPI y/y,PRICES,LOW,Y,3.0,3.5,3.2,MT5 economic calendar (broker time UTC+3)
2026-06-30 12:00,2026-06-30,EUR,HICP m/m,PRICES,LOW,Y,0.1,1.4,0.3,MT5 economic calendar (broker time UTC+3)
2026-06-30 12:00,2026-06-30,EUR,HICP y/y,PRICES,LOW,Y,3.1,3.7,3.2,MT5 economic calendar (broker time UTC+3)
2026-06-30 12:40,2026-06-30,EUR,ECB Executive Board Member Schnabel Speech,MONEY,MODERATE,Y,0.0,0.0,0.0,MT5 economic calendar (broker time UTC+3)
2026-06-30 13:32,2026-06-30,INR,Fiscal Balance,GOVERNMENT,LOW,Y,-1.624,0.0,-3.623,MT5 economic calendar (broker time UTC+3)
2026-06-30 14:00,2026-06-30,BRL,BNDES Long Term Interest Rate TJLP,MONEY,LOW,Y,9.14,0.0,9.13,MT5 economic calendar (broker time UTC+3)
2026-06-30 14:30,2026-06-30,BRL,Net Debt - GDP Ratio,GOVERNMENT,LOW,Y,67.9,67.4,67.4,MT5 economic calendar (broker time UTC+3)
2026-06-30 14:30,2026-06-30,BRL,Nominal Budget Balance,GOVERNMENT,LOW,Y,-163.679,-214.137,-60.139,MT5 economic calendar (broker time UTC+3)
2026-06-30 14:30,2026-06-30,BRL,Primary Budget balance,GOVERNMENT,LOW,Y,-56.131,-95.783,24.624,MT5 economic calendar (broker time UTC+3)
2026-06-30 14:30,2026-06-30,INR,External Debt,GOVERNMENT,LOW,Y,67.5,-3.0,765.5,MT5 economic calendar (broker time UTC+3)
2026-06-30 14:30,2026-06-30,INR,RBI Monetary and Credit Information Review,MONEY,MODERATE,Y,0.0,0.0,0.0,MT5 economic calendar (broker time UTC+3)
2026-06-30 15:00,2026-06-30,BRL,PPI m/m,PRICES,LOW,Y,-0.3,0.0,2.63,MT5 economic calendar (broker time UTC+3)
2026-06-30 15:00,2026-06-30,BRL,PPI y/y,PRICES,LOW,Y,1.99,0.0,1.07,MT5 economic calendar (broker time UTC+3)
2026-06-30 15:30,2026-06-30,CAD,GDP m/m,GDP,MODERATE,Y,0.5,0.0,-0.1,MT5 economic calendar (broker time UTC+3)
2026-06-30 15:30,2026-06-30,CAD,GDP y/y,GDP,MODERATE,Y,1.1,0.7,0.4,MT5 economic calendar (broker time UTC+3)
2026-06-30 16:00,2026-06-30,USD,HPI,HOUSING,LOW,Y,441.4,441.1,441.5,MT5 economic calendar (broker time UTC+3)
2026-06-30 16:00,2026-06-30,USD,HPI m/m,HOUSING,LOW,Y,-0.1,0.0,0.1,MT5 economic calendar (broker time UTC+3)
2026-06-30 16:00,2026-06-30,USD,HPI y/y,HOUSING,LOW,Y,2.0,1.1,1.7,MT5 economic calendar (broker time UTC+3)
2026-06-30 16:00,2026-06-30,USD,S&P/CS HPI Composite-20 n.s.a. m/m,HOUSING,MODERATE,Y,1.0,0.0,1.0,MT5 economic calendar (broker time UTC+3)
2026-06-30 16:00,2026-06-30,USD,S&P/CS HPI Composite-20 s.a. m/m,HOUSING,LOW,Y,0.0,0.0,-0.2,MT5 economic calendar (broker time UTC+3)
2026-06-30 16:00,2026-06-30,USD,S&P/CS HPI Composite-20 y/y,HOUSING,MODERATE,Y,1.1,0.0,0.8,MT5 economic calendar (broker time UTC+3)
2026-06-30 16:30,2026-06-30,EUR,ECB Executive Board Member Lane Speech,MONEY,MODERATE,Y,0.0,0.0,0.0,MT5 economic calendar (broker time UTC+3)
2026-06-30 16:45,2026-06-30,USD,MNI Chicago Business Barometer,BUSINESS,HIGH,Y,56.7,45.5,62.7,MT5 economic calendar (broker time UTC+3)
2026-06-30 17:00,2026-06-30,USD,CB Consumer Confidence Index,CONSUMER,HIGH,Y,91.2,88.8,93.1,MT5 economic calendar (broker time UTC+3)
2026-06-30 17:00,2026-06-30,USD,JOLTS Job Openings,JOBS,HIGH,Y,7.594,6.822,7.618,MT5 economic calendar (broker time UTC+3)
2026-06-30 17:30,2026-06-30,USD,Dallas Fed Services Business Activity,BUSINESS,LOW,Y,2.9,-0.9,-7.7,MT5 economic calendar (broker time UTC+3)
2026-06-30 17:30,2026-06-30,USD,Dallas Fed Services Revenues,BUSINESS,LOW,Y,9.8,4.9,5.0,MT5 economic calendar (broker time UTC+3)
2026-07-01 00:00,2026-07-01,CAD,Canada Day,HOLIDAYS,NONE,Y,0.0,0.0,0.0,MT5 economic calendar (broker time UTC+3)
2026-07-01 00:00,2026-07-01,HKD,HKSAR Establishment Day,HOLIDAYS,NONE,Y,0.0,0.0,0.0,MT5 economic calendar (broker time UTC+3)
2026-07-01 00:06,2026-07-01,MXN,Fiscal Balance,TRADE,LOW,Y,-176.15,-0.9,-37.148,MT5 economic calendar (broker time UTC+3)
2026-07-01 02:00,2026-07-01,AUD,Ai Group Construction Index,BUSINESS,LOW,Y,-38.1,0.0,-9.9,MT5 economic calendar (broker time UTC+3)
2026-07-01 02:00,2026-07-01,AUD,Ai Group Industry Index,BUSINESS,MODERATE,Y,-30.0,0.0,-26.5,MT5 economic calendar (broker time UTC+3)
2026-07-01 02:00,2026-07-01,AUD,Ai Group Manufacturing Index,BUSINESS,LOW,Y,-16.8,0.0,-22.4,MT5 economic calendar (broker time UTC+3)
2026-07-01 02:00,2026-07-01,AUD,S&P Global Manufacturing PMI,BUSINESS,LOW,Y,51.2,51.6,50.7,MT5 economic calendar (broker time UTC+3)
2026-07-01 02:50,2026-07-01,JPY,BoJ Tankan Large All Industry Capex,BUSINESS,MODERATE,Y,11.5,5.8,3.3,MT5 economic calendar (broker time UTC+3)
2026-07-01 02:50,2026-07-01,JPY,BoJ Tankan Large Manufacturing Index,BUSINESS,MODERATE,Y,22.0,16.0,17.0,MT5 economic calendar (broker time UTC+3)
2026-07-01 02:50,2026-07-01,JPY,BoJ Tankan Large Manufacturing Outlook,BUSINESS,MODERATE,Y,17.0,11.0,14.0,MT5 economic calendar (broker time UTC+3)
2026-07-01 02:50,2026-07-01,JPY,BoJ Tankan Large Non-Manufacturing Index,BUSINESS,MODERATE,Y,37.0,35.0,36.0,MT5 economic calendar (broker time UTC+3)
2026-07-01 02:50,2026-07-01,JPY,BoJ Tankan Large Non-Manufacturing Outlook,BUSINESS,LOW,Y,28.0,29.0,29.0,MT5 economic calendar (broker time UTC+3)
2026-07-01 02:50,2026-07-01,JPY,BoJ Tankan Small All Industry Capex,BUSINESS,LOW,Y,-8.3,-3.9,-8.1,MT5 economic calendar (broker time UTC+3)
2026-07-01 02:50,2026-07-01,JPY,BoJ Tankan Small Manufacturing Index,BUSINESS,LOW,Y,9.0,6.0,7.0,MT5 economic calendar (broker time UTC+3)
2026-07-01 02:50,2026-07-01,JPY,BoJ Tankan Small Manufacturing Outlook,BUSINESS,LOW,Y,2.0,1.0,4.0,MT5 economic calendar (broker time UTC+3)
2026-07-01 02:50,2026-07-01,JPY,BoJ Tankan Small Non-Manufacturing Index,BUSINESS,LOW,Y,15.0,16.0,16.0,MT5 economic calendar (broker time UTC+3)
2026-07-01 02:50,2026-07-01,JPY,BoJ Tankan Small Non-Manufacturing Outlook,BUSINESS,LOW,Y,8.0,6.0,8.0,MT5 economic calendar (broker time UTC+3)
2026-07-01 03:00,2026-07-01,KRW,Exports y/y,TRADE,LOW,Y,70.9,46.6,53.4,MT5 economic calendar (broker time UTC+3)
2026-07-01 03:00,2026-07-01,KRW,Imports y/y,TRADE,LOW,Y,30.1,19.9,20.7,MT5 economic calendar (broker time UTC+3)
2026-07-01 03:00,2026-07-01,KRW,Trade Balance,TRADE,LOW,Y,36.149,30.038,27.036,MT5 economic calendar (broker time UTC+3)
2026-07-01 03:30,2026-07-01,JPY,au Jibun Bank Manufacturing PMI,BUSINESS,LOW,Y,54.9,49.6,54.5,MT5 economic calendar (broker time UTC+3)
2026-07-01 03:30,2026-07-01,KRW,S&P Global Manufacturing PMI,BUSINESS,LOW,Y,52.1,56.4,54.8,MT5 economic calendar (broker time UTC+3)
2026-07-01 03:30,2026-07-01,SGD,URA Property Price Index q/q,HOUSING,LOW,Y,0.5,0.0,0.9,MT5 economic calendar (broker time UTC+3)
2026-07-01 04:30,2026-07-01,AUD,Building Approvals m/m,BUSINESS,MODERATE,Y,-1.1,5.9,-3.4,MT5 economic calendar (broker time UTC+3)
2026-07-01 04:30,2026-07-01,AUD,Private House Approvals m/m,BUSINESS,LOW,Y,2.8,0.0,-1.0,MT5 economic calendar (broker time UTC+3)
2026-07-01 04:45,2026-07-01,CNY,Caixin Manufacturing PMI,BUSINESS,MODERATE,Y,51.7,51.1,51.8,MT5 economic calendar (broker time UTC+3)
2026-07-01 05:00,2026-07-01,SGD,Bank Loans,MONEY,LOW,Y,917.737,0.0,908.375,MT5 economic calendar (broker time UTC+3)
2026-07-01 08:00,2026-07-01,INR,S&P Global Manufacturing PMI,BUSINESS,LOW,Y,54.2,56.9,55.0,MT5 economic calendar (broker time UTC+3)
2026-07-01 09:00,2026-07-01,GBP,Nationwide HPI m/m,HOUSING,MODERATE,Y,0.0,0.2,-0.6,MT5 economic calendar (broker time UTC+3)
2026-07-01 09:00,2026-07-01,GBP,Nationwide HPI y/y,HOUSING,MODERATE,Y,2.2,2.1,1.7,MT5 economic calendar (broker time UTC+3)
2026-07-01 09:30,2026-07-01,AUD,RBA Index of Commodity Prices y/y,PRICES,LOW,Y,16.9,19.8,16.8,MT5 economic calendar (broker time UTC+3)
2026-07-01 09:30,2026-07-01,CHF,Retail Sales y/y,CONSUMER,LOW,Y,3.5,1.0,1.6,MT5 economic calendar (broker time UTC+3)
2026-07-01 09:30,2026-07-01,SEK,Silf/Swedbank Manufacturing PMI,BUSINESS,LOW,Y,58.3,58.5,57.3,MT5 economic calendar (broker time UTC+3)
2026-07-01 10:00,2026-07-01,EUR,New Car Registrations m/m,BUSINESS,LOW,Y,46.9,0.0,-7.1,MT5 economic calendar (broker time UTC+3)
2026-07-01 10:00,2026-07-01,EUR,New Car Registrations y/y,BUSINESS,LOW,Y,11.4,0.0,3.7,MT5 economic calendar (broker time UTC+3)
2026-07-01 10:15,2026-07-01,EUR,S&P Global Manufacturing PMI,BUSINESS,MODERATE,Y,49.7,52.2,51.2,MT5 economic calendar (broker time UTC+3)
2026-07-01 10:30,2026-07-01,CHF,procure.ch Manufacturing PMI,BUSINESS,MODERATE,Y,54.3,53.3,57.3,MT5 economic calendar (broker time UTC+3)
2026-07-01 10:45,2026-07-01,EUR,S&P Global Manufacturing PMI,BUSINESS,MODERATE,Y,52.2,53.0,52.9,MT5 economic calendar (broker time UTC+3)
2026-07-01 10:50,2026-07-01,EUR,S&P Global Manufacturing PMI,BUSINESS,MODERATE,Y,51.2,50.7,50.7,MT5 economic calendar (broker time UTC+3)
2026-07-01 10:55,2026-07-01,EUR,S&P Global Manufacturing PMI,BUSINESS,MODERATE,Y,50.3,50.0,50.0,MT5 economic calendar (broker time UTC+3)
2026-07-01 11:00,2026-07-01,EUR,Government Deficit – GDP Ratio,GOVERNMENT,LOW,Y,7.8,12.4,-1.4,MT5 economic calendar (broker time UTC+3)
2026-07-01 11:00,2026-07-01,EUR,S&P Global Manufacturing PMI,BUSINESS,MODERATE,Y,51.4,51.3,51.3,MT5 economic calendar (broker time UTC+3)
2026-07-01 11:30,2026-07-01,GBP,S&P Global/CIPS Manufacturing PMI,BUSINESS,MODERATE,Y,52.5,53.1,53.1,MT5 economic calendar (broker time UTC+3)
2026-07-01 12:00,2026-07-01,EUR,CPI,PRICES,LOW,Y,103.07,0.0,103.13,MT5 economic calendar (broker time UTC+3)
2026-07-01 12:00,2026-07-01,EUR,CPI excl. Energy and Unprocessed Food m/m,PRICES,LOW,Y,0.2,0.3,0.3,MT5 economic calendar (broker time UTC+3)
2026-07-01 12:00,2026-07-01,EUR,CPI excl. Energy and Unprocessed Food y/y,PRICES,LOW,Y,2.2,2.2,2.3,MT5 economic calendar (broker time UTC+3)
2026-07-01 12:00,2026-07-01,EUR,CPI m/m,PRICES,MODERATE,Y,3.2,1.5,0.1,MT5 economic calendar (broker time UTC+3)
2026-07-01 12:00,2026-07-01,EUR,CPI y/y,PRICES,HIGH,Y,3.0,2.1,3.2,MT5 economic calendar (broker time UTC+3)
2026-07-01 12:00,2026-07-01,EUR,Core CPI,PRICES,MODERATE,Y,102.9,0.0,102.68,MT5 economic calendar (broker time UTC+3)
2026-07-01 12:00,2026-07-01,EUR,Core CPI m/m,PRICES,LOW,Y,0.2,0.6,0.3,MT5 economic calendar (broker time UTC+3)
2026-07-01 12:00,2026-07-01,EUR,Core CPI y/y,PRICES,MODERATE,Y,2.4,2.4,2.6,MT5 economic calendar (broker time UTC+3)
2026-07-01 12:00,2026-07-01,ZAR,Absa Manufacturing PMI,BUSINESS,LOW,Y,47.3,48.6,50.8,MT5 economic calendar (broker time UTC+3)
2026-07-01 13:15,2026-07-01,EUR,ECB Executive Board Member Lane Speech,MONEY,MODERATE,Y,0.0,0.0,0.0,MT5 economic calendar (broker time UTC+3)
2026-07-01 14:30,2026-07-01,BRL,BCB Bank Lending m/m,MONEY,LOW,Y,0.6,0.6,0.3,MT5 economic calendar (broker time UTC+3)
2026-07-01 15:00,2026-07-01,ZAR,Total New Vehicle Sales,BUSINESS,LOW,Y,54.482,0.0,51.071,MT5 economic calendar (broker time UTC+3)
2026-07-01 15:00,2026-07-01,ZAR,Total New Vehicle Sales m/m,BUSINESS,LOW,Y,6.9,0.0,6.6,MT5 economic calendar (broker time UTC+3)
2026-07-01 15:00,2026-07-01,ZAR,Total New Vehicle Sales y/y,BUSINESS,LOW,Y,15.3,12.1,12.8,MT5 economic calendar (broker time UTC+3)
2026-07-01 15:15,2026-07-01,USD,ADP Nonfarm Employment Change,JOBS,HIGH,Y,98.0,0.0,122.0,MT5 economic calendar (broker time UTC+3)
2026-07-01 16:00,2026-07-01,BRL,S&P Global Manufacturing PMI,BUSINESS,LOW,Y,50.8,49.5,49.1,MT5 economic calendar (broker time UTC+3)
2026-07-01 16:00,2026-07-01,EUR,ECB President Lagarde Speech,MONEY,HIGH,Y,0.0,0.0,0.0,MT5 economic calendar (broker time UTC+3)
2026-07-01 16:00,2026-07-01,GBP,BoE Governor Bailey Speech,MONEY,HIGH,Y,0.0,0.0,0.0,MT5 economic calendar (broker time UTC+3)
2026-07-01 16:45,2026-07-01,USD,S&P Global Manufacturing PMI,BUSINESS,HIGH,Y,55.7,54.3,55.1,MT5 economic calendar (broker time UTC+3)
2026-07-01 17:00,2026-07-01,EUR,ECB President Lagarde Speech,MONEY,HIGH,Y,0.0,0.0,0.0,MT5 economic calendar (broker time UTC+3)
2026-07-01 17:00,2026-07-01,USD,Construction Spending m/m,HOUSING,MODERATE,Y,0.1,-0.3,0.4,MT5 economic calendar (broker time UTC+3)
2026-07-01 17:00,2026-07-01,USD,ISM Manufacturing Employment,BUSINESS,MODERATE,Y,49.7,0.0,48.6,MT5 economic calendar (broker time UTC+3)
2026-07-01 17:00,2026-07-01,USD,ISM Manufacturing New Orders,BUSINESS,LOW,Y,56.0,0.0,56.8,MT5 economic calendar (broker time UTC+3)
2026-07-01 17:00,2026-07-01,USD,ISM Manufacturing PMI,BUSINESS,HIGH,Y,53.3,0.0,54.0,MT5 economic calendar (broker time UTC+3)
2026-07-01 17:00,2026-07-01,USD,ISM Manufacturing Prices Paid,BUSINESS,HIGH,Y,73.0,0.0,82.1,MT5 economic calendar (broker time UTC+3)
2026-07-01 17:30,2026-07-01,USD,EIA Crude Oil Imports Change,BUSINESS,LOW,Y,0.37,-0.04,0.094,MT5 economic calendar (broker time UTC+3)
2026-07-01 17:30,2026-07-01,USD,EIA Crude Oil Stocks Change,BUSINESS,HIGH,Y,-3.775,-3.008,-6.088,MT5 economic calendar (broker time UTC+3)
2026-07-01 17:30,2026-07-01,USD,EIA Cushing Crude Oil Stocks Change,BUSINESS,MODERATE,Y,0.709,-0.2,-1.077,MT5 economic calendar (broker time UTC+3)
2026-07-01 17:30,2026-07-01,USD,EIA Distillate Fuel Production Change,BUSINESS,LOW,Y,-0.042,0.009,0.055,MT5 economic calendar (broker time UTC+3)
2026-07-01 17:30,2026-07-01,USD,EIA Distillates Stocks Change,BUSINESS,LOW,Y,2.483,0.923,3.064,MT5 economic calendar (broker time UTC+3)
2026-07-01 17:30,2026-07-01,USD,EIA Gasoline Production Change,BUSINESS,LOW,Y,0.481,-0.446,-0.588,MT5 economic calendar (broker time UTC+3)
2026-07-01 17:30,2026-07-01,USD,EIA Gasoline Stocks Change,BUSINESS,LOW,Y,-2.333,0.567,2.064,MT5 economic calendar (broker time UTC+3)
2026-07-01 17:30,2026-07-01,USD,EIA Heating Oil Stocks Change,BUSINESS,LOW,Y,-0.31,0.179,0.722,MT5 economic calendar (broker time UTC+3)
2026-07-01 17:30,2026-07-01,USD,EIA Refinery Crude Oil Daily Inputs Change,BUSINESS,LOW,Y,0.085,0.0,-0.081,MT5 economic calendar (broker time UTC+3)
2026-07-01 17:30,2026-07-01,USD,EIA Refinery Utilization Rate Change,BUSINESS,LOW,Y,0.5,0.0,-0.6,MT5 economic calendar (broker time UTC+3)
2026-07-01 18:00,2026-07-01,MXN,S&P Global Manufacturing PMI,BUSINESS,LOW,Y,51.3,49.7,49.6,MT5 economic calendar (broker time UTC+3)
2026-07-01 19:00,2026-07-01,EUR,New Car Registrations m/m,BUSINESS,LOW,Y,-2.4,0.0,-3.3,MT5 economic calendar (broker time UTC+3)
2026-07-01 19:00,2026-07-01,EUR,New Car Registrations y/y,BUSINESS,LOW,Y,10.6,0.0,7.6,MT5 economic calendar (broker time UTC+3)
2026-07-01 20:30,2026-07-01,BRL,Foreign Exchange Flows,MONEY,LOW,Y,-1.028,0.17,4.066,MT5 economic calendar (broker time UTC+3)
2026-07-02 01:45,2026-07-02,NZD,Building Consents m/m,HOUSING,LOW,Y,-4.0,7.7,10.9,MT5 economic calendar (broker time UTC+3)
2026-07-02 02:00,2026-07-02,KRW,CPI m/m,PRICES,LOW,Y,0.1,0.0,0.5,MT5 economic calendar (broker time UTC+3)
2026-07-02 02:00,2026-07-02,KRW,CPI y/y,PRICES,LOW,Y,3.2,0.0,3.1,MT5 economic calendar (broker time UTC+3)
2026-07-02 02:50,2026-07-02,JPY,BoJ Monetary Base y/y,MONEY,LOW,Y,-13.7,-12.5,-12.2,MT5 economic calendar (broker time UTC+3)
2026-07-02 02:50,2026-07-02,JPY,Foreign Bond Investment,GOVERNMENT,LOW,Y,-280.1,0.0,199.7,MT5 economic calendar (broker time UTC+3)
2026-07-02 02:50,2026-07-02,JPY,Foreign Investment in Japan Stocks,GOVERNMENT,LOW,Y,-1816.5,0.0,479.4,MT5 economic calendar (broker time UTC+3)
2026-07-02 04:30,2026-07-02,AUD,Exports m/m,TRADE,LOW,Y,-6.9,0.0,7.2,MT5 economic calendar (broker time UTC+3)
2026-07-02 04:30,2026-07-02,AUD,Imports m/m,TRADE,LOW,Y,2.6,0.0,0.8,MT5 economic calendar (broker time UTC+3)
2026-07-02 04:30,2026-07-02,AUD,Trade Balance,TRADE,MODERATE,Y,-3.018,2.106,1.791,MT5 economic calendar (broker time UTC+3)
2026-07-02 06:35,2026-07-02,JPY,10-Year JGB Auction,MARKET,MODERATE,Y,2.729,0.0,2.649,MT5 economic calendar (broker time UTC+3)
2026-07-02 07:30,2026-07-02,CHF,SNB Financial Stability Report,MONEY,MODERATE,Y,0.0,0.0,0.0,MT5 economic calendar (broker time UTC+3)
2026-07-02 09:30,2026-07-02,CHF,CPI m/m,PRICES,MODERATE,Y,0.0,0.1,0.2,MT5 economic calendar (broker time UTC+3)
2026-07-02 09:30,2026-07-02,CHF,CPI y/y,PRICES,LOW,Y,0.5,0.5,0.6,MT5 economic calendar (broker time UTC+3)
2026-07-02 09:45,2026-07-02,EUR,Government Budget Balance,GOVERNMENT,LOW,Y,-93.3,0.0,-69.6,MT5 economic calendar (broker time UTC+3)
2026-07-02 10:00,2026-07-02,EUR,Unemployment Change,JOBS,MODERATE,Y,-28.739,-76.372,-36.323,MT5 economic calendar (broker time UTC+3)
2026-07-02 11:00,2026-07-02,BRL,FIPE CPI m/m,PRICES,MODERATE,Y,0.18,0.32,0.45,MT5 economic calendar (broker time UTC+3)
2026-07-02 11:00,2026-07-02,EUR,Unemployment Rate,JOBS,LOW,Y,5.0,4.9,5.1,MT5 economic calendar (broker time UTC+3)
2026-07-02 11:30,2026-07-02,GBP,BoE Bank Liabilities Survey,MONEY,MODERATE,Y,0.0,0.0,0.0,MT5 economic calendar (broker time UTC+3)
2026-07-02 11:30,2026-07-02,GBP,BoE Credit Conditions Survey,MONEY,MODERATE,Y,0.0,0.0,0.0,MT5 economic calendar (broker time UTC+3)
2026-07-02 11:30,2026-07-02,HKD,Retail Sales y/y,CONSUMER,LOW,Y,7.9,10.8,8.6,MT5 economic calendar (broker time UTC+3)
2026-07-02 11:58,2026-07-02,EUR,10-Year OAT Auction,MARKET,LOW,Y,3.68,0.0,3.8,MT5 economic calendar (broker time UTC+3)
2026-07-02 12:00,2026-07-02,EUR,Unemployment Rate,JOBS,MODERATE,Y,6.2,6.3,6.3,MT5 economic calendar (broker time UTC+3)
2026-07-02 12:31,2026-07-02,EUR,5-Year Bonos Auction,MARKET,LOW,Y,2.835,0.0,2.959,MT5 economic calendar (broker time UTC+3)
2026-07-02 12:32,2026-07-02,EUR,10-Year Obligacion Auction,MARKET,LOW,Y,3.157,0.0,3.383,MT5 economic calendar (broker time UTC+3)
2026-07-02 13:00,2026-07-02,EUR,ECB Executive Board Member Elderson Speech,MONEY,MODERATE,Y,0.0,0.0,0.0,MT5 economic calendar (broker time UTC+3)
2026-07-02 15:30,2026-07-02,USD,Average Hourly Earnings m/m,JOBS,HIGH,Y,0.3,0.3,0.3,MT5 economic calendar (broker time UTC+3)
2026-07-02 15:30,2026-07-02,USD,Average Hourly Earnings y/y,JOBS,MODERATE,Y,3.5,3.5,3.4,MT5 economic calendar (broker time UTC+3)
2026-07-02 15:30,2026-07-02,USD,Average Weekly Hours,JOBS,LOW,Y,34.3,34.3,34.3,MT5 economic calendar (broker time UTC+3)
2026-07-02 15:30,2026-07-02,USD,Continuing Jobless Claims,JOBS,MODERATE,Y,1.814,1.824,1.821,MT5 economic calendar (broker time UTC+3)
2026-07-02 15:30,2026-07-02,USD,Government Payrolls,JOBS,LOW,Y,8.0,2.0,52.0,MT5 economic calendar (broker time UTC+3)
2026-07-02 15:30,2026-07-02,USD,Initial Jobless Claims,JOBS,HIGH,Y,215.0,209.0,215.0,MT5 economic calendar (broker time UTC+3)
2026-07-02 15:30,2026-07-02,USD,Initial Jobless Claims 4-Week Average,JOBS,LOW,Y,222.0,224.581,224.25,MT5 economic calendar (broker time UTC+3)
2026-07-02 15:30,2026-07-02,USD,Manufacturing Payrolls,JOBS,LOW,Y,3.0,2.0,7.0,MT5 economic calendar (broker time UTC+3)
2026-07-02 15:30,2026-07-02,USD,Nonfarm Payrolls,JOBS,HIGH,Y,57.0,43.0,172.0,MT5 economic calendar (broker time UTC+3)
2026-07-02 15:30,2026-07-02,USD,Participation Rate,JOBS,MODERATE,Y,61.5,61.9,61.8,MT5 economic calendar (broker time UTC+3)
2026-07-02 15:30,2026-07-02,USD,Private Nonfarm Payrolls,JOBS,MODERATE,Y,49.0,47.0,120.0,MT5 economic calendar (broker time UTC+3)
2026-07-02 15:30,2026-07-02,USD,U6 Unemployment Rate,JOBS,MODERATE,Y,7.9,8.3,8.1,MT5 economic calendar (broker time UTC+3)
2026-07-02 15:30,2026-07-02,USD,Unemployment Rate,JOBS,HIGH,Y,4.2,4.2,4.3,MT5 economic calendar (broker time UTC+3)
2026-07-02 16:00,2026-07-02,SGD,SIPMM PMI,BUSINESS,LOW,Y,51.0,50.9,51.0,MT5 economic calendar (broker time UTC+3)
2026-07-02 16:30,2026-07-02,CAD,S&P Global Manufacturing PMI,BUSINESS,LOW,Y,53.0,53.5,52.9,MT5 economic calendar (broker time UTC+3)
2026-07-02 17:00,2026-07-02,GBP,BoE MPC Member Mann Speech,MONEY,MODERATE,Y,0.0,0.0,0.0,MT5 economic calendar (broker time UTC+3)
2026-07-02 17:00,2026-07-02,USD,Factory Orders excl. Transportation m/m,BUSINESS,LOW,Y,1.9,0.7,1.3,MT5 economic calendar (broker time UTC+3)
2026-07-02 17:00,2026-07-02,USD,Factory Orders m/m,BUSINESS,MODERATE,Y,-1.3,3.6,4.8,MT5 economic calendar (broker time UTC+3)
2026-07-02 17:00,2026-07-02,USD,Nondefense Capital Goods Shipments excl. Aircraft m/m,BUSINESS,LOW,Y,0.1,0.3,0.3,MT5 economic calendar (broker time UTC+3)
2026-07-02 17:30,2026-07-02,USD,EIA Natural Gas Storage Change,BUSINESS,LOW,Y,87.0,62.0,76.0,MT5 economic calendar (broker time UTC+3)
2026-07-02 18:30,2026-07-02,USD,4-Week Bill Auction,MARKET,LOW,Y,3.605,0.0,3.61,MT5 economic calendar (broker time UTC+3)
2026-07-02 18:30,2026-07-02,USD,8-Week Bill Auction,MARKET,LOW,Y,3.65,0.0,3.66,MT5 economic calendar (broker time UTC+3)
2026-07-02 20:00,2026-07-02,USD,Baker Hughes US Oil Rig Count,BUSINESS,MODERATE,Y,445.0,0.0,440.0,MT5 economic calendar (broker time UTC+3)
2026-07-02 20:00,2026-07-02,USD,Baker Hughes US Total Rig Count,BUSINESS,MODERATE,Y,580.0,0.0,573.0,MT5 economic calendar (broker time UTC+3)
2026-07-03 00:00,2026-07-03,KRW,Foreign Exchange Reserves,MONEY,LOW,Y,427.36,429.39,426.99,MT5 economic calendar (broker time UTC+3)
2026-07-03 00:00,2026-07-03,USD,Independence Day,HOLIDAYS,NONE,Y,0.0,0.0,0.0,MT5 economic calendar (broker time UTC+3)
2026-07-03 02:00,2026-07-03,AUD,S&P Global Composite PMI,BUSINESS,MODERATE,Y,50.4,0.0,48.7,MT5 economic calendar (broker time UTC+3)
2026-07-03 02:00,2026-07-03,AUD,S&P Global Services PMI,BUSINESS,MODERATE,Y,50.5,50.4,48.7,MT5 economic calendar (broker time UTC+3)
2026-07-03 03:30,2026-07-03,JPY,au Jibun Bank Composite PMI,BUSINESS,LOW,Y,52.5,0.0,51.1,MT5 economic calendar (broker time UTC+3)
2026-07-03 03:30,2026-07-03,JPY,au Jibun Bank Services PMI,BUSINESS,MODERATE,Y,52.2,0.0,50.0,MT5 economic calendar (broker time UTC+3)
2026-07-03 03:30,2026-07-03,SGD,S&P Global PMI,BUSINESS,LOW,Y,57.4,0.0,56.7,MT5 economic calendar (broker time UTC+3)
2026-07-03 04:45,2026-07-03,CNY,Caixin Composite PMI,BUSINESS,MODERATE,Y,53.6,0.0,54.0,MT5 economic calendar (broker time UTC+3)
2026-07-03 04:45,2026-07-03,CNY,Caixin Services PMI,BUSINESS,MODERATE,Y,54.1,54.3,54.4,MT5 economic calendar (broker time UTC+3)
2026-07-03 08:00,2026-07-03,INR,S&P Global Composite PMI,BUSINESS,MODERATE,Y,57.1,0.0,59.3,MT5 economic calendar (broker time UTC+3)
2026-07-03 08:00,2026-07-03,INR,S&P Global Services PMI,BUSINESS,LOW,Y,57.4,59.9,59.8,MT5 economic calendar (broker time UTC+3)
2026-07-03 09:45,2026-07-03,EUR,Industrial Production m/m,BUSINESS,LOW,Y,0.3,1.4,1.4,MT5 economic calendar (broker time UTC+3)
2026-07-03 10:00,2026-07-03,EUR,Industrial Production y/y,BUSINESS,LOW,Y,3.4,0.0,2.0,MT5 economic calendar (broker time UTC+3)
2026-07-03 10:15,2026-07-03,EUR,S&P Global Composite PMI,BUSINESS,MODERATE,Y,53.3,0.0,50.2,MT5 economic calendar (broker time UTC+3)
2026-07-03 10:15,2026-07-03,EUR,S&P Global Services PMI,BUSINESS,MODERATE,Y,54.2,49.3,50.1,MT5 economic calendar (broker time UTC+3)
2026-07-03 10:15,2026-07-03,ZAR,S&P Global PMI,BUSINESS,LOW,Y,50.5,51.4,51.6,MT5 economic calendar (broker time UTC+3)
2026-07-03 10:45,2026-07-03,EUR,S&P Global Composite PMI,BUSINESS,LOW,Y,50.8,0.0,50.4,MT5 economic calendar (broker time UTC+3)
2026-07-03 10:45,2026-07-03,EUR,S&P Global Services PMI,BUSINESS,MODERATE,Y,50.2,50.9,49.4,MT5 economic calendar (broker time UTC+3)
2026-07-03 10:50,2026-07-03,EUR,S&P Global Composite PMI,BUSINESS,LOW,Y,47.2,47.6,47.6,MT5 economic calendar (broker time UTC+3)
2026-07-03 10:50,2026-07-03,EUR,S&P Global Services PMI,BUSINESS,MODERATE,Y,46.8,47.4,47.4,MT5 economic calendar (broker time UTC+3)
2026-07-03 10:55,2026-07-03,EUR,S&P Global Composite PMI,BUSINESS,LOW,Y,49.5,48.0,48.0,MT5 economic calendar (broker time UTC+3)
2026-07-03 10:55,2026-07-03,EUR,S&P Global Services PMI,BUSINESS,MODERATE,Y,48.6,46.8,46.8,MT5 economic calendar (broker time UTC+3)
2026-07-03 11:00,2026-07-03,EUR,ECB President Lagarde Speech,MONEY,HIGH,Y,0.0,0.0,0.0,MT5 economic calendar (broker time UTC+3)
2026-07-03 11:00,2026-07-03,EUR,Retail Sales m/m,CONSUMER,LOW,Y,0.2,-0.5,0.0,MT5 economic calendar (broker time UTC+3)
2026-07-03 11:00,2026-07-03,EUR,Retail Sales y/y,CONSUMER,LOW,Y,2.2,0.7,1.6,MT5 economic calendar (broker time UTC+3)
2026-07-03 11:00,2026-07-03,EUR,S&P Global Composite PMI,BUSINESS,MODERATE,Y,50.0,49.5,49.5,MT5 economic calendar (broker time UTC+3)
2026-07-03 11:00,2026-07-03,EUR,S&P Global Services PMI,BUSINESS,MODERATE,Y,49.4,48.9,48.9,MT5 economic calendar (broker time UTC+3)
2026-07-03 11:00,2026-07-03,NOK,NAV Unemployment Change,JOBS,LOW,Y,77.535,72.299,77.424,MT5 economic calendar (broker time UTC+3)
2026-07-03 11:00,2026-07-03,NOK,NAV Unemployment Rate n.s.a.,JOBS,LOW,Y,1.9,1.7,1.9,MT5 economic calendar (broker time UTC+3)
2026-07-03 11:30,2026-07-03,GBP,S&P Global/CIPS Composite PMI,BUSINESS,MODERATE,Y,49.3,0.0,49.4,MT5 economic calendar (broker time UTC+3)
2026-07-03 11:30,2026-07-03,GBP,S&P Global/CIPS Services PMI,BUSINESS,MODERATE,Y,48.8,48.7,48.7,MT5 economic calendar (broker time UTC+3)
2026-07-03 12:00,2026-07-03,NOK,HPI n.s.a. m/m,HOUSING,LOW,Y,-0.3,0.0,0.3,MT5 economic calendar (broker time UTC+3)
2026-07-03 12:00,2026-07-03,NOK,HPI s.a. m/m,HOUSING,LOW,Y,0.4,0.0,0.1,MT5 economic calendar (broker time UTC+3)
2026-07-03 12:00,2026-07-03,NOK,HPI y/y,HOUSING,LOW,Y,3.9,5.0,3.8,MT5 economic calendar (broker time UTC+3)
2026-07-03 13:00,2026-07-03,EUR,New Car Registrations m/m,BUSINESS,LOW,Y,23.8,0.0,-3.9,MT5 economic calendar (broker time UTC+3)
2026-07-03 13:00,2026-07-03,EUR,New Car Registrations y/y,BUSINESS,LOW,Y,15.7,0.0,0.1,MT5 economic calendar (broker time UTC+3)
2026-07-03 14:30,2026-07-03,INR,Foreign Exchange Reserves,MONEY,LOW,Y,666.933,672.879,672.587,MT5 economic calendar (broker time UTC+3)
2026-07-03 15:00,2026-07-03,BRL,Industrial Production m/m,BUSINESS,LOW,Y,-0.2,0.0,0.7,MT5 economic calendar (broker time UTC+3)
2026-07-03 15:00,2026-07-03,BRL,Industrial Production y/y,BUSINESS,MODERATE,Y,0.2,0.0,2.7,MT5 economic calendar (broker time UTC+3)
2026-07-03 15:00,2026-07-03,MXN,Consumer Confidence Indicator,CONSUMER,LOW,Y,43.8,44.2,43.5,MT5 economic calendar (broker time UTC+3)
2026-07-03 15:00,2026-07-03,MXN,Consumer Confidence Indicator n.s.a.,CONSUMER,LOW,Y,43.8,0.0,43.1,MT5 economic calendar (broker time UTC+3)
2026-07-03 16:00,2026-07-03,BRL,S&P Global Composite PMI,BUSINESS,LOW,Y,50.7,50.3,49.5,MT5 economic calendar (broker time UTC+3)
2026-07-03 16:00,2026-07-03,BRL,S&P Global Services PMI,BUSINESS,LOW,Y,51.3,51.5,50.4,MT5 economic calendar (broker time UTC+3)
2026-07-03 18:00,2026-07-03,GBP,BoE Governor Bailey Speech,MONEY,HIGH,Y,0.0,0.0,0.0,MT5 economic calendar (broker time UTC+3)
2026-07-03 21:00,2026-07-03,BRL,Trade Balance,TRADE,LOW,Y,9.758,6.373,7.823,MT5 economic calendar (broker time UTC+3)
2026-07-04 00:00,2026-07-04,USD,Independence Day,HOLIDAYS,NONE,Y,0.0,0.0,0.0,MT5 economic calendar (broker time UTC+3)
2026-07-06 03:30,2026-07-06,HKD,S&P Global PMI,BUSINESS,LOW,Y,52.0,48.6,50.4,MT5 economic calendar (broker time UTC+3)
2026-07-06 04:00,2026-07-06,NZD,ANZ Commodity Price Index m/m,PRICES,LOW,Y,-1.0,1.1,0.7,MT5 economic calendar (broker time UTC+3)
2026-07-06 04:30,2026-07-06,AUD,ANZ Job Advertisements m/m,JOBS,LOW,Y,-0.2,1.9,1.8,MT5 economic calendar (broker time UTC+3)
2026-07-06 08:00,2026-07-06,SGD,Retail Sales m/m,CONSUMER,LOW,Y,-2.3,0.0,0.3,MT5 economic calendar (broker time UTC+3)
2026-07-06 08:00,2026-07-06,SGD,Retail Sales y/y,CONSUMER,LOW,Y,3.0,0.0,5.4,MT5 economic calendar (broker time UTC+3)
2026-07-06 10:00,2026-07-06,CHF,Unemployment Rate,JOBS,LOW,Y,3.1,0.0,3.0,MT5 economic calendar (broker time UTC+3)
2026-07-06 10:00,2026-07-06,CHF,Unemployment Rate n.s.a.,JOBS,LOW,Y,2.9,0.0,3.1,MT5 economic calendar (broker time UTC+3)
2026-07-06 10:30,2026-07-06,EUR,S&P Global Construction PMI,BUSINESS,LOW,Y,38.2,0.0,39.6,MT5 economic calendar (broker time UTC+3)
2026-07-06 11:00,2026-07-06,GBP,New Car Registrations m/m,BUSINESS,LOW,Y,32.7,0.0,7.6,MT5 economic calendar (broker time UTC+3)
2026-07-06 11:00,2026-07-06,GBP,New Car Registrations y/y,BUSINESS,LOW,Y,11.4,0.0,7.1,MT5 economic calendar (broker time UTC+3)
2026-07-06 11:30,2026-07-06,EUR,Sentix Investor Confidence,BUSINESS,LOW,Y,-3.1,-5.2,-13.4,MT5 economic calendar (broker time UTC+3)
2026-07-06 11:30,2026-07-06,GBP,BoE Housing Equity Withdrawal q/q,MONEY,LOW,Y,-12.614,-7.024,-13.765,MT5 economic calendar (broker time UTC+3)
2026-07-06 11:30,2026-07-06,GBP,S&P Global/CIPS Construction PMI,BUSINESS,MODERATE,Y,38.4,35.3,38.2,MT5 economic calendar (broker time UTC+3)
2026-07-06 12:00,2026-07-06,EUR,PPI m/m,PRICES,LOW,Y,0.2,-0.8,0.6,MT5 economic calendar (broker time UTC+3)
2026-07-06 12:00,2026-07-06,EUR,PPI y/y,PRICES,LOW,Y,5.9,4.2,4.9,MT5 economic calendar (broker time UTC+3)
2026-07-06 12:00,2026-07-06,EUR,Retail Sales m/m,CONSUMER,LOW,Y,0.2,0.0,-0.4,MT5 economic calendar (broker time UTC+3)
2026-07-06 12:00,2026-07-06,EUR,Retail Sales y/y,CONSUMER,LOW,Y,1.6,1.5,1.0,MT5 economic calendar (broker time UTC+3)
2026-07-06 14:30,2026-07-06,BRL,BCB Focus Market Report,MONEY,MODERATE,Y,0.0,0.0,0.0,MT5 economic calendar (broker time UTC+3)
2026-07-06 15:00,2026-07-06,MXN,Gross Fixed Investments m/m,BUSINESS,LOW,Y,4.0,1.7,0.4,MT5 economic calendar (broker time UTC+3)
2026-07-06 15:00,2026-07-06,MXN,Gross Fixed Investments n.s.a. y/y,BUSINESS,LOW,Y,5.1,-3.8,-3.1,MT5 economic calendar (broker time UTC+3)
2026-07-06 15:55,2026-07-06,EUR,12-Month BTF Auction,MARKET,LOW,Y,2.548,0.0,2.579,MT5 economic calendar (broker time UTC+3)
2026-07-06 15:55,2026-07-06,EUR,3-Month BTF Auction,MARKET,LOW,Y,2.374,0.0,2.377,MT5 economic calendar (broker time UTC+3)
2026-07-06 15:55,2026-07-06,EUR,6-Month BTF Auction,MARKET,LOW,Y,2.455,0.0,2.483,MT5 economic calendar (broker time UTC+3)
2026-07-06 16:45,2026-07-06,USD,S&P Global Composite PMI,BUSINESS,MODERATE,Y,52.2,53.1,51.7,MT5 economic calendar (broker time UTC+3)
2026-07-06 16:45,2026-07-06,USD,S&P Global Services PMI,BUSINESS,HIGH,Y,51.2,50.9,50.7,MT5 economic calendar (broker time UTC+3)
2026-07-06 17:00,2026-07-06,USD,CB Employment Trends Index,JOBS,LOW,Y,106.69,105.79,107.01,MT5 economic calendar (broker time UTC+3)
2026-07-06 17:00,2026-07-06,USD,ISM Non-Manufacturing Business Activity,BUSINESS,LOW,Y,55.4,0.0,57.7,MT5 economic calendar (broker time UTC+3)
2026-07-06 17:00,2026-07-06,USD,ISM Non-Manufacturing Employment,BUSINESS,MODERATE,Y,51.2,0.0,47.9,MT5 economic calendar (broker time UTC+3)
2026-07-06 17:00,2026-07-06,USD,ISM Non-Manufacturing New Orders,BUSINESS,LOW,Y,55.1,0.0,57.3,MT5 economic calendar (broker time UTC+3)
2026-07-06 17:00,2026-07-06,USD,ISM Non-Manufacturing PMI,BUSINESS,HIGH,Y,54.0,0.0,54.5,MT5 economic calendar (broker time UTC+3)
2026-07-06 17:00,2026-07-06,USD,ISM Non-Manufacturing Prices Paid,BUSINESS,HIGH,Y,67.7,0.0,71.3,MT5 economic calendar (broker time UTC+3)
2026-07-06 18:00,2026-07-06,EUR,ECB Executive Board Member Schnabel Speech,MONEY,MODERATE,Y,0.0,0.0,0.0,MT5 economic calendar (broker time UTC+3)
2026-07-06 18:00,2026-07-06,USD,Fed Governor Waller Speech,MONEY,MODERATE,Y,0.0,0.0,0.0,MT5 economic calendar (broker time UTC+3)
2026-07-06 18:30,2026-07-06,CAD,BoC Business Outlook Survey,MONEY,MODERATE,Y,0.0,0.0,0.0,MT5 economic calendar (broker time UTC+3)
2026-07-06 18:30,2026-07-06,USD,3-Month Bill Auction,MARKET,LOW,Y,3.735,0.0,3.74,MT5 economic calendar (broker time UTC+3)
2026-07-06 18:30,2026-07-06,USD,6-Month Bill Auction,MARKET,LOW,Y,3.83,0.0,3.84,MT5 economic calendar (broker time UTC+3)
2026-07-06 19:00,2026-07-06,EUR,ECB President Lagarde Speech,MONEY,HIGH,Y,0.0,0.0,0.0,MT5 economic calendar (broker time UTC+3)
2026-07-06 19:45,2026-07-06,GBP,BoE MPC Member Mann Speech,MONEY,MODERATE,Y,0.0,0.0,0.0,MT5 economic calendar (broker time UTC+3)
2026-07-06 21:30,2026-07-06,EUR,ECB Executive Board Member Lane Speech,MONEY,MODERATE,Y,0.0,0.0,0.0,MT5 economic calendar (broker time UTC+3)
2026-07-06 22:30,2026-07-06,AUD,CFTC AUD Non-Commercial Net Positions,MARKET,MODERATE,Y,-17.7,0.0,-13.0,MT5 economic calendar (broker time UTC+3)
2026-07-06 22:30,2026-07-06,BRL,CFTC BRL Non-Commercial Net Positions,MARKET,MODERATE,Y,44.7,0.0,43.7,MT5 economic calendar (broker time UTC+3)
2026-07-06 22:30,2026-07-06,CAD,CFTC CAD Non-Commercial Net Positions,MARKET,LOW,Y,-150.8,0.0,-146.8,MT5 economic calendar (broker time UTC+3)
2026-07-06 22:30,2026-07-06,CHF,CFTC CHF Non-Commercial Net Positions,MARKET,LOW,Y,-39.0,0.0,-41.1,MT5 economic calendar (broker time UTC+3)
2026-07-06 22:30,2026-07-06,EUR,CFTC EUR Non-Commercial Net Positions,MARKET,MODERATE,Y,1.1,0.0,30.2,MT5 economic calendar (broker time UTC+3)
2026-07-06 22:30,2026-07-06,GBP,CFTC GBP Non-Commercial Net Positions,MARKET,MODERATE,Y,-102.1,0.0,-105.7,MT5 economic calendar (broker time UTC+3)
2026-07-06 22:30,2026-07-06,JPY,CFTC JPY Non-Commercial Net Positions,MARKET,MODERATE,Y,-155.1,0.0,-146.1,MT5 economic calendar (broker time UTC+3)
2026-07-06 22:30,2026-07-06,MXN,CFTC MXN Non-Commercial Net Positions,MARKET,LOW,Y,70.9,0.0,74.2,MT5 economic calendar (broker time UTC+3)
2026-07-06 22:30,2026-07-06,NZD,CFTC NZD Non-Commercial Net Positions,MARKET,LOW,Y,-63.3,0.0,-54.8,MT5 economic calendar (broker time UTC+3)
2026-07-06 22:30,2026-07-06,USD,CFTC Aluminium Non-Commercial Net Positions,MARKET,LOW,Y,0.6,0.0,0.8,MT5 economic calendar (broker time UTC+3)
2026-07-06 22:30,2026-07-06,USD,CFTC Copper Non-Commercial Net Positions,MARKET,LOW,Y,64.8,0.0,71.6,MT5 economic calendar (broker time UTC+3)
2026-07-06 22:30,2026-07-06,USD,CFTC Corn Non-Commercial Net Positions,MARKET,LOW,Y,64.2,0.0,58.3,MT5 economic calendar (broker time UTC+3)
2026-07-06 22:30,2026-07-06,USD,CFTC Crude Oil Non-Commercial Net Positions,MARKET,MODERATE,Y,110.5,0.0,114.6,MT5 economic calendar (broker time UTC+3)
2026-07-06 22:30,2026-07-06,USD,CFTC Gold Non-Commercial Net Positions,MARKET,MODERATE,Y,194.0,0.0,181.3,MT5 economic calendar (broker time UTC+3)
2026-07-06 22:30,2026-07-06,USD,CFTC Nasdaq 100 Non-Commercial Net Positions,MARKET,MODERATE,Y,-7.6,0.0,-9.1,MT5 economic calendar (broker time UTC+3)
2026-07-06 22:30,2026-07-06,USD,CFTC Natural Gas Non-Commercial Net Positions,MARKET,LOW,Y,-170.8,0.0,-176.7,MT5 economic calendar (broker time UTC+3)
2026-07-06 22:30,2026-07-06,USD,CFTC S&P 500 Non-Commercial Net Positions,MARKET,MODERATE,Y,-37.6,0.0,-35.4,MT5 economic calendar (broker time UTC+3)
2026-07-06 22:30,2026-07-06,USD,CFTC Silver Non-Commercial Net Positions,MARKET,LOW,Y,27.4,0.0,23.8,MT5 economic calendar (broker time UTC+3)
2026-07-06 22:30,2026-07-06,USD,CFTC Soybeans Non-Commercial Net Positions,MARKET,LOW,Y,76.6,0.0,100.8,MT5 economic calendar (broker time UTC+3)
2026-07-06 22:30,2026-07-06,USD,CFTC Wheat Non-Commercial Net Positions,MARKET,LOW,Y,-55.0,0.0,-48.4,MT5 economic calendar (broker time UTC+3)
2026-07-06 22:30,2026-07-06,ZAR,CFTC ZAR Non-Commercial Net Positions,MARKET,LOW,Y,7.9,0.0,9.8,MT5 economic calendar (broker time UTC+3)
2026-07-07 02:30,2026-07-07,JPY,Household Spending m/m,CONSUMER,MODERATE,Y,3.7,0.2,1.6,MT5 economic calendar (broker time UTC+3)
2026-07-07 02:30,2026-07-07,JPY,Household Spending y/y,CONSUMER,MODERATE,Y,-0.4,-0.5,-0.5,MT5 economic calendar (broker time UTC+3)
2026-07-07 02:50,2026-07-07,JPY,International Reserves,MONEY,LOW,Y,1287.5,0.0,1305.9,MT5 economic calendar (broker time UTC+3)
2026-07-07 06:35,2026-07-07,JPY,30-Year JGB Auction,MARKET,LOW,Y,3.993,0.0,3.86,MT5 economic calendar (broker time UTC+3)
2026-07-07 08:00,2026-07-07,JPY,Coincident Index,BUSINESS,LOW,Y,118.5,120.7,118.1,MT5 economic calendar (broker time UTC+3)
2026-07-07 08:00,2026-07-07,JPY,Coincident Index m/m,BUSINESS,LOW,Y,0.4,0.0,1.3,MT5 economic calendar (broker time UTC+3)
2026-07-07 08:00,2026-07-07,JPY,Leading Index,BUSINESS,LOW,Y,116.8,114.8,116.1,MT5 economic calendar (broker time UTC+3)
2026-07-07 08:00,2026-07-07,JPY,Leading Index m/m,BUSINESS,LOW,Y,0.7,0.0,0.7,MT5 economic calendar (broker time UTC+3)
2026-07-07 09:00,2026-07-07,ZAR,Gross International Reserves,MONEY,LOW,Y,74.115,78.312,76.583,MT5 economic calendar (broker time UTC+3)
2026-07-07 09:00,2026-07-07,ZAR,Net International Reserves,MONEY,LOW,Y,71.338,71.286,73.467,MT5 economic calendar (broker time UTC+3)
2026-07-07 09:45,2026-07-07,EUR,Exports,TRADE,LOW,Y,53.581,0.0,54.585,MT5 economic calendar (broker time UTC+3)
2026-07-07 09:45,2026-07-07,EUR,Imports,TRADE,LOW,Y,60.509,0.0,60.225,MT5 economic calendar (broker time UTC+3)
2026-07-07 09:45,2026-07-07,EUR,Trade Balance,TRADE,LOW,Y,-6.928,-4.391,-5.64,MT5 economic calendar (broker time UTC+3)
2026-07-07 10:00,2026-07-07,CHF,Foreign Currency Reserves,MONEY,LOW,Y,758.794,0.0,710.818,MT5 economic calendar (broker time UTC+3)
2026-07-07 11:25,2026-07-07,CNY,Foreign Exchange Reserves,MONEY,LOW,Y,3.416,3.418,3.442,MT5 economic calendar (broker time UTC+3)
2026-07-07 11:30,2026-07-07,HKD,Foreign Exchange Reserves,MONEY,LOW,Y,445.9,434.7,446.5,MT5 economic calendar (broker time UTC+3)
2026-07-07 12:00,2026-07-07,SGD,Foreign Exchange Reserves,MONEY,LOW,Y,426.2,0.0,430.1,MT5 economic calendar (broker time UTC+3)
2026-07-07 12:01,2026-07-07,EUR,12-Month Letras Auction,MARKET,LOW,Y,2.5,0.0,2.543,MT5 economic calendar (broker time UTC+3)
2026-07-07 12:01,2026-07-07,EUR,6-Month Letras Auction,MARKET,LOW,Y,2.385,0.0,2.376,MT5 economic calendar (broker time UTC+3)
2026-07-07 12:30,2026-07-07,EUR,5-Year Note Auction,MARKET,LOW,Y,2.49,0.0,2.64,MT5 economic calendar (broker time UTC+3)
2026-07-07 12:30,2026-07-07,GBP,BoE FPC Meeting Minutes,MONEY,MODERATE,Y,0.0,0.0,0.0,MT5 economic calendar (broker time UTC+3)
2026-07-07 12:30,2026-07-07,GBP,BoE Financial Stability Report,MONEY,MODERATE,Y,0.0,0.0,0.0,MT5 economic calendar (broker time UTC+3)
2026-07-07 14:00,2026-07-07,BRL,FGV IGP-DI Inflation Index m/m,PRICES,LOW,Y,-0.79,0.02,0.87,MT5 economic calendar (broker time UTC+3)
2026-07-07 14:00,2026-07-07,USD,Fed Governor Bowman Speech,MONEY,MODERATE,Y,0.0,0.0,0.0,MT5 economic calendar (broker time UTC+3)
2026-07-07 15:30,2026-07-07,CAD,Exports,TRADE,LOW,Y,77.099,0.0,75.16,MT5 economic calendar (broker time UTC+3)
2026-07-07 15:30,2026-07-07,CAD,Imports,TRADE,LOW,Y,72.856,0.0,72.439,MT5 economic calendar (broker time UTC+3)
2026-07-07 15:30,2026-07-07,CAD,Trade Balance,TRADE,MODERATE,Y,4.243,5.5,2.721,MT5 economic calendar (broker time UTC+3)
2026-07-07 15:30,2026-07-07,USD,Exports,TRADE,MODERATE,Y,317.677,0.0,327.101,MT5 economic calendar (broker time UTC+3)
2026-07-07 15:30,2026-07-07,USD,Imports,TRADE,MODERATE,Y,395.263,0.0,382.982,MT5 economic calendar (broker time UTC+3)
2026-07-07 15:30,2026-07-07,USD,Trade Balance,TRADE,MODERATE,Y,-77.585,-58.217,-55.881,MT5 economic calendar (broker time UTC+3)
2026-07-07 17:00,2026-07-07,BRL,ANFAVEA Auto Production m/m,BUSINESS,LOW,Y,-3.0,0.0,6.3,MT5 economic calendar (broker time UTC+3)
2026-07-07 17:00,2026-07-07,BRL,ANFAVEA Auto Sales m/m,BUSINESS,LOW,Y,-0.8,0.0,10.6,MT5 economic calendar (broker time UTC+3)
2026-07-07 18:17,2026-07-07,NZD,GDT Price Index,PRICES,LOW,Y,-4.9,0.0,-2.8,MT5 economic calendar (broker time UTC+3)
2026-07-07 18:30,2026-07-07,USD,52-Week Bill Auction,MARKET,LOW,Y,3.86,0.0,3.75,MT5 economic calendar (broker time UTC+3)
2026-07-07 19:00,2026-07-07,USD,EIA Short-Term Energy Outlook,BUSINESS,MODERATE,Y,0.0,0.0,0.0,MT5 economic calendar (broker time UTC+3)
2026-07-07 19:15,2026-07-07,GBP,BoE MPC Member Mann Speech,MONEY,MODERATE,Y,0.0,0.0,0.0,MT5 economic calendar (broker time UTC+3)
2026-07-07 20:00,2026-07-07,USD,3-Year Note Auction,MARKET,MODERATE,Y,4.179,0.0,4.192,MT5 economic calendar (broker time UTC+3)
2026-07-08 02:00,2026-07-08,KRW,Current Account,TRADE,LOW,Y,38.61,35.24,28.29,MT5 economic calendar (broker time UTC+3)
2026-07-08 02:50,2026-07-08,JPY,Adjusted Current Account,TRADE,MODERATE,Y,3064.5,3761.0,4211.1,MT5 economic calendar (broker time UTC+3)
2026-07-08 02:50,2026-07-08,JPY,BoJ Bank Lending y/y,GOVERNMENT,LOW,Y,5.7,5.9,5.7,MT5 economic calendar (broker time UTC+3)
2026-07-08 02:50,2026-07-08,JPY,Current Account n.s.a.,TRADE,MODERATE,Y,3968.3,2480.3,3907.8,MT5 economic calendar (broker time UTC+3)
2026-07-08 02:50,2026-07-08,JPY,Goods Trade Balance,TRADE,LOW,Y,6.9,745.8,395.7,MT5 economic calendar (broker time UTC+3)
2026-07-08 05:00,2026-07-08,NZD,RBNZ Interest Rate Decision,MONEY,HIGH,Y,2.5,0.0,2.25,MT5 economic calendar (broker time UTC+3)
2026-07-08 05:00,2026-07-08,NZD,RBNZ Rate Statement,MONEY,MODERATE,Y,0.0,0.0,0.0,MT5 economic calendar (broker time UTC+3)
2026-07-08 08:00,2026-07-08,JPY,Economy Watchers Index for Current Conditions,MONEY,LOW,Y,44.0,0.0,43.6,MT5 economic calendar (broker time UTC+3)
2026-07-08 08:00,2026-07-08,JPY,Economy Watchers Index for Future Conditions,MONEY,LOW,Y,45.7,0.0,40.7,MT5 economic calendar (broker time UTC+3)
2026-07-08 09:00,2026-07-08,SEK,Industrial New Orders m/m,BUSINESS,LOW,Y,4.8,0.0,-7.2,MT5 economic calendar (broker time UTC+3)
2026-07-08 09:00,2026-07-08,SEK,Industrial New Orders y/y,BUSINESS,LOW,Y,1.3,-1.4,6.3,MT5 economic calendar (broker time UTC+3)
2026-07-08 09:00,2026-07-08,SEK,Industrial Production m/m,BUSINESS,LOW,Y,0.2,-3.2,4.2,MT5 economic calendar (broker time UTC+3)
2026-07-08 09:00,2026-07-08,SEK,Industrial Production y/y,BUSINESS,LOW,Y,7.0,2.1,7.0,MT5 economic calendar (broker time UTC+3)
2026-07-08 09:00,2026-07-08,SEK,Private Sector Production m/m,BUSINESS,LOW,Y,0.6,0.0,1.7,MT5 economic calendar (broker time UTC+3)
2026-07-08 09:00,2026-07-08,SEK,Private Sector Production y/y,BUSINESS,LOW,Y,5.2,0.0,4.1,MT5 economic calendar (broker time UTC+3)
2026-07-08 12:30,2026-07-08,EUR,10-Year Bond Auction,MARKET,MODERATE,Y,3.09,0.0,2.96,MT5 economic calendar (broker time UTC+3)
2026-07-08 17:00,2026-07-08,USD,Wholesale Inventories m/m,BUSINESS,LOW,Y,0.1,0.3,0.3,MT5 economic calendar (broker time UTC+3)
2026-07-08 17:00,2026-07-08,USD,Wholesale Sales m/m,BUSINESS,LOW,Y,3.4,-1.0,2.0,MT5 economic calendar (broker time UTC+3)
2026-07-08 17:30,2026-07-08,USD,EIA Crude Oil Imports Change,BUSINESS,LOW,Y,1.096,-0.099,0.37,MT5 economic calendar (broker time UTC+3)
2026-07-08 17:30,2026-07-08,USD,EIA Crude Oil Stocks Change,BUSINESS,HIGH,Y,2.998,-1.504,-3.775,MT5 economic calendar (broker time UTC+3)
2026-07-08 17:30,2026-07-08,USD,EIA Cushing Crude Oil Stocks Change,BUSINESS,MODERATE,Y,-0.052,0.241,0.709,MT5 economic calendar (broker time UTC+3)
2026-07-08 17:30,2026-07-08,USD,EIA Distillate Fuel Production Change,BUSINESS,LOW,Y,-0.001,0.003,-0.042,MT5 economic calendar (broker time UTC+3)
2026-07-08 17:30,2026-07-08,USD,EIA Distillates Stocks Change,BUSINESS,LOW,Y,-4.98,1.16,2.483,MT5 economic calendar (broker time UTC+3)
2026-07-08 17:30,2026-07-08,USD,EIA Gasoline Production Change,BUSINESS,LOW,Y,-0.233,-0.015,0.481,MT5 economic calendar (broker time UTC+3)
2026-07-08 17:30,2026-07-08,USD,EIA Gasoline Stocks Change,BUSINESS,LOW,Y,-1.904,1.119,-2.333,MT5 economic calendar (broker time UTC+3)
2026-07-08 17:30,2026-07-08,USD,EIA Heating Oil Stocks Change,BUSINESS,LOW,Y,-0.427,-0.021,-0.31,MT5 economic calendar (broker time UTC+3)
2026-07-08 17:30,2026-07-08,USD,EIA Refinery Crude Oil Daily Inputs Change,BUSINESS,LOW,Y,-0.172,0.0,0.085,MT5 economic calendar (broker time UTC+3)
2026-07-08 17:30,2026-07-08,USD,EIA Refinery Utilization Rate Change,BUSINESS,LOW,Y,-0.8,0.0,0.5,MT5 economic calendar (broker time UTC+3)
2026-07-08 20:00,2026-07-08,USD,10-Year Note Auction,MARKET,HIGH,Y,4.58,0.0,4.538,MT5 economic calendar (broker time UTC+3)
2026-07-08 20:30,2026-07-08,BRL,Foreign Exchange Flows,MONEY,LOW,Y,-4.218,-0.158,-1.028,MT5 economic calendar (broker time UTC+3)
2026-07-08 21:00,2026-07-08,USD,FOMC Minutes,MONEY,MODERATE,Y,0.0,0.0,0.0,MT5 economic calendar (broker time UTC+3)
2026-07-08 22:00,2026-07-08,USD,Fed Consumer Credit m/m,CONSUMER,MODERATE,Y,-0.18,11.7,20.73,MT5 economic calendar (broker time UTC+3)
2026-07-09 01:30,2026-07-09,NZD,BusinessNZ Manufacturing Index,BUSINESS,MODERATE,Y,59.7,48.0,49.9,MT5 economic calendar (broker time UTC+3)
2026-07-09 02:50,2026-07-09,JPY,BoJ L Money Stock y/y,MONEY,HIGH,Y,4.5,4.9,4.7,MT5 economic calendar (broker time UTC+3)
2026-07-09 02:50,2026-07-09,JPY,BoJ M2 Money Stock y/y,MONEY,LOW,Y,2.2,2.7,2.5,MT5 economic calendar (broker time UTC+3)
2026-07-09 02:50,2026-07-09,JPY,BoJ M3 Money Stock y/y,MONEY,LOW,Y,1.5,0.0,1.7,MT5 economic calendar (broker time UTC+3)
2026-07-09 02:50,2026-07-09,JPY,Foreign Bond Investment,GOVERNMENT,LOW,Y,-218.1,0.0,-280.1,MT5 economic calendar (broker time UTC+3)
2026-07-09 02:50,2026-07-09,JPY,Foreign Investment in Japan Stocks,GOVERNMENT,LOW,Y,-22.2,0.0,-1816.5,MT5 economic calendar (broker time UTC+3)
2026-07-09 04:30,2026-07-09,CNY,CPI m/m,PRICES,MODERATE,Y,-0.3,0.1,-0.1,MT5 economic calendar (broker time UTC+3)
2026-07-09 04:30,2026-07-09,CNY,CPI y/y,PRICES,MODERATE,Y,1.0,1.2,1.2,MT5 economic calendar (broker time UTC+3)
2026-07-09 04:30,2026-07-09,CNY,PPI y/y,PRICES,MODERATE,Y,4.1,4.6,3.9,MT5 economic calendar (broker time UTC+3)
2026-07-09 09:00,2026-07-09,JPY,Machine Tool Orders y/y,BUSINESS,LOW,Y,52.8,0.0,37.4,MT5 economic calendar (broker time UTC+3)
2026-07-09 12:30,2026-07-09,EUR,12-Month BOT Auction,MARKET,LOW,Y,2.69,0.0,2.695,MT5 economic calendar (broker time UTC+3)
2026-07-09 13:45,2026-07-09,EUR,Consumer Confidence,CONSUMER,LOW,Y,81.2,0.0,77.7,MT5 economic calendar (broker time UTC+3)
2026-07-09 14:00,2026-07-09,ZAR,Manufacturing Production m/m,BUSINESS,LOW,Y,1.1,0.0,-2.7,MT5 economic calendar (broker time UTC+3)
2026-07-09 14:00,2026-07-09,ZAR,Manufacturing Production y/y,BUSINESS,LOW,Y,-4.3,-0.1,-2.9,MT5 economic calendar (broker time UTC+3)
2026-07-09 14:30,2026-07-09,EUR,ECB Monetary Policy Meeting Accounts,MONEY,MODERATE,Y,0.0,0.0,0.0,MT5 economic calendar (broker time UTC+3)
2026-07-09 15:00,2026-07-09,MXN,CPI m/m,PRICES,MODERATE,Y,-0.27,0.25,-0.21,MT5 economic calendar (broker time UTC+3)
2026-07-09 15:00,2026-07-09,MXN,CPI y/y,PRICES,MODERATE,Y,3.37,4.0,3.94,MT5 economic calendar (broker time UTC+3)
2026-07-09 15:00,2026-07-09,MXN,Core CPI m/m,PRICES,LOW,Y,0.24,0.26,0.22,MT5 economic calendar (broker time UTC+3)
2026-07-09 15:30,2026-07-09,USD,Continuing Jobless Claims,JOBS,MODERATE,Y,1.814,1.831,1.814,MT5 economic calendar (broker time UTC+3)
2026-07-09 15:30,2026-07-09,USD,Initial Jobless Claims,JOBS,HIGH,Y,215.0,210.0,215.0,MT5 economic calendar (broker time UTC+3)
2026-07-09 15:30,2026-07-09,USD,Initial Jobless Claims 4-Week Average,JOBS,LOW,Y,218.75,219.992,222.0,MT5 economic calendar (broker time UTC+3)
2026-07-09 15:34,2026-07-09,INR,RBI M3 Money Supply y/y,MONEY,LOW,Y,13.0,12.0,11.9,MT5 economic calendar (broker time UTC+3)
2026-07-09 17:00,2026-07-09,USD,Existing Home Sales,HOUSING,HIGH,Y,4.09,4.02,4.17,MT5 economic calendar (broker time UTC+3)
2026-07-09 17:00,2026-07-09,USD,Existing Home Sales m/m,HOUSING,MODERATE,Y,-2.4,0.4,3.2,MT5 economic calendar (broker time UTC+3)
2026-07-09 17:30,2026-07-09,USD,EIA Natural Gas Storage Change,BUSINESS,LOW,Y,61.0,62.0,87.0,MT5 economic calendar (broker time UTC+3)
2026-07-09 18:00,2026-07-09,MXN,Bank of Mexico Monetary Policy Meeting Minutes,MONEY,MODERATE,Y,0.0,0.0,0.0,MT5 economic calendar (broker time UTC+3)
2026-07-09 18:30,2026-07-09,USD,4-Week Bill Auction,MARKET,LOW,Y,3.63,0.0,3.605,MT5 economic calendar (broker time UTC+3)
2026-07-09 18:30,2026-07-09,USD,8-Week Bill Auction,MARKET,LOW,Y,3.635,0.0,3.65,MT5 economic calendar (broker time UTC+3)
2026-07-09 20:00,2026-07-09,USD,30-Year Bond Auction,MARKET,HIGH,Y,5.058,0.0,5.02,MT5 economic calendar (broker time UTC+3)
2026-07-10 00:00,2026-07-10,NZD,Matariki,HOLIDAYS,NONE,Y,0.0,0.0,0.0,MT5 economic calendar (broker time UTC+3)
2026-07-10 02:50,2026-07-10,JPY,BoJ Corporate Goods Price Index m/m,PRICES,LOW,Y,0.4,1.5,0.9,MT5 economic calendar (broker time UTC+3)
2026-07-10 02:50,2026-07-10,JPY,BoJ Corporate Goods Price Index y/y,PRICES,LOW,Y,7.1,7.3,6.3,MT5 economic calendar (broker time UTC+3)
2026-07-10 09:00,2026-07-10,NOK,CPI m/m,PRICES,LOW,Y,-0.2,0.0,0.2,MT5 economic calendar (broker time UTC+3)
2026-07-10 09:00,2026-07-10,NOK,CPI y/y,PRICES,LOW,Y,2.7,0.0,3.1,MT5 economic calendar (broker time UTC+3)
2026-07-10 09:45,2026-07-10,EUR,CPI m/m,PRICES,MODERATE,Y,-0.3,-0.2,-0.2,MT5 economic calendar (broker time UTC+3)
2026-07-10 09:45,2026-07-10,EUR,CPI y/y,PRICES,LOW,Y,1.8,1.8,1.8,MT5 economic calendar (broker time UTC+3)
2026-07-10 09:45,2026-07-10,EUR,HICP m/m,PRICES,MODERATE,Y,-0.3,-0.3,-0.3,MT5 economic calendar (broker time UTC+3)
2026-07-10 09:45,2026-07-10,EUR,HICP y/y,PRICES,LOW,Y,2.0,2.0,2.0,MT5 economic calendar (broker time UTC+3)
2026-07-10 11:00,2026-07-10,ALL,IEA Monthly Oil Market Report,BUSINESS,MODERATE,Y,0.0,0.0,0.0,MT5 economic calendar (broker time UTC+3)
2026-07-10 11:00,2026-07-10,EUR,Industrial Production m/m,BUSINESS,LOW,Y,-0.3,0.6,0.5,MT5 economic calendar (broker time UTC+3)
2026-07-10 11:00,2026-07-10,EUR,Industrial Production y/y,BUSINESS,LOW,Y,1.1,0.1,1.3,MT5 economic calendar (broker time UTC+3)
2026-07-10 12:30,2026-07-10,EUR,3-Year BTP Auction,MARKET,LOW,Y,2.98,0.0,3.03,MT5 economic calendar (broker time UTC+3)
2026-07-10 12:30,2026-07-10,EUR,7-Year BTP Auction,MARKET,LOW,Y,3.5,0.0,3.55,MT5 economic calendar (broker time UTC+3)
2026-07-10 14:30,2026-07-10,INR,Bank Loan Growth y/y,MONEY,LOW,Y,18.6,17.4,17.7,MT5 economic calendar (broker time UTC+3)
2026-07-10 14:30,2026-07-10,INR,Deposit Growth y/y,MONEY,LOW,Y,13.3,12.2,12.0,MT5 economic calendar (broker time UTC+3)
2026-07-10 14:30,2026-07-10,INR,Foreign Exchange Reserves,MONEY,LOW,Y,674.193,672.079,666.933,MT5 economic calendar (broker time UTC+3)
2026-07-10 15:00,2026-07-10,BRL,CPI m/m,PRICES,LOW,Y,0.16,0.43,0.58,MT5 economic calendar (broker time UTC+3)
2026-07-10 15:00,2026-07-10,BRL,CPI s.a. m/m,PRICES,LOW,Y,0.23,0.0,0.6,MT5 economic calendar (broker time UTC+3)
2026-07-10 15:00,2026-07-10,BRL,CPI y/y,PRICES,MODERATE,Y,4.64,4.74,4.72,MT5 economic calendar (broker time UTC+3)
2026-07-10 15:00,2026-07-10,MXN,Industrial Production m/m,BUSINESS,LOW,Y,-0.8,0.7,2.1,MT5 economic calendar (broker time UTC+3)
2026-07-10 15:00,2026-07-10,MXN,Industrial Production n.s.a. y/y,BUSINESS,LOW,Y,-0.7,-0.5,2.3,MT5 economic calendar (broker time UTC+3)
2026-07-10 15:30,2026-07-10,CAD,Building Permits m/m,BUSINESS,MODERATE,Y,-1.7,0.9,-7.6,MT5 economic calendar (broker time UTC+3)
2026-07-10 15:30,2026-07-10,CAD,Employment Change,JOBS,MODERATE,Y,18.2,212.4,87.8,MT5 economic calendar (broker time UTC+3)
2026-07-10 15:30,2026-07-10,CAD,Full-Time Employment Change,JOBS,LOW,Y,0.6,0.0,154.0,MT5 economic calendar (broker time UTC+3)
2026-07-10 15:30,2026-07-10,CAD,Part-Time Employment Change,JOBS,LOW,Y,17.5,0.0,-66.2,MT5 economic calendar (broker time UTC+3)
2026-07-10 15:30,2026-07-10,CAD,Participation Rate,JOBS,LOW,Y,65.0,65.0,65.0,MT5 economic calendar (broker time UTC+3)
2026-07-10 15:30,2026-07-10,CAD,Unemployment Rate,JOBS,MODERATE,Y,6.5,6.8,6.6,MT5 economic calendar (broker time UTC+3)
2026-07-10 19:00,2026-07-10,USD,WASDE Report,BUSINESS,MODERATE,Y,0.0,0.0,0.0,MT5 economic calendar (broker time UTC+3)
2026-07-10 20:00,2026-07-10,USD,Baker Hughes US Oil Rig Count,BUSINESS,MODERATE,Y,445.0,0.0,445.0,MT5 economic calendar (broker time UTC+3)
2026-07-10 20:00,2026-07-10,USD,Baker Hughes US Total Rig Count,BUSINESS,MODERATE,Y,581.0,0.0,580.0,MT5 economic calendar (broker time UTC+3)
2026-07-10 22:30,2026-07-10,AUD,CFTC AUD Non-Commercial Net Positions,MARKET,MODERATE,Y,-24.7,0.0,-17.7,MT5 economic calendar (broker time UTC+3)
2026-07-10 22:30,2026-07-10,BRL,CFTC BRL Non-Commercial Net Positions,MARKET,MODERATE,Y,30.8,0.0,44.7,MT5 economic calendar (broker time UTC+3)
2026-07-10 22:30,2026-07-10,CAD,CFTC CAD Non-Commercial Net Positions,MARKET,LOW,Y,-173.1,0.0,-150.8,MT5 economic calendar (broker time UTC+3)
2026-07-10 22:30,2026-07-10,CHF,CFTC CHF Non-Commercial Net Positions,MARKET,LOW,Y,-37.4,0.0,-39.0,MT5 economic calendar (broker time UTC+3)
2026-07-10 22:30,2026-07-10,EUR,CFTC EUR Non-Commercial Net Positions,MARKET,MODERATE,Y,-16.2,0.0,1.1,MT5 economic calendar (broker time UTC+3)
2026-07-10 22:30,2026-07-10,GBP,CFTC GBP Non-Commercial Net Positions,MARKET,MODERATE,Y,-87.9,0.0,-102.1,MT5 economic calendar (broker time UTC+3)
2026-07-10 22:30,2026-07-10,JPY,CFTC JPY Non-Commercial Net Positions,MARKET,MODERATE,Y,-123.8,0.0,-155.1,MT5 economic calendar (broker time UTC+3)
2026-07-10 22:30,2026-07-10,MXN,CFTC MXN Non-Commercial Net Positions,MARKET,LOW,Y,77.4,0.0,70.9,MT5 economic calendar (broker time UTC+3)
2026-07-10 22:30,2026-07-10,NZD,CFTC NZD Non-Commercial Net Positions,MARKET,LOW,Y,-65.2,0.0,-63.3,MT5 economic calendar (broker time UTC+3)
2026-07-10 22:30,2026-07-10,USD,CFTC Aluminium Non-Commercial Net Positions,MARKET,LOW,Y,1.3,0.0,0.6,MT5 economic calendar (broker time UTC+3)
2026-07-10 22:30,2026-07-10,USD,CFTC Copper Non-Commercial Net Positions,MARKET,LOW,Y,64.3,0.0,64.8,MT5 economic calendar (broker time UTC+3)
2026-07-10 22:30,2026-07-10,USD,CFTC Corn Non-Commercial Net Positions,MARKET,LOW,Y,101.0,0.0,64.2,MT5 economic calendar (broker time UTC+3)
2026-07-10 22:30,2026-07-10,USD,CFTC Crude Oil Non-Commercial Net Positions,MARKET,MODERATE,Y,75.7,0.0,110.5,MT5 economic calendar (broker time UTC+3)
2026-07-10 22:30,2026-07-10,USD,CFTC Gold Non-Commercial Net Positions,MARKET,MODERATE,Y,194.2,0.0,194.0,MT5 economic calendar (broker time UTC+3)
2026-07-10 22:30,2026-07-10,USD,CFTC Nasdaq 100 Non-Commercial Net Positions,MARKET,MODERATE,Y,2.1,0.0,-7.6,MT5 economic calendar (broker time UTC+3)
2026-07-10 22:30,2026-07-10,USD,CFTC Natural Gas Non-Commercial Net Positions,MARKET,LOW,Y,-165.3,0.0,-170.8,MT5 economic calendar (broker time UTC+3)
2026-07-10 22:30,2026-07-10,USD,CFTC S&P 500 Non-Commercial Net Positions,MARKET,MODERATE,Y,-42.9,0.0,-37.6,MT5 economic calendar (broker time UTC+3)
2026-07-10 22:30,2026-07-10,USD,CFTC Silver Non-Commercial Net Positions,MARKET,LOW,Y,28.0,0.0,27.4,MT5 economic calendar (broker time UTC+3)
2026-07-10 22:30,2026-07-10,USD,CFTC Soybeans Non-Commercial Net Positions,MARKET,LOW,Y,112.8,0.0,76.6,MT5 economic calendar (broker time UTC+3)
2026-07-10 22:30,2026-07-10,USD,CFTC Wheat Non-Commercial Net Positions,MARKET,LOW,Y,-49.7,0.0,-55.0,MT5 economic calendar (broker time UTC+3)
2026-07-10 22:30,2026-07-10,ZAR,CFTC ZAR Non-Commercial Net Positions,MARKET,LOW,Y,8.2,0.0,7.9,MT5 economic calendar (broker time UTC+3)
2026-07-13 01:30,2026-07-13,NZD,BusinessNZ Services Index,BUSINESS,LOW,Y,50.6,0.0,47.5,MT5 economic calendar (broker time UTC+3)
2026-07-13 09:00,2026-07-13,NOK,Industrial Production m/m,BUSINESS,LOW,Y,-1.0,0.5,0.6,MT5 economic calendar (broker time UTC+3)
2026-07-13 09:00,2026-07-13,NOK,Industrial Production y/y,BUSINESS,LOW,Y,0.5,0.1,1.2,MT5 economic calendar (broker time UTC+3)
2026-07-13 09:00,2026-07-13,NOK,Manufacturing Production m/m,BUSINESS,LOW,Y,0.7,0.0,-0.9,MT5 economic calendar (broker time UTC+3)
2026-07-13 09:00,2026-07-13,NOK,Manufacturing Production y/y,BUSINESS,LOW,Y,2.2,1.7,-0.6,MT5 economic calendar (broker time UTC+3)
2026-07-13 12:15,2026-07-13,INR,Exports,TRADE,LOW,Y,40.4,41.59,45.2,MT5 economic calendar (broker time UTC+3)
2026-07-13 12:15,2026-07-13,INR,Imports,TRADE,LOW,Y,70.84,66.83,73.41,MT5 economic calendar (broker time UTC+3)
2026-07-13 12:15,2026-07-13,INR,Trade Balance,TRADE,LOW,Y,-30.43,-26.05,-28.21,MT5 economic calendar (broker time UTC+3)
2026-07-13 12:25,2026-07-13,USD,Fed Governor Bowman Speech,MONEY,MODERATE,Y,0.0,0.0,0.0,MT5 economic calendar (broker time UTC+3)
2026-07-13 13:30,2026-07-13,INR,CFPI m/m,PRICES,LOW,Y,1.71,0.0,4.2,MT5 economic calendar (broker time UTC+3)
2026-07-13 13:30,2026-07-13,INR,CFPI y/y,PRICES,LOW,Y,5.32,0.0,4.78,MT5 economic calendar (broker time UTC+3)
2026-07-13 13:30,2026-07-13,INR,CPI m/m,PRICES,LOW,Y,1.03,0.0,3.48,MT5 economic calendar (broker time UTC+3)
2026-07-13 13:30,2026-07-13,INR,CPI y/y,PRICES,MODERATE,Y,4.38,4.46,3.94,MT5 economic calendar (broker time UTC+3)
2026-07-13 14:30,2026-07-13,BRL,BCB Focus Market Report,MONEY,MODERATE,Y,0.0,0.0,0.0,MT5 economic calendar (broker time UTC+3)
2026-07-13 15:30,2026-07-13,EUR,Current Account n.s.a.,TRADE,LOW,Y,10.4,17.9,13.8,MT5 economic calendar (broker time UTC+3)
2026-07-13 15:57,2026-07-13,EUR,12-Month BTF Auction,MARKET,LOW,Y,2.701,0.0,2.548,MT5 economic calendar (broker time UTC+3)
2026-07-13 15:57,2026-07-13,EUR,3-Month BTF Auction,MARKET,LOW,Y,2.41,0.0,2.374,MT5 economic calendar (broker time UTC+3)
2026-07-13 15:57,2026-07-13,EUR,6-Month BTF Auction,MARKET,LOW,Y,2.54,0.0,2.455,MT5 economic calendar (broker time UTC+3)
2026-07-13 18:30,2026-07-13,USD,3-Month Bill Auction,MARKET,LOW,Y,3.76,0.0,3.735,MT5 economic calendar (broker time UTC+3)
2026-07-13 18:30,2026-07-13,USD,6-Month Bill Auction,MARKET,LOW,Y,3.86,0.0,3.83,MT5 economic calendar (broker time UTC+3)
2026-07-13 19:30,2026-07-13,USD,Fed Governor Waller Speech,MONEY,MODERATE,Y,0.0,0.0,0.0,MT5 economic calendar (broker time UTC+3)
2026-07-13 19:45,2026-07-13,EUR,ECB Executive Board Member Schnabel Speech,MONEY,MODERATE,Y,0.0,0.0,0.0,MT5 economic calendar (broker time UTC+3)
2026-07-13 21:00,2026-07-13,USD,Federal Budget Balance,GOVERNMENT,MODERATE,Y,-120.3,0.0,-292.6,MT5 economic calendar (broker time UTC+3)
2026-07-14 00:00,2026-07-14,EUR,Bastille Day,HOLIDAYS,NONE,Y,0.0,0.0,0.0,MT5 economic calendar (broker time UTC+3)
2026-07-14 00:00,2026-07-14,EUR,ECB President Lagarde Speech,MONEY,HIGH,Y,0.0,0.0,0.0,MT5 economic calendar (broker time UTC+3)
2026-07-14 01:45,2026-07-14,NZD,Net Permanent & Long-Term Migration,JOBS,LOW,Y,1.86,2.751,3.09,MT5 economic calendar (broker time UTC+3)
2026-07-14 01:45,2026-07-14,NZD,Visitor Arrivals m/m,JOBS,LOW,Y,-2.4,0.8,2.3,MT5 economic calendar (broker time UTC+3)
2026-07-14 01:45,2026-07-14,NZD,Visitor Arrivals y/y,JOBS,LOW,Y,6.7,9.6,8.0,MT5 economic calendar (broker time UTC+3)
2026-07-14 03:00,2026-07-14,SGD,GDP q/q,GDP,LOW,Y,1.1,0.8,1.0,MT5 economic calendar (broker time UTC+3)
2026-07-14 03:00,2026-07-14,SGD,GDP y/y,GDP,LOW,Y,5.7,5.4,6.0,MT5 economic calendar (broker time UTC+3)
2026-07-14 07:30,2026-07-14,JPY,Capacity Utilization Rate,BUSINESS,LOW,Y,0.1,1.3,-0.8,MT5 economic calendar (broker time UTC+3)
2026-07-14 07:30,2026-07-14,JPY,Industrial Production m/m,BUSINESS,MODERATE,Y,0.1,0.5,0.5,MT5 economic calendar (broker time UTC+3)
2026-07-14 07:30,2026-07-14,JPY,Industrial Production y/y,BUSINESS,LOW,Y,-2.1,-1.7,-1.7,MT5 economic calendar (broker time UTC+3)
2026-07-14 09:00,2026-07-14,NOK,PPI m/m,PRICES,LOW,Y,-7.1,0.0,-1.8,MT5 economic calendar (broker time UTC+3)
2026-07-14 09:00,2026-07-14,NOK,PPI y/y,PRICES,LOW,Y,14.9,29.1,24.0,MT5 economic calendar (broker time UTC+3)
2026-07-14 09:30,2026-07-14,CHF,PPI m/m,PRICES,LOW,Y,-0.3,0.1,-0.4,MT5 economic calendar (broker time UTC+3)
2026-07-14 09:30,2026-07-14,CHF,PPI y/y,PRICES,LOW,Y,-2.1,-1.5,-1.8,MT5 economic calendar (broker time UTC+3)
2026-07-14 11:45,2026-07-14,GBP,BoE Governor Bailey Speech,MONEY,HIGH,Y,0.0,0.0,0.0,MT5 economic calendar (broker time UTC+3)
2026-07-14 12:08,2026-07-14,EUR,3-Month Letras Auction,MARKET,LOW,Y,2.366,0.0,2.239,MT5 economic calendar (broker time UTC+3)
2026-07-14 12:08,2026-07-14,EUR,9-Month Letras Auction,MARKET,LOW,Y,2.623,0.0,2.518,MT5 economic calendar (broker time UTC+3)
2026-07-14 12:30,2026-07-14,EUR,2-Year Note Auction,MARKET,LOW,Y,2.77,0.0,2.57,MT5 economic calendar (broker time UTC+3)
2026-07-14 12:30,2026-07-14,ZAR,Gold Production y/y,BUSINESS,LOW,Y,-4.3,-6.3,-0.2,MT5 economic calendar (broker time UTC+3)
2026-07-14 12:30,2026-07-14,ZAR,Mining Production m/m,BUSINESS,LOW,Y,-5.2,-0.2,3.3,MT5 economic calendar (broker time UTC+3)
2026-07-14 12:30,2026-07-14,ZAR,Mining Production y/y,BUSINESS,LOW,Y,-5.4,3.3,8.2,MT5 economic calendar (broker time UTC+3)
2026-07-14 14:30,2026-07-14,AUD,Westpac-MI Consumer Sentiment m/m,CONSUMER,LOW,Y,4.1,5.1,-2.9,MT5 economic calendar (broker time UTC+3)
2026-07-14 15:30,2026-07-14,USD,CPI,PRICES,HIGH,Y,332.568,332.371,333.979,MT5 economic calendar (broker time UTC+3)
2026-07-14 15:30,2026-07-14,USD,CPI m/m,PRICES,HIGH,Y,-0.4,0.5,0.5,MT5 economic calendar (broker time UTC+3)
2026-07-14 15:30,2026-07-14,USD,CPI n.s.a.,PRICES,LOW,Y,333.952,335.683,335.123,MT5 economic calendar (broker time UTC+3)
2026-07-14 15:30,2026-07-14,USD,CPI n.s.a. m/m,PRICES,LOW,Y,-0.3,0.0,0.6,MT5 economic calendar (broker time UTC+3)
2026-07-14 15:30,2026-07-14,USD,CPI y/y,PRICES,HIGH,Y,3.5,3.8,4.2,MT5 economic calendar (broker time UTC+3)
2026-07-14 15:30,2026-07-14,USD,Core CPI,PRICES,LOW,Y,336.065,336.769,336.121,MT5 economic calendar (broker time UTC+3)
2026-07-14 15:30,2026-07-14,USD,Core CPI m/m,PRICES,HIGH,Y,0.0,0.2,0.2,MT5 economic calendar (broker time UTC+3)
2026-07-14 15:30,2026-07-14,USD,Core CPI n.s.a.,PRICES,LOW,Y,336.882,0.0,336.846,MT5 economic calendar (broker time UTC+3)
2026-07-14 15:30,2026-07-14,USD,Core CPI n.s.a. m/m,PRICES,HIGH,Y,0.0,0.0,0.3,MT5 economic calendar (broker time UTC+3)
2026-07-14 15:30,2026-07-14,USD,Core CPI y/y,PRICES,MODERATE,Y,2.6,2.9,2.9,MT5 economic calendar (broker time UTC+3)
2026-07-14 15:30,2026-07-14,USD,Real Earnings m/m,JOBS,LOW,Y,0.8,0.3,-0.2,MT5 economic calendar (broker time UTC+3)
2026-07-14 16:00,2026-07-14,EUR,ECB President Lagarde Speech,MONEY,HIGH,Y,0.0,0.0,0.0,MT5 economic calendar (broker time UTC+3)
2026-07-14 17:00,2026-07-14,GBP,BoE Governor Bailey Speech,MONEY,HIGH,Y,0.0,0.0,0.0,MT5 economic calendar (broker time UTC+3)
2026-07-14 18:00,2026-07-14,USD,Cleveland Fed Median CPI m/m,PRICES,LOW,Y,0.2,0.2,0.3,MT5 economic calendar (broker time UTC+3)
2026-07-14 19:00,2026-07-14,USD,NFIB Small Business Optimism,BUSINESS,LOW,Y,97.4,98.6,95.3,MT5 economic calendar (broker time UTC+3)
2026-07-14 19:40,2026-07-14,USD,Fed Vice Chair for Supervision Barr Speech,MONEY,MODERATE,Y,0.0,0.0,0.0,MT5 economic calendar (broker time UTC+3)
2026-07-14 19:55,2026-07-14,USD,Fed Vice Chair for Supervision Barr Speech,MONEY,MODERATE,Y,0.0,0.0,0.0,MT5 economic calendar (broker time UTC+3)
2026-07-14 20:30,2026-07-14,USD,Fed Governor Cook Speech,MONEY,MODERATE,Y,0.0,0.0,0.0,MT5 economic calendar (broker time UTC+3)
2026-07-14 21:55,2026-07-14,USD,Fed Governor Bowman Speech,MONEY,MODERATE,Y,0.0,0.0,0.0,MT5 economic calendar (broker time UTC+3)
2026-07-14 23:00,2026-07-14,USD,TIC Net Foreign Purchases of Domestic Treasury Bonds & Notes,MONEY,LOW,Y,56.6,30.4,50.5,MT5 economic calendar (broker time UTC+3)
2026-07-14 23:00,2026-07-14,USD,TIC Net Long-Term Transactions,MONEY,MODERATE,Y,232.7,91.6,103.1,MT5 economic calendar (broker time UTC+3)
2026-07-14 23:00,2026-07-14,USD,TIC Net Long-Term Transactions incl. Swaps,MONEY,LOW,Y,232.7,184.4,103.1,MT5 economic calendar (broker time UTC+3)
2026-07-14 23:00,2026-07-14,USD,TIC Overall Net Capital Flow,MONEY,LOW,Y,132.2,187.7,26.1,MT5 economic calendar (broker time UTC+3)
2026-07-15 00:00,2026-07-15,KRW,Export Price Index y/y,PRICES,LOW,Y,48.9,44.9,46.9,MT5 economic calendar (broker time UTC+3)
2026-07-15 00:00,2026-07-15,KRW,Import Price Index y/y,PRICES,LOW,Y,20.6,27.0,24.8,MT5 economic calendar (broker time UTC+3)
2026-07-15 01:45,2026-07-15,NZD,Electronic Card Retail Sales m/m,CONSUMER,MODERATE,Y,-1.4,0.2,1.7,MT5 economic calendar (broker time UTC+3)
2026-07-15 01:45,2026-07-15,NZD,Electronic Card Retail Sales y/y,CONSUMER,LOW,Y,1.3,2.3,3.3,MT5 economic calendar (broker time UTC+3)
2026-07-15 02:00,2026-07-15,KRW,Unemployment Rate,JOBS,LOW,Y,2.7,3.0,2.8,MT5 economic calendar (broker time UTC+3)
2026-07-15 02:50,2026-07-15,JPY,Core Machinery Orders m/m,BUSINESS,LOW,Y,-12.4,1.0,8.7,MT5 economic calendar (broker time UTC+3)
2026-07-15 02:50,2026-07-15,JPY,Core Machinery Orders y/y,BUSINESS,LOW,Y,-1.9,12.1,15.6,MT5 economic calendar (broker time UTC+3)
2026-07-15 04:00,2026-07-15,CNY,PBC M2 Money Stock y/y,MONEY,LOW,Y,8.0,8.4,8.6,MT5 economic calendar (broker time UTC+3)
2026-07-15 04:00,2026-07-15,CNY,PBC New Loans,MONEY,MODERATE,Y,1.61,1.747,0.52,MT5 economic calendar (broker time UTC+3)
2026-07-15 04:00,2026-07-15,CNY,PBC Outstanding Loan Growth y/y,MONEY,LOW,Y,5.2,5.3,5.5,MT5 economic calendar (broker time UTC+3)
2026-07-15 05:00,2026-07-15,CNY,Fixed Asset Investment y/y,BUSINESS,MODERATE,Y,-5.7,-7.2,-4.1,MT5 economic calendar (broker time UTC+3)
2026-07-15 05:00,2026-07-15,CNY,GDP YTD y/y,GDP,MODERATE,Y,4.7,0.0,5.0,MT5 economic calendar (broker time UTC+3)
2026-07-15 05:00,2026-07-15,CNY,GDP q/q,GDP,MODERATE,Y,0.9,1.2,1.3,MT5 economic calendar (broker time UTC+3)
2026-07-15 05:00,2026-07-15,CNY,GDP y/y,GDP,HIGH,Y,4.3,4.2,5.0,MT5 economic calendar (broker time UTC+3)
2026-07-15 05:00,2026-07-15,CNY,Industrial Production YTD y/y,BUSINESS,MODERATE,Y,5.4,0.0,5.4,MT5 economic calendar (broker time UTC+3)
2026-07-15 05:00,2026-07-15,CNY,Industrial Production y/y,BUSINESS,MODERATE,Y,5.3,5.1,4.5,MT5 economic calendar (broker time UTC+3)
2026-07-15 05:00,2026-07-15,CNY,NBS Press Conference on Economic Situation,MONEY,MODERATE,Y,0.0,0.0,0.0,MT5 economic calendar (broker time UTC+3)
2026-07-15 05:00,2026-07-15,CNY,Retail Sales YTD y/y,CONSUMER,LOW,Y,1.3,0.0,1.4,MT5 economic calendar (broker time UTC+3)
2026-07-15 05:00,2026-07-15,CNY,Retail Sales y/y,CONSUMER,LOW,Y,1.0,0.7,-0.6,MT5 economic calendar (broker time UTC+3)
2026-07-15 05:00,2026-07-15,CNY,Unemployment Rate,JOBS,MODERATE,Y,5.0,5.0,5.1,MT5 economic calendar (broker time UTC+3)
2026-07-15 05:00,2026-07-15,KRW,Exports y/y,TRADE,LOW,Y,70.7,70.9,70.9,MT5 economic calendar (broker time UTC+3)
2026-07-15 05:00,2026-07-15,KRW,Imports y/y,TRADE,LOW,Y,30.0,30.1,30.1,MT5 economic calendar (broker time UTC+3)
2026-07-15 05:00,2026-07-15,KRW,Trade Balance,TRADE,LOW,Y,36.088,36.149,36.149,MT5 economic calendar (broker time UTC+3)
2026-07-15 06:00,2026-07-15,KRW,BOK M2 Money Supply y/y,MONEY,LOW,Y,9.2,8.5,8.1,MT5 economic calendar (broker time UTC+3)
2026-07-15 07:30,2026-07-15,JPY,Tertiary Industry Activity Index m/m,BUSINESS,MODERATE,Y,1.1,0.1,1.3,MT5 economic calendar (broker time UTC+3)
2026-07-15 09:00,2026-07-15,NOK,Core CPI m/m,PRICES,LOW,Y,-0.1,0.0,0.4,MT5 economic calendar (broker time UTC+3)
2026-07-15 09:00,2026-07-15,NOK,Core CPI y/y,PRICES,LOW,Y,2.7,0.0,3.4,MT5 economic calendar (broker time UTC+3)
2026-07-15 09:00,2026-07-15,NOK,Goods Trade Balance,TRADE,LOW,Y,61.905,63.327,62.602,MT5 economic calendar (broker time UTC+3)
2026-07-15 09:00,2026-07-15,SEK,CPI m/m,PRICES,MODERATE,Y,0.4,0.0,1.0,MT5 economic calendar (broker time UTC+3)
2026-07-15 09:00,2026-07-15,SEK,CPI y/y,PRICES,MODERATE,Y,0.7,0.0,0.8,MT5 economic calendar (broker time UTC+3)
2026-07-15 09:00,2026-07-15,SEK,CPIF m/m,PRICES,LOW,Y,0.3,0.0,0.9,MT5 economic calendar (broker time UTC+3)
2026-07-15 09:00,2026-07-15,SEK,CPIF y/y,PRICES,LOW,Y,1.3,0.0,1.5,MT5 economic calendar (broker time UTC+3)
2026-07-15 09:00,2026-07-15,SEK,HICP m/m,PRICES,LOW,Y,0.4,0.0,1.0,MT5 economic calendar (broker time UTC+3)
2026-07-15 09:00,2026-07-15,SEK,HICP y/y,PRICES,LOW,Y,1.0,0.0,1.1,MT5 economic calendar (broker time UTC+3)
2026-07-15 10:00,2026-07-15,EUR,CPI m/m,PRICES,LOW,Y,0.6,0.6,0.6,MT5 economic calendar (broker time UTC+3)
2026-07-15 10:00,2026-07-15,EUR,CPI y/y,PRICES,MODERATE,Y,3.2,3.2,3.2,MT5 economic calendar (broker time UTC+3)
2026-07-15 10:00,2026-07-15,EUR,HICP m/m,PRICES,LOW,Y,0.6,0.6,0.6,MT5 economic calendar (broker time UTC+3)
2026-07-15 10:00,2026-07-15,EUR,HICP y/y,PRICES,MODERATE,Y,3.6,3.6,3.6,MT5 economic calendar (broker time UTC+3)
2026-07-15 12:00,2026-07-15,EUR,Industrial Production m/m,BUSINESS,MODERATE,Y,-0.2,-0.1,0.1,MT5 economic calendar (broker time UTC+3)
2026-07-15 12:00,2026-07-15,EUR,Industrial Production y/y,BUSINESS,LOW,Y,-1.2,0.5,0.3,MT5 economic calendar (broker time UTC+3)
2026-07-15 12:30,2026-07-15,EUR,30-Year Bond Auction,MARKET,LOW,Y,3.64,0.0,2.96,MT5 economic calendar (broker time UTC+3)
2026-07-15 13:00,2026-07-15,EUR,Official Reserve Assets,MONEY,LOW,Y,1755.45,0.0,1872.82,MT5 economic calendar (broker time UTC+3)
2026-07-15 13:30,2026-07-15,GBP,BoE MPC Member Pill Speech,MONEY,MODERATE,Y,0.0,0.0,0.0,MT5 economic calendar (broker time UTC+3)
2026-07-15 15:00,2026-07-15,BRL,Services Volume m/m,BUSINESS,LOW,Y,-0.4,0.5,1.2,MT5 economic calendar (broker time UTC+3)
2026-07-15 15:00,2026-07-15,BRL,Services Volume y/y,BUSINESS,LOW,Y,0.4,1.9,1.9,MT5 economic calendar (broker time UTC+3)
2026-07-15 15:30,2026-07-15,CAD,Manufacturing Sales m/m,BUSINESS,LOW,Y,1.3,-1.9,4.2,MT5 economic calendar (broker time UTC+3)
2026-07-15 15:30,2026-07-15,CAD,Wholesale Trade m/m,BUSINESS,MODERATE,Y,0.0,-1.3,0.6,MT5 economic calendar (broker time UTC+3)
2026-07-15 15:30,2026-07-15,USD,Core PPI m/m,PRICES,MODERATE,Y,0.2,0.2,0.4,MT5 economic calendar (broker time UTC+3)
2026-07-15 15:30,2026-07-15,USD,Core PPI y/y,PRICES,LOW,Y,4.7,3.5,4.9,MT5 economic calendar (broker time UTC+3)
2026-07-15 15:30,2026-07-15,USD,NY Fed Empire State Manufacturing Index,BUSINESS,MODERATE,Y,15.6,1.0,5.7,MT5 economic calendar (broker time UTC+3)
2026-07-15 15:30,2026-07-15,USD,PPI m/m,PRICES,HIGH,Y,-0.3,1.6,1.1,MT5 economic calendar (broker time UTC+3)
2026-07-15 15:30,2026-07-15,USD,PPI y/y,PRICES,LOW,Y,5.5,4.8,6.5,MT5 economic calendar (broker time UTC+3)
2026-07-15 16:45,2026-07-15,CAD,BoC Interest Rate Decision,MONEY,HIGH,Y,2.25,0.0,2.25,MT5 economic calendar (broker time UTC+3)
2026-07-15 16:45,2026-07-15,CAD,BoC Monetary Policy Report,MONEY,MODERATE,Y,0.0,0.0,0.0,MT5 economic calendar (broker time UTC+3)
2026-07-15 16:45,2026-07-15,CAD,BoC Rate Statement,MONEY,MODERATE,Y,0.0,0.0,0.0,MT5 economic calendar (broker time UTC+3)
2026-07-15 17:30,2026-07-15,USD,EIA Crude Oil Imports Change,BUSINESS,LOW,Y,-0.399,0.532,1.096,MT5 economic calendar (broker time UTC+3)
2026-07-15 17:30,2026-07-15,USD,EIA Crude Oil Stocks Change,BUSINESS,HIGH,Y,-1.692,1.001,2.998,MT5 economic calendar (broker time UTC+3)
2026-07-15 17:30,2026-07-15,USD,EIA Cushing Crude Oil Stocks Change,BUSINESS,MODERATE,Y,0.43,0.557,-0.052,MT5 economic calendar (broker time UTC+3)
2026-07-15 17:30,2026-07-15,USD,EIA Distillate Fuel Production Change,BUSINESS,LOW,Y,0.072,-0.016,-0.001,MT5 economic calendar (broker time UTC+3)
2026-07-15 17:30,2026-07-15,USD,EIA Distillates Stocks Change,BUSINESS,LOW,Y,4.556,-3.648,-4.98,MT5 economic calendar (broker time UTC+3)
2026-07-15 17:30,2026-07-15,USD,EIA Gasoline Production Change,BUSINESS,LOW,Y,-0.096,-0.026,-0.233,MT5 economic calendar (broker time UTC+3)
2026-07-15 17:30,2026-07-15,USD,EIA Gasoline Stocks Change,BUSINESS,LOW,Y,-1.533,0.323,-1.904,MT5 economic calendar (broker time UTC+3)
2026-07-15 17:30,2026-07-15,USD,EIA Heating Oil Stocks Change,BUSINESS,LOW,Y,0.03,-0.044,-0.427,MT5 economic calendar (broker time UTC+3)
2026-07-15 17:30,2026-07-15,USD,EIA Refinery Crude Oil Daily Inputs Change,BUSINESS,LOW,Y,0.099,0.0,-0.172,MT5 economic calendar (broker time UTC+3)
2026-07-15 17:30,2026-07-15,USD,EIA Refinery Utilization Rate Change,BUSINESS,LOW,Y,0.4,0.0,-0.8,MT5 economic calendar (broker time UTC+3)
2026-07-15 20:00,2026-07-15,USD,Fed Governor Cook Speech,MONEY,MODERATE,Y,0.0,0.0,0.0,MT5 economic calendar (broker time UTC+3)
2026-07-15 20:30,2026-07-15,BRL,Foreign Exchange Flows,MONEY,LOW,Y,1.012,-0.298,-4.218,MT5 economic calendar (broker time UTC+3)
2026-07-15 21:00,2026-07-15,USD,Fed Beige Book,MONEY,MODERATE,Y,0.0,0.0,0.0,MT5 economic calendar (broker time UTC+3)
2026-07-16 02:50,2026-07-16,JPY,Foreign Bond Investment,GOVERNMENT,LOW,Y,1090.1,0.0,-218.1,MT5 economic calendar (broker time UTC+3)
2026-07-16 02:50,2026-07-16,JPY,Foreign Investment in Japan Stocks,GOVERNMENT,LOW,Y,745.6,0.0,-22.2,MT5 economic calendar (broker time UTC+3)
2026-07-16 04:00,2026-07-16,AUD,MI Inflation Expectations,PRICES,LOW,Y,4.7,0.0,5.5,MT5 economic calendar (broker time UTC+3)
2026-07-16 04:00,2026-07-16,KRW,BOK Interest Rate Decision,MONEY,LOW,Y,2.75,0.0,2.5,MT5 economic calendar (broker time UTC+3)
2026-07-16 04:00,2026-07-16,KRW,BOK Monetary Policy Board Meeting,MONEY,MODERATE,Y,0.0,0.0,0.0,MT5 economic calendar (broker time UTC+3)
2026-07-16 07:00,2026-07-16,SEK,Registered Unemployment Rate,JOBS,LOW,Y,6.4,6.6,6.4,MT5 economic calendar (broker time UTC+3)
2026-07-16 11:00,2026-07-16,EUR,CPI FOI excl. Tobacco m/m,PRICES,LOW,Y,0.0,0.5,0.3,MT5 economic calendar (broker time UTC+3)
2026-07-16 11:00,2026-07-16,EUR,CPI FOI excl. Tobacco y/y,PRICES,LOW,Y,2.9,2.3,3.0,MT5 economic calendar (broker time UTC+3)
2026-07-16 11:00,2026-07-16,EUR,CPI m/m,PRICES,LOW,Y,0.0,0.0,0.0,MT5 economic calendar (broker time UTC+3)
2026-07-16 11:00,2026-07-16,EUR,CPI y/y,PRICES,LOW,Y,3.0,3.0,3.0,MT5 economic calendar (broker time UTC+3)
2026-07-16 11:00,2026-07-16,EUR,HICP m/m,PRICES,LOW,Y,0.0,0.1,0.1,MT5 economic calendar (broker time UTC+3)
2026-07-16 11:00,2026-07-16,EUR,HICP y/y,PRICES,LOW,Y,3.0,3.1,3.1,MT5 economic calendar (broker time UTC+3)
2026-07-16 11:59,2026-07-16,EUR,3-Year OAT Auction,MARKET,LOW,Y,3.04,0.0,2.85,MT5 economic calendar (broker time UTC+3)
2026-07-16 11:59,2026-07-16,EUR,5-Year OAT Auction,MARKET,LOW,Y,3.23,0.0,3.13,MT5 economic calendar (broker time UTC+3)
2026-07-16 12:00,2026-07-16,EUR,Trade Balance,TRADE,LOW,Y,4.793,3.953,4.293,MT5 economic calendar (broker time UTC+3)
2026-07-16 12:00,2026-07-16,EUR,Trade Balance EU,TRADE,LOW,Y,0.845,0.0,0.316,MT5 economic calendar (broker time UTC+3)
2026-07-16 12:00,2026-07-16,EUR,Trade Balance n.s.a.,TRADE,MODERATE,Y,-7.8,6.3,-1.0,MT5 economic calendar (broker time UTC+3)
2026-07-16 12:17,2026-07-16,EUR,3-Year Bonos Auction,MARKET,LOW,Y,2.867,0.0,2.772,MT5 economic calendar (broker time UTC+3)
2026-07-16 12:17,2026-07-16,EUR,30-Year Obligacion Auction,MARKET,LOW,Y,4.286,0.0,4.038,MT5 economic calendar (broker time UTC+3)
2026-07-16 12:30,2026-07-16,GBP,10-Year Treasury Gilt Auction,MARKET,LOW,Y,5.04,0.0,4.858,MT5 economic calendar (broker time UTC+3)
2026-07-16 14:58,2026-07-16,GBP,NIESR GDP Estimate,GDP,LOW,Y,0.4,0.6,0.5,MT5 economic calendar (broker time UTC+3)
2026-07-16 15:00,2026-07-16,BRL,Retail Sales m/m,CONSUMER,MODERATE,Y,0.1,-0.5,-1.5,MT5 economic calendar (broker time UTC+3)
2026-07-16 15:00,2026-07-16,BRL,Retail Sales y/y,CONSUMER,MODERATE,Y,0.4,1.8,1.0,MT5 economic calendar (broker time UTC+3)
2026-07-16 15:15,2026-07-16,CAD,CMHC Housing Starts,HOUSING,MODERATE,Y,238.971,259.178,261.377,MT5 economic calendar (broker time UTC+3)
2026-07-16 15:30,2026-07-16,USD,Continuing Jobless Claims,JOBS,MODERATE,Y,1.805,1.831,1.814,MT5 economic calendar (broker time UTC+3)
2026-07-16 15:30,2026-07-16,USD,Core Retail Sales m/m,CONSUMER,HIGH,Y,-0.2,0.6,0.8,MT5 economic calendar (broker time UTC+3)
2026-07-16 15:30,2026-07-16,USD,Initial Jobless Claims,JOBS,HIGH,Y,208.0,222.0,215.0,MT5 economic calendar (broker time UTC+3)
2026-07-16 15:30,2026-07-16,USD,Initial Jobless Claims 4-Week Average,JOBS,LOW,Y,214.25,214.87,218.75,MT5 economic calendar (broker time UTC+3)
2026-07-16 15:30,2026-07-16,USD,Philadelphia Fed Business Conditions,BUSINESS,LOW,Y,34.4,47.0,50.2,MT5 economic calendar (broker time UTC+3)
2026-07-16 15:30,2026-07-16,USD,Philadelphia Fed Capex Index,BUSINESS,LOW,Y,30.1,34.2,41.2,MT5 economic calendar (broker time UTC+3)
2026-07-16 15:30,2026-07-16,USD,Philadelphia Fed Employment,BUSINESS,MODERATE,Y,10.0,-7.5,7.9,MT5 economic calendar (broker time UTC+3)
2026-07-16 15:30,2026-07-16,USD,Philadelphia Fed Manufacturing Index,BUSINESS,HIGH,Y,41.4,10.3,10.3,MT5 economic calendar (broker time UTC+3)
2026-07-16 15:30,2026-07-16,USD,Philadelphia Fed New Orders,BUSINESS,LOW,Y,37.0,7.4,27.3,MT5 economic calendar (broker time UTC+3)
2026-07-16 15:30,2026-07-16,USD,Philadelphia Fed Prices Paid,BUSINESS,LOW,Y,53.9,47.2,53.2,MT5 economic calendar (broker time UTC+3)
2026-07-16 15:30,2026-07-16,USD,Retail Control m/m,CONSUMER,MODERATE,Y,0.5,0.1,0.7,MT5 economic calendar (broker time UTC+3)
2026-07-16 15:30,2026-07-16,USD,Retail Sales excl. Autos and Gas m/m,CONSUMER,LOW,Y,0.4,0.3,0.5,MT5 economic calendar (broker time UTC+3)
2026-07-16 15:30,2026-07-16,USD,Retail Sales m/m,CONSUMER,HIGH,Y,0.2,-0.2,0.9,MT5 economic calendar (broker time UTC+3)
2026-07-16 15:30,2026-07-16,USD,Retail Sales y/y,CONSUMER,LOW,Y,6.7,4.9,6.9,MT5 economic calendar (broker time UTC+3)
2026-07-16 17:00,2026-07-16,USD,Business Inventories m/m,BUSINESS,MODERATE,Y,0.3,0.4,0.5,MT5 economic calendar (broker time UTC+3)
2026-07-16 17:00,2026-07-16,USD,NAHB Housing Market Index,HOUSING,LOW,Y,34.0,35.0,35.0,MT5 economic calendar (broker time UTC+3)
2026-07-16 17:00,2026-07-16,USD,Pending Home Sales Index,HOUSING,LOW,Y,72.5,0.0,76.8,MT5 economic calendar (broker time UTC+3)
2026-07-16 17:00,2026-07-16,USD,Pending Home Sales m/m,HOUSING,MODERATE,Y,-5.4,2.6,3.8,MT5 economic calendar (broker time UTC+3)
2026-07-16 17:00,2026-07-16,USD,Pending Home Sales y/y,HOUSING,LOW,Y,-0.3,3.5,4.8,MT5 economic calendar (broker time UTC+3)
2026-07-16 17:00,2026-07-16,USD,Retail Inventories excl. Autos m/m,CONSUMER,MODERATE,Y,0.3,0.0,0.4,MT5 economic calendar (broker time UTC+3)
2026-07-16 17:00,2026-07-16,USD,Retail Inventories m/m,CONSUMER,MODERATE,Y,0.6,0.6,0.6,MT5 economic calendar (broker time UTC+3)
2026-07-16 17:30,2026-07-16,USD,EIA Natural Gas Storage Change,BUSINESS,LOW,Y,41.0,49.0,61.0,MT5 economic calendar (broker time UTC+3)
2026-07-16 18:30,2026-07-16,USD,4-Week Bill Auction,MARKET,LOW,Y,3.66,0.0,3.63,MT5 economic calendar (broker time UTC+3)
2026-07-16 18:30,2026-07-16,USD,8-Week Bill Auction,MARKET,LOW,Y,3.65,0.0,3.635,MT5 economic calendar (broker time UTC+3)
2026-07-17 01:45,2026-07-17,NZD,Food Price Index m/m,PRICES,LOW,Y,0.6,1.1,1.0,MT5 economic calendar (broker time UTC+3)
2026-07-17 02:00,2026-07-17,USD,Fed Governor Jefferson Speech,MONEY,MODERATE,Y,0.0,0.0,0.0,MT5 economic calendar (broker time UTC+3)
2026-07-17 03:30,2026-07-17,SGD,Non-Oil Domestic Exports m/m,TRADE,LOW,Y,-8.9,-7.7,7.7,MT5 economic calendar (broker time UTC+3)
2026-07-17 03:30,2026-07-17,SGD,Non-Oil Domestic Exports y/y,TRADE,LOW,Y,20.7,20.4,38.4,MT5 economic calendar (broker time UTC+3)
2026-07-17 03:30,2026-07-17,SGD,Trade Balance,TRADE,LOW,Y,13.817,6.94,5.574,MT5 economic calendar (broker time UTC+3)
2026-07-17 06:00,2026-07-17,NZD,RBNZ Non-Resident Debt Holdings,GOVERNMENT,LOW,Y,55.8,57.1,57.5,MT5 economic calendar (broker time UTC+3)
2026-07-17 11:00,2026-07-17,EUR,Current Account,TRADE,LOW,Y,25.1,20.3,15.7,MT5 economic calendar (broker time UTC+3)
2026-07-17 11:00,2026-07-17,EUR,Current Account n.s.a.,TRADE,LOW,Y,-6.2,2.2,14.9,MT5 economic calendar (broker time UTC+3)
2026-07-17 11:30,2026-07-17,HKD,Unemployment Rate 3-Months,JOBS,LOW,Y,3.7,3.6,3.7,MT5 economic calendar (broker time UTC+3)
2026-07-17 12:00,2026-07-17,EUR,CPI,PRICES,LOW,Y,103.02,0.0,103.07,MT5 economic calendar (broker time UTC+3)
2026-07-17 12:00,2026-07-17,EUR,CPI excl. Energy and Unprocessed Food m/m,PRICES,LOW,Y,0.2,0.2,0.2,MT5 economic calendar (broker time UTC+3)
2026-07-17 12:00,2026-07-17,EUR,CPI excl. Energy and Unprocessed Food y/y,PRICES,LOW,Y,2.1,2.2,2.2,MT5 economic calendar (broker time UTC+3)
2026-07-17 12:00,2026-07-17,EUR,CPI excl. Tobacco m/m,PRICES,LOW,Y,-0.1,0.4,0.1,MT5 economic calendar (broker time UTC+3)
2026-07-17 12:00,2026-07-17,EUR,CPI excl. Tobacco y/y,PRICES,LOW,Y,2.7,3.6,3.1,MT5 economic calendar (broker time UTC+3)
2026-07-17 12:00,2026-07-17,EUR,CPI m/m,PRICES,MODERATE,Y,-0.1,3.2,3.2,MT5 economic calendar (broker time UTC+3)
2026-07-17 12:00,2026-07-17,EUR,CPI y/y,PRICES,HIGH,Y,2.8,3.0,3.0,MT5 economic calendar (broker time UTC+3)
2026-07-17 12:00,2026-07-17,EUR,Core CPI,PRICES,MODERATE,Y,102.87,0.0,102.9,MT5 economic calendar (broker time UTC+3)
2026-07-17 12:00,2026-07-17,EUR,Core CPI m/m,PRICES,LOW,Y,0.2,0.2,0.2,MT5 economic calendar (broker time UTC+3)
2026-07-17 12:00,2026-07-17,EUR,Core CPI y/y,PRICES,MODERATE,Y,2.4,2.4,2.4,MT5 economic calendar (broker time UTC+3)
2026-07-17 14:30,2026-07-17,INR,Foreign Exchange Reserves,MONEY,LOW,Y,675.157,669.156,674.193,MT5 economic calendar (broker time UTC+3)
2026-07-17 15:00,2026-07-17,BRL,BCB IBC-Br Economic Activity,BUSINESS,LOW,Y,0.07,0.07,0.51,MT5 economic calendar (broker time UTC+3)
2026-07-17 15:30,2026-07-17,CAD,Foreign Securities Purchases,MARKET,MODERATE,Y,7.897,0.0,46.913,MT5 economic calendar (broker time UTC+3)
2026-07-17 15:30,2026-07-17,CAD,Foreign Securities Purchases by Canadians,MARKET,LOW,Y,22.265,0.0,-11.364,MT5 economic calendar (broker time UTC+3)
2026-07-17 15:30,2026-07-17,USD,Building Permits,HOUSING,MODERATE,Y,1.367,1.391,1.413,MT5 economic calendar (broker time UTC+3)
2026-07-17 15:30,2026-07-17,USD,Building Permits m/m,HOUSING,LOW,Y,-3.0,-5.1,-0.7,MT5 economic calendar (broker time UTC+3)
2026-07-17 15:30,2026-07-17,USD,Export Price Index m/m,PRICES,MODERATE,Y,-0.6,1.4,1.3,MT5 economic calendar (broker time UTC+3)
2026-07-17 15:30,2026-07-17,USD,Export Price Index y/y,PRICES,LOW,Y,10.2,10.1,11.2,MT5 economic calendar (broker time UTC+3)
2026-07-17 15:30,2026-07-17,USD,Housing Starts,HOUSING,MODERATE,Y,1.427,1.204,1.177,MT5 economic calendar (broker time UTC+3)
2026-07-17 15:30,2026-07-17,USD,Housing Starts m/m,HOUSING,MODERATE,Y,19.0,-3.8,-15.4,MT5 economic calendar (broker time UTC+3)
2026-07-17 15:30,2026-07-17,USD,Import Price Index excl. Petroleum m/m,PRICES,LOW,Y,0.5,0.1,0.8,MT5 economic calendar (broker time UTC+3)
2026-07-17 15:30,2026-07-17,USD,Import Price Index m/m,PRICES,MODERATE,Y,0.3,1.6,1.9,MT5 economic calendar (broker time UTC+3)
2026-07-17 15:30,2026-07-17,USD,Import Price Index y/y,PRICES,LOW,Y,7.1,8.0,6.7,MT5 economic calendar (broker time UTC+3)
2026-07-17 16:15,2026-07-17,USD,Fed Capacity Utilization Rate,BUSINESS,LOW,Y,76.1,76.7,76.2,MT5 economic calendar (broker time UTC+3)
2026-07-17 16:15,2026-07-17,USD,Fed Industrial Production m/m,BUSINESS,MODERATE,Y,0.1,0.2,0.1,MT5 economic calendar (broker time UTC+3)
2026-07-17 16:15,2026-07-17,USD,Fed Industrial Production y/y,BUSINESS,MODERATE,Y,1.1,0.5,1.7,MT5 economic calendar (broker time UTC+3)
2026-07-17 16:15,2026-07-17,USD,Fed Manufacturing Production m/m,BUSINESS,LOW,Y,0.0,0.0,0.0,MT5 economic calendar (broker time UTC+3)
2026-07-17 17:00,2026-07-17,USD,Michigan 5-Year Inflation Expectations,PRICES,MODERATE,Y,3.3,3.4,3.3,MT5 economic calendar (broker time UTC+3)
2026-07-17 17:00,2026-07-17,USD,Michigan Consumer Expectations,CONSUMER,MODERATE,Y,54.0,51.8,50.7,MT5 economic calendar (broker time UTC+3)
2026-07-17 17:00,2026-07-17,USD,Michigan Consumer Sentiment,CONSUMER,MODERATE,Y,54.4,51.1,49.5,MT5 economic calendar (broker time UTC+3)
2026-07-17 17:00,2026-07-17,USD,Michigan Current Conditions,CONSUMER,LOW,Y,54.9,49.5,47.7,MT5 economic calendar (broker time UTC+3)
2026-07-17 17:00,2026-07-17,USD,Michigan Inflation Expectations,PRICES,MODERATE,Y,4.2,4.7,4.6,MT5 economic calendar (broker time UTC+3)
2026-07-17 20:00,2026-07-17,USD,Baker Hughes US Oil Rig Count,BUSINESS,MODERATE,Y,452.0,0.0,445.0,MT5 economic calendar (broker time UTC+3)
2026-07-17 20:00,2026-07-17,USD,Baker Hughes US Total Rig Count,BUSINESS,MODERATE,Y,588.0,0.0,581.0,MT5 economic calendar (broker time UTC+3)
2026-07-17 22:30,2026-07-17,AUD,CFTC AUD Non-Commercial Net Positions,MARKET,MODERATE,Y,-30.7,0.0,-24.7,MT5 economic calendar (broker time UTC+3)
2026-07-17 22:30,2026-07-17,BRL,CFTC BRL Non-Commercial Net Positions,MARKET,MODERATE,Y,32.8,0.0,30.8,MT5 economic calendar (broker time UTC+3)
2026-07-17 22:30,2026-07-17,CAD,CFTC CAD Non-Commercial Net Positions,MARKET,LOW,Y,-176.3,0.0,-173.1,MT5 economic calendar (broker time UTC+3)
2026-07-17 22:30,2026-07-17,CHF,CFTC CHF Non-Commercial Net Positions,MARKET,LOW,Y,-37.0,0.0,-37.4,MT5 economic calendar (broker time UTC+3)
2026-07-17 22:30,2026-07-17,EUR,CFTC EUR Non-Commercial Net Positions,MARKET,MODERATE,Y,-12.6,0.0,-16.2,MT5 economic calendar (broker time UTC+3)
2026-07-17 22:30,2026-07-17,GBP,CFTC GBP Non-Commercial Net Positions,MARKET,MODERATE,Y,-71.3,0.0,-87.9,MT5 economic calendar (broker time UTC+3)
2026-07-17 22:30,2026-07-17,JPY,CFTC JPY Non-Commercial Net Positions,MARKET,MODERATE,Y,-122.7,0.0,-123.8,MT5 economic calendar (broker time UTC+3)
2026-07-17 22:30,2026-07-17,MXN,CFTC MXN Non-Commercial Net Positions,MARKET,LOW,Y,73.0,0.0,77.4,MT5 economic calendar (broker time UTC+3)
2026-07-17 22:30,2026-07-17,NZD,CFTC NZD Non-Commercial Net Positions,MARKET,LOW,Y,-62.8,0.0,-65.2,MT5 economic calendar (broker time UTC+3)
2026-07-17 22:30,2026-07-17,USD,CFTC Aluminium Non-Commercial Net Positions,MARKET,LOW,Y,-0.7,0.0,1.3,MT5 economic calendar (broker time UTC+3)
2026-07-17 22:30,2026-07-17,USD,CFTC Copper Non-Commercial Net Positions,MARKET,LOW,Y,64.4,0.0,64.3,MT5 economic calendar (broker time UTC+3)
2026-07-17 22:30,2026-07-17,USD,CFTC Corn Non-Commercial Net Positions,MARKET,LOW,Y,131.5,0.0,101.0,MT5 economic calendar (broker time UTC+3)
2026-07-17 22:30,2026-07-17,USD,CFTC Crude Oil Non-Commercial Net Positions,MARKET,MODERATE,Y,62.7,0.0,75.7,MT5 economic calendar (broker time UTC+3)
2026-07-17 22:30,2026-07-17,USD,CFTC Gold Non-Commercial Net Positions,MARKET,MODERATE,Y,186.7,0.0,194.2,MT5 economic calendar (broker time UTC+3)
2026-07-17 22:30,2026-07-17,USD,CFTC Nasdaq 100 Non-Commercial Net Positions,MARKET,MODERATE,Y,2.7,0.0,2.1,MT5 economic calendar (broker time UTC+3)
2026-07-17 22:30,2026-07-17,USD,CFTC Natural Gas Non-Commercial Net Positions,MARKET,LOW,Y,-178.6,0.0,-165.3,MT5 economic calendar (broker time UTC+3)
2026-07-17 22:30,2026-07-17,USD,CFTC S&P 500 Non-Commercial Net Positions,MARKET,MODERATE,Y,-38.9,0.0,-42.9,MT5 economic calendar (broker time UTC+3)
2026-07-17 22:30,2026-07-17,USD,CFTC Silver Non-Commercial Net Positions,MARKET,LOW,Y,25.1,0.0,28.0,MT5 economic calendar (broker time UTC+3)
2026-07-17 22:30,2026-07-17,USD,CFTC Soybeans Non-Commercial Net Positions,MARKET,LOW,Y,125.4,0.0,112.8,MT5 economic calendar (broker time UTC+3)
2026-07-17 22:30,2026-07-17,USD,CFTC Wheat Non-Commercial Net Positions,MARKET,LOW,Y,-16.3,0.0,-49.7,MT5 economic calendar (broker time UTC+3)
2026-07-17 22:30,2026-07-17,ZAR,CFTC ZAR Non-Commercial Net Positions,MARKET,LOW,Y,7.9,0.0,8.2,MT5 economic calendar (broker time UTC+3)
2026-07-20 00:00,2026-07-20,JPY,Marine Day,HOLIDAYS,NONE,Y,0.0,0.0,0.0,MT5 economic calendar (broker time UTC+3)
2026-07-20 01:45,2026-07-20,NZD,Exports,TRADE,LOW,Y,8.093,0.0,8.877,MT5 economic calendar (broker time UTC+3)
2026-07-20 01:45,2026-07-20,NZD,Imports,TRADE,LOW,Y,8.07,0.0,8.077,MT5 economic calendar (broker time UTC+3)
2026-07-20 01:45,2026-07-20,NZD,Trade Balance,TRADE,LOW,Y,0.023,0.54,0.8,MT5 economic calendar (broker time UTC+3)
2026-07-20 01:45,2026-07-20,NZD,Trade Balance 12-Months,TRADE,MODERATE,Y,-3.746,-3.298,-3.367,MT5 economic calendar (broker time UTC+3)
2026-07-20 12:00,2026-07-20,EUR,Construction Output m/m,BUSINESS,LOW,Y,0.4,-0.1,0.6,MT5 economic calendar (broker time UTC+3)
2026-07-20 12:00,2026-07-20,EUR,Construction Output y/y,BUSINESS,LOW,Y,1.2,0.7,0.9,MT5 economic calendar (broker time UTC+3)
2026-07-20 14:30,2026-07-20,BRL,BCB Focus Market Report,MONEY,MODERATE,Y,0.0,0.0,0.0,MT5 economic calendar (broker time UTC+3)
2026-07-20 15:30,2026-07-20,CAD,CPI m/m,PRICES,MODERATE,Y,-0.4,0.6,1.0,MT5 economic calendar (broker time UTC+3)
2026-07-20 15:30,2026-07-20,CAD,CPI y/y,PRICES,LOW,Y,2.8,2.6,3.2,MT5 economic calendar (broker time UTC+3)
2026-07-20 15:30,2026-07-20,CAD,Common CPI y/y,PRICES,LOW,Y,2.6,2.9,2.7,MT5 economic calendar (broker time UTC+3)
2026-07-20 15:30,2026-07-20,CAD,Core CPI m/m,PRICES,MODERATE,Y,0.1,0.5,0.6,MT5 economic calendar (broker time UTC+3)
2026-07-20 15:30,2026-07-20,CAD,Core CPI y/y,PRICES,MODERATE,Y,2.1,1.9,2.2,MT5 economic calendar (broker time UTC+3)
2026-07-20 15:30,2026-07-20,CAD,Median CPI y/y,PRICES,LOW,Y,1.9,2.1,2.1,MT5 economic calendar (broker time UTC+3)
2026-07-20 15:30,2026-07-20,CAD,Trimmed CPI y/y,PRICES,LOW,Y,1.8,2.0,2.0,MT5 economic calendar (broker time UTC+3)
2026-07-20 15:56,2026-07-20,EUR,12-Month BTF Auction,MARKET,LOW,Y,2.749,0.0,2.701,MT5 economic calendar (broker time UTC+3)
2026-07-20 15:56,2026-07-20,EUR,3-Month BTF Auction,MARKET,LOW,Y,2.437,0.0,2.41,MT5 economic calendar (broker time UTC+3)
2026-07-20 15:56,2026-07-20,EUR,6-Month BTF Auction,MARKET,LOW,Y,2.554,0.0,2.54,MT5 economic calendar (broker time UTC+3)
2026-07-20 17:00,2026-07-20,USD,CB Leading Economic Index m/m,BUSINESS,MODERATE,Y,-0.2,-0.2,0.1,MT5 economic calendar (broker time UTC+3)
2026-07-20 18:30,2026-07-20,USD,3-Month Bill Auction,MARKET,LOW,Y,3.73,0.0,3.76,MT5 economic calendar (broker time UTC+3)
2026-07-20 18:30,2026-07-20,USD,6-Month Bill Auction,MARKET,LOW,Y,3.835,0.0,3.86,MT5 economic calendar (broker time UTC+3)
2026-07-21 01:00,2026-07-21,EUR,Trade Balance,TRADE,LOW,Y,-8.245,-4.846,-5.172,MT5 economic calendar (broker time UTC+3)
2026-07-21 01:45,2026-07-21,NZD,CPI q/q,PRICES,MODERATE,Y,1.5,0.6,0.9,MT5 economic calendar (broker time UTC+3)
2026-07-21 01:45,2026-07-21,NZD,CPI y/y,PRICES,MODERATE,Y,4.1,3.9,3.1,MT5 economic calendar (broker time UTC+3)
2026-07-21 09:00,2026-07-21,CHF,Exports,TRADE,LOW,Y,26.616,0.0,25.129,MT5 economic calendar (broker time UTC+3)
2026-07-21 09:00,2026-07-21,CHF,Imports,TRADE,LOW,Y,21.392,0.0,19.018,MT5 economic calendar (broker time UTC+3)
2026-07-21 09:00,2026-07-21,CHF,Trade Balance,TRADE,LOW,Y,5.224,5.064,6.11,MT5 economic calendar (broker time UTC+3)
2026-07-21 09:00,2026-07-21,GBP,"Average Weekly Earnings, Regular Pay y/y",JOBS,LOW,Y,3.4,3.3,3.4,MT5 economic calendar (broker time UTC+3)
2026-07-21 09:00,2026-07-21,GBP,"Average Weekly Earnings, Total Pay y/y",JOBS,MODERATE,Y,4.3,4.6,4.4,MT5 economic calendar (broker time UTC+3)
2026-07-21 09:00,2026-07-21,GBP,Claimant Count Change,JOBS,MODERATE,Y,6.7,24.0,31.3,MT5 economic calendar (broker time UTC+3)
2026-07-21 09:00,2026-07-21,GBP,Employment Change 3-months,JOBS,MODERATE,Y,147.0,38.0,100.0,MT5 economic calendar (broker time UTC+3)
2026-07-21 09:00,2026-07-21,GBP,Public Sector Net Borrowing,GOVERNMENT,LOW,Y,15.989,17.226,11.578,MT5 economic calendar (broker time UTC+3)
2026-07-21 09:00,2026-07-21,GBP,Public Sector Net Cash Requirement,GOVERNMENT,LOW,Y,15.227,35.867,9.547,MT5 economic calendar (broker time UTC+3)
2026-07-21 09:00,2026-07-21,GBP,Unemployment Rate,JOBS,MODERATE,Y,4.9,4.6,4.9,MT5 economic calendar (broker time UTC+3)
2026-07-21 09:00,2026-07-21,NOK,Unemployment Rate,JOBS,LOW,Y,4.5,4.2,4.4,MT5 economic calendar (broker time UTC+3)
2026-07-21 11:00,2026-07-21,EUR,ECB Bank Lending Survey,MONEY,LOW,Y,0.0,0.0,0.0,MT5 economic calendar (broker time UTC+3)
2026-07-21 11:30,2026-07-21,HKD,CPI y/y,PRICES,LOW,Y,2.0,2.1,2.0,MT5 economic calendar (broker time UTC+3)
2026-07-21 12:30,2026-07-21,EUR,5-Year Note Auction,MARKET,LOW,Y,2.89,0.0,2.49,MT5 economic calendar (broker time UTC+3)
2026-07-21 15:00,2026-07-21,MXN,Retail Sales m/m,CONSUMER,LOW,Y,-0.6,0.3,0.8,MT5 economic calendar (broker time UTC+3)
2026-07-21 15:00,2026-07-21,MXN,Retail Sales n.s.a. y/y,CONSUMER,LOW,Y,1.6,2.5,4.4,MT5 economic calendar (broker time UTC+3)
2026-07-21 18:16,2026-07-21,NZD,GDT Price Index,PRICES,LOW,Y,1.5,0.0,-4.9,MT5 economic calendar (broker time UTC+3)
2026-07-22 00:00,2026-07-22,KRW,PPI m/m,PRICES,LOW,Y,0.0,1.4,0.8,MT5 economic calendar (broker time UTC+3)
2026-07-22 00:00,2026-07-22,KRW,PPI y/y,PRICES,LOW,Y,8.6,10.7,8.5,MT5 economic calendar (broker time UTC+3)
2026-07-22 02:50,2026-07-22,JPY,Adjusted Trade Balance,TRADE,MODERATE,Y,-881.9,357.8,-90.4,MT5 economic calendar (broker time UTC+3)
2026-07-22 02:50,2026-07-22,JPY,Exports y/y,TRADE,MODERATE,Y,19.3,27.2,17.0,MT5 economic calendar (broker time UTC+3)
2026-07-22 02:50,2026-07-22,JPY,Imports y/y,TRADE,LOW,Y,25.4,12.5,12.5,MT5 economic calendar (broker time UTC+3)
2026-07-22 02:50,2026-07-22,JPY,Trade Balance,TRADE,MODERATE,Y,-406.9,72.5,-378.7,MT5 economic calendar (broker time UTC+3)
2026-07-22 06:00,2026-07-22,NZD,RBNZ Credit Card Spending y/y,CONSUMER,LOW,Y,3.1,1.7,5.1,MT5 economic calendar (broker time UTC+3)
2026-07-22 09:00,2026-07-22,GBP,CPI,PRICES,LOW,Y,142.5,0.0,142.1,MT5 economic calendar (broker time UTC+3)
2026-07-22 09:00,2026-07-22,GBP,CPI m/m,PRICES,MODERATE,Y,0.1,0.2,0.7,MT5 economic calendar (broker time UTC+3)
2026-07-22 09:00,2026-07-22,GBP,CPI y/y,PRICES,HIGH,Y,2.6,2.5,2.8,MT5 economic calendar (broker time UTC+3)
2026-07-22 09:00,2026-07-22,GBP,CPIH,PRICES,LOW,Y,142.3,0.0,142.1,MT5 economic calendar (broker time UTC+3)
2026-07-22 09:00,2026-07-22,GBP,CPIH m/m,PRICES,MODERATE,Y,0.2,0.4,0.2,MT5 economic calendar (broker time UTC+3)
2026-07-22 09:00,2026-07-22,GBP,CPIH y/y,PRICES,MODERATE,Y,2.8,2.9,3.0,MT5 economic calendar (broker time UTC+3)
2026-07-22 09:00,2026-07-22,GBP,Core CPI m/m,PRICES,LOW,Y,0.3,0.6,0.7,MT5 economic calendar (broker time UTC+3)
2026-07-22 09:00,2026-07-22,GBP,Core CPI y/y,PRICES,LOW,Y,2.6,2.8,2.5,MT5 economic calendar (broker time UTC+3)
2026-07-22 09:00,2026-07-22,GBP,Core PPI Output m/m,PRICES,LOW,Y,0.5,0.1,0.7,MT5 economic calendar (broker time UTC+3)
2026-07-22 09:00,2026-07-22,GBP,Core PPI Output y/y,PRICES,LOW,Y,2.6,2.2,2.4,MT5 economic calendar (broker time UTC+3)
2026-07-22 09:00,2026-07-22,GBP,Core RPI m/m,PRICES,LOW,Y,0.3,0.2,0.8,MT5 economic calendar (broker time UTC+3)
2026-07-22 09:00,2026-07-22,GBP,Core RPI y/y,PRICES,LOW,Y,2.9,3.2,3.0,MT5 economic calendar (broker time UTC+3)
2026-07-22 09:00,2026-07-22,GBP,PPI Input m/m,PRICES,MODERATE,Y,-2.0,1.9,2.4,MT5 economic calendar (broker time UTC+3)
2026-07-22 09:00,2026-07-22,GBP,PPI Input y/y,PRICES,LOW,Y,7.3,9.0,7.7,MT5 economic calendar (broker time UTC+3)
2026-07-22 09:00,2026-07-22,GBP,PPI Output m/m,PRICES,LOW,Y,0.0,0.9,1.4,MT5 economic calendar (broker time UTC+3)
2026-07-22 09:00,2026-07-22,GBP,PPI Output y/y,PRICES,LOW,Y,3.5,4.9,4.0,MT5 economic calendar (broker time UTC+3)
2026-07-22 09:00,2026-07-22,GBP,RPI m/m,PRICES,LOW,Y,0.3,-0.2,0.7,MT5 economic calendar (broker time UTC+3)
2026-07-22 09:00,2026-07-22,GBP,RPI y/y,PRICES,LOW,Y,3.0,3.5,3.0,MT5 economic calendar (broker time UTC+3)
2026-07-22 09:00,2026-07-22,NOK,Industrial Confidence,BUSINESS,LOW,Y,2.6,-0.4,1.2,MT5 economic calendar (broker time UTC+3)
2026-07-22 11:00,2026-07-22,ZAR,CPI m/m,PRICES,LOW,Y,0.7,0.4,0.7,MT5 economic calendar (broker time UTC+3)
2026-07-22 11:00,2026-07-22,ZAR,CPI y/y,PRICES,LOW,Y,5.0,3.6,4.5,MT5 economic calendar (broker time UTC+3)
2026-07-22 11:00,2026-07-22,ZAR,Core CPI m/m,PRICES,LOW,Y,0.6,0.2,0.2,MT5 economic calendar (broker time UTC+3)
2026-07-22 11:00,2026-07-22,ZAR,Core CPI y/y,PRICES,LOW,Y,4.1,4.0,3.8,MT5 economic calendar (broker time UTC+3)
2026-07-22 11:30,2026-07-22,GBP,HPI y/y,HOUSING,LOW,Y,2.7,0.5,0.0,MT5 economic calendar (broker time UTC+3)
2026-07-22 12:30,2026-07-22,EUR,30-Year Bond Auction,MARKET,LOW,Y,2.96,0.0,3.64,MT5 economic calendar (broker time UTC+3)
2026-07-22 14:00,2026-07-22,ZAR,Retail Sales m/m,CONSUMER,LOW,Y,0.1,-0.2,0.9,MT5 economic calendar (broker time UTC+3)
2026-07-22 14:00,2026-07-22,ZAR,Retail Sales y/y,CONSUMER,LOW,Y,2.3,2.2,1.3,MT5 economic calendar (broker time UTC+3)
2026-07-22 17:30,2026-07-22,USD,EIA Crude Oil Imports Change,BUSINESS,LOW,Y,0.485,0.141,-0.399,MT5 economic calendar (broker time UTC+3)
2026-07-22 17:30,2026-07-22,USD,EIA Crude Oil Stocks Change,BUSINESS,HIGH,Y,2.01,1.978,-1.692,MT5 economic calendar (broker time UTC+3)
2026-07-22 17:30,2026-07-22,USD,EIA Cushing Crude Oil Stocks Change,BUSINESS,MODERATE,Y,-0.674,0.992,0.43,MT5 economic calendar (broker time UTC+3)
2026-07-22 17:30,2026-07-22,USD,EIA Distillate Fuel Production Change,BUSINESS,LOW,Y,0.09,-0.025,0.072,MT5 economic calendar (broker time UTC+3)
2026-07-22 17:30,2026-07-22,USD,EIA Distillates Stocks Change,BUSINESS,LOW,Y,1.395,2.56,4.556,MT5 economic calendar (broker time UTC+3)
2026-07-22 17:30,2026-07-22,USD,EIA Gasoline Production Change,BUSINESS,LOW,Y,0.06,0.097,-0.096,MT5 economic calendar (broker time UTC+3)
2026-07-22 17:30,2026-07-22,USD,EIA Gasoline Stocks Change,BUSINESS,LOW,Y,0.765,1.422,-1.533,MT5 economic calendar (broker time UTC+3)
2026-07-22 17:30,2026-07-22,USD,EIA Heating Oil Stocks Change,BUSINESS,LOW,Y,0.231,0.013,0.03,MT5 economic calendar (broker time UTC+3)
2026-07-22 17:30,2026-07-22,USD,EIA Refinery Crude Oil Daily Inputs Change,BUSINESS,LOW,Y,-0.058,0.0,0.099,MT5 economic calendar (broker time UTC+3)
2026-07-22 17:30,2026-07-22,USD,EIA Refinery Utilization Rate Change,BUSINESS,LOW,Y,-0.1,0.0,0.4,MT5 economic calendar (broker time UTC+3)
2026-07-22 20:00,2026-07-22,USD,20-Year Bond Auction,MARKET,MODERATE,Y,5.163,0.0,4.927,MT5 economic calendar (broker time UTC+3)
2026-07-22 20:30,2026-07-22,BRL,Foreign Exchange Flows,MONEY,LOW,Y,0.135,-0.353,1.012,MT5 economic calendar (broker time UTC+3)
2026-07-23 02:00,2026-07-23,KRW,GDP q/q,GDP,LOW,Y,0.6,3.5,1.7,MT5 economic calendar (broker time UTC+3)
2026-07-23 02:00,2026-07-23,KRW,GDP y/y,GDP,LOW,Y,3.7,3.5,3.6,MT5 economic calendar (broker time UTC+3)
2026-07-23 04:30,2026-07-23,AUD,Employment Change,JOBS,MODERATE,Y,76.3,15.7,40.3,MT5 economic calendar (broker time UTC+3)
2026-07-23 04:30,2026-07-23,AUD,Full-Time Employment Change,JOBS,MODERATE,Y,29.3,0.0,5.2,MT5 economic calendar (broker time UTC+3)
2026-07-23 04:30,2026-07-23,AUD,Participation Rate,JOBS,LOW,Y,67.0,66.7,66.7,MT5 economic calendar (broker time UTC+3)
2026-07-23 04:30,2026-07-23,AUD,Unemployment Rate,JOBS,MODERATE,Y,4.4,4.5,4.4,MT5 economic calendar (broker time UTC+3)
2026-07-23 08:00,2026-07-23,SGD,CPI y/y,PRICES,MODERATE,Y,1.9,1.9,1.8,MT5 economic calendar (broker time UTC+3)
2026-07-23 09:45,2026-07-23,EUR,Business Climate,BUSINESS,LOW,Y,101.0,102.0,100.0,MT5 economic calendar (broker time UTC+3)
2026-07-23 10:20,2026-07-23,EUR,Bbk Executive Board Member Mauderer Speech,MONEY,MODERATE,Y,0.0,0.0,0.0,MT5 economic calendar (broker time UTC+3)
2026-07-23 12:07,2026-07-23,CNY,Foreign Direct Investment YTD y/y,MONEY,LOW,Y,-5.0,-9.7,-8.6,MT5 economic calendar (broker time UTC+3)
2026-07-23 14:35,2026-07-23,INR,RBI M3 Money Supply y/y,MONEY,LOW,Y,12.5,12.5,13.0,MT5 economic calendar (broker time UTC+3)
2026-07-23 15:00,2026-07-23,MXN,Economic Activity m/m,BUSINESS,LOW,Y,-0.3,0.3,1.2,MT5 economic calendar (broker time UTC+3)
2026-07-23 15:00,2026-07-23,MXN,Economic Activity n.s.a. y/y,BUSINESS,LOW,Y,1.1,0.8,2.3,MT5 economic calendar (broker time UTC+3)
2026-07-23 15:00,2026-07-23,MXN,First Half-Month CPI m/m,PRICES,LOW,Y,0.07,0.09,-0.11,MT5 economic calendar (broker time UTC+3)
2026-07-23 15:00,2026-07-23,MXN,First Half-Month Core CPI m/m,PRICES,LOW,Y,0.16,0.24,0.19,MT5 economic calendar (broker time UTC+3)
2026-07-23 15:15,2026-07-23,EUR,ECB Deposit Facility Rate Decision,MONEY,HIGH,Y,2.25,0.0,2.25,MT5 economic calendar (broker time UTC+3)
2026-07-23 15:15,2026-07-23,EUR,ECB Interest Rate Decision,MONEY,HIGH,Y,2.4,0.0,2.4,MT5 economic calendar (broker time UTC+3)
2026-07-23 15:15,2026-07-23,EUR,ECB Marginal Lending Facility Rate Decision,MONEY,MODERATE,Y,2.65,0.0,2.65,MT5 economic calendar (broker time UTC+3)
2026-07-23 15:15,2026-07-23,EUR,ECB Monetary Policy Statement,MONEY,MODERATE,Y,0.0,0.0,0.0,MT5 economic calendar (broker time UTC+3)
2026-07-23 15:30,2026-07-23,CAD,Core Retail Sales m/m,CONSUMER,MODERATE,Y,1.2,0.3,0.1,MT5 economic calendar (broker time UTC+3)
2026-07-23 15:30,2026-07-23,CAD,Retail Sales m/m,CONSUMER,MODERATE,Y,1.0,0.2,0.5,MT5 economic calendar (broker time UTC+3)
2026-07-23 15:30,2026-07-23,USD,Chicago Fed National Activity Index,BUSINESS,LOW,Y,-0.02,-0.03,-0.1,MT5 economic calendar (broker time UTC+3)
2026-07-23 15:30,2026-07-23,USD,Continuing Jobless Claims,JOBS,MODERATE,Y,1.796,1.821,1.805,MT5 economic calendar (broker time UTC+3)
2026-07-23 15:30,2026-07-23,USD,Initial Jobless Claims,JOBS,HIGH,Y,187.0,215.0,208.0,MT5 economic calendar (broker time UTC+3)
2026-07-23 15:30,2026-07-23,USD,Initial Jobless Claims 4-Week Average,JOBS,LOW,Y,207.5,211.43,214.25,MT5 economic calendar (broker time UTC+3)
2026-07-23 15:30,2026-07-23,ZAR,Building Permits m/m,BUSINESS,LOW,Y,-10.4,0.0,4.9,MT5 economic calendar (broker time UTC+3)
2026-07-23 15:30,2026-07-23,ZAR,Building Permits y/y,BUSINESS,LOW,Y,-13.1,-0.2,16.9,MT5 economic calendar (broker time UTC+3)
2026-07-23 15:45,2026-07-23,EUR,ECB Monetary Policy Press Conference,MONEY,HIGH,Y,0.0,0.0,0.0,MT5 economic calendar (broker time UTC+3)
2026-07-23 16:00,2026-07-23,ZAR,SARB Interest Rate Decision,MONEY,MODERATE,Y,7.0,0.0,7.0,MT5 economic calendar (broker time UTC+3)
2026-07-23 16:00,2026-07-23,ZAR,SARB Prime Rate,MONEY,LOW,Y,10.5,0.0,10.5,MT5 economic calendar (broker time UTC+3)
2026-07-23 17:00,2026-07-23,EUR,Consumer Confidence Index,CONSUMER,LOW,Y,-15.9,0.1,-17.7,MT5 economic calendar (broker time UTC+3)
2026-07-23 17:30,2026-07-23,USD,EIA Natural Gas Storage Change,BUSINESS,LOW,Y,32.0,35.0,41.0,MT5 economic calendar (broker time UTC+3)
2026-07-23 18:00,2026-07-23,USD,Kansas City Fed Manufacturing Composite Index,BUSINESS,LOW,Y,9.0,15.0,11.0,MT5 economic calendar (broker time UTC+3)
2026-07-23 18:00,2026-07-23,USD,Kansas City Fed Manufacturing Production,BUSINESS,LOW,Y,17.0,14.0,19.0,MT5 economic calendar (broker time UTC+3)
2026-07-23 18:30,2026-07-23,USD,4-Week Bill Auction,MARKET,LOW,Y,3.73,0.0,3.66,MT5 economic calendar (broker time UTC+3)
2026-07-23 18:30,2026-07-23,USD,8-Week Bill Auction,MARKET,LOW,Y,3.795,0.0,3.65,MT5 economic calendar (broker time UTC+3)
2026-07-23 20:00,2026-07-23,USD,10-Year TIPS Auction,MARKET,MODERATE,Y,2.438,0.0,2.169,MT5 economic calendar (broker time UTC+3)
2026-07-24 02:01,2026-07-24,GBP,GfK Consumer Confidence,CONSUMER,LOW,Y,-17.0,-18.0,-23.0,MT5 economic calendar (broker time UTC+3)
2026-07-24 02:30,2026-07-24,JPY,CPI excl. Food and Energy y/y,PRICES,MODERATE,Y,1.7,1.7,1.8,MT5 economic calendar (broker time UTC+3)
2026-07-24 02:30,2026-07-24,JPY,CPI s.a. m/m,PRICES,LOW,Y,0.3,0.0,0.4,MT5 economic calendar (broker time UTC+3)
2026-07-24 02:30,2026-07-24,JPY,CPI y/y,PRICES,LOW,Y,1.7,1.4,1.5,MT5 economic calendar (broker time UTC+3)
2026-07-24 02:30,2026-07-24,JPY,Core CPI y/y,PRICES,MODERATE,Y,1.6,1.2,1.4,MT5 economic calendar (broker time UTC+3)
2026-07-24 02:50,2026-07-24,JPY,Foreign Bond Investment,GOVERNMENT,LOW,Y,-714.4,0.0,1090.1,MT5 economic calendar (broker time UTC+3)
2026-07-24 02:50,2026-07-24,JPY,Foreign Investment in Japan Stocks,GOVERNMENT,LOW,Y,-79.6,0.0,745.6,MT5 economic calendar (broker time UTC+3)
2026-07-24 03:30,2026-07-24,SGD,URA Property Price Index q/q,HOUSING,LOW,Y,0.5,0.0,0.5,MT5 economic calendar (broker time UTC+3)
2026-07-24 09:00,2026-07-24,EUR,GfK Consumer Climate,CONSUMER,MODERATE,Y,-29.6,-28.1,-29.2,MT5 economic calendar (broker time UTC+3)
2026-07-24 09:00,2026-07-24,GBP,Core Retail Sales m/m,CONSUMER,MODERATE,Y,1.1,0.6,-0.4,MT5 economic calendar (broker time UTC+3)
2026-07-24 09:00,2026-07-24,GBP,Core Retail Sales y/y,CONSUMER,MODERATE,Y,5.4,2.0,1.1,MT5 economic calendar (broker time UTC+3)
2026-07-24 09:00,2026-07-24,GBP,Retail Sales m/m,CONSUMER,MODERATE,Y,1.0,-1.0,-1.3,MT5 economic calendar (broker time UTC+3)
2026-07-24 09:00,2026-07-24,GBP,Retail Sales y/y,CONSUMER,MODERATE,Y,4.2,1.5,0.0,MT5 economic calendar (broker time UTC+3)
2026-07-24 09:00,2026-07-24,SEK,PPI m/m,PRICES,LOW,Y,0.1,0.0,1.3,MT5 economic calendar (broker time UTC+3)
2026-07-24 09:00,2026-07-24,SEK,PPI y/y,PRICES,LOW,Y,7.4,6.5,6.6,MT5 economic calendar (broker time UTC+3)
2026-07-24 09:00,2026-07-24,SEK,Unemployment Rate,JOBS,LOW,Y,9.9,9.1,9.4,MT5 economic calendar (broker time UTC+3)
2026-07-24 10:00,2026-07-24,EUR,PPI y/y,PRICES,LOW,Y,7.0,14.6,10.5,MT5 economic calendar (broker time UTC+3)
2026-07-24 10:15,2026-07-24,EUR,S&P Global Composite PMI,BUSINESS,LOW,Y,49.6,47.6,47.2,MT5 economic calendar (broker time UTC+3)
2026-07-24 10:15,2026-07-24,EUR,S&P Global Manufacturing PMI,BUSINESS,MODERATE,Y,50.0,50.0,51.2,MT5 economic calendar (broker time UTC+3)
2026-07-24 10:15,2026-07-24,EUR,S&P Global Services PMI,BUSINESS,MODERATE,Y,49.8,51.4,46.8,MT5 economic calendar (broker time UTC+3)
2026-07-24 10:30,2026-07-24,EUR,S&P Global Composite PMI,BUSINESS,LOW,Y,51.2,49.2,49.5,MT5 economic calendar (broker time UTC+3)
2026-07-24 10:30,2026-07-24,EUR,S&P Global Manufacturing PMI,BUSINESS,MODERATE,Y,52.2,51.2,50.3,MT5 economic calendar (broker time UTC+3)
2026-07-24 10:30,2026-07-24,EUR,S&P Global Services PMI,BUSINESS,MODERATE,Y,49.6,49.0,48.6,MT5 economic calendar (broker time UTC+3)
2026-07-24 11:00,2026-07-24,EUR,S&P Global Composite PMI,BUSINESS,MODERATE,Y,51.9,51.6,50.0,MT5 economic calendar (broker time UTC+3)
2026-07-24 11:00,2026-07-24,EUR,S&P Global Manufacturing PMI,BUSINESS,MODERATE,Y,52.0,50.9,51.4,MT5 economic calendar (broker time UTC+3)
2026-07-24 11:00,2026-07-24,EUR,S&P Global Services PMI,BUSINESS,MODERATE,Y,51.6,51.1,49.4,MT5 economic calendar (broker time UTC+3)
2026-07-24 11:30,2026-07-24,GBP,S&P Global/CIPS Composite PMI,BUSINESS,MODERATE,Y,52.1,0.0,49.3,MT5 economic calendar (broker time UTC+3)
2026-07-24 11:30,2026-07-24,GBP,S&P Global/CIPS Manufacturing PMI,BUSINESS,MODERATE,Y,52.8,52.8,52.5,MT5 economic calendar (broker time UTC+3)
2026-07-24 11:30,2026-07-24,GBP,S&P Global/CIPS Services PMI,BUSINESS,MODERATE,Y,51.8,50.0,48.8,MT5 economic calendar (broker time UTC+3)
2026-07-24 14:30,2026-07-24,INR,Bank Loan Growth y/y,MONEY,LOW,Y,17.7,18.5,18.6,MT5 economic calendar (broker time UTC+3)
2026-07-24 14:30,2026-07-24,INR,Deposit Growth y/y,MONEY,LOW,Y,12.7,12.8,13.3,MT5 economic calendar (broker time UTC+3)
2026-07-24 14:30,2026-07-24,INR,Foreign Exchange Reserves,MONEY,LOW,Y,676.237,670.176,675.157,MT5 economic calendar (broker time UTC+3)
2026-07-24 15:00,2026-07-24,MXN,Unemployment Rate,JOBS,LOW,Y,2.9,2.6,2.8,MT5 economic calendar (broker time UTC+3)
2026-07-24 15:00,2026-07-24,MXN,Unemployment Rate n.s.a.,JOBS,LOW,Y,2.8,2.8,2.7,MT5 economic calendar (broker time UTC+3)
2026-07-24 15:30,2026-07-24,CAD,IPPI m/m,PRICES,LOW,Y,-1.4,1.2,1.2,MT5 economic calendar (broker time UTC+3)
2026-07-24 15:30,2026-07-24,CAD,IPPI y/y,PRICES,LOW,Y,12.4,15.1,13.6,MT5 economic calendar (broker time UTC+3)
2026-07-24 15:30,2026-07-24,CAD,New Housing Price Index m/m,HOUSING,MODERATE,Y,-0.1,-0.3,-0.3,MT5 economic calendar (broker time UTC+3)
2026-07-24 15:30,2026-07-24,CAD,RMPI m/m,PRICES,MODERATE,Y,-6.9,3.0,0.7,MT5 economic calendar (broker time UTC+3)
2026-07-24 15:30,2026-07-24,CAD,RMPI y/y,PRICES,LOW,Y,20.7,28.7,33.4,MT5 economic calendar (broker time UTC+3)
2026-07-24 17:00,2026-07-24,USD,New Home Sales,HOUSING,HIGH,Y,0.628,0.547,0.58,MT5 economic calendar (broker time UTC+3)
2026-07-24 17:00,2026-07-24,USD,New Home Sales m/m,HOUSING,MODERATE,Y,1.6,-3.7,-7.3,MT5 economic calendar (broker time UTC+3)
2026-07-24 18:30,2026-07-24,EUR,ECB Executive Board Member Lane Speech,MONEY,MODERATE,Y,0.0,0.0,0.0,MT5 economic calendar (broker time UTC+3)
2026-07-24 20:00,2026-07-24,USD,Baker Hughes US Oil Rig Count,BUSINESS,MODERATE,Y,450.0,0.0,452.0,MT5 economic calendar (broker time UTC+3)
2026-07-24 20:00,2026-07-24,USD,Baker Hughes US Total Rig Count,BUSINESS,MODERATE,Y,587.0,0.0,588.0,MT5 economic calendar (broker time UTC+3)
2026-07-24 22:30,2026-07-24,AUD,CFTC AUD Non-Commercial Net Positions,MARKET,MODERATE,Y,-37.7,0.0,-30.7,MT5 economic calendar (broker time UTC+3)
2026-07-24 22:30,2026-07-24,BRL,CFTC BRL Non-Commercial Net Positions,MARKET,MODERATE,Y,35.5,0.0,32.8,MT5 economic calendar (broker time UTC+3)
2026-07-24 22:30,2026-07-24,CAD,CFTC CAD Non-Commercial Net Positions,MARKET,LOW,Y,-174.4,0.0,-176.3,MT5 economic calendar (broker time UTC+3)
2026-07-24 22:30,2026-07-24,CHF,CFTC CHF Non-Commercial Net Positions,MARKET,LOW,Y,-34.2,0.0,-37.0,MT5 economic calendar (broker time UTC+3)
2026-07-24 22:30,2026-07-24,EUR,CFTC EUR Non-Commercial Net Positions,MARKET,MODERATE,Y,-41.3,0.0,-12.6,MT5 economic calendar (broker time UTC+3)
2026-07-24 22:30,2026-07-24,GBP,CFTC GBP Non-Commercial Net Positions,MARKET,MODERATE,Y,-55.6,0.0,-71.3,MT5 economic calendar (broker time UTC+3)
2026-07-24 22:30,2026-07-24,JPY,CFTC JPY Non-Commercial Net Positions,MARKET,MODERATE,Y,-152.1,0.0,-122.7,MT5 economic calendar (broker time UTC+3)
2026-07-24 22:30,2026-07-24,MXN,CFTC MXN Non-Commercial Net Positions,MARKET,LOW,Y,71.7,0.0,73.0,MT5 economic calendar (broker time UTC+3)
2026-07-24 22:30,2026-07-24,NZD,CFTC NZD Non-Commercial Net Positions,MARKET,LOW,Y,-50.0,0.0,-62.8,MT5 economic calendar (broker time UTC+3)
2026-07-24 22:30,2026-07-24,USD,CFTC Aluminium Non-Commercial Net Positions,MARKET,LOW,Y,-0.6,0.0,-0.7,MT5 economic calendar (broker time UTC+3)
2026-07-24 22:30,2026-07-24,USD,CFTC Copper Non-Commercial Net Positions,MARKET,LOW,Y,74.0,0.0,64.4,MT5 economic calendar (broker time UTC+3)
2026-07-24 22:30,2026-07-24,USD,CFTC Corn Non-Commercial Net Positions,MARKET,LOW,Y,186.7,0.0,131.5,MT5 economic calendar (broker time UTC+3)
2026-07-24 22:30,2026-07-24,USD,CFTC Crude Oil Non-Commercial Net Positions,MARKET,MODERATE,Y,81.7,0.0,62.7,MT5 economic calendar (broker time UTC+3)
2026-07-24 22:30,2026-07-24,USD,CFTC Gold Non-Commercial Net Positions,MARKET,MODERATE,Y,183.9,0.0,186.7,MT5 economic calendar (broker time UTC+3)
2026-07-24 22:30,2026-07-24,USD,CFTC Nasdaq 100 Non-Commercial Net Positions,MARKET,MODERATE,Y,4.5,0.0,2.7,MT5 economic calendar (broker time UTC+3)
2026-07-24 22:30,2026-07-24,USD,CFTC Natural Gas Non-Commercial Net Positions,MARKET,LOW,Y,-171.1,0.0,-178.6,MT5 economic calendar (broker time UTC+3)
2026-07-24 22:30,2026-07-24,USD,CFTC S&P 500 Non-Commercial Net Positions,MARKET,MODERATE,Y,-16.8,0.0,-38.9,MT5 economic calendar (broker time UTC+3)
2026-07-24 22:30,2026-07-24,USD,CFTC Silver Non-Commercial Net Positions,MARKET,LOW,Y,23.5,0.0,25.1,MT5 economic calendar (broker time UTC+3)
2026-07-24 22:30,2026-07-24,USD,CFTC Soybeans Non-Commercial Net Positions,MARKET,LOW,Y,175.6,0.0,125.4,MT5 economic calendar (broker time UTC+3)
2026-07-24 22:30,2026-07-24,USD,CFTC Wheat Non-Commercial Net Positions,MARKET,LOW,Y,-7.0,0.0,-16.3,MT5 economic calendar (broker time UTC+3)
2026-07-24 22:30,2026-07-24,ZAR,CFTC ZAR Non-Commercial Net Positions,MARKET,LOW,Y,7.5,0.0,7.9,MT5 economic calendar (broker time UTC+3)
2026-07-27 02:50,2026-07-27,JPY,BoJ Corporate Services Price Index y/y,PRICES,LOW,Y,3.2,3.1,3.3,MT5 economic calendar (broker time UTC+3)
2026-07-27 04:30,2026-07-27,CNY,Industrial Profit YTD y/y,BUSINESS,LOW,Y,18.7,0.0,18.8,MT5 economic calendar (broker time UTC+3)
2026-07-27 08:00,2026-07-27,JPY,Coincident Index,BUSINESS,LOW,Y,117.9,118.5,118.5,MT5 economic calendar (broker time UTC+3)
2026-07-27 08:00,2026-07-27,JPY,Coincident Index m/m,BUSINESS,LOW,Y,-0.2,0.0,0.4,MT5 economic calendar (broker time UTC+3)
2026-07-27 08:00,2026-07-27,JPY,Leading Index,BUSINESS,LOW,Y,116.5,116.8,116.8,MT5 economic calendar (broker time UTC+3)
2026-07-27 08:00,2026-07-27,JPY,Leading Index m/m,BUSINESS,LOW,Y,0.4,0.0,0.7,MT5 economic calendar (broker time UTC+3)
2026-07-27 08:00,2026-07-27,SGD,Industrial Production m/m,BUSINESS,LOW,Y,-7.2,0.0,-0.7,MT5 economic calendar (broker time UTC+3)
2026-07-27 08:00,2026-07-27,SGD,Industrial Production y/y,BUSINESS,LOW,Y,7.2,0.0,13.0,MT5 economic calendar (broker time UTC+3)
2026-07-27 09:00,2026-07-27,SEK,Households Loans y/y,MONEY,LOW,Y,3.2,0.0,3.1,MT5 economic calendar (broker time UTC+3)
2026-07-27 09:00,2026-07-27,SEK,M3 Money Supply y/y,MONEY,LOW,Y,3.3,0.0,3.9,MT5 economic calendar (broker time UTC+3)
2026-07-27 09:00,2026-07-27,SEK,Non-Financial Corporations Loans y/y,MONEY,LOW,Y,3.9,0.0,3.3,MT5 economic calendar (broker time UTC+3)
2026-07-27 11:00,2026-07-27,EUR,ECB Households Loans y/y,MONEY,MODERATE,Y,3.0,3.0,3.1,MT5 economic calendar (broker time UTC+3)
2026-07-27 11:00,2026-07-27,EUR,ECB M3 Money Supply y/y,MONEY,LOW,Y,3.3,3.1,3.2,MT5 economic calendar (broker time UTC+3)
2026-07-27 11:00,2026-07-27,EUR,ECB Non-Financial Corporations Loans y/y,MONEY,LOW,Y,4.0,4.3,4.0,MT5 economic calendar (broker time UTC+3)
2026-07-27 11:00,2026-07-27,EUR,ECB Private Sector Loans y/y,MONEY,LOW,Y,3.9,3.9,3.9,MT5 economic calendar (broker time UTC+3)
2026-07-27 11:30,2026-07-27,HKD,Exports y/y,TRADE,LOW,Y,53.4,44.0,40.8,MT5 economic calendar (broker time UTC+3)
2026-07-27 11:30,2026-07-27,HKD,Imports y/y,TRADE,LOW,Y,45.4,51.2,42.0,MT5 economic calendar (broker time UTC+3)
2026-07-27 11:30,2026-07-27,HKD,Trade Balance,TRADE,LOW,Y,-52.0,-70.428,-44.2,MT5 economic calendar (broker time UTC+3)
2026-07-27 13:00,2026-07-27,EUR,Bbk Monthly Report,MONEY,LOW,Y,0.0,0.0,0.0,MT5 economic calendar (broker time UTC+3)
2026-07-27 14:00,2026-07-27,BRL,FGV Consumer Confidence,CONSUMER,LOW,Y,88.3,86.8,88.7,MT5 economic calendar (broker time UTC+3)
2026-07-27 14:30,2026-07-27,BRL,BCB Focus Market Report,MONEY,MODERATE,Y,0.0,0.0,0.0,MT5 economic calendar (broker time UTC+3)
2026-07-27 15:00,2026-07-27,MXN,Trade Balance,TRADE,LOW,Y,3.843,1.576,0.638,MT5 economic calendar (broker time UTC+3)
2026-07-27 15:00,2026-07-27,MXN,Trade Balance n.s.a.,TRADE,LOW,Y,4.09,0.852,2.259,MT5 economic calendar (broker time UTC+3)
2026-07-27 15:30,2026-07-27,USD,Core Durable Goods Orders m/m,BUSINESS,MODERATE,Y,0.6,0.4,1.3,MT5 economic calendar (broker time UTC+3)
2026-07-27 15:30,2026-07-27,USD,Durable Goods Orders excl. Defense m/m,BUSINESS,LOW,Y,0.3,-1.5,-4.6,MT5 economic calendar (broker time UTC+3)
2026-07-27 15:30,2026-07-27,USD,Durable Goods Orders m/m,BUSINESS,HIGH,Y,0.3,1.7,-4.5,MT5 economic calendar (broker time UTC+3)
2026-07-27 15:30,2026-07-27,USD,Nondefense Capital Goods Orders excl. Aircraft m/m,BUSINESS,LOW,Y,0.9,0.6,1.6,MT5 economic calendar (broker time UTC+3)
2026-07-27 15:30,2026-07-27,USD,Nondefense Capital Goods Shipments excl. Aircraft m/m,BUSINESS,LOW,Y,1.9,0.2,0.1,MT5 economic calendar (broker time UTC+3)
2026-07-27 15:55,2026-07-27,EUR,12-Month BTF Auction,MARKET,LOW,Y,2.753,0.0,2.749,MT5 economic calendar (broker time UTC+3)
2026-07-27 15:55,2026-07-27,EUR,3-Month BTF Auction,MARKET,LOW,Y,2.424,0.0,2.437,MT5 economic calendar (broker time UTC+3)
2026-07-27 15:55,2026-07-27,EUR,6-Month BTF Auction,MARKET,LOW,Y,2.587,0.0,2.554,MT5 economic calendar (broker time UTC+3)
2026-07-27 17:30,2026-07-27,USD,Dallas Fed Manufacturing Index,BUSINESS,LOW,Y,1.3,3.5,0.0,MT5 economic calendar (broker time UTC+3)
2026-07-27 18:30,2026-07-27,USD,2-Year Note Auction,MARKET,MODERATE,Y,4.315,0.0,4.189,MT5 economic calendar (broker time UTC+3)
2026-07-27 18:30,2026-07-27,USD,6-Month Bill Auction,MARKET,LOW,Y,3.945,0.0,3.835,MT5 economic calendar (broker time UTC+3)
2026-07-27 20:00,2026-07-27,USD,3-Month Bill Auction,MARKET,LOW,Y,3.815,0.0,3.73,MT5 economic calendar (broker time UTC+3)
2026-07-27 20:00,2026-07-27,USD,5-Year Note Auction,MARKET,MODERATE,Y,4.408,0.0,4.2,MT5 economic calendar (broker time UTC+3)
2026-07-28 00:00,2026-07-28,KRW,Consumer Confidence,CONSUMER,LOW,Y,106.8,99.2,106.6,MT5 economic calendar (broker time UTC+3)
2026-07-28 01:00,2026-07-28,EUR,Jobseekers Total,JOBS,MODERATE,Y,3121500.0,3081.5,3115.6,MT5 economic calendar (broker time UTC+3)
2026-07-28 08:00,2026-07-28,JPY,BoJ Trimmed Mean Core CPI y/y,PRICES,MODERATE,Y,2.7,2.7,2.7,MT5 economic calendar (broker time UTC+3)
2026-07-28 08:00,2026-07-28,JPY,BoJ Weighted Median Core CPI y/y,PRICES,MODERATE,Y,1.5,1.7,1.4,MT5 economic calendar (broker time UTC+3)
2026-07-28 09:00,2026-07-28,SEK,Goods Trade Balance,TRADE,LOW,Y,2.6,-2.2,2.9,MT5 economic calendar (broker time UTC+3)
2026-07-28 09:45,2026-07-28,EUR,Consumer Confidence Index,CONSUMER,LOW,Y,86.0,90.0,84.0,MT5 economic calendar (broker time UTC+3)
2026-07-28 10:00,2026-07-28,EUR,Retail Sales y/y,CONSUMER,LOW,Y,0.5,2.7,1.3,MT5 economic calendar (broker time UTC+3)
2026-07-28 10:00,2026-07-28,EUR,Unemployment Rate,JOBS,LOW,Y,9.87,10.13,10.83,MT5 economic calendar (broker time UTC+3)
2026-07-28 11:00,2026-07-28,EUR,Trade Balance Non-EU,TRADE,LOW,Y,2.55,0.0,3.843,MT5 economic calendar (broker time UTC+3)
2026-07-28 12:30,2026-07-28,EUR,2-Year CTZ Auction,MARKET,LOW,Y,2.92,0.0,2.74,MT5 economic calendar (broker time UTC+3)
2026-07-28 13:00,2026-07-28,EUR,Bbk Monthly Report,MONEY,LOW,Y,0.0,0.0,0.0,MT5 economic calendar (broker time UTC+3)
2026-07-28 13:30,2026-07-28,INR,Industrial Production FYTD y/y,BUSINESS,LOW,Y,5.8,4.8,4.1,MT5 economic calendar (broker time UTC+3)
2026-07-28 13:30,2026-07-28,INR,Industrial Production y/y,BUSINESS,LOW,Y,7.3,3.6,4.1,MT5 economic calendar (broker time UTC+3)
2026-07-28 13:30,2026-07-28,INR,Manufacturing Production FYTD y/y,BUSINESS,LOW,Y,6.3,0.0,5.0,MT5 economic calendar (broker time UTC+3)
2026-07-28 13:30,2026-07-28,INR,Manufacturing Production y/y,BUSINESS,LOW,Y,7.8,4.2,4.3,MT5 economic calendar (broker time UTC+3)
2026-07-28 14:30,2026-07-28,BRL,Current Account,TRADE,LOW,Y,-2.33,-5.364,-3.185,MT5 economic calendar (broker time UTC+3)
2026-07-28 14:30,2026-07-28,BRL,Foreign Direct Investment,MONEY,LOW,Y,9.075,6.148,7.974,MT5 economic calendar (broker time UTC+3)
2026-07-28 15:00,2026-07-28,BRL,Mid-Month CPI m/m,PRICES,LOW,Y,0.06,0.41,0.41,MT5 economic calendar (broker time UTC+3)
2026-07-28 15:00,2026-07-28,BRL,Mid-Month CPI y/y,PRICES,LOW,Y,4.52,4.5,4.8,MT5 economic calendar (broker time UTC+3)
2026-07-28 15:30,2026-07-28,USD,Goods Trade Balance,TRADE,MODERATE,Y,-101.461,-94.697,-105.755,MT5 economic calendar (broker time UTC+3)
2026-07-28 15:30,2026-07-28,USD,Retail Inventories excl. Autos m/m,CONSUMER,MODERATE,Y,-0.2,0.0,0.3,MT5 economic calendar (broker time UTC+3)
2026-07-28 15:30,2026-07-28,USD,Retail Inventories m/m,CONSUMER,MODERATE,Y,0.0,0.5,0.6,MT5 economic calendar (broker time UTC+3)
2026-07-28 15:30,2026-07-28,USD,Wholesale Inventories m/m,BUSINESS,LOW,Y,0.3,0.9,0.1,MT5 economic calendar (broker time UTC+3)
2026-07-28 16:00,2026-07-28,USD,HPI,HOUSING,LOW,Y,442.4,440.8,441.4,MT5 economic calendar (broker time UTC+3)
2026-07-28 16:00,2026-07-28,USD,HPI m/m,HOUSING,LOW,Y,0.3,0.0,-0.1,MT5 economic calendar (broker time UTC+3)
2026-07-28 16:00,2026-07-28,USD,HPI y/y,HOUSING,LOW,Y,2.2,1.9,2.0,MT5 economic calendar (broker time UTC+3)
2026-07-28 16:00,2026-07-28,USD,S&P/CS HPI Composite-20 n.s.a. m/m,HOUSING,MODERATE,Y,0.9,0.8,1.0,MT5 economic calendar (broker time UTC+3)
2026-07-28 16:00,2026-07-28,USD,S&P/CS HPI Composite-20 s.a. m/m,HOUSING,LOW,Y,0.1,0.3,0.0,MT5 economic calendar (broker time UTC+3)
2026-07-28 16:00,2026-07-28,USD,S&P/CS HPI Composite-20 y/y,HOUSING,MODERATE,Y,1.6,1.4,1.1,MT5 economic calendar (broker time UTC+3)
2026-07-28 17:00,2026-07-28,USD,CB Consumer Confidence Index,CONSUMER,HIGH,Y,90.8,89.5,91.2,MT5 economic calendar (broker time UTC+3)
2026-07-28 17:00,2026-07-28,USD,Richmond Fed Manufacturing Index,BUSINESS,LOW,Y,5.0,-4.0,4.0,MT5 economic calendar (broker time UTC+3)
2026-07-28 17:00,2026-07-28,USD,Richmond Fed Manufacturing Shipments,BUSINESS,LOW,Y,8.0,0.0,3.0,MT5 economic calendar (broker time UTC+3)
2026-07-28 17:00,2026-07-28,USD,Richmond Fed Services Revenues,BUSINESS,LOW,Y,-3.0,-1.0,-1.0,MT5 economic calendar (broker time UTC+3)
2026-07-28 17:30,2026-07-28,USD,Dallas Fed Services Business Activity,BUSINESS,LOW,Y,6.6,6.2,2.9,MT5 economic calendar (broker time UTC+3)
2026-07-28 17:30,2026-07-28,USD,Dallas Fed Services Revenues,BUSINESS,LOW,Y,9.5,3.6,9.8,MT5 economic calendar (broker time UTC+3)
2026-07-28 20:00,2026-07-28,USD,7-Year Note Auction,MARKET,MODERATE,Y,4.473,0.0,4.26,MT5 economic calendar (broker time UTC+3)
2026-07-29 04:30,2026-07-29,AUD,CPI,PRICES,MODERATE,Y,102.31,100.0,101.7,MT5 economic calendar (broker time UTC+3)
2026-07-29 04:30,2026-07-29,AUD,CPI q/q,PRICES,MODERATE,Y,0.6,1.1,1.4,MT5 economic calendar (broker time UTC+3)
2026-07-29 04:30,2026-07-29,AUD,CPI y/y,PRICES,MODERATE,Y,3.9,5.1,4.1,MT5 economic calendar (broker time UTC+3)
2026-07-29 04:30,2026-07-29,AUD,RBA Trimmed Mean CPI q/q,PRICES,MODERATE,Y,1.0,0.8,0.8,MT5 economic calendar (broker time UTC+3)
2026-07-29 04:30,2026-07-29,AUD,RBA Trimmed Mean CPI y/y,PRICES,LOW,Y,3.6,3.2,3.3,MT5 economic calendar (broker time UTC+3)
2026-07-29 04:30,2026-07-29,AUD,RBA Weighted Median CPI q/q,PRICES,LOW,Y,0.9,0.8,0.7,MT5 economic calendar (broker time UTC+3)
2026-07-29 04:30,2026-07-29,AUD,RBA Weighted Median CPI y/y,PRICES,MODERATE,Y,3.7,3.9,3.5,MT5 economic calendar (broker time UTC+3)
2026-07-29 09:00,2026-07-29,NOK,Retail Sales m/m,CONSUMER,LOW,Y,1.8,-0.2,-2.1,MT5 economic calendar (broker time UTC+3)
2026-07-29 09:00,2026-07-29,NOK,Retail Sales y/y,CONSUMER,LOW,Y,-0.3,-3.0,-2.5,MT5 economic calendar (broker time UTC+3)
2026-07-29 09:00,2026-07-29,SEK,GDP q/q,GDP,MODERATE,Y,1.4,0.3,-0.2,MT5 economic calendar (broker time UTC+3)
2026-07-29 09:00,2026-07-29,SEK,GDP y/y,GDP,MODERATE,Y,2.8,1.8,2.0,MT5 economic calendar (broker time UTC+3)
2026-07-29 09:00,2026-07-29,ZAR,SARB M3 Money Supply y/y,MONEY,LOW,Y,9.31,8.93,9.59,MT5 economic calendar (broker time UTC+3)
2026-07-29 09:00,2026-07-29,ZAR,SARB Private Sector Credit y/y,MONEY,LOW,Y,7.8,8.44,8.57,MT5 economic calendar (broker time UTC+3)
2026-07-29 11:00,2026-07-29,CHF,Credit Suisse Economic Expectations,BUSINESS,LOW,Y,10.0,-2.6,-25.0,MT5 economic calendar (broker time UTC+3)
2026-07-29 11:00,2026-07-29,EUR,Industrial Sales  y/y,BUSINESS,LOW,Y,5.3,3.2,3.2,MT5 economic calendar (broker time UTC+3)
2026-07-29 11:00,2026-07-29,EUR,Industrial Sales m/m,BUSINESS,LOW,Y,0.6,-0.4,0.3,MT5 economic calendar (broker time UTC+3)
2026-07-29 11:30,2026-07-29,GBP,BoE Consumer Credit m/m,CONSUMER,LOW,Y,1.807,1.782,1.662,MT5 economic calendar (broker time UTC+3)
2026-07-29 11:30,2026-07-29,GBP,BoE M4 Money Supply m/m,MONEY,LOW,Y,0.8,0.3,0.1,MT5 economic calendar (broker time UTC+3)
2026-07-29 11:30,2026-07-29,GBP,BoE Mortgage Approvals,HOUSING,LOW,Y,58.2,61.322,56.205,MT5 economic calendar (broker time UTC+3)
2026-07-29 11:30,2026-07-29,GBP,BoE Mortgage Lending m/m,HOUSING,LOW,Y,7.727,3.556,2.889,MT5 economic calendar (broker time UTC+3)
2026-07-29 11:30,2026-07-29,GBP,BoE Net Lending to Individuals m/m,CONSUMER,LOW,Y,9.533,5.353,4.551,MT5 economic calendar (broker time UTC+3)
2026-07-29 12:30,2026-07-29,EUR,6-Month BOT Auction,MARKET,LOW,Y,2.567,0.0,2.479,MT5 economic calendar (broker time UTC+3)
2026-07-29 12:41,2026-07-29,EUR,10-Year Bond Auction,MARKET,MODERATE,Y,3.13,0.0,3.09,MT5 economic calendar (broker time UTC+3)
2026-07-29 17:30,2026-07-29,USD,EIA Crude Oil Imports Change,BUSINESS,LOW,Y,-0.237,-0.315,0.485,MT5 economic calendar (broker time UTC+3)
2026-07-29 17:30,2026-07-29,USD,EIA Crude Oil Stocks Change,BUSINESS,HIGH,Y,-7.167,5.131,2.01,MT5 economic calendar (broker time UTC+3)
2026-07-29 17:30,2026-07-29,USD,EIA Cushing Crude Oil Stocks Change,BUSINESS,MODERATE,Y,-0.771,0.614,-0.674,MT5 economic calendar (broker time UTC+3)
2026-07-29 17:30,2026-07-29,USD,EIA Distillate Fuel Production Change,BUSINESS,LOW,Y,0.015,-0.009,0.09,MT5 economic calendar (broker time UTC+3)
2026-07-29 17:30,2026-07-29,USD,EIA Distillates Stocks Change,BUSINESS,LOW,Y,1.062,3.041,1.395,MT5 economic calendar (broker time UTC+3)
2026-07-29 17:30,2026-07-29,USD,EIA Gasoline Production Change,BUSINESS,LOW,Y,0.178,0.08,0.06,MT5 economic calendar (broker time UTC+3)
2026-07-29 17:30,2026-07-29,USD,EIA Gasoline Stocks Change,BUSINESS,LOW,Y,0.007,1.356,0.765,MT5 economic calendar (broker time UTC+3)
2026-07-29 17:30,2026-07-29,USD,EIA Heating Oil Stocks Change,BUSINESS,LOW,Y,0.308,0.015,0.231,MT5 economic calendar (broker time UTC+3)
2026-07-29 17:30,2026-07-29,USD,EIA Refinery Crude Oil Daily Inputs Change,BUSINESS,LOW,Y,0.271,0.0,-0.058,MT5 economic calendar (broker time UTC+3)
2026-07-29 17:30,2026-07-29,USD,EIA Refinery Utilization Rate Change,BUSINESS,LOW,Y,1.1,0.0,-0.1,MT5 economic calendar (broker time UTC+3)
2026-07-29 20:30,2026-07-29,BRL,Foreign Exchange Flows,MONEY,LOW,Y,-1.065,0.295,0.135,MT5 economic calendar (broker time UTC+3)
2026-07-29 21:00,2026-07-29,USD,FOMC Statement,MONEY,MODERATE,Y,0.0,0.0,0.0,MT5 economic calendar (broker time UTC+3)
2026-07-29 21:00,2026-07-29,USD,Fed Interest Rate Decision,MONEY,HIGH,Y,3.75,0.0,3.75,MT5 economic calendar (broker time UTC+3)
2026-07-29 21:30,2026-07-29,USD,FOMC Press Conference,MONEY,HIGH,Y,0.0,0.0,0.0,MT5 economic calendar (broker time UTC+3)
2026-07-30 00:00,2026-07-30,BRL,BCB National Monetary Council Meeting,MONEY,MODERATE,Y,0.0,0.0,0.0,MT5 economic calendar (broker time UTC+3)
2026-07-30 00:00,2026-07-30,KRW,BOK Manufacturing BSI,BUSINESS,LOW,Y,82.0,84.0,79.0,MT5 economic calendar (broker time UTC+3)
2026-07-30 02:50,2026-07-30,JPY,Foreign Bond Investment,GOVERNMENT,LOW,Y,-811.4,0.0,-714.4,MT5 economic calendar (broker time UTC+3)
2026-07-30 02:50,2026-07-30,JPY,Foreign Investment in Japan Stocks,GOVERNMENT,LOW,Y,912.1,0.0,-79.6,MT5 economic calendar (broker time UTC+3)
2026-07-30 04:00,2026-07-30,NZD,ANZ Activity Outlook,BUSINESS,LOW,Y,49.3,28.2,36.9,MT5 economic calendar (broker time UTC+3)
2026-07-30 04:00,2026-07-30,NZD,ANZ Business Confidence,BUSINESS,LOW,Y,56.1,67.3,36.6,MT5 economic calendar (broker time UTC+3)
2026-07-30 04:30,2026-07-30,AUD,Building Approvals m/m,BUSINESS,MODERATE,Y,7.2,5.5,-1.1,MT5 economic calendar (broker time UTC+3)
2026-07-30 04:30,2026-07-30,AUD,Export Price Index q/q,PRICES,LOW,Y,1.1,-0.2,0.5,MT5 economic calendar (broker time UTC+3)
2026-07-30 04:30,2026-07-30,AUD,Import Price Index q/q,PRICES,LOW,Y,5.7,0.0,0.1,MT5 economic calendar (broker time UTC+3)
2026-07-30 04:30,2026-07-30,AUD,Private House Approvals m/m,BUSINESS,LOW,Y,0.4,0.0,2.8,MT5 economic calendar (broker time UTC+3)
2026-07-30 08:30,2026-07-30,EUR,Consumer Spending m/m,CONSUMER,MODERATE,Y,0.4,-0.5,0.5,MT5 economic calendar (broker time UTC+3)
2026-07-30 08:30,2026-07-30,EUR,GDP q/q,GDP,MODERATE,Y,0.2,0.1,-0.1,MT5 economic calendar (broker time UTC+3)
2026-07-30 08:30,2026-07-30,EUR,GDP y/y,GDP,MODERATE,Y,0.7,0.6,0.9,MT5 economic calendar (broker time UTC+3)
2026-07-30 09:00,2026-07-30,SEK,Retail Sales m/m,CONSUMER,LOW,Y,1.0,0.0,-0.2,MT5 economic calendar (broker time UTC+3)
2026-07-30 09:00,2026-07-30,SEK,Retail Sales y/y,CONSUMER,LOW,Y,6.6,3.9,8.0,MT5 economic calendar (broker time UTC+3)
2026-07-30 09:45,2026-07-30,EUR,Nonfarm Payrolls q/q,JOBS,LOW,Y,-0.1,0.2,-0.1,MT5 economic calendar (broker time UTC+3)
2026-07-30 10:00,2026-07-30,CHF,KOF Economic Barometer,BUSINESS,MODERATE,Y,103.5,97.9,101.2,MT5 economic calendar (broker time UTC+3)
2026-07-30 10:00,2026-07-30,EUR,CPI m/m,PRICES,LOW,Y,0.2,0.7,0.6,MT5 economic calendar (broker time UTC+3)
2026-07-30 10:00,2026-07-30,EUR,CPI y/y,PRICES,MODERATE,Y,3.5,3.0,3.2,MT5 economic calendar (broker time UTC+3)
2026-07-30 10:00,2026-07-30,EUR,GDP q/q,GDP,MODERATE,Y,0.7,0.0,0.6,MT5 economic calendar (broker time UTC+3)
2026-07-30 10:00,2026-07-30,EUR,GDP y/y,GDP,LOW,Y,2.7,0.0,2.6,MT5 economic calendar (broker time UTC+3)
2026-07-30 10:00,2026-07-30,EUR,HICP m/m,PRICES,LOW,Y,-0.1,0.1,0.6,MT5 economic calendar (broker time UTC+3)
2026-07-30 10:00,2026-07-30,EUR,HICP y/y,PRICES,MODERATE,Y,3.8,3.5,3.6,MT5 economic calendar (broker time UTC+3)
2026-07-30 11:00,2026-07-30,EUR,GDP q/q,GDP,LOW,Y,0.2,0.1,0.3,MT5 economic calendar (broker time UTC+3)
2026-07-30 11:00,2026-07-30,EUR,GDP y/y,GDP,LOW,Y,1.0,0.7,0.8,MT5 economic calendar (broker time UTC+3)
2026-07-30 12:00,2026-07-30,EUR,Business Climate Indicator,BUSINESS,LOW,Y,-0.19,-0.24,-0.38,MT5 economic calendar (broker time UTC+3)
2026-07-30 12:00,2026-07-30,EUR,Consumer Confidence Index,CONSUMER,LOW,Y,-15.9,0.0,-15.9,MT5 economic calendar (broker time UTC+3)
2026-07-30 12:00,2026-07-30,EUR,Consumer Price Expectations,CONSUMER,HIGH,Y,30.3,40.0,34.0,MT5 economic calendar (broker time UTC+3)
2026-07-30 12:00,2026-07-30,EUR,Economic Sentiment Indicator,BUSINESS,MODERATE,Y,96.9,92.3,95.0,MT5 economic calendar (broker time UTC+3)
2026-07-30 12:00,2026-07-30,EUR,GDP q/q,GDP,MODERATE,Y,0.4,0.2,0.1,MT5 economic calendar (broker time UTC+3)
2026-07-30 12:00,2026-07-30,EUR,GDP y/y,GDP,MODERATE,Y,1.0,0.7,0.8,MT5 economic calendar (broker time UTC+3)
2026-07-30 12:00,2026-07-30,EUR,Industrial Confidence Indicator,BUSINESS,LOW,Y,-6.1,-6.9,-7.7,MT5 economic calendar (broker time UTC+3)
2026-07-30 12:00,2026-07-30,EUR,Industry Selling Price Expectations,BUSINESS,LOW,Y,17.7,31.3,22.3,MT5 economic calendar (broker time UTC+3)
2026-07-30 12:00,2026-07-30,EUR,Services Sentiment Indicator,BUSINESS,LOW,Y,4.7,5.6,3.2,MT5 economic calendar (broker time UTC+3)
2026-07-30 12:00,2026-07-30,EUR,Unemployment Rate,JOBS,MODERATE,Y,6.3,6.3,6.2,MT5 economic calendar (broker time UTC+3)
2026-07-30 12:30,2026-07-30,ZAR,PPI m/m,PRICES,LOW,Y,-0.1,1.4,2.6,MT5 economic calendar (broker time UTC+3)
2026-07-30 12:30,2026-07-30,ZAR,PPI y/y,PRICES,LOW,Y,7.5,5.6,7.8,MT5 economic calendar (broker time UTC+3)
2026-07-30 12:47,2026-07-30,EUR,10-Year BTP Auction,MARKET,LOW,Y,4.0,0.0,3.63,MT5 economic calendar (broker time UTC+3)
2026-07-30 12:47,2026-07-30,EUR,5-Year BTP Auction,MARKET,LOW,Y,3.39,0.0,3.03,MT5 economic calendar (broker time UTC+3)
2026-07-30 13:00,2026-07-30,EUR,PPI m/m,PRICES,LOW,Y,0.0,0.0,-0.2,MT5 economic calendar (broker time UTC+3)
2026-07-30 13:00,2026-07-30,EUR,PPI y/y,PRICES,LOW,Y,5.8,3.3,7.3,MT5 economic calendar (broker time UTC+3)
2026-07-30 14:00,2026-07-30,BRL,FGV IGP-M Inflation Index m/m,PRICES,LOW,Y,-1.16,0.95,-0.5,MT5 economic calendar (broker time UTC+3)
2026-07-30 14:00,2026-07-30,GBP,BoE Interest Rate Decision,MONEY,HIGH,Y,3.75,0.0,3.75,MT5 economic calendar (broker time UTC+3)
2026-07-30 14:00,2026-07-30,GBP,BoE MPC Meeting Minutes,MONEY,MODERATE,Y,0.0,0.0,0.0,MT5 economic calendar (broker time UTC+3)
2026-07-30 14:00,2026-07-30,GBP,BoE MPC Vote Cut,MONEY,MODERATE,Y,0.0,0.0,0.0,MT5 economic calendar (broker time UTC+3)
2026-07-30 14:00,2026-07-30,GBP,BoE MPC Vote Hike,MONEY,MODERATE,Y,3.0,0.0,2.0,MT5 economic calendar (broker time UTC+3)
2026-07-30 14:00,2026-07-30,GBP,BoE MPC Vote Unchanged,MONEY,MODERATE,Y,6.0,0.0,7.0,MT5 economic calendar (broker time UTC+3)
2026-07-30 14:00,2026-07-30,GBP,BoE Monetary Policy Report,MONEY,MODERATE,Y,0.0,0.0,0.0,MT5 economic calendar (broker time UTC+3)
2026-07-30 14:30,2026-07-30,BRL,BCB Bank Lending m/m,MONEY,LOW,Y,0.7,0.7,0.6,MT5 economic calendar (broker time UTC+3)
2026-07-30 15:00,2026-07-30,BRL,Unemployment Rate 3-months,JOBS,MODERATE,Y,5.4,5.4,5.6,MT5 economic calendar (broker time UTC+3)
2026-07-30 15:00,2026-07-30,MXN,GDP n.s.a. y/y,GDP,MODERATE,Y,2.2,0.4,0.2,MT5 economic calendar (broker time UTC+3)
2026-07-30 15:00,2026-07-30,MXN,GDP q/q,GDP,MODERATE,Y,1.5,1.0,-0.6,MT5 economic calendar (broker time UTC+3)
2026-07-30 15:30,2026-07-30,USD,Continuing Jobless Claims,JOBS,MODERATE,Y,1.782,1.819,1.796,MT5 economic calendar (broker time UTC+3)
2026-07-30 15:30,2026-07-30,USD,Core PCE Price Index m/m,PRICES,HIGH,Y,0.1,0.4,0.3,MT5 economic calendar (broker time UTC+3)
2026-07-30 15:30,2026-07-30,USD,Core PCE Price Index q/q,PRICES,LOW,Y,3.4,2.9,4.4,MT5 economic calendar (broker time UTC+3)
2026-07-30 15:30,2026-07-30,USD,Core PCE Price Index y/y,PRICES,HIGH,Y,3.3,3.5,3.4,MT5 economic calendar (broker time UTC+3)
2026-07-30 15:30,2026-07-30,USD,GDP Price Index q/q,PRICES,LOW,Y,6.2,4.0,3.6,MT5 economic calendar (broker time UTC+3)
2026-07-30 15:30,2026-07-30,USD,GDP Sales q/q,GDP,HIGH,Y,2.2,1.0,1.9,MT5 economic calendar (broker time UTC+3)
2026-07-30 15:30,2026-07-30,USD,GDP q/q,GDP,HIGH,Y,1.5,1.7,2.1,MT5 economic calendar (broker time UTC+3)
2026-07-30 15:30,2026-07-30,USD,Initial Jobless Claims,JOBS,HIGH,Y,197.0,194.0,187.0,MT5 economic calendar (broker time UTC+3)
2026-07-30 15:30,2026-07-30,USD,Initial Jobless Claims 4-Week Average,JOBS,LOW,Y,202.75,205.696,207.5,MT5 economic calendar (broker time UTC+3)
2026-07-30 15:30,2026-07-30,USD,PCE Price Index m/m,PRICES,MODERATE,Y,-0.1,0.3,0.4,MT5 economic calendar (broker time UTC+3)
2026-07-30 15:30,2026-07-30,USD,PCE Price Index q/q,PRICES,LOW,Y,5.1,2.4,4.6,MT5 economic calendar (broker time UTC+3)
2026-07-30 15:30,2026-07-30,USD,PCE Price Index y/y,PRICES,MODERATE,Y,3.7,4.5,4.1,MT5 economic calendar (broker time UTC+3)
2026-07-30 15:30,2026-07-30,USD,Personal Income m/m,CONSUMER,LOW,Y,0.2,0.0,0.7,MT5 economic calendar (broker time UTC+3)
2026-07-30 15:30,2026-07-30,USD,Personal Spending m/m,CONSUMER,MODERATE,Y,0.3,0.5,0.7,MT5 economic calendar (broker time UTC+3)
2026-07-30 15:30,2026-07-30,USD,Real PCE m/m,CONSUMER,LOW,Y,0.4,0.0,0.3,MT5 economic calendar (broker time UTC+3)
2026-07-30 15:30,2026-07-30,USD,Real PCE q/q,CONSUMER,MODERATE,Y,3.2,0.7,0.5,MT5 economic calendar (broker time UTC+3)
2026-07-30 16:15,2026-07-30,GBP,BoE Governor Bailey Speech,MONEY,HIGH,Y,0.0,0.0,0.0,MT5 economic calendar (broker time UTC+3)
2026-07-30 17:30,2026-07-30,USD,EIA Natural Gas Storage Change,BUSINESS,LOW,Y,28.0,19.0,32.0,MT5 economic calendar (broker time UTC+3)
2026-07-30 18:30,2026-07-30,USD,4-Week Bill Auction,MARKET,LOW,Y,3.63,0.0,3.73,MT5 economic calendar (broker time UTC+3)
2026-07-30 18:30,2026-07-30,USD,8-Week Bill Auction,MARKET,LOW,Y,3.675,0.0,3.795,MT5 economic calendar (broker time UTC+3)
2026-07-30 18:38,2026-07-30,USD,Dallas Fed Trimmed Mean PCE Inflation Rate,PRICES,LOW,Y,1.4,2.3,2.8,MT5 economic calendar (broker time UTC+3)
2026-07-30 19:00,2026-07-30,SGD,Bank Loans,MONEY,LOW,Y,931.376,923.097,917.737,MT5 economic calendar (broker time UTC+3)
2026-07-30 23:42,2026-07-30,MXN,Fiscal Balance,TRADE,LOW,Y,-168.139,-0.9,-176.15,MT5 economic calendar (broker time UTC+3)
2026-07-31 02:00,2026-07-31,KRW,Index of Services m/m,CONSUMER,LOW,Y,0.7,0.6,1.3,MT5 economic calendar (broker time UTC+3)
2026-07-31 02:00,2026-07-31,KRW,Industrial Production m/m,BUSINESS,LOW,Y,6.4,-0.2,-3.0,MT5 economic calendar (broker time UTC+3)
2026-07-31 02:00,2026-07-31,KRW,Industrial Production y/y,BUSINESS,LOW,Y,5.8,-2.5,-0.9,MT5 economic calendar (broker time UTC+3)
2026-07-31 02:00,2026-07-31,KRW,Retail Sales m/m,CONSUMER,LOW,Y,2.7,-2.2,0.1,MT5 economic calendar (broker time UTC+3)
2026-07-31 02:30,2026-07-31,JPY,Jobs to Applicants Ratio,JOBS,LOW,Y,1.18,1.17,1.17,MT5 economic calendar (broker time UTC+3)
2026-07-31 02:30,2026-07-31,JPY,Tokyo CPI excl. Food and Energy y/y,PRICES,HIGH,Y,2.0,1.7,1.9,MT5 economic calendar (broker time UTC+3)
2026-07-31 02:30,2026-07-31,JPY,Tokyo CPI s.a. m/m,PRICES,LOW,Y,0.4,0.0,0.3,MT5 economic calendar (broker time UTC+3)
2026-07-31 02:30,2026-07-31,JPY,Tokyo CPI y/y,PRICES,LOW,Y,2.0,1.8,1.7,MT5 economic calendar (broker time UTC+3)
2026-07-31 02:30,2026-07-31,JPY,Tokyo Core CPI y/y,PRICES,MODERATE,Y,1.9,2.1,1.6,MT5 economic calendar (broker time UTC+3)
2026-07-31 02:30,2026-07-31,JPY,Unemployment Rate,JOBS,LOW,Y,2.5,2.5,2.5,MT5 economic calendar (broker time UTC+3)
2026-07-31 02:50,2026-07-31,JPY,Industrial Production Forecast 1-month Ahead m/m,BUSINESS,LOW,Y,1.2,0.0,3.7,MT5 economic calendar (broker time UTC+3)
2026-07-31 02:50,2026-07-31,JPY,Industrial Production Forecast 2-month Ahead m/m,BUSINESS,LOW,Y,4.5,0.0,0.0,MT5 economic calendar (broker time UTC+3)
2026-07-31 02:50,2026-07-31,JPY,Industrial Production m/m,BUSINESS,MODERATE,Y,1.3,-0.5,0.1,MT5 economic calendar (broker time UTC+3)
2026-07-31 02:50,2026-07-31,JPY,Industrial Production y/y,BUSINESS,LOW,Y,4.2,-2.8,-2.1,MT5 economic calendar (broker time UTC+3)
2026-07-31 02:50,2026-07-31,JPY,Large Retailer's Sales y/y,CONSUMER,MODERATE,Y,-1.0,3.5,5.0,MT5 economic calendar (broker time UTC+3)
2026-07-31 02:50,2026-07-31,JPY,Retail Sales m/m,CONSUMER,HIGH,Y,-4.1,-1.5,1.9,MT5 economic calendar (broker time UTC+3)
2026-07-31 02:50,2026-07-31,JPY,Retail Sales y/y,CONSUMER,LOW,Y,0.5,2.4,5.3,MT5 economic calendar (broker time UTC+3)
2026-07-31 04:00,2026-07-31,CNY,Composite PMI,BUSINESS,MODERATE,Y,49.3,0.0,50.6,MT5 economic calendar (broker time UTC+3)
2026-07-31 04:00,2026-07-31,CNY,Manufacturing PMI,BUSINESS,HIGH,Y,49.2,50.1,50.3,MT5 economic calendar (broker time UTC+3)
2026-07-31 04:00,2026-07-31,CNY,Non-Manufacturing PMI,BUSINESS,MODERATE,Y,49.0,49.9,50.2,MT5 economic calendar (broker time UTC+3)
2026-07-31 04:30,2026-07-31,AUD,PPI q/q,PRICES,MODERATE,Y,1.3,0.7,0.4,MT5 economic calendar (broker time UTC+3)
2026-07-31 04:30,2026-07-31,AUD,PPI y/y,PRICES,MODERATE,Y,3.6,3.3,3.0,MT5 economic calendar (broker time UTC+3)
2026-07-31 04:30,2026-07-31,AUD,RBA Housing Credit m/m,MONEY,LOW,Y,0.6,0.0,0.5,MT5 economic calendar (broker time UTC+3)
2026-07-31 04:30,2026-07-31,AUD,RBA Private Sector Credit m/m,MONEY,LOW,Y,0.8,0.7,0.7,MT5 economic calendar (broker time UTC+3)
2026-07-31 05:30,2026-07-31,SGD,Unemployment Rate,JOBS,LOW,Y,2.0,2.1,2.1,MT5 economic calendar (broker time UTC+3)
2026-07-31 06:11,2026-07-31,JPY,BoJ Interest Rate Decision,MONEY,HIGH,Y,1.0,0.0,1.0,MT5 economic calendar (broker time UTC+3)
2026-07-31 06:11,2026-07-31,JPY,BoJ Monetary Policy Statement,MONEY,MODERATE,Y,0.0,0.0,0.0,MT5 economic calendar (broker time UTC+3)
2026-07-31 06:11,2026-07-31,JPY,BoJ Outlook Report,MONEY,MODERATE,Y,0.0,0.0,0.0,MT5 economic calendar (broker time UTC+3)
2026-07-31 09:00,2026-07-31,GBP,Nationwide HPI m/m,HOUSING,MODERATE,Y,0.1,0.2,0.0,MT5 economic calendar (broker time UTC+3)
2026-07-31 09:00,2026-07-31,GBP,Nationwide HPI y/y,HOUSING,MODERATE,Y,1.8,1.8,2.2,MT5 economic calendar (broker time UTC+3)
2026-07-31 09:00,2026-07-31,NOK,General Public Domestic Loan Debt y/y,MONEY,LOW,Y,4.4,4.5,4.5,MT5 economic calendar (broker time UTC+3)
2026-07-31 09:30,2026-07-31,CHF,Retail Sales y/y,CONSUMER,LOW,Y,1.5,1.4,3.5,MT5 economic calendar (broker time UTC+3)
2026-07-31 09:30,2026-07-31,JPY,BoJ Press Conference,MONEY,HIGH,Y,0.0,0.0,0.0,MT5 economic calendar (broker time UTC+3)
2026-07-31 09:45,2026-07-31,EUR,CPI m/m,PRICES,MODERATE,Y,0.6,-0.2,-0.3,MT5 economic calendar (broker time UTC+3)
2026-07-31 09:45,2026-07-31,EUR,CPI y/y,PRICES,LOW,Y,2.1,1.6,1.8,MT5 economic calendar (broker time UTC+3)
2026-07-31 09:45,2026-07-31,EUR,HICP m/m,PRICES,MODERATE,Y,0.6,-0.3,-0.3,MT5 economic calendar (broker time UTC+3)
2026-07-31 09:45,2026-07-31,EUR,HICP y/y,PRICES,LOW,Y,2.4,1.6,2.0,MT5 economic calendar (broker time UTC+3)
2026-07-31 09:45,2026-07-31,EUR,PPI m/m,PRICES,LOW,Y,-0.2,-0.7,-2.0,MT5 economic calendar (broker time UTC+3)
2026-07-31 10:55,2026-07-31,EUR,Unemployment,JOBS,MODERATE,Y,2.993,2.973,2.984,MT5 economic calendar (broker time UTC+3)
2026-07-31 10:55,2026-07-31,EUR,Unemployment Change,JOBS,MODERATE,Y,6.0,-5.0,-1.0,MT5 economic calendar (broker time UTC+3)
2026-07-31 10:55,2026-07-31,EUR,Unemployment Rate,JOBS,MODERATE,Y,6.4,6.2,6.3,MT5 economic calendar (broker time UTC+3)
2026-07-31 10:55,2026-07-31,EUR,Unemployment n.s.a.,JOBS,LOW,Y,3.007,2.973,2.936,MT5 economic calendar (broker time UTC+3)
2026-07-31 11:00,2026-07-31,EUR,Business Confidence,BUSINESS,LOW,Y,89.6,87.8,88.4,MT5 economic calendar (broker time UTC+3)
2026-07-31 11:00,2026-07-31,EUR,Consumer Confidence,CONSUMER,LOW,Y,94.2,91.1,92.4,MT5 economic calendar (broker time UTC+3)
2026-07-31 11:00,2026-07-31,EUR,Current Account,TRADE,LOW,Y,1.84,4.65,1.88,MT5 economic calendar (broker time UTC+3)
2026-07-31 11:00,2026-07-31,NOK,NAV Unemployment Change,JOBS,LOW,Y,79.275,65.358,77.535,MT5 economic calendar (broker time UTC+3)
2026-07-31 11:00,2026-07-31,NOK,NAV Unemployment Rate n.s.a.,JOBS,LOW,Y,2.1,2.0,1.9,MT5 economic calendar (broker time UTC+3)
2026-07-31 11:30,2026-07-31,HKD,GDP q/q,GDP,LOW,Y,-0.6,2.0,2.9,MT5 economic calendar (broker time UTC+3)
2026-07-31 11:30,2026-07-31,HKD,GDP y/y,GDP,LOW,Y,4.3,4.1,5.9,MT5 economic calendar (broker time UTC+3)
2026-07-31 11:30,2026-07-31,HKD,HKMA M3 Money Supply y/y,MONEY,LOW,Y,2.6,-0.9,1.0,MT5 economic calendar (broker time UTC+3)
2026-07-31 12:00,2026-07-31,EUR,CPI,PRICES,LOW,Y,103.22,0.0,103.02,MT5 economic calendar (broker time UTC+3)
2026-07-31 12:00,2026-07-31,EUR,CPI excl. Energy and Unprocessed Food m/m,PRICES,LOW,Y,0.0,0.5,0.2,MT5 economic calendar (broker time UTC+3)
2026-07-31 12:00,2026-07-31,EUR,CPI excl. Energy and Unprocessed Food y/y,PRICES,LOW,Y,2.2,2.1,2.1,MT5 economic calendar (broker time UTC+3)
2026-07-31 12:00,2026-07-31,EUR,CPI m/m,PRICES,LOW,Y,0.2,0.0,0.0,MT5 economic calendar (broker time UTC+3)
2026-07-31 12:00,2026-07-31,EUR,CPI y/y,PRICES,LOW,Y,2.8,2.9,3.0,MT5 economic calendar (broker time UTC+3)
2026-07-31 12:00,2026-07-31,EUR,Core CPI,PRICES,MODERATE,Y,102.84,0.0,102.87,MT5 economic calendar (broker time UTC+3)
2026-07-31 12:00,2026-07-31,EUR,Core CPI m/m,PRICES,LOW,Y,0.0,0.6,0.2,MT5 economic calendar (broker time UTC+3)
2026-07-31 12:00,2026-07-31,EUR,Core CPI y/y,PRICES,MODERATE,Y,2.5,2.4,2.4,MT5 economic calendar (broker time UTC+3)
2026-07-31 12:00,2026-07-31,EUR,HICP m/m,PRICES,LOW,Y,-1.0,-0.4,0.0,MT5 economic calendar (broker time UTC+3)
2026-07-31 12:00,2026-07-31,EUR,HICP y/y,PRICES,LOW,Y,2.9,3.2,3.0,MT5 economic calendar (broker time UTC+3)
2026-07-31 13:30,2026-07-31,INR,Fiscal Balance,GOVERNMENT,LOW,Y,-3.078,0.0,-1.624,MT5 economic calendar (broker time UTC+3)
2026-07-31 14:15,2026-07-31,GBP,BoE MPC Member Pill Speech,MONEY,MODERATE,Y,0.0,0.0,0.0,MT5 economic calendar (broker time UTC+3)
2026-07-31 14:30,2026-07-31,BRL,Net Debt - GDP Ratio,GOVERNMENT,LOW,Y,68.5,68.7,67.9,MT5 economic calendar (broker time UTC+3)
2026-07-31 14:30,2026-07-31,BRL,Nominal Budget Balance,GOVERNMENT,LOW,Y,-165.966,-95.345,-163.679,MT5 economic calendar (broker time UTC+3)
2026-07-31 14:30,2026-07-31,BRL,Primary Budget balance,GOVERNMENT,LOW,Y,-55.313,0.751,-56.131,MT5 economic calendar (broker time UTC+3)
2026-07-31 14:30,2026-07-31,INR,Foreign Exchange Reserves,MONEY,LOW,Y,682.354,675.378,676.237,MT5 economic calendar (broker time UTC+3)
2026-07-31 14:30,2026-07-31,INR,Infrastructure Output y/y,BUSINESS,LOW,Y,5.0,2.2,0.5,MT5 economic calendar (broker time UTC+3)
2026-07-31 14:30,2026-07-31,INR,RBI Monetary and Credit Information Review,MONEY,MODERATE,Y,0.0,0.0,0.0,MT5 economic calendar (broker time UTC+3)
2026-07-31 15:00,2026-07-31,BRL,PPI m/m,PRICES,LOW,Y,-0.77,-0.92,-0.3,MT5 economic calendar (broker time UTC+3)
2026-07-31 15:00,2026-07-31,BRL,PPI y/y,PRICES,LOW,Y,2.51,3.03,1.99,MT5 economic calendar (broker time UTC+3)
2026-07-31 15:30,2026-07-31,CAD,GDP m/m,GDP,MODERATE,Y,0.3,0.2,0.5,MT5 economic calendar (broker time UTC+3)
2026-07-31 15:30,2026-07-31,CAD,GDP y/y,GDP,MODERATE,Y,1.7,0.7,1.1,MT5 economic calendar (broker time UTC+3)
2026-07-31 15:30,2026-07-31,USD,Employment Benefits q/q,JOBS,LOW,Y,1.0,0.9,1.2,MT5 economic calendar (broker time UTC+3)
2026-07-31 15:30,2026-07-31,USD,Employment Cost Index q/q,JOBS,MODERATE,Y,0.9,0.8,0.9,MT5 economic calendar (broker time UTC+3)
2026-07-31 15:30,2026-07-31,USD,Employment Wages q/q,JOBS,LOW,Y,0.9,0.7,0.8,MT5 economic calendar (broker time UTC+3)
2026-07-31 16:45,2026-07-31,USD,MNI Chicago Business Barometer,BUSINESS,HIGH,Y,57.6,56.5,56.7,MT5 economic calendar (broker time UTC+3)
2026-07-31 17:00,2026-07-31,USD,Michigan 5-Year Inflation Expectations,PRICES,MODERATE,Y,3.3,3.3,3.3,MT5 economic calendar (broker time UTC+3)
2026-07-31 17:00,2026-07-31,USD,Michigan Consumer Expectations,CONSUMER,MODERATE,Y,55.4,54.0,54.0,MT5 economic calendar (broker time UTC+3)
2026-07-31 17:00,2026-07-31,USD,Michigan Consumer Sentiment,CONSUMER,MODERATE,Y,55.2,54.4,54.4,MT5 economic calendar (broker time UTC+3)
2026-07-31 17:00,2026-07-31,USD,Michigan Current Conditions,CONSUMER,LOW,Y,54.8,54.9,54.9,MT5 economic calendar (broker time UTC+3)
2026-07-31 17:00,2026-07-31,USD,Michigan Inflation Expectations,PRICES,MODERATE,Y,4.2,4.2,4.2,MT5 economic calendar (broker time UTC+3)
2026-07-31 18:00,2026-07-31,CAD,Budget Balance,GOVERNMENT,LOW,Y,-0.313,-0.358,-1.046,MT5 economic calendar (broker time UTC+3)
2026-07-31 18:00,2026-07-31,CAD,"Budget Balance, Fiscal Year",GOVERNMENT,LOW,Y,-1.359,-16.315,-1.046,MT5 economic calendar (broker time UTC+3)
2026-07-31 20:00,2026-07-31,USD,Baker Hughes US Oil Rig Count,BUSINESS,MODERATE,Y,451.0,0.0,450.0,MT5 economic calendar (broker time UTC+3)
2026-07-31 20:00,2026-07-31,USD,Baker Hughes US Total Rig Count,BUSINESS,MODERATE,Y,588.0,0.0,587.0,MT5 economic calendar (broker time UTC+3)
2026-07-31 22:30,2026-07-31,AUD,CFTC AUD Non-Commercial Net Positions,MARKET,MODERATE,Y,-40.0,0.0,-37.7,MT5 economic calendar (broker time UTC+3)
2026-07-31 22:30,2026-07-31,BRL,CFTC BRL Non-Commercial Net Positions,MARKET,MODERATE,Y,39.5,0.0,35.5,MT5 economic calendar (broker time UTC+3)
2026-07-31 22:30,2026-07-31,CAD,CFTC CAD Non-Commercial Net Positions,MARKET,LOW,Y,-176.3,0.0,-174.4,MT5 economic calendar (broker time UTC+3)
2026-07-31 22:30,2026-07-31,CHF,CFTC CHF Non-Commercial Net Positions,MARKET,LOW,Y,-33.5,0.0,-34.2,MT5 economic calendar (broker time UTC+3)
2026-07-31 22:30,2026-07-31,EUR,CFTC EUR Non-Commercial Net Positions,MARKET,MODERATE,Y,-72.4,0.0,-41.3,MT5 economic calendar (broker time UTC+3)
2026-07-31 22:30,2026-07-31,GBP,CFTC GBP Non-Commercial Net Positions,MARKET,MODERATE,Y,-64.8,0.0,-55.6,MT5 economic calendar (broker time UTC+3)
2026-07-31 22:30,2026-07-31,JPY,CFTC JPY Non-Commercial Net Positions,MARKET,MODERATE,Y,-163.4,0.0,-152.1,MT5 economic calendar (broker time UTC+3)
2026-07-31 22:30,2026-07-31,MXN,CFTC MXN Non-Commercial Net Positions,MARKET,LOW,Y,72.5,0.0,71.7,MT5 economic calendar (broker time UTC+3)
2026-07-31 22:30,2026-07-31,NZD,CFTC NZD Non-Commercial Net Positions,MARKET,LOW,Y,-47.7,0.0,-50.0,MT5 economic calendar (broker time UTC+3)
2026-07-31 22:30,2026-07-31,USD,CFTC Aluminium Non-Commercial Net Positions,MARKET,LOW,Y,-0.7,0.0,-0.6,MT5 economic calendar (broker time UTC+3)
2026-07-31 22:30,2026-07-31,USD,CFTC Copper Non-Commercial Net Positions,MARKET,LOW,Y,67.3,0.0,74.0,MT5 economic calendar (broker time UTC+3)
2026-07-31 22:30,2026-07-31,USD,CFTC Corn Non-Commercial Net Positions,MARKET,LOW,Y,254.3,0.0,186.7,MT5 economic calendar (broker time UTC+3)
2026-07-31 22:30,2026-07-31,USD,CFTC Crude Oil Non-Commercial Net Positions,MARKET,MODERATE,Y,120.1,0.0,81.7,MT5 economic calendar (broker time UTC+3)
2026-07-31 22:30,2026-07-31,USD,CFTC Gold Non-Commercial Net Positions,MARKET,MODERATE,Y,182.1,0.0,183.9,MT5 economic calendar (broker time UTC+3)
2026-07-31 22:30,2026-07-31,USD,CFTC Nasdaq 100 Non-Commercial Net Positions,MARKET,MODERATE,Y,4.9,0.0,4.5,MT5 economic calendar (broker time UTC+3)
2026-07-31 22:30,2026-07-31,USD,CFTC Natural Gas Non-Commercial Net Positions,MARKET,LOW,Y,-190.8,0.0,-171.1,MT5 economic calendar (broker time UTC+3)
2026-07-31 22:30,2026-07-31,USD,CFTC S&P 500 Non-Commercial Net Positions,MARKET,MODERATE,Y,-17.2,0.0,-16.8,MT5 economic calendar (broker time UTC+3)
2026-07-31 22:30,2026-07-31,USD,CFTC Silver Non-Commercial Net Positions,MARKET,LOW,Y,22.2,0.0,23.5,MT5 economic calendar (broker time UTC+3)
2026-07-31 22:30,2026-07-31,USD,CFTC Soybeans Non-Commercial Net Positions,MARKET,LOW,Y,211.8,0.0,175.6,MT5 economic calendar (broker time UTC+3)
2026-07-31 22:30,2026-07-31,USD,CFTC Wheat Non-Commercial Net Positions,MARKET,LOW,Y,-2.0,0.0,-7.0,MT5 economic calendar (broker time UTC+3)
2026-07-31 22:30,2026-07-31,ZAR,CFTC ZAR Non-Commercial Net Positions,MARKET,LOW,Y,6.9,0.0,7.5,MT5 economic calendar (broker time UTC+3)
2026-08-01 00:00,2026-08-01,CHF,National Day,HOLIDAYS,NONE,Y,0.0,0.0,0.0,MT5 economic calendar (broker time UTC+3)
2026-08-01 03:00,2026-08-01,KRW,Exports y/y,TRADE,LOW,Y,62.8,79.1,70.7,MT5 economic calendar (broker time UTC+3)
2026-08-01 03:00,2026-08-01,KRW,Imports y/y,TRADE,LOW,Y,26.5,32.6,30.0,MT5 economic calendar (broker time UTC+3)
2026-08-01 03:00,2026-08-01,KRW,Trade Balance,TRADE,LOW,Y,30.324,35.576,36.088,MT5 economic calendar (broker time UTC+3)
2026-08-03 00:00,2026-08-03,CAD,Civic Holiday,HOLIDAYS,NONE,Y,0.0,0.0,0.0,MT5 economic calendar (broker time UTC+3)
2026-08-03 01:45,2026-08-03,NZD,Building Consents m/m,HOUSING,LOW,Y,-3.6,-0.5,-4.0,MT5 economic calendar (broker time UTC+3)
2026-08-03 02:00,2026-08-03,AUD,S&P Global Manufacturing PMI,BUSINESS,LOW,Y,52.0,50.9,51.2,MT5 economic calendar (broker time UTC+3)
2026-08-03 03:30,2026-08-03,JPY,au Jibun Bank Manufacturing PMI,BUSINESS,LOW,Y,54.5,51.9,54.9,MT5 economic calendar (broker time UTC+3)
2026-08-03 03:30,2026-08-03,KRW,S&P Global Manufacturing PMI,BUSINESS,LOW,Y,53.1,50.5,52.1,MT5 economic calendar (broker time UTC+3)
2026-08-03 04:45,2026-08-03,CNY,Caixin Manufacturing PMI,BUSINESS,MODERATE,Y,50.9,51.4,51.7,MT5 economic calendar (broker time UTC+3)
2026-08-03 08:00,2026-08-03,INR,S&P Global Manufacturing PMI,BUSINESS,LOW,Y,53.5,55.7,54.2,MT5 economic calendar (broker time UTC+3)
2026-08-03 09:30,2026-08-03,CHF,CPI m/m,PRICES,MODERATE,Y,-0.1,0.0,0.0,MT5 economic calendar (broker time UTC+3)
2026-08-03 09:30,2026-08-03,CHF,CPI y/y,PRICES,LOW,Y,0.4,0.4,0.5,MT5 economic calendar (broker time UTC+3)
2026-08-03 09:30,2026-08-03,SEK,Silf/Swedbank Manufacturing PMI,BUSINESS,LOW,Y,55.8,57.7,58.3,MT5 economic calendar (broker time UTC+3)
2026-08-03 10:00,2026-08-03,EUR,New Car Registrations m/m,BUSINESS,LOW,Y,-32.8,0.0,46.9,MT5 economic calendar (broker time UTC+3)
2026-08-03 10:00,2026-08-03,EUR,New Car Registrations y/y,BUSINESS,LOW,Y,9.0,0.0,11.4,MT5 economic calendar (broker time UTC+3)
2026-08-03 10:15,2026-08-03,EUR,S&P Global Manufacturing PMI,BUSINESS,MODERATE,Y,50.2,51.5,49.7,MT5 economic calendar (broker time UTC+3)
2026-08-03 10:30,2026-08-03,CHF,procure.ch Manufacturing PMI,BUSINESS,MODERATE,Y,50.0,48.6,54.3,MT5 economic calendar (broker time UTC+3)
2026-08-03 10:45,2026-08-03,EUR,S&P Global Manufacturing PMI,BUSINESS,MODERATE,Y,51.3,53.1,52.2,MT5 economic calendar (broker time UTC+3)
2026-08-03 10:50,2026-08-03,EUR,S&P Global Manufacturing PMI,BUSINESS,MODERATE,Y,49.8,50.0,50.0,MT5 economic calendar (broker time UTC+3)
2026-08-03 10:55,2026-08-03,EUR,S&P Global Manufacturing PMI,BUSINESS,MODERATE,Y,52.2,52.2,52.2,MT5 economic calendar (broker time UTC+3)
2026-08-03 11:00,2026-08-03,EUR,S&P Global Manufacturing PMI,BUSINESS,MODERATE,Y,51.9,52.0,52.0,MT5 economic calendar (broker time UTC+3)
2026-08-03 11:30,2026-08-03,GBP,S&P Global/CIPS Manufacturing PMI,BUSINESS,MODERATE,Y,51.9,52.8,52.8,MT5 economic calendar (broker time UTC+3)
2026-08-03 12:00,2026-08-03,ZAR,Absa Manufacturing PMI,BUSINESS,LOW,Y,46.8,51.6,47.3,MT5 economic calendar (broker time UTC+3)
2026-08-03 14:30,2026-08-03,BRL,BCB Focus Market Report,MONEY,MODERATE,Y,0.0,0.0,0.0,MT5 economic calendar (broker time UTC+3)
2026-08-03 15:00,2026-08-03,ZAR,Total New Vehicle Sales,BUSINESS,LOW,Y,57.708,0.0,54.482,MT5 economic calendar (broker time UTC+3)
2026-08-03 15:00,2026-08-03,ZAR,Total New Vehicle Sales m/m,BUSINESS,LOW,Y,6.1,0.0,6.9,MT5 economic calendar (broker time UTC+3)
2026-08-03 15:00,2026-08-03,ZAR,Total New Vehicle Sales y/y,BUSINESS,LOW,Y,11.9,19.8,15.3,MT5 economic calendar (broker time UTC+3)
2026-08-03 15:56,2026-08-03,EUR,12-Month BTF Auction,MARKET,LOW,Y,2.738,0.0,2.753,MT5 economic calendar (broker time UTC+3)
2026-08-03 15:56,2026-08-03,EUR,3-Month BTF Auction,MARKET,LOW,Y,2.448,0.0,2.424,MT5 economic calendar (broker time UTC+3)
2026-08-03 15:56,2026-08-03,EUR,6-Month BTF Auction,MARKET,LOW,Y,2.585,0.0,2.587,MT5 economic calendar (broker time UTC+3)
2026-08-03 16:00,2026-08-03,BRL,S&P Global Manufacturing PMI,BUSINESS,LOW,Y,47.5,50.9,50.8,MT5 economic calendar (broker time UTC+3)
2026-08-03 16:00,2026-08-03,SGD,SIPMM PMI,BUSINESS,LOW,Y,51.4,51.0,51.0,MT5 economic calendar (broker time UTC+3)
2026-08-03 16:45,2026-08-03,USD,S&P Global Manufacturing PMI,BUSINESS,HIGH,Y,53.9,54.5,55.7,MT5 economic calendar (broker time UTC+3)
2026-08-03 17:00,2026-08-03,USD,Construction Spending m/m,HOUSING,MODERATE,Y,-0.1,0.1,0.1,MT5 economic calendar (broker time UTC+3)
2026-08-03 17:00,2026-08-03,USD,ISM Manufacturing Employment,BUSINESS,MODERATE,Y,52.8,48.6,49.7,MT5 economic calendar (broker time UTC+3)
2026-08-03 17:00,2026-08-03,USD,ISM Manufacturing New Orders,BUSINESS,LOW,Y,56.7,56.3,56.0,MT5 economic calendar (broker time UTC+3)
2026-08-03 17:00,2026-08-03,USD,ISM Manufacturing PMI,BUSINESS,HIGH,Y,55.6,53.0,53.3,MT5 economic calendar (broker time UTC+3)
2026-08-03 17:00,2026-08-03,USD,ISM Manufacturing Prices Paid,BUSINESS,HIGH,Y,71.1,65.7,73.0,MT5 economic calendar (broker time UTC+3)
2026-08-03 18:00,2026-08-03,MXN,S&P Global Manufacturing PMI,BUSINESS,LOW,Y,51.3,50.1,51.3,MT5 economic calendar (broker time UTC+3)
2026-08-03 18:30,2026-08-03,USD,3-Month Bill Auction,MARKET,LOW,Y,3.75,0.0,3.815,MT5 economic calendar (broker time UTC+3)
2026-08-03 18:30,2026-08-03,USD,6-Month Bill Auction,MARKET,LOW,Y,3.855,0.0,3.945,MT5 economic calendar (broker time UTC+3)
2026-08-03 19:00,2026-08-03,EUR,New Car Registrations m/m,BUSINESS,LOW,Y,-15.9,0.0,-2.4,MT5 economic calendar (broker time UTC+3)
2026-08-03 19:00,2026-08-03,EUR,New Car Registrations y/y,BUSINESS,LOW,Y,3.9,0.0,10.6,MT5 economic calendar (broker time UTC+3)
2026-08-03 21:00,2026-08-03,USD,Fed Senior Loan Officer Opinion Survey on Bank Lending Practices,MONEY,LOW,Y,0.0,0.0,0.0,MT5 economic calendar (broker time UTC+3)
2026-08-04 02:00,2026-08-04,KRW,CPI m/m,PRICES,LOW,Y,-0.2,0.1,0.1,MT5 economic calendar (broker time UTC+3)
2026-08-04 02:00,2026-08-04,KRW,CPI y/y,PRICES,LOW,Y,2.8,2.7,3.2,MT5 economic calendar (broker time UTC+3)
2026-08-04 02:50,2026-08-04,JPY,BoJ Monetary Base y/y,MONEY,LOW,Y,-13.8,-13.7,-13.7,MT5 economic calendar (broker time UTC+3)
2026-08-04 04:30,2026-08-04,AUD,ANZ Job Advertisements m/m,JOBS,LOW,Y,2.0,1.1,-0.2,MT5 economic calendar (broker time UTC+3)
2026-08-04 06:35,2026-08-04,JPY,10-Year JGB Auction,MARKET,MODERATE,Y,2.84,0.0,2.729,MT5 economic calendar (broker time UTC+3)
2026-08-04 09:30,2026-08-04,AUD,RBA Index of Commodity Prices y/y,PRICES,LOW,Y,15.4,16.4,16.9,MT5 economic calendar (broker time UTC+3)
2026-08-04 09:45,2026-08-04,EUR,Government Budget Balance,GOVERNMENT,LOW,Y,-106.8,0.0,-93.3,MT5 economic calendar (broker time UTC+3)
2026-08-04 10:00,2026-08-04,EUR,Unemployment Change,JOBS,MODERATE,Y,19.517,-50.784,-28.739,MT5 economic calendar (broker time UTC+3)
2026-08-04 11:00,2026-08-04,BRL,FIPE CPI m/m,PRICES,MODERATE,Y,-0.03,0.31,0.18,MT5 economic calendar (broker time UTC+3)
2026-08-04 11:00,2026-08-04,EUR,Retail Sales m/m,CONSUMER,LOW,Y,-0.1,-0.5,0.2,MT5 economic calendar (broker time UTC+3)
2026-08-04 11:00,2026-08-04,EUR,Retail Sales y/y,CONSUMER,LOW,Y,3.1,0.6,2.2,MT5 economic calendar (broker time UTC+3)
2026-08-04 11:30,2026-08-04,HKD,Retail Sales y/y,CONSUMER,LOW,Y,4.6,10.4,7.9,MT5 economic calendar (broker time UTC+3)
2026-08-04 12:30,2026-08-04,GBP,5-Year Treasury Gilt Auction,MARKET,LOW,Y,4.613,0.0,4.284,MT5 economic calendar (broker time UTC+3)
2026-08-04 12:41,2026-08-04,EUR,2-Year Note Auction,MARKET,LOW,Y,2.78,0.0,2.77,MT5 economic calendar (broker time UTC+3)
2026-08-04 12:43,2026-08-04,EUR,12-Month Letras Auction,MARKET,LOW,Y,2.663,0.0,2.5,MT5 economic calendar (broker time UTC+3)
2026-08-04 12:43,2026-08-04,EUR,6-Month Letras Auction,MARKET,LOW,Y,2.496,0.0,2.385,MT5 economic calendar (broker time UTC+3)
2026-08-04 15:00,2026-08-04,BRL,Industrial Production m/m,BUSINESS,LOW,Y,-1.8,-0.2,-0.2,MT5 economic calendar (broker time UTC+3)
2026-08-04 15:00,2026-08-04,BRL,Industrial Production y/y,BUSINESS,MODERATE,Y,1.7,-0.6,0.2,MT5 economic calendar (broker time UTC+3)
2026-08-04 15:00,2026-08-04,MXN,Consumer Confidence Indicator,CONSUMER,LOW,Y,45.0,44.3,43.8,MT5 economic calendar (broker time UTC+3)
2026-08-04 15:00,2026-08-04,MXN,Consumer Confidence Indicator n.s.a.,CONSUMER,LOW,Y,45.1,0.0,43.8,MT5 economic calendar (broker time UTC+3)
2026-08-04 15:30,2026-08-04,CAD,Exports,TRADE,LOW,Y,77.486,0.0,77.099,MT5 economic calendar (broker time UTC+3)
2026-08-04 15:30,2026-08-04,CAD,Imports,TRADE,LOW,Y,73.631,0.0,72.856,MT5 economic calendar (broker time UTC+3)
2026-08-04 15:30,2026-08-04,CAD,Trade Balance,TRADE,MODERATE,Y,3.855,5.728,4.243,MT5 economic calendar (broker time UTC+3)
2026-08-04 15:30,2026-08-04,USD,Exports,TRADE,MODERATE,Y,314.728,0.0,317.677,MT5 economic calendar (broker time UTC+3)
2026-08-04 15:30,2026-08-04,USD,Imports,TRADE,MODERATE,Y,387.989,0.0,395.263,MT5 economic calendar (broker time UTC+3)
2026-08-04 15:30,2026-08-04,USD,Trade Balance,TRADE,MODERATE,Y,-73.261,-67.134,-77.585,MT5 economic calendar (broker time UTC+3)
2026-08-04 16:30,2026-08-04,CAD,S&P Global Manufacturing PMI,BUSINESS,LOW,Y,53.5,52.3,53.0,MT5 economic calendar (broker time UTC+3)
2026-08-04 17:00,2026-08-04,NZD,GDT Price Index,PRICES,LOW,Y,0.1,0.0,1.5,MT5 economic calendar (broker time UTC+3)
2026-08-04 17:00,2026-08-04,USD,Factory Orders excl. Transportation m/m,BUSINESS,LOW,Y,-0.4,1.1,1.9,MT5 economic calendar (broker time UTC+3)
2026-08-04 17:00,2026-08-04,USD,Factory Orders m/m,BUSINESS,MODERATE,Y,-0.3,0.1,-1.3,MT5 economic calendar (broker time UTC+3)
2026-08-04 17:00,2026-08-04,USD,JOLTS Job Openings,JOBS,HIGH,Y,7.359,6.948,7.594,MT5 economic calendar (broker time UTC+3)
2026-08-04 17:00,2026-08-04,USD,Nondefense Capital Goods Shipments excl. Aircraft m/m,BUSINESS,LOW,Y,2.0,1.9,1.9,MT5 economic calendar (broker time UTC+3)
2026-08-04 18:30,2026-08-04,USD,52-Week Bill Auction,MARKET,LOW,Y,3.88,0.0,3.86,MT5 economic calendar (broker time UTC+3)
2026-08-05 00:00,2026-08-05,KRW,Foreign Exchange Reserves,MONEY,LOW,Y,427.95,432.72,427.36,MT5 economic calendar (broker time UTC+3)
2026-08-05 01:45,2026-08-05,NZD,Employment Change q/q,JOBS,HIGH,Y,2822.4,0.2,0.2,MT5 economic calendar (broker time UTC+3)
2026-08-05 01:45,2026-08-05,NZD,Labor Cost Index q/q,JOBS,LOW,Y,0.7,0.4,0.5,MT5 economic calendar (broker time UTC+3)
2026-08-05 01:45,2026-08-05,NZD,Labor Cost Index y/y,JOBS,LOW,Y,2.1,2.0,2.0,MT5 economic calendar (broker time UTC+3)
2026-08-05 01:45,2026-08-05,NZD,Participation Rate,JOBS,LOW,Y,70.7,70.5,70.4,MT5 economic calendar (broker time UTC+3)
2026-08-05 01:45,2026-08-05,NZD,Unemployment Rate,JOBS,LOW,Y,5.6,5.4,5.3,MT5 economic calendar (broker time UTC+3)
2026-08-05 02:00,2026-08-05,AUD,Ai Group Construction Index,BUSINESS,LOW,Y,-40.6,0.0,-38.1,MT5 economic calendar (broker time UTC+3)
2026-08-05 02:00,2026-08-05,AUD,Ai Group Industry Index,BUSINESS,MODERATE,Y,-29.9,0.0,-30.0,MT5 economic calendar (broker time UTC+3)
2026-08-05 02:00,2026-08-05,AUD,Ai Group Manufacturing Index,BUSINESS,LOW,Y,-19.6,0.0,-16.8,MT5 economic calendar (broker time UTC+3)
2026-08-05 02:00,2026-08-05,AUD,S&P Global Composite PMI,BUSINESS,MODERATE,Y,53.2,0.0,50.4,MT5 economic calendar (broker time UTC+3)
2026-08-05 02:00,2026-08-05,AUD,S&P Global Services PMI,BUSINESS,MODERATE,Y,53.6,58.9,50.5,MT5 economic calendar (broker time UTC+3)
2026-08-05 02:30,2026-08-05,JPY,Labor Cash Earnings y/y,JOBS,LOW,Y,3.4,0.0,2.4,MT5 economic calendar (broker time UTC+3)
2026-08-05 02:30,2026-08-05,JPY,Overtime Pay y/y,JOBS,LOW,Y,2.8,0.0,0.9,MT5 economic calendar (broker time UTC+3)
2026-08-05 02:30,2026-08-05,JPY,Real Wage y/y,JOBS,LOW,Y,1.6,0.0,-0.1,MT5 economic calendar (broker time UTC+3)
2026-08-05 02:50,2026-08-05,JPY,BoJ Monetary Policy Meeting Minutes,MONEY,MODERATE,Y,0.0,0.0,0.0,MT5 economic calendar (broker time UTC+3)
2026-08-05 03:30,2026-08-05,HKD,S&P Global PMI,BUSINESS,LOW,Y,51.0,51.2,52.0,MT5 economic calendar (broker time UTC+3)
2026-08-05 03:30,2026-08-05,JPY,au Jibun Bank Composite PMI,BUSINESS,LOW,Y,52.7,0.0,52.5,MT5 economic calendar (broker time UTC+3)
2026-08-05 03:30,2026-08-05,JPY,au Jibun Bank Services PMI,BUSINESS,MODERATE,Y,51.2,52.6,52.2,MT5 economic calendar (broker time UTC+3)
2026-08-05 03:30,2026-08-05,SGD,S&P Global PMI,BUSINESS,LOW,Y,59.2,0.0,57.4,MT5 economic calendar (broker time UTC+3)
2026-08-05 04:00,2026-08-05,NZD,ANZ Commodity Price Index m/m,PRICES,LOW,Y,-3.9,-1.7,-1.0,MT5 economic calendar (broker time UTC+3)
2026-08-05 04:45,2026-08-05,CNY,Caixin Composite PMI,BUSINESS,MODERATE,Y,50.8,0.0,53.6,MT5 economic calendar (broker time UTC+3)
2026-08-05 04:45,2026-08-05,CNY,Caixin Services PMI,BUSINESS,MODERATE,Y,50.4,53.9,54.1,MT5 economic calendar (broker time UTC+3)
2026-08-05 07:30,2026-08-05,INR,RBI Cash Reserve Ratio,MONEY,LOW,Y,3.0,0.0,3.0,MT5 economic calendar (broker time UTC+3)
2026-08-05 07:30,2026-08-05,INR,RBI Interest Rate Decision,MONEY,MODERATE,Y,5.25,0.0,5.25,MT5 economic calendar (broker time UTC+3)
2026-08-05 07:30,2026-08-05,INR,RBI Reverse REPO Rate Decision,MONEY,LOW,Y,3.35,0.0,3.35,MT5 economic calendar (broker time UTC+3)
2026-08-05 08:00,2026-08-05,INR,S&P Global Composite PMI,BUSINESS,MODERATE,Y,54.3,0.0,57.1,MT5 economic calendar (broker time UTC+3)
2026-08-05 08:00,2026-08-05,INR,S&P Global Services PMI,BUSINESS,LOW,Y,53.3,58.2,57.4,MT5 economic calendar (broker time UTC+3)
2026-08-05 08:00,2026-08-05,SGD,Retail Sales m/m,CONSUMER,LOW,Y,1.0,0.0,-2.3,MT5 economic calendar (broker time UTC+3)
2026-08-05 08:00,2026-08-05,SGD,Retail Sales y/y,CONSUMER,LOW,Y,4.0,0.0,3.0,MT5 economic calendar (broker time UTC+3)
2026-08-05 09:45,2026-08-05,EUR,Industrial Production m/m,BUSINESS,LOW,Y,-0.1,-0.6,0.3,MT5 economic calendar (broker time UTC+3)
2026-08-05 10:15,2026-08-05,EUR,S&P Global Composite PMI,BUSINESS,MODERATE,Y,56.5,0.0,53.3,MT5 economic calendar (broker time UTC+3)
2026-08-05 10:15,2026-08-05,EUR,S&P Global Services PMI,BUSINESS,MODERATE,Y,58.3,52.2,54.2,MT5 economic calendar (broker time UTC+3)
2026-08-05 10:15,2026-08-05,ZAR,S&P Global PMI,BUSINESS,LOW,Y,50.3,50.1,50.5,MT5 economic calendar (broker time UTC+3)
2026-08-05 10:45,2026-08-05,EUR,S&P Global Composite PMI,BUSINESS,LOW,Y,52.5,0.0,50.8,MT5 economic calendar (broker time UTC+3)
2026-08-05 10:45,2026-08-05,EUR,S&P Global Services PMI,BUSINESS,MODERATE,Y,52.5,50.8,50.2,MT5 economic calendar (broker time UTC+3)
2026-08-05 10:50,2026-08-05,EUR,S&P Global Composite PMI,BUSINESS,LOW,Y,49.4,49.6,49.6,MT5 economic calendar (broker time UTC+3)
2026-08-05 10:50,2026-08-05,EUR,S&P Global Services PMI,BUSINESS,MODERATE,Y,49.6,49.8,49.8,MT5 economic calendar (broker time UTC+3)
2026-08-05 10:55,2026-08-05,EUR,S&P Global Composite PMI,BUSINESS,LOW,Y,51.3,51.2,51.2,MT5 economic calendar (broker time UTC+3)
2026-08-05 10:55,2026-08-05,EUR,S&P Global Services PMI,BUSINESS,MODERATE,Y,49.8,49.6,49.6,MT5 economic calendar (broker time UTC+3)
2026-08-05 11:00,2026-08-05,EUR,S&P Global Composite PMI,BUSINESS,MODERATE,Y,52.0,51.9,51.9,MT5 economic calendar (broker time UTC+3)
2026-08-05 11:00,2026-08-05,EUR,S&P Global Services PMI,BUSINESS,MODERATE,Y,51.7,51.6,51.6,MT5 economic calendar (broker time UTC+3)
2026-08-05 11:00,2026-08-05,GBP,New Car Registrations m/m,BUSINESS,LOW,Y,-26.5,0.0,32.7,MT5 economic calendar (broker time UTC+3)
2026-08-05 11:00,2026-08-05,GBP,New Car Registrations y/y,BUSINESS,LOW,Y,11.7,0.0,11.4,MT5 economic calendar (broker time UTC+3)
2026-08-05 11:30,2026-08-05,GBP,S&P Global/CIPS Composite PMI,BUSINESS,MODERATE,Y,52.2,0.0,52.1,MT5 economic calendar (broker time UTC+3)
2026-08-05 11:30,2026-08-05,GBP,S&P Global/CIPS Services PMI,BUSINESS,MODERATE,Y,52.1,51.8,51.8,MT5 economic calendar (broker time UTC+3)
2026-08-05 12:00,2026-08-05,EUR,PPI m/m,PRICES,LOW,Y,-0.3,0.0,0.2,MT5 economic calendar (broker time UTC+3)
2026-08-05 12:00,2026-08-05,EUR,PPI y/y,PRICES,LOW,Y,4.6,1.6,5.9,MT5 economic calendar (broker time UTC+3)
2026-08-05 12:00,2026-08-05,NOK,HPI n.s.a. m/m,HOUSING,LOW,Y,-2.6,0.0,-0.3,MT5 economic calendar (broker time UTC+3)
2026-08-05 12:00,2026-08-05,NOK,HPI s.a. m/m,HOUSING,LOW,Y,-1.1,0.0,0.4,MT5 economic calendar (broker time UTC+3)
2026-08-05 12:00,2026-08-05,NOK,HPI y/y,HOUSING,LOW,Y,2.2,5.0,3.9,MT5 economic calendar (broker time UTC+3)
2026-08-05 12:40,2026-08-05,EUR,10-Year Bond Auction,MARKET,MODERATE,Y,3.01,0.0,3.13,MT5 economic calendar (broker time UTC+3)
2026-08-05 12:40,2026-08-05,EUR,30-Year Bond Auction,MARKET,LOW,Y,3.6,0.0,2.96,MT5 economic calendar (broker time UTC+3)
2026-08-05 12:40,2026-08-05,EUR,5-Year Note Auction,MARKET,LOW,Y,2.71,0.0,2.89,MT5 economic calendar (broker time UTC+3)
2026-08-05 15:00,2026-08-05,MXN,Gross Fixed Investments m/m,BUSINESS,LOW,Y,-0.4,2.4,4.0,MT5 economic calendar (broker time UTC+3)
2026-08-05 15:00,2026-08-05,MXN,Gross Fixed Investments n.s.a. y/y,BUSINESS,LOW,Y,2.4,5.3,5.1,MT5 economic calendar (broker time UTC+3)
2026-08-05 15:15,2026-08-05,USD,ADP Nonfarm Employment Change,JOBS,HIGH,Y,44.0,-12.0,98.0,MT5 economic calendar (broker time UTC+3)
2026-08-05 16:00,2026-08-05,BRL,S&P Global Composite PMI,BUSINESS,LOW,Y,48.8,50.6,50.7,MT5 economic calendar (broker time UTC+3)
2026-08-05 16:00,2026-08-05,BRL,S&P Global Services PMI,BUSINESS,LOW,Y,49.7,51.2,51.3,MT5 economic calendar (broker time UTC+3)
2026-08-05 16:45,2026-08-05,USD,S&P Global Composite PMI,BUSINESS,MODERATE,Y,53.6,53.0,52.2,MT5 economic calendar (broker time UTC+3)
2026-08-05 16:45,2026-08-05,USD,S&P Global Services PMI,BUSINESS,HIGH,Y,54.6,52.7,51.2,MT5 economic calendar (broker time UTC+3)
2026-08-05 17:00,2026-08-05,USD,ISM Non-Manufacturing Business Activity,BUSINESS,LOW,Y,59.1,54.9,55.4,MT5 economic calendar (broker time UTC+3)
2026-08-05 17:00,2026-08-05,USD,ISM Non-Manufacturing Employment,BUSINESS,MODERATE,Y,47.4,51.9,51.2,MT5 economic calendar (broker time UTC+3)
2026-08-05 17:00,2026-08-05,USD,ISM Non-Manufacturing New Orders,BUSINESS,LOW,Y,57.2,56.2,55.1,MT5 economic calendar (broker time UTC+3)
2026-08-05 17:00,2026-08-05,USD,ISM Non-Manufacturing PMI,BUSINESS,HIGH,Y,54.1,54.3,54.0,MT5 economic calendar (broker time UTC+3)
2026-08-05 17:00,2026-08-05,USD,ISM Non-Manufacturing Prices Paid,BUSINESS,HIGH,Y,70.3,62.0,67.7,MT5 economic calendar (broker time UTC+3)
2026-08-05 17:30,2026-08-05,USD,EIA Crude Oil Imports Change,BUSINESS,LOW,Y,0.297,0.469,-0.237,MT5 economic calendar (broker time UTC+3)
2026-08-05 17:30,2026-08-05,USD,EIA Crude Oil Stocks Change,BUSINESS,HIGH,Y,2.479,-1.257,-7.167,MT5 economic calendar (broker time UTC+3)
2026-08-05 17:30,2026-08-05,USD,EIA Cushing Crude Oil Stocks Change,BUSINESS,MODERATE,Y,2.356,0.417,-0.771,MT5 economic calendar (broker time UTC+3)
2026-08-05 17:30,2026-08-05,USD,EIA Distillate Fuel Production Change,BUSINESS,LOW,Y,-0.134,0.035,0.015,MT5 economic calendar (broker time UTC+3)
2026-08-05 17:30,2026-08-05,USD,EIA Distillates Stocks Change,BUSINESS,LOW,Y,-3.473,-0.188,1.062,MT5 economic calendar (broker time UTC+3)
2026-08-05 17:30,2026-08-05,USD,EIA Gasoline Production Change,BUSINESS,LOW,Y,-0.309,0.047,0.178,MT5 economic calendar (broker time UTC+3)
2026-08-05 17:30,2026-08-05,USD,EIA Gasoline Stocks Change,BUSINESS,LOW,Y,-1.643,1.245,0.007,MT5 economic calendar (broker time UTC+3)
2026-08-05 17:30,2026-08-05,USD,EIA Heating Oil Stocks Change,BUSINESS,LOW,Y,-0.144,-0.01,0.308,MT5 economic calendar (broker time UTC+3)
2026-08-05 17:30,2026-08-05,USD,EIA Refinery Crude Oil Daily Inputs Change,BUSINESS,LOW,Y,-0.183,0.0,0.271,MT5 economic calendar (broker time UTC+3)
2026-08-05 17:30,2026-08-05,USD,EIA Refinery Utilization Rate Change,BUSINESS,LOW,Y,-0.7,0.0,1.1,MT5 economic calendar (broker time UTC+3)
2026-08-05 20:30,2026-08-05,BRL,Foreign Exchange Flows,MONEY,LOW,Y,2.814,-0.578,-1.065,MT5 economic calendar (broker time UTC+3)
2026-08-05 23:05,2026-08-05,USD,Fed Governor Cook Speech,MONEY,MODERATE,Y,0.0,0.0,0.0,MT5 economic calendar (broker time UTC+3)
2026-08-06 00:00,2026-08-06,BRL,BCB Interest Rate Decision,MONEY,MODERATE,Y,14.0,0.0,14.25,MT5 economic calendar (broker time UTC+3)
2026-08-06 02:00,2026-08-06,KRW,Current Account,TRADE,LOW,Y,49.73,43.58,38.61,MT5 economic calendar (broker time UTC+3)
2026-08-06 02:50,2026-08-06,JPY,Foreign Bond Investment,GOVERNMENT,LOW,Y,477.9,0.0,-811.4,MT5 economic calendar (broker time UTC+3)
2026-08-06 02:50,2026-08-06,JPY,Foreign Investment in Japan Stocks,GOVERNMENT,LOW,Y,-392.5,0.0,912.1,MT5 economic calendar (broker time UTC+3)
2026-08-06 04:30,2026-08-06,AUD,Exports m/m,TRADE,LOW,Y,9.6,0.0,-6.9,MT5 economic calendar (broker time UTC+3)
2026-08-06 04:30,2026-08-06,AUD,Imports m/m,TRADE,LOW,Y,-0.2,0.0,2.6,MT5 economic calendar (broker time UTC+3)
2026-08-06 04:30,2026-08-06,AUD,Trade Balance,TRADE,MODERATE,Y,1.929,0.932,-3.018,MT5 economic calendar (broker time UTC+3)
2026-08-06 06:35,2026-08-06,JPY,30-Year JGB Auction,MARKET,LOW,Y,3.937,0.0,3.993,MT5 economic calendar (broker time UTC+3)
2026-08-06 08:45,2026-08-06,CHF,Unemployment Rate,JOBS,LOW,Y,3.1,3.1,3.1,MT5 economic calendar (broker time UTC+3)
2026-08-06 08:45,2026-08-06,CHF,Unemployment Rate n.s.a.,JOBS,LOW,Y,3.0,2.9,2.9,MT5 economic calendar (broker time UTC+3)
2026-08-06 10:00,2026-08-06,EUR,Industrial Production y/y,BUSINESS,LOW,Y,1.1,4.0,3.4,MT5 economic calendar (broker time UTC+3)
2026-08-06 10:30,2026-08-06,EUR,S&P Global Construction PMI,BUSINESS,LOW,Y,41.5,0.0,38.2,MT5 economic calendar (broker time UTC+3)
2026-08-06 11:00,2026-08-06,EUR,ECB Economic Bulletin,MONEY,MODERATE,Y,0.0,0.0,0.0,MT5 economic calendar (broker time UTC+3)
2026-08-06 11:00,2026-08-06,EUR,Industrial Production m/m,BUSINESS,LOW,Y,-1.0,-1.7,-0.3,MT5 economic calendar (broker time UTC+3)
2026-08-06 11:00,2026-08-06,EUR,Industrial Production y/y,BUSINESS,LOW,Y,-0.6,0.4,1.1,MT5 economic calendar (broker time UTC+3)
2026-08-06 11:30,2026-08-06,GBP,S&P Global/CIPS Construction PMI,BUSINESS,MODERATE,Y,44.7,39.0,38.4,MT5 economic calendar (broker time UTC+3)
2026-08-06 12:00,2026-08-06,EUR,10-Year OAT Auction,MARKET,LOW,Y,3.86,0.0,3.68,MT5 economic calendar (broker time UTC+3)
2026-08-06 12:00,2026-08-06,EUR,Retail Sales m/m,CONSUMER,LOW,Y,-0.3,0.1,0.2,MT5 economic calendar (broker time UTC+3)
2026-08-06 12:00,2026-08-06,EUR,Retail Sales y/y,CONSUMER,LOW,Y,0.7,0.8,1.6,MT5 economic calendar (broker time UTC+3)
2026-08-06 12:49,2026-08-06,EUR,5-Year Bonos Auction,MARKET,LOW,Y,3.005,0.0,2.835,MT5 economic calendar (broker time UTC+3)
2026-08-06 12:50,2026-08-06,EUR,10-Year Obligacion Auction,MARKET,LOW,Y,3.542,0.0,3.157,MT5 economic calendar (broker time UTC+3)
2026-08-06 13:00,2026-08-06,EUR,New Car Registrations m/m,BUSINESS,LOW,Y,-9.6,0.0,23.8,MT5 economic calendar (broker time UTC+3)
2026-08-06 13:00,2026-08-06,EUR,New Car Registrations y/y,BUSINESS,LOW,Y,1.2,0.0,15.7,MT5 economic calendar (broker time UTC+3)
2026-08-06 15:30,2026-08-06,USD,Continuing Jobless Claims,JOBS,MODERATE,Y,1.801,1.772,1.782,MT5 economic calendar (broker time UTC+3)
2026-08-06 15:30,2026-08-06,USD,Initial Jobless Claims,JOBS,HIGH,Y,199.0,196.0,197.0,MT5 economic calendar (broker time UTC+3)
2026-08-06 15:30,2026-08-06,USD,Initial Jobless Claims 4-Week Average,JOBS,LOW,Y,198.75,200.345,202.75,MT5 economic calendar (broker time UTC+3)
2026-08-06 15:30,2026-08-06,USD,Nonfarm Productivity q/q,JOBS,MODERATE,Y,1.4,1.4,0.3,MT5 economic calendar (broker time UTC+3)
2026-08-06 15:30,2026-08-06,USD,Unit Labor Costs q/q,JOBS,MODERATE,Y,1.3,0.4,1.8,MT5 economic calendar (broker time UTC+3)
2026-08-06 17:00,2026-08-06,USD,Wholesale Inventories m/m,BUSINESS,LOW,Y,0.2,0.3,0.3,MT5 economic calendar (broker time UTC+3)
2026-08-06 17:00,2026-08-06,USD,Wholesale Sales m/m,BUSINESS,LOW,Y,-3.0,0.1,3.4,MT5 economic calendar (broker time UTC+3)
2026-08-06 17:30,2026-08-06,USD,EIA Natural Gas Storage Change,BUSINESS,LOW,Y,33.0,6.0,28.0,MT5 economic calendar (broker time UTC+3)
2026-08-06 18:30,2026-08-06,USD,4-Week Bill Auction,MARKET,LOW,Y,3.64,0.0,3.63,MT5 economic calendar (broker time UTC+3)
2026-08-06 18:30,2026-08-06,USD,8-Week Bill Auction,MARKET,LOW,Y,3.71,0.0,3.675,MT5 economic calendar (broker time UTC+3)
2026-08-06 19:00,2026-08-06,SGD,Foreign Exchange Reserves,MONEY,LOW,Y,427.867,419.444,426.2,MT5 economic calendar (broker time UTC+3)
2026-08-06 21:00,2026-08-06,BRL,Trade Balance,TRADE,LOW,Y,7.067,6.702,9.758,MT5 economic calendar (broker time UTC+3)
2026-08-06 22:00,2026-08-06,MXN,Bank of Mexico Interest Rate Decision,MONEY,MODERATE,Y,6.5,0.0,6.5,MT5 economic calendar (broker time UTC+3)
2026-08-07 02:30,2026-08-07,JPY,Household Spending m/m,CONSUMER,MODERATE,Y,-6.4,0.9,3.7,MT5 economic calendar (broker time UTC+3)
2026-08-07 02:30,2026-08-07,JPY,Household Spending y/y,CONSUMER,MODERATE,Y,-3.3,-1.8,-0.4,MT5 economic calendar (broker time UTC+3)
2026-08-07 02:50,2026-08-07,JPY,International Reserves,MONEY,LOW,Y,1287.1,0.0,1287.5,MT5 economic calendar (broker time UTC+3)
2026-08-07 08:00,2026-08-07,JPY,Coincident Index,BUSINESS,LOW,Y,118.2,116.1,117.9,MT5 economic calendar (broker time UTC+3)
2026-08-07 08:00,2026-08-07,JPY,Coincident Index m/m,BUSINESS,LOW,Y,0.3,0.0,-0.2,MT5 economic calendar (broker time UTC+3)
2026-08-07 08:00,2026-08-07,JPY,Leading Index,BUSINESS,LOW,Y,116.4,116.0,116.5,MT5 economic calendar (broker time UTC+3)
2026-08-07 08:00,2026-08-07,JPY,Leading Index m/m,BUSINESS,LOW,Y,0.0,0.0,0.4,MT5 economic calendar (broker time UTC+3)
2026-08-07 08:30,2026-08-07,EUR,Unemployment Rate,JOBS,LOW,Y,8.3,8.3,8.1,MT5 economic calendar (broker time UTC+3)
2026-08-07 09:00,2026-08-07,NOK,Industrial Production m/m,BUSINESS,LOW,Y,7.6,-0.5,-1.0,MT5 economic calendar (broker time UTC+3)
2026-08-07 09:00,2026-08-07,NOK,Industrial Production y/y,BUSINESS,LOW,Y,9.1,-3.4,0.5,MT5 economic calendar (broker time UTC+3)
2026-08-07 09:00,2026-08-07,NOK,Manufacturing Production m/m,BUSINESS,LOW,Y,-1.0,-1.2,0.7,MT5 economic calendar (broker time UTC+3)
2026-08-07 09:00,2026-08-07,NOK,Manufacturing Production y/y,BUSINESS,LOW,Y,0.7,-0.3,2.2,MT5 economic calendar (broker time UTC+3)
2026-08-07 09:00,2026-08-07,ZAR,Gross International Reserves,MONEY,LOW,Y,73.451,72.04,74.115,MT5 economic calendar (broker time UTC+3)
2026-08-07 09:00,2026-08-07,ZAR,Net International Reserves,MONEY,LOW,Y,71.761,69.765,71.338,MT5 economic calendar (broker time UTC+3)
2026-08-07 09:45,2026-08-07,EUR,Exports,TRADE,LOW,Y,54.537,0.0,53.581,MT5 economic calendar (broker time UTC+3)
2026-08-07 09:45,2026-08-07,EUR,Imports,TRADE,LOW,Y,60.384,0.0,60.509,MT5 economic calendar (broker time UTC+3)
2026-08-07 09:45,2026-08-07,EUR,Trade Balance,TRADE,LOW,Y,-5.847,-9.72,-6.928,MT5 economic calendar (broker time UTC+3)
2026-08-07 10:00,2026-08-07,CHF,Consumer Climate,CONSUMER,LOW,Y,-35.0,-36.0,-40.0,MT5 economic calendar (broker time UTC+3)
2026-08-07 10:00,2026-08-07,CHF,Foreign Currency Reserves,MONEY,LOW,Y,768.26,0.0,758.794,MT5 economic calendar (broker time UTC+3)
2026-08-07 11:29,2026-08-07,CNY,Foreign Exchange Reserves,MONEY,LOW,Y,3.419,3.41,3.416,MT5 economic calendar (broker time UTC+3)
2026-08-07 11:30,2026-08-07,HKD,Foreign Exchange Reserves,MONEY,LOW,Y,447.8,446.2,445.9,MT5 economic calendar (broker time UTC+3)
2026-08-07 14:00,2026-08-07,BRL,FGV IGP-DI Inflation Index m/m,PRICES,LOW,Y,-0.86,0.16,-0.79,MT5 economic calendar (broker time UTC+3)
2026-08-07 14:30,2026-08-07,INR,Bank Loan Growth y/y,MONEY,LOW,Y,17.7,18.2,17.7,MT5 economic calendar (broker time UTC+3)
2026-08-07 14:30,2026-08-07,INR,Deposit Growth y/y,MONEY,LOW,Y,12.7,12.7,12.7,MT5 economic calendar (broker time UTC+3)
2026-08-07 14:30,2026-08-07,INR,Foreign Exchange Reserves,MONEY,LOW,Y,692.866,686.281,682.354,MT5 economic calendar (broker time UTC+3)
2026-08-07 15:00,2026-08-07,MXN,CPI m/m,PRICES,MODERATE,Y,0.03,0.19,-0.27,MT5 economic calendar (broker time UTC+3)
2026-08-07 15:00,2026-08-07,MXN,CPI y/y,PRICES,MODERATE,Y,3.12,4.02,3.37,MT5 economic calendar (broker time UTC+3)
2026-08-07 15:00,2026-08-07,MXN,Core CPI m/m,PRICES,LOW,Y,0.23,0.27,0.24,MT5 economic calendar (broker time UTC+3)
2026-08-07 15:30,2026-08-07,CAD,Employment Change,JOBS,MODERATE,Y,75.1,7.1,18.2,MT5 economic calendar (broker time UTC+3)
2026-08-07 15:30,2026-08-07,CAD,Full-Time Employment Change,JOBS,LOW,Y,38.6,0.0,0.6,MT5 economic calendar (broker time UTC+3)
2026-08-07 15:30,2026-08-07,CAD,Part-Time Employment Change,JOBS,LOW,Y,36.6,0.0,17.5,MT5 economic calendar (broker time UTC+3)
2026-08-07 15:30,2026-08-07,CAD,Participation Rate,JOBS,LOW,Y,65.1,65.0,65.0,MT5 economic calendar (broker time UTC+3)
2026-08-07 15:30,2026-08-07,CAD,Unemployment Rate,JOBS,MODERATE,Y,6.4,6.6,6.5,MT5 economic calendar (broker time UTC+3)
2026-08-07 15:30,2026-08-07,USD,Average Hourly Earnings m/m,JOBS,HIGH,Y,0.1,0.3,0.3,MT5 economic calendar (broker time UTC+3)
2026-08-07 15:30,2026-08-07,USD,Average Hourly Earnings y/y,JOBS,MODERATE,Y,3.2,3.5,3.5,MT5 economic calendar (broker time UTC+3)
2026-08-07 15:30,2026-08-07,USD,Average Weekly Hours,JOBS,LOW,Y,34.3,34.3,34.3,MT5 economic calendar (broker time UTC+3)
2026-08-07 15:30,2026-08-07,USD,Government Payrolls,JOBS,LOW,Y,-53.0,2.0,8.0,MT5 economic calendar (broker time UTC+3)
2026-08-07 15:30,2026-08-07,USD,Manufacturing Payrolls,JOBS,LOW,Y,5.0,1.0,3.0,MT5 economic calendar (broker time UTC+3)
2026-08-07 15:30,2026-08-07,USD,Nonfarm Payrolls,JOBS,HIGH,Y,-23.0,41.0,57.0,MT5 economic calendar (broker time UTC+3)
2026-08-07 15:30,2026-08-07,USD,Participation Rate,JOBS,MODERATE,Y,61.4,61.7,61.5,MT5 economic calendar (broker time UTC+3)
2026-08-07 15:30,2026-08-07,USD,Private Nonfarm Payrolls,JOBS,MODERATE,Y,30.0,40.0,49.0,MT5 economic calendar (broker time UTC+3)
2026-08-07 15:30,2026-08-07,USD,U6 Unemployment Rate,JOBS,MODERATE,Y,7.9,7.9,7.9,MT5 economic calendar (broker time UTC+3)
2026-08-07 15:30,2026-08-07,USD,Unemployment Rate,JOBS,HIGH,Y,4.1,4.2,4.2,MT5 economic calendar (broker time UTC+3)
2026-08-07 17:00,2026-08-07,BRL,ANFAVEA Auto Production m/m,BUSINESS,LOW,Y,3.1,0.0,-3.0,MT5 economic calendar (broker time UTC+3)
2026-08-07 17:00,2026-08-07,BRL,ANFAVEA Auto Sales m/m,BUSINESS,LOW,Y,2.6,0.0,-0.8,MT5 economic calendar (broker time UTC+3)
2026-08-07 17:00,2026-08-07,CAD,Ivey PMI,BUSINESS,MODERATE,Y,55.1,51.3,48.4,MT5 economic calendar (broker time UTC+3)
2026-08-07 17:00,2026-08-07,CAD,Ivey PMI n.s.a.,BUSINESS,MODERATE,Y,54.1,0.0,44.5,MT5 economic calendar (broker time UTC+3)
2026-08-07 20:00,2026-08-07,USD,Baker Hughes US Oil Rig Count,BUSINESS,MODERATE,Y,454.0,0.0,451.0,MT5 economic calendar (broker time UTC+3)
2026-08-07 20:00,2026-08-07,USD,Baker Hughes US Total Rig Count,BUSINESS,MODERATE,Y,588.0,0.0,588.0,MT5 economic calendar (broker time UTC+3)
2026-08-07 22:00,2026-08-07,USD,Fed Consumer Credit m/m,CONSUMER,MODERATE,Y,14.17,11.44,-0.18,MT5 economic calendar (broker time UTC+3)
2026-08-07 22:30,2026-08-07,AUD,CFTC AUD Non-Commercial Net Positions,MARKET,MODERATE,Y,-33.2,0.0,-40.0,MT5 economic calendar (broker time UTC+3)
2026-08-07 22:30,2026-08-07,BRL,CFTC BRL Non-Commercial Net Positions,MARKET,MODERATE,Y,64.0,0.0,39.5,MT5 economic calendar (broker time UTC+3)
2026-08-07 22:30,2026-08-07,CAD,CFTC CAD Non-Commercial Net Positions,MARKET,LOW,Y,-179.1,0.0,-176.3,MT5 economic calendar (broker time UTC+3)
2026-08-07 22:30,2026-08-07,CHF,CFTC CHF Non-Commercial Net Positions,MARKET,LOW,Y,-32.8,0.0,-33.5,MT5 economic calendar (broker time UTC+3)
2026-08-07 22:30,2026-08-07,EUR,CFTC EUR Non-Commercial Net Positions,MARKET,MODERATE,Y,-58.1,0.0,-72.4,MT5 economic calendar (broker time UTC+3)
2026-08-07 22:30,2026-08-07,GBP,CFTC GBP Non-Commercial Net Positions,MARKET,MODERATE,Y,-57.8,0.0,-64.8,MT5 economic calendar (broker time UTC+3)
2026-08-07 22:30,2026-08-07,JPY,CFTC JPY Non-Commercial Net Positions,MARKET,MODERATE,Y,-45.5,0.0,-163.4,MT5 economic calendar (broker time UTC+3)
2026-08-07 22:30,2026-08-07,MXN,CFTC MXN Non-Commercial Net Positions,MARKET,LOW,Y,76.5,0.0,72.5,MT5 economic calendar (broker time UTC+3)
2026-08-07 22:30,2026-08-07,NZD,CFTC NZD Non-Commercial Net Positions,MARKET,LOW,Y,-41.2,0.0,-47.7,MT5 economic calendar (broker time UTC+3)
2026-08-07 22:30,2026-08-07,USD,CFTC Aluminium Non-Commercial Net Positions,MARKET,LOW,Y,-0.9,0.0,-0.7,MT5 economic calendar (broker time UTC+3)
2026-08-07 22:30,2026-08-07,USD,CFTC Copper Non-Commercial Net Positions,MARKET,LOW,Y,77.1,0.0,67.3,MT5 economic calendar (broker time UTC+3)
2026-08-07 22:30,2026-08-07,USD,CFTC Corn Non-Commercial Net Positions,MARKET,LOW,Y,255.1,0.0,254.3,MT5 economic calendar (broker time UTC+3)
2026-08-07 22:30,2026-08-07,USD,CFTC Crude Oil Non-Commercial Net Positions,MARKET,MODERATE,Y,112.4,0.0,120.1,MT5 economic calendar (broker time UTC+3)
2026-08-07 22:30,2026-08-07,USD,CFTC Gold Non-Commercial Net Positions,MARKET,MODERATE,Y,197.6,0.0,182.1,MT5 economic calendar (broker time UTC+3)
2026-08-07 22:30,2026-08-07,USD,CFTC Nasdaq 100 Non-Commercial Net Positions,MARKET,MODERATE,Y,-14.6,0.0,4.9,MT5 economic calendar (broker time UTC+3)
2026-08-07 22:30,2026-08-07,USD,CFTC Natural Gas Non-Commercial Net Positions,MARKET,LOW,Y,-197.5,0.0,-190.8,MT5 economic calendar (broker time UTC+3)
2026-08-07 22:30,2026-08-07,USD,CFTC S&P 500 Non-Commercial Net Positions,MARKET,MODERATE,Y,-27.3,0.0,-17.2,MT5 economic calendar (broker time UTC+3)
2026-08-07 22:30,2026-08-07,USD,CFTC Silver Non-Commercial Net Positions,MARKET,LOW,Y,22.3,0.0,22.2,MT5 economic calendar (broker time UTC+3)
2026-08-07 22:30,2026-08-07,USD,CFTC Soybeans Non-Commercial Net Positions,MARKET,LOW,Y,175.5,0.0,211.8,MT5 economic calendar (broker time UTC+3)
2026-08-07 22:30,2026-08-07,USD,CFTC Wheat Non-Commercial Net Positions,MARKET,LOW,Y,-14.8,0.0,-2.0,MT5 economic calendar (broker time UTC+3)
2026-08-07 22:30,2026-08-07,ZAR,CFTC ZAR Non-Commercial Net Positions,MARKET,LOW,Y,5.0,0.0,6.9,MT5 economic calendar (broker time UTC+3)
2026-08-08 19:45,2026-08-08,USD,Fed Governor Bowman Speech,MONEY,MODERATE,Y,0.0,0.0,0.0,MT5 economic calendar (broker time UTC+3)
2026-08-09 00:00,2026-08-09,SGD,National Day,HOLIDAYS,NONE,Y,0.0,0.0,0.0,MT5 economic calendar (broker time UTC+3)
2026-08-09 00:00,2026-08-09,ZAR,National Women's Day,HOLIDAYS,NONE,Y,0.0,0.0,0.0,MT5 economic calendar (broker time UTC+3)
2026-08-09 04:30,2026-08-09,CNY,CPI m/m,PRICES,MODERATE,Y,-0.1,0.2,-0.3,MT5 economic calendar (broker time UTC+3)
2026-08-09 04:30,2026-08-09,CNY,CPI y/y,PRICES,MODERATE,Y,0.5,0.8,1.0,MT5 economic calendar (broker time UTC+3)
2026-08-09 04:30,2026-08-09,CNY,PPI y/y,PRICES,MODERATE,Y,3.5,2.9,4.1,MT5 economic calendar (broker time UTC+3)
2026-08-10 00:00,2026-08-10,SGD,National Day,HOLIDAYS,NONE,Y,0.0,0.0,0.0,MT5 economic calendar (broker time UTC+3)
2026-08-10 00:00,2026-08-10,ZAR,National Women's Day,HOLIDAYS,NONE,Y,0.0,0.0,0.0,MT5 economic calendar (broker time UTC+3)
2026-08-10 02:50,2026-08-10,JPY,Adjusted Current Account,TRADE,MODERATE,Y,1396.9,3421.0,3064.5,MT5 economic calendar (broker time UTC+3)
2026-08-10 02:50,2026-08-10,JPY,BoJ Bank Lending y/y,GOVERNMENT,LOW,Y,5.4,5.7,5.7,MT5 economic calendar (broker time UTC+3)
2026-08-10 02:50,2026-08-10,JPY,BoJ Summary of Opinions,MONEY,MODERATE,Y,0.0,0.0,0.0,MT5 economic calendar (broker time UTC+3)
2026-08-10 02:50,2026-08-10,JPY,Current Account n.s.a.,TRADE,MODERATE,Y,-92.3,2290.8,3968.3,MT5 economic calendar (broker time UTC+3)
2026-08-10 02:50,2026-08-10,JPY,Goods Trade Balance,TRADE,LOW,Y,-135.2,586.9,6.9,MT5 economic calendar (broker time UTC+3)
2026-08-10 08:00,2026-08-10,JPY,Economy Watchers Index for Current Conditions,MONEY,LOW,Y,0.0,43.6,44.0,MT5 economic calendar (broker time UTC+3)
2026-08-10 08:00,2026-08-10,JPY,Economy Watchers Index for Future Conditions,MONEY,LOW,Y,0.0,43.9,45.7,MT5 economic calendar (broker time UTC+3)
2026-08-10 09:00,2026-08-10,NOK,CPI m/m,PRICES,LOW,Y,0.0,-0.1,-0.2,MT5 economic calendar (broker time UTC+3)
2026-08-10 09:00,2026-08-10,NOK,CPI y/y,PRICES,LOW,Y,3.0,3.0,2.7,MT5 economic calendar (broker time UTC+3)
2026-08-10 09:00,2026-08-10,NOK,Core CPI m/m,PRICES,LOW,Y,0.8,0.2,-0.1,MT5 economic calendar (broker time UTC+3)
2026-08-10 09:00,2026-08-10,NOK,Core CPI y/y,PRICES,LOW,Y,2.7,2.9,2.7,MT5 economic calendar (broker time UTC+3)
2026-08-10 09:00,2026-08-10,NOK,PPI m/m,PRICES,LOW,Y,8.9,0.0,-7.1,MT5 economic calendar (broker time UTC+3)
2026-08-10 09:00,2026-08-10,NOK,PPI y/y,PRICES,LOW,Y,23.4,12.3,14.9,MT5 economic calendar (broker time UTC+3)
2026-08-10 09:00,2026-08-10,SEK,Industrial New Orders m/m,BUSINESS,LOW,Y,1.6,16.2,4.8,MT5 economic calendar (broker time UTC+3)
2026-08-10 09:00,2026-08-10,SEK,Industrial New Orders y/y,BUSINESS,LOW,Y,29.9,124.3,1.3,MT5 economic calendar (broker time UTC+3)
2026-08-10 09:00,2026-08-10,SEK,Industrial Production m/m,BUSINESS,LOW,Y,-0.4,8.1,0.2,MT5 economic calendar (broker time UTC+3)
2026-08-10 09:00,2026-08-10,SEK,Industrial Production y/y,BUSINESS,LOW,Y,-1.5,2.6,7.0,MT5 economic calendar (broker time UTC+3)
2026-08-10 09:00,2026-08-10,SEK,Private Sector Production m/m,BUSINESS,LOW,Y,0.4,0.0,0.6,MT5 economic calendar (broker time UTC+3)
2026-08-10 09:00,2026-08-10,SEK,Private Sector Production y/y,BUSINESS,LOW,Y,1.8,0.0,5.2,MT5 economic calendar (broker time UTC+3)
2026-08-10 11:30,2026-08-10,EUR,Sentix Investor Confidence,BUSINESS,LOW,Y,0.9,-4.9,-3.1,MT5 economic calendar (broker time UTC+3)
2026-08-10 14:30,2026-08-10,BRL,BCB Focus Market Report,MONEY,MODERATE,Y,0.0,0.0,0.0,MT5 economic calendar (broker time UTC+3)
2026-08-10 15:56,2026-08-10,EUR,12-Month BTF Auction,MARKET,LOW,Y,2.752,0.0,2.738,MT5 economic calendar (broker time UTC+3)
2026-08-10 15:56,2026-08-10,EUR,3-Month BTF Auction,MARKET,LOW,Y,2.448,0.0,2.448,MT5 economic calendar (broker time UTC+3)
2026-08-10 15:56,2026-08-10,EUR,6-Month BTF Auction,MARKET,LOW,Y,2.579,0.0,2.585,MT5 economic calendar (broker time UTC+3)
2026-08-10 17:00,2026-08-10,USD,CB Employment Trends Index,JOBS,LOW,Y,107.71,106.34,106.69,MT5 economic calendar (broker time UTC+3)
2026-08-10 18:30,2026-08-10,USD,3-Month Bill Auction,MARKET,LOW,Y,3.735,0.0,3.75,MT5 economic calendar (broker time UTC+3)
2026-08-10 18:30,2026-08-10,USD,6-Month Bill Auction,MARKET,LOW,Y,3.83,0.0,3.855,MT5 economic calendar (broker time UTC+3)
2026-08-11 00:00,2026-08-11,JPY,Mountain Day,HOLIDAYS,NONE,Y,0.0,0.0,0.0,MT5 economic calendar (broker time UTC+3)
2026-08-11 03:00,2026-08-11,SGD,GDP q/q,GDP,LOW,Y,1.4,0.0,1.1,MT5 economic calendar (broker time UTC+3)
2026-08-11 03:00,2026-08-11,SGD,GDP y/y,GDP,LOW,Y,5.9,0.0,5.7,MT5 economic calendar (broker time UTC+3)
2026-08-11 07:30,2026-08-11,AUD,RBA Interest Rate Decision,MONEY,HIGH,Y,4.35,0.0,4.35,MT5 economic calendar (broker time UTC+3)
2026-08-11 07:30,2026-08-11,AUD,RBA Monetary Policy Statement,MONEY,MODERATE,Y,0.0,0.0,0.0,MT5 economic calendar (broker time UTC+3)
2026-08-11 07:30,2026-08-11,AUD,RBA Rate Statement,MONEY,MODERATE,Y,0.0,0.0,0.0,MT5 economic calendar (broker time UTC+3)
2026-08-11 11:00,2026-08-11,EUR,Trade Balance,TRADE,LOW,Y,4.232,4.069,4.793,MT5 economic calendar (broker time UTC+3)
2026-08-11 11:00,2026-08-11,EUR,Trade Balance EU,TRADE,LOW,Y,1.577,0.0,0.845,MT5 economic calendar (broker time UTC+3)
2026-08-11 12:30,2026-08-11,ZAR,Unemployment,JOBS,LOW,Y,8.481,-0.843,8.137,MT5 economic calendar (broker time UTC+3)
2026-08-11 12:30,2026-08-11,ZAR,Unemployment Rate,JOBS,LOW,Y,32.7,32.0,31.4,MT5 economic calendar (broker time UTC+3)
2026-08-11 12:41,2026-08-11,EUR,5-Year Note Auction,MARKET,LOW,Y,2.93,0.0,2.71,MT5 economic calendar (broker time UTC+3)
2026-08-11 13:04,2026-08-11,EUR,3-Month Letras Auction,MARKET,LOW,Y,2.387,0.0,2.366,MT5 economic calendar (broker time UTC+3)
2026-08-11 13:04,2026-08-11,EUR,9-Month Letras Auction,MARKET,LOW,Y,2.605,0.0,2.623,MT5 economic calendar (broker time UTC+3)
2026-08-11 14:00,2026-08-11,BRL,BCB MPC (Copom) Minutes,MONEY,MODERATE,Y,0.0,0.0,0.0,MT5 economic calendar (broker time UTC+3)
2026-08-11 14:00,2026-08-11,ZAR,Manufacturing Production m/m,BUSINESS,LOW,Y,0.9,-0.6,1.1,MT5 economic calendar (broker time UTC+3)
2026-08-11 14:00,2026-08-11,ZAR,Manufacturing Production y/y,BUSINESS,LOW,Y,-1.7,-1.0,-4.3,MT5 economic calendar (broker time UTC+3)
2026-08-11 15:00,2026-08-11,BRL,CPI m/m,PRICES,LOW,Y,0.07,0.32,0.16,MT5 economic calendar (broker time UTC+3)
2026-08-11 15:00,2026-08-11,BRL,CPI s.a. m/m,PRICES,LOW,Y,0.17,0.0,0.23,MT5 economic calendar (broker time UTC+3)
2026-08-11 15:00,2026-08-11,BRL,CPI y/y,PRICES,MODERATE,Y,4.44,4.89,4.64,MT5 economic calendar (broker time UTC+3)
2026-08-11 15:00,2026-08-11,MXN,Industrial Production m/m,BUSINESS,LOW,Y,0.2,0.1,-0.8,MT5 economic calendar (broker time UTC+3)
2026-08-11 15:00,2026-08-11,MXN,Industrial Production n.s.a. y/y,BUSINESS,LOW,Y,1.7,0.5,-0.7,MT5 economic calendar (broker time UTC+3)
2026-08-11 17:00,2026-08-11,USD,Existing Home Sales,HOUSING,HIGH,Y,4.06,4.0,4.09,MT5 economic calendar (broker time UTC+3)
2026-08-11 17:00,2026-08-11,USD,Existing Home Sales m/m,HOUSING,MODERATE,Y,-1.7,-0.6,-2.4,MT5 economic calendar (broker time UTC+3)
2026-08-11 19:00,2026-08-11,USD,EIA Short-Term Energy Outlook,BUSINESS,MODERATE,Y,0.0,0.0,0.0,MT5 economic calendar (broker time UTC+3)
2026-08-11 19:00,2026-08-11,USD,NFIB Small Business Optimism,BUSINESS,LOW,Y,0.0,98.6,97.4,MT5 economic calendar (broker time UTC+3)
2026-08-11 20:00,2026-08-11,USD,3-Year Note Auction,MARKET,MODERATE,Y,0.0,0.0,4.179,MT5 economic calendar (broker time UTC+3)
2026-08-12 02:00,2026-08-12,KRW,Unemployment Rate,JOBS,LOW,Y,2.8,2.2,2.7,MT5 economic calendar (broker time UTC+3)
2026-08-12 02:50,2026-08-12,JPY,BoJ L Money Stock y/y,MONEY,HIGH,Y,4.4,5.1,4.5,MT5 economic calendar (broker time UTC+3)
2026-08-12 02:50,2026-08-12,JPY,BoJ M2 Money Stock y/y,MONEY,LOW,Y,2.2,2.4,2.2,MT5 economic calendar (broker time UTC+3)
2026-08-12 02:50,2026-08-12,JPY,BoJ M3 Money Stock y/y,MONEY,LOW,Y,1.4,0.0,1.5,MT5 economic calendar (broker time UTC+3)
2026-08-12 04:30,2026-08-12,AUD,RBA Chart Pack,MONEY,LOW,Y,0.0,0.0,0.0,MT5 economic calendar (broker time UTC+3)
2026-08-12 07:30,2026-08-12,NOK,Consumer Confidence,CONSUMER,LOW,Y,-16.6,-5.7,-20.0,MT5 economic calendar (broker time UTC+3)
2026-08-12 09:00,2026-08-12,JPY,Machine Tool Orders y/y,BUSINESS,LOW,Y,0.0,0.0,52.8,MT5 economic calendar (broker time UTC+3)
2026-08-12 09:00,2026-08-12,SEK,Household Consumption m/m,CONSUMER,LOW,Y,4.3,0.0,1.4,MT5 economic calendar (broker time UTC+3)
2026-08-12 09:00,2026-08-12,SEK,Household Consumption y/y,CONSUMER,LOW,Y,1.6,0.0,4.1,MT5 economic calendar (broker time UTC+3)
2026-08-12 11:00,2026-08-12,ALL,IEA Monthly Oil Market Report,BUSINESS,MODERATE,Y,0.0,0.0,0.0,MT5 economic calendar (broker time UTC+3)
2026-08-12 11:00,2026-08-12,EUR,CPI FOI excl. Tobacco m/m,PRICES,LOW,Y,0.3,-0.5,0.0,MT5 economic calendar (broker time UTC+3)
2026-08-12 11:00,2026-08-12,EUR,CPI FOI excl. Tobacco y/y,PRICES,LOW,Y,2.8,1.0,2.9,MT5 economic calendar (broker time UTC+3)
2026-08-12 11:00,2026-08-12,EUR,CPI m/m,PRICES,LOW,Y,0.3,0.2,0.2,MT5 economic calendar (broker time UTC+3)
2026-08-12 11:00,2026-08-12,EUR,CPI y/y,PRICES,LOW,Y,2.9,2.8,2.8,MT5 economic calendar (broker time UTC+3)
2026-08-12 11:00,2026-08-12,EUR,HICP m/m,PRICES,LOW,Y,-1.0,-1.0,-1.0,MT5 economic calendar (broker time UTC+3)
2026-08-12 11:00,2026-08-12,EUR,HICP y/y,PRICES,LOW,Y,2.9,2.9,2.9,MT5 economic calendar (broker time UTC+3)
2026-08-12 12:34,2026-08-12,EUR,12-Month BOT Auction,MARKET,LOW,Y,2.768,0.0,2.69,MT5 economic calendar (broker time UTC+3)
2026-08-12 12:51,2026-08-12,EUR,10-Year Bond Auction,MARKET,MODERATE,Y,3.29,0.0,3.01,MT5 economic calendar (broker time UTC+3)
2026-08-12 12:51,2026-08-12,EUR,30-Year Bond Auction,MARKET,LOW,Y,3.65,0.0,3.6,MT5 economic calendar (broker time UTC+3)
2026-08-12 13:30,2026-08-12,INR,CFPI m/m,PRICES,LOW,Y,0.0,0.0,1.71,MT5 economic calendar (broker time UTC+3)
2026-08-12 13:30,2026-08-12,INR,CFPI y/y,PRICES,LOW,Y,0.0,0.0,5.32,MT5 economic calendar (broker time UTC+3)
2026-08-12 13:30,2026-08-12,INR,CPI m/m,PRICES,LOW,Y,0.0,0.0,1.03,MT5 economic calendar (broker time UTC+3)
2026-08-12 13:30,2026-08-12,INR,CPI y/y,PRICES,MODERATE,Y,0.0,4.64,4.38,MT5 economic calendar (broker time UTC+3)
2026-08-12 13:30,2026-08-12,INR,RBI M3 Money Supply y/y,MONEY,LOW,Y,14.7,12.6,12.5,MT5 economic calendar (broker time UTC+3)
2026-08-12 15:00,2026-08-12,BRL,Services Volume m/m,BUSINESS,LOW,Y,0.0,0.1,-0.4,MT5 economic calendar (broker time UTC+3)
2026-08-12 15:00,2026-08-12,BRL,Services Volume y/y,BUSINESS,LOW,Y,2.0,1.7,0.4,MT5 economic calendar (broker time UTC+3)
2026-08-12 15:30,2026-08-12,CAD,Building Permits m/m,BUSINESS,MODERATE,Y,18.5,4.0,-1.7,MT5 economic calendar (broker time UTC+3)
2026-08-12 15:30,2026-08-12,EUR,Current Account n.s.a.,TRADE,LOW,Y,0.0,16.4,10.4,MT5 economic calendar (broker time UTC+3)
2026-08-12 15:30,2026-08-12,USD,CPI,PRICES,HIGH,Y,332.813,332.398,332.568,MT5 economic calendar (broker time UTC+3)
2026-08-12 15:30,2026-08-12,USD,CPI m/m,PRICES,HIGH,Y,0.1,0.2,-0.4,MT5 economic calendar (broker time UTC+3)
2026-08-12 15:30,2026-08-12,USD,CPI n.s.a.,PRICES,LOW,Y,333.918,331.48,333.952,MT5 economic calendar (broker time UTC+3)
2026-08-12 15:30,2026-08-12,USD,CPI n.s.a. m/m,PRICES,LOW,Y,0.0,0.0,-0.3,MT5 economic calendar (broker time UTC+3)
2026-08-12 15:30,2026-08-12,USD,CPI y/y,PRICES,HIGH,Y,3.4,2.7,3.5,MT5 economic calendar (broker time UTC+3)
2026-08-12 15:30,2026-08-12,USD,Core CPI,PRICES,LOW,Y,336.789,336.511,336.065,MT5 economic calendar (broker time UTC+3)
2026-08-12 15:30,2026-08-12,USD,Core CPI m/m,PRICES,HIGH,Y,0.2,0.2,0.0,MT5 economic calendar (broker time UTC+3)
2026-08-12 15:30,2026-08-12,USD,Core CPI n.s.a.,PRICES,LOW,Y,337.133,0.0,336.882,MT5 economic calendar (broker time UTC+3)
2026-08-12 15:30,2026-08-12,USD,Core CPI n.s.a. m/m,PRICES,HIGH,Y,0.1,0.0,0.0,MT5 economic calendar (broker time UTC+3)
2026-08-12 15:30,2026-08-12,USD,Core CPI y/y,PRICES,MODERATE,Y,2.5,2.6,2.6,MT5 economic calendar (broker time UTC+3)
2026-08-12 15:30,2026-08-12,USD,Real Earnings m/m,JOBS,LOW,Y,0.0,0.0,0.8,MT5 economic calendar (broker time UTC+3)
2026-08-12 17:30,2026-08-12,USD,EIA Crude Oil Imports Change,BUSINESS,LOW,Y,1.768,-0.217,0.297,MT5 economic calendar (broker time UTC+3)
2026-08-12 17:30,2026-08-12,USD,EIA Crude Oil Stocks Change,BUSINESS,HIGH,Y,17.423,6.059,2.479,MT5 economic calendar (broker time UTC+3)
2026-08-12 17:30,2026-08-12,USD,EIA Cushing Crude Oil Stocks Change,BUSINESS,MODERATE,Y,1.611,0.744,2.356,MT5 economic calendar (broker time UTC+3)
2026-08-12 17:30,2026-08-12,USD,EIA Distillate Fuel Production Change,BUSINESS,LOW,Y,0.05,0.018,-0.134,MT5 economic calendar (broker time UTC+3)
2026-08-12 17:30,2026-08-12,USD,EIA Distillates Stocks Change,BUSINESS,LOW,Y,-0.01,0.533,-3.473,MT5 economic calendar (broker time UTC+3)
2026-08-12 17:30,2026-08-12,USD,EIA Gasoline Production Change,BUSINESS,LOW,Y,-0.001,-0.168,-0.309,MT5 economic calendar (broker time UTC+3)
2026-08-12 17:30,2026-08-12,USD,EIA Gasoline Stocks Change,BUSINESS,LOW,Y,-0.968,-0.062,-1.643,MT5 economic calendar (broker time UTC+3)
2026-08-12 17:30,2026-08-12,USD,EIA Heating Oil Stocks Change,BUSINESS,LOW,Y,0.192,0.022,-0.144,MT5 economic calendar (broker time UTC+3)
2026-08-12 17:30,2026-08-12,USD,EIA Refinery Crude Oil Daily Inputs Change,BUSINESS,LOW,Y,0.026,0.0,-0.183,MT5 economic calendar (broker time UTC+3)
2026-08-12 17:30,2026-08-12,USD,EIA Refinery Utilization Rate Change,BUSINESS,LOW,Y,-0.3,0.0,-0.7,MT5 economic calendar (broker time UTC+3)
2026-08-12 18:00,2026-08-12,USD,Cleveland Fed Median CPI m/m,PRICES,LOW,Y,0.3,0.2,0.2,MT5 economic calendar (broker time UTC+3)
2026-08-12 19:00,2026-08-12,USD,WASDE Report,BUSINESS,MODERATE,Y,0.0,0.0,0.0,MT5 economic calendar (broker time UTC+3)
2026-08-12 20:00,2026-08-12,USD,10-Year Note Auction,MARKET,HIGH,Y,0.0,0.0,4.58,MT5 economic calendar (broker time UTC+3)
2026-08-12 20:30,2026-08-12,BRL,Foreign Exchange Flows,MONEY,LOW,Y,0.652,-0.28,2.814,MT5 economic calendar (broker time UTC+3)
2026-08-12 21:00,2026-08-12,USD,Federal Budget Balance,GOVERNMENT,MODERATE,Y,432.3,-310.4,-120.3,MT5 economic calendar (broker time UTC+3)
2026-08-13 02:50,2026-08-13,JPY,BoJ Corporate Goods Price Index m/m,PRICES,LOW,Y,0.1,0.9,0.4,MT5 economic calendar (broker time UTC+3)
2026-08-13 02:50,2026-08-13,JPY,BoJ Corporate Goods Price Index y/y,PRICES,LOW,Y,7.2,8.1,7.1,MT5 economic calendar (broker time UTC+3)
2026-08-13 06:00,2026-08-13,NZD,RBNZ 2-Year Inflation Expectations,PRICES,MODERATE,Y,0.0,0.0,2.53,MT5 economic calendar (broker time UTC+3)
2026-08-13 07:00,2026-08-13,SEK,Registered Unemployment Rate,JOBS,LOW,Y,6.5,6.4,6.4,MT5 economic calendar (broker time UTC+3)
2026-08-13 09:00,2026-08-13,GBP,Business Investment q/q,BUSINESS,MODERATE,Y,1.7,2.6,0.7,MT5 economic calendar (broker time UTC+3)
2026-08-13 09:00,2026-08-13,GBP,Business Investment y/y,BUSINESS,LOW,Y,0.8,5.1,-1.8,MT5 economic calendar (broker time UTC+3)
2026-08-13 09:00,2026-08-13,GBP,Construction Output m/m,BUSINESS,LOW,Y,-0.1,0.0,0.1,MT5 economic calendar (broker time UTC+3)
2026-08-13 09:00,2026-08-13,GBP,Construction Output y/y,BUSINESS,LOW,Y,-2.3,-1.1,-1.0,MT5 economic calendar (broker time UTC+3)
2026-08-13 09:00,2026-08-13,GBP,GDP 3m/3m,GDP,MODERATE,Y,0.4,0.0,0.7,MT5 economic calendar (broker time UTC+3)
2026-08-13 09:00,2026-08-13,GBP,GDP m/m,GDP,HIGH,Y,0.3,0.0,-0.1,MT5 economic calendar (broker time UTC+3)
2026-08-13 09:00,2026-08-13,GBP,GDP q/q,GDP,HIGH,Y,0.4,0.3,0.6,MT5 economic calendar (broker time UTC+3)
2026-08-13 09:00,2026-08-13,GBP,GDP y/y,GDP,HIGH,Y,1.2,1.1,1.1,MT5 economic calendar (broker time UTC+3)
2026-08-13 09:00,2026-08-13,GBP,Index of Services,CONSUMER,LOW,Y,0.5,0.6,0.8,MT5 economic calendar (broker time UTC+3)
2026-08-13 09:00,2026-08-13,GBP,Industrial Production m/m,BUSINESS,MODERATE,Y,-0.2,-1.7,0.0,MT5 economic calendar (broker time UTC+3)
2026-08-13 09:00,2026-08-13,GBP,Industrial Production y/y,BUSINESS,LOW,Y,-0.2,0.7,-0.2,MT5 economic calendar (broker time UTC+3)
2026-08-13 09:00,2026-08-13,GBP,Manufacturing Production m/m,BUSINESS,MODERATE,Y,-0.5,-0.2,0.4,MT5 economic calendar (broker time UTC+3)
2026-08-13 09:00,2026-08-13,GBP,Manufacturing Production y/y,BUSINESS,LOW,Y,0.5,0.0,1.0,MT5 economic calendar (broker time UTC+3)
2026-08-13 09:00,2026-08-13,GBP,Trade Balance,TRADE,MODERATE,Y,-23.007,-28.734,-26.046,MT5 economic calendar (broker time UTC+3)
2026-08-13 09:00,2026-08-13,GBP,Trade Balance Non-EU,TRADE,MODERATE,Y,-10.448,-8.781,-13.05,MT5 economic calendar (broker time UTC+3)
2026-08-13 09:00,2026-08-13,SEK,CPI m/m,PRICES,MODERATE,Y,-0.3,0.9,0.4,MT5 economic calendar (broker time UTC+3)
2026-08-13 09:00,2026-08-13,SEK,CPI y/y,PRICES,MODERATE,Y,0.2,0.4,0.7,MT5 economic calendar (broker time UTC+3)
2026-08-13 09:00,2026-08-13,SEK,CPIF m/m,PRICES,LOW,Y,-0.3,-0.6,0.3,MT5 economic calendar (broker time UTC+3)
2026-08-13 09:00,2026-08-13,SEK,CPIF y/y,PRICES,LOW,Y,0.7,1.5,1.3,MT5 economic calendar (broker time UTC+3)
2026-08-13 09:00,2026-08-13,SEK,HICP m/m,PRICES,LOW,Y,-0.4,0.0,0.4,MT5 economic calendar (broker time UTC+3)
2026-08-13 09:00,2026-08-13,SEK,HICP y/y,PRICES,LOW,Y,0.3,0.0,1.0,MT5 economic calendar (broker time UTC+3)
2026-08-13 09:30,2026-08-13,CHF,PPI m/m,PRICES,LOW,Y,-0.1,-0.5,-0.3,MT5 economic calendar (broker time UTC+3)
2026-08-13 09:30,2026-08-13,CHF,PPI y/y,PRICES,LOW,Y,-2.1,-2.1,-2.1,MT5 economic calendar (broker time UTC+3)
2026-08-13 10:00,2026-08-13,EUR,CPI m/m,PRICES,LOW,Y,0.0,0.2,0.2,MT5 economic calendar (broker time UTC+3)
2026-08-13 10:00,2026-08-13,EUR,CPI y/y,PRICES,MODERATE,Y,0.0,3.5,3.5,MT5 economic calendar (broker time UTC+3)
2026-08-13 10:00,2026-08-13,EUR,HICP m/m,PRICES,LOW,Y,0.0,-0.1,-0.1,MT5 economic calendar (broker time UTC+3)
2026-08-13 10:00,2026-08-13,EUR,HICP y/y,PRICES,MODERATE,Y,0.0,3.8,3.8,MT5 economic calendar (broker time UTC+3)
2026-08-13 12:00,2026-08-13,EUR,Industrial Production m/m,BUSINESS,MODERATE,Y,0.0,-0.1,-0.2,MT5 economic calendar (broker time UTC+3)
2026-08-13 12:00,2026-08-13,EUR,Industrial Production y/y,BUSINESS,LOW,Y,0.1,-1.4,-1.2,MT5 economic calendar (broker time UTC+3)
2026-08-13 12:30,2026-08-13,ZAR,Gold Production y/y,BUSINESS,LOW,Y,6.2,-0.5,-4.3,MT5 economic calendar (broker time UTC+3)
2026-08-13 12:30,2026-08-13,ZAR,Mining Production m/m,BUSINESS,LOW,Y,0.3,0.5,-5.2,MT5 economic calendar (broker time UTC+3)
2026-08-13 12:30,2026-08-13,ZAR,Mining Production y/y,BUSINESS,LOW,Y,-4.0,-5.9,-5.4,MT5 economic calendar (broker time UTC+3)
2026-08-13 14:00,2026-08-13,GBP,NIESR GDP Estimate,GDP,LOW,Y,0.0,0.5,0.4,MT5 economic calendar (broker time UTC+3)
2026-08-13 15:00,2026-08-13,BRL,Retail Sales m/m,CONSUMER,MODERATE,Y,0.5,1.0,0.1,MT5 economic calendar (broker time UTC+3)
2026-08-13 15:00,2026-08-13,BRL,Retail Sales y/y,CONSUMER,MODERATE,Y,2.9,1.7,0.4,MT5 economic calendar (broker time UTC+3)
2026-08-13 15:30,2026-08-13,USD,Continuing Jobless Claims,JOBS,MODERATE,Y,1.777,1.777,1.801,MT5 economic calendar (broker time UTC+3)
2026-08-13 15:30,2026-08-13,USD,Core PPI m/m,PRICES,MODERATE,Y,0.2,0.2,0.2,MT5 economic calendar (broker time UTC+3)
2026-08-13 15:30,2026-08-13,USD,Core PPI y/y,PRICES,LOW,Y,4.2,4.8,4.7,MT5 economic calendar (broker time UTC+3)
2026-08-13 15:30,2026-08-13,USD,Initial Jobless Claims,JOBS,HIGH,Y,209.0,213.0,199.0,MT5 economic calendar (broker time UTC+3)
2026-08-13 15:30,2026-08-13,USD,Initial Jobless Claims 4-Week Average,JOBS,LOW,Y,199.0,197.29,198.75,MT5 economic calendar (broker time UTC+3)
2026-08-13 15:30,2026-08-13,USD,PPI m/m,PRICES,HIGH,Y,0.0,0.5,-0.3,MT5 economic calendar (broker time UTC+3)
2026-08-13 15:30,2026-08-13,USD,PPI y/y,PRICES,LOW,Y,4.7,6.1,5.5,MT5 economic calendar (broker time UTC+3)
2026-08-13 17:30,2026-08-13,USD,EIA Natural Gas Storage Change,BUSINESS,LOW,Y,36.0,23.0,33.0,MT5 economic calendar (broker time UTC+3)
2026-08-13 18:30,2026-08-13,USD,4-Week Bill Auction,MARKET,LOW,Y,3.625,0.0,3.64,MT5 economic calendar (broker time UTC+3)
2026-08-13 18:30,2026-08-13,USD,8-Week Bill Auction,MARKET,LOW,Y,3.665,0.0,3.71,MT5 economic calendar (broker time UTC+3)
2026-08-13 20:00,2026-08-13,USD,30-Year Bond Auction,MARKET,HIGH,Y,5.216,0.0,5.058,MT5 economic calendar (broker time UTC+3)
2026-08-14 00:00,2026-08-14,KRW,Export Price Index y/y,PRICES,LOW,Y,49.1,52.6,48.9,MT5 economic calendar (broker time UTC+3)
2026-08-14 00:00,2026-08-14,KRW,Import Price Index y/y,PRICES,LOW,Y,18.7,11.8,20.6,MT5 economic calendar (broker time UTC+3)
2026-08-14 01:30,2026-08-14,NZD,BusinessNZ Manufacturing Index,BUSINESS,MODERATE,Y,54.3,56.5,59.7,MT5 economic calendar (broker time UTC+3)
2026-08-14 01:45,2026-08-14,NZD,Net Permanent & Long-Term Migration,JOBS,LOW,Y,1.61,2.032,1.86,MT5 economic calendar (broker time UTC+3)
2026-08-14 01:45,2026-08-14,NZD,Visitor Arrivals m/m,JOBS,LOW,Y,-0.1,0.8,-2.4,MT5 economic calendar (broker time UTC+3)
2026-08-14 01:45,2026-08-14,NZD,Visitor Arrivals y/y,JOBS,LOW,Y,8.1,9.2,6.7,MT5 economic calendar (broker time UTC+3)
2026-08-14 02:50,2026-08-14,JPY,Foreign Bond Investment,GOVERNMENT,LOW,Y,1629.4,0.0,477.9,MT5 economic calendar (broker time UTC+3)
2026-08-14 02:50,2026-08-14,JPY,Foreign Investment in Japan Stocks,GOVERNMENT,LOW,Y,-368.5,0.0,-392.5,MT5 economic calendar (broker time UTC+3)
2026-08-14 04:00,2026-08-14,CNY,PBC M2 Money Stock y/y,MONEY,LOW,Y,7.7,8.0,8.0,MT5 economic calendar (broker time UTC+3)
2026-08-14 04:00,2026-08-14,CNY,PBC New Loans,MONEY,MODERATE,Y,-0.34,0.591,1.61,MT5 economic calendar (broker time UTC+3)
2026-08-14 04:00,2026-08-14,CNY,PBC Outstanding Loan Growth y/y,MONEY,LOW,Y,5.1,5.1,5.2,MT5 economic calendar (broker time UTC+3)
2026-08-14 04:30,2026-08-14,AUD,Home Loans m/m,HOUSING,LOW,Y,-1.9,1.5,-4.3,MT5 economic calendar (broker time UTC+3)
2026-08-14 04:30,2026-08-14,AUD,Investment Housing Loans m/m,HOUSING,LOW,Y,-10.2,0.0,-3.0,MT5 economic calendar (broker time UTC+3)
2026-08-14 06:00,2026-08-14,KRW,BOK M2 Money Supply y/y,MONEY,LOW,Y,9.4,10.2,9.2,MT5 economic calendar (broker time UTC+3)
2026-08-14 09:30,2026-08-14,INR,WPI Food y/y,PRICES,LOW,Y,0.0,4.87,4.49,MT5 economic calendar (broker time UTC+3)
2026-08-14 09:30,2026-08-14,INR,WPI Fuel & Energy y/y,PRICES,LOW,Y,0.0,35.68,30.33,MT5 economic calendar (broker time UTC+3)
2026-08-14 09:30,2026-08-14,INR,WPI Manufactured Products y/y,PRICES,LOW,Y,0.0,9.78,7.48,MT5 economic calendar (broker time UTC+3)
2026-08-14 09:30,2026-08-14,INR,WPI y/y,PRICES,MODERATE,Y,0.0,11.48,9.68,MT5 economic calendar (broker time UTC+3)
2026-08-14 09:45,2026-08-14,EUR,CPI m/m,PRICES,MODERATE,Y,0.6,0.6,0.6,MT5 economic calendar (broker time UTC+3)
2026-08-14 09:45,2026-08-14,EUR,CPI y/y,PRICES,LOW,Y,2.1,2.1,2.1,MT5 economic calendar (broker time UTC+3)
2026-08-14 09:45,2026-08-14,EUR,HICP m/m,PRICES,MODERATE,Y,0.6,0.6,0.6,MT5 economic calendar (broker time UTC+3)
2026-08-14 09:45,2026-08-14,EUR,HICP y/y,PRICES,LOW,Y,2.4,2.4,2.4,MT5 economic calendar (broker time UTC+3)
2026-08-14 11:30,2026-08-14,HKD,GDP q/q,GDP,LOW,Y,-0.6,-0.6,-0.6,MT5 economic calendar (broker time UTC+3)
2026-08-14 11:30,2026-08-14,HKD,GDP y/y,GDP,LOW,Y,4.3,4.3,4.3,MT5 economic calendar (broker time UTC+3)
2026-08-14 12:00,2026-08-14,EUR,Employment Change q/q,JOBS,LOW,Y,0.1,0.1,0.1,MT5 economic calendar (broker time UTC+3)
2026-08-14 12:00,2026-08-14,EUR,Employment Change y/y,JOBS,LOW,Y,0.5,0.6,0.5,MT5 economic calendar (broker time UTC+3)
2026-08-14 12:00,2026-08-14,EUR,Employment Level,JOBS,MODERATE,Y,176.577,0.0,176.412,MT5 economic calendar (broker time UTC+3)
2026-08-14 12:00,2026-08-14,EUR,GDP q/q,GDP,MODERATE,Y,0.4,0.4,0.4,MT5 economic calendar (broker time UTC+3)
2026-08-14 12:00,2026-08-14,EUR,GDP y/y,GDP,MODERATE,Y,1.0,1.0,1.0,MT5 economic calendar (broker time UTC+3)
2026-08-14 12:00,2026-08-14,EUR,Trade Balance,TRADE,MODERATE,Y,1.8,6.9,-5.0,MT5 economic calendar (broker time UTC+3)
2026-08-14 12:00,2026-08-14,EUR,Trade Balance n.s.a.,TRADE,MODERATE,Y,8.6,3.9,-7.8,MT5 economic calendar (broker time UTC+3)
2026-08-14 13:00,2026-08-14,EUR,Official Reserve Assets,MONEY,LOW,Y,1752.5,0.0,1755.45,MT5 economic calendar (broker time UTC+3)
2026-08-14 14:00,2026-08-14,INR,Exports,TRADE,LOW,Y,0.0,39.36,40.4,MT5 economic calendar (broker time UTC+3)
2026-08-14 14:00,2026-08-14,INR,Imports,TRADE,LOW,Y,0.0,67.45,70.84,MT5 economic calendar (broker time UTC+3)
2026-08-14 14:00,2026-08-14,INR,Trade Balance,TRADE,LOW,Y,0.0,-29.77,-30.43,MT5 economic calendar (broker time UTC+3)
2026-08-14 14:30,2026-08-14,INR,Foreign Exchange Reserves,MONEY,LOW,Y,707.002,694.582,692.866,MT5 economic calendar (broker time UTC+3)
2026-08-14 15:30,2026-08-14,CAD,Manufacturing Sales m/m,BUSINESS,LOW,Y,0.1,-0.8,1.3,MT5 economic calendar (broker time UTC+3)
2026-08-14 15:30,2026-08-14,CAD,Wholesale Trade m/m,BUSINESS,MODERATE,Y,2.8,0.3,0.0,MT5 economic calendar (broker time UTC+3)
2026-08-14 15:30,2026-08-14,USD,Core Retail Sales m/m,CONSUMER,HIGH,Y,-0.3,0.1,-0.2,MT5 economic calendar (broker time UTC+3)
2026-08-14 15:30,2026-08-14,USD,Retail Control m/m,CONSUMER,MODERATE,Y,-0.4,-0.1,0.5,MT5 economic calendar (broker time UTC+3)
2026-08-14 15:30,2026-08-14,USD,Retail Sales excl. Autos and Gas m/m,CONSUMER,LOW,Y,-0.2,0.3,0.4,MT5 economic calendar (broker time UTC+3)
2026-08-14 15:30,2026-08-14,USD,Retail Sales m/m,CONSUMER,HIGH,Y,-0.6,0.0,0.2,MT5 economic calendar (broker time UTC+3)
2026-08-14 15:30,2026-08-14,USD,Retail Sales y/y,CONSUMER,LOW,Y,5.0,6.5,6.7,MT5 economic calendar (broker time UTC+3)
2026-08-14 17:00,2026-08-14,USD,Business Inventories m/m,BUSINESS,MODERATE,Y,0.0,0.4,0.3,MT5 economic calendar (broker time UTC+3)
2026-08-14 17:00,2026-08-14,USD,Michigan 5-Year Inflation Expectations,PRICES,MODERATE,Y,3.3,3.4,3.3,MT5 economic calendar (broker time UTC+3)
2026-08-14 17:00,2026-08-14,USD,Michigan Consumer Expectations,CONSUMER,MODERATE,Y,50.6,56.5,55.4,MT5 economic calendar (broker time UTC+3)
2026-08-14 17:00,2026-08-14,USD,Michigan Consumer Sentiment,CONSUMER,MODERATE,Y,51.0,56.4,55.2,MT5 economic calendar (broker time UTC+3)
2026-08-14 17:00,2026-08-14,USD,Michigan Current Conditions,CONSUMER,LOW,Y,51.8,57.6,54.8,MT5 economic calendar (broker time UTC+3)
2026-08-14 17:00,2026-08-14,USD,Michigan Inflation Expectations,PRICES,MODERATE,Y,4.3,3.7,4.2,MT5 economic calendar (broker time UTC+3)
2026-08-14 17:00,2026-08-14,USD,Retail Inventories excl. Autos m/m,CONSUMER,MODERATE,Y,-0.4,0.0,-0.2,MT5 economic calendar (broker time UTC+3)
2026-08-14 17:00,2026-08-14,USD,Retail Inventories m/m,CONSUMER,MODERATE,Y,-0.2,0.0,0.0,MT5 economic calendar (broker time UTC+3)
2026-08-14 20:00,2026-08-14,USD,Baker Hughes US Oil Rig Count,BUSINESS,MODERATE,Y,455.0,0.0,454.0,MT5 economic calendar (broker time UTC+3)
2026-08-14 20:00,2026-08-14,USD,Baker Hughes US Total Rig Count,BUSINESS,MODERATE,Y,593.0,0.0,588.0,MT5 economic calendar (broker time UTC+3)
2026-08-14 22:30,2026-08-14,AUD,CFTC AUD Non-Commercial Net Positions,MARKET,MODERATE,Y,-39.2,0.0,-33.2,MT5 economic calendar (broker time UTC+3)
2026-08-14 22:30,2026-08-14,BRL,CFTC BRL Non-Commercial Net Positions,MARKET,MODERATE,Y,66.3,0.0,64.0,MT5 economic calendar (broker time UTC+3)
2026-08-14 22:30,2026-08-14,CAD,CFTC CAD Non-Commercial Net Positions,MARKET,LOW,Y,-173.4,0.0,-179.1,MT5 economic calendar (broker time UTC+3)
2026-08-14 22:30,2026-08-14,CHF,CFTC CHF Non-Commercial Net Positions,MARKET,LOW,Y,-32.5,0.0,-32.8,MT5 economic calendar (broker time UTC+3)
2026-08-14 22:30,2026-08-14,EUR,CFTC EUR Non-Commercial Net Positions,MARKET,MODERATE,Y,-60.0,0.0,-58.1,MT5 economic calendar (broker time UTC+3)
2026-08-14 22:30,2026-08-14,GBP,CFTC GBP Non-Commercial Net Positions,MARKET,MODERATE,Y,-56.2,0.0,-57.8,MT5 economic calendar (broker time UTC+3)
2026-08-14 22:30,2026-08-14,JPY,CFTC JPY Non-Commercial Net Positions,MARKET,MODERATE,Y,-42.1,0.0,-45.5,MT5 economic calendar (broker time UTC+3)
2026-08-14 22:30,2026-08-14,MXN,CFTC MXN Non-Commercial Net Positions,MARKET,LOW,Y,83.7,0.0,76.5,MT5 economic calendar (broker time UTC+3)
2026-08-14 22:30,2026-08-14,NZD,CFTC NZD Non-Commercial Net Positions,MARKET,LOW,Y,-39.6,0.0,-41.2,MT5 economic calendar (broker time UTC+3)
2026-08-14 22:30,2026-08-14,USD,CFTC Aluminium Non-Commercial Net Positions,MARKET,LOW,Y,-0.8,0.0,-0.9,MT5 economic calendar (broker time UTC+3)
2026-08-14 22:30,2026-08-14,USD,CFTC Copper Non-Commercial Net Positions,MARKET,LOW,Y,80.4,0.0,77.1,MT5 economic calendar (broker time UTC+3)
2026-08-14 22:30,2026-08-14,USD,CFTC Corn Non-Commercial Net Positions,MARKET,LOW,Y,244.9,0.0,255.1,MT5 economic calendar (broker time UTC+3)
2026-08-14 22:30,2026-08-14,USD,CFTC Crude Oil Non-Commercial Net Positions,MARKET,MODERATE,Y,99.2,0.0,112.4,MT5 economic calendar (broker time UTC+3)
2026-08-14 22:30,2026-08-14,USD,CFTC Gold Non-Commercial Net Positions,MARKET,MODERATE,Y,217.9,0.0,197.6,MT5 economic calendar (broker time UTC+3)
2026-08-14 22:30,2026-08-14,USD,CFTC Nasdaq 100 Non-Commercial Net Positions,MARKET,MODERATE,Y,-39.3,0.0,-14.6,MT5 economic calendar (broker time UTC+3)
2026-08-14 22:30,2026-08-14,USD,CFTC Natural Gas Non-Commercial Net Positions,MARKET,LOW,Y,-197.1,0.0,-197.5,MT5 economic calendar (broker time UTC+3)
2026-08-14 22:30,2026-08-14,USD,CFTC S&P 500 Non-Commercial Net Positions,MARKET,MODERATE,Y,11.3,0.0,-27.3,MT5 economic calendar (broker time UTC+3)
2026-08-14 22:30,2026-08-14,USD,CFTC Silver Non-Commercial Net Positions,MARKET,LOW,Y,23.6,0.0,22.3,MT5 economic calendar (broker time UTC+3)
2026-08-14 22:30,2026-08-14,USD,CFTC Soybeans Non-Commercial Net Positions,MARKET,LOW,Y,159.9,0.0,175.5,MT5 economic calendar (broker time UTC+3)
2026-08-14 22:30,2026-08-14,USD,CFTC Wheat Non-Commercial Net Positions,MARKET,LOW,Y,-24.9,0.0,-14.8,MT5 economic calendar (broker time UTC+3)
2026-08-14 22:30,2026-08-14,ZAR,CFTC ZAR Non-Commercial Net Positions,MARKET,LOW,Y,6.2,0.0,5.0,MT5 economic calendar (broker time UTC+3)
2026-08-15 00:00,2026-08-15,EUR,Assumption of Mary,HOLIDAYS,NONE,Y,0.0,0.0,0.0,MT5 economic calendar (broker time UTC+3)
2026-08-15 00:00,2026-08-15,INR,Independence Day,HOLIDAYS,NONE,Y,0.0,0.0,0.0,MT5 economic calendar (broker time UTC+3)
2026-08-15 00:00,2026-08-15,KRW,National Liberation Day,HOLIDAYS,NONE,Y,0.0,0.0,0.0,MT5 economic calendar (broker time UTC+3)
2026-08-17 00:00,2026-08-17,KRW,National Liberation Day,HOLIDAYS,NONE,Y,0.0,0.0,0.0,MT5 economic calendar (broker time UTC+3)
2026-08-17 01:30,2026-08-17,NZD,BusinessNZ Services Index,BUSINESS,LOW,Y,50.6,0.0,50.6,MT5 economic calendar (broker time UTC+3)
2026-08-17 01:45,2026-08-17,NZD,Electronic Card Retail Sales m/m,CONSUMER,MODERATE,Y,1.3,-0.3,-1.4,MT5 economic calendar (broker time UTC+3)
2026-08-17 01:45,2026-08-17,NZD,Electronic Card Retail Sales y/y,CONSUMER,LOW,Y,3.4,1.5,1.3,MT5 economic calendar (broker time UTC+3)
2026-08-17 01:45,2026-08-17,NZD,Food Price Index m/m,PRICES,LOW,Y,0.1,0.6,0.6,MT5 economic calendar (broker time UTC+3)
2026-08-17 02:50,2026-08-17,JPY,GDP Price Index y/y,PRICES,MODERATE,Y,2.6,3.2,3.2,MT5 economic calendar (broker time UTC+3)
2026-08-17 02:50,2026-08-17,JPY,GDP q/q,GDP,HIGH,Y,0.3,0.1,0.5,MT5 economic calendar (broker time UTC+3)
2026-08-17 02:50,2026-08-17,JPY,GDP y/y,GDP,MODERATE,Y,1.1,0.5,1.8,MT5 economic calendar (broker time UTC+3)
2026-08-17 02:50,2026-08-17,JPY,Net Exports Contribution to GDP q/q,GDP,MODERATE,Y,0.5,0.4,0.3,MT5 economic calendar (broker time UTC+3)
2026-08-17 02:50,2026-08-17,JPY,Private Consumption q/q,GDP,LOW,Y,0.0,-0.2,0.3,MT5 economic calendar (broker time UTC+3)
2026-08-17 02:50,2026-08-17,JPY,Private Non-Residential Investment q/q,GDP,LOW,Y,-1.2,-0.2,-0.7,MT5 economic calendar (broker time UTC+3)
2026-08-17 03:30,2026-08-17,SGD,Non-Oil Domestic Exports m/m,TRADE,LOW,Y,-0.3,-7.6,-8.9,MT5 economic calendar (broker time UTC+3)
2026-08-17 03:30,2026-08-17,SGD,Non-Oil Domestic Exports y/y,TRADE,LOW,Y,24.2,31.3,20.7,MT5 economic calendar (broker time UTC+3)
2026-08-17 03:30,2026-08-17,SGD,Trade Balance,TRADE,LOW,Y,10.725,5.759,13.817,MT5 economic calendar (broker time UTC+3)
2026-08-17 05:00,2026-08-17,CNY,Fixed Asset Investment y/y,BUSINESS,MODERATE,Y,-6.7,-6.3,-5.7,MT5 economic calendar (broker time UTC+3)
2026-08-17 05:00,2026-08-17,CNY,Industrial Production YTD y/y,BUSINESS,MODERATE,Y,5.3,0.0,5.4,MT5 economic calendar (broker time UTC+3)
2026-08-17 05:00,2026-08-17,CNY,Industrial Production y/y,BUSINESS,MODERATE,Y,4.5,4.9,5.3,MT5 economic calendar (broker time UTC+3)
2026-08-17 05:00,2026-08-17,CNY,NBS Press Conference on Economic Situation,MONEY,MODERATE,Y,0.0,0.0,0.0,MT5 economic calendar (broker time UTC+3)
2026-08-17 05:00,2026-08-17,CNY,Retail Sales YTD y/y,CONSUMER,LOW,Y,1.2,0.0,1.3,MT5 economic calendar (broker time UTC+3)
2026-08-17 05:00,2026-08-17,CNY,Retail Sales y/y,CONSUMER,LOW,Y,0.6,1.8,1.0,MT5 economic calendar (broker time UTC+3)
2026-08-17 05:00,2026-08-17,CNY,Unemployment Rate,JOBS,MODERATE,Y,5.2,5.0,5.0,MT5 economic calendar (broker time UTC+3)
2026-08-17 05:00,2026-08-17,KRW,Exports y/y,TRADE,LOW,Y,63.0,62.8,62.8,MT5 economic calendar (broker time UTC+3)
2026-08-17 05:00,2026-08-17,KRW,Imports y/y,TRADE,LOW,Y,26.5,26.5,26.5,MT5 economic calendar (broker time UTC+3)
2026-08-17 05:00,2026-08-17,KRW,Trade Balance,TRADE,LOW,Y,30.392,30.324,30.324,MT5 economic calendar (broker time UTC+3)
2026-08-17 07:30,2026-08-17,JPY,Capacity Utilization Rate,BUSINESS,LOW,Y,4.1,-0.9,0.1,MT5 economic calendar (broker time UTC+3)
2026-08-17 07:30,2026-08-17,JPY,Industrial Production m/m,BUSINESS,MODERATE,Y,1.9,1.3,1.3,MT5 economic calendar (broker time UTC+3)
2026-08-17 07:30,2026-08-17,JPY,Industrial Production y/y,BUSINESS,LOW,Y,4.9,4.2,4.2,MT5 economic calendar (broker time UTC+3)
2026-08-17 07:30,2026-08-17,JPY,Tertiary Industry Activity Index m/m,BUSINESS,MODERATE,Y,-0.2,0.6,1.1,MT5 economic calendar (broker time UTC+3)
2026-08-17 09:00,2026-08-17,NOK,Goods Trade Balance,TRADE,LOW,Y,84.33,66.138,61.905,MT5 economic calendar (broker time UTC+3)
2026-08-17 12:30,2026-08-17,EUR,ECB Executive Board Member Lane Speech,MONEY,MODERATE,Y,0.0,0.0,0.0,MT5 economic calendar (broker time UTC+3)
2026-08-17 14:30,2026-08-17,BRL,BCB Focus Market Report,MONEY,MODERATE,Y,0.0,0.0,0.0,MT5 economic calendar (broker time UTC+3)
2026-08-17 15:00,2026-08-17,BRL,BCB IBC-Br Economic Activity,BUSINESS,LOW,Y,-0.64,0.24,0.07,MT5 economic calendar (broker time UTC+3)
2026-08-17 15:30,2026-08-17,CAD,CPI m/m,PRICES,MODERATE,Y,0.5,0.0,-0.4,MT5 economic calendar (broker time UTC+3)
2026-08-17 15:30,2026-08-17,CAD,CPI y/y,PRICES,LOW,Y,3.0,2.7,2.8,MT5 economic calendar (broker time UTC+3)
2026-08-17 15:30,2026-08-17,CAD,Common CPI y/y,PRICES,LOW,Y,2.7,2.4,2.6,MT5 economic calendar (broker time UTC+3)
2026-08-17 15:30,2026-08-17,CAD,Core CPI m/m,PRICES,MODERATE,Y,0.2,0.0,0.1,MT5 economic calendar (broker time UTC+3)
2026-08-17 15:30,2026-08-17,CAD,Core CPI y/y,PRICES,MODERATE,Y,2.3,2.1,2.1,MT5 economic calendar (broker time UTC+3)
2026-08-17 15:30,2026-08-17,CAD,Foreign Securities Purchases,MARKET,MODERATE,Y,40.828,0.0,7.897,MT5 economic calendar (broker time UTC+3)
2026-08-17 15:30,2026-08-17,CAD,Foreign Securities Purchases by Canadians,MARKET,LOW,Y,35.432,0.0,22.265,MT5 economic calendar (broker time UTC+3)
2026-08-17 15:30,2026-08-17,CAD,Median CPI y/y,PRICES,LOW,Y,2.0,1.9,1.9,MT5 economic calendar (broker time UTC+3)
2026-08-17 15:30,2026-08-17,CAD,Trimmed CPI y/y,PRICES,LOW,Y,1.9,1.8,1.8,MT5 economic calendar (broker time UTC+3)
2026-08-17 15:30,2026-08-17,USD,NY Fed Empire State Manufacturing Index,BUSINESS,MODERATE,Y,20.6,8.4,15.6,MT5 economic calendar (broker time UTC+3)
2026-08-17 15:56,2026-08-17,EUR,12-Month BTF Auction,MARKET,LOW,Y,2.781,0.0,2.752,MT5 economic calendar (broker time UTC+3)
2026-08-17 15:56,2026-08-17,EUR,3-Month BTF Auction,MARKET,LOW,Y,2.484,0.0,2.448,MT5 economic calendar (broker time UTC+3)
2026-08-17 15:56,2026-08-17,EUR,6-Month BTF Auction,MARKET,LOW,Y,2.608,0.0,2.579,MT5 economic calendar (broker time UTC+3)
2026-08-17 17:00,2026-08-17,USD,NAHB Housing Market Index,HOUSING,LOW,Y,35.0,37.0,34.0,MT5 economic calendar (broker time UTC+3)
2026-08-17 18:30,2026-08-17,USD,3-Month Bill Auction,MARKET,LOW,Y,3.715,0.0,3.735,MT5 economic calendar (broker time UTC+3)
2026-08-17 18:30,2026-08-17,USD,6-Month Bill Auction,MARKET,LOW,Y,3.78,0.0,3.83,MT5 economic calendar (broker time UTC+3)
2026-08-17 23:00,2026-08-17,USD,TIC Net Foreign Purchases of Domestic Treasury Bonds & Notes,MONEY,LOW,Y,6.8,29.4,56.6,MT5 economic calendar (broker time UTC+3)
2026-08-17 23:00,2026-08-17,USD,TIC Net Long-Term Transactions,MONEY,MODERATE,Y,172.7,90.5,232.7,MT5 economic calendar (broker time UTC+3)
2026-08-17 23:00,2026-08-17,USD,TIC Net Long-Term Transactions incl. Swaps,MONEY,LOW,Y,172.7,79.7,232.7,MT5 economic calendar (broker time UTC+3)
2026-08-17 23:00,2026-08-17,USD,TIC Overall Net Capital Flow,MONEY,LOW,Y,133.5,67.8,132.2,MT5 economic calendar (broker time UTC+3)
2026-08-18 01:00,2026-08-18,EUR,Trade Balance,TRADE,LOW,Y,-7.687,-5.808,-8.245,MT5 economic calendar (broker time UTC+3)
2026-08-18 06:00,2026-08-18,NZD,RBNZ Non-Resident Debt Holdings,GOVERNMENT,LOW,Y,56.9,56.7,55.8,MT5 economic calendar (broker time UTC+3)
2026-08-18 11:30,2026-08-18,GBP,Labour Productivity q/q,JOBS,MODERATE,Y,1.1,0.0,0.9,MT5 economic calendar (broker time UTC+3)
2026-08-18 11:30,2026-08-18,GBP,Labour Productivity y/y,JOBS,MODERATE,Y,0.5,0.0,0.4,MT5 economic calendar (broker time UTC+3)
2026-08-18 12:30,2026-08-18,GBP,10-Year Treasury Gilt Auction,MARKET,LOW,Y,5.155,0.0,5.04,MT5 economic calendar (broker time UTC+3)
2026-08-18 14:30,2026-08-18,AUD,Westpac-MI Consumer Sentiment m/m,CONSUMER,LOW,Y,6.0,-3.2,4.1,MT5 economic calendar (broker time UTC+3)
2026-08-18 14:45,2026-08-18,EUR,ECB Executive Board Member Lane Speech,MONEY,MODERATE,Y,0.0,0.0,0.0,MT5 economic calendar (broker time UTC+3)
2026-08-18 15:15,2026-08-18,CAD,CMHC Housing Starts,HOUSING,MODERATE,Y,229.074,259.535,238.971,MT5 economic calendar (broker time UTC+3)
2026-08-18 15:30,2026-08-18,USD,Building Permits,HOUSING,MODERATE,Y,1.443,1.352,1.367,MT5 economic calendar (broker time UTC+3)
2026-08-18 15:30,2026-08-18,USD,Building Permits m/m,HOUSING,LOW,Y,5.0,1.3,-3.0,MT5 economic calendar (broker time UTC+3)
2026-08-18 15:30,2026-08-18,USD,Export Price Index m/m,PRICES,MODERATE,Y,-1.3,-1.4,-0.6,MT5 economic calendar (broker time UTC+3)
2026-08-18 15:30,2026-08-18,USD,Export Price Index y/y,PRICES,LOW,Y,8.2,7.9,10.2,MT5 economic calendar (broker time UTC+3)
2026-08-18 15:30,2026-08-18,USD,Housing Starts,HOUSING,MODERATE,Y,1.239,1.365,1.427,MT5 economic calendar (broker time UTC+3)
2026-08-18 15:30,2026-08-18,USD,Housing Starts m/m,HOUSING,MODERATE,Y,-12.4,8.8,19.0,MT5 economic calendar (broker time UTC+3)
2026-08-18 15:30,2026-08-18,USD,Import Price Index excl. Petroleum m/m,PRICES,LOW,Y,0.3,0.5,0.5,MT5 economic calendar (broker time UTC+3)
2026-08-18 15:30,2026-08-18,USD,Import Price Index m/m,PRICES,MODERATE,Y,-0.4,-0.1,0.3,MT5 economic calendar (broker time UTC+3)
2026-08-18 15:30,2026-08-18,USD,Import Price Index y/y,PRICES,LOW,Y,5.9,7.7,7.1,MT5 economic calendar (broker time UTC+3)
2026-08-18 16:15,2026-08-18,USD,Fed Capacity Utilization Rate,BUSINESS,LOW,Y,76.3,76.1,76.1,MT5 economic calendar (broker time UTC+3)
2026-08-18 16:15,2026-08-18,USD,Fed Industrial Production m/m,BUSINESS,MODERATE,Y,0.2,0.1,0.1,MT5 economic calendar (broker time UTC+3)
2026-08-18 16:15,2026-08-18,USD,Fed Industrial Production y/y,BUSINESS,MODERATE,Y,1.1,0.7,1.1,MT5 economic calendar (broker time UTC+3)
2026-08-18 16:15,2026-08-18,USD,Fed Manufacturing Production m/m,BUSINESS,LOW,Y,0.2,0.1,0.0,MT5 economic calendar (broker time UTC+3)
2026-08-18 17:00,2026-08-18,USD,Pending Home Sales Index,HOUSING,LOW,Y,71.2,0.0,72.5,MT5 economic calendar (broker time UTC+3)
2026-08-18 17:00,2026-08-18,USD,Pending Home Sales m/m,HOUSING,MODERATE,Y,-2.3,-1.1,-5.4,MT5 economic calendar (broker time UTC+3)
2026-08-18 17:00,2026-08-18,USD,Pending Home Sales y/y,HOUSING,LOW,Y,-2.2,0.5,-0.3,MT5 economic calendar (broker time UTC+3)
2026-08-18 18:31,2026-08-18,NZD,GDT Price Index,PRICES,LOW,Y,2.3,1.6,0.1,MT5 economic calendar (broker time UTC+3)
2026-08-19 01:45,2026-08-19,NZD,PPI Input q/q,PRICES,MODERATE,Y,2.9,1.1,1.4,MT5 economic calendar (broker time UTC+3)
2026-08-19 01:45,2026-08-19,NZD,PPI Output q/q,PRICES,LOW,Y,1.6,1.0,0.8,MT5 economic calendar (broker time UTC+3)
2026-08-19 02:50,2026-08-19,JPY,Core Machinery Orders m/m,BUSINESS,LOW,Y,9.7,4.6,-12.4,MT5 economic calendar (broker time UTC+3)
2026-08-19 02:50,2026-08-19,JPY,Core Machinery Orders y/y,BUSINESS,LOW,Y,16.9,12.9,-1.9,MT5 economic calendar (broker time UTC+3)
2026-08-19 04:30,2026-08-19,AUD,Wage Price Index q/q,PRICES,MODERATE,Y,0.8,0.8,0.8,MT5 economic calendar (broker time UTC+3)
2026-08-19 04:30,2026-08-19,AUD,Wage Price Index y/y,PRICES,LOW,Y,3.2,3.3,3.3,MT5 economic calendar (broker time UTC+3)
2026-08-19 09:30,2026-08-19,CHF,Industrial Production y/y,BUSINESS,LOW,Y,5.5,0.0,-7.1,MT5 economic calendar (broker time UTC+3)
2026-08-19 10:10,2026-08-19,EUR,ECB President Lagarde Speech,MONEY,HIGH,Y,0.0,0.0,0.0,MT5 economic calendar (broker time UTC+3)
2026-08-19 11:00,2026-08-19,EUR,Current Account,TRADE,LOW,Y,35.1,21.2,25.1,MT5 economic calendar (broker time UTC+3)
2026-08-19 11:00,2026-08-19,EUR,Current Account n.s.a.,TRADE,LOW,Y,46.9,18.0,-6.2,MT5 economic calendar (broker time UTC+3)
2026-08-19 11:00,2026-08-19,ZAR,CPI m/m,PRICES,LOW,Y,0.2,0.5,0.7,MT5 economic calendar (broker time UTC+3)
2026-08-19 11:00,2026-08-19,ZAR,CPI y/y,PRICES,LOW,Y,4.3,4.8,5.0,MT5 economic calendar (broker time UTC+3)
2026-08-19 11:00,2026-08-19,ZAR,Core CPI m/m,PRICES,LOW,Y,0.5,0.5,0.6,MT5 economic calendar (broker time UTC+3)
2026-08-19 11:00,2026-08-19,ZAR,Core CPI y/y,PRICES,LOW,Y,4.2,4.1,4.1,MT5 economic calendar (broker time UTC+3)
2026-08-19 11:30,2026-08-19,GBP,HPI y/y,HOUSING,LOW,Y,2.0,1.8,2.7,MT5 economic calendar (broker time UTC+3)
2026-08-19 12:00,2026-08-19,EUR,CPI,PRICES,LOW,Y,103.24,0.0,103.22,MT5 economic calendar (broker time UTC+3)
2026-08-19 12:00,2026-08-19,EUR,CPI excl. Energy and Unprocessed Food m/m,PRICES,LOW,Y,0.0,0.0,0.0,MT5 economic calendar (broker time UTC+3)
2026-08-19 12:00,2026-08-19,EUR,CPI excl. Energy and Unprocessed Food y/y,PRICES,LOW,Y,2.2,2.2,2.2,MT5 economic calendar (broker time UTC+3)
2026-08-19 12:00,2026-08-19,EUR,CPI excl. Tobacco m/m,PRICES,LOW,Y,0.2,0.1,-0.1,MT5 economic calendar (broker time UTC+3)
2026-08-19 12:00,2026-08-19,EUR,CPI excl. Tobacco y/y,PRICES,LOW,Y,2.9,2.5,2.7,MT5 economic calendar (broker time UTC+3)
2026-08-19 12:00,2026-08-19,EUR,CPI m/m,PRICES,MODERATE,Y,0.2,2.8,2.8,MT5 economic calendar (broker time UTC+3)
2026-08-19 12:00,2026-08-19,EUR,CPI y/y,PRICES,HIGH,Y,2.9,3.2,3.2,MT5 economic calendar (broker time UTC+3)
2026-08-19 12:00,2026-08-19,EUR,Core CPI,PRICES,MODERATE,Y,102.84,0.0,102.84,MT5 economic calendar (broker time UTC+3)
2026-08-19 12:00,2026-08-19,EUR,Core CPI m/m,PRICES,LOW,Y,0.0,0.0,0.0,MT5 economic calendar (broker time UTC+3)
2026-08-19 12:00,2026-08-19,EUR,Core CPI y/y,PRICES,MODERATE,Y,2.5,2.5,2.5,MT5 economic calendar (broker time UTC+3)
2026-08-19 12:41,2026-08-19,EUR,10-Year Bond Auction,MARKET,MODERATE,Y,3.26,0.0,3.29,MT5 economic calendar (broker time UTC+3)
2026-08-19 13:15,2026-08-19,EUR,ECB President Lagarde Speech,MONEY,HIGH,Y,0.0,0.0,0.0,MT5 economic calendar (broker time UTC+3)
2026-08-19 13:30,2026-08-19,INR,RBI M3 Money Supply y/y,MONEY,LOW,Y,0.0,13.7,14.7,MT5 economic calendar (broker time UTC+3)
2026-08-19 14:00,2026-08-19,ZAR,Retail Sales m/m,CONSUMER,LOW,Y,-0.6,-0.5,0.1,MT5 economic calendar (broker time UTC+3)
2026-08-19 14:00,2026-08-19,ZAR,Retail Sales y/y,CONSUMER,LOW,Y,1.6,2.1,2.3,MT5 economic calendar (broker time UTC+3)
2026-08-19 14:30,2026-08-19,INR,RBI MPC Meeting Minutes,MONEY,MODERATE,Y,0.0,0.0,0.0,MT5 economic calendar (broker time UTC+3)
2026-08-19 17:30,2026-08-19,USD,EIA Crude Oil Imports Change,BUSINESS,LOW,Y,-1.754,1.499,1.768,MT5 economic calendar (broker time UTC+3)
2026-08-19 17:30,2026-08-19,USD,EIA Crude Oil Stocks Change,BUSINESS,HIGH,Y,4.405,6.913,17.423,MT5 economic calendar (broker time UTC+3)
2026-08-19 17:30,2026-08-19,USD,EIA Cushing Crude Oil Stocks Change,BUSINESS,MODERATE,Y,-1.314,0.919,1.611,MT5 economic calendar (broker time UTC+3)
2026-08-19 17:30,2026-08-19,USD,EIA Distillate Fuel Production Change,BUSINESS,LOW,Y,-0.054,-0.015,0.05,MT5 economic calendar (broker time UTC+3)
2026-08-19 17:30,2026-08-19,USD,EIA Distillates Stocks Change,BUSINESS,LOW,Y,-1.53,-0.538,-0.01,MT5 economic calendar (broker time UTC+3)
2026-08-19 17:30,2026-08-19,USD,EIA Gasoline Production Change,BUSINESS,LOW,Y,0.143,0.183,-0.001,MT5 economic calendar (broker time UTC+3)
2026-08-19 17:30,2026-08-19,USD,EIA Gasoline Stocks Change,BUSINESS,LOW,Y,0.688,-0.055,-0.968,MT5 economic calendar (broker time UTC+3)
2026-08-19 17:30,2026-08-19,USD,EIA Heating Oil Stocks Change,BUSINESS,LOW,Y,-0.537,0.273,0.192,MT5 economic calendar (broker time UTC+3)
2026-08-19 17:30,2026-08-19,USD,EIA Refinery Crude Oil Daily Inputs Change,BUSINESS,LOW,Y,0.216,0.0,0.026,MT5 economic calendar (broker time UTC+3)
2026-08-19 17:30,2026-08-19,USD,EIA Refinery Utilization Rate Change,BUSINESS,LOW,Y,1.0,0.0,-0.3,MT5 economic calendar (broker time UTC+3)
2026-08-19 20:00,2026-08-19,USD,20-Year Bond Auction,MARKET,MODERATE,Y,5.204,0.0,5.163,MT5 economic calendar (broker time UTC+3)
2026-08-19 20:30,2026-08-19,BRL,Foreign Exchange Flows,MONEY,LOW,Y,0.851,0.233,0.652,MT5 economic calendar (broker time UTC+3)
2026-08-19 21:00,2026-08-19,USD,FOMC Minutes,MONEY,MODERATE,Y,0.0,0.0,0.0,MT5 economic calendar (broker time UTC+3)
2026-08-20 00:00,2026-08-20,BRL,BCB National Monetary Council Meeting,MONEY,MODERATE,Y,0.0,0.0,0.0,MT5 economic calendar (broker time UTC+3)
2026-08-20 02:50,2026-08-20,JPY,Adjusted Trade Balance,TRADE,MODERATE,Y,-686.0,-361.6,-881.9,MT5 economic calendar (broker time UTC+3)
2026-08-20 02:50,2026-08-20,JPY,Exports y/y,TRADE,MODERATE,Y,23.2,22.3,19.3,MT5 economic calendar (broker time UTC+3)
2026-08-20 02:50,2026-08-20,JPY,Foreign Bond Investment,GOVERNMENT,LOW,Y,1135.1,0.0,1629.4,MT5 economic calendar (broker time UTC+3)
2026-08-20 02:50,2026-08-20,JPY,Foreign Investment in Japan Stocks,GOVERNMENT,LOW,Y,621.2,0.0,-368.5,MT5 economic calendar (broker time UTC+3)
2026-08-20 02:50,2026-08-20,JPY,Imports y/y,TRADE,LOW,Y,27.8,20.5,25.4,MT5 economic calendar (broker time UTC+3)
2026-08-20 02:50,2026-08-20,JPY,Trade Balance,TRADE,MODERATE,Y,-634.5,287.1,-406.9,MT5 economic calendar (broker time UTC+3)
2026-08-20 04:00,2026-08-20,AUD,MI Inflation Expectations,PRICES,LOW,Y,4.9,0.0,4.7,MT5 economic calendar (broker time UTC+3)
2026-08-20 04:30,2026-08-20,AUD,Employment Change,JOBS,MODERATE,Y,-15.8,31.6,76.3,MT5 economic calendar (broker time UTC+3)
2026-08-20 04:30,2026-08-20,AUD,Full-Time Employment Change,JOBS,MODERATE,Y,16.3,0.0,29.3,MT5 economic calendar (broker time UTC+3)
2026-08-20 04:30,2026-08-20,AUD,Participation Rate,JOBS,LOW,Y,66.9,66.8,67.0,MT5 economic calendar (broker time UTC+3)
2026-08-20 04:30,2026-08-20,AUD,Unemployment Rate,JOBS,MODERATE,Y,4.5,4.3,4.4,MT5 economic calendar (broker time UTC+3)
2026-08-20 09:00,2026-08-20,CHF,Exports,TRADE,LOW,Y,28.679,0.0,26.616,MT5 economic calendar (broker time UTC+3)
2026-08-20 09:00,2026-08-20,CHF,Imports,TRADE,LOW,Y,19.949,0.0,21.392,MT5 economic calendar (broker time UTC+3)
2026-08-20 09:00,2026-08-20,CHF,Trade Balance,TRADE,LOW,Y,0.0,5.994,5.224,MT5 economic calendar (broker time UTC+3)
2026-08-20 11:30,2026-08-20,HKD,CPI y/y,PRICES,LOW,Y,1.7,2.3,2.0,MT5 economic calendar (broker time UTC+3)
2026-08-20 11:30,2026-08-20,HKD,Unemployment Rate 3-Months,JOBS,LOW,Y,3.7,3.6,3.7,MT5 economic calendar (broker time UTC+3)
2026-08-20 12:00,2026-08-20,EUR,Construction Output m/m,BUSINESS,LOW,Y,-1.3,-0.4,0.4,MT5 economic calendar (broker time UTC+3)
2026-08-20 12:00,2026-08-20,EUR,Construction Output y/y,BUSINESS,LOW,Y,-0.7,-1.1,1.2,MT5 economic calendar (broker time UTC+3)
2026-08-20 12:01,2026-08-20,EUR,3-Year OAT Auction,MARKET,LOW,Y,3.17,0.0,3.04,MT5 economic calendar (broker time UTC+3)
2026-08-20 12:01,2026-08-20,EUR,5-Year OAT Auction,MARKET,LOW,Y,3.37,0.0,3.23,MT5 economic calendar (broker time UTC+3)
2026-08-20 13:00,2026-08-20,EUR,Bbk Monthly Report,MONEY,LOW,Y,0.0,0.0,0.0,MT5 economic calendar (broker time UTC+3)
2026-08-20 15:30,2026-08-20,CAD,IPPI m/m,PRICES,LOW,Y,0.6,0.8,-1.4,MT5 economic calendar (broker time UTC+3)
2026-08-20 15:30,2026-08-20,CAD,IPPI y/y,PRICES,LOW,Y,12.4,10.3,12.4,MT5 economic calendar (broker time UTC+3)
2026-08-20 15:30,2026-08-20,CAD,New Housing Price Index m/m,HOUSING,MODERATE,Y,-0.1,-0.2,-0.1,MT5 economic calendar (broker time UTC+3)
2026-08-20 15:30,2026-08-20,CAD,RMPI m/m,PRICES,MODERATE,Y,-2.2,-2.4,-6.9,MT5 economic calendar (broker time UTC+3)
2026-08-20 15:30,2026-08-20,CAD,RMPI y/y,PRICES,LOW,Y,18.1,12.9,20.7,MT5 economic calendar (broker time UTC+3)
2026-08-20 15:30,2026-08-20,USD,Continuing Jobless Claims,JOBS,MODERATE,Y,1.799,1.777,1.777,MT5 economic calendar (broker time UTC+3)
2026-08-20 15:30,2026-08-20,USD,Initial Jobless Claims,JOBS,HIGH,Y,206.0,206.0,209.0,MT5 economic calendar (broker time UTC+3)
2026-08-20 15:30,2026-08-20,USD,Initial Jobless Claims 4-Week Average,JOBS,LOW,Y,204.0,201.648,199.0,MT5 economic calendar (broker time UTC+3)
2026-08-20 15:30,2026-08-20,USD,Philadelphia Fed Business Conditions,BUSINESS,LOW,Y,73.6,46.7,34.4,MT5 economic calendar (broker time UTC+3)
2026-08-20 15:30,2026-08-20,USD,Philadelphia Fed Capex Index,BUSINESS,LOW,Y,48.2,34.5,30.1,MT5 economic calendar (broker time UTC+3)
2026-08-20 15:30,2026-08-20,USD,Philadelphia Fed Employment,BUSINESS,MODERATE,Y,27.9,1.2,10.0,MT5 economic calendar (broker time UTC+3)
2026-08-20 15:30,2026-08-20,USD,Philadelphia Fed Manufacturing Index,BUSINESS,HIGH,Y,47.4,13.7,41.4,MT5 economic calendar (broker time UTC+3)
2026-08-20 15:30,2026-08-20,USD,Philadelphia Fed New Orders,BUSINESS,LOW,Y,30.1,8.6,37.0,MT5 economic calendar (broker time UTC+3)
2026-08-20 15:30,2026-08-20,USD,Philadelphia Fed Prices Paid,BUSINESS,LOW,Y,40.9,54.7,53.9,MT5 economic calendar (broker time UTC+3)
2026-08-20 15:30,2026-08-20,ZAR,Building Permits m/m,BUSINESS,LOW,Y,19.0,-0.4,-10.4,MT5 economic calendar (broker time UTC+3)
2026-08-20 15:30,2026-08-20,ZAR,Building Permits y/y,BUSINESS,LOW,Y,30.5,-0.3,-13.1,MT5 economic calendar (broker time UTC+3)
2026-08-20 17:00,2026-08-20,USD,CB Leading Economic Index m/m,BUSINESS,MODERATE,Y,0.2,-0.1,-0.2,MT5 economic calendar (broker time UTC+3)
2026-08-20 17:30,2026-08-20,USD,EIA Natural Gas Storage Change,BUSINESS,LOW,Y,16.0,21.0,36.0,MT5 economic calendar (broker time UTC+3)
2026-08-20 18:00,2026-08-20,MXN,Bank of Mexico Monetary Policy Meeting Minutes,MONEY,MODERATE,Y,0.0,0.0,0.0,MT5 economic calendar (broker time UTC+3)
2026-08-20 18:30,2026-08-20,USD,4-Week Bill Auction,MARKET,LOW,Y,3.64,0.0,3.625,MT5 economic calendar (broker time UTC+3)
2026-08-20 18:30,2026-08-20,USD,8-Week Bill Auction,MARKET,LOW,Y,3.655,0.0,3.665,MT5 economic calendar (broker time UTC+3)
2026-08-20 20:00,2026-08-20,USD,30-Year TIPS Auction,MARKET,MODERATE,Y,2.973,0.0,2.473,MT5 economic calendar (broker time UTC+3)
2026-08-21 00:00,2026-08-21,KRW,PPI m/m,PRICES,LOW,Y,-0.4,0.5,0.0,MT5 economic calendar (broker time UTC+3)
2026-08-21 00:00,2026-08-21,KRW,PPI y/y,PRICES,LOW,Y,7.7,9.2,8.6,MT5 economic calendar (broker time UTC+3)
2026-08-21 01:45,2026-08-21,NZD,Exports,TRADE,LOW,Y,7.391,0.0,8.093,MT5 economic calendar (broker time UTC+3)
2026-08-21 01:45,2026-08-21,NZD,Imports,TRADE,LOW,Y,9.34,0.0,8.07,MT5 economic calendar (broker time UTC+3)
2026-08-21 01:45,2026-08-21,NZD,Trade Balance,TRADE,LOW,Y,-1.949,-0.661,0.023,MT5 economic calendar (broker time UTC+3)
2026-08-21 01:45,2026-08-21,NZD,Trade Balance 12-Months,TRADE,MODERATE,Y,-5.236,-2.979,-3.746,MT5 economic calendar (broker time UTC+3)
2026-08-21 02:01,2026-08-21,GBP,GfK Consumer Confidence,CONSUMER,LOW,Y,0.0,-16.0,-17.0,MT5 economic calendar (broker time UTC+3)
2026-08-21 02:30,2026-08-21,JPY,CPI excl. Food and Energy y/y,PRICES,MODERATE,Y,1.8,1.6,1.7,MT5 economic calendar (broker time UTC+3)
2026-08-21 02:30,2026-08-21,JPY,CPI s.a. m/m,PRICES,LOW,Y,0.4,0.0,0.3,MT5 economic calendar (broker time UTC+3)
2026-08-21 02:30,2026-08-21,JPY,CPI y/y,PRICES,LOW,Y,2.0,1.7,1.7,MT5 economic calendar (broker time UTC+3)
2026-08-21 02:30,2026-08-21,JPY,Core CPI y/y,PRICES,MODERATE,Y,1.8,2.1,1.6,MT5 economic calendar (broker time UTC+3)
2026-08-21 06:00,2026-08-21,NZD,RBNZ Credit Card Spending y/y,CONSUMER,LOW,Y,5.3,0.7,3.1,MT5 economic calendar (broker time UTC+3)
2026-08-21 09:00,2026-08-21,SEK,Unemployment Rate,JOBS,LOW,Y,7.8,8.6,9.9,MT5 economic calendar (broker time UTC+3)
2026-08-21 09:45,2026-08-21,EUR,Business Climate,BUSINESS,LOW,Y,103.0,102.0,101.0,MT5 economic calendar (broker time UTC+3)
2026-08-21 10:15,2026-08-21,EUR,S&P Global Composite PMI,BUSINESS,LOW,Y,48.8,49.6,49.4,MT5 economic calendar (broker time UTC+3)
2026-08-21 10:15,2026-08-21,EUR,S&P Global Manufacturing PMI,BUSINESS,MODERATE,Y,51.5,50.1,49.8,MT5 economic calendar (broker time UTC+3)
2026-08-21 10:15,2026-08-21,EUR,S&P Global Services PMI,BUSINESS,MODERATE,Y,48.4,49.6,49.6,MT5 economic calendar (broker time UTC+3)
2026-08-21 10:30,2026-08-21,EUR,S&P Global Composite PMI,BUSINESS,LOW,Y,51.0,51.2,51.3,MT5 economic calendar (broker time UTC+3)
2026-08-21 10:30,2026-08-21,EUR,S&P Global Manufacturing PMI,BUSINESS,MODERATE,Y,54.1,53.6,52.2,MT5 economic calendar (broker time UTC+3)
2026-08-21 10:30,2026-08-21,EUR,S&P Global Services PMI,BUSINESS,MODERATE,Y,48.5,51.2,49.8,MT5 economic calendar (broker time UTC+3)
2026-08-21 11:00,2026-08-21,EUR,S&P Global Composite PMI,BUSINESS,MODERATE,Y,52.1,52.0,52.0,MT5 economic calendar (broker time UTC+3)
2026-08-21 11:00,2026-08-21,EUR,S&P Global Manufacturing PMI,BUSINESS,MODERATE,Y,52.8,52.4,51.9,MT5 economic calendar (broker time UTC+3)
2026-08-21 11:00,2026-08-21,EUR,S&P Global Services PMI,BUSINESS,MODERATE,Y,51.7,53.7,51.7,MT5 economic calendar (broker time UTC+3)
2026-08-21 11:30,2026-08-21,GBP,S&P Global/CIPS Composite PMI,BUSINESS,MODERATE,Y,52.5,0.0,52.2,MT5 economic calendar (broker time UTC+3)
2026-08-21 11:30,2026-08-21,GBP,S&P Global/CIPS Manufacturing PMI,BUSINESS,MODERATE,Y,51.5,50.9,51.9,MT5 economic calendar (broker time UTC+3)
2026-08-21 11:30,2026-08-21,GBP,S&P Global/CIPS Services PMI,BUSINESS,MODERATE,Y,52.8,51.8,52.1,MT5 economic calendar (broker time UTC+3)
2026-08-21 12:08,2026-08-21,CNY,Foreign Direct Investment YTD y/y,MONEY,LOW,Y,-6.2,-6.9,-5.0,MT5 economic calendar (broker time UTC+3)
2026-08-21 14:30,2026-08-21,INR,Bank Loan Growth y/y,MONEY,LOW,Y,19.3,18.5,17.7,MT5 economic calendar (broker time UTC+3)
2026-08-21 14:30,2026-08-21,INR,Deposit Growth y/y,MONEY,LOW,Y,15.4,12.7,12.7,MT5 economic calendar (broker time UTC+3)
2026-08-21 14:30,2026-08-21,INR,Foreign Exchange Reserves,MONEY,LOW,Y,716.907,710.173,707.002,MT5 economic calendar (broker time UTC+3)
2026-08-21 15:00,2026-08-21,MXN,Retail Sales m/m,CONSUMER,LOW,Y,-0.2,0.0,-0.6,MT5 economic calendar (broker time UTC+3)
2026-08-21 15:00,2026-08-21,MXN,Retail Sales n.s.a. y/y,CONSUMER,LOW,Y,2.7,1.9,1.6,MT5 economic calendar (broker time UTC+3)
2026-08-21 15:30,2026-08-21,CAD,Core Retail Sales m/m,CONSUMER,MODERATE,Y,0.5,-0.3,1.2,MT5 economic calendar (broker time UTC+3)
2026-08-21 15:30,2026-08-21,CAD,Retail Sales m/m,CONSUMER,MODERATE,Y,0.6,-0.1,1.0,MT5 economic calendar (broker time UTC+3)
2026-08-21 17:00,2026-08-21,EUR,Consumer Confidence Index,CONSUMER,LOW,Y,-15.5,0.1,-15.9,MT5 economic calendar (broker time UTC+3)
2026-08-21 20:00,2026-08-21,USD,Baker Hughes US Oil Rig Count,BUSINESS,MODERATE,Y,452.0,0.0,455.0,MT5 economic calendar (broker time UTC+3)
2026-08-21 20:00,2026-08-21,USD,Baker Hughes US Total Rig Count,BUSINESS,MODERATE,Y,588.0,0.0,593.0,MT5 economic calendar (broker time UTC+3)
2026-08-21 22:30,2026-08-21,AUD,CFTC AUD Non-Commercial Net Positions,MARKET,MODERATE,Y,-44.2,0.0,-39.2,MT5 economic calendar (broker time UTC+3)
2026-08-21 22:30,2026-08-21,BRL,CFTC BRL Non-Commercial Net Positions,MARKET,MODERATE,Y,68.7,0.0,66.3,MT5 economic calendar (broker time UTC+3)
2026-08-21 22:30,2026-08-21,CAD,CFTC CAD Non-Commercial Net Positions,MARKET,LOW,Y,-158.2,0.0,-173.4,MT5 economic calendar (broker time UTC+3)
2026-08-21 22:30,2026-08-21,CHF,CFTC CHF Non-Commercial Net Positions,MARKET,LOW,Y,-27.3,0.0,-32.5,MT5 economic calendar (broker time UTC+3)
2026-08-21 22:30,2026-08-21,EUR,CFTC EUR Non-Commercial Net Positions,MARKET,MODERATE,Y,-59.1,0.0,-60.0,MT5 economic calendar (broker time UTC+3)
2026-08-21 22:30,2026-08-21,GBP,CFTC GBP Non-Commercial Net Positions,MARKET,MODERATE,Y,-54.6,0.0,-56.2,MT5 economic calendar (broker time UTC+3)
2026-08-21 22:30,2026-08-21,JPY,CFTC JPY Non-Commercial Net Positions,MARKET,MODERATE,Y,-52.9,0.0,-42.1,MT5 economic calendar (broker time UTC+3)
2026-08-21 22:30,2026-08-21,MXN,CFTC MXN Non-Commercial Net Positions,MARKET,LOW,Y,79.5,0.0,83.7,MT5 economic calendar (broker time UTC+3)
2026-08-21 22:30,2026-08-21,NZD,CFTC NZD Non-Commercial Net Positions,MARKET,LOW,Y,-32.6,0.0,-39.6,MT5 economic calendar (broker time UTC+3)
2026-08-21 22:30,2026-08-21,USD,CFTC Aluminium Non-Commercial Net Positions,MARKET,LOW,Y,-0.5,0.0,-0.8,MT5 economic calendar (broker time UTC+3)
2026-08-21 22:30,2026-08-21,USD,CFTC Copper Non-Commercial Net Positions,MARKET,LOW,Y,79.7,0.0,80.4,MT5 economic calendar (broker time UTC+3)
2026-08-21 22:30,2026-08-21,USD,CFTC Corn Non-Commercial Net Positions,MARKET,LOW,Y,302.1,0.0,244.9,MT5 economic calendar (broker time UTC+3)
2026-08-21 22:30,2026-08-21,USD,CFTC Crude Oil Non-Commercial Net Positions,MARKET,MODERATE,Y,122.1,0.0,99.2,MT5 economic calendar (broker time UTC+3)
2026-08-21 22:30,2026-08-21,USD,CFTC Gold Non-Commercial Net Positions,MARKET,MODERATE,Y,222.2,0.0,217.9,MT5 economic calendar (broker time UTC+3)
2026-08-21 22:30,2026-08-21,USD,CFTC Nasdaq 100 Non-Commercial Net Positions,MARKET,MODERATE,Y,-10.4,0.0,-39.3,MT5 economic calendar (broker time UTC+3)
2026-08-21 22:30,2026-08-21,USD,CFTC Natural Gas Non-Commercial Net Positions,MARKET,LOW,Y,-203.5,0.0,-197.1,MT5 economic calendar (broker time UTC+3)
2026-08-21 22:30,2026-08-21,USD,CFTC S&P 500 Non-Commercial Net Positions,MARKET,MODERATE,Y,-10.6,0.0,11.3,MT5 economic calendar (broker time UTC+3)
2026-08-21 22:30,2026-08-21,USD,CFTC Silver Non-Commercial Net Positions,MARKET,LOW,Y,23.6,0.0,23.6,MT5 economic calendar (broker time UTC+3)
2026-08-21 22:30,2026-08-21,USD,CFTC Soybeans Non-Commercial Net Positions,MARKET,LOW,Y,191.0,0.0,159.9,MT5 economic calendar (broker time UTC+3)
2026-08-21 22:30,2026-08-21,USD,CFTC Wheat Non-Commercial Net Positions,MARKET,LOW,Y,-18.8,0.0,-24.9,MT5 economic calendar (broker time UTC+3)
2026-08-21 22:30,2026-08-21,ZAR,CFTC ZAR Non-Commercial Net Positions,MARKET,LOW,Y,8.5,0.0,6.2,MT5 economic calendar (broker time UTC+3)
2026-08-24 01:45,2026-08-24,NZD,Core Retail Sales q/q,CONSUMER,MODERATE,Y,0.7,0.3,1.0,MT5 economic calendar (broker time UTC+3)
2026-08-24 01:45,2026-08-24,NZD,Retail Sales q/q,CONSUMER,MODERATE,Y,-0.5,0.3,0.9,MT5 economic calendar (broker time UTC+3)
2026-08-24 01:45,2026-08-24,NZD,Retail Sales y/y,CONSUMER,MODERATE,Y,3.3,4.5,4.5,MT5 economic calendar (broker time UTC+3)
2026-08-24 08:00,2026-08-24,SGD,CPI y/y,PRICES,MODERATE,Y,2.2,1.9,1.9,MT5 economic calendar (broker time UTC+3)
2026-08-24 09:00,2026-08-24,NOK,General Public Domestic Loan Debt y/y,MONEY,LOW,Y,4.3,4.5,4.4,MT5 economic calendar (broker time UTC+3)
2026-08-24 14:30,2026-08-24,BRL,BCB Focus Market Report,MONEY,MODERATE,Y,0.0,0.0,0.0,MT5 economic calendar (broker time UTC+3)
2026-08-24 15:00,2026-08-24,MXN,Economic Activity m/m,BUSINESS,LOW,Y,-0.1,0.0,-0.3,MT5 economic calendar (broker time UTC+3)
2026-08-24 15:00,2026-08-24,MXN,Economic Activity n.s.a. y/y,BUSINESS,LOW,Y,2.8,1.1,1.1,MT5 economic calendar (broker time UTC+3)
2026-08-24 15:00,2026-08-24,MXN,First Half-Month CPI m/m,PRICES,LOW,Y,0.1,0.26,0.07,MT5 economic calendar (broker time UTC+3)
2026-08-24 15:00,2026-08-24,MXN,First Half-Month Core CPI m/m,PRICES,LOW,Y,0.08,0.05,0.16,MT5 economic calendar (broker time UTC+3)
2026-08-24 15:00,2026-08-24,MXN,GDP n.s.a. y/y,GDP,MODERATE,Y,2.1,2.2,2.2,MT5 economic calendar (broker time UTC+3)
2026-08-24 15:00,2026-08-24,MXN,GDP q/q,GDP,MODERATE,Y,1.4,1.5,1.5,MT5 economic calendar (broker time UTC+3)
2026-08-24 15:30,2026-08-24,CAD,Corporate Profits q/q,BUSINESS,LOW,Y,9.7,0.0,2.0,MT5 economic calendar (broker time UTC+3)
2026-08-24 15:30,2026-08-24,USD,Chicago Fed National Activity Index,BUSINESS,LOW,Y,-0.08,-0.03,-0.02,MT5 economic calendar (broker time UTC+3)
2026-08-24 15:55,2026-08-24,EUR,12-Month BTF Auction,MARKET,LOW,Y,2.832,0.0,2.781,MT5 economic calendar (broker time UTC+3)
2026-08-24 15:55,2026-08-24,EUR,3-Month BTF Auction,MARKET,LOW,Y,2.502,0.0,2.484,MT5 economic calendar (broker time UTC+3)
2026-08-24 15:55,2026-08-24,EUR,6-Month BTF Auction,MARKET,LOW,Y,2.675,0.0,2.608,MT5 economic calendar (broker time UTC+3)
2026-08-24 18:30,2026-08-24,USD,3-Month Bill Auction,MARKET,LOW,Y,3.715,0.0,3.715,MT5 economic calendar (broker time UTC+3)
2026-08-24 18:30,2026-08-24,USD,6-Month Bill Auction,MARKET,LOW,Y,3.79,0.0,3.78,MT5 economic calendar (broker time UTC+3)
2026-08-25 00:00,2026-08-25,KRW,Consumer Confidence,CONSUMER,LOW,Y,104.5,108.3,106.8,MT5 economic calendar (broker time UTC+3)
2026-08-25 08:00,2026-08-25,JPY,BoJ Trimmed Mean Core CPI y/y,PRICES,MODERATE,Y,2.3,3.1,2.7,MT5 economic calendar (broker time UTC+3)
2026-08-25 08:00,2026-08-25,JPY,BoJ Weighted Median Core CPI y/y,PRICES,MODERATE,Y,0.0,1.3,1.5,MT5 economic calendar (broker time UTC+3)
2026-08-25 08:00,2026-08-25,JPY,Coincident Index,BUSINESS,LOW,Y,118.5,118.2,118.2,MT5 economic calendar (broker time UTC+3)
2026-08-25 08:00,2026-08-25,JPY,Coincident Index m/m,BUSINESS,LOW,Y,0.6,0.0,0.3,MT5 economic calendar (broker time UTC+3)
2026-08-25 08:00,2026-08-25,JPY,Leading Index,BUSINESS,LOW,Y,116.5,116.4,116.4,MT5 economic calendar (broker time UTC+3)
2026-08-25 08:00,2026-08-25,JPY,Leading Index m/m,BUSINESS,LOW,Y,0.0,0.0,0.0,MT5 economic calendar (broker time UTC+3)
2026-08-25 09:00,2026-08-25,NOK,Unemployment Rate,JOBS,LOW,Y,4.2,4.6,4.5,MT5 economic calendar (broker time UTC+3)
2026-08-25 09:00,2026-08-25,SEK,Business Inventories Change,BUSINESS,LOW,Y,-4.602,0.0,11.67,MT5 economic calendar (broker time UTC+3)
2026-08-25 09:45,2026-08-25,EUR,Consumer Confidence Index,CONSUMER,LOW,Y,86.0,87.0,86.0,MT5 economic calendar (broker time UTC+3)
2026-08-25 10:00,2026-08-25,EUR,PPI y/y,PRICES,LOW,Y,9.2,6.7,7.0,MT5 economic calendar (broker time UTC+3)
2026-08-25 10:30,2026-08-25,SEK,Riksbank Monetary Policy Meeting Minutes,MONEY,MODERATE,Y,0.0,0.0,0.0,MT5 economic calendar (broker time UTC+3)
2026-08-25 11:30,2026-08-25,EUR,Ifo Business Climate,BUSINESS,MODERATE,Y,88.8,84.7,85.6,MT5 economic calendar (broker time UTC+3)
2026-08-25 11:30,2026-08-25,EUR,Ifo Business Expectations,BUSINESS,MODERATE,Y,89.1,83.6,84.1,MT5 economic calendar (broker time UTC+3)
2026-08-25 11:30,2026-08-25,EUR,Ifo Current Business Situation,BUSINESS,MODERATE,Y,88.5,86.0,87.0,MT5 economic calendar (broker time UTC+3)
2026-08-25 11:30,2026-08-25,HKD,Exports y/y,TRADE,LOW,Y,50.7,51.3,53.4,MT5 economic calendar (broker time UTC+3)
2026-08-25 11:30,2026-08-25,HKD,Imports y/y,TRADE,LOW,Y,41.0,47.1,45.4,MT5 economic calendar (broker time UTC+3)
2026-08-25 11:30,2026-08-25,HKD,Trade Balance,TRADE,LOW,Y,-4.9,-40.578,-52.0,MT5 economic calendar (broker time UTC+3)
2026-08-25 12:41,2026-08-25,EUR,2-Year Note Auction,MARKET,LOW,Y,2.85,0.0,2.78,MT5 economic calendar (broker time UTC+3)
2026-08-25 14:00,2026-08-25,BRL,FGV Consumer Confidence,CONSUMER,LOW,Y,84.7,0.0,88.3,MT5 economic calendar (broker time UTC+3)
2026-08-25 16:00,2026-08-25,USD,HPI,HOUSING,LOW,Y,442.5,441.7,442.4,MT5 economic calendar (broker time UTC+3)
2026-08-25 16:00,2026-08-25,USD,HPI m/m,HOUSING,LOW,Y,0.0,0.1,0.3,MT5 economic calendar (broker time UTC+3)
2026-08-25 16:00,2026-08-25,USD,HPI y/y,HOUSING,LOW,Y,2.3,2.2,2.2,MT5 economic calendar (broker time UTC+3)
2026-08-25 16:00,2026-08-25,USD,S&P/CS HPI Composite-20 n.s.a. m/m,HOUSING,MODERATE,Y,0.43,0.6,0.9,MT5 economic calendar (broker time UTC+3)
2026-08-25 16:00,2026-08-25,USD,S&P/CS HPI Composite-20 s.a. m/m,HOUSING,LOW,Y,0.24,0.3,0.1,MT5 economic calendar (broker time UTC+3)
2026-08-25 16:00,2026-08-25,USD,S&P/CS HPI Composite-20 y/y,HOUSING,MODERATE,Y,2.1,1.7,1.6,MT5 economic calendar (broker time UTC+3)
2026-08-25 17:00,2026-08-25,USD,CB Consumer Confidence Index,CONSUMER,HIGH,Y,89.4,91.8,90.8,MT5 economic calendar (broker time UTC+3)
2026-08-25 17:00,2026-08-25,USD,New Home Sales,HOUSING,HIGH,Y,0.607,0.64,0.628,MT5 economic calendar (broker time UTC+3)
2026-08-25 17:00,2026-08-25,USD,New Home Sales m/m,HOUSING,MODERATE,Y,-10.5,5.6,1.6,MT5 economic calendar (broker time UTC+3)
2026-08-25 17:00,2026-08-25,USD,Richmond Fed Manufacturing Index,BUSINESS,LOW,Y,0.0,-4.0,5.0,MT5 economic calendar (broker time UTC+3)
2026-08-25 17:00,2026-08-25,USD,Richmond Fed Manufacturing Shipments,BUSINESS,LOW,Y,11.0,0.0,8.0,MT5 economic calendar (broker time UTC+3)
2026-08-25 17:00,2026-08-25,USD,Richmond Fed Services Revenues,BUSINESS,LOW,Y,-8.0,-8.0,-3.0,MT5 economic calendar (broker time UTC+3)
2026-08-25 18:00,2026-08-25,MXN,Current Account,TRADE,LOW,Y,8.927,-6.063,-15.878,MT5 economic calendar (broker time UTC+3)
2026-08-25 18:00,2026-08-25,MXN,Current Account - GDP Ratio,TRADE,LOW,Y,1.65,-1.08,-3.14,MT5 economic calendar (broker time UTC+3)
2026-08-25 20:00,2026-08-25,USD,2-Year Note Auction,MARKET,MODERATE,Y,0.0,0.0,4.315,MT5 economic calendar (broker time UTC+3)
2026-08-26 00:00,2026-08-26,INR,Eid e Milad,HOLIDAYS,NONE,Y,0.0,0.0,0.0,MT5 economic calendar (broker time UTC+3)
2026-08-26 00:00,2026-08-26,KRW,BOK Manufacturing BSI,BUSINESS,LOW,Y,81.0,84.0,82.0,MT5 economic calendar (broker time UTC+3)
2026-08-26 02:50,2026-08-26,JPY,BoJ Corporate Services Price Index y/y,PRICES,LOW,Y,3.6,3.5,3.2,MT5 economic calendar (broker time UTC+3)
2026-08-26 04:30,2026-08-26,AUD,Construction Work Done q/q,BUSINESS,MODERATE,Y,-2.1,0.2,3.4,MT5 economic calendar (broker time UTC+3)
2026-08-26 08:00,2026-08-26,SGD,Industrial Production m/m,BUSINESS,LOW,Y,2.3,-0.3,-7.2,MT5 economic calendar (broker time UTC+3)
2026-08-26 08:00,2026-08-26,SGD,Industrial Production y/y,BUSINESS,LOW,Y,6.8,6.5,7.2,MT5 economic calendar (broker time UTC+3)
2026-08-26 09:00,2026-08-26,SEK,PPI m/m,PRICES,LOW,Y,0.1,1.0,0.1,MT5 economic calendar (broker time UTC+3)
2026-08-26 09:00,2026-08-26,SEK,PPI y/y,PRICES,LOW,Y,6.4,6.4,7.4,MT5 economic calendar (broker time UTC+3)
2026-08-26 11:00,2026-08-26,CHF,Credit Suisse Economic Expectations,BUSINESS,LOW,Y,0.0,-2.3,10.0,MT5 economic calendar (broker time UTC+3)
2026-08-26 12:41,2026-08-26,EUR,30-Year Bond Auction,MARKET,LOW,Y,3.68,0.0,3.65,MT5 economic calendar (broker time UTC+3)
2026-08-26 13:00,2026-08-26,EUR,2-Year CTZ Auction,MARKET,LOW,Y,3.02,0.0,2.92,MT5 economic calendar (broker time UTC+3)
2026-08-26 15:00,2026-08-26,BRL,Mid-Month CPI m/m,PRICES,LOW,Y,-0.4,0.27,0.06,MT5 economic calendar (broker time UTC+3)
2026-08-26 15:00,2026-08-26,BRL,Mid-Month CPI y/y,PRICES,LOW,Y,4.24,4.92,4.52,MT5 economic calendar (broker time UTC+3)
2026-08-26 15:30,2026-08-26,USD,Core Durable Goods Orders m/m,BUSINESS,MODERATE,Y,0.4,1.0,0.6,MT5 economic calendar (broker time UTC+3)
2026-08-26 15:30,2026-08-26,USD,Core PCE Price Index m/m,PRICES,HIGH,Y,0.2,0.2,0.1,MT5 economic calendar (broker time UTC+3)
2026-08-26 15:30,2026-08-26,USD,Core PCE Price Index q/q,PRICES,LOW,Y,3.6,3.4,3.4,MT5 economic calendar (broker time UTC+3)
2026-08-26 15:30,2026-08-26,USD,Core PCE Price Index y/y,PRICES,HIGH,Y,3.3,3.3,3.3,MT5 economic calendar (broker time UTC+3)
2026-08-26 15:30,2026-08-26,USD,Corporate Profits q/q,BUSINESS,LOW,Y,8.2,-1.9,0.5,MT5 economic calendar (broker time UTC+3)
2026-08-26 15:30,2026-08-26,USD,Durable Goods Orders excl. Defense m/m,BUSINESS,LOW,Y,1.3,2.6,0.3,MT5 economic calendar (broker time UTC+3)
2026-08-26 15:30,2026-08-26,USD,Durable Goods Orders m/m,BUSINESS,HIGH,Y,1.1,0.8,0.3,MT5 economic calendar (broker time UTC+3)
2026-08-26 15:30,2026-08-26,USD,GDP Price Index q/q,PRICES,LOW,Y,6.4,6.2,6.2,MT5 economic calendar (broker time UTC+3)
2026-08-26 15:30,2026-08-26,USD,GDP Sales q/q,GDP,HIGH,Y,2.2,2.2,2.2,MT5 economic calendar (broker time UTC+3)
2026-08-26 15:30,2026-08-26,USD,GDP q/q,GDP,HIGH,Y,1.5,1.5,1.5,MT5 economic calendar (broker time UTC+3)
2026-08-26 15:30,2026-08-26,USD,Nondefense Capital Goods Orders excl. Aircraft m/m,BUSINESS,LOW,Y,0.2,0.5,0.9,MT5 economic calendar (broker time UTC+3)
2026-08-26 15:30,2026-08-26,USD,Nondefense Capital Goods Shipments excl. Aircraft m/m,BUSINESS,LOW,Y,1.4,0.9,2.0,MT5 economic calendar (broker time UTC+3)
2026-08-26 15:30,2026-08-26,USD,PCE Price Index m/m,PRICES,MODERATE,Y,0.2,0.0,-0.1,MT5 economic calendar (broker time UTC+3)
2026-08-26 15:30,2026-08-26,USD,PCE Price Index q/q,PRICES,LOW,Y,5.3,5.1,5.1,MT5 economic calendar (broker time UTC+3)
2026-08-26 15:30,2026-08-26,USD,PCE Price Index y/y,PRICES,MODERATE,Y,3.7,3.0,3.7,MT5 economic calendar (broker time UTC+3)
2026-08-26 15:30,2026-08-26,USD,Personal Income m/m,CONSUMER,LOW,Y,0.4,0.7,0.2,MT5 economic calendar (broker time UTC+3)
2026-08-26 15:30,2026-08-26,USD,Personal Spending m/m,CONSUMER,MODERATE,Y,0.2,0.5,0.3,MT5 economic calendar (broker time UTC+3)
2026-08-26 15:30,2026-08-26,USD,Real PCE m/m,CONSUMER,LOW,Y,0.0,0.2,0.4,MT5 economic calendar (broker time UTC+3)
2026-08-26 15:30,2026-08-26,USD,Real PCE q/q,CONSUMER,MODERATE,Y,3.4,3.2,3.2,MT5 economic calendar (broker time UTC+3)
2026-08-26 17:30,2026-08-26,EUR,Bbk Executive Board Member Balz Speech,MONEY,MODERATE,Y,0.0,0.0,0.0,MT5 economic calendar (broker time UTC+3)
2026-08-26 17:30,2026-08-26,USD,EIA Crude Oil Imports Change,BUSINESS,LOW,Y,-0.161,-1.532,-1.754,MT5 economic calendar (broker time UTC+3)
2026-08-26 17:30,2026-08-26,USD,EIA Crude Oil Stocks Change,BUSINESS,HIGH,Y,0.095,5.39,4.405,MT5 economic calendar (broker time UTC+3)
2026-08-26 17:30,2026-08-26,USD,EIA Cushing Crude Oil Stocks Change,BUSINESS,MODERATE,Y,1.176,-1.447,-1.314,MT5 economic calendar (broker time UTC+3)
2026-08-26 17:30,2026-08-26,USD,EIA Distillate Fuel Production Change,BUSINESS,LOW,Y,-0.091,0.044,-0.054,MT5 economic calendar (broker time UTC+3)
2026-08-26 17:30,2026-08-26,USD,EIA Distillates Stocks Change,BUSINESS,LOW,Y,-2.228,-0.653,-1.53,MT5 economic calendar (broker time UTC+3)
2026-08-26 17:30,2026-08-26,USD,EIA Gasoline Production Change,BUSINESS,LOW,Y,0.061,-0.063,0.143,MT5 economic calendar (broker time UTC+3)
2026-08-26 17:30,2026-08-26,USD,EIA Gasoline Stocks Change,BUSINESS,LOW,Y,-2.536,-0.048,0.688,MT5 economic calendar (broker time UTC+3)
2026-08-26 17:30,2026-08-26,USD,EIA Heating Oil Stocks Change,BUSINESS,LOW,Y,0.027,-0.275,-0.537,MT5 economic calendar (broker time UTC+3)
2026-08-26 17:30,2026-08-26,USD,EIA Refinery Crude Oil Daily Inputs Change,BUSINESS,LOW,Y,-0.002,0.0,0.216,MT5 economic calendar (broker time UTC+3)
2026-08-26 17:30,2026-08-26,USD,EIA Refinery Utilization Rate Change,BUSINESS,LOW,Y,0.2,0.0,1.0,MT5 economic calendar (broker time UTC+3)
2026-08-26 18:59,2026-08-26,USD,Dallas Fed Trimmed Mean PCE Inflation Rate,PRICES,LOW,Y,2.2,1.7,1.4,MT5 economic calendar (broker time UTC+3)
2026-08-26 20:00,2026-08-26,USD,5-Year Note Auction,MARKET,MODERATE,Y,0.0,0.0,4.408,MT5 economic calendar (broker time UTC+3)
2026-08-26 20:30,2026-08-26,BRL,Foreign Exchange Flows,MONEY,LOW,Y,-4.056,-0.74,0.851,MT5 economic calendar (broker time UTC+3)
2026-08-27 01:00,2026-08-27,EUR,Jobseekers Total,JOBS,MODERATE,Y,0.0,3177.0,3121500.0,MT5 economic calendar (broker time UTC+3)
2026-08-27 02:50,2026-08-27,JPY,Foreign Bond Investment,GOVERNMENT,LOW,Y,-1978.4,0.0,1135.1,MT5 economic calendar (broker time UTC+3)
2026-08-27 02:50,2026-08-27,JPY,Foreign Investment in Japan Stocks,GOVERNMENT,LOW,Y,-764.1,0.0,621.2,MT5 economic calendar (broker time UTC+3)
2026-08-27 04:00,2026-08-27,KRW,BOK Interest Rate Decision,MONEY,LOW,Y,3.0,0.0,2.75,MT5 economic calendar (broker time UTC+3)
2026-08-27 04:00,2026-08-27,KRW,BOK Monetary Policy Board Meeting,MONEY,MODERATE,Y,0.0,0.0,0.0,MT5 economic calendar (broker time UTC+3)
2026-08-27 04:30,2026-08-27,AUD,Building Capital Expenditure q/q,BUSINESS,LOW,Y,2.1,-1.6,-3.8,MT5 economic calendar (broker time UTC+3)
2026-08-27 04:30,2026-08-27,AUD,"Equipment, Plant and Machinery Capital Expenditure q/q",BUSINESS,LOW,Y,-8.9,9.6,18.1,MT5 economic calendar (broker time UTC+3)
2026-08-27 04:30,2026-08-27,AUD,Private New Capital Expenditure q/q,BUSINESS,MODERATE,Y,-3.6,0.7,6.5,MT5 economic calendar (broker time UTC+3)
2026-08-27 04:30,2026-08-27,AUD,RBA Bulletin,MONEY,MODERATE,Y,0.0,0.0,0.0,MT5 economic calendar (broker time UTC+3)
2026-08-27 04:30,2026-08-27,CNY,Industrial Profit YTD y/y,BUSINESS,LOW,Y,17.6,0.0,18.7,MT5 economic calendar (broker time UTC+3)
2026-08-27 09:00,2026-08-27,EUR,GfK Consumer Climate,CONSUMER,MODERATE,Y,-26.6,-29.5,-29.6,MT5 economic calendar (broker time UTC+3)
2026-08-27 09:00,2026-08-27,NOK,GDP Mainland q/q,GDP,LOW,Y,0.3,0.2,0.2,MT5 economic calendar (broker time UTC+3)
2026-08-27 09:00,2026-08-27,NOK,GDP q/q,GDP,LOW,Y,0.7,0.0,0.4,MT5 economic calendar (broker time UTC+3)
2026-08-27 09:00,2026-08-27,NOK,GDP y/y,GDP,LOW,Y,2.0,1.9,1.7,MT5 economic calendar (broker time UTC+3)
2026-08-27 09:00,2026-08-27,SEK,Goods Trade Balance,TRADE,LOW,Y,1.2,-7.4,2.6,MT5 economic calendar (broker time UTC+3)
2026-08-27 09:00,2026-08-27,SEK,Households Loans y/y,MONEY,LOW,Y,3.3,-45.7,3.2,MT5 economic calendar (broker time UTC+3)
2026-08-27 09:00,2026-08-27,SEK,M3 Money Supply y/y,MONEY,LOW,Y,3.2,0.0,3.3,MT5 economic calendar (broker time UTC+3)
2026-08-27 09:00,2026-08-27,SEK,Non-Financial Corporations Loans y/y,MONEY,LOW,Y,3.5,0.0,3.9,MT5 economic calendar (broker time UTC+3)
2026-08-27 09:30,2026-08-27,CHF,Employment Level,JOBS,MODERATE,Y,5.698,5.54,5.537,MT5 economic calendar (broker time UTC+3)
2026-08-27 09:45,2026-08-27,EUR,PPI m/m,PRICES,LOW,Y,-0.4,-0.8,-0.2,MT5 economic calendar (broker time UTC+3)
2026-08-27 11:00,2026-08-27,EUR,ECB Households Loans y/y,MONEY,MODERATE,Y,3.1,2.9,3.0,MT5 economic calendar (broker time UTC+3)
2026-08-27 11:00,2026-08-27,EUR,ECB M3 Money Supply y/y,MONEY,LOW,Y,3.4,3.7,3.3,MT5 economic calendar (broker time UTC+3)
2026-08-27 11:00,2026-08-27,EUR,ECB Non-Financial Corporations Loans y/y,MONEY,LOW,Y,4.4,3.8,4.0,MT5 economic calendar (broker time UTC+3)
2026-08-27 11:00,2026-08-27,EUR,ECB Private Sector Loans y/y,MONEY,LOW,Y,4.1,4.1,3.9,MT5 economic calendar (broker time UTC+3)
2026-08-27 12:30,2026-08-27,EUR,6-Month BOT Auction,MARKET,LOW,Y,2.472,0.0,2.567,MT5 economic calendar (broker time UTC+3)
2026-08-27 12:30,2026-08-27,ZAR,PPI m/m,PRICES,LOW,Y,-1.0,-1.5,-0.1,MT5 economic calendar (broker time UTC+3)
2026-08-27 12:30,2026-08-27,ZAR,PPI y/y,PRICES,LOW,Y,5.7,7.3,7.5,MT5 economic calendar (broker time UTC+3)
2026-08-27 14:30,2026-08-27,BRL,Current Account,TRADE,LOW,Y,-8.11,-4.803,-2.33,MT5 economic calendar (broker time UTC+3)
2026-08-27 14:30,2026-08-27,BRL,Foreign Direct Investment,MONEY,LOW,Y,7.46,6.257,9.075,MT5 economic calendar (broker time UTC+3)
2026-08-27 14:30,2026-08-27,EUR,ECB Monetary Policy Meeting Accounts,MONEY,MODERATE,Y,0.0,0.0,0.0,MT5 economic calendar (broker time UTC+3)
2026-08-27 15:00,2026-08-27,BRL,Unemployment Rate 3-months,JOBS,MODERATE,Y,5.3,5.6,5.4,MT5 economic calendar (broker time UTC+3)
2026-08-27 15:00,2026-08-27,MXN,Trade Balance,TRADE,LOW,Y,0.465,2.581,3.843,MT5 economic calendar (broker time UTC+3)
2026-08-27 15:00,2026-08-27,MXN,Trade Balance n.s.a.,TRADE,LOW,Y,-0.848,6.173,4.09,MT5 economic calendar (broker time UTC+3)
2026-08-27 15:00,2026-08-27,MXN,Unemployment Rate,JOBS,LOW,Y,2.9,2.7,2.9,MT5 economic calendar (broker time UTC+3)
2026-08-27 15:00,2026-08-27,MXN,Unemployment Rate n.s.a.,JOBS,LOW,Y,2.7,2.7,2.8,MT5 economic calendar (broker time UTC+3)
2026-08-27 15:30,2026-08-27,CAD,Current Account,TRADE,MODERATE,Y,8.836,-4.065,-7.184,MT5 economic calendar (broker time UTC+3)
2026-08-27 15:30,2026-08-27,USD,Continuing Jobless Claims,JOBS,MODERATE,Y,1.778,1.79,1.799,MT5 economic calendar (broker time UTC+3)
2026-08-27 15:30,2026-08-27,USD,Goods Trade Balance,TRADE,MODERATE,Y,-118.806,-104.172,-101.461,MT5 economic calendar (broker time UTC+3)
2026-08-27 15:30,2026-08-27,USD,Initial Jobless Claims,JOBS,HIGH,Y,203.0,216.0,206.0,MT5 economic calendar (broker time UTC+3)
2026-08-27 15:30,2026-08-27,USD,Initial Jobless Claims 4-Week Average,JOBS,LOW,Y,205.5,208.459,204.0,MT5 economic calendar (broker time UTC+3)
2026-08-27 15:30,2026-08-27,USD,Retail Inventories excl. Autos m/m,CONSUMER,MODERATE,Y,0.7,0.0,-0.4,MT5 economic calendar (broker time UTC+3)
2026-08-27 15:30,2026-08-27,USD,Retail Inventories m/m,CONSUMER,MODERATE,Y,0.7,-0.1,-0.2,MT5 economic calendar (broker time UTC+3)
2026-08-27 15:30,2026-08-27,USD,Wholesale Inventories m/m,BUSINESS,LOW,Y,1.3,0.0,0.2,MT5 economic calendar (broker time UTC+3)
2026-08-27 17:30,2026-08-27,USD,EIA Natural Gas Storage Change,BUSINESS,LOW,Y,15.0,2.0,16.0,MT5 economic calendar (broker time UTC+3)
2026-08-27 18:00,2026-08-27,USD,Kansas City Fed Manufacturing Composite Index,BUSINESS,LOW,Y,10.0,7.0,9.0,MT5 economic calendar (broker time UTC+3)
2026-08-27 18:00,2026-08-27,USD,Kansas City Fed Manufacturing Production,BUSINESS,LOW,Y,17.0,21.0,17.0,MT5 economic calendar (broker time UTC+3)
2026-08-27 18:30,2026-08-27,USD,4-Week Bill Auction,MARKET,LOW,Y,3.65,0.0,3.64,MT5 economic calendar (broker time UTC+3)
2026-08-27 18:30,2026-08-27,USD,8-Week Bill Auction,MARKET,LOW,Y,3.67,0.0,3.655,MT5 economic calendar (broker time UTC+3)
2026-08-27 20:00,2026-08-27,USD,7-Year Note Auction,MARKET,MODERATE,Y,0.0,0.0,4.473,MT5 economic calendar (broker time UTC+3)
2026-08-28 02:30,2026-08-28,JPY,Jobs to Applicants Ratio,JOBS,LOW,Y,0.0,1.17,1.18,MT5 economic calendar (broker time UTC+3)
2026-08-28 02:30,2026-08-28,JPY,Tokyo CPI excl. Food and Energy y/y,PRICES,HIGH,Y,0.0,2.0,2.0,MT5 economic calendar (broker time UTC+3)
2026-08-28 02:30,2026-08-28,JPY,Tokyo CPI s.a. m/m,PRICES,LOW,Y,0.0,0.0,0.4,MT5 economic calendar (broker time UTC+3)
2026-08-28 02:30,2026-08-28,JPY,Tokyo CPI y/y,PRICES,LOW,Y,0.0,2.0,2.0,MT5 economic calendar (broker time UTC+3)
2026-08-28 02:30,2026-08-28,JPY,Tokyo Core CPI y/y,PRICES,MODERATE,Y,0.0,2.2,1.9,MT5 economic calendar (broker time UTC+3)
2026-08-28 02:30,2026-08-28,JPY,Unemployment Rate,JOBS,LOW,Y,2.4,2.5,2.5,MT5 economic calendar (broker time UTC+3)
2026-08-28 09:00,2026-08-28,NOK,Retail Sales m/m,CONSUMER,LOW,Y,-0.7,0.2,1.8,MT5 economic calendar (broker time UTC+3)
2026-08-28 09:00,2026-08-28,NOK,Retail Sales y/y,CONSUMER,LOW,Y,-2.0,-2.1,-0.3,MT5 economic calendar (broker time UTC+3)
2026-08-28 09:00,2026-08-28,SEK,GDP q/q,GDP,MODERATE,Y,1.6,1.4,1.4,MT5 economic calendar (broker time UTC+3)
2026-08-28 09:00,2026-08-28,SEK,GDP y/y,GDP,MODERATE,Y,3.3,2.8,2.8,MT5 economic calendar (broker time UTC+3)
2026-08-28 09:00,2026-08-28,SEK,Retail Sales m/m,CONSUMER,LOW,Y,-0.2,1.2,1.0,MT5 economic calendar (broker time UTC+3)
2026-08-28 09:00,2026-08-28,SEK,Retail Sales y/y,CONSUMER,LOW,Y,6.2,3.9,6.6,MT5 economic calendar (broker time UTC+3)
2026-08-28 09:45,2026-08-28,EUR,CPI m/m,PRICES,MODERATE,Y,0.7,0.3,0.6,MT5 economic calendar (broker time UTC+3)
2026-08-28 09:45,2026-08-28,EUR,CPI y/y,PRICES,LOW,Y,2.4,2.3,2.1,MT5 economic calendar (broker time UTC+3)
2026-08-28 09:45,2026-08-28,EUR,Consumer Spending m/m,CONSUMER,MODERATE,Y,0.5,0.0,0.4,MT5 economic calendar (broker time UTC+3)
2026-08-28 09:45,2026-08-28,EUR,GDP q/q,GDP,MODERATE,Y,0.0,0.2,0.2,MT5 economic calendar (broker time UTC+3)
2026-08-28 09:45,2026-08-28,EUR,GDP y/y,GDP,MODERATE,Y,0.5,0.7,0.7,MT5 economic calendar (broker time UTC+3)
2026-08-28 09:45,2026-08-28,EUR,HICP m/m,PRICES,MODERATE,Y,0.8,0.2,0.6,MT5 economic calendar (broker time UTC+3)
2026-08-28 09:45,2026-08-28,EUR,HICP y/y,PRICES,LOW,Y,2.7,2.5,2.4,MT5 economic calendar (broker time UTC+3)
2026-08-28 10:00,2026-08-28,CHF,KOF Economic Barometer,BUSINESS,MODERATE,Y,0.0,100.5,103.5,MT5 economic calendar (broker time UTC+3)
2026-08-28 10:00,2026-08-28,EUR,CPI m/m,PRICES,LOW,Y,0.7,0.0,0.0,MT5 economic calendar (broker time UTC+3)
2026-08-28 10:00,2026-08-28,EUR,CPI y/y,PRICES,MODERATE,Y,4.3,0.0,0.0,MT5 economic calendar (broker time UTC+3)
2026-08-28 10:00,2026-08-28,EUR,HICP m/m,PRICES,LOW,Y,0.6,0.0,0.0,MT5 economic calendar (broker time UTC+3)
2026-08-28 10:00,2026-08-28,EUR,HICP y/y,PRICES,MODERATE,Y,4.5,0.0,0.0,MT5 economic calendar (broker time UTC+3)
2026-08-28 10:00,2026-08-28,EUR,Retail Sales y/y,CONSUMER,LOW,Y,-0.3,0.9,0.5,MT5 economic calendar (broker time UTC+3)
2026-08-28 10:55,2026-08-28,EUR,Unemployment,JOBS,MODERATE,Y,2.996,2.991,2.993,MT5 economic calendar (broker time UTC+3)
2026-08-28 10:55,2026-08-28,EUR,Unemployment Change,JOBS,MODERATE,Y,4.0,1.0,6.0,MT5 economic calendar (broker time UTC+3)
2026-08-28 10:55,2026-08-28,EUR,Unemployment Rate,JOBS,MODERATE,Y,6.4,6.3,6.4,MT5 economic calendar (broker time UTC+3)
2026-08-28 10:55,2026-08-28,EUR,Unemployment n.s.a.,JOBS,LOW,Y,3.061,3.078,3.007,MT5 economic calendar (broker time UTC+3)
2026-08-28 11:00,2026-08-28,EUR,Industrial Sales  y/y,BUSINESS,LOW,Y,3.1,2.0,5.3,MT5 economic calendar (broker time UTC+3)
2026-08-28 11:00,2026-08-28,EUR,Industrial Sales m/m,BUSINESS,LOW,Y,-1.0,-0.7,0.6,MT5 economic calendar (broker time UTC+3)
2026-08-28 11:00,2026-08-28,NOK,NAV Unemployment Change,JOBS,LOW,Y,80.064,65.22,79.275,MT5 economic calendar (broker time UTC+3)
2026-08-28 11:00,2026-08-28,NOK,NAV Unemployment Rate n.s.a.,JOBS,LOW,Y,2.1,1.9,2.1,MT5 economic calendar (broker time UTC+3)
2026-08-28 12:00,2026-08-28,EUR,Business Climate Indicator,BUSINESS,LOW,Y,-0.23,-0.19,-0.19,MT5 economic calendar (broker time UTC+3)
2026-08-28 12:00,2026-08-28,EUR,Business Confidence,BUSINESS,LOW,Y,89.9,88.0,89.6,MT5 economic calendar (broker time UTC+3)
2026-08-28 12:00,2026-08-28,EUR,Consumer Confidence,CONSUMER,LOW,Y,94.5,94.4,94.2,MT5 economic calendar (broker time UTC+3)
2026-08-28 12:00,2026-08-28,EUR,Consumer Confidence Index,CONSUMER,LOW,Y,-15.5,-15.5,-15.5,MT5 economic calendar (broker time UTC+3)
2026-08-28 12:00,2026-08-28,EUR,Consumer Price Expectations,CONSUMER,HIGH,Y,33.0,24.4,30.3,MT5 economic calendar (broker time UTC+3)
2026-08-28 12:00,2026-08-28,EUR,Economic Sentiment Indicator,BUSINESS,MODERATE,Y,98.4,96.9,96.9,MT5 economic calendar (broker time UTC+3)
2026-08-28 12:00,2026-08-28,EUR,Industrial Confidence Indicator,BUSINESS,LOW,Y,-5.3,-6.8,-6.1,MT5 economic calendar (broker time UTC+3)
2026-08-28 12:00,2026-08-28,EUR,Industry Selling Price Expectations,BUSINESS,LOW,Y,16.4,12.1,17.7,MT5 economic calendar (broker time UTC+3)
2026-08-28 12:00,2026-08-28,EUR,Services Sentiment Indicator,BUSINESS,LOW,Y,5.8,4.0,4.7,MT5 economic calendar (broker time UTC+3)
2026-08-28 12:41,2026-08-28,EUR,10-Year BTP Auction,MARKET,LOW,Y,4.1,0.0,4.0,MT5 economic calendar (broker time UTC+3)
2026-08-28 12:41,2026-08-28,EUR,5-Year BTP Auction,MARKET,LOW,Y,3.44,0.0,3.39,MT5 economic calendar (broker time UTC+3)
2026-08-28 13:30,2026-08-28,INR,Industrial Production FYTD y/y,BUSINESS,LOW,Y,6.3,5.5,5.8,MT5 economic calendar (broker time UTC+3)
2026-08-28 13:30,2026-08-28,INR,Industrial Production y/y,BUSINESS,LOW,Y,6.7,5.0,7.3,MT5 economic calendar (broker time UTC+3)
2026-08-28 13:30,2026-08-28,INR,Manufacturing Production FYTD y/y,BUSINESS,LOW,Y,7.0,0.0,6.3,MT5 economic calendar (broker time UTC+3)
2026-08-28 13:30,2026-08-28,INR,Manufacturing Production y/y,BUSINESS,LOW,Y,7.3,5.3,7.8,MT5 economic calendar (broker time UTC+3)
2026-08-28 14:00,2026-08-28,BRL,FGV IGP-M Inflation Index m/m,PRICES,LOW,Y,-0.22,0.15,-1.16,MT5 economic calendar (broker time UTC+3)
2026-08-28 14:30,2026-08-28,BRL,BCB Bank Lending m/m,MONEY,LOW,Y,0.3,0.5,0.7,MT5 economic calendar (broker time UTC+3)
2026-08-28 14:30,2026-08-28,INR,Foreign Exchange Reserves,MONEY,LOW,Y,729.328,724.378,716.907,MT5 economic calendar (broker time UTC+3)
2026-08-28 15:00,2026-08-28,BRL,PPI m/m,PRICES,LOW,Y,-0.83,-1.1,-0.77,MT5 economic calendar (broker time UTC+3)
2026-08-28 15:00,2026-08-28,BRL,PPI y/y,PRICES,LOW,Y,1.94,3.46,2.51,MT5 economic calendar (broker time UTC+3)
2026-08-28 15:30,2026-08-28,CAD,GDP Annualized q/q,GDP,MODERATE,Y,3.3,0.7,-0.1,MT5 economic calendar (broker time UTC+3)
2026-08-28 15:30,2026-08-28,CAD,GDP Implicit Price Index q/q,GDP,LOW,Y,2.5,0.7,1.1,MT5 economic calendar (broker time UTC+3)
2026-08-28 15:30,2026-08-28,CAD,GDP m/m,GDP,MODERATE,Y,0.3,0.1,0.3,MT5 economic calendar (broker time UTC+3)
2026-08-28 15:30,2026-08-28,CAD,GDP q/q,GDP,MODERATE,Y,0.8,0.0,0.0,MT5 economic calendar (broker time UTC+3)
2026-08-28 15:30,2026-08-28,CAD,GDP y/y,GDP,MODERATE,Y,2.0,1.2,1.7,MT5 economic calendar (broker time UTC+3)
2026-08-28 17:00,2026-08-28,USD,Michigan 5-Year Inflation Expectations,PRICES,MODERATE,Y,3.3,3.3,3.3,MT5 economic calendar (broker time UTC+3)
2026-08-28 17:00,2026-08-28,USD,Michigan Consumer Expectations,CONSUMER,MODERATE,Y,51.5,50.6,50.6,MT5 economic calendar (broker time UTC+3)
2026-08-28 17:00,2026-08-28,USD,Michigan Consumer Sentiment,CONSUMER,MODERATE,Y,51.7,51.0,51.0,MT5 economic calendar (broker time UTC+3)
2026-08-28 17:00,2026-08-28,USD,Michigan Current Conditions,CONSUMER,LOW,Y,51.9,51.8,51.8,MT5 economic calendar (broker time UTC+3)
2026-08-28 17:00,2026-08-28,USD,Michigan Inflation Expectations,PRICES,MODERATE,Y,4.0,4.3,4.3,MT5 economic calendar (broker time UTC+3)
2026-08-28 18:00,2026-08-28,CAD,Budget Balance,GOVERNMENT,LOW,Y,0.989,-1.373,-0.313,MT5 economic calendar (broker time UTC+3)
2026-08-28 18:00,2026-08-28,CAD,"Budget Balance, Fiscal Year",GOVERNMENT,LOW,Y,-0.37,-17.633,-1.359,MT5 economic calendar (broker time UTC+3)
2026-08-28 19:00,2026-08-28,EUR,ECB Executive Board Member Schnabel Speech,MONEY,MODERATE,Y,0.0,0.0,0.0,MT5 economic calendar (broker time UTC+3)
2026-08-28 20:00,2026-08-28,USD,Baker Hughes US Oil Rig Count,BUSINESS,MODERATE,Y,447.0,0.0,452.0,MT5 economic calendar (broker time UTC+3)
2026-08-28 20:00,2026-08-28,USD,Baker Hughes US Total Rig Count,BUSINESS,MODERATE,Y,588.0,0.0,588.0,MT5 economic calendar (broker time UTC+3)
2026-08-28 22:30,2026-08-28,AUD,CFTC AUD Non-Commercial Net Positions,MARKET,MODERATE,Y,-44.5,0.0,-44.2,MT5 economic calendar (broker time UTC+3)
2026-08-28 22:30,2026-08-28,BRL,CFTC BRL Non-Commercial Net Positions,MARKET,MODERATE,Y,67.9,0.0,68.7,MT5 economic calendar (broker time UTC+3)
2026-08-28 22:30,2026-08-28,CAD,CFTC CAD Non-Commercial Net Positions,MARKET,LOW,Y,-121.5,0.0,-158.2,MT5 economic calendar (broker time UTC+3)
2026-08-28 22:30,2026-08-28,CHF,CFTC CHF Non-Commercial Net Positions,MARKET,LOW,Y,-19.9,0.0,-27.3,MT5 economic calendar (broker time UTC+3)
2026-08-28 22:30,2026-08-28,EUR,CFTC EUR Non-Commercial Net Positions,MARKET,MODERATE,Y,-36.4,0.0,-59.1,MT5 economic calendar (broker time UTC+3)
2026-08-28 22:30,2026-08-28,GBP,CFTC GBP Non-Commercial Net Positions,MARKET,MODERATE,Y,-44.5,0.0,-54.6,MT5 economic calendar (broker time UTC+3)
2026-08-28 22:30,2026-08-28,JPY,CFTC JPY Non-Commercial Net Positions,MARKET,MODERATE,Y,-63.3,0.0,-52.9,MT5 economic calendar (broker time UTC+3)
2026-08-28 22:30,2026-08-28,MXN,CFTC MXN Non-Commercial Net Positions,MARKET,LOW,Y,82.4,0.0,79.5,MT5 economic calendar (broker time UTC+3)
2026-08-28 22:30,2026-08-28,NZD,CFTC NZD Non-Commercial Net Positions,MARKET,LOW,Y,-14.2,0.0,-32.6,MT5 economic calendar (broker time UTC+3)
2026-08-28 22:30,2026-08-28,USD,CFTC Aluminium Non-Commercial Net Positions,MARKET,LOW,Y,0.0,0.0,-0.5,MT5 economic calendar (broker time UTC+3)
2026-08-28 22:30,2026-08-28,USD,CFTC Copper Non-Commercial Net Positions,MARKET,LOW,Y,85.3,0.0,79.7,MT5 economic calendar (broker time UTC+3)
2026-08-28 22:30,2026-08-28,USD,CFTC Corn Non-Commercial Net Positions,MARKET,LOW,Y,440.9,0.0,302.1,MT5 economic calendar (broker time UTC+3)
2026-08-28 22:30,2026-08-28,USD,CFTC Crude Oil Non-Commercial Net Positions,MARKET,MODERATE,Y,123.4,0.0,122.1,MT5 economic calendar (broker time UTC+3)
2026-08-28 22:30,2026-08-28,USD,CFTC Gold Non-Commercial Net Positions,MARKET,MODERATE,Y,243.3,0.0,222.2,MT5 economic calendar (broker time UTC+3)
2026-08-28 22:30,2026-08-28,USD,CFTC Nasdaq 100 Non-Commercial Net Positions,MARKET,MODERATE,Y,10.0,0.0,-10.4,MT5 economic calendar (broker time UTC+3)
2026-08-28 22:30,2026-08-28,USD,CFTC Natural Gas Non-Commercial Net Positions,MARKET,LOW,Y,-197.9,0.0,-203.5,MT5 economic calendar (broker time UTC+3)
2026-08-28 22:30,2026-08-28,USD,CFTC S&P 500 Non-Commercial Net Positions,MARKET,MODERATE,Y,-68.0,0.0,-10.6,MT5 economic calendar (broker time UTC+3)
2026-08-28 22:30,2026-08-28,USD,CFTC Silver Non-Commercial Net Positions,MARKET,LOW,Y,25.3,0.0,23.6,MT5 economic calendar (broker time UTC+3)
2026-08-28 22:30,2026-08-28,USD,CFTC Soybeans Non-Commercial Net Positions,MARKET,LOW,Y,221.4,0.0,191.0,MT5 economic calendar (broker time UTC+3)
2026-08-28 22:30,2026-08-28,USD,CFTC Wheat Non-Commercial Net Positions,MARKET,LOW,Y,-6.8,0.0,-18.8,MT5 economic calendar (broker time UTC+3)
2026-08-28 22:30,2026-08-28,ZAR,CFTC ZAR Non-Commercial Net Positions,MARKET,LOW,Y,11.9,0.0,8.5,MT5 economic calendar (broker time UTC+3)
2026-08-29 00:47,2026-08-29,MXN,Fiscal Balance,TRADE,LOW,Y,-171.533,-0.9,-168.139,MT5 economic calendar (broker time UTC+3)
2026-08-30 19:00,2026-08-30,SGD,Bank Loans,MONEY,LOW,Y,939.059,929.686,931.376,MT5 economic calendar (broker time UTC+3)
2026-08-31 00:00,2026-08-31,GBP,Summer Bank Holiday,HOLIDAYS,NONE,Y,0.0,0.0,0.0,MT5 economic calendar (broker time UTC+3)
2026-08-31 02:00,2026-08-31,KRW,Index of Services m/m,CONSUMER,LOW,Y,-1.3,0.0,0.7,MT5 economic calendar (broker time UTC+3)
2026-08-31 02:00,2026-08-31,KRW,Industrial Production m/m,BUSINESS,LOW,Y,0.2,2.4,6.4,MT5 economic calendar (broker time UTC+3)
2026-08-31 02:00,2026-08-31,KRW,Industrial Production y/y,BUSINESS,LOW,Y,3.6,-1.9,5.8,MT5 economic calendar (broker time UTC+3)
2026-08-31 02:00,2026-08-31,KRW,Retail Sales m/m,CONSUMER,LOW,Y,-2.4,-0.2,2.7,MT5 economic calendar (broker time UTC+3)
2026-08-31 02:50,2026-08-31,JPY,Industrial Production Forecast 1-month Ahead m/m,BUSINESS,LOW,Y,6.4,0.0,1.2,MT5 economic calendar (broker time UTC+3)
2026-08-31 02:50,2026-08-31,JPY,Industrial Production Forecast 2-month Ahead m/m,BUSINESS,LOW,Y,-4.2,0.0,4.5,MT5 economic calendar (broker time UTC+3)
2026-08-31 02:50,2026-08-31,JPY,Industrial Production m/m,BUSINESS,MODERATE,Y,0.1,1.1,1.9,MT5 economic calendar (broker time UTC+3)
2026-08-31 02:50,2026-08-31,JPY,Industrial Production y/y,BUSINESS,LOW,Y,4.1,2.5,4.9,MT5 economic calendar (broker time UTC+3)
2026-08-31 02:50,2026-08-31,JPY,Large Retailer's Sales y/y,CONSUMER,MODERATE,Y,1.4,1.4,-1.0,MT5 economic calendar (broker time UTC+3)
2026-08-31 02:50,2026-08-31,JPY,Retail Sales m/m,CONSUMER,HIGH,Y,2.4,-0.6,-4.1,MT5 economic calendar (broker time UTC+3)
2026-08-31 02:50,2026-08-31,JPY,Retail Sales y/y,CONSUMER,LOW,Y,4.0,3.6,0.5,MT5 economic calendar (broker time UTC+3)
2026-08-31 04:00,2026-08-31,CNY,Composite PMI,BUSINESS,MODERATE,Y,49.5,0.0,49.3,MT5 economic calendar (broker time UTC+3)
2026-08-31 04:00,2026-08-31,CNY,Manufacturing PMI,BUSINESS,HIGH,Y,49.8,48.6,49.2,MT5 economic calendar (broker time UTC+3)
2026-08-31 04:00,2026-08-31,CNY,Non-Manufacturing PMI,BUSINESS,MODERATE,Y,49.0,49.7,49.0,MT5 economic calendar (broker time UTC+3)
2026-08-31 04:00,2026-08-31,NZD,ANZ Activity Outlook,BUSINESS,LOW,Y,48.2,64.8,49.3,MT5 economic calendar (broker time UTC+3)
2026-08-31 04:00,2026-08-31,NZD,ANZ Business Confidence,BUSINESS,LOW,Y,53.7,50.6,56.1,MT5 economic calendar (broker time UTC+3)
2026-08-31 04:30,2026-08-31,AUD,Business Inventories q/q,BUSINESS,LOW,Y,-0.2,0.2,0.5,MT5 economic calendar (broker time UTC+3)
2026-08-31 04:30,2026-08-31,AUD,Company Gross Operating Profits q/q,BUSINESS,MODERATE,Y,1.8,-2.7,-1.3,MT5 economic calendar (broker time UTC+3)
2026-08-31 04:30,2026-08-31,AUD,Company Profits Before Income Tax q/q,BUSINESS,LOW,Y,12.5,0.0,-4.1,MT5 economic calendar (broker time UTC+3)
2026-08-31 04:30,2026-08-31,AUD,RBA Housing Credit m/m,MONEY,LOW,Y,0.5,0.0,0.6,MT5 economic calendar (broker time UTC+3)
2026-08-31 04:30,2026-08-31,AUD,RBA Private Sector Credit m/m,MONEY,LOW,Y,0.6,0.7,0.8,MT5 economic calendar (broker time UTC+3)
2026-08-31 09:00,2026-08-31,ZAR,SARB M3 Money Supply y/y,MONEY,LOW,Y,8.57,9.48,9.31,MT5 economic calendar (broker time UTC+3)
2026-08-31 09:00,2026-08-31,ZAR,SARB Private Sector Credit y/y,MONEY,LOW,Y,7.41,7.13,7.8,MT5 economic calendar (broker time UTC+3)
2026-08-31 11:00,2026-08-31,EUR,Current Account,TRADE,LOW,Y,2.41,2.267,1.84,MT5 economic calendar (broker time UTC+3)
2026-08-31 11:30,2026-08-31,HKD,HKMA M3 Money Supply y/y,MONEY,LOW,Y,5.5,1.8,2.6,MT5 economic calendar (broker time UTC+3)
2026-08-31 11:30,2026-08-31,HKD,Retail Sales y/y,CONSUMER,LOW,Y,4.5,9.3,4.6,MT5 economic calendar (broker time UTC+3)
2026-08-31 13:30,2026-08-31,INR,GDP y/y,GDP,MODERATE,Y,0.0,6.6,7.8,MT5 economic calendar (broker time UTC+3)
2026-08-31 13:33,2026-08-31,INR,Fiscal Balance,GOVERNMENT,LOW,Y,-4.551,0.0,-3.078,MT5 economic calendar (broker time UTC+3)
2026-08-31 14:30,2026-08-31,BRL,BCB Focus Market Report,MONEY,MODERATE,Y,0.0,0.0,0.0,MT5 economic calendar (broker time UTC+3)
2026-08-31 14:30,2026-08-31,BRL,Net Debt - GDP Ratio,GOVERNMENT,LOW,Y,69.1,69.1,68.5,MT5 economic calendar (broker time UTC+3)
2026-08-31 14:30,2026-08-31,BRL,Nominal Budget Balance,GOVERNMENT,LOW,Y,-97.602,-89.864,-165.966,MT5 economic calendar (broker time UTC+3)
2026-08-31 14:30,2026-08-31,BRL,Primary Budget balance,GOVERNMENT,LOW,Y,1.361,-4.757,-55.313,MT5 economic calendar (broker time UTC+3)
2026-08-31 14:30,2026-08-31,INR,RBI Monetary and Credit Information Review,MONEY,MODERATE,Y,0.0,0.0,0.0,MT5 economic calendar (broker time UTC+3)
2026-08-31 15:00,2026-08-31,EUR,CPI m/m,PRICES,MODERATE,Y,0.2,-0.2,-0.2,MT5 economic calendar (broker time UTC+3)
2026-08-31 15:00,2026-08-31,EUR,CPI y/y,PRICES,MODERATE,Y,2.9,2.2,2.6,MT5 economic calendar (broker time UTC+3)
2026-08-31 15:00,2026-08-31,EUR,HICP m/m,PRICES,LOW,Y,0.2,-0.3,-0.1,MT5 economic calendar (broker time UTC+3)
2026-08-31 15:00,2026-08-31,EUR,HICP y/y,PRICES,LOW,Y,2.9,2.3,2.7,MT5 economic calendar (broker time UTC+3)
2026-08-31 15:56,2026-08-31,EUR,12-Month BTF Auction,MARKET,LOW,Y,2.86,0.0,2.832,MT5 economic calendar (broker time UTC+3)
2026-08-31 15:56,2026-08-31,EUR,3-Month BTF Auction,MARKET,LOW,Y,2.533,0.0,2.502,MT5 economic calendar (broker time UTC+3)
2026-08-31 15:56,2026-08-31,EUR,6-Month BTF Auction,MARKET,LOW,Y,2.655,0.0,2.675,MT5 economic calendar (broker time UTC+3)
2026-08-31 16:45,2026-08-31,USD,MNI Chicago Business Barometer,BUSINESS,HIGH,Y,0.0,58.9,57.6,MT5 economic calendar (broker time UTC+3)
2026-08-31 17:30,2026-08-31,USD,Dallas Fed Manufacturing Index,BUSINESS,LOW,Y,11.6,2.4,1.3,MT5 economic calendar (broker time UTC+3)
2026-08-31 18:30,2026-08-31,USD,3-Month Bill Auction,MARKET,LOW,Y,3.77,0.0,3.715,MT5 economic calendar (broker time UTC+3)
2026-08-31 18:30,2026-08-31,USD,6-Month Bill Auction,MARKET,LOW,Y,3.885,0.0,3.79,MT5 economic calendar (broker time UTC+3)
2026-09-01 02:00,2026-09-01,AUD,S&P Global Manufacturing PMI,BUSINESS,LOW,Y,52.0,50.9,52.0,MT5 economic calendar (broker time UTC+3)
2026-09-01 02:50,2026-09-01,JPY,Capital Spending y/y,BUSINESS,MODERATE,Y,1.6,1.0,0.0,MT5 economic calendar (broker time UTC+3)
2026-09-01 03:00,2026-09-01,KRW,Exports y/y,TRADE,LOW,Y,68.7,65.6,63.0,MT5 economic calendar (broker time UTC+3)
2026-09-01 03:00,2026-09-01,KRW,Imports y/y,TRADE,LOW,Y,22.5,24.6,26.5,MT5 economic calendar (broker time UTC+3)
2026-09-01 03:00,2026-09-01,KRW,Trade Balance,TRADE,LOW,Y,34.748,32.564,30.392,MT5 economic calendar (broker time UTC+3)
2026-09-01 03:30,2026-09-01,JPY,au Jibun Bank Manufacturing PMI,BUSINESS,LOW,Y,55.1,53.6,54.5,MT5 economic calendar (broker time UTC+3)
2026-09-01 03:30,2026-09-01,KRW,S&P Global Manufacturing PMI,BUSINESS,LOW,Y,52.3,54.7,53.1,MT5 economic calendar (broker time UTC+3)
2026-09-01 04:30,2026-09-01,AUD,Building Approvals m/m,BUSINESS,MODERATE,Y,-3.6,-2.9,7.2,MT5 economic calendar (broker time UTC+3)
2026-09-01 04:30,2026-09-01,AUD,Current Account,TRADE,LOW,Y,-27.22,-23.265,-27.123,MT5 economic calendar (broker time UTC+3)
2026-09-01 04:30,2026-09-01,AUD,Net Exports Contribution,TRADE,LOW,Y,0.1,-0.7,-0.8,MT5 economic calendar (broker time UTC+3)
2026-09-01 04:30,2026-09-01,AUD,Private House Approvals m/m,BUSINESS,LOW,Y,-4.2,0.0,0.4,MT5 economic calendar (broker time UTC+3)
2026-09-01 04:45,2026-09-01,CNY,Caixin Manufacturing PMI,BUSINESS,MODERATE,Y,51.5,51.4,50.9,MT5 economic calendar (broker time UTC+3)
2026-09-01 06:35,2026-09-01,JPY,10-Year JGB Auction,MARKET,MODERATE,Y,2.995,0.0,2.84,MT5 economic calendar (broker time UTC+3)
2026-09-01 08:00,2026-09-01,INR,S&P Global Manufacturing PMI,BUSINESS,LOW,Y,52.8,53.8,53.5,MT5 economic calendar (broker time UTC+3)
2026-09-01 08:00,2026-09-01,JPY,Consumer Confidence Index,CONSUMER,LOW,Y,35.5,36.8,37.2,MT5 economic calendar (broker time UTC+3)
2026-09-01 09:00,2026-09-01,EUR,Retail Sales m/m,CONSUMER,MODERATE,Y,0.0,-0.4,-0.3,MT5 economic calendar (broker time UTC+3)
2026-09-01 09:00,2026-09-01,EUR,Retail Sales y/y,CONSUMER,LOW,Y,0.6,0.7,-0.2,MT5 economic calendar (broker time UTC+3)
2026-09-01 09:00,2026-09-01,GBP,Nationwide HPI m/m,HOUSING,MODERATE,Y,0.2,0.2,0.1,MT5 economic calendar (broker time UTC+3)
2026-09-01 09:00,2026-09-01,GBP,Nationwide HPI y/y,HOUSING,MODERATE,Y,1.6,1.8,1.8,MT5 economic calendar (broker time UTC+3)
2026-09-01 09:30,2026-09-01,AUD,RBA Index of Commodity Prices y/y,PRICES,LOW,Y,15.5,15.5,15.4,MT5 economic calendar (broker time UTC+3)
2026-09-01 09:30,2026-09-01,CHF,Retail Sales y/y,CONSUMER,LOW,Y,2.3,0.5,1.5,MT5 economic calendar (broker time UTC+3)
2026-09-01 09:30,2026-09-01,EUR,Bbk Executive Board Member Mauderer Speech,MONEY,MODERATE,Y,0.0,0.0,0.0,MT5 economic calendar (broker time UTC+3)
2026-09-01 09:30,2026-09-01,SEK,Silf/Swedbank Manufacturing PMI,BUSINESS,LOW,Y,56.1,56.5,55.8,MT5 economic calendar (broker time UTC+3)
2026-09-01 10:00,2026-09-01,EUR,New Car Registrations m/m,BUSINESS,LOW,Y,-25.6,0.0,-32.8,MT5 economic calendar (broker time UTC+3)
2026-09-01 10:00,2026-09-01,EUR,New Car Registrations y/y,BUSINESS,LOW,Y,7.4,0.0,9.0,MT5 economic calendar (broker time UTC+3)
2026-09-01 10:15,2026-09-01,EUR,S&P Global Manufacturing PMI,BUSINESS,MODERATE,Y,49.5,49.7,50.2,MT5 economic calendar (broker time UTC+3)
2026-09-01 10:30,2026-09-01,CHF,procure.ch Manufacturing PMI,BUSINESS,MODERATE,Y,57.1,49.9,50.0,MT5 economic calendar (broker time UTC+3)
2026-09-01 10:45,2026-09-01,EUR,S&P Global Manufacturing PMI,BUSINESS,MODERATE,Y,49.6,51.9,51.3,MT5 economic calendar (broker time UTC+3)
2026-09-01 10:50,2026-09-01,EUR,S&P Global Manufacturing PMI,BUSINESS,MODERATE,Y,51.1,51.5,51.5,MT5 economic calendar (broker time UTC+3)
2026-09-01 10:55,2026-09-01,EUR,S&P Global Manufacturing PMI,BUSINESS,MODERATE,Y,54.3,54.1,54.1,MT5 economic calendar (broker time UTC+3)
2026-09-01 11:00,2026-09-01,EUR,GDP q/q,GDP,LOW,Y,0.2,0.2,0.2,MT5 economic calendar (broker time UTC+3)
2026-09-01 11:00,2026-09-01,EUR,GDP y/y,GDP,LOW,Y,1.0,1.0,1.0,MT5 economic calendar (broker time UTC+3)
2026-09-01 11:00,2026-09-01,EUR,S&P Global Manufacturing PMI,BUSINESS,MODERATE,Y,52.7,52.8,52.8,MT5 economic calendar (broker time UTC+3)
2026-09-01 11:30,2026-09-01,EUR,Unemployment Rate,JOBS,LOW,Y,5.8,6.2,5.7,MT5 economic calendar (broker time UTC+3)
2026-09-01 11:30,2026-09-01,GBP,BoE Consumer Credit m/m,CONSUMER,LOW,Y,2.006,1.72,1.807,MT5 economic calendar (broker time UTC+3)
2026-09-01 11:30,2026-09-01,GBP,BoE M4 Money Supply m/m,MONEY,LOW,Y,-0.3,0.5,0.8,MT5 economic calendar (broker time UTC+3)
2026-09-01 11:30,2026-09-01,GBP,BoE Mortgage Approvals,HOUSING,LOW,Y,56.053,60.741,58.2,MT5 economic calendar (broker time UTC+3)
2026-09-01 11:30,2026-09-01,GBP,BoE Mortgage Lending m/m,HOUSING,LOW,Y,4.292,5.671,7.727,MT5 economic calendar (broker time UTC+3)
2026-09-01 11:30,2026-09-01,GBP,BoE Net Lending to Individuals m/m,CONSUMER,LOW,Y,6.298,7.808,9.533,MT5 economic calendar (broker time UTC+3)
2026-09-01 11:30,2026-09-01,GBP,S&P Global/CIPS Manufacturing PMI,BUSINESS,MODERATE,Y,51.7,51.5,51.5,MT5 economic calendar (broker time UTC+3)
2026-09-01 12:00,2026-09-01,EUR,CPI,PRICES,LOW,Y,103.7,0.0,103.24,MT5 economic calendar (broker time UTC+3)
2026-09-01 12:00,2026-09-01,EUR,CPI excl. Energy and Unprocessed Food m/m,PRICES,LOW,Y,0.2,-0.1,0.0,MT5 economic calendar (broker time UTC+3)
2026-09-01 12:00,2026-09-01,EUR,CPI excl. Energy and Unprocessed Food y/y,PRICES,LOW,Y,2.1,2.2,2.2,MT5 economic calendar (broker time UTC+3)
2026-09-01 12:00,2026-09-01,EUR,CPI m/m,PRICES,LOW,Y,0.5,0.2,0.3,MT5 economic calendar (broker time UTC+3)
2026-09-01 12:00,2026-09-01,EUR,CPI y/y,PRICES,LOW,Y,3.3,2.4,2.9,MT5 economic calendar (broker time UTC+3)
2026-09-01 12:00,2026-09-01,EUR,Core CPI,PRICES,MODERATE,Y,103.07,0.0,102.84,MT5 economic calendar (broker time UTC+3)
2026-09-01 12:00,2026-09-01,EUR,Core CPI m/m,PRICES,LOW,Y,0.2,0.5,0.0,MT5 economic calendar (broker time UTC+3)
2026-09-01 12:00,2026-09-01,EUR,Core CPI y/y,PRICES,MODERATE,Y,2.4,2.4,2.5,MT5 economic calendar (broker time UTC+3)
2026-09-01 12:00,2026-09-01,EUR,HICP m/m,PRICES,LOW,Y,0.1,-0.2,-1.0,MT5 economic calendar (broker time UTC+3)
2026-09-01 12:00,2026-09-01,EUR,HICP y/y,PRICES,LOW,Y,3.2,2.9,2.9,MT5 economic calendar (broker time UTC+3)
2026-09-01 12:00,2026-09-01,EUR,Unemployment Rate,JOBS,MODERATE,Y,6.4,6.4,6.3,MT5 economic calendar (broker time UTC+3)
2026-09-01 12:00,2026-09-01,ZAR,Absa Manufacturing PMI,BUSINESS,LOW,Y,45.8,44.5,46.8,MT5 economic calendar (broker time UTC+3)
2026-09-01 12:13,2026-09-01,EUR,12-Month Letras Auction,MARKET,LOW,Y,2.832,0.0,2.663,MT5 economic calendar (broker time UTC+3)
2026-09-01 12:13,2026-09-01,EUR,6-Month Letras Auction,MARKET,LOW,Y,2.623,0.0,2.496,MT5 economic calendar (broker time UTC+3)
2026-09-01 12:41,2026-09-01,EUR,5-Year Note Auction,MARKET,LOW,Y,3.09,0.0,2.93,MT5 economic calendar (broker time UTC+3)
2026-09-01 14:30,2026-09-01,INR,Current Account,TRADE,LOW,Y,-4.2,-8.687,7.1,MT5 economic calendar (broker time UTC+3)
2026-09-01 14:30,2026-09-01,INR,Current Account - GDP Ratio,TRADE,LOW,Y,-0.5,0.1,0.7,MT5 economic calendar (broker time UTC+3)
2026-09-01 14:30,2026-09-01,INR,Goods Trade Balance,TRADE,LOW,Y,-86.1,-86.936,-83.4,MT5 economic calendar (broker time UTC+3)
2026-09-01 14:30,2026-09-01,INR,Reserves Change,TRADE,LOW,Y,-8.1,2.374,7.2,MT5 economic calendar (broker time UTC+3)
2026-09-01 15:00,2026-09-01,BRL,GDP q/q,GDP,MODERATE,Y,0.5,0.8,1.1,MT5 economic calendar (broker time UTC+3)
2026-09-01 15:00,2026-09-01,BRL,GDP y/y,GDP,MODERATE,Y,2.0,2.7,1.8,MT5 economic calendar (broker time UTC+3)
2026-09-01 15:00,2026-09-01,ZAR,Total New Vehicle Sales,BUSINESS,LOW,Y,57.898,0.0,57.708,MT5 economic calendar (broker time UTC+3)
2026-09-01 15:00,2026-09-01,ZAR,Total New Vehicle Sales m/m,BUSINESS,LOW,Y,0.3,0.0,6.1,MT5 economic calendar (broker time UTC+3)
2026-09-01 15:00,2026-09-01,ZAR,Total New Vehicle Sales y/y,BUSINESS,LOW,Y,11.4,15.0,11.9,MT5 economic calendar (broker time UTC+3)
2026-09-01 16:00,2026-09-01,BRL,S&P Global Manufacturing PMI,BUSINESS,LOW,Y,46.3,49.1,47.5,MT5 economic calendar (broker time UTC+3)
2026-09-01 16:05,2026-09-01,USD,Fed Vice Chair for Supervision Barr Speech,MONEY,MODERATE,Y,0.0,0.0,0.0,MT5 economic calendar (broker time UTC+3)
2026-09-01 16:30,2026-09-01,CAD,S&P Global Manufacturing PMI,BUSINESS,LOW,Y,53.0,52.4,53.5,MT5 economic calendar (broker time UTC+3)
2026-09-01 16:45,2026-09-01,USD,S&P Global Manufacturing PMI,BUSINESS,HIGH,Y,53.9,55.5,53.9,MT5 economic calendar (broker time UTC+3)
2026-09-01 17:00,2026-09-01,USD,Construction Spending m/m,HOUSING,MODERATE,Y,-0.5,-0.2,-0.1,MT5 economic calendar (broker time UTC+3)
2026-09-01 17:00,2026-09-01,USD,ISM Manufacturing Employment,BUSINESS,MODERATE,Y,51.2,55.3,52.8,MT5 economic calendar (broker time UTC+3)
2026-09-01 17:00,2026-09-01,USD,ISM Manufacturing New Orders,BUSINESS,LOW,Y,53.7,58.7,56.7,MT5 economic calendar (broker time UTC+3)
2026-09-01 17:00,2026-09-01,USD,ISM Manufacturing PMI,BUSINESS,HIGH,Y,54.6,55.2,55.6,MT5 economic calendar (broker time UTC+3)
2026-09-01 17:00,2026-09-01,USD,ISM Manufacturing Prices Paid,BUSINESS,HIGH,Y,71.1,63.5,71.1,MT5 economic calendar (broker time UTC+3)
2026-09-01 17:00,2026-09-01,USD,JOLTS Job Openings,JOBS,HIGH,Y,7.271,7.496,7.359,MT5 economic calendar (broker time UTC+3)
2026-09-01 17:30,2026-09-01,USD,Dallas Fed Services Business Activity,BUSINESS,LOW,Y,4.2,3.9,6.6,MT5 economic calendar (broker time UTC+3)
2026-09-01 17:30,2026-09-01,USD,Dallas Fed Services Revenues,BUSINESS,LOW,Y,6.6,4.2,9.5,MT5 economic calendar (broker time UTC+3)
2026-09-01 18:00,2026-09-01,MXN,S&P Global Manufacturing PMI,BUSINESS,LOW,Y,49.8,49.4,51.3,MT5 economic calendar (broker time UTC+3)
2026-09-01 18:25,2026-09-01,NZD,GDT Price Index,PRICES,LOW,Y,0.9,1.4,2.3,MT5 economic calendar (broker time UTC+3)
2026-09-01 18:30,2026-09-01,USD,52-Week Bill Auction,MARKET,LOW,Y,3.98,0.0,3.88,MT5 economic calendar (broker time UTC+3)
2026-09-01 19:00,2026-09-01,EUR,New Car Registrations m/m,BUSINESS,LOW,Y,0.0,0.0,-15.9,MT5 economic calendar (broker time UTC+3)
2026-09-01 19:00,2026-09-01,EUR,New Car Registrations y/y,BUSINESS,LOW,Y,0.0,0.0,3.9,MT5 economic calendar (broker time UTC+3)
2026-09-02 01:45,2026-09-02,NZD,Building Consents m/m,HOUSING,LOW,Y,-4.3,0.9,-3.6,MT5 economic calendar (broker time UTC+3)
2026-09-02 02:00,2026-09-02,AUD,Ai Group Construction Index,BUSINESS,LOW,Y,-6.9,0.0,-40.6,MT5 economic calendar (broker time UTC+3)
2026-09-02 02:00,2026-09-02,AUD,Ai Group Industry Index,BUSINESS,MODERATE,Y,-3.5,0.0,-29.9,MT5 economic calendar (broker time UTC+3)
2026-09-02 02:00,2026-09-02,AUD,Ai Group Manufacturing Index,BUSINESS,LOW,Y,-16.6,0.0,-19.6,MT5 economic calendar (broker time UTC+3)
2026-09-02 02:00,2026-09-02,KRW,CPI m/m,PRICES,LOW,Y,0.2,0.2,-0.2,MT5 economic calendar (broker time UTC+3)
2026-09-02 02:00,2026-09-02,KRW,CPI y/y,PRICES,LOW,Y,3.1,2.6,2.8,MT5 economic calendar (broker time UTC+3)
2026-09-02 02:50,2026-09-02,JPY,BoJ Monetary Base y/y,MONEY,LOW,Y,-15.7,-14.5,-13.8,MT5 economic calendar (broker time UTC+3)
2026-09-02 04:30,2026-09-02,AUD,Final Consumption Expenditure q/q,GDP,LOW,Y,0.5,0.4,0.3,MT5 economic calendar (broker time UTC+3)
2026-09-02 04:30,2026-09-02,AUD,GDP Chain Price Index q/q,GDP,LOW,Y,4.5,-5.0,-6.6,MT5 economic calendar (broker time UTC+3)
2026-09-02 04:30,2026-09-02,AUD,GDP q/q,GDP,MODERATE,Y,0.4,0.5,0.3,MT5 economic calendar (broker time UTC+3)
2026-09-02 04:30,2026-09-02,AUD,GDP y/y,GDP,MODERATE,Y,2.1,-21.5,2.5,MT5 economic calendar (broker time UTC+3)
2026-09-02 04:30,2026-09-02,AUD,Gross Fixed Capital Formation q/q,GDP,LOW,Y,-0.3,0.0,3.0,MT5 economic calendar (broker time UTC+3)
2026-09-02 04:30,2026-09-02,JPY,BoJ Board Member Takata Speech,MONEY,MODERATE,Y,0.0,0.0,0.0,MT5 economic calendar (broker time UTC+3)
2026-09-02 05:00,2026-09-02,NZD,RBNZ Interest Rate Decision,MONEY,HIGH,Y,2.75,0.0,2.5,MT5 economic calendar (broker time UTC+3)
2026-09-02 05:00,2026-09-02,NZD,RBNZ Rate Statement,MONEY,MODERATE,Y,0.0,0.0,0.0,MT5 economic calendar (broker time UTC+3)
2026-09-02 09:00,2026-09-02,NOK,Current Account,TRADE,LOW,Y,279.012,218.524,266.83,MT5 economic calendar (broker time UTC+3)
2026-09-02 09:45,2026-09-02,EUR,Government Budget Balance,GOVERNMENT,LOW,Y,-145.9,0.0,-106.8,MT5 economic calendar (broker time UTC+3)
2026-09-02 10:00,2026-09-02,EUR,Unemployment Change,JOBS,MODERATE,Y,44.419,-9.221,19.517,MT5 economic calendar (broker time UTC+3)
2026-09-02 11:00,2026-09-02,BRL,FIPE CPI m/m,PRICES,MODERATE,Y,0.01,0.3,-0.03,MT5 economic calendar (broker time UTC+3)
2026-09-02 11:00,2026-09-02,EUR,PPI m/m,PRICES,LOW,Y,2.4,0.0,0.0,MT5 economic calendar (broker time UTC+3)
2026-09-02 11:00,2026-09-02,EUR,PPI y/y,PRICES,LOW,Y,7.8,6.6,5.8,MT5 economic calendar (broker time UTC+3)
2026-09-02 12:00,2026-09-02,ZAR,RMB/BER Business Confidence Index,BUSINESS,LOW,Y,38.0,0.0,39.0,MT5 economic calendar (broker time UTC+3)
2026-09-02 13:30,2026-09-02,INR,RBI M3 Money Supply y/y,MONEY,LOW,Y,0.0,0.0,0.0,MT5 economic calendar (broker time UTC+3)
2026-09-02 15:00,2026-09-02,BRL,Industrial Production m/m,BUSINESS,LOW,Y,0.2,-0.4,-1.8,MT5 economic calendar (broker time UTC+3)
2026-09-02 15:00,2026-09-02,BRL,Industrial Production y/y,BUSINESS,MODERATE,Y,-0.5,2.3,1.7,MT5 economic calendar (broker time UTC+3)
2026-09-02 15:15,2026-09-02,USD,ADP Nonfarm Employment Change,JOBS,HIGH,Y,38.0,14.0,44.0,MT5 economic calendar (broker time UTC+3)
2026-09-02 16:00,2026-09-02,SGD,SIPMM PMI,BUSINESS,LOW,Y,51.5,51.2,51.4,MT5 economic calendar (broker time UTC+3)
2026-09-02 16:45,2026-09-02,CAD,BoC Interest Rate Decision,MONEY,HIGH,Y,2.25,0.0,2.25,MT5 economic calendar (broker time UTC+3)
2026-09-02 16:45,2026-09-02,CAD,BoC Rate Statement,MONEY,MODERATE,Y,0.0,0.0,0.0,MT5 economic calendar (broker time UTC+3)
2026-09-02 17:00,2026-09-02,USD,Factory Orders excl. Transportation m/m,BUSINESS,LOW,Y,0.6,0.0,-0.4,MT5 economic calendar (broker time UTC+3)
2026-09-02 17:00,2026-09-02,USD,Factory Orders m/m,BUSINESS,MODERATE,Y,0.9,-0.1,-0.3,MT5 economic calendar (broker time UTC+3)
2026-09-02 17:00,2026-09-02,USD,Nondefense Capital Goods Shipments excl. Aircraft m/m,BUSINESS,LOW,Y,1.2,1.4,1.4,MT5 economic calendar (broker time UTC+3)
2026-09-02 17:30,2026-09-02,USD,EIA Crude Oil Imports Change,BUSINESS,LOW,Y,-0.079,-0.003,-0.161,MT5 economic calendar (broker time UTC+3)
2026-09-02 17:30,2026-09-02,USD,EIA Crude Oil Stocks Change,BUSINESS,HIGH,Y,-4.45,5.822,0.095,MT5 economic calendar (broker time UTC+3)
2026-09-02 17:30,2026-09-02,USD,EIA Cushing Crude Oil Stocks Change,BUSINESS,MODERATE,Y,0.08,-1.042,1.176,MT5 economic calendar (broker time UTC+3)
2026-09-02 17:30,2026-09-02,USD,EIA Distillate Fuel Production Change,BUSINESS,LOW,Y,-0.009,-0.026,-0.091,MT5 economic calendar (broker time UTC+3)
2026-09-02 17:30,2026-09-02,USD,EIA Distillates Stocks Change,BUSINESS,LOW,Y,0.796,-0.714,-2.228,MT5 economic calendar (broker time UTC+3)
2026-09-02 17:30,2026-09-02,USD,EIA Gasoline Production Change,BUSINESS,LOW,Y,0.073,0.137,0.061,MT5 economic calendar (broker time UTC+3)
2026-09-02 17:30,2026-09-02,USD,EIA Gasoline Stocks Change,BUSINESS,LOW,Y,-1.173,-0.552,-2.536,MT5 economic calendar (broker time UTC+3)
2026-09-02 17:30,2026-09-02,USD,EIA Heating Oil Stocks Change,BUSINESS,LOW,Y,-0.033,-0.011,0.027,MT5 economic calendar (broker time UTC+3)
2026-09-02 17:30,2026-09-02,USD,EIA Refinery Crude Oil Daily Inputs Change,BUSINESS,LOW,Y,0.103,0.0,-0.002,MT5 economic calendar (broker time UTC+3)
2026-09-02 17:30,2026-09-02,USD,EIA Refinery Utilization Rate Change,BUSINESS,LOW,Y,0.6,0.0,0.2,MT5 economic calendar (broker time UTC+3)
2026-09-02 20:30,2026-09-02,BRL,Foreign Exchange Flows,MONEY,LOW,Y,-0.543,-2.356,-4.056,MT5 economic calendar (broker time UTC+3)
2026-09-02 21:00,2026-09-02,USD,Fed Beige Book,MONEY,MODERATE,Y,0.0,0.0,0.0,MT5 economic calendar (broker time UTC+3)
2026-09-03 00:00,2026-09-03,KRW,Foreign Exchange Reserves,MONEY,LOW,Y,442.28,427.17,427.95,MT5 economic calendar (broker time UTC+3)
2026-09-03 01:45,2026-09-03,NZD,Export Price Index q/q,PRICES,LOW,Y,3.5,-4.0,-2.7,MT5 economic calendar (broker time UTC+3)
2026-09-03 01:45,2026-09-03,NZD,Export Volume Index q/q,PRICES,LOW,Y,6.4,-4.8,2.7,MT5 economic calendar (broker time UTC+3)
2026-09-03 01:45,2026-09-03,NZD,Import Price Index q/q,PRICES,LOW,Y,13.8,-0.1,-0.7,MT5 economic calendar (broker time UTC+3)
2026-09-03 01:45,2026-09-03,NZD,Import Volume Index q/q,PRICES,LOW,Y,-2.1,0.9,2.2,MT5 economic calendar (broker time UTC+3)
2026-09-03 01:45,2026-09-03,NZD,Terms of Trade Index q/q,PRICES,LOW,Y,-9.0,-0.9,-2.0,MT5 economic calendar (broker time UTC+3)
2026-09-03 02:00,2026-09-03,AUD,S&P Global Composite PMI,BUSINESS,MODERATE,Y,52.7,0.0,53.2,MT5 economic calendar (broker time UTC+3)
2026-09-03 02:00,2026-09-03,AUD,S&P Global Services PMI,BUSINESS,MODERATE,Y,53.2,50.6,53.6,MT5 economic calendar (broker time UTC+3)
2026-09-03 02:50,2026-09-03,JPY,Foreign Bond Investment,GOVERNMENT,LOW,Y,-824.0,0.0,-1978.4,MT5 economic calendar (broker time UTC+3)
2026-09-03 02:50,2026-09-03,JPY,Foreign Investment in Japan Stocks,GOVERNMENT,LOW,Y,35.8,0.0,-764.1,MT5 economic calendar (broker time UTC+3)
2026-09-03 03:30,2026-09-03,HKD,S&P Global PMI,BUSINESS,LOW,Y,49.5,51.6,51.0,MT5 economic calendar (broker time UTC+3)
2026-09-03 03:30,2026-09-03,JPY,au Jibun Bank Composite PMI,BUSINESS,LOW,Y,53.5,0.0,52.7,MT5 economic calendar (broker time UTC+3)
2026-09-03 03:30,2026-09-03,JPY,au Jibun Bank Services PMI,BUSINESS,MODERATE,Y,52.5,51.3,51.2,MT5 economic calendar (broker time UTC+3)
2026-09-03 03:30,2026-09-03,SGD,S&P Global PMI,BUSINESS,LOW,Y,59.4,0.0,59.2,MT5 economic calendar (broker time UTC+3)
2026-09-03 04:00,2026-09-03,NZD,ANZ Commodity Price Index m/m,PRICES,LOW,Y,-0.4,0.0,-3.9,MT5 economic calendar (broker time UTC+3)
2026-09-03 04:30,2026-09-03,AUD,Exports m/m,TRADE,LOW,Y,-3.3,0.0,9.6,MT5 economic calendar (broker time UTC+3)
2026-09-03 04:30,2026-09-03,AUD,Imports m/m,TRADE,LOW,Y,-2.5,0.0,-0.2,MT5 economic calendar (broker time UTC+3)
2026-09-03 04:30,2026-09-03,AUD,Trade Balance,TRADE,MODERATE,Y,1.923,0.336,1.929,MT5 economic calendar (broker time UTC+3)
2026-09-03 04:45,2026-09-03,CNY,Caixin Composite PMI,BUSINESS,MODERATE,Y,52.1,0.0,50.8,MT5 economic calendar (broker time UTC+3)
2026-09-03 04:45,2026-09-03,CNY,Caixin Services PMI,BUSINESS,MODERATE,Y,51.4,49.7,50.4,MT5 economic calendar (broker time UTC+3)
2026-09-03 06:35,2026-09-03,JPY,30-Year JGB Auction,MARKET,LOW,Y,4.079,0.0,3.937,MT5 economic calendar (broker time UTC+3)
2026-09-03 08:00,2026-09-03,INR,S&P Global Composite PMI,BUSINESS,MODERATE,Y,54.3,0.0,54.3,MT5 economic calendar (broker time UTC+3)
2026-09-03 08:00,2026-09-03,INR,S&P Global Services PMI,BUSINESS,LOW,Y,54.1,54.9,53.3,MT5 economic calendar (broker time UTC+3)
2026-09-03 09:30,2026-09-03,CHF,CPI m/m,PRICES,MODERATE,Y,0.4,0.0,-0.1,MT5 economic calendar (broker time UTC+3)
2026-09-03 09:30,2026-09-03,CHF,CPI y/y,PRICES,LOW,Y,0.8,0.2,0.4,MT5 economic calendar (broker time UTC+3)
2026-09-03 09:30,2026-09-03,SEK,Silf/Swedbank Composite PMI,BUSINESS,LOW,Y,55.9,0.0,53.8,MT5 economic calendar (broker time UTC+3)
2026-09-03 09:30,2026-09-03,SEK,Silf/Swedbank Services PMI,BUSINESS,LOW,Y,55.8,52.3,52.5,MT5 economic calendar (broker time UTC+3)
2026-09-03 10:00,2026-09-03,CHF,GDP q/q,GDP,MODERATE,Y,1.9,0.1,0.7,MT5 economic calendar (broker time UTC+3)
2026-09-03 10:00,2026-09-03,CHF,GDP y/y,GDP,MODERATE,Y,2.8,0.6,0.5,MT5 economic calendar (broker time UTC+3)
2026-09-03 10:15,2026-09-03,EUR,S&P Global Composite PMI,BUSINESS,MODERATE,Y,55.8,0.0,56.5,MT5 economic calendar (broker time UTC+3)
2026-09-03 10:15,2026-09-03,EUR,S&P Global Services PMI,BUSINESS,MODERATE,Y,57.8,55.5,58.3,MT5 economic calendar (broker time UTC+3)
2026-09-03 10:15,2026-09-03,ZAR,S&P Global PMI,BUSINESS,LOW,Y,50.5,49.7,50.3,MT5 economic calendar (broker time UTC+3)
2026-09-03 10:45,2026-09-03,EUR,S&P Global Composite PMI,BUSINESS,LOW,Y,53.6,0.0,52.5,MT5 economic calendar (broker time UTC+3)
2026-09-03 10:45,2026-09-03,EUR,S&P Global Services PMI,BUSINESS,MODERATE,Y,55.2,52.5,52.5,MT5 economic calendar (broker time UTC+3)
2026-09-03 10:50,2026-09-03,EUR,S&P Global Composite PMI,BUSINESS,LOW,Y,48.5,48.8,48.8,MT5 economic calendar (broker time UTC+3)
2026-09-03 10:50,2026-09-03,EUR,S&P Global Services PMI,BUSINESS,MODERATE,Y,48.0,48.4,48.4,MT5 economic calendar (broker time UTC+3)
2026-09-03 10:55,2026-09-03,EUR,S&P Global Composite PMI,BUSINESS,LOW,Y,51.8,51.0,51.0,MT5 economic calendar (broker time UTC+3)
2026-09-03 10:55,2026-09-03,EUR,S&P Global Services PMI,BUSINESS,MODERATE,Y,49.7,48.5,48.5,MT5 economic calendar (broker time UTC+3)
2026-09-03 11:00,2026-09-03,EUR,S&P Global Composite PMI,BUSINESS,MODERATE,Y,52.0,52.1,52.1,MT5 economic calendar (broker time UTC+3)
2026-09-03 11:00,2026-09-03,EUR,S&P Global Services PMI,BUSINESS,MODERATE,Y,51.6,51.7,51.7,MT5 economic calendar (broker time UTC+3)
2026-09-03 11:30,2026-09-03,GBP,S&P Global/CIPS Composite PMI,BUSINESS,MODERATE,Y,52.5,0.0,52.5,MT5 economic calendar (broker time UTC+3)
2026-09-03 11:30,2026-09-03,GBP,S&P Global/CIPS Services PMI,BUSINESS,MODERATE,Y,52.5,52.8,52.8,MT5 economic calendar (broker time UTC+3)
2026-09-03 12:00,2026-09-03,EUR,PPI m/m,PRICES,LOW,Y,1.6,0.0,-0.3,MT5 economic calendar (broker time UTC+3)
2026-09-03 12:00,2026-09-03,EUR,PPI y/y,PRICES,LOW,Y,5.8,3.9,4.6,MT5 economic calendar (broker time UTC+3)
2026-09-03 12:00,2026-09-03,NOK,HPI n.s.a. m/m,HOUSING,LOW,Y,2.1,0.0,-2.6,MT5 economic calendar (broker time UTC+3)
2026-09-03 12:00,2026-09-03,NOK,HPI s.a. m/m,HOUSING,LOW,Y,0.8,0.0,-1.1,MT5 economic calendar (broker time UTC+3)
2026-09-03 12:00,2026-09-03,NOK,HPI y/y,HOUSING,LOW,Y,2.6,1.0,2.2,MT5 economic calendar (broker time UTC+3)
2026-09-03 12:05,2026-09-03,EUR,10-Year OAT Auction,MARKET,LOW,Y,4.23,0.0,3.86,MT5 economic calendar (broker time UTC+3)
2026-09-03 13:00,2026-09-03,EUR,New Car Registrations m/m,BUSINESS,LOW,Y,-20.7,0.0,-9.6,MT5 economic calendar (broker time UTC+3)
2026-09-03 13:00,2026-09-03,EUR,New Car Registrations y/y,BUSINESS,LOW,Y,2.6,0.0,1.2,MT5 economic calendar (broker time UTC+3)
2026-09-03 13:03,2026-09-03,EUR,3-Year Bonos Auction,MARKET,LOW,Y,3.079,0.0,2.867,MT5 economic calendar (broker time UTC+3)
2026-09-03 13:03,2026-09-03,EUR,5-Year Bonos Auction,MARKET,LOW,Y,3.255,0.0,3.005,MT5 economic calendar (broker time UTC+3)
2026-09-03 15:00,2026-09-03,MXN,Consumer Confidence Indicator,CONSUMER,LOW,Y,46.1,45.4,45.0,MT5 economic calendar (broker time UTC+3)
2026-09-03 15:00,2026-09-03,MXN,Consumer Confidence Indicator n.s.a.,CONSUMER,LOW,Y,46.6,0.0,45.1,MT5 economic calendar (broker time UTC+3)
2026-09-03 15:30,2026-09-03,CAD,Exports,TRADE,LOW,Y,76.137,0.0,77.486,MT5 economic calendar (broker time UTC+3)
2026-09-03 15:30,2026-09-03,CAD,Imports,TRADE,LOW,Y,75.368,0.0,73.631,MT5 economic calendar (broker time UTC+3)
2026-09-03 15:30,2026-09-03,CAD,Labor Productivity q/q,JOBS,MODERATE,Y,1.0,-0.2,-0.5,MT5 economic calendar (broker time UTC+3)
2026-09-03 15:30,2026-09-03,CAD,Trade Balance,TRADE,MODERATE,Y,0.769,3.831,3.855,MT5 economic calendar (broker time UTC+3)
2026-09-03 15:30,2026-09-03,USD,Continuing Jobless Claims,JOBS,MODERATE,Y,1.779,1.787,1.778,MT5 economic calendar (broker time UTC+3)
2026-09-03 15:30,2026-09-03,USD,Exports,TRADE,MODERATE,Y,310.723,0.0,314.728,MT5 economic calendar (broker time UTC+3)
2026-09-03 15:30,2026-09-03,USD,Fed Governor Waller Speech,MONEY,MODERATE,Y,0.0,0.0,0.0,MT5 economic calendar (broker time UTC+3)
2026-09-03 15:30,2026-09-03,USD,Imports,TRADE,MODERATE,Y,399.299,0.0,387.989,MT5 economic calendar (broker time UTC+3)
2026-09-03 15:30,2026-09-03,USD,Initial Jobless Claims,JOBS,HIGH,Y,206.0,213.0,203.0,MT5 economic calendar (broker time UTC+3)
2026-09-03 15:30,2026-09-03,USD,Initial Jobless Claims 4-Week Average,JOBS,LOW,Y,207.25,205.816,205.5,MT5 economic calendar (broker time UTC+3)
2026-09-03 15:30,2026-09-03,USD,Nonfarm Productivity q/q,JOBS,MODERATE,Y,1.4,1.4,1.4,MT5 economic calendar (broker time UTC+3)
2026-09-03 15:30,2026-09-03,USD,Trade Balance,TRADE,MODERATE,Y,-88.576,-75.77,-73.261,MT5 economic calendar (broker time UTC+3)
2026-09-03 15:30,2026-09-03,USD,Unit Labor Costs q/q,JOBS,MODERATE,Y,1.2,1.3,1.3,MT5 economic calendar (broker time UTC+3)
2026-09-03 16:00,2026-09-03,BRL,S&P Global Composite PMI,BUSINESS,LOW,Y,49.1,49.6,48.8,MT5 economic calendar (broker time UTC+3)
2026-09-03 16:00,2026-09-03,BRL,S&P Global Services PMI,BUSINESS,LOW,Y,50.5,50.8,49.7,MT5 economic calendar (broker time UTC+3)
2026-09-03 16:45,2026-09-03,USD,S&P Global Composite PMI,BUSINESS,MODERATE,Y,56.0,54.1,53.6,MT5 economic calendar (broker time UTC+3)
2026-09-03 16:45,2026-09-03,USD,S&P Global Services PMI,BUSINESS,HIGH,Y,56.5,55.4,54.6,MT5 economic calendar (broker time UTC+3)
2026-09-03 17:00,2026-09-03,USD,ISM Non-Manufacturing Business Activity,BUSINESS,LOW,Y,61.7,56.4,59.1,MT5 economic calendar (broker time UTC+3)
2026-09-03 17:00,2026-09-03,USD,ISM Non-Manufacturing Employment,BUSINESS,MODERATE,Y,47.8,48.4,47.4,MT5 economic calendar (broker time UTC+3)
2026-09-03 17:00,2026-09-03,USD,ISM Non-Manufacturing New Orders,BUSINESS,LOW,Y,60.9,55.8,57.2,MT5 economic calendar (broker time UTC+3)
2026-09-03 17:00,2026-09-03,USD,ISM Non-Manufacturing PMI,BUSINESS,HIGH,Y,55.4,53.8,54.1,MT5 economic calendar (broker time UTC+3)
2026-09-03 17:00,2026-09-03,USD,ISM Non-Manufacturing Prices Paid,BUSINESS,HIGH,Y,72.6,68.2,70.3,MT5 economic calendar (broker time UTC+3)
2026-09-03 17:30,2026-09-03,USD,EIA Natural Gas Storage Change,BUSINESS,LOW,Y,30.0,-13.0,15.0,MT5 economic calendar (broker time UTC+3)
2026-09-03 18:00,2026-09-03,GBP,BoE MPC Member Pill Speech,MONEY,MODERATE,Y,0.0,0.0,0.0,MT5 economic calendar (broker time UTC+3)
2026-09-03 18:30,2026-09-03,USD,4-Week Bill Auction,MARKET,LOW,Y,3.7,0.0,3.65,MT5 economic calendar (broker time UTC+3)
2026-09-03 18:30,2026-09-03,USD,8-Week Bill Auction,MARKET,LOW,Y,3.75,0.0,3.67,MT5 economic calendar (broker time UTC+3)
2026-09-03 20:15,2026-09-03,GBP,BoE MPC Member Pill Speech,MONEY,MODERATE,Y,0.0,0.0,0.0,MT5 economic calendar (broker time UTC+3)
2026-09-04 00:00,2026-09-04,INR,Janmashtami,HOLIDAYS,NONE,Y,0.0,0.0,0.0,MT5 economic calendar (broker time UTC+3)
2026-09-04 02:00,2026-09-04,KRW,Current Account,TRADE,LOW,Y,42.08,42.24,49.73,MT5 economic calendar (broker time UTC+3)
2026-09-04 02:30,2026-09-04,JPY,Household Spending m/m,CONSUMER,MODERATE,Y,0.5,-3.9,-6.4,MT5 economic calendar (broker time UTC+3)
2026-09-04 02:30,2026-09-04,JPY,Household Spending y/y,CONSUMER,MODERATE,Y,-3.6,-1.8,-3.3,MT5 economic calendar (broker time UTC+3)
2026-09-04 09:00,2026-09-04,EUR,Factory Orders m/m,BUSINESS,MODERATE,Y,2.5,2.9,-3.8,MT5 economic calendar (broker time UTC+3)
2026-09-04 09:00,2026-09-04,EUR,Factory Orders y/y,BUSINESS,MODERATE,Y,13.1,-2.7,1.6,MT5 economic calendar (broker time UTC+3)
2026-09-04 09:00,2026-09-04,SEK,Current Account,TRADE,LOW,Y,126.2,89.4,93.9,MT5 economic calendar (broker time UTC+3)
2026-09-04 10:30,2026-09-04,EUR,S&P Global Construction PMI,BUSINESS,LOW,Y,37.3,0.0,41.5,MT5 economic calendar (broker time UTC+3)
2026-09-04 11:00,2026-09-04,EUR,Retail Sales m/m,CONSUMER,LOW,Y,-0.4,-1.7,-0.1,MT5 economic calendar (broker time UTC+3)
2026-09-04 11:00,2026-09-04,EUR,Retail Sales y/y,CONSUMER,LOW,Y,0.8,2.7,3.1,MT5 economic calendar (broker time UTC+3)
2026-09-04 11:00,2026-09-04,GBP,New Car Registrations m/m,BUSINESS,LOW,Y,-39.8,0.0,-26.5,MT5 economic calendar (broker time UTC+3)
2026-09-04 11:00,2026-09-04,GBP,New Car Registrations y/y,BUSINESS,LOW,Y,13.7,0.0,11.7,MT5 economic calendar (broker time UTC+3)
2026-09-04 11:30,2026-09-04,GBP,S&P Global/CIPS Construction PMI,BUSINESS,MODERATE,Y,44.3,39.2,44.7,MT5 economic calendar (broker time UTC+3)
2026-09-04 11:50,2026-09-04,GBP,BoE Governor Bailey Speech,MONEY,HIGH,Y,0.0,0.0,0.0,MT5 economic calendar (broker time UTC+3)
2026-09-04 12:00,2026-09-04,EUR,Retail Sales m/m,CONSUMER,LOW,Y,-0.6,-0.2,-0.3,MT5 economic calendar (broker time UTC+3)
2026-09-04 12:00,2026-09-04,EUR,Retail Sales y/y,CONSUMER,LOW,Y,0.6,1.2,0.7,MT5 economic calendar (broker time UTC+3)
2026-09-04 12:10,2026-09-04,EUR,ECB Executive Board Member Lane Speech,MONEY,MODERATE,Y,0.0,0.0,0.0,MT5 economic calendar (broker time UTC+3)
2026-09-04 14:30,2026-09-04,INR,Bank Loan Growth y/y,MONEY,LOW,Y,18.3,19.0,19.3,MT5 economic calendar (broker time UTC+3)
2026-09-04 14:30,2026-09-04,INR,Deposit Growth y/y,MONEY,LOW,Y,14.7,14.3,15.4,MT5 economic calendar (broker time UTC+3)
2026-09-04 14:30,2026-09-04,INR,Foreign Exchange Reserves,MONEY,LOW,Y,740.803,738.401,729.328,MT5 economic calendar (broker time UTC+3)
2026-09-04 15:00,2026-09-04,MXN,Gross Fixed Investments m/m,BUSINESS,LOW,Y,1.3,-1.0,-0.4,MT5 economic calendar (broker time UTC+3)
2026-09-04 15:00,2026-09-04,MXN,Gross Fixed Investments n.s.a. y/y,BUSINESS,LOW,Y,5.9,6.0,2.4,MT5 economic calendar (broker time UTC+3)
2026-09-04 15:30,2026-09-04,CAD,Employment Change,JOBS,MODERATE,Y,-41.7,-30.6,75.1,MT5 economic calendar (broker time UTC+3)
2026-09-04 15:30,2026-09-04,CAD,Full-Time Employment Change,JOBS,LOW,Y,-35.9,0.0,38.6,MT5 economic calendar (broker time UTC+3)
2026-09-04 15:30,2026-09-04,CAD,Part-Time Employment Change,JOBS,LOW,Y,-5.8,0.0,36.6,MT5 economic calendar (broker time UTC+3)
2026-09-04 15:30,2026-09-04,CAD,Participation Rate,JOBS,LOW,Y,65.0,65.0,65.1,MT5 economic calendar (broker time UTC+3)
2026-09-04 15:30,2026-09-04,CAD,Unemployment Rate,JOBS,MODERATE,Y,6.4,6.4,6.4,MT5 economic calendar (broker time UTC+3)
2026-09-04 15:30,2026-09-04,USD,Average Hourly Earnings m/m,JOBS,HIGH,Y,0.3,0.2,0.1,MT5 economic calendar (broker time UTC+3)
2026-09-04 15:30,2026-09-04,USD,Average Hourly Earnings y/y,JOBS,MODERATE,Y,3.1,3.4,3.2,MT5 economic calendar (broker time UTC+3)
2026-09-04 15:30,2026-09-04,USD,Average Weekly Hours,JOBS,LOW,Y,34.4,34.3,34.3,MT5 economic calendar (broker time UTC+3)
2026-09-04 15:30,2026-09-04,USD,Government Payrolls,JOBS,LOW,Y,35.0,3.0,-53.0,MT5 economic calendar (broker time UTC+3)
2026-09-04 15:30,2026-09-04,USD,Manufacturing Payrolls,JOBS,LOW,Y,16.0,-3.0,5.0,MT5 economic calendar (broker time UTC+3)
2026-09-04 15:30,2026-09-04,USD,Nonfarm Payrolls,JOBS,HIGH,Y,162.0,41.0,-23.0,MT5 economic calendar (broker time UTC+3)
2026-09-04 15:30,2026-09-04,USD,Participation Rate,JOBS,MODERATE,Y,61.6,61.4,61.4,MT5 economic calendar (broker time UTC+3)
2026-09-04 15:30,2026-09-04,USD,Private Nonfarm Payrolls,JOBS,MODERATE,Y,127.0,48.0,30.0,MT5 economic calendar (broker time UTC+3)
2026-09-04 15:30,2026-09-04,USD,U6 Unemployment Rate,JOBS,MODERATE,Y,7.7,7.6,7.9,MT5 economic calendar (broker time UTC+3)
2026-09-04 15:30,2026-09-04,USD,Unemployment Rate,JOBS,HIGH,Y,4.1,4.1,4.1,MT5 economic calendar (broker time UTC+3)
2026-09-04 17:00,2026-09-04,CAD,Ivey PMI,BUSINESS,MODERATE,Y,64.3,51.5,55.1,MT5 economic calendar (broker time UTC+3)
2026-09-04 17:00,2026-09-04,CAD,Ivey PMI n.s.a.,BUSINESS,MODERATE,Y,62.7,0.0,54.1,MT5 economic calendar (broker time UTC+3)
2026-09-04 20:00,2026-09-04,USD,Baker Hughes US Oil Rig Count,BUSINESS,MODERATE,Y,449.0,0.0,447.0,MT5 economic calendar (broker time UTC+3)
2026-09-04 20:00,2026-09-04,USD,Baker Hughes US Total Rig Count,BUSINESS,MODERATE,Y,588.0,0.0,588.0,MT5 economic calendar (broker time UTC+3)
2026-09-04 21:00,2026-09-04,BRL,Trade Balance,TRADE,LOW,Y,7.394,4.419,7.067,MT5 economic calendar (broker time UTC+3)
2026-09-04 22:30,2026-09-04,AUD,CFTC AUD Non-Commercial Net Positions,MARKET,MODERATE,Y,-39.4,0.0,-44.5,MT5 economic calendar (broker time UTC+3)
2026-09-04 22:30,2026-09-04,BRL,CFTC BRL Non-Commercial Net Positions,MARKET,MODERATE,Y,72.8,0.0,67.9,MT5 economic calendar (broker time UTC+3)
2026-09-04 22:30,2026-09-04,CAD,CFTC CAD Non-Commercial Net Positions,MARKET,LOW,Y,-108.1,0.0,-121.5,MT5 economic calendar (broker time UTC+3)
2026-09-04 22:30,2026-09-04,CHF,CFTC CHF Non-Commercial Net Positions,MARKET,LOW,Y,-22.9,0.0,-19.9,MT5 economic calendar (broker time UTC+3)
2026-09-04 22:30,2026-09-04,EUR,CFTC EUR Non-Commercial Net Positions,MARKET,MODERATE,Y,-24.9,0.0,-36.4,MT5 economic calendar (broker time UTC+3)
2026-09-04 22:30,2026-09-04,GBP,CFTC GBP Non-Commercial Net Positions,MARKET,MODERATE,Y,-49.6,0.0,-44.5,MT5 economic calendar (broker time UTC+3)
2026-09-04 22:30,2026-09-04,JPY,CFTC JPY Non-Commercial Net Positions,MARKET,MODERATE,Y,-92.2,0.0,-63.3,MT5 economic calendar (broker time UTC+3)
2026-09-04 22:30,2026-09-04,MXN,CFTC MXN Non-Commercial Net Positions,MARKET,LOW,Y,93.2,0.0,82.4,MT5 economic calendar (broker time UTC+3)
2026-09-04 22:30,2026-09-04,NZD,CFTC NZD Non-Commercial Net Positions,MARKET,LOW,Y,-8.0,0.0,-14.2,MT5 economic calendar (broker time UTC+3)
2026-09-04 22:30,2026-09-04,USD,CFTC Aluminium Non-Commercial Net Positions,MARKET,LOW,Y,-0.2,0.0,0.0,MT5 economic calendar (broker time UTC+3)
2026-09-04 22:30,2026-09-04,USD,CFTC Copper Non-Commercial Net Positions,MARKET,LOW,Y,80.9,0.0,85.3,MT5 economic calendar (broker time UTC+3)
2026-09-04 22:30,2026-09-04,USD,CFTC Corn Non-Commercial Net Positions,MARKET,LOW,Y,536.7,0.0,440.9,MT5 economic calendar (broker time UTC+3)
2026-09-04 22:30,2026-09-04,USD,CFTC Crude Oil Non-Commercial Net Positions,MARKET,MODERATE,Y,129.9,0.0,123.4,MT5 economic calendar (broker time UTC+3)
2026-09-04 22:30,2026-09-04,USD,CFTC Gold Non-Commercial Net Positions,MARKET,MODERATE,Y,228.1,0.0,243.3,MT5 economic calendar (broker time UTC+3)
2026-09-04 22:30,2026-09-04,USD,CFTC Nasdaq 100 Non-Commercial Net Positions,MARKET,MODERATE,Y,25.9,0.0,10.0,MT5 economic calendar (broker time UTC+3)
2026-09-04 22:30,2026-09-04,USD,CFTC Natural Gas Non-Commercial Net Positions,MARKET,LOW,Y,-208.9,0.0,-197.9,MT5 economic calendar (broker time UTC+3)
2026-09-04 22:30,2026-09-04,USD,CFTC S&P 500 Non-Commercial Net Positions,MARKET,MODERATE,Y,-75.9,0.0,-68.0,MT5 economic calendar (broker time UTC+3)
2026-09-04 22:30,2026-09-04,USD,CFTC Silver Non-Commercial Net Positions,MARKET,LOW,Y,26.7,0.0,25.3,MT5 economic calendar (broker time UTC+3)
2026-09-04 22:30,2026-09-04,USD,CFTC Soybeans Non-Commercial Net Positions,MARKET,LOW,Y,248.0,0.0,221.4,MT5 economic calendar (broker time UTC+3)
2026-09-04 22:30,2026-09-04,USD,CFTC Wheat Non-Commercial Net Positions,MARKET,LOW,Y,24.7,0.0,-6.8,MT5 economic calendar (broker time UTC+3)
2026-09-04 22:30,2026-09-04,ZAR,CFTC ZAR Non-Commercial Net Positions,MARKET,LOW,Y,11.9,0.0,11.9,MT5 economic calendar (broker time UTC+3)
